time,vn5y_yield,vn5y_yield_diff
2016-12-08,4.871830972014746,0.0020841793279542
2016-12-09,4.96946767527079,0.0976367032560441
2016-12-12,5.079738810669978,0.1102711353991878
2016-12-13,5.069146927900709,-0.010591882769269
2016-12-14,5.3571508717910605,0.2880039438903514
2016-12-15,5.1540771136210966,-0.2030737581699639
2016-12-16,5.221295653201758,0.0672185395806614
2016-12-19,5.254120216459883,0.0328245632581252
2016-12-20,5.185742298013079,-0.0683779184468038
2016-12-21,5.234926420584294,0.0491841225712148
2016-12-22,5.230668461174194,-0.0042579594101006
2016-12-23,5.269696597651009,0.0390281364768156
2016-12-26,5.269696597651009,0.0390281364768156
2016-12-27,5.069972250051388,-0.1997243475996208
2016-12-28,5.239314301546882,0.1693420514954935
2016-12-29,5.1204549139366105,-0.1188593876102714
2016-12-30,5.126739471912963,0.0062845579763521
2017-01-03,5.078077780202783,-0.0486616917101798
2017-01-04,5.289353679432145,0.2112758992293626
2017-01-05,4.839430234045871,-0.4499234453862746
2017-01-06,5.238739397446961,0.3993091634010905
2017-01-09,4.993559450107025,-0.2451799473399365
2017-01-10,5.221992669522764,0.2284332194157388
2017-01-11,5.186830653038754,-0.0351620164840094
2017-01-12,5.161803576705637,-0.0250270763331172
2017-01-13,5.166693339205673,0.0048897625000359
2017-01-16,5.166693339205673,0.0048897625000359
2017-01-17,5.262064574760844,0.095371235555171
2017-01-18,5.042474104484501,-0.2195904702763425
2017-01-19,5.118355923928994,0.0758818194444925
2017-01-20,5.123384646493768,0.0050287225647736
2017-01-23,5.221958144373488,0.0985734978797205
2017-01-24,5.071973409476637,-0.1499847348968508
2017-01-25,5.359429632714004,0.2874562232373669
2017-02-02,5.2827565196429145,0.2002928048905801
2017-02-03,5.341772122462244,0.0590156028193291
2017-02-06,5.278683474905851,-0.0630886475563929
2017-02-07,5.100363502448083,-0.1783199724577677
2017-02-08,5.159973683315845,0.0596101808677618
2017-02-09,5.177841786117586,0.0178681028017413
2017-02-10,5.26458684070585,0.0867450545882642
2017-02-13,5.269003811435173,0.0044169707293226
2017-02-14,5.273600360830469,0.0045965493952957
2017-02-15,5.114763524207268,-0.1588368366232009
2017-02-16,5.235935246159852,0.1211717219525843
2017-02-17,5.242646026316747,0.0067107801568946
2017-02-20,5.242646026316747,0.0067107801568946
2017-02-21,5.168015774893548,-0.0746302514231986
2017-02-22,5.205478938249199,0.0374631633556505
2017-02-23,5.076346087553998,-0.1291328506952007
2017-02-24,5.106998211170549,0.0306521236165515
2017-02-27,5.2455037177651445,0.138505506594595
2017-02-28,5.396598333160455,0.1510946153953103
2017-03-01,5.195163951149629,-0.2014343820108255
2017-03-02,5.3237466308030985,0.1285826796534692
2017-03-03,5.236672578004639,-0.0870740527984592
2017-03-06,5.329204061696947,0.0925314836923076
2017-03-07,5.336694329184368,0.0074902674874213
2017-03-08,5.486928971586506,0.1502346424021379
2017-03-09,5.550588643638909,0.0636596720524025
2017-03-10,5.456959878385709,-0.0936287652531993
2017-03-13,5.458694425228959,0.0017345468432496
2017-03-14,5.579219786735342,0.1205253615063828
2017-03-15,5.394944747644473,-0.1842750390908687
2017-03-16,5.545965796135375,0.151021048490902
2017-03-17,5.213236928128087,-0.3327288680072886
2017-03-20,5.53011842113828,0.3168814930101931
2017-03-21,5.256391807142906,-0.2737266139953735
2017-03-22,5.172729418610874,-0.0836623885320317
2017-03-23,5.302060523796803,0.1293311051859289
2017-03-24,5.175293308206348,-0.1267672155904549
2017-03-27,5.324645725885314,0.1493524176789655
2017-03-28,5.260536344355497,-0.0641093815298168
2017-03-29,5.3155453989091495,0.0550090545536523
2017-03-30,5.222045068492507,-0.0935003304166421
2017-03-31,5.280464034998359,0.0584189665058518
2017-04-03,5.269288865571087,-0.0111751694272719
2017-04-04,5.243604326413745,-0.0256845391573419
2017-04-05,5.431409013616849,0.187804687203104
2017-04-07,5.3141029381453695,-0.0054910690325158
2017-04-10,5.098763913304306,-0.2153390248410636
2017-04-11,5.261873053866508,0.1631091405622022
2017-04-12,5.348263529926166,0.0863904760596581
2017-04-13,5.094205045801736,-0.25405848412443
2017-04-14,5.094205045801736,-0.25405848412443
2017-04-17,5.165876237035917,0.0716711912341807
2017-04-18,4.812603654698104,-0.3532725823378131
2017-04-19,5.016037532521388,0.2034338778232838
2017-04-20,4.973574893348637,-0.0424626391727507
2017-04-21,5.190725610409914,0.2171507170612772
2017-04-24,5.203580332530933,0.0128547221210189
2017-04-25,5.264267595254172,0.0606872627232393
2017-04-26,5.217354915909539,-0.0469126793446337
2017-04-27,5.350119730130634,0.1327648142210948
2017-04-28,5.113036490274697,-0.2370832398559361
2017-05-03,5.251436057913731,-0.062604418562004
2017-05-04,5.3092234460208125,0.0577873881070818
2017-05-05,5.233676518825671,-0.0755469271951412
2017-05-08,5.308522524394796,0.0748460055691246
2017-05-09,5.446643146377499,0.1381206219827033
2017-05-10,5.181603494023943,-0.2650396523535567
2017-05-11,5.355441591430166,0.1738380974062234
2017-05-12,5.249470525064522,-0.1059710663656439
2017-05-15,5.305461719034154,0.055991193969632
2017-05-16,5.4823632899831685,0.1769015709490142
2017-05-17,5.148887578642251,-0.3334757113409177
2017-05-18,5.36094542805985,0.2120578494175991
2017-05-19,5.335448289799391,-0.0254971382604587
2017-05-22,5.238768673005597,-0.0966796167937937
2017-05-23,5.276803142728718,0.0380344697231205
2017-05-24,5.268481076703221,-0.0083220660254967
2017-05-25,5.158057123682718,-0.1104239530205033
2017-05-26,5.299426147537864,0.1413690238551463
2017-05-29,5.299426147537864,0.1413690238551463
2017-05-30,5.143591901832885,-0.1558342457049795
2017-05-31,5.188506633951494,0.0449147321186096
2017-06-01,4.987357777179389,-0.2011488567721056
2017-06-02,5.063598416144698,0.0762406389653094
2017-06-05,5.227360265508287,0.1637618493635892
2017-06-06,5.027378609859696,-0.1999816556485916
2017-06-07,5.20494653307618,0.1775679232164844
2017-06-08,5.137602841626504,-0.0673436914496763
2017-06-09,5.293067179025787,0.155464337399283
2017-06-12,5.334523630110867,0.0414564510850805
2017-06-13,5.221119004556389,-0.1134046255544785
2017-06-14,5.133447451504192,-0.0876715530521972
2017-06-15,5.163505727193693,0.0300582756895009
2017-06-16,5.152796010154279,-0.0107097170394139
2017-06-19,5.307534591541673,0.1547385813873942
2017-06-20,5.4022340781805385,0.0946994866388655
2017-06-21,5.020730094961049,-0.3815039832194893
2017-06-22,5.049527922967314,0.0287978280062644
2017-06-23,5.2799009924501625,0.2303730694828489
2017-06-26,5.022535539876804,-0.2573654525733584
2017-06-27,5.060689289827062,0.0381537499502577
2017-06-28,5.432507959797613,0.3718186699705512
2017-06-29,5.239572312861091,-0.1929356469365224
2017-06-30,5.276964326691615,0.0373920138305239
2017-07-03,5.295024723704904,0.018060397013289
2017-07-04,5.295024723704904,0.018060397013289
2017-07-05,5.391920985087815,0.0968962613829109
2017-07-06,5.256305694708672,-0.1356152903791425
2017-07-07,5.569833681660424,0.313527986951752
2017-07-10,5.445428671087493,-0.1244050105729313
2017-07-11,5.355623156038705,-0.0898055150487877
2017-07-12,5.270261857006071,-0.085361299032634
2017-07-13,5.3568377385553,0.086575881549229
2017-07-14,5.420938645769576,0.0641009072142759
2017-07-17,5.567765879221447,0.1468272334518712
2017-07-18,5.41032867442705,-0.1574372047943972
2017-07-19,5.365122541399932,-0.0452061330271176
2017-07-20,5.265468008557745,-0.0996545328421874
2017-07-21,5.349695456599783,0.0842274480420384
2017-07-24,5.213035784258126,-0.1366596723416577
2017-07-25,5.352047902966211,0.1390121187080852
2017-07-26,5.391062631125362,0.0390147281591515
2017-07-27,5.361754470520202,-0.0293081606051606
2017-07-28,5.2126429714498,-0.1491114990704014
2017-07-31,5.127820971357025,-0.0848220000927755
2017-08-01,5.289185049477269,0.1613640781202443
2017-08-02,5.2623875433249285,-0.0267975061523406
2017-08-03,5.306762380380602,0.0443748370556731
2017-08-04,5.257343470562225,-0.0494189098183763
2017-08-07,5.20233880204581,-0.0550046685164149
2017-08-08,5.370386800826583,0.1680479987807723
2017-08-09,5.321268873853608,-0.0491179269729746
2017-08-10,4.980316192924258,-0.3409526809293499
2017-08-11,5.014874089223475,0.0345578962992165
2017-08-14,5.208271660783022,0.1933975715595473
2017-08-15,5.234219053081324,0.0259473922983017
2017-08-16,5.180451609434643,-0.0537674436466808
2017-08-17,5.252903097213568,0.0724514877789248
2017-08-18,5.365372584060808,0.1124694868472406
2017-08-21,5.044943779585945,-0.3204288044748633
2017-08-22,5.174555643552835,0.1296118639668897
2017-08-23,5.132941705476935,-0.0416139380758995
2017-08-24,5.177135085599326,0.0441933801223903
2017-08-25,5.007321340346736,-0.1698137452525898
2017-08-28,5.16446188536626,0.1571405450195238
2017-08-29,5.096376700225018,-0.0680851851412418
2017-08-30,5.3015385373730375,0.2051618371480197
2017-08-31,5.112026412278885,-0.1895121250941525
2017-09-01,5.03734390510268,-0.0746825071762051
2017-09-05,4.868487333131048,-0.1688565719716317
2017-09-06,5.044169893957228,0.1756825608261802
2017-09-07,4.929716333691233,-0.1144535602659955
2017-09-08,4.959986715291265,0.0302703816000322
2017-09-11,5.098547277387801,0.1385605620965355
2017-09-12,5.131068273825308,0.0325209964375075
2017-09-13,5.148497276740702,0.017429002915394
2017-09-14,5.26783096495621,0.1193336882155078
2017-09-15,5.171854386850329,-0.0959765781058807
2017-09-18,5.426818357898543,0.2549639710482134
2017-09-19,5.182972443088515,-0.243845914810028
2017-09-20,5.157475547196668,-0.0254968958918464
2017-09-21,5.046740165636281,-0.1107353815603868
2017-09-22,5.046254659606467,-0.0004855060298147
2017-09-25,5.223574039413281,0.1773193798068142
2017-09-26,5.203945298226732,-0.0196287411865485
2017-09-27,5.207200588878414,0.0032552906516816
2017-09-28,5.190810335747075,-0.0163902531313384
2017-09-29,5.138525023607599,-0.0522853121394764
2017-10-02,5.218645871310571,0.0801208477029717
2017-10-03,5.241589119207905,0.0229432478973343
2017-10-04,5.0203892961612215,-0.2211998230466836
2017-10-05,5.3115558137902,0.2911665176289784
2017-10-06,5.053151830520623,-0.2584039832695772
2017-10-09,5.277375370444682,0.2242235399240595
2017-10-10,5.2199705503314,-0.0574048201132821
2017-10-11,5.2503727239854,0.0304021736540001
2017-10-12,5.131002670689102,-0.119370053296298
2017-10-13,5.318850435201454,0.1878477645123517
2017-10-16,5.244924891837673,-0.0739255433637806
2017-10-17,5.22423390815456,-0.0206909836831128
2017-10-18,5.180338822678426,-0.0438950854761346
2017-10-19,5.169211340102445,-0.011127482575981
2017-10-20,5.321775233596817,0.1525638934943725
2017-10-23,5.35486786836765,0.0330926347708331
2017-10-24,5.391054903244301,0.0361870348766508
2017-10-25,5.280762886850484,-0.1102920163938172
2017-10-26,5.295401627840105,0.0146387409896213
2017-10-27,5.295135791773548,-0.000265836066557
2017-10-30,5.174112396844857,-0.1210233949286916
2017-10-31,5.1315938113560815,-0.042518585488775
2017-11-01,5.215363345240957,0.0837695338848751
2017-11-02,5.213214499845588,-0.0021488453953688
2017-11-03,5.210385667849659,-0.002828831995929
2017-11-06,5.1235631451309125,-0.0868225227187462
2017-11-07,5.048383145192062,-0.0751799999388502
2017-11-08,5.178153410697982,0.12977026550592
2017-11-09,5.17033593489397,-0.0078174758040123
2017-11-10,5.103310862677775,-0.0670250722161949
2017-11-13,5.28604834638329,0.1827374837055151
2017-11-14,5.244069100648682,-0.0419792457346082
2017-11-15,5.113791450400576,-0.1302776502481055
2017-11-16,5.014417750298152,-0.0993737001024239
2017-11-17,5.007264026094028,-0.0071537242041239
2017-11-20,5.185931561543935,0.1786675354499065
2017-11-21,5.076722899639401,-0.1092086619045336
2017-11-22,5.05661156191426,-0.0201113377251411
2017-11-23,5.05661156191426,-0.0201113377251411
2017-11-24,4.98486172749731,-0.0717498344169502
2017-11-27,5.163779519891719,0.1789177923944089
2017-11-28,4.897952015695205,-0.2658275041965137
2017-11-29,5.116016231846425,0.2180642161512196
2017-11-30,5.192930885176316,0.076914653329891
2017-12-01,5.159208835498143,-0.0337220496781727
2017-12-04,5.1588208689783865,-0.0003879665197565
2017-12-05,4.961199683958869,-0.1976211850195177
2017-12-06,5.011437979003969,0.0502382950451005
2017-12-07,5.019746154101684,0.0083081750977145
2017-12-08,4.9794801824710895,-0.0402659716305944
2017-12-11,4.918131315760756,-0.0613488667103334
2017-12-12,5.155465096420983,0.2373337806602267
2017-12-13,5.166993579498181,0.011528483077198
2017-12-14,4.984300769232483,-0.1826928102656975
2017-12-15,5.122488373035331,0.138187603802848
2017-12-18,5.131860829846033,0.009372456810702
2017-12-19,5.054129868630251,-0.0777309612157823
2017-12-20,5.162433995116858,0.1083041264866073
2017-12-21,5.157352211480069,-0.0050817836367889
2017-12-22,5.226409775297523,0.0690575638174539
2017-12-25,5.226409775297523,0.0690575638174539
2017-12-26,5.140746218293979,-0.085663557003544
2017-12-27,4.897747246609558,-0.2429989716844209
2017-12-28,5.268376779705575,0.3706295330960163
2017-12-29,5.0924215958352415,-0.1759551838703332
2018-01-02,5.009316701509953,-0.0831048943252881
2018-01-03,4.932207224962549,-0.0771094765474043
2018-01-04,4.999983186768022,0.0677759618054727
2018-01-05,5.070251631372258,0.0702684446042365
2018-01-08,5.036555350401235,-0.0336962809710232
2018-01-09,5.118094912267457,0.0815395618662222
2018-01-10,5.062815844391755,-0.055279067875702
2018-01-11,5.196439013021535,0.1336231686297795
2018-01-12,5.052169255366932,-0.1442697576546026
2018-01-15,5.052169255366932,-0.1442697576546026
2018-01-16,5.198002666790554,0.1458334114236219
2018-01-17,5.241092623827914,0.0430899570373597
2018-01-18,5.050929401997063,-0.1901632218308506
2018-01-19,5.17513643185894,0.1242070298618767
2018-01-22,5.336372643136214,0.1612362112772745
2018-01-23,5.215289251970805,-0.121083391165409
2018-01-24,5.31119191498374,0.0959026630129349
2018-01-25,5.294977362718821,-0.0162145522649197
2018-01-26,5.109954428102183,-0.1850229346166374
2018-01-29,5.211057862870636,0.1011034347684525
2018-01-30,5.30564072630176,0.0945828634311247
2018-01-31,5.237366679114956,-0.0682740471868044
2018-02-01,5.3467692503577,0.109402571242744
2018-02-02,5.535983648739254,0.1892143983815541
2018-02-05,5.304261451365939,-0.2317221973733154
2018-02-06,5.315075513005142,0.0108140616392029
2018-02-07,5.35145216273539,0.036376649730248
2018-02-08,5.160394390743036,-0.1910577719923534
2018-02-09,5.255185876877762,0.0947914861347261
2018-02-12,5.340532072563748,0.085346195685986
2018-02-13,5.293790383281518,-0.0467416892822303
2018-02-21,5.3651090441598885,-0.1142313673347557
2018-02-22,5.416851059335247,0.0517420151753587
2018-02-23,5.2959864284081934,-0.1208646309270538
2018-02-26,5.183767059699763,-0.1122193687084305
2018-02-27,5.284282880628908,0.1005158209291448
2018-02-28,5.15239382679587,-0.1318890538330377
2018-03-01,5.329601151299423,0.177207324503553
2018-03-02,5.432702919418539,0.1031017681191155
2018-03-05,5.406742070433833,-0.0259608489847051
2018-03-06,5.276214178430603,-0.1305278920032302
2018-03-07,5.378379556755254,0.102165378324651
2018-03-08,5.091118059808702,-0.2872614969465523
2018-03-09,5.412492984957784,0.3213749251490823
2018-03-12,5.466272181712851,0.0537791967550669
2018-03-13,5.320727167631412,-0.1455450140814393
2018-03-14,5.167348113617207,-0.1533790540142048
2018-03-15,5.305806018750811,0.1384579051336043
2018-03-16,5.245111491118024,-0.060694527632787
2018-03-19,5.127450732181444,-0.1176607589365801
2018-03-20,5.124844009982738,-0.0026067221987062
2018-03-21,5.260707020571191,0.1358630105884533
2018-03-22,5.206338161940753,-0.054368858630438
2018-03-23,4.939308832981489,-0.2670293289592642
2018-03-26,5.496540927985475,0.557232095003986
2018-03-27,5.099243696785583,-0.3972972311998912
2018-03-28,5.257570765133565,0.1583270683479813
2018-03-29,5.091684700556044,-0.1658860645775206
2018-03-30,5.091684700556044,-0.1658860645775206
2018-04-02,5.202176586217727,0.1104918856616832
2018-04-03,5.3443195486428525,0.1421429624251251
2018-04-04,5.06717445126132,-0.2771450973815321
2018-04-05,5.126816451216106,0.0596419999547856
2018-04-06,5.158950418389869,0.0321339671737632
2018-04-09,5.203750497360281,0.0448000789704119
2018-04-10,5.133837457017616,-0.0699130403426648
2018-04-11,5.084157274645408,-0.0496801823722083
2018-04-12,4.999907111161981,-0.0842501634834267
2018-04-13,5.139173740521601,0.1392666293596196
2018-04-16,5.025842924236019,-0.1133308162855817
2018-04-17,5.106471920071044,0.080628995835025
2018-04-18,5.27593606298051,0.1694641429094661
2018-04-19,5.235613545651633,-0.0403225173288772
2018-04-20,5.264585015384016,0.028971469732383
2018-04-23,5.092097882574197,-0.1724871328098194
2018-04-24,5.300742553647492,0.2086446710732952
2018-04-26,5.056370720462432,-0.1793586617019897
2018-04-27,5.345872274913488,0.2895015544510562
2018-05-02,5.254805679178497,0.026932031006253
2018-05-03,5.311183757015839,0.0563780778373423
2018-05-04,5.103589714156941,-0.207594042858898
2018-05-07,5.326663390060854,0.2230736759039127
2018-05-08,5.191156941896326,-0.135506448164528
2018-05-09,5.146011422761618,-0.0451455191347074
2018-05-10,5.200281789668058,0.0542703669064401
2018-05-11,5.121522686144516,-0.0787591035235424
2018-05-14,5.194828765621743,0.0733060794772271
2018-05-15,5.436564660225475,0.2417358946037318
2018-05-16,5.107923290519368,-0.3286413697061068
2018-05-17,5.313597802837517,0.2056745123181489
2018-05-18,5.25936887104044,-0.0542289317970769
2018-05-21,5.2235744534797615,-0.0357944175606785
2018-05-22,5.204607294927914,-0.0189671585518471
2018-05-23,5.253388163775537,0.048780868847623
2018-05-24,5.098891633316958,-0.1544965304585792
2018-05-25,4.816220458387133,-0.2826711749298249
2018-05-28,4.816220458387133,-0.2826711749298249
2018-05-29,4.787938185051919,-0.0282822733352139
2018-05-30,4.978168622839902,0.1902304377879824
2018-05-31,5.075982656488152,0.09781403364825
2018-06-01,5.110186195054503,0.0342035385663512
2018-06-04,4.8772514917499965,-0.2329347033045063
2018-06-05,5.12686660459034,0.2496151128403436
2018-06-06,5.134682867687086,0.0078162630967462
2018-06-07,5.025599123571787,-0.1090837441152992
2018-06-08,5.027859559636582,0.0022604360647946
2018-06-11,5.153985724058101,0.1261261644215192
2018-06-12,5.121115613008111,-0.0328701110499904
2018-06-13,5.00751555758038,-0.1136000554277307
2018-06-14,4.965314229889222,-0.0422013276911581
2018-06-15,5.0599395097643285,0.0946252798751068
2018-06-18,5.232838968152155,0.1728994583878265
2018-06-19,5.116370197499191,-0.1164687706529639
2018-06-20,5.102559326214478,-0.0138108712847131
2018-06-21,4.902220479607388,-0.2003388466070896
2018-06-22,4.927352904888513,0.0251324252811251
2018-06-25,5.0468412090043335,0.1194883041158201
2018-06-26,5.062658431455137,0.0158172224508037
2018-06-27,4.84576719997042,-0.2168912314847171
2018-06-28,4.926885523261796,0.0811183232913759
2018-06-29,4.85891889613055,-0.0679666271312458
2018-07-02,4.8988530798175605,0.0399341836870101
2018-07-03,5.026561869476042,0.1277087896584818
2018-07-04,5.026561869476042,0.1277087896584818
2018-07-05,4.8968494213968805,-0.1297124480791618
2018-07-06,4.820463533346979,-0.0763858880499013
2018-07-09,4.79119131612187,-0.0292722172251087
2018-07-10,4.935308516352429,0.1441172002305588
2018-07-11,4.885380968565807,-0.0499275477866225
2018-07-12,5.069228862991226,0.1838478944254191
2018-07-13,4.814922381419379,-0.254306481571847
2018-07-16,4.828909889170323,0.0139875077509437
2018-07-17,4.990876374975214,0.161966485804891
2018-07-18,4.958576388563823,-0.0322999864113908
2018-07-19,4.905802930112124,-0.052773458451699
2018-07-20,4.968156637168216,0.0623537070560926
2018-07-23,4.973559798597376,0.0054031614291591
2018-07-24,5.0091193950987325,0.0355595965013568
2018-07-25,5.06262023574662,0.0535008406478878
2018-07-26,4.910961774633724,-0.1516584611128966
2018-07-27,5.0947414588066255,0.1837796841729018
2018-07-30,5.125770031170916,0.0310285723642902
2018-07-31,4.953939700830018,-0.1718303303408976
2018-08-01,5.332620201039237,0.378680500209219
2018-08-02,5.21267949479305,-0.1199407062461874
2018-08-03,4.818784338992833,-0.3938951558002168
2018-08-06,5.074237375198633,0.2554530362058003
2018-08-07,5.08068749790342,0.0064501227047868
2018-08-08,4.8934934507958845,-0.1871940471075355
2018-08-09,5.015517458404823,0.1220240076089389
2018-08-10,4.837315200164166,-0.178202258240657
2018-08-13,4.992341573257962,0.1550263730937953
2018-08-14,4.822080499007461,-0.1702610742505008
2018-08-15,4.775723459195028,-0.0463570398124328
2018-08-16,5.081009335513075,0.305285876318047
2018-08-17,4.896688216321472,-0.184321119191603
2018-08-20,4.9190375182978885,0.0223493019764164
2018-08-21,4.959932809077172,0.0408952907792832
2018-08-22,4.825655068533966,-0.1342777405432054
2018-08-23,4.793870112675914,-0.0317849558580523
2018-08-24,4.890567361862422,0.0966972491865076
2018-08-27,5.039184278276481,0.1486169164140589
2018-08-28,4.911097755767496,-0.1280865225089842
2018-08-29,4.937055002666202,0.0259572468987059
2018-08-30,4.851009172832912,-0.0860458298332904
2018-08-31,4.896112832508383,0.0451036596754708
2018-09-04,4.859687959973174,-0.0364248725352087
2018-09-05,4.945630634513021,0.0859426745398472
2018-09-06,4.98402952956978,0.0383988950567584
2018-09-07,5.091259722822926,0.1072301932531463
2018-09-10,5.036092406183587,-0.0551673166393387
2018-09-11,5.027381557736838,-0.008710848446749
2018-09-12,5.1644692325143335,0.1370876747774954
2018-09-13,4.960195715849461,-0.2042735166648723
2018-09-14,4.979124607951641,0.0189288921021795
2018-09-17,4.820581561174968,-0.158543046776673
2018-09-18,5.0825539982734815,0.2619724370985139
2018-09-19,5.152139351252614,0.0695853529791321
2018-09-20,5.191375035057875,0.0392356838052609
2018-09-21,5.058190961728245,-0.1331840733296294
2018-09-24,5.311590459565454,0.2533994978372087
2018-09-25,5.191581859647142,-0.1200085999183118
2018-09-26,4.955439899919834,-0.2361419597273082
2018-09-27,5.096295718260692,0.1408558183408583
2018-09-28,5.055522939706998,-0.0407727785536939
2018-10-01,5.214620484355031,0.1590975446480325
2018-10-02,5.061802407760942,-0.1528180765940892
2018-10-03,5.078893106539769,0.0170906987788272
2018-10-04,5.230163337720537,0.1512702311807681
2018-10-05,5.172473566741793,-0.0576897709787438
2018-10-08,5.059832640891603,-0.1126409258501901
2018-10-09,5.1258641456500245,0.0660315047584214
2018-10-10,5.24286751708844,0.1170033714384155
2018-10-11,5.081582386961138,-0.1612851301273021
2018-10-12,5.274993709155982,0.1934113221948443
2018-10-15,5.034951867108666,-0.240041842047316
2018-10-16,5.083311517377917,0.0483596502692504
2018-10-17,5.084242671017289,0.0009311536393727
2018-10-18,5.197575922200283,0.1133332511829934
2018-10-19,5.342862960048306,0.1452870378480231
2018-10-22,5.205304965659709,-0.1375579943885974
2018-10-23,5.154632211766699,-0.0506727538930098
2018-10-24,5.258451374513866,0.1038191627471674
2018-10-25,5.377648916339991,0.119197541826125
2018-10-26,5.12769180232161,-0.2499571140183816
2018-10-29,4.905682394703016,-0.2220094076185939
2018-10-30,4.997523662962295,0.0918412682592793
2018-10-31,5.2280283885961225,0.2305047256338275
2018-11-01,5.197247707139754,-0.0307806814563686
2018-11-02,5.017528958423393,-0.1797187487163611
2018-11-05,5.2707183965096105,0.2531894380862178
2018-11-06,5.297648209278545,0.0269298127689348
2018-11-07,5.09938609434391,-0.1982621149346348
2018-11-08,5.419920894911881,0.3205348005679704
2018-11-09,5.230236250928573,-0.1896846439833082
2018-11-12,5.267388987014464,0.0371527360858916
2018-11-13,5.1174079692183785,-0.1499810177960858
2018-11-14,5.319729322046627,0.2023213528282488
2018-11-15,5.383762842380723,0.064033520334096
2018-11-16,5.12590186299499,-0.2578609793857334
2018-11-19,5.243717939426622,0.117816076431632
2018-11-20,4.97372743071151,-0.2699905087151117
2018-11-21,5.105755109074095,0.1320276783625846
2018-11-22,5.105755109074095,0.1320276783625846
2018-11-23,5.001417780808017,-0.1043373282660775
2018-11-26,5.098168514108075,0.0967507333000572
2018-11-27,5.008615132888884,-0.0895533812191908
2018-11-28,5.061949176601512,0.0533340437126286
2018-11-29,5.150386119391344,0.0884369427898317
2018-11-30,4.900885385797625,-0.2495007335937193
2018-12-03,4.920344594664206,0.0194592088665812
2018-12-04,4.939252398920986,0.0189078042567798
2018-12-05,4.939252398920986,0.0189078042567798
2018-12-06,4.995595463885193,0.0563430649642073
2018-12-07,5.085671022471917,0.0900755585867241
2018-12-10,4.880657790232901,-0.2050132322390165
2018-12-11,4.93806856801338,0.057410777780479
2018-12-12,4.926830105469936,-0.011238462543444
2018-12-13,4.920005767273235,-0.0068243381967008
2018-12-14,4.9771436196255525,0.0571378523523176
2018-12-17,4.884217701455068,-0.0929259181704846
2018-12-18,4.981036143042733,0.0968184415876649
2018-12-19,4.837210716733578,-0.1438254263091547
2018-12-20,4.932402185246894,0.0951914685133159
2018-12-21,4.9849099085917,0.0525077233448056
2018-12-24,4.911283911076911,-0.0736259975147888
2018-12-25,4.911283911076911,-0.0736259975147888
2018-12-26,4.813322876662603,-0.0979610344143075
2018-12-27,4.881130855549487,0.0678079788868837
2018-12-28,4.903133722822005,0.0220028672725183
2019-01-02,4.912355035089382,0.1465306223249314
2019-01-03,4.644607829185821,-0.2677472059035608
2019-01-04,4.715409923228193,0.0708020940423717
2019-01-07,4.731683426611596,0.0162735033834033
2019-01-08,4.859247462363585,0.1275640357519885
2019-01-09,4.918721489014905,0.05947402665132
2019-01-10,4.831913950839912,-0.0868075381749928
2019-01-11,4.929626929541836,0.0977129787019244
2019-01-14,5.032625945743806,0.10299901620197
2019-01-15,4.760897874904101,-0.2717280708397052
2019-01-16,4.934573992656335,0.1736761177522341
2019-01-17,5.028984750872368,0.0944107582160329
2019-01-18,4.870323807890424,-0.1586609429819443
2019-01-21,4.870323807890424,-0.1586609429819443
2019-01-22,4.751274151960795,-0.1190496559296292
2019-01-23,4.963080378479754,0.2118062265189593
2019-01-24,4.905424567802975,-0.0576558106767786
2019-01-25,4.842018463542598,-0.0634061042603777
2019-01-28,4.956719172313286,0.1147007087706883
2019-01-29,4.910003106733109,-0.0467160655801768
2019-01-30,4.845462047129388,-0.0645410596037212
2019-01-31,4.864615687349636,0.0191536402202476
2019-02-01,4.837350205798803,-0.0272654815508328
2019-02-11,4.832660768086875,0.1219949384552716
2019-02-12,4.823838552254225,-0.0088222158326498
2019-02-13,4.917131653189982,0.0932931009357567
2019-02-14,4.735409822560565,-0.1817218306294163
2019-02-15,4.7471272405013245,0.0117174179407593
2019-02-18,4.7471272405013245,0.0117174179407593
2019-02-19,4.75143145746439,0.0043042169630655
2019-02-20,4.773906003910048,0.0224745464456574
2019-02-21,4.7987998356932255,0.0248938317831779
2019-02-22,4.875537861221822,0.0767380255285967
2019-02-25,5.093127800932209,0.2175899397103871
2019-02-26,4.958995994123549,-0.1341318068086607
2019-02-27,4.77381164568982,-0.1851843484337285
2019-02-28,5.082924254987695,0.3091126092978751
2019-03-01,5.071611098916891,-0.0113131560708037
2019-03-04,4.965007185289407,-0.1066039136274845
2019-03-05,4.869538832400303,-0.095468352889104
2019-03-06,5.116644745029499,0.2471059126291965
2019-03-07,4.806676345290782,-0.3099683997387172
2019-03-08,4.863830960907492,0.0571546156167102
2019-03-11,5.08759086854125,0.2237599076337577
2019-03-12,4.917978432559336,-0.1696124359819144
2019-03-13,4.96938377377595,0.051405341216614
2019-03-14,4.920273186041994,-0.0491105877339554
2019-03-15,4.872339301007622,-0.0479338850343724
2019-03-18,4.914175767865624,0.041836466858002
2019-03-19,5.051968124283165,0.1377923564175409
2019-03-20,4.847620229017728,-0.2043478952654362
2019-03-21,4.916650355030088,0.0690301260123593
2019-03-22,4.644984777330745,-0.2716655776993431
2019-03-25,4.795550777063743,0.150565999732998
2019-03-26,4.777758133963031,-0.0177926431007113
2019-03-27,4.719361431506346,-0.0583967024566849
2019-03-28,4.846158054834561,0.1267966233282145
2019-03-29,4.906725509439259,0.0605674546046977
2019-04-01,4.949590128929316,0.0428646194900572
2019-04-02,4.848831003767649,-0.1007591251616668
2019-04-03,4.897578239974999,0.0487472362073502
2019-04-04,4.897065026375838,-0.0005132135991612
2019-04-05,4.961085245576317,0.0640202192004792
2019-04-08,4.790218637191542,-0.1708666083847756
2019-04-09,4.712831112944793,-0.077387524246749
2019-04-10,4.970819430844161,0.2579883178993682
2019-04-11,4.738728422844426,-0.2320910079997347
2019-04-12,4.743576185757435,0.004847762913009
2019-04-16,4.930866392896497,-0.1653604069969523
2019-04-17,4.826600115737837,-0.1042662771586595
2019-04-18,5.078542583959245,0.251942468221408
2019-04-19,5.078542583959245,0.251942468221408
2019-04-22,4.997893829725575,-0.0806487542336702
2019-04-23,4.956315750510006,-0.0415780792155686
2019-04-24,4.925991043456449,-0.0303247070535572
2019-04-25,4.95966615185845,0.0336751084020008
2019-04-26,4.97380868002427,0.01414252816582
2019-05-02,4.764748497882492,-0.1941890930442031
2019-05-03,4.843777605481514,0.0790291075990223
2019-05-06,4.860939726325091,0.0171621208435768
2019-05-07,4.893489653180268,0.0325499268551769
2019-05-08,4.997243789923428,0.1037541367431602
2019-05-09,5.118115300666398,0.1208715107429698
2019-05-10,4.815050170878743,-0.3030651297876545
2019-05-13,4.919963997218901,0.1049138263401578
2019-05-14,4.964354901643391,0.0443909044244898
2019-05-15,4.977983804452724,0.0136289028093328
2019-05-16,4.887065745189759,-0.0909180592629654
2019-05-17,4.933228526016348,0.0461627808265898
2019-05-20,4.953578064126242,0.0203495381098939
2019-05-21,5.0075362022721785,0.0539581381459361
2019-05-22,4.972620919153718,-0.0349152831184609
2019-05-23,4.528285099744466,-0.4443358194092512
2019-05-24,4.829162486263892,0.3008773865194261
2019-05-27,4.829162486263892,0.3008773865194261
2019-05-28,4.833209585781068,0.0040470995171757
2019-05-29,4.614924276322233,-0.2182853094588352
2019-05-30,4.920380356467343,0.3054560801451105
2019-05-31,4.655088507013343,-0.265291849454
2019-06-03,4.750847959001563,0.0957594519882194
2019-06-04,4.572818201389449,-0.1780297576121139
2019-06-05,4.679229818917734,0.1064116175282849
2019-06-06,4.702445532559437,0.0232157136417034
2019-06-07,4.609502165218153,-0.0929433673412845
2019-06-10,4.64420050683842,0.0346983416202668
2019-06-11,4.772953347660396,0.128752840821976
2019-06-12,4.745146552849704,-0.0278067948106919
2019-06-13,4.655676357229538,-0.0894701956201657
2019-06-14,4.800143251643048,0.1444668944135099
2019-06-17,4.740048362485377,-0.0600948891576713
2019-06-18,4.635341334562808,-0.1047070279225685
2019-06-19,4.498299986108752,-0.1370413484540558
2019-06-20,4.72214305070006,0.2238430645913078
2019-06-21,4.70185930154785,-0.0202837491522105
2019-06-24,4.562677001924168,-0.1391822996236813
2019-06-25,4.459933451174976,-0.1027435507491922
2019-06-26,4.850984031638941,0.3910505804639648
2019-06-27,4.669201015196336,-0.1817830164426048
2019-06-28,4.569296937413472,-0.0999040777828641
2019-07-01,4.663439595165455,0.0941426577519832
2019-07-02,4.446564338966873,-0.2168752561985822
2019-07-03,4.715851472621596,0.2692871336547231
2019-07-04,4.715851472621596,0.2692871336547231
2019-07-05,4.736623165173663,0.0207716925520671
2019-07-08,4.791569955649383,0.0549467904757197
2019-07-09,4.559014086652538,-0.2325558689968447
2019-07-10,4.777877994735368,0.21886390808283
2019-07-11,4.770771633935089,-0.0071063608002788
2019-07-12,4.853262797829222,0.082491163894133
2019-07-15,4.798524081743166,-0.0547387160860566
2019-07-16,4.791258683922756,-0.0072653978204098
2019-07-17,4.682180800829089,-0.1090778830936667
2019-07-18,4.698792169832368,0.0166113690032787
2019-07-19,4.6276278870194085,-0.0711642828129592
2019-07-22,4.746877081211329,0.1192491941919202
2019-07-23,4.994300646551869,0.2474235653405401
2019-07-24,4.866377801026291,-0.1279228455255783
2019-07-25,4.903754842919,0.037377041892709
2019-07-26,4.852726844625012,-0.0510279982939874
2019-07-29,4.862462017245676,0.0097351726206635
2019-07-30,4.803492680646254,-0.0589693365994214
2019-07-31,4.670413926633656,-0.1330787540125984
2019-08-01,4.561370008081156,-0.1090439185524996
2019-08-02,4.72383535431585,0.1624653462346934
2019-08-05,4.438542494325535,-0.2852928599903146
2019-08-06,4.502386518252088,0.0638440239265527
2019-08-07,4.539033449931736,0.0366469316796482
2019-08-08,4.451861329394726,-0.0871721205370104
2019-08-09,4.560909090596184,0.1090477612014586
2019-08-12,4.319272755647626,-0.2416363349485584
2019-08-13,4.434956718994656,0.1156839633470303
2019-08-14,4.31863895495076,-0.1163177640438961
2019-08-15,4.390254201584687,0.071615246633927
2019-08-16,4.395136212610225,0.004882011025538
2019-08-19,4.453891478613613,0.0587552660033878
2019-08-20,4.3646459179937445,-0.0892455606198687
2019-08-21,4.439546832756067,0.0749009147623223
2019-08-22,4.362394687797023,-0.0771521449590437
2019-08-23,4.306527892646306,-0.0558667951507168
2019-08-26,4.439029746619484,0.1325018539731779
2019-08-27,4.306574276149254,-0.1324554704702301
2019-08-28,4.213529410049679,-0.093044866099575
2019-08-29,4.351525167859919,0.1379957578102404
2019-08-30,4.486361891885901,0.1348367240259813
2019-09-03,4.283815335800183,-0.2025465560857178
2019-09-04,4.30753345079806,0.0237181149978766
2019-09-05,4.491532666032768,0.1839992152347083
2019-09-06,4.517243609305251,0.0257109432724833
2019-09-09,4.518537942405473,0.0012943331002217
2019-09-10,4.52640675147517,0.0078688090696967
2019-09-11,4.683613035574899,0.157206284099729
2019-09-12,4.594534540411873,-0.0890784951630259
2019-09-13,4.983518462122438,0.3889839217105653
2019-09-16,4.636593906243222,-0.346924555879216
2019-09-17,4.770545461773326,0.1339515555301034
2019-09-18,4.579544316259479,-0.1910011455138462
2019-09-19,4.7891931438974265,0.2096488276379471
2019-09-20,4.402221462661819,-0.3869716812356074
2019-09-23,4.524808896413035,0.1225874337512156
2019-09-24,4.347341334910048,-0.1774675615029863
2019-09-25,4.515658978204154,0.168317643294106
2019-09-26,4.632633679268515,0.1169747010643611
2019-09-27,4.754698491661328,0.1220648123928125
2019-09-30,4.500514190211662,-0.2541843014496656
2019-10-01,4.525860044542308,0.0253458543306459
2019-10-02,4.619798004344046,0.093937959801738
2019-10-03,4.42391370815539,-0.1958842961886562
2019-10-04,4.446981314278461,0.023067606123071
2019-10-07,4.270624659085227,-0.176356655193234
2019-10-08,4.5145456789829845,0.2439210198977575
2019-10-09,4.394337473183683,-0.1202082057993019
2019-10-10,4.567284960293439,0.1729474871097567
2019-10-11,4.678276223273225,0.1109912629797857
2019-10-14,4.5449104097178665,-0.1333658135553586
2019-10-15,4.803921821726845,0.2590114120089781
2019-10-16,4.724237975194549,-0.0796838465322959
2019-10-17,4.716229073599754,-0.0080089015947946
2019-10-18,4.725311790871673,0.0090827172719185
2019-10-21,4.640393083450185,-0.0849187074214876
2019-10-22,4.540067165392572,-0.1003259180576128
2019-10-23,4.84996247506894,0.3098953096763681
2019-10-24,4.783316609838948,-0.0666458652299919
2019-10-25,4.959566800755908,0.17625019091696
2019-10-28,4.792260045914558,-0.1673067548413502
2019-10-29,4.70970556498587,-0.082554480928688
2019-10-30,4.7112049741903705,0.0014994092045004
2019-10-31,4.595767335293304,-0.1154376388970668
2019-11-01,4.680839751876977,0.0850724165836736
2019-11-04,4.619114103878331,-0.0617256479986458
2019-11-05,4.68717992035975,0.0680658164814183
2019-11-06,4.766661623549998,0.0794817031902486
2019-11-07,4.936610035007087,0.1699484114570886
2019-11-08,4.877251371916021,-0.059358663091066
2019-11-11,5.0251602507481685,0.1479088788321476
2019-11-12,4.891148746221104,-0.1340115045270646
2019-11-13,4.801192108774281,-0.0899566374468232
2019-11-14,4.814734542019848,0.0135424332455675
2019-11-15,4.841623421321661,0.0268888793018131
2019-11-18,4.953944781902003,0.1123213605803412
2019-11-19,4.632001744195871,-0.3219430377061316
2019-11-20,4.80219634099819,0.170194596802319
2019-11-21,4.592429708900234,-0.2097666320979563
2019-11-22,4.539756626437504,-0.0526730824627295
2019-11-25,4.589609733064783,0.0498531066272791
2019-11-26,4.775078990223587,0.1854692571588039
2019-11-27,4.814832820786318,0.0397538305627307
2019-11-28,4.814832820786318,0.0397538305627307
2019-11-29,4.873703755442206,0.0588709346558875
2019-12-02,4.638638111583189,-0.2350656438590164
2019-12-03,4.609466505185462,-0.0291716063977274
2019-12-04,4.665878850411031,0.0564123452255689
2019-12-05,4.690811609287613,0.0249327588765826
2019-12-06,4.760235852974491,0.0694242436868775
2019-12-09,4.7386974472940935,-0.0215384056803973
2019-12-10,4.895649564074562,0.1569521167804684
2019-12-11,4.758208949258732,-0.13744061481583
2019-12-12,4.860995795442867,0.1027868461841352
2019-12-13,4.776355341666237,-0.0846404537766298
2019-12-16,4.93595632739594,0.1596009857297025
2019-12-17,4.939374603960481,0.0034182765645409
2019-12-18,5.018960135807498,0.0795855318470168
2019-12-19,4.94096031723981,-0.0779998185676875
2019-12-20,5.0062404616091545,0.0652801443693444
2019-12-23,5.117704628700637,0.1114641670914826
2019-12-24,4.918806223320127,-0.1988984053805103
2019-12-25,4.918806223320127,-0.1988984053805103
2019-12-26,4.8041829785727534,-0.1146232447473734
2019-12-27,4.718934286774281,-0.0852486917984727
2019-12-30,4.792827601301852,0.073893314527571
2019-12-31,4.924243598931461,0.1314159976296087
2020-01-02,5.060224761711317,0.1359811627798564
2020-01-03,4.7420528401268855,-0.3181719215844314
2020-01-06,4.997475869540072,0.255423029413186
2020-01-07,4.8345820934685815,-0.1628937760714901
2020-01-08,4.763326733101265,-0.0712553603673162
2020-01-09,4.773674428650764,0.0103476955494992
2020-01-10,4.786828046975417,0.0131536183246527
2020-01-13,4.848584382319327,0.0617563353439098
2020-01-14,4.778510591511735,-0.0700737908075916
2020-01-15,4.785822512580998,0.0073119210692622
2020-01-16,4.963314593539314,0.1774920809583164
2020-01-17,4.94031560374213,-0.022998989797184
2020-01-20,4.94031560374213,-0.022998989797184
2020-01-21,4.748763919739564,-0.1915516840025661
2020-01-22,4.5587247819030186,-0.1900391378365453
2020-01-30,4.538436131547558,0.0852801287899343
2020-01-31,4.53460384816648,-0.0038322833810777
2020-02-03,4.377966923570234,-0.1566369245962455
2020-02-04,4.530372111716816,0.1524051881465817
2020-02-05,4.520524689281789,-0.0098474224350271
2020-02-06,4.807832564727473,0.2873078754456841
2020-02-07,4.454683241876705,-0.3531493228507685
2020-02-10,4.466461666268177,0.0117784243914726
2020-02-11,4.589149315833205,0.1226876495650275
2020-02-12,4.559101397318149,-0.0300479185150557
2020-02-13,4.60098508628896,0.0418836889708105
2020-02-14,4.536939760241216,-0.0640453260477436
2020-02-17,4.536939760241216,-0.0640453260477436
2020-02-18,4.544321637644899,0.0073818774036826
2020-02-19,4.621196063170254,0.0768744255253555
2020-02-20,4.527347039376485,-0.0938490237937692
2020-02-21,4.516874960159705,-0.0104720792167798
2020-02-24,4.338413551203787,-0.1784614089559184
2020-02-25,4.295152396485829,-0.0432611547179577
2020-02-26,4.214972840768347,-0.080179555717482
2020-02-27,4.203788694364311,-0.0111841464040356
2020-02-28,4.017351998150347,-0.1864366962139643
2020-03-02,4.094162220485082,0.0768102223347346
2020-03-03,4.057715564214966,-0.0364466562701153
2020-03-04,4.00393804381482,-0.0537775204001462
2020-03-05,3.948233075462016,-0.0557049683528041
2020-03-06,3.661835815641676,-0.2863972598203399
2020-03-09,3.3920356374446694,-0.2698001781970065
2020-03-10,3.8149096680898937,0.4228740306452243
2020-03-11,3.778098102179341,-0.0368115659105527
2020-03-12,3.5776271396338,-0.2004709625455407
2020-03-13,3.8672521522623633,0.2896250126285631
2020-03-16,3.6146009790129736,-0.2526511732493897
2020-03-17,3.91396076348124,0.2993597844682663
2020-03-18,4.024509813551834,0.1105490500705941
2020-03-19,4.083172972735425,0.0586631591835908
2020-03-20,3.812200260060473,-0.2709727126749519
2020-03-23,3.8057097510634135,-0.0064905089970594
2020-03-24,3.5471297479142265,-0.2585800031491869
2020-03-25,3.888769552266511,0.3416398043522846
2020-03-26,3.684555498161212,-0.2042140541052992
2020-03-27,3.703241798602425,0.018686300441213
2020-03-30,3.48781063830416,-0.215431160298265
2020-03-31,3.6395760714011662,0.1517654330970064
2020-04-01,3.401487858082912,-0.238088213318254
2020-04-03,3.3968169564930992,-0.1751625818603965
2020-04-06,3.4092304069964587,0.0124134505033595
2020-04-07,3.654361143973819,0.2451307369773601
2020-04-08,3.703443301850456,0.0490821578766369
2020-04-09,3.5859273549807686,-0.1175159468696871
2020-04-10,3.5859273549807686,-0.1175159468696871
2020-04-13,3.697409904538808,0.1114825495580387
2020-04-14,3.78789771771461,0.0904878131758026
2020-04-15,3.613677184533091,-0.1742205331815189
2020-04-16,3.367582869762917,-0.2460943147701741
2020-04-17,3.3079378242459976,-0.0596450455169192
2020-04-20,3.422865318333528,0.1149274940875302
2020-04-21,3.3065195908635103,-0.1163457274700174
2020-04-22,3.589076933151473,0.2825573422879626
2020-04-23,3.415596010242698,-0.1734809229087748
2020-04-24,3.33345215583077,-0.0821438544119281
2020-04-27,3.605181696476708,0.2717295406459379
2020-04-28,3.4792611194014875,-0.1259205770752203
2020-04-29,3.416784996081267,-0.0624761233202204
2020-05-04,3.3211845733934244,-0.1909494708814691
2020-05-05,3.32703350350795,0.0058489301145256
2020-05-06,3.443505286894689,0.1164717833867388
2020-05-07,3.550413159762025,0.1069078728673362
2020-05-08,3.655754883505364,0.1053417237433387
2020-05-11,3.5249010254893216,-0.1308538580160423
2020-05-12,3.4218317046227367,-0.1030693208665849
2020-05-13,3.5161323454380886,0.0943006408153519
2020-05-14,3.5485698468445825,0.0324375014064939
2020-05-15,3.2602783380775544,-0.2882915087670281
2020-05-18,3.4906921535751225,0.2304138154975681
2020-05-19,3.556109611659862,0.0654174580847395
2020-05-20,3.5494812868843124,-0.0066283247755496
2020-05-21,3.406667670563499,-0.1428136163208133
2020-05-22,3.4615413340169985,0.0548736634534994
2020-05-25,3.4615413340169985,0.0548736634534994
2020-05-26,3.605187170920293,0.1436458369032944
2020-05-27,3.2008977706294326,-0.4042894002908603
2020-05-28,3.524903801315804,0.3240060306863714
2020-05-29,3.551394923664609,0.0264911223488049
2020-06-01,3.3427432607823007,-0.2086516628823083
2020-06-02,3.349284293319001,0.0065410325367003
2020-06-03,3.388398255446039,0.0391139621270379
2020-06-04,3.5480743625862514,0.1596761071402124
2020-06-05,3.694597294840848,0.1465229322545966
2020-06-08,3.516252044850416,-0.1783452499904321
2020-06-09,3.61187170466123,0.0956196598108141
2020-06-10,3.605985956632773,-0.005885748028457
2020-06-11,3.488155097650479,-0.1178308589822938
2020-06-12,3.611046322737513,0.1228912250870339
2020-06-15,3.4494609461782777,-0.1615853765592354
2020-06-16,3.4716299128273325,0.0221689666490547
2020-06-17,3.537355445723311,0.0657255328959784
2020-06-18,3.2708130626930845,-0.2665423830302265
2020-06-19,3.272597509397729,0.0017844467046446
2020-06-22,3.326085712743796,0.0534882033460668
2020-06-23,3.2650613933271546,-0.0610243194166413
2020-06-24,3.4303897930899336,0.165328399762779
2020-06-25,3.3556123971476937,-0.0747773959422399
2020-06-26,3.2434837240149115,-0.1121286731327821
2020-06-29,3.091173196684812,-0.1523105273300995
2020-06-30,3.200096808341776,0.108923611656964
2020-07-01,3.4736013705055337,0.2735045621637577
2020-07-02,3.505903174275121,0.0323018037695872
2020-07-03,3.505903174275121,0.0323018037695872
2020-07-06,3.496243950467021,-0.0096592238081001
2020-07-07,3.307053932940068,-0.1891900175269527
2020-07-08,3.159192568303002,-0.1478613646370661
2020-07-09,3.158277268689829,-0.0009152996131729
2020-07-10,3.3249203322135004,0.1666430635236713
2020-07-13,3.484137545885236,0.1592172136717353
2020-07-14,3.301176367340348,-0.1829611785448879
2020-07-15,3.2314647644906214,-0.0697116028497264
2020-07-16,3.223064944207057,-0.0083998202835644
2020-07-17,3.096684569399275,-0.1263803748077818
2020-07-20,3.0649353174838665,-0.0317492519154085
2020-07-21,3.1211138438937387,0.0561785264098722
2020-07-22,3.1589008951743778,0.037787051280639
2020-07-23,3.0493792842218985,-0.1095216109524792
2020-07-24,3.3274744450764064,0.2780951608545079
2020-07-27,3.0883060038566184,-0.239168441219788
2020-07-28,3.117704123448806,0.0293981195921877
2020-07-29,3.044799843695713,-0.072904279753093
2020-07-30,2.9727354465913898,-0.0720643971043233
2020-07-31,2.9992015665917906,0.0264661200004008
2020-08-03,3.264571955810512,0.2653703892187216
2020-08-04,3.1052491213407736,-0.1593228344697386
2020-08-05,3.0701950442598327,-0.0350540770809408
2020-08-06,3.034502590447113,-0.0356924538127199
2020-08-07,3.2016486608437864,0.1671460703966736
2020-08-10,3.113996905991641,-0.0876517548521453
2020-08-11,3.136677996408824,0.022681090417183
2020-08-12,3.2157455641124826,0.0790675677036585
2020-08-13,3.1168871955924407,-0.0988583685200419
2020-08-14,3.159826707696005,0.0429395121035645
2020-08-17,3.304372915844976,0.1445462081489705
2020-08-18,3.3459799313146656,0.0416070154696899
2020-08-19,3.04760882420771,-0.2983711071069557
2020-08-20,3.097206360498913,0.0495975362912028
2020-08-21,3.127394068100513,0.0301877076016001
2020-08-24,3.0939406220098,-0.0334534460907129
2020-08-25,3.241428454103031,0.1474878320932311
2020-08-26,3.0303855779398114,-0.2110428761632197
2020-08-27,3.229044427368949,0.1986588494291377
2020-08-28,3.2572512413146577,0.0282068139457085
2020-08-31,3.311115310666316,0.0538640693516581
2020-09-01,2.975493892036209,-0.3356214186301067
2020-09-03,3.0752383095913984,0.0085801735196273
2020-09-04,3.1184672520657326,0.0432289424743341
2020-09-07,3.1184672520657326,0.0432289424743341
2020-09-08,2.9995125202245174,-0.1189547318412151
2020-09-09,2.970891272324826,-0.0286212478996912
2020-09-10,3.1808098506082114,0.2099185782833852
2020-09-11,3.124897462218703,-0.0559123883895082
2020-09-14,3.18763797369551,0.0627405114768069
2020-09-15,2.9770537137761166,-0.2105842599193934
2020-09-16,3.0158088145922384,0.0387551008161217
2020-09-17,3.2365297149685555,0.2207209003763171
2020-09-18,3.159072753244684,-0.0774569617238714
2020-09-21,3.118600430148468,-0.0404723230962158
2020-09-22,3.090797180854413,-0.0278032492940552
2020-09-23,2.84132163576779,-0.2494755450866228
2020-09-24,3.13589214099115,0.2945705052233598
2020-09-25,2.837688552505096,-0.2982035884860541
2020-09-28,2.94062970001505,0.1029411475099539
2020-09-29,3.01726931742941,0.0766396174143602
2020-09-30,3.0314156050819205,0.0141462876525104
2020-10-01,2.9638493799170424,-0.067566225164878
2020-10-02,3.019752512025845,0.0559031321088023
2020-10-05,3.072998671410001,0.0532461593841562
2020-10-06,3.113499816066808,0.0405011446568068
2020-10-07,3.1449732186795494,0.0314734026127414
2020-10-08,3.089201216003708,-0.0557720026758414
2020-10-09,3.12428100601499,0.0350797900112822
2020-10-12,3.1025656570622626,-0.0217153489527275
2020-10-13,3.0510977759889624,-0.0514678810733002
2020-10-14,3.0566120624404203,0.0055142864514579
2020-10-15,3.001327472958066,-0.0552845894823543
2020-10-16,3.0119617176876314,0.0106342447295655
2020-10-19,3.1389398539619617,0.1269781362743303
2020-10-20,3.005354237250068,-0.1335856167118936
2020-10-21,2.9703957869243216,-0.0349584503257465
2020-10-22,3.166908236128677,0.1965124492043553
2020-10-23,3.1484751843174967,-0.0184330518111801
2020-10-26,3.1646048225272088,0.016129638209712
2020-10-27,3.0354704440347047,-0.1291343784925041
2020-10-28,3.0483649339025587,0.012894489867854
2020-10-29,3.050531522413174,0.0021665885106152
2020-10-30,2.950132477538328,-0.1003990448748459
2020-11-02,3.061767732224106,0.1116352546857779
2020-11-03,3.189900183489373,0.1281324512652673
2020-11-04,3.0134134296551345,-0.1764867538342387
2020-11-05,3.0956347274232248,0.0822212977680902
2020-11-06,3.099184848502845,0.0035501210796202
2020-11-09,3.154876872468264,0.055692023965419
2020-11-10,3.413847166802132,0.2589702943338681
2020-11-11,3.3241331419303606,-0.0897140248717716
2020-11-12,3.0440364483728657,-0.2800966935574949
2020-11-13,3.081230706150479,0.0371942577776134
2020-11-16,3.249080429531066,0.1678497233805869
2020-11-17,3.2574051354186846,0.0083247058876185
2020-11-18,3.2456794869761683,-0.0117256484425163
2020-11-19,2.9117638057174418,-0.3339156812587265
2020-11-20,3.0526493931465426,0.1408855874291008
2020-11-23,3.19380246251986,0.1411530693733174
2020-11-24,3.054399760454773,-0.1394027020650869
2020-11-25,3.2099856021714586,0.1555858417166855
2020-11-26,3.2099856021714586,0.1555858417166855
2020-11-27,3.00564376315732,-0.2043418390141385
2020-11-30,3.058288991178395,0.0526452280210749
2020-12-01,3.0467742651952,-0.0115147259831949
2020-12-02,3.058058428546605,0.0112841633514046
2020-12-03,3.002288240410569,-0.0557701881360359
2020-12-04,3.1172807392054787,0.1149924987949098
2020-12-07,2.99238015902305,-0.1249005801824285
2020-12-08,3.1961225309966546,0.2037423719736044
2020-12-09,3.046016853649665,-0.1501056773469895
2020-12-10,3.072024082766314,0.0260072291166491
2020-12-11,2.997141347132489,-0.074882735633825
2020-12-14,3.1433035101459748,0.1461621630134857
2020-12-15,3.064810449899963,-0.0784930602460116
2020-12-16,3.1134325182366487,0.0486220683366855
2020-12-17,3.0710124029977472,-0.0424201152389014
2020-12-18,3.201732372722052,0.1307199697243048
2020-12-21,3.0416563613621044,-0.1600760113599477
2020-12-22,2.846035965095828,-0.1956203962662765
2020-12-23,3.0995294068948063,0.2534934417989785
2020-12-24,3.057193648295037,-0.0423357585997692
2020-12-25,3.057193648295037,-0.0423357585997692
2020-12-28,3.0066814484243354,-0.0505121998707016
2020-12-29,2.9966248080868687,-0.0100566403374666
2020-12-30,3.016290112997908,0.0196653049110393
2020-12-31,3.015077302603248,-0.00121281039466
2021-01-04,3.098890705070839,0.0838134024675909
2021-01-05,3.0143492799407112,-0.0845414251301277
2021-01-06,3.203560148320602,0.1892108683798907
2021-01-07,2.966815160207182,-0.2367449881134198
2021-01-08,3.2075343660179727,0.2407192058107905
2021-01-11,3.054828476143108,-0.1527058898748645
2021-01-12,3.2836191511873785,0.2287906750442703
2021-01-13,3.405259868995612,0.1216407178082334
2021-01-14,3.080773501879473,-0.3244863671161391
2021-01-15,3.3062524354365155,0.2254789335570426
2021-01-18,3.3062524354365155,0.2254789335570426
2021-01-19,3.077048126592265,-0.2292043088442503
2021-01-20,3.143602499343066,0.0665543727508009
2021-01-21,3.248826180888933,0.1052236815458669
2021-01-22,3.061230803731382,-0.1875953771575509
2021-01-25,3.099330017344588,0.0380992136132061
2021-01-26,2.982871092492512,-0.1164589248520759
2021-01-27,3.1692092873520648,0.1863381948595526
2021-01-28,3.0688600942610966,-0.1003491930909681
2021-01-29,3.086584140382572,0.0177240461214753
2021-02-01,3.0769513330981697,-0.0096328072844023
2021-02-02,3.0521512199027923,-0.0248001131953774
2021-02-03,3.147239786524824,0.0950885666220315
2021-02-04,2.971804180897171,-0.1754356056276527
2021-02-05,3.389748772356141,0.4179445914589696
2021-02-08,3.262757791363774,-0.1269909809923666
2021-02-09,3.188725427085388,-0.074032364278386
2021-02-17,3.325182440922537,0.1038488213186266
2021-02-18,3.280327123480584,-0.0448553174419528
2021-02-19,3.0887099357601286,-0.1916171877204555
2021-02-22,3.4023212728923053,0.3136113371321767
2021-02-23,3.452692950142294,0.0503716772499887
2021-02-24,3.284327670740033,-0.1683652794022609
2021-02-25,3.489783708998893,0.2054560382588599
2021-02-26,3.4774671988995456,-0.0123165100993474
2021-03-01,3.3760002459108205,-0.1014669529887251
2021-03-02,3.443558843604732,0.0675585976939112
2021-03-03,3.5606795407817287,0.1171206971769969
2021-03-04,3.5550415503453454,-0.0056379904363832
2021-03-05,3.5426353207369408,-0.0124062296084046
2021-03-08,3.5071187177388605,-0.0355166029980802
2021-03-09,3.520527721683235,0.0134090039443743
2021-03-10,3.4593897377605263,-0.0611379839227086
2021-03-11,3.7192432370365047,0.2598534992759784
2021-03-12,3.695807923986576,-0.0234353130499287
2021-03-15,3.759036725318482,0.0632288013319062
2021-03-16,3.765202634171168,0.0061659088526857
2021-03-17,3.517485609767435,-0.247717024403733
2021-03-18,3.911114521717367,0.3936289119499321
2021-03-19,3.723947662442168,-0.1871668592751989
2021-03-22,3.7377846795132297,0.0138370170710615
2021-03-23,3.57675105848309,-0.1610336210301395
2021-03-24,3.6092130897874366,0.0324620313043464
2021-03-25,3.492022729598782,-0.1171903601886548
2021-03-26,3.752694154008654,0.260671424409872
2021-03-29,3.717541623613201,-0.0351525303954529
2021-03-30,3.752322739631021,0.0347811160178199
2021-03-31,3.676824882242884,-0.0754978573881368
2021-04-01,3.678764683942872,0.0019398016999878
2021-04-02,3.678764683942872,0.0019398016999878
2021-04-05,3.7082734269046513,0.0295087429617795
2021-04-06,3.6192592788986335,-0.0890141480060178
2021-04-07,3.5217308904084232,-0.0975283884902102
2021-04-08,3.64154195175712,0.1198110613486966
2021-04-09,3.783528401118633,0.141986449361513
2021-04-12,3.6355381178430113,-0.1479902832756217
2021-04-13,3.818344911284696,0.1828067934416846
2021-04-14,3.6608386067140777,-0.1575063045706182
2021-04-15,3.6321337880645097,-0.0287048186495679
2021-04-16,3.6343992030650782,0.0022654150005685
2021-04-19,3.541493111252727,-0.0929060918123512
2021-04-20,3.6097839975137567,0.0682908862610296
2021-04-22,3.5892539381986315,0.0575129162590815
2021-04-23,3.649653820670496,0.0603998824718643
2021-04-26,3.505143386643542,-0.1445104340269538
2021-04-27,3.749949446722647,0.2448060600791048
2021-04-28,3.591364045366919,-0.1585854013557277
2021-04-29,3.5545157415055613,-0.0368483038613578
2021-05-04,3.495090019848812,-0.0251075319140796
2021-05-05,3.475812713617765,-0.0192773062310473
2021-05-06,3.797691589005921,0.321878875388156
2021-05-07,3.674031506598765,-0.1236600824071558
2021-05-10,3.673769817376207,-0.0002616892225582
2021-05-11,3.699726604416474,0.025956787040267
2021-05-12,3.779628301188909,0.0799016967724353
2021-05-13,3.8115612658769753,0.0319329646880661
2021-05-14,3.6907774366302046,-0.1207838292467706
2021-05-17,3.685115342952618,-0.0056620936775866
2021-05-18,3.5508276399581487,-0.1342877029944693
2021-05-19,3.641336144966584,0.0905085050084353
2021-05-20,3.706980364729443,0.0656442197628588
2021-05-21,3.5329486705992954,-0.1740316941301474
2021-05-24,3.7278305431079,0.1948818725086045
2021-05-25,3.5988955628430084,-0.1289349802648915
2021-05-26,3.5798135284346064,-0.0190820344084019
2021-05-27,3.8156995840044057,0.2358860555697992
2021-05-28,3.53678643466991,-0.2789131493344956
2021-05-31,3.53678643466991,-0.2789131493344956
2021-06-01,3.667810777912129,0.1310243432422191
2021-06-02,3.60128393386283,-0.0665268440492989
2021-06-03,3.84515507511588,0.2438711412530492
2021-06-04,3.537196912377035,-0.3079581627388443
2021-06-07,3.621924282800851,0.084727370423816
2021-06-08,3.529908999796461,-0.0920152830043901
2021-06-09,3.6014805304100057,0.0715715306135447
2021-06-10,3.604371571031566,0.0028910406215603
2021-06-11,3.382653895102035,-0.2217176759295309
2021-06-14,3.527415422296351,0.1447615271943161
2021-06-15,3.592941350953808,0.0655259286574567
2021-06-16,3.69396749507214,0.101026144118332
2021-06-17,3.551343742294028,-0.1426237527781118
2021-06-18,3.529654739021605,-0.021689003272423
2021-06-21,3.646643940246826,0.1169892012252207
2021-06-22,3.650812574098347,0.0041686338515209
2021-06-23,3.349464587736964,-0.301347986361383
2021-06-24,3.563576317629316,0.2141117298923522
2021-06-25,3.579563127691662,0.0159868100623459
2021-06-28,3.5926293568999155,0.0130662292082535
2021-06-29,3.641481456713197,0.0488520998132813
2021-06-30,3.4658537894643886,-0.1756276672488081
2021-07-01,3.554135296497334,0.0882815070329452
2021-07-02,3.5502838337917564,-0.0038514627055774
2021-07-05,3.5502838337917564,-0.0038514627055774
2021-07-06,3.5365568437749983,-0.013726990016758
2021-07-07,3.3605492930947145,-0.1760075506802838
2021-07-08,3.3999312680388885,0.0393819749441739
2021-07-09,3.357199941528388,-0.0427313265105002
2021-07-12,3.484701227457636,0.1275012859292479
2021-07-13,3.547928562913905,0.0632273354562689
2021-07-14,3.363341989299052,-0.1845865736148528
2021-07-15,3.5321769483796697,0.1688349590806175
2021-07-16,3.497001245847947,-0.0351757025317227
2021-07-19,3.228392199110695,-0.2686090467372519
2021-07-20,3.3778521258037464,0.1494599266930514
2021-07-21,3.452157913068521,0.0743057872647745
2021-07-22,3.233355975290257,-0.2188019377782639
2021-07-23,3.394383435871054,0.1610274605807968
2021-07-26,3.4613499510960617,0.0669665152250078
2021-07-27,3.243191097647645,-0.2181588534484166
2021-07-28,3.373604070591956,0.1304129729443111
2021-07-29,3.495125801201852,0.1215217306098956
2021-07-30,3.450996816602201,-0.0441289845996508
2021-08-02,3.218114837289189,-0.2328819793130119
2021-08-03,3.465407425744252,0.2472925884550627
2021-08-04,3.4210502199920034,-0.0443572057522483
2021-08-05,3.4642281082170143,0.0431778882250108
2021-08-06,3.710552159877519,0.2463240516605047
2021-08-09,3.492020409079334,-0.218531750798185
2021-08-10,3.639106208694794,0.1470857996154597
2021-08-11,3.3806210102080287,-0.2584851984867651
2021-08-12,3.634763123378677,0.2541421131706483
2021-08-13,3.7445601399953214,0.1097970166166444
2021-08-16,3.548651005599984,-0.1959091343953374
2021-08-17,3.440149394507485,-0.1085016110924992
2021-08-18,3.3386315563549784,-0.1015178381525063
2021-08-19,3.4237514137736462,0.0851198574186677
2021-08-20,3.533294624956106,0.1095432111824599
2021-08-23,3.2944540751202003,-0.2388405498359058
2021-08-24,3.552294202633557,0.2578401275133566
2021-08-25,3.536270147064112,-0.0160240555694448
2021-08-26,3.5072948823073995,-0.0289752647567125
2021-08-27,3.597758508606624,0.0904636262992246
2021-08-30,3.48562621175534,-0.1121322968512843
2021-08-31,3.5065009735837207,0.0208747618283808
2021-09-01,3.515904442425446,0.0094034688417252
2021-09-06,3.515904442425446,0.0094034688417252
2021-09-07,3.4694086486740177,-0.1595788816856038
2021-09-08,3.636181995359322,0.1667733466853045
2021-09-09,3.646791771837248,0.0106097764779256
2021-09-10,3.732856064323835,0.0860642924865873
2021-09-13,3.664323504580298,-0.0685325597435371
2021-09-14,3.703607616892364,0.0392841123120661
2021-09-15,3.486101121318121,-0.2175064955742431
2021-09-16,3.609742701865056,0.123641580546935
2021-09-17,3.6064202884233634,-0.0033224134416927
2021-09-20,3.4464363938073643,-0.159983894615999
2021-09-21,3.697479038964735,0.2510426451573706
2021-09-22,3.745574524836382,0.0480954858716469
2021-09-23,3.739529553312688,-0.0060449715236936
2021-09-24,3.915990324911738,0.1764607715990496
2021-09-27,3.8066481440764384,-0.1093421808352994
2021-09-28,3.841083676069295,0.0344355319928566
2021-09-29,3.94915543614709,0.1080717600777951
2021-09-30,3.922846535056137,-0.0263089010909531
2021-10-01,3.937159456842076,0.014312921785939
2021-10-04,3.78123679554819,-0.1559226612938862
2021-10-05,3.755868221298583,-0.0253685742496068
2021-10-06,3.811214623529459,0.0553464022308758
2021-10-07,3.8512449413433134,0.0400303178138545
2021-10-08,4.028869397880841,0.177624456537528
2021-10-11,4.08179773736094,0.0529283394800987
2021-10-12,4.077602210227393,-0.0041955271335467
2021-10-13,3.870285579675659,-0.2073166305517344
2021-10-14,3.8878213852741847,0.0175358055985257
2021-10-15,3.917900196887948,0.0300788116137633
2021-10-18,4.0397924610734,0.121892264185452
2021-10-19,4.076945392543992,0.037152931470592
2021-10-20,4.097218450073624,0.0202730575296321
2021-10-21,4.027263829721939,-0.0699546203516856
2021-10-22,3.987910238461743,-0.0393535912601956
2021-10-25,4.051640352427624,0.0637301139658808
2021-10-26,3.958310434897802,-0.0933299175298216
2021-10-27,4.138308485330571,0.1799980504327685
2021-10-28,4.071512526411249,-0.0667959589193216
2021-10-29,3.8959402862609327,-0.1755722401503163
2021-11-01,4.1538401067383965,0.2578998204774638
2021-11-02,3.9953931381987537,-0.1584469685396428
2021-11-03,4.063379504519299,0.0679863663205448
2021-11-04,4.105238705439538,0.0418592009202392
2021-11-05,3.9828848405336936,-0.1223538649058442
2021-11-08,3.9389621065809375,-0.0439227339527561
2021-11-09,3.971943374869909,0.0329812682889714
2021-11-10,3.908228991200476,-0.0637143836694327
2021-11-11,3.932484394586257,0.0242554033857809
2021-11-12,4.151372851804353,0.2188884572180955
2021-11-15,4.131561501158636,-0.0198113506457167
2021-11-16,4.059516561325273,-0.0720449398333631
2021-11-17,4.140778127611906,0.0812615662866331
2021-11-18,4.164614757644795,0.0238366300328891
2021-11-19,3.970170517582568,-0.1944442400622272
2021-11-22,4.2650094814019015,0.2948389638193336
2021-11-23,4.325120083299795,0.0601106018978931
2021-11-24,4.25271479443324,-0.0724052888665545
2021-11-25,4.25271479443324,-0.0724052888665545
2021-11-26,3.921464454698947,-0.3312503397342929
2021-11-29,4.11151567430796,0.1900512196090131
2021-11-30,4.110431663274189,-0.0010840110337717
2021-12-01,3.938862427362974,-0.1715692359112144
2021-12-02,3.945954276975839,0.0070918496128649
2021-12-03,3.8202182329183416,-0.1257360440574975
2021-12-06,3.932708990854565,0.1124907579362233
2021-12-07,4.01169756715734,0.0789885763027746
2021-12-08,4.161543958315228,0.1498463911578884
2021-12-09,4.194271831874385,0.0327278735591569
2021-12-10,3.9614215492350704,-0.2328502826393146
2021-12-13,4.088858352268948,0.1274368030338779
2021-12-14,4.123335113974229,0.0344767617052808
2021-12-15,4.151361414085475,0.0280263001112457
2021-12-16,4.1532119616995935,0.0018505476141186
2021-12-17,3.9117049016005607,-0.2415070600990327
2021-12-20,3.949029198416885,0.0373242968163243
2021-12-21,4.226174565622658,0.2771453672057733
2021-12-22,4.203743939571009,-0.0224306260516495
2021-12-23,3.972901784379702,-0.2308421551913069
2021-12-24,3.972901784379702,-0.2308421551913069
2021-12-27,4.048940619283519,0.0760388349038168
2021-12-28,4.22571747573583,0.1767768564523111
2021-12-29,4.205258714510563,-0.0204587612252664
2021-12-30,4.265408366618107,0.0601496521075439
2021-12-31,4.195087143053296,-0.0703212235648109
2022-01-04,4.239395432253128,-0.1316442733677538
2022-01-05,4.3176882350652015,0.078292802812073
2022-01-06,4.359056774404204,0.0413685393390022
2022-01-07,4.504199595154601,0.1451428207503973
2022-01-10,4.546643460597647,0.0424438654430456
2022-01-11,4.47649640947567,-0.0701470511219763
2022-01-12,4.393448980301007,-0.0830474291746634
2022-01-13,4.427600572534647,0.0341515922336403
2022-01-14,4.4700692685220655,0.0424686959874183
2022-01-17,4.4700692685220655,0.0424686959874183
2022-01-18,4.593172826195627,0.123103557673561
2022-01-19,4.59171317301462,-0.0014596531810067
2022-01-20,4.58799646117267,-0.0037167118419496
2022-01-21,4.474685713763437,-0.1133107474092334
2022-01-24,4.345606173976168,-0.129079539787269
2022-01-25,4.438382504210967,0.0927763302347992
2022-01-26,4.566489036619782,0.1281065324088146
2022-01-27,4.410072113317179,-0.1564169233026024
2022-01-28,4.642779931254196,0.2327078179370172
2022-02-07,4.829744350458361,0.0531665081639234
2022-02-08,4.6990101205200085,-0.1307342299383522
2022-02-09,4.750481743340488,0.051471622820479
2022-02-10,4.82203528834224,0.0715535450017528
2022-02-11,4.7726195288542135,-0.0494157594880269
2022-02-14,4.823484174072545,0.0508646452183318
2022-02-15,4.884604605936474,0.0611204318639284
2022-02-16,4.952834748849183,0.068230142912709
2022-02-17,4.963086574798055,0.0102518259488721
2022-02-18,4.722789376110477,-0.2402971986875783
2022-02-21,4.722789376110477,-0.2402971986875783
2022-02-22,4.6782110457735335,-0.0445783303369431
2022-02-23,4.761382563374123,0.0831715176005891
2022-02-24,4.890976068021869,0.1295935046477465
2022-02-25,4.812047596041543,-0.0789284719803262
2022-02-28,4.541795407722328,-0.2702521883192146
2022-03-01,4.595768648811328,0.0539732410889994
2022-03-02,4.676958125404977,0.0811894765936491
2022-03-03,4.650044188948804,-0.0269139364561734
2022-03-04,4.555108985753222,-0.0949352031955816
2022-03-07,4.525550729868073,-0.0295582558851492
2022-03-08,4.704226959337126,0.1786762294690538
2022-03-09,4.875494585981042,0.1712676266439157
2022-03-10,5.078832099000511,0.203337513019469
2022-03-11,5.043304018769957,-0.0355280802305539
2022-03-14,4.854549537796768,-0.1887544809731896
2022-03-15,5.036752749422874,0.1822032116261063
2022-03-16,5.154434738717837,0.1176819892949634
2022-03-17,5.171911866130012,0.0174771274121745
2022-03-18,4.997897408382868,-0.1740144577471438
2022-03-21,5.148123455442525,0.1502260470596566
2022-03-22,5.408932682599816,0.2608092271572912
2022-03-23,5.335999872372245,-0.072932810227571
2022-03-24,5.173673601481854,-0.1623262708903912
2022-03-25,5.443115424450066,0.2694418229682123
2022-03-28,5.409390912080198,-0.0337245123698677
2022-03-29,5.30272390113457,-0.1066670109456282
2022-03-30,5.350821629405205,0.0480977282706351
2022-03-31,5.282276749966604,-0.0685448794386012
2022-04-01,5.182265720860149,-0.1000110291064553
2022-04-04,5.1834903151790845,0.0012245943189359
2022-04-05,5.578456479464538,0.3949661642854538
2022-04-06,5.47816631811745,-0.1002901613470887
2022-04-07,5.643778859175828,0.1656125410583788
2022-04-08,5.671015979848328,0.0272371206724999
2022-04-12,5.627629800898331,-0.3173621431586904
2022-04-13,5.681780478696286,0.0541506777979545
2022-04-14,5.84389544130995,0.1621149626136642
2022-04-15,5.84389544130995,0.1621149626136642
2022-04-18,5.794550327382307,-0.049345113927643
2022-04-19,5.879925192976577,0.0853748655942698
2022-04-20,5.749352164493406,-0.1305730284831714
2022-04-21,5.836362307181641,0.0870101426882357
2022-04-22,5.849881798098897,0.0135194909172557
2022-04-25,5.831210065431706,-0.0186717326671912
2022-04-26,5.82773122167646,-0.0034788437552455
2022-04-27,5.65221022215746,-0.1755209995190005
2022-04-28,5.913917900774978,0.2617076786175181
2022-04-29,5.897997942217198,-0.01591995855778
2022-05-04,5.777930261888537,-0.056238188143773
2022-05-05,6.0238715462218,0.2459412843332629
2022-05-06,6.01538392330187,-0.0084876229199295
2022-05-09,6.018115188267455,0.0027312649655844
2022-05-10,5.953798622041196,-0.0643165662262585
2022-05-11,6.058456188489579,0.1046575664483828
2022-05-12,5.882473404232568,-0.1759827842570107
2022-05-13,5.949807633175643,0.0673342289430749
2022-05-16,5.698148348865717,-0.2516592843099259
2022-05-17,6.131710887671489,0.4335625388057718
2022-05-18,5.668848088358013,-0.4628627993134762
2022-05-19,5.788523523493122,0.1196754351351092
2022-05-20,5.8397545929243,0.0512310694311777
2022-05-23,6.081173556203221,0.2414189632789209
2022-05-24,5.809581869851434,-0.2715916863517869
2022-05-25,5.697074824886226,-0.1125070449652083
2022-05-26,5.645341525198012,-0.0517332996882133
2022-05-27,5.907100417665672,0.2617588924676592
2022-05-30,5.907100417665672,0.2617588924676592
2022-05-31,5.789157208908474,-0.1179432087571976
2022-06-01,6.11231865813974,0.3231614492312662
2022-06-02,5.980998353036634,-0.131320305103106
2022-06-03,5.9740476532258775,-0.0069506998107566
2022-06-06,6.097659945378743,0.123612292152865
2022-06-07,6.084858947207072,-0.0128009981716701
2022-06-08,6.092513353086183,0.0076544058791103
2022-06-09,5.860343617881594,-0.2321697352045886
2022-06-10,6.263029246968811,0.4026856290872169
2022-06-13,6.130848614067137,-0.1321806329016741
2022-06-14,6.498130877149645,0.3672822630825081
2022-06-15,6.300946374040677,-0.1971845031089678
2022-06-16,6.2413979944553,-0.0595483795853768
2022-06-17,6.168802519764339,-0.0725954746909618
2022-06-20,6.168802519764339,-0.0725954746909618
2022-06-21,6.258568731043472,0.0897662112791337
2022-06-22,6.172056441568801,-0.0865122894746717
2022-06-23,6.01162184451908,-0.1604345970497203
2022-06-24,6.17417346638731,0.1625516218682294
2022-06-27,6.145159657521662,-0.0290138088656481
2022-06-28,5.922251491796725,-0.2229081657249363
2022-06-29,5.94065365632324,0.0184021645265151
2022-06-30,5.888244141594827,-0.0524095147284136
2022-07-01,5.816637512741749,-0.0716066288530781
2022-07-04,5.816637512741749,-0.0716066288530781
2022-07-05,5.713046639645647,-0.1035908730961017
2022-07-06,5.852629314405654,0.1395826747600068
2022-07-07,6.046868068644411,0.1942387542387571
2022-07-08,6.092766033757131,0.0458979651127204
2022-07-11,6.105056514733543,0.0122904809764117
2022-07-12,5.923469567794989,-0.1815869469385544
2022-07-13,5.786344597791308,-0.1371249700036809
2022-07-14,5.96085229319894,0.1745076954076321
2022-07-15,5.92423452477541,-0.0366177684235298
2022-07-18,6.046511573922322,0.1222770491469118
2022-07-19,5.968597307207988,-0.0779142667143339
2022-07-20,6.14197202316981,0.1733747159618222
2022-07-21,5.767251051710225,-0.3747209714595847
2022-07-22,5.737138900506265,-0.0301121512039603
2022-07-25,5.822947485368038,0.0858085848617733
2022-07-26,6.020752867347316,0.1978053819792773
2022-07-27,5.8047624083855816,-0.215990458961734
2022-07-28,5.525266484846835,-0.2794959235387466
2022-07-29,5.693268845547804,0.168002360700969
2022-08-01,5.75663328700738,0.0633644414595764
2022-08-02,5.674567394971469,-0.0820658920359118
2022-08-03,5.768067868523652,0.0935004735521838
2022-08-04,5.8866542481105855,0.118586379586933
2022-08-05,6.009290238532579,0.1226359904219931
2022-08-08,5.679205954723558,-0.330084283809021
2022-08-09,5.715368673235776,0.0361627185122186
2022-08-10,5.916747324769211,0.2013786515334343
2022-08-11,5.9852428457912,0.0684955210219895
2022-08-12,5.7057350254550165,-0.2795078203361836
2022-08-15,5.831500909256388,0.1257658838013711
2022-08-16,5.959138922013652,0.1276380127572647
2022-08-17,6.131668805974032,0.1725298839603795
2022-08-18,5.757957024932923,-0.3737117810411092
2022-08-19,5.890270521989095,0.1323134970561721
2022-08-22,6.177104151073964,0.2868336290848692
2022-08-23,5.913827648417336,-0.2632765026566277
2022-08-24,6.059502735415387,0.1456750869980512
2022-08-25,5.9727537059523055,-0.0867490294630819
2022-08-26,5.924800312927282,-0.0479533930250237
2022-08-29,5.990273998961662,0.0654736860343803
2022-08-30,5.96880282776862,-0.0214711711930419
2022-08-31,6.056540689895622,0.0877378621270024
2022-09-05,6.056540689895622,0.0877378621270024
2022-09-06,6.129075485759942,0.0614483048632843
2022-09-07,6.379347779258779,0.2502722934988375
2022-09-08,6.286186362843258,-0.093161416415521
2022-09-09,6.289617617098752,0.0034312542554939
2022-09-12,6.3924913865718,0.1028737694730477
2022-09-13,6.257984836382178,-0.1345065501896218
2022-09-14,6.345083411602607,0.0870985752204287
2022-09-15,6.5385027880096,0.1934193764069931
2022-09-16,6.518148624820677,-0.020354163188923
2022-09-19,6.388536970241264,-0.1296116545794126
2022-09-20,6.5772923642080166,0.1887553939667521
2022-09-21,6.42102796545654,-0.1562643987514764
2022-09-22,6.677018329936722,0.2559903644801817
2022-09-23,6.624301324221652,-0.0527170057150696
2022-09-26,6.546405660464915,-0.0778956637567374
2022-09-27,7.038604989869417,0.4921993294045022
2022-09-28,6.672922261249791,-0.3656827286196256
2022-09-29,6.57445727287363,-0.0984649883761612
2022-09-30,6.674926176687726,0.1004689038140957
2022-10-03,6.5360008793826285,-0.1389252973050974
2022-10-04,6.597808728303428,0.0618078489207993
2022-10-05,6.765322405673982,0.1675136773705539
2022-10-06,6.822375404663992,0.0570529989900103
2022-10-07,6.846333236813972,0.0239578321499802
2022-10-10,6.6544762800259925,-0.1918569567879799
2022-10-11,6.886674077953721,0.2321977979277285
2022-10-12,6.817483713045355,-0.0691903649083656
2022-10-13,6.806775225007407,-0.0107084880379479
2022-10-14,6.862696458607334,0.0559212335999266
2022-10-17,6.966671268006698,0.1039748093993635
2022-10-18,6.933141785476641,-0.0335294825300565
2022-10-19,6.980072266101727,0.046930480625086
2022-10-20,6.882756850419463,-0.0973154156822637
2022-10-21,6.8853489276449205,0.002592077225457
2022-10-24,6.926741542474463,0.0413926148295429
2022-10-25,6.941291881201917,0.0145503387274539
2022-10-26,6.892189167564258,-0.0491027136376596
2022-10-27,6.839651591790455,-0.0525375757738029
2022-10-28,6.983777390389163,0.1441257985987079
2022-10-31,6.94645267646211,-0.0373247139270525
2022-11-01,6.713220274348846,-0.2332324021132645
2022-11-02,7.017505271120404,0.3042849967715586
2022-11-03,7.1524215504931625,0.1349162793727583
2022-11-04,7.074083836533387,-0.0783377139597751
2022-11-07,7.086206555480021,0.0121227189466335
2022-11-08,7.09221654732163,0.0060099918416094
2022-11-09,6.893800721309777,-0.1984158260118533
2022-11-10,6.71929213187061,-0.1745085894391671
2022-11-11,6.62828655436657,-0.0910055775040401
2022-11-14,6.633142069587536,0.0048555152209663
2022-11-15,6.320668006677647,-0.3124740629098888
2022-11-16,6.34564382648904,0.0249758198113925
2022-11-17,6.594848733022056,0.2492049065330164
2022-11-18,6.676598039348086,0.0817493063260297
2022-11-21,6.564660027469926,-0.1119380118781601
2022-11-22,6.579034479841378,0.0143744523714524
2022-11-23,6.429017746508565,-0.150016733332813
2022-11-24,6.429017746508565,-0.150016733332813
2022-11-25,6.419410829048579,-0.0096069174599859
2022-11-28,6.378159974052709,-0.0412508549958703
2022-11-29,6.479985529773478,0.1018255557207687
2022-11-30,6.498335558972071,0.0183500291985936
2022-12-01,6.331109461450085,-0.1672260975219863
2022-12-02,6.289632261199681,-0.0414772002504042
2022-12-05,6.272541917805173,-0.0170903433945079
2022-12-06,6.1854497981063385,-0.0870921196988341
2022-12-07,6.11627587443286,-0.0691739236734783
2022-12-08,6.131309276019646,0.0150334015867859
2022-12-09,6.215063957364461,0.0837546813448151
2022-12-12,6.335619113149169,0.1205551557847073
2022-12-13,6.142698849561944,-0.1929202635872249
2022-12-14,6.176587094436023,0.0338882448740793
2022-12-15,6.041389960857067,-0.1351971335789556
2022-12-16,6.21213631303571,0.1707463521786429
2022-12-19,6.2789501456132095,0.0668138325774991
2022-12-20,6.395794566748016,0.1168444211348065
2022-12-21,6.294399865391948,-0.1013947013560683
2022-12-22,6.447362257577345,0.1529623921853975
2022-12-23,6.4394547330565,-0.0079075245208448
2022-12-26,6.4394547330565,-0.0079075245208448
2022-12-27,6.543198674494921,0.1037439414384202
2022-12-28,6.612248118797508,0.0690494443025873
2022-12-29,6.6910001133054,0.0787519945078916
2022-12-30,6.31907141999464,-0.3719286933107595
2023-01-03,6.450189364737535,0.1311179447428951
2023-01-04,6.299507095099865,-0.1506822696376701
2023-01-05,6.255375622758216,-0.0441314723416494
2023-01-06,6.024588186053466,-0.23078743670475
2023-01-09,6.344810150056132,0.3202219640026662
2023-01-10,6.234796767269133,-0.1100133827869989
2023-01-11,6.300326187313043,0.0655294200439104
2023-01-12,6.13143574949938,-0.1688904378136637
2023-01-13,6.010591567243198,-0.1208441822561816
2023-01-16,6.010591567243198,-0.1208441822561816
2023-01-17,6.151821118295142,0.1412295510519436
2023-01-18,6.004577447667284,-0.1472436706278577
2023-01-19,6.019331001666809,0.0147535539995251
2023-01-27,6.202793800997512,0.1690144962585469
2023-01-30,6.176005969235427,-0.0267878317620846
2023-01-31,6.078945178824592,-0.0970607904108353
2023-02-01,6.054843146111263,-0.024102032713329
2023-02-02,5.938502907948696,-0.1163402381625662
2023-02-03,6.157178881887194,0.218675973938498
2023-02-06,6.245164346166037,0.0879854642788426
2023-02-07,6.012644493398964,-0.2325198527670728
2023-02-08,6.347523786534564,0.3348792931356001
2023-02-09,6.283456109878616,-0.0640676766559487
2023-02-10,6.322912627394022,0.039456517515406
2023-02-13,6.16914318957113,-0.1537694378228913
2023-02-14,6.355424961788112,0.1862817722169811
2023-02-15,6.073218971067302,-0.2822059907208096
2023-02-16,6.308930422401035,0.2357114513337332
2023-02-17,6.285734738869317,-0.0231956835317177
2023-02-20,6.285734738869317,-0.0231956835317177
2023-02-21,6.507774357626449,0.2220396187571314
2023-02-22,6.268052452354786,-0.2397219052716632
2023-02-23,6.344534660691954,0.0764822083371683
2023-02-24,6.4032947685728905,0.0587601078809365
2023-02-27,6.336940537300878,-0.0663542312720126
2023-02-28,6.275548843634278,-0.0613916936666001
2023-03-01,6.454479707500603,0.1789308638663254
2023-03-02,6.399038049140502,-0.0554416583601007
2023-03-03,6.366202648504796,-0.0328354006357063
2023-03-06,6.216917189782555,-0.1492854587222414
2023-03-07,6.278778122289221,0.0618609325066668
2023-03-08,6.320753313838328,0.0419751915491062
2023-03-09,6.408953350323137,0.0882000364848094
2023-03-10,6.024810108497359,-0.3841432418257779
2023-03-13,5.816541816361363,-0.2082682921359957
2023-03-14,5.997096939225903,0.1805551228645399
2023-03-15,5.971477223340795,-0.0256197158851083
2023-03-16,6.13942745992361,0.1679502365828149
2023-03-17,5.800875638768638,-0.3385518211549714
2023-03-20,5.723543381059741,-0.077332257708897
2023-03-21,5.836664517420605,0.1131211363608635
2023-03-22,5.839384675156468,0.0027201577358635
2023-03-23,5.570434061693305,-0.2689506134631632
2023-03-24,5.756006193208545,0.1855721315152401
2023-03-27,5.940128253947766,0.1841220607392202
2023-03-28,5.71870564618064,-0.2214226077671259
2023-03-29,5.862751899636612,0.1440462534559721
2023-03-30,5.882915047155478,0.0201631475188666
2023-03-31,5.913736156186714,0.030821109031236
2023-04-03,5.813652548115142,-0.1000836080715723
2023-04-04,5.561029127237308,-0.2526234208778337
2023-04-05,5.764835630178375,0.2038065029410667
2023-04-06,5.501210181783534,-0.2636254483948406
2023-04-07,5.501210181783534,-0.2636254483948406
2023-04-10,5.758849834380841,0.257639652597307
2023-04-11,5.74397665473211,-0.0148731796487311
2023-04-12,5.7782210449242095,0.0342443901920992
2023-04-13,5.778276463867469,5.541894325933328e-05
2023-04-14,5.955587810268522,0.1773113464010531
2023-04-17,5.82999504290457,-0.125592767363952
2023-04-18,5.746427247022167,-0.083567795882403
2023-04-19,6.057900280217573,0.3114730331954058
2023-04-20,5.885004779087788,-0.1728955011297843
2023-04-21,5.719822553167528,-0.16518222592026
2023-04-24,5.579780395428763,-0.1400421577387653
2023-04-25,5.738266268946153,0.1584858735173897
2023-04-26,5.627217975849705,-0.1110482930964478
2023-04-27,6.00845667187982,0.381238696030115
2023-04-28,5.764073139074558,-0.2443835328052621
2023-05-04,5.456982402428833,-0.3494848648084749
2023-05-05,5.564045315277473,0.1070629128486393
2023-05-08,5.68811713368931,0.1240718184118376
2023-05-09,5.80451249299721,0.1163953593078996
2023-05-10,5.532958457349041,-0.2715540356481689
2023-05-11,5.609191207460481,0.0762327501114397
2023-05-12,5.473028727104737,-0.1361624803557442
2023-05-15,5.730119171292213,0.2570904441874759
2023-05-16,5.785168667138079,0.055049495845866
2023-05-17,5.689624114537153,-0.0955445526009253
2023-05-18,5.834032489854598,0.144408375317445
2023-05-19,5.948428765578283,0.1143962757236849
2023-05-22,5.808392815964083,-0.1400359496141998
2023-05-23,5.93350004624984,0.1251072302857565
2023-05-24,6.035059290908212,0.1015592446583717
2023-05-25,6.122060124055947,0.0870008331477354
2023-05-26,5.865990102991786,-0.2560700210641613
2023-05-29,5.865990102991786,-0.2560700210641613
2023-05-30,5.867950105786599,0.0019600027948127
2023-05-31,5.752675028273659,-0.1152750775129396
2023-06-01,5.7542605497019,0.0015855214282414
2023-06-02,5.934987748375223,0.1807271986733223
2023-06-05,5.5231636198780745,-0.4118241284971482
2023-06-06,5.765365289480991,0.2422016696029167
2023-06-07,5.866781967353973,0.1014166778729821
2023-06-08,5.923572430997158,0.0567904636431846
2023-06-09,6.087236569315374,0.1636641383182162
2023-06-12,5.949838919937134,-0.13739764937824
2023-06-13,6.077837473707197,0.1279985537700625
2023-06-14,5.979374244796501,-0.0984632289106954
2023-06-15,5.969018250525256,-0.0103559942712454
2023-06-16,5.880359368812005,-0.0886588817132505
2023-06-19,5.880359368812005,-0.0886588817132505
2023-06-20,5.871711701011272,-0.0086476678007336
2023-06-21,5.994454031684933,0.1227423306736614
2023-06-22,6.044870611230324,0.0504165795453905
2023-06-23,6.01818046501699,-0.0266901462133333
2023-06-26,5.800737183682848,-0.217443281334142
2023-06-27,5.806794852906005,0.006057669223157
2023-06-28,5.836124422125901,0.0293295692198958
2023-06-29,5.789668276585197,-0.0464561455407039
2023-06-30,5.690754695782135,-0.0989135808030621
2023-07-03,5.997224908172701,0.3064702123905656
2023-07-04,5.997224908172701,0.3064702123905656
2023-07-05,6.106990686533192,0.109765778360491
2023-07-06,6.100466032754165,-0.0065246537790271
2023-07-07,5.954263800443939,-0.1462022323102259
2023-07-10,6.261296465726838,0.3070326652828994
2023-07-11,5.9346936053134165,-0.3266028604134217
2023-07-12,6.039594389919635,0.1049007846062188
2023-07-13,5.8376039499891785,-0.2019904399304568
2023-07-14,5.874620048423774,0.037016098434595
2023-07-17,5.993460747471138,0.1188406990473645
2023-07-18,5.878535389549607,-0.114925357921531
2023-07-19,5.994966943495365,0.1164315539457581
2023-07-20,5.692213208198284,-0.302753735297081
2023-07-21,5.882975679505486,0.1907624713072016
2023-07-24,5.9388191485880775,0.0558434690825917
2023-07-25,5.959391658776507,0.0205725101884297
2023-07-26,6.056242713155898,0.0968510543793907
2023-07-27,6.1739033992575365,0.1176606861016384
2023-07-28,6.032118036172067,-0.1417853630854697
2023-07-31,5.892190821190706,-0.1399272149813608
2023-08-01,6.154515135346774,0.2623243141560678
2023-08-02,6.115275294588708,-0.039239840758066
2023-08-03,6.09856877926809,-0.0167065153206174
2023-08-04,5.96601888620501,-0.1325498930630804
2023-08-07,6.194298543817975,0.2282796576129655
2023-08-08,5.971148767040427,-0.2231497767775483
2023-08-09,6.155110406985559,0.1839616399451316
2023-08-10,6.137819637974609,-0.01729076901095
2023-08-11,6.126435836252427,-0.0113838017221814
2023-08-14,6.170582721083474,0.0441468848310471
2023-08-15,6.39172021885289,0.2211374977694156
2023-08-16,6.02113754680791,-0.3705826720449803
2023-08-17,6.347936325886488,0.3267987790785787
2023-08-18,6.295417911392354,-0.0525184144941341
2023-08-21,6.5472589869077495,0.2518410755153955
2023-08-22,6.245581444637742,-0.3016775422700073
2023-08-23,6.262407508433629,0.0168260637958868
2023-08-24,6.3103110847513495,0.0479035763177204
2023-08-25,6.157504974641196,-0.1528061101101538
2023-08-28,6.117086586382702,-0.0404183882584936
2023-08-29,6.089728302359816,-0.0273582840228856
2023-08-30,6.217306007981511,0.1275777056216949
2023-08-31,6.112659771485879,-0.1046462364956326
2023-09-05,6.311048752054031,0.1516014266489005
2023-09-06,6.36789591309334,0.0568471610393093
2023-09-07,6.384815067508147,0.0169191544148068
2023-09-08,6.204120406444633,-0.180694661063514
2023-09-11,6.278222175264321,0.0741017688196876
2023-09-12,6.328412858221444,0.0501906829571234
2023-09-13,6.399459323346471,0.0710464651250264
2023-09-14,6.435074918598076,0.0356155952516052
2023-09-15,6.598106647552493,0.1630317289544169
2023-09-18,6.21166057116737,-0.3864460763851234
2023-09-19,6.444060318014866,0.2323997468474967
2023-09-20,6.173056349776884,-0.2710039682379825
2023-09-21,6.461346650436995,0.2882903006601109
2023-09-22,6.515942902133712,0.0545962516967168
2023-09-25,6.624534836019403,0.1085919338856911
2023-09-26,6.478566260400916,-0.1459685756184869
2023-09-27,6.586615013272207,0.1080487528712916
2023-09-28,6.579246168525314,-0.0073688447468933
2023-09-29,6.618018286880653,0.0387721183553386
2023-10-02,6.562337135704016,-0.0556811511766364
2023-10-03,6.929904445916532,0.3675673102125154
2023-10-04,6.585937021607103,-0.3439674243094286
2023-10-05,6.662064465869024,0.076127444261921
2023-10-06,6.830910873035922,0.1688464071668978
2023-10-09,6.813074107615193,-0.0178367654207294
2023-10-10,6.524963851988375,-0.288110255626818
2023-10-11,6.6847881796513535,0.1598243276629789
2023-10-12,6.912809655838175,0.2280214761868215
2023-10-13,6.942533904623371,0.0297242487851958
2023-10-16,6.650785127886935,-0.2917487767364362
2023-10-17,6.874201418297307,0.2234162904103724
2023-10-18,7.009720407223323,0.135518988926016
2023-10-19,6.857331490291745,-0.1523889169315779
2023-10-20,6.92518687255817,0.0678553822664245
2023-10-23,7.02350344981738,0.0983165772592098
2023-10-24,6.766954899541995,-0.2565485502753848
2023-10-25,6.849826836453905,0.0828719369119106
2023-10-26,6.903801132295472,0.0539742958415665
2023-10-27,6.846746619403008,-0.0570545128924635
2023-10-30,6.797178793310746,-0.0495678260922627
2023-10-31,6.897636742102777,0.1004579487920311
2023-11-01,6.76696514124729,-0.1306716008554866
2023-11-02,6.4784575463608265,-0.2885075948864637
2023-11-03,6.442581847302462,-0.0358756990583648
2023-11-06,6.591634292399709,0.1490524450972472
2023-11-07,6.682790151250445,0.0911558588507359
2023-11-08,6.504741457671734,-0.1780486935787104
2023-11-09,6.750711358304396,0.2459699006326614
2023-11-10,6.645072928633773,-0.1056384296706225
2023-11-13,6.593384628871855,-0.0516882997619179
2023-11-14,6.471028214904372,-0.1223564139674833
2023-11-15,6.651489995453667,0.1804617805492947
2023-11-16,6.448147970915743,-0.2033420245379238
2023-11-17,6.469983281509454,0.021835310593711
2023-11-20,6.361182575573796,-0.1088007059356579
2023-11-21,6.390421532695418,0.0292389571216222
2023-11-22,6.343475676279899,-0.0469458564155189
2023-11-23,6.343475676279899,-0.0469458564155189
2023-11-24,6.6069132610880335,0.263437584808134
2023-11-27,6.462485536896936,-0.1444277241910976
2023-11-28,6.376336686071159,-0.0861488508257766
2023-11-29,6.230781973701415,-0.1455547123697442
2023-11-30,6.5208805629314215,0.2900985892300065
2023-12-01,6.351508088041918,-0.1693724748895038
2023-12-04,6.443011737042035,0.0915036490001171
2023-12-05,6.357234080740194,-0.0857776563018406
2023-12-06,6.0859147447205,-0.2713193360196939
2023-12-07,6.192720790790336,0.1068060460698356
2023-12-08,6.28094428847627,0.0882234976859344
2023-12-11,6.474254682856184,0.1933103943799139
2023-12-12,6.229800934279227,-0.2444537485769569
2023-12-13,6.129022852995671,-0.1007780812835559
2023-12-14,6.019620890787202,-0.1094019622084694
2023-12-15,5.862675942692348,-0.1569449480948543
2023-12-18,5.912394636180325,0.0497186934879776
2023-12-19,5.937119406154167,0.0247247699738419
2023-12-20,5.875561502691797,-0.0615579034623703
2023-12-21,6.077429960931267,0.2018684582394705
2023-12-22,5.870251105683977,-0.2071788552472906
2023-12-25,5.870251105683977,-0.2071788552472906
2023-12-26,6.031234194051125,0.1609830883671481
2023-12-27,5.997322631814503,-0.0339115622366215
2023-12-28,5.88661719020282,-0.1107054416116835
2023-12-29,5.956562931889827,0.0699457416870075
2024-01-02,6.239316167248136,0.2827532353583084
2024-01-03,6.065458666237642,-0.1738575010104934
2024-01-04,6.216762662794764,0.1513039965571216
2024-01-05,6.095732510861724,-0.1210301519330396
2024-01-08,6.157637642444429,0.0619051315827041
2024-01-09,6.150054888270224,-0.0075827541742041
2024-01-10,6.126462295619594,-0.0235925926506306
2024-01-11,5.992886840836146,-0.1335754547834478
2024-01-12,6.037058777576661,0.0441719367405148
2024-01-15,6.037058777576661,0.0441719367405148
2024-01-16,6.23071447234827,0.1936556947716088
2024-01-17,6.321129207335616,0.0904147349873465
2024-01-18,6.309975966115452,-0.011153241220164
2024-01-19,6.226683003834351,-0.0832929622811011
2024-01-22,6.319368489873499,0.0926854860391479
2024-01-23,6.260878979248915,-0.0584895106245841
2024-01-24,6.45082355053591,0.1899445712869951
2024-01-25,6.360715670111743,-0.090107880424167
2024-01-26,6.345851075047726,-0.0148645950640169
2024-01-29,6.26489932149275,-0.0809517535549755
2024-01-30,6.251981412978718,-0.0129179085140327
2024-01-31,6.179855006699842,-0.0721264062788753
2024-02-01,6.072514252117179,-0.1073407545826636
2024-02-02,6.133728653135908,0.0612144010187289
2024-02-05,6.436679402796373,0.3029507496604653
2024-02-06,6.319282567940722,-0.1173968348556506
2024-02-07,6.304937769962734,-0.014344797977988
2024-02-15,6.496326696975827,0.1049907165768457
2024-02-16,6.538392268333642,0.0420655713578153
2024-02-19,6.538392268333642,0.0420655713578153
2024-02-20,6.606025949881539,0.0676336815478961
2024-02-21,6.46693054214991,-0.1390954077316282
2024-02-22,6.63024534261384,0.1633148004639295
2024-02-23,6.428094398201337,-0.2021509444125024
2024-02-26,6.696943241499069,0.2688488432977314
2024-02-27,6.6548849416210585,-0.0420582998780103
2024-02-28,6.502204365822439,-0.1526805757986196
2024-02-29,6.4792708646692905,-0.0229335011531484
2024-03-01,6.359816286460097,-0.1194545782091935
2024-03-04,6.645930819636652,0.2861145331765549
2024-03-05,6.596803096256448,-0.0491277233802041
2024-03-06,6.131362388578561,-0.465440707677887
2024-03-07,6.483885584039275,0.352523195460714
2024-03-08,6.288412338920711,-0.1954732451185634
2024-03-11,6.454901251640242,0.1664889127195312
2024-03-12,6.44594405464863,-0.008957196991612
2024-03-13,6.424551290914088,-0.0213927637345427
2024-03-14,6.592500818670496,0.1679495277564084
2024-03-15,6.667620459507447,0.0751196408369505
2024-03-18,6.699688811784039,0.0320683522765925
2024-03-19,6.665973387827783,-0.0337154239562558
2024-03-20,6.414508036374452,-0.2514653514533309
2024-03-21,6.748300382181421,0.3337923458069687
2024-03-22,6.624128265332835,-0.1241721168485865
2024-03-25,6.590667093010282,-0.0334611723225526
2024-03-26,6.555807238629715,-0.0348598543805671
2024-03-27,6.729881003556872,0.1740737649271571
2024-03-28,6.495136889071101,-0.2347441144857711
2024-03-29,6.495136889071101,-0.2347441144857711
2024-04-01,6.739096649498359,0.2439597604272583
2024-04-02,6.612661588646828,-0.1264350608515307
2024-04-03,6.783234703078797,0.1705731144319688
2024-04-04,6.488266642153819,-0.2949680609249778
2024-04-05,6.668217440472242,0.1799507983184227
2024-04-08,6.875363548291284,0.2071461078190415
2024-04-09,6.797842370346976,-0.0775211779443072
2024-04-10,7.017931365016432,0.2200889946694557
2024-04-11,7.056188292772243,0.0382569277558104
2024-04-12,6.798442479233573,-0.2577458135386692
2024-04-15,7.088374437631344,0.2899319583977702
2024-04-16,7.192252735507392,0.1038782978760481
2024-04-17,7.082684109950348,-0.1095686255570438
2024-04-19,6.942155440994897,-0.1457199596894804
2024-04-22,7.088206005124103,0.1460505641292062
2024-04-23,6.939841549988599,-0.1483644551355043
2024-04-24,7.159110136451793,0.219268586463194
2024-04-25,7.027949677661187,-0.1311604587906059
2024-04-26,7.033215253204862,0.0052655755436745
2024-05-02,6.921040941289489,0.0072312747319962
2024-05-03,6.945562379685748,0.0245214383962597
2024-05-06,7.037098397556759,0.0915360178710109
2024-05-07,7.201567197548633,0.1644687999918739
2024-05-08,6.920790205441147,-0.2807769921074863
2024-05-09,7.000771616361044,0.0799814109198973
2024-05-10,6.9148848814636965,-0.0858867348973477
2024-05-13,6.757543700510371,-0.1573411809533258
2024-05-14,6.947548884966258,0.1900051844558872
2024-05-15,6.702038953019713,-0.245509931946545
2024-05-16,6.972690739498127,0.2706517864784139
2024-05-17,7.015157331230595,0.0424665917324684
2024-05-20,6.914203136344597,-0.1009541948859986
2024-05-21,7.113501518016069,0.1992983816714719
2024-05-22,6.857602341439403,-0.2558991765766656
2024-05-23,6.986224943512385,0.1286226020729817
2024-05-24,6.863392078031113,-0.1228328654812713
2024-05-27,6.863392078031113,-0.1228328654812713
2024-05-28,7.077378852658297,0.2139867746271839
2024-05-29,7.146650427058869,0.069271574400572
2024-05-30,7.1194121290932415,-0.0272382979656278
2024-05-31,6.919856611756622,-0.1995555173366199
2024-06-03,7.113605948583683,0.1937493368270617
2024-06-04,7.028097993358776,-0.0855079552249069
2024-06-05,6.890244391808995,-0.1378536015497813
2024-06-06,6.789125130667247,-0.1011192611417479
2024-06-07,7.068927130435608,0.2798019997683605
2024-06-10,6.990434712735814,-0.0784924176997936
2024-06-11,7.092755117639403,0.1023204049035886
2024-06-12,6.702500688947519,-0.3902544286918834
2024-06-13,6.852795065899173,0.1502943769516536
2024-06-14,6.798794809371176,-0.0540002565279964
2024-06-17,6.94410072712941,0.1453059177582334
2024-06-18,6.794811120678943,-0.1492896064504663
2024-06-19,6.794811120678943,-0.1492896064504663
2024-06-20,6.729818391418391,-0.0649927292605525
2024-06-21,6.729456227914071,-0.0003621635043202
2024-06-24,6.911235838498987,0.1817796105849165
2024-06-25,6.849206798877629,-0.0620290396213585
2024-06-26,7.027129986710117,0.177923187832488
2024-06-27,6.989249100512405,-0.037880886197712
2024-06-28,7.151798778407175,0.1625496778947699
2024-07-01,7.267502535787136,0.1157037573799613
2024-07-02,7.115220928802176,-0.1522816069849595
2024-07-03,6.8618072452756165,-0.2534136835265599
2024-07-04,6.8618072452756165,-0.2534136835265599
2024-07-05,6.846536948170304,-0.0152702971053129
2024-07-08,7.059071273718031,0.2125343255477272
2024-07-09,6.943188998435616,-0.1158822752824146
2024-07-10,6.857577468643456,-0.0856115297921604
2024-07-11,6.823273788607107,-0.0343036800363485
2024-07-12,6.844072008392694,0.0207982197855871
2024-07-15,7.048231620990132,0.2041596125974374
2024-07-16,6.915026860009974,-0.1332047609801581
2024-07-17,6.728092338091618,-0.1869345219183555
2024-07-18,7.039569661501803,0.3114773234101848
2024-07-19,6.863732582718165,-0.1758370787836378
2024-07-22,7.040910242591065,0.1771776598728998
2024-07-23,6.962916532795218,-0.0779937097958471
2024-07-24,7.071285318176485,0.1083687853812671
2024-07-25,6.876168424274829,-0.1951168939016554
2024-07-26,6.930948750851099,0.05478032657627
2024-07-29,6.908355285097468,-0.0225934657536317
2024-07-30,6.937661011742256,0.0293057266447887
2024-07-31,6.935301143494144,-0.0023598682481127
2024-08-01,6.555479319244361,-0.3798218242497828
2024-08-02,6.509122115417053,-0.0463572038273074
2024-08-05,6.596137975395047,0.0870158599779937
2024-08-06,6.522667434347072,-0.0734705410479747
2024-08-07,6.659325795379505,0.136658361032433
2024-08-08,6.82152672490075,0.1622009295212443
2024-08-09,6.780576002963706,-0.0409507219370439
2024-08-12,6.706894378084876,-0.0736816248788292
2024-08-13,6.655460846946104,-0.0514335311387723
2024-08-14,6.649071923420504,-0.0063889235256002
2024-08-15,6.7201942388092455,0.0711223153887417
2024-08-16,6.704256329731122,-0.015937909078123
2024-08-19,6.712756624123873,0.0085002943927507
2024-08-20,6.602323948294691,-0.1104326758291822
2024-08-21,6.619794380967105,0.0174704326724137
2024-08-22,6.827874174653947,0.2080797936868421
2024-08-23,6.423689795038396,-0.4041843796155504
2024-08-26,6.726171255799232,0.3024814607608359
2024-08-27,6.4906775202178135,-0.2354937355814188
2024-08-28,6.564107948958787,0.0734304287409735
2024-08-29,6.872377540700276,0.3082695917414888
2024-08-30,6.70231693324626,-0.1700606074540154
2024-09-04,6.665129178134926,-0.0470139306026222
2024-09-05,6.648720599579569,-0.0164085785553567
2024-09-06,6.4211559826038656,-0.2275646169757035
2024-09-09,6.550670573457252,0.1295145908533861
2024-09-10,6.445641497867042,-0.1050290755902096
2024-09-11,6.566726908453285,0.1210854105862431
2024-09-12,6.566853507835683,0.0001265993823977
2024-09-13,6.654137434849009,0.0872839270133258
2024-09-16,6.446290306473826,-0.2078471283751826
2024-09-17,6.55335306661311,0.1070627601392839
2024-09-18,6.497950461735694,-0.0554026048774165
2024-09-19,6.6784788680957,0.1805284063600067
2024-09-20,6.722490133107887,0.0440112650121866
2024-09-23,6.596393960871334,-0.1260961722365534
2024-09-24,6.442369474081239,-0.1540244867900941
2024-09-25,6.706205387563033,0.2638359134817936
2024-09-26,6.494299785901114,-0.2119056016619191
2024-09-27,6.67702507599369,0.1827252900925762
2024-09-30,6.670366996201281,-0.0066580797924089
2024-10-01,6.685329511295679,0.0149625150943979
2024-10-02,6.799367102704359,0.1140375914086799
2024-10-03,6.674004681740383,-0.1253624209639756
2024-10-04,6.727137891764224,0.0531332100238408
2024-10-07,6.960370454564449,0.2332325628002252
2024-10-08,7.147974285274491,0.1876038307100413
2024-10-09,6.8828704498603415,-0.2651038354141493
2024-10-10,6.89070917478485,0.0078387249245084
2024-10-11,6.964959759979166,0.0742505851943162
2024-10-14,6.94649249207742,-0.0184672679017463
2024-10-15,6.995131175715744,0.0486386836383241
2024-10-16,6.964111556910267,-0.0310196188054767
2024-10-17,6.912797140954456,-0.0513144159558107
2024-10-18,7.2156705696307295,0.3028734286762731
2024-10-21,7.0223220637963175,-0.193348505834412
2024-10-22,7.141400740029367,0.1190786762330491
2024-10-23,7.197047671950083,0.055646931920716
2024-10-24,7.208176283584625,0.0111286116345423
2024-10-25,7.128200254415314,-0.0799760291693107
2024-10-28,7.180832736226267,0.0526324818109529
2024-10-29,7.221894615318765,0.0410618790924974
2024-10-30,7.370619140151136,0.1487245248323709
2024-10-31,7.237421272884687,-0.1331978672664489
2024-11-01,7.424478056967892,0.1870567840832055
2024-11-04,7.181018012254405,-0.2434600447134869
2024-11-05,7.295598333162514,0.1145803209081082
2024-11-06,7.419209549507848,0.123611216345334
2024-11-07,7.344088129022181,-0.0751214204856669
2024-11-08,7.500679288243658,0.1565911592214774
2024-11-11,7.35266805528201,-0.1480112329616485
2024-11-12,7.376439887438638,0.023771832156628
2024-11-13,7.289456622730647,-0.0869832647079906
2024-11-14,7.484071353107229,0.1946147303765819
2024-11-15,7.507137828147669,0.0230664750404399
2024-11-18,7.344268474595384,-0.1628693535522849
2024-11-19,7.165396900394221,-0.178871574201163
2024-11-20,7.497530042888195,0.3321331424939737
2024-11-21,7.418720848205549,-0.0788091946826456
2024-11-22,7.429708749799861,0.0109879015943121
2024-11-25,7.13014707869721,-0.2995616711026514
2024-11-26,7.306256329167662,0.1761092504704526
2024-11-27,7.235025601930854,-0.0712307272368084
2024-11-28,7.235025601930854,-0.0712307272368084
2024-11-29,7.221199057899023,-0.013826544031831
2024-12-02,7.09605442237009,-0.1251446355289331
2024-12-03,7.35625977131664,0.2602053489465508
2024-12-04,7.086854215008167,-0.2694055563084738
2024-12-05,7.203517534159081,0.1166633191509145
2024-12-06,7.085010781434967,-0.1185067527241141
2024-12-09,7.143133482397243,0.0581227009622757
2024-12-10,7.113260810635308,-0.029872671761935
2024-12-11,7.307870970241295,0.194610159605987
2024-12-12,7.367301233804063,0.0594302635627679
2024-12-13,7.401873962043981,0.0345727282399179
2024-12-16,7.47383242629289,0.071958464248909
2024-12-17,7.438400445443754,-0.0354319808491361
2024-12-18,7.478297889824684,0.0398974443809301
2024-12-19,7.683060378277195,0.204762488452511
2024-12-20,7.513781224139148,-0.1692791541380467
2024-12-23,7.684575448376199,0.170794224237051
2024-12-24,7.564942745016581,-0.1196327033596178
2024-12-25,7.564942745016581,-0.1196327033596178
2024-12-26,7.551896196986775,-0.0130465480298065
2024-12-27,7.746075130608933,0.1941789336221582
2024-12-30,7.448506447293245,-0.2975686833156876
2024-12-31,7.518832354779878,0.0703259074866329
2025-01-02,7.379872684366998,-0.1389596704128797
2025-01-03,7.5131309121656225,0.133258227798624
2025-01-06,7.517245584294335,0.0041146721287121
2025-01-07,7.60029645656244,0.0830508722681049
2025-01-08,7.673916541212499,0.0736200846500594
2025-01-09,7.673916541212499,0.0736200846500594
2025-01-10,7.722845501848788,0.0489289606362888
2025-01-13,7.892538585195535,0.1696930833467469
2025-01-14,8.004935459898281,0.1123968747027461
2025-01-15,7.578412389213639,-0.4265230706846417
2025-01-16,7.698537400727575,0.1201250115139354
2025-01-17,7.622881002443957,-0.075656398283618
2025-01-20,7.622881002443957,-0.075656398283618
2025-01-21,7.502429871844004,-0.1204511305999522
2025-01-22,7.569769432340775,0.0673395604967703
2025-01-23,7.552750520656968,-0.0170189116838068
2025-01-24,7.558692464931823,0.0059419442748547
2025-02-03,7.408837090630782,-0.1780282770526779
2025-02-04,7.455860671326216,0.0470235806954342
2025-02-05,7.392690613078898,-0.0631700582473184
2025-02-06,7.515409811702275,0.1227191986233773
2025-02-07,7.496552254370985,-0.0188575573312901
2025-02-10,7.671989795505549,0.1754375411345643
2025-02-11,7.265823991865461,-0.4061658036400883
2025-02-12,7.477335573956214,0.2115115820907531
2025-02-13,7.477659459146013,0.0003238851897986
2025-02-14,7.448815681730486,-0.0288437774155267
2025-02-17,7.448815681730486,-0.0288437774155267
2025-02-18,7.421808387411,-0.0270072943194863
2025-02-19,7.4028337405233025,-0.0189746468876972
2025-02-20,7.534281590415587,0.1314478498922842
2025-02-21,7.419090984590487,-0.1151906058250995
2025-02-24,7.439557403732454,0.0204664191419672
2025-02-25,7.391469076152525,-0.0480883275799293
2025-02-26,7.186223997991148,-0.2052450781613766
2025-02-27,7.158765165406199,-0.0274588325849496
2025-02-28,7.210075402199015,0.0513102367928164
2025-03-03,7.231662477536938,0.0215870753379228
2025-03-04,7.202482227800821,-0.0291802497361173
2025-03-05,7.053806715951493,-0.1486755118493281
2025-03-06,7.2017447233843095,0.1479380074328169
2025-03-07,7.208854238355775,0.0071095149714652
2025-03-10,7.093111505183414,-0.115742733172361
2025-03-11,7.074810415544772,-0.0183010896386415
2025-03-12,7.286632743911714,0.2118223283669413
2025-03-13,7.325522821809388,0.0388900778976744
2025-03-14,7.266411445505183,-0.0591113763042052
2025-03-17,7.146403547016245,-0.1200078984889376
2025-03-18,7.320974572368554,0.1745710253523089
2025-03-19,7.111948871570306,-0.2090257007982483
2025-03-20,7.144824104122717,0.0328752325524117
2025-03-21,7.248427522062606,0.1036034179398885
2025-03-24,7.254673320914994,0.0062457988523876
2025-03-25,7.19646088109972,-0.0582124398152732
2025-03-26,7.249739089366614,0.0532782082668932
2025-03-27,7.268591742484026,0.0188526531174124
2025-03-28,7.119119118964882,-0.1494726235191441
2025-03-31,7.250350924603411,0.1312318056385288
2025-04-01,7.040331238445365,-0.2100196861580459
2025-04-02,7.038613544522288,-0.0017176939230765
2025-04-03,6.926108126791886,-0.1125054177304027
2025-04-04,6.980054446889421,0.0539463200975349
2025-04-08,7.1734155057729865,0.1896750625882877
2025-04-09,7.346846170321564,0.1734306645485777
2025-04-10,7.234115938403027,-0.1127302319185368
2025-04-11,7.3095066407950275,0.0753907023920001
2025-04-14,7.164262401152095,-0.1452442396429329
2025-04-15,7.16899981046231,0.0047374093102154
2025-04-16,7.149837972642876,-0.0191618378194338
2025-04-17,7.3141263638749745,0.1642883912320982
2025-04-18,7.3141263638749745,0.1642883912320982
2025-04-21,7.260173980422321,-0.0539523834526534
2025-04-22,7.340559776226598,0.0803857958042773
2025-04-23,7.2835570992344,-0.057002676992198
2025-04-24,7.107977819337672,-0.1755792798967279
2025-04-25,7.192849763914981,0.0848719445773085
2025-04-28,7.00853853931573,-0.1843112245992513
2025-04-29,7.026321564427409,0.0177830251116795
2025-05-05,7.3013421456127485,0.1884387443150519
2025-05-06,7.196059108147292,-0.1052830374654565
2025-05-07,7.18359959183962,-0.0124595163076719
2025-05-08,7.078122258891105,-0.1054773329485154
2025-05-09,7.246645526088192,0.1685232671970871
2025-05-12,7.237378971636074,-0.0092665544521173
2025-05-13,7.370709528002187,0.1333305563661122
2025-05-14,7.566979558456717,0.1962700304545306
2025-05-15,7.2572944892676094,-0.3096850691891077
2025-05-16,7.235815268422993,-0.0214792208446166
2025-05-19,7.096497742851003,-0.1393175255719896
2025-05-20,7.389249466751764,0.2927517239007606
2025-05-21,7.23932941067603,-0.1499200560757341
2025-05-22,7.186785399325503,-0.0525440113505268
2025-05-23,7.339019401615883,0.1522340022903803
2025-05-26,7.339019401615883,0.1522340022903803
2025-05-27,7.073251309826874,-0.2657680917890088
2025-05-28,7.316253113408422,0.2430018035815475
2025-05-29,7.083393324591011,-0.2328597888174108
2025-05-30,7.14163844531576,0.0582451207247487
2025-06-02,7.342248182138067,0.2006097368223072
2025-06-03,7.215100261211692,-0.127147920926375
2025-06-04,7.004314963684471,-0.210785297527221
2025-06-05,7.204412820568754,0.200097856884283
2025-06-06,7.137163219157923,-0.0672496014108308
2025-06-09,7.315993778419781,0.1788305592618577
2025-06-10,7.322342925191728,0.0063491467719467
2025-06-11,7.128708981793496,-0.1936339433982317
2025-06-12,6.9939553373080106,-0.1347536444854853
2025-06-13,7.132962803223853,0.1390074659158422
2025-06-16,7.035510322681779,-0.0974524805420742
2025-06-17,7.185113555201202,0.1496032325194232
2025-06-18,6.998652270395812,-0.1864612848053894
2025-06-19,6.998652270395812,-0.1864612848053894
2025-06-20,7.028712899062336,0.0300606286665239
2025-06-23,7.077916800375621,0.0492039013132847
2025-06-24,6.891550360593547,-0.1863664397820743
2025-06-25,7.089689208706737,0.1981388481131905
2025-06-26,6.864837505896963,-0.224851702809774
2025-06-27,6.940479671478041,0.0756421655810779
2025-06-30,6.787278779310637,-0.1532008921674039
2025-07-01,7.004560642601828,0.2172818632911912
2025-07-02,7.0127132115903965,0.0081525689885681
2025-07-03,6.959791922341266,-0.0529212892491308
2025-07-04,6.959791922341266,-0.0529212892491308
2025-07-07,7.019438586740317,0.0596466643990512
2025-07-08,7.170737906297881,0.1512993195575642
2025-07-09,7.013074001028143,-0.1576639052697377
2025-07-10,7.002871589490042,-0.0102024115381009
2025-07-11,7.119756540656892,0.1168849511668499
2025-07-14,7.085599316787337,-0.0341572238695553
2025-07-15,7.115155660941667,0.0295563441543302
2025-07-16,7.0792617741575885,-0.0358938867840787
2025-07-17,6.878629293681678,-0.2006324804759103
2025-07-18,6.957918125665263,0.0792888319835851
2025-07-21,6.674270682724567,-0.2836474429406967
2025-07-22,6.992524909126024,0.3182542264014572
2025-07-23,6.910873317706308,-0.0816515914197157
2025-07-24,7.093896799698209,0.183023481991901
2025-07-25,6.775508866210892,-0.3183879334873172
2025-07-28,6.914768162680921,0.139259296470029
2025-07-29,6.843922341828176,-0.0708458208527451
2025-07-30,7.0140750101247855,0.1701526682966099
2025-07-31,6.945320909101769,-0.0687541010230168
2025-08-01,6.898974865696617,-0.0463460434051512
2025-08-04,6.829567871772199,-0.0694069939244181
2025-08-05,6.5921291078885496,-0.2374387638836497
2025-08-06,6.953123360127731,0.3609942522391813
2025-08-07,6.928032586042631,-0.0250907740850996
2025-08-08,6.880526165329055,-0.0475064207135762
2025-08-11,6.777157233362042,-0.1033689319670134
2025-08-12,6.704215041123672,-0.0729421922383695
2025-08-13,6.487293150633577,-0.2169218904900951
2025-08-14,6.651321623824401,0.1640284731908243
2025-08-15,6.575334617799063,-0.075987006025338
2025-08-18,6.860587820410726,0.2852532026116625
2025-08-19,6.945697830039974,0.0851100096292478
2025-08-20,6.833339678584639,-0.1123581514553349
2025-08-21,6.804145042893095,-0.0291946356915433
2025-08-22,6.695436510493867,-0.1087085323992287
2025-08-25,6.869418880098034,0.1739823696041673
2025-08-26,6.694115992828746,-0.1753028872692876
2025-08-27,6.787878751593853,0.0937627587651066
2025-08-28,6.653070467736542,-0.1348082838573105
2025-08-29,6.725617021684187,0.0725465539476442
2025-09-03,6.710257680178816,0.1227408148404807
2025-09-04,6.678068123996397,-0.032189556182419
2025-09-05,6.512250058699235,-0.1658180652971621
2025-09-08,6.544576279556914,0.0323262208576791
2025-09-09,6.420288816760346,-0.124287462796568
2025-09-10,6.435284420024978,0.0149956032646318
2025-09-11,6.45292270164938,0.0176382816244027
2025-09-12,6.612624269465668,0.1597015678162874
2025-09-15,6.409836396509512,-0.202787872956156
2025-09-16,6.463124771251525,0.0532883747420136
2025-09-17,6.469921790524994,0.0067970192734687
2025-09-18,6.295598238933174,-0.1743235515918204
2025-09-19,6.545972761791068,0.2503745228578946
2025-09-22,6.513556073614259,-0.0324166881768093
2025-09-23,6.528984168633837,0.0154280950195779
2025-09-24,6.525470309206909,-0.0035138594269277
2025-09-25,6.601620894742857,0.0761505855359478
2025-09-26,6.401484693062777,-0.2001362016800802
2025-09-29,6.344508027198787,-0.0569766658639903
2025-09-30,6.385915661886448,0.041407634687661
2025-10-01,6.396921976201615,0.0110063143151677
2025-10-02,6.418006544700881,0.0210845684992655
2025-10-03,6.644060160478941,0.2260536157780599
2025-10-06,6.501590892351637,-0.1424692681273036
2025-10-07,6.314577831072759,-0.1870130612788783
2025-10-08,6.403601639892948,0.0890238088201886
2025-10-09,6.510269018580949,0.1066673786880016
2025-10-10,6.371583289746932,-0.1386857288340168
2025-10-13,6.287990486812704,-0.0835928029342287
2025-10-14,6.305694280528472,0.0177037937157686
2025-10-15,6.376681160698882,0.0709868801704098
2025-10-16,6.257666947321424,-0.1190142133774578
2025-10-17,6.463384135453441,0.2057171881320165
2025-10-20,6.329587451340981,-0.1337966841124602
2025-10-21,6.247992277425807,-0.0815951739151739
2025-10-22,6.348600707812334,0.1006084303865275
2025-10-23,6.42967795417092,0.0810772463585856
2025-10-24,6.305684705700522,-0.1239932484703976
2025-10-27,6.251367832806077,-0.0543168728944456
2025-10-28,6.168293701962595,-0.0830741308434817
2025-10-29,6.326381406403495,0.1580877044409003
2025-10-30,6.318984624759669,-0.007396781643826
2025-10-31,6.40127418332175,0.0822895585620804
2025-11-03,6.219063402146145,-0.1822107811756046
2025-11-04,6.256650617503828,0.037587215357683
2025-11-05,6.309867984727899,0.0532173672240707
2025-11-06,6.305163517104461,-0.004704467623438
2025-11-07,6.166093195157074,-0.1390703219473872
2025-11-10,6.372037233649168,0.2059440384920945
2025-11-11,6.286340443226561,-0.0856967904226069
2025-11-12,6.312195544414072,0.0258551011875107
2025-11-13,6.136381154050572,-0.1758143903634996
2025-11-14,6.249971126932692,0.1135899728821199
2025-11-17,6.453823509168888,0.2038523822361959
2025-11-18,6.291621269692351,-0.162202239476537
2025-11-19,6.511639412833869,0.2200181431415178
2025-11-20,6.166955942590876,-0.3446834702429928
2025-11-21,6.244432705494164,0.0774767629032879
2025-11-24,6.103804433024307,-0.1406282724698568
2025-11-25,6.165483644641007,0.0616792116166999
2025-11-26,5.861705444583558,-0.3037782000574491
2025-11-27,5.861705444583558,-0.3037782000574491
2025-11-28,6.264138170173473,0.4024327255899145
2025-12-01,6.317895533229214,0.053757363055741
2025-12-02,6.3746045412770345,0.0567090080478207
2025-12-03,6.266743240455109,-0.1078613008219253
2025-12-04,6.289791047290543,0.023047806835434
2025-12-05,6.216189147009215,-0.0736019002813277
2025-12-08,6.213566034201059,-0.0026231128081564
2025-12-09,6.081637960990308,-0.1319280732107506
2025-12-10,6.458349654262792,0.3767116932724832
2025-12-11,6.161455390137778,-0.2968942641250134
2025-12-12,6.285581512215012,0.124126122077234
2025-12-15,6.228802862294206,-0.0567786499208065
2025-12-16,6.36354942846118,0.1347465661669744
2025-12-17,6.2607555906417485,-0.1027938378194317
2025-12-18,6.180234406773399,-0.080521183868349
2025-12-19,6.345152179228604,0.1649177724552046
2025-12-22,6.25943016358258,-0.0857220156460236
2025-12-23,6.363510092485932,0.1040799289033511
2025-12-24,6.297339059836581,-0.0661710326493505
2025-12-25,6.297339059836581,-0.0661710326493505
2025-12-26,6.203077573222128,-0.0942614866144531
2025-12-29,6.169110485167808,-0.0339670880543199
2025-12-30,6.228344322228539,0.0592338370607308
2025-12-31,6.172540842449452,-0.0558034797790867
2026-01-05,6.164437325513334,-0.1288356818421823
2026-01-06,6.290511527566313,0.1260742020529788
2026-01-07,6.211734896587993,-0.0787766309783197
2026-01-08,6.196481543839592,-0.0152533527484006
2026-01-09,6.125519990178762,-0.0709615536608305
2026-01-12,6.325668182185787,0.2001481920070249
2026-01-13,6.192884475086382,-0.1327837070994046
2026-01-14,6.094213017401833,-0.0986714576845493
2026-01-15,6.24731068186102,0.153097664459187
2026-01-16,6.314574859236222,0.0672641773752023
2026-01-19,6.314574859236222,0.0672641773752023
2026-01-20,6.299241875954629,-0.0153329832815929
2026-01-21,6.448125612883928,0.1488837369292985
2026-01-22,6.322790743266733,-0.1253348696171947
2026-01-23,6.342056529826904,0.0192657865601706
2026-01-26,6.237860162407738,-0.1041963674191652
2026-01-27,6.315686153413377,0.0778259910056382
2026-01-28,6.423273466156187,0.1075873127428108
2026-01-29,6.032676905578707,-0.3905965605774808
2026-01-30,6.468547810519794,0.4358709049410878
2026-02-02,6.219934779922975,-0.248613030596819
2026-02-03,6.517013099390673,0.2970783194676976
2026-02-04,6.360491018380166,-0.1565220810105065
2026-02-05,6.141507426873688,-0.2189835915064781
2026-02-06,6.149915083311922,0.0084076564382336
2026-02-09,6.382031771463527,0.2321166881516054
2026-02-10,6.034986239050801,-0.3470455324127259
2026-02-11,6.1345484218059045,0.0995621827551032
2026-02-12,6.05299048408408,-0.0815579377218247
2026-02-13,6.125058439840027,0.0720679557559469
2026-02-23,6.122510250020176,-0.0499244960639808
2026-02-24,6.000166278947837,-0.1223439710723388
2026-02-25,6.212668225130024,0.2125019461821864
2026-02-26,6.055643210154176,-0.1570250149758481
2026-02-27,6.112935635756351,0.0572924256021751
2026-03-02,6.0374980881896745,-0.0754375475666764
2026-03-03,6.168943302325803,0.1314452141361286
2026-03-04,6.04041701426417,-0.1285262880616331
2026-03-05,6.137599521163592,0.0971825068994221
2026-03-06,6.004843656049607,-0.1327558651139853
2026-03-09,6.0828523320285415,0.0780086759789346
2026-03-10,6.079432440967192,-0.0034198910613492
2026-03-11,6.177855219346303,0.0984227783791107
2026-03-12,6.281577561625263,0.1037223422789601
2026-03-13,6.3660044835728975,0.0844269219476343
2026-03-16,6.231603901905523,-0.1344005816673741
2026-03-17,6.233101788797804,0.001497886892281
2026-03-18,6.2818738914315055,0.0487721026337011
2026-03-19,6.285095135233446,0.0032212438019403
2026-03-20,6.442201665024484,0.1571065297910383
2026-03-23,6.246319241599,-0.1958824234254841
2026-03-24,6.431665845579111,0.1853466039801112
2026-03-25,6.202498507661241,-0.22916733791787
2026-03-26,6.47195795242428,0.2694594447630383
2026-03-27,6.426431035605455,-0.045526916818825
2026-03-30,6.487745236945294,0.0613142013398393
2026-03-31,6.183937364912226,-0.3038078720330679
2026-04-01,6.154283092563123,-0.0296542723491031
2026-04-02,6.412374109245707,0.2580910166825845
2026-04-03,6.412374109245707,0.2580910166825845
2026-04-06,6.398639960466391,-0.0137341487793163
2026-04-07,6.350628606137981,-0.0480113543284099
2026-04-08,6.4098048650934505,0.0591762589554694
2026-04-09,6.374132889326702,-0.035671975766748
2026-04-10,6.225685074300919,-0.1484478150257837
2026-04-13,6.263707014510761,0.038021940209842
2026-04-14,6.289417177834076,0.0257101633233149
2026-04-15,6.266990513034566,-0.0224266647995099
2026-04-16,6.260416816934374,-0.006573696100192
2026-04-17,6.355906222439492,0.095489405505118
2026-04-20,6.222849254997433,-0.1330569674420587
2026-04-21,6.359747199695995,0.1368979446985623
2026-04-22,6.265457934199452,-0.0942892654965437
2026-04-23,6.276466301673677,0.0110083674742256
2026-04-24,6.397279531884296,0.1208132302106186
2026-04-28,6.279880753609246,-0.0915138854896744
2026-04-29,6.516125416936488,0.2362446633272421
