time,day,n10d,gprd,gprd_act,gprd_threat,gprd_ma30,gprd_ma7,event,var_name,var_label,gpr_log
2016-12-08,20161208,659,75.39987182617188,40.08948516845703,100.3157730102539,84.77568054199219,65.2447280883789,,,,3.6911140846776456
2016-12-09,20161209,699,71.08514404296875,75.59075927734375,63.0501594543457,85.47217559814453,66.13382720947266,,,,4.325334043933407
2016-12-12,20161212,555,95.49745178222656,95.20349884033205,79.40911865234375,85.46176147460938,74.83007049560547,,,,4.556016693646458
2016-12-13,20161213,580,137.07176208496094,136.64984130859375,132.97604370117188,87.77737426757812,84.61571502685547,,,,4.91742175107515
2016-12-14,20161214,627,110.9472427368164,147.4743194580078,79.07666778564453,86.36727142333984,85.70135498046875,,,,4.993654055252336
2016-12-15,20161215,669,108.9334716796875,118.4707260131836,98.8162841796875,87.28316497802734,90.49186706542967,,,,4.774665892192877
2016-12-16,20161216,706,107.91650390625,74.84127807617188,140.45628356933594,87.3184814453125,95.75349426269533,,,,4.315369578707584
2016-12-19,20161219,540,85.88137817382812,97.84803771972656,61.21119689941406,87.67203521728516,98.49341583251952,,,,4.583415639678064
2016-12-20,20161220,549,114.6426010131836,120.30496215820312,130.45008850097656,89.74077606201172,95.28925323486328,,,,4.790029870327815
2016-12-21,20161221,594,195.1849670410156,311.33465576171875,111.29308319091795,92.29634857177734,107.32321166992188,,,,5.740868397180359
2016-12-22,20161222,582,125.21733856201172,147.5286102294922,123.05343627929688,93.13487243652344,109.64948272705078,,,,4.994022124628155
2016-12-23,20161223,616,182.83653259277344,246.6056365966797,134.1479034423828,96.70667266845705,120.3523406982422,,,,5.507790447714275
2016-12-26,20161226,346,95.73894500732422,133.62196350097656,95.53192138671876,98.6736297607422,129.17718505859375,,,,4.895014645053163
2016-12-27,20161227,401,90.86843872070312,82.35340118408203,82.42903900146484,98.03939056396484,125.78087615966795,,,,4.411019757338244
2016-12-28,20161228,494,127.40645599365234,160.43910217285156,122.67020416259766,98.5796356201172,116.09823608398438,,,,5.077914444855601
2016-12-29,20161229,503,98.7843246459961,91.91490936279295,109.52301788330078,97.02478790283205,112.32209014892578,,,,4.520863250836247
2016-12-30,20161230,561,206.6664276123047,247.23635864257807,196.3995513916016,99.90792846679688,115.7263641357422,,,,5.510344796655507
2017-01-03,20170103,516,121.9743881225586,89.5992202758789,138.79283142089844,108.55113983154295,137.56170654296875,,,,4.495346617664882
2017-01-04,20170104,578,108.89063262939452,91.41512298583984,114.37386322021484,109.33985900878906,134.91659545898438,,,,4.515410924136888
2017-01-05,20170105,632,68.13825988769531,62.703250885009766,87.1678466796875,109.3253936767578,130.53858947753906,,,,4.138413294540571
2017-01-06,20170106,693,129.0610809326172,95.30653381347656,135.1416015625,110.18250274658205,119.4521026611328,,,,4.557098368787188
2017-01-09,20170109,576,161.02760314941406,217.86477661132807,114.77099609375,112.2161636352539,99.73495483398438,,,,5.383874579555451
2017-01-10,20170110,598,66.47293090820312,44.17887878417969,82.91148376464844,112.85450744628906,91.8061752319336,,,,3.7882468193127528
2017-01-11,20170111,674,137.6140899658203,166.5884552001953,130.7776336669922,114.2583999633789,95.9095230102539,,,,5.115526430814192
2017-01-12,20170112,689,129.81033325195312,95.85983276367188,167.90879821777344,114.01634979248048,104.71981811523438,,,,4.562887049140686
2017-01-13,20170113,704,127.04450225830078,103.19910430908205,140.8553009033203,114.55292510986328,104.4317398071289,,,,4.636660173834237
2017-01-16,20170116,502,72.58614349365234,39.47057342529297,98.76707458496094,110.96144104003906,89.59435272216797,,,,3.675555417699271
2017-01-17,20170117,592,100.71996307373048,122.72325897216795,102.36331939697266,111.59909057617188,94.48678588867188,,,,4.809931893428071
2017-01-18,20170118,711,102.49857330322266,120.7618179321289,85.23077392578125,112.15299987792967,89.47028350830078,,,,4.7938201588171525
2017-01-19,20170119,659,125.66645050048828,120.2684555053711,167.1929473876953,112.5204620361328,88.8782958984375,,,,4.789726373345755
2017-01-20,20170120,728,104.65530395507812,63.50714111328125,136.21173095703125,109.5028076171875,85.67984008789062,,,,4.151152358052536
2017-01-23,20170123,535,111.45087432861328,111.10781860351562,102.97209930419922,103.73614501953124,95.59207916259766,,,,4.710501068638505
2017-01-24,20170124,649,96.97809600830078,132.2983856201172,67.90764617919922,103.96642303466795,95.05752563476562,,,,4.8850598686286
2017-01-25,20170125,603,104.37609100341795,131.4376678466797,82.22399139404297,104.25432586669922,95.32574462890624,,,,4.878532730469652
2017-02-02,20170202,698,166.10296630859375,132.4733428955078,189.4214630126953,106.37135314941406,143.697021484375,,,,4.88638143949144
2017-02-03,20170203,720,184.0315399169922,100.90579223632812,252.4961853027344,108.87605285644533,152.9647979736328,,,,4.614187331423793
2017-02-06,20170206,555,83.56026458740234,47.601749420166016,109.18753814697266,109.33313751220705,138.79234313964844,,,,3.862869513086513
2017-02-07,20170207,593,184.3418731689453,167.06768798828125,195.09133911132807,114.21737670898438,138.1710968017578,,,,5.118399047592987
2017-02-08,20170208,585,101.92516326904295,90.3212661743164,103.5881805419922,112.24729919433594,131.22166442871094,,,,4.503372938502184
2017-02-09,20170209,646,92.30064392089844,112.46466064453124,76.7508773803711,113.10822296142578,120.67847442626952,,,,4.722639044691897
2017-02-10,20170210,655,212.408935546875,221.83868408203125,185.03536987304688,115.60137939453124,124.73238372802734,,,,5.401950469456316
2017-02-13,20170213,552,132.0226287841797,71.79067993164062,169.66146850585938,116.54306030273438,134.36123657226562,,,,4.273754661662647
2017-02-14,20170214,606,185.8536376953125,87.19132232666016,272.72314453125,121.76532745361328,134.57720947265625,,,,4.468104811360506
2017-02-15,20170215,641,118.85968017578124,92.73429107666016,128.9159393310547,123.30777740478516,136.9964141845703,,,,4.529738318697377
2017-02-16,20170216,650,127.40645599365234,91.45027923583984,161.03253173828125,124.19732666015624,142.01153564453125,,,,4.515795428258564
2017-02-17,20170217,711,88.52149963378906,65.02559661865234,100.72727966308594,123.73143005371094,124.3133316040039,,,,4.17478098651219
2017-02-20,20170220,450,110.41893005371094,102.74044036865234,122.42239379882812,124.67780303955078,116.91022491455078,,,,4.632205811273389
2017-02-21,20170221,571,139.23226928710938,104.10276794433594,164.0159912109375,126.48101043701172,110.25003051757812,,,,4.6453785645502
2017-02-22,20170222,626,95.24954986572266,84.40565490722656,88.0033187866211,125.9409637451172,106.8771514892578,,,,4.435634400627883
2017-02-23,20170223,665,59.775657653808594,69.52360534667969,41.42111206054688,124.7008819580078,97.21561431884766,,,,4.241666340180314
2017-02-24,20170224,693,90.82076263427734,85.77587890625,87.44457244873047,124.24903869628906,97.54407501220705,,,,4.451737835340224
2017-02-27,20170227,570,81.36131286621094,92.6981430053711,67.65447998046875,119.03953552246094,79.71705627441406,,,,4.5293484400666415
2017-02-28,20170228,619,69.56926727294922,106.70020294189452,53.39910507202149,117.48416137695312,69.76519775390625,,,,4.67002306029179
2017-03-01,20170301,662,130.10084533691406,129.70037841796875,124.8264617919922,116.27120208740234,74.74395751953125,,,,4.865227008958611
2017-03-02,20170302,723,114.5424575805664,91.3519058227539,121.91442108154295,113.79959869384766,82.56778717041016,,,,4.514719145471785
2017-03-03,20170303,716,64.7708740234375,64.57150268554688,69.24730682373047,110.93959045410156,78.84637451171875,,,,4.167773178561277
2017-03-06,20170306,565,117.259033203125,140.27772521972656,126.75592803955078,102.86009216308594,90.68633270263672,,,,4.943624209141969
2017-03-07,20170307,607,141.88922119140625,152.33343505859375,127.06112670898438,105.9057846069336,101.01775360107422,,,,5.026071770006575
2017-03-08,20170308,626,111.12447357177734,63.30424118041992,149.6056365966797,106.82459259033205,98.30684661865234,,,,4.147952328176102
2017-03-09,20170309,700,123.0382308959961,75.48277282714844,141.6602020263672,104.78113555908205,99.52052307128906,,,,4.323904455744368
2017-03-10,20170310,692,71.80421447753906,57.26655197143555,79.60993194580078,103.777099609375,100.5252914428711,,,,4.047716718052953
2017-03-13,20170313,591,78.47029876708984,67.05322265625,93.21501922607422,96.25259399414062,93.57604217529295,,,,4.205486672051423
2017-03-14,20170314,609,59.832916259765625,43.38090515136719,72.367919921875,95.26943969726562,81.85371398925781,,,,3.770019370818831
2017-03-15,20170315,622,95.8620834350586,127.42268371582033,70.85540008544922,94.0640869140625,79.67337799072266,,,,4.847509778433426
2017-03-16,20170316,740,80.57597351074219,62.477294921875,81.89065551757812,90.5548324584961,73.60733795166016,,,,4.134803209489737
2017-03-17,20170317,751,97.03926849365234,87.94596862792969,95.36231231689452,89.82748413085938,77.21234893798828,,,,4.476722633042961
2017-03-20,20170320,542,140.57020568847656,134.04458618164062,121.97064971923828,90.60894775390624,94.99010467529295,,,,4.898172477306473
2017-03-21,20170321,571,81.21882629394531,46.26789855957031,106.12799072265624,90.1474838256836,98.04523468017578,,,,3.834448384977443
2017-03-22,20170322,635,156.499267578125,124.81403350830078,199.5388641357422,91.6834945678711,106.70768737792967,,,,4.8268248975967065
2017-03-23,20170323,707,131.1907958984375,158.81277465820312,101.2971649169922,91.41544342041016,113.9383773803711,,,,5.067725990528415
2017-03-24,20170324,691,177.37338256835938,258.0724182128906,79.72514343261719,94.15290832519533,125.41468048095705,,,,5.553240236282978
2017-03-27,20170327,540,116.55330657958984,122.31005096435548,122.42239379882812,95.9274444580078,113.36953735351562,,,,4.806559222181022
2017-03-28,20170328,569,87.32604217529297,104.46868896484376,77.45529174804688,97.2347183227539,114.24199676513672,,,,4.648887399377007
2017-03-29,20170329,602,93.54426574707033,76.79933166503906,100.66293334960938,97.64081573486328,105.24842071533205,,,,4.341195937837624
2017-03-30,20170330,657,75.62940216064453,70.37016296386719,83.8509521484375,97.8428192138672,97.3110809326172,,,,4.253769351790288
2017-03-31,20170331,701,118.13721466064452,141.3282928466797,78.58783721923828,97.44403076171876,88.84877014160156,,,,4.951085502107216
2017-04-03,20170403,539,79.89495086669922,49.01478958129883,91.98713684082033,98.06212615966795,84.13323211669922,,,,3.892122080759434
2017-04-04,20170404,594,150.57125854492188,122.31005096435548,176.2140350341797,99.01042175292967,93.1682586669922,,,,4.806559222181022
2017-04-05,20170405,635,125.19940948486328,41.604679107666016,173.51205444335938,99.2751007080078,97.69042205810548,,,,3.728212639491644
2017-04-07,20170407,714,143.82296752929688,185.0067901611328,131.16685485839844,99.77214050292967,108.2844696044922,,,,5.220392527978456
2017-04-10,20170410,540,134.95645141601562,159.00306701660156,122.42239379882812,106.24494934082033,140.8036651611328,,,,5.068923491446782
2017-04-11,20170411,579,97.26019287109376,91.25724029541016,114.17632293701172,106.960205078125,133.18780517578125,,,,4.513682335018022
2017-04-12,20170412,580,171.33970642089844,193.58729553222656,189.9657745361328,110.05585479736328,139.77926635742188,,,,5.265728550438347
2017-04-13,20170413,634,156.74610900878906,187.516357421875,147.71786499023438,113.28629302978516,144.44271850585938,,,,5.233866081188648
2017-04-14,20170414,588,123.9395980834961,78.62789154052734,140.53591918945312,114.2222137451172,141.60223388671875,,,,4.364726490694481
2017-04-17,20170417,505,111.51217651367188,91.55088806152344,109.0892562866211,115.81220245361328,123.6765365600586,,,,4.516894971363188
2017-04-18,20170418,559,106.6658706665039,59.07641220092773,137.97157287597656,116.0372314453125,125.02020263671876,,,,4.078831728008198
2017-04-19,20170419,628,152.96888732910156,136.72238159179688,175.44610595703125,116.45051574707033,122.3957977294922,,,,4.917952458139212
2017-04-20,20170420,630,178.77349853515625,73.38603210449219,279.8226013183594,119.70233917236328,125.54257202148438,,,,4.295733619207529
2017-04-21,20170421,608,130.75924682617188,86.90451049804688,154.0347442626953,118.8443374633789,126.51680755615234,,,,4.464809935389797
2017-04-24,20170424,557,142.7318115234375,118.57706451416016,158.24798583984375,116.1431121826172,125.78669738769533,,,,4.775563082652853
2017-04-25,20170425,643,61.82086181640625,61.63056945800781,51.405982971191406,116.63916778564452,119.38026428222656,,,,4.121158004879668
2017-04-26,20170426,647,92.1579818725586,61.249542236328125,102.17633819580078,115.82598876953124,110.6929931640625,,,,4.114956375704306
2017-04-27,20170427,634,104.49739837646484,93.7581787109375,104.2714385986328,116.39836883544922,100.08212280273438,,,,4.540718900628702
2017-04-28,20170428,734,126.36498260498048,116.97772979736328,142.60372924804688,117.49239349365234,99.4543685913086,,,,4.761983573067832
2017-05-03,20170503,634,109.7222671508789,31.25272750854492,165.096435546875,120.04957580566406,102.23430633544922,,,,3.4421066526471464
2017-05-04,20170504,725,95.9502410888672,127.53984832763672,60.7890510559082,118.22887420654295,101.0132827758789,,,,4.848428851672343
2017-05-05,20170505,738,76.30575561523438,44.74757766723633,89.57735443115234,116.59908294677734,93.86196899414062,,,,3.801037312914677
2017-05-08,20170508,546,72.8036880493164,48.38639450073242,90.80782318115234,107.27120971679688,81.91807556152344,,,,3.879218668848301
2017-05-09,20170509,596,77.81199645996094,77.57247924804688,64.70310974121094,105.5197525024414,74.92811584472656,,,,4.351212715421016
2017-05-10,20170510,561,123.99986267089844,117.7315902709961,127.6597137451172,105.15453338623048,76.9677734375,,,,4.768407374779358
2017-05-11,20170511,630,99.90283203125,104.83718872070312,87.44457244873047,105.24262237548828,77.53243255615234,,,,4.6524085631462615
2017-05-12,20170512,671,78.98820495605469,49.215667724609375,98.52174377441406,102.16423797607422,77.91563415527344,,,,3.896212022491105
2017-05-15,20170515,527,75.4284896850586,25.06543731689453,104.53524780273438,93.6342544555664,74.89781188964844,,,,3.221489897876032
2017-05-16,20170516,619,74.9207534790039,64.02012634277344,71.19880676269531,93.26020050048828,74.48477935791016,,,,4.159197508028889
2017-05-17,20170517,578,97.42845916748048,79.98823547363281,95.3115463256836,92.79074096679688,70.6888656616211,,,,4.3818795672804125
2017-05-18,20170518,644,97.73103332519533,102.55811309814452,76.9892349243164,92.49291229248048,70.37860870361328,,,,4.630429594974102
2017-05-19,20170519,700,75.71583557128906,37.74138641357422,94.44012451171876,89.91781616210938,69.91112518310547,,,,3.6307572751844224
2017-05-22,20170522,531,143.4822235107422,37.3149299621582,228.24514770507807,84.04817962646484,86.66373443603516,,,,3.61939351364626
2017-05-23,20170523,571,139.23226928710938,115.66975402832033,154.36798095703125,87.31587982177734,95.85108947753906,,,,4.750739182810023
2017-05-24,20170524,619,181.95040893554688,224.07041931152344,133.4977569580078,88.6231689453125,107.9256591796875,,,,5.411960374376983
2017-05-25,20170525,656,146.43972778320312,191.2958984375,117.57028198242188,91.44379425048828,114.88404083251952,,,,5.253821435743278
2017-05-26,20170526,638,218.0687255859375,289.8633117675781,172.6961669921875,95.6408233642578,135.2201690673828,,,,5.669409473133014
2017-05-29,20170529,481,103.30252838134766,164.77528381347656,91.62590789794922,96.49212646484376,146.59542846679688,,,,5.104582629367745
2017-05-30,20170530,491,128.18490600585938,107.61292266845705,123.4197235107422,99.49868774414062,145.01722717285156,,,,4.678540739665587
2017-05-31,20170531,588,157.74131774902344,213.41856384277344,93.69061279296876,100.5483856201172,141.5587921142578,,,,5.363255325912537
2017-06-01,20170601,548,90.67247772216795,96.41960144042967,90.47640228271484,99.34607696533205,133.592041015625,,,,4.568709515391145
2017-06-02,20170602,561,88.57132720947266,47.09263610839844,117.83973693847656,98.64104461669922,115.09241485595705,,,,3.8521166429052025
2017-06-05,20170605,491,276.6095275878906,430.4516906738281,123.4197235107422,105.34553527832033,129.77554321289062,,,,6.064835100785478
2017-06-06,20170606,583,227.27735900878903,339.8666687011719,179.53883361816406,112.18695831298828,143.93161010742188,,,,5.828553389820037
2017-06-07,20170607,633,245.9568328857422,333.8890380859375,165.3572540283203,117.95872497558594,156.5338134765625,,,,5.81080871647939
2017-06-08,20170608,670,182.932846069336,236.58778381347656,164.44798278808594,121.46275329589844,169.7138671875,,,,5.46631931797747
2017-06-09,20170609,792,121.29351043701172,175.12576293945312,118.2489013671875,121.37254333496094,174.3884735107422,,,,5.165504361189884
2017-06-12,20170612,550,144.54840087890625,156.11209106445312,150.24566650390625,123.12938690185548,148.5096435546875,,,,5.050574281693119
2017-06-13,20170613,588,107.03875732421876,101.09300231933594,112.42872619628906,125.44258880615234,131.33270263671875,,,,4.616040908194091
2017-06-14,20170614,642,77.39643859863281,72.01432800292969,94.39109802246094,125.50818634033205,107.2526397705078,,,,4.276865099258864
2017-06-15,20170615,644,108.0185089111328,112.8139190673828,102.6523208618164,126.61144256591795,96.55059051513672,,,,4.725739727438736
2017-06-16,20170616,690,105.61810302734376,86.14881896972656,127.74510955810548,126.88442993164062,94.31124877929688,,,,4.456076253880858
2017-06-19,20170619,523,171.01210021972656,252.5714111328125,115.86823272705078,130.33929443359375,105.38084411621094,,,,5.531694025097979
2017-06-20,20170620,584,204.19937133789065,237.4993133544922,160.3649444580078,135.3170623779297,119.26093292236328,,,,5.470164732331536
2017-06-21,20170621,680,180.2426605224609,165.11856079101562,210.63853454589844,136.5424041748047,133.9532470703125,,,,5.106663766115529
2017-06-22,20170622,693,210.32177734375,219.2050170898437,206.68716430664065,138.9120635986328,148.5679931640625,,,,5.390007442995524
2017-06-23,20170623,710,107.30852508544922,111.62945556640624,93.10999298095705,136.4239959716797,148.8094940185547,,,,4.715184953888583
2017-06-26,20170626,516,128.3940887451172,89.5992202758789,149.4691925048828,128.73538208007812,140.9276885986328,,,,4.495346617664882
2017-06-27,20170627,562,106.09647369384766,141.0265350341797,78.42003631591797,129.38516235351562,126.9129867553711,,,,4.948948064404097
2017-06-28,20170628,602,110.05207824707033,120.6846694946289,82.36058044433594,129.6101531982422,116.88575744628906,,,,4.793181106736108
2017-06-29,20170629,641,103.3562469482422,92.73429107666016,103.13274383544922,128.78253173828125,101.60496520996094,,,,4.529738318697377
2017-06-30,20170630,678,102.60165405273438,77.93206787109375,113.75531768798828,126.94454193115234,100.93255615234376,,,,4.3558375224847365
2017-07-03,20170703,522,120.5723876953125,63.263816833496094,147.75115966796875,127.7300033569336,100.81549835205078,,,,4.14731355171176
2017-07-04,20170704,510,77.9427719116211,0.0,129.62371826171875,127.4662628173828,96.79354095458984,,,,4.14731355171176
2017-07-05,20170705,555,208.90066528320312,95.20349884033205,287.8580627441406,125.20930480957033,110.9147720336914,,,,4.556016693646458
2017-07-06,20170706,617,177.17137145996094,96.34146118164062,267.8609924316406,123.53910064697266,121.45978546142578,,,,4.567898768012952
2017-07-07,20170707,687,115.72289276123048,67.29723358154297,152.3597412109375,119.1979751586914,123.3342514038086,,,,4.209119130033796
2017-07-10,20170710,507,98.00495910644533,52.10842514038086,130.39071655273438,117.2173843383789,127.36949920654295,,,,3.953326646633324
2017-07-11,20170711,530,112.50230407714844,62.308895111083984,135.12660217285156,119.28351593017578,132.30657958984375,,,,4.132104194270588
2017-07-12,20170712,598,94.16999053955078,77.31304168701172,119.76103973388672,117.60423278808594,115.91647338867188,,,,4.347862656589105
2017-07-13,20170713,658,55.37727355957031,50.18801498413086,58.60646057128906,115.8821792602539,98.51731872558594,,,,3.91577625285744
2017-07-14,20170714,676,93.1047134399414,78.16263580322266,114.09187316894533,116.40579223632812,95.28614807128906,,,,4.358791730339182
2017-07-17,20170717,494,113.9952392578125,93.58946990966795,144.97389221191406,113.35523986816406,78.37824249267578,,,,4.538917876189752
2017-07-18,20170718,471,140.66104125976562,98.15965270996094,163.74969482421875,114.80364990234376,82.40091705322266,,,,4.586595262396815
2017-07-19,20170719,593,67.03340911865234,33.41353988647461,92.90062713623048,111.33769989013672,78.52426147460938,,,,3.508961203658615
2017-07-20,20170720,635,114.76612091064452,62.40701675415039,147.48524475097656,108.3565902709961,87.00838470458984,,,,4.133677717036761
2017-07-21,20170721,703,80.10476684570312,84.55573272705078,70.52783203125,105.01866149902344,85.15125274658203,,,,4.437410875849759
2017-07-24,20170724,497,53.32100677490234,26.57843971252441,66.50713348388672,100.34711456298828,95.85464477539062,,,,3.280100350001689
2017-07-25,20170725,562,100.20222473144533,70.51326751708984,117.63005828857422,101.51738739013672,90.07481384277344,,,,4.255800883844152
2017-07-26,20170726,609,125.1051788330078,86.76181030273438,153.7818145751953,101.40775299072266,98.37078094482422,,,,4.463166551378776
2017-07-27,20170727,618,107.20284271240234,128.2474365234375,98.05677032470705,101.44463348388672,97.29031372070312,,,,4.853961495729768
2017-07-28,20170728,669,113.88499450683594,98.72560119628906,107.05097198486328,101.57239532470705,102.11605834960938,,,,4.5923442967595305
2017-07-31,20170731,485,170.75091552734375,149.7982940673828,204.4580078125,101.76856231689452,107.81724548339844,,,,5.009289682950069
2017-08-01,20170801,551,198.3933563232422,143.84193420410156,219.9603729248047,106.16343688964844,121.84455108642578,,,,4.968715017546844
2017-08-02,20170802,570,145.28805541992188,57.93634033203125,193.2985076904297,106.98729705810548,124.72782135009766,,,,4.059344827281634
2017-08-03,20170803,561,135.8093719482422,58.86579513549805,186.57958984375,108.91618347167967,128.81446838378906,,,,4.075260194219412
2017-08-04,20170804,624,95.55484008789062,52.9226188659668,123.59953308105467,105.1379852294922,126.19587707519533,,,,3.968830825285468
2017-08-07,20170807,492,127.9243621826172,93.96991729736328,134.36602783203125,101.46849060058594,122.64473724365234,,,,4.54297470229842
2017-08-08,20170808,527,169.71409606933594,112.7944564819336,219.5240173339844,103.35277557373048,118.54769897460938,,,,4.725567193192611
2017-08-09,20170809,559,136.29527282714844,70.89169311523438,187.2471160888672,104.62911987304688,117.26301574707033,,,,4.261153263278067
2017-08-10,20170810,600,215.31689453125,110.07904815673828,330.5404357910156,108.05626678466795,128.62123107910156,,,,4.701198727315694
2017-08-11,20170811,683,145.5007781982422,77.3615493774414,217.7792205810547,109.76729583740234,135.75637817382812,,,,4.348489879091343
2017-08-14,20170814,523,202.6809997558593,189.4285583496093,200.1360321044922,118.9889907836914,161.05548095703125,,,,5.244011952646198
2017-08-15,20170815,556,232.3563690185547,201.94357299804688,247.70718383789065,125.26521301269533,170.00437927246094,,,,5.307988316784247
2017-08-16,20170816,582,159.36752319335938,102.13519287109376,198.7786102294922,126.77762603759766,173.3004150390625,,,,4.626297355994988
2017-08-17,20170817,612,102.84115600585938,64.75238037109375,126.02305603027344,125.51696014404295,157.23245239257812,,,,4.170570462391858
2017-08-18,20170818,620,138.9141387939453,159.7921600341797,106.6259536743164,127.9129867553711,156.29150390625,,,,5.07387397101587
2017-08-21,20170821,467,177.33230590820312,254.5725250244141,129.7624969482422,130.85655212402344,144.48928833007812,,,,5.539585766020543
2017-08-22,20170822,530,250.005111694336,311.5444641113281,228.67579650878903,135.17910766601562,147.01052856445312,,,,5.741542069971275
2017-08-23,20170823,599,149.3144073486328,143.34165954589844,165.546142578125,138.37889099121094,145.57437133789062,,,,4.9652310081874536
2017-08-24,20170824,591,95.28536224365234,33.526611328125,139.82252502441406,138.21499633789062,144.49496459960938,,,,3.5123394914914776
2017-08-25,20170825,650,86.63638305664062,60.96685409545898,101.70475769042967,136.93270874023438,137.02671813964844,,,,4.1103303410070735
2017-08-28,20170828,498,126.3831024169922,92.83775329589844,132.74716186523438,138.07534790039062,128.97999572753906,,,,4.530853381370833
2017-08-29,20170829,540,85.88137817382812,61.15502548217773,102.01866149902344,138.5606231689453,105.53374481201172,,,,4.113412041621077
2017-08-30,20170830,627,142.64645385742188,94.80491638183594,184.51220703125,137.62380981445312,104.58118438720705,,,,4.551821268484153
2017-08-31,20170831,626,121.707763671875,73.85494995117188,176.0066375732422,135.067626953125,108.3558120727539,,,,4.302103033828964
2017-09-01,20170901,669,133.69107055664062,138.21583557128906,107.05097198486328,134.68106079101562,115.07791137695312,,,,4.928816489221437
2017-09-05,20170905,581,188.14927673339844,90.94309997558594,246.53045654296875,140.652587890625,137.7283477783203,,,,4.510234035957354
2017-09-06,20170906,638,202.4923858642578,113.87487030029295,267.6790466308594,143.13818359375,146.2777557373047,,,,4.73510021661388
2017-09-07,20170907,651,152.65289306640625,111.6008758544922,169.24754333496094,142.56947326660156,150.698486328125,,,,4.714928898074946
2017-09-08,20170908,674,132.6992950439453,107.79253387451172,163.4720458984375,142.44961547851562,150.5568084716797,,,,4.680208397027322
2017-09-11,20170911,572,63.70322799682617,69.280517578125,57.78679275512695,130.98793029785156,124.98074340820312,,,,4.238163735042165
2017-09-12,20170912,609,125.1051788330078,86.76181030273438,144.73583984375,132.6255645751953,115.97444915771484,,,,4.463166551378776
2017-09-13,20170913,644,138.88095092773438,133.32554626464844,145.4241180419922,130.49888610839844,106.88710021972656,,,,4.892793853719213
2017-09-14,20170914,625,84.80172729492188,31.70276641845703,114.5873565673828,125.58040618896484,97.19407653808594,,,,3.456403945796584
2017-09-15,20170915,662,120.09308624267578,59.86171340942383,149.791748046875,124.27125549316406,95.3931884765625,,,,4.092037125627064
2017-09-18,20170918,556,172.77781677246094,118.79033660888672,217.98231506347656,124.198974609375,119.33313751220705,,,,4.777360061944093
2017-09-19,20170919,613,129.6927032470703,96.97012329101562,197.71316528320312,126.06375885009766,119.9885025024414,,,,4.574402923750272
2017-09-20,20170920,630,162.99935913085938,125.80462646484376,218.6114196777344,125.58599090576172,123.43399047851562,,,,4.834730119940216
2017-09-21,20170921,617,139.58956909179688,85.63685607910156,187.502685546875,121.9054718017578,131.2608184814453,,,,4.450115752154365
2017-09-22,20170922,678,107.4874496459961,77.93206787109375,130.00607299804688,120.51123809814452,129.46002197265625,,,,4.3558375224847365
2017-09-25,20170925,598,55.39410400390625,33.134159088134766,64.48670959472656,118.39794921875,112.6130142211914,,,,3.500564746860972
2017-09-26,20170926,596,133.39198303222656,210.55386352539065,157.13612365722656,120.66979217529295,113.1414794921875,,,,5.34974150412085
2017-09-27,20170927,677,132.11126708984375,136.5825653076172,146.47288513183594,120.86073303222656,108.72889709472656,,,,4.91692930581092
2017-09-28,20170928,683,150.35079956054688,116.04232788085938,153.25204467773438,123.00971221923828,110.26622009277344,,,,4.7539550200728335
2017-09-29,20170929,643,72.12433624267578,10.271761894226074,119.9472885131836,120.6589813232422,105.21434020996094,,,,2.3293985665997057
2017-10-02,20171002,712,148.87945556640625,176.25015258789062,147.01002502441406,119.00223541259766,108.76721954345705,,,,5.171904307438901
2017-10-03,20171003,733,90.3838348388672,117.13731384277344,82.67269134521484,120.11125946044922,102.62319946289062,,,,4.763346869228945
2017-10-04,20171004,762,108.68004608154295,95.34405517578124,115.67469787597656,115.29742431640624,99.27587890625,,,,4.557491982706642
2017-10-05,20171005,829,83.91305541992188,47.80271911621094,112.97120666503906,111.82288360595705,89.78477478027344,,,,3.867082523155884
2017-10-06,20171006,831,151.4772186279297,79.47945404052734,212.139892578125,110.12237548828124,101.1208953857422,,,,4.375498548517187
2017-10-09,20171009,702,61.34384536743164,9.408465385437012,94.17107391357422,106.9855728149414,95.83641815185548,,,,2.2416098569222984
2017-10-10,20171010,794,95.95598602294922,83.18315887451172,97.13615417480467,107.18359375,96.63243865966795,,,,4.421044909964344
2017-10-11,20171011,776,115.2568588256836,25.53379821777344,177.4809112548828,108.90204620361328,97.57198333740234,,,,3.240002994875097
2017-10-12,20171012,771,85.92912292480469,85.66462707519531,92.88858032226562,107.59617614746094,97.85999298095705,,,,4.4504399874829295
2017-10-13,20171013,824,68.34180450439453,48.0927848815918,86.91395568847656,105.244873046875,85.98350524902344,,,,3.873132163398512
2017-10-16,20171016,746,111.01097869873048,115.0960464477539,118.1556625366211,104.83238983154295,94.67848205566406,,,,4.7457669662912805
2017-10-17,20171017,736,108.0185089111328,98.71218872070312,142.2162322998047,105.46874237060548,96.40169525146484,,,,4.592208431425825
2017-10-18,20171018,870,118.03402709960938,189.7914581298828,88.65069580078125,103.64395141601562,96.7984390258789,,,,5.245925880578701
2017-10-19,20171019,821,121.04388427734376,80.4475326538086,154.33273315429688,103.35565185546876,101.81483459472656,,,,4.3876052036555695
2017-10-20,20171020,871,72.2603759765625,45.497650146484375,88.54891204833984,100.33102416992188,102.37462615966795,,,,3.817660679491037
2017-10-23,20171023,637,104.00526428222656,93.31661987304688,121.07709503173828,95.61193084716795,88.67872619628906,,,,4.53599822567691
2017-10-24,20171024,752,110.12525177001952,52.69741439819336,139.1903533935547,96.04151153564452,88.97969055175781,,,,3.964566391690828
2017-10-25,20171025,751,119.0936508178711,79.15137481689453,139.37570190429688,98.16482543945312,89.13106536865234,,,,4.371362155941102
2017-10-26,20171026,791,83.75645446777344,25.04959297180176,125.36300659179688,96.51030731201172,83.80429077148438,,,,3.2208575787681952
2017-10-27,20171027,838,94.87067413330078,63.05243682861328,124.90589904785156,95.26895904541016,87.03433227539062,,,,4.143966710809403
2017-10-30,20171030,680,97.42845916748048,87.41571044921875,89.11630249023438,92.70370483398438,88.17632293701172,,,,4.470675019931335
2017-10-31,20171031,728,68.25345611572266,81.65203857421875,52.971229553222656,92.9574203491211,82.19463348388672,,,,4.4024667863334415
2017-11-01,20171101,786,75.8603286743164,58.82086181640625,77.09806823730469,90.52344512939452,76.01844787597656,,,,4.074496584776525
2017-11-02,20171102,774,188.31134033203125,307.19732666015625,85.41097259521484,93.7876968383789,90.9548568725586,,,,5.727490298957515
2017-11-03,20171103,826,88.22819519042969,63.96845245361328,93.37300872802734,93.10597229003906,90.00593566894531,,,,4.158390031417245
2017-11-06,20171106,725,132.50270080566406,118.42987060546876,151.97262573242188,92.01070404052734,100.36375427246094,,,,4.774320976150427
2017-11-07,20171107,817,113.52740478515624,72.75726318359375,148.34536743164062,92.60507202148438,106.83145904541016,,,,4.287128738643335
2017-11-08,20171108,750,181.0870361328125,105.67588806152344,257.0870361328125,96.59651184082033,121.86384582519533,,,,4.66037675012252
2017-11-09,20171109,816,109.60702514648438,72.84642791748047,135.0247039794922,97.05154418945312,110.62036895751952,,,,4.288353498048242
2017-11-10,20171110,862,107.6008071899414,114.93170928955078,108.64631652832033,96.79634857177734,113.38788604736328,,,,4.744338119710261
2017-11-13,20171113,718,83.04486846923828,101.1868667602539,69.05441284179688,95.21178436279295,100.89540100097656,,,,4.616968973335544
2017-11-14,20171114,801,111.65958404541016,98.94745635986328,158.1862335205078,95.64900207519533,100.62857055664062,,,,4.594588965400459
2017-11-15,20171115,829,71.92547607421875,95.60543823242188,66.45365142822266,94.3461456298828,85.0340576171875,,,,4.560229703715829
2017-11-16,20171116,861,119.26782989501952,38.35506820678711,179.1547088623047,94.72112274169922,86.41417694091797,,,,3.646886675712041
2017-11-17,20171117,874,49.271602630615234,22.67074203491211,81.94175720214844,92.42904663085938,78.08143615722656,,,,3.121075196004582
2017-11-20,20171120,697,57.03129577636719,9.475957870483398,86.94273376464844,88.77826690673828,70.98466491699219,,,,2.248757840368905
2017-11-21,20171121,709,144.8372344970703,121.10247039794922,194.2527313232422,92.39278411865234,75.72432708740234,,,,4.796637050003737
2017-11-22,20171122,739,143.44000244140625,80.4366455078125,186.36697387695312,93.707275390625,85.94068908691406,,,,4.387469862242423
2017-11-23,20171123,749,48.649192810058594,52.908485412597656,44.13090133666992,91.65807342529295,75.85231018066406,,,,3.968563730775786
2017-11-24,20171124,715,74.12738800048828,92.3740234375,61.63924789428711,90.15919494628906,79.40313720703125,,,,4.525845807493946
2017-11-27,20171127,686,164.1797332763672,182.93019104003903,136.52059936523438,90.00165557861328,92.4697265625,,,,5.209104610336773
2017-11-28,20171128,751,101.45014190673828,17.58919334411621,154.04681396484375,91.72911071777344,86.27156829833984,,,,2.867284698921128
2017-11-29,20171129,763,99.85459899902344,51.937686920166016,129.96348571777344,91.80998229980467,80.04508209228516,,,,3.9500446715534223
2017-11-30,20171130,772,111.56315612792967,42.776832580566406,171.2644805908203,93.2536392211914,89.03279113769531,,,,3.755996661188228
2017-12-01,20171201,873,110.03947448730467,45.3934211730957,151.45037841796875,94.3929443359375,94.1630859375,,,,3.815367186465519
2017-12-04,20171204,720,64.41104125976562,64.21277618408203,68.86259460449219,87.72689819335938,77.62283325195312,,,,4.162202196879438
2017-12-05,20171205,721,133.23780822753906,100.76583862304688,145.17495727539062,88.65162658691406,82.16392517089844,,,,4.612799395647683
2017-12-06,20171206,790,109.0212173461914,58.52303695678711,146.4419708251953,87.86891174316406,83.47344207763672,,,,4.069420470854364
2017-12-07,20171207,769,64.61444854736328,8.58874225616455,100.29402923583984,86.23847961425781,76.76648712158203,,,,2.150452305737308
2017-12-08,20171208,818,89.091064453125,121.11386108398438,80.81674194335938,83.17195129394531,73.77385711669922,,,,4.7967311038272245
2017-12-11,20171211,650,142.69522094726562,91.45027923583984,161.03253173828125,84.01798248291016,98.62889862060548,,,,4.515795428258564
2017-12-12,20171212,780,97.67827606201172,118.54666900634766,77.69113159179688,85.28886413574219,93.54896545410156,,,,4.775306714321199
2017-12-13,20171213,908,80.26045227050781,65.46550750732422,91.0078353881836,85.19605255126953,89.4402847290039,,,,4.181523400995565
2017-12-14,20171214,732,104.08340454101562,45.11436080932617,135.4674072265625,84.94351196289062,95.07870483398438,,,,3.809200617316088
2017-12-15,20171215,801,90.98188018798828,82.45621490478516,123.79792785644533,85.57872772216797,95.34882354736328,,,,4.412267424027607
2017-12-18,20171218,639,67.39183044433594,41.34424209594727,103.4555435180664,84.32894134521484,75.85797119140625,,,,3.721933163791872
2017-12-19,20171219,674,78.6366195678711,48.99660873413086,98.0832290649414,84.92413330078125,73.13774108886719,,,,3.891751086208005
2017-12-20,20171220,712,93.0496597290039,64.93427276611328,108.32318878173828,86.12474060058594,74.96476745605469,,,,4.173375570086285
2017-12-21,20171221,739,94.13250732421876,35.74961853027344,134.18421936035156,84.43458557128906,73.543212890625,,,,3.576539598601225
2017-12-22,20171222,710,69.98382568359375,37.20981597900391,93.10999298095705,81.98604583740234,70.54348754882812,,,,3.61657259687476
2017-12-25,20171225,180,73.61261749267578,36.693016052246094,122.42239379882812,83.71687316894531,80.87416076660156,,,,3.602586438647584
2017-12-26,20171226,372,97.9522705078125,124.28279876708984,74.0457992553711,86.43396759033203,83.63353729248047,,,,4.82255960412234
2017-12-27,20171227,602,115.55469512939452,65.8280029296875,137.2676239013672,84.8131332397461,86.84854125976562,,,,4.187045324238323
2017-12-28,20171228,593,128.48069763183594,111.37845611572266,130.06088256835938,85.71414947509766,91.75542449951172,,,,4.712933916651577
2017-12-29,20171229,654,121.5621109008789,171.6829071044922,67.38847351074219,86.43773651123047,99.12374877929688,,,,5.145649212013091
2018-01-02,20180102,632,188.6905670166016,94.05487823486328,278.9371032714844,91.40699768066406,113.18848419189452,,,,4.54387842292784
2018-01-03,20180103,672,138.02365112304688,147.4272918701172,172.156494140625,93.86074829101562,116.39833068847656,,,,4.993335117772968
2018-01-04,20180104,679,146.35792541503906,77.81729125976562,194.721923828125,94.29808807373048,118.95222473144533,,,,4.354363659186091
2018-01-05,20180105,747,66.51741790771484,88.41690063476562,58.99874114990234,92.88129425048828,111.08869171142578,,,,4.482063135021527
2018-01-08,20180108,645,82.1722183227539,92.15919494628906,68.32877349853516,92.29692840576172,104.45257568359376,,,,4.523517461517598
2018-01-09,20180109,730,77.14198303222656,63.33314514160156,90.55902862548828,91.65704345703124,88.51705932617188,,,,4.148408812039565
2018-01-10,20180110,739,71.72000122070312,44.68702697753906,82.00146484375,89.29119873046875,79.04511260986328,,,,3.7996832352801966
2018-01-11,20180111,763,95.51309204101562,60.59396743774414,108.30290222167967,89.21902465820312,71.78156280517578,,,,4.104195340888169
2018-01-12,20180112,791,167.51290893554688,116.89810180664062,222.86756896972656,92.12744140625,86.20948791503906,,,,4.761302630592901
2018-01-15,20180115,618,58.96156311035156,53.436431884765625,62.39976119995117,91.24761962890624,88.26905822753906,,,,3.978492758375869
2018-01-16,20180116,733,58.74949645996094,45.05281448364258,60.12559509277344,91.42976379394533,85.64155578613281,,,,3.8078354567675374
2018-01-17,20180117,749,128.2569580078125,79.36273193359375,154.45814514160156,93.45860290527344,93.71826171875,,,,4.374028886950559
2018-01-18,20180118,720,82.81419372558594,137.5988006591797,91.8167953491211,93.5978546142578,91.90413665771484,,,,4.924342209321575
2018-01-19,20180119,811,102.11367797851562,105.87133026123048,88.30714416503906,93.89998626708984,82.56138610839844,,,,4.662224491320559
2018-01-22,20180122,688,129.9990234375,153.59866333007812,96.08734893798828,95.19933319091795,91.74370574951172,,,,5.03434311839757
2018-01-23,20180123,719,129.00125122070312,110.23213958740234,153.24081420898438,96.51507568359376,101.77967071533205,,,,4.702588501996432
2018-01-24,20180124,826,136.3526611328125,143.92901611328125,153.3985137939453,98.60641479492188,102.93620300292967,,,,4.969320234381565
2018-01-25,20180125,763,82.48857879638672,34.625125885009766,108.30290222167967,98.09095764160156,102.88968658447266,,,,3.5445796001690457
2018-01-26,20180126,805,65.83985137939453,57.43254089355469,88.96533966064453,96.4337921142578,97.70771026611328,,,,4.05061105721205
2018-01-29,20180129,650,76.4438705444336,101.6114273071289,50.85237884521485,90.04533386230469,80.837646484375,,,,4.621156002315075
2018-01-30,20180130,760,95.8901138305664,69.52360534667969,101.4817123413086,91.65290832519533,76.10748291015625,,,,4.241666340180314
2018-01-31,20180131,841,102.40994262695312,117.80158996582033,111.35924530029295,91.8473663330078,71.2585220336914,,,,4.769001768289561
2018-02-01,20180201,823,52.32488250732422,48.15122222900391,73.6319351196289,87.30184173583984,66.94942474365234,,,,3.874346521701908
2018-02-02,20180202,855,30.99478530883789,23.174535751342773,45.102989196777344,83.73421478271484,61.9715576171875,,,,3.1430540789467507
2018-02-05,20180205,705,84.5761947631836,84.31585693359375,78.14195251464844,81.00740814208984,70.23382568359375,,,,4.434569948547862
2018-02-06,20180206,759,56.73699188232422,34.80760192871094,79.84069061279297,81.88329315185547,64.64051818847656,,,,3.549835809151852
2018-02-07,20180207,780,76.4438705444336,59.27333450317383,77.69113159179688,81.69235229492188,60.93108367919922,,,,4.082159533761254
2018-02-08,20180208,815,93.48350524902344,72.93580627441406,101.39278411865234,82.23706817626953,66.81088256835938,,,,4.2895796881752855
2018-02-09,20180209,827,72.09941864013672,55.90471267700195,79.9372329711914,82.24971771240234,72.68297576904297,,,,4.02364868209953
2018-02-12,20180212,745,124.49918365478516,124.115966796875,147.892822265625,77.54145050048828,72.04695129394531,,,,4.821216344666752
2018-02-13,20180213,767,73.42066192626953,68.88909912109375,79.0079345703125,77.88056945800781,74.43032836914062,,,,4.2324979524560735
2018-02-21,20180221,689,72.11685943603516,28.757951736450195,95.94788360595705,72.21137237548828,70.51296997070312,,,,3.358914311138969
2018-02-22,20180222,739,53.79000473022461,53.62443542480469,44.72807312011719,69.70433044433594,68.24081420898438,,,,3.9820048489839888
2018-02-23,20180223,840,74.92713165283203,78.62789154052734,72.14176940917969,67.65681457519531,71.35655212402344,,,,4.364726490694481
2018-02-26,20180226,733,90.3838348388672,45.05281448364258,120.25119018554688,67.15057373046875,66.94535827636719,,,,3.8078354567675374
2018-02-27,20180227,707,65.59539794921875,37.36771011352539,77.9208984375,68.25454711914062,63.26167678833008,,,,3.62080696555693
2018-02-28,20180228,803,70.12908172607422,57.57558822631836,89.18692016601562,68.04405212402344,62.97771072387695,,,,4.053098662351361
2018-03-01,20180301,707,93.7077178955078,112.10313415527344,70.1288070678711,67.97130584716797,68.68023681640625,,,,4.719419288253502
2018-03-02,20180302,810,151.3148193359375,48.92401885986328,224.4410400390625,69.60147094726562,79.59276580810547,,,,3.890268459118119
2018-03-05,20180305,827,108.14913177490234,79.86387634277344,119.90584564208984,71.45880126953125,84.54269409179688,,,,4.380323639685402
2018-03-06,20180306,749,88.45307922363281,44.09040451049805,110.32725524902344,72.62628173828125,87.80807495117188,,,,3.786242173981832
2018-03-07,20180307,790,134.17996215820312,58.52303695678711,195.25596618652344,74.27973937988281,96.95819854736328,,,,4.069420470854364
2018-03-08,20180308,843,106.09647369384766,39.17403793334961,150.30506896972656,75.92505645751953,98.72801971435548,,,,3.668014229761832
2018-03-09,20180309,851,101.20653533935548,62.089237213134766,135.94496154785156,76.75048065185547,91.56969451904295,,,,4.128572660120709
2018-03-12,20180312,780,135.9002227783203,42.33809280395508,197.7592620849609,80.52407836914062,106.4469757080078,,,,3.745687219910762
2018-03-13,20180313,831,119.58728790283205,63.58356475830078,145.84617614746094,83.02153015136719,110.89472198486328,,,,4.152355021200986
2018-03-14,20180314,802,94.9988250732422,24.706018447875977,151.11990356445312,82.0381851196289,105.29741668701172,,,,3.207046875810529
2018-03-15,20180315,787,189.4098358154297,75.53072357177734,287.0003967285156,85.90448760986328,117.19932556152344,,,,4.324539508205027
2018-03-16,20180316,860,173.33203125,38.39966583251953,275.45037841796875,90.43219757080078,127.50296783447266,,,,3.648048757277679
2018-03-19,20180319,696,95.18872833251952,66.42700958251953,110.8133773803711,92.76068115234376,117.2729949951172,,,,4.196103744594644
2018-03-20,20180320,639,134.78366088867188,62.01636505126953,181.0471954345703,95.0926284790039,119.44390869140624,,,,4.127398302655606
2018-03-21,20180321,735,171.2620086669922,107.83252716064452,232.3527069091797,97.75006103515624,130.33865356445312,,,,4.680579349145776
2018-03-22,20180322,838,162.07073974609375,110.34176635742188,184.0718536376953,100.10637664794922,126.4330596923828,,,,4.703582516030653
2018-03-23,20180323,827,84.1159896850586,71.87748718261719,93.2601089477539,100.50634765625,113.68791198730467,,,,4.274963102798692
2018-03-26,20180326,692,81.37810516357422,38.17770385742188,103.49291229248048,104.07654571533205,119.55059051513672,,,,3.642251676557795
2018-03-27,20180327,693,90.82076263427734,95.30653381347656,119.24259185791016,105.86324310302734,113.27017211914062,,,,4.557098368787188
2018-03-28,20180328,760,91.53147888183594,86.90451049804688,101.4817123413086,105.90149688720705,101.88009643554688,,,,4.464809935389797
2018-03-29,20180329,749,176.90615844726562,105.81697082519533,213.2993621826172,109.6118621826172,103.99944305419922,,,,4.661710911335732
2018-03-30,20180330,615,48.476600646972656,32.218257904052734,62.70415496826172,108.89010620117188,98.9081039428711,,,,3.472533307511539
2018-04-02,20180402,690,139.22386169433594,105.29299926757812,151.6973114013672,109.2856674194336,101.6766128540039,,,,4.656746933241075
2018-04-03,20180403,658,105.72024536132812,120.45123291015624,83.72351837158203,110.94998931884766,103.80511474609376,,,,4.791244964875296
2018-04-04,20180404,750,70.6681137084961,79.25691223144531,58.76274871826172,109.70062255859376,100.82463073730467,,,,4.372694629539956
2018-04-05,20180405,767,69.10179901123047,34.444549560546875,93.37300872802734,109.05558013916016,85.42401123046875,,,,3.539350771896129
2018-04-06,20180406,824,100.5026626586914,104.20104217529295,120.34239959716795,107.93299865722656,92.8563003540039,,,,4.646322130951524
2018-04-09,20180409,713,102.21106719970705,120.4230728149414,115.89777374267578,107.07593536376952,90.60464477539062,,,,4.791011149190735
2018-04-10,20180410,761,213.29278564453125,234.3338317871093,188.2183990478516,111.76422882080078,105.97215270996094,,,,5.456746730254557
2018-04-11,20180411,808,102.49281311035156,49.04512023925781,136.361572265625,110.65065002441406,110.5185317993164,,,,3.892740695624199
2018-04-12,20180412,782,296.5214233398437,320.9465637207031,302.9249572753906,116.54845428466795,143.00704956054688,,,,5.771274641112851
2018-04-13,20180413,845,117.60595703125,93.795166015625,136.91024780273438,117.3020248413086,145.45037841796875,,,,4.541113319669545
2018-04-16,20180416,682,194.2854919433593,193.68746948242188,226.17626953125,115.18775939941406,159.4274139404297,,,,5.266245877987048
2018-04-17,20180417,780,178.36903381347656,59.27333450317383,261.3247375488281,119.07908630371094,154.4383087158203,,,,4.082159533761254
2018-04-18,20180418,735,234.3585357666016,26.958131790161133,367.2671813964844,123.71807861328124,173.27627563476562,,,,3.2942849880258853
2018-04-19,20180419,758,214.136962890625,174.26760864257812,225.3024139404297,126.36318969726562,161.50706481933594,,,,5.160592098437919
2018-04-20,20180420,839,71.06819915771484,31.4886417388916,91.9262237548828,123.02339935302734,154.8588104248047,,,,3.4496269010893625
2018-04-23,20180423,711,88.52149963378906,74.3149642944336,100.72727966308594,115.39207458496094,123.40296173095705,,,,4.3083123351383
2018-04-24,20180424,682,150.57125854492188,58.106239318847656,218.0985412597656,118.59102630615234,119.43185424804688,,,,4.062273047400956
2018-04-26,20180426,770,146.26922607421875,85.77587890625,207.48211669921875,124.16431427001952,103.84640502929688,,,,4.451737835340224
2018-04-27,20180427,866,91.80326080322266,53.38706207275391,114.50593566894533,124.17337036132812,106.80855560302734,,,,3.977568433329051
2018-05-02,20180502,781,186.62353515625,160.6787567138672,239.82876586914065,127.28978729248048,122.99271392822266,,,,5.079407071807842
2018-05-03,20180503,740,125.34039306640624,44.62664031982422,193.55972290039065,127.94378662109376,120.00287628173828,,,,3.7983309972914574
2018-05-04,20180504,834,139.01663208007812,23.7580680847168,217.98231506347656,130.22207641601562,126.74764251708984,,,,3.167922181622851
2018-05-07,20180507,665,79.70087432861328,39.72777557373047,99.41065979003906,126.75160217285156,110.49299621582033,,,,3.6820505796794376
2018-05-08,20180508,687,125.366455078125,48.06945037841797,168.39761352539062,128.1172637939453,106.20992279052734,,,,3.872646848065133
2018-05-09,20180509,746,284.1881103515625,132.8031463623047,413.5447998046875,134.18316650390625,120.14771270751952,,,,4.888867929248905
2018-05-10,20180510,809,233.394760131836,73.47673797607422,367.7211608886719,134.85324096679688,135.5840606689453,,,,4.296968866003784
2018-05-11,20180511,830,163.6328582763672,79.57521057128906,225.6701812744141,136.8912353515625,139.1006622314453,,,,4.376702619363701
2018-05-14,20180514,685,125.73249816894533,77.13567352294922,184.9739685058593,130.69557189941406,161.50132751464844,,,,4.345565865168171
2018-05-15,20180515,794,112.64398956298828,66.54652404785156,159.58082580566406,131.24624633789062,159.683837890625,,,,4.197901312791124
2018-05-16,20180516,748,150.57125854492188,123.61817932128906,147.29966735839844,129.7891082763672,140.59571838378906,,,,4.817197616095562
2018-05-17,20180517,781,152.6919708251953,67.65421295166016,218.6673889160156,128.93319702148438,129.06674194335938,,,,4.214409628385952
2018-05-18,20180518,824,92.4624481201172,80.1546401977539,106.97102355957033,124.20333099365234,118.89954376220705,,,,4.383957771300596
2018-05-21,20180521,659,125.66645050048828,60.13422775268555,175.55259704589844,120.3095245361328,103.54461669921876,,,,4.09657919278581
2018-05-22,20180522,688,81.85124206542969,28.79975128173828,120.1091766357422,122.06073760986328,99.14566040039062,,,,3.360366751053855
2018-05-23,20180523,795,179.17031860351562,99.69422912597656,214.8166656494141,125.08236694335938,103.23123931884766,,,,4.602107792905146
2018-05-24,20180524,798,153.59022521972656,16.553239822387695,248.5266571044922,125.18299865722656,103.35955810546876,,,,2.8065818423255378
2018-05-25,20180525,872,140.5561981201172,37.87123107910156,214.80075073242188,123.43060302734376,110.23009490966795,,,,3.634191749415473
2018-05-28,20180528,549,102.57495880126952,36.09148788452149,140.48471069335938,122.20674896240234,121.47218322753906,,,,3.5860570448628377
2018-05-29,20180529,651,71.2380142211914,10.145533561706545,110.01091003417967,122.82866668701172,119.9560089111328,,,,2.317033565458762
2018-05-30,20180530,817,141.90927124023438,105.09382629394533,202.2891387939453,123.0741729736328,114.63300323486328,,,,4.654853534901103
2018-05-31,20180531,755,92.13764190673828,104.97604370117188,80.26368713378906,120.9671630859375,105.85405731201172,,,,4.653732168899226
2018-06-01,20180601,836,186.23287963867188,63.20327758789063,263.5888977050781,120.95413970947266,112.37930297851562,,,,4.146356160375989
2018-06-04,20180604,680,146.1427001953125,29.13857078552246,218.74002075195312,119.70704650878906,111.84754943847656,,,,3.3720627530825134
2018-06-05,20180605,614,178.0370330810547,64.54145812988281,242.2527770996093,124.8765869140625,127.10455322265624,,,,4.167307779022507
2018-06-06,20180606,793,108.60877227783205,33.31521987915039,159.7820587158203,125.8401870727539,122.34734344482422,,,,3.506014345997235
2018-06-07,20180607,784,88.7294921875,42.12208557128906,119.45552825927734,124.61895751953124,121.86046600341795,,,,3.7405722010278177
2018-06-08,20180608,884,116.16471099853516,44.82857131958008,155.7977294921875,119.01817321777344,111.85072326660156,,,,3.802845688812327
2018-06-11,20180611,687,135.01004028320312,48.06945037841797,192.4544219970703,112.65983581542967,113.9562759399414,,,,3.872646848065133
2018-06-12,20180612,765,155.8855438232422,69.06920623779297,208.8382110595703,114.57875061035156,110.79177856445312,,,,4.235108990893439
2018-06-13,20180613,823,140.87469482421875,56.17642974853516,200.8143768310547,115.08348846435548,115.40119171142578,,,,4.028497269434824
2018-06-14,20180614,826,188.4875030517578,135.93295288085938,220.0935211181641,117.61160278320312,129.65234375,,,,4.912161770651698
2018-06-15,20180615,852,69.98382568359375,23.25613594055176,96.98957061767578,114.92535400390624,123.05506896972656,,,,3.1465690086364533
2018-06-18,20180618,774,47.07783508300781,34.13303756713867,56.94064712524414,111.4750747680664,107.48765563964844,,,,3.530265758874522
2018-06-19,20180619,733,99.42222595214844,36.04225158691406,142.7982940673828,113.6144790649414,99.42146301269533,,,,3.5846919054533286
2018-06-20,20180620,819,121.3394775390625,72.57958984375,141.25660705566406,113.47024536132812,96.63072204589844,,,,4.2846837506770585
2018-06-21,20180621,814,93.59835052490234,73.02540588378906,121.82080078125,113.86181640625,83.07512664794922,,,,4.290807406406787
2018-06-22,20180622,867,57.31085968017578,22.85378074645996,82.60334014892578,109.79983520507812,81.26470184326172,,,,3.1291165630169973
2018-06-25,20180625,717,87.7807388305664,64.4814453125,107.56778717041016,101.90020751953124,76.720458984375,,,,4.166377512843255
2018-06-26,20180626,700,137.2349395751953,56.61207580566406,212.49029541015625,103.66311645507812,82.12227630615234,,,,4.036222315909487
2018-06-27,20180627,837,130.60302734375,63.12776565551758,164.54623413085938,104.59738159179688,83.44564056396484,,,,4.145160699000425
2018-06-28,20180628,824,88.44233703613281,64.12371826171875,100.28533935546876,105.17086029052734,82.70906066894531,,,,4.160814315169824
2018-06-29,20180629,869,141.04144287109375,98.80512237548828,164.8264617919922,105.14193725585938,94.67057800292967,,,,4.5931494493156215
2018-07-02,20180702,727,123.02521514892578,72.6794204711914,143.976806640625,100.20285034179688,102.6045913696289,,,,4.2860582697921545
2018-07-03,20180703,722,146.81739807128906,137.2176513671875,129.71347045898438,103.2780990600586,103.9735107421875,,,,4.921568361296325
2018-07-04,20180704,673,49.22091674804688,19.627763748168945,65.48597717285156,100.04737091064452,92.34749603271484,,,,2.9769450816853253
2018-07-05,20180705,748,119.5712890625,97.12857055664062,117.83973693847656,98.0985107421875,96.79448699951172,,,,4.576035570500022
2018-07-06,20180706,826,128.33192443847656,63.96845245361328,166.73751831054688,98.75595092773438,94.97884368896484,,,,4.158390031417245
2018-07-09,20180709,719,170.4659423828125,174.5342254638672,137.916748046875,99.97525787353516,109.30416870117188,,,,5.162120856874055
2018-07-10,20180710,761,121.88159942626952,78.11128234863281,144.78338623046875,100.99032592773438,105.74191284179688,,,,4.35813450670205
2018-07-11,20180711,767,125.24701690673828,68.88909912109375,150.8333282470703,100.66488647460938,116.602783203125,,,,4.2324979524560735
2018-07-12,20180712,824,172.8645782470703,88.17010498046875,247.37049865722656,101.2308578491211,124.2161102294922,,,,4.479267959757961
2018-07-13,20180713,924,125.4760513305664,164.4037628173828,119.24259185791016,100.71756744384766,123.8081283569336,,,,5.102325370543743
2018-07-16,20180716,687,168.76254272460938,115.36668395996094,232.5490875244141,100.4603042602539,131.68417358398438,,,,4.748115611871712
2018-07-17,20180717,723,100.79735565185548,91.3519058227539,114.29476928710938,103.0022964477539,128.67213439941406,,,,4.514719145471785
2018-07-18,20180718,748,88.57132720947266,44.14934921264648,117.83973693847656,104.38541412353516,123.43275451660156,,,,3.78757818657092
2018-07-19,20180719,741,143.0528564453125,169.3523712158203,118.9529266357422,105.83976745605467,119.17393493652344,,,,5.131981581030653
2018-07-20,20180720,796,54.0997200012207,16.594829559326172,76.12950134277344,103.59844207763672,108.9773178100586,,,,2.809091174515168
2018-07-23,20180723,676,161.70819091796875,87.9329605102539,195.5860748291016,109.45469665527344,106.1143798828125,,,,4.476574711768215
2018-07-24,20180724,699,161.12632751464844,94.48844909667967,189.1504821777344,113.22860717773438,114.73280334472656,,,,4.548477595247617
2018-07-25,20180725,756,105.160888671875,69.8914566040039,153.02798461914062,113.80794525146484,117.10274505615234,,,,4.246943418651226
2018-07-26,20180726,737,107.8719482421875,161.3098602294922,82.22399139404297,112.82917785644533,112.07689666748048,,,,5.083327113017882
2018-07-27,20180727,805,119.3347396850586,106.66043853759766,143.71324157714844,112.4535675048828,121.39618682861328,,,,4.669650316710953
2018-07-30,20180730,641,118.85968017578124,51.51905059814453,154.69911193847656,109.54524993896484,96.33255767822266,,,,3.941951653795258
2018-07-31,20180731,693,109.94091796875,76.24522399902344,119.24259185791016,111.23377227783205,89.02035522460938,,,,4.333954777447419
2018-08-01,20180801,757,140.02928161621094,61.07423400878906,189.21295166015625,111.80056762695312,94.00155639648438,,,,4.112090075252451
2018-08-02,20180802,761,121.88159942626952,78.11128234863281,144.78338623046875,110.96937561035156,96.00293731689452,,,,4.35813450670205
2018-08-03,20180803,784,147.8824920654297,42.12208557128906,231.88424682617188,114.25809478759766,100.08118438720705,,,,3.7405722010278177
2018-08-06,20180806,591,162.54562377929688,111.75537109375,177.10853576660156,113.27775573730467,117.26892852783205,,,,4.7163122958174135
2018-08-07,20180807,661,200.4579467773437,89.92842102050781,258.3649597167969,117.69080352783205,130.19993591308594,,,,4.49901403189958
2018-08-08,20180808,693,129.0610809326172,66.71456909179688,166.93963623046875,116.3106460571289,128.633056640625,,,,4.20042335623321
2018-08-09,20180809,756,170.8864288330078,34.94572830200195,262.3337097167969,117.9441375732422,135.6337432861328,,,,3.55379623809128
2018-08-10,20180810,815,121.9350128173828,64.83182525634766,162.22845458984375,117.833740234375,131.9269561767578,,,,4.171796613292312
2018-08-13,20180813,651,142.4760284423828,81.16426849365234,169.24754333496094,117.2793426513672,143.85704040527344,,,,4.396475107138597
2018-08-14,20180814,680,136.3998565673828,77.7028579711914,186.33409118652344,118.3390884399414,134.7058868408203,,,,4.352892038823171
2018-08-15,20180815,684,111.38750457763672,67.59239196777344,128.8656768798828,116.42658996582033,132.18109130859375,,,,4.213495431859848
2018-08-16,20180816,672,128.16482543945312,88.45637512207031,155.76063537597656,117.33883666992188,126.07799530029295,,,,4.482509494006978
2018-08-17,20180817,773,107.13349151611328,34.17719268798828,156.7893524169922,117.95758056640624,123.96349334716795,,,,3.531558541136691
2018-08-20,20180820,589,106.85701751708984,168.2022705078125,112.23784637451172,114.6204071044922,100.2827606201172,,,,5.125167246305126
2018-08-21,20180821,632,152.000732421875,52.25271224975586,209.2028045654297,117.26326751708984,102.51145935058594,,,,3.956091798583927
2018-08-22,20180822,694,119.32880401611328,66.61843872070312,158.76101684570312,115.85061645507812,103.64592742919922,,,,4.198981396896547
2018-08-23,20180823,716,120.28876495361328,147.59201049804688,123.10631561279295,114.48936462402344,102.52078247070312,,,,4.994451781284296
2018-08-24,20180824,745,44.46399688720703,35.461708068847656,51.76248550415039,112.46613311767578,93.5679931640625,,,,3.568453468376211
2018-08-27,20180827,575,109.45875549316406,57.43254089355469,182.03677368164065,111.13819885253906,94.56169128417967,,,,4.05061105721205
2018-08-28,20180828,616,134.43862915039062,32.16595458984375,214.6366577148437,114.83637237548828,92.05281829833984,,,,3.470908582328498
2018-08-29,20180829,734,139.90408325195312,143.97259521484375,165.1201171875,115.53785705566406,94.9921417236328,,,,4.969622970456533
2018-08-30,20180830,692,86.16505432128906,38.17770385742188,119.41490173339844,114.74532318115234,90.11732482910156,,,,3.642251676557795
2018-08-31,20180831,801,62.03310012817383,41.22810745239258,68.77662658691406,112.14545440673828,92.627197265625,,,,3.719120243467661
2018-09-04,20180904,692,14.36084270477295,9.544425964355469,15.92198657989502,106.46337127685548,75.1437759399414,,,,2.255957315437904
2018-09-05,20180905,771,85.92912292480469,102.79754638671876,64.30747985839844,103.90948486328124,67.43306732177734,,,,4.6327614849027485
2018-09-06,20180906,746,97.68965911865234,35.41416931152344,132.9251251220703,100.48387908935548,69.0794448852539,,,,3.567112003093233
2018-09-07,20180907,754,87.86651611328125,35.038421630859375,124.2083969116211,99.11072540283205,72.76992797851562,,,,3.5564452202722334
2018-09-10,20180910,777,55.42262268066406,25.50093650817871,70.9010009765625,89.55419158935547,64.05960845947266,,,,3.2387151773009344
2018-09-11,20180911,769,81.84497833251953,120.24239349365234,35.819297790527344,89.42445373535156,73.70020294189453,,,,4.789509651215097
2018-09-12,20180912,819,80.89298248291016,80.64398956298828,67.26505279541016,87.37168884277344,72.98075103759766,,,,4.390044276846647
2018-09-13,20180913,773,68.56543731689453,51.26578903198242,99.77503967285156,85.11054229736328,68.82015228271484,,,,3.937023649244856
2018-09-14,20180914,868,118.30599212646484,76.09150695800781,133.28244018554688,85.34115600585938,73.16864776611328,,,,4.331936654933935
2018-09-17,20180917,691,91.08362579345705,19.11647605895996,143.50526428222656,81.05807495117188,73.04837036132812,,,,2.9505505840969666
2018-09-18,20180918,694,105.00934600830078,47.584598541259766,134.94688415527344,82.65460968017578,76.35755920410156,,,,3.862509148822957
2018-09-19,20180919,791,58.6295166015625,16.699729919433594,90.53994750976562,81.04702758789062,73.17707061767578,,,,2.815392546802927
2018-09-20,20180920,798,107.9282684326172,24.82986068725586,165.6844482421875,79.57794189453125,78.80033111572266,,,,3.2120469888420664
2018-09-21,20180921,786,113.79048919677734,92.43278503417967,119.1515655517578,79.3933334350586,78.15525817871094,,,,4.526481732102416
2018-09-24,20180924,739,143.44000244140625,116.186279296875,193.8216552734375,78.44182586669922,84.93711853027344,,,,4.755194759105868
2018-09-25,20180925,833,95.44012451171876,55.50204086303711,125.6556396484375,80.17662811279297,83.5700912475586,,,,4.016419792383279
2018-09-26,20180926,842,110.15664672851562,7.844112873077393,176.65464782714844,80.19989013671875,90.9311065673828,,,,2.0597632979650653
2018-09-27,20180927,854,73.69881439208984,23.2016716003418,103.2132568359375,78.17523193359375,86.04118347167969,,,,3.1442243278155333
2018-09-28,20180928,854,81.45658111572266,15.467780113220217,122.56574249267578,76.22698211669922,81.42205810546875,,,,2.738759158051832
2018-10-01,20181001,768,120.77069091796876,128.99888610839844,100.42461395263672,75.31427764892578,80.25935363769531,,,,4.859803769505775
2018-10-02,20181002,736,36.00617218017578,35.89533996582031,29.94025993347168,74.87691497802734,71.76879119873047,,,,3.5806074811027018
2018-10-03,20181003,842,94.41998291015624,78.44112396240234,130.85528564453125,74.88524627685547,69.52069854736328,,,,4.362348330169933
2018-10-04,20181004,816,69.01182556152344,48.56428527832031,87.76605987548828,76.70694732666016,68.85112762451172,,,,3.882888389940077
2018-10-05,20181005,847,78.21883392333984,54.58464813232422,110.57039642333984,76.44993591308594,68.38859558105469,,,,3.999752673477586
2018-10-08,20181008,742,49.10814666748047,35.605079650878906,51.971771240234375,73.02320861816406,60.00620651245117,,,,3.572488314501629
2018-10-09,20181009,691,95.87750244140624,19.11647605895996,143.50526428222656,74.63524627685547,68.55925750732422,,,,2.9505505840969666
2018-10-10,20181010,763,104.19609832763672,112.53166198730467,101.08270263671876,76.26103210449219,69.95584106445312,,,,4.723234621934852
2018-10-11,20181011,811,130.70550537109375,57.00764465332031,176.61428833007812,77.88971710205078,78.76922607421875,,,,4.043185375566624
2018-10-12,20181012,837,87.06867980957031,31.56388282775879,125.0551300048828,78.09557342529297,80.03349304199219,,,,3.45201351844048
2018-10-15,20181015,701,122.86271667480467,47.10943222045898,172.89324951171875,78.1777572631836,95.79966735839844,,,,3.852473240430852
2018-10-16,20181016,689,134.61813354492188,105.4458236694336,143.9218292236328,82.42394256591797,101.33403778076172,,,,4.658197301298705
2018-10-17,20181017,731,117.82046508789062,18.070432662963867,188.40655517578125,83.31517028808594,103.28038024902344,,,,2.8942770480343625
2018-10-18,20181018,730,127.05738830566406,126.66629028320312,120.74537658691406,84.05010223388672,102.75921630859376,,,,4.841555992599511
2018-10-19,20181019,811,106.1982192993164,48.86369323730469,135.85716247558594,85.63572692871094,105.49201202392578,,,,3.8890346511290055
2018-10-22,20181022,750,83.91838073730469,8.806323051452637,132.2161865234375,83.82626342773438,98.70530700683594,,,,2.1754699920402563
2018-10-23,20181023,761,108.8228530883789,86.79031372070312,130.30503845214844,86.52188873291016,95.02027130126952,,,,4.463495022359877
2018-10-24,20181024,727,127.58169555664062,63.5944938659668,204.5986328125,85.99327850341797,96.41472625732422,,,,4.152526892163809
2018-10-25,20181025,775,141.05126953125,127.83372497558594,135.05953979492188,87.5136489868164,98.41385650634766,,,,4.850730395828792
2018-10-26,20181026,812,159.10116577148438,89.47311401367188,196.75027465820312,89.14513397216797,105.97142028808594,,,,4.493938178069188
2018-10-29,20181029,667,94.36099243164062,69.31513977050781,99.11257934570312,90.50121307373048,110.92069244384766,,,,4.238663349442289
2018-10-30,20181030,815,109.74150848388672,89.14376831054688,114.91181182861328,92.95117950439452,111.05192565917967,,,,4.490250440694293
2018-10-31,20181031,772,81.52692413330078,102.66439056396484,114.17632293701172,91.64305114746094,104.47267150878906,,,,4.631465324228199
2018-11-01,20181101,751,101.45014190673828,61.56217956542969,117.3689956665039,93.82451629638672,98.81536865234376,,,,4.120047713890208
2018-11-02,20181102,833,103.39347076416016,31.715450286865234,158.722900390625,94.1236343383789,90.8571319580078,,,,3.456803952899788
2018-11-05,20181105,751,114.6827621459961,35.17838668823242,176.0535125732422,94.42333984375,86.15038299560547,,,,3.560431879481073
2018-11-06,20181106,741,62.58562469482422,35.65312957763672,81.78013610839844,95.09087371826172,79.41382598876953,,,,3.573836929196291
2018-11-07,20181107,802,140.43304443359375,32.94136047363281,206.07261657714844,98.1350326538086,87.82898712158203,,,,3.4947290254640886
2018-11-08,20181108,817,60.81825637817383,64.67312622070312,60.68674087524414,96.96639251708984,82.0244369506836,,,,4.1693457554174165
2018-11-09,20181109,782,114.37254333496094,118.24347686767578,126.80579376220705,97.30561065673828,83.5928726196289,,,,4.77274586194074
2018-11-12,20181112,620,42.7428092956543,63.91686248779297,26.6564884185791,91.87457275390624,68.73541259765625,,,,4.157583215268846
2018-11-13,20181113,745,142.2847900390625,97.51969146728516,162.68209838867188,93.89100646972656,80.12100982666016,,,,4.580054321378893
2018-11-14,20181114,794,33.37599563598633,24.954946517944336,34.69148254394531,90.90811157226562,64.8271484375,,,,3.217072059779398
2018-11-15,20181115,806,106.85701751708984,57.36128616333008,157.20494079589844,89.98274230957031,71.40411376953125,,,,4.049369618692179
2018-11-16,20181116,818,44.5455322265625,24.2227725982666,67.34728240966797,87.54024505615234,61.42882537841797,,,,3.1872932071415163
2018-11-19,20181119,714,55.67340850830078,37.00135803222656,61.72557830810547,81.42576599121094,66.15977478027344,,,,3.610954615544356
2018-11-20,20181120,799,58.04248809814453,24.79878234863281,89.63341522216797,82.19082641601562,54.12516021728516,,,,3.2107945531200976
2018-11-21,20181121,822,84.62763977050781,72.314697265625,113.9332504272461,82.21446990966797,61.44682312011719,,,,4.281027390188024
2018-11-22,20181122,680,58.45708084106445,0.0,97.21778869628906,80.53560638427734,54.53254699707031,,,,4.281027390188024
2018-11-23,20181123,759,135.29591369628906,95.72090911865234,174.1978759765625,80.7927474975586,67.49688720703125,,,,4.5614367606826205
2018-11-26,20181126,687,101.2575225830078,105.7527847290039,112.26507568359376,75.42325592041016,81.42040252685547,,,,4.661104150714465
2018-11-27,20181127,714,129.9046173095703,92.5033950805664,162.02963256835938,78.05091094970703,91.68641662597656,,,,4.527245347418511
2018-11-28,20181128,788,100.890380859375,50.2899169921875,146.81365966796875,78.26856231689453,94.0096664428711,,,,3.917804599599642
2018-11-29,20181129,828,96.0164566040039,63.81393814086914,119.76103973388672,77.8110580444336,99.3752899169922,,,,4.155971632648312
2018-11-30,20181130,862,142.18678283691406,30.648456573486328,223.68359375,79.83305358886719,100.35970306396484,,,,3.4225823046211845
2018-12-03,20181203,726,50.19042205810547,45.48720550537109,45.52898788452149,75.56702423095703,84.8260498046875,,,,3.817431088729271
2018-12-04,20181204,698,99.66178131103516,37.84952926635742,134.1735382080078,77.41120147705078,80.50564575195312,,,,3.633618542985973
2018-12-05,20181205,801,103.38850402832033,24.73686408996582,151.30857849121094,77.03472900390625,80.8625259399414,,,,3.208294604280568
2018-12-06,20181206,757,131.27745056152344,113.423583984375,160.10325622558594,79.32445526123047,85.89981079101562,,,,4.731129341314066
2018-12-07,20181207,794,196.083984375,124.77474212646484,235.902084350586,81.17948150634766,93.5994110107422,,,,4.826510048645181
2018-12-10,20181210,692,90.9520034790039,28.633275985717773,135.33688354492188,80.863525390625,104.81908416748048,,,,3.3545695374930085
2018-12-11,20181211,764,95.38807678222656,60.5146598815918,122.58263397216795,83.29026794433594,104.20855712890624,,,,4.102885647776389
2018-12-12,20181212,732,85.98194885253906,54.1372299194336,112.88949584960938,84.73157501220703,101.72190856933594,,,,3.9915221177392657
2018-12-13,20181213,752,132.15029907226562,114.17772674560548,131.8645477294922,84.39376068115234,101.84659576416016,,,,4.737756240945779
2018-12-14,20181214,800,120.08057403564452,99.07113647460938,144.6114501953125,87.2839126586914,90.9889678955078,,,,4.595838142349539
2018-12-17,20181217,637,72.8036880493164,51.84256362915039,86.48363494873047,87.0128173828125,88.92235565185547,,,,3.948211503544082
2018-12-18,20181218,688,72.2216796875,38.39966583251953,88.08006286621094,88.26034545898438,85.61286926269531,,,,3.648048757277679
2018-12-19,20181219,744,62.3332633972168,26.63202667236328,81.45037841796875,88.48233795166016,82.23448944091797,,,,3.282114501787816
2018-12-20,20181220,733,162.69090270996094,108.12674713134766,195.4081878662109,91.97061920166016,86.5974349975586,,,,4.683304123561706
2018-12-21,20181221,756,210.32177734375,157.2557830810547,247.7595977783203,96.1604232788086,99.48902893066406,,,,5.057873671254426
2018-12-24,20181224,536,111.24295043945312,123.22280883789062,92.5019989013672,95.93618774414062,109.23538970947266,,,,4.813994170634931
2018-12-25,20181225,202,65.59539794921875,98.09024047851562,27.27231407165528,96.04910278320312,108.2887725830078,,,,4.585887876184144
2018-12-26,20181226,420,63.09653091430664,62.90231323242188,52.466739654541016,94.77706909179688,108.39781188964844,,,,4.141582939380271
2018-12-27,20181227,548,30.22415542602539,12.052450180053713,40.21173477172852,91.4543914794922,89.47399139404297,,,,2.4892679737113093
2018-12-28,20181228,617,102.00775909423828,64.22764587402344,133.9304962158203,91.49163818359376,74.00056457519531,,,,4.16243373909597
2019-01-02,20190102,663,189.860595703125,99.6190414428711,249.2763671875,94.42691040039062,83.32535552978516,,,,4.601353325463441
2019-01-03,20190103,698,9.49159812927246,9.462382316589355,7.892561435699463,91.42123413085938,80.36355590820312,,,,2.247324181866082
2019-01-04,20190104,736,99.0169677734375,62.81684112548828,112.2759780883789,91.27552032470705,79.9363021850586,,,,4.140223208310824
2019-01-07,20190107,717,83.16069793701172,46.05817794799805,99.8843765258789,83.27630615234375,78.03570556640625,,,,3.829905335381652
2019-01-08,20190108,732,67.88048553466797,27.0686149597168,90.31159210205078,84.35169219970703,75.7693862915039,,,,3.2983749371793203
2019-01-09,20190109,747,106.42787170410156,79.57521057128906,132.74716186523438,84.8675537109375,63.85042953491211,,,,4.376702619363701
2019-01-10,20190110,776,76.83790588378906,42.55633163452149,92.29006958007812,84.24921417236328,73.47132873535156,,,,3.750828648520679
2019-01-11,20190111,818,101.2398452758789,113.03960418701172,127.9598388671875,84.7578125,73.78888702392578,,,,4.727738236839814
2019-01-14,20190114,705,89.27487182617188,46.84214401245117,117.21292114257812,79.74874114990234,75.87834167480469,,,,3.8467833107915066
2019-01-15,20190115,743,102.54247283935548,35.557159423828125,140.87637329101562,81.8585433959961,80.8300552368164,,,,3.571141526235348
2019-01-16,20190116,857,92.7673568725586,77.06817626953125,96.4237060546875,82.52400207519531,78.87855529785156,,,,4.34469043621073
2019-01-17,20190117,763,160.6356658935547,138.50050354003906,194.9452362060547,85.47113037109375,90.84966278076172,,,,4.9308739612889365
2019-01-18,20190118,734,112.82587432861328,107.97943878173828,112.58189392089844,87.15422058105469,92.50480651855467,,,,4.681940827348761
2019-01-21,20190121,655,70.80297088623047,60.50145721435547,75.6962890625,77.28413391113281,87.10383605957031,,,,4.102667450934422
2019-01-22,20190122,778,144.76516723632812,101.87264251708984,191.18663024902344,79.38324737548828,93.13565063476562,,,,4.62372343035673
2019-01-23,20190123,797,58.18814086914063,66.29603576660156,96.77052307128906,77.61475372314453,88.19576263427734,,,,4.194130103045231
2019-01-24,20190124,798,91.32392120361328,82.76619720458984,110.45629119873048,78.47237396240234,78.29408264160156,,,,4.416019731714619
2019-01-25,20190125,836,91.13523864746094,47.40245819091797,131.79444885253906,79.40699768066406,75.19541931152344,,,,3.858674087924208
2019-01-28,20190128,655,101.14710235595705,20.16715240478516,151.392578125,80.28958892822266,86.04608154296875,,,,3.0040551622663125
2019-01-29,20190129,751,101.45014190673828,43.97298431396485,139.37570190429688,82.58606719970703,79.85822296142578,,,,3.783575452483016
2019-01-30,20190130,801,173.69268798828125,57.71935272216797,254.4735107421875,85.4863510131836,96.35887145996094,,,,4.055592519743137
2019-01-31,20190131,805,148.13967895507812,32.81859588623047,232.6785888671875,87.63285064697266,104.47541046142578,,,,3.4909953024868696
2019-02-01,20190201,875,113.57374572753906,67.93449401855469,138.51219177246094,85.08995819091797,107.680908203125,,,,4.218543917625509
2019-02-11,20190211,652,96.53187561035156,91.16976165771484,84.49398040771484,91.47813415527344,75.76660919189453,,,,4.51272328133119
2019-02-12,20190212,670,69.21783447265625,29.57347297668457,90.44639587402344,92.52777099609376,70.45354461669922,,,,3.386877776297634
2019-02-13,20190213,784,88.7294921875,25.273250579833984,133.5091094970703,92.50959014892578,68.40097045898438,,,,3.2297465470742006
2019-02-14,20190214,779,76.54199981689453,25.435466766357425,113.15035247802734,91.64291381835938,66.12370300292969,,,,3.236144529447309
2019-02-15,20190215,799,145.10621643066406,165.32522583007812,158.5821990966797,93.38754272460938,77.94541931152344,,,,5.1079145995363735
2019-02-18,20190218,592,67.14663696289062,22.31332015991211,102.36331939697266,90.6960678100586,84.94722747802734,,,,3.1051838167315133
2019-02-19,20190219,682,116.57129669189452,116.21247863769533,153.47674560546875,92.9872817993164,91.71200561523438,,,,4.755420227960902
2019-02-20,20190220,638,171.33970642089844,124.22712707519533,198.6005859375,96.33850860595705,103.51346588134766,,,,4.822111560104482
2019-02-21,20190221,739,116.54501342773438,62.56184005737305,156.54824829101562,95.39783477783205,109.22817993164062,,,,4.136155508486305
2019-02-22,20190222,811,69.43730163574219,40.71974563598633,88.30714416503906,95.7728042602539,98.4183349609375,,,,3.706713125562304
2019-02-25,20190225,691,139.0223846435547,76.46590423583984,167.4228057861328,97.04998779296876,104.97164154052734,,,,4.336844945216857
2019-02-26,20190226,716,124.9152603149414,64.57150268554688,184.65948486328125,98.6928482055664,106.16363525390624,,,,4.167773178561277
2019-02-27,20190227,784,160.55812072753906,117.94183349609376,189.7234649658203,100.6732177734375,104.6234130859375,,,,4.77019156645876
2019-02-28,20190228,774,162.6325225830078,153.59866333007812,220.6450042724609,102.71263122558594,111.20734405517578,,,,5.03434311839757
2019-03-01,20190301,790,184.49745178222656,66.88346862792969,278.9371032714844,103.07279205322266,127.6445083618164,,,,4.202951830887471
2019-03-04,20190304,684,62.95815658569336,77.24845123291016,72.48694610595703,100.9033660888672,129.29588317871094,,,,4.347026866811959
2019-03-05,20190305,707,103.0784912109375,37.36771011352539,140.2576141357422,101.5975341796875,126.17634582519533,,,,3.62080696555693
2019-03-06,20190306,736,81.01388549804688,44.86917495727539,104.79090118408205,98.2987289428711,114.81288146972656,,,,3.803751032416912
2019-03-07,20190307,800,91.09561157226562,74.30335998535156,123.95267486572266,97.78827667236328,104.59332275390624,,,,4.308156172576761
2019-03-08,20190308,843,55.01298904418945,62.67845916748047,39.21001815795898,96.18545532226562,86.09554290771484,,,,4.138017834663017
2019-03-11,20190311,664,44.899261474609375,49.7345085144043,41.48349380493164,95.00383758544922,68.56063079833984,,,,3.9066990284685743
2019-03-12,20190312,752,101.31523895263672,96.61192321777344,87.90969848632812,97.0758285522461,68.3087387084961,,,,4.570702162357189
2019-03-13,20190313,776,115.2568588256836,110.64645385742188,106.4885482788086,97.69998931884766,73.20059204101562,,,,4.7063400176999215
2019-03-14,20190314,795,66.66802978515625,74.77067565917969,62.36612319946289,97.61499786376952,69.7109375,,,,4.314425771471994
2019-03-15,20190315,813,61.11748123168945,56.86740493774414,54.20917510986328,96.69459533691406,70.5830078125,,,,4.040722328797767
2019-03-18,20190318,663,79.94129943847656,139.46665954589844,16.618425369262695,93.72103881835938,76.92286682128906,,,,4.937825573025469
2019-03-19,20190319,740,107.43463134765624,142.8052520751953,59.55683898925781,94.42794799804688,77.79706573486328,,,,4.961481828467207
2019-03-20,20190320,769,60.30682373046875,60.12119674682617,57.31087112426758,94.199951171875,69.94706726074219,,,,4.096362470655151
2019-03-21,20190321,820,88.87377166748047,56.38195037841797,107.49282836914062,93.27670288085938,73.11930847167969,,,,4.03214907853243
2019-03-22,20190322,782,122.84458923339844,118.24347686767578,119.76103973388672,91.6602020263672,81.93746948242188,,,,4.77274586194074
2019-03-25,20190325,709,51.393856048583984,9.31557559967041,77.70109558105469,90.4410400390625,82.25392150878906,,,,2.2316877949163745
2019-03-26,20190326,672,88.7294921875,108.11334991455078,65.58342742919922,90.89949798583984,79.58175659179688,,,,4.683180212991956
2019-03-27,20190327,778,80.89817810058594,84.89386749267578,70.80986785888672,88.96202850341797,82.52338409423828,,,,4.441401858584476
2019-03-28,20190328,733,81.34545135498047,81.09506225585938,75.15699005126953,87.50969696044922,81.44790649414062,,,,4.395622074629837
2019-03-29,20190329,725,77.67399597167969,63.76992416381836,98.7822036743164,84.74689483642578,74.99496459960938,,,,4.155281671112397
2019-04-01,20190401,658,65.44586181640625,50.18801498413086,75.35116577148438,73.95113372802734,69.09344482421875,,,,3.91577625285744
2019-04-02,20190402,710,60.65264892578125,9.302453994750977,93.10999298095705,73.38089752197266,65.08246612548828,,,,2.230278235754869
2019-04-03,20190403,789,83.96876525878906,25.11308860778809,118.69851684570312,74.08125305175781,65.52112579345703,,,,3.2233891687031258
2019-04-04,20190404,776,72.56913757324219,59.578861236572266,106.4885482788086,73.06427001953125,64.26736450195312,,,,4.087300833919736
2019-04-05,20190405,791,71.19298553466797,33.39945983886719,97.50456237792967,72.73690795898438,63.34150695800781,,,,3.5085397273628725
2019-04-08,20190408,650,96.8289031982422,111.77256774902344,76.278564453125,70.84466552734375,65.61859893798828,,,,4.716466161641939
2019-04-09,20190409,692,167.5431671142578,95.44425201416016,230.8688201904297,75.65547943115234,80.888671875,,,,4.558542328496343
2019-04-10,20190410,781,76.34598541259766,25.370330810546875,112.860595703125,76.70369720458984,79.7997055053711,,,,3.2335804129643675
2019-04-11,20190411,763,104.19609832763672,43.28140640258789,144.40386962890625,76.79972839355469,84.31784057617188,,,,3.767723129448983
2019-04-12,20190412,895,103.63340759277344,81.17560577392578,166.1935272216797,76.41227722167969,88.95218658447266,,,,4.396614780528675
2019-04-16,20190416,692,124.46063232421876,66.81098175048828,151.25888061523438,78.81748962402344,85.4683609008789,,,,4.201867464493217
2019-04-17,20190417,685,67.70211029052734,67.49372100830078,56.29642868041992,78.4095230102539,84.2335205078125,,,,4.212034571452413
2019-04-18,20190418,728,54.60276794433594,36.289794921875,68.10586547851562,76.6484603881836,77.14876556396484,,,,3.5915365701171127
2019-04-19,20190419,581,51.31344223022461,22.735774993896484,66.37358093261719,76.34867858886719,69.67448425292969,,,,3.123939674837464
2019-04-22,20190422,587,95.9346694946289,90.0135269165039,84.46519470214844,74.3382339477539,75.31652069091797,,,,4.499959958108756
2019-04-23,20190423,635,156.499267578125,114.4128646850586,173.51205444335938,77.31513977050781,79.89347076416016,,,,4.739813526163994
2019-04-24,20190424,713,88.273193359375,138.94969177246094,30.90607261657715,78.54444885253906,82.83219146728516,,,,4.934111937923807
2019-04-25,20190425,798,99.6260986328125,99.31944274902344,103.55277252197266,78.90766906738281,89.26409912109375,,,,4.598341349961957
2019-04-26,20190426,767,129.5658721923828,103.33365631103516,150.8333282470703,80.5299301147461,100.4430160522461,,,,4.637963134396861
2019-05-02,20190502,800,186.33192443847656,90.8152084350586,247.9053497314453,83.0225830078125,82.71781921386719,,,,4.508826765359909
2019-05-03,20190503,850,70.14849090576172,54.391998291015625,77.77422332763672,82.5619125366211,74.22962188720703,,,,3.996217052804384
2019-05-06,20190506,638,134.9949188232422,103.52261352539062,164.0613555908203,85.15353393554688,92.4981460571289,,,,4.639790077008385
2019-05-07,20190507,676,122.5062026977539,87.9329605102539,138.54013061523438,88.71989440917969,102.945556640625,,,,4.476574711768215
2019-05-08,20190508,759,56.73699188232422,26.10570335388184,87.09893798828125,87.38349151611328,102.26239776611328,,,,3.2621538097626
2019-05-09,20190509,773,167.1282501220703,85.44298553466797,213.8036651611328,87.36966705322266,99.51901245117188,,,,4.447849317656961
2019-05-10,20190510,804,135.96359252929688,57.50397491455078,178.15199279785156,89.35691833496094,108.92117309570312,,,,4.051854074362718
2019-05-13,20190513,683,130.95069885253906,38.6807746887207,193.5815277099609,87.00572204589844,100.10389709472656,,,,3.655342698531397
2019-05-14,20190514,706,248.6771697998047,93.55159759521484,351.14068603515625,93.56580352783205,118.1283187866211,,,,4.538513130021793
2019-05-15,20190515,753,184.7647399902344,201.73849487304688,204.8502197265625,97.83565521240234,136.41799926757812,,,,5.306972278872412
2019-05-16,20190516,794,158.53598022460938,199.6395721435547,131.82763671875,98.97150421142578,135.19053649902344,,,,5.2965136014592336
2019-05-17,20190517,775,141.05126953125,119.3114776611328,156.38473510742188,101.41647338867188,135.91734313964844,,,,4.781737532867865
2019-05-20,20190520,612,102.84115600585938,53.96031951904297,135.0247039794922,104.40442657470705,139.26016235351562,,,,3.988248952727565
2019-05-21,20190521,707,131.1907958984375,84.07734680175781,163.63389587402344,105.87862396240234,122.47638702392578,,,,4.431737170430438
2019-05-22,20190522,711,93.18052673339844,46.44685363769531,123.97203826904295,105.7868194580078,109.39292907714844,,,,3.838308726425157
2019-05-23,20190523,743,102.54247283935548,97.78219604492188,88.97455596923828,103.9882583618164,101.39385986328124,,,,4.582742515938204
2019-05-24,20190524,802,148.69381713867188,74.11805725097656,206.07261657714844,106.00228118896484,102.48564910888672,,,,4.305659190212566
2019-05-27,20190527,535,43.34200668334961,37.03593826293945,41.1888427734375,101.47781372070312,88.96897888183594,,,,3.611888745637102
2019-05-28,20190528,620,69.45706939697266,0.0,115.5114517211914,102.80274200439452,80.1498794555664,,,,3.611888745637102
2019-05-29,20190529,736,67.5115737915039,17.947669982910156,97.30583953857422,102.75955963134766,76.4828872680664,,,,2.8874603005427564
2019-05-30,20190530,799,120.23086547851562,107.46139526367188,124.1078109741211,105.12144470214844,79.00979614257812,,,,4.677131669244598
2019-05-31,20190531,792,104.56336975097656,33.35728454589844,146.07217407226562,106.55625915527344,72.7054443359375,,,,3.5072761756732644
2019-06-03,20190603,692,129.24758911132812,95.44425201416016,143.29788208007812,105.8934097290039,92.880615234375,,,,4.558542328496343
2019-06-04,20190604,716,69.39736938476562,18.44900131225586,100.0238800048828,105.09626007080078,92.8720932006836,,,,2.91501023960446
2019-06-05,20190605,812,122.38550567626952,89.47311401367188,142.47433471679688,104.67594909667967,100.71121978759766,,,,4.493938178069188
2019-06-06,20190606,759,82.92330169677734,60.91330337524414,116.13191223144533,103.35652160644533,95.3815689086914,,,,4.109451597087274
2019-06-07,20190607,758,69.92227935791016,60.99366760253906,72.6781997680664,103.79602813720705,90.43284606933594,,,,4.11077004899026
2019-06-10,20190610,640,56.934757232666016,30.959732055664062,68.86259460449219,97.20851135253906,72.3370361328125,,,,3.432687394151261
2019-06-11,20190611,758,74.29241943359375,52.2802848815918,87.2138442993164,98.64569091796876,73.03633117675781,,,,3.9566193378917447
2019-06-12,20190612,732,95.03267669677734,99.25160217285156,75.2596664428711,97.44841766357422,69.1287841796875,,,,4.597658062236518
2019-06-13,20190613,780,114.66580963134766,59.27333450317383,169.5079345703125,92.98137664794922,73.66342163085938,,,,4.082159533761254
2019-06-14,20190614,791,192.6398468017578,125.24795532226562,229.83218383789065,93.24388122558594,91.19450378417967,,,,4.8302954150593935
2019-06-17,20190617,734,126.36498260498048,17.99657440185547,195.1419677734375,90.43783569335938,110.53583526611328,,,,2.8901814287766974
2019-06-18,20190618,798,157.74131774902344,91.04281616210938,200.2020263671875,93.78799438476562,122.45710754394533,,,,4.511329903138937
2019-06-19,20190619,782,135.55264282226562,8.445961952209473,218.3877716064453,94.8783721923828,128.2456817626953,,,,2.1336884516720374
2019-06-20,20190620,776,72.56913757324219,25.53379821777344,106.4885482788086,92.92432403564452,122.23186492919922,,,,3.240002994875097
2019-06-21,20190621,815,125.99950408935548,40.51989364624024,196.02603149414065,94.0182876586914,112.7118148803711,,,,3.7017930546544378
2019-06-24,20190624,619,171.24745178222656,21.34004211425781,284.79522705078125,98.10740661621094,132.84095764160156,,,,3.0605852193607794
2019-06-25,20190625,727,82.01680755615234,0.0,136.3990936279297,99.517333984375,122.0231704711914,,,,3.0605852193607794
2019-06-26,20190626,803,123.7572021484375,24.67525291442871,198.9554443359375,102.19783782958984,120.33810424804688,,,,3.205800835091888
2019-06-27,20190627,761,134.94033813476562,86.79031372070312,159.26171875,104.380615234375,129.24827575683594,,,,4.463495022359877
2019-06-28,20190628,904,153.90248107910156,87.67357635498047,201.1031494140625,107.26030731201172,133.2344207763672,,,,4.47362055814112
2019-07-01,20190701,736,112.51927947998048,26.921504974365234,172.156494140625,102.7437515258789,102.01058959960938,,,,3.2929254086509205
2019-07-02,20190702,695,138.2222442626953,47.5161361694336,214.01901245117188,106.38468933105467,110.0399398803711,,,,3.861069362182796
2019-07-03,20190703,694,66.82413482666016,9.51692008972168,103.19467163085938,104.3039093017578,101.90664672851562,,,,2.2530712764721743
2019-07-04,20190704,626,105.83283996582033,52.753536224365234,158.40597534179688,105.51842498779295,97.74842834472656,,,,3.965630807537993
2019-07-05,20190705,741,98.34883880615234,35.65312957763672,141.25660705566406,104.71720123291016,89.81219482421875,,,,3.573836929196291
2019-07-08,20190708,681,53.5069694519043,9.698594093322754,80.8958511352539,103.1783218383789,80.96824645996094,,,,2.271980936171984
2019-07-09,20190709,754,96.6531753540039,35.038421630859375,138.82113647460938,104.60257720947266,75.0298080444336,,,,3.5564452202722334
2019-07-10,20190710,756,100.7791748046875,26.20929718017578,153.02798461914062,106.06405639648438,79.88053131103516,,,,3.2661142020263707
2019-07-11,20190711,775,119.67986297607422,68.17799377441406,156.38473510742188,107.57697296142578,81.85867309570312,,,,4.222121840850216
2019-07-12,20190712,833,107.3701400756836,39.64431381225586,145.49600219726562,107.98822021484376,83.14743041992188,,,,3.679947528269763
2019-07-15,20190715,640,31.055322647094727,30.959732055664062,43.03912353515625,98.80603790283205,80.65377044677734,,,,3.432687394151261
2019-07-16,20190716,694,76.37043762207031,28.550762176513672,111.13272094726562,99.26834869384766,77.75623321533203,,,,3.3516836319458108
2019-07-17,20190717,720,147.22523498535156,82.55928039550781,198.9364013671875,99.96368408203124,84.39138793945312,,,,4.413516585555584
2019-07-18,20190718,742,102.68067169189452,115.71651458740234,103.94354248046876,98.12833404541016,81.96292877197266,,,,4.751143360292104
2019-07-19,20190719,747,48.779441833496094,17.683380126953125,66.37358093261719,95.23589324951172,73.59283447265625,,,,2.872625222587427
2019-07-22,20190722,635,193.0157470703125,104.0116958618164,242.9168701171875,94.39652252197266,102.27340698242188,,,,4.644503353027971
2019-07-23,20190723,666,139.26712036132812,99.1703109741211,198.5227966308593,95.72855377197266,111.2586441040039,,,,4.596838684961203
2019-07-24,20190724,699,99.51920318603516,47.24422454833984,126.1003189086914,93.33761596679688,104.44349670410156,,,,3.8553304146876712
2019-07-25,20190725,712,74.43972778320312,37.10529708862305,92.84844207763672,93.08504486083984,100.4090805053711,,,,3.6137597380905695
2019-07-26,20190726,746,137.65362548828125,61.97479248046875,192.00294494628903,93.54825592041016,113.10539245605467,,,,4.126727729476257
2019-07-29,20190729,674,137.6140899658203,88.19389343261719,171.64564514160156,88.88435363769531,97.58316802978516,,,,4.479537725158005
2019-07-30,20190730,674,152.35845947265625,137.19049072265625,155.29843139648438,93.17426300048828,99.45335388183594,,,,4.921370403288132
2019-07-31,20190731,702,89.65638732910156,84.67618560791016,109.86624908447266,92.41216278076172,98.04438018798828,,,,4.438834400470707
2019-08-01,20190801,738,107.72577667236328,89.49515533447266,111.97169494628906,91.39561462402344,102.79953002929688,,,,4.494184493474623
2019-08-02,20190802,776,110.98809051513672,42.55633163452149,156.18321228027344,92.86774444580078,98.99017333984376,,,,3.750828648520679
2019-08-05,20190805,640,103.51773834228516,103.19910430908205,94.68607330322266,95.36324310302734,113.11258697509766,,,,4.636660173834237
2019-08-06,20190806,648,270.9353332519531,183.465072631836,306.05596923828125,102.66009521484376,130.05213928222656,,,,5.212024309496688
2019-08-07,20190807,750,106.0021743774414,88.06324005126953,124.87084197998048,104.4099349975586,132.3872528076172,,,,4.478055193328565
2019-08-08,20190808,710,144.63323974609375,148.83926391601562,124.14664459228516,106.00926971435548,137.6597442626953,,,,5.002866957994651
2019-08-09,20190809,751,105.86102294921876,61.56217956542969,132.04013061523438,106.1786651611328,136.92730712890625,,,,4.120047713890208
2019-08-12,20190812,634,151.52122497558594,83.3405990600586,191.164306640625,106.63092041015624,135.10910034179688,,,,4.422935814114124
2019-08-13,20190813,733,40.67272567749024,27.03168678283692,45.09419250488281,106.9425277709961,102.21444702148438,,,,3.2970097624418164
2019-08-14,20190814,689,105.77139282226562,86.27384948730469,111.93920135498048,109.43306732177734,102.18147277832033,,,,4.45752653348286
2019-08-15,20190815,718,96.88568878173828,101.1868667602539,107.41797637939452,110.11690521240234,95.3603973388672,,,,4.616968973335544
2019-08-16,20190816,760,104.6073989868164,78.21405792236328,115.97911071777344,108.6963119506836,95.18130493164062,,,,4.359449400222961
2019-08-19,20190819,570,127.8534927368164,46.34907150268555,173.96865844726562,111.2931671142578,94.8749008178711,,,,3.836201259506696
2019-08-20,20190820,648,76.67980194091797,50.962520599365234,110.52021026611328,111.81512451171876,100.01876831054688,,,,3.931090472351623
2019-08-21,20190821,695,114.39083099365234,47.5161361694336,150.60597229003906,109.19429779052734,101.25011444091795,,,,3.861069362182796
2019-08-22,20190822,694,147.9677276611328,66.61843872070312,206.38934326171875,109.48431396484376,108.54754638671876,,,,4.198981396896547
2019-08-23,20190823,753,96.78153228759766,70.16990661621094,146.32159423828125,109.39305877685548,107.4295654296875,,,,4.250919538441179
2019-08-26,20190826,574,121.19149780273438,69.03912353515625,143.963623046875,109.23838806152344,100.86947631835938,,,,4.234673351664988
2019-08-27,20190827,651,178.0950469970703,111.6008758544922,203.09706115722656,114.11571502685548,115.35736846923828,,,,4.714928898074946
2019-08-28,20190828,754,83.47319030761719,78.8364486694336,102.2892608642578,112.31101989746094,110.94055938720705,,,,4.367375436488563
2019-08-29,20190829,694,76.37043762207031,57.101524353027344,79.38050842285156,109.77809143066406,100.7123794555664,,,,4.044830812505756
2019-08-30,20190830,796,45.77669143676758,41.48707580566406,55.36690902709961,108.3154296875,93.42597198486328,,,,3.7253819523638496
2019-09-03,20190903,633,83.72998809814453,41.73612976074219,113.13917541503906,102.6141128540039,68.69090270996094,,,,3.7313671747995545
2019-09-04,20190904,739,89.6500015258789,53.62443542480469,104.36550903320312,102.15185546875,69.57330322265625,,,,3.9820048489839888
2019-09-05,20190905,736,81.01388549804688,44.86917495727539,127.24610137939452,95.8211441040039,70.23664855957031,,,,3.803751032416912
2019-09-06,20190906,770,81.73868560791016,42.887939453125,100.1637725830078,95.01235961914062,75.37407684326172,,,,3.758590654780279
2019-09-09,20190909,682,72.8570556640625,87.15936279296875,56.5440673828125,88.86576843261719,70.41270446777344,,,,4.467738199276046
2019-09-10,20190910,758,104.88341522216795,104.5605697631836,138.0885772705078,89.82351684570312,73.43462371826172,,,,4.64976651845169
2019-09-11,20190911,738,98.7486343383789,17.899032592773438,156.76039123535156,88.0644302368164,74.73442840576172,,,,2.8847466662897645
2019-09-12,20190912,750,79.50162506103516,70.4505844116211,88.14412689208984,89.35872650146484,74.51838684082031,,,,4.254911533720092
2019-09-13,20190913,798,70.56848907470703,41.38309860229492,96.64925384521484,88.18529510498047,72.92264556884766,,,,3.7228725511546736
2019-09-16,20190916,648,178.9195556640625,122.31005096435548,229.5419921875,88.13703155517578,93.34619140625,,,,4.806559222181022
2019-09-17,20190917,693,253.3421173095703,200.1437225341797,325.92974853515625,93.62651824951172,114.55458068847656,,,,5.2990357211404815
2019-09-18,20190918,804,115.36304473876952,65.71883392333984,157.59597778320312,93.21017456054688,116.92806243896484,,,,4.185385549909706
2019-09-19,20190919,780,157.13462829589844,76.20857238769531,240.13623046875,95.89199829101562,128.01849365234375,,,,4.333473954891301
2019-09-20,20190920,861,126.9625244140625,130.4072265625,121.56927490234376,96.3110580444336,136.0747833251953,,,,4.8706620663810885
2019-09-23,20190923,693,52.5804443359375,47.65326690673828,63.59604644775391,93.99988555908205,127.75281524658205,,,,3.863951188227243
2019-09-24,20190924,738,103.2372055053711,71.59613037109375,141.83082580566406,94.67373657226562,106.30924987792967,,,,4.271041027409655
2019-09-25,20190925,774,124.11428833007812,76.79933166503906,142.3516082763672,94.77116394042967,107.55943298339844,,,,4.341195937837624
2019-09-26,20190926,750,70.6681137084961,52.83794403076172,88.14412689208984,91.19026184082033,95.20706939697266,,,,3.967229569562574
2019-09-27,20190927,790,88.05559539794922,16.720867156982422,146.4419708251953,91.34300994873048,89.64894104003906,,,,2.81665746976758
2019-09-30,20190930,624,95.55484008789062,42.33809280395508,123.59953308105467,92.55197143554688,83.07457733154297,,,,3.745687219910762
2019-10-01,20191001,735,90.1378936767578,71.88835906982422,119.92398071289062,94.37181854248048,81.2032470703125,,,,4.27511434716599
2019-10-02,20191002,761,69.64662170410156,8.679030418395996,115.82669830322266,92.7296142578125,73.42214965820312,,,,2.160909819483249
2019-10-03,20191003,784,46.477352142333984,25.273250579833984,63.24116134643555,91.48786163330078,69.96632385253906,,,,3.2297465470742006
2019-10-04,20191004,774,111.27488708496094,59.73281097412109,135.23403930664062,92.2086944580078,73.28337097167969,,,,4.0898814669816
2019-10-07,20191007,688,52.96256637573242,28.79975128173828,64.0582275390625,91.02143096923828,66.23120880126953,,,,3.360366751053855
2019-10-08,20191008,753,118.77732849121094,87.71238708496094,131.68942260742188,92.81559753417967,70.32255554199219,,,,4.474063133246365
2019-10-09,20191009,723,82.47056579589844,73.08152770996094,99.0554656982422,93.13604736328124,72.15454864501953,,,,4.291575635915842
2019-10-10,20191010,722,165.16957092285156,109.77410888671876,213.64572143554688,95.14558410644533,89.11058044433594,,,,4.698424698780752
2019-10-11,20191011,762,204.3184814453125,277.364501953125,180.74172973632807,98.66458129882812,102.40251922607422,,,,5.625332532688381
2019-10-14,20191014,671,118.4822998046875,68.90193939208984,164.20291137695312,102.6611785888672,126.73455810546876,,,,4.232684325549299
2019-10-15,20191015,705,108.06958770751952,93.68428802490234,179.72650146484375,103.78470611572266,125.2048797607422,,,,4.539930491351452
2019-10-16,20191016,719,193.5018615722656,119.41815948486328,283.4955444335937,104.27078247070312,141.06649780273438,,,,4.782631278882035
2019-10-17,20191017,837,114.77235412597656,15.781941413879396,177.7099151611328,99.65179443359376,133.8668975830078,,,,2.7588663378805345
2019-10-18,20191018,777,106.58197021484376,76.5028076171875,127.62179565429688,99.3590850830078,119.90453338623048,,,,4.3373274410372975
2019-10-21,20191021,709,93.44337463378906,55.89345169067383,116.55164337158205,95.30785369873048,109.43492126464844,,,,4.0234472300197055
2019-10-22,20191022,732,54.304386138916016,72.18297576904297,37.62983322143555,93.5070571899414,101.7541732788086,,,,4.279204225422783
2019-10-23,20191023,785,97.05612182617188,16.827369689941406,154.392578125,94.98957824707033,87.97621154785156,,,,2.8230067089976263
2019-10-24,20191024,769,116.30601501464844,42.94371032714844,179.09646606445312,95.42520141601562,88.19530487060547,,,,3.759890195963865
2019-10-25,20191025,823,140.87469482421875,96.3024444580078,167.34530639648438,95.98388671875,93.09426879882812,,,,4.567493702261853
2019-10-28,20191028,674,98.2957763671875,97.99321746826172,114.430419921875,93.8873291015625,77.59986114501953,,,,4.58489826676795
2019-10-29,20191029,767,95.01498413085938,68.88909912109375,107.73809051513672,95.01911926269533,83.41565704345703,,,,4.2324979524560735
2019-10-30,20191030,731,113.28890991210938,90.35215759277344,113.04393005371094,95.61026000976562,85.73462677001953,,,,4.50371489713798
2019-10-31,20191031,757,83.14237976074219,52.34934616088867,109.16131591796876,95.3770751953125,80.99696350097656,,,,3.957939447475199
2019-11-01,20191101,724,100.65813446044922,72.98058319091797,106.52777099609376,96.4107894897461,75.25174713134766,,,,4.290193422082401
2019-11-04,20191104,671,59.24114990234375,9.843133926391602,90.31159210205078,95.1593246459961,80.92291259765625,,,,2.2867741488119115
2019-11-05,20191105,680,77.9427719116211,48.56428527832031,97.21778869628906,96.45836639404295,78.48402404785156,,,,3.882888389940077
2019-11-06,20191106,695,85.79312133789062,95.0322723388672,71.33966827392578,97.55271911621094,74.5560531616211,,,,4.554216542742742
2019-11-07,20191107,729,63.615840911865234,45.30001831054688,75.56938171386719,95.71400451660156,71.76654815673828,,,,3.81330743669524
2019-11-08,20191108,837,98.94168853759766,94.691650390625,92.14588928222656,96.2630386352539,71.5213394165039,,,,4.550625827251323
2019-11-11,20191111,644,92.58729553222656,61.53487014770508,111.20667266845705,86.34618377685547,71.62086486816406,,,,4.119604008403581
2019-11-12,20191112,690,62.41069412231445,67.004638671875,63.872554779052734,85.26476287841797,69.40199279785156,,,,4.204761850902992
2019-11-13,20191113,786,160.1495819091797,142.8506622314453,189.2407073974609,86.65367126464844,80.02434539794922,,,,4.961799764517946
2019-11-14,20191114,695,85.79312133789062,28.50968170166016,118.89944458007812,85.91112518310547,83.1925277709961,,,,3.350243738416806
2019-11-15,20191115,706,75.07235717773438,56.130958557128906,85.83439636230469,81.96347045898438,79.78262329101562,,,,4.027687506255803
2019-11-18,20191118,668,109.09654235839844,79.09871673583984,156.69332885742188,79.2219009399414,90.81804656982422,,,,4.370696651327721
2019-11-19,20191119,704,61.16957092285156,46.90868377685547,62.60235977172852,80.0448226928711,90.64073944091795,,,,3.848202813469966
2019-11-20,20191120,780,101.92516326904295,33.87047576904297,141.25660705566406,80.32755279541016,82.32296752929688,,,,3.5225437136469657
2019-11-21,20191121,790,62.8968505859375,41.80216979980469,76.70770263671875,80.61396789550781,79.05207061767578,,,,3.732948247269717
2019-11-22,20191122,876,64.28498840332031,22.618980407714844,88.04350280761719,79.52159118652344,77.51101684570312,,,,3.118789394858407
2019-11-25,20191125,633,36.63187026977539,31.30209922790528,34.81205368041992,74.20287322998047,59.5128288269043,,,,3.4436851632813448
2019-11-26,20191126,705,70.48016357421875,46.84214401245117,78.14195251464844,76.29661560058594,60.84291076660156,,,,3.8467833107915066
2019-11-27,20191127,746,93.2492218017578,97.3889617919922,81.23201751708984,76.1283950805664,59.603492736816406,,,,4.5787128756020055
2019-11-28,20191128,610,38.01306915283203,10.827446937561035,63.21811676025391,74.22833251953125,56.04866409301758,,,,2.3820842933845032
2019-11-29,20191129,703,108.37702941894533,75.16065216064453,117.54639434814452,74.06460571289062,62.34753036499024,,,,4.319627851472023
2019-12-02,20191202,638,77.88168334960938,31.056781768798828,112.25251007080078,72.90457153320312,74.27562713623047,,,,3.435817198984592
2019-12-03,20191203,656,85.84397888183594,50.34102630615234,100.77452850341795,73.95588684082031,76.47045135498047,,,,3.918820376987475
2019-12-04,20191204,695,47.662845611572266,47.5161361694336,63.41303634643555,73.5699462890625,69.95811462402344,,,,3.861069362182796
2019-12-05,20191205,835,103.14582061767578,94.91845703125,92.36659240722656,74.41004943847656,79.2627944946289,,,,4.553018175970313
2019-12-06,20191206,822,88.65753173828125,64.27973175048828,113.9332504272461,74.50552368164062,76.44572448730469,,,,4.163244367719476
2019-12-09,20191209,640,82.81419372558594,51.599552154541016,103.2938995361328,72.60903930664062,65.4045181274414,,,,3.943512993274291
2019-12-10,20191210,738,76.30575561523438,26.848546981811523,119.43648529052734,73.29900360107422,64.04191589355469,,,,3.290211703356894
2019-12-11,20191211,714,97.42845916748048,138.75509643554688,77.15696716308594,73.46038055419922,71.15129089355469,,,,4.93271048301898
2019-12-12,20191212,746,97.68965911865234,70.82833862304688,110.77093505859376,74.63634490966797,70.37184143066406,,,,4.2602591836531785
2019-12-13,20191213,798,99.6260986328125,41.38309860229492,138.0703582763672,72.618896484375,71.93877410888672,,,,3.7228725511546736
2019-12-16,20191216,663,94.9302978515625,59.771427154541016,116.32897186279295,71.33452606201172,80.378173828125,,,,4.090527739990302
2019-12-17,20191217,684,82.32990264892578,48.28028106689453,104.70336151123048,71.61415100097656,81.23876190185547,,,,3.877023217813349
2019-12-18,20191218,723,119.12415313720705,109.6222915649414,137.15371704101562,71.94840240478516,84.33815002441406,,,,4.697040744024005
2019-12-19,20191219,768,69.01182556152344,34.39970016479492,93.25143432617188,72.20980834960938,80.24131774902344,,,,3.5380478482016846
2019-12-20,20191220,736,49.50848388671875,71.79067993164062,22.4551944732666,70.46258544921875,73.08165740966797,,,,4.273754661662647
2019-12-23,20191223,571,34.808067321777344,23.13394927978516,38.59199523925781,68.74866485595703,61.8512077331543,,,,3.141301204417498
2019-12-24,20191224,569,58.21735763549805,34.82289505004883,67.77338409423828,68.9405288696289,58.40655899047852,,,,3.550275074193676
2019-12-25,20191225,219,45.37763977050781,30.15863990783692,50.3105697631836,69.2320556640625,47.871341705322266,,,,3.4064714462289034
2019-12-26,20191226,375,44.167572021484375,52.83794403076172,44.07206344604492,68.35496520996094,44.32216262817383,,,,3.967229569562574
2019-12-27,20191227,592,111.91106414794922,111.56658935546876,93.05755615234376,68.9770278930664,53.23681640625,,,,4.714621626589285
2019-12-30,20191230,515,128.64340209960938,153.89691162109375,85.57682037353516,69.21117401123047,69.36570739746094,,,,5.036282973204193
2019-12-31,20191231,601,165.35279846191406,142.86463928222656,210.8272399902344,72.74105834960938,84.67076873779297,,,,4.961897603525646
2020-01-02,20200102,609,163.1806640625,86.76181030273438,199.01177978515625,76.54056549072266,111.55158996582033,,,,4.463166551378776
2020-01-03,20200103,656,80.7943344116211,40.27281951904297,125.9681625366211,77.64495086669922,107.10633850097656,,,,3.695676787784712
2020-01-06,20200106,631,251.98611450195312,115.13814544677734,357.9545593261719,93.55134582519533,172.1554412841797,,,,4.746132672176634
2020-01-07,20200107,673,413.4556884765625,147.20822143554688,622.1167602539062,106.08412170410156,207.5987091064453, U.S. / Iran Tensions Escalate,,,4.991848056878764
2020-01-08,20200108,752,180.6054229736328,158.09225463867188,227.1000366210937,109.34382629394533,217.0380249023437, U.S. / Iran Tensions Escalate,,,5.063178752747634
2020-01-09,20200109,739,394.46002197265625,339.62139892578125,551.646240234375,119.94896697998048,250.0779266357422, U.S. / Iran Tensions Escalate,,,5.827831464600954
2020-01-10,20200110,792,167.3013916015625,166.7864227294922,187.8070831298828,122.27806854248048,262.43609619140625, U.S. / Iran Tensions Escalate,,,5.116714088107365
2020-01-13,20200113,629,152.72569274902344,126.00462341308594,157.6504669189453,129.04461669921875,229.2061462402344, U.S. / Iran Tensions Escalate,,,4.836318600032929
2020-01-14,20200114,729,131.77566528320312,81.54003143310547,151.13876342773438,131.82518005371094,188.9661407470703, U.S. / Iran Tensions Escalate,,,4.40109408288411
2020-01-15,20200115,712,153.5319366455078,64.93427276611328,216.64637756347656,133.778564453125,185.09849548339844, U.S. / Iran Tensions Escalate,,,4.173375570086285
2020-01-16,20200116,749,145.94757080078125,44.09040451049805,213.2993621826172,135.89915466308594,149.5967254638672, U.S. / Iran Tensions Escalate,,,3.786242173981832
2020-01-17,20200117,791,129.82249450683594,83.49864196777344,174.11529541015625,136.25576782226562,144.2425994873047, U.S. / Iran Tensions Escalate,,,4.424830367865551
2020-01-20,20200120,584,119.11630249023438,33.928470611572266,179.2313995361328,138.9213409423828,116.0464096069336, U.S. / Iran Tensions Escalate,,,3.5242545029665715
2020-01-21,20200121,694,119.32880401611328,85.65228271484375,150.82298278808594,142.0517578125,114.2682876586914, U.S. / Iran Tensions Escalate,,,4.450295876076903
2020-01-22,20200122,807,77.99105834960938,24.55294609069824,129.70401000976562,143.49119567871094,103.47673797607422, U.S. / Iran Tensions Escalate,,,3.200831850735092
2020-01-30,20200130,775,188.068359375,42.61124038696289,284.3358764648437,142.0667724609375,73.58668518066406, U.S. / Iran Tensions Escalate,,,3.752118077319595
2020-01-31,20200131,806,73.97793579101562,40.97234725952149,88.8549575805664,140.71502685546875,76.73184204101562, U.S. / Iran Tensions Escalate,,,3.7128973820709663
2020-02-03,20200203,647,107.51765441894533,112.29082489013672,93.6616439819336,132.83998107910156,92.33885955810548, U.S. / Iran Tensions Escalate,,,4.721092156626899
2020-02-04,20200204,692,143.60842895507812,181.3440856933593,103.49291229248048,130.9851837158203,98.62670135498048, U.S. / Iran Tensions Escalate,,,5.200396252532973
2020-02-05,20200205,727,68.34733581542969,36.3397102355957,98.51045989990234,124.8638916015625,101.67388153076172, U.S. / Iran Tensions Escalate,,,3.592911089232209
2020-02-06,20200206,731,90.6311264038086,36.14086532592773,128.116455078125,114.1030731201172,87.7542724609375, U.S. / Iran Tensions Escalate,,,3.5874242285943074
2020-02-07,20200207,839,78.96466064453125,23.61648178100586,111.6247100830078,110.71504974365234,88.46665954589844, U.S. / Iran Tensions Escalate,,,3.1619448488284454
2020-02-10,20200210,669,24.757606506347656,19.74511909484864,24.704071044921875,90.89765167236328,66.99327850341797, U.S. / Iran Tensions Escalate,,,2.98290632636634
2020-02-11,20200211,734,90.2606964111328,89.98286437988281,82.56005859375,88.04857635498047,59.372169494628906, U.S. / Iran Tensions Escalate,,,4.499619256423608
2020-02-12,20200212,801,62.03310012817383,74.2105941772461,41.26597595214844,85.0254898071289,58.47013854980469, U.S. / Iran Tensions Escalate,,,4.306906918650515
2020-02-13,20200213,788,58.852725982666016,83.8165283203125,27.96450424194336,82.5947265625,53.93036651611328, U.S. / Iran Tensions Escalate,,,4.428630223365633
2020-02-14,20200214,780,89.18451690673828,59.27333450317383,120.068115234375,80.44981384277344,55.39034652709961, U.S. / Iran Tensions Escalate,,,4.082159533761254
2020-02-17,20200217,587,84.64823913574219,78.76183319091797,112.6202621459961,77.03150177001953,73.19585418701172, U.S. / Iran Tensions Escalate,,,4.366428529159243
2020-02-18,20200218,675,83.42762756347656,0.0,138.74537658691406,76.70203399658203,72.21969604492188, U.S. / Iran Tensions Escalate,,,4.366428529159243
2020-02-19,20200219,726,54.75318145751953,45.48720550537109,53.11715698242188,74.55659484863281,71.1797103881836, U.S. / Iran Tensions Escalate,,,3.817431088729271
2020-02-20,20200220,744,111.30940246582033,53.26405334472656,140.68702697753906,74.2892837524414,78.67352294921875, U.S. / Iran Tensions Escalate,,,3.975261682347761
2020-02-21,20200221,765,103.92369842529295,86.33650207519531,129.62371826171875,75.15370178222656,80.77912139892578, U.S. / Iran Tensions Escalate,,,4.458252475931559
2020-02-24,20200224,655,80.91768646240234,70.58502960205078,75.6962890625,75.75350952148438,78.5098648071289, U.S. / Iran Tensions Escalate,,,4.256818076717683
2020-02-25,20200225,746,115.451416015625,44.2677116394043,155.0792999267578,78.82428741455078,83.08468627929688, U.S. / Iran Tensions Escalate,,,3.790255554407443
2020-02-26,20200226,678,102.60165405273438,19.48301696777344,154.38221740722656,79.84393310546875,89.9201889038086, U.S. / Iran Tensions Escalate,,,2.969543161364846
2020-02-27,20200227,725,63.96682357788086,72.87992095947266,53.19041442871094,78.65637969970703,83.1569595336914, U.S. / Iran Tensions Escalate,,,4.288813168421377
2020-02-28,20200228,781,55.13877487182617,59.19743347167969,56.4302978515625,78.9271011352539,76.18768310546875, U.S. / Iran Tensions Escalate,,,4.080878187431245
2020-03-02,20200302,686,106.23394775390624,125.16276550292967,104.39810943603516,75.5648422241211,83.912109375, U.S. / Iran Tensions Escalate,,,4.829615014297463
2020-03-03,20200303,700,123.0382308959961,141.5301971435547,86.57012176513672,78.29444885253906,84.99594116210938, U.S. / Iran Tensions Escalate,,,4.952513101690123
2020-03-04,20200304,800,144.92483520507812,140.3507843017578,185.92901611328125,79.5413589477539,91.04210662841795, U.S. / Iran Tensions Escalate,,,4.9441448909772285
2020-03-05,20200305,753,79.18489074707031,122.7973403930664,58.52863693237305,77.39390563964844,93.21611785888672, U.S. / Iran Tensions Escalate,,,4.810535357441585
2020-03-06,20200306,839,51.327030181884766,55.10512161254883,78.79391479492188,76.8265609741211,92.6715850830078, U.S. / Iran Tensions Escalate,,,4.009242663065103
2020-03-09,20200309,637,72.8036880493164,41.47405242919922,95.13199615478516,76.87311553955078,85.8053970336914, U.S. / Iran Tensions Escalate,,,3.725067989021043
2020-03-10,20200310,786,71.64586639404297,16.80596160888672,112.14264678955078,78.21220397949219,78.46363067626953, U.S. / Iran Tensions Escalate,,,2.8217336811339493
2020-03-11,20200311,801,90.98188018798828,65.9649658203125,110.04259490966795,80.419677734375,70.75749206542969, U.S. / Iran Tensions Escalate,,,4.189123780186777
2020-03-12,20200312,841,74.83802795410156,70.68095397949219,72.05598449707031,79.90558624267578,70.13651275634766, U.S. / Iran Tensions Escalate,,,4.258176144523571
2020-03-13,20200313,876,68.06645965576172,82.93626403808594,81.75467681884766,80.10669708251953,72.52786254882812, U.S. / Iran Tensions Escalate,,,4.418072409652353
2020-03-16,20200316,673,34.45463943481445,9.813881874084473,49.114479064941406,77.82302856445312,62.71711730957031, U.S. / Iran Tensions Escalate,,,2.28379790112538
2020-03-17,20200317,702,99.09390258789062,94.08465576171876,86.32347869873047,78.67845153808594,66.63826751708984, U.S. / Iran Tensions Escalate,,,4.54419497018903
2020-03-18,20200318,794,87.61199188232422,74.86483764648438,83.25955963134766,78.7772445678711,66.15685272216797, U.S. / Iran Tensions Escalate,,,4.315684322970278
2020-03-19,20200319,743,89.16736602783203,97.78219604492188,81.56000518798828,78.96856689453125,68.20390319824219, U.S. / Iran Tensions Escalate,,,4.582742515938204
2020-03-20,20200320,745,57.80319213867188,26.59627914428711,81.34104919433594,79.07023620605469,66.73771667480469, U.S. / Iran Tensions Escalate,,,3.280771324209565
2020-03-23,20200323,656,121.19149780273438,40.27281951904297,167.95755004882812,78.01639556884766,84.94721984863281, U.S. / Iran Tensions Escalate,,,3.695676787784712
2020-03-24,20200324,659,191.0130157470703,100.22371673583984,275.8683776855469,83.1201171875,98.07852172851562, U.S. / Iran Tensions Escalate,,,4.607404854613623
2020-03-25,20200325,745,53.35679244995117,17.730854034423828,81.34104919433594,82.20142364501953,93.18492126464844, U.S. / Iran Tensions Escalate,,,2.8753062878162656
2020-03-26,20200326,701,56.70586395263672,28.26565933227539,78.58783721923828,80.24324035644531,88.54756927490234, U.S. / Iran Tensions Escalate,,,3.3416476166648605
2020-03-27,20200327,699,52.12910461425781,47.24422454833984,55.168888092041016,78.56082153320312,87.73698425292969, U.S. / Iran Tensions Escalate,,,3.8553304146876712
2020-03-30,20200330,672,103.51773834228516,39.31394577026367,139.36477661132812,82.55096435546875,97.47586822509766, U.S. / Iran Tensions Escalate,,,3.6715793101345353
2020-03-31,20200331,668,89.26080322265625,59.32403564453125,107.2112274169922,83.73712921142578,82.93983459472656, U.S. / Iran Tensions Escalate,,,4.083014546724577
2020-04-01,20200401,707,65.59539794921875,9.341927528381348,101.2971649169922,82.38251495361328,84.6882095336914, U.S. / Iran Tensions Escalate,,,2.234512604437039
2020-04-03,20200403,705,84.5761947631836,56.210575103759766,93.77033996582033,77.85609436035156,88.02186584472656, U.S. / Iran Tensions Escalate,,,4.029104908304105
2020-04-06,20200406,667,99.32736206054688,108.92378997802734,90.85319519042967,80.39558410644531,79.71260070800781, U.S. / Iran Tensions Escalate,,,4.690648463179143
2020-04-07,20200407,653,106.5297393798828,60.68676376342773,143.4197998046875,81.77677154541016,82.1795883178711, U.S. / Iran Tensions Escalate,,,4.105725614376352
2020-04-08,20200408,720,78.2134017944336,55.03952407836914,91.8167953491211,81.95709228515625,83.98216247558594, U.S. / Iran Tensions Escalate,,,4.008051546755748
2020-04-09,20200409,707,60.91001129150391,84.07734680175781,38.96044921875,81.59922790527344,85.88439178466797, U.S. / Iran Tensions Escalate,,,4.431737170430438
2020-04-10,20200410,465,85.4856185913086,71.01873779296875,94.77862548828124,81.41602325439453,86.01431274414062, U.S. / Iran Tensions Escalate,,,4.262943754799542
2020-04-13,20200413,597,88.7790298461914,77.44254302978516,92.27819061279295,80.23401641845703,72.218994140625, U.S. / Iran Tensions Escalate,,,4.349536281140211
2020-04-14,20200414,763,91.17159271240234,43.28140640258789,137.1836700439453,82.2036361694336,70.02497863769531, U.S. / Iran Tensions Escalate,,,3.767723129448983
2020-04-15,20200415,777,89.52886199951172,68.00249481201172,99.26139831542967,84.03944396972656,71.64147186279297, U.S. / Iran Tensions Escalate,,,4.21954439291504
2020-04-16,20200416,752,48.45511245727539,17.56580352783203,65.9322738647461,82.35147857666016,69.86219787597656, U.S. / Iran Tensions Escalate,,,2.8659540306340165
2020-04-17,20200417,721,73.5105209350586,45.80265426635742,84.04866027832031,81.88143157958984,68.15147399902344, U.S. / Iran Tensions Escalate,,,3.824342042854824
2020-04-20,20200420,640,25.87943458557129,0.0,43.03912353515625,78.55697631835938,58.54924392700195, U.S. / Iran Tensions Escalate,,,3.824342042854824
2020-04-21,20200421,735,54.08273696899414,35.94417953491211,59.96199035644531,77.69903564453125,53.25083541870117, U.S. / Iran Tensions Escalate,,,3.581967166606044
2020-04-22,20200422,724,137.26109313964844,136.83859252929688,114.13689422607422,78.23469543457031,60.06972503662109, U.S. / Iran Tensions Escalate,,,4.918802074535439
2020-04-23,20200423,722,100.9369659423828,82.33058166503906,114.45307159423828,75.2321548461914,67.56713104248047, U.S. / Iran Tensions Escalate,,,4.410742626328971
2020-04-24,20200424,795,45.83427047729492,8.307851791381836,76.22526550292969,74.98140716552734,63.61338424682617, U.S. / Iran Tensions Escalate,,,2.1172010665891974
2020-04-27,20200427,676,49.002479553222656,19.540658950805664,65.19535827636719,73.71172332763672,68.10382843017578, U.S. / Iran Tensions Escalate,,,2.972497369219292
2020-04-28,20200428,727,95.68627166748048,127.1889877319336,75.77727508544922,71.64321899414062,74.04718780517578, U.S. / Iran Tensions Escalate,,,4.845674072723755
2020-04-29,20200429,667,79.46189880371094,99.0216293334961,66.07505798339844,70.84136199951172,65.7901611328125, U.S. / Iran Tensions Escalate,,,4.595338304387844
2020-05-04,20200504,667,59.59642028808594,29.70648765563965,74.33443450927734,67.82625579833984,64.03096771240234, U.S. / Iran Tensions Escalate,,,3.391365461538028
2020-05-05,20200505,716,41.63842010498047,36.89800262451172,38.47072219848633,66.04290008544922,56.30984878540039, U.S. / Iran Tensions Escalate,,,3.608157420164405
2020-05-06,20200506,697,80.7943344116211,113.71149444580078,47.42330932617188,65.42513275146484,56.50019454956055, U.S. / Iran Tensions Escalate,,,4.733664490156906
2020-05-07,20200507,708,56.14521408081055,27.986196517944336,70.02975463867188,63.74564743041992,56.385284423828125, U.S. / Iran Tensions Escalate,,,3.331711407117884
2020-05-08,20200508,705,70.48016357421875,93.68428802490234,54.699363708496094,63.48787307739258,57.82365417480469, U.S. / Iran Tensions Escalate,,,4.539930491351452
2020-05-11,20200511,699,37.91207885742188,37.79537963867188,31.52507972717285,60.65377807617188,50.47975158691406, U.S. / Iran Tensions Escalate,,,3.632186863373462
2020-05-12,20200512,672,39.43532943725586,9.828486442565918,57.385498046875,60.54536437988281,50.16502380371094, U.S. / Iran Tensions Escalate,,,2.2852849490146445
2020-05-13,20200513,779,59.53266525268555,33.91395568847656,70.7189712524414,59.57048416137695,47.12764358520508, U.S. / Iran Tensions Escalate,,,3.5238266018990894
2020-05-14,20200514,726,82.12977600097656,45.48720550537109,98.6461410522461,59.26908874511719,50.839725494384766, U.S. / Iran Tensions Escalate,,,3.817431088729271
2020-05-15,20200515,723,45.81698226928711,27.40557289123535,53.33755874633789,57.81202697753906,47.31641387939453, U.S. / Iran Tensions Escalate,,,3.310746382904115
2020-05-18,20200518,613,135.0965576171875,140.0679473876953,125.81746673583984,61.03722381591797,69.92327880859375, U.S. / Iran Tensions Escalate,,,4.942127643354215
2020-05-19,20200519,666,99.47650909423828,79.33625030517578,99.26139831542967,63.10402297973633,78.50059509277344, U.S. / Iran Tensions Escalate,,,4.373695152880054
2020-05-20,20200520,731,99.69424438476562,45.17607879638672,128.116455078125,65.56452178955078,84.23796081542969, U.S. / Iran Tensions Escalate,,,3.810567716578035
2020-05-21,20200521,724,73.20591735839844,27.36771774291992,106.52777099609376,66.20195770263672,82.96312713623047, U.S. / Iran Tensions Escalate,,,3.309364134223988
2020-05-22,20200522,757,135.6533660888672,69.79913330078125,174.65809631347656,66.14836883544922,95.79689025878906, U.S. / Iran Tensions Escalate,,,4.245621592796985
2020-05-25,20200525,590,129.1339874267578,11.19447898864746,205.42062377929688,65.74308776855469,84.46500396728516, U.S. / Iran Tensions Escalate,,,2.4154207093203244
2020-05-26,20200526,633,120.3618621826172,73.03822326660156,147.95123291015625,68.38858032226562,87.44862365722656, U.S. / Iran Tensions Escalate,,,4.290982910506199
2020-05-27,20200527,707,23.42692947387696,28.02578353881836,31.168359756469727,67.53606414794922,76.55329895019531, U.S. / Iran Tensions Escalate,,,3.333124927133612
2020-05-28,20200528,760,61.02098083496094,43.45225524902344,79.73563385009766,66.38055419921875,74.81259155273438, U.S. / Iran Tensions Escalate,,,3.771662754829853
2020-05-29,20200529,723,137.45094299316406,45.67595291137695,190.4912872314453,68.31352233886719,75.06938934326172, U.S. / Iran Tensions Escalate,,,3.82157196491184
2020-06-01,20200601,676,53.90272903442383,39.08131790161133,73.34477233886719,69.26918029785156,79.7501220703125, U.S. / Iran Tensions Escalate,,,3.665644549779237
2020-06-02,20200602,718,83.04486846923828,82.78925323486328,76.72712707519531,71.16561126708984,74.41912078857422, U.S. / Iran Tensions Escalate,,,4.416298261118046
2020-06-03,20200603,752,114.53026580810548,52.69741439819336,190.47100830078125,72.99674224853516,87.43388366699219, U.S. / Iran Tensions Escalate,,,3.964566391690828
2020-06-04,20200604,733,36.15353393554688,27.03168678283692,37.578495025634766,72.81391143798828,83.88139343261719, U.S. / Iran Tensions Escalate,,,3.2970097624418164
2020-06-05,20200605,753,109.97901153564452,61.3986701965332,131.68942260742188,73.78673553466797,79.95683288574219, U.S. / Iran Tensions Escalate,,,4.117388176881639
2020-06-08,20200608,656,65.64539337158203,50.34102630615234,75.58089447021484,74.79698181152344,75.04408264160156, U.S. / Iran Tensions Escalate,,,3.918820376987475
2020-06-09,20200609,679,68.30036163330078,19.454322814941406,105.47438049316406,75.68299865722656,72.9377212524414, U.S. / Iran Tensions Escalate,,,2.9680692980662
2020-06-10,20200610,727,95.68627166748048,45.42464065551758,121.24363708496094,77.60880279541016,70.2457275390625, U.S. / Iran Tensions Escalate,,,3.816054703530363
2020-06-11,20200611,720,87.41497802734375,18.346508026123047,137.72518920898438,79.20812225341797,77.56878662109375, U.S. / Iran Tensions Escalate,,,2.9094392580876383
2020-06-12,20200612,720,73.61261749267578,55.03952407836914,76.51399230957031,79.67745208740234,72.37358856201172, U.S. / Iran Tensions Escalate,,,4.008051546755748
2020-06-15,20200615,644,102.8747787475586,102.55811309814452,128.31539916992188,79.9665298461914,73.37267303466797, U.S. / Iran Tensions Escalate,,,4.630429594974102
2020-06-16,20200616,711,79.20344543457031,27.86811065673828,108.4755401611328,80.09077453613281,74.93025207519531, U.S. / Iran Tensions Escalate,,,3.3274830479055857
2020-06-17,20200617,744,151.3807830810547,150.91482543945312,133.28244018554688,80.63358306884766,82.88661193847656, U.S. / Iran Tensions Escalate,,,5.016715607730231
2020-06-18,20200618,752,101.31523895263672,61.480316162109375,124.53873443603516,80.69486999511719,84.87236022949219, U.S. / Iran Tensions Escalate,,,4.118717061176843
2020-06-19,20200619,677,53.8231086730957,78.04718017578125,32.54952621459961,79.16583251953125,82.0452880859375, U.S. / Iran Tensions Escalate,,,4.357313517875498
2020-06-22,20200622,630,131.45111083984375,83.8697509765625,166.14466857910156,79.56130981445312,91.82506561279295, U.S. / Iran Tensions Escalate,,,4.429265011832052
2020-06-23,20200623,705,56.38412857055664,65.5790023803711,62.5135612487793,80.84872436523438,88.5651626586914, U.S. / Iran Tensions Escalate,,,4.183255559046618
2020-06-24,20200624,702,80.2188720703125,37.63386154174805,109.86624908447266,79.21822357177734,78.39917755126953, U.S. / Iran Tensions Escalate,,,3.6279042180421888
2020-06-25,20200625,731,40.78400802612305,27.10564613342285,45.21757125854492,76.56562805175781,69.75186157226562, U.S. / Iran Tensions Escalate,,,3.2997420505917208
2020-06-26,20200626,747,44.344947814941406,8.841690063476562,66.37358093261719,77.26289367675781,68.39783477783203, U.S. / Iran Tensions Escalate,,,2.179478042027481
2020-06-29,20200629,621,48.00822830200195,63.81393814086914,44.35593795776367,71.63627624511719,47.95026397705078, U.S. / Iran Tensions Escalate,,,4.155971632648312
2020-06-30,20200630,689,76.92465209960938,67.10188293457031,87.95223236083984,71.6057357788086,50.88462448120117, U.S. / Iran Tensions Escalate,,,4.206212105201954
2020-07-01,20200701,645,107.85104370117188,143.35874938964844,145.1986541748047,73.40400695800781,54.83207702636719, U.S. / Iran Tensions Escalate,,,4.96535022562306
2020-07-02,20200702,708,23.39383888244629,18.6574649810791,23.34325218200684,71.41564178466797,52.3477668762207, U.S. / Iran Tensions Escalate,,,2.926246333086316
2020-07-03,20200703,678,43.97213745117188,29.22452545166016,56.87765884399414,69.06370544433594,52.29450988769531, U.S. / Iran Tensions Escalate,,,3.3750082694730104
2020-07-06,20200706,644,72.01234436035156,30.76743507385254,94.09795379638672,67.47564697265625,57.96102142333984, U.S. / Iran Tensions Escalate,,,3.426456827843636
2020-07-07,20200707,624,106.17205047607422,74.09166717529297,123.59953308105467,68.98602294921875,62.13922119140625, U.S. / Iran Tensions Escalate,,,4.305303072203918
2020-07-08,20200708,676,68.60346984863281,48.85164642333984,105.94245910644533,69.08462524414062,56.53242492675781, U.S. / Iran Tensions Escalate,,,3.888788081571601
2020-07-09,20200709,712,55.82979202270508,18.552648544311523,77.37370300292969,68.66893768310547,61.16613006591797, U.S. / Iran Tensions Escalate,,,2.920612557530625
2020-07-10,20200710,714,97.42845916748048,18.50067901611328,146.59823608398438,68.72701263427734,68.80274963378906, U.S. / Iran Tensions Escalate,,,2.9178074349844105
2020-07-13,20200713,643,92.73129272460938,51.35880661010742,111.37962341308594,66.0411148071289,66.76364135742188, U.S. / Iran Tensions Escalate,,,3.938836423327238
2020-07-14,20200714,671,93.79849243164062,98.43133544921876,73.89131164550781,68.2724380493164,64.9959945678711, U.S. / Iran Tensions Escalate,,,4.589359203051051
2020-07-15,20200715,671,103.6720199584961,39.372535705566406,147.78262329101562,68.29901885986328,70.00578308105469, U.S. / Iran Tensions Escalate,,,3.673068509931802
2020-07-16,20200716,674,29.48873519897461,29.397964477539062,24.52080726623535,66.64186096191406,66.2427749633789, U.S. / Iran Tensions Escalate,,,3.380925436489896
2020-07-17,20200717,778,38.3201904296875,16.97877311706543,49.5669059753418,62.873172760009766,57.79874038696289, U.S. / Iran Tensions Escalate,,,2.8319639236829266
2020-07-20,20200720,684,87.17283630371094,67.59239196777344,128.8656768798828,60.01302337646485,59.53472518920898, U.S. / Iran Tensions Escalate,,,4.213495431859848
2020-07-21,20200721,741,116.2304458618164,26.73984909057617,178.4293975830078,62.43830490112305,62.739288330078125, U.S. / Iran Tensions Escalate,,,3.286154928074333
2020-07-22,20200722,707,117.1346435546875,18.68385505676269,187.0101623535156,61.96109008789063,64.66252136230469, U.S. / Iran Tensions Escalate,,,2.9276597849969845
2020-07-23,20200723,764,78.04478454589844,34.579803466796875,115.37188720703124,62.68310928344727,71.5990982055664, U.S. / Iran Tensions Escalate,,,3.543269796803392
2020-07-24,20200724,750,92.75189971923828,52.83794403076172,110.1801528930664,63.10087966918945,79.37506103515625, U.S. / Iran Tensions Escalate,,,3.967229569562574
2020-07-27,20200727,652,137.1768798828125,50.64986801147461,185.8867645263672,66.34825134277344,88.04590606689453, U.S. / Iran Tensions Escalate,,,3.9249366247974096
2020-07-28,20200728,708,121.64796447753906,46.64366149902344,171.18385314941406,69.19310760498047,88.81983947753906, U.S. / Iran Tensions Escalate,,,3.842537044514513
2020-07-29,20200729,696,80.91041564941406,37.958290100097656,110.8133773803711,70.28984832763672,83.64495086669922, U.S. / Iran Tensions Escalate,,,3.63648792794577
2020-07-30,20200730,735,54.08273696899414,26.958131790161133,67.45723724365234,69.52845001220703,80.2218017578125, U.S. / Iran Tensions Escalate,,,3.2942849880258853
2020-07-31,20200731,772,38.61801910400391,34.22146224975586,42.81612014770508,67.22068786621094,72.48838806152344, U.S. / Iran Tensions Escalate,,,3.532852998403123
2020-08-03,20200803,707,42.1684684753418,28.02578353881836,46.752540588378906,67.3018569946289,55.645729064941406, U.S. / Iran Tensions Escalate,,,3.333124927133612
2020-08-04,20200804,680,48.71422958374024,19.42571449279785,64.81185913085938,67.02188873291016,45.22662353515625, U.S. / Iran Tensions Escalate,,,2.9665976777032808
2020-08-05,20200805,686,33.80171203613281,0.0,56.21436309814453,65.74819946289062,38.49681091308594, U.S. / Iran Tensions Escalate,,,2.9665976777032808
2020-08-06,20200806,737,112.36660766601562,98.5782470703125,112.12362670898438,65.95468139648438,46.82307434082031, U.S. / Iran Tensions Escalate,,,4.5908506193207215
2020-08-07,20200807,756,43.81703186035156,17.472864151000977,65.58342742919922,65.12847137451172,47.56579208374024, U.S. / Iran Tensions Escalate,,,2.860649057531335
2020-08-10,20200810,653,40.58275985717773,20.22892189025879,50.618751525878906,62.8907585144043,49.417945861816406, U.S. / Iran Tensions Escalate,,,3.0071133571376434
2020-08-11,20200811,719,55.28624725341797,18.37202453613281,76.62040710449219,63.88425827026367,50.35680389404297, U.S. / Iran Tensions Escalate,,,2.910829101980444
2020-08-12,20200812,750,61.8345947265625,61.64426040649414,80.79877471923828,62.85436630249024,54.36150360107422, U.S. / Iran Tensions Escalate,,,4.12138012562496
2020-08-13,20200813,708,88.89659118652344,9.32873249053955,140.05950927734375,62.69097137451172,51.00864410400391, U.S. / Iran Tensions Escalate,,,2.23309915252637
2020-08-14,20200814,748,44.28566360473633,26.48960876464844,58.91986846923828,60.71142578125,51.075592041015625, U.S. / Iran Tensions Escalate,,,3.2767525340034687
2020-08-17,20200817,657,65.54547882080078,30.15863990783692,92.23604583740234,64.48678588867188,66.029052734375, U.S. / Iran Tensions Escalate,,,3.4064714462289034
2020-08-18,20200818,709,84.09903717041016,37.26230239868164,108.78153228759766,66.17474365234375,70.1451644897461, U.S. / Iran Tensions Escalate,,,3.617982156036265
2020-08-19,20200819,710,46.6558837890625,46.51227188110352,69.83248901367188,64.82418060302734,67.97677612304688, U.S. / Iran Tensions Escalate,,,3.8397161891963982
2020-08-20,20200820,733,122.01818084716795,36.04225158691406,180.37677001953125,65.01710510253906,72.70843505859375, U.S. / Iran Tensions Escalate,,,3.5846919054533286
2020-08-21,20200821,737,166.30258178710938,17.92331886291504,261.6217956542969,66.65603637695312,90.1394271850586, U.S. / Iran Tensions Escalate,,,2.886102594802307
2020-08-24,20200824,651,71.2380142211914,0.0,118.47328186035156,64.81684875488281,81.49014282226562, U.S. / Iran Tensions Escalate,,,2.886102594802307
2020-08-25,20200825,732,85.98194885253906,45.11436080932617,105.36353302001952,66.3746337890625,81.7591323852539, U.S. / Iran Tensions Escalate,,,3.809200617316088
2020-08-26,20200826,721,105.6713638305664,36.64212417602539,152.8157501220703,65.32444763183594,90.18991088867188, U.S. / Iran Tensions Escalate,,,3.6011985123619894
2020-08-27,20200827,746,142.09405517578125,97.3889617919922,162.4640350341797,66.0059814453125,93.05789184570312, U.S. / Iran Tensions Escalate,,,4.5787128756020055
2020-08-28,20200828,775,64.11421203613281,17.044498443603516,106.6259536743164,65.44610595703125,78.45955657958984, U.S. / Iran Tensions Escalate,,,2.835827479730325
2020-08-31,20200831,598,88.63056945800781,66.26831817626953,101.33625793457033,66.20326232910156,77.14546203613281, U.S. / Iran Tensions Escalate,,,4.193711927420917
2020-09-01,20200901,654,106.36685180664062,80.79196166992188,126.35338592529295,68.9037857055664,80.05758666992188, U.S. / Iran Tensions Escalate,,,4.391877476295015
2020-09-03,20200903,703,94.24089813232422,84.55573272705078,125.38282012939452,72.6559066772461,73.72630310058594, U.S. / Iran Tensions Escalate,,,4.437410875849759
2020-09-04,20200904,733,94.9030303955078,36.04225158691406,127.7668914794922,74.69261932373047,78.12471008300781, U.S. / Iran Tensions Escalate,,,3.5846919054533286
2020-09-07,20200907,576,149.52561950683594,22.93313407897949,229.5419921875,76.41736602783203,91.40719604492188, U.S. / Iran Tensions Escalate,,,3.132582767816852
2020-09-08,20200908,676,68.60346984863281,29.31098747253418,89.64361572265625,77.38964080810547,86.0124282836914, U.S. / Iran Tensions Escalate,,,3.3779624447910463
2020-09-09,20200909,770,47.32239532470703,25.73276329040528,64.39099884033203,77.61429595947266,77.17198181152344, U.S. / Iran Tensions Escalate,,,3.247765016190008
2020-09-10,20200910,707,145.2469482421875,140.12890625,124.6734390258789,80.61298370361328,84.45855712890625, U.S. / Iran Tensions Escalate,,,4.9425627578994
2020-09-11,20200911,749,145.94757080078125,88.1808090209961,205.94419860839844,83.416748046875,91.7506332397461, U.S. / Iran Tensions Escalate,,,4.479389354541777
2020-09-14,20200914,689,67.30906677246094,47.92991638183594,71.9609146118164,83.1941146850586,87.97319793701172, U.S. / Iran Tensions Escalate,,,3.8697398685807407
2020-09-15,20200915,800,115.93987274169922,33.023712158203125,165.2702178955078,84.91991424560547,94.73554229736328, U.S. / Iran Tensions Escalate,,,3.4972258536814294
2020-09-16,20200916,723,82.47056579589844,54.8111457824707,121.91442108154295,85.48407745361328,99.7567138671875, U.S. / Iran Tensions Escalate,,,4.00389356346406
2020-09-17,20200917,662,100.07757568359376,29.93085670471192,141.46998596191406,86.0167007446289,93.30393981933594, U.S. / Iran Tensions Escalate,,,3.398889945067119
2020-09-18,20200918,729,86.33578491210938,18.120006561279297,143.58181762695312,87.33936309814453,84.78797149658203, U.S. / Iran Tensions Escalate,,,2.897016662716274
2020-09-21,20200921,626,52.91641998291016,31.65212059020996,70.40264892578125,81.06797790527344,77.16445922851562, U.S. / Iran Tensions Escalate,,,3.454805147616157
2020-09-22,20200922,737,94.38795471191406,35.84663772583008,156.97308349609375,83.3819351196289,74.08560943603516, U.S. / Iran Tensions Escalate,,,3.5792497753622525
2020-09-23,20200923,746,62.16614532470703,35.41416931152344,73.8472900390625,83.07954406738281,71.18498229980469, U.S. / Iran Tensions Escalate,,,3.567112003093233
2020-09-24,20200924,766,64.86751556396484,68.97903442382812,86.30298614501953,82.37572479248047,66.15496826171875, U.S. / Iran Tensions Escalate,,,4.233802609495793
2020-09-25,20200925,778,55.35139083862305,25.46816062927246,70.80986785888672,80.69839477539062,61.72863006591797, U.S. / Iran Tensions Escalate,,,3.237429069236839
2020-09-28,20200928,698,104.4075698852539,85.16143798828125,134.1735382080078,79.27091979980469,69.32811737060547, U.S. / Iran Tensions Escalate,,,4.444548725607015
2020-09-29,20200929,693,105.160888671875,104.83718872070312,95.39407348632812,82.49674224853516,70.86710357666016, U.S. / Iran Tensions Escalate,,,4.6524085631462615
2020-09-30,20200930,789,104.96094512939452,125.56544494628906,76.80492401123047,83.04108428955078,76.98065185546875, U.S. / Iran Tensions Escalate,,,4.832827096327302
2020-10-01,20201001,741,75.99683380126953,53.47969818115234,96.64925384521484,82.02875518798828,78.57054901123047, U.S. / Iran Tensions Escalate,,,3.979302108634279
2020-10-02,20201002,780,101.92516326904295,25.402856826782227,148.31944274902344,81.78607177734375,85.22394561767578, U.S. / Iran Tensions Escalate,,,3.234861641195185
2020-10-05,20201005,693,66.92056274414062,9.53065299987793,111.29308319091795,79.77581024169922,81.9990234375, U.S. / Iran Tensions Escalate,,,2.254513235767583
2020-10-06,20201006,773,85.70679473876953,68.35438537597656,114.02861785888672,81.68286895751953,79.2198715209961, U.S. / Iran Tensions Escalate,,,4.224705721696637
2020-10-07,20201007,756,83.25235748291016,43.682159423828125,102.01866149902344,79.4737548828125,76.11864471435547, U.S. / Iran Tensions Escalate,,,3.7769397675733662
2020-10-08,20201008,787,113.64591217041016,16.784605026245117,175.000244140625,80.97517395019531,81.49708557128906, U.S. / Iran Tensions Escalate,,,2.8204620988024427
2020-10-09,20201009,731,81.5680160522461,27.10564613342285,113.04393005371094,82.11669158935547,78.58892059326172, U.S. / Iran Tensions Escalate,,,3.2997420505917208
2020-10-12,20201012,587,67.71858978271484,56.25845336914063,93.85021209716795,76.04547119140625,75.55384063720703, U.S. / Iran Tensions Escalate,,,4.029956311911359
2020-10-13,20201013,806,78.08782196044922,0.0,129.8649444580078,75.79049682617188,74.46541595458984, U.S. / Iran Tensions Escalate,,,4.029956311911359
2020-10-14,20201014,764,47.69403839111328,17.289901733398438,64.89668273925781,75.13666534423828,69.38565063476562, U.S. / Iran Tensions Escalate,,,2.8501226162434463
2020-10-15,20201015,767,107.97156524658205,51.66682815551758,143.65078735351562,74.87105560302734,68.57503509521484, U.S. / Iran Tensions Escalate,,,3.944815953836915
2020-10-16,20201016,751,123.50452423095705,61.56217956542969,176.0535125732422,76.23885345458984,74.56596374511719, U.S. / Iran Tensions Escalate,,,4.120047713890208
2020-10-19,20201019,661,95.217529296875,69.94432067871094,100.01224517822266,74.86978149414062,78.25083923339844, U.S. / Iran Tensions Escalate,,,4.247699506660355
2020-10-20,20201020,705,98.67223358154295,103.05272674560548,85.95614624023438,76.25038146972656,81.19147491455078, U.S. / Iran Tensions Escalate,,,4.635240767399842
2020-10-21,20201021,736,72.01234436035156,62.81684112548828,67.36558532714844,76.88690948486328,84.66551971435547, U.S. / Iran Tensions Escalate,,,4.140223208310824
2020-10-22,20201022,815,101.6125030517578,105.35172271728516,81.11422729492188,77.12773132324219,83.757080078125, U.S. / Iran Tensions Escalate,,,4.657304492440042
2020-10-23,20201023,756,65.72555541992188,52.41859436035156,65.58342742919922,77.24637603759766,75.50294494628906, U.S. / Iran Tensions Escalate,,,3.959261382586316
2020-10-26,20201026,663,89.93396759033203,29.885713577270508,124.63818359375,78.62876892089844,77.39535522460938, U.S. / Iran Tensions Escalate,,,3.3973805594303563
2020-10-27,20201027,711,130.45274353027344,65.02559661865234,185.9580535888672,80.90846252441406,81.93543243408203, U.S. / Iran Tensions Escalate,,,4.17478098651219
2020-10-28,20201028,729,81.79179382324219,54.36001968383789,113.35407257080078,80.15460205078125,83.3324966430664, U.S. / Iran Tensions Escalate,,,3.995628951384384
2020-10-29,20201029,776,89.64422607421875,51.06759643554688,106.4885482788086,79.63737487792969,81.62274169921875, U.S. / Iran Tensions Escalate,,,3.933150175435043
2020-10-30,20201030,742,80.3587875366211,89.01270294189453,66.82084655761719,78.81730651855469,83.71320343017578, U.S. / Iran Tensions Escalate,,,4.488779089231436
2020-11-02,20201102,702,56.625091552734375,56.4507942199707,54.93312454223633,75.40581512451172,71.74945068359375, U.S. / Iran Tensions Escalate,,,4.033369359938162
2020-11-03,20201103,774,162.6325225830078,179.1984405517578,142.3516082763672,78.33998107910156,76.34656524658203, U.S. / Iran Tensions Escalate,,,5.188493798224828
2020-11-04,20201104,767,129.5658721923828,94.72251892089844,136.46824645996094,80.42816162109375,83.17143249511719, U.S. / Iran Tensions Escalate,,,4.550951764119287
2020-11-05,20201105,761,69.64662170410156,86.79031372070312,72.39169311523438,79.892822265625,80.31462860107422, U.S. / Iran Tensions Escalate,,,4.463495022359877
2020-11-06,20201106,737,62.92530059814453,89.61659240722656,67.27417755126953,79.21525573730469,77.82413482666016, U.S. / Iran Tensions Escalate,,,4.495540485952976
2020-11-09,20201109,660,105.3998794555664,80.05747985839844,116.85774230957033,77.25324249267578,88.17333221435547, U.S. / Iran Tensions Escalate,,,4.382744874907582
2020-11-10,20201110,735,58.58963394165039,44.93022155761719,59.96199035644531,77.8430404663086,73.31005859375, U.S. / Iran Tensions Escalate,,,3.805110654243229
2020-11-11,20201111,778,97.92937469482422,76.40447998046875,113.29578399658205,78.85005950927734,68.79056549072266, U.S. / Iran Tensions Escalate,,,4.336041332941117
2020-11-12,20201112,752,52.86012268066406,17.56580352783203,80.5838851928711,78.00914001464844,66.39249420166016, U.S. / Iran Tensions Escalate,,,2.8659540306340165
2020-11-13,20201113,766,69.1920166015625,77.6014175415039,57.53532791137695,78.72573852539062,67.28773498535156, U.S. / Iran Tensions Escalate,,,4.351585694309749
2020-11-16,20201116,610,70.595703125,97.447021484375,63.21811676025391,75.16908264160156,64.22183227539062, U.S. / Iran Tensions Escalate,,,4.5793088609341295
2020-11-17,20201117,723,45.81698226928711,36.54076385498047,53.33755874633789,75.06047821044922,62.39717102050781, U.S. / Iran Tensions Escalate,,,3.598428455355896
2020-11-18,20201118,815,109.74150848388672,105.35172271728516,128.43084716796875,75.54460906982422,64.0846176147461, U.S. / Iran Tensions Escalate,,,4.657304492440042
2020-11-19,20201119,743,49.04205322265625,35.557159423828125,51.90182113647461,73.89027404785156,63.53917694091797, U.S. / Iran Tensions Escalate,,,3.571141526235348
2020-11-20,20201120,774,94.15567016601562,42.66629409790039,128.116455078125,74.62837982177734,67.10541534423828, U.S. / Iran Tensions Escalate,,,3.753409243132923
2020-11-23,20201123,721,36.7552604675293,54.96318435668945,45.844722747802734,71.25336456298828,61.66682815551758, U.S. / Iran Tensions Escalate,,,4.00666358576786
2020-11-24,20201124,667,104.29373168945312,128.72811889648438,82.59381866455078,73.1635971069336,70.02064514160156, U.S. / Iran Tensions Escalate,,,4.857702574782086
2020-11-25,20201125,709,23.360843658447266,9.31557559967041,31.0804386138916,70.94448852539062,57.6805534362793, U.S. / Iran Tensions Escalate,,,2.2316877949163745
2020-11-26,20201126,623,69.12260437011719,63.60908126831055,79.58438110351562,68.90015411376953,60.5492057800293, U.S. / Iran Tensions Escalate,,,4.152756247390537
2020-11-27,20201127,659,70.37321472167969,100.22371673583984,66.87718200683594,68.51953125,57.15171051025391, U.S. / Iran Tensions Escalate,,,4.607404854613623
2020-11-30,20201130,637,46.802371978759766,20.73702621459961,69.1869125366211,70.3648910522461,72.28873443603516, U.S. / Iran Tensions Escalate,,,3.0319208084610976
2020-12-01,20201201,792,129.65858459472656,41.69660568237305,180.85125732421875,73.02462768554688,75.91228485107422, U.S. / Iran Tensions Escalate,,,3.730419726987474
2020-12-02,20201202,718,92.27208709716795,36.795223236083984,130.4361114501953,74.21286010742188,85.75674438476562, U.S. / Iran Tensions Escalate,,,3.605368033382416
2020-12-03,20201203,733,67.78787994384766,63.07394027709961,90.18838500976562,71.0513687133789,85.56607055664062, U.S. / Iran Tensions Escalate,,,4.144307693388751
2020-12-04,20201204,771,38.66810607910156,25.699386596679688,42.87165451049805,68.02144622802734,81.03677368164062, U.S. / Iran Tensions Escalate,,,3.2464671237828577
2020-12-07,20201207,662,55.042667388916016,0.0,91.5394058227539,67.77608489990234,70.82505798339844, U.S. / Iran Tensions Escalate,,,3.2464671237828577
2020-12-08,20201208,755,78.9751205444336,34.99201583862305,102.15377807617188,68.91307067871094,63.58456802368164, U.S. / Iran Tensions Escalate,,,3.5551199165698564
2020-12-09,20201209,792,62.7380256652832,8.33932113647461,104.33726501464844,67.49101257324219,59.36541366577149, U.S. / Iran Tensions Escalate,,,2.120981814553374
2020-12-10,20201210,729,95.42375946044922,27.180009841918945,143.58181762695312,68.71881866455078,63.31339645385742, U.S. / Iran Tensions Escalate,,,3.3024817708244387
2020-12-11,20201211,773,42.853397369384766,42.721492767333984,35.633941650390625,66.88294982910156,63.91129684448242, U.S. / Iran Tensions Escalate,,,3.754702137097016
2020-12-14,20201214,667,29.79821014404297,19.8043270111084,33.03752899169922,65.31758880615234,55.55475616455078, U.S. / Iran Tensions Escalate,,,2.9859004497395607
2020-12-15,20201215,703,89.52886199951172,46.97541046142578,125.38282012939452,66.08240509033203,57.06243515014648, U.S. / Iran Tensions Escalate,,,3.849624283130982
2020-12-16,20201216,757,52.51097869873047,8.724891662597656,80.05162811279297,65.47958374023438,55.6014289855957, U.S. / Iran Tensions Escalate,,,2.166180051117149
2020-12-17,20201217,747,93.12439727783205,70.7335205078125,125.37232971191406,67.0564956665039,55.27294921875, U.S. / Iran Tensions Escalate,,,4.258919583707318
2020-12-18,20201218,704,79.99098205566406,0.0,133.03001403808594,66.06481170654297,60.57831573486328, U.S. / Iran Tensions Escalate,,,4.258919583707318
2020-12-21,20201221,618,91.1224136352539,64.12371826171875,106.97102355957033,65.25205993652344,68.75611877441406, U.S. / Iran Tensions Escalate,,,4.160814315169824
2020-12-22,20201222,687,62.6832275390625,48.06945037841797,72.17041015625,65.71370697021484,64.92102813720703, U.S. / Iran Tensions Escalate,,,3.872646848065133
2020-12-23,20201223,676,68.60346984863281,39.08131790161133,97.79303741455078,66.77531433105469,67.21995544433594, U.S. / Iran Tensions Escalate,,,3.665644549779237
2020-12-24,20201224,783,54.99793243408203,42.175880432128906,56.2861557006836,65.13211822509766,61.773319244384766, U.S. / Iran Tensions Escalate,,,3.7418485039018416
2020-12-25,20201225,206,48.24127578735352,0.0,80.22826385498047,65.96147155761719,57.23764801025391, U.S. / Iran Tensions Escalate,,,3.7418485039018416
2020-12-28,20201228,400,41.40709686279297,16.511856079101562,55.0900764465332,62.33409118652344,50.86448287963867, U.S. / Iran Tensions Escalate,,,2.804078673121484
2020-12-29,20201229,576,69.01182556152344,22.93313407897949,105.2067413330078,61.26057052612305,51.76856994628906, U.S. / Iran Tensions Escalate,,,3.132582767816852
2020-12-30,20201230,616,59.15299606323242,53.60992431640625,89.43194580078125,61.67226028442383,50.41850280761719, U.S. / Iran Tensions Escalate,,,3.981734206094489
2020-12-31,20201231,574,80.7943344116211,46.02608108520508,95.97574615478516,60.04344940185547,54.103702545166016, U.S. / Iran Tensions Escalate,,,3.8292082159297536
2021-01-04,20210104,667,99.32736206054688,108.92378997802734,107.37196350097656,59.24376678466797,61.71883773803711, U.S. / Iran Tensions Escalate,,,4.690648463179143
2021-01-05,20210105,734,121.8519515991211,71.98629760742188,150.10919189453125,61.17179870605469,69.26742553710938, U.S. / Iran Tensions Escalate,,,4.276475789896588
2021-01-06,20210106,746,106.57054138183594,35.41416931152344,169.8487548828125,62.88939666748047,76.0413589477539, U.S. / Iran Tensions Escalate,,,3.567112003093233
2021-01-07,20210107,794,54.23599624633789,24.954946517944336,76.32125854492188,62.06475830078125,72.247314453125, U.S. / Iran Tensions Escalate,,,3.217072059779398
2021-01-08,20210108,767,77.7395248413086,51.66682815551758,86.19047546386719,62.5648078918457,74.02835083007812, U.S. / Iran Tensions Escalate,,,3.944815953836915
2021-01-11,20210111,748,84.14276123046875,35.319480895996094,110.4747543334961,64.24176025390625,85.70661926269531, U.S. / Iran Tensions Escalate,,,3.5644346784589014
2021-01-12,20210112,819,169.87527465820312,169.3523712158203,181.6156463623047,68.9665298461914,92.5670928955078, U.S. / Iran Tensions Escalate,,,5.131981581030653
2021-01-13,20210113,797,66.500732421875,74.58304595947266,55.29743957519531,70.18994903564453,86.84283447265625, U.S. / Iran Tensions Escalate,,,4.3119132154220825
2021-01-14,20210114,800,62.11064529418945,41.27964019775391,68.86259460449219,69.27600860595703,87.96778869628906, U.S. / Iran Tensions Escalate,,,3.720369404995639
2021-01-15,20210115,800,57.96993637084961,49.53556823730469,75.74885559082031,69.45796966552734,85.14356231689453, U.S. / Iran Tensions Escalate,,,3.9026909617895935
2021-01-18,20210118,596,94.48599243164062,55.408912658691406,129.40621948242188,69.4087905883789,84.89688110351562, U.S. / Iran Tensions Escalate,,,4.014740459129439
2021-01-19,20210119,795,66.66802978515625,49.84711456298828,76.22526550292969,71.33660888671875,70.15298461914062, U.S. / Iran Tensions Escalate,,,3.9089606123452008
2021-01-20,20210120,833,87.48678588867188,23.78658676147461,132.2690887451172,71.21541595458984,73.15099334716797, U.S. / Iran Tensions Escalate,,,3.1691218403550625
2021-01-21,20210121,838,47.43533706665039,39.40777206420898,52.59196090698242,70.7071533203125,71.05451965332031, U.S. / Iran Tensions Escalate,,,3.6739630573635096
2021-01-22,20210122,813,93.7134780883789,73.115234375,101.64220428466795,71.54415893554688,76.1607437133789, U.S. / Iran Tensions Escalate,,,4.292036749625278
2021-01-25,20210125,684,140.4451141357422,96.56056213378906,185.2444000244141,74.07919311523438,75.17680358886719, U.S. / Iran Tensions Escalate,,,4.570170398373294
2021-01-26,20210126,791,50.25387191772461,8.349864959716797,76.61072540283203,74.80516815185547,72.83192443847656, U.S. / Iran Tensions Escalate,,,2.1222453662429817
2021-01-27,20210127,818,68.84309387207031,72.6683120727539,60.612552642822266,75.71969604492188,70.16854095458984, U.S. / Iran Tensions Escalate,,,4.285905417067661
2021-01-28,20210128,793,112.78604125976562,41.64402770996094,166.72911071777344,77.17884063720703,79.50435638427734, U.S. / Iran Tensions Escalate,,,3.7291579660133256
2021-01-29,20210129,786,63.216941833496094,16.80596160888672,91.11589813232422,77.3143081665039,75.147705078125, U.S. / Iran Tensions Escalate,,,2.8217336811339493
2021-02-01,20210201,662,60.04654312133789,29.93085670471192,83.21763610839844,75.9926528930664,62.993194580078125, U.S. / Iran Tensions Escalate,,,3.398889945067119
2021-02-02,20210202,775,192.34263610839844,144.8782196044922,248.7938995361328,81.76948547363281,83.29158782958984, U.S. / Iran Tensions Escalate,,,4.975893524739933
2021-02-03,20210203,758,69.92227935791016,43.56690216064453,101.7494888305664,80.78931427001953,83.44575500488281, U.S. / Iran Tensions Escalate,,,3.774297737318028
2021-02-04,20210204,805,78.18482208251953,24.61394691467285,116.33929443359376,79.333740234375,78.50272369384766, U.S. / Iran Tensions Escalate,,,3.203313230035089
2021-02-05,20210205,778,106.44497680664062,101.87264251708984,106.21480560302734,79.32955932617188,84.67816162109375, U.S. / Iran Tensions Escalate,,,4.62372343035673
2021-02-08,20210208,728,72.8036880493164,63.50714111328125,68.10586547851562,78.25552368164062,90.17713165283205, U.S. / Iran Tensions Escalate,,,4.151152358052536
2021-02-09,20210209,757,61.26280975341797,69.79913330078125,50.94194412231445,77.93711853027344,71.4514389038086, U.S. / Iran Tensions Escalate,,,4.245621592796985
2021-02-17,20210217,730,104.36856842041016,54.285552978515625,128.29196166992188,73.02274322509766,65.15178680419922, U.S. / Iran Tensions Escalate,,,3.994258132212307
2021-02-18,20210218,787,33.67285919189453,8.392302513122559,56.00007629394531,71.92290496826172,60.8966064453125, U.S. / Iran Tensions Escalate,,,2.1273149182424973
2021-02-19,20210219,778,85.1559829711914,25.46816062927246,127.457763671875,71.84521484375,62.58673858642578, U.S. / Iran Tensions Escalate,,,3.237429069236839
2021-02-22,20210222,697,71.28911590576172,0.0,118.55826568603516,69.67669677734375,63.925437927246094, U.S. / Iran Tensions Escalate,,,3.237429069236839
2021-02-23,20210223,748,97.42845916748048,79.46882629394531,103.1097640991211,71.78889465332031,64.73509216308594, U.S. / Iran Tensions Escalate,,,4.375364822671578
2021-02-24,20210224,766,77.84101867675781,34.48951721191406,107.87873840332033,69.70209503173828,60.94544219970703, U.S. / Iran Tensions Escalate,,,3.540655428935848
2021-02-25,20210225,789,46.18281936645508,25.11308860778809,62.84039306640625,69.56639099121094,62.73257827758789, U.S. / Iran Tensions Escalate,,,3.2233891687031258
2021-02-26,20210226,793,121.14055633544922,83.28805541992188,166.72911071777344,71.30963897705078,67.87322998046875, U.S. / Iran Tensions Escalate,,,4.422305146573272
2021-03-01,20210301,688,96.29557800292967,76.79933166503906,96.08734893798828,71.50907897949219,83.78517150878906, U.S. / Iran Tensions Escalate,,,4.341195937837624
2021-03-02,20210302,747,137.46934509277344,61.8918342590332,191.74591064453125,75.29510498046875,89.50530242919922, U.S. / Iran Tensions Escalate,,,4.125388252717701
2021-03-03,20210303,750,154.58648681640625,70.4505844116211,220.3603057861328,78.4464340209961,100.46894073486328, U.S. / Iran Tensions Escalate,,,4.254911533720092
2021-03-04,20210304,824,88.44233703613281,32.061859130859375,127.02809143066406,74.98309326171875,106.50601196289062, U.S. / Iran Tensions Escalate,,,3.467667134609878
2021-03-05,20210305,819,88.98228454589844,48.38639450073242,127.80359649658205,75.61842346191406,101.91197204589844, U.S. / Iran Tensions Escalate,,,3.879218668848301
2021-03-08,20210308,713,60.39744567871094,92.63314056396484,23.179555892944336,71.85096740722656,86.30734252929688, U.S. / Iran Tensions Escalate,,,4.528646967084641
2021-03-09,20210309,744,22.26188087463379,17.754684448242188,29.61832046508789,70.97714233398438,69.84913635253906, U.S. / Iran Tensions Escalate,,,2.876649393679651
2021-03-10,20210310,751,57.34138107299805,52.76758575439453,51.34893798828125,70.46173095703125,55.956974029541016, U.S. / Iran Tensions Escalate,,,3.965897096027896
2021-03-11,20210311,753,70.38656616210938,78.94114685058594,80.47687530517578,70.76585388183594,53.37757873535156, U.S. / Iran Tensions Escalate,,,4.368702598259216
2021-03-12,20210312,805,49.37989044189453,16.409297943115234,68.43487548828125,69.9142837524414,47.7200927734375, U.S. / Iran Tensions Escalate,,,2.797848121926924
2021-03-15,20210315,653,111.6025848388672,20.22892189025879,177.16563415527344,71.73429107666016,61.05363845825195, U.S. / Iran Tensions Escalate,,,3.0071133571376434
2021-03-16,20210316,700,108.8415069580078,47.176734924316406,149.5301971435547,74.51944732666016,73.42215728759766, U.S. / Iran Tensions Escalate,,,3.8539008669284898
2021-03-17,20210317,781,93.311767578125,50.74066162109375,134.02195739746094,75.5884780883789,78.56078338623047, U.S. / Iran Tensions Escalate,,,3.926727593524313
2021-03-18,20210318,761,134.94033813476562,95.4693374633789,188.2183990478516,77.02779388427734,87.78275299072266, U.S. / Iran Tensions Escalate,,,4.558805122249598
2021-03-19,20210319,773,42.853397369384766,8.54429817199707,64.14109802246094,74.97728729248047,86.85039520263672, U.S. / Iran Tensions Escalate,,,2.1452641800168006
2021-03-22,20210322,695,119.15711212158205,38.01290512084961,174.38584899902344,76.05559539794922,79.26901245117188, U.S. / Iran Tensions Escalate,,,3.6379257105159017
2021-03-23,20210323,766,99.4635238647461,103.46854400634766,107.87873840332033,78.12196350097656,77.9292984008789, U.S. / Iran Tensions Escalate,,,4.639267643867593
2021-03-24,20210324,780,76.4438705444336,16.935237884521484,120.068115234375,78.29378509521484,75.51959991455078, U.S. / Iran Tensions Escalate,,,2.8293965330870203
2021-03-25,20210325,779,63.78499984741211,33.91395568847656,77.79086303710938,77.1723403930664,65.35455322265625, U.S. / Iran Tensions Escalate,,,3.5238266018990894
2021-03-26,20210326,807,69.7814712524414,32.73726272583008,95.5713882446289,76.9036865234375,69.201416015625, U.S. / Iran Tensions Escalate,,,3.488513962028415
2021-03-29,20210329,672,123.23540496826172,127.77032470703124,98.37513732910156,76.62630462646484,78.52375793457031, U.S. / Iran Tensions Escalate,,,4.850234313940155
2021-03-30,20210330,729,95.42375946044922,99.66004180908205,83.1263198852539,77.59318542480469,77.94664764404297, U.S. / Iran Tensions Escalate,,,4.601764812370349
2021-03-31,20210331,781,76.34598541259766,76.1109848022461,70.53787231445312,76.9281997680664,77.93266296386719, U.S. / Iran Tensions Escalate,,,4.332192601392096
2021-04-01,20210401,734,67.69552612304688,62.98801040649414,90.06552124023438,74.60240936279297,78.4913101196289, U.S. / Iran Tensions Escalate,,,4.142944397272065
2021-04-02,20210402,605,65.70381927490234,54.58464813232422,72.84638214111328,71.6396484375,77.9087905883789, U.S. / Iran Tensions Escalate,,,3.999752673477586
2021-04-05,20210405,622,74.55940246582031,42.47422790527344,88.56925201416016,70.11954498291016,70.71229553222656, U.S. / Iran Tensions Escalate,,,3.748897489765316
2021-04-06,20210406,714,92.78900909423828,27.751020431518555,131.16685485839844,72.66991424560547,70.33589935302734, U.S. / Iran Tensions Escalate,,,3.3232726118233336
2021-04-07,20210407,786,113.79048919677734,67.22384643554688,168.21397399902344,74.44967651367188,75.68511199951172, U.S. / Iran Tensions Escalate,,,4.20802804225384
2021-04-08,20210408,713,32.52170181274414,37.053253173828125,54.08562850952149,74.79167175292969,70.6602783203125, U.S. / Iran Tensions Escalate,,,3.6123561528490886
2021-04-09,20210409,759,48.00822830200195,26.10570335388184,65.3241958618164,74.4805679321289,68.13233947753906, U.S. / Iran Tensions Escalate,,,3.2621538097626
2021-04-12,20210412,660,100.38084411621094,120.0862274169922,133.55169677734375,74.1241226196289,66.96693420410156, U.S. / Iran Tensions Escalate,,,4.788210046548383
2021-04-13,20210413,730,95.29304504394533,72.38074493408203,143.3851318359375,75.8399887084961,67.32465362548828, U.S. / Iran Tensions Escalate,,,4.281940310070504
2021-04-14,20210414,729,186.30352783203125,144.96005249023438,294.7205810546875,78.33001708984375,77.68366241455078, U.S. / Iran Tensions Escalate,,,4.97645820439611
2021-04-15,20210415,802,103.25959777832033,41.176700592041016,151.11990356445312,78.14395141601562,87.78907012939453, U.S. / Iran Tensions Escalate,,,3.7178725767782974
2021-04-16,20210416,732,95.03267669677734,18.045743942260746,142.9933624267578,78.2013168334961,94.50685119628906, U.S. / Iran Tensions Escalate,,,2.8929098643028923
2021-04-19,20210419,660,110.41893005371094,150.1077880859375,100.1637725830078,80.17996978759766,106.6472625732422, U.S. / Iran Tensions Escalate,,,5.011353623275647
2021-04-20,20210420,714,125.26516723632812,129.5047607421875,138.88255310058594,83.47913360595703,110.92899322509766, U.S. / Iran Tensions Escalate,,,4.863717642951803
2021-04-22,20210422,757,113.77379608154295,61.07423400878906,145.5484161376953,85.52765655517578,109.57374572753906, U.S. / Iran Tensions Escalate,,,4.112090075252451
2021-04-23,20210423,745,146.73118591308594,115.25054168701172,177.4713897705078,87.87056732177734,116.95924377441406, U.S. / Iran Tensions Escalate,,,4.747108381969936
2021-04-26,20210426,669,54.46673583984375,39.49023818969727,57.64282989501953,88.13702392578125,104.99434661865234, U.S. / Iran Tensions Escalate,,,3.676053506926285
2021-04-27,20210427,780,131.65333557128906,143.94952392578125,98.87963104248048,90.00448608398438,105.90694427490234, U.S. / Iran Tensions Escalate,,,4.9694627098334125
2021-04-28,20210428,794,50.063995361328125,33.27326202392578,62.444671630859375,87.56543731689453,89.30142974853516, U.S. / Iran Tensions Escalate,,,3.5047541322311786
2021-04-29,20210429,769,47.383934020996094,68.7099380493164,28.65543556213379,85.964111328125,79.81716918945312, U.S. / Iran Tensions Escalate,,,4.229893847417144
2021-05-04,20210504,741,93.87843322753906,71.30625915527344,104.08381652832033,86.24276733398438,61.54436492919922, U.S. / Iran Tensions Escalate,,,4.266984109756237
2021-05-05,20210505,768,60.385345458984375,8.59992504119873,93.25143432617188,85.77030181884766,63.01884460449219, U.S. / Iran Tensions Escalate,,,2.151753487081794
2021-05-06,20210506,738,76.30575561523438,53.69709396362305,111.97169494628906,85.22086334228516,67.1505355834961, U.S. / Iran Tensions Escalate,,,3.9833588839168392
2021-05-07,20210507,770,55.92646408081055,8.577588081359863,85.85466766357422,83.29206085205078,69.93976593017578, U.S. / Iran Tensions Escalate,,,2.1491527645826003
2021-05-10,20210510,676,49.002479553222656,9.770329475402832,73.34477233886719,81.55596160888672,49.62675094604492, U.S. / Iran Tensions Escalate,,,2.2793501886593464
2021-05-11,20210511,753,101.1806869506836,78.94114685058594,124.37335205078124,83.30084991455078,50.66992950439453, U.S. / Iran Tensions Escalate,,,4.368702598259216
2021-05-12,20210512,785,63.2974739074707,33.65473937988281,84.2141342163086,82.06473541259766,51.08594512939453, U.S. / Iran Tensions Escalate,,,3.516153889557572
2021-05-13,20210513,802,140.43304443359375,131.76544189453125,144.25082397460938,83.56940460205078,60.24698638916016, U.S. / Iran Tensions Escalate,,,4.881023386583979
2021-05-14,20210514,804,115.36304473876952,73.93368530273438,143.89199829101562,81.20471954345703,68.73793029785156, U.S. / Iran Tensions Escalate,,,4.303168546868941
2021-05-17,20210517,647,92.1579818725586,40.83302688598633,127.72042083740234,78.87374877929688,92.86319732666016, U.S. / Iran Tensions Escalate,,,3.7094912364555226
2021-05-18,20210518,672,98.58832550048828,108.11334991455078,114.77099609375,80.332763671875,92.49285888671876, U.S. / Iran Tensions Escalate,,,4.683180212991956
2021-05-19,20210519,646,158.9622344970703,92.01653289794922,204.66900634765625,81.95086669921875,106.15925598144533, U.S. / Iran Tensions Escalate,,,4.521968266316448
2021-05-20,20210520,737,125.85060119628906,89.61659240722656,134.54835510253906,81.97038269042969,104.0760498046875, U.S. / Iran Tensions Escalate,,,4.495540485952976
2021-05-21,20210521,739,165.85250854492188,125.1236801147461,171.45761108398438,81.95538330078125,111.28883361816406, U.S. / Iran Tensions Escalate,,,4.8293026890462505
2021-05-24,20210524,718,138.4081268310547,101.1868667602539,176.47238159179688,78.62765502929688,117.39190673828124, U.S. / Iran Tensions Escalate,,,4.616968973335544
2021-05-25,20210525,717,170.94143676757812,46.05817794799805,276.6029052734375,83.77222442626953,127.72806549072266, U.S. / Iran Tensions Escalate,,,3.829905335381652
2021-05-26,20210526,769,176.6128387451172,85.88742065429688,243.5712127685547,87.84375762939453,130.2495880126953, U.S. / Iran Tensions Escalate,,,4.4530373765238105
2021-05-27,20210527,795,133.3360595703125,49.84711456298828,187.098373413086,87.89984893798828,131.31893920898438, U.S. / Iran Tensions Escalate,,,3.9089606123452008
2021-05-28,20210528,757,140.02928161621094,43.624454498291016,196.4903564453125,90.89868927001952,127.6299057006836, U.S. / Iran Tensions Escalate,,,3.7756178761072414
2021-05-31,20210531,518,57.55426406860352,51.00187301635742,63.81089782714844,91.1588363647461,109.79986572265624, U.S. / Iran Tensions Escalate,,,3.9318623578608793
2021-06-01,20210601,704,65.87492370605469,18.763473510742188,93.9035415649414,91.7025146484375,94.79035949707033, U.S. / Iran Tensions Escalate,,,2.931912081595811
2021-06-02,20210602,723,68.72547149658203,27.40557289123535,99.0554656982422,90.7457504272461,79.37788391113281, U.S. / Iran Tensions Escalate,,,3.310746382904115
2021-06-03,20210603,772,60.07247161865234,17.11073112487793,85.63224029541016,89.61888122558594,68.91165161132812, U.S. / Iran Tensions Escalate,,,2.839705817843177
2021-06-04,20210604,749,79.60777282714844,52.908485412597656,95.61695861816406,90.25962829589844,60.28001022338867, U.S. / Iran Tensions Escalate,,,3.968563730775786
2021-06-07,20210607,671,54.304386138916016,0.0,90.31159210205078,90.5037078857422,59.62870788574219, U.S. / Iran Tensions Escalate,,,3.968563730775786
2021-06-08,20210608,721,59.727294921875,54.96318435668945,68.76708221435547,92.2171859741211,58.7504768371582, U.S. / Iran Tensions Escalate,,,4.00666358576786
2021-06-09,20210609,746,93.2492218017578,53.12125396728516,110.77093505859376,93.69207763671876,62.253868103027344, U.S. / Iran Tensions Escalate,,,3.972577111201398
2021-06-10,20210610,736,85.51465606689453,35.89533996582031,119.76103973388672,93.1698760986328,65.88846588134766, U.S. / Iran Tensions Escalate,,,3.5806074811027018
2021-06-11,20210611,781,131.48475646972656,84.56776428222656,155.1833038330078,95.44278717041016,73.2994613647461, U.S. / Iran Tensions Escalate,,,4.437553157146076
2021-06-14,20210614,677,29.358060836791992,19.511795043945312,40.68690872192383,88.47464752197266,72.14564514160156, U.S. / Iran Tensions Escalate,,,2.971019156755607
2021-06-15,20210615,721,73.5105209350586,27.481592178344727,114.61180877685548,89.28104400634766,74.11467742919922, U.S. / Iran Tensions Escalate,,,3.313516405207914
2021-06-16,20210616,755,144.7877197265625,139.9680633544922,124.04387664794922,91.03536987304688,81.4773178100586, U.S. / Iran Tensions Escalate,,,4.941414277689747
2021-06-17,20210617,720,138.02365112304688,18.346508026123047,214.2391967773437,92.34988403320312,88.97860717773438, U.S. / Iran Tensions Escalate,,,2.9094392580876383
2021-06-18,20210618,784,84.50428009033203,33.69766616821289,112.42872619628906,89.86795043945312,82.26710510253906, U.S. / Iran Tensions Escalate,,,3.517428581791448
2021-06-21,20210621,666,94.50267791748048,79.33625030517578,99.26139831542967,85.58554077148438,96.03097534179688, U.S. / Iran Tensions Escalate,,,4.373695152880054
2021-06-22,20210622,699,170.60433959960938,37.79537963867188,252.2006378173828,89.07495880126953,109.90151977539062, U.S. / Iran Tensions Escalate,,,3.632186863373462
2021-06-23,20210623,798,41.51087188720703,49.65972137451172,55.228145599365234,85.84505462646484,95.1476821899414, U.S. / Iran Tensions Escalate,,,3.905194169402012
2021-06-24,20210624,821,76.66112518310547,40.2237663269043,100.65177917480467,82.70237731933594,86.38160705566406, U.S. / Iran Tensions Escalate,,,3.694458023095624
2021-06-25,20210625,786,54.78801345825195,42.01490020751953,56.07132339477539,78.64154815673828,82.13642883300781, U.S. / Iran Tensions Escalate,,,3.738024322214194
2021-06-28,20210628,715,97.29219818115234,110.8488311767578,107.86868286132812,71.9359130859375,67.82598876953125, U.S. / Iran Tensions Escalate,,,4.708167391818709
2021-06-29,20210629,727,95.68627166748048,154.4437713623047,60.62181854248047,74.08865356445312,57.12340545654297, U.S. / Iran Tensions Escalate,,,5.039830090693225
2021-06-30,20210630,756,43.81703186035156,61.15502548217773,43.722286224365234,73.63075256347656,57.452857971191406, U.S. / Iran Tensions Escalate,,,4.113412041621077
2021-07-01,20210701,775,64.11421203613281,68.17799377441406,49.7587776184082,73.57205963134766,55.66044235229492, U.S. / Iran Tensions Escalate,,,4.222121840850216
2021-07-02,20210702,755,78.9751205444336,43.74001693725586,102.15377807617188,73.91371154785156,59.11574172973633, U.S. / Iran Tensions Escalate,,,3.778263402474333
2021-07-05,20210705,502,65.9874038696289,78.94114685058594,65.84471130371094,73.18805694580078,63.14237594604492, U.S. / Iran Tensions Escalate,,,4.368702598259216
2021-07-06,20210706,680,63.3285026550293,29.13857078552246,97.21778869628906,73.72158813476562,58.51983642578125, U.S. / Iran Tensions Escalate,,,3.3720627530825134
2021-07-07,20210707,762,34.77761459350586,43.33820724487305,21.68900680541992,73.0707015991211,57.228492736816406, U.S. / Iran Tensions Escalate,,,3.769034630344333
2021-07-08,20210708,700,37.85791778564453,28.30603790283203,39.35005569458008,72.34172058105469,53.47759246826172, U.S. / Iran Tensions Escalate,,,3.343075135349542
2021-07-09,20210709,819,32.35719299316406,32.25759506225586,33.63252639770508,70.3119888305664,46.81789016723633, U.S. / Iran Tensions Escalate,,,3.4737535213210253
2021-07-12,20210712,665,69.73827362060547,89.38748931884766,41.42111206054688,65.77642822265625,42.34055709838867, U.S. / Iran Tensions Escalate,,,4.492980731881823
2021-07-13,20210713,729,77.247802734375,81.54003143310547,60.45550155639648,66.39950561523438,44.32902908325195, U.S. / Iran Tensions Escalate,,,4.40109408288411
2021-07-14,20210714,766,56.218509674072266,17.24475860595703,86.30298614501953,67.29485321044922,47.39201354980469, U.S. / Iran Tensions Escalate,,,2.8475082483759024
2021-07-15,20210715,729,104.51173400878906,108.72003936767578,98.24019622802734,68.3282241821289,56.91398620605469, U.S. / Iran Tensions Escalate,,,4.688776131944329
2021-07-16,20210716,706,70.38033294677734,28.065479278564453,101.4406509399414,65.84797668457031,62.34586334228516, U.S. / Iran Tensions Escalate,,,3.334540325695858
2021-07-19,20210719,655,50.57355117797852,10.083576202392578,84.10698699951172,62.34565734863281,66.86568450927734, U.S. / Iran Tensions Escalate,,,2.310907981706367
2021-07-20,20210720,708,37.43014526367188,27.986196517944336,38.90542221069336,60.43850326538086,61.17744827270508, U.S. / Iran Tensions Escalate,,,3.331711407117884
2021-07-21,20210721,730,49.91540145874024,45.23796081542969,45.27951431274414,58.9522590637207,60.27700424194336, U.S. / Iran Tensions Escalate,,,3.811936575418352
2021-07-22,20210722,730,95.29304504394533,63.33314514160156,105.6521987915039,56.4418830871582,58.96004867553711, U.S. / Iran Tensions Escalate,,,4.148408812039565
2021-07-23,20210723,830,91.7940444946289,39.78760528564453,119.4724578857422,58.11798858642578,62.01914978027344, U.S. / Iran Tensions Escalate,,,3.683555438803756
2021-07-26,20210726,672,59.15299606323242,49.14242935180664,65.58342742919922,57.91226959228516,60.737640380859375, U.S. / Iran Tensions Escalate,,,3.8947228032297496
2021-07-27,20210727,711,79.20344543457031,65.02559661865234,108.4755401611328,60.269981384277344,66.70525360107422, U.S. / Iran Tensions Escalate,,,4.17478098651219
2021-07-28,20210728,808,53.2962646484375,65.39349365234375,47.7265510559082,58.80345153808594,67.188232421875, U.S. / Iran Tensions Escalate,,,4.18042276807598
2021-07-29,20210729,750,30.91729736328125,8.806323051452637,44.07206344604492,56.64448547363281,57.99169921875, U.S. / Iran Tensions Escalate,,,2.1754699920402563
2021-07-30,20210730,737,80.90396118164062,125.46322631835938,67.27417755126953,57.88071441650391,56.43597412109375, U.S. / Iran Tensions Escalate,,,4.832012698250266
2021-08-02,20210802,651,111.9454574584961,40.58213424682617,160.78517150878906,57.649044036865234,61.050270080566406, U.S. / Iran Tensions Escalate,,,3.703327926578652
2021-08-03,20210803,717,50.82042694091797,46.05817794799805,46.10047912597656,57.79222869873047,56.99555206298828, U.S. / Iran Tensions Escalate,,,3.829905335381652
2021-08-04,20210804,773,89.99213409423828,76.898681640625,92.64825439453124,58.59238815307617,62.23781967163086, U.S. / Iran Tensions Escalate,,,4.342488732549622
2021-08-05,20210805,698,99.66178131103516,75.69905853271484,110.495849609375,59.803497314453125,72.05846405029297, U.S. / Iran Tensions Escalate,,,4.326765723545918
2021-08-06,20210806,781,63.62165832519531,16.91355323791504,98.75301361083984,60.76496505737305,69.58956146240234, U.S. / Iran Tensions Escalate,,,2.828115267266061
2021-08-09,20210809,622,42.60537338256836,53.0927848815918,26.570775985717773,61.12614440917969,59.45279312133789, U.S. / Iran Tensions Escalate,,,3.972041041079526
2021-08-10,20210810,705,103.37091064453124,46.84214401245117,140.65550231933594,63.66179656982422,66.96000671386719, U.S. / Iran Tensions Escalate,,,3.8467833107915066
2021-08-11,20210811,691,71.90812683105469,47.79119110107422,103.64269256591795,63.73412322998047,64.37657165527344, U.S. / Iran Tensions Escalate,,,3.866841335926145
2021-08-12,20210812,696,76.1509780883789,94.8957290649414,55.40668869018555,63.69756317138672,61.01788711547852, U.S. / Iran Tensions Escalate,,,4.552778700018756
2021-08-13,20210813,730,95.29304504394533,126.66629028320312,60.37268829345703,65.00004577636719,65.54237365722656, U.S. / Iran Tensions Escalate,,,4.841555992599511
2021-08-16,20210816,625,127.20260620117188,95.10829162597656,185.10264587402344,63.09518432617188,77.29159545898438, U.S. / Iran Tensions Escalate,,,4.555016154246722
2021-08-17,20210817,672,157.74131774902344,137.5988006591797,163.95855712890625,67.26802825927734,85.05879974365234, U.S. / Iran Tensions Escalate,,,4.924342209321575
2021-08-18,20210818,717,83.16069793701172,73.69308471679688,99.8843765258789,68.3542709350586,86.66630554199219, U.S. / Iran Tensions Escalate,,,4.299908964627387
2021-08-19,20210819,734,49.64338684082031,8.998287200927734,75.05459594726562,68.7613754272461,82.87950897216797, U.S. / Iran Tensions Escalate,,,2.197034248216752
2021-08-20,20210820,676,68.60346984863281,48.85164642333984,81.49419403076172,69.38431549072266,79.06671142578125, U.S. / Iran Tensions Escalate,,,3.888788081571601
2021-08-23,20210823,593,189.9279937744141,44.55138397216797,297.28204345703125,72.62584686279297,101.2627182006836, U.S. / Iran Tensions Escalate,,,3.7966432190272887
2021-08-24,20210824,696,133.26422119140625,151.83316040039062,150.3895721435547,76.19396209716797,97.76598358154295, U.S. / Iran Tensions Escalate,,,5.022782289065661
2021-08-25,20210825,697,47.52607727050781,47.37978744506836,63.2310791015625,75.806396484375,92.67532348632812, U.S. / Iran Tensions Escalate,,,3.8581957125464177
2021-08-26,20210826,695,114.39083099365234,133.04518127441406,134.75270080566406,76.97930908203125,101.92496490478516, U.S. / Iran Tensions Escalate,,,4.890688779363955
2021-08-27,20210827,702,103.81266021728516,141.12698364257812,86.32347869873047,78.66319274902344,106.95484924316406, U.S. / Iran Tensions Escalate,,,4.949660078297194
2021-08-30,20210830,584,107.77188873291016,124.40440368652344,94.3323211669922,84.1142578125,100.67681121826172, U.S. / Iran Tensions Escalate,,,4.823537579087887
2021-08-31,20210831,669,203.01235961914065,108.59815979003906,288.2141418457031,89.52484130859375,110.64083099365234, U.S. / Iran Tensions Escalate,,,4.687654462513167
2021-09-01,20210901,745,80.03519439697266,88.65426635742188,73.9464111328125,88.46116638183594,115.28499603271484, U.S. / Iran Tensions Escalate,,,4.484744157221448
2021-09-06,20210906,527,81.71419525146484,137.85989379882812,104.53524780273438,89.6346435546875,96.17974853515624, U.S. / Iran Tensions Escalate,,,4.92623790710198
2021-09-07,20210907,675,117.78018951416016,88.06324005126953,130.58387756347656,92.94205474853516,84.00372314453125, U.S. / Iran Tensions Escalate,,,4.478055193328565
2021-09-08,20210908,699,85.30216979980469,75.59075927734375,86.69396209716797,94.3652801513672,84.75614929199219, U.S. / Iran Tensions Escalate,,,4.325334043933407
2021-09-09,20210909,720,73.61261749267578,36.693016052246094,99.46820068359376,93.3733367919922,80.09210968017578, U.S. / Iran Tensions Escalate,,,3.602586438647584
2021-09-10,20210910,854,65.9410400390625,85.07279205322266,45.15579605102539,93.1744384765625,75.41361999511719, U.S. / Iran Tensions Escalate,,,4.443507267105404
2021-09-13,20210913,663,104.92296600341795,109.5809555053711,91.40133666992188,95.86782836914062,86.5728759765625, U.S. / Iran Tensions Escalate,,,4.696663595778141
2021-09-14,20210914,712,69.78723907470703,37.10529708862305,100.58580780029295,96.3278350830078,79.71674346923828, U.S. / Iran Tensions Escalate,,,3.6137597380905695
2021-09-15,20210915,703,65.9686279296875,56.37049102783203,70.52783203125,94.28669738769533,76.95480346679688, U.S. / Iran Tensions Escalate,,,4.031945812856184
2021-09-16,20210916,723,119.12415313720705,45.67595291137695,160.01266479492188,92.99945831298828,83.45645141601562, U.S. / Iran Tensions Escalate,,,3.82157196491184
2021-09-17,20210917,676,151.90768432617188,48.85164642333984,220.0343170166016,95.29102325439452,95.7374038696289, U.S. / Iran Tensions Escalate,,,3.888788081571601
2021-09-20,20210920,663,59.95597839355469,49.80952072143555,58.16448593139648,94.98678588867188,87.32264709472656, U.S. / Iran Tensions Escalate,,,3.9082061449034953
2021-09-21,20210921,743,84.70899963378906,26.667871475219727,118.63273620605467,95.66339111328124,89.45433044433594, U.S. / Iran Tensions Escalate,,,3.283459525305912
2021-09-22,20210922,733,54.23030090332031,45.05281448364258,60.12559509277344,91.14012908935548,87.77742767333984, U.S. / Iran Tensions Escalate,,,3.8078354567675374
2021-09-23,20210923,770,68.83257293701172,60.043113708496094,85.85466766357422,88.9924087524414,80.59291076660156, U.S. / Iran Tensions Escalate,,,4.095062865988438
2021-09-24,20210924,750,92.75189971923828,70.4505844116211,110.1801528930664,90.49993896484376,72.14208984375, U.S. / Iran Tensions Escalate,,,4.254911533720092
2021-09-27,20210927,697,57.03129577636719,47.37978744506836,55.32719421386719,83.56304931640625,60.98754501342773, U.S. / Iran Tensions Escalate,,,3.8581957125464177
2021-09-28,20210928,689,96.1558074951172,67.10188293457031,111.93920135498048,84.04557800292969,62.622802734375, U.S. / Iran Tensions Escalate,,,4.206212105201954
2021-09-29,20210929,725,59.39776611328125,81.98990631103516,83.58494567871094,82.43311309814453,63.36101150512695, U.S. / Iran Tensions Escalate,,,4.406596145919729
2021-09-30,20210930,742,102.68067169189452,62.308895111083984,148.4907684326172,79.0887222290039,68.19645690917969, U.S. / Iran Tensions Escalate,,,4.132104194270588
2021-10-01,20211001,779,68.03733825683594,67.82791137695312,91.93466186523438,78.68878936767578,64.66580200195312, U.S. / Iran Tensions Escalate,,,4.216973782459035
2021-10-04,20211004,755,65.81260681152344,17.496007919311523,102.15377807617188,75.65222930908203,70.42407989501953, U.S. / Iran Tensions Escalate,,,2.861972736009911
2021-10-05,20211005,713,171.9004364013672,120.4230728149414,185.4364471435547,79.69215393066406,81.24474334716797, U.S. / Iran Tensions Escalate,,,4.791011149190735
2021-10-06,20211006,768,56.072113037109375,0.0,93.25143432617188,78.83741760253906,80.76964569091797, U.S. / Iran Tensions Escalate,,,4.791011149190735
2021-10-07,20211007,710,121.3052978515625,74.41963195800781,139.66497802734375,78.95492553710938,83.43030548095703, U.S. / Iran Tensions Escalate,,,4.309719777434705
2021-10-08,20211008,772,94.39959716796876,25.66609764099121,142.7204132080078,79.25817108154297,87.19634246826172, U.S. / Iran Tensions Escalate,,,3.2451709631083085
2021-10-11,20211011,652,50.806251525878906,20.25994682312012,76.04458618164062,75.4522705078125,79.78478240966797, U.S. / Iran Tensions Escalate,,,3.0086458740944924
2021-10-12,20211012,731,81.5680160522461,108.4225845336914,52.75383377075195,75.87081146240234,66.8801498413086, U.S. / Iran Tensions Escalate,,,4.686036411711611
2021-10-13,20211013,740,94.00530242919922,116.02925872802734,74.44605255126953,75.50688934326172,72.29917907714844, U.S. / Iran Tensions Escalate,,,4.7538423897156505
2021-10-14,20211014,718,55.36325073242188,64.39163970947266,53.70898818969727,75.02609252929688,62.878883361816406, U.S. / Iran Tensions Escalate,,,4.164983806507308
2021-10-15,20211015,742,107.1450424194336,151.32159423828125,74.2453842163086,76.39863586425781,64.69966125488281, U.S. / Iran Tensions Escalate,,,5.019407335251765
2021-10-18,20211018,732,126.71024322509766,27.0686149597168,188.149169921875,70.21085357666016,75.28538513183594, U.S. / Iran Tensions Escalate,,,3.2983749371793203
2021-10-19,20211019,693,133.84112548828125,28.59195899963379,198.73765563964844,73.30565643310547,82.75296783447266, U.S. / Iran Tensions Escalate,,,3.353125524435693
2021-10-20,20211020,737,76.40929412841797,62.73161315917969,104.64871978759766,73.85409545898438,80.23925018310547, U.S. / Iran Tensions Escalate,,,4.138865517690321
2021-10-21,20211021,740,94.00530242919922,80.32794952392578,104.2244644165039,74.16397094726562,85.7595443725586, U.S. / Iran Tensions Escalate,,,4.386117624202345
2021-10-22,20211022,770,86.04071807861328,68.6207046508789,107.31832885742188,75.22431945800781,82.74464416503906, U.S. / Iran Tensions Escalate,,,4.228594306262436
2021-10-25,20211025,624,79.62903594970703,116.42976379394533,123.59953308105467,75.01686096191406,83.11515045166016, U.S. / Iran Tensions Escalate,,,4.757288205308099
2021-10-26,20211026,687,144.6536102294922,105.7527847290039,160.37867736816406,78.731689453125,84.6597900390625, U.S. / Iran Tensions Escalate,,,4.661104150714465
2021-10-27,20211027,708,102.93289184570312,55.97239303588867,140.05950927734375,80.2617416381836,88.4488754272461, U.S. / Iran Tensions Escalate,,,4.024858587677829
2021-10-28,20211028,827,96.13255310058594,87.85026550292969,99.92153930664062,80.2609634399414,88.75276947021484, U.S. / Iran Tensions Escalate,,,4.475633836858814
2021-10-29,20211029,772,55.78157806396485,25.66609764099121,71.3602066040039,80.14042663574219,84.43003845214844, U.S. / Iran Tensions Escalate,,,3.2451709631083085
2021-11-01,20211101,746,124.33229064941406,17.70708465576172,199.38766479492188,80.56488037109375,91.51307678222656, U.S. / Iran Tensions Escalate,,,2.873964822533288
2021-11-02,20211102,685,62.866249084472656,28.925880432128903,96.50816345214844,81.21891784667969,79.82916259765625, U.S. / Iran Tensions Escalate,,,3.364736711065209
2021-11-03,20211103,763,73.80557250976562,60.59396743774414,101.08270263671876,81.4853515625,75.66812133789062, U.S. / Iran Tensions Escalate,,,4.104195340888169
2021-11-04,20211104,756,122.68769073486328,61.15502548217773,160.31504821777344,79.84492492675781,79.46170806884766, U.S. / Iran Tensions Escalate,,,4.113412041621077
2021-11-05,20211105,818,76.9422836303711,64.59406280517578,101.02091979980467,80.54059600830078,82.48466491699219, U.S. / Iran Tensions Escalate,,,4.168122499524222
2021-11-08,20211108,643,46.36564636230469,71.90232849121094,34.270652770996094,76.12068939208984,65.32391357421875, U.S. / Iran Tensions Escalate,,,4.275308649337676
2021-11-09,20211109,705,84.5761947631836,28.105287551879883,117.21292114257812,78.06816864013672,68.42533874511719, U.S. / Iran Tensions Escalate,,,3.33595772774416
2021-11-10,20211110,710,135.30206298828125,37.20981597900391,193.9791412353516,80.88469696044922,77.2105484008789, U.S. / Iran Tensions Escalate,,,3.61657259687476
2021-11-11,20211111,718,83.04486846923828,45.9940299987793,115.09069061279295,80.93392181396484,71.54728698730469, U.S. / Iran Tensions Escalate,,,3.828511605431368
2021-11-12,20211112,720,101.21734619140624,27.51976203918457,153.02798461914062,81.17432403564453,75.01515197753906, U.S. / Iran Tensions Escalate,,,3.314904366195803
2021-11-15,20211115,704,141.16055297851562,28.14521026611328,211.282958984375,83.38326263427734,94.29557800292967, U.S. / Iran Tensions Escalate,,,3.337377189703976
2021-11-16,20211116,701,122.86271667480467,56.53131866455078,165.03445434570312,86.31023406982422,99.76507568359376, U.S. / Iran Tensions Escalate,,,4.034794797224806
2021-11-17,20211117,762,126.06885528564452,78.00877380371094,180.74172973632807,86.28885650634766,98.44605255126952, U.S. / Iran Tensions Escalate,,,4.356821305026627
2021-11-18,20211118,733,158.1717071533203,54.06337356567383,217.95529174804688,87.09986877441406,109.17845153808594, U.S. / Iran Tensions Escalate,,,3.9901569430017614
2021-11-19,20211119,731,108.7573471069336,81.31694030761719,150.72525024414062,88.17813873291016,110.25559997558594, U.S. / Iran Tensions Escalate,,,4.398354362715566
2021-11-22,20211122,642,128.9940643310547,41.15104293823242,180.20118713378903,86.99375915527344,103.25921630859376, U.S. / Iran Tensions Escalate,,,3.7172492715949166
2021-11-23,20211123,696,80.91041564941406,28.46871757507324,118.7286148071289,88.04273223876953,97.26602935791016, U.S. / Iran Tensions Escalate,,,3.348805855493989
2021-11-24,20211124,680,87.68561553955078,126.26714324951172,48.60889434814453,88.31128692626953,91.78271484375, U.S. / Iran Tensions Escalate,,,4.838399847052042
2021-11-25,20211125,561,118.09510040283205,47.09263610839844,166.93963623046875,87.4260025024414,86.05747985839844, U.S. / Iran Tensions Escalate,,,3.8521166429052025
2021-11-26,20211126,674,58.97747039794922,9.799321174621582,98.0832290649414,85.9608154296875,78.9460678100586, U.S. / Iran Tensions Escalate,,,2.282313115381638
2021-11-29,20211129,654,60.78105545043945,20.19799041748047,101.08270263671876,84.34967041015625,71.29805755615234, U.S. / Iran Tensions Escalate,,,3.005583115175124
2021-11-30,20211130,714,92.78900909423828,18.50067901611328,146.59823608398438,85.21195220947266,72.99500274658203, U.S. / Iran Tensions Escalate,,,2.9178074349844105
2021-12-01,20211201,762,86.94403076171875,17.335281372070312,130.134033203125,83.96568298339844,72.8890609741211, U.S. / Iran Tensions Escalate,,,2.852743810448599
2021-12-02,20211202,747,93.12439727783205,26.525070190429688,140.12200927734375,84.97428894042969,69.32181549072266, U.S. / Iran Tensions Escalate,,,3.2780903306955915
2021-12-03,20211203,780,106.17205047607422,42.33809280395508,162.44509887695312,86.05316925048828,76.06389617919922, U.S. / Iran Tensions Escalate,,,3.745687219910762
2021-12-06,20211206,687,120.544677734375,67.29723358154297,184.4354858398437,87.81405639648438,94.23546600341795, U.S. / Iran Tensions Escalate,,,4.209119130033796
2021-12-07,20211207,720,202.4346923828125,155.9453125,237.19338989257807,93.01395416259766,109.89913940429688, U.S. / Iran Tensions Escalate,,,5.049505384891265
2021-12-08,20211208,751,145.55889892578125,52.76758575439453,212.73130798339844,96.32039642333984,118.27268981933594, U.S. / Iran Tensions Escalate,,,3.965897096027896
2021-12-09,20211209,697,104.557373046875,66.33170318603516,150.17381286621094,96.98643493652344,119.90597534179688, U.S. / Iran Tensions Escalate,,,4.194667960669514
2021-12-10,20211210,763,164.97715759277344,112.53166198730467,245.486572265625,97.97560119628906,128.30670166015625, U.S. / Iran Tensions Escalate,,,4.723234621934852
2021-12-13,20211213,630,110.41893005371094,10.483718872070312,174.88914489746094,99.14039611816406,128.57305908203125, U.S. / Iran Tensions Escalate,,,2.349823470152216
2021-12-14,20211214,714,129.9046173095703,101.75373840332033,177.46104431152344,101.7541961669922,118.2116241455078, U.S. / Iran Tensions Escalate,,,4.622555564712341
2021-12-15,20211215,736,72.01234436035156,26.921504974365234,112.2759780883789,99.44925689697266,107.70497131347656, U.S. / Iran Tensions Escalate,,,3.2929254086509205
2021-12-16,20211216,778,136.24957275390625,59.42570495605469,212.4296112060547,99.8954849243164,112.23242950439452, U.S. / Iran Tensions Escalate,,,4.084726876130116
2021-12-17,20211217,833,95.44012451171876,71.3597640991211,125.6556396484375,98.87452697753906,102.29856872558594, U.S. / Iran Tensions Escalate,,,4.267734182480431
2021-12-20,20211220,624,53.08602523803711,21.16904640197754,88.28538513183594,95.21686553955078,90.67190551757812, U.S. / Iran Tensions Escalate,,,3.0525400393508164
2021-12-21,20211221,686,101.40513610839844,19.255809783935547,160.6124725341797,97.4616241455078,86.60055541992188, U.S. / Iran Tensions Escalate,,,2.9578128221569258
2021-12-22,20211222,750,141.3362274169922,17.612646102905273,227.7056427001953,97.87303161621094,96.50396728515624, U.S. / Iran Tensions Escalate,,,2.8686171726002017
2021-12-23,20211223,661,135.30911254882812,59.95227813720703,225.0275421142578,99.68631744384766,96.36961364746094, U.S. / Iran Tensions Escalate,,,4.093548881372152
2021-12-24,20211224,659,135.7197723388672,60.13422775268555,208.99118041992188,101.28746032714844,102.12384796142578, U.S. / Iran Tensions Escalate,,,4.09657919278581
2021-12-27,20211227,378,78.87065887451172,17.472864151000977,131.16685485839844,99.03046417236328,97.17803192138672, U.S. / Iran Tensions Escalate,,,2.860649057531335
2021-12-28,20211228,450,58.89009475708008,14.677206039428713,85.6956787109375,99.8093490600586,91.10445404052734, U.S. / Iran Tensions Escalate,,,2.6862956807828064
2021-12-29,20211229,612,37.88884735107422,21.584125518798828,63.01152801513672,99.04627227783205,76.32626342773438, U.S. / Iran Tensions Escalate,,,3.0719581148116686
2021-12-30,20211230,585,147.22523498535156,56.4507942199707,197.7592620849609,100.8608169555664,78.028564453125, U.S. / Iran Tensions Escalate,,,4.033369359938162
2021-12-31,20211231,692,76.59115600585938,0.0,127.37589263916016,100.5157241821289,69.58161926269531, U.S. / Iran Tensions Escalate,,,4.033369359938162
2022-01-04,20220104,633,88.9631118774414,10.434032440185549,139.2482147216797,96.61205291748048,71.99512481689453, U.S. / Iran Tensions Escalate,,,2.345072813679664
2022-01-05,20220105,721,96.48255157470705,82.44477081298828,137.53416442871094,95.80998229980467,80.36565399169922, U.S. / Iran Tensions Escalate,,,4.412128624471431
2022-01-06,20220106,757,70.01464080810547,69.79913330078125,65.49678802490234,91.39598083496094,69.33556365966797, U.S. / Iran Tensions Escalate,,,4.245621592796985
2022-01-07,20220107,724,118.95960998535156,72.98058319091797,182.61903381347656,90.50933837890624,75.3882064819336, U.S. / Iran Tensions Escalate,,,4.290193422082401
2022-01-10,20220110,637,130.00657653808594,51.84256362915039,172.96726989746094,86.07035064697266,86.62931060791016, U.S. / Iran Tensions Escalate,,,3.948211503544082
2022-01-11,20220111,754,188.9130096435547,78.8364486694336,270.3359069824219,89.81932067871094,100.90786743164062, U.S. / Iran Tensions Escalate,,,4.367375436488563
2022-01-12,20220112,720,78.2134017944336,36.693016052246094,114.77099609375,88.74580383300781,98.29798889160156, U.S. / Iran Tensions Escalate,,,3.602586438647584
2022-01-13,20220113,660,170.64743041992188,100.07186126708984,250.4094390869141,90.10389709472656,112.67410278320312, U.S. / Iran Tensions Escalate,,,4.605888540580536
2022-01-14,20220114,744,133.57127380371094,17.754684448242188,207.3282470703125,92.1558609008789,114.76148223876952, U.S. / Iran Tensions Escalate,,,2.876649393679651
2022-01-17,20220117,576,109.26873016357422,137.5988006591797,86.0782470703125,89.07763671875,113.9539794921875, U.S. / Iran Tensions Escalate,,,4.924342209321575
2022-01-18,20220118,692,138.8214874267578,114.5331039428711,151.25888061523438,91.67098999023438,106.79804229736328, U.S. / Iran Tensions Escalate,,,4.740863898612899
2022-01-19,20220119,755,153.562744140625,52.48802185058594,233.494369506836,95.02021026611328,117.5622329711914, U.S. / Iran Tensions Escalate,,,3.96058498833928
2022-01-20,20220120,753,136.3739776611328,26.31371688842773,212.1663055419922,96.1858367919922,112.66603088378906, U.S. / Iran Tensions Escalate,,,3.270090357914412
2022-01-21,20220121,749,185.7514495849609,88.1808090209961,242.719955444336,97.66634368896484,120.1203384399414, U.S. / Iran Tensions Escalate,,,4.479389354541777
2022-01-24,20220124,624,185.8010711669922,42.33809280395508,282.5132141113281,101.78524780273438,150.42579650878906, U.S. / Iran Tensions Escalate,,,3.745687219910762
2022-01-25,20220125,693,291.5824279785156,123.89849853515624,397.4753112792969,110.04698181152344,172.248779296875, U.S. / Iran Tensions Escalate,,,4.819462670201348
2022-01-26,20220126,738,260.3373107910156,71.59613037109375,425.4924621582031,116.09587097167967,187.5022888183593, U.S. / Iran Tensions Escalate,,,4.271041027409655
2022-01-27,20220127,750,265.0054016113281,79.25691223144531,411.3392333984375,122.96638488769533,205.87820434570312, U.S. / Iran Tensions Escalate,,,4.372694629539956
2022-01-28,20220128,818,182.23171997070312,80.7425765991211,282.85858154296875,127.7778091430664,205.3753967285156, U.S. / Iran Tensions Escalate,,,4.391266027215845
2022-02-07,20220207,662,195.15126037597656,29.93085670471192,299.58349609375,149.94056701660156,147.24778747558594, U.S. / Iran Tensions Escalate,,,3.398889945067119
2022-02-08,20220208,732,158.38780212402344,81.20585632324219,225.77899169921875,153.0967254638672,142.6480255126953, U.S. / Iran Tensions Escalate,,,4.396987366774367
2022-02-09,20220209,735,117.17926788330078,35.94417953491211,172.39071655273438,152.6691436767578,123.62792205810548, U.S. / Iran Tensions Escalate,,,3.581967166606044
2022-02-10,20220210,763,108.53760528564452,17.312562942504883,173.28463745117188,149.98995971679688,113.94934844970705, U.S. / Iran Tensions Escalate,,,2.8514324196091003
2022-02-11,20220211,813,179.2779541015625,73.115234375,250.7174530029297,153.35877990722656,126.33551025390624, U.S. / Iran Tensions Escalate,,,4.292036749625278
2022-02-14,20220214,656,191.8865509033203,70.4774398803711,285.52783203125,155.5789337158203,143.60882568359375, U.S. / Iran Tensions Escalate,,,4.255292656909891
2022-02-15,20220215,752,229.0605316162109,87.82902526855469,380.9420166015625,161.68067932128906,153.70492553710938, U.S. / Iran Tensions Escalate,,,4.475392029934558
2022-02-16,20220216,756,223.4668731689453,61.15502548217773,371.6394348144531,165.48728942871094,168.8888702392578, U.S. / Iran Tensions Escalate,,,4.113412041621077
2022-02-17,20220217,725,228.45294189453125,91.0998992919922,334.3397827148437,168.47500610351562,186.01963806152344, U.S. / Iran Tensions Escalate,,,4.511956698798696
2022-02-18,20220218,761,226.3515472412109,147.54351806640625,318.5234375,170.9012908935547,192.7444305419922, U.S. / Iran Tensions Escalate,,,4.994123170003148
2022-02-21,20220221,587,152.3668212890625,135.02029418945312,244.01055908203125,167.8301544189453,183.3051147460937, U.S. / Iran Tensions Escalate,,,4.905425094469691
2022-02-22,20220222,652,279.43438720703125,121.55968475341795,439.3686828613281,173.58273315429688,190.5013732910156, U.S. / Iran Tensions Escalate,,,4.800405374703818
2022-02-23,20220223,684,431.0212097167969,183.465072631836,692.6530151367188,181.75672912597656,220.1519927978516, U.S. / Iran Tensions Escalate,,,5.212024309496688
2022-02-24,20220224,697,370.7033996582031,189.51914978027344,545.3680419921875,184.39410400390625,240.47349548339844, U.S. / Iran Tensions Escalate,,,5.2444900736663085
2022-02-25,20220225,732,515.8916625976562,162.41171264648438,797.75244140625,192.9125823974609,281.8363647460937,Russia / Ukraine Tensions,,,5.090134547334312
2022-02-28,20220228,666,452.6180725097656,218.17466735839844,678.2862548828125,205.86676025390625,378.6219177246094,Russia / Ukraine Tensions,,,5.385295968393227
2022-03-01,20220301,735,540.827392578125,287.5534362792969,809.48681640625,221.77671813964844,415.9637756347656,Russia / Ukraine Tensions,,,5.66140870828588
2022-03-02,20220302,715,523.524658203125,203.2228546142578,778.1954956054688,234.46124267578125,429.1785583496094,Russia / Ukraine Tensions,,,5.314303182875021
2022-03-03,20220303,728,436.8221435546875,353.82550048828125,552.4142456054688,242.6691131591797,438.62408447265625,Russia / Ukraine Tensions,,,5.868803855126869
2022-03-04,20220304,757,350.0732116699219,226.84716796875,465.75494384765625,245.9942321777344,414.9357299804688,Russia / Ukraine Tensions,,,5.424276521874011
2022-03-07,20220307,640,362.3121032714844,247.6778564453125,473.4303283691406,264.8566589355469,390.50689697265625,Russia / Ukraine Tensions,,,5.512128935831097
2022-03-08,20220308,715,352.1051025390625,360.2586975097656,408.3599853515625,273.9851989746094,363.5465698242188,Russia / Ukraine Tensions,,,5.886822377571582
2022-03-09,20220309,774,295.3064270019531,179.1984405517578,391.4669189453125,277.3236999511719,330.9439697265625,Russia / Ukraine Tensions,,,5.188493798224828
2022-03-10,20220310,705,352.4008178710937,384.1055908203125,343.8245849609375,283.7908020019531,318.8837890625,Russia / Ukraine Tensions,,,5.950917490883294
2022-03-11,20220311,775,410.3309631347656,289.7564392089844,497.5877990722656,293.5625305175781,327.4920349121094,Russia / Ukraine Tensions,,,5.669040705299879
2022-03-14,20220314,615,350.1087951660156,204.0489654541016,492.6754455566406,307.23004150390625,319.9960327148437,Russia / Ukraine Tensions,,,5.3183599917782
2022-03-15,20220315,701,311.8822631835937,207.2815093994141,400.7980041503906,313.692626953125,314.2499084472656,Russia / Ukraine Tensions,,,5.33407781816199
2022-03-16,20220316,749,473.2239685058594,343.9051513671875,632.5429077148438,323.0705261230469,339.6667175292969,Russia / Ukraine Tensions,,,5.840365896585083
2022-03-17,20220317,696,290.3256225585937,227.749740600586,348.2705993652344,325.1127014160156,330.798828125,Russia / Ukraine Tensions,,,5.428247397173825
2022-03-18,20220318,685,285.3160400390625,202.4811553955078,394.0749816894531,327.1743469238281,312.9395446777344,Russia / Ukraine Tensions,,,5.310646822440995
2022-03-21,20220321,640,227.7390289306641,227.0380249023437,223.8034210205078,325.15509033203125,270.7335205078125,Russia / Ukraine Tensions,,,5.425117514036083
2022-03-22,20220322,690,244.8419647216797,201.013900756836,295.4105529785156,330.54058837890625,261.1563415527344,Russia / Ukraine Tensions,,,5.30337406366198
2022-03-23,20220323,644,267.4743957519531,297.41851806640625,342.1744079589844,334.37750244140625,231.7635498046875,Russia / Ukraine Tensions,,,5.695140298618867
2022-03-24,20220324,721,317.0140991210937,265.6553955078125,420.2433166503906,335.6301574707031,235.57618713378903,Russia / Ukraine Tensions,,,5.58219996327911
2022-03-25,20220325,765,350.7424621582031,328.0787353515625,424.8777160644531,332.9541931152344,244.92282104492188,Russia / Ukraine Tensions,,,5.793253626381064
2022-03-28,20220328,517,281.920654296875,319.3782653808594,277.0487365722656,314.99139404296875,275.19647216796875,Russia / Ukraine Tensions,,,5.766376185190192
2022-03-29,20220329,582,233.35958862304688,181.5736846923828,283.9694519042969,316.0335998535156,273.5561218261719,Russia / Ukraine Tensions,,,5.20166154758541
2022-03-30,20220330,610,233.5088806152344,270.6861572265625,243.84130859375,308.72998046875,268.70391845703125,Russia / Ukraine Tensions,,,5.600960058358755
2022-03-31,20220331,598,254.8129119873047,220.89439392089844,331.6459350585937,299.1961364746094,259.8180236816406,Russia / Ukraine Tensions,,,5.397684731746853
2022-04-01,20220401,669,188.1578063964844,167.83352661132812,205.86724853515625,288.0172424316406,236.5916442871093,Russia / Ukraine Tensions,,,5.122972575096566
2022-04-04,20220404,508,163.0200653076172,143.01608276367188,184.35655212402344,270.7406616210937,214.40011596679688,Russia / Ukraine Tensions,,,4.962957090814807
2022-04-05,20220405,577,212.41769409179688,137.36032104492188,276.8825378417969,271.2337646484375,211.40841674804688,Russia / Ukraine Tensions,,,4.922607553838395
2022-04-06,20220406,622,175.74716186523438,116.80413055419922,247.9939117431641,265.0149230957031,203.15673828125,Russia / Ukraine Tensions,,,4.760498434102721
2022-04-07,20220407,626,243.41552734375,232.1155548095703,290.41094970703125,261.3919372558594,201.52853393554688,Russia / Ukraine Tensions,,,5.447235328740838
2022-04-08,20220408,649,219.47674560546875,152.65199279785156,263.1421203613281,258.8642883300781,206.002670288086,Russia / Ukraine Tensions,,,5.028160773781896
2022-04-12,20220412,571,226.2524261474609,219.77252197265625,260.4959716796875,242.4200134277344,198.2519073486328,Russia / Ukraine Tensions,,,5.392593020381473
2022-04-13,20220413,627,258.8768920898437,305.4825134277344,254.8025817871093,239.3789520263672,210.1275787353516,Russia / Ukraine Tensions,,,5.721892537784339
2022-04-14,20220414,611,265.656005859375,302.6723327636719,279.5077514648437,237.83807373046875,213.30479431152344,Russia / Ukraine Tensions,,,5.712650810342774
2022-04-15,20220415,531,168.43563842773438,186.5746459960937,186.7460174560547,227.678466796875,206.01319885253903,Russia / Ukraine Tensions,,,5.228831405634404
2022-04-18,20220418,500,218.6294708251953,184.93280029296875,264.432373046875,220.5185089111328,207.9931640625,Russia / Ukraine Tensions,,,5.219992517430464
2022-04-19,20220419,543,213.5172576904297,243.26858520507807,223.2010498046875,223.277099609375,206.17385864257807,Russia / Ukraine Tensions,,,5.494166121868272
2022-04-20,20220420,594,189.6082458496093,166.7864227294922,250.4094390869141,222.00607299804688,196.27833557128903,Russia / Ukraine Tensions,,,5.116714088107365
2022-04-21,20220421,594,128.264404296875,111.19095611572266,139.11634826660156,218.1201629638672,176.65097045898438,Russia / Ukraine Tensions,,,4.711249048614446
2022-04-22,20220422,604,246.79725646972656,218.7000732421875,319.2305908203125,217.4309234619141,187.8454742431641,Russia / Ukraine Tensions,,,5.387701262580642
2022-04-25,20220425,483,246.8994598388672,232.46505737304688,285.14532470703125,200.39488220214844,172.85069274902344,Russia / Ukraine Tensions,,,5.448739922863991
2022-04-26,20220426,619,160.5444793701172,160.05030822753906,169.09716796875,199.4367218017578,165.2831573486328,Russia / Ukraine Tensions,,,5.075488192234318
2022-04-27,20220427,621,186.6986541748047,127.62787628173828,239.52207946777344,196.2626495361328,164.86749267578125,Russia / Ukraine Tensions,,,4.849118813208257
2022-04-28,20220428,601,176.37631225585938,131.87506103515625,219.9936370849609,194.3632049560547,171.74063110351562,Russia / Ukraine Tensions,,,4.881854967056054
2022-04-29,20220429,645,148.93714904785156,143.35874938964844,170.8219451904297,191.5441436767578,157.76060485839844,Russia / Ukraine Tensions,,,4.96535022562306
2022-05-04,20220504,608,163.44906616210938,217.2612762451172,172.156494140625,178.84471130371094,139.7517852783203,Russia / Ukraine Tensions,,,5.3811006672639525
2022-05-05,20220505,641,144.69874572753906,144.25335693359375,171.88790893554688,176.58740234375,135.22640991210938,Russia / Ukraine Tensions,,,4.971571176754127
2022-05-06,20220506,628,174.06805419921875,178.79080200195312,192.99072265625,176.53143310546875,138.81654357910156,Russia / Ukraine Tensions,,,5.186216418474084
2022-05-09,20220509,505,150.86941528320312,170.0230712890625,174.54281616210938,166.71505737304688,140.96519470214844,Russia / Ukraine Tensions,,,5.1359341413070965
2022-05-10,20220510,555,143.2461700439453,190.4069976806641,158.8182373046875,166.5240020751953,138.93272399902344,Russia / Ukraine Tensions,,,5.249163874206404
2022-05-11,20220511,601,176.37631225585938,175.83340454101562,210.8272399902344,165.8956298828125,140.7794647216797,Russia / Ukraine Tensions,,,5.16953698165463
2022-05-12,20220512,607,158.2610626220703,174.09535217285156,163.3643035888672,163.62925720214844,142.71694946289062,Russia / Ukraine Tensions,,,5.159603150110217
2022-05-13,20220513,654,162.08282470703125,141.38592529296875,210.58897399902344,160.4027862548828,141.00477600097656,Russia / Ukraine Tensions,,,4.9514932102689535
2022-05-16,20220516,530,168.75344848632812,174.46490478515625,197.4927215576172,151.3905487060547,138.62298583984375,Russia / Ukraine Tensions,,,5.161723602705695
2022-05-17,20220517,626,174.62417602539062,158.26060485839844,220.00830078125,152.16363525390625,143.10556030273438,Russia / Ukraine Tensions,,,5.064243072102206
2022-05-18,20220518,619,165.89596557617188,128.04025268554688,195.7967224121093,150.4058380126953,141.60836791992188,Russia / Ukraine Tensions,,,4.852344688588834
2022-05-19,20220519,612,162.38076782226562,129.5047607421875,189.0345916748047,148.7012939453125,142.1968994140625,Russia / Ukraine Tensions,,,4.863717642951803
2022-05-20,20220520,658,140.9603271484375,90.3384246826172,200.9364471435547,147.07969665527344,139.1793975830078,Russia / Ukraine Tensions,,,4.503562892423515
2022-05-23,20220523,573,150.3084716796875,115.2660140991211,173.0578155517578,141.75106811523438,141.9267120361328,Russia / Ukraine Tensions,,,4.747242623192479
2022-05-24,20220524,581,222.35826110839844,295.5650634765625,265.49432373046875,147.48150634765625,148.74586486816406,Russia / Ukraine Tensions,,,5.688888993579635
2022-05-25,20220525,598,155.10350036621094,209.8496856689453,147.398193359375,144.421630859375,147.20408630371094,Russia / Ukraine Tensions,,,5.346391491894014
2022-05-26,20220526,640,134.57305908203125,72.23937225341797,172.156494140625,143.55592346191406,143.23155212402344,Russia / Ukraine Tensions,,,4.279985219334235
2022-05-27,20220527,639,155.51962280273438,124.03273010253906,181.0471954345703,142.51661682128906,145.31146240234375,Russia / Ukraine Tensions,,,4.820545483215551
2022-05-30,20220530,429,115.82404327392578,138.56103515625,128.4150848388672,136.40342712402344,139.70108032226562,Russia / Ukraine Tensions,,,4.93131091560211
2022-05-31,20220531,557,190.30909729003903,177.8656005859375,217.59097290039065,140.51637268066406,135.1226348876953,Russia / Ukraine Tensions,,,5.181028212208094
2022-06-01,20220601,610,168.34361267089844,162.41171264648438,207.71669006347656,142.90548706054688,137.01406860351562,Russia / Ukraine Tensions,,,5.090134547334312
2022-06-02,20220602,604,142.59397888183594,120.28504180908205,164.17572021484375,142.4095001220703,138.15992736816406,Russia / Ukraine Tensions,,,4.789864274510547
2022-06-03,20220603,580,142.78309631347656,102.48738098144533,189.9657745361328,141.72064208984375,136.34042358398438,Russia / Ukraine Tensions,,,4.629739678623369
2022-06-06,20220606,453,190.12530517578125,145.80006408691406,231.06211853027344,139.94766235351562,143.90328979492188,Russia / Ukraine Tensions,,,4.982236259128055
2022-06-07,20220607,548,139.0311279296875,108.4720458984375,201.0586700439453,141.29930114746094,136.577880859375,Russia / Ukraine Tensions,,,4.686492498296189
2022-06-08,20220608,587,152.3668212890625,146.27198791503906,178.31541442871094,141.34921264648438,134.29547119140625,Russia / Ukraine Tensions,,,4.985467819529547
2022-06-09,20220609,602,115.55469512939452,76.79933166503906,155.56997680664062,140.42616271972656,130.43272399902344,Russia / Ukraine Tensions,,,4.341195937837624
2022-06-10,20220610,632,94.34528350830078,52.25271224975586,122.03498077392578,137.69180297851562,123.51303100585938,Russia / Ukraine Tensions,,,3.956091798583927
2022-06-13,20220613,540,147.22523498535156,146.77206420898438,163.2298583984375,135.3846893310547,119.4612274169922,Russia / Ukraine Tensions,,,4.988880799767474
2022-06-14,20220614,583,136.36642456054688,113.28888702392578,188.98825073242188,137.33554077148438,119.08055877685548,Russia / Ukraine Tensions,,,4.729941078703728
2022-06-15,20220615,602,110.05207824707033,120.6846694946289,91.51174926757812,135.3788299560547,113.03559112548828,Russia / Ukraine Tensions,,,4.793181106736108
2022-06-16,20220616,601,132.2822265625,109.89588165283205,128.32962036132812,133.96742248535156,115.42523956298828,Russia / Ukraine Tensions,,,4.699533387120818
2022-06-17,20220617,639,114.04771423339844,82.68848419189453,137.9407196044922,132.23915100097656,118.23987579345705,Russia / Ukraine Tensions,,,4.415080344351817
2022-06-20,20220620,458,115.72289276123048,115.36668395996094,144.3408203125,126.99716186523438,109.0073013305664,Russia / Ukraine Tensions,,,4.748115611871712
2022-06-21,20220621,539,116.76954650878906,98.02957916259766,153.31190490722656,128.3862762451172,106.20774841308594,Russia / Ukraine Tensions,,,4.58526926131938
2022-06-22,20220622,628,121.32015991210938,126.2052764892578,131.58457946777344,127.42000579833984,107.81747436523438,Russia / Ukraine Tensions,,,4.837909759766023
2022-06-23,20220623,623,143.56231689453125,190.8272247314453,141.48333740234375,124.79347229003906,109.42891693115234,Russia / Ukraine Tensions,,,5.251368436107051
2022-06-24,20220624,621,149.3589324951172,106.35655975341795,204.03732299804688,124.60198211669922,114.47337341308594,Russia / Ukraine Tensions,,,4.666797220547242
2022-06-27,20220627,527,131.99984741210938,100.26174926757812,177.7099151611328,122.0195770263672,123.15807342529295,Russia / Ukraine Tensions,,,4.607784258995923
2022-06-28,20220628,594,200.76168823242188,189.0246124267578,241.135009765625,126.17649841308594,135.15695190429688,Russia / Ukraine Tensions,,,5.241877231061371
2022-06-29,20220629,601,181.88807678222656,186.822998046875,238.32644653320312,128.37863159179688,143.80950927734375,Russia / Ukraine Tensions,,,5.2301616340992325
2022-06-30,20220630,612,173.20616149902344,151.08888244628906,225.04116821289065,127.80854034423828,148.04434204101562,Russia / Ukraine Tensions,,,5.017868289115016
2022-07-01,20220701,612,119.07923889160156,107.92063903808594,153.02798461914062,126.16638946533205,143.7186737060547,Russia / Ukraine Tensions,,,4.681396133287509
2022-07-04,20220704,453,80.43762969970703,87.48003387451172,97.28931427001952,118.92039489746094,120.82958221435548,Russia / Ukraine Tensions,,,4.471410583034277
2022-07-05,20220705,574,109.64945220947266,138.0782470703125,86.378173828125,120.23226928710938,107.81355285644533,Russia / Ukraine Tensions,,,4.927820532224933
2022-07-06,20220706,572,138.9888458251953,150.1077880859375,134.83584594726562,118.52771759033205,101.68508911132812,Russia / Ukraine Tensions,,,5.011353623275647
2022-07-07,20220707,598,88.63056945800781,66.26831817626953,110.54864501953124,116.8477020263672,89.60285949707031,Russia / Ukraine Tensions,,,4.193711927420917
2022-07-08,20220708,630,110.41893005371094,83.8697509765625,122.42239379882812,115.4494400024414,88.36567687988281,Russia / Ukraine Tensions,,,4.429265011832052
2022-07-11,20220711,499,112.85301208496094,52.94382858276367,154.56134033203125,112.38246154785156,95.6484603881836,Russia / Ukraine Tensions,,,3.969231513465562
2022-07-12,20220712,583,113.63867950439452,147.27557373046875,113.39295196533205,113.3789291381836,96.21834564208984,Russia / Ukraine Tensions,,,4.992305483040759
2022-07-13,20220713,634,182.8704528808593,145.84605407714844,217.232162475586,114.56710052490234,102.48715209960938,Russia / Ukraine Tensions,,,4.982551641283012
2022-07-14,20220714,601,165.35279846191406,98.9062957763672,210.8272399902344,115.53331756591795,113.4474639892578,Russia / Ukraine Tensions,,,4.594172894604273
2022-07-15,20220715,621,192.0329132080078,148.89918518066406,239.52207946777344,118.26600646972656,125.10660552978516,Russia / Ukraine Tensions,,,5.003269467416186
2022-07-18,20220718,489,128.70916748046875,162.07957458496094,135.19036865234375,118.07600402832033,141.80575561523438,Russia / Ukraine Tensions,,,5.0880874157743285
2022-07-19,20220719,592,151.07994079589844,89.25328063964844,223.338134765625,121.22986602783205,147.15451049804688,Russia / Ukraine Tensions,,,4.491478177851404
2022-07-20,20220720,598,149.56410217285156,55.22359848022461,239.52207946777344,122.35790252685548,142.39645385742188,Russia / Ukraine Tensions,,,4.0113903706269625
2022-07-21,20220721,592,117.50662994384766,100.40994262695312,158.19784545898438,122.38247680664062,135.56129455566406,Russia / Ukraine Tensions,,,4.609261232503403
2022-07-22,20220722,660,125.4760513305664,40.02873992919922,200.3275451660156,122.52100372314452,126.05316925048828,Russia / Ukraine Tensions,,,3.689597694347636
2022-07-25,20220725,514,109.55962371826172,38.54907989501953,160.76870727539062,118.94043731689452,121.76663208007812,Russia / Ukraine Tensions,,,3.651932231891022
2022-07-26,20220726,556,160.8621063232422,154.42742919921875,178.34915161132812,121.77383422851562,123.1640853881836,Russia / Ukraine Tensions,,,5.039724272066746
2022-07-27,20220727,569,145.54339599609375,127.68394470214844,154.91058349609375,122.22528076171876,122.5896987915039,Russia / Ukraine Tensions,,,4.849558028447845
2022-07-28,20220728,621,106.68494415283205,95.72090911865234,124.1966323852539,119.08939361572266,121.0437469482422,Russia / Ukraine Tensions,,,4.5614367606826205
2022-07-29,20220729,631,68.24624633789062,52.33551788330078,87.30598449707031,115.30133056640624,112.86805725097656,Russia / Ukraine Tensions,,,3.957675258801992
2022-08-01,20220801,506,130.93153381347656,117.47565460205078,163.3105010986328,116.08748626708984,122.4907455444336,Russia / Ukraine Tensions,,,4.766231117240227
2022-08-02,20220802,567,204.4794921875,116.48576354980467,262.3337097167969,121.8966064453125,128.7218017578125,Russia / Ukraine Tensions,,,4.757769064249339
2022-08-03,20220803,583,210.2315673828125,124.61779022216795,264.58355712890625,126.22307586669922,137.9629669189453,Russia / Ukraine Tensions,,,4.8252513748305335
2022-08-04,20220804,578,212.0501708984375,148.54957580566406,285.9346618652344,129.6364288330078,153.01515197753906,Russia / Ukraine Tensions,,,5.000918746338495
2022-08-05,20220805,586,163.9325408935547,112.70892333984376,206.82281494140625,130.4678955078125,166.6846160888672,Russia / Ukraine Tensions,,,4.72480859572716
2022-08-08,20220808,511,149.09796142578125,103.40105438232422,204.8358917236328,134.76234436035156,169.86526489257812,Russia / Ukraine Tensions,,,4.638615159143463
2022-08-09,20220809,561,212.57118225097656,153.0510711669922,255.3194274902344,140.56410217285156,171.02122497558594,Russia / Ukraine Tensions,,,5.030771664171192
2022-08-10,20220810,575,80.65382385253906,68.91905975341797,86.22794342041016,139.4907989501953,152.51011657714844,Russia / Ukraine Tensions,,,4.232932768987126
2022-08-11,20220811,534,130.26951599121094,136.05274963378906,154.74740600585938,140.04515075683594,140.82716369628906,Russia / Ukraine Tensions,,,4.913042675490217
2022-08-12,20220812,617,182.54019165039065,160.56910705566406,205.360092163086,140.03414916992188,143.4853973388672,Russia / Ukraine Tensions,,,5.078724423455417
2022-08-15,20220815,510,110.41893005371094,90.65332794189452,108.01976013183594,136.1189422607422,135.50941467285156,Russia / Ukraine Tensions,,,4.507042648517003
2022-08-16,20220816,549,96.5411376953125,96.24397277832033,100.34622192382812,135.75582885742188,118.9336929321289,Russia / Ukraine Tensions,,,4.566886350722165
2022-08-17,20220817,573,156.08956909179688,138.3192138671875,173.0578155517578,136.6685028076172,129.71023559570312,Russia / Ukraine Tensions,,,4.929564157923282
2022-08-18,20220818,559,100.73998260498048,59.07641220092773,137.97157287597656,134.99050903320312,125.49172973632812,Russia / Ukraine Tensions,,,4.078831728008198
2022-08-19,20220819,563,117.67557525634766,129.04470825195312,146.77639770507812,133.92755126953125,116.22534942626952,Russia / Ukraine Tensions,,,4.860158919914759
2022-08-22,20220822,521,101.72952270507812,76.06229400634766,137.46084594726562,132.36273193359375,111.00051879882812,Russia / Ukraine Tensions,,,4.331552662528436
2022-08-23,20220823,547,145.3411865234375,144.89381408691406,171.21229553222656,134.23208618164062,117.97195434570312,Russia / Ukraine Tensions,,,4.976001157503788
2022-08-24,20220824,582,102.45054626464844,56.74177551269531,141.98472595214844,133.9951171875,110.30923461914062,Russia / Ukraine Tensions,,,4.03851072097246
2022-08-25,20220825,622,149.11880493164062,169.89691162109375,141.71080017089844,133.60366821289062,117.22049713134766,Russia / Ukraine Tensions,,,5.135191850885207
2022-08-26,20220826,612,108.25385284423828,86.33650207519531,135.0247039794922,132.36068725585938,115.8745346069336,Russia / Ukraine Tensions,,,4.458252475931559
2022-08-29,20220829,495,120.45700073242188,146.77206420898438,144.68099975585938,132.73226928710938,115.889404296875,Russia / Ukraine Tensions,,,4.988880799767474
2022-08-30,20220830,546,115.2725067138672,60.48299407958984,171.52587890625,132.40187072753906,111.59387969970705,Russia / Ukraine Tensions,,,4.102362235930155
2022-08-31,20220831,610,97.74789428710938,119.10192108154295,72.24928283691406,131.29576110839844,110.9220733642578,Russia / Ukraine Tensions,,,4.779979606218934
2022-09-05,20220905,434,83.9590835571289,45.654903411865234,101.54853057861328,118.31504821777344,107.50318908691406,Russia / Ukraine Tensions,,,3.821111014456937
2022-09-06,20220906,556,119.15711212158205,95.0322723388672,148.62429809570312,118.58575439453124,108.0581283569336,Russia / Ukraine Tensions,,,4.554216542742742
2022-09-07,20220907,613,124.28883361816406,86.19566345214844,170.7522735595703,117.7587890625,111.84969329833984,Russia / Ukraine Tensions,,,4.4566198684244425
2022-09-08,20220908,633,99.42936706542967,93.90628814697266,130.5452117919922,113.98739624023438,99.23786163330078,Russia / Ukraine Tensions,,,4.5422973503935005
2022-09-09,20220909,597,94.32772064208984,55.316104888916016,129.18946838378906,114.44319152832033,100.69486236572266,Russia / Ukraine Tensions,,,4.013064093777417
2022-09-12,20220912,503,111.95556640625,131.3070068359375,109.52301788330078,108.9697494506836,99.68982696533205,Russia / Ukraine Tensions,,,4.877538144971995
2022-09-13,20220913,551,132.26222229003906,143.84193420410156,179.9675750732422,109.3753890991211,101.5619888305664,Russia / Ukraine Tensions,,,4.968715017546844
2022-09-14,20220914,555,202.9320831298828,178.50656127929688,238.22735595703125,112.45915985107422,112.79673767089844,Russia / Ukraine Tensions,,,5.184625358411349
2022-09-15,20220915,589,95.6089096069336,156.98878479003906,56.11892318725586,112.42808532714844,112.25096130371094,Russia / Ukraine Tensions,,,5.056174368338396
2022-09-16,20220916,624,127.40645599365234,105.8452377319336,176.57077026367188,111.47198486328124,116.97649383544922,Russia / Ukraine Tensions,,,4.661978005845413
2022-09-19,20220919,488,122.18487548828124,67.67153930664062,158.04530334472656,111.89279174804688,124.39852142333984,Russia / Ukraine Tensions,,,4.214665697238864
2022-09-20,20220920,513,109.77320098876952,90.1231918334961,139.60447692871094,111.46231079101562,121.18580627441406,Russia / Ukraine Tensions,,,4.501177532530021
2022-09-21,20220921,611,189.75428771972656,162.14588928222656,261.4750061035156,114.39646911621094,119.3032684326172,Russia / Ukraine Tensions,,,5.088496481104357
2022-09-22,20220922,616,225.8568878173828,150.1077880859375,348.7845764160156,117.08032989501952,137.91012573242188,Russia / Ukraine Tensions,,,5.011353623275647
2022-09-23,20220923,635,187.7991180419922,93.61052703857422,277.6192932128906,119.92527770996094,146.5376434326172,Russia / Ukraine Tensions,,,4.53914284552029
2022-09-26,20220926,508,163.0200653076172,104.0116958618164,216.8900604248047,120.02265167236328,150.7527313232422,Russia / Ukraine Tensions,,,4.644503353027971
2022-09-27,20220927,595,155.8855438232422,99.90367126464844,240.7297515869141,121.75841522216795,157.3402099609375,Russia / Ukraine Tensions,,,4.604206434375145
2022-09-28,20220928,605,202.5867919921875,185.5878143310547,282.2797241210937,124.4960708618164,159.1734161376953,Russia / Ukraine Tensions,,,5.223528162652794
2022-09-29,20220929,591,156.9405975341797,122.930908203125,186.43003845214844,125.885009765625,149.32823181152344,Russia / Ukraine Tensions,,,4.811622475621738
2022-09-30,20220930,631,162.7410430908203,104.67103576660156,226.9955596923828,128.05145263671875,145.74850463867188,Russia / Ukraine Tensions,,,4.650822439361938
2022-10-03,20221003,508,123.89524841308594,91.0102310180664,195.20106506347656,128.37982177734375,153.94662475585938,Russia / Ukraine Tensions,,,4.51097192896717
2022-10-04,20221004,585,164.21275329589844,90.3212661743164,254.26190185546875,131.65618896484375,155.13621520996094,Russia / Ukraine Tensions,,,4.503372938502184
2022-10-05,20221005,600,171.14932250976562,121.08694458007812,229.5419921875,134.56253051757812,150.64515686035156,Russia / Ukraine Tensions,,,4.7965088378116905
2022-10-06,20221006,621,202.701400756836,148.89918518066406,257.2644348144531,137.3473358154297,157.1824188232422,Russia / Ukraine Tensions,,,5.003269467416186
2022-10-07,20221007,666,144.24093627929688,39.66812515258789,239.8817138671875,138.0124053955078,154.53953552246094,Russia / Ukraine Tensions,,,3.680547972320109
2022-10-10,20221010,514,193.3405303955078,256.9938659667969,203.64035034179688,142.95606994628906,158.04135131835938,Russia / Ukraine Tensions,,,5.549052216776904
2022-10-11,20221011,566,228.25112915039065,256.721435546875,233.5974884033203,148.33937072753906,167.189697265625,Russia / Ukraine Tensions,,,5.547991588663791
2022-10-12,20221012,619,181.95040893554688,149.38027954101562,258.0956726074219,150.6725311279297,168.7327117919922,Russia / Ukraine Tensions,,,5.00649526626882
2022-10-13,20221013,594,133.84112548828125,100.07186126708984,166.93963623046875,150.7251739501953,158.89552307128906,Russia / Ukraine Tensions,,,4.605888540580536
2022-10-14,20221014,630,147.22523498535156,94.3534698486328,183.6335906982422,148.86827087402344,159.3218536376953,Russia / Ukraine Tensions,,,4.547048047488435
2022-10-17,20221017,521,171.66856384277344,139.44754028320312,200.90431213378903,148.40660095214844,145.65574645996094,Russia / Ukraine Tensions,,,4.937688475217347
2022-10-18,20221018,565,128.9849395751953,58.44905090332031,195.0091247558593,150.3314971923828,131.474853515625,Russia / Ukraine Tensions,,,4.068155450032956
2022-10-19,20221019,579,160.19326782226562,148.29299926757812,190.2938690185547,151.59844970703125,128.36669921875,Russia / Ukraine Tensions,,,4.999190041472495
2022-10-20,20221020,580,159.91705322265625,148.03733825683594,180.4674835205078,153.26991271972656,132.09182739257812,Russia / Ukraine Tensions,,,4.997464527464636
2022-10-21,20221021,627,174.34567260742188,115.8726806640625,237.22999572753903,152.75628662109375,135.96617126464844,Russia / Ukraine Tensions,,,4.752492007841579
2022-10-24,20221024,531,93.57535552978516,37.3149299621582,124.49734497070312,143.8423309326172,125.38528442382812,Russia / Ukraine Tensions,,,3.61939351364626
2022-10-25,20221025,569,139.72164916992188,69.64579010009766,193.6382293701172,146.13148498535156,126.91910552978516,Russia / Ukraine Tensions,,,4.243422254753621
2022-10-26,20221026,596,133.39198303222656,110.8178253173828,138.64952087402344,145.14389038085938,123.09034729003906,Russia / Ukraine Tensions,,,4.7078876396893845
2022-10-27,20221027,624,180.4924774169922,201.1059417724609,220.7134552001953,145.96412658691406,126.02969360351562,Russia / Ukraine Tensions,,,5.30383184269946
2022-10-28,20221028,618,203.6853942871093,128.2474365234375,267.42755126953125,146.000732421875,130.22108459472656,Russia / Ukraine Tensions,,,4.853961495729768
2022-10-31,20221031,524,113.79048919677734,138.64918518066406,105.13373565673828,138.4058837890625,129.15736389160156,Russia / Ukraine Tensions,,,4.931946895237191
2022-11-01,20221101,605,136.88296508789062,163.7539520263672,127.48117065429688,138.94854736328125,128.7518310546875,Russia / Ukraine Tensions,,,5.098365008736295
2022-11-02,20221102,615,150.81610107421875,75.17593383789062,214.98565673828125,139.84591674804688,131.24099731445312,Russia / Ukraine Tensions,,,4.319831150984211
2022-11-03,20221103,657,186.55252075195312,120.63455963134766,251.5528717041016,140.590576171875,132.10671997070312,Russia / Ukraine Tensions,,,4.792765807348794
2022-11-04,20221104,686,115.8915786743164,115.53485870361328,136.52059936523438,138.74864196777344,119.5647430419922,Russia / Ukraine Tensions,,,4.749572291384981
2022-11-07,20221107,569,139.72164916992188,104.46868896484376,183.9563140869141,133.9837188720703,132.40428161621094,Russia / Ukraine Tensions,,,4.648887399377007
2022-11-08,20221108,631,225.7375640869141,146.53944396972656,305.5709533691406,138.24322509765625,145.09779357910156,Russia / Ukraine Tensions,,,4.987294634332143
2022-11-09,20221109,675,137.41021728515625,156.55685424804688,163.2298583984375,136.37889099121094,143.18267822265625,Russia / Ukraine Tensions,,,5.053419229937864
2022-11-10,20221110,675,98.15015411376952,127.20244598388672,81.61492919921875,132.0421905517578,130.5537567138672,Russia / Ukraine Tensions,,,4.84577988015421
2022-11-11,20221111,656,111.09221649169922,110.75025939941406,125.9681625366211,129.6802520751953,129.86813354492188,Russia / Ukraine Tensions,,,4.707277751129401
2022-11-14,20221114,526,188.92971801757807,163.23509216308594,198.9945831298828,126.6506805419922,122.14151763916016,Russia / Ukraine Tensions,,,5.09519144492444
2022-11-15,20221115,590,196.5082550048828,100.75031280517578,280.1190185546875,131.0598602294922,117.96589660644533,Russia / Ukraine Tensions,,,4.612645305587986
2022-11-16,20221116,602,170.58071899414062,164.5699920654297,183.02349853515625,131.0236053466797,122.7045440673828,Russia / Ukraine Tensions,,,5.103335963393337
2022-11-17,20221117,627,153.21286010742188,158.00819396972656,193.2985076904297,131.83120727539062,130.57064819335938,Russia / Ukraine Tensions,,,5.062646892250144
2022-11-18,20221118,682,77.71419525146484,67.79061889648438,88.8549575805664,129.08189392089844,125.80235290527344,Russia / Ukraine Tensions,,,4.216423821014481
2022-11-21,20221121,554,107.62855529785156,83.45343017578125,159.10491943359375,122.66004943847656,121.14289855957033,Russia / Ukraine Tensions,,,4.424288753826062
2022-11-22,20221122,598,105.24880981445312,143.58135986328125,119.76103973388672,124.42488861083984,108.1058349609375,Russia / Ukraine Tensions,,,4.966901842222592
2022-11-23,20221123,596,105.60198974609376,99.73604583740234,138.64952087402344,124.82577514648438,98.82315826416016,Russia / Ukraine Tensions,,,4.602527154629902
2022-11-24,20221124,499,46.46888732910156,39.70787048339844,44.16038131713867,121.71734619140624,83.57402038574219,Russia / Ukraine Tensions,,,3.68154941699652
2022-11-25,20221125,576,80.51380157470703,80.2659683227539,76.51399230957031,119.95474243164062,83.97396850585938,Russia / Ukraine Tensions,,,4.385345724430792
2022-11-28,20221128,527,87.9999008178711,25.06543731689453,146.34934997558594,113.3651885986328,86.51221466064453,Russia / Ukraine Tensions,,,3.221489897876032
2022-11-29,20221129,593,100.55011749267578,66.82707977294922,111.48076629638672,114.99156951904295,85.84097290039062,Russia / Ukraine Tensions,,,4.202108384218561
2022-11-30,20221130,609,81.59033203125,21.6904525756836,126.64385223388672,113.91822814941406,82.41073608398438,Russia / Ukraine Tensions,,,3.0768721902588854
2022-12-01,20221201,653,65.94698333740234,40.45784378051758,84.36458587646484,111.55369567871094,85.19332122802734,Russia / Ukraine Tensions,,,3.700260537697589
2022-12-02,20221202,668,109.09654235839844,138.42276000976562,123.70526885986328,110.1630401611328,89.27656555175781,Russia / Ukraine Tensions,,,4.930312480600609
2022-12-05,20221205,569,98.96951293945312,139.2915802001953,106.5010223388672,105.45441436767578,87.74102783203125,Russia / Ukraine Tensions,,,4.936569435313566
2022-12-06,20221206,643,139.096923828125,133.53289794921875,162.78561401367188,106.71940612792967,93.24771881103516,Russia / Ukraine Tensions,,,4.894347874068169
2022-12-07,20221207,624,127.40645599365234,74.09166717529297,150.08514404296875,106.30889892578124,99.79287719726562,Russia / Ukraine Tensions,,,4.305303072203918
2022-12-08,20221208,611,140.9603271484375,97.28752899169922,171.3112030029297,103.48299407958984,110.50907135009766,Russia / Ukraine Tensions,,,4.577670810285711
2022-12-09,20221209,593,117.3084716796875,55.68922805786133,176.51121520996094,102.81293487548828,111.68220520019533,Russia / Ukraine Tensions,,,4.019786736091633
2022-12-12,20221212,502,158.36978149414062,157.88229370117188,153.63766479492188,101.70120239257812,106.90362548828124,Russia / Ukraine Tensions,,,5.061849778819162
2022-12-13,20221213,586,152.62684631347656,146.52159118652344,150.4165802001953,105.25516510009766,108.8364715576172,Russia / Ukraine Tensions,,,4.987172797710528
2022-12-14,20221214,596,133.39198303222656,166.22674560546875,138.64952087402344,103.4039077758789,109.6915512084961,Russia / Ukraine Tensions,,,5.113352793695064
2022-12-15,20221215,585,73.61261749267578,45.1606330871582,84.75396728515625,99.30738830566406,100.07044982910156,Russia / Ukraine Tensions,,,3.8102257579422383
2022-12-16,20221216,570,98.7958755493164,127.45994567871094,96.64925384521484,96.91455841064452,97.42578887939452,Russia / Ukraine Tensions,,,4.847802163703027
2022-12-19,20221219,483,171.4579620361328,164.09298706054688,159.68138122558594,96.34850311279295,107.7633056640625,Russia / Ukraine Tensions,,,5.100433261415308
2022-12-20,20221220,549,132.74404907226562,132.33546447753906,130.45008850097656,98.76045989990234,104.92290496826172,Russia / Ukraine Tensions,,,4.885340096253682
2022-12-21,20221221,508,169.54087829589844,169.01901245117188,195.20106506347656,100.82420349121094,110.08702850341795,Russia / Ukraine Tensions,,,5.130011208306532
2022-12-22,20221222,500,159.0032501220703,184.93280029296875,165.2702178955078,102.61602020263672,122.2856903076172,Russia / Ukraine Tensions,,,5.219992517430464
2022-12-23,20221223,490,114.92581939697266,161.74879455566406,78.70011138916016,102.92681121826172,124.5899658203125,Russia / Ukraine Tensions,,,5.086044480838026
2022-12-26,20221226,256,64.6985855102539,51.599552154541016,64.55868530273438,102.8716278076172,113.695556640625,Russia / Ukraine Tensions,,,3.943512993274291
2022-12-27,20221227,361,146.81739807128906,128.06979370117188,152.6040802001953,104.91806030273438,115.7060317993164,Russia / Ukraine Tensions,,,4.852575378608011
2022-12-28,20221228,458,151.88629150390625,86.52501678466797,192.4544219970703,107.047607421875,113.18395233154295,Russia / Ukraine Tensions,,,4.460433583507728
2022-12-29,20221229,455,116.48590087890624,101.6114273071289,121.07709503173828,107.57880401611328,107.11003875732422,Russia / Ukraine Tensions,,,4.621156002315075
2022-12-30,20221230,441,150.22982788085938,194.6976318359375,112.42872619628906,109.86678314208984,112.15347290039062,Russia / Ukraine Tensions,,,5.271447749160564
2023-01-03,20230103,434,198.44876098632807,167.40130615234375,215.7906188964844,112.92108154296876,120.47259521484376,Russia / Ukraine Tensions,,,5.120393960607633
2023-01-04,20230104,527,94.28560638427734,100.26174926757812,94.08171844482422,112.76495361328124,112.24392700195312,Russia / Ukraine Tensions,,,4.607784258995923
2023-01-05,20230105,559,100.73998260498048,118.15282440185548,88.69601440429688,111.48638916015624,109.9945068359375,Russia / Ukraine Tensions,,,4.771978908568143
2023-01-06,20230106,560,88.7294921875,106.14765167236328,88.53762817382812,110.19715881347656,101.20874786376952,Russia / Ukraine Tensions,,,4.664831065175993
2023-01-09,20230109,500,86.12676239013672,52.83794403076172,99.1621322631836,106.83779907226562,98.06012725830078,Russia / Ukraine Tensions,,,3.967229569562574
2023-01-10,20230110,578,114.62171936035156,102.84201049804688,114.37386322021484,110.04337310791016,86.08483123779297,Russia / Ukraine Tensions,,,4.633193931973678
2023-01-11,20230111,563,129.44314575195312,82.1193618774414,156.56149291992188,109.07915496826172,91.10733795166016,Russia / Ukraine Tensions,,,4.408173821509745
2023-01-12,20230112,521,114.44572448730467,126.77049255371094,105.7391128540039,107.80644989013672,93.06529998779295,Russia / Ukraine Tensions,,,4.842378306355337
2023-01-13,20230113,575,103.69776916503906,80.40556335449219,124.55147552490234,106.81664276123048,95.20362854003906,Russia / Ukraine Tensions,,,4.3870833697423866
2023-01-16,20230116,433,107.10379791259766,152.5344696044922,114.50593566894533,106.74940490722656,101.04563903808594,Russia / Ukraine Tensions,,,5.027390600699882
2023-01-17,20230117,520,127.40645599365234,88.90999603271484,169.5079345703125,109.33834838867188,102.87203216552734,Russia / Ukraine Tensions,,,4.487624577511686
2023-01-18,20230118,604,76.7813720703125,65.61003112792969,100.32960510253906,106.18246459960938,95.3489227294922,Russia / Ukraine Tensions,,,4.183728597795474
2023-01-19,20230119,547,115.06175994873048,120.74484252929688,110.78443145751952,105.59305572509766,95.43692779541016,Russia / Ukraine Tensions,,,4.793679579647803
2023-01-27,20230127,576,120.77069091796876,171.99850463867188,86.0782470703125,100.22093963623048,92.61402893066406,Russia / Ukraine Tensions,,,5.14748578281445
2023-01-30,20230130,491,155.17120361328125,94.16130065917967,213.1795196533203,98.62165832519533,98.0256576538086,Russia / Ukraine Tensions,,,4.545009276144423
2023-01-31,20230131,603,148.3239288330078,153.3439483642578,146.17599487304688,102.41158294677734,106.35980987548828,Russia / Ukraine Tensions,,,5.032683426881403
2023-02-01,20230201,579,108.70256805419922,114.07154846191406,123.69100952148438,102.1332778930664,106.08689880371094,Russia / Ukraine Tensions,,,4.7368258696115975
2023-02-02,20230202,558,130.60302734375,118.36457061767578,167.83714294433594,99.87174987792967,114.531005859375,Russia / Ukraine Tensions,,,4.773769443022276
2023-02-03,20230203,598,116.32762908935548,99.40248107910156,128.97341918945312,100.60648345947266,113.8962860107422,Russia / Ukraine Tensions,,,4.599177073905361
2023-02-06,20230206,471,112.52884674072266,126.2052764892578,128.6604766845703,101.84825134277344,117.07733154296876,Russia / Ukraine Tensions,,,4.837909759766023
2023-02-07,20230207,528,138.02365112304688,125.08982849121094,166.93963623046875,105.4747543334961,115.60586547851562,Russia / Ukraine Tensions,,,4.829032107142577
2023-02-08,20230208,589,134.977294921875,67.2809066772461,187.0630798339844,107.10310363769533,119.3593978881836,Russia / Ukraine Tensions,,,4.208876491751745
2023-02-09,20230209,586,169.5853729248047,169.06336975097656,188.020751953125,108.93522644042967,124.92829895019533,Russia / Ukraine Tensions,,,5.130273613580479
2023-02-10,20230210,560,147.8824920654297,153.3243865966797,167.23773193359375,109.54987335205078,129.43614196777344,Russia / Ukraine Tensions,,,5.03255585083018
2023-02-13,20230213,510,110.41893005371094,142.45523071289062,86.41580963134766,108.5986557006836,125.0682601928711,Russia / Ukraine Tensions,,,4.959027779910979
2023-02-14,20230214,561,82.66657257080078,35.319480895996094,127.6597137451172,109.93402862548828,117.16010284423828,Russia / Ukraine Tensions,,,3.5644346784589014
2023-02-15,20230215,611,119.2741241455078,86.4778060913086,144.26206970214844,110.33970642089844,114.9167938232422,Russia / Ukraine Tensions,,,4.459887804037238
2023-02-16,20230216,590,134.74850463867188,123.13927459716795,149.39682006835938,110.58444213867188,109.94010162353516,Russia / Ukraine Tensions,,,4.813316028586778
2023-02-17,20230217,562,106.09647369384766,58.76105499267578,156.84007263183594,111.56161499023438,103.97067260742188,Russia / Ukraine Tensions,,,4.073479305410596
2023-02-20,20230220,431,146.02967834472656,76.62114715576172,204.51071166992188,110.04153442382812,112.97213745117188,Russia / Ukraine Tensions,,,4.338873111175063
2023-02-21,20230221,549,174.98080444335938,132.33546447753906,220.76168823242188,114.48966979980467,126.1598892211914,Russia / Ukraine Tensions,,,4.885340096253682
2023-02-22,20230222,573,150.3084716796875,149.84580993652344,173.0578155517578,116.57643127441406,130.59336853027344,Russia / Ukraine Tensions,,,5.009606831653508
2023-02-23,20230223,544,127.8748550415039,145.69285583496094,121.52223205566406,117.83943176269533,129.61141967773438,Russia / Ukraine Tensions,,,4.981500678608186
2023-02-24,20230224,597,110.97380065917967,88.5057601928711,147.6450958251953,117.8514633178711,130.3081817626953,Russia / Ukraine Tensions,,,4.483067636820919
2023-02-27,20230227,501,125.6263198852539,92.2818374633789,142.94830322265625,117.9207534790039,120.20256042480467,Russia / Ukraine Tensions,,,4.524847344934135
2023-02-28,20230228,541,146.95309448242188,146.50076293945312,162.9281463623047,120.97887420654295,116.19860076904295,Russia / Ukraine Tensions,,,4.987030636221399
2023-03-01,20230301,607,92.77371978759766,97.92863464355467,108.90953826904295,118.89896392822266,107.9793472290039,Russia / Ukraine Tensions,,,4.584238995468193
2023-03-02,20230302,573,121.40300750732422,149.84580993652344,115.37188720703124,118.00159454345705,107.05480194091795,Russia / Ukraine Tensions,,,5.009606831653508
2023-03-03,20230303,557,154.6261444091797,213.438705444336,128.57647705078125,119.53237915039062,113.29084777832033,Russia / Ukraine Tensions,,,5.363349697511789
2023-03-06,20230306,496,106.85701751708984,53.26405334472656,133.28244018554688,116.2669677734375,111.98815155029295,Russia / Ukraine Tensions,,,3.975261682347761
2023-03-07,20230307,513,161.43118286132812,90.1231918334961,204.03732299804688,118.85259246826172,114.05644989013672,Russia / Ukraine Tensions,,,4.501177532530021
2023-03-08,20230308,605,125.93231964111328,54.58464813232422,173.01014709472656,119.29937744140624,118.79338836669922,Russia / Ukraine Tensions,,,3.999752673477586
2023-03-09,20230309,584,147.4773406982422,79.16643524169922,198.097885131836,119.61449432373048,122.51829528808594,Russia / Ukraine Tensions,,,4.371552411539567
2023-03-10,20230310,584,113.44409942626952,67.85694122314453,141.4984893798828,118.89672088623048,116.63514709472656,Russia / Ukraine Tensions,,,4.217401683526517
2023-03-13,20230313,528,144.29745483398438,87.56288146972656,177.37335205078125,115.22836303710938,122.073486328125,Russia / Ukraine Tensions,,,4.472357180629938
2023-03-14,20230314,593,117.3084716796875,122.5163116455078,148.64102172851562,116.61272430419922,115.7702407836914,Russia / Ukraine Tensions,,,4.808244177410129
2023-03-15,20230315,586,101.751220703125,101.43802642822266,122.21348571777344,116.32379913330078,112.31580352783205,Russia / Ukraine Tensions,,,4.619448034941912
2023-03-16,20230316,646,112.81190490722656,163.58494567871094,119.39025115966795,117.32864379882812,107.36359405517578,Russia / Ukraine Tensions,,,5.097332400855848
2023-03-17,20230317,583,85.22901153564453,90.63111877441406,103.94354248046876,116.19380950927734,103.33287048339844,Russia / Ukraine Tensions,,,4.50679762840641
2023-03-20,20230320,493,94.06885528564452,80.38226318359375,111.7445831298828,112.40898895263672,90.16726684570312,Russia / Ukraine Tensions,,,4.386793544678348
2023-03-21,20230321,561,129.9046173095703,141.27792358398438,157.11964416503906,112.8984832763672,91.96671295166016,Russia / Ukraine Tensions,,,4.950729039578792
2023-03-22,20230322,550,114.43415832519533,48.03449249267578,170.27841186523438,111.84529876708984,93.778564453125,Russia / Ukraine Tensions,,,3.8719193464405457
2023-03-23,20230323,527,100.5713119506836,75.1963119506836,125.44230651855467,109.36498260498048,92.0299072265625,Russia / Ukraine Tensions,,,4.320102186544142
2023-03-24,20230324,593,72.6195297241211,55.68922805786133,83.6105728149414,106.77535247802734,90.22855377197266,Russia / Ukraine Tensions,,,4.019786736091633
2023-03-27,20230327,493,120.9456787109375,53.588172912597656,167.6168670654297,104.4856185913086,95.96236419677734,Russia / Ukraine Tensions,,,3.9813283891132296
2023-03-28,20230328,561,76.7618179321289,47.09263610839844,98.19977569580078,104.79090118408205,88.37053680419922,Russia / Ukraine Tensions,,,3.8521166429052025
2023-03-29,20230329,580,79.95852661132812,79.71240997314453,75.98631286621094,103.26863861083984,83.44544219970703,Russia / Ukraine Tensions,,,4.3784252822462975
2023-03-30,20230330,538,129.30096435546875,110.4882583618164,133.11727905273438,102.68023681640624,87.5496826171875,Russia / Ukraine Tensions,,,4.70490925614282
2023-03-31,20230331,586,90.4455337524414,45.08356475830078,122.21348571777344,102.60263061523438,90.09625244140624,Russia / Ukraine Tensions,,,3.808517762316303
2023-04-03,20230403,509,84.60388946533203,64.87959289550781,97.40878295898438,96.04454040527344,79.57299041748047,Russia / Ukraine Tensions,,,4.1725331350573205
2023-04-04,20230404,527,119.4284439086914,75.1963119506836,146.34934997558594,98.02394104003906,85.66822814941406,Russia / Ukraine Tensions,,,4.320102186544142
2023-04-05,20230405,562,117.88497161865234,105.7698974609375,147.03756713867188,98.39154052734376,91.08628845214844,Russia / Ukraine Tensions,,,4.661265955886315
2023-04-06,20230406,534,173.69268798828125,123.68431091308594,226.9628753662109,98.80025482177734,97.42796325683594,Russia / Ukraine Tensions,,,4.817732439609151
2023-04-07,20230407,490,169.00856018066406,134.79066467285156,224.85745239257807,100.2361297607422,108.65125274658205,Russia / Ukraine Tensions,,,4.9037229429113385
2023-04-10,20230410,464,142.78309631347656,56.93743515014648,201.83865356445312,97.12010192871094,118.81044006347656,Russia / Ukraine Tensions,,,4.041953036053934
2023-04-11,20230411,500,92.75189971923828,52.83794403076172,110.1801528930664,97.6213607788086,114.99950408935548,Russia / Ukraine Tensions,,,3.967229569562574
2023-04-12,20230412,527,119.4284439086914,112.7944564819336,114.98876953125,96.79238891601562,115.22000122070312,Russia / Ukraine Tensions,,,4.725567193192611
2023-04-13,20230413,525,126.19306182861328,75.48277282714844,167.89356994628906,97.08854675292967,108.43434143066406,Russia / Ukraine Tensions,,,4.323904455744368
2023-04-14,20230414,553,119.80353546142578,47.77390670776367,169.3546600341797,97.69029235839844,101.4050521850586,Russia / Ukraine Tensions,,,3.866479605673253
2023-04-17,20230417,470,91.62421417236328,98.3685073852539,93.77033996582033,95.52400207519533,97.02478790283205,Russia / Ukraine Tensions,,,4.588720705934443
2023-04-18,20230418,496,106.85701751708984,146.47613525390625,88.8549575805664,98.017333984375,99.03980255126952,Russia / Ukraine Tensions,,,4.986862515896849
2023-04-19,20230419,545,158.03074645996094,169.66310119628906,151.6240692138672,100.1493911743164,104.55441284179688,Russia / Ukraine Tensions,,,5.133814713101422
2023-04-20,20230420,554,95.6698226928711,107.2972640991211,79.55245971679688,99.00823211669922,100.19395446777344,Russia / Ukraine Tensions,,,4.6756031516333065
2023-04-21,20230421,544,140.05340576171875,97.12857055664062,162.02963256835938,99.86221313476562,103.0867919921875,Russia / Ukraine Tensions,,,4.576035570500022
2023-04-24,20230424,457,159.4671630859375,86.71434783935547,204.9302673339844,100.2599105834961,112.4779052734375,Russia / Ukraine Tensions,,,4.462619358438011
2023-04-25,20230425,533,180.23350524902344,173.48292541503906,165.3735809326172,105.21273803710938,122.96026611328124,Russia / Ukraine Tensions,,,5.156079181950642
2023-04-26,20230426,566,105.3466796875,116.69156646728516,97.33229064941406,104.6927719116211,115.43396759033205,Russia / Ukraine Tensions,,,4.759534269905521
2023-04-27,20230427,562,117.88497161865234,164.53094482421875,88.22254180908203,106.06353759765624,118.60755920410156,Russia / Ukraine Tensions,,,5.103098666947066
2023-04-28,20230428,562,117.88497161865234,117.52210998535156,107.82755279541016,107.3277587890625,115.44064331054688,Russia / Ukraine Tensions,,,4.766626485970542
2023-05-04,20230504,533,118.0840301513672,136.30799865722656,103.35848999023438,109.45883178710938,100.21949005126952,Russia / Ukraine Tensions,,,4.914917021186261
2023-05-05,20230505,570,69.73827362060547,23.174535751342773,106.3141860961914,107.85394287109376,93.34139251708984,Russia / Ukraine Tensions,,,3.1430540789467507
2023-05-08,20230508,448,51.75886917114258,58.97091674804688,49.18756866455078,100.4626007080078,85.74284362792969,Russia / Ukraine Tensions,,,4.077044385898814
2023-05-09,20230509,484,116.35051727294922,150.1077880859375,102.44022369384766,102.87359619140624,91.359130859375,Russia / Ukraine Tensions,,,5.011353623275647
2023-05-10,20230510,559,118.51763153076172,70.89169311523438,147.82667541503906,102.0647430419922,86.9294204711914,Russia / Ukraine Tensions,,,4.261153263278067
2023-05-11,20230511,555,137.27757263183594,71.40262603759766,178.67051696777344,103.54893493652344,89.67135620117188,Russia / Ukraine Tensions,,,4.2683346479072615
2023-05-12,20230512,657,146.2168426513672,100.52880096435548,184.4720916748047,104.44187927246094,100.59686279296876,Russia / Ukraine Tensions,,,4.61044426320361
2023-05-15,20230515,512,135.86703491210938,116.09899139404295,150.63693237304688,103.28884887695312,116.72518157958984,Russia / Ukraine Tensions,,,4.754443201276299
2023-05-16,20230516,554,137.52537536621094,143.06301879882812,119.32868957519533,106.47088623046876,119.75016021728516,Russia / Ukraine Tensions,,,4.963285224085087
2023-05-17,20230517,593,89.37788391113281,11.137845993041992,139.3509521484375,106.39600372314452,115.58733367919922,Russia / Ukraine Tensions,,,2.410348857907398
2023-05-18,20230518,582,125.21733856201172,102.13519287109376,151.45037841796875,107.00801849365234,113.86444854736328,Russia / Ukraine Tensions,,,4.626297355994988
2023-05-19,20230519,659,160.85305786132812,140.31320190429688,158.8332977294922,107.1020965576172,115.95533752441406,Russia / Ukraine Tensions,,,4.94387708036003
2023-05-22,20230522,508,78.2496337890625,39.00438690185547,108.44503021240234,104.78189086914062,107.1276626586914,Russia / Ukraine Tensions,,,3.6636741244666817
2023-05-23,20230523,541,183.6913604736328,146.50076293945312,213.8431854248047,109.02278900146484,113.7228012084961,Russia / Ukraine Tensions,,,4.987030636221399
2023-05-24,20230524,575,115.21974182128906,80.40556335449219,153.29412841796875,107.5478744506836,117.41449737548828,Russia / Ukraine Tensions,,,4.3870833697423866
2023-05-25,20230525,561,106.28559112548828,117.7315902709961,137.4796905517578,105.08294677734376,114.7099609375,Russia / Ukraine Tensions,,,4.768407374779358
2023-05-26,20230526,594,61.34384536743164,55.59547805786133,64.92096710205078,103.6161880493164,100.49435424804688,Russia / Ukraine Tensions,,,4.018101868054501
2023-05-29,20230529,442,44.966983795166016,44.82857131958008,49.85527420043945,99.22825622558594,90.53185272216795,Russia / Ukraine Tensions,,,3.802845688812327
2023-05-30,20230530,506,111.29180908203124,65.26425170898438,141.5357666015625,100.55973052978516,80.18905639648438,Russia / Ukraine Tensions,,,4.178444439349213
2023-05-31,20230531,528,219.58306884765625,137.5988006591797,281.7106018066406,104.39225006103516,95.09810638427734,Russia / Ukraine Tensions,,,4.924342209321575
2023-06-01,20230601,563,182.39715576171875,140.7760467529297,225.05715942382807,107.9042739868164,105.97118377685548,Russia / Ukraine Tensions,,,4.947170306758072
2023-06-02,20230602,588,129.57322692871094,123.55810546875,159.27403259277344,107.23919677734376,115.7182388305664,Russia / Ukraine Tensions,,,4.816711535047998
2023-06-05,20230605,464,107.08731079101562,42.70307922363281,142.47433471679688,106.73963928222656,129.59031677246094,Russia / Ukraine Tensions,,,3.7542710306002034
2023-06-06,20230606,546,133.4734344482422,133.06259155273438,131.16685485839844,109.7685775756836,132.75912475585938,Russia / Ukraine Tensions,,,4.890819630696557
2023-06-07,20230607,582,142.2924346923828,158.87696838378906,123.05343627929688,112.78636169433594,121.71759796142578,Russia / Ukraine Tensions,,,5.06813011894531
2023-06-08,20230608,589,78.73674774169922,78.49439239501953,84.17838287353516,111.5325698852539,106.90896606445312,Russia / Ukraine Tensions,,,4.36302718777845
2023-06-09,20230609,619,96.3266830444336,53.35010147094727,124.59790802001952,110.7928695678711,102.15946197509766,Russia / Ukraine Tensions,,,3.976875879731845
2023-06-12,20230612,504,65.72555541992188,65.52323913574219,54.6528549194336,106.52091217041016,99.28394317626952,Russia / Ukraine Tensions,,,4.182404875681531
2023-06-13,20230613,558,77.17451477050781,59.18228530883789,108.60050964355467,106.6259307861328,91.24124145507812,Russia / Ukraine Tensions,,,4.080622262462331
2023-06-14,20230614,597,72.13296508789062,77.44254302978516,73.82254791259766,104.50146484375,81.21846008300781,Russia / Ukraine Tensions,,,4.349536281140211
2023-06-15,20230615,544,158.32125854492188,133.55178833007812,182.28335571289065,105.19465637207033,92.58767700195312,Russia / Ukraine Tensions,,,4.894489330181988
2023-06-16,20230616,654,111.43194580078124,90.89095306396484,117.92982482910156,105.92979431152344,94.74556732177734,Russia / Ukraine Tensions,,,4.509660469981355
2023-06-19,20230619,461,107.78419494628906,100.28893280029295,107.5511245727539,102.6322250366211,100.66370391845705,Russia / Ukraine Tensions,,,4.6080553479057285
2023-06-20,20230620,580,142.78309631347656,102.48738098144533,180.4674835205078,105.38404846191406,110.03636169433594,Russia / Ukraine Tensions,,,4.629739678623369
2023-06-21,20230621,544,127.8748550415039,72.84642791748047,162.02963256835938,107.03822326660156,117.9994888305664,Russia / Ukraine Tensions,,,4.288353498048242
2023-06-22,20230622,536,154.50408935546875,98.5782470703125,185.0039978027344,106.06531524658205,117.45417785644533,Russia / Ukraine Tensions,,,4.5908506193207215
2023-06-23,20230623,571,46.4107551574707,46.26789855957031,38.59199523925781,103.7716827392578,108.16543579101562,Russia / Ukraine Tensions,,,3.834448384977443
2023-06-26,20230626,469,169.5130615234375,140.82606506347656,211.43313598632807,108.6528778076172,124.47879028320312,Russia / Ukraine Tensions,,,4.947525547780593
2023-06-27,20230627,560,118.30599212646484,94.3534698486328,167.23773193359375,111.37967681884766,120.98206329345705,Russia / Ukraine Tensions,,,4.547048047488435
2023-06-28,20230628,602,82.5390625,109.71332550048828,82.36058044433594,112.632080078125,114.50552368164062,Russia / Ukraine Tensions,,,4.6978708321053855
2023-06-29,20230629,548,120.89662170410156,72.314697265625,160.84693908691406,112.95223999023438,109.70445251464844,Russia / Ukraine Tensions,,,4.281027390188024
2023-06-30,20230630,613,102.6733856201172,86.19566345214844,125.81746673583984,109.05525207519533,117.74197387695312,Russia / Ukraine Tensions,,,4.4566198684244425
2023-07-03,20230703,511,45.37763977050781,38.77539825439453,53.90418243408203,101.9503402709961,91.7503662109375,Russia / Ukraine Tensions,,,3.657785979916228
2023-07-04,20230704,452,109.93034362792967,116.89810180664062,109.69263458251952,104.3418426513672,90.55384063720705,Russia / Ukraine Tensions,,,4.761302630592901
2023-07-05,20230705,553,89.85264587402344,95.54781341552734,109.58242797851562,103.7673568725586,91.59864044189452,Russia / Ukraine Tensions,,,4.559626786233198
2023-07-06,20230706,518,172.6627960205078,140.25515747070312,202.06784057617188,105.07366943359376,98.99380493164062,Russia / Ukraine Tensions,,,4.943463317136328
2023-07-07,20230707,577,120.56138610839844,171.70040893554688,85.92906188964844,104.34929656982422,101.54923248291016,Russia / Ukraine Tensions,,,5.145751149586947
2023-07-10,20230710,503,138.2980499267578,105.04560089111328,164.28451538085938,104.3726806640625,109.41638946533205,Russia / Ukraine Tensions,,,4.654394550080171
2023-07-11,20230711,539,141.3526153564453,134.79066467285156,122.64952087402344,106.37476348876952,113.90528869628906,Russia / Ukraine Tensions,,,4.9037229429113385
2023-07-12,20230712,538,203.187240600586,110.4882583618164,255.99478149414065,110.95681762695312,130.095947265625,Russia / Ukraine Tensions,,,4.70490925614282
2023-07-13,20230713,576,80.51380157470703,57.33283615112305,95.64249420166016,111.06813049316406,116.93180084228516,Russia / Ukraine Tensions,,,4.048873516325005
2023-07-14,20230714,569,151.36514282226562,104.46868896484376,193.6382293701172,113.7092056274414,121.33233642578124,Russia / Ukraine Tensions,,,4.648887399377007
2023-07-17,20230717,508,110.8536376953125,91.0102310180664,119.28954315185548,108.51982879638672,111.94223022460938,Russia / Ukraine Tensions,,,4.51097192896717
2023-07-18,20230718,525,151.43167114257812,138.3850860595703,167.89356994628906,110.74434661865234,113.38209533691406,Russia / Ukraine Tensions,,,4.930040277691892
2023-07-19,20230719,614,188.8271484375,139.83982849121094,260.19744873046875,113.4457778930664,111.33065032958984,Russia / Ukraine Tensions,,,4.94049768544202
2023-07-20,20230720,545,127.64022827148438,145.42552185058594,141.5157928466797,112.94100952148438,118.06299591064452,Russia / Ukraine Tensions,,,4.979664078242069
2023-07-21,20230721,560,112.39069366455078,106.14765167236328,127.88768005371094,112.42487335205078,112.49522399902344,Russia / Ukraine Tensions,,,4.664831065175993
2023-07-24,20230724,485,143.43077087402344,163.4163055419922,159.0229034423828,109.87128448486328,115.66832733154295,Russia / Ukraine Tensions,,,5.096300966565979
2023-07-25,20230725,483,61.7248649597168,54.697662353515625,68.43487548828125,107.75597381591795,102.8530731201172,Russia / Ukraine Tensions,,,4.001820972747198
2023-07-26,20230726,591,84.0753173828125,55.877685546875,93.21501922607422,104.90804290771484,87.8885269165039,Russia / Ukraine Tensions,,,4.023165115257468
2023-07-27,20230727,550,132.50270080566406,60.043113708496094,190.3111724853516,105.38127136230467,88.58316040039062,Russia / Ukraine Tensions,,,4.095062865988438
2023-07-28,20230728,610,130.33053588867188,97.447021484375,162.56088256835938,106.9743194580078,91.14599609375,Russia / Ukraine Tensions,,,4.5793088609341295
2023-07-31,20230731,472,154.3993377685547,111.94478607177734,175.07440185546875,103.9661636352539,92.14192199707033,Russia / Ukraine Tensions,,,4.718005768237775
2023-08-01,20230801,510,116.9141616821289,103.60381317138672,140.42568969726562,105.54913330078124,100.02610778808594,Russia / Ukraine Tensions,,,4.640574135821651
2023-08-02,20230802,524,132.7555694580078,138.64918518066406,147.18722534179688,108.46173095703124,106.98043060302734,Russia / Ukraine Tensions,,,4.931946895237191
2023-08-03,20230803,560,88.7294921875,106.14765167236328,88.53762817382812,107.75503540039062,100.72711944580078,Russia / Ukraine Tensions,,,4.664831065175993
2023-08-04,20230804,555,119.37181091308594,95.20349884033205,119.11367797851562,108.73900604248048,99.16158294677734,Russia / Ukraine Tensions,,,4.556016693646458
2023-08-07,20230807,479,117.56503295898438,96.5202407836914,115.0105972290039,105.1815185546875,100.42105102539062,Russia / Ukraine Tensions,,,4.56975273540448
2023-08-08,20230808,520,108.29548645019533,88.90999603271484,127.13095092773438,106.2602767944336,99.18981170654295,Russia / Ukraine Tensions,,,4.487624577511686
2023-08-09,20230809,564,105.72024536132812,93.68428802490234,97.6774444580078,105.17434692382812,95.32762145996094,Russia / Ukraine Tensions,,,4.539930491351452
2023-08-10,20230810,531,131.0054931640625,124.38309478759766,145.2469024658203,104.8294448852539,101.36705017089844,Russia / Ukraine Tensions,,,4.823366277080281
2023-08-11,20230811,605,142.3582763671875,76.41851043701172,200.3275451660156,102.80181121826172,104.6508331298828,Russia / Ukraine Tensions,,,4.336224950033598
2023-08-14,20230814,461,114.96981048583984,143.26991271972656,119.50125122070312,102.71250915527344,111.76070404052734,Russia / Ukraine Tensions,,,4.964730352703773
2023-08-15,20230815,549,114.6426010131836,72.18297576904297,140.48471069335938,105.51467895507812,112.6674346923828,Russia / Ukraine Tensions,,,4.279204225422783
2023-08-16,20230816,563,100.02424621582033,105.58203125,127.20621490478516,105.15370178222656,111.85372161865234,Russia / Ukraine Tensions,,,4.659488198176117
2023-08-17,20230817,571,116.02689361572266,69.40184783935547,154.36798095703125,103.97354125976562,109.71392059326172,Russia / Ukraine Tensions,,,4.239913493085608
2023-08-18,20230818,599,77.42227935791016,33.0788459777832,110.36409759521484,100.26004028320312,100.43734741210938,Russia / Ukraine Tensions,,,3.4988939837483937
2023-08-21,20230821,477,97.22421264648438,83.07852172851562,103.94354248046876,99.54090881347656,94.72705078125,Russia / Ukraine Tensions,,,4.419786205500013
2023-08-22,20230822,531,81.09864044189453,62.19154739379883,82.99822998046875,100.59615325927734,89.93505859375,Russia / Ukraine Tensions,,,4.130219096520336
2023-08-23,20230823,549,126.71024322509766,96.24397277832033,130.45008850097656,100.03880310058594,93.74734497070312,Russia / Ukraine Tensions,,,4.566886350722165
2023-08-24,20230824,538,61.5718879699707,49.10589218139648,71.67854309082031,100.03369903564452,85.96805572509766,Russia / Ukraine Tensions,,,3.8939790312950366
2023-08-25,20230825,576,40.25690078735352,11.466567039489746,66.94974517822266,98.57308959960938,80.6587142944336,Russia / Ukraine Tensions,,,2.4394355872569067
2023-08-28,20230828,483,75.4415054321289,68.37207794189453,79.84069061279297,94.19383239746094,73.28363800048828,Russia / Ukraine Tensions,,,4.224964524061408
2023-08-29,20230829,487,115.63378143310548,40.68629837036133,169.6819610595703,97.71267700195312,78.21722412109375,Russia / Ukraine Tensions,,,3.705891386392555
2023-08-30,20230830,568,163.29559326171875,116.28068542480467,213.37705993652344,98.00921630859376,83.4437026977539,Russia / Ukraine Tensions,,,4.756006970279465
2023-08-31,20230831,536,117.42311096191406,110.9005355834961,102.77999114990234,98.02618408203124,91.42245483398438,Russia / Ukraine Tensions,,,4.708633723772037
2023-09-05,20230905,544,121.78558349609376,24.28214263916016,182.28335571289065,94.78469848632812,93.1346435546875,Russia / Ukraine Tensions,,,3.189741209380132
2023-09-06,20230906,562,76.62522888183594,47.00884246826172,88.22254180908203,93.4200439453125,80.75315856933594,Russia / Ukraine Tensions,,,3.850335721636985
2023-09-07,20230907,536,80.34212493896484,61.61140441894531,92.5019989013672,92.48826599121094,75.45587921142578,Russia / Ukraine Tensions,,,4.120846990074986
2023-09-08,20230908,620,80.14276123046875,95.87529754638672,88.8549575805664,91.63568115234376,76.40670013427734,Russia / Ukraine Tensions,,,4.563048363165126
2023-09-11,20230911,496,93.49989318847656,39.94804000854492,122.17556762695312,83.69892120361328,73.34725952148438,Russia / Ukraine Tensions,,,3.68757960989598
2023-09-12,20230912,502,164.96852111816406,65.78429412841797,230.4564971923828,87.17448425292969,79.51625061035156,Russia / Ukraine Tensions,,,4.18638111878255
2023-09-13,20230913,639,134.78366088867188,31.00818252563477,198.289794921875,87.83495330810547,87.82459259033203,Russia / Ukraine Tensions,,,3.434251122095661
2023-09-14,20230914,580,119.93779754638672,102.48738098144533,123.4777603149414,88.01145935058594,93.48111724853516,Russia / Ukraine Tensions,,,4.629739678623369
2023-09-15,20230915,621,106.68494415283205,85.08525085449219,133.06781005859375,88.23348236083984,97.27285766601562,Russia / Ukraine Tensions,,,4.443653705100092
2023-09-18,20230918,491,114.6917495727539,94.16130065917967,168.29962158203125,86.59942626953125,112.12146759033205,Russia / Ukraine Tensions,,,4.545009276144423
2023-09-19,20230919,543,207.4167633056641,97.30744171142578,314.51055908203125,92.05661010742188,118.1855010986328,Russia / Ukraine Tensions,,,4.577875468399167
2023-09-20,20230920,575,190.11257934570312,206.7571563720703,258.683837890625,95.15288543701172,126.08963012695312,Russia / Ukraine Tensions,,,5.331544946954438
2023-09-21,20230921,610,162.9131622314453,108.2744598388672,225.77899169921875,97.88003540039062,132.22897338867188,Russia / Ukraine Tensions,,,4.684669298299211
2023-09-22,20230922,604,131.62521362304688,109.35003662109376,164.17572021484375,98.04386901855467,135.7918701171875,Russia / Ukraine Tensions,,,4.694554082020698
2023-09-25,20230925,482,109.96076202392578,41.10835647583008,171.442138671875,99.9970703125,134.06680297851562,Russia / Ukraine Tensions,,,3.716211421415169
2023-09-26,20230926,530,81.25166320800781,24.92355728149414,114.33789825439452,101.30775451660156,116.04322052001952,Russia / Ukraine Tensions,,,3.215813431785256
2023-09-27,20230927,555,101.4660415649414,47.601749420166016,138.96595764160156,102.17523956298828,103.37942504882812,Russia / Ukraine Tensions,,,3.862869513086513
2023-09-28,20230928,566,64.37852478027344,58.34578323364258,68.13260650634766,100.46672821044922,89.30305480957031,Russia / Ukraine Tensions,,,4.066387089345576
2023-09-29,20230929,575,86.41481018066406,91.89207458496094,76.64706420898438,97.90403747558594,82.84442138671875,Russia / Ukraine Tensions,,,4.520614786088509
2023-10-02,20231002,522,63.45914840698242,37.958290100097656,84.42923736572266,95.7406768798828,74.07111358642578,Russia / Ukraine Tensions,,,3.63648792794577
2023-10-03,20231003,557,107.04885864257812,83.00394439697266,148.35748291015625,98.76368713378906,77.75642395019531,Russia / Ukraine Tensions,,,4.418888129522515
2023-10-04,20231004,595,61.24074935913086,66.60244750976562,64.81185913085938,97.45120239257812,72.00995635986328,Russia / Ukraine Tensions,,,4.1987413262669815
2023-10-05,20231005,549,54.304386138916016,36.09148788452149,70.24235534667969,95.20182800292967,70.57079315185547,Russia / Ukraine Tensions,,,3.5860570448628377
2023-10-06,20231006,575,161.30764770507812,91.89207458496094,220.3603057861328,98.02457427978516,81.26976776123047,Russia / Ukraine Tensions,,,4.520614786088509
2023-10-09,20231009,496,227.07118225097656,279.63629150390625,211.0305328369141,103.09011840820312,105.82623291015624,Russia / Ukraine Tensions,,,5.633489799876211
2023-10-10,20231010,537,259.08349609375,282.8847045898437,297.5069274902344,111.17276000976562,127.54546356201172,Russia / Ukraine Tensions,,,5.645039410355398
2023-10-11,20231011,573,265.9303894042969,265.11181640625,278.8153991699219,116.92044067382812,156.78684997558594,Russia / Ukraine Tensions,,,5.580151685693732
2023-10-12,20231012,547,218.0117645263672,229.4151763916016,221.56886291503903,118.68854522705078,180.17361450195312,Russia / Ukraine Tensions,,,5.435533359401513
2023-10-13,20231013,588,287.3145446777344,292.04644775390625,318.5480651855469,123.77291107177734,198.17459106445312,Russia / Ukraine Tensions,,,5.676912857268729
2023-10-16,20231016,502,290.3445739746094,381.54888916015625,296.3012084960937,135.59854125976562,241.59912109375,Russia / Ukraine Tensions,,,5.9442389923440535
2023-10-17,20231017,543,274.5221862792969,267.595458984375,324.65606689453125,142.605224609375,243.80465698242188,Russia / Ukraine Tensions,,,5.589476358694452
2023-10-18,20231018,567,333.0094299316406,349.457275390625,359.49432373046875,149.88247680664062,253.3873748779297,Russia / Ukraine Tensions,,,5.856381309253202
2023-10-19,20231019,567,338.8517150878906,430.997314453125,330.3461303710937,154.26364135742188,270.65020751953125,Russia / Ukraine Tensions,,,6.066101859117108
2023-10-20,20231020,599,298.6288146972656,363.8672790527344,331.09228515625,157.880859375,272.2665405273437,Russia / Ukraine Tensions,,,5.896789183160446
2023-10-23,20231023,466,312.774658203125,467.71783447265625,307.3695373535156,168.0440216064453,273.4953308105469,Russia / Ukraine Tensions,,,6.147865196296156
2023-10-24,20231024,530,250.005111694336,286.62091064453125,249.4644927978516,174.1636199951172,269.9928894042969,Russia / Ukraine Tensions,,,5.658160473809064
2023-10-25,20231025,589,208.0899810791016,224.2696990966797,224.47569274902344,177.43458557128906,252.1472625732422,Russia / Ukraine Tensions,,,5.412849341436132
2023-10-26,20231026,531,168.43563842773438,223.8895721435547,155.62168884277344,180.3407287597656,227.80210876464844,Russia / Ukraine Tensions,,,5.41115294879772
2023-10-27,20231027,605,251.86463928222656,283.8401794433594,236.750732421875,185.35400390625,221.1215209960937,Russia / Ukraine Tensions,,,5.648411331319998
2023-10-30,20231030,516,205.43055725097656,191.9983367919922,213.5274200439453,194.6456756591797,198.64212036132807,Russia / Ukraine Tensions,,,5.257486709448554
2023-10-31,20231031,539,172.08143615722656,208.3128356933593,173.75347900390625,199.08267211914065,187.5101776123047,Russia / Ukraine Tensions,,,5.339040967555934
2023-11-01,20231101,579,251.7322540283203,262.36456298828125,247.38201904296875,205.3584442138672,193.74478149414065,Russia / Ukraine Tensions,,,5.569734998362574
2023-11-02,20231102,528,219.58306884765625,287.7065734863281,198.2407989501953,209.10958862304688,201.0515594482422,Russia / Ukraine Tensions,,,5.66194111870221
2023-11-03,20231103,606,174.9210662841797,261.573974609375,109.0892562866211,212.89892578125,190.0596160888672,Russia / Ukraine Tensions,,,5.566717129195871
2023-11-06,20231106,489,182.9025115966797,229.6127319335937,146.45623779296875,218.3437347412109,178.7738800048828,Russia / Ukraine Tensions,,,5.436394115580415
2023-11-07,20231107,567,140.21450805664062,174.7286376953125,106.87669372558594,220.49530029296875,174.22146606445312,Russia / Ukraine Tensions,,,5.163234128693257
2023-11-08,20231108,550,132.50270080566406,204.14659118652344,120.19652557373048,217.343017578125,157.1886749267578,Russia / Ukraine Tensions,,,5.318838320033836
2023-11-09,20231109,559,201.4799652099609,259.93621826171875,177.39202880859375,215.4228973388672,154.60250854492188,Russia / Ukraine Tensions,,,5.5604362865430295
2023-11-10,20231110,604,180.9846649169922,229.6351013183593,164.17572021484375,212.59136962890625,155.46873474121094,Russia / Ukraine Tensions,,,5.436491533066851
2023-11-13,20231113,455,131.046630859375,159.6750946044922,84.75396728515625,202.5760040283203,153.726318359375,Russia / Ukraine Tensions,,,5.073141091929032
2023-11-14,20231114,514,148.2277374267578,141.3466339111328,160.76870727539062,202.36785888671875,154.87106323242188,Russia / Ukraine Tensions,,,4.951215269997769
2023-11-15,20231115,558,130.60302734375,94.691650390625,148.0915985107422,197.04315185546875,154.59967041015625,Russia / Ukraine Tensions,,,4.550625827251323
2023-11-16,20231116,601,170.8645477294922,219.7917633056641,155.82882690429688,193.587890625,150.22604370117188,Russia / Ukraine Tensions,,,5.392680567680763
2023-11-17,20231117,554,149.48410034179688,178.82876586914062,119.32868957519533,187.4703826904297,145.72596740722656,Russia / Ukraine Tensions,,,5.18642873273617
2023-11-20,20231120,485,204.90109252929688,217.888427734375,227.17556762695312,171.77455139160156,145.32923889160156,Russia / Ukraine Tensions,,,5.38398313239148
2023-11-21,20231121,515,96.48255157470705,141.07217407226562,85.57682037353516,171.4852752685547,137.93707275390625,Russia / Ukraine Tensions,,,4.949271632268896
2023-11-22,20231122,571,191.44436645507807,127.23672485351562,231.551986694336,167.44093322753906,146.62869262695312,Russia / Ukraine Tensions,,,4.846049326637026
2023-11-23,20231123,472,175.45379638671875,223.8895721435547,128.3878936767578,164.9558868408203,147.2843017578125,Russia / Ukraine Tensions,,,5.41115294879772
2023-11-24,20231124,542,152.79371643066406,231.5315704345703,111.80642700195312,163.1126708984375,147.75709533691406,Russia / Ukraine Tensions,,,5.4447162375957605
2023-11-27,20231127,458,166.35165405273438,173.05003356933594,180.426010131836,155.9621124267578,142.21397399902344,Russia / Ukraine Tensions,,,5.153580764067673
2023-11-28,20231128,521,184.384765625,215.50982666015625,169.1825714111328,157.67063903808594,154.77142333984375,Russia / Ukraine Tensions,,,5.373006507855257
2023-11-29,20231129,597,88.7790298461914,143.8218536376953,55.36690902709961,153.78225708007812,140.10494995117188,Russia / Ukraine Tensions,,,4.968575406186029
2023-11-30,20231130,574,178.9017333984375,230.13040161132807,163.1587677001953,154.0095977783203,140.59751892089844,Russia / Ukraine Tensions,,,5.438646111787612
2023-12-01,20231201,559,94.81410217285156,106.33753967285156,88.69601440429688,148.77899169921875,132.31471252441406,Russia / Ukraine Tensions,,,4.666618371386232
2023-12-04,20231204,510,194.8569183349609,259.009521484375,151.2276611328125,144.6435089111328,139.2230987548828,Russia / Ukraine Tensions,,,5.556864823511749
2023-12-05,20231205,554,89.69046020507812,59.60959243774414,109.38462829589844,144.5347137451172,125.6953353881836,Russia / Ukraine Tensions,,,4.08781650806275
2023-12-06,20231206,631,131.24276733398438,177.94076538085938,113.4977798461914,142.81271362304688,131.76158142089844,Russia / Ukraine Tensions,,,5.18145071614973
2023-12-07,20231207,563,194.16470336914065,175.9700469970703,215.2720642089844,144.61105346679688,133.94200134277344,Russia / Ukraine Tensions,,,5.170313793037967
2023-12-08,20231208,561,153.5236358642578,188.3705444335937,137.4796905517578,145.31175231933594,142.32908630371094,Russia / Ukraine Tensions,,,5.238411004025093
2023-12-11,20231211,517,153.77490234375,140.52642822265625,149.18008422851562,139.9889373779297,136.12332153320312,Russia / Ukraine Tensions,,,4.945395572313853
2023-12-12,20231212,554,167.4221954345703,166.9068603515625,178.9930419921875,141.2898712158203,147.2278594970703,Russia / Ukraine Tensions,,,5.117435934386007
2023-12-13,20231213,567,192.79495239257807,244.6201019287109,194.32125854492188,143.34814453125,156.02102661132812,Russia / Ukraine Tensions,,,5.499706402740967
2023-12-14,20231214,557,148.67898559570312,213.438705444336,118.68598175048828,143.36318969726562,149.5230712890625,Russia / Ukraine Tensions,,,5.363349697511789
2023-12-15,20231215,548,169.25527954101562,204.8916473388672,211.11160278320312,144.65159606933594,151.77044677734375,Russia / Ukraine Tensions,,,5.322481289840345
2023-12-18,20231218,529,144.02468872070312,237.22137451171875,83.31202697753906,141.5596923828125,145.34323120117188,Russia / Ukraine Tensions,,,5.468993774833221
2023-12-19,20231219,494,187.75686645507807,240.6586303710937,156.12571716308594,144.43276977539062,148.2481689453125,Russia / Ukraine Tensions,,,5.483379457857338
2023-12-20,20231220,576,143.77462768554688,229.3313446044922,95.64249420166016,142.3952178955078,141.24526977539062,Russia / Ukraine Tensions,,,5.435167877444896
2023-12-21,20231221,552,114.01953887939452,143.58135986328125,99.80085754394533,142.97979736328125,136.29393005371094,Russia / Ukraine Tensions,,,4.966901842222592
2023-12-22,20231222,556,89.36782836914062,71.27420043945312,138.7160186767578,139.57723999023438,124.88143157958984,Russia / Ukraine Tensions,,,4.26653441676953
2023-12-25,20231225,170,136.3998565673828,194.25714111328125,97.21778869628906,135.7859649658203,124.9333038330078,Russia / Ukraine Tensions,,,5.269182751059968
2023-12-26,20231226,356,139.57447814941406,222.6317749023437,92.84844207763672,137.50955200195312,118.05010223388672,Russia / Ukraine Tensions,,,5.405519173049508
2023-12-27,20231227,478,180.18150329589844,234.896713256836,138.30145263671875,137.97055053710938,123.25109100341795,Russia / Ukraine Tensions,,,5.45914589947177
2023-12-28,20231228,459,122.68769073486328,143.89418029785156,96.01756286621094,135.9139862060547,124.48939514160156,Russia / Ukraine Tensions,,,4.969078170392045
2023-12-29,20231229,494,221.284896850586,213.9187927246093,301.099609375,140.33084106445312,143.33468627929688,Russia / Ukraine Tensions,,,5.365596469754169
2024-01-02,20240102,480,131.12246704101562,192.6383209228516,91.8167953491211,143.43917846679688,160.56358337402344,Russia / Ukraine Tensions,,,5.260814445942788
2024-01-03,20240103,510,149.3903045654297,259.009521484375,108.01976013183594,141.9236297607422,156.1648406982422,Russia / Ukraine Tensions,,,5.556864823511749
2024-01-04,20240104,495,180.68551635742188,240.1724548339844,155.81031799316406,144.95680236816406,164.4502410888672,Russia / Ukraine Tensions,,,5.481357227108329
2024-01-05,20240105,534,167.4893798828125,197.89491271972656,165.06390380859375,146.16500854492188,156.76516723632812,Russia / Ukraine Tensions,,,5.287736145960404
2024-01-08,20240108,466,106.6277084350586,141.732666015625,106.39714813232422,141.92791748046875,136.5150909423828,Russia / Ukraine Tensions,,,4.953942649526311
2024-01-09,20240109,508,241.2696990966797,299.0336303710937,206.04556274414065,145.832763671875,152.2504119873047,Russia / Ukraine Tensions,,,5.700556043223222
2024-01-10,20240110,561,118.09510040283205,129.5047607421875,108.01976013183594,144.64344787597656,147.7796630859375,Russia / Ukraine Tensions,,,4.863717642951803
2024-01-11,20240111,521,165.3104705810547,190.15573120117188,148.03475952148438,144.5730438232422,145.58323669433594,Russia / Ukraine Tensions,,,5.24784337434168
2024-01-12,20240112,582,210.59278869628903,238.31544494628903,189.3129730224609,145.1663055419922,151.74085998535156,Russia / Ukraine Tensions,,,5.473595195039626
2024-01-15,20240115,467,106.3993911743164,141.42916870117188,94.37271881103516,143.55279541015625,158.4470672607422,Russia / Ukraine Tensions,,,4.951799017204004
2024-01-16,20240116,531,193.3890686035156,286.0811462402344,145.2469024658203,146.96929931640625,151.6069793701172,Russia / Ukraine Tensions,,,5.656275498689351
2024-01-17,20240117,564,176.20040893554688,234.2107391357422,175.81939697265625,148.0418243408203,159.90774536132812,Russia / Ukraine Tensions,,,5.456221304662893
2024-01-18,20240118,534,167.4893798828125,160.78961181640625,206.32986450195312,147.36624145507812,160.21900939941406,Russia / Ukraine Tensions,,,5.080096751526192
2024-01-19,20240119,559,207.4058380126953,212.67507934570312,246.3778076171875,149.48728942871094,159.76373291015625,Russia / Ukraine Tensions,,,5.359765551946177
2024-01-22,20240122,497,186.62353515625,239.2059631347656,121.92974853515624,149.05088806152344,155.01113891601562,Russia / Ukraine Tensions,,,5.477324951258909
2024-01-23,20240123,529,169.07244873046875,249.70672607421875,124.96803283691406,152.92274475097656,151.53733825683594,Russia / Ukraine Tensions,,,5.520287133543763
2024-01-24,20240124,562,159.14471435546875,235.04421997070312,107.82755279541016,153.680908203125,149.10079956054688,Russia / Ukraine Tensions,,,5.459773666530487
2024-01-25,20240125,524,202.2942047119141,252.08941650390625,210.26747131347656,155.77157592773438,154.0729217529297,Russia / Ukraine Tensions,,,5.529783851971524
2024-01-26,20240126,586,141.32115173339844,191.6051483154297,112.81244659423828,154.47622680664062,144.6322479248047,Russia / Ukraine Tensions,,,5.2554367352980496
2024-01-29,20240129,495,140.53317260742188,200.1437225341797,144.68099975585938,152.3841552734375,163.4322967529297,Russia / Ukraine Tensions,,,5.2990357211404815
2024-01-30,20240130,546,206.2771148681641,254.028564453125,171.52587890625,155.59054565429688,168.74725341796875,Russia / Ukraine Tensions,,,5.537446719172427
2024-01-31,20240131,580,205.607650756836,250.5247344970703,170.96920776367188,156.8574676513672,175.3848114013672,Russia / Ukraine Tensions,,,5.523557656157664
2024-02-01,20240201,539,147.4983673095703,159.29806518554688,143.0911102294922,157.40333557128906,167.5568389892578,Russia / Ukraine Tensions,,,5.070777071114351
2024-02-02,20240202,618,171.52455139160156,245.8075714111328,169.37078857421875,158.14114379882812,171.87161254882812,Russia / Ukraine Tensions,,,5.504548999794764
2024-02-05,20240205,500,125.87757110595705,145.30433654785156,121.19816589355467,152.43865966796875,148.46441650390625,Russia / Ukraine Tensions,,,4.978830415608169
2024-02-06,20240206,530,118.75242614746094,162.0031280517578,62.36612319946289,153.42881774902344,135.9608917236328,Russia / Ukraine Tensions,,,5.087615644007436
2024-02-07,20240207,594,100.38084411621094,144.54823303222656,74.19538879394531,153.22059631347656,120.9284896850586,Russia / Ukraine Tensions,,,4.973613244466692
2024-02-15,20240215,586,214.8081512451172,247.95962524414065,216.223861694336,149.48277282714844,153.4505157470703,Russia / Ukraine Tensions,,,5.513265931476473
2024-02-16,20240216,494,160.93446350097656,133.69923400878906,167.27755737304688,148.97390747070312,148.6511688232422,Russia / Ukraine Tensions,,,4.895592754912646
2024-02-19,20240219,454,167.8173065185547,218.21836853027344,109.20939636230467,144.87002563476562,147.86451721191406,Russia / Ukraine Tensions,,,5.385496251937771
2024-02-20,20240220,506,170.2109832763672,221.8984832763672,141.5357666015625,148.20681762695312,145.34347534179688,Russia / Ukraine Tensions,,,5.402219994747848
2024-02-21,20240221,530,193.75396728515625,236.77378845214844,197.4927215576172,148.4445037841797,153.62127685546875,Russia / Ukraine Tensions,,,5.467105206225031
2024-02-22,20240222,528,219.58306884765625,125.08982849121094,302.5780639648437,150.12818908691406,154.30340576171875,Russia / Ukraine Tensions,,,4.829032107142577
2024-02-23,20240223,575,167.06863403320312,149.32461547851562,191.61764526367188,150.39231872558594,155.17971801757812,Russia / Ukraine Tensions,,,5.006122563550703
2024-02-26,20240226,478,200.9716796875,276.3490600585937,149.82656860351562,146.28346252441406,164.26937866210938,Russia / Ukraine Tensions,,,5.621664777001889
2024-02-27,20240227,536,166.86441040039062,98.5782470703125,215.83799743652344,146.75424194335938,163.79129028320312,Russia / Ukraine Tensions,,,4.5908506193207215
2024-02-28,20240228,560,177.458984375,188.7069396972656,157.4002227783203,147.985107421875,161.46343994140625,Russia / Ukraine Tensions,,,5.24019522804838
2024-02-29,20240229,562,153.25045776367188,141.0265350341797,166.642578125,146.21754455566406,151.9873504638672,Russia / Ukraine Tensions,,,4.948948064404097
2024-03-01,20240301,555,155.183349609375,130.90481567382812,188.59664916992188,144.5367431640625,150.28945922851562,Russia / Ukraine Tensions,,,4.874470461191244
2024-03-04,20240304,485,170.75091552734375,177.03433227539062,159.0229034423828,141.86944580078125,141.22247314453125,Russia / Ukraine Tensions,,,5.176343681422109
2024-03-05,20240305,516,83.45616912841797,102.39910888671876,85.41097259521484,141.79566955566406,129.30702209472656,Russia / Ukraine Tensions,,,4.628878010289405
2024-03-06,20240306,552,108.0185089111328,95.72090911865234,99.80085754394533,141.2003631591797,119.38694763183594,Russia / Ukraine Tensions,,,4.5614367606826205
2024-03-07,20240307,542,122.2349624633789,146.23046875,91.47798919677734,141.3164520263672,114.95616149902344,Russia / Ukraine Tensions,,,4.985183930185223
2024-03-08,20240308,595,183.7222442626953,177.6065216064453,194.43557739257807,144.09449768066406,119.03314971923828,Russia / Ukraine Tensions,,,5.179570550640891
2024-03-11,20240311,489,155.80584716796875,202.59947204589844,157.7220916748047,141.90907287597656,120.16077423095705,Russia / Ukraine Tensions,,,5.311230985917301
2024-03-12,20240312,498,199.55227661132807,172.4129638671875,232.3075408935547,145.68531799316406,136.74594116210938,Russia / Ukraine Tensions,,,5.149892551847885
2024-03-13,20240313,553,149.75440979003906,179.1521453857422,129.50650024414062,145.46421813964844,142.7082061767578,Russia / Ukraine Tensions,,,5.188235419039248
2024-03-14,20240314,531,187.1507110595703,248.7661895751953,155.62168884277344,145.44064331054688,151.9818878173828,Russia / Ukraine Tensions,,,5.516513457640227
2024-03-15,20240315,576,138.02365112304688,183.465072631836,105.2067413330078,145.5144500732422,145.45352172851562,Russia / Ukraine Tensions,,,5.212024309496688
2024-03-18,20240318,516,147.65321350097656,127.99888610839844,149.4691925048828,141.53553771972656,145.4123077392578,Russia / Ukraine Tensions,,,4.852021561603615
2024-03-19,20240319,506,183.3041381835937,221.8984832763672,152.4231414794922,144.95252990722656,143.09115600585938,Russia / Ukraine Tensions,,,5.402219994747848
2024-03-20,20240320,571,116.02689361572266,138.80369567871094,115.77599334716795,143.22618103027344,138.27293395996094,Russia / Ukraine Tensions,,,4.933060673645553
2024-03-21,20240321,533,130.513916015625,148.69964599609375,103.35848999023438,141.9029541015625,130.1819610595703,Russia / Ukraine Tensions,,,5.001928472804861
2024-03-22,20240322,583,125.00255584716795,135.94667053222656,122.84236907958984,139.61123657226562,128.32180786132812,Russia / Ukraine Tensions,,,4.912262680394081
2024-03-25,20240325,511,187.9930725097656,245.5775146484375,140.15087890625,135.15318298339844,131.26885986328125,Russia / Ukraine Tensions,,,5.503612639347405
2024-03-26,20240326,520,165.62838745117188,203.2228546142578,158.91368103027344,137.76837158203125,128.74375915527344,Russia / Ukraine Tensions,,,5.314303182875021
2024-03-27,20240327,575,126.7417221069336,149.32461547851562,105.38970947265624,135.29403686523438,130.27444458007812,Russia / Ukraine Tensions,,,5.006122563550703
2024-03-28,20240328,532,99.6260986328125,111.734375,82.84222412109375,133.05276489257812,125.86190032958984,Russia / Ukraine Tensions,,,4.716124402688724
2024-03-29,20240329,525,126.19306182861328,113.22415161132812,136.41351318359375,131.34390258789062,126.03197479248048,Russia / Ukraine Tensions,,,4.729369496469433
2024-04-01,20240401,457,123.22461700439452,144.52391052246094,132.60194396972656,131.798583984375,131.85089111328125,Russia / Ukraine Tensions,,,4.973444964607388
2024-04-02,20240402,502,197.96221923828125,249.9803009033203,197.53414916992188,135.652099609375,136.4700164794922,Russia / Ukraine Tensions,,,5.521382118370929
2024-04-03,20240403,510,181.8664703369141,194.25714111328125,162.02963256835938,136.02261352539062,144.344970703125,Russia / Ukraine Tensions,,,5.269182751059968
2024-04-04,20240404,535,160.98458862304688,172.83438110351562,123.56652069091795,138.60690307617188,153.1104736328125,Russia / Ukraine Tensions,,,5.15233380129852
2024-04-05,20240405,583,142.04835510253906,158.60446166992188,170.0894317626953,139.74122619628906,155.37551879882812,Russia / Ukraine Tensions,,,5.066413440393473
2024-04-08,20240408,472,126.32672882080078,153.92408752441406,81.70138549804688,137.43235778808594,144.17489624023438,Russia / Ukraine Tensions,,,5.036459542726521
2024-04-09,20240409,540,171.76275634765625,159.00306701660156,173.43173217773438,139.8839111328125,140.43211364746094,Russia / Ukraine Tensions,,,5.068923491446782
2024-04-10,20240410,556,208.5249481201172,261.3387451171875,168.44088745117188,141.64122009277344,144.240478515625,Russia / Ukraine Tensions,,,5.565817439824468
2024-04-11,20240411,564,123.3402862548828,117.1053695678711,136.7484130859375,139.10081481933594,138.8627166748047,Russia / Ukraine Tensions,,,4.763074124102948
2024-04-12,20240412,616,161.3263397216797,160.82977294921875,160.9774932861328,139.48654174804688,141.61671447753906,Russia / Ukraine Tensions,,,5.080346494762599
2024-04-15,20240415,488,230.79364013671875,230.083236694336,237.0679626464844,141.04714965820312,166.2152099609375,Russia / Ukraine Tensions,,,5.4384411421246925
2024-04-16,20240416,535,340.5443420410156,283.94219970703125,453.0772399902344,150.09222412109375,190.32687377929688,Russia / Ukraine Tensions,,,5.6487706952894206
2024-04-17,20240417,597,227.49627685546875,221.2644195556641,267.6067199707031,152.753662109375,193.0370635986328,Russia / Ukraine Tensions,,,5.399358454897308
2024-04-19,20240419,573,208.1194305419922,184.4256286621093,269.2010803222656,154.90213012695312,204.3397216796875,Russia / Ukraine Tensions,,,5.217246285532941
2024-04-22,20240422,488,162.9131622314453,81.20585632324219,248.3568878173828,155.0758056640625,185.6546173095703,Russia / Ukraine Tensions,,,4.396987366774367
2024-04-23,20240423,536,148.3239288330078,110.9005355834961,164.44798278808594,157.71954345703125,158.19454956054688,Russia / Ukraine Tensions,,,4.708633723772037
2024-04-24,20240424,571,139.23226928710938,150.37066650390625,154.36798095703125,156.0941925048828,145.5854034423828,Russia / Ukraine Tensions,,,5.013103355950463
2024-04-25,20240425,538,172.4012908935547,171.87063598632812,143.35708618164062,156.3199462890625,147.9761962890625,Russia / Ukraine Tensions,,,5.146742077473489
2024-04-26,20240426,571,150.83494567871094,138.80369567871094,154.36798095703125,157.12306213378906,139.79269409179688,Russia / Ukraine Tensions,,,4.933060673645553
2024-05-02,20240502,553,137.77406311035156,214.98257446289065,59.77223587036133,159.10829162597656,148.42002868652344,Russia / Ukraine Tensions,,,5.370556975833203
2024-05-03,20240503,570,110.41893005371094,127.45994567871094,115.97911071777344,156.72669982910156,142.64630126953125,Russia / Ukraine Tensions,,,4.847802163703027
2024-05-06,20240506,460,93.61604309082033,172.29763793945312,23.952205657958984,150.57936096191406,113.66661071777344,Russia / Ukraine Tensions,,,5.149223434440803
2024-05-07,20240507,545,176.26507568359375,133.30673217773438,252.706771850586,154.1302490234375,114.8753890991211,Russia / Ukraine Tensions,,,4.892652729868378
2024-05-08,20240508,567,163.58358764648438,198.0258026123047,126.30882263183594,155.3721466064453,119.56458282470705,Russia / Ukraine Tensions,,,5.288397338427875
2024-05-09,20240509,524,145.39895629882812,126.04470825195312,136.67385864257812,154.4933624267578,120.6538543701172,Russia / Ukraine Tensions,,,4.836636671411578
2024-05-10,20240510,590,185.2792205810547,223.8895721435547,186.7460174560547,153.71849060058594,131.34817504882812,Russia / Ukraine Tensions,,,5.41115294879772
2024-05-13,20240513,505,177.1075897216797,235.4165496826172,152.72496032714844,151.12966918945312,143.94940185546875,Russia / Ukraine Tensions,,,5.461356496869022
2024-05-14,20240514,514,154.67242431640625,167.0460205078125,150.05079650878906,151.69737243652344,140.86474609375,Russia / Ukraine Tensions,,,5.118269346356861
2024-05-15,20240515,564,129.21363830566406,81.9737548828125,166.05165100097656,148.31137084960938,135.9547576904297,Russia / Ukraine Tensions,,,4.406399133628624
2024-05-16,20240516,610,124.90009307861328,129.9293670654297,144.49856567382812,141.12322998046875,133.02633666992188,Russia / Ukraine Tensions,,,4.866990972532281
2024-05-17,20240517,620,181.6569366455078,170.44496154785156,204.36639404296875,139.5952606201172,132.50888061523438,Russia / Ukraine Tensions,,,5.138412438439485
2024-05-20,20240520,515,135.07557678222656,115.42268371582033,149.75942993164062,134.47299194335938,133.5605010986328,Russia / Ukraine Tensions,,,4.748600900752412
2024-05-21,20240521,481,165.28404235839844,151.04400634765625,171.79856872558594,137.63311767578125,135.07644653320312,Russia / Ukraine Tensions,,,5.0175712271225805
2024-05-22,20240522,544,140.05340576171875,121.41071319580078,172.156494140625,136.87112426757812,136.62498474121094,Russia / Ukraine Tensions,,,4.799179121814232
2024-05-23,20240523,553,101.83300018310548,83.60433959960938,139.4685516357422,135.32142639160156,133.32968139648438,Russia / Ukraine Tensions,,,4.426095427829663
2024-05-24,20240524,568,116.63970947265624,81.39647674560547,126.08643341064452,134.56834411621094,124.04151153564452,Russia / Ukraine Tensions,,,4.399331988848229
2024-05-27,20240527,410,145.42979431152344,64.43651580810547,188.11245727539065,130.5879364013672,125.99478912353516,Russia / Ukraine Tensions,,,4.165680488071485
2024-05-28,20240528,508,143.45765686035156,104.0116958618164,162.6675567626953,131.82554626464844,122.8767318725586,Russia / Ukraine Tensions,,,4.644503353027971
2024-05-29,20240529,587,135.4371795654297,112.51690673828124,168.93038940429688,129.9698028564453,122.21726989746094,Russia / Ukraine Tensions,,,4.723103492471304
2024-05-30,20240530,531,93.57535552978516,111.94478607177734,82.99822998046875,127.49552154541016,121.03760528564452,Russia / Ukraine Tensions,,,4.718005768237775
2024-05-31,20240531,508,156.499267578125,195.0219268798828,108.44503021240234,128.35353088378906,126.7318344116211,Russia / Ukraine Tensions,,,5.273111997780082
2024-06-03,20240603,477,111.1133804321289,83.07852172851562,127.04210662841795,127.94237518310548,121.61282348632812,Russia / Ukraine Tensions,,,4.419786205500013
2024-06-04,20240604,541,110.2148208618164,109.87557220458984,122.19609832763672,129.32177734375,116.86384582519533,Russia / Ukraine Tensions,,,4.699348563769617
2024-06-05,20240605,583,119.32062530517578,135.94667053222656,113.39295196533205,130.17860412597656,114.56148529052734,Russia / Ukraine Tensions,,,4.912262680394081
2024-06-06,20240606,543,122.00985717773438,145.96116638183594,111.60052490234376,128.37010192871094,118.62355041503906,Russia / Ukraine Tensions,,,4.983340602642347
2024-06-07,20240607,594,122.68769073486328,166.7864227294922,92.7442398071289,127.00689697265624,113.79332733154295,Russia / Ukraine Tensions,,,5.116714088107365
2024-06-10,20240610,494,107.28964233398438,120.32931518554688,144.97389221191406,121.3477554321289,105.87699127197266,Russia / Ukraine Tensions,,,4.790232277297393
2024-06-11,20240611,544,121.78558349609376,133.55178833007812,131.64907836914062,123.60696411132812,107.52995300292967,Russia / Ukraine Tensions,,,4.894489330181988
2024-06-12,20240612,563,117.67557525634766,140.7760467529297,88.06584167480469,121.62590026855467,107.2949447631836,Russia / Ukraine Tensions,,,4.947170306758072
2024-06-13,20240613,546,133.4734344482422,157.2557830810547,110.98733520507812,120.91926574707033,108.93260192871094,Russia / Ukraine Tensions,,,5.057873671254426
2024-06-14,20240614,588,90.1378936767578,67.39533233642578,121.79779052734376,119.61673736572266,104.28263092041016,Russia / Ukraine Tensions,,,4.210575762351393
2024-06-17,20240617,493,120.9456787109375,133.97044372558594,111.7445831298828,116.80726623535156,113.75263214111328,Russia / Ukraine Tensions,,,4.8976192064099
2024-06-18,20240618,533,142.94383239746094,148.69964599609375,165.3735809326172,118.28933715820312,116.77523803710938,Russia / Ukraine Tensions,,,5.001928472804861
2024-06-19,20240619,519,114.8867416381836,89.08130645751953,137.9905548095703,117.61637115478516,116.3768310546875,Russia / Ukraine Tensions,,,4.489549508396568
2024-06-20,20240620,524,177.00743103027344,151.25364685058594,231.29421997070312,118.00714874267578,122.5959701538086,Russia / Ukraine Tensions,,,5.018958208029108
2024-06-21,20240621,568,128.30368041992188,46.51227188110352,184.2801818847656,117.61549377441406,128.04823303222656,Russia / Ukraine Tensions,,,3.8397161891963982
2024-06-24,20240624,483,212.6078491210937,232.46505737304688,205.3046417236328,119.37633514404295,132.26541137695312,Russia / Ukraine Tensions,,,5.448739922863991
2024-06-25,20240625,512,109.98760223388672,103.19910430908205,150.63693237304688,118.99907684326172,127.557373046875,Russia / Ukraine Tensions,,,4.636660173834237
2024-06-26,20240626,541,128.58396911621094,109.87557220458984,183.29415893554688,118.4375457763672,129.5141143798828,Russia / Ukraine Tensions,,,4.699348563769617
2024-06-27,20240627,549,120.6764144897461,72.18297576904297,170.5885772705078,117.6781768798828,121.46682739257812,Russia / Ukraine Tensions,,,4.279204225422783
2024-06-28,20240628,600,121.46080780029295,143.10275268554688,128.54351806640625,117.21229553222656,120.48927307128906,Russia / Ukraine Tensions,,,4.963562922474856
2024-07-01,20240701,510,71.44754028320312,90.65332794189452,54.00988006591797,110.20024871826172,91.6590805053711,Russia / Ukraine Tensions,,,4.507042648517003
2024-07-02,20240702,541,79.59959411621094,97.66717529296876,91.64707946777344,109.85305786132812,87.31793212890625,Russia / Ukraine Tensions,,,4.581565528113234
2024-07-03,20240703,553,107.82317352294922,131.37823486328125,99.62039184570312,109.7433853149414,84.35210418701172,Russia / Ukraine Tensions,,,4.878080452020755
2024-07-04,20240704,477,90.27962493896484,83.07852172851562,80.84497833251953,109.07887268066406,80.00970458984375,Russia / Ukraine Tensions,,,4.419786205500013
2024-07-05,20240705,589,73.11270141601562,56.06742477416992,74.82523345947266,107.53861236572266,73.10283660888672,Russia / Ukraine Tensions,,,4.0265549803162415
2024-07-08,20240708,520,89.18451690673828,88.90999603271484,127.13095092773438,106.21778869628906,88.9356689453125,Russia / Ukraine Tensions,,,4.487624577511686
2024-07-09,20240709,515,90.05038452148438,89.77320098876953,96.27391815185548,106.12097930908205,90.42863464355467,Russia / Ukraine Tensions,,,4.497286500799911
2024-07-10,20240710,558,124.6665267944336,177.54684448242188,88.8549575805664,106.70021057128906,92.83483123779295,Russia / Ukraine Tensions,,,5.179234486673697
2024-07-11,20240711,570,127.8534927368164,139.04721069335938,125.64402770996094,106.90247344970705,98.20252227783205,Russia / Ukraine Tensions,,,4.934813520740259
2024-07-12,20240712,614,86.32097625732422,64.54145812988281,98.6955795288086,105.8573226928711,100.08942413330078,Russia / Ukraine Tensions,,,4.167307779022507
2024-07-15,20240715,488,67.88048553466797,121.80877685546876,22.57789802551269,99.56169128417967,81.93277740478516,Russia / Ukraine Tensions,,,4.80245241224834
2024-07-16,20240716,534,68.23641204833984,49.47372817993164,92.84844207763672,98.4244155883789,78.81649017333984,Russia / Ukraine Tensions,,,3.901441784840513
2024-07-17,20240717,535,105.25916290283205,86.41719055175781,113.2693099975586,97.90153503417967,76.04401397705078,Russia / Ukraine Tensions,,,4.459186620738574
2024-07-18,20240718,521,133.52000427246094,126.77049255371094,126.88693237304688,97.58740997314452,76.853515625,Russia / Ukraine Tensions,,,4.842378306355337
2024-07-19,20240719,576,143.77462768554688,126.13223266601562,162.5922393798828,98.5503387451172,85.0611801147461,Russia / Ukraine Tensions,,,4.837330822250734
2024-07-22,20240722,484,130.038818359375,136.4616241455078,136.5869598388672,95.90257263183594,105.94580841064452,Russia / Ukraine Tensions,,,4.9160434333061005
2024-07-23,20240723,545,36.46863555908203,36.35638046264648,30.324811935424805,94.27965545654295,101.40755462646484,Russia / Ukraine Tensions,,,3.5933697171221786
2024-07-24,20240724,546,78.87065887451172,84.67618560791016,70.62830352783203,89.8217544555664,97.63776397705078,Russia / Ukraine Tensions,,,4.438834400470707
2024-07-25,20240725,579,91.53900146484376,114.07154846191406,85.63224029541016,89.20680236816406,91.6404800415039,Russia / Ukraine Tensions,,,4.7368258696115975
2024-07-26,20240726,588,95.77151489257812,89.86044311523438,103.05966186523438,88.11305236816406,84.78289031982422,Russia / Ukraine Tensions,,,4.498257834803174
2024-07-29,20240729,506,124.38494873046876,65.26425170898438,174.1978759765625,88.99703216552734,87.6919174194336,Russia / Ukraine Tensions,,,4.178444439349213
2024-07-30,20240730,495,107.0728988647461,93.40039825439452,111.29308319091795,91.00212097167967,97.77824401855467,Russia / Ukraine Tensions,,,4.536895609191387
2024-07-31,20240731,587,112.86431121826172,101.26522064208984,168.93038940429688,92.38268280029295,102.63448333740234,Russia / Ukraine Tensions,,,4.61774302201791
2024-08-01,20240801,572,133.19764709472656,161.654541015625,144.46697998046875,94.16928100585938,108.5857162475586,Russia / Ukraine Tensions,,,5.085461595429369
2024-08-02,20240802,589,191.2178192138672,246.69667053222656,187.0630798339844,96.94910430908205,122.2209014892578,Russia / Ukraine Tensions,,,5.5081595274257005
2024-08-05,20240805,496,186.99978637695312,119.8441162109375,211.0305328369141,100.42902374267578,128.53952026367188,Russia / Ukraine Tensions,,,4.786191866733597
2024-08-06,20240806,529,131.50079345703125,124.85336303710938,166.62405395507812,101.64851379394533,132.0292205810547,Russia / Ukraine Tensions,,,4.827139952983818
2024-08-07,20240807,537,172.7223358154297,221.3880310058593,153.8828887939453,104.43310546875,140.5803680419922,Russia / Ukraine Tensions,,,5.399916958315742
2024-08-08,20240808,531,174.67401123046875,199.0129547119141,134.8721160888672,107.25389862060548,146.50555419921875,Russia / Ukraine Tensions,,,5.293369921660486
2024-08-09,20240809,591,151.33558654785156,201.15966796875,111.85801696777344,108.1428680419922,140.80809020996094,Russia / Ukraine Tensions,,,5.304098960719532
2024-08-12,20240812,504,118.30599212646484,170.3604278564453,98.37513732910156,110.01814270019533,133.20217895507812,Russia / Ukraine Tensions,,,5.137916356536041
2024-08-13,20240813,437,151.6049346923828,181.36593627929688,126.0642547607422,113.57138061523438,136.07420349121094,Russia / Ukraine Tensions,,,5.200516737684418
2024-08-14,20240814,490,175.76889038085938,188.7069396972656,191.1288452148437,117.16766357421876,136.50942993164062,Russia / Ukraine Tensions,,,5.24019522804838
2024-08-15,20240815,522,139.61013793945312,101.22210693359376,168.8584747314453,119.54678344726562,131.50030517578125,Russia / Ukraine Tensions,,,4.617317180957496
2024-08-16,20240816,557,118.94318389892578,166.0078887939453,118.68598175048828,120.00292205810548,126.87281036376952,Russia / Ukraine Tensions,,,5.112035310082461
2024-08-19,20240819,461,136.52664184570312,186.2508850097656,83.65087890625,119.73069763183594,133.50811767578125,Russia / Ukraine Tensions,,,5.227094608978665
2024-08-20,20240820,503,151.46929931640625,183.829818725586,98.57070922851562,122.07000732421876,133.48873901367188,Russia / Ukraine Tensions,,,5.214010431396193
2024-08-21,20240821,518,140.68820190429688,114.75421142578124,148.89210510253906,122.42498779296876,128.4772186279297,Russia / Ukraine Tensions,,,4.742792549145461
2024-08-22,20240822,539,184.3729705810547,159.29806518554688,183.97427368164065,127.35513305664062,134.8719024658203,Russia / Ukraine Tensions,,,5.070777071114351
2024-08-23,20240823,553,143.7642364501953,203.0391082763672,99.62039184570312,129.51824951171875,138.4177703857422,Russia / Ukraine Tensions,,,5.31339861209457
2024-08-26,20240826,414,176.03016662597656,191.4418182373047,172.98817443847656,133.02207946777344,142.05255126953125,Russia / Ukraine Tensions,,,5.254583941242566
2024-08-27,20240827,513,174.34567260742188,141.62216186523438,171.82090759277344,135.32823181152344,145.3206024169922,Russia / Ukraine Tensions,,,4.953162679360853
2024-08-28,20240828,509,156.19180297851562,220.5906219482422,119.05516815185548,136.3884735107422,147.535400390625,Russia / Ukraine Tensions,,,5.396308594348408
2024-08-29,20240829,525,132.50270080566406,176.12648010253906,94.44012451171876,137.2361297607422,140.1253662109375,Russia / Ukraine Tensions,,,5.171202373888511
2024-08-30,20240830,537,166.55368041992188,258.2860107421875,102.58859252929688,139.02577209472656,143.38099670410156,Russia / Ukraine Tensions,,,5.554067539681168
2024-09-04,20240904,496,180.3212280273437,226.3722381591797,177.7099151611328,140.87454223632812,147.7655487060547,Russia / Ukraine Tensions,,,5.422180715838396
2024-09-05,20240905,560,141.96719360351562,165.11856079101562,127.88768005371094,141.22341918945312,149.11761474609375,Russia / Ukraine Tensions,,,5.106663766115529
2024-09-06,20240906,594,100.38084411621094,100.07186126708984,102.01866149902344,138.81204223632812,139.6643524169922,Russia / Ukraine Tensions,,,4.605888540580536
2024-09-09,20240909,474,146.7593231201172,97.53839111328124,185.9580535888672,135.86375427246094,136.21408081054688,Russia / Ukraine Tensions,,,4.580246055510655
2024-09-10,20240910,543,97.6078872680664,85.14401245117188,131.8915252685547,137.0561981201172,125.69718933105467,Russia / Ukraine Tensions,,,4.444344086975366
2024-09-11,20240911,529,212.9060516357422,249.70672607421875,197.8660583496093,140.20953369140625,130.35215759277344,Russia / Ukraine Tensions,,,5.520287133543763
2024-09-12,20240912,514,103.1149444580078,64.24846649169922,117.89704895019533,138.59320068359375,124.80184173583984,Russia / Ukraine Tensions,,,4.162757855657013
2024-09-13,20240913,571,185.6430206298828,219.77252197265625,125.42398834228516,138.92233276367188,136.98214721679688,Russia / Ukraine Tensions,,,5.392593020381473
2024-09-16,20240916,484,88.97392272949219,81.8769760131836,79.67572784423828,133.9105224609375,120.6430435180664,Russia / Ukraine Tensions,,,4.405217828176349
2024-09-17,20240917,493,100.7880630493164,80.38226318359375,111.7445831298828,134.76771545410156,121.09735107421876,Russia / Ukraine Tensions,,,4.386793544678348
2024-09-18,20240918,543,122.00985717773438,145.96116638183594,101.45501708984376,134.2838134765625,108.1121826171875,Russia / Ukraine Tensions,,,4.983340602642347
2024-09-19,20240919,530,93.75191497802734,137.07955932617188,62.36612319946289,132.3599090576172,106.7746124267578,Russia / Ukraine Tensions,,,4.9205614822811645
2024-09-20,20240920,585,175.53778076171875,191.9326934814453,188.34214782714844,133.5215606689453,105.33100128173828,Russia / Ukraine Tensions,,,5.25714475578495
2024-09-23,20240923,440,158.09982299804688,150.1077880859375,212.8480224609375,128.25123596191406,107.06168365478516,Russia / Ukraine Tensions,,,5.011353623275647
2024-09-24,20240924,514,161.11709594726562,154.19631958007812,171.4866180419922,129.93092346191406,115.68011474609376,Russia / Ukraine Tensions,,,5.038226593010912
2024-09-25,20240925,548,175.30010986328125,132.5769500732422,231.2174835205078,129.90658569335938,123.29300689697266,Russia / Ukraine Tensions,,,4.887163232122951
2024-09-26,20240926,551,240.476791381836,263.7102355957031,289.9477844238281,132.1109619140625,144.2537078857422,Russia / Ukraine Tensions,,,5.574850907910092
2024-09-27,20240927,565,134.84788513183594,116.89810180664062,136.50637817382812,131.39950561523438,138.44085693359375,Russia / Ukraine Tensions,,,4.761302630592901
2024-09-30,20240930,516,160.4926300048828,179.1984405517578,160.14556884765625,128.25949096679688,148.7390594482422,Russia / Ukraine Tensions,,,5.188493798224828
2024-10-01,20241001,512,135.86703491210938,232.197982788086,75.31846618652344,128.99951171875,145.1319122314453,Russia / Ukraine Tensions,,,5.447590381836245
2024-10-02,20241002,519,178.71270751953125,216.34033203125,191.0638427734375,130.1061553955078,145.61941528320312,Russia / Ukraine Tensions,,,5.376852778966843
2024-10-03,20241003,531,237.0575714111328,223.8895721435547,321.6181335449219,132.300537109375,145.13096618652344,Russia / Ukraine Tensions,,,5.41115294879772
2024-10-04,20241004,574,144.27560424804688,161.09127807617188,143.963623046875,131.09901428222656,146.477783203125,Russia / Ukraine Tensions,,,5.081971148904603
2024-10-07,20241007,493,80.63045501708984,107.17634582519533,67.04674530029297,128.087890625,134.05810546875,Russia / Ukraine Tensions,,,4.674475569673175
2024-10-08,20241008,504,98.58832550048828,91.73253631591795,120.2362823486328,127.2953643798828,128.73257446289062,Russia / Ukraine Tensions,,,4.518877128936742
2024-10-09,20241009,556,137.03067016601562,142.54840087890625,128.80772399902344,126.97107696533205,122.77799987792967,Russia / Ukraine Tensions,,,4.9596815973294754
2024-10-10,20241010,554,119.58728790283205,178.82876586914062,69.6083984375,127.70372009277344,105.99652862548828,Russia / Ukraine Tensions,,,5.18642873273617
2024-10-11,20241011,547,157.45294189453125,217.3406982421875,151.06967163085938,125.85528564453124,107.8790054321289,Russia / Ukraine Tensions,,,5.381466160301798
2024-10-14,20241014,503,151.46929931640625,210.09120178222656,87.618408203125,122.87239837646484,116.04448699951172,Russia / Ukraine Tensions,,,5.347541730640116
2024-10-15,20241015,527,125.71414947509766,112.7944564819336,125.44230651855467,125.20037841796876,119.91960144042967,Russia / Ukraine Tensions,,,4.725567193192611
2024-10-16,20241016,535,117.64259338378906,123.453125,102.97209930419922,126.15599822998048,117.1498794555664,Russia / Ukraine Tensions,,,4.815861529363062
2024-10-17,20241017,572,104.24164581298828,57.7337646484375,134.83584594726562,126.2711181640625,114.9576416015625,Russia / Ukraine Tensions,,,4.055842178248211
2024-10-18,20241018,557,124.89034271240234,130.43478393554688,118.68598175048828,126.36713409423828,110.30584716796876,Russia / Ukraine Tensions,,,4.870873361893623
2024-10-21,20241021,473,119.05634307861328,111.70811462402344,139.76341247558594,123.35281372070312,105.9485855102539,Russia / Ukraine Tensions,,,4.715889350025807
2024-10-22,20241022,495,214.1457977294922,173.4578857421875,222.586166381836,130.1925811767578,118.58168029785156,Russia / Ukraine Tensions,,,5.155934836447952
2024-10-23,20241023,446,215.39117431640625,207.32376098632807,209.984603881836,132.10227966308594,132.54576110839844,Russia / Ukraine Tensions,,,5.334281634129023
2024-10-24,20241024,534,136.4728240966797,160.78961181640625,123.79792785644533,131.2808074951172,137.15020751953125,Russia / Ukraine Tensions,,,5.080096751526192
2024-10-25,20241025,565,170.02560424804688,233.79620361328125,136.50637817382812,131.10499572753906,143.59811401367188,Russia / Ukraine Tensions,,,5.454449811152847
2024-10-28,20241028,502,145.1722869873047,171.03915405273438,131.68942260742188,128.14605712890625,155.59658813476562,Russia / Ukraine Tensions,,,5.141892501361408
2024-10-29,20241029,515,160.8042449951172,102.5979461669922,213.94204711914065,130.09437561035156,147.97637939453125,Russia / Ukraine Tensions,,,4.630817914670736
2024-10-30,20241030,544,133.96414184570312,157.83392333984375,151.9027862548828,129.21009826660156,136.34393310546875,Russia / Ukraine Tensions,,,5.0615433621126655
2024-10-31,20241031,569,133.89991760253906,174.11448669433594,77.45529174804688,129.14451599121094,135.97637939453125,Russia / Ukraine Tensions,,,5.1597130523551735
2024-11-01,20241101,556,131.0728302001953,130.66937255859375,128.80772399902344,127.55652618408205,130.4116973876953,Russia / Ukraine Tensions,,,4.872670259264523
2024-11-04,20241104,491,114.6917495727539,107.61292266845705,134.6396942138672,122.28801727294922,122.22783660888672,Russia / Ukraine Tensions,,,4.678540739665587
2024-11-05,20241105,519,57.4433708190918,38.17770385742188,63.68794631958008,121.22654724121094,107.46199798583984,Russia / Ukraine Tensions,,,3.642251676557795
2024-11-06,20241106,579,120.14494323730467,114.07154846191406,123.69100952148438,122.54369354248048,105.48782348632812,Russia / Ukraine Tensions,,,4.7368258696115975
2024-11-07,20241107,570,98.7958755493164,115.8726806640625,115.97911071777344,122.55061340332033,100.47296142578124,Russia / Ukraine Tensions,,,4.752492007841579
2024-11-08,20241108,578,108.89063262939452,68.56134033203125,152.4984893798828,121.61260986328124,97.3040771484375,Russia / Ukraine Tensions,,,4.2277288238655135
2024-11-11,20241111,494,154.22886657714844,147.0691680908203,178.4293975830078,118.69853973388672,95.84420013427734,Russia / Ukraine Tensions,,,4.9909030073437
2024-11-12,20241112,496,106.85701751708984,93.21208953857422,155.49618530273438,120.52156066894533,102.90328979492188,Russia / Ukraine Tensions,,,4.534877429358265
2024-11-13,20241113,540,116.55330657958984,97.84803771972656,122.42239379882812,119.35769653320312,102.39019775390624,Russia / Ukraine Tensions,,,4.583415639678064
2024-11-14,20241114,565,58.6295166015625,35.06943130493164,68.25318908691406,117.1215362548828,96.6521453857422,Russia / Ukraine Tensions,,,3.5573298480220785
2024-11-15,20241115,611,97.5879135131836,118.90699005126952,108.1965560913086,116.45304870605467,95.0374755859375,Russia / Ukraine Tensions,,,4.778341591298144
2024-11-18,20241118,458,253.1438140869141,346.1000671386719,192.4544219970703,119.21690368652344,109.13275146484376,Russia / Ukraine Tensions,,,5.846727944627618
2024-11-19,20241119,520,197.47999572753903,152.41714477539062,233.0734100341797,123.20486450195312,122.07888793945312,Russia / Ukraine Tensions,,,5.026621135451246
2024-11-20,20241120,577,195.1946258544922,160.25372314453125,267.3348693847656,125.74281311035156,133.31336975097656,Russia / Ukraine Tensions,,,5.076758328882098
2024-11-21,20241121,547,193.78823852539065,217.3406982421875,241.71148681640625,125.06422424316406,152.6217498779297,Russia / Ukraine Tensions,,,5.381466160301798
2024-11-22,20241122,584,102.09968566894533,67.85694122314453,122.63202667236328,121.287841796875,153.26629638671875,Russia / Ukraine Tensions,,,4.217401683526517
2024-11-25,20241125,482,123.70584869384766,164.4334259033203,91.4358139038086,120.36107635498048,154.47337341308594,Russia / Ukraine Tensions,,,5.102505782535059
2024-11-26,20241126,548,169.25527954101562,192.8392028808593,130.68814086914062,122.87248992919922,150.44126892089844,Russia / Ukraine Tensions,,,5.26185669595109
2024-11-27,20241127,531,199.6274261474609,236.327880859375,176.37124633789062,124.68766021728516,151.07452392578125,Russia / Ukraine Tensions,,,5.465220166480986
2024-11-28,20241128,451,176.27854919433594,161.09127807617188,195.44151306152344,125.2034683227539,148.57315063476562,Russia / Ukraine Tensions,,,5.081971148904603
2024-11-29,20241129,540,226.97222900390625,293.54412841796875,234.6429138183593,128.30374145507812,166.41207885742188,Russia / Ukraine Tensions,,,5.68202798032742
2024-12-02,20241202,454,197.0029296875,320.0536193847656,121.3437728881836,133.05105590820312,179.8975067138672,Russia / Ukraine Tensions,,,5.76848854233446
2024-12-03,20241203,522,164.99378967285156,189.7914581298828,168.8584747314453,135.17068481445312,179.28872680664062,Russia / Ukraine Tensions,,,5.245925880578701
2024-12-04,20241204,485,136.60072326660156,95.32618713378906,147.66412353515625,135.90097045898438,170.284912109375,Russia / Ukraine Tensions,,,4.557304559207012
2024-12-05,20241205,493,127.66488647460938,107.17634582519533,167.6168670654297,138.24169921875,163.34010314941406,Russia / Ukraine Tensions,,,4.674475569673175
2024-12-06,20241206,549,150.84552001953125,156.39645385742188,150.5193328857422,139.26504516601562,152.46485900878906,Russia / Ukraine Tensions,,,5.052394154308266
2024-12-09,20241209,465,170.9712371826172,298.2787170410156,71.08396911621094,142.78518676757812,138.68458557128906,Russia / Ukraine Tensions,,,5.698028341476239
2024-12-10,20241210,545,194.4993896484375,254.4946746826172,202.1654052734375,147.46820068359375,142.89967346191406,Russia / Ukraine Tensions,,,5.539279911145396
2024-12-11,20241211,581,153.94032287597656,181.88619995117188,142.22911071777344,147.4585723876953,145.3767547607422,Russia / Ukraine Tensions,,,5.2033812165173
2024-12-12,20241212,510,233.8283233642578,323.76190185546875,140.42568969726562,151.69094848632812,160.54296875,Russia / Ukraine Tensions,,,5.780008374825958
2024-12-13,20241213,502,191.3634796142578,249.9803009033203,131.68942260742188,154.18463134765625,166.3312530517578,Russia / Ukraine Tensions,,,5.521382118370929
2024-12-16,20241216,478,194.0416259765625,179.62689208984375,207.45216369628903,157.74185180664062,161.9764862060547,Russia / Ukraine Tensions,,,5.190881877898861
2024-12-17,20241217,497,133.30252075195312,93.02454376220705,166.26783752441406,161.0556640625,153.23406982421875,Russia / Ukraine Tensions,,,4.532863369756344
2024-12-18,20241218,527,182.28550720214844,187.99078369140625,229.9775390625,158.6937255859375,157.28338623046875,Russia / Ukraine Tensions,,,5.236392938710235
2024-12-19,20241219,521,152.5942840576172,202.8327789306641,137.46084594726562,157.19754028320312,145.67852783203125,Russia / Ukraine Tensions,,,5.312381890464023
2024-12-20,20241220,515,128.64340209960938,153.89691162109375,106.97102355957033,154.97915649414062,136.71852111816406,Russia / Ukraine Tensions,,,5.036282973204193
2024-12-23,20241223,452,146.57379150390625,102.28583526611328,158.44491577148438,148.10128784179688,124.2609634399414,Russia / Ukraine Tensions,,,4.627771200673897
2024-12-24,20241224,439,143.3685302734375,135.4047393798828,150.58790588378906,150.02703857421875,125.69896697998048,Russia / Ukraine Tensions,,,4.908268362671224
2024-12-25,20241225,193,120.14494323730467,102.66439056396484,171.2644805908203,149.90834045410156,116.82174682617188,Russia / Ukraine Tensions,,,4.631465324228199
2024-12-26,20241226,374,132.85699462890625,158.93765258789062,88.37979888916016,148.695068359375,114.00212860107422,Russia / Ukraine Tensions,,,5.068512003231524
2024-12-27,20241227,452,168.5598602294922,219.1839294433593,121.88069915771484,147.65948486328125,119.70448303222656,Russia / Ukraine Tensions,,,5.389911237803
2024-12-30,20241230,398,108.1994400024414,82.97415161132812,110.73381805419922,140.49188232421875,122.6793212890625,Russia / Ukraine Tensions,,,4.418529132923795
2024-12-31,20241231,418,63.39842224121094,79.00409698486328,52.7177734375,136.4536895751953,111.25502014160156,Russia / Ukraine Tensions,,,4.369499711690199
2025-01-02,20250102,484,198.4803009033203,272.9232482910156,102.44022369384766,134.7635498046875,119.58219909667967,Russia / Ukraine Tensions,,,5.609190613866046
2025-01-03,20250103,530,137.5028076171875,137.07955932617188,155.91531372070312,134.79360961914062,115.14547729492188,Russia / Ukraine Tensions,,,4.9205614822811645
2025-01-06,20250106,438,98.31822204589844,120.63455963134766,62.88821792602539,127.68544006347656,104.07432556152344,Russia / Ukraine Tensions,,,4.792765807348794
2025-01-07,20250107,535,117.64259338378906,61.7265625,164.75537109375,129.31838989257812,111.82349395751952,Russia / Ukraine Tensions,,,4.122714348803116
2025-01-08,20250108,519,70.20856475830078,50.90360641479492,84.91726684570312,125.95962524414062,105.73729705810548,Russia / Ukraine Tensions,,,3.929933773989452
2025-01-09,20250109,538,123.1437759399414,85.93531799316406,143.35708618164062,123.58110809326172,94.97493743896484,Russia / Ukraine Tensions,,,4.453594896913543
2025-01-10,20250110,556,65.53641510009766,59.39516830444336,69.3580093383789,120.63430786132812,84.69402313232422,Russia / Ukraine Tensions,,,4.084212881384148
2025-01-13,20250113,465,106.85701751708984,71.01873779296875,154.0152587890625,111.75000762939452,90.99219512939452,Russia / Ukraine Tensions,,,4.262943754799542
2025-01-14,20250114,517,147.36761474609375,89.42591094970703,202.4586944580078,114.51522827148438,95.23863220214844,Russia / Ukraine Tensions,,,4.493410471838593
2025-01-15,20250115,563,147.094482421875,152.5073699951172,156.56149291992188,112.95032501220705,106.22233581542967,Russia / Ukraine Tensions,,,5.027212922716548
2025-01-16,20250116,571,92.8215103149414,115.66975402832033,67.53599548339844,111.60095977783205,101.8905792236328,Russia / Ukraine Tensions,,,4.750739182810023
2025-01-17,20250117,600,88.33514404296875,66.04742431640625,100.99846649169922,108.46927642822266,105.14754486083984,Russia / Ukraine Tensions,,,4.190373034241374
2025-01-20,20250120,458,151.88629150390625,173.05003356933594,120.28400421142578,106.03253173828124,110.42306518554688,Russia / Ukraine Tensions,,,5.153580764067673
2025-01-21,20250121,529,50.09554290771485,37.45600509643555,62.48401641845703,106.46172332763672,96.52706146240234,Russia / Ukraine Tensions,,,3.623167046813143
2025-01-22,20250122,568,157.46360778808594,174.4210205078125,145.48435974121094,106.82471466064452,98.00836181640624,Russia / Ukraine Tensions,,,5.161472034646375
2025-01-23,20250123,550,126.4798583984375,120.0862274169922,130.21290588378906,106.2617645263672,102.8166961669922,Russia / Ukraine Tensions,,,4.788210046548383
2025-01-24,20250124,624,148.64085388183594,116.42976379394533,194.22784423828125,107.2116241455078,111.43180084228516,Russia / Ukraine Tensions,,,4.757288205308099
2025-02-03,20250203,499,146.04507446289062,145.5955352783203,143.521240234375,107.77351379394533,110.32563018798828,Russia / Ukraine Tensions,,,4.980832470995176
2025-02-04,20250204,562,141.4619598388672,152.77874755859375,127.43255615234376,110.8839874267578,107.21869659423828,Russia / Ukraine Tensions,,,5.028990780400556
2025-02-05,20250205,562,135.56771850585938,117.52210998535156,156.84007263183594,112.1256332397461,111.54849243164062,Russia / Ukraine Tensions,,,4.766626485970542
2025-02-06,20250206,551,162.32183837890625,119.8682861328125,199.9639892578125,113.6149444580078,117.49784088134766,Russia / Ukraine Tensions,,,4.78639352440104
2025-02-07,20250207,559,124.4435043334961,141.78338623046875,108.40623474121094,115.42277526855467,119.5839385986328,Russia / Ukraine Tensions,,,4.9543004438380125
2025-02-10,20250210,438,121.0070343017578,105.55525207519533,138.35406494140625,115.17504119873048,116.67086029052734,Russia / Ukraine Tensions,,,4.659234532177138
2025-02-11,20250211,553,119.80353546142578,83.60433959960938,149.4305877685547,116.4383544921875,113.57679748535156,Russia / Ukraine Tensions,,,4.426095427829663
2025-02-12,20250212,521,95.37142944335938,76.06229400634766,116.31301879882812,116.05549621582033,107.83447265625,Russia / Ukraine Tensions,,,4.331552662528436
2025-02-13,20250213,554,167.4221954345703,178.82876586914062,188.9370880126953,116.72398376464844,108.56309509277344,Russia / Ukraine Tensions,,,5.18642873273617
2025-02-14,20250214,582,119.525634765625,102.13519287109376,123.05343627929688,115.80502319335938,107.86054229736328,Russia / Ukraine Tensions,,,4.626297355994988
2025-02-17,20250217,424,156.25318908691406,155.77223205566406,194.8941345214844,118.8943099975586,121.87345123291016,Russia / Ukraine Tensions,,,5.0483948894113295
2025-02-18,20250218,548,217.6139373779297,180.7867584228516,251.3233337402344,123.87142944335938,135.8463592529297,Russia / Ukraine Tensions,,,5.197318206464322
2025-02-19,20250219,538,166.24411010742188,171.87063598632812,174.07644653320312,124.35002136230467,145.97103881835938,Russia / Ukraine Tensions,,,5.146742077473489
2025-02-20,20250220,549,265.48809814453125,336.8539123535156,200.69244384765625,131.52976989746094,159.98043823242188,Russia / Ukraine Tensions,,,5.819649341866505
2025-02-21,20250221,583,181.8218994140625,203.9200134277344,188.98825073242188,132.3417205810547,168.87991333007812,Russia / Ukraine Tensions,,,5.317727825915908
2025-02-24,20250224,506,144.02468872070312,182.7399139404297,108.87366485595705,132.54019165039062,170.98704528808594,Russia / Ukraine Tensions,,,5.208063906630392
2025-02-25,20250225,541,165.32223510742188,207.5427398681641,112.01309204101562,133.78216552734375,163.5167999267578,Russia / Ukraine Tensions,,,5.335337293729021
2025-02-26,20250226,510,162.38076782226562,233.1085662841797,108.01976013183594,132.223388671875,162.9648895263672,Russia / Ukraine Tensions,,,5.4515042947623495
2025-02-27,20250227,576,143.77462768554688,126.13223266601562,172.156494140625,131.57553100585938,145.57725524902344,Russia / Ukraine Tensions,,,4.837330822250734
2025-02-28,20250228,594,122.68769073486328,88.9527587890625,139.11634826660156,132.15647888183594,137.12950134277344,Russia / Ukraine Tensions,,,4.488105428684991
2025-03-03,20250303,494,154.22886657714844,160.43910217285156,156.12571716308594,134.22552490234375,136.00021362304688,Russia / Ukraine Tensions,,,5.077914444855601
2025-03-04,20250304,562,253.4526824951172,211.539794921875,303.8776550292969,140.60728454589844,148.5902862548828,Russia / Ukraine Tensions,,,5.354413136446261
2025-03-05,20250305,569,180.47381591796875,116.0763168334961,242.0477752685547,141.75491333007812,151.1750030517578,Russia / Ukraine Tensions,,,4.754247878519611
2025-03-06,20250306,562,229.87570190429688,176.28317260742188,245.0626220703125,144.70204162597656,163.47515869140625,Russia / Ukraine Tensions,,,5.172091637357906
2025-03-07,20250307,572,179.5272674560547,138.56103515625,221.5160369873047,146.1673583984375,171.5950927734375,Russia / Ukraine Tensions,,,4.93131091560211
2025-03-10,20250310,514,238.45330810546875,205.5950927734375,267.9478454589844,150.20925903320312,197.6065216064453,Russia / Ukraine Tensions,,,5.325908665462694
2025-03-11,20250311,553,221.6365509033203,226.92605590820312,219.16485595703125,157.59713745117188,193.0613555908203,Russia / Ukraine Tensions,,,5.424624219517225
2025-03-12,20250312,592,218.22657775878903,234.28985595703125,214.03237915039065,160.83778381347656,198.45460510253903,Russia / Ukraine Tensions,,,5.456559049472056
2025-03-13,20250313,585,254.8129119873047,214.5130157470703,282.5132141113281,165.33810424804688,202.0170745849609,Russia / Ukraine Tensions,,,5.368370416000668
2025-03-14,20250314,622,223.67819213867188,212.3711395263672,265.707763671875,169.614990234375,208.3243408203125,Russia / Ukraine Tensions,,,5.358335402199416
2025-03-17,20250317,531,155.95892333984375,136.8214111328125,186.7460174560547,169.760009765625,188.26272583007807,Russia / Ukraine Tensions,,,4.918676507070138
2025-03-18,20250318,560,201.12017822265625,271.2662353515625,206.5877990722656,173.57896423339844,185.33181762695312,Russia / Ukraine Tensions,,,5.603100756894145
2025-03-19,20250319,578,275.0921325683594,251.39157104492188,314.52813720703125,177.54026794433594,193.4554748535156,Russia / Ukraine Tensions,,,5.52701176753091
2025-03-20,20250320,592,246.2043609619141,223.1331787109375,251.25540161132807,178.49327087402344,192.2256774902344,Russia / Ukraine Tensions,,,5.40776880714923
2025-03-21,20250321,584,158.8217315673828,135.71388244628906,160.3649444580078,178.24586486816406,182.96046447753903,Russia / Ukraine Tensions,,,4.910548864086462
2025-03-24,20250324,515,141.50775146484375,192.3711395263672,96.27391815185548,170.81494140625,175.77528381347656,Russia / Ukraine Tensions,,,5.259426524518402
2025-03-25,20250325,569,139.72164916992188,81.25342559814453,174.27439880371094,172.2419891357422,167.00405883789062,Russia / Ukraine Tensions,,,4.397572981529021
2025-03-26,20250326,554,155.46347045898438,119.21918487548828,208.8251953125,172.62327575683594,149.91424560546875,Russia / Ukraine Tensions,,,4.780963688622696
2025-03-27,20250327,616,155.94879150390625,160.82977294921875,143.0911102294922,172.3108367919922,137.02059936523438,Russia / Ukraine Tensions,,,5.080346494762599
2025-03-28,20250328,614,156.456787109375,139.83982849121094,188.4188232421875,172.1133575439453,136.68275451660156,Russia / Ukraine Tensions,,,4.94049768544202
2025-03-31,20250331,510,188.3616943359375,90.65332794189452,259.2474365234375,171.75950622558594,140.47142028808594,Russia / Ukraine Tensions,,,4.507042648517003
2025-04-01,20250401,583,90.91094970703124,79.30223083496094,94.49412536621094,171.99838256835938,133.49847412109375,Russia / Ukraine Tensions,,,4.373266259833527
2025-04-02,20250402,601,115.74695587158205,109.89588165283205,119.16322326660156,170.7156524658203,127.82467651367188,Russia / Ukraine Tensions,,,4.699533387120818
2025-04-03,20250403,575,97.93678283691406,114.86508178710938,86.22794342041016,165.5317840576172,119.53724670410156,Russia / Ukraine Tensions,,,4.743758237771996
2025-04-04,20250404,599,176.9652099609375,187.44677734375,183.940170288086,165.4148406982422,122.46702575683594,Russia / Ukraine Tensions,,,5.23349495094958
2025-04-08,20250408,543,128.1103515625,133.7977294921875,142.0370330810547,158.99778747558594,129.85760498046875,Russia / Ukraine Tensions,,,4.896329178134507
2025-04-09,20250409,577,189.45361328125,206.04049682617188,152.7627716064453,157.3644561767578,140.3871307373047,Russia / Ukraine Tensions,,,5.328072736003795
2025-04-10,20250410,578,166.2014923095703,148.54957580566406,162.02963256835938,155.51663208007812,150.1392364501953,Russia / Ukraine Tensions,,,5.000918746338495
2025-04-11,20250411,590,134.74850463867188,100.75031280517578,168.07142639160156,152.73402404785156,144.1082763671875,Russia / Ukraine Tensions,,,4.612645305587986
2025-04-14,20250414,532,168.11903381347656,161.3940887451172,196.75027465820312,143.54298400878906,138.8350372314453,Russia / Ukraine Tensions,,,5.083849130289783
2025-04-15,20250415,562,141.4619598388672,141.0265350341797,147.03756713867188,145.15989685058594,140.74241638183594,Russia / Ukraine Tensions,,,4.948948064404097
2025-04-16,20250416,551,156.30990600585938,191.7892608642578,169.96937561035156,145.17160034179688,136.00759887695312,Russia / Ukraine Tensions,,,5.256397169558813
2025-04-17,20250417,541,122.4609146118164,97.66717529296876,142.56211853027344,142.54962158203125,129.75894165039062,Russia / Ukraine Tensions,,,4.581565528113234
2025-04-18,20250418,547,187.7323455810547,156.96829223632812,241.71148681640625,139.63763427734375,137.32806396484375,Russia / Ukraine Tensions,,,5.05604382467342
2025-04-21,20250421,481,158.39720153808594,137.31272888183594,171.79856872558594,137.30763244628906,150.55166625976562,Russia / Ukraine Tensions,,,4.922261017011612
2025-04-22,20250422,547,133.2294158935547,193.1917419433593,100.71311950683594,138.5182647705078,149.37559509277344,Russia / Ukraine Tensions,,,5.263683177300493
2025-04-23,20250423,564,146.83367919921875,105.39482879638672,185.58712768554688,138.69580078125,148.0218505859375,Russia / Ukraine Tensions,,,4.657713572250773
2025-04-24,20250424,573,179.21395874023438,149.84580993652344,221.12945556640625,140.01220703125,156.12942504882812,Russia / Ukraine Tensions,,,5.009606831653508
2025-04-25,20250425,575,190.11257934570312,206.7571563720703,249.1029510498047,141.16717529296875,156.46945190429688,Russia / Ukraine Tensions,,,5.331544946954438
2025-04-28,20250428,524,113.79048919677734,75.62682342529297,168.21397399902344,139.38772583007812,148.6718292236328,Russia / Ukraine Tensions,,,4.325811027469163
2025-04-29,20250429,544,127.8748550415039,109.26964569091795,162.02963256835938,141.81500244140625,147.90689086914062,Russia / Ukraine Tensions,,,4.693818641067266
2025-05-05,20250505,511,213.92315673828125,193.87698364257807,280.3017578125,141.89620971679688,135.5714874267578,Russia / Ukraine Tensions,,,5.2672238529986
2025-05-06,20250506,540,214.7034606933593,281.3131103515625,214.2391967773437,145.1942596435547,147.97557067871094,Russia / Ukraine Tensions,,,5.6394683207075404
2025-05-07,20250507,609,250.2103576660156,357.8924560546875,262.3337097167969,149.34413146972656,163.68927001953125,Russia / Ukraine Tensions,,,5.880232539189078
2025-05-08,20250508,605,246.38934326171875,251.08938598632807,309.5971374511719,153.28677368164062,183.8382263183593,Russia / Ukraine Tensions,,,5.52580899520374
2025-05-09,20250509,618,150.08396911621094,128.2474365234375,160.45652770996094,151.9744415283203,179.41123962402344,Russia / Ukraine Tensions,,,4.853961495729768
2025-05-12,20250512,513,200.1746520996093,193.12112426757807,214.776123046875,152.87661743164062,183.29446411132807,Russia / Ukraine Tensions,,,5.26331757893324
2025-05-13,20250513,552,150.0257110595703,83.75579071044922,199.60171508789065,154.82569885253906,174.05479431152344,Russia / Ukraine Tensions,,,4.427905311126255
2025-05-14,20250514,548,145.07595825195312,96.41960144042967,180.9528045654297,154.05758666992188,159.03558349609375,Russia / Ukraine Tensions,,,4.568709515391145
2025-05-15,20250515,574,213.5278778076172,138.0782470703125,287.92724609375,156.4597930908203,154.34109497070312,Russia / Ukraine Tensions,,,4.927820532224933
2025-05-16,20250516,625,206.7042236328125,116.24346923828124,308.5044250488281,158.1396026611328,162.42970275878906,Russia / Ukraine Tensions,,,4.755686864293959
2025-05-19,20250519,500,231.87974548339844,303.8181457519531,220.3603057861328,160.9641876220703,175.37986755371094,Russia / Ukraine Tensions,,,5.716429317647052
2025-05-20,20250520,515,167.23641967773438,153.89691162109375,224.6391448974609,160.8685760498047,177.8385467529297,Russia / Ukraine Tensions,,,5.036282973204193
2025-05-21,20250521,551,222.44102478027344,95.8946304321289,349.9369506835937,163.0033721923828,188.89068603515625,Russia / Ukraine Tensions,,,4.563249988998868
2025-05-22,20250522,581,205.25376892089844,170.518310546875,246.53045654296875,165.4041748046875,187.70867919921875,Russia / Ukraine Tensions,,,5.138842684194135
2025-05-23,20250523,608,103.51773834228516,65.17837524414062,117.7912826538086,163.96031188964844,172.96774291992188,Russia / Ukraine Tensions,,,4.177127745883947
2025-05-26,20250526,403,180.8349609375,163.88938903808594,232.389892578125,161.29151916503906,158.73736572265625,Russia / Ukraine Tensions,,,5.099191743190857
2025-05-27,20250527,505,203.34573364257807,222.33786010742188,218.1785125732422,162.93394470214844,163.8958282470703,Russia / Ukraine Tensions,,,5.404198117343492
2025-05-28,20250528,552,228.03907775878903,167.51158142089844,279.4424133300781,166.7422332763672,164.695556640625,Russia / Ukraine Tensions,,,5.121052491686201
2025-05-29,20250529,567,169.4258575439453,104.83718872070312,223.4694366455078,168.1272735595703,159.57728576660156,Russia / Ukraine Tensions,,,4.6524085631462615
2025-05-30,20250530,572,185.31846618652344,150.1077880859375,221.5160369873047,169.6307373046875,171.2631072998047,Russia / Ukraine Tensions,,,5.011353623275647
2025-06-02,20250602,536,247.2065277099609,197.156494140625,256.9499816894531,172.69483947753906,178.52171325683594,Russia / Ukraine Tensions,,,5.283997799880667
2025-06-03,20250603,533,205.0933074951172,223.0494537353516,248.0603790283203,176.35166931152344,178.7713623046875,Russia / Ukraine Tensions,,,5.407393512503136
2025-06-04,20250604,538,197.0300445556641,184.1470947265625,235.51519775390625,175.78857421875,174.34149169921875,Russia / Ukraine Tensions,,,5.215734866098484
2025-06-05,20250605,581,245.16421508789065,181.88619995117188,341.3498840332031,176.80392456054688,185.1612701416016,Russia / Ukraine Tensions,,,5.2033812165173
2025-06-06,20250606,601,137.7939910888672,142.86463928222656,128.32962036132812,173.0567169189453,178.37205505371094,Russia / Ukraine Tensions,,,4.961897603525646
2025-06-09,20250609,547,145.3411865234375,144.89381408691406,201.42623901367188,167.84474182128906,163.16748046875,Russia / Ukraine Tensions,,,4.976001157503788
2025-06-10,20250610,580,188.4736785888672,113.87487030029295,246.9555206298828,170.6431121826172,160.79324340820312,Russia / Ukraine Tensions,,,4.73510021661388
2025-06-11,20250611,579,177.35682678222656,68.44292449951172,256.896728515625,169.88250732421875,157.9827880859375,Russia / Ukraine Tensions,,,4.226000178963068
2025-06-12,20250612,591,168.150634765625,89.404296875,233.0375518798828,170.48667907714844,146.98085021972656,Russia / Ukraine Tensions,,,4.493168744503204
2025-06-13,20250613,576,166.77857971191406,80.2659683227539,267.7989807128906,171.21009826660156,151.1215057373047,Russia / Ukraine Tensions,,,4.385345724430792
2025-06-16,20250616,520,273.92388916015625,177.8199920654297,413.1755981445313,177.453125,207.28903198242188,Russia / Ukraine Tensions,,,5.180771758071631
2025-06-17,20250617,531,293.2027893066406,199.0129547119141,435.7406921386719,182.63638305664065,222.2503356933593,Russia / Ukraine Tensions,,,5.293369921660486
2025-06-18,20250618,537,320.7700500488281,159.89134216308594,482.1663818359375,185.59939575195312,242.73794555664065,Russia / Ukraine Tensions,,,5.074494473052459
2025-06-19,20250619,483,205.7495574951172,177.76739501953125,250.92788696289065,186.88316345214844,248.1092224121093,Russia / Ukraine Tensions,,,5.180475926170994
2025-06-20,20250620,593,284.8919982910156,345.2732238769531,353.0224304199219,188.96487426757807,264.9825744628906,Russia / Ukraine Tensions,,,5.844336056868372
2025-06-23,20250623,509,540.163330078125,583.9163208007812,606.0990600585938,206.8677215576172,291.448974609375,Russia / Ukraine Tensions,,,6.369757686261733
2025-06-24,20250624,518,351.72052001953125,318.76171875,436.0411376953125,213.85153198242188,299.80865478515625,Russia / Ukraine Tensions,,,5.764443860502713
2025-06-25,20250625,595,328.4731140136719,188.7069396972656,462.94183349609375,218.7727966308593,300.9090881347656,Russia / Ukraine Tensions,,,5.24019522804838
2025-06-26,20250626,538,233.9731903076172,171.87063598632812,296.9539489746094,219.7937164306641,304.9410400390625,Russia / Ukraine Tensions,,,5.146742077473489
2025-06-27,20250627,573,231.2438201904297,138.3192138671875,317.272705078125,219.90054321289065,297.2770080566406,Russia / Ukraine Tensions,,,4.929564157923282
2025-06-30,20250630,516,147.65321350097656,89.5992202758789,181.49832153320312,218.0889587402344,214.3917694091797,Russia / Ukraine Tensions,,,4.495346617664882
2025-07-01,20250701,542,189.4642028808593,182.7880706787109,233.77706909179688,219.02505493164065,191.21229553222656,Russia / Ukraine Tensions,,,5.2083273980214
2025-07-02,20250702,553,95.84282684326172,131.37823486328125,99.62039184570312,213.97959899902344,157.97940063476562,Russia / Ukraine Tensions,,,4.878080452020755
2025-07-03,20250703,582,96.75885009765624,113.48355102539062,75.72518920898438,210.36843872070312,138.37734985351562,Russia / Ukraine Tensions,,,4.731657901532405
2025-07-04,20250704,486,156.76760864257812,149.49005126953125,147.36029052734375,209.0263671875,127.73788452148438,Russia / Ukraine Tensions,,,5.007229843924313
2025-07-07,20250707,516,115.55469512939452,76.79933166503906,138.79283142089844,201.46975708007807,114.87539672851562,Russia / Ukraine Tensions,,,4.341195937837624
2025-07-08,20250708,524,151.7206573486328,138.64918518066406,168.21397399902344,203.103271484375,109.48345947265624,Russia / Ukraine Tensions,,,4.931946895237191
2025-07-09,20250709,559,136.29527282714844,59.07641220092773,187.2471160888672,202.80172729492188,115.26237487792967,Russia / Ukraine Tensions,,,4.078831728008198
2025-07-10,20250710,567,146.05677795410156,104.83718872070312,194.32125854492188,201.3878326416016,122.30493927001952,Russia / Ukraine Tensions,,,4.6524085631462615
2025-07-11,20250711,591,134.5205078125,178.80859375,139.82252502441406,199.9599609375,119.12678527832033,Russia / Ukraine Tensions,,,5.186315925063149
2025-07-14,20250714,554,107.62855529785156,71.53150939941406,129.27273559570312,187.66668701171875,120.28243255615234,Russia / Ukraine Tensions,,,4.270138043525142
2025-07-15,20250715,537,166.55368041992188,147.59201049804688,184.65948486328125,187.58224487304688,122.40143585205078,Russia / Ukraine Tensions,,,4.994451781284296
2025-07-16,20250716,540,177.89715576171875,134.54104614257812,244.84478759765625,184.38136291503903,128.3445587158203,Russia / Ukraine Tensions,,,4.901869328266487
2025-07-17,20250717,577,155.00750732421875,160.25372314453125,162.31045532226562,179.77484130859375,129.62322998046875,Russia / Ukraine Tensions,,,5.076758328882098
2025-07-18,20250718,615,140.04351806640625,107.3941879272461,179.1547088623047,173.75062561035156,130.4122314453125,Russia / Ukraine Tensions,,,4.676506064476785
2025-07-21,20250721,482,144.323486328125,95.91950225830078,171.442138671875,161.92327880859375,133.00271606445312,Russia / Ukraine Tensions,,,4.56350932157215
2025-07-22,20250722,475,118.55506134033205,83.42832946777344,162.37075805664062,157.8861541748047,126.14576721191406,Russia / Ukraine Tensions,,,4.423987933553664
2025-07-23,20250723,533,142.94383239746094,123.91637420654295,144.70188903808594,144.6455078125,121.15243530273438,Russia / Ukraine Tensions,,,4.819606936533872
2025-07-24,20250724,548,199.4794464111328,132.5769500732422,261.37628173828125,139.57080078125,127.5055694580078,Russia / Ukraine Tensions,,,4.887163232122951
2025-07-25,20250725,566,122.90444946289062,105.0224151611328,145.99844360351562,132.718505859375,125.05712890625,Russia / Ukraine Tensions,,,4.654173805099471
2025-07-28,20250728,489,142.25750732421875,175.58621215820312,135.19036865234375,127.43219757080078,143.25726318359375,Russia / Ukraine Tensions,,,5.168130159657022
2025-07-29,20250729,522,126.91829681396484,88.56934356689453,158.3048095703125,128.4832000732422,144.45201110839844,Russia / Ukraine Tensions,,,4.483785788332973
2025-07-30,20250730,514,219.11924743652344,269.84356689453125,257.2299194335937,130.8654022216797,155.33421325683594,Russia / Ukraine Tensions,,,5.597842409219734
2025-07-31,20250731,563,176.5133819580078,164.2387237548828,176.13168334960938,130.4337158203125,152.0533447265625,Russia / Ukraine Tensions,,,5.101321002069691
2025-08-01,20250801,555,179.05772399902344,107.10393524169922,238.22735595703125,133.20753479003906,160.0752410888672,Russia / Ukraine Tensions,,,4.673799720398647
2025-08-04,20250804,492,127.9243621826172,120.8184585571289,134.36602783203125,132.43421936035156,147.56585693359375,Russia / Ukraine Tensions,,,4.794289076452822
2025-08-05,20250805,505,163.98849487304688,117.7082748413086,207.26959228515625,136.27670288085938,152.86160278320312,Russia / Ukraine Tensions,,,4.768209316309076
2025-08-06,20250806,521,133.52000427246094,114.09344482421876,158.60865783691406,136.87554931640625,140.63314819335938,Russia / Ukraine Tensions,,,4.737017804071451
2025-08-07,20250807,533,149.1587677001953,136.30799865722656,144.70188903808594,136.79014587402344,136.725341796875,Russia / Ukraine Tensions,,,4.914917021186261
2025-08-08,20250808,548,175.30010986328125,132.5769500732422,201.0586700439453,138.09031677246094,136.18853759765625,Russia / Ukraine Tensions,,,4.887163232122951
2025-08-11,20250811,487,176.85165405273438,189.8694000244141,192.3062286376953,137.84278869628906,145.4552001953125,Russia / Ukraine Tensions,,,5.246336467522033
2025-08-12,20250812,520,140.1470947265625,101.6114273071289,211.88491821289065,141.0914306640625,142.04928588867188,Russia / Ukraine Tensions,,,4.621156002315075
2025-08-13,20250813,520,159.25807189941406,165.11856079101562,190.6964263916016,142.81240844726562,145.7261505126953,Russia / Ukraine Tensions,,,5.106663766115529
2025-08-14,20250814,516,173.33203125,166.3985595703125,202.85104370117188,143.03836059570312,149.17947387695312,Russia / Ukraine Tensions,,,5.114385871921231
2025-08-15,20250815,524,139.0772705078125,88.23129272460938,168.21397399902344,141.74435424804688,144.00477600097656,Russia / Ukraine Tensions,,,4.4799616928846895
2025-08-18,20250818,443,224.327392578125,223.6368865966797,236.27798461914065,145.9282684326172,155.81463623046875,Russia / Ukraine Tensions,,,5.410023694565742
2025-08-19,20250819,513,135.60218811035156,167.37164306640625,107.3880615234375,147.4858856201172,155.16537475585938,Russia / Ukraine Tensions,,,5.120216747448181
2025-08-20,20250820,511,155.58047485351562,116.32618713378906,183.27423095703125,147.86111450195312,154.63999938964844,Russia / Ukraine Tensions,,,4.756398202998123
2025-08-21,20250821,515,122.21123504638672,115.42268371582033,128.36521911621094,147.9829864501953,147.33702087402344,Russia / Ukraine Tensions,,,4.748600900752412
2025-08-22,20250822,507,104.53862762451172,52.10842514038086,141.25660705566406,146.7028045654297,142.40293884277344,Russia / Ukraine Tensions,,,3.953326646633324
2025-08-25,20250825,452,131.91641235351562,146.12261962890625,121.88069915771484,142.76560974121094,120.89273834228516,Russia / Ukraine Tensions,,,4.984446129694836
2025-08-26,20250826,457,108.72760772705078,101.16673278808594,96.43777465820312,141.3028106689453,117.0535125732422,Russia / Ukraine Tensions,,,4.616769975420217
2025-08-27,20250827,514,186.8958435058593,154.19631958007812,203.64035034179688,142.79075622558594,121.52713775634766,Russia / Ukraine Tensions,,,5.038226593010912
2025-08-28,20250828,525,170.36062622070312,150.96554565429688,188.8802490234375,144.23883056640625,128.40562438964844,Russia / Ukraine Tensions,,,5.017051636304314
2025-08-29,20250829,528,175.66647338867188,137.5988006591797,219.10826110839844,142.7904052734375,138.56674194335938,Russia / Ukraine Tensions,,,4.924342209321575
2025-09-03,20250903,530,187.5038299560547,199.38845825195312,187.098373413086,139.8773193359375,135.07969665527344,Russia / Ukraine Tensions,,,5.295254973465092
2025-09-04,20250904,519,114.8867416381836,76.35540771484375,148.60520935058594,138.24058532714844,127.15485382080078,Russia / Ukraine Tensions,,,4.33539885711774
2025-09-05,20250905,534,142.67613220214844,86.57901763916016,196.01336669921875,138.54579162597656,122.44194793701172,Russia / Ukraine Tensions,,,4.461057495670419
2025-09-08,20250908,460,115.21974182128906,114.86508178710938,131.7371368408203,133.62387084960938,122.87294006347656,Russia / Ukraine Tensions,,,4.743758237771996
2025-09-09,20250909,521,95.37142944335938,126.77049255371094,84.5912857055664,133.34249877929688,118.97061157226562,Russia / Ukraine Tensions,,,4.842378306355337
2025-09-10,20250910,504,236.6119842529297,235.8836669921875,273.2642822265625,135.3345184326172,125.9860610961914,Russia / Ukraine Tensions,,,5.463338747018704
2025-09-11,20250911,518,179.05772399902344,178.50656127929688,212.70298767089844,136.63153076171875,135.15335083007812,Russia / Ukraine Tensions,,,5.184625358411349
2025-09-12,20250912,511,103.72032165527344,77.55079650878906,140.15087890625,134.7802734375,129.58822631835938,Russia / Ukraine Tensions,,,4.350933160476173
2025-09-15,20250915,494,100.58403778076172,106.95939636230467,100.36653900146484,130.9919891357422,130.44415283203125,Russia / Ukraine Tensions,,,4.672449289194224
2025-09-16,20250916,517,102.5166015625,102.2010498046875,106.55720520019533,129.24342346191406,131.4648895263672,Russia / Ukraine Tensions,,,4.626941949778368
2025-09-17,20250917,511,142.6154327392578,155.10159301757812,118.58920288085938,126.51968383789062,118.03680419921876,Russia / Ukraine Tensions,,,5.044080341036119
2025-09-18,20250918,515,96.48255157470705,115.42268371582033,85.57682037353516,125.2156982421875,106.24034881591795,Russia / Ukraine Tensions,,,4.748600900752412
2025-09-19,20250919,541,140.83004760742188,73.25038146972656,203.66017150878903,124.72401428222656,111.54174041748048,Russia / Ukraine Tensions,,,4.293883455661454
2025-09-22,20250922,504,131.45111083984375,91.73253631591795,163.95855712890625,126.8627700805664,126.22747802734376,Russia / Ukraine Tensions,,,4.518877128936742
2025-09-23,20250923,517,115.3311767578125,102.2010498046875,138.5243682861328,127.83497619628906,128.05813598632812,Russia / Ukraine Tensions,,,4.626941949778368
2025-09-24,20250924,537,117.20443725585938,86.09534454345703,153.8828887939453,127.34457397460938,124.42799377441406,Russia / Ukraine Tensions,,,4.455455339628707
2025-09-25,20250925,534,148.87945556640625,136.05274963378906,185.69688415527344,128.68296813964844,131.91326904296875,Russia / Ukraine Tensions,,,4.913042675490217
2025-09-26,20250926,541,159.19918823242188,122.08396911621094,173.11114501953125,127.75975036621094,134.5374298095703,Russia / Ukraine Tensions,,,4.804709079427444
2025-09-29,20250929,525,119.8833999633789,100.64369201660156,136.41351318359375,121.32316589355467,113.44198608398438,Russia / Ukraine Tensions,,,4.6115864776588245
2025-09-30,20250930,512,161.74647521972656,154.7986602783203,150.63693237304688,125.22256469726562,120.07274627685548,Russia / Ukraine Tensions,,,5.042125306585362
2025-10-01,20251001,548,169.25527954101562,156.68185424804688,211.11160278320312,126.06358337402344,127.50858306884766,Russia / Ukraine Tensions,,,5.054217343346232
2025-10-02,20251002,520,184.7393493652344,241.3271484375,180.10218811035156,128.13197326660156,132.6314239501953,Russia / Ukraine Tensions,,,5.486153475367795
2025-10-03,20251003,565,293.1475830078125,268.8656311035156,282.7632141113281,131.65342712402344,151.76690673828125,Russia / Ukraine Tensions,,,5.594211742177511
2025-10-06,20251006,523,190.0134429931641,202.05712890625,158.0021209716797,132.7479705810547,171.7418670654297,Russia / Ukraine Tensions,,,5.308550473783769
2025-10-07,20251007,485,163.92086791992188,108.9442138671875,181.740463256836,135.7376251220703,172.052490234375,Russia / Ukraine Tensions,,,4.690835951831534
2025-10-08,20251008,514,83.78089141845703,128.49693298339844,42.87165451049805,134.68966674804688,159.8418731689453,Russia / Ukraine Tensions,,,4.855905036216958
2025-10-09,20251009,511,194.47560119628903,180.95184326171875,204.8358917236328,137.99314880371094,161.23275756835938,Russia / Ukraine Tensions,,,5.198230936538243
2025-10-10,20251010,558,184.0315399169922,177.54684448242188,197.4554748535156,136.24046325683594,145.64476013183594,Russia / Ukraine Tensions,,,5.179234486673697
2025-10-13,20251013,485,198.0710601806641,190.65237426757807,238.53436279296875,137.69754028320312,150.8661651611328,Russia / Ukraine Tensions,,,5.250451739766957
2025-10-14,20251014,457,202.95819091796875,144.52391052246094,241.09442138671875,141.316162109375,156.4429168701172,Russia / Ukraine Tensions,,,4.973444964607388
2025-10-15,20251015,522,184.0315399169922,113.87487030029295,221.6267547607422,144.0977325439453,170.76443481445312,Russia / Ukraine Tensions,,,4.73510021661388
2025-10-16,20251016,486,149.9516143798828,95.13003540039062,204.03732299804688,145.6789093017578,164.40386962890625,Russia / Ukraine Tensions,,,4.555244749344761
2025-10-17,20251017,569,133.89991760253906,162.50685119628906,145.22866821289062,145.38839721679688,157.24221801757812,Russia / Ukraine Tensions,,,5.090720162088966
2025-10-20,20251020,473,161.07623291015625,237.3797607421875,151.4103546142578,144.7870635986328,149.95680236816406,Russia / Ukraine Tensions,,,5.469661224717275
2025-10-21,20251021,505,177.1075897216797,143.8656768798828,207.26959228515625,147.0202178955078,146.2638702392578,Russia / Ukraine Tensions,,,4.968880064802603
2025-10-22,20251022,512,122.92731475830078,128.99888610839844,139.8771514892578,146.736083984375,137.53468322753906,Russia / Ukraine Tensions,,,4.859803769505775
2025-10-23,20251023,514,193.3405303955078,141.3466339111328,257.2299194335937,149.33639526367188,143.7331085205078,Russia / Ukraine Tensions,,,4.951215269997769
2025-10-24,20251024,522,158.6478729248047,113.87487030029295,189.9657745361328,150.7178497314453,147.26852416992188,Russia / Ukraine Tensions,,,4.73510021661388
2025-10-27,20251027,467,163.14573669433594,127.28626251220705,188.7454376220703,151.81529235839844,149.71209716796875,Russia / Ukraine Tensions,,,4.846438585460597
2025-10-28,20251028,512,129.3971710205078,154.7986602783203,107.59780883789062,153.50730895996094,142.89633178710938,Russia / Ukraine Tensions,,,5.042125306585362
2025-10-29,20251029,492,100.992919921875,134.24273681640625,111.97169494628906,152.87762451171875,139.76284790039062,Russia / Ukraine Tensions,,,4.899649629999201
2025-10-30,20251030,552,132.0226287841797,83.75579071044922,159.68138122558594,151.88682556152344,131.00314331054688,Russia / Ukraine Tensions,,,4.427905311126255
2025-10-31,20251031,605,158.78424072265625,141.9200897216797,236.750732421875,151.5377960205078,131.02261352539062,Russia / Ukraine Tensions,,,4.955264150760053
2025-11-03,20251103,546,236.6119842529297,350.8013610839844,141.25660705566406,142.9195098876953,125.65625,Russia / Ukraine Tensions,,,5.860220140433444
2025-11-04,20251104,526,107.0601806640625,138.1219940185547,104.73397827148438,144.3470916748047,122.46524810791016,Russia / Ukraine Tensions,,,4.92813730927361
2025-11-05,20251105,564,140.9603271484375,93.68428802490234,195.3548889160156,142.7119903564453,128.1748809814453,Russia / Ukraine Tensions,,,4.539930491351452
2025-11-06,20251106,565,82.0813217163086,93.51847839355467,87.75410461425781,139.9840087890625,121.0404052734375,Russia / Ukraine Tensions,,,4.53815904664602
2025-11-07,20251107,601,99.21167755126952,87.91670227050781,100.8304214477539,140.4983673095703,112.53004455566406,Russia / Ukraine Tensions,,,4.476389801094685
2025-11-10,20251110,504,105.160888671875,117.94183349609376,98.37513732910156,129.84454345703125,89.05897521972656,Russia / Ukraine Tensions,,,4.77019156645876
2025-11-11,20251111,571,104.4241943359375,80.96882629394531,144.71998596191406,130.10614013671875,88.68240356445312,Russia / Ukraine Tensions,,,4.394064220026027
2025-11-12,20251112,599,77.42227935791016,99.23653411865234,101.16708374023438,126.08451080322266,79.60554504394531,Russia / Ukraine Tensions,,,4.597506233976052
2025-11-13,20251113,513,71.02971649169922,64.37371063232422,64.4328384399414,121.68689727783205,78.02674102783203,Russia / Ukraine Tensions,,,4.164705329770878
2025-11-14,20251114,607,81.85916900634766,43.52383804321289,108.90953826904295,118.2811508178711,75.54781341552734,Russia / Ukraine Tensions,,,3.773308788990327
2025-11-17,20251117,474,111.8166275024414,69.67028045654297,127.84617614746094,113.92497253417967,86.06532287597656,Russia / Ukraine Tensions,,,4.243773834533322
2025-11-18,20251118,530,81.25166320800781,49.84711456298828,93.54918670654295,113.19255065917967,82.75495910644531,Russia / Ukraine Tensions,,,3.9089606123452008
2025-11-19,20251119,557,59.47159194946289,59.28853225708008,59.34299087524414,109.80572509765624,80.1905746459961,Russia / Ukraine Tensions,,,4.082415902092907
2025-11-20,20251120,586,84.79268646240234,67.62535095214844,94.0103759765625,106.7285614013672,82.1567153930664,Russia / Ukraine Tensions,,,4.213982926833747
2025-11-21,20251121,569,163.00860595703125,23.21526336669922,261.41162109375,108.06460571289062,93.7494888305664,Russia / Ukraine Tensions,,,3.144809966085511
2025-11-24,20251124,478,173.25144958496094,234.896713256836,138.30145263671875,103.54708862304688,101.90605926513672,Russia / Ukraine Tensions,,,5.45914589947177
2025-11-25,20251125,581,188.14927673339844,45.47154998779297,293.9401550292969,105.6700439453125,117.1771469116211,Russia / Ukraine Tensions,,,3.817086855397409
2025-11-26,20251126,560,118.30599212646484,47.176734924316406,167.23773193359375,104.17538452148438,125.58206176757812,Russia / Ukraine Tensions,,,3.8539008669284898
2025-11-27,20251127,420,181.4025115966797,172.98135375976562,170.51690673828125,105.90889739990234,139.3834686279297,Russia / Ukraine Tensions,,,5.153183806953452
2025-11-28,20251128,569,151.36514282226562,81.25342559814453,213.0020446777344,107.58796691894533,137.72010803222656,Russia / Ukraine Tensions,,,4.397572981529021
2025-12-01,20251201,486,149.9516143798828,135.90005493164062,147.36029052734375,106.42005157470705,137.07467651367188,Russia / Ukraine Tensions,,,4.911919725363349
2025-12-02,20251202,542,110.011474609375,109.6728515625,121.97064971923828,108.17862701416016,125.91213989257812,Russia / Ukraine Tensions,,,4.697501857733442
2025-12-03,20251203,560,106.47539520263672,117.94183349609376,127.88768005371094,103.84073638916016,124.22205352783205,Russia / Ukraine Tensions,,,4.77019156645876
2025-12-04,20251204,557,154.6261444091797,142.29248046875,187.91946411132807,105.42626953125,120.39685821533205,Russia / Ukraine Tensions,,,4.9578846608938845
2025-12-05,20251205,551,150.29798889160156,131.85511779785156,189.9657745361328,105.7375259399414,120.2444076538086,Russia / Ukraine Tensions,,,4.881703727350146
2025-12-08,20251208,509,110.63585662841795,116.78327178955078,97.40878295898438,105.35163116455078,107.90641784667967,Russia / Ukraine Tensions,,,4.760319839157149
2025-12-09,20251209,539,104.47801208496094,61.26848220825195,122.64952087402344,108.0102081298828,107.11592864990234,Russia / Ukraine Tensions,,,4.115265554246166
2025-12-10,20251210,554,95.6698226928711,59.60959243774414,119.32868957519533,107.69384002685548,105.57227325439452,Russia / Ukraine Tensions,,,4.08781650806275
2025-12-11,20251211,559,142.22116088867188,106.33753967285156,187.2471160888672,108.95374298095705,103.80013275146484,Russia / Ukraine Tensions,,,4.666618371386232
2025-12-12,20251212,548,175.30010986328125,108.4720458984375,201.0586700439453,112.2163314819336,107.37186431884766,Russia / Ukraine Tensions,,,4.686492498296189
2025-12-15,20251215,475,202.2409820556641,250.2849884033203,173.96865844726562,120.00566864013672,140.07345581054688,Russia / Ukraine Tensions,,,5.522600222221773
2025-12-16,20251216,525,145.1220245361328,150.96554565429688,136.41351318359375,122.1887664794922,145.87974548339844,Russia / Ukraine Tensions,,,5.017051636304314
2025-12-17,20251217,556,125.1149673461914,130.66937255859375,118.89944458007812,122.63204193115234,150.08619689941406,Russia / Ukraine Tensions,,,4.872670259264523
2025-12-18,20251218,538,209.34442138671875,270.0824279785156,194.55604553222656,126.90180206298828,159.67523193359375,Russia / Ukraine Tensions,,,5.598727201216546
2025-12-19,20251219,562,100.20222473144533,82.26547241210938,147.03756713867188,128.25949096679688,148.94696044921875,Russia / Ukraine Tensions,,,4.40995148638712
2025-12-22,20251222,466,106.6277084350586,127.55941009521484,70.93142700195312,130.53721618652344,133.4816131591797,Russia / Ukraine Tensions,,,4.848582217603215
2025-12-23,20251223,475,97.63357543945312,83.42832946777344,127.57701873779295,130.02127075195312,126.69754791259766,Russia / Ukraine Tensions,,,4.423987933553664
2025-12-24,20251224,444,134.29327392578125,89.25328063964844,186.1151123046875,128.72267150878906,128.0087432861328,Russia / Ukraine Tensions,,,4.491478177851404
2025-12-25,20251225,225,147.22523498535156,234.8352966308593,73.45343780517578,127.35853576660156,119.1345672607422,Russia / Ukraine Tensions,,,5.458884403022587
2025-12-26,20251226,414,144.02468872070312,159.5348358154297,186.29493713378903,128.2158203125,125.3949203491211,Russia / Ukraine Tensions,,,5.072262304744031
2025-12-29,20251229,421,62.946659088134766,47.064674377441406,65.42764282226562,126.22958374023438,127.09556579589844,Russia / Ukraine Tensions,,,3.851522706403943
2025-12-30,20251230,454,218.8921356201172,160.0268096923828,266.9563293457031,130.95809936523438,144.418212890625,Russia / Ukraine Tensions,,,5.075341361774514
2025-12-31,20251231,471,161.7602081298828,140.2280731201172,210.5353240966797,131.3517303466797,148.34207153320312,Russia / Ukraine Tensions,,,4.9432701907906775
2026-01-05,20260105,478,263.3422241210937,165.80943298339844,299.65313720703125,142.44461059570312,188.1788787841797,Russia / Ukraine Tensions,,,5.110839134830687
2026-01-06,20260106,493,255.32977294921875,66.98522186279297,379.9315490722656,149.5924072265625,193.38424682617188,Russia / Ukraine Tensions,,,4.204472025849955
2026-01-07,20260107,506,242.22332763671875,65.26425170898438,348.395751953125,153.97865295410156,204.8789825439453,Russia / Ukraine Tensions,,,4.178444439349213
2026-01-08,20260108,545,267.4366760253906,169.66310119628906,333.57293701171875,159.41061401367188,219.56138610839844,Russia / Ukraine Tensions,,,5.133814713101422
2026-01-09,20260109,604,131.62521362304688,142.15505981445312,118.57135772705078,160.609130859375,213.3531494140625,Russia / Ukraine Tensions,,,4.956918432359432
2026-01-12,20260112,480,186.33192443847656,151.3586883544922,241.01907348632807,164.09693908691406,199.15090942382807,Russia / Ukraine Tensions,,,5.019652439531957
2026-01-13,20260113,554,167.4221954345703,119.21918487548828,228.7133026123047,163.50039672851562,186.5926818847656,Russia / Ukraine Tensions,,,4.780963688622696
2026-01-14,20260114,525,119.8833999633789,62.90231323242188,178.3869171142578,160.75514221191406,169.1155548095703,Russia / Ukraine Tensions,,,4.141582939380271
2026-01-15,20260115,563,152.97825622558594,46.92534637451172,225.05715942382807,161.0170135498047,152.76434326171875,Russia / Ukraine Tensions,,,3.848557963894701
2026-01-16,20260116,544,194.8569183349609,84.98749542236328,283.5518798828125,163.3417510986328,161.79745483398438,Russia / Ukraine Tensions,,,4.442504132990106
2026-01-19,20260119,397,191.91197204589844,116.4564208984375,222.0254821777344,160.83250427246094,143.4654083251953,Russia / Ukraine Tensions,,,4.757517133482983
2026-01-20,20260120,527,251.4282989501953,137.85989379882812,303.1522216796875,165.4430389404297,155.46627807617188,Russia / Ukraine Tensions,,,4.92623790710198
2026-01-21,20260121,551,180.3575897216797,143.84193420410156,219.9603729248047,167.9007110595703,164.10543823242188,Russia / Ukraine Tensions,,,4.968715017546844
2026-01-22,20260122,545,133.7183380126953,84.83155059814453,151.6240692138672,169.10353088378906,161.35403442382812,Russia / Ukraine Tensions,,,4.440667532541476
2026-01-23,20260123,583,193.18576049804688,135.94667053222656,255.1341552734375,171.06661987304688,161.11529541015625,Russia / Ukraine Tensions,,,4.912262680394081
2026-01-26,20260126,574,80.7943344116211,69.03912353515625,76.78059387207031,163.55677795410156,149.76707458496094,Russia / Ukraine Tensions,,,4.234673351664988
2026-01-27,20260127,546,206.2771148681641,96.77278900146484,282.5132141113281,167.77198791503906,143.31689453125,Russia / Ukraine Tensions,,,4.572365849408246
2026-01-28,20260128,568,134.1356658935547,93.02454376220705,184.2801818847656,170.14495849609375,136.71377563476562,Russia / Ukraine Tensions,,,4.532863369756344
2026-01-29,20260129,541,177.5683135986328,122.08396911621094,244.39219665527344,168.76748657226562,142.97805786132812,Russia / Ukraine Tensions,,,4.804709079427444
2026-01-30,20260130,636,161.4616241455078,72.69371032714844,233.8729705810547,168.75753784179688,138.44602966308594,Russia / Ukraine Tensions,,,4.286254865351796
2026-02-02,20260202,546,109.20553588867188,72.57958984375,121.07709503173828,162.34263610839844,146.38580322265625,Russia / Ukraine Tensions,,,4.2846837506770585
2026-02-03,20260203,562,141.4619598388672,105.7698974609375,156.84007263183594,162.53961181640625,137.12649536132812,Russia / Ukraine Tensions,,,4.661265955886315
2026-02-04,20260204,553,239.6070709228516,226.92605590820312,338.7093200683594,161.74844360351562,152.19383239746094,Russia / Ukraine Tensions,,,5.424624219517225
2026-02-05,20260205,547,139.28529357910156,169.0427703857422,120.85574340820312,157.8802947998047,146.72482299804688,Russia / Ukraine Tensions,,,5.1301517621095085
2026-02-06,20260206,577,114.82037353515624,80.12686157226562,143.21510314941406,153.63352966308594,140.06179809570312,Russia / Ukraine Tensions,,,4.383611148322153
2026-02-09,20260209,523,114.00806427001952,101.028564453125,115.86823272705078,143.540771484375,131.9500732421875,Russia / Ukraine Tensions,,,4.615403293223824
2026-02-10,20260210,559,59.25881576538086,23.63056373596192,78.84089660644531,141.55230712890625,120.20677185058594,Russia / Ukraine Tensions,,,3.1625409477048496
2026-02-11,20260211,557,107.04885864257812,142.29248046875,69.23348999023438,138.90953063964844,101.26988983154295,Russia / Ukraine Tensions,,,4.9578846608938845
2026-02-12,20260212,580,125.6491241455078,91.0998992919922,161.47091674804688,137.51710510253906,99.32186126708984,Russia / Ukraine Tensions,,,4.511956698798696
2026-02-13,20260213,624,116.78925323486328,74.09166717529297,158.91368103027344,137.41397094726562,99.60313415527344,Russia / Ukraine Tensions,,,4.305303072203918
2026-02-23,20260223,547,139.28529357910156,108.67034912109376,171.21229553222656,114.38380432128906,106.42578887939452,Russia / Ukraine Tensions,,,4.688318979741853
2026-02-24,20260224,553,197.6758270263672,83.60433959960938,298.8611755371094,118.13446807861328,123.72360229492188,Russia / Ukraine Tensions,,,4.426095427829663
2026-02-25,20260225,575,138.26370239257812,68.91905975341797,201.19854736328125,120.05010986328124,126.0409927368164,Russia / Ukraine Tensions,,,4.232932768987126
2026-02-26,20260226,594,167.3013916015625,66.71456909179688,250.4094390869141,118.75092315673828,133.76258850097656,Russia / Ukraine Tensions,,,4.20042335623321
2026-02-27,20260227,605,197.1114654541016,141.9200897216797,273.1739196777344,120.85011291503906,139.96768188476562,Russia / Ukraine Tensions,,,4.955264150760053
2026-03-02,20260302,549,500.8071594238281,553.40283203125,602.0773315429688,134.05072021484375,223.51368713378903,Russia / Ukraine Tensions,,,6.316086184851929
2026-03-03,20260303,576,391.0670166015625,447.1961364746094,478.2124633789063,143.52438354492188,251.14100646972656,Russia / Ukraine Tensions,,,6.102997282435523
2026-03-04,20260304,583,465.9186401367188,611.7600708007812,548.06591796875,155.41482543945312,297.9488525390625,Russia / Ukraine Tensions,,,6.4163401644689
2026-03-05,20260305,585,413.3631591796875,485.4768371582031,461.4382629394531,164.4781951904297,333.1005249023437,Russia / Ukraine Tensions,,,6.185131577341358
2026-03-06,20260306,642,314.7455444335937,390.9349060058594,240.2682342529297,166.98281860351562,349.9053955078125,Russia / Ukraine Tensions,,,5.96854106532247
2026-03-09,20260309,543,372.1300659179688,608.1715087890625,365.2380676269531,181.9022674560547,342.4312438964844,Russia / Ukraine Tensions,,,6.410456929011275
2026-03-10,20260310,558,457.110595703125,627.3322143554688,434.4020385742188,194.99819946289065,351.8660583496094,Russia / Ukraine Tensions,,,6.441476247770208
2026-03-11,20260311,620,368.6567077636719,543.2933349609375,346.53436279296875,203.48648071289065,337.97149658203125,Russia / Ukraine Tensions,,,6.297649385786549
2026-03-12,20260312,645,313.2816162109375,460.7960205078125,230.609619140625,211.9539031982422,323.67413330078125,Russia / Ukraine Tensions,,,6.132955473293636
2026-03-13,20260313,627,322.2753295898437,505.626220703125,246.0162811279297,219.1281280517578,324.74981689453125,Russia / Ukraine Tensions,,,6.225797702055824
2026-03-16,20260316,497,259.9399108886719,318.9412841796875,277.1130676269531,234.31544494628903,318.3420104980469,Russia / Ukraine Tensions,,,5.76500702371069
2026-03-17,20260317,552,378.0647888183594,574.325439453125,319.3627624511719,246.2005920410156,307.0497436523437,Russia / Ukraine Tensions,,,6.353196203342483
2026-03-18,20260318,608,337.79473876953125,467.1117248535156,308.0694885253906,255.02828979492188,302.6408996582031,Russia / Ukraine Tensions,,,6.146568468570711
2026-03-19,20260319,582,375.6520080566406,476.6308898925781,359.6946716308594,264.9969787597656,311.5509338378906,Russia / Ukraine Tensions,,,6.166742375599571
2026-03-20,20260320,605,328.51910400390625,403.9264221191406,309.5971374511719,271.8795471191406,312.4429016113281,Russia / Ukraine Tensions,,,6.001232737907184
2026-03-23,20260323,540,300.5848388671875,452.5471801757813,285.6522216796875,286.2322692871094,313.6588439941406,Russia / Ukraine Tensions,,,6.11489202328654
2026-03-24,20260324,552,402.0689086914063,502.5347290039063,459.083984375,297.5658264160156,317.0880126953125,Russia / Ukraine Tensions,,,6.2196647499906605
2026-03-25,20260325,596,316.80596923828125,387.8623962402344,351.2454528808594,303.4831848144531,314.0896301269531,Russia / Ukraine Tensions,,,5.960650627855117
2026-03-26,20260326,576,310.55322265625,470.1292114257813,334.74871826171875,307.2457580566406,304.789794921875,Russia / Ukraine Tensions,,,6.1530075748482895
2026-03-27,20260327,608,294.20831298828125,445.3856201171875,244.64341735839844,312.44390869140625,299.88824462890625,Russia / Ukraine Tensions,,,6.098940468979201
2026-03-30,20260330,522,266.5284423828125,379.5829162597656,253.28770446777344,322.0239562988281,294.9970397949219,Russia / Ukraine Tensions,,,5.939073061138647
2026-03-31,20260331,503,447.822265625,590.8815307617188,492.8535461425781,327.82110595703125,301.5332336425781,Russia / Ukraine Tensions,,,6.3816155417482685
2026-04-01,20260401,551,282.5602111816406,419.53900146484375,319.9423522949219,320.54620361328125,296.6409912109375,Russia / Ukraine Tensions,,,6.039156492896408
2026-04-02,20260402,585,328.4255065917969,440.3161926269531,357.85009765625,318.4581604003906,299.1941833496094,Russia / Ukraine Tensions,,,6.0874930884355845
2026-04-03,20260403,519,217.00830078125,330.8734436035156,201.6785125732422,310.1611633300781,288.16558837890625,Russia / Ukraine Tensions,,,5.80173595665563
2026-04-06,20260406,433,306.0108642578125,335.5758361816406,279.90338134765625,300.51727294921875,277.2412414550781,Russia / Ukraine Tensions,,,5.815847970158245
2026-04-07,20260407,486,265.8233337402344,298.9801025390625,272.0497741699219,302.2542419433594,251.24139404296875,Russia / Ukraine Tensions,,,5.700377024484259
2026-04-08,20260408,540,294.4504699707031,440.3161926269531,295.8540954589844,299.6649169921875,252.94000244140625,Russia / Ukraine Tensions,,,6.0874930884355845
2026-04-09,20260409,541,446.9823303222656,524.9610595703125,488.7843933105469,299.32733154296875,269.8766784667969,Russia / Ukraine Tensions,,,6.263324087593703
2026-04-10,20260410,599,320.7494506835937,341.8147277832031,285.10723876953125,297.7304077148437,284.69683837890625,Russia / Ukraine Tensions,,,5.83426885864495
2026-04-13,20260413,522,374.4089965820313,506.1105346679688,474.9144592285156,295.79217529296875,310.8476867675781,Russia / Ukraine Tensions,,,6.2267550933915965
2026-04-14,20260414,579,337.5500793457031,330.8074951171875,475.7346801757813,299.15679931640625,321.0943603515625,Russia / Ukraine Tensions,,,5.801536620441793
2026-04-15,20260415,607,256.4920654296875,261.1430358886719,299.501220703125,299.0418701171875,315.6717529296875,Russia / Ukraine Tensions,,,5.5650682874337685
2026-04-16,20260416,533,348.0371398925781,359.35748291015625,403.0981140136719,298.0409545898437,301.5367126464844,Russia / Ukraine Tensions,,,5.884317667157104
2026-04-17,20260417,608,305.1049194335937,347.6180419921875,289.9477844238281,296.9512939453125,299.3017883300781,Russia / Ukraine Tensions,,,5.851104296509688
2026-04-20,20260420,545,218.8118133544922,290.8510437011719,262.8150329589844,283.4404296875,263.7517395019531,Russia / Ukraine Tensions,,,5.672811258802015
2026-04-21,20260421,522,164.99378967285156,126.5276336669922,221.6267547607422,283.11474609375,239.1008453369141,Russia / Ukraine Tensions,,,4.840460732271706
2026-04-22,20260422,546,224.47804260253903,229.8353729248047,221.97467041015625,280.5778503417969,234.5274200439453,Russia / Ukraine Tensions,,,5.437363282745471
2026-04-23,20260423,550,240.9140014648437,336.241455078125,280.45855712890625,275.2060241699219,219.22412109375,Russia / Ukraine Tensions,,,5.817829518186085
2026-04-24,20260424,578,257.8988647460937,262.8184814453125,304.9969787597656,273.2424621582031,212.4803924560547,Russia / Ukraine Tensions,,,5.571463609272129
2026-04-28,20260428,521,203.45904541015625,278.89508056640625,169.1825714111328,258.8000793457031,195.65646362304688,Russia / Ukraine Tensions,,,5.630835655777292
2026-04-29,20260429,547,248.29116821289065,326.01104736328125,241.71148681640625,258.1921691894531,199.058334350586,Russia / Ukraine Tensions,,,5.786931268409963
