time,close,high,low,open,volume,china_ret_5d
2016-12-08,3215.365966796875,3228.1220703125,3211.470947265625,3225.550048828125,170700.0,-0.0178602426703892
2016-12-09,3232.883056640625,3244.801025390625,3207.04296875,3209.340087890625,204000.0,-0.0033844171494802
2016-12-12,3152.969970703125,3245.094970703125,3149.89599609375,3233.666015625,274700.0,-0.0162764292650327
2016-12-13,3155.037109375,3162.49609375,3118.7119140625,3138.988037109375,185200.0,-0.0140402246669475
2016-12-14,3140.531005859375,3170.02099609375,3136.347900390625,3149.376953125,201400.0,-0.0256854772154839
2016-12-15,3117.677001953125,3138.779052734375,3100.9130859375,3125.757080078125,190000.0,-0.0308530084024972
2016-12-16,3122.98193359375,3128.8740234375,3106.345947265625,3111.514892578125,165000.0,-0.0345860329789018
2016-12-19,3118.0849609375,3125.283935546875,3110.08203125,3120.696044921875,154200.0,-0.0111258376768922
2016-12-20,3102.8759765625,3117.014892578125,3084.800048828125,3115.89794921875,157400.0,-0.0166708422214529
2016-12-21,3137.429931640625,3140.2509765625,3107.239990234375,3107.239990234375,186700.0,-0.0009879241052442
2016-12-22,3139.55810546875,3143.1689453125,3126.886962890625,3132.156005859375,167800.0,0.0069938854243828
2016-12-23,3110.154052734375,3138.404052734375,3103.748046875,3134.928955078125,166200.0,-0.004116033726218
2016-12-26,3122.569091796875,3122.881103515625,3068.4150390625,3095.5791015625,152600.0,0.0014370710483843
2016-12-27,3114.6640625,3127.883056640625,3113.7451171875,3117.386962890625,141500.0,0.0037918855328366
2016-12-28,3102.236083984375,3118.781982421875,3094.549072265625,3113.76708984375,135700.0,-0.011280802782665
2016-12-29,3096.096923828125,3111.799072265625,3087.343994140625,3095.844970703125,132600.0,-0.0139397978907368
2016-12-30,3103.636962890625,3108.839111328125,3089.989013671875,3097.344970703125,133300.0,-0.0020976219563778
2017-01-03,3135.9208984375,3136.4560546875,3105.30908203125,3105.30908203125,141600.0,0.0042667886080495
2017-01-04,3158.7939453125,3160.10302734375,3130.114990234375,3133.787109375,167900.0,0.0140689905518358
2017-01-05,3165.410888671875,3168.501953125,3154.281005859375,3157.906005859375,174700.0,0.0201597009340098
2017-01-06,3154.321044921875,3172.034912109375,3153.02490234375,3163.77587890625,183700.0,0.018631011743103
2017-01-09,3171.236083984375,3173.135986328125,3147.735107421875,3148.531982421875,171700.0,0.0215468060925463
2017-01-10,3161.6708984375,3174.577880859375,3157.33203125,3167.570068359375,179800.0,0.0081777747225111
2017-01-11,3136.75390625,3167.029052734375,3136.26708984375,3156.68603515625,178400.0,-0.0070018144967145
2017-01-12,3119.2890625,3144.969970703125,3115.97900390625,3133.60205078125,148900.0,-0.0146777585420722
2017-01-13,3112.763916015625,3130.514892578125,3102.1630859375,3116.0830078125,156300.0,-0.0132622226362523
2017-01-16,3103.427978515625,3105.14208984375,3044.291015625,3104.491943359375,257900.0,-0.0216141436754624
2017-01-17,3108.77490234375,3108.906982421875,3072.337890625,3087.030029296875,136200.0,-0.0168719266725218
2017-01-18,3113.011962890625,3123.719970703125,3098.5859375,3104.76611328125,131800.0,-0.0075977430407495
2017-01-19,3101.299072265625,3115.778076171875,3094.006103515625,3104.971923828125,123900.0,-0.0057840319915852
2017-01-20,3123.138916015625,3125.659912109375,3095.215087890625,3095.819091796875,122400.0,0.0033275084145451
2017-01-23,3136.77490234375,3145.841064453125,3125.4208984375,3125.4208984375,132700.0,0.0106878708595691
2017-01-24,3142.552978515625,3149.531005859375,3131.218017578125,3134.592041015625,126000.0,0.0108067935488526
2017-01-25,3149.554931640625,3151.471923828125,3133.19091796875,3137.64599609375,112100.0,0.0116704169785397
2017-02-02,3149.554931640625,3151.471923828125,3133.19091796875,3137.64599609375,112100.0,0.0116704169785397
2017-02-03,3140.169921875,3162.677001953125,3136.012939453125,3160.08203125,92200.0,0.0054383547979156
2017-02-06,3156.98388671875,3158.843017578125,3135.386962890625,3143.093017578125,127200.0,0.0064219346517415
2017-02-07,3153.087890625,3159.5439453125,3140.035888671875,3154.405029296875,128300.0,0.003346735355937
2017-02-08,3166.98193359375,3167.447021484375,3132.032958984375,3148.0859375,144900.0,0.0055179116475
2017-02-09,3183.178955078125,3186.837890625,3162.573974609375,3164.68798828125,191600.0,0.0075722952015621
2017-02-10,3196.698974609375,3205.049072265625,3182.802001953125,3183.007080078125,239300.0,0.0178417932333352
2017-02-13,3216.839111328125,3219.406982421875,3198.9951171875,3198.9951171875,220200.0,0.0187821294075099
2017-02-14,3217.927978515625,3219.405029296875,3205.284912109375,3216.136962890625,188800.0,0.0203554120857069
2017-02-15,3212.986083984375,3235.998046875,3206.56103515625,3215.464111328125,241500.0,0.014421686005002
2017-02-16,3229.617919921875,3230.27490234375,3207.784912109375,3210.35693359375,217000.0,0.0144834703301745
2017-02-17,3202.075927734375,3238.39599609375,3199.425048828125,3227.70703125,226200.0,0.0016806199538675
2017-02-20,3239.9609375,3241.4580078125,3198.962890625,3198.962890625,232200.0,0.0071620384192517
2017-02-21,3253.325927734375,3254.3359375,3239.8779296875,3242.222900390625,211700.0,0.0109401679451532
2017-02-22,3261.218017578125,3261.381103515625,3243.840087890625,3252.68994140625,207500.0,0.0149000016573375
2017-02-23,3251.375,3264.08203125,3236.35498046875,3258.83203125,209200.0,0.0067141446011478
2017-02-24,3253.43310546875,3253.9560546875,3233.534912109375,3246.860107421875,186400.0,0.0159114520612199
2017-02-27,3228.659912109375,3251.654052734375,3224.087890625,3249.195068359375,182600.0,-0.0034941101514625
2017-02-28,3241.73291015625,3242.678955078125,3225.968994140625,3225.968994140625,151200.0,-0.0035697998058969
2017-03-01,3246.93408203125,3259.97802734375,3237.87109375,3240.072998046875,190700.0,-0.0043895588989798
2017-03-02,3230.028076171875,3256.806884765625,3228.6650390625,3250.51806640625,181200.0,-0.0065871542828551
2017-03-03,3218.31201171875,3221.155029296875,3206.613037109375,3219.201904296875,157100.0,-0.0108537768093506
2017-03-06,3233.865966796875,3234.6630859375,3215.06689453125,3217.3349609375,156100.0,0.0016111520204982
2017-03-07,3242.406005859375,3242.658935546875,3226.822021484375,3233.093994140625,164100.0,0.0002076129812333
2017-03-08,3240.6650390625,3245.303955078125,3230.60791015625,3240.531982421875,160700.0,-0.0019326240117472
2017-03-09,3216.74609375,3233.875,3205.279052734375,3233.700927734375,167400.0,-0.0041205107746146
2017-03-10,3212.760009765625,3222.319091796875,3208.447021484375,3213.72900390625,136700.0,-0.0017266183037243
2017-03-13,3237.02392578125,3237.12109375,3193.156982421875,3209.448974609375,163700.0,0.0009760509875793
2017-03-14,3239.327880859375,3246.3291015625,3231.52099609375,3235.251953125,146900.0,-0.0009497845129688
2017-03-15,3241.760009765625,3243.712890625,3227.738037109375,3235.403076171875,144100.0,0.0003378274967443
2017-03-16,3268.93505859375,3269.77001953125,3247.1630859375,3247.1630859375,189400.0,0.0160939429768576
2017-03-17,3237.447021484375,3274.18994140625,3232.281005859375,3271.866943359375,200600.0,0.0076546790333459
2017-03-20,3250.80810546875,3251.126953125,3228.117919921875,3241.110107421875,170500.0,0.00424924700942
2017-03-21,3261.611083984375,3262.220947265625,3246.696044921875,3250.2470703125,162700.0,0.0068554067389357
2017-03-22,3245.219970703125,3255.778076171875,3229.1279296875,3246.222900390625,189700.0,0.0010667402322862
2017-03-23,3248.550048828125,3262.091064453125,3221.93408203125,3245.80810546875,193000.0,-0.0062555037423074
2017-03-24,3269.445068359375,3275.20703125,3241.123046875,3247.35009765625,219800.0,0.0098352037707032
2017-03-27,3266.955078125,3283.239013671875,3262.117919921875,3268.924072265625,201900.0,0.0049547690626566
2017-03-28,3252.947998046875,3265.634033203125,3246.0859375,3265.634033203125,161700.0,-0.0026596093258062
2017-03-29,3241.31396484375,3262.097900390625,3233.280029296875,3252.864990234375,216100.0,-0.0012043431423643
2017-03-30,3210.237060546875,3240.01708984375,3195.85205078125,3235.136962890625,247100.0,-0.0118639729172405
2017-03-31,3222.513916015625,3226.248046875,3205.537109375,3206.2529296875,196400.0,-0.0144584924291212
2017-04-03,3222.513916015625,3226.248046875,3205.537109375,3206.2529296875,196400.0,-0.0144584924291212
2017-04-04,3222.513916015625,3226.248046875,3205.537109375,3206.2529296875,196400.0,-0.0144584924291212
2017-04-05,3270.304931640625,3270.64501953125,3233.237060546875,3235.659912109375,248300.0,0.0010248494946877
2017-04-07,3286.615966796875,3295.18701171875,3275.051025390625,3280.6240234375,236100.0,0.0138796616055105
2017-04-10,3269.39306640625,3285.458984375,3265.011962890625,3285.458984375,232700.0,0.0182595760257753
2017-04-11,3288.966064453125,3290.388916015625,3244.405029296875,3266.221923828125,281300.0,0.0204114750485877
2017-04-12,3273.830078125,3284.93408203125,3262.277099609375,3283.8369140625,269400.0,0.0010773453848603
2017-04-13,3275.9599609375,3281.136962890625,3261.489990234375,3265.218017578125,207300.0,-0.0015387982063981
2017-04-14,3244.48291015625,3276.7109375,3238.89599609375,3276.137939453125,208100.0,-0.0129024661657684
2017-04-17,3222.1669921875,3229.948974609375,3199.912109375,3229.948974609375,212700.0,-0.0145502489307777
2017-04-18,3196.712890625,3225.054931640625,3196.488037109375,3215.39599609375,188700.0,-0.0284501890894412
2017-04-19,3170.68701171875,3189.43701171875,3147.06591796875,3184.666015625,213200.0,-0.0320122898648052
2017-04-20,3172.10009765625,3178.18310546875,3148.18408203125,3165.6650390625,190900.0,-0.0322170840672211
2017-04-21,3173.15087890625,3180.7939453125,3158.62890625,3170.2900390625,164800.0,-0.0222309253986042
2017-04-24,3129.531005859375,3164.248046875,3111.215087890625,3164.248046875,186300.0,-0.0291709572061701
2017-04-25,3134.56689453125,3145.26708984375,3117.448974609375,3123.89404296875,153400.0,-0.0196320472958316
2017-04-26,3140.846923828125,3152.952880859375,3131.41796875,3132.91796875,169900.0,-0.0094558028314612
2017-04-27,3152.18701171875,3155.0029296875,3097.3330078125,3131.35009765625,211800.0,-0.0062973585482074
2017-04-28,3154.657958984375,3154.72705078125,3136.577880859375,3144.02197265625,162900.0,-0.0058449845893618
2017-05-03,3135.345947265625,3148.285888671875,3123.7509765625,3138.306884765625,163800.0,0.0002485051253633
2017-05-04,3127.368896484375,3143.818115234375,3111.39111328125,3127.10595703125,178000.0,-0.004300441625423
2017-05-05,3103.0380859375,3117.614013671875,3092.092041015625,3114.77392578125,176200.0,-0.015714842065422
2017-05-08,3078.613037109375,3093.451904296875,3067.694091796875,3090.06494140625,180500.0,-0.0244008948123702
2017-05-09,3080.527099609375,3084.2080078125,3056.55810546875,3064.847900390625,135100.0,-0.0203035214012362
2017-05-10,3052.784912109375,3090.819091796875,3051.590087890625,3078.173095703125,160800.0,-0.0266852580543176
2017-05-11,3061.5,3063.56396484375,3016.531005859375,3036.7890625,191300.0,-0.0212870509550779
2017-05-12,3083.512939453125,3090.490966796875,3051.87109375,3054.112060546875,159700.0,-0.006312147506066
2017-05-15,3090.22900390625,3098.9130859375,3085.931884765625,3085.931884765625,135700.0,0.0037660165225913
2017-05-16,3112.964111328125,3113.511962890625,3060.533935546875,3082.8720703125,173800.0,0.0104746441678611
2017-05-17,3104.44189453125,3119.58203125,3101.294921875,3107.802001953125,168700.0,0.0167796951697778
2017-05-18,3090.138916015625,3103.44091796875,3077.962890625,3082.3291015625,148600.0,0.0093110546026232
2017-05-19,3090.631103515625,3095.48291015625,3081.278076171875,3086.705078125,129600.0,0.0023057988821538
2017-05-22,3075.676025390625,3103.93798828125,3063.153076171875,3087.1708984375,153700.0,-0.0047204767086144
2017-05-23,3061.947021484375,3084.235107421875,3050.842041015625,3069.39404296875,178300.0,-0.0165243675941552
2017-05-24,3064.075927734375,3064.81298828125,3022.302978515625,3047.568115234375,139800.0,-0.0130879229537443
2017-05-25,3107.8310546875,3114.657958984375,3052.8310546875,3055.343017578125,191400.0,0.0057090262807893
2017-05-26,3110.05908203125,3120.6630859375,3100.387939453125,3101.285888671875,155900.0,0.0062664127730732
2017-05-29,3110.05908203125,3120.6630859375,3100.387939453125,3101.285888671875,155900.0,0.0062664127730732
2017-05-30,3110.05908203125,3120.6630859375,3100.387939453125,3101.285888671875,155900.0,0.0062664127730732
2017-05-31,3117.177978515625,3143.279052734375,3111.555908203125,3125.324951171875,153000.0,0.0134033757028488
2017-06-01,3102.623046875,3113.52099609375,3097.678955078125,3108.4208984375,163000.0,0.0131969027123055
2017-06-02,3105.5400390625,3110.388916015625,3081.84912109375,3094.22509765625,142500.0,0.0134415937226578
2017-06-05,3091.656005859375,3105.506103515625,3084.830078125,3102.110107421875,132600.0,-0.0052182012393962
2017-06-06,3102.1259765625,3102.863037109375,3078.787109375,3084.5400390625,113400.0,-0.0025540481187648
2017-06-07,3140.324951171875,3140.77392578125,3098.950927734375,3101.760986328125,173200.0,0.0073981837457382
2017-06-08,3150.333984375,3153.263916015625,3132.827880859375,3136.470947265625,152300.0,0.0152605761366441
2017-06-09,3158.39990234375,3165.919921875,3146.10791015625,3147.452880859375,160100.0,0.0168779134513649
2017-06-12,3139.876953125,3164.949951171875,3135.31396484375,3149.527099609375,146700.0,0.0154767406695802
2017-06-13,3153.742919921875,3155.989990234375,3131.04296875,3134.009033203125,128300.0,0.0165023006697163
2017-06-14,3130.674072265625,3149.173095703125,3125.35498046875,3146.748046875,138300.0,-0.0030779422829854
2017-06-15,3132.486083984375,3137.5849609375,3117.083984375,3125.5869140625,147000.0,-0.0056815086876836
2017-06-16,3123.166015625,3134.2509765625,3117.85693359375,3126.373046875,129700.0,-0.011218303427668
2017-06-19,3144.3740234375,3146.77001953125,3121.779052734375,3122.157958984375,134900.0,0.0014312194394901
2017-06-20,3140.013916015625,3150.465087890625,3134.611083984375,3148.01904296875,141200.0,-0.0043627442368948
2017-06-21,3156.2119140625,3157.028076171875,3132.616943359375,3148.986083984375,136700.0,0.008124207219989
2017-06-22,3147.452880859375,3186.98193359375,3146.64306640625,3152.241943359375,191300.0,0.0047665511706161
2017-06-23,3157.873046875,3158.047119140625,3118.094970703125,3138.444091796875,154800.0,0.011051478632664
2017-06-26,3185.444091796875,3187.888916015625,3156.97705078125,3157.001953125,173600.0,0.0129768798907052
2017-06-27,3191.197021484375,3193.4609375,3172.462890625,3183.419921875,148200.0,0.0161688564933197
2017-06-28,3173.200927734375,3193.43994140625,3170.785888671875,3183.633056640625,146500.0,0.0053682876741769
2017-06-29,3188.06298828125,3188.77392578125,3174.283935546875,3174.98095703125,128800.0,0.0128200021771657
2017-06-30,3192.427001953125,3193.240966796875,3171.570068359375,3176.947998046875,121500.0,0.0108827286400308
2017-07-03,3195.912109375,3196.285888671875,3177.02392578125,3191.998046875,140300.0,0.0032808157506694
2017-07-04,3182.803955078125,3193.06396484375,3174.31396484375,3192.888916015625,141100.0,-0.0026335330941904
2017-07-05,3207.134033203125,3207.31005859375,3174.7080078125,3179.217041015625,148300.0,0.0106368789781604
2017-07-06,3212.444091796875,3215.949951171875,3188.77294921875,3203.863037109375,175800.0,0.0076185280752745
2017-07-07,3217.95703125,3219.52294921875,3195.291015625,3203.822998046875,176700.0,0.0079652526726701
2017-07-10,3212.632080078125,3223.340087890625,3203.208984375,3208.462890625,198900.0,0.0052180364670357
2017-07-11,3203.0380859375,3226.907958984375,3199.22412109375,3201.51708984375,187800.0,0.0063372061026765
2017-07-12,3197.5439453125,3215.196044921875,3177.93505859375,3201.928955078125,186900.0,-0.0029947157655838
2017-07-13,3218.1630859375,3219.26806640625,3190.339111328125,3192.362060546875,195300.0,0.0017786798323469
2017-07-14,3222.4169921875,3222.97802734375,3204.85302734375,3212.031982421875,160100.0,0.001385000819581
2017-07-17,3176.465087890625,3230.35400390625,3139.50390625,3219.791015625,266200.0,-0.0113215928807991
2017-07-18,3187.56689453125,3187.6708984375,3150.1279296875,3159.73193359375,190600.0,-0.0048418644803188
2017-07-19,3230.97607421875,3232.94091796875,3179.72998046875,3181.402099609375,272400.0,0.0104012837211203
2017-07-20,3244.864990234375,3246.236083984375,3225.43310546875,3227.506103515625,232100.0,0.0082630172452193
2017-07-21,3237.98193359375,3247.7119140625,3231.9560546875,3236.587890625,206000.0,0.0048185790696623
2017-07-24,3250.59912109375,3261.10498046875,3230.071044921875,3230.89794921875,233100.0,0.0230703533875557
2017-07-25,3243.68896484375,3261.64501953125,3233.137939453125,3249.137939453125,205600.0,0.0174533547379551
2017-07-26,3247.675048828125,3264.847900390625,3228.0390625,3244.4609375,213500.0,0.0051550890064586
2017-07-27,3249.781005859375,3251.926025390625,3220.636962890625,3243.764892578125,228500.0,0.0015138674430697
2017-07-28,3253.239990234375,3256.37109375,3232.962890625,3240.173095703125,182200.0,0.0047011440745293
2017-07-31,3273.028076171875,3276.946044921875,3251.194091796875,3252.751953125,246000.0,0.0068762492935773
2017-08-01,3292.637939453125,3292.637939453125,3273.50390625,3274.368896484375,237200.0,0.0149777972861361
2017-08-02,3285.056884765625,3305.430908203125,3282.0380859375,3288.51806640625,266700.0,0.0114445975544835
2017-08-03,3272.928955078125,3293.368896484375,3262.155029296875,3279.986083984375,233300.0,0.0070976776629252
2017-08-04,3262.0810546875,3287.193115234375,3261.306884765625,3269.318115234375,275900.0,0.0027139322279547
2017-08-07,3279.45703125,3280.10400390625,3243.715087890625,3257.669921875,231200.0,0.0019622958421652
2017-08-08,3281.873046875,3285.48291015625,3269.657958984375,3277.18896484375,252000.0,-0.0032747385229582
2017-08-09,3275.572998046875,3277.943115234375,3263.846923828125,3277.80810546875,235600.0,-0.0028911532868904
2017-08-10,3261.7490234375,3282.51904296875,3236.18310546875,3269.735107421875,240700.0,-0.003421727156401
2017-08-11,3208.541015625,3245.115966796875,3200.748046875,3237.922119140625,263000.0,-0.0165490304933567
2017-08-14,3237.360107421875,3240.052001953125,3206.0439453125,3206.0439453125,190300.0,-0.0129196534105359
2017-08-15,3251.261962890625,3263.589111328125,3235.10107421875,3235.22998046875,182300.0,-0.0093710930368757
2017-08-16,3246.450927734375,3248.784912109375,3228.87109375,3247.85302734375,176900.0,-0.0089304376036218
2017-08-17,3268.429931640625,3269.138916015625,3251.458984375,3253.845947265625,203600.0,0.0020461646089782
2017-08-18,3268.72412109375,3275.075927734375,3248.0830078125,3253.242919921875,191100.0,0.0185834101811856
2017-08-21,3286.906005859375,3287.51904296875,3270.47509765625,3274.5810546875,186100.0,0.0151884825211502
2017-08-22,3290.22607421875,3293.47607421875,3274.94091796875,3287.614990234375,186500.0,0.0119130607362874
2017-08-23,3287.705078125,3299.45703125,3274.43994140625,3283.797119140625,179800.0,0.0126273993216168
2017-08-24,3271.511962890625,3297.989013671875,3266.35888671875,3287.958984375,163500.0,0.0009425256455989
2017-08-25,3331.52197265625,3331.9150390625,3271.4609375,3271.4609375,205800.0,0.019029516688317
2017-08-28,3362.65087890625,3375.033935546875,3336.1259765625,3336.1259765625,257500.0,0.0227829164209845
2017-08-29,3365.22607421875,3374.594970703125,3354.462890625,3362.06005859375,219500.0,0.022538866872922
2017-08-30,3363.626953125,3376.64794921875,3357.080078125,3361.821044921875,246900.0,0.0228300653853803
2017-08-31,3360.81005859375,3367.35791015625,3340.68701171875,3361.4619140625,234400.0,0.0269297817651258
2017-09-01,3367.118896484375,3381.925048828125,3358.471923828125,3365.990966796875,282500.0,0.0106282034235813
2017-09-05,3384.31689453125,3390.822998046875,3371.571044921875,3377.197021484375,216600.0,0.0056569374581995
2017-09-06,3385.388916015625,3391.010986328125,3364.764892578125,3372.427978515625,229100.0,0.0064489515905744
2017-09-07,3365.4970703125,3387.7958984375,3363.177001953125,3383.6279296875,221100.0,0.0013936361773337
2017-09-08,3365.242919921875,3380.889892578125,3353.68798828125,3364.427978515625,198400.0,-0.0005573011855906
2017-09-11,3376.4189453125,3384.81005859375,3360.0458984375,3365.35107421875,219000.0,-0.0010115049056339
2017-09-12,3379.488037109375,3391.069091796875,3370.85205078125,3381.487060546875,272900.0,-0.0014278526039963
2017-09-13,3384.14697265625,3387.139892578125,3366.541015625,3374.718994140625,194600.0,-0.0003669212760617
2017-09-14,3371.426025390625,3391.64404296875,3361.333984375,3383.469970703125,221300.0,0.0017601378328356
2017-09-15,3353.618896484375,3365.528076171875,3345.327880859375,3365.14501953125,219800.0,-0.0034601202859786
2017-09-18,3362.85888671875,3371.7490234375,3352.512939453125,3352.512939453125,190300.0,-0.0040241928678882
2017-09-19,3356.844970703125,3370.40087890625,3344.705078125,3365.531982421875,191100.0,-0.006722693684721
2017-09-20,3365.99609375,3370.097900390625,3346.535888671875,3352.18505859375,192200.0,-0.005377937170997
2017-09-21,3357.81201171875,3377.884033203125,3356.875,3364.697998046875,197400.0,-0.0040462329229095
2017-09-22,3352.529052734375,3356.450927734375,3334.985107421875,3347.156982421875,179200.0,-0.0003250282480634
2017-09-25,3341.549072265625,3350.9609375,3334.944091796875,3344.589111328125,169600.0,-0.0063569777812794
2017-09-26,3343.5830078125,3347.1630859375,3332.59912109375,3336.35009765625,132600.0,-0.0039585472006155
2017-09-27,3345.27197265625,3349.695068359375,3340.299072265625,3340.822021484375,143100.0,-0.006175937769323
2017-09-28,3339.64208984375,3344.60107421875,3336.177978515625,3343.844970703125,149400.0,-0.0054259323550235
2017-09-29,3348.943115234375,3357.014892578125,3340.31103515625,3340.31103515625,144900.0,-0.0010701940565812
2017-10-02,3348.943115234375,3357.014892578125,3340.31103515625,3340.31103515625,144900.0,-0.0010701940565812
2017-10-03,3348.943115234375,3357.014892578125,3340.31103515625,3340.31103515625,144900.0,-0.0010701940565812
2017-10-04,3348.943115234375,3357.014892578125,3340.31103515625,3340.31103515625,144900.0,-0.0010701940565812
2017-10-05,3348.943115234375,3357.014892578125,3340.31103515625,3340.31103515625,144900.0,-0.0010701940565812
2017-10-06,3348.943115234375,3357.014892578125,3340.31103515625,3340.31103515625,144900.0,-0.0010701940565812
2017-10-09,3374.3779296875,3410.169921875,3366.965087890625,3403.24609375,191700.0,0.0097764966454967
2017-10-10,3382.988037109375,3384.02587890625,3358.794921875,3373.344970703125,179400.0,0.0117163647879138
2017-10-11,3388.283935546875,3395.779052734375,3379.1630859375,3381.488037109375,181500.0,0.0127755820234214
2017-10-12,3386.10009765625,3390.2041015625,3372.532958984375,3385.532958984375,161800.0,0.0138152029705994
2017-10-13,3390.52294921875,3395.748046875,3383.239013671875,3384.488037109375,140000.0,0.0123393637311379
2017-10-16,3378.469970703125,3400.510986328125,3374.76904296875,3393.2060546875,174300.0,0.0012119454123223
2017-10-17,3372.041015625,3382.406982421875,3365.56494140625,3373.23388671875,125400.0,-0.0032411499586949
2017-10-18,3381.7939453125,3383.23193359375,3371.925048828125,3373.528076171875,157200.0,-0.0019172577735797
2017-10-19,3370.172119140625,3378.736083984375,3359.6279296875,3374.64404296875,158500.0,-0.0047150284988749
2017-10-20,3378.64794921875,3379.764892578125,3360.10009765625,3363.513916015625,127200.0,-0.0035085573580316
2017-10-23,3380.698974609375,3385.284912109375,3374.705078125,3382.280029296875,130800.0,0.0006595497183417
2017-10-24,3388.248046875,3388.68896484375,3374.125,3376.59912109375,139900.0,0.0047947838176907
2017-10-25,3396.89794921875,3398.303955078125,3382.033935546875,3384.85791015625,123100.0,0.0044563255379964
2017-10-26,3407.56689453125,3414.241943359375,3391.455078125,3397.51904296875,183800.0,0.0110346989640704
2017-10-27,3416.81201171875,3421.10302734375,3402.114013671875,3404.498046875,170300.0,0.0112323415832135
2017-10-30,3390.3369140625,3419.73193359375,3357.27587890625,3413.867919921875,208300.0,0.0028468157961943
2017-10-31,3393.342041015625,3397.09912109375,3376.1240234375,3380.9990234375,153500.0,0.0015023010924171
2017-11-01,3395.9130859375,3410.35205078125,3388.597900390625,3393.968017578125,180600.0,-0.0002899722318356
2017-11-02,3383.31005859375,3391.652099609375,3372.212890625,3391.652099609375,166900.0,-0.0071439783904305
2017-11-03,3371.743896484375,3380.570068359375,3347.360107421875,3377.736083984375,172700.0,-0.0132778688057812
2017-11-06,3388.174072265625,3389.383056640625,3356.533935546875,3369.68505859375,154600.0,-0.0006381466002298
2017-11-07,3413.574951171875,3415.14794921875,3387.946044921875,3389.471923828125,190600.0,0.0059448263485441
2017-11-08,3415.4599609375,3434.491943359375,3404.881103515625,3409.14697265625,185400.0,0.0057394973156229
2017-11-09,3427.794921875,3428.77001953125,3408.618896484375,3410.672119140625,158700.0,0.0130626369594685
2017-11-10,3432.673095703125,3438.7919921875,3414.3291015625,3423.18505859375,189300.0,0.0179091986316769
2017-11-13,3447.8359375,3449.1640625,3435.0849609375,3435.18408203125,205400.0,0.0174556152048336
2017-11-14,3429.548095703125,3450.4951171875,3419.69189453125,3446.544921875,196500.0,0.0046683870599727
2017-11-15,3402.52490234375,3423.75,3396.381103515625,3416.2109375,168800.0,-0.0037943980142101
2017-11-16,3399.25,3409.653076171875,3390.589111328125,3393.194091796875,156700.0,-0.0083623554684604
2017-11-17,3382.907958984375,3403.285888671875,3373.2958984375,3392.68310546875,249500.0,-0.0146036033457463
2017-11-20,3392.39892578125,3393.10595703125,3337.115966796875,3361.35595703125,176500.0,-0.0162094508869854
2017-11-21,3410.498046875,3419.802001953125,3377.59912109375,3382.360107421875,196900.0,-0.0055701665416015
2017-11-22,3430.464111328125,3442.177978515625,3404.287109375,3417.3310546875,213600.0,0.0081777870955097
2017-11-23,3352.989013671875,3429.424072265625,3342.33203125,3425.009033203125,208800.0,-0.0137026281416288
2017-11-24,3353.821044921875,3360.74609375,3328.333984375,3340.384033203125,159600.0,-0.0086353762473359
2017-11-27,3322.22998046875,3347.051025390625,3315.263916015625,3346.656982421875,166400.0,-0.0209010805350037
2017-11-28,3333.656982421875,3333.800048828125,3300.781005859375,3311.23193359375,138200.0,-0.0227884410934033
2017-11-29,3337.862060546875,3343.06201171875,3305.572021484375,3335.56689453125,183800.0,-0.0273650610460414
2017-11-30,3317.18798828125,3340.919921875,3306.282958984375,3328.64306640625,156600.0,-0.0107347583651395
2017-12-01,3317.616943359375,3324.51611328125,3302.43994140625,3315.10498046875,139200.0,-0.0108535692091832
2017-12-04,3309.617919921875,3323.99609375,3304.10302734375,3310.381103515625,148100.0,-0.0038034876374387
2017-12-05,3303.675048828125,3315.737060546875,3300.511962890625,3301.69091796875,208300.0,-0.0090343943560851
2017-12-06,3293.965087890625,3296.200927734375,3254.611083984375,3291.31298828125,151600.0,-0.0132384674015821
2017-12-07,3272.053955078125,3291.281982421875,3259.1640625,3283.279052734375,132100.0,-0.0136995240040446
2017-12-08,3289.991943359375,3297.1298828125,3258.759033203125,3264.47802734375,133200.0,-0.0083616211030364
2017-12-11,3322.196044921875,3322.674072265625,3288.294921875,3290.488037109375,132000.0,0.0037932728960161
2017-12-12,3280.81396484375,3320.31005859375,3280.3291015625,3320.31005859375,124600.0,-0.0069439483602376
2017-12-13,3303.037109375,3304.010009765625,3273.324951171875,3278.39697265625,112000.0,0.0027503483951686
2017-12-14,3292.43896484375,3309.530029296875,3282.572998046875,3302.931884765625,120500.0,0.0062107082877518
2017-12-15,3266.136962890625,3287.529052734375,3259.387939453125,3287.529052734375,130900.0,-0.0072771863044999
2017-12-18,3267.922119140625,3280.5439453125,3254.177978515625,3268.033935546875,120700.0,-0.0164716782129569
2017-12-19,3296.5380859375,3296.93994140625,3266.01904296875,3266.01904296875,115100.0,0.0047813013285264
2017-12-20,3287.60595703125,3300.2119140625,3276.1201171875,3296.739990234375,137700.0,-0.004682754136844
2017-12-21,3300.05908203125,3309.222900390625,3267.404052734375,3281.117919921875,142100.0,0.0023117551274022
2017-12-22,3297.06298828125,3307.327880859375,3293.44189453125,3297.68505859375,124000.0,0.0094241389901437
2017-12-25,3280.839111328125,3312.300048828125,3270.44091796875,3296.2109375,142500.0,0.0039448709409625
2017-12-26,3306.125,3307.299072265625,3274.326904296875,3277.8369140625,142400.0,0.0029039557750838
2017-12-27,3275.782958984375,3307.080078125,3270.34912109375,3302.4609375,162700.0,-0.0036027153003623
2017-12-28,3296.385009765625,3304.095947265625,3263.72802734375,3272.291015625,175400.0,-0.0011139555173742
2017-12-29,3307.172119140625,3308.22509765625,3292.77001953125,3295.24609375,141600.0,0.0030614109250725
2018-01-02,3348.325927734375,3349.052978515625,3314.031005859375,3314.031005859375,202300.0,0.0203612815669959
2018-01-03,3369.10791015625,3379.9150390625,3345.2890625,3347.742919921875,213800.0,0.0188711855074831
2018-01-04,3385.7099609375,3392.825927734375,3365.294921875,3371.0,207000.0,0.0330067097649226
2018-01-05,3391.75,3402.069091796875,3380.2451171875,3386.464111328125,213100.0,0.0285195959426555
2018-01-08,3409.47998046875,3412.73095703125,3384.55908203125,3391.552978515625,236200.0,0.030466301712041
2018-01-09,3413.89990234375,3417.22802734375,3403.5869140625,3406.112060546875,191500.0,0.0193948063142764
2018-01-10,3421.833984375,3430.214111328125,3398.842041015625,3414.113037109375,209100.0,0.0155286658497417
2018-01-11,3425.344970703125,3426.48291015625,3405.638916015625,3415.5849609375,173800.0,0.0116385662905825
2018-01-12,3428.94091796875,3435.424072265625,3417.97998046875,3423.87890625,174100.0,0.010905430843711
2018-01-15,3410.488037109375,3442.5009765625,3402.31201171875,3428.950927734375,232000.0,0.0002956191716348
2018-01-16,3436.593994140625,3437.5830078125,3401.9609375,3403.468994140625,211500.0,0.0066255587286297
2018-01-17,3444.6708984375,3465.205078125,3430.510986328125,3438.575927734375,261000.0,0.0066517096118768
2018-01-18,3474.75390625,3476.5458984375,3448.7890625,3449.881103515625,220000.0,0.0143214701483874
2018-01-19,3487.864013671875,3498.43408203125,3474.2919921875,3481.6201171875,247500.0,0.017038075153733
2018-01-22,3501.362060546875,3503.385986328125,3475.673095703125,3476.993896484375,217500.0,0.0262966525067075
2018-01-23,3546.5048828125,3547.221923828125,3504.343994140625,3504.343994140625,238700.0,0.0314817155442716
2018-01-24,3559.465087890625,3569.489013671875,3527.112060546875,3553.47900390625,253000.0,0.0327819076683455
2018-01-25,3548.306884765625,3571.48095703125,3528.034912109375,3555.16796875,243400.0,0.0209468976856595
2018-01-26,3558.12890625,3574.905029296875,3534.195068359375,3535.492919921875,222700.0,0.0199453001813336
2018-01-29,3523.0009765625,3587.031982421875,3510.26904296875,3563.639892578125,236000.0,0.0061611236068996
2018-01-30,3488.009033203125,3523.051025390625,3484.656005859375,3511.5009765625,186400.0,-0.0166314826187498
2018-01-31,3480.8330078125,3495.452880859375,3454.72607421875,3470.509033203125,207300.0,-0.022338642160841
2018-02-01,3446.97998046875,3495.093017578125,3424.4189453125,3478.669921875,260500.0,-0.0289720761444441
2018-02-02,3462.0810546875,3463.1640625,3388.860107421875,3419.22509765625,208100.0,-0.0273649494051926
2018-02-05,3487.4970703125,3487.720947265625,3406.240966796875,3411.669921875,217700.0,-0.0101288694619759
2018-02-06,3370.652099609375,3440.1240234375,3364.216064453125,3418.010009765625,280600.0,-0.0342248688247911
2018-02-07,3309.260009765625,3425.5380859375,3304.007080078125,3412.743896484375,260900.0,-0.0505470328120855
2018-02-08,3262.050048828125,3307.162109375,3225.7119140625,3281.0458984375,201300.0,-0.0551426326354009
2018-02-09,3129.85107421875,3180.110107421875,3062.742919921875,3172.85107421875,256400.0,-0.1008844458585791
2018-02-12,3154.125,3168.1259765625,3113.60498046875,3128.37109375,153300.0,-0.1004731871247937
2018-02-13,3184.958984375,3219.217041015625,3176.10693359375,3176.10693359375,151500.0,-0.0566668158191074
2018-02-21,3184.958984375,3219.217041015625,3176.10693359375,3176.10693359375,151500.0,-0.0566668158191074
2018-02-22,3268.55908203125,3269.916015625,3234.114990234375,3237.569091796875,138700.0,0.0019933930290617
2018-02-23,3289.02392578125,3294.134033203125,3258.488037109375,3275.428955078125,145800.0,0.0496054183672
2018-02-26,3329.573974609375,3335.986083984375,3281.614990234375,3307.294921875,188600.0,0.0541332402865872
2018-02-27,3292.068115234375,3328.672119140625,3284.62890625,3328.672119140625,174200.0,0.0330765625472637
2018-02-28,3259.407958984375,3277.83203125,3239.843994140625,3264.05908203125,151000.0,0.0186576285949141
2018-03-01,3273.7548828125,3280.14892578125,3228.5849609375,3235.089111328125,159100.0,0.0015883682444926
2018-03-02,3254.528076171875,3269.93798828125,3242.26708984375,3248.446044921875,150900.0,-0.0105435607951846
2018-03-05,3256.926025390625,3269.39990234375,3236.717041015625,3255.87109375,144800.0,-0.0220605467180381
2018-03-06,3289.64208984375,3290.2529296875,3243.654052734375,3266.487060546875,195400.0,-0.0007372021632388
2018-03-07,3271.66796875,3308.406005859375,3264.763916015625,3288.864990234375,168700.0,0.0037543658355679
2018-03-08,3288.406005859375,3289.4970703125,3261.552001953125,3268.346923828125,149800.0,0.0044653423284898
2018-03-09,3307.166015625,3309.715087890625,3283.55908203125,3291.426025390625,168400.0,0.0160443531469045
2018-03-12,3326.698974609375,3333.56103515625,3313.554931640625,3319.208984375,206500.0,0.0211966998774058
2018-03-13,3310.239013671875,3333.875,3307.3759765625,3324.1220703125,177100.0,0.0062416247725484
2018-03-14,3291.382080078125,3304.97900390625,3287.35595703125,3298.666015625,157500.0,0.0060076246483453
2018-03-15,3291.112060546875,3297.097900390625,3273.200927734375,3277.513916015625,148600.0,0.0008225693167095
2018-03-16,3269.882080078125,3300.56494140625,3269.282958984375,3290.208984375,141200.0,-0.0113377108964512
2018-03-19,3279.251953125,3280.56689453125,3251.047119140625,3264.927978515625,138000.0,-0.01436518010046
2018-03-20,3290.639892578125,3292.573974609375,3252.43310546875,3257.218994140625,139900.0,-0.0059383542608322
2018-03-21,3280.951904296875,3314.208984375,3268.8779296875,3299.73095703125,168400.0,-0.0031739666797925
2018-03-22,3263.47998046875,3288.797119140625,3242.761962890625,3281.264892578125,150400.0,-0.008431415288464
2018-03-23,3152.760986328125,3188.235107421875,3110.6640625,3172.77197265625,275500.0,-0.0364753505919477
2018-03-26,3133.721923828125,3134.27587890625,3091.4580078125,3117.319091796875,186400.0,-0.0453939221528283
2018-03-27,3166.64892578125,3172.778076171875,3143.570068359375,3164.798095703125,189100.0,-0.0384081345518725
2018-03-28,3122.2900390625,3165.212890625,3117.533935546875,3130.571044921875,163500.0,-0.0495668755527979
2018-03-29,3160.531005859375,3174.509033203125,3098.2470703125,3127.262939453125,170300.0,-0.0320540513891722
2018-03-30,3168.89697265625,3177.720947265625,3152.888916015625,3161.785888671875,154600.0,0.0051049966562943
2018-04-02,3163.178955078125,3192.340087890625,3159.986083984375,3169.779052734375,177700.0,0.0093561092027035
2018-04-03,3136.633056640625,3144.33203125,3119.132080078125,3130.012939453125,152200.0,-0.0095239578709549
2018-04-04,3131.111083984375,3163.340087890625,3128.866943359375,3147.049072265625,147000.0,0.0028212010069371
2018-04-05,3131.111083984375,3163.340087890625,3128.866943359375,3147.049072265625,147000.0,0.0028212010069371
2018-04-06,3131.111083984375,3163.340087890625,3128.866943359375,3147.049072265625,147000.0,0.0028212010069371
2018-04-09,3138.2939453125,3146.093017578125,3110.302978515625,3125.44189453125,139600.0,-0.0070607305657458
2018-04-10,3190.322021484375,3190.64892578125,3139.0810546875,3144.257080078125,168200.0,0.0067382896906133
2018-04-11,3208.08203125,3220.844970703125,3191.5869140625,3197.3720703125,175900.0,0.0140957401519241
2018-04-12,3180.157958984375,3205.251953125,3177.049072265625,3203.278076171875,148200.0,0.013780918528168
2018-04-13,3159.052001953125,3197.89599609375,3155.506103515625,3192.0419921875,127600.0,0.0088840627373803
2018-04-16,3110.64892578125,3153.10595703125,3096.10009765625,3152.887939453125,154400.0,-0.0088479605122744
2018-04-17,3066.797119140625,3118.760009765625,3064.028076171875,3112.97509765625,147200.0,-0.0394881255433779
2018-04-18,3091.39892578125,3096.888916015625,3041.625,3091.909912109375,159300.0,-0.0370495452660189
2018-04-19,3117.3759765625,3127.43896484375,3090.287109375,3094.27392578125,160100.0,-0.0199392533934959
2018-04-20,3071.54296875,3111.1708984375,3065.9208984375,3105.4619140625,155100.0,-0.0280919521838446
2018-04-23,3068.011962890625,3085.056884765625,3045.93701171875,3063.443115234375,131700.0,-0.0138015794879281
2018-04-24,3128.927001953125,3136.0400390625,3069.74609375,3069.74609375,162300.0,0.020056401569047
2018-04-26,3075.030029296875,3121.93310546875,3067.928955078125,3119.49609375,134000.0,-0.0136769479657429
2018-04-27,3082.23193359375,3088.034912109375,3049.9140625,3082.4150390625,131200.0,0.0034739572906867
2018-05-02,3081.177001953125,3097.60400390625,3064.762939453125,3087.408935546875,134200.0,0.0042818847338522
2018-05-03,3100.85888671875,3105.659912109375,3056.156982421875,3074.51708984375,140000.0,-0.0090110015525274
2018-05-04,3091.032958984375,3104.093017578125,3086.784912109375,3093.116943359375,118700.0,-0.0086781447791516
2018-05-07,3136.64501953125,3136.8359375,3091.657958984375,3094.89892578125,138900.0,0.0198390967511554
2018-05-08,3161.498046875,3169.700927734375,3134.06201171875,3135.2958984375,146900.0,0.0253919924171364
2018-05-09,3159.14990234375,3165.373046875,3145.656982421875,3160.137939453125,122600.0,0.0249913056827426
2018-05-10,3174.4130859375,3176.137939453125,3155.532958984375,3169.050048828125,133000.0,0.0234436270852044
2018-05-11,3163.262939453125,3180.756103515625,3162.2119140625,3179.797119140625,130700.0,0.023098744655113
2018-05-14,3174.031982421875,3183.81591796875,3163.47607421875,3167.0419921875,129300.0,0.0118489348439002
2018-05-15,3192.117919921875,3192.806884765625,3164.51806640625,3180.425048828125,124500.0,0.0096386405045653
2018-05-16,3169.56494140625,3191.947998046875,3166.81103515625,3180.22607421875,130500.0,0.0032913628507121
2018-05-17,3154.282958984375,3172.76611328125,3148.62109375,3170.006103515625,114000.0,-0.0063615615912503
2018-05-18,3193.302978515625,3193.452880859375,3144.77587890625,3151.08203125,136500.0,0.0094517269499807
2018-05-21,3213.840087890625,3219.739990234375,3203.3359375,3206.176025390625,164500.0,0.0124638127899717
2018-05-22,3214.35009765625,3214.589111328125,3192.22802734375,3211.2470703125,144300.0,0.0069405690997744
2018-05-23,3168.964111328125,3205.43701171875,3168.964111328125,3205.43701171875,157800.0,-0.0001895802874534
2018-05-24,3154.65087890625,3173.531005859375,3152.069091796875,3167.93896484375,124100.0,0.0001166345793904
2018-05-25,3141.302978515625,3156.72607421875,3131.068115234375,3148.409912109375,128600.0,-0.0164181224272016
2018-05-28,3135.08203125,3149.6650390625,3115.958984375,3136.80908203125,128800.0,-0.0248111712103294
2018-05-29,3120.4609375,3143.2080078125,3112.153076171875,3129.62109375,135700.0,-0.029644463048748
2018-05-30,3041.443115234375,3085.39697265625,3041.0,3081.14208984375,155100.0,-0.0410726439863774
2018-05-31,3095.47412109375,3098.075927734375,3054.26904296875,3061.8291015625,140500.0,-0.0189367496500033
2018-06-01,3075.136962890625,3102.087890625,3059.785888671875,3084.75390625,129900.0,-0.021288234114227
2018-06-04,3091.19091796875,3098.402099609375,3076.993896484375,3083.427001953125,114600.0,-0.0140989130064576
2018-06-05,3114.2060546875,3114.76904296875,3080.0458984375,3088.008056640625,118700.0,-0.0020064856451332
2018-06-06,3115.179931640625,3117.52490234375,3103.532958984375,3109.175048828125,120200.0,0.0239548017995391
2018-06-07,3109.4990234375,3128.715087890625,3105.577880859375,3121.18408203125,127800.0,0.0045205437318326
2018-06-08,3067.14794921875,3100.68505859375,3053.2880859375,3100.60400390625,134700.0,-0.002601318008276
2018-06-11,3052.782958984375,3063.610107421875,3037.9140625,3057.339111328125,108600.0,-0.0125028068414803
2018-06-12,3079.802001953125,3081.447021484375,3034.10107421875,3053.028076171875,113300.0,-0.0111089318035643
2018-06-13,3049.797119140625,3071.464111328125,3044.1201171875,3071.464111328125,119600.0,-0.0212118434453634
2018-06-14,3044.159912109375,3066.047119140625,3032.406005859375,3038.070068359375,115500.0,-0.0212366553399574
2018-06-15,3021.90087890625,3048.797119140625,3008.73193359375,3037.451904296875,144500.0,-0.0148620595555901
2018-06-18,3021.90087890625,3048.797119140625,3008.73193359375,3037.451904296875,144500.0,-0.0148620595555901
2018-06-19,2907.822021484375,2984.970947265625,2871.35498046875,2982.64990234375,230600.0,-0.0486492654301646
2018-06-20,2915.73095703125,2925.56103515625,2872.1630859375,2889.98388671875,144300.0,-0.0547447643417391
2018-06-21,2875.81005859375,2940.5859375,2872.618896484375,2912.0029296875,154400.0,-0.0587406760189029
2018-06-22,2889.760009765625,2891.968994140625,2837.14404296875,2855.5849609375,126100.0,-0.0520515150914678
2018-06-25,2859.3359375,2908.6240234375,2857.87109375,2903.449951171875,121900.0,-0.0552966552938948
2018-06-26,2844.508056640625,2850.239990234375,2803.784912109375,2829.9951171875,125900.0,-0.0220142171704389
2018-06-27,2813.177978515625,2854.258056640625,2798.800048828125,2842.39599609375,129400.0,-0.0358057479889581
2018-06-28,2786.89697265625,2825.987060546875,2782.446044921875,2799.904052734375,118400.0,-0.0314056133698513
2018-06-29,2847.41796875,2848.3720703125,2782.381103515625,2789.81103515625,125700.0,-0.014760849313426
2018-07-02,2775.556884765625,2845.679931640625,2756.81494140625,2841.580078125,137000.0,-0.0297380019264066
2018-07-03,2786.887939453125,2786.887939453125,2722.448974609375,2774.570068359375,142500.0,-0.0204645981758199
2018-07-04,2759.1259765625,2793.178955078125,2754.155029296875,2776.632080078125,123300.0,-0.0194008430898794
2018-07-05,2733.882080078125,2777.52294921875,2727.93994140625,2755.339111328125,129200.0,-0.0192061742470793
2018-07-06,2747.22900390625,2768.8740234375,2691.02099609375,2731.35302734375,136300.0,-0.0358198390292558
2018-07-09,2815.110107421875,2815.7900390625,2752.447021484375,2752.447021484375,121500.0,0.0141499691039366
2018-07-10,2827.625,2828.492919921875,2800.625,2819.7119140625,117100.0,0.0145115973097283
2018-07-11,2777.77099609375,2794.360107421875,2752.43505859375,2780.7041015625,126800.0,0.0067348517043731
2018-07-12,2837.658935546875,2844.193115234375,2771.041015625,2771.041015625,147000.0,0.0372567873099148
2018-07-13,2831.18408203125,2835.462890625,2818.847900390625,2831.427978515625,117700.0,0.0301022589634782
2018-07-16,2814.0419921875,2837.509033203125,2804.492919921875,2827.08203125,107800.0,-0.0003794941860845
2018-07-17,2798.1259765625,2806.9189453125,2774.761962890625,2806.885009765625,105400.0,-0.0104872376767997
2018-07-18,2787.257080078125,2818.39501953125,2786.0400390625,2801.777099609375,121000.0,0.0034091807057249
2018-07-19,2772.544921875,2805.010986328125,2764.486083984375,2791.01611328125,114500.0,-0.0232137509952335
2018-07-20,2829.27099609375,2837.862060546875,2753.840087890625,2769.75390625,145900.0,-0.0006759477759075
2018-07-23,2859.5419921875,2863.571044921875,2809.615966796875,2815.200927734375,173400.0,0.0160395882380901
2018-07-24,2905.56201171875,2911.465087890625,2862.26708984375,2862.26708984375,229600.0,0.037676936159634
2018-07-25,2903.64697265625,2912.31298828125,2894.0390625,2911.452880859375,167800.0,0.0409095368546208
2018-07-26,2882.22509765625,2915.297119140625,2875.700927734375,2905.7939453125,168400.0,0.0387969564252086
2018-07-27,2873.593994140625,2889.694091796875,2864.110107421875,2879.68994140625,146400.0,0.0155444291937541
2018-07-30,2869.050048828125,2896.010986328125,2850.2958984375,2871.93994140625,151700.0,0.003319512125649
2018-07-31,2876.40087890625,2884.679931640625,2854.320068359375,2866.89892578125,118900.0,-0.0100870173748134
2018-08-01,2824.533935546875,2897.39990234375,2823.928955078125,2882.506103515625,149500.0,-0.0276241512626313
2018-08-02,2768.02392578125,2815.343994140625,2726.48291015625,2815.343994140625,174200.0,-0.0404289177712206
2018-08-03,2740.443115234375,2777.656982421875,2740.431884765625,2763.39599609375,127000.0,-0.0474438808982252
2018-08-06,2705.156982421875,2760.47412109375,2692.322021484375,2736.52587890625,129800.0,-0.0588210367598535
2018-08-07,2779.3740234375,2779.3740234375,2696.0390625,2711.736083984375,149600.0,-0.0343140868815892
2018-08-08,2744.070068359375,2779.912109375,2741.06689453125,2771.12890625,147700.0,-0.0289011277664519
2018-08-09,2794.382080078125,2801.658935546875,2726.215087890625,2729.5791015625,151700.0,0.009477320267064
2018-08-10,2795.31005859375,2806.114990234375,2777.506103515625,2791.402099609375,121500.0,0.0198234055486395
2018-08-13,2785.8720703125,2789.798095703125,2742.56005859375,2769.01708984375,127500.0,0.0294010107537886
2018-08-14,2780.965087890625,2789.444091796875,2766.569091796875,2780.736083984375,109600.0,0.0005722904537633
2018-08-15,2723.258056640625,2777.702880859375,2721.239990234375,2777.2490234375,116200.0,-0.0076132662126732
2018-08-16,2705.19189453125,2732.948974609375,2672.740966796875,2691.426025390625,120300.0,-0.0324381512329683
2018-08-17,2668.966064453125,2730.3330078125,2665.592041015625,2723.886962890625,112400.0,-0.0462518781248202
2018-08-20,2698.466064453125,2698.466064453125,2653.112060546875,2673.06591796875,110800.0,-0.0318774682454516
2018-08-21,2733.825927734375,2739.173095703125,2696.2919921875,2700.342041015625,113600.0,-0.0170959545473806
2018-08-22,2714.60791015625,2731.9580078125,2709.06201171875,2731.9580078125,93700.0,-0.0031814516331686
2018-08-23,2724.6240234375,2736.010009765625,2700.803955078125,2714.866943359375,98400.0,0.0071575950863306
2018-08-24,2729.430908203125,2748.823974609375,2705.323974609375,2717.0810546875,100500.0,0.0224019732958712
2018-08-27,2780.89892578125,2780.89892578125,2736.319091796875,2736.319091796875,132800.0,0.0300907427423702
2018-08-28,2777.98095703125,2791.389892578125,2769.40087890625,2782.29296875,118700.0,0.0160223225596234
2018-08-29,2769.294921875,2778.5390625,2762.35009765625,2774.864990234375,100200.0,0.0199452201507073
2018-08-30,2737.737060546875,2780.527099609375,2736.345947265625,2769.33203125,106100.0,0.0048012433077294
2018-08-31,2725.25,2744.631103515625,2710.537109375,2730.113037109375,109800.0,-0.0015329619063835
2018-09-04,2750.580078125,2756.60693359375,2712.3759765625,2720.64794921875,109000.0,-0.009912562454007
2018-09-05,2704.3369140625,2745.467041015625,2704.3369140625,2741.3798828125,105000.0,-0.0237359981440018
2018-09-06,2691.593017578125,2719.406005859375,2683.7451171875,2697.577880859375,99000.0,-0.0169984706775339
2018-09-07,2702.301025390625,2728.5458984375,2683.718994140625,2696.677978515625,107500.0,-0.0084565253330692
2018-09-10,2669.485107421875,2703.428955078125,2667.31689453125,2698.010986328125,103600.0,-0.0190160450558336
2018-09-11,2664.800048828125,2680.572998046875,2652.7041015625,2668.487060546875,99900.0,-0.0316828007135876
2018-09-12,2656.110107421875,2672.073974609375,2647.169921875,2659.743896484375,90000.0,-0.0179940619523368
2018-09-13,2686.577880859375,2689.06201171875,2653.18896484375,2679.2080078125,107300.0,-0.0018649976979538
2018-09-14,2681.64306640625,2694.919921875,2675.2900390625,2688.779052734375,100000.0,-0.0076739505500635
2018-09-17,2651.7890625,2671.291015625,2647.9150390625,2671.291015625,88200.0,-0.0066510800201385
2018-09-18,2699.949951171875,2700.193115234375,2644.2958984375,2644.2958984375,115800.0,0.0131042100147632
2018-09-19,2730.85009765625,2746.080078125,2690.993896484375,2694.799072265625,141600.0,0.0277502649450624
2018-09-20,2729.243896484375,2743.965087890625,2724.083984375,2732.169921875,111400.0,0.015756389363521
2018-09-21,2797.485107421875,2797.485107421875,2722.031982421875,2733.8740234375,158000.0,0.0422911465155206
2018-09-24,2797.485107421875,2797.485107421875,2722.031982421875,2733.8740234375,158000.0,0.0422911465155206
2018-09-25,2781.138916015625,2790.031982421875,2771.159912109375,2775.06591796875,112000.0,0.0476259956927184
2018-09-26,2806.81298828125,2827.341064453125,2783.342041015625,2785.31689453125,139600.0,0.0388164355836423
2018-09-27,2791.77490234375,2810.506103515625,2786.322021484375,2805.79296875,124000.0,0.0220646074726482
2018-09-28,2821.35009765625,2821.7548828125,2791.8359375,2794.263916015625,134300.0,0.0331909185747368
2018-10-01,2821.35009765625,2821.7548828125,2791.8359375,2794.263916015625,134300.0,0.0331909185747368
2018-10-02,2821.35009765625,2821.7548828125,2791.8359375,2794.263916015625,134300.0,0.0331909185747368
2018-10-03,2821.35009765625,2821.7548828125,2791.8359375,2794.263916015625,134300.0,0.0331909185747368
2018-10-04,2821.35009765625,2821.7548828125,2791.8359375,2794.263916015625,134300.0,0.0331909185747368
2018-10-05,2821.35009765625,2821.7548828125,2791.8359375,2794.263916015625,134300.0,0.0331909185747368
2018-10-08,2716.510009765625,2771.93798828125,2710.177978515625,2768.2080078125,149500.0,-0.0293728658537016
2018-10-09,2721.012939453125,2734.31396484375,2711.197021484375,2713.73193359375,116800.0,-0.0218563106324127
2018-10-10,2725.8369140625,2743.548095703125,2703.06298828125,2723.72412109375,113500.0,-0.0292741664303509
2018-10-11,2583.4580078125,2661.285888671875,2560.31591796875,2643.073974609375,197200.0,-0.0775487446589243
2018-10-12,2606.9130859375,2615.9169921875,2536.6650390625,2574.0419921875,170100.0,-0.0790487327479388
2018-10-15,2568.097900390625,2611.968994140625,2564.738037109375,2605.912109375,118600.0,-0.0561824634989011
2018-10-16,2546.330078125,2597.715087890625,2536.44091796875,2567.763916015625,119400.0,-0.0663510776935767
2018-10-17,2561.614013671875,2582.549072265625,2517.572998046875,2574.31298828125,130000.0,-0.0621379714720048
2018-10-18,2486.4189453125,2544.910888671875,2485.618896484375,2544.910888671875,125400.0,-0.0382853138836736
2018-10-19,2550.465087890625,2553.386962890625,2449.197021484375,2460.0810546875,147300.0,-0.0218910657202906
2018-10-22,2654.8759765625,2675.406005859375,2565.64404296875,2565.64404296875,211900.0,0.0332324321375589
2018-10-23,2594.825927734375,2659.81201171875,2583.260986328125,2652.64794921875,178300.0,0.0188662969969506
2018-10-24,2603.294921875,2640.402099609375,2577.77294921875,2579.971923828125,160100.0,0.0161403864363664
2018-10-25,2603.800048828125,2606.10107421875,2531.534912109375,2540.93505859375,162000.0,0.0461284344961467
2018-10-26,2598.846923828125,2626.115966796875,2580.844970703125,2610.89794921875,158900.0,0.0187921258730918
2018-10-29,2542.10302734375,2595.537109375,2529.18798828125,2593.591064453125,134200.0,-0.0434062384647856
2018-10-30,2568.048095703125,2586.9189453125,2521.783935546875,2538.573974609375,166700.0,-0.0103733199880613
2018-10-31,2602.782958984375,2612.922119140625,2567.027099609375,2573.014892578125,180600.0,-0.0001966789218262
2018-11-01,2606.237060546875,2636.799072265625,2603.65087890625,2617.032958984375,200900.0,0.0009355065406727
2018-11-02,2676.47607421875,2676.47607421875,2628.8701171875,2649.2509765625,225000.0,0.0294331757857385
2018-11-05,2665.430908203125,2673.18798828125,2639.27099609375,2665.427001953125,193800.0,0.0473740342016781
2018-11-06,2659.35595703125,2660.863037109375,2635.321044921875,2660.718994140625,163700.0,0.034937857551973
2018-11-07,2641.342041015625,2675.677001953125,2639.24609375,2659.844970703125,173200.0,0.0147058954309695
2018-11-08,2635.632080078125,2662.368896484375,2632.301025390625,2660.0869140625,159600.0,0.0112155900401087
2018-11-09,2598.8720703125,2621.238037109375,2598.160888671875,2621.238037109375,152400.0,-0.0294234998165669
2018-11-12,2630.52001953125,2631.169921875,2590.2109375,2593.199951171875,175000.0,-0.0131841834786052
2018-11-13,2654.8798828125,2666.485107421875,2597.347900390625,2600.5,249300.0,-0.0016845602687356
2018-11-14,2632.242919921875,2658.306884765625,2627.95703125,2648.30908203125,238400.0,-0.0034508328549538
2018-11-15,2668.169921875,2668.169921875,2631.887939453125,2632.137939453125,207800.0,0.0122697830694424
2018-11-16,2679.110107421875,2695.569091796875,2657.033935546875,2669.780029296875,242200.0,0.0304071581225584
2018-11-19,2703.511962890625,2703.511962890625,2674.177978515625,2681.89892578125,231700.0,0.0273701020923371
2018-11-20,2645.85498046875,2690.830078125,2643.35888671875,2684.287109375,215900.0,-0.0034051546802069
2018-11-21,2651.5048828125,2653.7958984375,2617.77587890625,2619.821044921875,182600.0,0.0072910551144206
2018-11-22,2645.43408203125,2658.0009765625,2634.48291015625,2655.89599609375,149300.0,-0.0085576488495128
2018-11-23,2579.48291015625,2642.035888671875,2577.35107421875,2640.6669921875,191500.0,-0.0378957334864732
2018-11-26,2575.81005859375,2594.9970703125,2568.034912109375,2580.842041015625,134300.0,-0.0483875842887063
2018-11-27,2574.678955078125,2592.534912109375,2566.166015625,2585.825927734375,123700.0,-0.027269408408486
2018-11-28,2601.737060546875,2601.962890625,2561.56201171875,2575.4541015625,146000.0,-0.0189480369635506
2018-11-29,2567.443115234375,2617.548095703125,2567.443115234375,2613.781005859375,157200.0,-0.029924659161664
2018-11-30,2588.18798828125,2590.2099609375,2555.322021484375,2564.56396484375,139300.0,0.0033690560138317
2018-12-03,2654.798095703125,2665.298095703125,2629.18408203125,2647.132080078125,207500.0,0.0302045344804547
2018-12-04,2665.9580078125,2666.077880859375,2644.89599609375,2651.56103515625,167900.0,0.0348386219211706
2018-12-05,2649.804931640625,2660.388916015625,2625.9130859375,2629.8330078125,154500.0,0.0183067044288977
2018-12-06,2605.180908203125,2633.677978515625,2603.132080078125,2629.820068359375,141700.0,0.0145916124482964
2018-12-07,2605.887939453125,2614.58203125,2599.278076171875,2609.341064453125,109100.0,0.0068154643607305
2018-12-10,2584.58203125,2599.761962890625,2576.241943359375,2589.194091796875,113200.0,-0.0268048001375834
2018-12-11,2594.087890625,2596.14599609375,2583.196044921875,2587.014892578125,101300.0,-0.0273285030277361
2018-12-12,2602.153076171875,2610.009033203125,2595.074951171875,2608.114013671875,103500.0,-0.0181468180304701
2018-12-13,2634.049072265625,2645.8369140625,2599.458984375,2607.14404296875,150700.0,0.011020114147446
2018-12-14,2593.740966796875,2629.1640625,2593.740966796875,2627.282958984375,145900.0,-0.0046722544906888
2018-12-17,2597.97412109375,2598.967041015625,2573.866943359375,2587.262939453125,117400.0,0.0051681522624756
2018-12-18,2576.64990234375,2599.14794921875,2563.572998046875,2583.634033203125,117000.0,-0.0067448998921428
2018-12-19,2549.56298828125,2579.8740234375,2547.077880859375,2578.675048828125,107700.0,-0.0204172412176229
2018-12-20,2536.26806640625,2554.85888671875,2516.01904296875,2544.5048828125,120600.0,-0.0378284980610597
2018-12-21,2516.2509765625,2527.4208984375,2498.694091796875,2526.553955078125,115700.0,-0.0303311362359602
2018-12-24,2527.007080078125,2529.43994140625,2500.443115234375,2506.737060546875,97300.0,-0.0276963269366963
2018-12-25,2504.819091796875,2513.964111328125,2462.844970703125,2503.949951171875,136500.0,-0.028273554619166
2018-12-26,2498.2939453125,2513.825927734375,2492.075927734375,2501.1201171875,108800.0,-0.0203138902956274
2018-12-27,2483.0859375,2532.001953125,2483.0859375,2527.717041015625,135400.0,-0.0211916191300415
2018-12-28,2493.89599609375,2505.114013671875,2478.324951171875,2483.616943359375,119200.0,-0.0089239413322682
2019-01-02,2465.291015625,2500.278076171875,2456.423095703125,2497.881103515625,109900.0,-0.0247257705709352
2019-01-03,2464.363037109375,2488.47900390625,2455.926025390625,2461.782958984375,124400.0,-0.0162831417778457
2019-01-04,2514.867919921875,2515.31591796875,2440.906982421875,2446.01904296875,168900.0,0.0066122081996097
2019-01-07,2533.089111328125,2536.97802734375,2515.508056640625,2528.698974609375,177300.0,0.0199374342764706
2019-01-08,2526.4619140625,2531.344970703125,2520.1650390625,2530.300048828125,158100.0,0.0129737263099428
2019-01-09,2544.344970703125,2574.407958984375,2536.156982421875,2536.4169921875,191900.0,0.0315633783729692
2019-01-10,2535.09912109375,2551.825927734375,2531.6640625,2543.85302734375,159900.0,0.0282993659943837
2019-01-11,2553.8310546875,2554.787109375,2533.35888671875,2539.549072265625,149400.0,0.0153743208793003
2019-01-14,2535.764892578125,2556.2939453125,2533.010009765625,2553.327880859375,144800.0,0.0010557737494456
2019-01-15,2570.344970703125,2571.501953125,2532.43310546875,2537.3701171875,160300.0,0.0172202486928844
2019-01-16,2570.422119140625,2574.236083984375,2563.006103515625,2569.070068359375,149300.0,0.0101968961363614
2019-01-17,2559.636962890625,2582.555908203125,2557.7109375,2573.575927734375,162500.0,0.0096326997625413
2019-01-18,2596.006103515625,2598.884033203125,2565.904052734375,2567.739013671875,190800.0,0.0163795438399331
2019-01-21,2610.509033203125,2618.97998046875,2599.05810546875,2599.05810546875,163400.0,0.0290499098935454
2019-01-22,2579.7041015625,2609.64208984375,2573.06201171875,2609.64208984375,152500.0,0.0036345832946601
2019-01-23,2581.00390625,2589.512939453125,2572.405029296875,2575.258056640625,131400.0,0.0041083000864664
2019-01-24,2591.694091796875,2597.2890625,2569.699951171875,2584.64794921875,154000.0,0.0124463143205706
2019-01-25,2601.722900390625,2617.001953125,2595.62890625,2596.261962890625,159400.0,0.0021997296034138
2019-01-28,2596.97705078125,2630.318115234375,2591.10009765625,2615.7119140625,147000.0,-0.0051971383743088
2019-01-29,2594.25390625,2601.736083984375,2559.98193359375,2592.35498046875,155600.0,0.0056242601966085
2019-01-30,2575.575927734375,2598.81494140625,2575.408935546875,2584.74609375,120500.0,-0.0021052638357877
2019-01-31,2584.572021484375,2606.6279296875,2571.5791015625,2581.33203125,154300.0,-0.002751819420008
2019-02-01,2618.23193359375,2618.47705078125,2590.553955078125,2597.778076171875,132000.0,0.0063253758978899
2019-02-11,2653.89599609375,2654.095947265625,2613.174072265625,2613.174072265625,154900.0,0.0216806517135485
2019-02-12,2671.89404296875,2674.47802734375,2648.830078125,2654.034912109375,184100.0,0.0294886370746205
2019-02-13,2721.068115234375,2727.074951171875,2666.52197265625,2674.52001953125,243800.0,0.0549513222866778
2019-02-14,2719.699951171875,2729.455078125,2707.487060546875,2715.535888671875,197000.0,0.0509616301889176
2019-02-15,2682.385009765625,2715.632080078125,2679.784912109375,2712.785888671875,196000.0,0.0242070723242329
2019-02-18,2754.35693359375,2754.35693359375,2699.81689453125,2699.81689453125,260400.0,0.0371552498891795
2019-02-19,2755.64599609375,2780.783935546875,2737.5859375,2759.49609375,288000.0,0.0308642961485968
2019-02-20,2761.218994140625,2767.410888671875,2739.97802734375,2761.05908203125,246000.0,0.014647754117692
2019-02-21,2751.801025390625,2794.012939453125,2744.97607421875,2759.93798828125,298600.0,0.0117340534830089
2019-02-22,2804.22607421875,2804.22607421875,2736.33203125,2749.4619140625,301500.0,0.0444212637474985
2019-02-25,2961.282958984375,2961.794921875,2838.389892578125,2838.389892578125,528700.0,0.0724386090953609
2019-02-26,2941.51611328125,2995.676025390625,2938.623046875,2969.097900390625,565600.0,0.0652732367612555
2019-02-27,2953.823974609375,2997.488037109375,2924.64306640625,2939.928955078125,475000.0,0.067428346740483
2019-02-28,2940.9541015625,2965.303955078125,2930.195068359375,2950.054931640625,350200.0,0.0664784374080148
2019-03-01,2994.0048828125,2994.0048828125,2930.8349609375,2954.402099609375,345800.0,0.065484325326768
2019-03-04,3027.575927734375,3090.7958984375,3006.94189453125,3015.943115234375,525600.0,0.0221396689606418
2019-03-05,3054.2470703125,3054.9619140625,3009.447998046875,3019.8798828125,424100.0,0.0376079708644823
2019-03-06,3102.09912109375,3103.824951171875,3050.111083984375,3060.43310546875,555000.0,0.0489784246665925
2019-03-07,3106.41796875,3129.93994140625,3074.97802734375,3103.66796875,583800.0,0.0547362308025692
2019-03-08,2969.861083984375,3075.0458984375,2969.58203125,3038.3359375,577900.0,-0.008096738210525
2019-03-11,3026.992919921875,3028.25390625,2963.5830078125,2969.080078125,426200.0,-0.0001925844197898
2019-03-12,3060.306884765625,3093.39111328125,3029.89990234375,3049.083984375,511200.0,0.0019820959898562
2019-03-13,3026.950927734375,3065.2880859375,3013.931884765625,3062.326904296875,453200.0,-0.0245231997848004
2019-03-14,2990.68505859375,3041.156005859375,2968.823974609375,3013.596923828125,373100.0,-0.0379678061015748
2019-03-15,3021.7509765625,3048.12109375,2999.431884765625,3000.87890625,341200.0,0.0173212782836912
2019-03-18,3096.41796875,3096.41796875,3009.507080078125,3027.801025390625,397800.0,0.0226762583800647
2019-03-19,3090.97509765625,3113.43310546875,3076.363037109375,3099.89697265625,350900.0,0.0099714066390912
2019-03-20,3090.639892578125,3102.52001953125,3053.451904296875,3084.169921875,358600.0,0.0208223360572971
2019-03-21,3101.455078125,3125.01904296875,3086.85009765625,3094.125,414300.0,0.0363689036611339
2019-03-22,3104.14892578125,3107.27490234375,3064.884033203125,3100.72607421875,364800.0,0.0269031229015013
2019-03-25,3043.031005859375,3086.99609375,3041.949951171875,3058.802001953125,380300.0,-0.0173918893380472
2019-03-26,2997.094970703125,3062.68994140625,2988.490966796875,3057.55908203125,353500.0,-0.0308431302917695
2019-03-27,3022.719970703125,3022.761962890625,2987.77197265625,3012.257080078125,291400.0,-0.0222210758539215
2019-03-28,2994.943115234375,3025.779052734375,2991.779052734375,3009.799072265625,288100.0,-0.0349461432639803
2019-03-29,3090.758056640625,3093.032958984375,2999.987060546875,3000.677978515625,375100.0,-0.0043231932408004
2019-04-01,3170.361083984375,3176.6220703125,3111.662109375,3111.662109375,466100.0,0.0409914279184001
2019-04-02,3176.822998046875,3193.27197265625,3164.906982421875,3183.27392578125,447100.0,0.0582381637617338
2019-04-03,3216.294921875,3219.256103515625,3152.33203125,3159.14697265625,430500.0,0.0620729730818974
2019-04-04,3246.571044921875,3254.139892578125,3216.85498046875,3233.68896484375,469100.0,0.0806741381267266
2019-04-05,3246.571044921875,3254.139892578125,3216.85498046875,3233.68896484375,469100.0,0.0806741381267266
2019-04-08,3244.81005859375,3288.452880859375,3210.514892578125,3271.27197265625,504500.0,0.0486404282857772
2019-04-09,3239.6640625,3251.64599609375,3215.705078125,3240.39404296875,364200.0,0.0216241519930579
2019-04-10,3241.929931640625,3264.778076171875,3204.87890625,3224.64501953125,380100.0,0.0202871702004342
2019-04-11,3189.9619140625,3254.1259765625,3185.5458984375,3241.547119140625,353000.0,-0.0082210741151151
2019-04-12,3188.6259765625,3199.278076171875,3168.0419921875,3184.860107421875,289800.0,-0.018009280613479
2019-04-16,3253.597900390625,3253.597900390625,3153.2060546875,3164.39697265625,357900.0,0.004291790276773
2019-04-17,3263.117919921875,3275.333984375,3239.804931640625,3250.152099609375,357500.0,0.00651434507284
2019-04-18,3250.200927734375,3271.387939453125,3241.825927734375,3261.073974609375,325500.0,0.0187078407887754
2019-04-19,3270.797119140625,3274.3349609375,3226.81201171875,3250.14501953125,305700.0,0.0254436268676901
2019-04-22,3215.04296875,3279.489013671875,3206.8779296875,3278.490966796875,353200.0,0.0116556456839229
2019-04-23,3198.593994140625,3231.58203125,3186.757080078125,3211.8720703125,328400.0,-0.0170500938714875
2019-04-24,3201.614013671875,3210.65087890625,3156.60693359375,3203.55908203125,274900.0,-0.0190280935354213
2019-04-25,3123.825927734375,3193.7490234375,3123.02587890625,3190.5849609375,325900.0,-0.039658308879632
2019-04-26,3086.39892578125,3129.212890625,3085.804931640625,3108.1640625,280900.0,-0.0580287074038636
2019-05-02,3086.39892578125,3129.212890625,3085.804931640625,3108.1640625,280900.0,-0.0580287074038636
2019-05-03,3086.39892578125,3129.212890625,3085.804931640625,3108.1640625,280900.0,-0.0580287074038636
2019-05-06,2906.464111328125,2986.5400390625,2876.468994140625,2984.72705078125,327000.0,-0.1009034623309253
2019-05-07,2926.39111328125,2937.282958984375,2889.072998046875,2914.291015625,253300.0,-0.0889413745114511
2019-05-08,2893.757080078125,2929.430908203125,2866.7041015625,2873.14306640625,231500.0,-0.1010993763929918
2019-05-09,2850.9541015625,2888.860107421875,2845.037109375,2871.197021484375,200000.0,-0.091404798734437
2019-05-10,2939.2109375,2941.4541015625,2838.385009765625,2878.23388671875,282300.0,-0.0488638583976837
2019-05-13,2903.712890625,2921.409912109375,2892.175048828125,2905.06689453125,212000.0,-0.0009470351446523
2019-05-14,2883.611083984375,2909.2041015625,2872.833984375,2872.833984375,208300.0,-0.0147266045670579
2019-05-15,2938.677978515625,2945.39501953125,2902.64208984375,2902.64208984375,230500.0,0.0154041275197538
2019-05-16,2955.7109375,2956.1708984375,2929.06494140625,2933.4951171875,248400.0,0.0360854991730502
2019-05-17,2882.2958984375,2956.782958984375,2873.800048828125,2955.76708984375,266300.0,-0.0195539932019117
2019-05-20,2870.60498046875,2882.62890625,2838.452880859375,2874.801025390625,209500.0,-0.0114674230643427
2019-05-21,2905.968994140625,2919.237060546875,2862.4951171875,2867.70703125,211400.0,0.0077235381487259
2019-05-22,2891.705078125,2912.39501953125,2879.64404296875,2905.52392578125,200000.0,-0.0161134924704044
2019-05-23,2852.514892578125,2885.138916015625,2846.9560546875,2880.843017578125,197300.0,-0.0355381862811278
2019-05-24,2852.9951171875,2871.85595703125,2846.02197265625,2847.8359375,167200.0,-0.0102178027566712
2019-05-27,2892.3779296875,2898.12890625,2833.035888671875,2851.281005859375,196700.0,0.0075561746940342
2019-05-28,2909.910888671875,2924.0400390625,2887.083984375,2890.26611328125,223300.0,0.0013555627744371
2019-05-29,2914.696044921875,2934.97705078125,2890.6650390625,2894.830078125,199000.0,0.0079192210335711
2019-05-30,2905.804931640625,2907.845947265625,2881.3798828125,2903.425048828125,205800.0,0.0185094131983023
2019-05-31,2898.696044921875,2922.907958984375,2895.577880859375,2904.498046875,195200.0,0.0158916354281844
2019-06-03,2890.0810546875,2920.8291015625,2875.902099609375,2901.741943359375,215900.0,-0.0007944285042076
2019-06-04,2862.280029296875,2888.385986328125,2851.972900390625,2887.64111328125,188500.0,-0.0165039379978982
2019-06-05,2861.41796875,2888.76806640625,2858.572021484375,2882.93701171875,181600.0,-0.0184482463754826
2019-06-06,2827.798095703125,2862.3330078125,2822.18505859375,2862.3330078125,177100.0,-0.0272120860696037
2019-06-07,2827.798095703125,2862.3330078125,2822.18505859375,2862.3330078125,177100.0,-0.0272120860696037
2019-06-10,2852.1298828125,2861.131103515625,2824.35498046875,2833.014892578125,166600.0,-0.0161949537188909
2019-06-11,2925.716064453125,2927.429931640625,2854.070068359375,2854.070068359375,260500.0,0.0122547107474722
2019-06-12,2909.3798828125,2924.701904296875,2903.883056640625,2917.22412109375,240300.0,0.0163214395176878
2019-06-13,2910.740966796875,2918.423095703125,2885.923095703125,2905.2880859375,213000.0,0.017090381300385
2019-06-14,2881.97412109375,2924.320068359375,2879.656982421875,2912.9990234375,215400.0,0.0189771672859909
2019-06-17,2887.6220703125,2902.48095703125,2877.39404296875,2880.423095703125,154000.0,0.0123673079140403
2019-06-18,2890.157958984375,2898.330078125,2874.31298828125,2891.092041015625,147700.0,-0.01222810136447
2019-06-19,2917.802978515625,2953.3359375,2916.215087890625,2944.114990234375,230800.0,0.0028909686790505
2019-06-20,2987.118896484375,2997.388916015625,2915.090087890625,2917.3310546875,291000.0,0.0259016665535534
2019-06-21,3001.97998046875,3010.34912109375,2989.2451171875,2990.368896484375,287000.0,0.040796546416333
2019-06-24,3008.14794921875,3012.825927734375,2994.422119140625,3004.2890625,210500.0,0.0408912397364025
2019-06-25,2982.073974609375,3004.909912109375,2948.990966796875,3004.909912109375,243700.0,0.0313078653615387
2019-06-26,2976.283935546875,2986.9140625,2958.462890625,2964.614990234375,174400.0,0.0198445924058024
2019-06-27,2996.79296875,3011.5380859375,2981.044921875,2982.613037109375,195400.0,0.0032333633622087
2019-06-28,2978.8779296875,2992.242919921875,2961.222900390625,2992.242919921875,181400.0,-0.0077253685089702
2019-07-01,3044.903076171875,3045.366943359375,3014.68701171875,3024.6240234375,243300.0,0.0121444800461987
2019-07-02,3043.943115234375,3048.48388671875,3033.781005859375,3042.580078125,208100.0,0.0205347292394383
2019-07-03,3015.262939453125,3031.83203125,3006.324951171875,3031.83203125,205900.0,0.0130115159391143
2019-07-04,3005.2490234375,3024.501953125,2991.907958984375,3015.678955078125,188600.0,0.0028177277977416
2019-07-05,3011.05908203125,3014.846923828125,2990.925048828125,3004.738037109375,152100.0,0.0107451754211381
2019-07-08,2933.363037109375,2997.806884765625,2918.716064453125,2997.806884765625,205200.0,-0.0373195111177652
2019-07-09,2928.22998046875,2937.761962890625,2912.805908203125,2928.819091796875,140700.0,-0.0387556140630842
2019-07-10,2915.302001953125,2936.751953125,2908.162109375,2935.18603515625,131400.0,-0.0337136196443456
2019-07-11,2917.760986328125,2945.802001953125,2907.885009765625,2928.054931640625,139400.0,-0.0295438976042539
2019-07-12,2930.550048828125,2938.530029296875,2905.81005859375,2915.340087890625,133700.0,-0.027101735984561
2019-07-15,2942.18994140625,2955.0,2886.699951171875,2921.550048828125,162600.0,0.0030046230439068
2019-07-16,2937.6201171875,2944.820068359375,2931.2900390625,2938.639892578125,127800.0,0.0032016313351031
2019-07-17,2931.68994140625,2942.070068359375,2924.4599609375,2933.02001953125,145100.0,0.005605611406643
2019-07-18,2901.179931640625,2921.739990234375,2901.179931640625,2921.739990234375,145400.0,-0.005699009424164
2019-07-19,2924.199951171875,2939.60009765625,2909.679931640625,2909.679931640625,145000.0,-0.002169213082121
2019-07-22,2886.97412109375,2927.159912109375,2879.68994140625,2925.7880859375,175300.0,-0.0189452453993255
2019-07-23,2899.93994140625,2901.360107421875,2883.050048828125,2886.89990234375,125400.0,-0.0129097426736493
2019-07-24,2923.280029296875,2936.449951171875,2907.7900390625,2907.929931640625,150500.0,-0.0028727450132577
2019-07-25,2937.360107421875,2937.360107421875,2916.14990234375,2923.18994140625,141300.0,0.0123937281093583
2019-07-26,2944.5400390625,2948.330078125,2924.449951171875,2928.06005859375,135100.0,0.0069316989223855
2019-07-29,2941.010009765625,2948.469970703125,2932.97998046875,2943.919921875,124200.0,0.0185441263939413
2019-07-30,2952.340087890625,2965.6298828125,2946.260009765625,2946.260009765625,143900.0,0.0179080791094791
2019-07-31,2932.510009765625,2944.39990234375,2926.489990234375,2944.39990234375,136900.0,0.0031524313716864
2019-08-01,2908.77001953125,2927.340087890625,2901.75,2920.85009765625,138100.0,-0.0097809371998543
2019-08-02,2867.840087890625,2872.469970703125,2851.43994140625,2861.330078125,179400.0,-0.0263934574030805
2019-08-05,2821.5,2863.68994140625,2821.5,2854.580078125,162400.0,-0.0414844046635322
2019-08-06,2777.555908203125,2787.4189453125,2733.924072265625,2776.989013671875,224200.0,-0.0610267347324568
2019-08-07,2768.679931640625,2792.693115234375,2768.679931640625,2789.01904296875,153000.0,-0.0574880672950546
2019-08-08,2794.552001953125,2799.68603515625,2782.2451171875,2784.18408203125,145000.0,-0.0400585098977378
2019-08-09,2774.75,2808.330078125,2770.47998046875,2805.590087890625,143800.0,-0.0329985107726106
2019-08-12,2814.989990234375,2814.989990234375,2776.6201171875,2781.97998046875,131600.0,-0.0023099527087332
2019-08-13,2797.260009765625,2802.0400390625,2790.610107421875,2798.050048828125,130900.0,0.0070689988350311
2019-08-14,2808.909912109375,2829.889892578125,2807.719970703125,2824.489990234375,144000.0,0.0144258288126124
2019-08-15,2815.800048828125,2815.89990234375,2756.830078125,2762.340087890625,152800.0,0.0075746221536996
2019-08-16,2823.820068359375,2840.320068359375,2811.800048828125,2817.570068359375,148600.0,0.0175299493809531
2019-08-19,2883.10009765625,2883.10009765625,2829.85009765625,2835.52001953125,214500.0,0.0239074322992298
2019-08-20,2880.0,2892.080078125,2875.0,2879.080078125,189700.0,0.0291499240177386
2019-08-21,2880.330078125,2885.590087890625,2872.56005859375,2875.469970703125,159000.0,0.0251084215936088
2019-08-22,2883.43994140625,2888.5,2867.550048828125,2887.659912109375,149200.0,0.0237375751032275
2019-08-23,2897.429931640625,2902.4599609375,2878.739990234375,2885.14990234375,159200.0,0.0257335111583806
2019-08-26,2863.570068359375,2870.489990234375,2849.239990234375,2851.02001953125,169900.0,-0.0067970159839666
2019-08-27,2902.18994140625,2919.639892578125,2879.409912109375,2879.52001953125,208100.0,0.0076753100696578
2019-08-28,2893.760009765625,2905.43994140625,2887.010009765625,2901.6298828125,183100.0,0.0046517999040496
2019-08-29,2890.919921875,2898.60009765625,2878.590087890625,2896.0,178600.0,0.0025907580509948
2019-08-30,2886.239990234375,2914.580078125,2874.10009765625,2907.3798828125,194000.0,-0.0038694999955656
2019-09-03,2930.14990234375,2930.14990234375,2915.199951171875,2925.93994140625,189000.0,0.0095879787122444
2019-09-04,2957.409912109375,2957.409912109375,2925.8798828125,2927.75,225500.0,0.0217571576365354
2019-09-05,2985.860107421875,3015.840087890625,2972.659912109375,2972.659912109375,305400.0,0.0323130849879203
2019-09-06,2999.60009765625,2999.93994140625,2981.60009765625,2996.6201171875,216800.0,0.0385243654078008
2019-09-09,3024.739990234375,3026.239990234375,3005.68994140625,3023.780029296875,243400.0,0.0338363559012711
2019-09-10,3021.199951171875,3027.409912109375,3005.3798828125,3027.409912109375,240000.0,0.0306005043655674
2019-09-11,3008.81005859375,3030.56005859375,3004.219970703125,3029.929931640625,229800.0,0.0172308156454487
2019-09-12,3031.239990234375,3033.469970703125,3005.18994140625,3016.6298828125,197000.0,0.0150839249782853
2019-09-13,3031.239990234375,3033.469970703125,3005.18994140625,3016.6298828125,197000.0,0.0150839249782853
2019-09-16,3030.75,3042.929931640625,3020.050048828125,3041.919921875,221900.0,0.0103311346430347
2019-09-17,2978.1201171875,3023.7099609375,2970.570068359375,3023.7099609375,223300.0,-0.0155328658472505
2019-09-18,2985.659912109375,2996.39990234375,2982.39990234375,2984.080078125,168000.0,-0.0118332888009324
2019-09-19,2999.280029296875,2999.280029296875,2975.39990234375,2992.919921875,162700.0,-0.0031724015952105
2019-09-20,3006.449951171875,3011.340087890625,2996.18994140625,3004.81005859375,182100.0,-0.0082118090230371
2019-09-23,2977.080078125,2998.39990234375,2960.830078125,2998.39990234375,168100.0,-0.017867133039196
2019-09-24,2985.340087890625,3002.89990234375,2973.760009765625,2979.47998046875,163900.0,0.0024214043466421
2019-09-25,2955.429931640625,2977.669921875,2955.429931640625,2977.669921875,168500.0,-0.0101766652784118
2019-09-26,2929.090087890625,2970.0400390625,2928.260009765625,2964.47998046875,188900.0,-0.0236804450411734
2019-09-27,2932.169921875,2939.080078125,2920.929931640625,2929.489990234375,132900.0,-0.0250172278845482
2019-09-30,2905.18994140625,2936.47998046875,2905.18994140625,2927.919921875,116600.0,-0.024444208133868
2019-10-01,2905.18994140625,2936.47998046875,2905.18994140625,2927.919921875,116600.0,-0.024444208133868
2019-10-02,2905.18994140625,2936.47998046875,2905.18994140625,2927.919921875,116600.0,-0.024444208133868
2019-10-03,2905.18994140625,2936.47998046875,2905.18994140625,2927.919921875,116600.0,-0.024444208133868
2019-10-04,2905.18994140625,2936.47998046875,2905.18994140625,2927.919921875,116600.0,-0.024444208133868
2019-10-07,2905.18994140625,2936.47998046875,2905.18994140625,2927.919921875,116600.0,-0.024444208133868
2019-10-08,2913.570068359375,2933.02001953125,2905.760009765625,2905.760009765625,125500.0,-0.0243345157861971
2019-10-09,2924.860107421875,2924.860107421875,2891.5400390625,2902.080078125,130400.0,-0.0103974801983206
2019-10-10,2947.7099609375,2949.239990234375,2918.22998046875,2923.7099609375,134200.0,0.0063367598686841
2019-10-11,2973.659912109375,2980.7900390625,2943.010009765625,2954.820068359375,161200.0,0.014050751203614
2019-10-14,3007.8798828125,3026.3798828125,2989.81005859375,2993.9599609375,208600.0,0.0347367002431436
2019-10-15,2991.050048828125,3005.659912109375,2986.300048828125,3005.659912109375,155400.0,0.0262453557897039
2019-10-16,2978.7099609375,3010.419921875,2975.919921875,2992.610107421875,149900.0,0.0182436547575629
2019-10-17,2977.330078125,2986.719970703125,2969.570068359375,2979.989990234375,122500.0,0.009998367520062
2019-10-18,2938.139892578125,2987.199951171875,2933.239990234375,2982.340087890625,150000.0,-0.0120167962847236
2019-10-21,2939.6201171875,2940.320068359375,2917.68994140625,2933.89990234375,132500.0,-0.0229551115536004
2019-10-22,2954.3798828125,2954.639892578125,2934.389892578125,2945.60009765625,117500.0,-0.012335737346369
2019-10-23,2941.6201171875,2957.300048828125,2934.6298828125,2952.969970703125,123800.0,-0.0125298179347277
2019-10-24,2940.919921875,2953.0400390625,2927.06005859375,2944.010009765625,126500.0,-0.0123045209740706
2019-10-25,2954.929931640625,2958.239990234375,2920.52001953125,2940.469970703125,136900.0,0.0056982472614022
2019-10-28,2980.050048828125,2980.1298828125,2956.9599609375,2958.68994140625,173700.0,0.0136597341240121
2019-10-29,2954.179931640625,2979.0400390625,2954.179931640625,2979.0400390625,166100.0,-6.768186435627346e-05
2019-10-30,2939.320068359375,2953.300048828125,2934.830078125,2949.4599609375,158800.0,-0.0007822045022836
2019-10-31,2929.06005859375,2946.75,2923.52001953125,2944.840087890625,161600.0,-0.0040408585578006
2019-11-01,2958.199951171875,2959.830078125,2917.14990234375,2924.340087890625,159900.0,0.0011060199689171
2019-11-04,2975.489990234375,2983.06005859375,2964.580078125,2964.580078125,167200.0,-0.001531367249648
2019-11-05,2991.56005859375,3008.31005859375,2968.030029296875,2977.699951171875,179900.0,0.0125739166216223
2019-11-06,2978.60009765625,2995.56005859375,2969.719970703125,2992.0400390625,165300.0,0.0132751389173751
2019-11-07,2978.7099609375,2988.9599609375,2969.1201171875,2978.14990234375,137000.0,0.0168087353280508
2019-11-08,2964.179931640625,2998.760009765625,2962.840087890625,2993.97998046875,149700.0,0.0020194525239406
2019-11-11,2909.969970703125,2949.9599609375,2906.77001953125,2949.9599609375,157900.0,-0.0222659662512477
2019-11-12,2914.820068359375,2918.300048828125,2891.510009765625,2913.0,129700.0,-0.0259869182838077
2019-11-13,2905.239990234375,2913.860107421875,2893.969970703125,2913.02001953125,129800.0,-0.0249374245466216
2019-11-14,2909.8701171875,2917.3701171875,2899.6201171875,2907.739990234375,129100.0,-0.0233818608568154
2019-11-15,2891.340087890625,2917.830078125,2891.199951171875,2911.35009765625,135500.0,-0.024880318391459
2019-11-18,2909.199951171875,2911.3798828125,2884.090087890625,2889.550048828125,124400.0,-0.0002646492699413
2019-11-19,2933.989990234375,2933.989990234375,2902.860107421875,2904.280029296875,135400.0,0.0065551762932073
2019-11-20,2911.050048828125,2930.489990234375,2907.419921875,2928.110107421875,137400.0,0.0019978579084843
2019-11-21,2903.639892578125,2910.360107421875,2891.530029296875,2902.550048828125,123500.0,-0.002143361578133
2019-11-22,2885.2900390625,2925.02001953125,2873.989990234375,2906.239990234375,158600.0,-0.0020946645041389
2019-11-25,2906.169921875,2906.610107421875,2880.64990234375,2885.610107421875,178600.0,-0.0010420763037332
2019-11-26,2907.06005859375,2915.0400390625,2897.929931640625,2912.52001953125,170000.0,-0.0092209867159504
2019-11-27,2903.18994140625,2914.489990234375,2893.419921875,2905.39990234375,133900.0,-0.0027037453642602
2019-11-28,2889.693115234375,2909.840087890625,2883.43408203125,2902.364013671875,119500.0,-0.0048147773545471
2019-11-29,2871.97998046875,2892.389892578125,2858.580078125,2885.969970703125,122600.0,-0.0046237478046417
2019-12-02,2875.81005859375,2888.889892578125,2870.239990234375,2874.449951171875,128800.0,-0.0105016421370497
2019-12-03,2884.699951171875,2884.860107421875,2857.320068359375,2869.8798828125,123800.0,-0.0077213898629333
2019-12-04,2878.115966796875,2882.498046875,2869.422119140625,2876.907958984375,125500.0,-0.0086742103687833
2019-12-05,2899.468994140625,2902.001953125,2885.080078125,2886.51611328125,143200.0,0.0033773067720988
2019-12-06,2912.013916015625,2912.013916015625,2894.7509765625,2902.278076171875,134100.0,0.0138432286017327
2019-12-09,2914.47802734375,2919.589111328125,2905.25,2914.4580078125,160800.0,0.0133563453190171
2019-12-10,2917.31591796875,2919.200927734375,2902.7900390625,2908.944091796875,170100.0,0.0112430958846776
2019-12-11,2924.4169921875,2928.256103515625,2915.0009765625,2922.60205078125,165500.0,0.0159592400225043
2019-12-12,2915.697998046875,2926.342041015625,2913.47607421875,2926.342041015625,151800.0,0.0055816268258452
2019-12-13,2967.676025390625,2969.98095703125,2935.84912109375,2937.77587890625,212000.0,0.0189342543069661
2019-12-16,2984.39306640625,2984.64111328125,2958.7060546875,2970.968994140625,211900.0,0.023705658941112
2019-12-17,3022.422119140625,3039.383056640625,2982.49609375,2985.261962890625,293000.0,0.0353945487650908
2019-12-18,3017.0439453125,3033.23388671875,3011.720947265625,3021.466064453125,244100.0,0.0311823840613474
2019-12-19,3017.06591796875,3021.41796875,3007.991943359375,3017.153076171875,208600.0,0.0341755672006927
2019-12-20,3004.93798828125,3027.48388671875,3002.260009765625,3019.639892578125,215100.0,0.0124777681134508
2019-12-23,2962.7509765625,3009.337890625,2960.43505859375,2999.035888671875,205700.0,-0.0072781776336548
2019-12-24,2982.680908203125,2983.819091796875,2960.68408203125,2965.825927734375,163000.0,-0.0132360064263967
2019-12-25,2981.881103515625,2988.2919921875,2970.656982421875,2980.427978515625,175700.0,-0.0117231818103924
2019-12-26,3007.35498046875,3007.35498046875,2980.39697265625,2981.2490234375,182400.0,-0.0032238603757654
2019-12-27,3005.035888671875,3036.113037109375,3003.631103515625,3006.85205078125,247100.0,3.2579306545536616e-05
2019-12-30,3040.02392578125,3041.39697265625,2983.343994140625,2998.1689453125,248100.0,0.0257471650100377
2019-12-31,3050.1240234375,3051.677001953125,3030.511962890625,3036.385986328125,217400.0,0.022359723499984
2020-01-02,3085.197998046875,3098.10009765625,3066.3359375,3066.3359375,292500.0,0.0340614920303784
2020-01-03,3083.785888671875,3093.819091796875,3074.51806640625,3089.02197265625,261500.0,0.0250970783816649
2020-01-06,3083.407958984375,3107.202880859375,3065.30908203125,3070.908935546875,312600.0,0.0257459545756868
2020-01-07,3104.802001953125,3105.450927734375,3084.3291015625,3085.488037109375,276600.0,0.0210845601553541
2020-01-08,3066.89306640625,3094.239013671875,3059.131103515625,3094.239013671875,297900.0,0.005482765449201
2020-01-09,3094.882080078125,3097.3291015625,3080.131103515625,3082.639892578125,243400.0,0.0031339690861793
2020-01-10,3092.291015625,3105.22509765625,3081.39599609375,3102.2939453125,210400.0,0.0027542184015441
2020-01-13,3115.570068359375,3115.570068359375,3075.384033203125,3091.492919921875,210600.0,0.010376677517394
2020-01-14,3106.820068359375,3127.1689453125,3105.60498046875,3120.6669921875,230000.0,0.000649771172299
2020-01-15,3090.0400390625,3107.93994140625,3082.0400390625,3103.169921875,202300.0,0.0075190297871915
2020-01-16,3074.0810546875,3096.3720703125,3070.884033203125,3095.73388671875,203400.0,-0.0067437926827738
2020-01-17,3075.49609375,3091.951904296875,3067.2529296875,3081.464111328125,190300.0,-0.0054460256450075
2020-01-20,3095.787109375,3096.31103515625,3070.47998046875,3082.113037109375,210500.0,-0.0063699527531648
2020-01-21,3052.139892578125,3085.7900390625,3051.22998046875,3085.7900390625,234800.0,-0.0177567683034093
2020-01-22,3060.7548828125,3069.2529296875,3006.26806640625,3038.487060546875,223900.0,-0.0095224691811393
2020-01-30,3060.7548828125,3069.2529296875,3006.26806640625,3038.487060546875,223900.0,-0.0095224691811393
2020-01-31,3060.7548828125,3069.2529296875,3006.26806640625,3038.487060546875,223900.0,-0.0095224691811393
2020-02-03,2746.60595703125,2766.576904296875,2716.697998046875,2716.697998046875,215900.0,-0.1131002675604072
2020-02-04,2783.2880859375,2786.1640625,2685.26904296875,2685.26904296875,364000.0,-0.1064091967283046
2020-02-05,2818.087890625,2842.742919921875,2778.864013671875,2792.37109375,309800.0,-0.0797843467358995
2020-02-06,2866.510009765625,2876.590087890625,2807.610107421875,2826.889892578125,316400.0,-0.0655663139280379
2020-02-07,2875.9599609375,2875.9599609375,2838.77001953125,2858.929931640625,309500.0,-0.0343710282057616
2020-02-10,2890.488037109375,2891.847900390625,2851.050048828125,2860.4990234375,294900.0,0.0510594068529532
2020-02-11,2901.669921875,2913.820068359375,2882.239990234375,2894.5400390625,269200.0,0.0416534128791953
2020-02-12,2926.89892578125,2926.89892578125,2892.424072265625,2895.555908203125,248700.0,0.0378848734381749
2020-02-13,2906.073974609375,2935.406005859375,2901.242919921875,2927.14404296875,274800.0,0.0137077553009454
2020-02-14,2917.008056640625,2926.943115234375,2899.573974609375,2899.865966796875,250700.0,0.0141719348690856
2020-02-17,2983.6220703125,2983.636962890625,2924.990966796875,2924.990966796875,313200.0,0.0317126634410754
2020-02-18,2984.971923828125,2990.60009765625,2960.77490234375,2981.409912109375,311700.0,0.0283039346552996
2020-02-19,2975.402099609375,2998.27197265625,2971.822021484375,2979.52197265625,315100.0,0.0164357139604711
2020-02-20,3030.154052734375,3031.37109375,2968.445068359375,2981.8798828125,345700.0,0.0418104400725574
2020-02-21,3039.6689453125,3058.89794921875,3020.14111328125,3022.24609375,364600.0,0.0411901570769821
2020-02-24,3031.23291015625,3042.181884765625,3007.35595703125,3027.89306640625,370400.0,0.0158314155207448
2020-02-25,3013.050048828125,3016.946044921875,2943.717041015625,2982.070068359375,441600.0,0.009362529924468
2020-02-26,2987.928955078125,3028.780029296875,2974.93994140625,2978.419921875,469000.0,0.0042013008433546
2020-02-27,2991.330078125,3009.4599609375,2980.47998046875,2992.489990234375,350500.0,-0.0128953300435163
2020-02-28,2880.303955078125,2948.1259765625,2878.5439453125,2924.64111328125,401200.0,-0.0538527813832978
2020-03-02,2970.930908203125,2982.507080078125,2899.31005859375,2899.31005859375,367300.0,-0.0200940969922754
2020-03-03,2992.89697265625,3026.842041015625,2976.623046875,3006.888916015625,410100.0,-0.0067110654617003
2020-03-04,3011.666015625,3012.00390625,2974.35791015625,2981.805908203125,353300.0,0.0079129289625594
2020-03-05,3071.677001953125,3074.257080078125,3022.926025390625,3036.155029296875,445400.0,0.0265055364922535
2020-03-06,3034.510986328125,3052.444091796875,3029.462890625,3039.93994140625,362100.0,0.0521544582245564
2020-03-09,2943.291015625,2989.205078125,2940.714111328125,2987.180908203125,414600.0,-0.0093469924418377
2020-03-10,2996.761962890625,3000.2958984375,2904.799072265625,2918.93505859375,393300.0,0.0012905545415535
2020-03-11,2968.51708984375,3010.029052734375,2968.51708984375,3001.761962890625,352500.0,-0.0144308874270695
2020-03-12,2923.486083984375,2944.465087890625,2906.283935546875,2936.01611328125,307800.0,-0.0494468985951453
2020-03-13,2887.427001953125,2910.881103515625,2799.98388671875,2804.23193359375,366500.0,-0.0496844919416688
2020-03-16,2789.25390625,2898.034912109375,2784.662109375,2897.301025390625,351900.0,-0.0537542054108055
2020-03-17,2779.64111328125,2826.906982421875,2715.220947265625,2796.283935546875,306100.0,-0.0752105366249794
2020-03-18,2728.756103515625,2815.8740234375,2728.756103515625,2792.322021484375,291200.0,-0.0842166661520994
2020-03-19,2702.1298828125,2736.820068359375,2646.804931640625,2719.406005859375,302300.0,-0.0787364610477025
2020-03-20,2745.617919921875,2751.89599609375,2702.492919921875,2727.01904296875,252000.0,-0.0503596377511959
2020-03-23,2660.169921875,2703.330078125,2656.5,2677.590087890625,249800.0,-0.0473841417987696
2020-03-24,2722.43798828125,2723.406982421875,2667.133056640625,2703.01904296875,257000.0,-0.0207940253522007
2020-03-25,2781.591064453125,2788.635009765625,2757.802001953125,2775.302978515625,273100.0,0.0191772237060356
2020-03-26,2764.910888671875,2788.50390625,2753.427978515625,2761.89599609375,234100.0,0.0229680986051944
2020-03-27,2772.202880859375,2805.548095703125,2771.756103515625,2792.98388671875,240800.0,0.0096361109243774
2020-03-30,2747.214111328125,2759.09912109375,2723.053955078125,2739.718994140625,239700.0,0.0321973466124653
2020-03-31,2750.2958984375,2771.16796875,2743.114990234375,2767.306884765625,218600.0,0.0101807072471442
2020-04-01,2734.52197265625,2773.364013671875,2731.0791015625,2743.541015625,217300.0,-0.0170664502103474
2020-04-03,2763.987060546875,2780.5869140625,2754.072998046875,2773.575927734375,200800.0,-0.0029680435211738
2020-04-06,2763.987060546875,2780.5869140625,2754.072998046875,2773.575927734375,200800.0,-0.0029680435211738
2020-04-07,2820.762939453125,2823.277099609375,2801.839111328125,2806.968017578125,270200.0,0.0264200464944994
2020-04-08,2815.368896484375,2823.214111328125,2800.2958984375,2805.9169921875,243500.0,0.0233847943923708
2020-04-09,2825.904052734375,2832.39501953125,2820.43310546875,2825.839111328125,238200.0,0.0328716929510252
2020-04-10,2796.631103515625,2833.014892578125,2789.97607421875,2827.18701171875,233500.0,0.0057351394656737
2020-04-13,2783.048095703125,2792.89111328125,2774.0810546875,2784.597900390625,177100.0,0.0068725398859743
2020-04-14,2827.282958984375,2827.298095703125,2789.427978515625,2794.801025390625,202700.0,0.002308771049208
2020-04-15,2811.174072265625,2829.75,2808.7041015625,2826.662109375,205600.0,-0.0014910843191834
2020-04-16,2819.93505859375,2823.337890625,2796.839111328125,2798.429931640625,203000.0,-0.0021144762529987
2020-04-17,2838.4951171875,2854.9599609375,2830.02197265625,2835.55810546875,245700.0,0.0148585079520558
2020-04-20,2852.552978515625,2852.989990234375,2833.261962890625,2840.408935546875,211800.0,0.0246676108852099
2020-04-21,2827.012939453125,2842.237060546875,2808.02099609375,2842.237060546875,233200.0,-9.55095157046192e-05
2020-04-22,2843.97998046875,2843.97998046875,2808.48193359375,2814.06591796875,217300.0,0.0116022573048044
2020-04-23,2838.4990234375,2853.635986328125,2835.89599609375,2850.510009765625,248800.0,0.0065615437694479
2020-04-24,2808.529052734375,2834.93896484375,2802.4990234375,2834.93896484375,235200.0,-0.0106131459081884
2020-04-27,2815.4951171875,2832.666015625,2802.9580078125,2812.241943359375,210100.0,-0.0130762437928669
2020-04-28,2810.02392578125,2821.7451171875,2758.24609375,2819.990966796875,253900.0,-0.0060276579756387
2020-04-29,2822.44189453125,2831.763916015625,2800.738037109375,2801.383056640625,202100.0,-0.0076020423957983
2020-05-04,2822.44189453125,2831.763916015625,2800.738037109375,2801.383056640625,202100.0,-0.0076020423957983
2020-05-05,2822.44189453125,2831.763916015625,2800.738037109375,2801.383056640625,202100.0,-0.0076020423957983
2020-05-06,2878.139892578125,2879.262939453125,2830.654052734375,2831.633056640625,249800.0,0.0244833373407315
2020-05-07,2871.52294921875,2882.02197265625,2864.5810546875,2876.472900390625,226700.0,0.0197044019069066
2020-05-08,2895.340087890625,2903.800048828125,2879.199951171875,2882.7099609375,226800.0,0.0299095805312903
2020-05-11,2894.800048828125,2914.280029296875,2884.3798828125,2901.570068359375,225100.0,0.0253136105732769
2020-05-12,2891.555908203125,2897.902099609375,2871.22998046875,2894.616943359375,197100.0,0.0109444271168815
2020-05-13,2898.050048828125,2900.259033203125,2875.534912109375,2882.955078125,185100.0,0.0068938990254204
2020-05-14,2870.342041015625,2887.05810546875,2869.18310546875,2887.05810546875,197800.0,-0.0004113326320921
2020-05-15,2868.458984375,2884.219970703125,2863.3701171875,2880.70703125,189000.0,-0.0093276320277236
2020-05-18,2875.41796875,2889.97998046875,2862.27099609375,2872.52392578125,226000.0,-0.00671799675998
2020-05-19,2898.575927734375,2900.218994140625,2887.576904296875,2897.68701171875,197200.0,0.002424823188775
2020-05-20,2883.738037109375,2896.466064453125,2876.177001953125,2896.466064453125,210500.0,-0.0049507317590997
2020-05-21,2867.924072265625,2891.51806640625,2864.20703125,2890.720947265625,203500.0,-0.0008427524431163
2020-05-22,2813.764892578125,2863.0458984375,2808.01806640625,2863.0458984375,209100.0,-0.0192515403145357
2020-05-25,2817.969970703125,2821.498046875,2802.465087890625,2816.240966796875,172900.0,-0.02018128694213
2020-05-26,2846.547119140625,2848.3369140625,2825.90087890625,2827.89697265625,174600.0,-0.018112834348854
2020-05-27,2836.803955078125,2848.9970703125,2831.927978515625,2847.320068359375,198100.0,-0.0164093315763799
2020-05-28,2846.221923828125,2861.924072265625,2820.14599609375,2838.20703125,207500.0,-0.0075959742020146
2020-05-29,2852.35107421875,2855.3759765625,2829.626953125,2835.583984375,206800.0,0.0136201865169863
2020-06-01,2915.430908203125,2917.15087890625,2871.964111328125,2871.964111328125,260200.0,0.0340008761287046
2020-06-02,2921.39794921875,2926.35888671875,2909.1279296875,2916.31689453125,256100.0,0.0259555288160687
2020-06-03,2923.37109375,2942.760009765625,2922.660888671875,2930.39111328125,255700.0,0.0300593839958671
2020-06-04,2919.2509765625,2932.968017578125,2910.751953125,2931.837890625,226600.0,0.0253345944192828
2020-06-05,2930.799072265625,2930.799072265625,2909.117919921875,2923.18896484375,217400.0,0.0271315142288342
2020-06-08,2937.77099609375,2950.06591796875,2934.2099609375,2941.98193359375,231100.0,0.0076334959005417
2020-06-09,2956.112060546875,2957.118896484375,2932.93896484375,2939.534912109375,209000.0,0.0118126604408051
2020-06-10,2943.7529296875,2951.330078125,2934.843017578125,2951.278076171875,207900.0,0.006947839468247
2020-06-11,2920.89697265625,2952.65087890625,2912.193115234375,2939.791015625,233700.0,0.0005636830270895
2020-06-12,2919.740966796875,2930.2548828125,2872.616943359375,2876.802978515625,236000.0,-0.0037802044130028
2020-06-15,2890.030029296875,2922.5400390625,2890.030029296875,2908.280029296875,243200.0,-0.0163842363739799
2020-06-16,2931.75,2931.780029296875,2909.1298828125,2912.830078125,223300.0,-0.0082753975303175
2020-06-17,2935.8701171875,2936.6201171875,2919.0400390625,2932.669921875,234700.0,-0.0026814022464428
2020-06-18,2939.320068359375,2942.89990234375,2920.110107421875,2929.8798828125,258700.0,0.0062875338123554
2020-06-19,2967.6298828125,2973.320068359375,2935.820068359375,2938.7900390625,264300.0,0.0162687126285331
2020-06-22,2965.27197265625,2983.43798828125,2959.034912109375,2966.90087890625,267900.0,0.0257018631211228
2020-06-23,2970.6201171875,2972.403076171875,2949.846923828125,2960.887939453125,225200.0,0.0131712103270325
2020-06-24,2979.551025390625,2982.943115234375,2971.22412109375,2972.98291015625,213200.0,0.0147687547873819
2020-06-25,2979.551025390625,2982.943115234375,2971.22412109375,2972.98291015625,213200.0,0.0147687547873819
2020-06-26,2979.551025390625,2982.943115234375,2971.22412109375,2972.98291015625,213200.0,0.0147687547873819
2020-06-29,2961.51611328125,2977.912109375,2951.77001953125,2973.075927734375,220600.0,0.0075230523007454
2020-06-30,2984.674072265625,2990.824951171875,2965.10498046875,2965.10498046875,215000.0,0.0057269373896478
2020-07-01,3025.98095703125,3026.18603515625,2984.98388671875,2991.180908203125,273300.0,0.020266566278806
2020-07-02,3090.569091796875,3092.443115234375,3021.674072265625,3023.718994140625,391100.0,0.0395845213685336
2020-07-03,3152.81298828125,3152.81298828125,3103.9951171875,3103.9951171875,458800.0,0.056522439946227
2020-07-06,3332.881103515625,3337.27197265625,3187.839111328125,3187.839111328125,643900.0,0.118135788537803
2020-07-07,3345.3369140625,3407.0810546875,3336.241943359375,3380.9541015625,657800.0,0.1140768578385914
2020-07-08,3403.43994140625,3421.531005859375,3327.7060546875,3337.552001953125,587100.0,0.1175513453925755
2020-07-09,3450.593994140625,3456.971923828125,3393.637939453125,3403.48291015625,620000.0,0.1101911423834046
2020-07-10,3383.322021484375,3433.10888671875,3372.507080078125,3418.93505859375,556100.0,0.0705630069182727
2020-07-13,3443.285888671875,3458.791015625,3369.0380859375,3379.386962890625,558000.0,0.0325890894904557
2020-07-14,3414.618896484375,3451.221923828125,3366.0830078125,3435.02392578125,543200.0,0.0204984796645201
2020-07-15,3361.303955078125,3432.450927734375,3345.7490234375,3422.077880859375,492000.0,-0.0124576870637146
2020-07-16,3210.09912109375,3373.531982421875,3209.72705078125,3356.35888671875,490600.0,-0.0722445729274197
2020-07-17,3214.12890625,3252.779052734375,3181.27490234375,3214.402099609375,359700.0,-0.0513016991676387
2020-07-20,3314.14892578125,3314.14892578125,3220.68408203125,3243.910888671875,418600.0,-0.0382253592955816
2020-07-21,3320.89501953125,3336.678955078125,3300.572021484375,3330.547119140625,359300.0,-0.027831559072181
2020-07-22,3333.1640625,3381.97607421875,3311.785888671875,3315.181884765625,393300.0,-0.0084069587727864
2020-07-23,3325.110107421875,3336.300048828125,3257.826904296875,3306.14892578125,407000.0,0.0352009730630375
2020-07-24,3196.76806640625,3319.126953125,3184.965087890625,3310.64501953125,427100.0,-0.0054160540579052
2020-07-27,3205.22705078125,3221.985107421875,3174.657958984375,3210.385986328125,299300.0,-0.0334179258307674
2020-07-28,3227.9599609375,3245.297119140625,3208.493896484375,3226.133056640625,289400.0,-0.0283839841373668
2020-07-29,3294.552001953125,3294.552001953125,3209.989990234375,3221.988037109375,324900.0,-0.0116518260642886
2020-07-30,3286.822021484375,3312.450927734375,3282.162109375,3299.572021484375,340700.0,-0.0115816415441829
2020-07-31,3310.007080078125,3333.785888671875,3261.614013671875,3280.7958984375,353800.0,0.0348100081981759
2020-08-03,3367.966064453125,3368.10302734375,3327.677001953125,3332.18310546875,407500.0,0.049526089913489
2020-08-04,3371.68994140625,3391.070068359375,3352.5,3376.43994140625,442300.0,0.0435637383088233
2020-08-05,3377.56005859375,3383.639892578125,3333.8798828125,3363.330078125,385800.0,0.0248833769389448
2020-08-06,3386.4599609375,3392.699951171875,3334.330078125,3380.760009765625,415300.0,0.0298639694338128
2020-08-07,3354.034912109375,3374.133056640625,3307.712890625,3370.587890625,403900.0,0.0132137440601612
2020-08-10,3379.251953125,3399.931884765625,3335.04296875,3341.528076171875,381400.0,0.0033453489031599
2020-08-11,3340.2900390625,3409.05908203125,3336.094970703125,3379.487060546875,400500.0,-0.0093564437036541
2020-08-12,3319.26611328125,3335.72900390625,3263.264892578125,3327.492919921875,378300.0,-0.0174098643844749
2020-08-13,3320.72607421875,3338.152099609375,3309.462890625,3328.175048828125,324300.0,-0.0196016603917322
2020-08-14,3360.09912109375,3362.027099609375,3302.736083984375,3315.6689453125,306000.0,0.0018064014222501
2020-08-17,3438.801025390625,3450.89892578125,3369.3740234375,3373.902099609375,434600.0,0.0174685021432795
2020-08-18,3451.089111328125,3456.720947265625,3432.639892578125,3441.93408203125,380700.0,0.0326322244072844
2020-08-19,3408.12890625,3454.4609375,3406.1640625,3444.56494140625,405700.0,0.0264197245789041
2020-08-20,3363.89892578125,3394.556884765625,3352.777099609375,3385.965087890625,335600.0,0.0129172397439318
2020-08-21,3380.68310546875,3393.91796875,3358.0009765625,3380.22705078125,287500.0,0.0061073174192086
2020-08-24,3385.637939453125,3396.56591796875,3368.02587890625,3391.113037109375,266200.0,-0.0155805221978799
2020-08-25,3373.577880859375,3408.8701171875,3364.159912109375,3392.8798828125,277100.0,-0.0227159987788287
2020-08-26,3329.739013671875,3382.60302734375,3320.135986328125,3371.80810546875,294500.0,-0.0232695062073918
2020-08-27,3350.110107421875,3351.830078125,3312.989990234375,3333.489990234375,237100.0,-0.0041074826314899
2020-08-28,3403.806884765625,3405.876953125,3339.64892578125,3346.2890625,271300.0,0.0068166859621118
2020-08-31,3395.677978515625,3442.736083984375,3395.468017578125,3416.550048828125,323500.0,0.0029610908914793
2020-09-01,3410.60693359375,3410.60693359375,3381.7109375,3389.741943359375,247000.0,0.0109163949593312
2020-09-03,3384.98095703125,3425.62890625,3374.262939453125,3404.031982421875,255300.0,0.0103550674720562
2020-09-04,3355.366943359375,3360.10595703125,3328.552001953125,3336.407958984375,221600.0,-0.0143333407146416
2020-09-07,3292.591064453125,3368.2451171875,3285.633056640625,3349.91796875,260600.0,-0.030828627793321
2020-09-08,3316.4169921875,3324.39306640625,3276.443115234375,3301.217041015625,271100.0,-0.0280052809174877
2020-09-09,3254.6279296875,3289.614990234375,3238.56103515625,3280.9970703125,351500.0,-0.045108826893329
2020-09-10,3234.822998046875,3285.472900390625,3227.64404296875,3282.23193359375,312500.0,-0.0453740688687224
2020-09-11,3260.345947265625,3262.498046875,3220.535888671875,3225.783935546875,221700.0,-0.0287278279906347
2020-09-14,3278.81396484375,3283.532958984375,3261.14794921875,3275.91796875,213900.0,-0.0041930514808714
2020-09-15,3295.679931640625,3297.68994140625,3263.751953125,3277.1279296875,197700.0,-0.0062724817181839
2020-09-16,3283.924072265625,3302.4560546875,3271.074951171875,3293.16796875,200400.0,0.0089611090078453
2020-09-17,3270.43505859375,3290.408935546875,3248.4990234375,3277.323974609375,202900.0,0.0109488097136171
2020-09-18,3338.090087890625,3338.323974609375,3268.52587890625,3270.910888671875,256300.0,0.0235655049170772
2020-09-21,3316.93505859375,3350.589111328125,3313.071044921875,3348.89892578125,216500.0,0.0115594204972367
2020-09-22,3274.302001953125,3320.22802734375,3265.702880859375,3290.666015625,214000.0,-0.0065077820158374
2020-09-23,3279.7109375,3289.761962890625,3264.89111328125,3278.8359375,169200.0,-0.0012837811176256
2020-09-24,3223.176025390625,3265.344970703125,3221.237060546875,3262.87890625,206700.0,-0.0145558047725011
2020-09-25,3219.41796875,3239.466064453125,3208.034912109375,3234.3740234375,164800.0,-0.0361982252870583
2020-09-28,3217.534912109375,3238.18310546875,3210.89306640625,3224.97705078125,156000.0,-0.0304256702937176
2020-09-29,3224.35888671875,3242.7939453125,3219.7900390625,3231.85498046875,151300.0,-0.015370581527811
2020-09-30,3218.052001953125,3244.9130859375,3202.343994140625,3232.7099609375,153500.0,-0.0189790815499084
2020-10-01,3218.052001953125,3244.9130859375,3202.343994140625,3232.7099609375,153500.0,-0.0189790815499084
2020-10-02,3218.052001953125,3244.9130859375,3202.343994140625,3232.7099609375,153500.0,-0.0189790815499084
2020-10-05,3218.052001953125,3244.9130859375,3202.343994140625,3232.7099609375,153500.0,-0.0189790815499084
2020-10-06,3218.052001953125,3244.9130859375,3202.343994140625,3232.7099609375,153500.0,-0.0189790815499084
2020-10-07,3218.052001953125,3244.9130859375,3202.343994140625,3232.7099609375,153500.0,-0.0189790815499084
2020-10-08,3218.052001953125,3244.9130859375,3202.343994140625,3232.7099609375,153500.0,-0.0189790815499084
2020-10-09,3272.075927734375,3280.511962890625,3260.18701171875,3262.611083984375,188300.0,0.0150574070406389
2020-10-12,3358.465087890625,3359.153076171875,3286.111083984375,3287.327880859375,259600.0,0.0422834623497471
2020-10-13,3359.75,3361.83203125,3334.4990234375,3353.12109375,204900.0,0.0432510553213157
2020-10-14,3340.778076171875,3353.625,3332.964111328125,3353.625,198700.0,0.0354696011265064
2020-10-15,3332.18310546875,3354.577880859375,3330.0009765625,3342.922119140625,191000.0,0.0348514682651787
2020-10-16,3336.35791015625,3348.9541015625,3319.110107421875,3334.45703125,194300.0,0.019455142189686
2020-10-19,3312.669921875,3371.090087890625,3307.840087890625,3351.10009765625,212300.0,-0.0137295633548208
2020-10-20,3328.10009765625,3328.10009765625,3293.77001953125,3307.14990234375,165100.0,-0.0094649665176426
2020-10-21,3325.02001953125,3332.14990234375,3304.169921875,3332.14990234375,177600.0,-0.0047280417946961
2020-10-22,3312.5,3320.8798828125,3281.3701171875,3315.820068359375,165900.0,-0.0059244851044344
2020-10-23,3277.9970703125,3326.049072265625,3276.6201171875,3308.157958984375,174200.0,-0.0176471793798746
2020-10-26,3251.118896484375,3264.446044921875,3226.60205078125,3258.702880859375,167700.0,-0.0187552742328339
2020-10-27,3254.31591796875,3258.3369140625,3235.5439453125,3240.739990234375,149100.0,-0.0224195098047546
2020-10-28,3269.239990234375,3275.8701171875,3238.3798828125,3256.219970703125,173200.0,-0.0169181559942099
2020-10-29,3272.72998046875,3289.77001953125,3231.1201171875,3235.760009765625,184700.0,-0.012078698289492
2020-10-30,3224.532958984375,3279.85595703125,3219.422119140625,3278.631103515625,230200.0,-0.0164444657379752
2020-11-02,3225.1201171875,3242.803955078125,3209.908935546875,3228.715087890625,226800.0,-0.008029017739994
2020-11-03,3271.073974609375,3278.381103515625,3237.85400390625,3239.805908203125,215300.0,0.0051362734665974
2020-11-04,3277.43994140625,3286.62109375,3254.111083984375,3273.43310546875,188500.0,0.0025050729669558
2020-11-05,3320.133056640625,3320.407958984375,3291.60009765625,3305.580078125,226800.0,0.014380366403868
2020-11-06,3312.158935546875,3326.465087890625,3292.15087890625,3326.465087890625,234900.0,0.0268121023166386
2020-11-09,3373.72998046875,3380.823974609375,3329.428955078125,3329.428955078125,310200.0,0.0450487562280949
2020-11-10,3360.14892578125,3387.6220703125,3346.172119140625,3387.6220703125,278700.0,0.0268669325528162
2020-11-11,3342.202880859375,3365.8359375,3339.041015625,3354.02490234375,271200.0,0.0195675227776675
2020-11-12,3338.679931640625,3350.280029296875,3329.489990234375,3344.4599609375,216500.0,0.0055706393901947
2020-11-13,3310.10498046875,3327.22900390625,3291.64306640625,3327.22900390625,227900.0,-0.0006203181178026
2020-11-16,3346.968994140625,3346.968994140625,3313.64697265625,3325.62109375,279600.0,-0.007963793011813
2020-11-17,3339.89990234375,3347.699951171875,3323.949951171875,3347.14990234375,283600.0,-0.0060444589606924
2020-11-18,3347.302978515625,3358.89404296875,3333.991943359375,3337.33203125,287500.0,0.0015248057933189
2020-11-19,3363.087890625,3367.3330078125,3330.449951171875,3339.0859375,253300.0,0.0072840681893708
2020-11-20,3377.72998046875,3380.14990234375,3356.31005859375,3359.60009765625,261300.0,0.0202239754169911
2020-11-23,3414.489990234375,3431.64990234375,3377.989990234375,3384.10009765625,373900.0,0.0199729794582294
2020-11-24,3402.822998046875,3413.926025390625,3396.243896484375,3407.408935546875,301000.0,0.0186645434809493
2020-11-25,3362.326904296875,3423.485107421875,3362.326904296875,3417.514892578125,322100.0,0.0044783247818049
2020-11-26,3369.73291015625,3371.4541015625,3344.281982421875,3360.06103515625,255900.0,0.0019739190706197
2020-11-27,3408.306884765625,3408.306884765625,3364.491943359375,3373.843017578125,280600.0,0.0090117728029642
2020-11-30,3391.760009765625,3456.739990234375,3391.760009765625,3418.159912109375,385000.0,-0.0066791742795174
2020-12-01,3451.93994140625,3457.639892578125,3386.909912109375,3388.989990234375,316200.0,0.0143309942053922
2020-12-02,3449.381103515625,3465.72900390625,3435.87109375,3453.51806640625,312800.0,0.0255615593386971
2020-12-03,3442.135986328125,3452.160888671875,3428.803955078125,3448.5400390625,298500.0,0.021258718871634
2020-12-04,3444.5810546875,3448.404052734375,3417.048095703125,3436.72900390625,256300.0,0.0105866341410739
2020-12-07,3416.60400390625,3449.577880859375,3414.31396484375,3446.64794921875,254500.0,0.0072981128393368
2020-12-08,3410.179931640625,3428.659912109375,3403.030029296875,3417.68994140625,226900.0,-0.0121713190873301
2020-12-09,3371.964111328125,3422.535888671875,3371.916015625,3416.077880859375,260700.0,-0.0226994277237355
2020-12-10,3373.27587890625,3384.887939453125,3357.7529296875,3365.73095703125,247300.0,-0.0202078618471589
2020-12-11,3347.19091796875,3383.177978515625,3325.172119140625,3381.008056640625,298600.0,-0.0286808252779798
2020-12-14,3369.1201171875,3371.12890625,3338.6259765625,3349.533935546875,239800.0,-0.0139954589770947
2020-12-15,3367.22998046875,3373.56005859375,3348.419921875,3366.580078125,225700.0,-0.0126746136665413
2020-12-16,3366.98291015625,3378.6630859375,3359.1708984375,3371.262939453125,220800.0,-0.0014783324644583
2020-12-17,3404.873046875,3406.155029296875,3354.010986328125,3367.277099609375,275500.0,0.0093233114804981
2020-12-18,3394.89990234375,3413.81005859375,3382.75,3400.489990234375,281000.0,0.014152814607498
2020-12-21,3420.569091796875,3423.60888671875,3381.115966796875,3394.39501953125,283800.0,0.0151553208906769
2020-12-22,3356.781982421875,3415.75390625,3353.85791015625,3410.968017578125,323000.0,-0.0031076703947278
2020-12-23,3382.320068359375,3394.208984375,3360.201904296875,3362.471923828125,299500.0,0.0045448203026361
2020-12-24,3363.113037109375,3394.074951171875,3354.02197265625,3382.193115234375,275000.0,-0.0123406104024769
2020-12-25,3396.56298828125,3397.007080078125,3348.344970703125,3351.7900390625,294500.0,0.0004897578025606
2020-12-28,3397.284912109375,3412.51904296875,3383.654052734375,3396.35888671875,316200.0,-0.0068303809965134
2020-12-29,3379.035888671875,3407.087890625,3376.087890625,3399.2939453125,311800.0,0.0066076570492411
2020-12-30,3414.452880859375,3414.4541015625,3374.416015625,3375.009033203125,291000.0,0.009455384824738
2020-12-31,3473.069091796875,3474.91796875,3419.72705078125,3419.72705078125,335700.0,0.0321716233659043
2021-01-04,3502.9580078125,3511.655029296875,3457.2060546875,3474.678955078125,380800.0,0.0308437221178019
2021-01-05,3528.677001953125,3528.677001953125,3484.715087890625,3492.19091796875,408000.0,0.0379464563678251
2021-01-06,3550.876953125,3556.802001953125,3513.1259765625,3530.906982421875,370200.0,0.0496041732616251
2021-01-07,3576.205078125,3576.205078125,3526.616943359375,3552.908935546875,405300.0,0.046284934531106
2021-01-08,3570.110107421875,3588.06005859375,3544.889892578125,3577.68994140625,345600.0,0.0275577701857186
2021-01-11,3531.498046875,3597.701904296875,3516.986083984375,3571.321044921875,362500.0,0.0081144001578604
2021-01-12,3608.340087890625,3608.340087890625,3517.469970703125,3518.010009765625,323400.0,0.0223248434385347
2021-01-13,3598.652099609375,3622.347900390625,3575.594970703125,3613.281005859375,388100.0,0.0133647565454601
2021-01-14,3565.905029296875,3599.05810546875,3559.60009765625,3584.931884765625,347700.0,-0.002884317327501
2021-01-15,3566.3779296875,3589.26611328125,3533.7880859375,3566.284912109375,324600.0,-0.0010459425014703
2021-01-18,3596.219970703125,3608.77001953125,3544.260009765625,3554.800048828125,301700.0,0.0181611288708139
2021-01-19,3566.3798828125,3603.14990234375,3553.02001953125,3596.360107421875,323400.0,-0.0116968142725528
2021-01-20,3583.092041015625,3589.9619140625,3556.443115234375,3564.12109375,272300.0,-0.0043332323281189
2021-01-21,3621.263916015625,3636.243896484375,3585.802001953125,3590.925048828125,327500.0,0.0154052261619248
2021-01-22,3606.75,3616.5400390625,3585.033935546875,3616.5400390625,324500.0,0.0112565946141938
2021-01-25,3624.238037109375,3637.10009765625,3591.02001953125,3605.361083984375,327300.0,0.0077607838734309
2021-01-26,3569.428955078125,3610.968994140625,3564.741943359375,3610.968994140625,278100.0,0.0008545835575078
2021-01-27,3573.340087890625,3578.800048828125,3546.489990234375,3567.550048828125,264100.0,-0.0027253690066513
2021-01-28,3505.176025390625,3549.5439453125,3496.87890625,3534.6689453125,270900.0,-0.0325823725206365
2021-01-29,3483.069091796875,3531.597900390625,3446.547119140625,3521.718017578125,293700.0,-0.0348932617927539
2021-02-01,3505.283935546875,3506.388916015625,3469.875,3477.172119140625,277600.0,-0.0333725436319884
2021-02-02,3533.68505859375,3535.501953125,3495.568115234375,3510.80810546875,264500.0,-0.0100643740557113
2021-02-03,3517.30810546875,3544.009033203125,3508.507080078125,3531.14892578125,297400.0,-0.0158048029601277
2021-02-04,3501.85888671875,3524.721923828125,3465.77099609375,3503.779052734375,298800.0,-0.000946802452473
2021-02-05,3496.330078125,3536.5400390625,3492.9599609375,3509.489990234375,290100.0,0.0038000412250394
2021-02-08,3532.447021484375,3542.2080078125,3492.12890625,3504.56298828125,249800.0,0.007719312086677
2021-02-09,3603.489013671875,3604.010986328125,3528.676025390625,3539.77294921875,253800.0,0.0195612942033315
2021-02-17,3603.489013671875,3604.010986328125,3528.676025390625,3539.77294921875,253800.0,0.0195612942033315
2021-02-18,3675.35693359375,3731.68701171875,3663.6640625,3721.0869140625,340300.0,0.0483563147387272
2021-02-19,3696.16796875,3699.64990234375,3634.014892578125,3661.782958984375,361100.0,0.0555827295611333
2021-02-22,3642.43994140625,3717.27001953125,3642.43994140625,3707.18994140625,488800.0,0.0306629326545665
2021-02-23,3636.360107421875,3672.14990234375,3617.699951171875,3617.699951171875,398900.0,0.0090806642721069
2021-02-24,3564.080078125,3645.64697265625,3531.593994140625,3638.93603515625,362200.0,-0.0252141616293959
2021-02-25,3585.050048828125,3608.56005859375,3568.469970703125,3595.5400390625,366200.0,-0.0248778181602597
2021-02-26,3509.080078125,3550.409912109375,3500.699951171875,3514.56005859375,333300.0,-0.0519426817142012
2021-03-01,3551.39990234375,3552.56689453125,3511.989013671875,3531.47998046875,315500.0,-0.025311906217358
2021-03-02,3508.591064453125,3566.85205078125,3485.364013671875,3566.85205078125,339800.0,-0.0357686601020565
2021-03-03,3576.89990234375,3577.6201171875,3498.719970703125,3500.159912109375,347700.0,0.0035904982302794
2021-03-04,3503.489990234375,3552.199951171875,3487.3798828125,3546.639892578125,393600.0,-0.023012822827238
2021-03-05,3501.987060546875,3523.568115234375,3456.6669921875,3463.30908203125,356400.0,-0.0020233781413779
2021-03-08,3421.409912109375,3542.300048828125,3421.219970703125,3524.97998046875,387000.0,-0.0372891433211294
2021-03-09,3359.2900390625,3429.14990234375,3328.31005859375,3415.340087890625,407700.0,-0.0434848970035524
2021-03-10,3357.739990234375,3397.030029296875,3354.820068359375,3389.840087890625,299700.0,-0.063228350486711
2021-03-11,3436.830078125,3436.830078125,3369.89990234375,3369.89990234375,322100.0,-0.019210054112172
2021-03-12,3453.080078125,3454.510009765625,3417.239990234375,3447.199951171875,358000.0,-0.0140639299578954
2021-03-15,3419.949951171875,3457.489990234375,3392.510009765625,3441.8798828125,367800.0,-0.000426804316346
2021-03-16,3446.73291015625,3448.883056640625,3406.175048828125,3424.652099609375,316700.0,0.025697146058095
2021-03-17,3445.551025390625,3454.055908203125,3410.281982421875,3435.73193359375,280100.0,0.0258157152808005
2021-03-18,3463.068115234375,3478.14501953125,3449.376953125,3449.64111328125,284400.0,0.0076053770201105
2021-03-19,3404.659912109375,3439.52001953125,3389.2900390625,3423.8701171875,309200.0,-0.014121553379796
2021-03-22,3443.43994140625,3443.659912109375,3404.22998046875,3406.1201171875,312600.0,0.0068450378951765
2021-03-23,3411.510009765625,3445.419921875,3390.050048828125,3445.340087890625,326400.0,-0.0102717884150911
2021-03-24,3367.06005859375,3415.2900390625,3362.179931640625,3394.1298828125,317400.0,-0.0230438635501909
2021-03-25,3363.590087890625,3382.22998046875,3344.969970703125,3355.070068359375,270700.0,-0.0291460525592709
2021-03-26,3418.326904296875,3423.222900390625,3373.31689453125,3373.31689453125,274600.0,0.0040061664588055
2021-03-29,3435.300048828125,3449.833984375,3409.886962890625,3429.632080078125,284800.0,-0.0023666823834311
2021-03-30,3456.679931640625,3457.6298828125,3423.320068359375,3432.530029296875,285400.0,0.0131535596769778
2021-03-31,3441.909912109375,3452.2099609375,3420.830078125,3452.2099609375,283000.0,0.0219865468834259
2021-04-01,3466.330078125,3470.030029296875,3438.830078125,3444.81005859375,275200.0,0.0300875378197658
2021-04-02,3484.39208984375,3487.5859375,3462.83203125,3472.6279296875,262700.0,0.0191423706942408
2021-04-05,3484.39208984375,3487.5859375,3462.83203125,3472.6279296875,262700.0,0.0191423706942408
2021-04-06,3482.969970703125,3493.280029296875,3471.760009765625,3491.6298828125,234700.0,0.0137810973519704
2021-04-07,3479.6298828125,3483.419921875,3453.18994140625,3483.419921875,295800.0,0.0066173615461014
2021-04-08,3482.550048828125,3495.909912109375,3459.320068359375,3467.489990234375,331800.0,0.0117382737678871
2021-04-09,3450.679931640625,3475.449951171875,3442.139892578125,3475.43994140625,280100.0,-0.0045251266566458
2021-04-12,3412.949951171875,3456.159912109375,3403.89990234375,3445.969970703125,309600.0,-0.0207165871545521
2021-04-13,3396.469970703125,3425.389892578125,3387.89990234375,3411.2900390625,270600.0,-0.0251487213081672
2021-04-14,3416.719970703125,3420.030029296875,3392.97998046875,3397.02001953125,233200.0,-0.0182449146405721
2021-04-15,3398.989990234375,3409.610107421875,3373.090087890625,3409.610107421875,234000.0,-0.0242864722965689
2021-04-16,3426.6201171875,3432.6298828125,3394.1298828125,3407.18994140625,258600.0,-0.0069969064719145
2021-04-19,3477.550048828125,3479.010009765625,3414.360107421875,3427.550048828125,302700.0,0.0187510312558842
2021-04-20,3472.93994140625,3494.300048828125,3463.4599609375,3467.14990234375,285300.0,0.0222648322483319
2021-04-22,3465.110107421875,3485.360107421875,3456.320068359375,3482.830078125,251100.0,0.0192660833759393
2021-04-23,3474.169921875,3482.360107421875,3456.330078125,3462.090087890625,249400.0,0.0137811922912766
2021-04-26,3441.169921875,3497.1201171875,3438.570068359375,3484.110107421875,277000.0,-0.0105165297633589
2021-04-27,3442.610107421875,3443.85009765625,3417.260009765625,3440.090087890625,253000.0,-0.0087715447751101
2021-04-28,3457.070068359375,3457.070068359375,3423.330078125,3432.159912109375,247400.0,-0.0045771691112695
2021-04-29,3474.89990234375,3478.22998046875,3447.590087890625,3458.080078125,276600.0,0.0028212643502283
2021-05-04,3474.89990234375,3478.22998046875,3447.590087890625,3458.080078125,276600.0,0.0028212643502283
2021-05-05,3474.89990234375,3478.22998046875,3447.590087890625,3458.080078125,276600.0,0.0028212643502283
2021-05-06,3441.280029296875,3471.239990234375,3426.85009765625,3446.070068359375,310400.0,3.19965775749331e-05
2021-05-07,3418.8701171875,3457.889892578125,3416.780029296875,3446.409912109375,353800.0,-0.0069198144386672
2021-05-10,3427.989990234375,3429.739990234375,3401.929931640625,3423.590087890625,374200.0,-0.0084473485492544
2021-05-11,3441.85009765625,3448.10009765625,3384.699951171875,3406.60009765625,350900.0,-0.0095565276223707
2021-05-12,3462.75,3466.3701171875,3428.389892578125,3429.75,311400.0,0.0045993682255757
2021-05-13,3429.5400390625,3448.02001953125,3418.3798828125,3432.139892578125,319300.0,-0.0034173509254549
2021-05-14,3490.3798828125,3490.639892578125,3422.56005859375,3436.090087890625,337000.0,0.0207004578368629
2021-05-17,3517.6201171875,3530.510009765625,3490.139892578125,3490.409912109375,322100.0,0.0258105771478904
2021-05-18,3529.010009765625,3529.010009765625,3510.860107421875,3520.64990234375,271300.0,0.0250082352217124
2021-05-19,3510.9599609375,3521.110107421875,3503.820068359375,3521.110107421875,278300.0,0.0138264221568578
2021-05-20,3506.93994140625,3517.739990234375,3486.070068359375,3500.8798828125,326000.0,0.0223176928768491
2021-05-21,3486.56005859375,3518.3798828125,3479.669921875,3510.840087890625,283800.0,-0.00109498566205
2021-05-24,3497.280029296875,3498.300048828125,3469.8701171875,3486.27001953125,289500.0,-0.0057991259943021
2021-05-25,3581.340087890625,3584.580078125,3502.43994140625,3502.5400390625,341200.0,0.0147196754761694
2021-05-26,3593.360107421875,3603.489990234375,3585.3701171875,3586.840087890625,342000.0,0.0231982346001024
2021-05-27,3608.85009765625,3626.360107421875,3579.260009765625,3585.72998046875,309600.0,0.0286453434334601
2021-05-28,3600.780029296875,3622.179931640625,3582.360107421875,3610.77001953125,349200.0,0.0322349032240774
2021-05-31,3615.47998046875,3615.659912109375,3580.64990234375,3600.070068359375,331500.0,0.033239089593885
2021-06-01,3624.7099609375,3626.070068359375,3581.909912109375,3608.60009765625,352800.0,0.0120372177332858
2021-06-02,3597.139892578125,3629.2900390625,3584.60009765625,3626.330078125,348600.0,0.0010513275862308
2021-06-03,3584.2099609375,3618.510009765625,3584.2099609375,3595.419921875,354200.0,-0.0068511128497007
2021-06-04,3591.840087890625,3618.800048828125,3561.889892578125,3565.469970703125,330900.0,-0.0024858663086091
2021-06-07,3599.5400390625,3600.3798828125,3581.89990234375,3597.139892578125,303700.0,-0.0044185511050106
2021-06-08,3580.110107421875,3621.52001953125,3563.25,3598.75,304500.0,-0.0123807181270047
2021-06-09,3591.39990234375,3598.7099609375,3572.639892578125,3576.800048828125,298300.0,-0.001596983982296
2021-06-10,3610.860107421875,3624.340087890625,3584.1298828125,3587.530029296875,318200.0,0.0074079246220466
2021-06-11,3589.75,3614.39990234375,3587.14990234375,3614.110107421875,360600.0,-0.0005820682951983
2021-06-14,3589.75,3614.39990234375,3587.14990234375,3614.110107421875,360600.0,-0.0005820682951983
2021-06-15,3556.56005859375,3592.949951171875,3547.18994140625,3587.469970703125,349200.0,-0.0120122683293582
2021-06-16,3518.330078125,3561.090087890625,3513.56005859375,3556.7099609375,312600.0,-0.0174070887841612
2021-06-17,3525.60009765625,3534.199951171875,3507.35009765625,3508.320068359375,277200.0,-0.0184914091891402
2021-06-18,3525.10009765625,3535.6201171875,3503.179931640625,3520.5,296700.0,-0.0240371685104015
2021-06-21,3529.179931640625,3540.300048828125,3504.010009765625,3515.5,280900.0,-0.0170170322190429
2021-06-22,3557.409912109375,3560.18994140625,3536.81005859375,3539.7900390625,307500.0,0.0002389252479749
2021-06-23,3566.219970703125,3577.469970703125,3549.85009765625,3559.39990234375,310700.0,0.0135197356788202
2021-06-24,3566.64990234375,3570.489990234375,3548.820068359375,3568.580078125,335400.0,0.0115760902664255
2021-06-25,3607.56005859375,3614.300048828125,3564.52001953125,3567.3798828125,346100.0,0.0231228274268579
2021-06-28,3606.3701171875,3614.360107421875,3594.219970703125,3612.25,321300.0,0.0216362288051908
2021-06-29,3573.179931640625,3601.830078125,3570.530029296875,3601.679931640625,306100.0,0.0044232091841538
2021-06-30,3591.199951171875,3594.1201171875,3569.5,3572.6201171875,268200.0,0.0069801917915835
2021-07-01,3588.780029296875,3607.699951171875,3573.93994140625,3600.550048828125,291900.0,0.0061855675270444
2021-07-02,3518.760009765625,3569.889892578125,3514.340087890625,3569.889892578125,291900.0,-0.0249230021907208
2021-07-05,3534.320068359375,3534.320068359375,3510.580078125,3516.919921875,288100.0,-0.0201808206856819
2021-07-06,3530.260009765625,3538.35009765625,3496.929931640625,3533.1298828125,314100.0,-0.0120844110848112
2021-07-07,3553.719970703125,3557.8798828125,3504.469970703125,3508.590087890625,318800.0,-0.0104914609723876
2021-07-08,3525.5,3558.679931640625,3521.06005859375,3557.219970703125,350900.0,-0.0177900498613372
2021-07-09,3524.090087890625,3529.31005859375,3485.050048828125,3512.22998046875,349900.0,0.0015136142523854
2021-07-12,3547.840087890625,3565.030029296875,3527.389892578125,3545.199951171875,403600.0,0.0038180542820299
2021-07-13,3566.52001953125,3567.47998046875,3542.820068359375,3547.590087890625,362400.0,0.0102188105451372
2021-07-14,3528.5,3560.830078125,3525.489990234375,3560.830078125,372200.0,-0.0071220824578455
2021-07-15,3564.590087890625,3565.929931640625,3514.260009765625,3519.06005859375,363300.0,0.0110267947194519
2021-07-16,3539.300048828125,3566.0,3537.72998046875,3559.530029296875,366000.0,0.0043067094277101
2021-07-19,3539.1201171875,3544.8798828125,3506.340087890625,3530.489990234375,336800.0,-0.0024608505907509
2021-07-20,3536.7900390625,3538.639892578125,3509.18994140625,3515.070068359375,293800.0,-0.0083707887792817
2021-07-21,3562.660888671875,3569.090087890625,3543.052978515625,3543.052978515625,339000.0,0.0096348548487168
2021-07-22,3574.73388671875,3576.472900390625,3558.29296875,3563.660888671875,381100.0,0.0028416711975004
2021-07-23,3550.39990234375,3571.85009765625,3541.510009765625,3571.719970703125,446400.0,0.0031312644149699
2021-07-26,3467.43994140625,3538.013916015625,3424.741943359375,3538.013916015625,442900.0,-0.0204615891580309
2021-07-27,3381.179931640625,3483.8740234375,3380.27587890625,3467.447021484375,469100.0,-0.0449948063781163
2021-07-28,3361.590087890625,3385.5400390625,3312.719970703125,3355.820068359375,395800.0,-0.0580936038316563
2021-07-29,3411.719970703125,3416.610107421875,3382.570068359375,3403.840087890625,344600.0,-0.0466741817249617
2021-07-30,3397.360107421875,3404.8798828125,3370.449951171875,3398.199951171875,381400.0,-0.0440615546468125
2021-08-02,3464.2900390625,3464.2900390625,3367.639892578125,3385.68994140625,432900.0,-0.0009088359094884
2021-08-03,3447.989990234375,3470.659912109375,3435.4599609375,3446.780029296875,400700.0,0.0195667089551661
2021-08-04,3477.219970703125,3477.60009765625,3440.780029296875,3442.93994140625,348700.0,0.0338190130593348
2021-08-05,3466.550048828125,3486.159912109375,3449.389892578125,3461.719970703125,348400.0,0.0159433227833212
2021-08-06,3458.22998046875,3466.389892578125,3436.929931640625,3465.47998046875,336800.0,0.0177582007927432
2021-08-09,3494.6298828125,3502.840087890625,3438.699951171875,3441.75,349900.0,0.0087197543092806
2021-08-10,3529.929931640625,3529.929931640625,3477.06005859375,3488.659912109375,345100.0,0.0234865716216565
2021-08-11,3532.6201171875,3544.090087890625,3524.0400390625,3527.110107421875,383800.0,0.0158067229134042
2021-08-12,3524.739990234375,3538.39990234375,3513.449951171875,3522.719970703125,381100.0,0.0166467947558003
2021-08-13,3516.300048828125,3540.080078125,3500.800048828125,3514.469970703125,378200.0,0.0166524224649106
2021-08-16,3517.340087890625,3537.85009765625,3510.89990234375,3514.340087890625,391100.0,0.0064775760823463
2021-08-17,3446.97607421875,3531.72509765625,3438.123046875,3512.10888671875,422900.0,-0.0237806748887227
2021-08-18,3485.285888671875,3487.43603515625,3437.69091796875,3442.346923828125,389200.0,-0.0134897635484811
2021-08-19,3465.554931640625,3480.4599609375,3446.014892578125,3475.298095703125,382400.0,-0.0169338986577577
2021-08-20,3427.333984375,3453.153076171875,3394.971923828125,3442.506103515625,391100.0,-0.0256266193803967
2021-08-23,3477.1298828125,3481.25,3436.669921875,3436.800048828125,384700.0,-0.0114978399304258
2021-08-24,3514.470947265625,3522.697021484375,3481.14111328125,3482.26611328125,430200.0,0.019391654599585
2021-08-25,3540.3798828125,3540.389892578125,3510.070068359375,3517.919921875,450000.0,0.0156839580171012
2021-08-26,3501.6640625,3537.31591796875,3499.452880859375,3537.31396484375,502900.0,0.0103655286847854
2021-08-27,3522.156982421875,3530.193115234375,3493.375,3494.41796875,455300.0,0.0272908861137492
2021-08-30,3528.15087890625,3539.493896484375,3512.992919921875,3535.072998046875,512800.0,0.0145666961822134
2021-08-31,3543.93994140625,3543.93994140625,3496.389892578125,3519.02001953125,524200.0,0.0083500849779663
2021-09-01,3567.10009765625,3582.320068359375,3514.669921875,3543.8701171875,667300.0,0.0075189352066568
2021-09-06,3621.860107421875,3626.2900390625,3580.139892578125,3580.139892578125,521700.0,0.026213832335431
2021-09-07,3676.590087890625,3681.929931640625,3615.139892578125,3621.7099609375,547700.0,0.0367466300207076
2021-09-08,3675.18994140625,3695.320068359375,3661.0,3673.39990234375,586400.0,0.0298518479417601
2021-09-09,3693.1298828125,3693.449951171875,3662.159912109375,3666.820068359375,604800.0,0.026363009363281
2021-09-10,3703.110107421875,3722.873046875,3681.64208984375,3691.18603515625,635200.0,0.0333271176828035
2021-09-13,3715.3701171875,3716.830078125,3692.820068359375,3699.25,557500.0,0.0254905652876931
2021-09-14,3662.60009765625,3723.85009765625,3655.6298828125,3709.6298828125,565000.0,-0.0038124116763438
2021-09-15,3656.219970703125,3677.530029296875,3638.320068359375,3651.159912109375,475000.0,-0.0051749972423086
2021-09-16,3607.090087890625,3677.919921875,3606.72998046875,3664.840087890625,546700.0,-0.0235729277932326
2021-09-17,3613.969970703125,3620.9599609375,3569.27001953125,3595.27001953125,516900.0,-0.0243661531653466
2021-09-20,3613.969970703125,3620.9599609375,3569.27001953125,3595.27001953125,516900.0,-0.0243661531653466
2021-09-21,3613.969970703125,3620.9599609375,3569.27001953125,3595.27001953125,516900.0,-0.0243661531653466
2021-09-22,3628.489990234375,3629.449951171875,3560.5,3563.2099609375,472300.0,-0.0236617199019941
2021-09-23,3642.219970703125,3670.949951171875,3632.280029296875,3651.27001953125,535000.0,-0.0055799265803404
2021-09-24,3613.070068359375,3651.429931640625,3607.7900390625,3637.8701171875,507300.0,-0.0118719734443899
2021-09-27,3582.830078125,3640.81005859375,3559.919921875,3625.9599609375,510800.0,-0.0067483647308975
2021-09-28,3602.219970703125,3610.919921875,3568.820068359375,3577.889892578125,444200.0,-0.0032565690425847
2021-09-29,3536.2900390625,3573.52001953125,3518.050048828125,3573.52001953125,452500.0,-0.0257384150478101
2021-09-30,3568.169921875,3572.429931640625,3541.929931640625,3541.929931640625,395600.0,-0.020540540379791
2021-10-01,3568.169921875,3572.429931640625,3541.929931640625,3541.929931640625,395600.0,-0.020540540379791
2021-10-04,3568.169921875,3572.429931640625,3541.929931640625,3541.929931640625,395600.0,-0.020540540379791
2021-10-05,3568.169921875,3572.429931640625,3541.929931640625,3541.929931640625,395600.0,-0.020540540379791
2021-10-06,3568.169921875,3572.429931640625,3541.929931640625,3541.929931640625,395600.0,-0.020540540379791
2021-10-07,3568.169921875,3572.429931640625,3541.929931640625,3541.929931640625,395600.0,-0.020540540379791
2021-10-08,3592.169921875,3612.550048828125,3571.72998046875,3609.090087890625,407200.0,-0.0058013904133217
2021-10-11,3591.7099609375,3614.699951171875,3586.75,3600.360107421875,394400.0,0.0024753886098559
2021-10-12,3546.93994140625,3583.639892578125,3515.139892578125,3581.300048828125,405400.0,-0.0154650705094885
2021-10-13,3561.760009765625,3569.1298828125,3515.64990234375,3543.489990234375,325100.0,0.0071766414283701
2021-10-14,3558.280029296875,3569.68994140625,3547.179931640625,3555.110107421875,295000.0,-0.0027755471503817
2021-10-15,3572.3701171875,3578.77001953125,3542.68994140625,3551.989990234375,320300.0,-0.0055271810852001
2021-10-18,3568.139892578125,3571.050048828125,3539.47998046875,3571.050048828125,341000.0,-0.0065839798280787
2021-10-19,3593.14990234375,3596.7900390625,3560.6201171875,3562.300048828125,334200.0,0.0129439844990617
2021-10-20,3587.0,3596.050048828125,3574.300048828125,3583.239990234375,344200.0,0.007061391088466
2021-10-21,3594.780029296875,3610.9599609375,3576.35009765625,3590.050048828125,352300.0,0.0102055110672956
2021-10-22,3582.60009765625,3607.580078125,3578.760009765625,3594.75,353200.0,0.0028595471769857
2021-10-25,3609.860107421875,3611.090087890625,3564.2099609375,3574.260009765625,321200.0,0.0116245986769512
2021-10-26,3597.639892578125,3625.02001953125,3589.7099609375,3612.830078125,337300.0,0.0012488171524842
2021-10-27,3562.31005859375,3589.860107421875,3553.1298828125,3589.860107421875,350600.0,-0.0069069712627371
2021-10-28,3518.419921875,3552.0400390625,3509.489990234375,3548.699951171875,378200.0,-0.0214707983449524
2021-10-29,3547.340087890625,3547.340087890625,3502.800048828125,3519.330078125,358800.0,-0.0098907694305731
2021-11-01,3544.47998046875,3556.590087890625,3519.2900390625,3530.39990234375,382300.0,-0.018277561945352
2021-11-02,3505.6298828125,3559.050048828125,3477.659912109375,3543.3798828125,417600.0,-0.0259078309467561
2021-11-03,3498.5400390625,3512.610107421875,3480.489990234375,3501.110107421875,306600.0,-0.018063477512096
2021-11-04,3526.8701171875,3527.949951171875,3503.010009765625,3505.889892578125,319400.0,0.0023988222820527
2021-11-05,3491.570068359375,3525.8701171875,3491.4599609375,3520.2099609375,354500.0,-0.0158465402557152
2021-11-08,3498.6298828125,3507.27001953125,3484.239990234375,3491.969970703125,298200.0,-0.0130200284413747
2021-11-09,3507.0,3514.949951171875,3489.0400390625,3507.110107421875,287300.0,0.0003907570277713
2021-11-10,3492.4599609375,3498.93994140625,3448.43994140625,3498.93994140625,307000.0,-0.0017394019905448
2021-11-11,3532.7900390625,3534.199951171875,3482.830078125,3486.449951171875,322100.0,0.0016771128160732
2021-11-12,3539.10009765625,3543.64990234375,3527.389892578125,3534.14990234375,308700.0,0.0135209737562343
2021-11-15,3533.300048828125,3550.43994140625,3521.2900390625,3542.89990234375,313000.0,0.0098608624620335
2021-11-16,3521.7900390625,3549.77001953125,3517.81005859375,3530.4599609375,310400.0,0.0042084230170331
2021-11-17,3537.3701171875,3537.510009765625,3513.52001953125,3518.56005859375,276700.0,0.0127771985211407
2021-11-18,3520.7099609375,3537.97998046875,3513.110107421875,3531.489990234375,312400.0,-0.0034252753769908
2021-11-19,3560.3701171875,3561.909912109375,3517.64990234375,3519.280029296875,318000.0,0.0059920198347118
2021-11-22,3582.080078125,3585.18798828125,3562.7509765625,3562.762939453125,330000.0,0.0137113668281982
2021-11-23,3589.089111328125,3598.375,3577.361083984375,3580.506103515625,360000.0,0.0189290466952915
2021-11-24,3592.702880859375,3602.735107421875,3575.2880859375,3590.01904296875,336800.0,0.0155212645178555
2021-11-25,3584.179931640625,3597.14990234375,3579.530029296875,3593.389892578125,306500.0,0.0178670352725274
2021-11-26,3564.090087890625,3576.110107421875,3554.8798828125,3576.110107421875,301000.0,0.0010442815130142
2021-11-29,3562.699951171875,3563.679931640625,3526.360107421875,3528.669921875,333600.0,-0.0054249884262921
2021-11-30,3563.889892578125,3582.1201171875,3546.360107421875,3570.75,349200.0,-0.0070458260773916
2021-12-01,3576.889892578125,3576.889892578125,3558.68994140625,3561.889892578125,329900.0,-0.0044111330787747
2021-12-02,3573.840087890625,3586.8701171875,3567.139892578125,3573.25,354000.0,-0.0028890254326057
2021-12-03,3607.429931640625,3608.469970703125,3573.2099609375,3576.449951171875,377600.0,0.0120868020335969
2021-12-06,3589.31005859375,3626.1298828125,3586.81005859375,3615.239990234375,418700.0,0.0074413291302419
2021-12-07,3595.090087890625,3614.219970703125,3572.570068359375,3611.219970703125,403800.0,0.0087164352845915
2021-12-08,3637.570068359375,3637.719970703125,3591.989990234375,3602.820068359375,361000.0,0.0168222173463065
2021-12-09,3673.0400390625,3688.39990234375,3638.699951171875,3641.159912109375,431900.0,0.0273789951328879
2021-12-10,3666.35009765625,3667.85009765625,3651.35009765625,3654.3701171875,420000.0,0.0162010548915475
2021-12-13,3681.080078125,3708.93994140625,3678.06005859375,3686.93994140625,424100.0,0.0252462088140724
2021-12-14,3661.530029296875,3671.679931640625,3654.659912109375,3669.81005859375,362200.0,0.0183120507724977
2021-12-15,3647.6298828125,3668.39990234375,3645.239990234375,3655.050048828125,377500.0,0.0027617144112598
2021-12-16,3675.02001953125,3675.02001953125,3644.659912109375,3648.929931640625,381300.0,0.0005389124478791
2021-12-17,3632.360107421875,3673.64990234375,3631.659912109375,3670.260009765625,408500.0,-0.0093140390567703
2021-12-20,3593.60009765625,3643.949951171875,3589.360107421875,3620.0400390625,423900.0,-0.0240516958717449
2021-12-21,3625.1298828125,3627.090087890625,3591.449951171875,3591.449951171875,408200.0,-0.0099909834439159
2021-12-22,3622.6201171875,3635.89990234375,3616.550048828125,3632.679931640625,394800.0,-0.0068800561956983
2021-12-23,3643.340087890625,3643.550048828125,3618.050048828125,3625.469970703125,382900.0,-0.0086577126729888
2021-12-24,3618.053955078125,3648.9560546875,3612.06689453125,3645.39501953125,390300.0,-0.0039463045245728
2021-12-27,3615.969970703125,3632.18994140625,3601.93994140625,3613.050048828125,329200.0,0.0062056251962241
2021-12-28,3630.112060546875,3631.076904296875,3607.364013671875,3619.64208984375,316200.0,0.0013734010681926
2021-12-29,3597.0,3630.919921875,3596.320068359375,3630.919921875,305100.0,-0.0070973885933702
2021-12-30,3619.18994140625,3628.919921875,3595.5,3596.489990234375,307800.0,-0.0066506397639208
2021-12-31,3639.780029296875,3642.840087890625,3624.93994140625,3626.239990234375,329700.0,0.0059869484919211
2022-01-04,3632.330078125,3651.889892578125,3610.090087890625,3649.14990234375,405000.0,0.0045141992174267
2022-01-05,3595.179931640625,3628.260009765625,3583.469970703125,3628.260009765625,423900.0,-0.0096694780279119
2022-01-06,3586.080078125,3594.489990234375,3559.8798828125,3581.219970703125,371500.0,-0.0030404590143967
2022-01-07,3579.5400390625,3607.22998046875,3577.10009765625,3588.989990234375,436300.0,-0.0110159162550926
2022-01-10,3593.52001953125,3593.52001953125,3555.1298828125,3572.739990234375,356200.0,-0.0127910193601777
2022-01-11,3567.43994140625,3602.14990234375,3562.75,3589.89990234375,359800.0,-0.0180261018482065
2022-01-12,3597.429931640625,3599.5,3572.10009765625,3578.159912109375,343100.0,0.0006256421844535
2022-01-13,3555.260009765625,3601.070068359375,3555.159912109375,3601.030029296875,369400.0,-0.0086315059438469
2022-01-14,3521.260009765625,3548.419921875,3519.320068359375,3544.070068359375,376900.0,-0.0164154285711079
2022-01-17,3541.669921875,3546.090087890625,3519.429931640625,3522.090087890625,312900.0,-0.014533883690971
2022-01-18,3569.909912109375,3579.31005859375,3531.330078125,3541.889892578125,377100.0,0.0006921254674125
2022-01-19,3558.179931640625,3578.72998046875,3541.659912109375,3567.6298828125,333200.0,-0.0109705236595497
2022-01-20,3555.06005859375,3576.260009765625,3540.550048828125,3556.22998046875,379500.0,-5.624252354473542e-05
2022-01-21,3522.570068359375,3547.0,3514.889892578125,3546.75,326500.0,0.0003719733708295
2022-01-24,3524.110107421875,3531.610107421875,3500.139892578125,3508.239990234375,280300.0,-0.0049703926618948
2022-01-25,3433.06005859375,3519.830078125,3433.06005859375,3509.280029296875,327400.0,-0.0390883519545722
2022-01-26,3455.669921875,3462.1201171875,3417.760009765625,3442.68994140625,275100.0,-0.0292328213074953
2022-01-27,3394.25,3456.360107421875,3392.02001953125,3456.10009765625,280600.0,-0.0462891337334449
2022-01-28,3361.43994140625,3417.050048828125,3356.56005859375,3407.590087890625,290900.0,-0.0468214200871439
2022-02-07,3429.580078125,3434.030029296875,3407.760009765625,3407.760009765625,320500.0,-0.0271901251171752
2022-02-08,3452.6298828125,3453.18994140625,3390.4599609375,3428.5400390625,366100.0,0.0056842167095889
2022-02-09,3479.949951171875,3484.739990234375,3444.080078125,3450.820068359375,350200.0,0.007001574171964
2022-02-10,3485.909912109375,3488.860107421875,3464.219970703125,3481.909912109375,355700.0,0.0266462804972504
2022-02-11,3462.949951171875,3500.14990234375,3459.330078125,3472.280029296875,361400.0,0.0297513767056102
2022-02-14,3428.8798828125,3457.260009765625,3415.449951171875,3451.85009765625,315300.0,-0.0002041844142622
2022-02-15,3446.090087890625,3447.489990234375,3421.639892578125,3428.0400390625,275600.0,-0.0018959450183939
2022-02-16,3465.830078125,3475.06005859375,3453.800048828125,3457.070068359375,275000.0,-0.0040657470976018
2022-02-17,3468.0400390625,3480.969970703125,3454.280029296875,3464.2099609375,297300.0,-0.0051394998547834
2022-02-18,3490.760009765625,3490.760009765625,3447.030029296875,3451.6298828125,295100.0,0.0079986674798696
2022-02-21,3490.610107421875,3492.199951171875,3471.68994140625,3488.409912109375,301500.0,0.0178428937497506
2022-02-22,3457.14990234375,3473.389892578125,3437.669921875,3473.2900390625,326300.0,0.0032042414667641
2022-02-23,3489.14990234375,3490.760009765625,3458.179931640625,3458.510009765625,325600.0,0.0067059608151396
2022-02-24,3429.9599609375,3486.97998046875,3400.2099609375,3474.3701171875,488400.0,-0.0110410162270684
2022-02-25,3451.409912109375,3480.179931640625,3440.929931640625,3445.340087890625,377500.0,-0.0113366626105285
2022-02-28,3462.31005859375,3462.31005859375,3425.52001953125,3450.320068359375,345800.0,-0.0081405235310687
2022-03-01,3488.830078125,3491.1298828125,3465.719970703125,3471.360107421875,326000.0,0.0091219368742607
2022-03-02,3484.18994140625,3486.6201171875,3467.0,3478.2900390625,329400.0,-0.0014225498498772
2022-03-03,3481.110107421875,3500.2900390625,3473.340087890625,3495.929931640625,412600.0,0.0148026513897978
2022-03-04,3447.64990234375,3474.8798828125,3437.699951171875,3459.97998046875,393500.0,-0.0010900065339409
2022-03-07,3372.860107421875,3438.56005859375,3360.739990234375,3438.56005859375,393600.0,-0.0261749322956108
2022-03-08,3293.530029296875,3383.6298828125,3287.340087890625,3372.550048828125,415900.0,-0.0576065120443657
2022-03-09,3256.389892578125,3321.47998046875,3147.679931640625,3303.7099609375,466300.0,-0.0676163888543303
2022-03-10,3296.090087890625,3326.580078125,3291.239990234375,3312.179931640625,378300.0,-0.0546142951386625
2022-03-11,3309.75,3315.659912109375,3217.419921875,3259.320068359375,384100.0,-0.0408201533674158
2022-03-14,3223.530029296875,3297.800048828125,3223.530029296875,3271.889892578125,338000.0,-0.0452840395214002
2022-03-15,3063.969970703125,3196.919921875,3063.969970703125,3192.360107421875,465000.0,-0.0722484956572137
2022-03-16,3170.7099609375,3177.7900390625,3023.300048828125,3107.669921875,444700.0,-0.0266636615949335
2022-03-17,3215.0400390625,3260.169921875,3202.929931640625,3215.010009765625,420800.0,-0.0248971327230482
2022-03-18,3251.070068359375,3260.780029296875,3197.360107421875,3207.14990234375,373000.0,-0.0178884638825786
2022-03-21,3253.68994140625,3267.5,3223.389892578125,3255.6201171875,354200.0,0.0093126774190436
2022-03-22,3259.860107421875,3279.110107421875,3239.530029296875,3249.5400390625,361200.0,0.0619728314781374
2022-03-23,3271.030029296875,3279.889892578125,3251.97998046875,3264.7900390625,349900.0,0.0311494037236435
2022-03-24,3250.260009765625,3266.889892578125,3236.659912109375,3256.06005859375,329000.0,0.0108951847046451
2022-03-25,3212.239990234375,3257.110107421875,3211.639892578125,3247.159912109375,340000.0,-0.0120156838993028
2022-03-28,3214.5,3230.219970703125,3159.830078125,3185.169921875,345000.0,-0.012117894287373
2022-03-29,3203.93994140625,3229.179931640625,3196.4599609375,3216.010009765625,316300.0,-0.0173029984731188
2022-03-30,3266.60009765625,3266.60009765625,3216.300048828125,3217.590087890625,366800.0,-0.001355210445559
2022-03-31,3252.199951171875,3272.0400390625,3246.06005859375,3256.139892578125,398400.0,0.0005966792492256
2022-04-01,3282.719970703125,3287.22998046875,3226.300048828125,3234.669921875,378200.0,0.0217038280574373
2022-04-04,3282.719970703125,3287.22998046875,3226.300048828125,3234.669921875,378200.0,0.0217038280574373
2022-04-05,3282.719970703125,3287.22998046875,3226.300048828125,3234.669921875,378200.0,0.0217038280574373
2022-04-06,3283.429931640625,3288.110107421875,3255.68994140625,3269.429931640625,429600.0,0.0212167622877513
2022-04-07,3236.699951171875,3290.260009765625,3236.47998046875,3267.81005859375,402600.0,0.0101729930065151
2022-04-08,3251.85009765625,3257.090087890625,3208.35009765625,3239.8798828125,413800.0,-0.0045256233408022
2022-04-12,3213.330078125,3214.5400390625,3140.89990234375,3165.1201171875,418300.0,-0.0213645311889929
2022-04-13,3186.820068359375,3225.469970703125,3183.530029296875,3199.800048828125,391200.0,-0.0298650110442825
2022-04-14,3225.639892578125,3240.0,3200.22998046875,3203.6298828125,371200.0,-0.0034229302883737
2022-04-15,3211.2451171875,3229.865966796875,3200.133056640625,3210.699951171875,407800.0,-0.0125653462839607
2022-04-18,3195.52001953125,3204.030029296875,3166.97998046875,3185.93994140625,347400.0,0.0089240569785429
2022-04-19,3194.030029296875,3207.830078125,3174.7099609375,3192.090087890625,339900.0,-0.0060243553899504
2022-04-20,3151.050048828125,3191.830078125,3142.050048828125,3189.889892578125,362000.0,-0.0112878297195843
2022-04-21,3079.81005859375,3160.89990234375,3069.679931640625,3138.429931640625,391900.0,-0.0462634210730081
2022-04-22,3086.919921875,3105.659912109375,3049.360107421875,3058.39990234375,342000.0,-0.0394849441596535
2022-04-25,2928.510009765625,3043.820068359375,2928.510009765625,3034.27001953125,433600.0,-0.0872560704081497
2022-04-26,2886.429931640625,2957.679931640625,2878.260009765625,2930.449951171875,401600.0,-0.1012630308132611
2022-04-27,2958.280029296875,2959.179931640625,2863.64990234375,2866.820068359375,423100.0,-0.0631277178582948
2022-04-28,2975.47998046875,2991.510009765625,2936.7900390625,2945.81005859375,100.0,-0.0344625618393997
2022-04-29,3047.06005859375,3048.489990234375,2968.330078125,2986.06005859375,423900.0,-0.0129965942087309
2022-05-04,3047.06005859375,3048.489990234375,2968.330078125,2986.06005859375,423900.0,-0.0129965942087309
2022-05-05,3067.760009765625,3082.22998046875,3042.1201171875,3044.85009765625,383100.0,0.0464538921765742
2022-05-06,3001.56005859375,3030.68994140625,2992.719970703125,3011.320068359375,343300.0,0.0391117523170788
2022-05-09,3004.139892578125,3015.93994140625,2983.610107421875,2990.199951171875,292100.0,0.0153832733200878
2022-05-10,3035.840087890625,3043.780029296875,2957.39990234375,2965.780029296875,370700.0,0.0200828222166703
2022-05-11,3058.699951171875,3100.89990234375,3034.669921875,3035.389892578125,424000.0,0.003812762591526
2022-05-12,3054.989990234375,3072.159912109375,3032.949951171875,3044.800048828125,344400.0,-0.0041713406713849
2022-05-13,3084.280029296875,3086.10009765625,3059.25,3068.030029296875,331700.0,0.0271860792228117
2022-05-16,3073.75,3102.580078125,3063.39990234375,3100.550048828125,338100.0,0.0229070129629836
2022-05-17,3093.699951171875,3093.699951171875,3057.639892578125,3076.5,330400.0,0.0188795836316364
2022-05-18,3085.97998046875,3105.840087890625,3071.31005859375,3095.889892578125,315000.0,0.008879293578881
2022-05-19,3096.9599609375,3096.9599609375,3042.669921875,3046.7099609375,336600.0,0.0136446564704218
2022-05-20,3146.570068359375,3146.570068359375,3107.090087890625,3107.090087890625,372300.0,0.0199947401446107
2022-05-23,3146.860107421875,3150.510009765625,3127.89990234375,3150.489990234375,353400.0,0.0235068498678091
2022-05-24,3070.929931640625,3153.1298828125,3070.929931640625,3149.06005859375,416300.0,-0.0073873447444869
2022-05-25,3107.4599609375,3107.6298828125,3069.949951171875,3070.169921875,342300.0,0.006936392956117
2022-05-26,3123.110107421875,3133.280029296875,3079.47998046875,3111.47998046875,370300.0,0.008408362049285
2022-05-27,3130.239990234375,3151.050048828125,3112.5400390625,3135.030029296875,359500.0,-0.0052033165944503
2022-05-30,3149.06005859375,3150.889892578125,3123.14990234375,3141.9599609375,349400.0,0.0006988497958681
2022-05-31,3186.429931640625,3188.60009765625,3142.0,3149.93994140625,374500.0,0.0369207213409737
2022-06-01,3182.159912109375,3190.610107421875,3160.0400390625,3179.68994140625,365700.0,0.0237545242069764
2022-06-02,3195.4599609375,3197.280029296875,3163.760009765625,3170.31005859375,361800.0,0.0229017055837284
2022-06-03,3195.4599609375,3197.280029296875,3163.760009765625,3170.31005859375,361800.0,0.0229017055837284
2022-06-06,3236.3701171875,3237.070068359375,3181.64990234375,3196.9599609375,422000.0,0.033342691750333
2022-06-07,3241.760009765625,3253.090087890625,3222.639892578125,3235.419921875,402200.0,0.0290123809962068
2022-06-08,3263.7900390625,3266.6298828125,3216.010009765625,3245.02001953125,434200.0,0.0239879623637162
2022-06-09,3238.949951171875,3270.56005859375,3223.47998046875,3259.489990234375,422700.0,0.0176890042588837
2022-06-10,3284.830078125,3286.6201171875,3210.81005859375,3214.179931640625,439900.0,0.0275838837979337
2022-06-13,3255.550048828125,3272.989990234375,3229.31005859375,3256.280029296875,438600.0,0.0059088796397653
2022-06-14,3288.909912109375,3289.1298828125,3195.820068359375,3224.2099609375,450400.0,0.0144397809606339
2022-06-15,3305.409912109375,3358.550048828125,3288.85009765625,3289.10009765625,550600.0,0.0126713847173132
2022-06-16,3285.3798828125,3319.68994140625,3277.530029296875,3306.840087890625,433200.0,0.0142330987667161
2022-06-17,3316.7900390625,3323.280029296875,3262.889892578125,3265.510009765625,395300.0,0.0096825355173269
2022-06-20,3315.429931640625,3333.89990234375,3292.929931640625,3315.780029296875,413500.0,0.0182260608319129
2022-06-21,3306.719970703125,3329.389892578125,3279.830078125,3313.7900390625,394500.0,0.0054005765022758
2022-06-22,3267.199951171875,3311.02001953125,3266.5400390625,3309.1201171875,375500.0,-0.0116271594392702
2022-06-23,3320.14990234375,3320.14990234375,3262.2900390625,3269.050048828125,400600.0,0.0105276463192311
2022-06-24,3349.75,3356.7099609375,3322.949951171875,3324.739990234375,390800.0,0.0098882566687198
2022-06-27,3379.18994140625,3393.31005859375,3364.0,3364.0,414100.0,0.0190487104344412
2022-06-28,3409.2099609375,3412.10009765625,3358.8701171875,3377.679931640625,412100.0,0.0305238287721809
2022-06-29,3361.52001953125,3414.64990234375,3358.469970703125,3399.679931640625,440600.0,0.0284599244010595
2022-06-30,3398.6201171875,3417.010009765625,3358.929931640625,3358.929931640625,381200.0,0.0233595681400774
2022-07-01,3387.639892578125,3404.050048828125,3378.360107421875,3400.260009765625,350500.0,0.0112477658685832
2022-07-04,3405.429931640625,3405.6201171875,3364.090087890625,3381.820068359375,357700.0,0.0077351779642712
2022-07-05,3404.030029296875,3424.840087890625,3372.06005859375,3411.1298828125,411700.0,-0.0015205490034344
2022-07-06,3355.35009765625,3391.030029296875,3333.10009765625,3391.030029296875,384600.0,-0.0018371424495911
2022-07-07,3364.39990234375,3375.860107421875,3332.31005859375,3353.1298828125,334400.0,-0.0101198892777481
2022-07-08,3356.080078125,3386.31005859375,3354.1201171875,3380.3701171875,322900.0,-0.0093598325534112
2022-07-11,3313.580078125,3341.10009765625,3297.010009765625,3341.10009765625,342700.0,-0.0273419969431004
2022-07-12,3281.469970703125,3319.25,3277.080078125,3307.219970703125,334600.0,-0.0366685486385253
2022-07-13,3284.2900390625,3297.02001953125,3266.47998046875,3279.60009765625,331800.0,-0.0214056094668837
2022-07-14,3281.739990234375,3299.25,3261.489990234375,3277.449951171875,355900.0,-0.0248758455135235
2022-07-15,3228.06005859375,3288.919921875,3228.06005859375,3261.3798828125,380200.0,-0.0388922937548162
2022-07-18,3278.10009765625,3278.469970703125,3226.22998046875,3235.090087890625,348300.0,-0.0107651834334796
2022-07-19,3279.429931640625,3283.929931640625,3256.02001953125,3278.719970703125,315700.0,-0.000621877839507
2022-07-20,3304.719970703125,3308.35009765625,3287.739990234375,3291.550048828125,301500.0,0.0062012342006589
2022-07-21,3272.0,3300.530029296875,3272.0,3297.659912109375,332400.0,-0.0029723478257711
2022-07-22,3269.969970703125,3293.639892578125,3246.72998046875,3276.199951171875,300700.0,0.0128994458488438
2022-07-25,3250.389892578125,3273.179931640625,3243.030029296875,3269.7099609375,271200.0,-0.0084890599598727
2022-07-26,3277.43994140625,3282.409912109375,3246.0400390625,3254.18994140625,259500.0,-0.0006069939876814
2022-07-27,3275.760009765625,3282.570068359375,3265.72998046875,3271.780029296875,249100.0,-0.0088018345134165
2022-07-28,3282.580078125,3305.7099609375,3277.110107421875,3287.5,288100.0,0.0032283036251419
2022-07-29,3253.239990234375,3294.800048828125,3246.3701171875,3282.81005859375,307300.0,-0.0051293817768173
2022-08-01,3259.9599609375,3264.300048828125,3225.550048828125,3246.6201171875,292200.0,0.0029399572888777
2022-08-02,3186.27001953125,3231.260009765625,3155.18994140625,3231.260009765625,394200.0,-0.0282116521844262
2022-08-03,3163.669921875,3217.550048828125,3159.4599609375,3188.889892578125,324900.0,-0.0348171848000678
2022-08-04,3189.0400390625,3191.0,3155.699951171875,3179.429931640625,260900.0,-0.0289097790504378
2022-08-05,3227.030029296875,3228.889892578125,3184.449951171875,3195.22998046875,274700.0,-0.0080892011534901
2022-08-08,3236.929931640625,3237.969970703125,3214.080078125,3218.85009765625,254300.0,-0.0070895847518634
2022-08-09,3247.429931640625,3248.77001953125,3227.5400390625,3235.739990234375,259600.0,0.0190129334479983
2022-08-10,3230.02001953125,3253.169921875,3217.81005859375,3242.360107421875,257600.0,0.0207556137976255
2022-08-11,3281.669921875,3281.669921875,3237.89990234375,3243.469970703125,300600.0,0.0286324720448141
2022-08-12,3276.889892578125,3288.219970703125,3272.840087890625,3275.77001953125,299900.0,0.0153325504190034
2022-08-15,3276.090087890625,3286.889892578125,3261.820068359375,3268.3701171875,287100.0,0.012025336338518
2022-08-16,3277.8798828125,3295.02001953125,3271.570068359375,3278.679931640625,303600.0,0.0093329429752773
2022-08-17,3292.530029296875,3296.0,3263.35009765625,3282.10009765625,326100.0,0.0191679398964345
2022-08-18,3277.5400390625,3289.139892578125,3270.56005859375,3286.3701171875,301700.0,-0.0012592624364333
2022-08-19,3258.080078125,3286.489990234375,3258.06005859375,3275.6201171875,333500.0,-0.0057566802855619
2022-08-22,3277.7900390625,3278.169921875,3247.18994140625,3249.699951171875,314500.0,0.0005187617646552
2022-08-23,3276.219970703125,3284.60009765625,3262.6298828125,3274.429931640625,316600.0,-0.0005065263520434
2022-08-24,3215.199951171875,3281.8798828125,3212.389892578125,3279.169921875,366100.0,-0.0237667261428815
2022-08-25,3246.25,3248.35009765625,3199.1201171875,3223.4599609375,336200.0,-0.0095926689287643
2022-08-26,3236.219970703125,3266.27001953125,3232.280029296875,3250.6298828125,309900.0,-0.0067321157994897
2022-08-29,3240.72998046875,3240.72998046875,3199.0,3203.10009765625,297000.0,-0.0113708196922629
2022-08-30,3227.219970703125,3243.75,3212.6298828125,3240.179931640625,294300.0,-0.0150692334175876
2022-08-31,3202.139892578125,3232.02001953125,3184.389892578125,3216.530029296875,344400.0,-0.0040702462210598
2022-09-05,3199.912109375,3199.912109375,3172.0390625,3183.946044921875,280700.0,-0.0126752634330515
2022-09-06,3243.449951171875,3244.639892578125,3203.820068359375,3207.929931640625,318900.0,0.0050164866081874
2022-09-07,3246.2900390625,3253.77001953125,3227.820068359375,3232.139892578125,301000.0,0.0136935151166278
2022-09-08,3235.590087890625,3253.699951171875,3233.800048828125,3245.56005859375,281700.0,0.0157653152664451
2022-09-09,3262.050048828125,3266.199951171875,3236.510009765625,3241.179931640625,283800.0,0.0234389939253018
2022-09-12,3262.050048828125,3266.199951171875,3236.510009765625,3241.179931640625,283800.0,0.0234389939253018
2022-09-13,3263.800048828125,3278.169921875,3259.659912109375,3272.050048828125,276200.0,0.0197688320670349
2022-09-14,3237.5400390625,3250.800048828125,3221.9599609375,3224.679931640625,255200.0,-0.0018237688243234
2022-09-15,3199.919921875,3254.179931640625,3174.389892578125,3248.969970703125,325200.0,-0.0143870327832673
2022-09-16,3126.39990234375,3191.830078125,3126.39990234375,3189.830078125,316500.0,-0.0343291670733861
2022-09-19,3115.60009765625,3135.56005859375,3101.219970703125,3122.75,249100.0,-0.0459340656615692
2022-09-20,3122.409912109375,3140.030029296875,3114.0400390625,3127.840087890625,219900.0,-0.044287064279784
2022-09-21,3117.179931640625,3129.820068359375,3091.300048828125,3116.010009765625,233000.0,-0.0378850692047375
2022-09-22,3108.909912109375,3125.679931640625,3092.820068359375,3098.77001953125,221100.0,-0.0288536309063133
2022-09-23,3088.3701171875,3124.659912109375,3072.239990234375,3106.81005859375,243100.0,-0.012238670047849
2022-09-26,3051.22998046875,3102.64990234375,3048.510009765625,3067.570068359375,262700.0,-0.0208769997961965
2022-09-27,3093.860107421875,3094.0400390625,3048.3701171875,3056.389892578125,232700.0,-0.0091855744161045
2022-09-28,3045.070068359375,3089.10009765625,3044.860107421875,3089.10009765625,230100.0,-0.0234048131698644
2022-09-29,3041.199951171875,3076.760009765625,3026.080078125,3067.469970703125,230000.0,-0.0220199958555902
2022-09-30,3024.389892578125,3054.610107421875,3021.929931640625,3042.169921875,204100.0,-0.0209340988454329
2022-10-03,3024.389892578125,3054.610107421875,3021.929931640625,3042.169921875,204100.0,-0.0209340988454329
2022-10-04,3024.389892578125,3054.610107421875,3021.929931640625,3042.169921875,204100.0,-0.0209340988454329
2022-10-05,3024.389892578125,3054.610107421875,3021.929931640625,3042.169921875,204100.0,-0.0209340988454329
2022-10-06,3024.389892578125,3054.610107421875,3021.929931640625,3042.169921875,204100.0,-0.0209340988454329
2022-10-07,3024.389892578125,3054.610107421875,3021.929931640625,3042.169921875,204100.0,-0.0209340988454329
2022-10-10,2974.14990234375,3029.449951171875,2968.280029296875,3026.93994140625,243400.0,-0.0255865305589791
2022-10-11,2979.7900390625,2986.909912109375,2953.5,2978.06005859375,208600.0,-0.0375666956346345
2022-10-12,3025.510009765625,3025.510009765625,2934.090087890625,2976.719970703125,248000.0,-0.0064442363112302
2022-10-13,3016.360107421875,3036.25,3004.5,3008.300048828125,249700.0,-0.0082013162858259
2022-10-14,3071.989990234375,3084.27001953125,3035.030029296875,3035.030029296875,277300.0,0.0156161741558315
2022-10-17,3084.93994140625,3087.18994140625,3052.7099609375,3060.52001953125,262600.0,0.0365739381754572
2022-10-18,3080.9599609375,3099.919921875,3074.219970703125,3094.929931640625,245600.0,0.0333883827090949
2022-10-19,3044.3798828125,3081.389892578125,3044.3798828125,3073.260009765625,230900.0,0.0062175539161485
2022-10-20,3035.050048828125,3070.260009765625,3013.68994140625,3029.300048828125,244700.0,0.0061770728976451
2022-10-21,3038.929931640625,3055.419921875,3026.9599609375,3038.0400390625,245300.0,-0.0108200996107797
2022-10-24,2977.56005859375,3064.419921875,2965.169921875,3034.75,298100.0,-0.0354279963719884
2022-10-25,2976.280029296875,3001.719970703125,2944.260009765625,2969.159912109375,255600.0,-0.0345670156437899
2022-10-26,2999.5,3028.35009765625,2977.56005859375,2977.56005859375,268700.0,-0.0148516213464798
2022-10-27,2982.89990234375,3017.260009765625,2981.68994140625,3005.0400390625,265600.0,-0.017331965995112
2022-10-28,2915.929931640625,2974.239990234375,2908.97998046875,2967.02001953125,292500.0,-0.0413166723542041
2022-10-31,2893.47998046875,2926.02001953125,2885.090087890625,2893.199951171875,302000.0,-0.0286442696426914
2022-11-01,2969.199951171875,2969.199951171875,2896.760009765625,2899.5,319800.0,-0.0023816685936135
2022-11-02,3003.3701171875,3019.050048828125,2954.949951171875,2960.64990234375,325100.0,0.0012894224423169
2022-11-03,2997.81005859375,3003.719970703125,2977.719970703125,2981.199951171875,259300.0,0.0049860927005782
2022-11-04,3070.800048828125,3081.590087890625,2997.0,2997.0,329800.0,0.0517493449445039
2022-11-07,3077.820068359375,3088.18994140625,3054.4599609375,3062.860107421875,320600.0,0.0617616531713104
2022-11-08,3064.489990234375,3078.280029296875,3047.4599609375,3077.31005859375,256500.0,0.0315886177601721
2022-11-09,3048.169921875,3073.919921875,3046.18994140625,3064.4599609375,235600.0,0.0148063543638274
2022-11-10,3036.1298828125,3047.97998046875,3022.85009765625,3031.68994140625,270400.0,0.0127015978844555
2022-11-11,3087.2900390625,3117.739990234375,3070.300048828125,3099.64990234375,409600.0,0.0053555662268503
2022-11-14,3083.39990234375,3121.409912109375,3075.219970703125,3100.8701171875,361800.0,0.0018112761876372
2022-11-15,3134.080078125,3135.590087890625,3074.5,3081.1298828125,331500.0,0.0224545374427798
2022-11-16,3119.97998046875,3145.75,3115.35009765625,3133.64990234375,303400.0,0.0232852003672235
2022-11-17,3115.429931640625,3115.43994140625,3087.169921875,3110.9599609375,287000.0,0.0257835229855446
2022-11-18,3097.239990234375,3126.7099609375,3096.889892578125,3116.72998046875,300000.0,0.0032176930856555
2022-11-21,3085.0439453125,3085.242919921875,3056.169921875,3078.056884765625,256000.0,0.0005330495172792
2022-11-22,3088.943115234375,3118.1201171875,3076.321044921875,3084.23291015625,327600.0,-0.0145066965213471
2022-11-23,3096.906982421875,3108.243896484375,3075.323974609375,3084.739990234375,326200.0,-0.0074227194806013
2022-11-24,3089.31005859375,3113.239013671875,3084.85498046875,3104.095947265625,267500.0,-0.0084193785338643
2022-11-25,3101.68994140625,3111.419921875,3077.969970703125,3085.4599609375,311400.0,0.0014357161591857
2022-11-28,3078.550048828125,3080.179931640625,3034.699951171875,3055.2900390625,305800.0,-0.0021071793156397
2022-11-29,3149.75,3152.0,3096.110107421875,3096.110107421875,391400.0,0.0194940861106182
2022-11-30,3151.340087890625,3158.570068359375,3137.3701171875,3141.39990234375,372700.0,0.0174239212935048
2022-12-01,3165.469970703125,3198.409912109375,3164.530029296875,3187.989990234375,387000.0,0.0243537505561715
2022-12-02,3156.139892578125,3170.89990234375,3149.840087890625,3160.580078125,307800.0,0.017402622569136
2022-12-05,3211.81005859375,3213.43994140625,3177.06005859375,3181.919921875,447400.0,0.0423759366283952
2022-12-06,3212.530029296875,3224.820068359375,3195.080078125,3200.280029296875,373600.0,0.0197357132100978
2022-12-07,3199.6201171875,3226.080078125,3188.669921875,3204.93994140625,354100.0,0.0152043022825014
2022-12-08,3197.35009765625,3206.719970703125,3187.260009765625,3196.02001953125,321000.0,0.0100208377374279
2022-12-09,3206.949951171875,3212.110107421875,3182.909912109375,3197.1201171875,373300.0,0.0159705865556234
2022-12-12,3179.0400390625,3196.719970703125,3176.580078125,3195.8701171875,333400.0,-0.0102553826923671
2022-12-13,3176.330078125,3187.199951171875,3171.47998046875,3179.43994140625,285800.0,-0.0113323309533749
2022-12-14,3176.530029296875,3189.840087890625,3168.590087890625,3178.550048828125,265600.0,-0.0072426741200161
2022-12-15,3168.64990234375,3179.10009765625,3158.449951171875,3177.199951171875,243000.0,-0.0090167734091511
2022-12-16,3167.85791015625,3175.35302734375,3151.60888671875,3156.135009765625,259800.0,-0.0122646931146165
2022-12-19,3107.1201171875,3170.260009765625,3096.10009765625,3165.31005859375,278500.0,-0.0228829868638795
2022-12-20,3073.77001953125,3100.75,3061.510009765625,3098.949951171875,218800.0,-0.0328216392740157
2022-12-21,3068.409912109375,3085.800048828125,3060.550048828125,3078.330078125,189100.0,-0.0346299317782713
2022-12-22,3054.429931640625,3096.239990234375,3044.60009765625,3085.800048828125,223600.0,-0.0367126253974795
2022-12-23,3045.865966796875,3061.866943359375,3031.535888671875,3038.842041015625,192000.0,-0.0392703708707957
2022-12-26,3065.56298828125,3071.8359375,3047.34912109375,3048.196044921875,206500.0,-0.0134650543628646
2022-12-27,3095.570068359375,3098.080078125,3074.31005859375,3077.75,222200.0,0.0070672516842962
2022-12-28,3087.39990234375,3098.64990234375,3079.429931640625,3088.6201171875,224600.0,0.006169797653528
2022-12-29,3073.699951171875,3086.0,3064.4599609375,3076.72998046875,215600.0,0.0062890582980779
2022-12-30,3089.260009765625,3096.31005859375,3082.199951171875,3084.52001953125,217500.0,0.0141463327062908
2023-01-03,3116.510009765625,3119.860107421875,3073.050048828125,3087.510009765625,281400.0,0.0164825536394605
2023-01-04,3123.52001953125,3129.090087890625,3109.449951171875,3117.570068359375,273300.0,0.0089884979818194
2023-01-05,3155.219970703125,3159.429931640625,3130.22998046875,3132.760009765625,257000.0,0.0217289337282503
2023-01-06,3157.639892578125,3170.739990234375,3151.840087890625,3155.070068359375,257400.0,0.0269428473605242
2023-01-09,3176.080078125,3183.580078125,3165.429931640625,3169.3701171875,258100.0,0.027716173392743
2023-01-10,3169.510009765625,3178.159912109375,3165.139892578125,3178.02001953125,233000.0,0.0168632157671269
2023-01-11,3161.840087890625,3184.760009765625,3160.889892578125,3172.3798828125,237700.0,0.0121935871613748
2023-01-12,3163.449951171875,3171.590087890625,3153.39990234375,3167.27001953125,216700.0,0.0026049739025726
2023-01-13,3195.31005859375,3195.31005859375,3167.510009765625,3170.35009765625,220200.0,0.0118592489486218
2023-01-16,3227.592041015625,3251.3740234375,3197.319091796875,3198.51904296875,306700.0,0.0160886044926038
2023-01-17,3224.239990234375,3231.260009765625,3211.760009765625,3229.43994140625,226600.0,0.0171202556422676
2023-01-18,3224.409912109375,3234.820068359375,3220.3701171875,3227.590087890625,212100.0,0.0195957960979955
2023-01-19,3240.280029296875,3240.280029296875,3210.3798828125,3221.52001953125,226500.0,0.0239965660989695
2023-01-27,3240.280029296875,3240.280029296875,3210.3798828125,3221.52001953125,226500.0,0.0239965660989695
2023-01-30,3269.320068359375,3310.489990234375,3266.760009765625,3308.8701171875,353300.0,0.0128456720482933
2023-01-31,3255.669921875,3277.25,3252.010009765625,3266.139892578125,300200.0,0.0097008071236829
2023-02-01,3284.919921875,3284.919921875,3245.409912109375,3262.199951171875,339500.0,0.0185923142200697
2023-02-02,3285.669921875,3295.760009765625,3272.409912109375,3291.780029296875,333400.0,0.0139108098798228
2023-02-03,3263.409912109375,3275.659912109375,3235.35009765625,3275.659912109375,293300.0,-0.0004289519998183
2023-02-06,3238.699951171875,3250.35009765625,3226.2099609375,3244.699951171875,267100.0,-0.009410033479608
2023-02-07,3248.090087890625,3250.030029296875,3233.830078125,3245.22998046875,250900.0,-0.0023309093216386
2023-02-08,3232.110107421875,3257.110107421875,3230.43994140625,3251.5,234500.0,-0.0162070667678816
2023-02-09,3270.3798828125,3270.3798828125,3225.77001953125,3227.72998046875,254800.0,-0.0046644144690206
2023-02-10,3260.669921875,3269.989990234375,3247.22998046875,3266.43994140625,260600.0,-0.0008399622522088
2023-02-13,3284.159912109375,3285.090087890625,3252.6298828125,3256.989990234375,297200.0,0.0139388850694805
2023-02-14,3293.280029296875,3293.72998046875,3279.18994140625,3288.969970703125,271000.0,0.013816879190198
2023-02-15,3280.489990234375,3296.199951171875,3274.550048828125,3294.02001953125,269900.0,0.0148575905364804
2023-02-16,3249.030029296875,3308.830078125,3231.340087890625,3281.739990234375,380900.0,-0.0065496510038292
2023-02-17,3224.02001953125,3262.469970703125,3223.260009765625,3244.72998046875,278500.0,-0.0113036376174361
2023-02-20,3290.340087890625,3291.0400390625,3225.840087890625,3230.469970703125,325000.0,0.0018800449012409
2023-02-21,3306.52001953125,3308.7900390625,3282.43994140625,3291.6298828125,324400.0,0.0040122451886375
2023-02-22,3291.14990234375,3307.030029296875,3286.719970703125,3292.050048828125,255400.0,0.0032442195960886
2023-02-23,3287.47998046875,3307.43994140625,3275.360107421875,3293.52001953125,262300.0,0.0117648086222969
2023-02-24,3267.159912109375,3288.389892578125,3253.969970703125,3287.260009765625,234200.0,0.0132920449557867
2023-02-27,3258.030029296875,3276.580078125,3251.719970703125,3257.0,242900.0,-0.0098682023816777
2023-02-28,3279.610107421875,3280.419921875,3246.139892578125,3265.739990234375,251600.0,-0.0081717370711088
2023-03-01,3312.35009765625,3315.159912109375,3272.0400390625,3279.139892578125,318400.0,0.0064209186490803
2023-03-02,3310.64990234375,3320.739990234375,3306.4599609375,3308.010009765625,328500.0,0.0070232073406625
2023-03-03,3328.389892578125,3330.60009765625,3302.6201171875,3314.77001953125,344000.0,0.0185675922057027
2023-03-06,3322.030029296875,3333.06005859375,3308.72998046875,3332.02001953125,340500.0,0.0194533234408938
2023-03-07,3285.10009765625,3342.860107421875,3284.409912109375,3320.2099609375,390000.0,0.0016725769585345
2023-03-08,3283.25,3283.25,3263.68994140625,3271.8798828125,260400.0,-0.0088241512675002
2023-03-09,3276.090087890625,3289.06005859375,3260.0,3285.93994140625,264000.0,-0.0104938502659139
2023-03-10,3230.080078125,3262.14990234375,3229.5,3255.510009765625,281100.0,-0.0299817424022045
2023-03-13,3268.699951171875,3268.699951171875,3228.1201171875,3228.1201171875,294900.0,-0.0161837132647836
2023-03-14,3245.31005859375,3262.0,3216.989990234375,3261.919921875,319900.0,-0.0121862273654134
2023-03-15,3263.31005859375,3273.1201171875,3256.860107421875,3261.030029296875,305200.0,-0.0060917498322909
2023-03-16,3226.889892578125,3257.429931640625,3224.719970703125,3244.469970703125,327400.0,-0.015131873157265
2023-03-17,3250.550048828125,3279.919921875,3240.159912109375,3245.260009765625,343000.0,0.0063172988980487
2023-03-20,3234.909912109375,3267.989990234375,3231.64990234375,3253.929931640625,392500.0,-0.0103912577234377
2023-03-21,3255.64990234375,3256.0,3237.889892578125,3240.840087890625,301800.0,0.0031810232738312
2023-03-22,3265.75,3279.389892578125,3255.739990234375,3263.409912109375,290800.0,0.0007474097336943
2023-03-23,3286.64990234375,3286.64990234375,3252.989990234375,3258.780029296875,306100.0,0.0183499874150858
2023-03-24,3265.64990234375,3282.739990234375,3260.840087890625,3282.739990234375,324500.0,0.0046345663596888
2023-03-27,3251.39990234375,3261.820068359375,3229.699951171875,3261.820068359375,337900.0,0.0050845630973797
2023-03-28,3245.3798828125,3264.10009765625,3241.739990234375,3256.60009765625,295700.0,-0.003159508082262
2023-03-29,3240.06005859375,3254.56005859375,3229.580078125,3253.6201171875,296900.0,-0.007897579149089
2023-03-30,3261.25,3263.739990234375,3220.97998046875,3243.070068359375,299900.0,-0.0077582217578547
2023-03-31,3272.860107421875,3278.419921875,3260.0400390625,3263.409912109375,283600.0,0.0022054590388092
2023-04-03,3296.39990234375,3299.72998046875,3276.419921875,3277.340087890625,357700.0,0.0137452914991223
2023-04-04,3312.56005859375,3312.56005859375,3290.989990234375,3297.179931640625,385900.0,0.0204889116174757
2023-04-05,3312.56005859375,3312.56005859375,3290.989990234375,3297.179931640625,385900.0,0.0204889116174757
2023-04-06,3312.6298828125,3314.530029296875,3296.06005859375,3302.75,327200.0,0.0221505342138662
2023-04-07,3327.64990234375,3328.85009765625,3308.06005859375,3312.47998046875,283000.0,0.020155762343448
2023-04-10,3315.360107421875,3332.719970703125,3309.919921875,3331.510009765625,340800.0,0.0129019942149452
2023-04-11,3313.570068359375,3317.449951171875,3298.25,3317.080078125,320600.0,0.0051952443690613
2023-04-12,3327.179931640625,3330.7099609375,3315.39990234375,3316.860107421875,343000.0,0.0044037557782029
2023-04-13,3318.360107421875,3334.469970703125,3309.25,3321.27001953125,347900.0,0.0017283169011567
2023-04-14,3338.14990234375,3340.080078125,3316.81005859375,3326.3701171875,338300.0,0.0031504122512275
2023-04-17,3385.610107421875,3385.610107421875,3336.389892578125,3337.06005859375,402800.0,0.0209678812246785
2023-04-18,3393.330078125,3396.169921875,3375.780029296875,3379.22998046875,348400.0,0.0237855845075893
2023-04-19,3370.1298828125,3394.9599609375,3364.639892578125,3391.35009765625,346100.0,0.0128262066930989
2023-04-20,3367.030029296875,3371.3701171875,3344.02001953125,3367.050048828125,350400.0,0.0145603414987872
2023-04-21,3301.260009765625,3367.610107421875,3301.260009765625,3364.0,387400.0,-0.0111125153250861
2023-04-24,3275.409912109375,3303.090087890625,3264.929931640625,3300.81005859375,354300.0,-0.0330911033948659
2023-04-25,3264.8701171875,3288.570068359375,3229.449951171875,3276.39990234375,380900.0,-0.0385917815622196
2023-04-26,3264.10009765625,3277.97998046875,3239.989990234375,3255.219970703125,357900.0,-0.0319671807097774
2023-04-27,3285.8798828125,3299.300048828125,3253.110107421875,3256.22998046875,341600.0,-0.0243965941285651
2023-04-28,3323.27001953125,3324.8798828125,3283.1201171875,3283.1201171875,401600.0,0.0066450270912598
2023-05-04,3350.4599609375,3352.75,3302.030029296875,3306.47998046875,483400.0,0.0226546129266199
2023-05-05,3334.5,3364.139892578125,3321.18994140625,3350.64990234375,436500.0,0.0211027614938234
2023-05-08,3395.0,3400.179931640625,3340.989990234375,3340.989990234375,534100.0,0.0393196572049308
2023-05-09,3357.669921875,3418.949951171875,3356.1201171875,3402.389892578125,573000.0,0.0216127930565306
2023-05-10,3319.14990234375,3349.719970703125,3305.25,3347.699951171875,451700.0,-0.0012405471994692
2023-05-11,3309.550048828125,3333.25,3307.2900390625,3323.659912109375,354300.0,-0.0122853949455571
2023-05-12,3272.360107421875,3319.1298828125,3271.429931640625,3304.4599609375,347300.0,-0.0188112731250573
2023-05-15,3310.739990234375,3310.739990234375,3235.8701171875,3269.8798828125,388000.0,-0.025132034603606
2023-05-16,3290.989990234375,3317.89990234375,3282.489990234375,3310.159912109375,322500.0,-0.020058829378112
2023-05-17,3284.22998046875,3298.52001953125,3269.889892578125,3281.969970703125,285700.0,-0.0105764768986196
2023-05-18,3297.320068359375,3313.860107421875,3284.169921875,3288.409912109375,310000.0,-0.0037022051957511
2023-05-19,3283.5400390625,3302.340087890625,3268.219970703125,3288.889892578125,285400.0,0.0034106506287164
2023-05-22,3296.469970703125,3308.530029296875,3276.5400390625,3278.60009765625,273900.0,-0.0043195363257954
2023-05-23,3246.239990234375,3298.22998046875,3246.239990234375,3294.7900390625,275300.0,-0.0136910278947956
2023-05-24,3204.75,3237.699951171875,3204.3798828125,3237.699951171875,288700.0,-0.0244981355214547
2023-05-25,3201.260009765625,3207.02001953125,3168.570068359375,3197.360107421875,283600.0,-0.02956555268598
2023-05-26,3212.5,3220.77001953125,3179.820068359375,3198.8798828125,261700.0,-0.0218726703725447
2023-05-29,3221.449951171875,3230.969970703125,3208.9599609375,3219.760009765625,297400.0,-0.0230206364824956
2023-05-30,3224.2099609375,3230.6298828125,3186.6298828125,3214.669921875,303500.0,-0.0068094536201648
2023-05-31,3204.56005859375,3216.360107421875,3190.27001953125,3214.659912109375,294600.0,-5.927046891763436e-05
2023-06-01,3204.6298828125,3225.090087890625,3189.52001953125,3196.14990234375,312300.0,0.0010521171653718
2023-06-02,3230.070068359375,3233.989990234375,3211.739990234375,3212.449951171875,294700.0,0.0054543797684561
2023-06-05,3232.43994140625,3244.179931640625,3221.6298828125,3231.81005859375,278100.0,0.003405698281141
2023-06-06,3195.340087890625,3247.35009765625,3189.27001953125,3228.409912109375,308300.0,-0.0089944209351558
2023-06-07,3197.760009765625,3210.330078125,3188.010009765625,3197.469970703125,258100.0,-0.0021242459960063
2023-06-08,3213.590087890625,3225.530029296875,3180.5400390625,3194.830078125,293500.0,0.0027921171103856
2023-06-09,3231.409912109375,3231.409912109375,3206.10009765625,3213.030029296875,314200.0,0.0004147173010681
2023-06-12,3228.830078125,3239.43994140625,3210.7099609375,3225.300048828125,313800.0,-0.0011173851722429
2023-06-13,3233.669921875,3235.090087890625,3215.5,3223.89990234375,280600.0,0.0119241650232207
2023-06-14,3228.989990234375,3248.4599609375,3226.77001953125,3238.1201171875,303500.0,0.0097188240677653
2023-06-15,3252.97998046875,3252.97998046875,3229.14990234375,3230.449951171875,313300.0,0.0121827736644784
2023-06-16,3273.330078125,3276.550048828125,3255.5,3256.300048828125,326300.0,0.0128892919440768
2023-06-19,3255.81005859375,3271.159912109375,3251.780029296875,3271.159912109375,327800.0,0.0083212439183033
2023-06-20,3240.360107421875,3252.840087890625,3237.7900390625,3252.5400390625,298300.0,0.002066776921968
2023-06-21,3197.89990234375,3236.360107421875,3197.89990234375,3230.110107421875,294400.0,-0.0096750779711717
2023-06-22,3197.89990234375,3236.360107421875,3197.89990234375,3230.110107421875,294400.0,-0.0096750779711717
2023-06-23,3197.89990234375,3236.360107421875,3197.89990234375,3230.110107421875,294400.0,-0.0096750779711717
2023-06-26,3150.6201171875,3181.080078125,3144.25,3177.22998046875,308100.0,-0.0319721972354357
2023-06-27,3189.43994140625,3194.409912109375,3148.27001953125,3153.31005859375,287600.0,-0.0259625048091568
2023-06-28,3189.3798828125,3192.659912109375,3157.1201171875,3183.489990234375,276200.0,-0.0206146068288577
2023-06-29,3182.3798828125,3196.5,3179.530029296875,3185.419921875,250300.0,-0.0180551601853236
2023-06-30,3202.06005859375,3212.989990234375,3177.989990234375,3178.919921875,265400.0,0.0013000571445233
2023-07-03,3243.97998046875,3246.860107421875,3209.159912109375,3209.159912109375,312400.0,0.0292016689234308
2023-07-04,3245.35009765625,3246.9599609375,3233.989990234375,3241.22998046875,279200.0,0.01737789824857
2023-07-05,3222.949951171875,3241.840087890625,3218.60009765625,3240.050048828125,264000.0,0.0104705702689827
2023-07-06,3205.570068359375,3229.47998046875,3199.719970703125,3215.860107421875,246100.0,0.0072606352899212
2023-07-07,3196.610107421875,3212.050048828125,3189.2099609375,3197.469970703125,255700.0,-0.0017034641099974
2023-07-10,3203.699951171875,3216.530029296875,3192.659912109375,3208.72998046875,236600.0,-0.0124945883629746
2023-07-11,3221.3701171875,3221.679931640625,3200.3798828125,3211.1201171875,227600.0,-0.0074164613862964
2023-07-12,3196.1298828125,3224.330078125,3193.43994140625,3220.3798828125,271400.0,-0.008356407809931
2023-07-13,3236.47998046875,3238.469970703125,3202.699951171875,3202.699951171875,276600.0,0.0095963704359265
2023-07-14,3237.699951171875,3248.3798828125,3234.0,3240.969970703125,273300.0,0.0127722792219525
2023-07-17,3209.6298828125,3219.02001953125,3195.889892578125,3219.02001953125,250200.0,0.0018492525673953
2023-07-18,3197.820068359375,3210.25,3190.0,3206.7900390625,235000.0,-0.0073374222617327
2023-07-19,3198.840087890625,3204.360107421875,3181.56005859375,3195.010009765625,217400.0,0.0008476053062953
2023-07-20,3169.52001953125,3209.06005859375,3165.669921875,3201.909912109375,238900.0,-0.020906150406765
2023-07-21,3167.75,3185.639892578125,3157.330078125,3163.419921875,225300.0,-0.0218416294013744
2023-07-24,3164.159912109375,3178.72998046875,3151.1298828125,3157.469970703125,216600.0,-0.0142680394396529
2023-07-25,3231.52001953125,3231.75,3201.4599609375,3201.4599609375,348600.0,0.0104832717956
2023-07-26,3223.030029296875,3229.889892578125,3212.8798828125,3228.090087890625,317200.0,0.0075336484154277
2023-07-27,3216.669921875,3245.60009765625,3210.469970703125,3225.47998046875,327100.0,0.0147664756361965
2023-07-28,3275.929931640625,3280.280029296875,3200.989990234375,3206.739990234375,411100.0,0.0335802206771199
2023-07-31,3291.0400390625,3322.12890625,3281.012939453125,3287.208984375,459000.0,0.0393160463670163
2023-08-01,3290.948974609375,3305.340087890625,3279.56591796875,3288.760009765625,459900.0,0.0182233444944324
2023-08-02,3261.68994140625,3290.820068359375,3252.303955078125,3281.85791015625,405300.0,0.0119235280190774
2023-08-03,3280.462890625,3280.864013671875,3247.27197265625,3254.56494140625,384700.0,0.0196378989652402
2023-08-04,3288.083984375,3315.049072265625,3281.73388671875,3296.093994140625,470900.0,0.0037032421868503
2023-08-07,3268.8310546875,3276.77587890625,3258.537109375,3276.77587890625,360300.0,-0.0067711907482807
2023-08-08,3260.6201171875,3274.52001953125,3246.669921875,3260.719970703125,316500.0,-0.0092585680311035
2023-08-09,3244.489990234375,3257.080078125,3240.2900390625,3251.14990234375,271200.0,-0.0052872780715372
2023-08-10,3254.56005859375,3257.030029296875,3234.1201171875,3242.2099609375,287400.0,-0.0079274297537527
2023-08-11,3189.25,3254.47998046875,3189.25,3254.47998046875,330100.0,-0.0305192401245886
2023-08-14,3178.429931640625,3180.510009765625,3141.659912109375,3159.7099609375,299800.0,-0.0280451026910518
2023-08-15,3176.179931640625,3186.22998046875,3147.35009765625,3180.56005859375,273300.0,-0.0262382019658746
2023-08-16,3150.1298828125,3176.6298828125,3149.719970703125,3164.699951171875,281700.0,-0.0295144852990324
2023-08-17,3163.739990234375,3167.449951171875,3123.25,3137.35009765625,294700.0,-0.028302238896164
2023-08-18,3131.949951171875,3179.1201171875,3131.949951171875,3165.10009765625,294400.0,-0.0181299812655649
2023-08-21,3092.97998046875,3134.9599609375,3092.97998046875,3125.989990234375,265800.0,-0.0272523215244398
2023-08-22,3120.330078125,3126.780029296875,3074.530029296875,3103.780029296875,309300.0,-0.0177404048229725
2023-08-23,3078.39990234375,3116.3798828125,3077.610107421875,3116.27001953125,272200.0,-0.0230337348601931
2023-08-24,3082.239990234375,3106.179931640625,3072.949951171875,3085.909912109375,300000.0,-0.0260982667697142
2023-08-25,3064.070068359375,3085.050048828125,3053.0400390625,3068.6201171875,225200.0,-0.0219116782903237
2023-08-28,3098.639892578125,3219.0400390625,3089.1201171875,3219.0400390625,485600.0,0.0018282497317167
2023-08-29,3135.889892578125,3145.760009765625,3090.43994140625,3091.93994140625,398900.0,0.0049742005903215
2023-08-30,3137.139892578125,3153.68994140625,3126.89990234375,3144.409912109375,347500.0,0.0189015728306164
2023-08-31,3119.8798828125,3139.97998046875,3113.949951171875,3134.550048828125,313400.0,0.0121378997719768
2023-09-05,3154.3701171875,3169.739990234375,3150.080078125,3169.739990234375,294100.0,0.005875839075188
2023-09-06,3158.080078125,3162.14990234375,3136.89990234375,3147.139892578125,267000.0,0.0066527501428249
2023-09-07,3122.35009765625,3152.27001953125,3120.820068359375,3152.199951171875,269300.0,0.0007914527277667
2023-09-08,3116.719970703125,3126.0400390625,3104.669921875,3114.22998046875,228100.0,-0.0052896471238631
2023-09-11,3142.780029296875,3155.10009765625,3113.820068359375,3119.610107421875,290400.0,-0.0108484914238951
2023-09-12,3137.06005859375,3147.510009765625,3134.320068359375,3140.340087890625,234700.0,-0.0055027559043334
2023-09-13,3123.070068359375,3143.760009765625,3106.969970703125,3137.77001953125,249700.0,-0.0111477584561941
2023-09-14,3126.550048828125,3135.030029296875,3111.860107421875,3124.85009765625,264000.0,0.0013442211287873
2023-09-15,3117.739990234375,3141.9599609375,3107.449951171875,3133.590087890625,292000.0,0.0003272198544035
2023-09-18,3125.929931640625,3128.699951171875,3098.5,3110.43994140625,259400.0,-0.0053759508233978
2023-09-19,3124.9599609375,3131.1298828125,3113.530029296875,3123.989990234375,253700.0,-0.0038646036512973
2023-09-20,3108.568115234375,3122.1279296875,3108.157958984375,3118.6669921875,228100.0,-0.004654307222877
2023-09-21,3084.700927734375,3113.493896484375,3084.700927734375,3103.175048828125,228700.0,-0.0134754671886072
2023-09-22,3132.431884765625,3132.55810546875,3078.801025390625,3084.757080078125,286000.0,0.0047012856238828
2023-09-25,3115.60693359375,3131.2080078125,3112.15087890625,3131.2080078125,258100.0,-0.0033078415404603
2023-09-26,3102.27294921875,3120.2890625,3102.27294921875,3114.02099609375,222600.0,-0.0072864183564929
2023-09-27,3107.31591796875,3125.447021484375,3103.843994140625,3104.0400390625,240500.0,-0.0004029023951783
2023-09-28,3110.47509765625,3121.8349609375,3105.93994140625,3117.7548828125,236300.0,0.0083207703938555
2023-09-29,3110.47509765625,3121.8349609375,3105.93994140625,3117.7548828125,236300.0,0.0083207703938555
2023-10-02,3110.47509765625,3121.8349609375,3105.93994140625,3117.7548828125,236300.0,0.0083207703938555
2023-10-03,3110.47509765625,3121.8349609375,3105.93994140625,3117.7548828125,236300.0,0.0083207703938555
2023-10-04,3110.47509765625,3121.8349609375,3105.93994140625,3117.7548828125,236300.0,0.0083207703938555
2023-10-05,3110.47509765625,3121.8349609375,3105.93994140625,3117.7548828125,236300.0,0.0083207703938555
2023-10-06,3110.47509765625,3121.8349609375,3105.93994140625,3117.7548828125,236300.0,0.0083207703938555
2023-10-09,3096.922119140625,3103.360107421875,3072.64208984375,3100.0,264400.0,-0.0114009093829049
2023-10-10,3075.239990234375,3109.97998046875,3073.18994140625,3104.3701171875,255300.0,-0.0130410316875598
2023-10-11,3078.9560546875,3095.658935546875,3071.93603515625,3085.698974609375,259900.0,-0.0075444560018445
2023-10-12,3107.90087890625,3109.989990234375,3092.177001953125,3101.705078125,274800.0,0.0001882350876388
2023-10-13,3088.10009765625,3094.919921875,3080.550048828125,3092.0,255100.0,-0.0072194323622302
2023-10-16,3073.81298828125,3091.1259765625,3063.68603515625,3091.06494140625,263900.0,-0.0074899468185968
2023-10-17,3083.5,3084.070068359375,3064.889892578125,3076.429931640625,259000.0,0.0026823716316541
2023-10-18,3058.7099609375,3076.580078125,3057.05908203125,3076.580078125,268600.0,-0.0065973505670501
2023-10-19,3005.39306640625,3043.196044921875,3004.77490234375,3043.196044921875,304000.0,-0.0335391761914336
2023-10-20,2983.06005859375,3006.27001953125,2977.169921875,2995.360107421875,267100.0,-0.0346064077295897
2023-10-23,2939.291015625,2973.660888671875,2923.510986328125,2969.785888671875,278900.0,-0.0447504055413984
2023-10-24,2962.243896484375,2964.760986328125,2929.087890625,2944.31103515625,311000.0,-0.0401182611691357
2023-10-25,2974.114013671875,2993.294921875,2972.41796875,2986.406982421875,332400.0,-0.0280470615681276
2023-10-26,2988.299072265625,2990.327880859375,2956.006103515625,2960.10400390625,291800.0,-0.0057040101801165
2023-10-27,3017.783935546875,3029.2099609375,2974.8798828125,2978.403076171875,321800.0,0.0115731268983477
2023-10-30,3021.552978515625,3028.263916015625,3002.347900390625,3009.610107421875,360600.0,0.0276025293907213
2023-10-31,3018.77099609375,3023.0009765625,3006.60888671875,3019.64599609375,319900.0,0.0189027393420268
2023-11-01,3023.076904296875,3038.330078125,3013.93310546875,3038.181884765625,280100.0,0.0163289710886806
2023-11-02,3009.406005859375,3038.64208984375,3009.12109375,3028.6650390625,268800.0,0.007038365659105
2023-11-03,3030.798095703125,3040.98095703125,3012.465087890625,3012.465087890625,268500.0,0.0043032169099047
2023-11-06,3058.410888671875,3058.989013671875,3037.694091796875,3047.1298828125,372900.0,0.0121245331330602
2023-11-07,3057.27001953125,3064.576904296875,3042.468994140625,3052.919921875,326900.0,0.0126725736589089
2023-11-08,3052.373046875,3062.990966796875,3037.2890625,3051.153076171875,335700.0,0.0096441810510502
2023-11-09,3053.279052734375,3063.467041015625,3045.833984375,3047.653076171875,315600.0,0.0144733933305849
2023-11-10,3038.969970703125,3044.0009765625,3027.087890625,3043.55908203125,285500.0,0.0026926498172637
2023-11-13,3046.532958984375,3048.62109375,3028.16796875,3044.031982421875,290400.0,-0.003891254357691
2023-11-14,3056.070068359375,3059.529052734375,3044.426025390625,3046.81689453125,294800.0,-0.0003925681117143
2023-11-15,3072.8349609375,3080.1279296875,3064.345947265625,3077.029052734375,304300.0,0.0066812392829399
2023-11-16,3050.926025390625,3071.451904296875,3050.926025390625,3066.85498046875,271100.0,-0.0007709529513447
2023-11-17,3054.3701171875,3055.860107421875,3033.75,3043.6201171875,267600.0,0.005054757834766
2023-11-20,3068.319091796875,3072.512939453125,3043.514892578125,3056.927001953125,287600.0,0.0071256752623026
2023-11-21,3067.93310546875,3089.77392578125,3063.344970703125,3074.827880859375,330700.0,0.0038742801436806
2023-11-22,3043.611083984375,3067.962890625,3043.611083984375,3060.498046875,289100.0,-0.0095559084869289
2023-11-23,3061.85595703125,3062.866943359375,3034.297119140625,3041.677978515625,276600.0,0.0035760945900341
2023-11-24,3040.971923828125,3060.3310546875,3037.200927734375,3060.3310546875,287800.0,-0.0043962143052131
2023-11-27,3031.699951171875,3038.35791015625,3015.008056640625,3038.18603515625,310500.0,-0.0120063823615101
2023-11-28,3038.550048828125,3039.68994140625,3020.22998046875,3028.60009765625,268900.0,-0.009623635297841
2023-11-29,3021.68701171875,3038.97705078125,3017.660888671875,3038.464111328125,278000.0,-0.0072293784760744
2023-11-30,3029.673095703125,3030.908935546875,3013.76806640625,3021.10302734375,282900.0,-0.0105665295159261
2023-12-01,3031.635986328125,3035.760009765625,3010.23291015625,3027.35302734375,286100.0,-0.0030747728137444
2023-12-04,3022.9140625,3038.97900390625,3022.347900390625,3033.298095703125,288200.0,-0.0029022146808654
2023-12-05,2972.2958984375,3017.010009765625,2972.2958984375,3017.010009765625,293900.0,-0.0220457600574177
2023-12-06,2968.93310546875,2985.31396484375,2959.60302734375,2966.947998046875,294100.0,-0.0176126240420296
2023-12-07,2966.2060546875,2976.014892578125,2949.14404296875,2965.652099609375,296200.0,-0.0211710109432966
2023-12-08,2969.55908203125,2980.833984375,2962.326904296875,2965.389892578125,369100.0,-0.0206889187278232
2023-12-11,2991.43896484375,2995.669921875,2930.422119140625,2956.291015625,360200.0,-0.0104667567274141
2023-12-12,3003.43798828125,3003.74609375,2980.446044921875,2986.327880859375,287600.0,0.0104229446516689
2023-12-13,2968.760986328125,2997.3359375,2968.760986328125,2997.3359375,282800.0,-5.797507854466058e-05
2023-12-14,2958.986083984375,2986.177001953125,2958.06591796875,2979.698974609375,271500.0,-0.0024370430890818
2023-12-15,2942.556884765625,2976.30908203125,2940.027099609375,2966.302001953125,289300.0,-0.0091345924789179
2023-12-18,2930.800048828125,2951.14990234375,2924.330078125,2936.580078125,293100.0,-0.0204790908156093
2023-12-19,2932.39111328125,2940.5009765625,2914.125,2928.762939453125,265900.0,-0.0239394587743535
2023-12-20,2902.110107421875,2937.10107421875,2902.0400390625,2932.118896484375,265600.0,-0.0227065937999671
2023-12-21,2918.715087890625,2924.256103515625,2882.02001953125,2892.02001953125,282500.0,-0.0137031894202873
2023-12-22,2914.77490234375,2935.699951171875,2906.509033203125,2919.2880859375,296600.0,-0.0094862957307536
2023-12-25,2918.81298828125,2920.632080078125,2903.987060546875,2909.875,229800.0,-0.0040984171943467
2023-12-26,2898.8798828125,2917.969970703125,2892.840087890625,2917.969970703125,228100.0,-0.0114937547615434
2023-12-27,2914.614013671875,2917.9560546875,2890.1650390625,2900.14892578125,247900.0,0.0042993015483841
2023-12-28,2954.7041015625,2961.64794921875,2909.388916015625,2913.110107421875,339200.0,0.0122550299679455
2023-12-29,2974.93505859375,2975.031982421875,2950.01708984375,2950.8369140625,290700.0,0.0204296133596822
2024-01-02,2962.27587890625,2976.26806640625,2962.27587890625,2972.77490234375,304100.0,0.014780828139902
2024-01-03,2967.2470703125,2971.282958984375,2953.2900390625,2957.112060546875,285500.0,0.023310195539328
2024-01-04,2954.34912109375,2966.68310546875,2936.635009765625,2965.509033203125,265000.0,0.0135409658069403
2024-01-05,2929.179931640625,2967.969970703125,2916.719970703125,2949.820068359375,301000.0,-0.00867601396793
2024-01-08,2887.5380859375,2924.4560546875,2887.5380859375,2923.45703125,270300.0,-0.0298179440192279
2024-01-09,2893.25,2900.72998046875,2878.409912109375,2887.110107421875,263000.0,-0.023577413163517
2024-01-10,2877.701904296875,2903.162109375,2870.416015625,2886.98095703125,244000.0,-0.03064258489356
2024-01-11,2886.64990234375,2896.178955078125,2867.721923828125,2873.798095703125,267100.0,-0.0231817366200135
2024-01-12,2881.97705078125,2904.174072265625,2878.875,2880.0400390625,261600.0,-0.0162459624445599
2024-01-15,2886.2900390625,2904.4599609375,2869.219970703125,2872.56005859375,244600.0,-0.0004323117583059
2024-01-16,2893.989013671875,2896.68310546875,2861.1298828125,2881.56005859375,286300.0,0.0002553942127311
2024-01-17,2833.614990234375,2887.489013671875,2833.614990234375,2887.2919921875,261300.0,-0.0154387475139613
2024-01-18,2845.780029296875,2849.260009765625,2760.97998046875,2822.669921875,390400.0,-0.0142594208883644
2024-01-19,2832.279052734375,2849.8759765625,2822.843017578125,2836.97509765625,266700.0,-0.0173948280495083
2024-01-22,2756.340087890625,2828.320068359375,2735.3701171875,2826.5,350200.0,-0.0460682093098271
2024-01-23,2770.97607421875,2784.841064453125,2724.156982421875,2746.89208984375,308700.0,-0.0434362004642778
2024-01-24,2820.77197265625,2823.695068359375,2743.39697265625,2782.14208984375,369100.0,-0.0045426815490581
2024-01-25,2906.10888671875,2906.7939453125,2821.708984375,2823.825927734375,442000.0,0.020977828568324
2024-01-26,2910.222900390625,2924.306884765625,2890.48193359375,2897.9150390625,421100.0,0.0271479697750877
2024-01-29,2883.360107421875,2923.89990234375,2883.330078125,2910.610107421875,410600.0,0.0450525734157628
2024-01-30,2830.527099609375,2881.346923828125,2829.25,2866.280029296875,335700.0,0.0212633170963992
2024-01-31,2788.548095703125,2834.010986328125,2782.5869140625,2815.50390625,377100.0,-0.0114895320813873
2024-02-01,2770.739990234375,2805.014892578125,2752.781982421875,2773.424072265625,352900.0,-0.0477006050557092
2024-02-02,2730.152099609375,2791.676025390625,2666.333984375,2773.294921875,426200.0,-0.0638723545347769
2024-02-05,2702.18505859375,2739.738037109375,2635.090087890625,2716.0810546875,479000.0,-0.0648955913639569
2024-02-06,2789.486083984375,2802.930908203125,2669.673095703125,2680.485107421875,502800.0,-0.0146055690131553
2024-02-07,2829.696044921875,2829.696044921875,2770.529052734375,2791.514892578125,547100.0,0.0146482366905603
2024-02-15,2829.696044921875,2829.696044921875,2770.529052734375,2791.514892578125,547100.0,0.0146482366905603
2024-02-16,2829.696044921875,2829.696044921875,2770.529052734375,2791.514892578125,547100.0,0.0146482366905603
2024-02-19,2910.5439453125,2910.5439453125,2867.7099609375,2886.5869140625,459000.0,0.0639826647157929
2024-02-20,2922.72998046875,2927.30810546875,2887.47412109375,2902.876953125,350100.0,0.0784573776485946
2024-02-21,2950.9560546875,2994.614990234375,2898.050048828125,2906.02392578125,444200.0,0.0562718246040944
2024-02-22,2988.35791015625,2988.35791015625,2944.4990234375,2945.447021484375,354100.0,0.0545547413470855
2024-02-23,3004.881103515625,3009.135986328125,2979.972900390625,2992.912109375,380100.0,0.0473544906550098
2024-02-26,2977.02197265625,3009.47900390625,2967.056884765625,3002.117919921875,409000.0,0.022583476308008
2024-02-27,3015.48095703125,3015.48095703125,2961.14794921875,2966.4169921875,373000.0,0.0312412345321044
2024-02-28,2957.85205078125,3031.488037109375,2957.85205078125,3016.256103515625,544100.0,0.0023341422166937
2024-02-29,3015.1708984375,3015.1708984375,2943.6240234375,2943.6240234375,409700.0,0.008932468692219
2024-03-01,3027.02001953125,3032.23193359375,3003.762939453125,3013.822998046875,379100.0,0.0073406426852615
2024-03-04,3039.305908203125,3040.344970703125,3007.68310546875,3026.60693359375,387800.0,0.0207057068678792
2024-03-05,3047.79296875,3052.541015625,3022.177978515625,3027.10302734375,383500.0,0.0106583730186713
2024-03-06,3039.930908203125,3060.56298828125,3034.35400390625,3041.751953125,341000.0,0.0273714411965582
2024-03-07,3027.40087890625,3063.69189453125,3023.117919921875,3040.2109375,377200.0,0.0040479443585562
2024-03-08,3046.01904296875,3049.194091796875,3016.903076171875,3026.1650390625,319200.0,0.0062568625769079
2024-03-11,3068.455078125,3068.455078125,3035.445068359375,3042.618896484375,356500.0,0.0095450333751376
2024-03-12,3055.93505859375,3075.131103515625,3044.85693359375,3068.181884765625,415700.0,0.0026679087392859
2024-03-13,3043.8349609375,3061.950927734375,3031.89892578125,3053.341064453125,365000.0,0.0012834331084549
2024-03-14,3038.23388671875,3059.998046875,3020.636962890625,3042.4130859375,364100.0,0.0035719326167864
2024-03-15,3054.635986328125,3056.447021484375,3023.215087890625,3031.52294921875,360300.0,0.0028249258639962
2024-03-18,3084.926025390625,3085.31201171875,3055.922119140625,3057.208984375,406700.0,0.0053534752118285
2024-03-19,3062.756103515625,3090.0458984375,3062.6279296875,3077.98095703125,384100.0,0.0022295773938521
2024-03-20,3079.68603515625,3081.7548828125,3056.64501953125,3058.64794921875,349200.0,0.0117094344484611
2024-03-21,3077.113037109375,3090.051025390625,3069.27197265625,3084.412109375,366900.0,0.0127154435270342
2024-03-22,3048.033935546875,3073.2060546875,3027.761962890625,3070.548095703125,394700.0,-0.002163660640786
2024-03-25,3026.305908203125,3065.260986328125,3026.305908203125,3040.5009765625,387500.0,-0.0191849747501231
2024-03-26,3031.48095703125,3036.493896484375,3006.260009765625,3026.922119140625,345900.0,-0.01026393320067
2024-03-27,2993.138916015625,3030.449951171875,2993.138916015625,3026.81396484375,343200.0,-0.0285050137214994
2024-03-28,3010.6640625,3033.366943359375,2984.1201171875,2988.590087890625,353200.0,-0.0218311586084862
2024-03-29,3041.1669921875,3041.298095703125,3008.1669921875,3008.3759765625,334800.0,-0.0022554507075445
2024-04-01,3077.37890625,3078.488037109375,3049.02099609375,3049.02099609375,375400.0,0.0167355266952873
2024-04-02,3074.958984375,3085.537109375,3063.98095703125,3076.875,367300.0,0.0142402979433878
2024-04-03,3069.2958984375,3079.02001953125,3057.39697265625,3074.89306640625,363200.0,0.0251255448209218
2024-04-04,3069.2958984375,3079.02001953125,3057.39697265625,3074.89306640625,363200.0,0.0251255448209218
2024-04-05,3069.2958984375,3079.02001953125,3057.39697265625,3074.89306640625,363200.0,0.0251255448209218
2024-04-08,3047.052978515625,3077.35107421875,3045.468994140625,3057.325927734375,402900.0,0.0120142137608073
2024-04-09,3048.537109375,3051.5849609375,3033.208984375,3044.614013671875,333500.0,0.0024205185220782
2024-04-10,3027.3349609375,3049.60693359375,3013.590087890625,3045.9609375,349000.0,-0.0163955485675684
2024-04-11,3034.24609375,3050.3369140625,3009.89697265625,3013.572998046875,340900.0,-0.0133285731370646
2024-04-12,3019.47412109375,3043.56005859375,3014.830078125,3035.576904296875,334200.0,-0.0163655021155686
2024-04-15,3057.3779296875,3066.94091796875,2995.5419921875,3013.672119140625,461200.0,0.0033827759452068
2024-04-16,3007.068115234375,3052.43505859375,3005.340087890625,3043.551025390625,448100.0,-0.0136962833137865
2024-04-17,3071.381103515625,3071.381103515625,3002.055908203125,3008.06103515625,413400.0,0.0144446496457841
2024-04-19,3065.260986328125,3080.322998046875,3055.05810546875,3060.299072265625,375500.0,0.0150500321420975
2024-04-22,3044.594970703125,3078.423095703125,3042.5419921875,3059.06494140625,357200.0,-0.0041897851375933
2024-04-23,3021.97802734375,3044.944091796875,3016.51708984375,3038.612060546875,325600.0,0.0049460369525169
2024-04-24,3044.822021484375,3045.639892578125,3019.1240234375,3029.403076171875,305300.0,-0.0086848812663406
2024-04-25,3052.89990234375,3060.263916015625,3034.64990234375,3037.927001953125,292300.0,-0.006960942178032
2024-04-26,3088.635986328125,3092.429931640625,3054.97900390625,3054.97900390625,439400.0,0.007596848800732
2024-05-02,3088.635986328125,3092.429931640625,3054.97900390625,3054.97900390625,439400.0,0.007596848800732
2024-05-03,3088.635986328125,3092.429931640625,3054.97900390625,3054.97900390625,439400.0,0.007596848800732
2024-05-06,3140.719970703125,3142.382080078125,3126.76904296875,3132.511962890625,450700.0,0.0310096136468552
2024-05-07,3147.738037109375,3151.218994140625,3133.68994140625,3139.6640625,379100.0,0.0305921848740563
2024-05-08,3128.47998046875,3144.986083984375,3126.173095703125,3141.487060546875,334000.0,0.0128176922740865
2024-05-09,3154.320068359375,3158.465087890625,3128.1640625,3128.1640625,360900.0,0.0131722691636486
2024-05-10,3154.547119140625,3163.14404296875,3137.152099609375,3158.589111328125,384300.0,0.0158876044737174
2024-05-13,3148.02099609375,3157.365966796875,3126.169921875,3139.47509765625,397000.0,0.0023219365241453
2024-05-14,3145.77392578125,3155.806884765625,3137.60888671875,3148.84912109375,343500.0,-0.0006241702259319
2024-05-15,3119.902099609375,3142.972900390625,3117.928955078125,3141.251953125,321000.0,-0.0027456343540275
2024-05-16,3122.40087890625,3137.8779296875,3116.1630859375,3127.18408203125,367400.0,-0.0101707451629695
2024-05-17,3154.02587890625,3154.02587890625,3116.783935546875,3121.712890625,383900.0,-0.0001652482219742
2024-05-20,3171.14501953125,3174.26611328125,3155.989990234375,3156.14794921875,426900.0,0.0073187273756444
2024-05-21,3157.966064453125,3165.22412109375,3148.342041015625,3164.68310546875,335800.0,0.0038682286685478
2024-05-22,3158.5400390625,3166.9189453125,3152.45703125,3157.18896484375,354100.0,0.0123082848842935
2024-05-23,3116.386962890625,3150.6279296875,3110.277099609375,3149.875,353900.0,-0.0019279122902906
2024-05-24,3088.87109375,3130.425048828125,3087.7939453125,3110.7529296875,306500.0,-0.0208740112862053
2024-05-27,3124.04296875,3125.506103515625,3091.989013671875,3094.139892578125,319400.0,-0.0149647412855948
2024-05-28,3109.572021484375,3130.31005859375,3106.364990234375,3122.387939453125,310100.0,-0.0154430668265051
2024-05-29,3111.01806640625,3128.136962890625,3100.97998046875,3108.027099609375,290000.0,-0.0151598827178538
2024-05-30,3091.677978515625,3121.218017578125,3085.384033203125,3103.7080078125,302400.0,-0.0079603274403669
2024-05-31,3086.81298828125,3107.60400390625,3086.81298828125,3094.759033203125,276100.0,-0.0006665190503933
2024-06-03,3078.489013671875,3097.2041015625,3061.277099609375,3085.98095703125,357600.0,-0.0146890896491649
2024-06-04,3091.198974609375,3095.322021484375,3063.587890625,3071.320068359375,309300.0,-0.0059260697276927
2024-06-05,3065.403076171875,3092.345947265625,3064.736083984375,3086.051025390625,290500.0,-0.0147709550690059
2024-06-06,3048.7939453125,3077.673095703125,3040.830078125,3069.43896484375,369900.0,-0.0139678939870143
2024-06-07,3051.279052734375,3065.02490234375,3031.0439453125,3053.9150390625,316300.0,-0.0115782990131024
2024-06-10,3051.279052734375,3065.02490234375,3031.0439453125,3053.9150390625,316300.0,-0.0115782990131024
2024-06-11,3028.044921875,3043.199951171875,3013.861083984375,3042.134033203125,310500.0,-0.0165217256762094
2024-06-12,3037.468017578125,3042.0419921875,3021.30908203125,3025.2958984375,279500.0,-0.0175347539043533
2024-06-13,3028.9189453125,3040.402099609375,3022.822021484375,3038.0859375,297900.0,-0.011973297962612
2024-06-14,3032.633056640625,3037.905029296875,3011.576904296875,3020.958984375,348700.0,-0.0053148468965776
2024-06-17,3015.89111328125,3026.6240234375,3012.044921875,3017.717041015625,295800.0,-0.0116655177935727
2024-06-18,3030.24609375,3031.97607421875,3012.52294921875,3015.071044921875,273600.0,0.0007266643237118
2024-06-19,3018.049072265625,3030.22607421875,3015.325927734375,3029.09912109375,261300.0,-0.0064136593426818
2024-06-20,3005.43701171875,3028.513916015625,3001.76806640625,3015.721923828125,295500.0,-0.0077827865274619
2024-06-21,2998.137939453125,3011.9140625,2985.928955078125,2998.240966796875,255000.0,-0.0114398286408487
2024-06-24,2963.09912109375,2990.64306640625,2960.126953125,2982.825927734375,298700.0,-0.0176596254876521
2024-06-25,2949.99609375,2971.653076171875,2935.5380859375,2962.764892578125,273200.0,-0.0268399890842851
2024-06-26,2972.52490234375,2976.6689453125,2933.330078125,2943.447021484375,282400.0,-0.0151988929527638
2024-06-27,2945.85205078125,2963.06396484375,2944.89794921875,2962.696044921875,270500.0,-0.020024889199722
2024-06-28,2967.403076171875,2985.468017578125,2939.98388671875,2940.302978515625,315200.0,-0.0103042239236901
2024-07-01,2994.72998046875,2996.408935546875,2961.85595703125,2965.2451171875,297800.0,0.0106183497484743
2024-07-02,2997.010986328125,3004.987060546875,2989.469970703125,2992.85595703125,281400.0,0.0158116079046479
2024-07-03,2982.3759765625,2998.537109375,2978.069091796875,2995.6640625,246300.0,0.0033085632843865
2024-07-04,2957.56689453125,2995.570068359375,2955.2900390625,2984.830078125,274300.0,0.003968838815572
2024-07-05,2949.93310546875,2957.10693359375,2920.205078125,2954.3720703125,272300.0,-0.0059046912073015
2024-07-08,2922.449951171875,2947.610107421875,2917.23193359375,2939.8369140625,277500.0,-0.024431781861417
2024-07-09,2959.3720703125,2963.781982421875,2904.0390625,2919.572998046875,315100.0,-0.0126383466794623
2024-07-10,2939.364013671875,2958.85888671875,2935.330078125,2949.02587890625,301500.0,-0.0145270543384656
2024-07-11,2970.386962890625,2971.361083984375,2947.403076171875,2957.25,328400.0,0.0043252996411354
2024-07-12,2971.294921875,2977.14208984375,2963.302978515625,2965.612060546875,303700.0,0.0072153644429311
2024-07-15,2974.010986328125,2977.31298828125,2959.12890625,2963.846923828125,269000.0,0.0174892532863393
2024-07-16,2976.303955078125,2977.361083984375,2959.666015625,2963.89990234375,260800.0,0.0057051397747995
2024-07-17,2962.85498046875,2972.794921875,2957.947998046875,2970.80810546875,282300.0,0.0079600878443307
2024-07-18,2977.133056640625,2978.092041015625,2937.905029296875,2951.14306640625,278000.0,0.0022685410459998
2024-07-19,2982.30908203125,2986.242919921875,2955.1201171875,2963.513916015625,280900.0,0.0037000017852559
2024-07-22,2964.216064453125,2978.60107421875,2946.56103515625,2978.193115234375,278700.0,-0.0032989411399814
2024-07-23,2915.368896484375,2960.5,2915.367919921875,2960.5,296300.0,-0.0206858842931923
2024-07-24,2901.951904296875,2922.030029296875,2894.2890625,2909.152099609375,306100.0,-0.0207697428843527
2024-07-25,2886.741943359375,2897.76708984375,2872.85009765625,2891.89208984375,274600.0,-0.0308322649666452
2024-07-26,2890.89697265625,2899.115966796875,2875.39599609375,2885.9951171875,278400.0,-0.0311310350800127
2024-07-29,2891.844970703125,2898.950927734375,2878.5830078125,2889.472900390625,256900.0,-0.0247179044141972
2024-07-30,2879.300048828125,2885.215087890625,2865.14892578125,2885.215087890625,262500.0,-0.01244913689726
2024-07-31,2938.7490234375,2940.593017578125,2876.301025390625,2877.541015625,412700.0,0.012600407537384
2024-08-01,2932.386962890625,2947.876953125,2928.825927734375,2940.1201171875,346600.0,0.0156882435312548
2024-08-02,2905.337890625,2931.259033203125,2902.719970703125,2913.02001953125,312200.0,0.0049828718776381
2024-08-05,2860.697998046875,2919.02490234375,2860.697998046875,2889.363037109375,355500.0,-0.0108290462858217
2024-08-06,2867.283935546875,2888.200927734375,2845.3349609375,2878.65087890625,297300.0,-0.0041820082423205
2024-08-07,2869.833984375,2886.94189453125,2857.72509765625,2864.010009765625,263100.0,-0.0237298056337566
2024-08-08,2869.90087890625,2886.39892578125,2850.875,2864.758056640625,289100.0,-0.0215392622650555
2024-08-09,2862.194091796875,2887.84912109375,2862.194091796875,2879.873046875,284300.0,-0.0149612013330669
2024-08-12,2858.205078125,2869.26904296875,2851.294921875,2858.89501953125,244200.0,-0.0008718175659106
2024-08-13,2867.946044921875,2867.946044921875,2845.31005859375,2860.409912109375,231700.0,0.0002308920061432
2024-08-14,2850.654052734375,2866.242919921875,2850.40087890625,2866.242919921875,217900.0,-0.0067057227941731
2024-08-15,2877.35791015625,2889.0869140625,2839.387939453125,2844.200927734375,271900.0,0.0025949885704841
2024-08-16,2879.429931640625,2888.675048828125,2873.06005859375,2877.93994140625,263700.0,0.0060038384774279
2024-08-19,2893.674072265625,2905.155029296875,2877.77099609375,2877.9541015625,261700.0,0.0123331672318979
2024-08-20,2866.660888671875,2896.51904296875,2855.3291015625,2895.551025390625,263700.0,-0.0004482107619221
2024-08-21,2856.583984375,2863.89111328125,2848.15087890625,2858.93896484375,229200.0,0.0020780397579275
2024-08-22,2848.77197265625,2861.60693359375,2845.501953125,2856.199951171875,245400.0,-0.0099844661442441
2024-08-23,2854.367919921875,2860.73291015625,2839.3369140625,2844.77001953125,226700.0,-0.0087419096287173
2024-08-26,2855.52001953125,2860.655029296875,2844.383056640625,2855.47412109375,227400.0,-0.0132730300168624
2024-08-27,2848.73095703125,2853.780029296875,2843.157958984375,2850.876953125,230700.0,-0.0062742821296243
2024-08-28,2837.428955078125,2852.56201171875,2830.9619140625,2844.326904296875,228700.0,-0.0067281552605437
2024-08-29,2823.10595703125,2831.430908203125,2815.383056640625,2829.450927734375,277500.0,-0.0090503325818065
2024-08-30,2842.214111328125,2867.965087890625,2817.013916015625,2819.64990234375,397500.0,-0.0042670594290555
2024-09-04,2784.278076171875,2800.60693359375,2781.93505859375,2786.5048828125,257500.0,-0.0189097234695824
2024-09-05,2788.31396484375,2796.01904296875,2777.470947265625,2785.263916015625,242000.0,-0.0124005825669929
2024-09-06,2765.806884765625,2804.093017578125,2765.638916015625,2791.764892578125,253600.0,-0.0272509518001433
2024-09-09,2736.488037109375,2756.555908203125,2726.967041015625,2754.72412109375,261500.0,-0.026877351675977
2024-09-10,2744.19189453125,2750.117919921875,2718.626953125,2737.881103515625,262200.0,-0.0211961417474771
2024-09-11,2721.794921875,2732.73095703125,2710.62109375,2732.73095703125,242300.0,-0.0226970607472679
2024-09-12,2717.123046875,2734.68310546875,2716.554931640625,2722.137939453125,240100.0,-0.0258634822959023
2024-09-13,2704.090087890625,2728.780029296875,2703.368896484375,2718.986083984375,251300.0,-0.0225669391412581
2024-09-16,2704.090087890625,2728.780029296875,2703.368896484375,2718.986083984375,251300.0,-0.0225669391412581
2024-09-17,2704.090087890625,2728.780029296875,2703.368896484375,2718.986083984375,251300.0,-0.0225669391412581
2024-09-18,2717.281005859375,2724.114013671875,2689.695068359375,2705.344970703125,247800.0,-0.0070436098439739
2024-09-19,2736.02197265625,2747.739990234375,2697.77587890625,2723.205078125,315200.0,-0.0029816091581614
2024-09-20,2736.81396484375,2741.155029296875,2717.945068359375,2734.22802734375,285600.0,0.005502896866515
2024-09-23,2748.91796875,2760.47998046875,2731.35693359375,2735.389892578125,257600.0,0.0116337511511776
2024-09-24,2863.1259765625,2863.152099609375,2761.3720703125,2770.75390625,477600.0,0.0571485525882119
2024-09-25,2896.305908203125,2952.450927734375,2889.048095703125,2901.4189453125,568300.0,0.0638043500848218
2024-09-26,3000.952880859375,3000.952880859375,2889.013916015625,2893.7451171875,576300.0,0.0924248345188048
2024-09-27,3087.529052734375,3087.529052734375,3017.445068359375,3049.10302734375,492300.0,0.12057665441653
2024-09-30,3336.4970703125,3358.587890625,3153.697021484375,3194.721923828125,1102300.0,0.1937141069476898
2024-10-01,3336.4970703125,3358.587890625,3153.697021484375,3194.721923828125,1102300.0,0.1937141069476898
2024-10-02,3336.4970703125,3358.587890625,3153.697021484375,3194.721923828125,1102300.0,0.1937141069476898
2024-10-03,3336.4970703125,3358.587890625,3153.697021484375,3194.721923828125,1102300.0,0.1937141069476898
2024-10-04,3336.4970703125,3358.587890625,3153.697021484375,3194.721923828125,1102300.0,0.1937141069476898
2024-10-07,3336.4970703125,3358.587890625,3153.697021484375,3194.721923828125,1102300.0,0.1937141069476898
2024-10-08,3489.77490234375,3674.405029296875,3372.18701171875,3674.405029296875,1313500.0,0.1979232094969389
2024-10-09,3258.85791015625,3437.156982421875,3249.158935546875,3427.219970703125,992800.0,0.1179406994588293
2024-10-10,3301.926025390625,3379.804931640625,3228.125,3277.69189453125,834500.0,0.0955760770877755
2024-10-11,3217.738037109375,3297.751953125,3187.988037109375,3287.873046875,606000.0,0.0413075280568527
2024-10-14,3284.322998046875,3294.6201171875,3203.90087890625,3241.427978515625,631500.0,-0.0157609334663331
2024-10-15,3201.2919921875,3285.215087890625,3201.2919921875,3265.74609375,566100.0,-0.0862827603583223
2024-10-16,3202.947998046875,3236.847900390625,3167.736083984375,3169.1689453125,515800.0,-0.0173051645837654
2024-10-17,3169.384033203125,3241.568115234375,3169.384033203125,3220.73291015625,528600.0,-0.0409686845603339
2024-10-18,3261.56298828125,3313.97802734375,3152.821044921875,3165.97509765625,693000.0,0.0135278849808063
2024-10-21,3268.110107421875,3300.6640625,3239.096923828125,3276.06005859375,668200.0,-0.0049486727909976
2024-10-22,3285.866943359375,3294.9609375,3255.137939453125,3263.822021484375,574900.0,0.0260760509368139
2024-10-23,3302.802978515625,3331.08203125,3277.06591796875,3285.2470703125,650400.0,0.0306998602704936
2024-10-24,3280.262939453125,3292.945068359375,3266.882080078125,3287.823974609375,519800.0,0.0343863259345547
2024-10-25,3299.699951171875,3319.35693359375,3276.1298828125,3280.761962890625,595700.0,0.0116250157113036
2024-10-28,3322.197998046875,3322.197998046875,3279.715087890625,3300.462890625,672400.0,0.0164147424443144
2024-10-29,3286.406982421875,3340.4580078125,3284.2109375,3328.089111328125,725300.0,0.0001643385743849
2024-10-30,3266.238037109375,3291.679931640625,3244.805908203125,3273.64208984375,669000.0,-0.011132620106608
2024-10-31,3279.823974609375,3295.741943359375,3252.389892578125,3267.97509765625,784600.0,-0.0001338289721327
2024-11-01,3272.013916015625,3305.318115234375,3258.735107421875,3275.576904296875,852100.0,-0.0084258686588303
2024-11-04,3310.20703125,3310.20703125,3263.842041015625,3275.678955078125,665100.0,-0.0036158768376263
2024-11-05,3386.987060546875,3386.987060546875,3302.047119140625,3306.81005859375,821100.0,0.0301458881083309
2024-11-06,3383.805908203125,3420.9990234375,3367.0810546875,3395.221923828125,895900.0,0.0353622090976992
2024-11-07,3470.660888671875,3470.660888671875,3356.258056640625,3359.985107421875,959600.0,0.0565552789761528
2024-11-08,3452.297119140625,3509.818115234375,3443.193115234375,3502.133056640625,964000.0,0.0536341693182283
2024-11-11,3470.06591796875,3471.1220703125,3416.72705078125,3432.366943359375,818000.0,0.0471628556727023
2024-11-12,3421.969970703125,3489.424072265625,3402.0419921875,3469.89111328125,817900.0,0.0102756465674369
2024-11-13,3439.278076171875,3442.298095703125,3404.52490234375,3406.916015625,673700.0,0.0162605034162044
2024-11-14,3379.839111328125,3441.77490234375,3376.153076171875,3429.5048828125,631600.0,-0.0265169254912669
2024-11-15,3330.72607421875,3391.320068359375,3330.72607421875,3369.80908203125,630300.0,-0.0358495205797441
2024-11-18,3323.84912109375,3386.903076171875,3309.008056640625,3344.68994140625,744000.0,-0.043050105114127
2024-11-19,3346.010009765625,3346.758056640625,3284.133056640625,3324.883056640625,625000.0,-0.0224478059452174
2024-11-20,3367.989013671875,3375.248046875,3333.001953125,3337.677978515625,566200.0,-0.0209457533824901
2024-11-21,3370.404052734375,3378.51806640625,3348.85498046875,3362.944091796875,530300.0,-0.0027954740321969
2024-11-22,3267.19189453125,3372.0029296875,3267.19189453125,3368.04296875,630700.0,-0.0192594524067239
2024-11-25,3263.760009765625,3285.4560546875,3232.91796875,3274.884033203125,538900.0,-0.0182435772181743
2024-11-26,3259.757080078125,3285.327880859375,3252.865966796875,3256.85791015625,472200.0,-0.0261159168331566
2024-11-27,3309.779052734375,3309.881103515625,3227.35498046875,3250.591064453125,511200.0,-0.017434398679622
2024-11-28,3295.697998046875,3319.256103515625,3290.364013671875,3308.280029296875,512000.0,-0.022414653087959
2024-11-29,3326.4560546875,3357.5009765625,3293.68994140625,3295.2099609375,580200.0,0.0179766213126817
2024-12-02,3363.98193359375,3369.302978515625,3323.009033203125,3328.48193359375,668500.0,0.0302454636043107
2024-12-03,3378.805908203125,3386.617919921875,3348.3740234375,3366.284912109375,663000.0,0.0358696881908204
2024-12-04,3364.64990234375,3388.02392578125,3352.943115234375,3376.572021484375,621000.0,0.0164424810545846
2024-12-05,3368.85498046875,3377.054931640625,3353.056884765625,3353.056884765625,543900.0,0.0219549371799416
2024-12-06,3404.075927734375,3418.260986328125,3364.2060546875,3370.94091796875,698200.0,0.0230660264703375
2024-12-09,3402.533935546875,3426.64501953125,3385.958984375,3402.62890625,694900.0,0.011395057620209
2024-12-10,3422.660888671875,3494.866943359375,3417.764892578125,3490.2890625,794700.0,0.0128959207039247
2024-12-11,3432.489990234375,3437.81005859375,3416.0869140625,3416.0869140625,681500.0,0.019962025706398
2024-12-12,3461.5,3464.115966796875,3425.97607421875,3432.279052734375,700100.0,0.0271291029129348
2024-12-13,3391.8779296875,3442.926025390625,3390.75390625,3442.926025390625,777500.0,-0.0035897863352155
2024-12-16,3386.3310546875,3401.926025390625,3376.535888671875,3390.0830078125,625600.0,-0.0047733786569875
2024-12-17,3361.485107421875,3396.20703125,3357.76904296875,3381.81396484375,568900.0,-0.0180354136034476
2024-12-18,3382.2080078125,3396.4599609375,3371.2958984375,3371.2958984375,512500.0,-0.0147571895173353
2024-12-19,3370.032958984375,3377.531982421875,3346.468994140625,3355.904052734375,513900.0,-0.0267794967054398
2024-12-20,3368.069091796875,3390.617919921875,3362.819091796875,3364.48095703125,491000.0,-0.007044119210892
2024-12-23,3351.257080078125,3384.991943359375,3348.277099609375,3367.904052734375,556700.0,-0.0104115273126998
2024-12-24,3393.528076171875,3394.904052734375,3352.947021484375,3353.534912109375,472000.0,0.0094872380620229
2024-12-25,3393.35009765625,3406.212890625,3374.010986328125,3395.10693359375,471300.0,0.0032889098473979
2024-12-26,3398.076904296875,3401.094970703125,3380.2548828125,3389.337890625,422200.0,0.0082871307870507
2024-12-27,3400.14208984375,3418.951904296875,3388.322021484375,3397.2939453125,500500.0,0.009477611518267
2024-12-30,3407.325927734375,3412.841064453125,3394.965087890625,3395.39599609375,455300.0,0.0165922750124166
2024-12-31,3351.762939453125,3413.455078125,3351.762939453125,3406.965087890625,502700.0,-0.012383652643354
2025-01-02,3262.56103515625,3351.721923828125,3242.0869140625,3347.93896484375,561400.0,-0.0393051822445873
2025-01-03,3211.429931640625,3273.56591796875,3205.77587890625,3267.076904296875,517600.0,-0.0564933556938911
2025-01-06,3206.923095703125,3219.488037109375,3185.462890625,3209.782958984375,431000.0,-0.058505281592141
2025-01-07,3229.64404296875,3230.85302734375,3190.4609375,3203.306884765625,409700.0,-0.0535558704995897
2025-01-08,3230.16796875,3246.291015625,3175.72509765625,3218.85791015625,472900.0,-0.0369523194072705
2025-01-09,3211.39306640625,3228.972900390625,3205.909912109375,3220.720947265625,382900.0,-0.0158076604929792
2025-01-10,3168.52392578125,3220.10693359375,3168.52392578125,3211.70703125,403700.0,-0.0134504586325809
2025-01-13,3160.7548828125,3172.699951171875,3140.97802734375,3148.825927734375,372700.0,-0.0145010542514105
2025-01-14,3240.93994140625,3245.219970703125,3159.431884765625,3165.160888671875,469200.0,0.0034914653576356
2025-01-15,3227.116943359375,3245.904052734375,3222.236083984375,3234.715087890625,404700.0,-0.0009449871452785
2025-01-16,3236.031982421875,3265.281982421875,3217.096923828125,3239.02587890625,430700.0,0.0076430623921891
2025-01-17,3241.821044921875,3256.507080078125,3219.77294921875,3226.761962890625,383600.0,0.0228693819235206
2025-01-20,3244.3779296875,3268.262939453125,3238.12109375,3256.14892578125,403300.0,0.0261127445682961
2025-01-21,3242.623046875,3258.610107421875,3229.069091796875,3256.8330078125,384600.0,0.0005191915339144
2025-01-22,3213.6240234375,3235.5009765625,3203.3798828125,3235.492919921875,364800.0,-0.0041898718580593
2025-01-23,3230.1640625,3273.52001953125,3229.572021484375,3237.59912109375,458200.0,-0.001814953178617
2025-01-24,3252.6259765625,3260.010986328125,3221.7119140625,3222.876953125,398700.0,0.003327440065059
2025-02-03,3252.6259765625,3260.010986328125,3221.7119140625,3222.876953125,398700.0,0.003327440065059
2025-02-04,3252.6259765625,3260.010986328125,3221.7119140625,3222.876953125,398700.0,0.003327440065059
2025-02-05,3229.488037109375,3271.02197265625,3220.279052734375,3270.159912109375,406400.0,-0.0040589624092175
2025-02-06,3270.658935546875,3271.427001953125,3225.845947265625,3226.574951171875,460800.0,0.0175921943623221
2025-02-07,3303.6669921875,3324.427978515625,3262.509033203125,3269.22705078125,600600.0,0.0225001320013721
2025-02-10,3322.169921875,3325.35595703125,3299.242919921875,3308.0400390625,546600.0,0.0211554974774128
2025-02-11,3318.056884765625,3324.173095703125,3304.444091796875,3323.6689453125,511900.0,0.0205394107600077
2025-02-12,3346.385009765625,3346.385009765625,3310.389892578125,3312.257080078125,513400.0,0.0355570393963802
2025-02-13,3332.48291015625,3359.180908203125,3332.48291015625,3343.235107421875,568600.0,0.0187261708719596
2025-02-14,3346.72412109375,3349.083984375,3322.529052734375,3328.48291015625,532300.0,0.0129489318159537
2025-02-17,3355.830078125,3357.12109375,3333.195068359375,3355.4169921875,589500.0,0.0100809947029184
2025-02-18,3324.490966796875,3366.011962890625,3314.301025390625,3348.98291015625,562700.0,0.0019372337805375
2025-02-19,3351.5390625,3352.0869140625,3320.5810546875,3320.780029296875,502900.0,0.0015390003517679
2025-02-20,3350.782958984375,3355.556884765625,3338.033935546875,3347.589111328125,504400.0,0.0054763928063411
2025-02-21,3379.113037109375,3381.05810546875,3339.02587890625,3356.695068359375,608200.0,0.0096312668960679
2025-02-24,3373.028076171875,3384.81103515625,3355.868896484375,3374.0810546875,598200.0,0.00511172478324
2025-02-25,3346.0400390625,3369.55810546875,3337.844970703125,3345.653076171875,527600.0,0.0064609990447828
2025-02-26,3380.214111328125,3380.214111328125,3351.208984375,3351.208984375,554000.0,0.0085193920584465
2025-02-27,3388.06201171875,3388.781005859375,3353.571044921875,3378.448974609375,575800.0,0.0110640423344046
2025-02-28,3320.89697265625,3383.19091796875,3318.716064453125,3374.6640625,568300.0,-0.0173783410764685
2025-03-03,3316.925048828125,3349.01708984375,3304.593017578125,3328.39599609375,502400.0,-0.0167727162059291
2025-03-04,3324.2099609375,3327.823974609375,3297.530029296875,3300.498046875,430000.0,-0.0065455285980282
2025-03-05,3341.965087890625,3342.714111328125,3314.14794921875,3324.696044921875,461000.0,-0.0113800703887503
2025-03-06,3381.097900390625,3387.053955078125,3348.68408203125,3353.570068359375,540000.0,-0.0020576006108749
2025-03-07,3372.5458984375,3390.944091796875,3363.928955078125,3373.180908203125,517700.0,0.0154329997001942
2025-03-10,3366.1630859375,3375.798095703125,3347.18603515625,3373.259033203125,450400.0,0.014735381919425
2025-03-11,3379.827880859375,3379.8291015625,3334.8310546875,3335.43896484375,448500.0,0.016592745233626
2025-03-12,3371.924072265625,3392.408935546875,3370.219970703125,3385.68505859375,502200.0,0.0089245391177422
2025-03-13,3358.72900390625,3377.117919921875,3341.117919921875,3371.094970703125,519000.0,-0.0066378495872459
2025-03-14,3419.56201171875,3421.23291015625,3360.60595703125,3361.68603515625,582700.0,0.0138445574989643
2025-03-17,3426.12890625,3436.35205078125,3422.4619140625,3430.80908203125,515700.0,0.0176574795130209
2025-03-18,3429.759033203125,3437.06494140625,3423.301025390625,3434.56494140625,454900.0,0.0146652206239057
2025-03-19,3426.428955078125,3439.0458984375,3414.593017578125,3424.173095703125,440300.0,0.0160350751020798
2025-03-20,3408.947998046875,3427.044921875,3404.662109375,3425.216064453125,451600.0,0.0148411089613679
2025-03-21,3364.8310546875,3414.708984375,3355.840087890625,3401.759033203125,520900.0,-0.0161347209188257
2025-03-24,3370.028076171875,3373.694091796875,3340.238037109375,3364.833984375,513300.0,-0.0165099495319118
2025-03-25,3369.97607421875,3379.988037109375,3361.0458984375,3370.0009765625,456400.0,-0.0175843612988374
2025-03-26,3368.697021484375,3382.342041015625,3365.666015625,3365.666015625,428500.0,-0.0169925687760047
2025-03-27,3373.7490234375,3394.034912109375,3351.174072265625,3362.7119140625,414800.0,-0.0103791428354095
2025-03-28,3351.306884765625,3375.052978515625,3346.0810546875,3372.0390625,412300.0,-0.0040273705881682
2025-03-31,3335.74609375,3361.741943359375,3317.738037109375,3343.343994140625,472600.0,-0.0102247049241363
2025-04-01,3348.43505859375,3357.6220703125,3338.779052734375,3340.7119140625,422600.0,-0.0064125546991798
2025-04-02,3350.126953125,3361.134033203125,3343.115966796875,3344.1708984375,350100.0,-0.0055277875163227
2025-04-03,3342.008056640625,3358.426025390625,3319.60595703125,3319.60595703125,400500.0,-0.0094527549963761
2025-04-04,3342.008056640625,3358.426025390625,3319.60595703125,3319.60595703125,400500.0,-0.0094527549963761
2025-04-08,3145.549072265625,3145.549072265625,3085.123046875,3094.261962890625,662200.0,-0.058707909923587
2025-04-09,3186.81005859375,3186.81005859375,3070.077880859375,3110.010009765625,684800.0,-0.0494726551520323
2025-04-10,3223.637939453125,3239.94091796875,3201.571044921875,3227.8359375,591200.0,-0.0384877248945279
2025-04-11,3238.22705078125,3249.85400390625,3211.35009765625,3219.5048828125,475500.0,-0.0315458674115029
2025-04-14,3262.80810546875,3272.719970703125,3244.73291015625,3251.97802734375,471400.0,0.0522912450503017
2025-04-15,3267.662109375,3268.985107421875,3246.3369140625,3260.68505859375,396700.0,0.0380863172580444
2025-04-16,3276.00390625,3276.0048828125,3233.791015625,3267.6650390625,429500.0,0.0276039235246144
2025-04-17,3280.341064453125,3285.9150390625,3258.14501953125,3261.718017578125,382000.0,0.0174368833755469
2025-04-18,3276.72998046875,3283.090087890625,3262.39208984375,3270.35302734375,358800.0,0.0118199944464428
2025-04-21,3291.43408203125,3298.639892578125,3270.012939453125,3273.137939453125,379300.0,0.0087351543515842
2025-04-22,3299.757080078125,3311.153076171875,3288.33203125,3289.166015625,403200.0,0.0097740757172346
2025-04-23,3296.35498046875,3312.19189453125,3293.06298828125,3308.15087890625,411600.0,0.0061929482587744
2025-04-24,3297.2880859375,3313.509033203125,3286.236083984375,3295.14892578125,392800.0,0.0051529384208457
2025-04-25,3295.06005859375,3305.261962890625,3288.7548828125,3300.39208984375,411000.0,0.0055784270496363
2025-04-28,3288.4150390625,3296.931884765625,3279.876953125,3292.055908203125,410700.0,-0.0009176633460892
2025-04-29,3286.655029296875,3294.98193359375,3277.626953125,3281.445068359375,389000.0,-0.0039785145071113
2025-05-05,3286.655029296875,3294.98193359375,3277.626953125,3281.445068359375,389000.0,-0.0039785145071113
2025-05-06,3316.114013671875,3316.447998046875,3286.989013671875,3295.25,474400.0,0.0056932810985633
2025-05-07,3342.6650390625,3356.68798828125,3324.80908203125,3354.97412109375,511200.0,0.0143440097307619
2025-05-08,3351.99609375,3359.73095703125,3327.902099609375,3331.205078125,428400.0,0.0191503196169814
2025-05-09,3341.9990234375,3351.219970703125,3335.126953125,3350.405029296875,398900.0,0.0166987988058708
2025-05-12,3369.2451171875,3372.471923828125,3344.26904296875,3352.969970703125,418200.0,0.0271407647311621
2025-05-13,3374.87109375,3386.23388671875,3370.251953125,3386.23388671875,426200.0,0.0175635095760479
2025-05-14,3403.947998046875,3417.31396484375,3368.077880859375,3374.235107421875,464900.0,0.0181675291650142
2025-05-15,3380.821044921875,3402.865966796875,3378.02099609375,3398.427001953125,424100.0,0.0085625754250821
2025-05-16,3367.4619140625,3380.2900390625,3356.660888671875,3374.7060546875,395400.0,0.0075901814190385
2025-05-19,3367.5830078125,3373.59912109375,3356.64794921875,3365.882080078125,403100.0,-0.0004934397546989
2025-05-20,3380.47802734375,3387.803955078125,3369.962890625,3371.68896484375,405500.0,0.0016599985524888
2025-05-21,3387.573974609375,3394.75390625,3380.208984375,3380.208984375,412500.0,-0.0048219103845061
2025-05-22,3380.18896484375,3390.593017578125,3376.23291015625,3381.864990234375,394200.0,-0.0001869780044856
2025-05-23,3348.3720703125,3389.468994140625,3348.3720703125,3376.868896484375,400200.0,-0.0056850408182229
2025-05-26,3346.839111328125,3362.306884765625,3336.35498046875,3346.56103515625,347600.0,-0.0061789271257988
2025-05-27,3340.68701171875,3351.572021484375,3332.489990234375,3346.5029296875,344100.0,-0.0118406497348659
2025-05-28,3339.931884765625,3348.23388671875,3336.72705078125,3341.85205078125,341600.0,-0.0141636104925407
2025-05-29,3363.446044921875,3368.633056640625,3337.4150390625,3340.40087890625,393200.0,-0.0049655576850761
2025-05-30,3347.487060546875,3361.27490234375,3341.64794921875,3358.80908203125,385600.0,-0.0002643453972021
2025-06-02,3347.487060546875,3361.27490234375,3341.64794921875,3358.80908203125,385600.0,-0.0002643453972021
2025-06-03,3361.97607421875,3366.9970703125,3340.06689453125,3340.06689453125,398100.0,0.0045125668716345
2025-06-04,3376.202880859375,3379.639892578125,3363.39111328125,3363.39111328125,386500.0,0.0105751920011146
2025-06-05,3384.09912109375,3387.764892578125,3371.14599609375,3378.217041015625,406300.0,0.0131373194204489
2025-06-06,3385.35791015625,3391.450927734375,3379.763916015625,3384.294921875,380100.0,0.0064935779364247
2025-06-09,3399.77197265625,3402.050048828125,3383.073974609375,3388.778076171875,427300.0,0.015498429339458
2025-06-10,3384.81591796875,3406.451904296875,3365.6669921875,3402.012939453125,481600.0,0.0067706047634658
2025-06-11,3402.31591796875,3413.512939453125,3385.45703125,3385.45703125,424100.0,0.0077046821175386
2025-06-12,3402.657958984375,3408.205078125,3388.865966796875,3397.971923828125,409500.0,0.0054691464367863
2025-06-13,3376.99609375,3401.552978515625,3370.592041015625,3397.48388671875,510100.0,-0.0024730502612382
2025-06-16,3388.72900390625,3389.756103515625,3368.8759765625,3369.365966796875,405400.0,-0.0032534365182547
2025-06-17,3387.405029296875,3393.31298828125,3376.419921875,3388.179931640625,390000.0,0.0007646269885258
2025-06-18,3388.80908203125,3391.708984375,3369.986083984375,3386.135986328125,378700.0,-0.0039777956515966
2025-06-19,3362.10791015625,3386.9189453125,3353.93603515625,3384.29296875,415300.0,-0.0119887473712486
2025-06-20,3359.89501953125,3370.798095703125,3357.7060546875,3358.9130859375,350200.0,-0.005076855380944
2025-06-23,3381.58203125,3389.451904296875,3347.65087890625,3349.4599609375,384600.0,-0.0021112694155159
2025-06-24,3420.56591796875,3423.783935546875,3380.080078125,3380.080078125,461000.0,0.0097418602947351
2025-06-25,3455.97412109375,3459.009033203125,3417.410888671875,3419.091064453125,509400.0,0.0196258063690237
2025-06-26,3448.452880859375,3462.751953125,3446.18603515625,3451.718994140625,496500.0,0.0253575586493242
2025-06-27,3424.22705078125,3462.626953125,3421.0400390625,3450.68603515625,523100.0,0.0189660383410506
2025-06-30,3444.426025390625,3447.4599609375,3420.112060546875,3423.47412109375,457300.0,0.0184136230939377
2025-07-01,3457.7470703125,3459.5869140625,3441.0380859375,3445.845947265625,444400.0,0.0108112307652223
2025-07-02,3454.7919921875,3461.327880859375,3447.9560546875,3458.1708984375,498100.0,-0.0003421122632143
2025-07-03,3461.15087890625,3463.6201171875,3446.97412109375,3456.152099609375,438500.0,0.0036754675906739
2025-07-04,3472.319091796875,3497.22509765625,3455.493896484375,3459.592041015625,500200.0,0.0139469292536109
2025-07-07,3473.126953125,3474.801025390625,3462.7919921875,3467.985107421875,436600.0,0.0082980477382873
2025-07-08,3497.47509765625,3499.885986328125,3474.632080078125,3474.632080078125,493500.0,0.0114240662501986
2025-07-09,3493.050048828125,3512.6689453125,3491.200927734375,3498.72412109375,523900.0,0.0110130435027561
2025-07-10,3509.681884765625,3526.590087890625,3491.4970703125,3491.4970703125,564200.0,0.0139242445257307
2025-07-11,3510.177001953125,3555.218017578125,3506.799072265625,3511.364990234375,664200.0,0.0108437672186666
2025-07-14,3519.64990234375,3532.117919921875,3513.2509765625,3513.2509765625,572100.0,0.0133061976964624
2025-07-15,3504.9990234375,3527.0380859375,3483.3798828125,3519.804931640625,572100.0,0.002148934375635
2025-07-16,3503.777099609375,3511.805908203125,3489.136962890625,3502.89892578125,470900.0,0.0030662638816982
2025-07-17,3516.824951171875,3517.284912109375,3499.18603515625,3500.3720703125,472200.0,0.0020331778033405
2025-07-18,3534.48291015625,3536.013916015625,3518.23095703125,3519.47509765625,493500.0,0.00690054735226
2025-07-21,3559.791015625,3560.6279296875,3542.568115234375,3542.81591796875,633600.0,0.011340314562558
2025-07-22,3581.861083984375,3584.718994140625,3547.251953125,3561.632080078125,716200.0,0.0216922793292342
2025-07-23,3582.298095703125,3613.02197265625,3577.593994140625,3588.8779296875,767700.0,0.0221629627146238
2025-07-24,3605.72705078125,3608.72802734375,3577.113037109375,3578.912109375,773300.0,0.0249648487909881
2025-07-25,3593.655029296875,3610.029052734375,3586.219970703125,3604.449951171875,697200.0,0.0166027871184357
2025-07-28,3597.93701171875,3606.27392578125,3582.14892578125,3594.23095703125,594200.0,0.0106587892397935
2025-07-29,3609.7109375,3611.35302734375,3585.944091796875,3595.81005859375,610600.0,0.0077451752281971
2025-07-30,3615.717041015625,3636.1669921875,3593.73388671875,3608.35400390625,637200.0,0.0092856668963782
2025-07-31,3573.2080078125,3606.375,3562.60693359375,3604.696044921875,654500.0,-0.0090596349249882
2025-08-01,3559.951904296875,3581.74609375,3550.04296875,3568.260986328125,509600.0,-0.009422763840189
2025-08-04,3583.30908203125,3583.30908203125,3547.1630859375,3547.1630859375,458600.0,-0.0040739308270647
2025-08-05,3617.597900390625,3617.597900390625,3586.968994140625,3588.80810546875,499800.0,0.0021825457299057
2025-08-06,3633.9951171875,3634.31298828125,3613.989990234375,3615.80810546875,512500.0,0.0050424387897005
2025-08-07,3639.6669921875,3645.116943359375,3622.52197265625,3637.781005859375,535500.0,0.0184283978818439
2025-08-08,3635.1279296875,3645.366943359375,3625.450927734375,3634.85400390625,526400.0,0.0208972694842437
2025-08-11,3647.547119140625,3656.85205078125,3629.626953125,3637.052978515625,551400.0,0.0177682214556157
2025-08-12,3665.91796875,3669.0380859375,3647.9619140625,3647.9619140625,536600.0,0.0132685307856429
2025-08-13,3683.465087890625,3688.6279296875,3666.547119140625,3668.657958984375,613500.0,0.0135212827976782
2025-08-14,3666.443115234375,3704.77099609375,3662.570068359375,3685.52197265625,647800.0,0.0073298218983526
2025-08-15,3696.77099609375,3702.2548828125,3658.3759765625,3659.81494140625,678500.0,0.016815430636155
2025-08-18,3728.027099609375,3745.93896484375,3702.3798828125,3712.4951171875,776000.0,0.0218242464724039
2025-08-19,3727.2880859375,3746.6689453125,3718.14697265625,3728.485107421875,696100.0,0.0166021415751597
2025-08-20,3766.2099609375,3767.429931640625,3704.990966796875,3716.68505859375,679800.0,0.0222152712663181
2025-08-21,3771.09912109375,3787.98095703125,3757.991943359375,3770.676025390625,691600.0,0.0281444893267481
2025-08-22,3825.759033203125,3825.759033203125,3772.277099609375,3772.277099609375,698100.0,0.0342971527808719
2025-08-25,3883.56201171875,3883.56201171875,3839.971923828125,3848.1630859375,885500.0,0.0408736107422483
2025-08-26,3868.382080078125,3888.597900390625,3859.758056640625,3871.470947265625,734600.0,0.0371554379491488
2025-08-27,3800.35009765625,3887.197998046875,3800.35009765625,3869.612060546875,858600.0,0.0090240130604494
2025-08-28,3843.596923828125,3845.0869140625,3761.422119140625,3796.7109375,788400.0,0.0190421240586377
2025-08-29,3857.927001953125,3867.60595703125,3839.2060546875,3842.822998046875,739500.0,0.0083731054447023
2025-09-03,3813.556884765625,3868.387939453125,3794.884033203125,3865.285888671875,645700.0,0.003469125741879
2025-09-04,3765.8759765625,3808.39599609375,3732.840087890625,3807.757080078125,710200.0,-0.0204281297969393
2025-09-05,3812.513916015625,3817.158935546875,3745.30908203125,3761.8798828125,626200.0,-0.0118412010603556
2025-09-08,3826.841064453125,3833.14306640625,3803.60302734375,3811.6689453125,660100.0,-0.0126430116679296
2025-09-09,3807.2919921875,3834.6708984375,3791.72412109375,3816.656982421875,600200.0,-0.0132652291694897
2025-09-10,3812.220947265625,3826.99609375,3794.056884765625,3806.583984375,534500.0,-0.000350374097723
2025-09-11,3875.30908203125,3875.30908203125,3796.43505859375,3806.055908203125,617000.0,0.0286449254416362
2025-09-12,3870.597900390625,3892.738037109375,3866.5390625,3875.507080078125,700600.0,0.015120199304018
2025-09-15,3860.50390625,3879.737060546875,3855.971923828125,3876.096923828125,644800.0,0.0087580450977455
2025-09-16,3861.864990234375,3876.68994140625,3838.64794921875,3865.97998046875,673400.0,0.0142320516639492
2025-09-17,3876.341064453125,3882.6689453125,3848.946044921875,3854.072998046875,663400.0,0.0166797389873657
2025-09-18,3831.656005859375,3899.958984375,3800.9951171875,3876.05908203125,876000.0,-0.0113283354759314
2025-09-19,3820.089111328125,3843.169921875,3811.903076171875,3830.444091796875,682300.0,-0.0131352414141376
2025-09-22,3828.575927734375,3831.739990234375,3806.201904296875,3822.010009765625,568300.0,-0.0083048070017099
2025-09-23,3821.8330078125,3838.60595703125,3774.528076171875,3830.137939453125,701900.0,-0.0104200723784663
2025-09-24,3853.64208984375,3854.923095703125,3804.327880859375,3804.48291015625,602100.0,-0.0058729855940404
2025-09-25,3853.302001953125,3866.10595703125,3840.458984375,3852.430908203125,590000.0,0.0056333563087319
2025-09-26,3828.10595703125,3856.60595703125,3828.10595703125,3839.85498046875,551300.0,0.0020964027636786
2025-09-29,3862.531982421875,3881.001953125,3809.534912109375,3828.166015625,608500.0,0.0088300088129479
2025-09-30,3882.777099609375,3887.570068359375,3866.281005859375,3869.705078125,569700.0,0.0158204924254382
2025-10-01,3882.777099609375,3887.570068359375,3866.281005859375,3869.705078125,569700.0,0.0158204924254382
2025-10-02,3882.777099609375,3887.570068359375,3866.281005859375,3869.705078125,569700.0,0.0158204924254382
2025-10-03,3882.777099609375,3887.570068359375,3866.281005859375,3869.705078125,569700.0,0.0158204924254382
2025-10-06,3882.777099609375,3887.570068359375,3866.281005859375,3869.705078125,569700.0,0.0158204924254382
2025-10-07,3882.777099609375,3887.570068359375,3866.281005859375,3869.705078125,569700.0,0.0158204924254382
2025-10-08,3882.777099609375,3887.570068359375,3866.281005859375,3869.705078125,569700.0,0.0158204924254382
2025-10-09,3933.971923828125,3936.575927734375,3885.743896484375,3898.306884765625,725200.0,0.0206308846530328
2025-10-10,3897.028076171875,3933.0048828125,3886.304931640625,3915.47509765625,718900.0,0.0112837873289763
2025-10-13,3889.501953125,3895.830078125,3800.10498046875,3800.10498046875,709500.0,0.0159109641349122
2025-10-14,3865.22900390625,3918.43603515625,3851.12109375,3910.781982421875,800800.0,0.000698008543134
2025-10-15,3912.208984375,3912.291015625,3857.6669921875,3867.535888671875,645000.0,0.0075515271772229
2025-10-16,3916.22802734375,3931.050048828125,3899.1669921875,3900.68310546875,595500.0,-0.0045206305094738
2025-10-17,3839.7548828125,3921.06494140625,3835.364990234375,3912.0400390625,617600.0,-0.0148056989296816
2025-10-20,3863.89306640625,3877.720947265625,3850.366943359375,3865.552001953125,549300.0,-0.006605875175973
2025-10-21,3916.33203125,3919.318115234375,3868.14501953125,3870.7490234375,599400.0,0.0131345784707762
2025-10-22,3913.758056640625,3918.592041015625,3893.324951171875,3896.072998046875,543100.0,0.0003958800944949
2025-10-23,3922.409912109375,3926.217041015625,3877.529052734375,3904.158935546875,565200.0,0.0015772857720941
2025-10-24,3950.31201171875,3950.31201171875,3928.9599609375,3929.114990234375,567900.0,0.0283860341406676
2025-10-27,3996.945068359375,3999.06689453125,3963.10205078125,3969.219970703125,637600.0,0.0338550947753523
2025-10-28,3988.22412109375,4010.72802734375,3976.8330078125,3986.89111328125,577400.0,0.0181905399483759
2025-10-29,4016.3310546875,4016.3310546875,3986.94091796875,3990.264892578125,612900.0,0.0258707607241201
2025-10-30,3986.90087890625,4025.705078125,3984.827880859375,4007.821044921875,668500.0,0.016307968614406
2025-10-31,3954.7900390625,3986.742919921875,3951.73095703125,3985.06396484375,675600.0,0.0011329462400286
2025-11-03,3976.52099609375,3977.304931640625,3937.02099609375,3954.077880859375,641200.0,-0.0051230209723704
2025-11-04,3960.18603515625,3985.882080078125,3938.52001953125,3973.4580078125,615500.0,-0.007055046652801
2025-11-05,3969.248046875,3979.75390625,3922.583984375,3922.583984375,615000.0,-0.0117921450166975
2025-11-06,4007.760009765625,4008.799072265625,3973.34912109375,3973.34912109375,627400.0,0.0052182771685735
2025-11-07,3997.555908203125,4012.0048828125,3993.69091796875,3994.31689453125,596500.0,0.0107556390780399
2025-11-10,4018.596923828125,4018.696044921875,3990.8359375,4001.7939453125,634000.0,0.0105255023397444
2025-11-11,4002.758056640625,4024.93896484375,3991.51611328125,4023.876953125,582000.0,0.0106926349366325
2025-11-12,4000.139892578125,4020.376953125,3980.676025390625,3996.56494140625,586200.0,0.0077526657415047
2025-11-13,4029.5009765625,4030.39794921875,3994.77099609375,3996.513916015625,613000.0,0.0054100569488406
2025-11-14,3990.491943359375,4034.0791015625,3990.306884765625,4007.1259765625,622000.0,-0.0017686340433594
2025-11-17,3972.034912109375,3992.404052734375,3958.947998046875,3988.555908203125,592000.0,-0.0116542820860305
2025-11-18,3939.81298828125,3966.885009765625,3926.587890625,3962.444091796875,594400.0,-0.0158503803942615
2025-11-19,3946.741943359375,3960.052001953125,3930.073974609375,3937.919921875,531100.0,-0.0134389195606942
2025-11-20,3931.051025390625,3967.970947265625,3927.511962890625,3960.698974609375,534700.0,-0.0247357145230977
2025-11-21,3834.89111328125,3912.006103515625,3834.7490234375,3896.6650390625,631600.0,-0.0397734758468248
2025-11-24,3836.764892578125,3854.3310546875,3816.575927734375,3848.656005859375,504600.0,-0.034649000072259
2025-11-25,3870.02294921875,3882.030029296875,3845.137939453125,3850.571044921875,478700.0,-0.0178728202253196
2025-11-26,3864.18408203125,3879.923095703125,3861.177001953125,3867.428955078125,457600.0,-0.0211398585994332
2025-11-27,3875.260009765625,3895.589111328125,3864.131103515625,3867.197021484375,444000.0,-0.0142940667639633
2025-11-28,3888.595947265625,3888.887939453125,3856.25,3870.944091796875,449900.0,0.0139071119400386
2025-12-01,3914.006103515625,3914.464111328125,3890.947998046875,3894.212890625,537600.0,0.0199318927525442
2025-12-02,3897.7119140625,3908.76904296875,3888.326904296875,3908.4560546875,455600.0,0.0071292552097254
2025-12-03,3878.0,3901.696044921875,3869.952880859375,3894.156005859375,485600.0,0.0035690013277118
2025-12-04,3875.79296875,3888.860107421875,3859.049072265625,3879.741943359375,445000.0,0.0001375191181616
2025-12-05,3902.80810546875,3907.781005859375,3863.31396484375,3873.12109375,500400.0,0.0036481676138338
2025-12-08,3924.077880859375,3936.31103515625,3904.738037109375,3909.22607421875,547300.0,0.0025699604411606
2025-12-09,3909.52099609375,3923.89892578125,3902.1279296875,3916.509033203125,524500.0,0.0030251668352098
2025-12-10,3900.49609375,3906.115966796875,3876.47509765625,3901.126953125,497300.0,0.0057841917510993
2025-12-11,3873.318115234375,3904.962890625,3862.821044921875,3903.89501953125,525700.0,-0.0006387451600439
2025-12-12,3889.345947265625,3891.806884765625,3850.596923828125,3869.4130859375,573900.0,-0.0034553145397186
2025-12-15,3867.9208984375,3896.97705078125,3863.6298828125,3865.402099609375,500900.0,-0.0144142616868652
2025-12-16,3824.81201171875,3862.427001953125,3815.843994140625,3861.513916015625,512500.0,-0.021905540292067
2025-12-17,3870.278076171875,3881.751953125,3817.99609375,3822.509033203125,512300.0,-0.0077773898032879
2025-12-18,3876.37109375,3888.284912109375,3856.423095703125,3857.257080078125,461200.0,0.0007878970604452
2025-12-19,3890.447998046875,3902.6708984375,3871.777099609375,3878.22705078125,513500.0,0.0002833110481764
2025-12-22,3917.364013671875,3920.011962890625,3900.514892578125,3900.534912109375,522900.0,0.0127018549845233
2025-12-23,3919.97900390625,3937.126953125,3910.7451171875,3919.10595703125,521200.0,0.0245769788340012
2025-12-24,3940.947021484375,3947.041015625,3912.31103515625,3920.346923828125,474900.0,0.0180946964423824
2025-12-25,3959.62109375,3964.072998046875,3936.077880859375,3937.718994140625,469300.0,0.0212489064248053
2025-12-26,3963.678955078125,3977.7060546875,3945.52392578125,3957.8330078125,555500.0,0.0186483054538995
2025-12-29,3965.280029296875,3983.97900390625,3956.946044921875,3964.65087890625,563700.0,0.0121574957708918
2025-12-30,3965.115966796875,3979.989990234375,3947.4189453125,3947.87109375,525900.0,0.0114488046333034
2025-12-31,3968.840087890625,3977.535888671875,3955.487060546875,3968.72607421875,490800.0,0.007052827501609
2026-01-05,4023.4169921875,4025.262939453125,3983.575927734375,3986.971923828125,597000.0,0.0159832023517738
2026-01-06,4083.6669921875,4083.6669921875,4025.087890625,4026.01611328125,702500.0,0.0298227343106828
2026-01-07,4085.77197265625,4098.77685546875,4069.43603515625,4083.843017578125,683400.0,0.029934209963901
2026-01-08,4082.97900390625,4093.8720703125,4067.1220703125,4077.715087890625,666100.0,0.0292917677289598
2026-01-09,4120.42578125,4121.72314453125,4083.614990234375,4086.761962890625,729800.0,0.0374826202730415
2026-01-12,4165.287109375,4168.35693359375,4119.87890625,4134.89306640625,839500.0,0.0346536674227585
2026-01-13,4138.7578125,4179.7021484375,4126.23388671875,4169.7041015625,868400.0,0.0134003401679726
2026-01-14,4126.0927734375,4190.8662109375,4103.62109375,4138.64599609375,952600.0,0.0098202116232306
2026-01-15,4112.60107421875,4133.0732421875,4096.85009765625,4106.22412109375,680300.0,0.0072288231031766
2026-01-16,4101.9130859375,4140.22509765625,4091.81103515625,4127.06298828125,763600.0,-0.004503031775703
2026-01-19,4114.0,4126.51806640625,4090.056884765625,4090.718994140625,688900.0,-0.0123894158357431
2026-01-20,4113.64892578125,4128.93017578125,4080.2939453125,4116.3662109375,734400.0,-0.0060852464007946
2026-01-21,4116.93994140625,4135.9580078125,4103.52880859375,4103.52880859375,667000.0,-0.0022207447451612
2026-01-22,4122.576171875,4140.837890625,4109.9228515625,4126.07177734375,709700.0,0.0024225592811528
2026-01-23,4136.1640625,4143.75,4120.2041015625,4130.10693359375,782100.0,0.0083153321585566
2026-01-26,4132.60498046875,4160.98486328125,4124.7001953125,4144.77783203125,887400.0,0.0045121627818123
2026-01-27,4139.90380859375,4158.8017578125,4101.830078125,4125.21484375,755000.0,0.0063621018041245
2026-01-28,4151.23779296875,4170.14697265625,4138.01904296875,4150.21484375,823000.0,0.0082963984064077
2026-01-29,4157.98388671875,4170.2138671875,4138.298828125,4155.91796875,905900.0,0.0085520617920414
2026-01-30,4117.9482421875,4152.85009765625,4064.777099609375,4131.9931640625,804300.0,-0.004413763518696
2026-02-02,4015.74609375,4103.4072265625,4013.656005859375,4079.7080078125,733000.0,-0.0286847972896786
2026-02-03,4067.738037109375,4069.41796875,4002.781982421875,4043.906005859375,637700.0,-0.0175854728061135
2026-02-04,4102.2021484375,4104.62109375,4062.68310546875,4064.677001953125,674300.0,-0.0118826142432451
2026-02-05,4075.9169921875,4088.904052734375,4048.93896484375,4075.02490234375,596700.0,-0.0199345640449749
2026-02-06,4065.5830078125,4095.030029296875,4029.972900390625,4040.299072265625,556700.0,-0.012797885777459
2026-02-09,4123.08984375,4123.1591796875,4093.055908203125,4103.5400390625,572600.0,0.026379687632746
2026-02-10,4128.373046875,4134.337890625,4117.56298828125,4127.76611328125,524600.0,0.0147963138566692
2026-02-11,4131.98486328125,4142.56103515625,4122.42822265625,4124.42822265625,500700.0,0.0072339490659499
2026-02-12,4134.01806640625,4140.5927734375,4124.130859375,4136.990234375,529400.0,0.0141540813145727
2026-02-13,4082.072998046875,4123.84423828125,4079.77001953125,4115.923828125,500800.0,0.0040477930677748
2026-02-23,4082.072998046875,4123.84423828125,4079.77001953125,4115.923828125,500800.0,0.0040477930677748
2026-02-24,4117.4091796875,4131.5498046875,4105.93701171875,4129.1337890625,566300.0,-0.0013787186786118
2026-02-25,4147.22998046875,4167.84423828125,4122.69921875,4123.78076171875,724800.0,0.0045572428177682
2026-02-26,4146.630859375,4152.19189453125,4127.15283203125,4151.06787109375,651700.0,0.0035382754470846
2026-02-27,4162.880859375,4166.23388671875,4128.35986328125,4128.89697265625,682000.0,0.0069575174187521
2026-03-02,4182.5908203125,4188.77001953125,4131.3681640625,4151.80078125,861600.0,0.0243259208637411
2026-03-03,4122.67578125,4197.22802734375,4116.01123046875,4189.408203125,921100.0,0.0012782883440185
2026-03-04,4082.47412109375,4106.0400390625,4055.4130859375,4087.632080078125,765200.0,-0.0157374299390328
2026-03-05,4108.56689453125,4125.6171875,4090.62109375,4109.77685546875,689700.0,-0.0092218831661331
2026-03-06,4124.19384765625,4129.46484375,4085.89599609375,4085.89599609375,646800.0,-0.0093367790523152
2026-03-09,4096.60302734375,4106.5341796875,4052.544921875,4098.69921875,797800.0,-0.020772767630029
2026-03-10,4123.13818359375,4123.9580078125,4098.5869140625,4098.5869140625,674900.0,0.0001121544449598
2026-03-11,4133.43310546875,4135.8388671875,4112.7998046875,4123.6669921875,707700.0,0.0124051152140186
2026-03-12,4129.10302734375,4141.64892578125,4103.1640625,4133.2001953125,786200.0,0.0049859184818549
2026-03-13,4095.447998046875,4134.080078125,4086.846923828125,4117.57421875,792100.0,-0.0069944572627286
2026-03-16,4084.785888671875,4096.1328125,4048.0869140625,4092.2490234375,732200.0,-0.002888787469
2026-03-17,4049.906982421875,4108.39990234375,4049.580078125,4086.294921875,678800.0,-0.0179206549145573
2026-03-18,4062.98388671875,4065.373046875,4023.030029296875,4053.304931640625,623900.0,-0.0171906709317359
2026-03-19,4006.552001953125,4042.02197265625,3994.1650390625,4028.5419921875,667300.0,-0.0301291771738888
2026-03-20,3957.052978515625,4022.702880859375,3955.7109375,4004.572998046875,666800.0,-0.0343765616840591
2026-03-23,3813.282958984375,3906.6220703125,3794.68408203125,3904.950927734375,804700.0,-0.0687788257647464
2026-03-24,3881.280029296875,3881.424072265625,3807.993896484375,3849.631103515625,680600.0,-0.0425289098648249
2026-03-25,3931.8369140625,3933.06103515625,3891.81591796875,3892.26904296875,688300.0,-0.0328109263012775
2026-03-26,3889.0830078125,3937.10400390625,3880.572998046875,3924.9619140625,616000.0,-0.0297576223464577
2026-03-27,3913.72412109375,3924.10693359375,3852.093994140625,3852.093994140625,561300.0,-0.0110101695373018
2026-03-30,3923.287109375,3924.2890625,3872.77587890625,3884.277099609375,595600.0,0.0284393635873644
2026-03-31,3891.861083984375,3948.81103515625,3891.861083984375,3924.06689453125,606700.0,0.0027224672931341
2026-04-01,3948.552001953125,3955.943115234375,3929.9208984375,3939.56591796875,564600.0,0.0042422050830841
2026-04-02,3919.284912109375,3952.575927734375,3900.115966796875,3940.799072265625,544200.0,0.0077358175794279
2026-04-03,3880.096923828125,3929.529052734375,3871.300048828125,3927.592041015625,492700.0,-0.00862924764099
2026-04-06,3880.096923828125,3929.529052734375,3871.300048828125,3927.592041015625,492700.0,-0.00862924764099
2026-04-07,3890.1650390625,3902.60595703125,3875.68408203125,3884.14990234375,473600.0,-0.0084782675025153
2026-04-08,3994.998046875,3994.998046875,3926.2490234375,3930.2509765625,644100.0,0.0261556193459893
2026-04-09,3966.1708984375,3979.126953125,3955.24609375,3967.6298828125,541600.0,0.0044521901296056
2026-04-10,3986.22509765625,4011.02392578125,3979.81396484375,3985.464111328125,546400.0,0.016935475480922
2026-04-13,3988.55810546875,3991.261962890625,3966.197998046875,3971.197998046875,545800.0,0.0275696548225887
2026-04-14,4026.625,4026.625,3992.406982421875,4006.72705078125,570300.0,0.0344769728783097
2026-04-15,4027.208984375,4050.62109375,4020.904052734375,4039.470947265625,569500.0,0.0080304859941432
2026-04-16,4055.547119140625,4057.8310546875,4028.908935546875,4030.137939453125,545900.0,0.0222844829870723
2026-04-17,4051.425048828125,4058.60400390625,4038.428955078125,4043.381103515625,548800.0,0.0162239908746287
2026-04-20,4082.126953125,4083.18994140625,4051.68505859375,4053.375,589800.0,0.0231883761067562
2026-04-21,4085.076904296875,4086.636962890625,4062.133056640625,4075.844970703125,576700.0,0.0144119980531233
2026-04-22,4106.2578125,4106.84423828125,4074.679931640625,4074.81298828125,582500.0,0.0194385295165965
2026-04-23,4093.25,4114.84423828125,4070.4599609375,4110.7880859375,671200.0,0.0092536724993025
2026-04-24,4079.89990234375,4092.613037109375,4061.14501953125,4081.032958984375,605000.0,0.0070037712387969
2026-04-28,4078.636962890625,4090.200927734375,4062.8720703125,4076.14306640625,600500.0,-0.0015776992792355
2026-04-29,4107.51416015625,4112.15185546875,4061.822021484375,4061.822021484375,614200.0,0.0003059124772954
