time,close,high,low,open,volume,close_vix,high_vix,low_vix,open_vix
2016-12-08,12.640000343322754,13.399999618530272,11.300000190734863,12.100000381469728,0.0,0.0337924402850875,0.0905454201042916,-0.0026513257086297,0.0430628136119804
2016-12-09,11.75,12.720000267028809,11.670000076293944,12.59000015258789,0.0,-0.0730131752901533,-0.0520790995841684,0.0322187102385913,0.0396973760469059
2016-12-12,12.640000343322754,12.779999732971191,12.06999969482422,12.229999542236328,0.0,0.0730131752901533,0.0047058491503087,0.0337015569895362,-0.0290109479065169
2016-12-13,12.720000267028809,13.420000076293944,12.34000015258789,12.460000038146973,0.0,0.0063091630244853,0.0488647091735128,0.0221230210169351,0.018631604151354
2016-12-14,13.1899995803833,13.390000343322754,12.479999542236328,12.880000114440918,0.0,0.0362833560111711,-0.002237951885312,0.0112812954189506,0.0331522131405101
2016-12-15,12.789999961853027,13.239999771118164,12.460000038146973,13.06999969482422,0.0,-0.0307953223077889,-0.011265652121602,-0.0016038098406376,0.0146437747254255
2016-12-16,12.199999809265137,12.949999809265137,12.149999618530272,12.880000114440918,0.0,-0.0472276765029834,-0.0221467598047285,-0.0251943780309903,-0.0146437747254255
2016-12-19,11.710000038146973,12.520000457763672,11.670000076293944,12.5,0.0,-0.0409927552379388,-0.0337683711824403,-0.0403076855537938,-0.0299470852531164
2016-12-20,11.449999809265137,11.75,11.380000114440918,11.649999618530272,0.0,-0.0224534675250847,-0.0634741616443774,-0.0251640140815731,-0.0704224970407291
2016-12-21,11.270000457763672,11.489999771118164,10.93000030517578,11.4399995803833,0.0,-0.0158453446726031,-0.0223761686495939,-0.0403461086451263,-0.0181901979956565
2016-12-22,11.43000030517578,11.670000076293944,11.140000343322754,11.31999969482422,0.0,0.0140971358366834,0.0155443808955037,0.0190309352086779,-0.0105449034558244
2016-12-23,11.4399995803833,11.8100004196167,11.350000381469728,11.380000114440918,0.0,0.0008744447656075,0.0119252129038192,0.0186755122190226,0.0052863929384592
2016-12-26,11.4399995803833,11.8100004196167,11.350000381469728,11.380000114440918,0.0,0.0008744447656075,0.0119252129038192,0.0186755122190226,0.0052863929384592
2016-12-27,11.989999771118164,12.329999923706056,11.84000015258789,12.260000228881836,0.0,0.0469570006781587,0.0430886452486882,0.0422658648062714,0.0744845104225521
2016-12-28,12.949999809265137,13.039999961853027,11.850000381469728,11.890000343322754,0.0,0.0770228234669573,0.0559862425845404,0.0008442574293275,-0.0306442095994504
2016-12-29,13.369999885559082,13.710000038146973,12.949999809265137,13.149999618530272,0.0,0.0319176091373359,0.050103942783517,0.0887678736443079,0.100723990037062
2016-12-30,14.039999961853027,14.68000030517578,13.050000190734863,13.199999809265137,0.0,0.0488970133263226,0.0683605476182674,0.0076923749674148,0.0037950855280459
2017-01-03,12.850000381469728,14.06999969482422,12.850000381469728,14.06999969482422,0.0,-0.0885665548530556,-0.0424411945384335,-0.015444307356812,0.0638280342937623
2017-01-04,11.850000381469728,12.800000190734863,11.630000114440918,12.779999732971191,0.0,-0.0810159412549106,-0.094599663609744,-0.0997558646568678,-0.096163421381361
2017-01-05,11.670000076293944,12.09000015258789,11.399999618530272,11.960000038146973,0.0,-0.0153064469366003,-0.0570665085790312,-0.0199746544325284,-0.0663136763430837
2017-01-06,11.31999969482422,11.739999771118164,10.979999542236328,11.699999809265137,0.0,-0.0304504070200321,-0.0293768823436484,-0.0375379275474891,-0.0219789262104466
2017-01-09,11.5600004196167,12.079999923706056,11.460000038146973,11.710000038146973,0.0,0.0209798537272078,0.0285493912868922,0.0427873202245965,0.0008543553656813
2017-01-10,11.489999771118164,11.789999961853027,11.3100004196167,11.59000015258789,0.0,-0.0060738276026792,-0.0242994748772018,-0.0131753873858831,-0.0103005103501283
2017-01-11,11.260000228881836,12.229999542236328,11.210000038146973,11.5600004196167,0.0,-0.0202204289020462,0.0366402009557645,-0.0088810867424066,-0.0025917709738851
2017-01-12,11.539999961853027,12.600000381469728,11.31999969482422,11.479999542236328,0.0,0.0245626147357955,0.0298049319632992,0.0097648053290355,-0.0069445485267179
2017-01-13,11.229999542236328,11.619999885559082,10.9399995803833,11.449999809265137,0.0,-0.0272305297865432,-0.080969102657658,-0.0341452871783992,-0.0026166376743534
2017-01-16,11.229999542236328,11.619999885559082,10.9399995803833,11.449999809265137,0.0,-0.0272305297865432,-0.080969102657658,-0.0341452871783992,-0.0026166376743534
2017-01-17,11.869999885559082,12.75,11.789999961853027,12.199999809265137,0.0,0.0554254709926072,0.0928035300292861,0.0748259526760971,0.0634462227630236
2017-01-18,12.479999542236328,12.8100004196167,11.6899995803833,11.789999961853027,0.0,0.0501131272811123,0.0046948770611705,-0.0085179717251217,-0.0341842247914623
2017-01-19,12.779999732971191,13.279999732971191,12.170000076293944,12.579999923706056,0.0,0.023754101793616,0.036032975275091,0.0402401736798317,0.0648565338938497
2017-01-20,11.539999961853027,12.59000015258789,11.529999732971191,12.579999923706056,0.0,-0.1020621702807922,-0.0533562637646719,-0.0540216021469663,0.0
2017-01-23,11.770000457763672,12.619999885559082,11.59000015258789,12.300000190734863,0.0,0.0197347023902718,0.0023799878688237,0.0051903593956511,-0.0225089673223218
2017-01-24,11.06999969482422,11.890000343322754,11.039999961853027,11.81999969482422,0.0,-0.0613152410118711,-0.0595851084672422,-0.0486176331235308,-0.0398062917259132
2017-01-25,10.8100004196167,11.050000190734863,10.510000228881836,10.789999961853027,0.0,-0.0237670486841518,-0.073267294352771,-0.0491978307272184,-0.0911732104247152
2017-02-02,11.93000030517578,12.470000267028809,11.619999885559082,12.369999885559082,0.0,0.0101095959504623,0.0342611053403592,0.1531471308181719,0.0480224658391642
2017-02-03,10.970000267028809,11.84000015258789,10.720000267028809,11.84000015258789,0.0,-0.0838919630614878,-0.0518421387622921,-0.0806165610230896,-0.0437905348095573
2017-02-06,11.369999885559082,11.84000015258789,11.09000015258789,11.369999885559082,0.0,0.035813999068409,0.0,0.0339326345692685,-0.0405053446460699
2017-02-07,11.289999961853027,11.670000076293944,11.0600004196167,11.390000343322754,0.0,-0.0070609229145381,-0.0144621895072727,-0.0027087810871128,0.0017575099042816
2017-02-08,11.449999809265137,11.81999969482422,11.149999618530272,11.1899995803833,0.0,0.0140723385594397,0.0127715333232804,0.0081044296593803,-0.0177153227769871
2017-02-09,10.880000114440918,11.529999732971191,10.739999771118164,11.4399995803833,0.0,-0.0510634613959186,-0.0248406750378709,-0.0374643959240349,0.0220954644472948
2017-02-10,10.850000381469728,10.949999809265137,10.550000190734863,10.850000381469728,0.0,-0.0027611368012949,-0.0516128722776863,-0.0178491897683511,-0.0529508341269015
2017-02-13,11.06999969482422,11.399999618530272,11.06999969482422,11.359999656677246,0.0,0.0200736040077558,0.0402738830943916,0.0481128411515147,0.0459332679259632
2017-02-14,10.739999771118164,11.34000015258789,10.729999542236328,11.170000076293944,0.0,-0.0302636513831635,-0.0052770101828641,-0.0311952051721562,-0.0168667631595675
2017-02-15,11.970000267028809,12.010000228881836,10.800000190734863,10.84000015258789,0.0,0.1084284741084921,0.0574033433941688,0.0065026378102414,-0.0299886098234902
2017-02-16,11.760000228881836,12.859999656677246,11.6899995803833,12.020000457763672,0.0,-0.0176995799448308,0.0683820369630277,0.0791875877978122,0.1033289571026872
2017-02-17,11.489999771118164,12.260000228881836,11.369999885559082,11.84000015258789,0.0,-0.0232268899926479,-0.047779742935468,-0.027755441891341,-0.0150883248472106
2017-02-20,11.489999771118164,12.260000228881836,11.369999885559082,11.84000015258789,0.0,-0.0232268899926479,-0.047779742935468,-0.027755441891341,-0.0150883248472106
2017-02-21,11.56999969482422,12.09000015258789,11.5,12.050000190734863,0.0,0.006938442888539,-0.0139632719293554,0.0113687376719239,0.0175810334219328
2017-02-22,11.739999771118164,12.06999969482422,11.4399995803833,11.479999542236328,0.0,0.0145862800749396,-0.0016556674220874,-0.0052310860973346,-0.0484583247487479
2017-02-23,11.710000038146973,12.460000038146973,11.539999961853027,11.65999984741211,0.0,-0.002558614036786,0.0318005065952479,0.0087033085024535,0.0155578168193709
2017-02-24,11.470000267028809,12.59000015258789,11.34000015258789,11.8100004196167,0.0,-0.0207082264453591,0.0103793437551627,-0.0174829460189951,0.0127824979039906
2017-02-27,12.09000015258789,12.140000343322754,11.529999732971191,11.779999732971191,0.0,0.0526437228257936,-0.03639704626438,0.0166159993661587,-0.0025435101844367
2017-02-28,12.920000076293944,12.960000038146973,12.130000114440918,12.1899995803833,0.0,0.0663978270118584,0.0653618799559234,0.0507294212690074,0.0342127535146924
2017-03-01,12.539999961853027,12.579999923706056,11.779999732971191,12.3100004196167,0.0,-0.0298529720968084,-0.0297594486599748,-0.0292785768350344,0.0097960652136743
2017-03-02,11.8100004196167,12.710000038146973,11.31999969482422,12.43000030517578,0.0,-0.0599768664228544,0.0102808429951049,-0.0398321097394146,0.0097009557903434
2017-03-03,10.960000038146973,11.970000267028809,10.9399995803833,11.960000038146973,0.0,-0.0746943807394641,-0.0599855463246453,-0.0341452871783992,-0.0385451783621386
2017-03-06,11.239999771118164,11.720000267028809,11.0600004196167,11.59000015258789,0.0,0.0252265391019595,-0.0211067349451583,0.0109092753965688,-0.0314250811948936
2017-03-07,11.449999809265137,11.579999923706056,11.039999961853027,11.270000457763672,0.0,0.0185108892397897,-0.0120173413764685,-0.0018099966406075,-0.0279983018475596
2017-03-08,11.859999656677246,11.859999656677246,11.09000015258789,11.489999771118164,0.0,0.0351816512794414,0.0238918990651976,0.0045187777277204,0.0193327032709951
2017-03-09,12.300000190734863,12.43000030517578,11.619999885559082,11.75,0.0,0.0364279132636477,0.0469415654525471,0.0466839264538212,0.0223761686495939
2017-03-10,11.65999984741211,12.09000015258789,11.460000038146973,11.970000267028809,0.0,-0.0534351100493649,-0.0277342528264691,-0.0138650269598495,0.0185503012878846
2017-03-13,11.350000381469728,12.229999542236328,11.289999961853027,12.15999984741211,0.0,-0.0269463902988274,0.0115132350218065,-0.0149453398325574,0.0157483221116218
2017-03-14,12.300000190734863,12.539999961853027,11.279999732971191,11.390000343322754,0.0,0.0803815003481923,0.0250316198932434,-0.0008861523855963,-0.0654160563881125
2017-03-15,11.630000114440918,12.25,10.600000381469728,12.119999885559082,0.0,-0.0560113015145504,-0.0233975951720153,-0.0621771852914148,0.0621211635972863
2017-03-16,11.210000038146973,11.550000190734863,11.15999984741211,11.289999961853027,0.0,-0.0367817358837108,-0.0588404835090926,0.0514819061746837,-0.0709395964161061
2017-03-17,11.279999732971191,11.380000114440918,10.779999732971191,11.380000114440918,0.0,0.0062249819101358,-0.0148280147271388,-0.0346434025703254,0.0079400639717621
2017-03-20,11.34000015258789,11.720000267028809,11.029999732971191,11.710000038146973,0.0,0.0053050893581823,0.0294393681783898,0.0229262683460007,0.028585742112762
2017-03-21,12.470000267028809,12.850000381469728,10.920000076293944,11.149999618530272,0.0,0.0949894693503142,0.0920470340946942,-0.0100228317527061,-0.0490037171736712
2017-03-22,12.8100004196167,13.15999984741211,11.989999771118164,12.949999809265137,0.0,0.026900367559963,0.023838073274758,0.0934769726466448,0.1496563097233902
2017-03-23,13.119999885559082,13.170000076293944,12.18000030517578,12.649999618530272,0.0,0.0239116261277063,0.0007596072458532,0.0157223373872048,-0.0234385883991667
2017-03-24,12.960000038146973,14.15999984741211,12.270000457763672,12.859999656677246,0.0,-0.0122700809257441,0.0724795559413928,0.0073620086931387,0.0164645070947058
2017-03-27,12.5,15.109999656677246,12.479999542236328,14.779999732971191,0.0,-0.0361390495593124,0.0649356760734965,0.0169700302311274,0.1391532053406289
2017-03-28,11.529999732971191,12.670000076293944,11.34000015258789,12.4399995803833,0.0,-0.0807763331867684,-0.17611975320842,-0.0957910145061713,-0.1723578438733668
2017-03-29,11.420000076293944,11.699999809265137,11.029999732971191,11.539999961853027,0.0,-0.0095861002128922,-0.0796481748530838,-0.0277175026992381,-0.0750977958054636
2017-03-30,11.539999961853027,11.640000343322754,11.119999885559082,11.369999885559082,0.0,0.0104530468657286,-0.0051413537032119,0.0081264694748968,-0.0148409600770429
2017-03-31,12.369999885559082,12.539999961853027,11.5,11.609999656677246,0.0,0.0694549193785842,0.074476060364378,0.0336017568382175,0.0208884684412227
2017-04-03,12.380000114440918,13.59000015258789,12.270000457763672,12.59000015258789,0.0,0.0008080993475584,0.0804107072282546,0.0648102606611678,0.0810360940375215
2017-04-04,11.789999961853027,13.06999969482422,11.699999809265137,12.710000038146973,0.0,-0.0488305651867226,-0.0390147351042084,-0.0475684705287868,0.0094862280266734
2017-04-05,12.890000343322754,12.890000343322754,10.899999618530272,11.890000343322754,0.0,0.0892001322721665,-0.0138676607008877,-0.0708260712637106,-0.0666913486250917
2017-04-07,12.869999885559082,13.43000030517578,12.229999542236328,13.170000076293944,0.0,0.0380092893652509,0.0157601786361936,0.0443030867679226,0.0045662499604447
2017-04-10,14.050000190734863,14.109999656677246,12.9399995803833,13.239999771118164,0.0,0.0877233966392226,0.049392708274263,0.0564313443753714,0.0053010116735143
2017-04-11,15.06999969482422,15.880000114440918,14.170000076293944,14.31999969482422,0.0,0.0700835830326647,0.1181767214927489,0.0908038024418977,0.0784146069996272
2017-04-12,15.770000457763672,16.15999984741211,14.84000015258789,15.15999984741211,0.0,0.0454034376145919,0.0174785806250327,0.0461991889346602,0.0570032299277197
2017-04-13,15.960000038146973,16.219999313354492,14.970000267028809,15.890000343322754,0.0,0.0119761644093774,0.0037059627033746,0.0087219682476952,0.047029632005778
2017-04-14,15.960000038146973,16.219999313354492,14.970000267028809,15.890000343322754,0.0,0.0119761644093774,0.0037059627033746,0.0087219682476952,0.047029632005778
2017-04-17,14.65999984741211,16.280000686645508,14.600000381469728,16.190000534057617,0.0,-0.0849629083617694,0.0036923963976317,-0.0250266614267786,0.0187037985215857
2017-04-18,14.420000076293944,15.5,14.289999961853027,14.5,0.0,-0.0165065489024092,-0.0490973788264349,-0.0214615655700651,-0.1102451512498964
2017-04-19,14.93000030517578,15.149999618530272,13.460000038146973,14.0,0.0,0.0347564948438943,-0.022839517149343,-0.0598376622216079,-0.03509131981127
2017-04-20,14.149999618530272,14.8100004196167,13.829999923706056,14.59000015258789,0.0,-0.0536580348612846,-0.0226978501628152,0.0271178131094318,0.0412790433778242
2017-04-21,14.630000114440918,15.329999923706056,13.850000381469728,13.850000381469728,0.0,0.0333596257241237,0.0345090312939063,0.0014451200161751,-0.0520511128167951
2017-04-24,10.84000015258789,12.010000228881836,10.81999969482422,11.5600004196167,0.0,-0.2998312127665049,-0.2440720327574518,-0.2468890149627382,-0.1807343606330346
2017-04-25,10.760000228881836,11.149999618530272,10.220000267028809,10.8100004196167,0.0,-0.0074074340826895,-0.0743001914559014,-0.057049634309928,-0.0670792290746809
2017-04-26,10.850000381469728,10.890000343322754,10.390000343322754,10.609999656677246,0.0,0.0083295391397839,-0.0235944952223032,0.0164972272510898,-0.0186747502010931
2017-04-27,10.359999656677246,11.079999923706056,10.329999923706056,10.720000267028809,0.0,-0.0462129114528938,0.0172967059621104,-0.0057915624088315,0.0103142602845805
2017-04-28,10.81999969482422,11.15999984741211,10.289999961853027,10.390000343322754,0.0,0.0434440415214749,0.007194268847012,-0.0038797296071104,-0.031267342397348
2017-05-03,10.68000030517578,11.149999618530272,10.399999618530272,10.5600004196167,0.0,0.0084626880845674,0.0515292896716033,0.0352286590034608,0.0395996501099733
2017-05-04,10.460000038146973,11.239999771118164,10.270000457763672,10.710000038146973,0.0,-0.0208143998228445,0.0080393604087965,-0.0125787009541799,0.0141045700069217
2017-05-05,10.56999969482422,10.979999542236328,9.989999771118164,10.510000228881836,0.0,0.0104613087265501,-0.0234034297116889,-0.0276424987639975,-0.018850681355077
2017-05-08,9.770000457763672,10.550000190734863,9.670000076293944,10.529999732971191,0.0,-0.0787032581015654,-0.0399495163894939,-0.032556252394408,0.0019010941206335
2017-05-09,9.960000038146973,10.140000343322754,9.5600004196167,9.869999885559082,0.0,0.0192605625178244,-0.0396378459799129,-0.0114405463986901,-0.064728458936457
2017-05-10,10.210000038146973,10.239999771118164,9.619999885559082,9.75,0.0,0.0247905604862862,0.0098135652383233,0.0062564818252006,-0.0122325568408098
2017-05-11,10.600000381469728,11.229999542236328,10.31999969482422,10.34000015258789,0.0,0.0374864011929206,0.0922871307281603,0.0702394777006501,0.0587525988275765
2017-05-12,10.399999618530272,10.869999885559082,10.279999732971191,10.720000267028809,0.0,-0.0190482676381862,-0.0325820373828053,-0.003883496430666,0.0360912967147269
2017-05-15,10.420000076293944,10.880000114440918,10.25,10.539999961853027,0.0,0.0019212741795516,0.0009195613412885,-0.0029225284670364,-0.0169336410581005
2017-05-16,10.649999618530272,10.670000076293944,10.18000030517578,10.460000038146973,0.0,0.0218328126895831,-0.0194901794822785,-0.0068526644840665,-0.0076190772102439
2017-05-17,15.59000015258789,15.59000015258789,11.529999732971191,11.890000343322754,0.0,0.3810698365205546,0.3791936203932495,0.1245272700211363,0.1281392772938913
2017-05-18,14.65999984741211,16.299999237060547,14.029999732971191,14.0600004196167,0.0,-0.0615070068071797,0.0445353681493798,0.1962455639601803,0.1676361766496276
2017-05-19,12.039999961853027,14.229999542236328,11.720000267028809,14.229999542236328,0.0,-0.1968882493377327,-0.1358126810737694,-0.1799010681487731,0.0120184637056108
2017-05-22,10.93000030517578,12.520000457763672,10.890000343322754,12.289999961853027,0.0,-0.0967231066029436,-0.1280249776982992,-0.073451838461602,-0.1465664594588046
2017-05-23,10.720000267028809,11.0,10.5600004196167,11.0,0.0,-0.0194001495573186,-0.1294321294361748,-0.0307716504567478,-0.1108906476756695
2017-05-24,10.020000457763672,10.899999618530272,9.880000114440918,10.609999656677246,0.0,-0.0675280392103444,-0.0091325185604959,-0.0665607946716792,-0.0360983525308915
2017-05-25,9.989999771118164,10.289999961853027,9.720000267028809,9.81999969482422,0.0,-0.0029985715923477,-0.0575902080991051,-0.0163268773984182,-0.0773758289780682
2017-05-26,9.8100004196167,10.479999542236328,9.649999618530272,9.93000030517578,0.0,-0.0181822533977131,0.018296089074386,-0.0072277701240949,0.0111394175003768
2017-05-29,9.8100004196167,10.479999542236328,9.649999618530272,9.93000030517578,0.0,-0.0181822533977131,0.018296089074386,-0.0072277701240949,0.0111394175003768
2017-05-30,10.380000114440918,10.84000015258789,10.140000343322754,10.609999656677246,0.0,0.056478572411225,0.0337743748747183,0.0495301562009442,0.0662364114776914
2017-05-31,10.40999984741211,11.300000190734863,9.93000030517578,10.100000381469728,0.0,0.0028859792061798,0.0415597325096125,-0.0209275232315086,-0.0492614586509859
2017-06-01,9.890000343322754,10.539999961853027,9.6899995803833,10.420000076293944,0.0,-0.0512426876203079,-0.0696252031035272,-0.0244661261912106,0.0311915820306032
2017-06-02,9.75,10.300000190734863,9.579999923706056,10.079999923706056,0.0,-0.0142568953389951,-0.023033625740421,-0.011416798579685,-0.0331737885727174
2017-06-05,10.06999969482422,10.279999732971191,9.600000381469728,10.079999923706056,0.0,0.0322933914152748,-0.0019436797020841,0.0020855541913278,0.0
2017-06-06,10.449999809265137,10.770000457763672,9.859999656677246,10.1899995803833,0.0,0.0370412837336491,0.0465642996204332,0.0267229955845716,0.0108535509809898
2017-06-07,10.390000343322754,10.93000030517578,10.119999885559082,10.479999542236328,0.0,-0.0057581220039684,0.0147467964374911,0.0260275187561368,0.0280618291577868
2017-06-08,10.15999984741211,10.529999732971191,9.729999542236328,10.270000457763672,0.0,-0.0223854110228688,-0.0372830293223555,-0.0392998033996418,-0.0202415666997906
2017-06-09,10.699999809265137,12.109999656677246,9.369999885559082,9.93000030517578,0.0,0.0517852965103296,0.1398032284276265,-0.0377007651145009,-0.0336665597235771
2017-06-12,11.460000038146973,12.369999885559082,11.1899995803833,11.1899995803833,0.0,0.0686189909731274,0.0212426479382584,0.1775074007877894,0.1194599760347873
2017-06-13,10.420000076293944,11.140000343322754,10.260000228881836,11.119999885559082,0.0,-0.0951356709682032,-0.1047319118348514,-0.0867676227737805,-0.0062752062935881
2017-06-14,10.640000343322754,11.260000228881836,10.010000228881836,10.329999923706056,0.0,0.0208934725335776,0.0107143777204716,-0.0246682458583471,-0.0736930027851069
2017-06-15,10.899999618530272,12.010000228881836,10.739999771118164,11.0600004196167,0.0,0.0241422380572007,0.0644830121109691,0.0703904515771132,0.0682827582883351
2017-06-16,10.380000114440918,11.350000381469728,10.260000228881836,10.630000114440918,0.0,-0.0488818654749954,-0.0565218776124182,-0.0457222057187661,-0.0396548309145148
2017-06-19,10.369999885559082,10.600000381469728,10.010000228881836,10.56999969482422,0.0,-0.0009638775572115,-0.0683637404313478,-0.0246682458583471,-0.005660432109435
2017-06-20,10.859999656677246,11.149999618530272,10.239999771118164,10.279999732971191,0.0,0.0461692716866081,0.0505854265878644,0.0227169810671725,-0.0278195369588114
2017-06-21,10.75,11.399999618530272,10.399999618530272,11.029999732971191,0.0,-0.0101805283186038,0.0221738582445968,0.0155041722079251,0.0704185750046363
2017-06-22,10.479999542236328,11.010000228881836,10.239999771118164,10.8100004196167,0.0,-0.0254371193605163,-0.034809350415063,-0.015504172207925,-0.0201471385875178
2017-06-23,10.020000457763672,10.6899995803833,9.850000381469728,10.25,0.0,-0.0448854938714405,-0.0294952857393754,-0.0388301033477317,-0.0531939648841549
2017-06-26,9.899999618530272,10.4399995803833,9.68000030517578,10.130000114440918,0.0,-0.0120484227334671,-0.0236641435224325,-0.0174095610969793,-0.0117763760265974
2017-06-27,11.0600004196167,11.3100004196167,9.800000190734863,10.039999961853027,0.0,0.1108003154259672,0.0800427849680951,0.0123204723243586,-0.0089242190937359
2017-06-28,10.029999732971191,11.489999771118164,9.760000228881836,11.170000076293944,0.0,-0.0977544586833831,0.0157897447111574,-0.0040899812632585,0.1066545094472801
2017-06-29,11.4399995803833,15.15999984741211,9.729999542236328,9.789999961853027,0.0,0.1315353739210378,0.2771832982084873,-0.0030785747247221,-0.1318701672654691
2017-06-30,11.18000030517578,11.850000381469728,10.399999618530272,11.739999771118164,0.0,-0.0229894542483357,-0.2463324703763832,0.0665919203162583,0.1816403422581579
2017-07-03,11.220000267028809,11.449999809265137,10.279999732971191,11.06999969482422,0.0,0.0035714288703748,-0.0343381864304961,-0.0116055354160911,-0.0587630757513287
2017-07-04,11.220000267028809,11.449999809265137,10.279999732971191,11.06999969482422,0.0,0.0035714288703748,-0.0343381864304961,-0.0116055354160911,-0.0587630757513287
2017-07-05,11.06999969482422,12.029999732971191,10.789999961853027,11.199999809265137,0.0,-0.0134592047411849,0.0494137944474969,0.048419541683189,0.0116750421184262
2017-07-06,12.539999961853027,13.050000190734863,11.18000030517578,11.199999809265137,0.0,0.1246848130100272,0.0813846405947218,0.0355067192888914,0.0
2017-07-07,11.1899995803833,12.56999969482422,10.979999542236328,12.479999542236328,0.0,-0.1139030473381762,-0.0374751500603498,-0.0180511006328308,0.1082135649903493
2017-07-10,11.109999656677246,11.729999542236328,10.609999656677246,11.260000228881836,0.0,-0.0071749120751749,-0.0691633746837034,-0.0342784741232242,-0.1028706832229718
2017-07-11,10.890000343322754,12.140000343322754,10.68000030517578,10.789999961853027,0.0,-0.0200006042781077,0.0343561902712971,0.0065759418390804,-0.042636867303885
2017-07-12,10.300000190734863,10.850000381469728,10.079999923706056,10.850000381469728,0.0,-0.0557010547177545,-0.1123406987666763,-0.0578196070321806,0.0055453394103256
2017-07-13,9.899999618530272,10.399999618530272,9.899999618530272,10.06999969482422,0.0,-0.03960919514529,-0.0423593456774235,-0.0180185364661311,-0.0746044387199376
2017-07-14,9.510000228881836,10.140000343322754,9.5,10.09000015258789,0.0,-0.0401908179834584,-0.0253177374462484,-0.0412429200017525,0.0019841730631718
2017-07-17,9.81999969482422,10.029999732971191,9.710000038146973,9.770000457763672,0.0,0.0320771906646213,-0.0109074566704643,0.0218644876253657,-0.0322283365795026
2017-07-18,9.890000343322754,10.350000381469728,9.65999984741211,9.859999656677246,0.0,0.0071030890593401,0.031405981217524,-0.0051626538032823,0.0091696208860918
2017-07-19,9.789999961853027,9.9399995803833,9.579999923706056,9.6899995803833,0.0,-0.0101627277028562,-0.0404195781148338,-0.0083160484096866,-0.0173917511962145
2017-07-20,9.579999923706056,10.279999732971191,9.5,9.65999984741211,0.0,-0.0216838686270028,0.0336332555979315,-0.0083857854123968,-0.0031007501699984
2017-07-21,9.359999656677246,9.979999542236328,9.300000190734863,9.520000457763672,0.0,-0.0232323302091733,-0.0296171895961855,-0.02127737793816,-0.0145987355408864
2017-07-24,9.43000030517578,9.970000267028809,9.260000228881836,9.9399995803833,0.0,0.0074508751978718,-0.001002433698291,-0.0043103472929865,0.04317208156583
2017-07-25,9.43000030517578,9.520000457763672,9.039999961853027,9.399999618530272,0.0,0.0,-0.046185713869285,-0.0240449031910612,-0.0558573297594506
2017-07-26,9.600000381469728,9.65999984741211,8.84000015258789,9.25,0.0,0.0178670092026295,0.0145987355408866,-0.0223722762736617,-0.0160860971697375
2017-07-27,10.109999656677246,11.5,9.15999984741211,9.329999923706056,0.0,0.0517618608634302,0.1743534029406258,0.0355592681173465,0.008611455157647
2017-07-28,10.289999961853027,11.300000190734863,10.260000228881836,10.619999885559082,0.0,0.0176475470651194,-0.0175442927717181,0.1134067000228221,0.1295039983558308
2017-07-31,10.260000228881836,10.84000015258789,10.229999542236328,10.529999732971191,0.0,-0.002919684087975,-0.0415597325096124,-0.0029283268344423,-0.0085107042507891
2017-08-01,10.09000015258789,10.5600004196167,9.949999809265137,10.1899995803833,0.0,-0.016708012562592,-0.0261696920733292,-0.0277520032151839,-0.0328214947316539
2017-08-02,10.279999732971191,10.8100004196167,9.800000190734863,10.079999923706056,0.0,0.0186553845632512,0.0233983524540275,-0.015190126861901,-0.0108535509809897
2017-08-03,10.4399995803833,10.600000381469728,9.899999618530272,10.470000267028809,0.0,0.0154443082098677,-0.0196176333628411,0.0101523134689804,0.0379607953122504
2017-08-04,10.029999732971191,10.5,9.68000030517578,10.479999542236328,0.0,-0.0400639669104894,-0.0094787799422533,-0.022472785793339,0.0009545848265262
2017-08-07,9.93000030517578,10.31999969482422,9.760000228881836,10.1899995803833,0.0,-0.0100200665610443,-0.0172915266813578,0.0082304910610998,-0.0280618291577867
2017-08-08,10.960000038146973,11.520000457763672,9.520000457763672,10.039999961853027,0.0,0.098691776210645,0.1100009645220544,-0.0248975269883164,-0.0148296955912847
2017-08-09,11.109999656677246,12.630000114440918,11.109999656677246,11.489999771118164,0.0,0.0135932877489675,0.0919902504192641,0.1544506758617079,0.13489996147649
2017-08-10,16.040000915527344,16.170000076293945,11.5600004196167,11.56999969482422,0.0,0.3672400867667312,0.2470827328838173,0.0397053267938531,0.006938442888539
2017-08-11,15.510000228881836,17.280000686645508,14.5,16.170000076293945,0.0,-0.0336006675706347,0.0663921248050828,0.2265977498832755,0.3347421634781427
2017-08-14,12.329999923706056,14.050000190734863,12.0600004196167,14.050000190734863,0.0,-0.2294496809569115,-0.2069273937571488,-0.1842544233334021,-0.1405352689520659
2017-08-15,12.039999961853027,12.369999885559082,11.449999809265137,11.779999732971191,0.0,-0.0238008742762634,-0.1273482322022822,-0.0519045127509448,-0.1762192537997298
2017-08-16,11.739999771118164,12.539999961853027,11.25,11.59000015258789,0.0,-0.0252326418082689,0.0136493550098438,-0.0176215846917527,-0.0162604850383217
2017-08-17,15.550000190734863,15.770000457763672,11.539999961853027,11.8100004196167,0.0,0.2810588559870978,0.2291858978396951,0.0254511291238942,0.0188039952227586
2017-08-18,14.260000228881836,16.040000915527344,13.31999969482422,15.380000114440918,0.0,-0.0866022198543813,0.016976229513685,0.1434473844268249,0.2641213057784929
2017-08-21,13.1899995803833,14.739999771118164,13.06999969482422,14.59000015258789,0.0,-0.0779994961207915,-0.084520788282881,-0.0189471379143507,-0.0527315985253069
2017-08-22,11.350000381469728,12.9399995803833,11.350000381469728,12.600000381469728,0.0,-0.1502411573788991,-0.1302416145883711,-0.1411017267497187,-0.1466395287602757
2017-08-23,12.25,12.59000015258789,11.390000343322754,11.510000228881836,0.0,0.076308159453657,-0.0274203964688545,0.0035180300644832,-0.0904806016135393
2017-08-24,12.229999542236328,12.829999923706056,11.550000190734863,12.0600004196167,0.0,-0.0016340247212282,0.0188833125049931,0.0139496458800812,0.0466779834738589
2017-08-25,11.279999732971191,12.449999809265137,11.100000381469728,12.199999809265137,0.0,-0.0808606898723619,-0.0300655650903707,-0.0397403107967132,0.0115417100120789
2017-08-28,11.31999969482422,12.109999656677246,11.229999542236328,12.09000015258789,0.0,0.0035398234188995,-0.0276890783759979,0.0116435853028499,-0.0090572588575042
2017-08-29,11.699999809265137,14.34000015258789,11.479999542236328,13.329999923706056,0.0,0.0330177796855398,0.1690213165975426,0.0220176230287552,0.0976384512194393
2017-08-30,11.220000267028809,11.979999542236328,10.960000038146973,11.399999618530272,0.0,-0.0418909016076762,-0.1798142913355463,-0.0463540660161026,-0.1564038065289483
2017-08-31,10.59000015258789,11.220000267028809,10.34000015258789,11.06999969482422,0.0,-0.0577877498719169,-0.0655406305827364,-0.0582324011631003,-0.0293746027854683
2017-09-01,10.130000114440918,10.460000038146973,10.020000457763672,10.329999923706056,0.0,-0.0444088444641723,-0.070139461610194,-0.0314367424956174,-0.0691864434068442
2017-09-05,12.229999542236328,14.0600004196167,11.40999984741211,11.75,0.0,0.1883905827116879,0.2957754539435189,0.1299070091590975,0.1288009648442881
2017-09-06,11.630000114440918,12.59000015258789,11.350000381469728,12.270000457763672,0.0,-0.050303935898787,-0.1104310560512092,-0.0052723729637335,0.043304055440204
2017-09-07,11.550000190734863,12.06999969482422,11.31999969482422,11.93000030517578,0.0,-0.0069025228890773,-0.0421798503504107,-0.0026467317210334,-0.0281010343400129
2017-09-08,12.119999885559082,12.600000381469728,11.84000015258789,11.869999885559082,0.0,0.0481715177172049,0.0429738344071933,0.0449125965273048,-0.0050420627099718
2017-09-11,10.729999542236328,11.390000343322754,10.510000228881836,11.380000114440918,0.0,-0.1218134572182805,-0.100961036631245,-0.1191564356769612,-0.0421567602258827
2017-09-12,10.579999923706056,10.949999809265137,10.289999961853027,10.65999984741211,0.0,-0.0140780947615623,-0.0393963687577614,-0.0211546605276196,-0.0653590343308671
2017-09-13,10.5,10.859999656677246,10.329999923706056,10.720000267028809,0.0,-0.0075901620555278,-0.008253155951525,0.0038797296071104,0.005612776128422
2017-09-14,10.4399995803833,11.039999961853027,10.279999732971191,10.56999969482422,0.0,-0.0057307149021562,0.0164387545013319,-0.0048520416944261,-0.0140914095417942
2017-09-15,10.170000076293944,10.739999771118164,10.0,10.510000228881836,0.0,-0.0262023246989902,-0.027549969624047,-0.0276151410574079,-0.005692564343876
2017-09-18,10.149999618530272,10.420000076293944,9.880000114440918,10.18000030517578,0.0,-0.00196854965776,-0.0302480241224641,-0.0120725696511804,-0.0319021655660385
2017-09-19,10.18000030517578,10.300000190734863,9.850000381469728,10.15999984741211,0.0,0.0029513731957795,-0.0115831298935585,-0.0030410294309772,-0.0019666139685081
2017-09-20,9.779999732971191,10.670000076293944,9.670000076293944,10.039999961853027,0.0,-0.0400855843571841,0.0352921587104468,-0.0184431765569287,-0.0118813166677586
2017-09-21,9.670000076293944,10.210000038146973,9.539999961853027,9.739999771118164,0.0,-0.0113111393882072,-0.0440684365511742,-0.0135348358933985,-0.0303360163088022
2017-09-22,9.59000015258789,10.199999809265137,9.5,9.899999618530272,0.0,-0.0083074125484664,-0.0009799343220816,-0.0042016828550656,0.016293624452966
2017-09-25,10.210000038146973,11.210000038146973,9.789999961853027,10.079999923706056,0.0,0.0626467311063176,0.094418538896281,0.0300696540393995,0.0180185364661313
2017-09-26,10.170000076293944,10.68000030517578,9.9399995803833,10.420000076293944,0.0,-0.0039254183504792,-0.0484333783804503,0.0152055258076273,0.0331737885727175
2017-09-27,9.869999885559082,10.420000076293944,9.630000114440918,9.899999618530272,0.0,-0.0299423757117655,-0.0246458184594631,-0.0316837407596958,-0.0511923250388487
2017-09-28,9.550000190734863,10.130000114440918,9.550000190734863,9.739999771118164,0.0,-0.0329586673856899,-0.0282257140892766,-0.0083420632289505,-0.016293624452966
2017-09-29,9.510000228881836,9.829999923706056,9.359999656677246,9.59000015258789,0.0,-0.0041972738400864,-0.0300624031600816,-0.020095920655157,-0.0155201893487889
2017-10-02,9.449999809265137,10.039999961853027,9.369999885559082,9.59000015258789,0.0,-0.0063291793027215,0.0211381840663457,0.001067830227067,0.0
2017-10-03,9.510000228881836,9.75,9.300000190734863,9.300000190734863,0.0,0.0063291793027216,-0.029309825454328,-0.0074986633684504,-0.0307064841381576
2017-10-04,9.630000114440918,9.880000114440918,9.529999732971191,9.529999732971191,0.0,0.0125393370690368,0.0132452383331095,0.0244302689779632,0.0244302689779632
2017-10-05,9.1899995803833,9.619999885559082,9.130000114440918,9.479999542236328,0.0,-0.0467673469863729,-0.0266682705613955,-0.0428789825048191,-0.0052604216666762
2017-10-06,9.649999618530272,10.270000457763672,9.109999656677246,9.229999542236328,0.0,0.0488419851128987,0.065382815731895,-0.0021930335559744,-0.0267252690600599
2017-10-09,10.329999923706056,10.529999732971191,9.880000114440918,9.920000076293944,0.0,0.0680943999255277,0.0250012322736578,0.0811398497573604,0.0720939300681408
2017-10-10,10.079999923706056,10.65999984741211,9.9399995803833,10.149999618530272,0.0,-0.0244990206715009,0.0122701036366147,0.0060544551106568,0.0229207389168681
2017-10-11,9.850000381469728,10.380000114440918,9.720000267028809,9.949999809265137,0.0,-0.0230817611624909,-0.0266175156607582,-0.0223813325090751,-0.0199011359034028
2017-10-12,9.90999984741211,10.329999923706056,9.649999618530272,9.9399995803833,0.0,0.0060728390326431,-0.0048286130169993,-0.0072277701240949,-0.0010055535476461
2017-10-13,9.609999656677246,9.979999542236328,9.4399995803833,9.949999809265137,0.0,-0.0307401456879033,-0.0344692312906116,-0.0220019401138651,0.0010055535476462
2017-10-16,9.90999984741211,10.020000457763672,9.75,9.949999809265137,0.0,0.0307401456879033,0.0040000968864467,0.032311349303269,0.0
2017-10-17,10.3100004196167,10.460000038146973,9.779999732971191,9.850000381469728,0.0,0.0395700057843073,0.042975320942,0.0030721717334106,-0.0101010380892802
2017-10-18,10.06999969482422,10.40999984741211,9.869999885559082,10.34000015258789,0.0,-0.0235536623038079,-0.0047915943146559,0.0091603851073991,0.0485483899254444
2017-10-19,10.050000190734863,11.770000457763672,9.989999771118164,10.220000267028809,0.0,-0.0019880229413526,0.1227870921955363,0.0120847278988015,-0.0116732729337108
2017-10-20,9.970000267028809,10.039999961853027,9.289999961853027,9.920000076293944,0.0,-0.0079920427267007,-0.1589768497005112,-0.0726460210298604,-0.0297936819159183
2017-10-23,11.06999969482422,11.079999923706056,9.9399995803833,10.25,0.0,0.1046581083957469,0.0985645639693189,0.0676284297340153,0.032724776596714
2017-10-24,11.15999984741211,11.15999984741211,10.390000343322754,10.890000343322754,0.0,0.0080972241276907,0.007194268847012,0.0442768597011893,0.0605672628868751
2017-10-25,11.229999542236328,13.199999809265137,10.989999771118164,11.34000015258789,0.0,0.0062527847073653,0.1678808718622995,0.0561419094344456,0.0404913432840359
2017-10-26,11.300000190734863,11.8100004196167,10.600000381469728,11.170000076293944,0.0,0.006214014609706,-0.1112701494028173,-0.036131710483426,-0.0151046918439643
2017-10-27,9.800000190734863,11.119999885559082,9.739999771118164,11.119999885559082,0.0,-0.1424203374582189,-0.06020138720891,-0.0846129429504494,-0.004486341380377
2017-10-30,10.5,10.890000343322754,10.100000381469728,10.279999732971191,0.0,0.0689928520242105,-0.0209003100596945,0.0362943674612114,-0.078545044479533
2017-10-31,10.18000030517578,10.369999885559082,9.899999618530272,10.34000015258789,0.0,-0.030950216063127,-0.0489279572656247,-0.0200007430082453,0.0058196497858786
2017-11-01,10.199999809265137,10.489999771118164,9.739999771118164,9.789999961853027,0.0,0.0019626604903781,0.0115053893834878,-0.016293624452966,-0.0546584311914376
2017-11-02,9.93000030517578,10.890000343322754,9.670000076293944,10.4399995803833,0.0,-0.0268271928009412,0.0374225678821368,-0.0072127768003224,0.0642830896154267
2017-11-03,9.140000343322754,9.90999984741211,8.989999771118164,9.829999923706056,0.0,-0.0829000857610651,-0.0943006355267611,-0.0729154943310341,-0.0602056158635833
2017-11-06,9.399999618530272,9.739999771118164,9.380000114440918,9.630000114440918,0.0,0.0280492256653489,-0.0173032387892494,0.0424669521947325,-0.0205556887039118
2017-11-07,9.890000343322754,10.3100004196167,9.289999961853027,9.3100004196167,0.0,0.0508145316546795,0.0568732445735568,-0.0096412264991507,-0.0337941013332404
2017-11-08,9.779999732971191,10.270000457763672,9.5,9.789999961853027,0.0,-0.0111847236055845,-0.0038872702154737,0.0223532498869882,0.050272316285309
2017-11-09,10.5,12.1899995803833,9.789999961853027,9.9399995803833,0.0,0.0710358004203113,0.1713888405567878,0.0300696540393995,0.0152055258076273
2017-11-10,11.289999961853027,11.579999923706056,10.5,10.779999732971191,0.0,0.0725421176192644,-0.0513364435137268,0.070013804517583,0.0811255622565671
2017-11-13,11.5,12.18000030517578,11.0,11.43000030517578,0.0,0.018429660586462,0.0505158217808076,0.0465200156348929,0.0585489637961727
2017-11-14,11.59000015258789,12.609999656677246,11.449999809265137,11.529999732971191,0.0,0.0077956351479338,0.0346948354133649,0.0400944405438112,0.0087108066152248
2017-11-15,13.130000114440918,14.510000228881836,12.329999923706056,12.520000457763672,0.0,0.1247570265135541,0.1403479599195735,0.0740455976464032,0.0823750911130584
2017-11-16,11.760000228881836,12.520000457763672,11.380000114440918,12.470000267028809,0.0,-0.1101957350974705,-0.1475106804356264,-0.0801778722340806,-0.0040016211289029
2017-11-17,11.43000030517578,12.010000228881836,11.15999984741211,11.75,0.0,-0.0284624574269596,-0.0415877470850484,-0.0195214954740897,-0.0594725405154744
2017-11-20,10.649999618530272,12.079999923706056,10.4399995803833,11.960000038146973,0.0,-0.0706816481695825,0.0058115310414481,-0.0666914010190932,0.0177145111218638
2017-11-21,9.729999542236328,10.779999732971191,9.670000076293944,10.739999771118164,0.0,-0.0903460071853931,-0.1138586454808556,-0.0766162249063622,-0.1075926839424714
2017-11-22,9.880000114440918,9.880000114440918,9.31999969482422,9.600000381469728,0.0,0.0152986741915787,-0.087180017367224,-0.0368657214016423,-0.1122119295593406
2017-11-23,9.880000114440918,9.880000114440918,9.31999969482422,9.600000381469728,0.0,0.0152986741915787,-0.087180017367224,-0.0368657214016423,-0.1122119295593406
2017-11-24,9.670000076293944,9.960000038146973,8.5600004196167,9.81999969482422,0.0,-0.021484205987906,0.0080645520836588,-0.0850623567790249,0.0226579530791908
2017-11-27,9.869999885559082,10.260000228881836,9.789999961853027,10.06999969482422,0.0,0.0204715244956064,0.0296757866242701,0.1342612134716028,0.0251395851356198
2017-11-28,10.029999732971191,10.3100004196167,9.529999732971191,9.720000267028809,0.0,0.0160807335002664,0.0048614766780441,-0.0269167629995963,-0.0353750304805836
2017-11-29,10.699999809265137,10.93000030517578,9.8100004196167,9.90999984741211,0.0,0.0646631482913401,0.0583969913805396,0.0289576267053557,0.019358687000084
2017-11-30,11.279999732971191,12.050000190734863,10.25,10.489999771118164,0.0,0.0527874987549737,0.0975533456559051,0.0438753892327631,0.0568780676446242
2017-12-01,11.43000030517578,14.579999923706056,10.539999961853027,11.1899995803833,0.0,0.0132102821091162,0.190586045582448,0.0278998339095417,0.0645980842354195
2017-12-04,11.68000030517578,11.859999656677246,10.260000228881836,11.050000190734863,0.0,0.0216364990218818,-0.206479356726108,-0.0269246774431644,-0.0125900395997396
2017-12-05,11.329999923706056,11.670000076293944,10.649999618530272,11.380000114440918,0.0,-0.0304239352220281,-0.0161499117855458,0.0373069942858853,0.0294269935296692
2017-12-06,11.020000457763672,11.68000030517578,10.859999656677246,11.630000114440918,0.0,-0.027742223041995,0.0008565506920663,0.0195264265555959,0.0217305376162162
2017-12-07,10.15999984741211,11.31999969482422,10.119999885559082,10.899999618530272,0.0,-0.0812534181322781,-0.0313069577120986,-0.0705726303413472,-0.0648252221328461
2017-12-08,9.579999923706056,10.0600004196167,9.43000030517578,10.0,0.0,-0.0587808431129506,-0.1180038394330516,-0.0706175235433379,-0.0861776612438288
2017-12-11,9.34000015258789,10.079999923706056,9.279999732971191,9.739999771118164,0.0,-0.0253713154411075,0.0019860486913852,-0.0160346109841376,-0.026343998838764
2017-12-12,9.920000076293944,9.920000076293944,9.210000038146973,9.359999656677246,0.0,0.0602466604099188,-0.0160003260866758,-0.0075716636143291,-0.039795840345563
2017-12-13,10.18000030517578,10.210000038146973,9.649999618530272,9.779999732971191,0.0,0.0258721121126474,0.0288147069251072,0.0466680214112284,0.0438942029334477
2017-12-14,10.489999771118164,10.539999961853027,9.779999732971191,9.979999542236328,0.0,0.0299973594888048,0.0318099035811484,0.0133815809228144,0.0202435877121016
2017-12-15,9.420000076293944,10.199999809265137,9.220000267028809,10.119999885559082,0.0,-0.1075873039017389,-0.03278983790323,-0.0589643902127545,0.01393060809566
2017-12-18,9.529999732971191,9.890000343322754,9.239999771118164,9.460000038146973,0.0,0.0116095929588819,-0.0308635212419778,0.0021667943524192,-0.0674412654546919
2017-12-19,10.029999732971191,10.149999618530272,9.18000030517578,9.399999618530272,0.0,0.0511358857045336,0.0259494875558202,-0.0065146230068835,-0.006362738402165
2017-12-20,9.720000267028809,9.850000381469728,8.899999618530273,9.6899995803833,0.0,-0.031394929406385,-0.0300021739926832,-0.0309760039996213,0.0303847339045055
2017-12-21,9.619999885559082,9.859999656677246,9.199999809265137,9.59000015258789,0.0,-0.0103413931629772,0.0010146398829035,0.0331522294466179,-0.0103734777920842
2017-12-22,9.899999618530272,10.18000030517578,9.350000381469728,9.369999885559082,0.0,0.0286904658267778,0.031938907305559,0.0161729207765521,-0.0232078207697072
2017-12-25,9.899999618530272,10.18000030517578,9.350000381469728,9.369999885559082,0.0,0.0286904658267778,0.031938907305559,0.0161729207765521,-0.0232078207697072
2017-12-26,10.25,10.460000038146973,10.130000114440918,10.1899995803833,0.0,0.0347429869761694,0.0271334211833642,0.0801249454583236,0.0838937220185831
2017-12-27,10.470000267028809,10.789999961853027,9.710000038146973,10.039999961853027,0.0,0.0212363448022122,0.0310613134509276,-0.0423450433259587,-0.0148296955912847
2017-12-28,10.18000030517578,10.4399995803833,10.06999969482422,10.289999961853027,0.0,-0.0280890092862787,-0.0329752334733212,0.0364043901931695,0.0245954356746855
2017-12-29,11.039999961853027,11.0600004196167,9.949999809265137,10.029999732971191,0.0,0.0810999962932569,0.0576904917728936,-0.0119881444238624,-0.0255919707879374
2018-01-02,9.770000457763672,11.06999969482422,9.520000457763672,10.949999809265137,0.0,-0.1222085244849078,0.0009036851185089,-0.044177635113476,0.0877588634929687
2018-01-03,9.149999618530272,9.649999618530272,8.9399995803833,9.5600004196167,0.0,-0.0655626753119513,-0.137280843332372,-0.0628593546392614,-0.1357516678875315
2018-01-04,9.220000267028809,9.3100004196167,8.920000076293945,9.010000228881836,0.0,0.0076212289336633,-0.0358687394597662,-0.0022395871033798,-0.0592526739329334
2018-01-05,9.220000267028809,9.539999961853027,9.0,9.100000381469728,0.0,0.0,0.0244043451009749,0.0089286221911684,0.0099393584192181
2018-01-08,9.520000457763672,9.890000343322754,9.31999969482422,9.609999656677246,0.0,0.0320198303572802,0.0360306988871903,0.0349380186170976,0.0545297318140738
2018-01-09,10.079999923706056,10.09000015258789,9.369999885559082,9.40999984741211,0.0,0.0571583581866867,0.0200206691394513,0.0053504880834686,-0.0210312498748434
2018-01-10,9.81999969482422,10.850000381469728,9.81999969482422,10.109999656677246,0.0,-0.0261321637849681,0.0726202656567658,0.0469080072526252,0.0717520616918657
2018-01-11,9.880000114440918,10.020000457763672,9.619999885559082,9.6899995803833,0.0,0.0060914320534546,-0.0795819738032534,-0.020576838507941,-0.0424306164750731
2018-01-12,10.15999984741211,10.3100004196167,9.539999961853027,9.739999771118164,0.0,0.0279459037889773,0.0285311973871235,-0.008350771319909,0.0051467115567047
2018-01-15,10.15999984741211,10.3100004196167,9.539999961853027,9.739999771118164,0.0,0.0279459037889773,0.0285311973871235,-0.008350771319909,0.0051467115567047
2018-01-16,11.65999984741211,12.40999984741211,10.399999618530272,10.420000076293944,0.0,0.1377057407040636,0.1853882481921178,0.0863122880059839,0.0674859494918148
2018-01-17,11.90999984741211,12.8100004196167,11.18000030517578,11.350000381469728,0.0,0.0212142027195567,0.031723561744649,0.0723207255559893,0.0854907338899825
2018-01-18,12.220000267028809,12.399999618530272,11.619999885559082,12.010000228881836,0.0,0.0256956050397707,-0.0325297068183026,0.038601246551615,0.0565218776124181
2018-01-19,11.270000457763672,12.329999923706056,11.18000030517578,12.300000190734863,0.0,-0.080929606925655,-0.0056611308587178,-0.0386012465516149,0.0238596227357741
2018-01-22,11.029999732971191,11.619999885559082,10.84000015258789,11.59000015258789,0.0,-0.0215255596134887,-0.059307569413436,-0.0308834849356603,-0.0594566073681328
2018-01-23,11.100000381469728,11.56999969482422,10.760000228881836,10.770000457763672,0.0,0.00632633362884,-0.004312226746036,-0.0074074340826895,-0.0733781368452512
2018-01-24,11.470000267028809,12.1899995803833,10.890000343322754,11.0,0.0,0.0327898117369775,0.0522003942410396,0.0120093924661081,0.0211307391264835
2018-01-25,11.579999923706056,12.010000228881836,11.199999809265137,11.270000457763672,0.0,0.0095445111345181,-0.0148762539206555,0.0280687927998579,0.024249095871208
2018-01-26,11.079999923706056,11.600000381469728,11.079999923706056,11.399999618530272,0.0,-0.0441377911230229,-0.0347345241518571,-0.0107720868377474,0.0114689532686137
2018-01-29,13.84000015258789,13.84000015258789,11.68000030517578,11.710000038146973,0.0,0.2224212867812572,0.1765578302170201,0.0527363290947411,0.0268298589290743
2018-01-30,14.789999961853027,15.420000076293944,13.880000114440918,13.93000030517578,0.0,0.0663883129288074,0.10810241186825,0.1725709597955374,0.1736016288322564
2018-01-31,13.539999961853027,14.4399995803833,13.40999984741211,14.229999542236328,0.0,-0.0883030094766925,-0.0656632686775584,-0.0344482774087587,0.0213075702333216
2018-02-01,13.470000267028809,14.300000190734863,12.5,13.050000190734863,0.0,-0.0051832544205375,-0.0097425538013876,-0.0702720416066671,-0.086564231548444
2018-02-02,17.309999465942383,17.860000610351562,13.640000343322754,13.640000343322754,0.0,0.2508193280893314,0.2223040590186081,0.08727803327735,0.0442185292012048
2018-02-05,37.31999969482422,38.79999923706055,16.799999237060547,18.440000534057617,0.0,0.7682450294663026,0.7758566173432676,0.2083721634105438,0.3015155695047516
2018-02-06,29.979999542236328,50.29999923706055,22.420000076293945,37.31999969482422,0.0,-0.2189988903963881,0.2595848349720714,0.2885745800508056,0.7050071207115142
2018-02-07,27.729999542236328,31.63999938964844,21.170000076293945,31.3799991607666,0.0,-0.0780156342856823,-0.4635829383289624,-0.0573683322963106,-0.1733586472411979
2018-02-08,33.459999084472656,36.16999816894531,24.40999984741211,27.290000915527344,0.0,0.1878358250770314,0.1338078717314823,0.1424077894031839,-0.139650352292338
2018-02-09,29.059999465942383,41.060001373291016,27.729999542236328,32.18000030517578,0.0,-0.1409880284324524,0.1268044496963136,0.1275219649659723,0.1648247827793008
2018-02-12,25.61000061035156,29.700000762939453,24.420000076293945,27.25,0.0,-0.1263797157203979,-0.3238873735398937,-0.1271123713130019,-0.166291629938383
2018-02-13,24.96999931335449,27.81999969482422,24.46999931335449,26.940000534057617,0.0,-0.0253078472511192,-0.0653918959712081,0.0020453775870736,-0.0114413303030703
2018-02-21,20.020000457763672,21.040000915527344,16.969999313354492,20.76000022888184,0.0,-0.0285592975610905,-0.0267307673795697,-0.151706452563313,0.0111408048460254
2018-02-22,18.71999931335449,20.61000061035156,18.06999969482422,20.56999969482422,0.0,-0.0671393623827288,-0.0206490068664573,0.0628060489317867,-0.0091943804939229
2018-02-23,16.489999771118164,18.799999237060547,16.469999313354492,17.959999084472656,0.0,-0.1268383116781948,-0.0919195952626909,-0.0927125852167369,-0.1356866769307594
2018-02-26,15.800000190734863,16.940000534057617,15.800000190734863,16.530000686645508,0.0,-0.0427441705867209,-0.1041791085036853,-0.0415305503941197,-0.0829700585258571
2018-02-27,18.59000015258789,18.979999542236328,15.289999961853027,15.829999923706056,0.0,0.1626138578366678,0.1137080483132375,-0.0328109346586737,-0.0432700842989438
2018-02-28,19.850000381469727,20.440000534057617,15.649999618530272,18.07999992370605,0.0,0.0655802164094021,0.0741080223999977,0.0232718751650253,0.132899481670891
2018-03-01,22.46999931335449,25.299999237060547,19.56999969482422,19.959999084472656,0.0,0.1239770292880969,0.2133105741141977,0.223526873202824,0.0989238742709811
2018-03-02,19.59000015258789,26.21999931335449,19.36000061035156,22.46999931335449,0.0,-0.1371618158933947,0.0357180865699357,-0.0107886524390693,0.118450830623701
2018-03-05,18.729999542236328,21.56999969482422,17.940000534057617,21.549999237060547,0.0,-0.0448927477296549,-0.1952190058947939,-0.0761762269751063,-0.0418052744923813
2018-03-06,18.36000061035156,19.63999938964844,17.68000030517578,18.25,0.0,-0.019952073579972,-0.0937351744035502,-0.0145988119291767,-0.1662107011180327
2018-03-07,17.760000228881836,20.489999771118164,17.520000457763672,20.11000061035156,0.0,-0.0332256679843781,0.0423686792310357,-0.0090909628342623,0.097052154106709
2018-03-08,16.540000915527344,17.68000030517578,14.90999984741211,17.559999465942383,0.0,-0.0711670055036526,-0.1475028766098209,-0.1613109930935911,-0.1355936763415433
2018-03-09,14.640000343322754,16.75,13.3100004196167,16.40999984741211,0.0,-0.1220242129636889,-0.0540358161994953,-0.1135164546092739,-0.0677326619901365
2018-03-12,15.779999732971191,16.350000381469727,15.18000030517578,15.279999732971191,0.0,0.0749857665115773,-0.0241703375963315,0.1314631281378464,-0.0713461295408626
2018-03-13,16.350000381469727,16.979999542236328,15.029999732971191,15.699999809265137,0.0,0.0354846221789934,0.0378082332494658,-0.0099306060727947,0.027115933942878
2018-03-14,17.229999542236328,17.59000015258789,14.9399995803833,16.59000015258789,0.0,0.0524241032972662,0.0352944134999523,-0.0060060343806181,0.0551394131943905
2018-03-15,16.59000015258789,17.40999984741211,15.960000038146973,16.989999771118164,0.0,-0.0378519105720747,-0.0102858224084463,0.0660434427939467,0.0238248088123433
2018-03-16,15.800000190734863,16.719999313354492,15.229999542236328,16.600000381469727,0.0,-0.0487901612951875,-0.040439178426476,-0.0468184575614624,-0.0232222038696774
2018-03-19,19.020000457763672,21.8700008392334,16.559999465942383,16.6299991607666,0.0,0.1854811290799867,0.2685103064731625,0.0837229798568956,0.0018055243972067
2018-03-20,18.200000762939453,19.309999465942383,18.09000015258789,18.3799991607666,0.0,-0.0440694451822356,-0.1244928042790285,0.088369191134877,0.1000548285275905
2018-03-21,17.860000610351562,18.3700008392334,16.260000228881836,17.760000228881836,0.0,-0.0188580263799268,-0.0499041238713431,-0.106651189646096,-0.0343143208158838
2018-03-22,23.34000015258789,23.809999465942383,18.1200008392334,18.1299991607666,0.0,0.2676050237734511,0.2593866931567694,0.1083082287341031,0.0206192280254812
2018-03-23,24.8700008392334,26.01000022888184,21.6299991607666,24.020000457763672,0.0,0.0634936581640986,0.0883754501915234,0.1770648542353157,0.2813188572324464
2018-03-26,21.030000686645508,24.540000915527344,20.709999084472656,23.40999984741211,0.0,-0.1677122691947525,-0.0581766116700058,-0.0434645699649829,-0.0257235607246874
2018-03-27,22.5,24.059999465942383,19.84000015258789,20.32999992370605,0.0,0.0675652868450053,-0.0197537882406933,-0.0429165216528251,-0.1410656510972762
2018-03-28,22.8700008392334,24.940000534057617,21.709999084472656,22.520000457763672,0.0,0.0163107355201344,0.0359222733159635,0.0900728321717844,0.1023061997109944
2018-03-29,19.96999931335449,23.049999237060547,19.600000381469727,22.8700008392334,0.0,-0.135594931686637,-0.0788072253222562,-0.1022433560202204,0.0154222211320357
2018-03-30,19.96999931335449,23.049999237060547,19.600000381469727,22.8700008392334,0.0,-0.135594931686637,-0.0788072253222562,-0.1022433560202204,0.0154222211320357
2018-04-02,23.6200008392334,25.71999931335449,20.440000534057617,21.06999969482422,0.0,0.1678627332559702,0.1096031363291385,0.0419642057643542,-0.0819758313983117
2018-04-03,21.100000381469727,23.3799991607666,20.920000076293945,23.030000686645508,0.0,-0.1128207877386875,-0.0953879525239032,0.0232118513800933,0.0889475303156593
2018-04-04,20.059999465942383,24.51000022888184,19.86000061035156,21.68000030517578,0.0,-0.0505453026503773,0.0472002867297588,-0.0519979534939273,-0.0604075530000373
2018-04-05,18.940000534057617,20.209999084472656,18.56999969482422,19.76000022888184,0.0,-0.0574516399555056,-0.1929037207635066,-0.0671603304189249,-0.0927304867450083
2018-04-06,21.489999771118164,23.1200008392334,18.600000381469727,20.32999992370605,0.0,0.1263115840485268,0.1345205939883796,0.0016142422974723,0.0284379199846679
2018-04-09,21.770000457763672,22.020000457763672,20.34000015258789,21.270000457763672,0.0,0.0129451962699276,-0.0487469280201238,0.0894277968939962,0.0452000268462313
2018-04-10,20.46999931335449,21.68000030517578,20.239999771118164,20.51000022888184,0.0,-0.0615725301445202,-0.0155609614352555,-0.004928565011403,-0.0363850674898965
2018-04-11,20.239999771118164,21.65999984741211,19.63999938964844,20.950000762939453,0.0,-0.0112995330183322,-0.0009229561196601,-0.0300925612615175,0.0212260995414903
2018-04-12,18.489999771118164,19.920000076293945,18.15999984741211,19.82999992370605,0.0,-0.0904308000905225,-0.0837429785416894,-0.0783469070786257,-0.0549427441009995
2018-04-13,17.40999984741211,18.450000762939453,17.260000228881836,18.270000457763672,0.0,-0.0601852880046354,-0.0766598441482022,-0.0508296658546237,-0.0819355432389063
2018-04-16,16.559999465942383,17.65999984741211,16.3799991607666,17.59000015258789,0.0,-0.0500546283084586,-0.0437622253027642,-0.0523306717264347,-0.0379298280212358
2018-04-17,15.25,16.270000457763672,14.56999969482422,16.15999984741211,0.0,-0.0824106136538363,-0.081979237169113,-0.1170964279280478,-0.0847915237735327
2018-04-18,15.600000381469728,16.899999618530273,14.949999809265137,15.300000190734863,0.0,0.0226914356552582,0.0379906499904643,0.0257466878168866,-0.0546862027859087
2018-04-19,15.960000038146973,16.920000076293945,15.15999984741211,15.550000190734863,0.0,0.0228146557031451,0.0011827593303213,0.0139490830705507,0.01620781002643
2018-04-20,16.8799991607666,17.5,15.1899995803833,16.15999984741211,0.0,0.0560438450383675,0.0337045222422927,0.0019769188340839,0.0384783927594786
2018-04-23,16.34000015258789,17.559999465942383,15.789999961853027,17.290000915527344,0.0,-0.0325133406800305,0.0034226768641978,0.038739536868511,0.0675893089958318
2018-04-24,18.020000457763672,19.65999984741211,15.369999885559082,16.15999984741211,0.0,0.09786617881312,0.112962549164017,-0.0269592757468849,-0.0675893089958318
2018-04-26,16.239999771118164,18.1200008392334,16.239999771118164,18.06999969482422,0.0,-0.0939658150651735,-0.0906837626175074,-0.0889081952816021,-0.0038663233246622
2018-04-27,15.40999984741211,16.770000457763672,15.25,16.219999313354492,0.0,-0.0524606812096731,-0.0774247437984425,-0.062897817586402,-0.1080080813616004
2018-05-02,15.970000267028809,15.970000267028809,14.75,15.479999542236328,0.0,0.0305173392948986,-0.0518566574536035,-0.0444222902970811,-0.0330398836494972
2018-05-03,15.899999618530272,18.65999984741211,15.43000030517578,15.779999732971191,0.0,-0.0043928937131939,0.1556702082943533,0.0450706033673207,0.0191944599054662
2018-05-04,14.770000457763672,16.920000076293945,10.90999984741211,15.9399995803833,0.0,-0.0737209576982897,-0.0978858285547503,-0.3466339002942281,0.0100883485415567
2018-05-07,14.75,15.270000457763672,14.510000228881836,15.050000190734863,0.0,-0.0013550447502601,-0.1026062094786604,0.2851582968112503,-0.0574536431690096
2018-05-08,14.710000038146973,15.5600004196167,14.520000457763672,14.529999732971191,0.0,-0.0027155455792147,0.0188133965093842,0.0006889582529013,-0.0351625446638631
2018-05-09,13.420000076293944,14.630000114440918,13.380000114440918,14.539999961853027,0.0,-0.0917813999779858,-0.0616293228635207,-0.081765977669858,0.0006880102773507
2018-05-10,13.229999542236328,13.630000114440918,12.920000076293944,13.359999656677246,0.0,-0.0142591937021933,-0.0708009687496852,-0.0349845589936555,-0.0846383270710966
2018-05-11,12.649999618530272,13.4399995803833,12.649999618530272,13.220000267028809,0.0,-0.0448297585086159,-0.014037950231171,-0.0211193192417407,-0.0105342877882974
2018-05-14,12.93000030517578,13.279999732971191,12.8100004196167,13.09000015258789,0.0,0.0218930313680952,-0.0119761799328258,0.0125689636477864,-0.0098822630437534
2018-05-15,14.630000114440918,15.010000228881836,12.5,13.130000114440918,0.0,0.1235240064684643,0.1224575369532972,-0.0244975043573501,0.003051105452055
2018-05-16,13.420000076293944,14.90999984741211,13.210000038146973,14.380000114440918,0.0,-0.0863280856257502,-0.0066845423512763,0.0552454771137131,0.0909386632205473
2018-05-17,13.43000030517578,13.859999656677246,12.649999618530272,13.539999961853027,0.0,0.0007448960299561,-0.0730251495517219,-0.0433169364041494,-0.0601900955844649
2018-05-18,13.420000076293944,13.869999885559082,13.0600004196167,13.18000030517578,0.0,-0.000744896029956,0.0007212570847773,0.0318969709603811,-0.0269477124379543
2018-05-21,13.079999923706056,13.59000015258789,12.779999732971191,12.989999771118164,0.0,-0.025661797032446,-0.0203939866847668,-0.0216727279230846,-0.0145207391661614
2018-05-22,13.220000267028809,13.420000076293944,12.770000457763672,13.029999732971191,0.0,0.0106465144262085,-0.0125881021623775,-0.0007827221638654,0.003074557580709
2018-05-23,12.579999923706056,14.600000381469728,12.489999771118164,13.5,0.0,-0.0496226094147978,0.0842754176137256,-0.0221704000789709,0.0354353148010154
2018-05-24,12.529999732971191,14.239999771118164,12.529999732971191,12.729999542236328,0.0,-0.0039824976107742,-0.0249666649316871,0.0031974417845396,-0.0587283088345093
2018-05-25,13.220000267028809,13.520000457763672,12.289999961853027,12.4399995803833,0.0,0.053605107025572,-0.0518847854375897,-0.0193398271227787,-0.0230443230300876
2018-05-28,13.220000267028809,13.520000457763672,12.289999961853027,12.4399995803833,0.0,0.053605107025572,-0.0518847854375897,-0.0193398271227787,-0.0230443230300876
2018-05-29,17.020000457763672,18.780000686645508,14.390000343322754,14.390000343322754,0.0,0.2526582954184697,0.3286224058696325,0.1577476242836624,0.1456164911779155
2018-05-30,14.9399995803833,16.639999389648438,14.649999618530272,16.600000381469727,0.0,-0.1303469984229835,-0.1209831116294292,0.0179067646664842,0.1428691735848989
2018-05-31,15.43000030517578,16.290000915527344,14.199999809265137,14.93000030517578,0.0,0.0322715345352726,-0.0212579198975269,-0.0311983582490043,-0.1060300863510618
2018-06-01,13.460000038146973,14.93000030517578,13.369999885559082,14.920000076293944,0.0,-0.1365913591024689,-0.087178846824214,-0.0602285686208607,-0.0006700321023895
2018-06-04,12.739999771118164,13.90999984741211,12.6899995803833,13.90999984741211,0.0,-0.0549756948722708,-0.0707646370258422,-0.0521991338947476,-0.0700946049234526
2018-06-05,12.399999618530272,13.34000015258789,12.300000190734863,12.90999984741211,0.0,-0.0270501903311069,-0.041840943039847,-0.0312149707743028,-0.0746058019265025
2018-06-06,11.640000343322754,12.5600004196167,11.619999885559082,12.100000381469728,0.0,-0.0632489700489296,-0.0602498574768252,-0.056871536310122,-0.0647967089100759
2018-06-07,12.130000114440918,13.279999732971191,11.220000267028809,11.65999984741211,0.0,0.0412342605921211,0.0557419294916716,-0.03502981768124,-0.0370413162932125
2018-06-08,12.18000030517578,13.3100004196167,12.09000015258789,12.539999961853027,0.0,0.0041135549467389,0.0022565399927468,0.0746807533537922,0.072759364326845
2018-06-11,12.350000381469728,12.6899995803833,12.140000343322754,12.520000457763672,0.0,0.0138608066249894,-0.0477014152738694,0.0041271366639431,-0.0015961299282058
2018-06-12,12.34000015258789,12.600000381469728,11.880000114440918,12.289999961853027,0.0,-0.000810063119674,-0.0071174044267668,-0.0216494903440718,-0.0185414817605053
2018-06-13,12.9399995803833,12.949999809265137,11.979999542236328,12.130000114440918,0.0,0.0474772258023304,0.0273989291841787,0.0083822309090728,-0.0131041880835456
2018-06-14,12.119999885559082,13.06999969482422,11.880000114440918,12.979999542236328,0.0,-0.0654662854460308,0.0092237308698117,-0.0083822309090727,0.0677279436186019
2018-06-15,11.979999542236328,13.15999984741211,11.93000030517578,12.1899995803833,0.0,-0.0116184167222028,0.006862410015549,0.0041999381227863,-0.0627937669389439
2018-06-18,12.3100004196167,13.739999771118164,12.279999732971191,12.789999961853027,0.0,0.0271734198071815,0.04312935583379,0.02891563928362,0.0480477035380363
2018-06-19,13.350000381469728,14.68000030517578,13.210000038146973,14.609999656677246,0.0,0.0811044391369427,0.0661747738387736,0.0730022204479892,0.1330425896552571
2018-06-20,12.789999961853027,13.020000457763672,12.25,12.899999618530272,0.0,-0.0428528008125806,-0.1199993720359874,-0.0754481844312324,-0.1244789204671167
2018-06-21,14.640000343322754,15.18000030517578,12.18000030517578,12.539999961853027,0.0,0.1350939193759841,0.1534921201323672,-0.0057306496535026,-0.0283037496335778
2018-06-22,13.770000457763672,14.600000381469728,13.109999656677246,14.600000381469728,0.0,-0.0612651860000609,-0.038957237228936,0.0735799842505217,0.1520980226796026
2018-06-25,17.329999923706055,19.61000061035156,14.5600004196167,15.06999969482422,0.0,0.2299467533409822,0.2950181164904063,0.1049028000006125,0.0316844375455004
2018-06-26,15.920000076293944,17.540000915527344,15.100000381469728,16.709999084472656,0.0,-0.0848629141165242,-0.1115556321921827,0.0364166974954065,0.1033012954302577
2018-06-27,17.90999984741211,18.190000534057617,14.760000228881836,16.520000457763672,0.0,0.1177830223443466,0.0363879827494098,-0.0227739344045485,-0.0114354920156151
2018-06-28,16.850000381469727,18.989999771118164,16.399999618530273,17.540000915527344,0.0,-0.0610085281153934,0.0430404908814511,0.1053604768905775,0.0599122433380803
2018-06-29,16.09000015258789,16.510000228881836,14.65999984741211,15.729999542236328,0.0,-0.0461527089498326,-0.1399462409761775,-0.1121586255197487,-0.1089143511717055
2018-07-02,15.600000381469728,18.07999992370605,15.539999961853027,17.700000762939453,0.0,-0.030927031779012,0.0908400789489712,0.0582946564346868,0.1179949947148346
2018-07-03,16.139999389648438,16.450000762939453,14.68000030517578,15.369999885559082,0.0,0.0340296863170413,-0.0944808271535544,-0.0569312985098311,-0.141147132578935
2018-07-04,16.139999389648438,16.450000762939453,14.68000030517578,15.369999885559082,0.0,0.0340296863170413,-0.0944808271535544,-0.0569312985098311,-0.141147132578935
2018-07-05,14.970000267028809,16.219999313354492,14.470000267028809,15.619999885559082,0.0,-0.0752524087565875,-0.0140805172366737,-0.0144084848775573,0.0161345869802053
2018-07-06,13.369999885559082,15.449999809265137,13.34000015258789,14.989999771118164,0.0,-0.1130348337148109,-0.0486360153555482,-0.0813105071715026,-0.0411688402394388
2018-07-09,12.6899995803833,13.220000267028809,12.600000381469728,13.020000457763672,0.0,-0.0521991338947476,-0.1558781363760649,-0.057070207693043,-0.1408966249066151
2018-07-10,12.640000343322754,13.210000038146973,11.93000030517578,12.520000457763672,0.0,-0.0039478327792526,-0.0007567332004224,-0.0546405825424479,-0.0391592697043773
2018-07-11,13.630000114440918,14.149999618530272,13.09000015258789,14.050000190734863,0.0,0.0754068382243721,0.0687404757082864,0.0927923298882782,0.1152950071206443
2018-07-12,12.579999923706056,13.329999923706056,12.420000076293944,13.06999969482422,0.0,-0.0801650088971004,-0.0596974686631142,-0.0525405089304751,-0.0723029050683922
2018-07-13,12.18000030517578,12.970000267028809,11.619999885559082,12.390000343322754,0.0,-0.0323129578703596,-0.0273781095505996,-0.0665803410730132,-0.0534297809360814
2018-07-16,12.829999923706056,12.970000267028809,12.460000038146973,12.770000457763672,0.0,0.0519908853437845,0.0,0.0697957748457126,0.0302089825405339
2018-07-17,12.0600004196167,13.18000030517578,11.850000381469728,12.90999984741211,0.0,-0.0618919465878912,0.0160615333122794,-0.0501956166481839,0.0109034871479445
2018-07-18,12.100000381469728,12.470000267028809,11.4399995803833,11.869999885559082,0.0,0.0033112580359921,-0.0553747711231782,-0.0352119505008081,-0.0839879940588075
2018-07-19,12.869999885559082,13.09000015258789,11.789999961853027,12.199999809265137,0.0,0.0616935285868482,0.0485228104729949,0.0301357620418734,0.0274217371248182
2018-07-20,12.859999656677246,13.579999923706056,12.489999771118164,13.0,0.0,-0.0007773206034422,0.0367495249338018,0.0576765944985358,0.0635134213563311
2018-07-23,12.619999885559082,13.550000190734863,12.579999923706056,13.470000267028809,0.0,-0.0188388440676762,-0.0022115551103558,0.007179939395314,0.0355156527847007
2018-07-24,12.40999984741211,13.210000038146973,11.65999984741211,12.609999656677246,0.0,-0.016780261123892,-0.025412439980115,-0.0759440773716868,-0.0659748874956391
2018-07-25,12.289999961853027,12.81999969482422,11.800000190734863,12.369999885559082,0.0,-0.0097166664469164,-0.0299676937341077,0.0119353797996841,-0.0192159455976907
2018-07-26,12.140000343322754,12.529999732971191,11.779999732971191,12.449999809265137,0.0,-0.0122801065623955,-0.0228806800910419,-0.0016963920801303,0.0064464304377395
2018-07-27,13.029999732971191,14.260000228881836,11.600000381469728,12.170000076293944,0.0,0.0707485567317239,0.1293326834399505,-0.0153980245578201,-0.0227466943221938
2018-07-30,14.260000228881836,14.460000038146973,12.979999542236328,13.630000114440918,0.0,0.090204060393401,0.0139277883319523,0.1124045450114566,0.1132993408362401
2018-07-31,12.829999923706056,14.119999885559082,12.8100004196167,13.979999542236328,0.0,-0.1056722583557515,-0.0237939954085067,-0.0131835273434908,0.0253544499567877
2018-08-01,13.149999618530272,13.630000114440918,12.449999809265137,13.09000015258789,0.0,0.0246355569336504,-0.0353189698555216,-0.0285055410749584,-0.0657791124828437
2018-08-02,12.1899995803833,14.529999732971191,12.170000076293944,13.56999969482422,0.0,-0.0758058205445158,0.063942205099741,-0.0227466943221938,0.0360128597791364
2018-08-03,11.640000343322754,12.460000038146973,11.06999969482422,12.43000030517578,0.0,-0.0461684372717792,-0.1536919427835725,-0.0947351941157292,-0.0877485212836033
2018-08-06,11.270000457763672,12.149999618530272,11.170000076293944,11.90999984741211,0.0,-0.0323031031287945,-0.0251943780309903,0.0089929007586397,-0.0427345595187074
2018-08-07,10.93000030517578,11.239999771118164,10.520000457763672,11.119999885559082,0.0,-0.0306330385602005,-0.0778503142874793,-0.059953369088144,-0.0686330920244762
2018-08-08,10.850000381469728,11.18000030517578,10.520000457763672,10.93000030517578,0.0,-0.0073462149644098,-0.005352329078858,0.0,-0.0172339484216087
2018-08-09,11.270000457763672,11.3100004196167,10.170000076293944,10.9399995803833,0.0,0.0379792535246105,0.0115608322058823,-0.0338360332608885,0.000914428528268
2018-08-10,13.15999984741211,13.81999969482422,12.300000190734863,12.34000015258789,0.0,0.1550375456327679,0.2004294690279233,0.19015706032294,0.1204202722049025
2018-08-13,14.779999732971191,15.020000457763672,12.949999809265137,14.5,0.0,0.1160929831508072,0.0832658805555904,0.0514964955317145,0.1613026185839798
2018-08-14,13.3100004196167,14.220000267028809,13.109999656677246,13.93000030517578,0.0,-0.1047592335197102,-0.0547332336594385,0.0122794981707692,-0.0401038397270056
2018-08-15,14.640000343322754,16.860000610351562,13.4399995803833,13.520000457763672,0.0,0.0952418680507294,0.1702945456213771,0.0248600322857674,-0.0298747052264458
2018-08-16,13.449999809265137,14.359999656677246,12.81999969482422,14.18000030517578,0.0,-0.0847784401173556,-0.1604974490630609,-0.0472288761856616,0.0476624381524681
2018-08-17,12.640000343322754,13.960000038146973,12.399999618530272,13.18000030517578,0.0,-0.0621126759864959,-0.0282504396449904,-0.0333099858405578,-0.0731319903967247
2018-08-20,12.489999771118164,12.789999961853027,12.260000228881836,12.56999969482422,0.0,-0.0119381100680422,-0.0875324874586285,-0.0113544926702462,-0.0473875539047699
2018-08-21,12.859999656677246,12.890000343322754,12.09000015258789,12.470000267028809,0.0,0.0291933863002456,0.0077882309777208,-0.0139632719293554,-0.0079872172184083
2018-08-22,12.25,13.289999961853027,11.970000267028809,13.09000015258789,0.0,-0.0485957551217887,0.0305600262688926,-0.0099751353696485,0.0485228104729949
2018-08-23,12.40999984741211,12.68000030517578,11.649999618530272,12.029999732971191,0.0,0.0129766499302204,-0.0469858967782323,-0.0270973946105263,-0.0844450837889585
2018-08-24,11.989999771118164,12.170000076293944,11.829999923706056,12.130000114440918,0.0,-0.0344296369709279,-0.0410520598081166,0.0153325242735768,0.0082782246008156
2018-08-27,12.15999984741211,12.479999542236328,12.020000457763672,12.369999885559082,0.0,0.0140789140396461,0.0251534129930461,0.0159332956494576,0.019592444762413
2018-08-28,12.5,12.5,11.869999885559082,12.010000228881836,0.0,0.0275767803185807,0.0016013180467558,-0.0125577682101736,-0.0295345220034105
2018-08-29,12.25,12.550000190734863,12.09000015258789,12.34000015258789,0.0,-0.0202027073175194,0.0039920364675344,0.0183644782673141,0.0271063756930518
2018-08-30,13.529999732971191,13.949999809265137,12.239999771118164,12.25,0.0,0.0993834854559065,0.1057588138188347,0.0123305811369821,-0.0073200938518128
2018-08-31,12.859999656677246,14.029999732971191,12.81999969482422,13.539999961853027,0.0,-0.0507877303341178,0.0057183804870428,0.0462971693031771,0.1001223276760389
2018-09-04,13.15999984741211,14.350000381469728,13.119999885559082,13.130000114440918,0.0,0.0230602221898217,0.0225520937072186,0.0231313471054513,-0.0307485676360825
2018-09-05,13.90999984741211,14.300000190734863,13.229999542236328,13.6899995803833,0.0,0.0554260806633506,-0.0034904181849222,0.0083491687331229,0.0417659116183351
2018-09-06,14.649999618530272,15.40999984741211,13.720000267028809,14.210000038146973,0.0,0.0518323144584894,0.0747570888261856,0.0363676982340452,0.0372803361444975
2018-09-07,14.880000114440918,15.630000114440918,14.3100004196167,14.720000267028809,0.0,0.0155777276716809,0.0141755123251113,0.0421039811311982,0.0352611866477488
2018-09-10,14.15999984741211,15.199999809265137,13.93000030517578,15.09000015258789,0.0,-0.049596959606275,-0.0278967364513765,-0.0269138131921553,0.0248251514503383
2018-09-11,13.220000267028809,14.920000076293944,13.210000038146973,13.960000038146973,0.0,-0.0686902228672017,-0.0185928154147344,-0.0530706882775546,-0.0778361828247947
2018-09-12,13.140000343322754,13.859999656677246,12.90999984741211,13.06999969482422,0.0,-0.0060698154378633,-0.0736956308981544,-0.0229719283827737,-0.06587659578002
2018-09-13,12.369999885559082,12.90999984741211,12.300000190734863,12.90999984741211,0.0,-0.06038686203162,-0.0710047759518007,-0.0484029151539235,-0.0123173112476028
2018-09-14,12.06999969482422,13.149999618530272,11.93000030517578,12.130000114440918,0.0,-0.0245511673272937,0.0184195365754735,-0.030543016194912,-0.0623204606487003
2018-09-17,13.68000030517578,13.75,12.31999969482422,12.720000267028809,0.0,0.1252119246769614,0.0446170944979118,0.0321676716442529,0.0474938465143123
2018-09-18,12.789999961853027,13.479999542236328,12.5600004196167,13.479999542236328,0.0,-0.0672713218943862,-0.0198317525871492,0.0192932611144127,0.0580314926206242
2018-09-19,11.75,12.770000457763672,11.65999984741211,12.609999656677246,0.0,-0.0848103720180209,-0.0541083656341809,-0.0743530266131186,-0.0667169487748327
2018-09-20,11.800000190734863,11.960000038146973,11.3100004196167,11.81999969482422,0.0,0.0042463070454224,-0.0655309541792182,-0.0304768406064897,-0.0646971365912404
2018-09-21,11.68000030517578,12.029999732971191,11.100000381469728,11.760000228881836,0.0,-0.0102215441074463,0.0058357560776469,-0.0187421845444864,-0.0050890242261361
2018-09-24,12.199999809265137,12.920000076293944,12.18000030517578,12.460000038146973,0.0,0.0435579325770615,0.071372996469881,0.0928501446523033,0.0578195544876401
2018-09-25,12.420000076293944,12.600000381469728,11.800000190734863,12.279999732971191,0.0,0.0178721465429567,-0.0250796600267526,-0.031695739701643,-0.0145516154468827
2018-09-26,12.890000343322754,13.130000114440918,11.550000190734863,12.210000038146973,0.0,0.0371437609377475,0.0412028527978852,-0.021414094153947,-0.0057166097271257
2018-09-27,12.40999984741211,13.0,11.9399995803833,12.770000457763672,0.0,-0.0379492566649532,-0.0099503395691556,0.0332086193390347,0.0448434146443966
2018-09-28,12.119999885559082,13.220000267028809,12.09000015258789,12.59000015258789,0.0,-0.0236456157221081,0.016781497160854,0.0124846044270231,-0.0141958457152254
2018-10-01,12.0,12.399999618530272,11.56999969482422,11.989999771118164,0.0,-0.0099503214108481,-0.0640344127750879,-0.0439631624185882,-0.048829910225996
2018-10-02,12.050000190734863,12.6899995803833,11.609999656677246,12.470000267028809,0.0,0.0041580259772828,0.023117806812271,0.0034512513093901,0.0392528311556139
2018-10-03,11.609999656677246,12.140000343322754,11.34000015258789,11.65999984741211,0.0,-0.0371979096267801,-0.0443084347479294,-0.0235304543831748,-0.0671616132697361
2018-10-04,14.220000267028809,15.84000015258789,12.420000076293944,12.84000015258789,0.0,0.2027826770149887,0.2660325821077091,0.090971770892834,0.0964011423097008
2018-10-05,14.81999969482422,17.360000610351562,11.720000267028809,14.289999961853027,0.0,0.0413281561222908,0.09163034837135,-0.0580112757152679,0.1069946791266815
2018-10-08,15.6899995803833,18.3799991607666,15.6899995803833,16.049999237060547,0.0,0.0570459407249453,0.0570943268766949,0.2917267330678337,0.1161488127685666
2018-10-09,15.949999809265137,17.489999771118164,15.270000457763672,16.1200008392334,0.0,0.0164352772718269,-0.0496337953233279,-0.0271333907922127,0.0043519870992507
2018-10-10,22.959999084472656,22.959999084472656,15.829999923706056,16.030000686645508,0.0,0.3642947143039256,0.2721242556324099,0.0360167198648261,-0.0055987796836168
2018-10-11,24.979999542236328,28.84000015258789,20.64999961853028,23.06999969482422,0.0,0.0843219547957439,0.22800978613111,0.2658084318605901,0.3640710495009207
2018-10-12,21.309999465942383,26.799999237060547,20.8799991607666,21.6299991607666,0.0,-0.1588990653230605,-0.07336145865867,0.0110764218873351,-0.0644518577919531
2018-10-15,21.299999237060547,22.88999938964844,19.46999931335449,21.96999931335449,0.0,-0.0004693841525386,-0.1577017517489959,-0.0699169387040061,0.015596653977283
2018-10-16,17.6200008392334,20.559999465942383,17.549999237060547,20.280000686645508,0.0,-0.1896723687590015,-0.1073526926885256,-0.1038208776777203,-0.0800426425614983
2018-10-17,17.399999618530273,19.549999237060547,17.059999465942383,17.059999465942383,0.0,-0.0125644838406879,-0.0503721672050609,-0.0283173956806746,-0.1728987018223758
2018-10-18,20.059999465942383,21.56999969482422,17.510000228881836,18.020000457763672,0.0,0.1422575716138416,0.0983281988465682,0.0260356486103873,0.0547457668244153
2018-10-19,19.88999938964844,21.07999992370605,18.38999938964844,19.239999771118164,0.0,-0.0085106937312498,-0.0229787261990022,0.0490348460576581,0.065509155758134
2018-10-22,19.63999938964844,20.88999938964844,18.81999969482422,19.3799991607666,0.0,-0.0126487903301713,-0.0090541737028335,0.0231131125148186,0.0072501298171073
2018-10-23,20.709999084472656,24.65999984741211,20.18000030517578,22.18000030517578,0.0,0.0530483593511177,0.1659119451974597,0.069771912106418,0.1349494325227509
2018-10-24,25.229999542236328,26.3799991607666,20.39999961853028,21.600000381469727,0.0,0.1974171133088669,0.0674236239273929,0.0108428521025267,-0.0264976633305186
2018-10-25,24.21999931335449,24.780000686645508,22.059999465942383,24.780000686645508,0.0,-0.0408550347347463,-0.0625692115652617,0.078231107465361,0.1373435715599066
2018-10-26,24.15999984741211,27.520000457763672,23.32999992370605,24.51000022888184,0.0,-0.0024803430237041,0.1048761257883357,0.0559740931470955,-0.0109556970323358
2018-10-29,24.700000762939453,27.86000061035156,22.01000022888184,24.479999542236328,0.0,0.0221049077712776,0.0122789605604711,-0.0582431768257673,-0.0012247679336967
2018-10-30,23.350000381469727,25.549999237060547,23.11000061035156,23.940000534057617,0.0,-0.0562062740702285,-0.0865547034703994,0.0487685447596377,-0.0223057165066307
2018-10-31,21.229999542236328,22.799999237060547,20.38999938964844,22.71999931335449,0.0,-0.0951817462988885,-0.1138767842909311,-0.1252208960445054,-0.0523051588071213
2018-11-01,19.34000015258789,21.209999084472656,19.030000686645508,20.959999084472656,0.0,-0.0932397562381461,-0.0722877770864389,-0.0690278372621731,-0.0806297478577758
2018-11-02,19.51000022888184,21.61000061035156,18.049999237060547,18.520000457763672,0.0,0.008751668451629,0.0186834733510361,-0.0528710748795474,-0.1237645618378069
2018-11-05,19.959999084472656,20.8700008392334,19.63999938964844,20.57999992370605,0.0,0.0228030586486796,-0.034843437461197,0.0844226293385808,0.1054684727634206
2018-11-06,19.90999984741211,20.600000381469727,19.690000534057617,19.84000015258789,0.0,-0.0025081146029905,-0.0130216669880546,0.0025426479249695,-0.0366196171510659
2018-11-07,16.360000610351562,18.049999237060547,16.329999923706055,18.030000686645508,0.0,-0.1963827419300698,-0.1321454518027078,-0.1871070174639632,-0.0956630342489233
2018-11-08,16.719999313354492,17.200000762939453,16.09000015258789,16.18000030517578,0.0,0.0217661981070866,-0.0482362143344239,-0.0148059318226715,-0.1082611448070831
2018-11-09,17.360000610351562,18.40999984741211,16.84000015258789,16.8700008392334,0.0,0.0375631778014639,0.0679845587803195,0.0455590473875284,0.0417610158133228
2018-11-12,20.450000762939453,20.709999084472656,17.25,17.260000228881836,0.0,0.1638141754056591,0.1177226442438029,0.0240551256021495,0.0228547526111415
2018-11-13,20.020000457763672,21.25,19.11000061035156,19.450000762939453,0.0,-0.0212511230439702,0.0257402641699521,0.1023996467136694,0.1194554103740268
2018-11-14,21.25,22.36000061035156,19.299999237060547,20.520000457763672,0.0,0.0596250986180332,0.0509167802130535,0.0098932661892593,0.0535529333206063
2018-11-15,19.979999542236328,22.96999931335449,19.940000534057617,20.40999984741211,0.0,-0.0616251450611133,0.0269153112243832,0.0326227349366249,-0.00537507326512
2018-11-16,18.13999938964844,21.36000061035156,18.100000381469727,20.040000915527344,0.0,-0.0966123392690457,-0.0726689441413579,-0.0968158319694671,-0.0182946474439594
2018-11-19,20.100000381469727,20.989999771118164,18.520000457763672,18.780000686645508,0.0,0.1026004230033563,-0.0174739197382908,0.0229392945878386,-0.0649378115589503
2018-11-20,22.479999542236328,23.809999465942383,20.3700008392334,20.76000022888184,0.0,0.1119061706187141,0.1260595151405857,0.0952120175028992,0.1002355589801147
2018-11-21,20.799999237060547,22.309999465942383,20.11000061035156,21.65999984741211,0.0,-0.0776730546348472,-0.0650706535623965,-0.0128460373029835,0.0424391652053342
2018-11-22,20.799999237060547,22.309999465942383,20.11000061035156,21.65999984741211,0.0,-0.0776730546348472,-0.0650706535623965,-0.0128460373029835,0.0424391652053342
2018-11-23,21.520000457763672,22.64999961853028,20.64999961853028,21.229999542236328,0.0,0.0340298065376393,0.015124850580709,0.0264980667987218,-0.0200519803751079
2018-11-26,18.89999961853028,20.799999237060547,18.670000076293945,20.780000686645508,0.0,-0.1298208546831162,-0.0852068850596223,-0.1007973392938544,-0.0214242354383941
2018-11-27,19.020000457763672,19.93000030517578,18.700000762939453,19.40999984741211,0.0,0.0063291793027214,-0.0427268004904045,0.0016056030193642,-0.0682026293950408
2018-11-28,18.489999771118164,19.3799991607666,18.18000030517578,18.8700008392334,0.0,-0.0282610481643835,-0.0279845863785633,-0.028201459123762,-0.0282149854646801
2018-11-29,18.790000915527344,20.479999542236328,18.59000015258789,18.64999961853028,0.0,0.0160948291292018,0.0552072146610426,0.0223017044057364,-0.011727278219252
2018-11-30,18.06999969482422,19.90999984741211,18.030000686645508,19.18000030517578,0.0,-0.0390717744339482,-0.028226667407342,-0.0305867346426902,0.0280219597307544
2018-12-03,16.440000534057617,17.280000686645508,15.9399995803833,16.040000915527344,0.0,-0.0945356656023147,-0.1416723072998842,-0.1232054282614183,-0.1787824258503067
2018-12-04,20.739999771118164,21.940000534057617,16.260000228881836,16.84000015258789,0.0,0.232346769652323,0.2387616760764781,0.019876471158731,0.0486713583590878
2018-12-05,20.739999771118164,21.940000534057617,16.260000228881836,16.84000015258789,0.0,0.232346769652323,0.2387616760764781,0.019876471158731,0.0486713583590878
2018-12-06,21.190000534057617,25.940000534057617,20.940000534057617,23.530000686645508,0.0,0.02146520571788,0.1674747202876697,0.2529531127505366,0.3345192140457559
2018-12-07,23.229999542236328,24.709999084472656,19.89999961853028,22.420000076293945,0.0,0.0919151295931136,-0.0485782165268523,-0.050941518385461,-0.04832281087402
2018-12-10,22.63999938964844,25.940000534057617,22.5,23.950000762939453,0.0,-0.0257263007006156,0.0485782165268523,0.1227955966492608,0.066014934665478
2018-12-11,21.76000022888184,23.600000381469727,21.38999938964844,22.959999084472656,0.0,-0.0396447938697819,-0.0945394712809506,-0.0505918146504953,-0.0422148241359526
2018-12-12,21.459999084472656,21.90999984741211,20.5,21.90999984741211,0.0,-0.0138827379656955,-0.074303581552464,-0.0424986084155166,-0.046810384933409
2018-12-13,20.64999961853028,21.56999969482422,20.34000015258789,21.0,0.0,-0.0384753936065815,-0.0156397003901653,-0.0078354880220857,-0.0424207089196485
2018-12-14,21.6299991607666,22.46999931335449,20.950000762939453,21.56999969482422,0.0,0.0463659002315253,0.0408776093860082,0.029549284663027,0.0267810085294832
2018-12-17,24.520000457763672,25.8799991607666,21.96999931335449,22.36000061035156,0.0,0.1254079285715452,0.1412893815659099,0.0475391723574361,0.0359702293305731
2018-12-18,25.57999992370605,26.13999938964844,23.63999938964844,24.68000030517578,0.0,0.0423216634311321,0.0099962476419182,0.0732623115765633,0.0987195358190147
2018-12-19,25.57999992370605,26.63999938964844,22.5,25.14999961853028,0.0,0.0,0.0189471379143508,-0.0494248575089287,0.0188646699754716
2018-12-20,28.3799991607666,30.299999237060547,24.68000030517578,26.09000015258789,0.0,0.1038738489924655,0.1287338645747097,0.0924779021921197,0.0366942236191913
2018-12-21,30.11000061035156,31.350000381469727,25.709999084472656,28.239999771118164,0.0,0.0591727206037687,0.0340665919112197,0.0408867742655271,0.0791872995230033
2018-12-24,36.06999969482422,36.09999847412109,29.15999984741211,29.290000915527344,0.0,0.1806041236904255,0.1410785438236974,0.1259179162396552,0.0365067875768161
2018-12-25,36.06999969482422,36.09999847412109,29.15999984741211,29.290000915527344,0.0,0.1806041236904255,0.1410785438236974,0.1259179162396552,0.0365067875768161
2018-12-26,30.40999984741211,36.20000076293945,29.59000015258789,35.5,0.0,-0.1706899897832085,0.0027663168366801,0.0146385696611802,0.1922865043843934
2018-12-27,29.959999084472656,33.79999923706055,29.65999984741211,31.200000762939453,0.0,-0.0149083685808896,-0.068598359990601,0.0023628599963612,-0.1291145772127462
2018-12-28,28.34000015258789,31.049999237060547,27.43000030517578,29.96999931335449,0.0,-0.0555888884439732,-0.0848619961086311,-0.0781620154900851,-0.0402212608511472
2019-01-02,23.21999931335449,28.530000686645508,23.049999237060547,27.540000915527344,0.0,-0.0905223220641951,0.0316922124756138,-0.0943237246582528,-0.0018138672156878
2019-01-03,25.450000762939453,26.600000381469727,24.049999237060547,25.68000030517578,0.0,0.0917018262760576,-0.0700449591642785,0.042469228485384,-0.0699270358385049
2019-01-04,21.3799991607666,24.479999542236328,21.190000534057617,24.36000061035156,0.0,-0.1742599066308067,-0.0830547911839916,-0.1266055673452226,-0.0527700228083738
2019-01-07,21.39999961853028,22.709999084472656,20.90999984741211,22.059999465942383,0.0,0.0009350378584183,-0.0750511231410041,-0.0133018913403149,-0.0991764782811433
2019-01-08,20.46999931335449,22.030000686645508,20.09000015258789,20.959999084472656,0.0,-0.0444305380729118,-0.0304001238207166,-0.0400053197211186,-0.0511501738429345
2019-01-09,19.979999542236328,22.799999237060547,19.479999542236328,20.440000534057617,0.0,-0.0242286158198933,0.0343553105152298,-0.030833911706832,-0.025122024309534
2019-01-10,19.5,21.31999969482422,19.290000915527344,20.979999542236328,0.0,-0.0243172847396113,-0.0671149175145551,-0.0098014003363491,0.0260757896855339
2019-01-11,18.190000534057617,20.15999984741211,18.1200008392334,19.68000030517578,0.0,-0.0695424436797137,-0.0559451493492586,-0.0625705274487366,-0.063966674018094
2019-01-14,19.06999969482422,20.270000457763672,18.700000762939453,19.84000015258789,0.0,0.047244381719415,0.0054415474128933,0.0315072177293002,0.0080972024166418
2019-01-15,18.600000381469727,19.200000762939453,17.979999542236328,18.530000686645508,0.0,-0.0249548023811221,-0.0542316642770523,-0.0392635610755709,-0.068309032194498
2019-01-16,19.040000915527344,19.040000915527344,17.760000228881836,18.07999992370605,0.0,0.023380476219357,-0.0083682413225275,-0.0123112531323557,-0.0245847266089181
2019-01-17,18.059999465942383,19.71999931335449,17.850000381469727,19.51000022888184,0.0,-0.0528425590300951,0.0350912369070992,0.0050547791449862,0.0761208156223013
2019-01-18,17.799999237060547,18.18000030517578,17.170000076293945,17.799999237060547,0.0,-0.0145011039812707,-0.0813112088190574,-0.038839850243672,-0.0917287519302623
2019-01-21,17.799999237060547,18.18000030517578,17.170000076293945,17.799999237060547,0.0,-0.0145011039812707,-0.0813112088190574,-0.038839850243672,-0.0917287519302623
2019-01-22,20.799999237060547,21.14999961853028,18.200000762939453,18.530000686645508,0.0,0.1557545355912187,0.1513177819202139,0.0582579566496701,0.0401926629168788
2019-01-23,19.520000457763672,22.020000457763672,19.46999931335449,20.850000381469727,0.0,-0.0635133455915362,0.0403112646271813,0.0674531481147617,0.1179628891875699
2019-01-24,18.88999938964844,20.25,18.6299991607666,19.690000534057617,0.0,-0.0328069552333652,-0.0837963585305264,-0.0441016445511826,-0.0572430467663947
2019-01-25,17.420000076293945,18.459999084472656,17.309999465942383,18.43000030517578,0.0,-0.0810136733985566,-0.0925486140730406,-0.0734888012305092,-0.0661311315339514
2019-01-28,18.8700008392334,20.420000076293945,18.420000076293945,18.559999465942383,0.0,0.0799544280509036,0.1009086369932483,0.0621526966335,0.0070289103430236
2019-01-29,19.1299991607666,19.93000030517578,18.420000076293945,19.450000762939453,0.0,0.0136843357272092,-0.0242886669356701,0.0,0.0468384107067352
2019-01-30,17.65999984741211,19.309999465942383,17.540000915527344,19.14999961853028,0.0,-0.0799555530466419,-0.0316030807537119,-0.0489529958284913,-0.0155444135835684
2019-01-31,16.56999969482422,17.719999313354492,16.540000915527344,17.389999389648438,0.0,-0.0637083735143992,-0.0859291623561859,-0.0587022941927155,-0.0964074024382209
2019-02-01,16.139999389648438,16.829999923706055,16.079999923706055,16.6299991607666,0.0,-0.0262931879953837,-0.0515309027576843,-0.02820548594169,-0.0446870505285358
2019-02-11,15.970000267028809,16.5,15.34000015258789,16.170000076293945,0.0,0.0157781749599468,-0.0662415679006676,-0.0180883311988071,-0.0388162373430349
2019-02-12,15.43000030517578,15.649999618530272,14.949999809265137,15.229999542236328,0.0,-0.034398292794423,-0.0528894882954355,-0.0257525188076589,-0.0598905414568943
2019-02-13,15.649999618530272,15.90999984741211,15.0,15.460000038146973,0.0,0.0141572064579499,0.0164769401479052,0.0033389140236996,0.0149889087763772
2019-02-14,16.219999313354492,17.270000457763672,15.300000190734863,15.609999656677246,0.0,0.0357741137429047,0.0820230859058747,0.0198026397625106,0.0096556669068317
2019-02-15,14.90999984741211,16.81999969482422,14.789999961853027,16.81999969482422,0.0,-0.0842128878112867,-0.026402282263703,-0.0339015667212531,0.0746569238676062
2019-02-18,14.90999984741211,16.81999969482422,14.789999961853027,16.81999969482422,0.0,-0.0842128878112867,-0.026402282263703,-0.0339015667212531,0.0746569238676062
2019-02-19,14.880000114440918,16.15999984741211,14.640000343322754,15.649999618530272,0.0,-0.0020140814468496,-0.040029592750547,-0.0101937421592945,-0.0720977437900768
2019-02-20,14.020000457763672,15.1899995803833,13.989999771118164,14.920000076293944,0.0,-0.059533122838663,-0.0619017546674839,-0.0454147596671718,-0.0477682927219495
2019-02-21,14.460000038146973,15.170000076293944,13.850000381469728,14.0,0.0,0.0309013051115172,-0.0013174905934398,-0.0100575121407133,-0.0636452702738913
2019-02-22,13.510000228881836,14.470000267028809,13.510000228881836,14.460000038146973,0.0,-0.0679560504549537,-0.0472422392923526,-0.0248550912625198,0.0323288897534632
2019-02-25,14.850000381469728,14.899999618530272,13.4399995803833,13.90999984741211,0.0,0.0945697220231375,0.029283628252065,-0.0051948650402456,-0.0387782244030245
2019-02-26,15.170000076293944,15.279999732971191,14.520000457763672,15.15999984741211,0.0,0.0213199074527998,0.0251835789132489,0.0772917370495508,0.0860523751833641
2019-02-27,14.699999809265137,16.170000076293945,14.699999809265137,15.529999732971191,0.0,-0.0314723175801757,0.0566129120445888,0.0123204398864566,0.0241132498171487
2019-02-28,14.779999732971191,15.239999771118164,14.390000343322754,15.170000076293944,0.0,0.005427416643624,-0.0592341430672488,-0.0213139360518273,-0.0234538215765044
2019-03-01,13.56999969482422,14.84000015258789,13.40999984741211,14.56999969482422,0.0,-0.0854134460953798,-0.0265972872185697,-0.0705328588427798,-0.0403551991280815
2019-03-04,14.630000114440918,16.979999542236328,13.380000114440918,13.770000457763672,0.0,0.0752127714966046,0.1347099059027725,-0.0022396226617074,-0.0564722532775118
2019-03-05,14.739999771118164,15.390000343322754,14.260000228881836,14.520000457763672,0.0,0.0074906483788717,-0.0983181837652508,0.0636973677835541,0.0530346949389611
2019-03-06,15.739999771118164,16.110000610351562,14.739999771118164,14.90999984741211,0.0,0.0656403572145939,0.0457222649164265,0.0331064401964811,0.0265050776196441
2019-03-07,16.59000015258789,17.809999465942383,15.539999961853027,16.329999923706055,0.0,0.052594884952091,0.1003198322397939,0.0528524712514908,0.090971783767645
2019-03-08,16.049999237060547,18.32999992370605,16.020000457763672,17.3799991607666,0.0,-0.0330913113590801,0.0287789903741894,0.0304206277299828,0.0623161692395753
2019-03-11,14.329999923706056,16.43000030517578,14.329999923706056,16.280000686645508,0.0,-0.1133535655248462,-0.1094301070658902,-0.111482733698715,-0.0653826687983018
2019-03-12,13.770000457763672,14.699999809265137,13.609999656677246,13.970000267028809,0.0,-0.0398628905318969,-0.1112614698139487,-0.0515504450784064,-0.1530252103683198
2019-03-13,13.40999984741211,14.050000190734863,13.25,14.0,0.0,-0.0264916600691894,-0.04522507145434,-0.0268072390053713,0.0021451372319425
2019-03-14,13.5,13.84000015258789,13.15999984741211,13.350000381469728,0.0,0.0066889995294611,-0.0150594481405297,-0.0068156381298846,-0.047540916194489
2019-03-15,12.880000114440918,13.279999732971191,12.5,13.210000038146973,0.0,-0.0470139558830118,-0.0413038372739634,-0.051453269994091,-0.0105422919988011
2019-03-18,13.100000381469728,13.800000190734863,13.0,13.130000114440918,0.0,0.0169365297655599,0.0384094820438291,0.0392207131532813,-0.0060744243912759
2019-03-19,13.5600004196167,13.770000457763672,12.369999885559082,12.890000343322754,0.0,0.0345120541305013,-0.0021762600004137,-0.0496751803086291,-0.0184478534447826
2019-03-20,13.90999984741211,14.300000190734863,13.050000190734863,13.539999961853027,0.0,0.0254836815082639,0.0377672046198517,0.0535139712314931,0.0491964210808651
2019-03-21,13.630000114440918,14.5600004196167,13.260000228881836,14.109999656677246,0.0,-0.0203347408610037,0.018018520984404,0.0159638536343892,0.0412354768660726
2019-03-22,16.479999542236328,17.520000457763672,13.619999885559082,13.770000457763672,0.0,0.1898742425997099,0.1850650400479407,0.0267872903001595,-0.0243913955487353
2019-03-25,16.329999923706055,17.850000381469727,16.260000228881836,17.760000228881836,0.0,-0.0091435943940409,0.0186604179601924,0.1771688258770887,0.2544564044674025
2019-03-26,14.68000030517578,16.299999237060547,14.670000076293944,16.219999313354492,0.0,-0.1065178583354522,-0.0908384685898867,-0.1029035208404699,-0.0907037440975106
2019-03-27,15.149999618530272,16.709999084472656,14.510000228881836,14.520000457763672,0.0,0.0315144628009476,0.0248422268114979,-0.0109665146853962,-0.1107179654309308
2019-03-28,14.43000030517578,15.619999885559082,14.40999984741211,15.380000114440918,0.0,-0.0486911128413758,-0.0674551507331354,-0.0069156832477689,0.0575409305953166
2019-03-29,13.710000038146973,14.43000030517578,13.640000343322754,14.1899995803833,0.0,-0.0511838975778393,-0.0792427431504946,-0.0549157218367972,-0.0805305099177355
2019-04-01,13.399999618530272,14.010000228881836,13.31999969482422,13.899999618530272,0.0,-0.0228708178676674,-0.0295380172485332,-0.0237400353844573,-0.0206486489078738
2019-04-02,13.359999656677246,13.68000030517578,13.130000114440918,13.619999885559082,0.0,-0.0029895360782867,-0.0238364421833735,-0.0143669451704557,-0.0203495203738309
2019-04-03,13.739999771118164,14.270000457763672,12.850000381469728,13.0600004196167,0.0,0.028046127725448,0.042224529064913,-0.0215558560031038,-0.0419851363407492
2019-04-04,13.579999923706056,14.029999732971191,13.399999618530272,13.84000015258789,0.0,-0.0117131536236971,-0.0169615884858208,0.0419108374613865,0.0580088052364597
2019-04-05,12.81999969482422,13.470000267028809,12.170000076293944,13.460000038146973,0.0,-0.0575916888245785,-0.0407328648354299,-0.0962807652205218,-0.0278406341639792
2019-04-08,13.18000030517578,13.770000457763672,13.100000381469728,13.550000190734863,0.0,0.0276941245409598,0.0220273357378747,0.0736383460584787,0.0066642343514027
2019-04-09,14.279999732971191,14.390000343322754,13.3100004196167,13.460000038146973,0.0,0.0801593859831212,0.0440411987735903,0.0159034046065114,-0.0066642343514026
2019-04-10,13.300000190734863,14.289999961853027,13.270000457763672,14.09000015258789,0.0,-0.0710958886432666,-0.0069735554854136,-0.0030097810931958,0.0457430096894246
2019-04-11,13.020000457763672,13.579999923706056,12.90999984741211,13.369999885559082,0.0,-0.0212773776297523,-0.0509618727598494,-0.0275036898010528,-0.0524519541857838
2019-04-12,12.010000228881836,12.960000038146973,11.949999809265137,12.960000038146973,0.0,-0.0807470167894257,-0.0467304226448715,-0.0772709306227516,-0.0311456886867537
2019-04-16,12.18000030517578,12.470000267028809,11.850000381469728,12.260000228881836,0.0,-0.0114286459973787,-0.0523352580788851,-0.0323813586120055,-0.0161815672438052
2019-04-17,12.600000381469728,13.020000457763672,11.029999732971191,12.119999885559082,0.0,0.0339015568955736,0.0431608908332802,-0.0717090907165879,-0.0114849779782082
2019-04-18,12.09000015258789,13.119999885559082,12.020000457763672,12.800000190734863,0.0,-0.0413181669851058,0.0076511028543893,0.0859531581344709,0.0545882146278841
2019-04-19,12.09000015258789,13.119999885559082,12.020000457763672,12.800000190734863,0.0,-0.0413181669851058,0.0076511028543893,0.0859531581344709,0.0545882146278841
2019-04-22,12.420000076293944,13.359999656677246,12.380000114440918,13.210000038146973,0.0,0.0269294054004609,0.0181273676173763,0.0295103093099051,0.0315289355952358
2019-04-23,12.279999732971191,12.6899995803833,12.079999923706056,12.65999984741211,0.0,-0.011336181674183,-0.0514508937511144,-0.0245310903095209,-0.0425267167586944
2019-04-24,13.140000343322754,13.229999542236328,12.260000228881836,12.529999732971191,0.0,0.0676891382105483,0.041672694866861,0.0147907629861116,-0.0103216570664552
2019-04-25,13.25,14.300000190734863,12.8100004196167,13.289999961853027,0.0,0.0083365132477036,0.0777726070775289,0.0438841994885489,0.0588861222579836
2019-04-26,12.729999542236328,13.619999885559082,12.489999771118164,13.4399995803833,0.0,-0.0400361758223568,-0.0487202582850144,-0.0252978428533265,0.01122343401872
2019-05-02,14.420000076293944,15.920000076293944,13.800000190734863,14.350000381469728,0.0,-0.0260110565099148,0.0709240342032972,0.0799219738061158,0.1096282766763613
2019-05-03,12.869999885559082,14.149999618530272,12.800000190734863,14.109999656677246,0.0,-0.1137171244316781,-0.1178615880783152,-0.0752234201577932,-0.0168662272560385
2019-05-06,15.4399995803833,18.799999237060547,12.890000343322754,12.890000343322754,0.0,0.1820625047034152,0.2841422321237619,0.0070066577591772,-0.0904318979469376
2019-05-07,19.31999969482422,21.84000015258789,15.800000190734863,15.899999618530272,0.0,0.2241792955691415,0.1498863286093123,0.203558108518838,0.2098672416484688
2019-05-08,19.39999961853028,21.739999771118164,18.290000915527344,18.950000762939453,0.0,0.0041322334173706,-0.0045892866984093,0.1463445603541949,0.175484886554713
2019-05-09,19.100000381469727,23.3799991607666,18.8700008392334,21.39999961853028,0.0,-0.0155846913810735,0.0727270489836466,0.0312188913959929,0.121586932413026
2019-05-10,16.040000915527344,20.190000534057617,15.56999969482422,18.790000915527344,0.0,-0.1746026955086896,-0.1466934613722302,-0.1922274376092718,-0.1300660420525647
2019-05-13,20.549999237060547,21.31999969482422,18.350000381469727,18.6200008392334,0.0,0.2477752443001041,0.0544581262072461,0.1642836290434559,-0.0090885452290217
2019-05-14,18.059999465942383,19.64999961853028,17.450000762939453,19.39999961853028,0.0,-0.1291613853986931,-0.08156826608153,-0.0502899029192261,0.0410367294853634
2019-05-15,16.440000534057617,19.14999961853028,16.40999984741211,17.56999969482422,0.0,-0.0939820963042524,-0.0257746231954877,-0.0614487965663642,-0.0990801615760282
2019-05-16,15.289999961853027,17.1299991607666,15.15999984741211,16.690000534057617,0.0,-0.0725184046672157,-0.1114714323625631,-0.0792305256544683,-0.051383115157464
2019-05-17,15.960000038146973,16.809999465942383,14.859999656677246,15.890000343322754,0.0,0.0428865769657497,-0.018857347693711,-0.0199873539632676,-0.0491197675175628
2019-05-20,16.309999465942383,17.6299991607666,15.460000038146973,15.880000114440918,0.0,0.0216927894769155,0.047628033156912,0.0395830294409449,-0.0006295391292426
2019-05-21,14.949999809265137,16.219999313354492,14.789999961853027,15.859999656677246,0.0,-0.0870670968102289,-0.0833569424531985,-0.0443047714832709,-0.001260268465979
2019-05-22,14.75,15.4399995803833,14.420000076293944,15.0600004196167,0.0,-0.0134682042926816,-0.0492834889346217,-0.0253351369958224,-0.0517579443248758
2019-05-23,16.920000076293945,18.049999237060547,15.279999732971191,15.93000030517578,0.0,0.1372532759013467,0.1561841250913929,0.0579286291150217,0.0561618928445145
2019-05-24,15.850000381469728,16.520000457763672,15.520000457763672,16.34000015258789,0.0,-0.0653268342963955,-0.0885738467082782,0.0155847779874872,0.0254119556909046
2019-05-27,15.850000381469728,16.520000457763672,15.520000457763672,16.34000015258789,0.0,-0.0653268342963955,-0.0885738467082782,0.0155847779874872,0.0254119556909046
2019-05-28,17.5,17.700000762939453,15.899999618530272,16.549999237060547,0.0,0.0990313565386882,0.0689928868812095,0.0241895409842245,0.0127699569538492
2019-05-29,17.899999618530273,19.040000915527344,17.6200008392334,18.549999237060547,0.0,0.0225998106060828,0.072977394763931,0.1027155829032447,0.1140836922006215
2019-05-30,17.299999237060547,18.11000061035156,16.719999313354492,17.469999313354492,0.0,-0.0340942341323652,-0.0500777718498554,-0.0524291015483838,-0.0599846630829322
2019-05-31,18.709999084472656,19.71999931335449,18.010000228881836,19.049999237060547,0.0,0.0783516339502968,0.0851690087569548,0.0743216053072221,0.0865819766816945
2019-06-03,18.86000061035156,19.75,18.15999984741211,19.40999984741211,0.0,0.0079852182140529,0.0015201769923941,0.0082941928742685,0.0187213277962218
2019-06-04,16.969999313354492,18.739999771118164,16.969999313354492,18.739999771118164,0.0,-0.1055962707837178,-0.0524932267503999,-0.0677743259869124,-0.0351281247228849
2019-06-05,16.09000015258789,17.489999771118164,16.040000915527344,17.059999465942383,0.0,-0.0532490682961269,-0.0690309886526603,-0.0563613792676864,-0.0939237538378652
2019-06-06,15.93000030517578,16.540000915527344,15.359999656677246,16.25,0.0,-0.0099938274084344,-0.0558475309962086,-0.0433189541483473,-0.0486436019831191
2019-06-07,16.299999237060547,16.440000534057617,15.329999923706056,15.649999618530272,0.0,0.0229609179273578,-0.0060643228345721,-0.0019550174608351,-0.0376220161646471
2019-06-10,15.9399995803833,16.469999313354492,15.84000015258789,16.299999237060547,0.0,-0.0223334139693071,0.0018230803855777,0.0327267081124048,0.0406941683955147
2019-06-11,15.989999771118164,16.700000762939453,15.5,15.84000015258789,0.0,0.0031318654944947,0.0138682626088378,-0.0216983720941526,-0.0286266649872604
2019-06-12,15.90999984741211,16.43000030517578,15.779999732971191,16.260000228881836,0.0,-0.005015679772797,-0.016299814484227,0.0179032745705493,0.0261697221766844
2019-06-13,15.81999969482422,16.209999084472656,15.609999656677246,16.15999984741211,0.0,-0.0056728897100014,-0.0134806713550652,-0.0108315859621801,-0.0061690745454088
2019-06-14,15.279999732971191,16.399999618530273,15.210000038146973,16.0,0.0,-0.0347301767863363,0.01165303230139,-0.0259586037543494,-0.0099503214108481
2019-06-17,15.350000381469728,15.760000228881836,15.239999771118164,15.649999618530272,0.0,0.004570732621987,-0.0398062126171112,0.0019704264607861,-0.0221178296286818
2019-06-18,15.149999618530272,15.539999961853027,14.619999885559082,14.890000343322754,0.0,-0.0131149921087961,-0.0140577564679508,-0.0415330887460706,-0.0497810228579117
2019-06-19,14.329999923706056,15.710000038146973,14.149999618530272,15.050000190734863,0.0,-0.0556452702598487,0.0108801122109854,-0.0326758493636813,0.0106881341151098
2019-06-20,14.75,16.030000686645508,13.1899995803833,14.039999961853027,0.0,0.0288878462698197,0.0201645547607626,-0.0702556622142769,-0.0694676079876532
2019-06-21,15.399999618530272,15.479999542236328,14.420000076293944,14.739999771118164,0.0,0.0431244018629927,-0.0349131708662052,0.0891572022316672,0.0486544753526062
2019-06-24,15.260000228881836,15.5600004196167,15.229999542236328,15.460000038146973,0.0,-0.009132443793701,0.0051547071276154,0.0546509997027161,0.047691174393488
2019-06-25,16.280000686645508,16.68000030517578,15.100000381469728,15.43000030517578,0.0,0.0647023618965153,0.0695068695086112,-0.0085723677665871,-0.0019423594735889
2019-06-26,16.209999084472656,16.600000381469727,15.470000267028809,16.100000381469727,0.0,-0.0043091234832225,-0.0048076968839094,0.024207912762274,0.0425056095310392
2019-06-27,15.81999969482422,16.399999618530273,15.65999984741211,15.65999984741211,0.0,-0.02435333621941,-0.012121406772798,0.0122069989728098,-0.0277096148653307
2019-06-28,15.079999923706056,16.1299991607666,15.079999923706056,15.699999809265137,0.0,-0.0479055855284733,-0.016600471462036,-0.0377403232983281,0.0025510193866866
2019-07-01,14.0600004196167,14.640000343322754,13.800000190734863,13.850000381469728,0.0,-0.070035441293296,-0.0969233081235942,-0.0887007515360041,-0.125375440029257
2019-07-02,12.93000030517578,14.300000190734863,12.899999618530272,14.15999984741211,0.0,-0.0837836998413195,-0.0234979813802091,-0.0674413241881966,0.0221358173133049
2019-07-03,12.56999969482422,13.1899995803833,12.5600004196167,13.18000030517578,0.0,-0.0282372180618634,-0.0808006156879859,-0.0267100873473042,-0.0717205252607719
2019-07-04,12.56999969482422,13.1899995803833,12.5600004196167,13.18000030517578,0.0,-0.0282372180618634,-0.0808006156879859,-0.0267100873473042,-0.0717205252607719
2019-07-05,13.279999732971191,14.470000267028809,12.039999961853027,13.0,0.0,0.0549461256166458,0.0926186241813749,-0.0422827577367031,-0.0137511947672839
2019-07-08,13.960000038146973,14.4399995803833,13.640000343322754,13.729999542236328,0.0,0.0499369761261209,-0.0020754546920012,0.1247722408732838,0.0546338289779438
2019-07-09,14.09000015258789,14.710000038146973,13.989999771118164,14.470000267028809,0.0,0.0092692366732878,0.0185254328012627,0.0253360947313954,0.0524943726578721
2019-07-10,13.029999732971191,14.6899995803833,12.979999542236328,14.380000114440918,0.0,-0.0782109660967371,-0.0013605755856141,-0.0749330963079046,-0.0062391988461129
2019-07-11,12.93000030517578,13.329999923706056,12.390000343322754,13.010000228881836,0.0,-0.0077041542574541,-0.0971498331538593,-0.0465199526583804,-0.1001200501340638
2019-07-12,12.390000343322754,12.81999969482422,12.279999732971191,12.760000228881836,0.0,-0.0426604930351982,-0.0390107007792799,-0.0089178223767368,-0.0194030142630842
2019-07-15,12.68000030517578,13.020000457763672,12.489999771118164,12.579999923706056,0.0,0.0231362497258539,0.0154802442510619,0.0169564048383,-0.0142070506464985
2019-07-16,12.859999656677246,13.140000343322754,12.279999732971191,12.609999656677246,0.0,0.0140957190359546,0.0091743672456049,-0.0169564048382999,0.0023818775430053
2019-07-17,13.970000267028809,13.970000267028809,12.239999771118164,12.619999885559082,0.0,0.0827905002707913,0.0612511531987884,-0.0032626425892956,0.0007927252942501
2019-07-18,13.529999732971191,14.5,13.1899995803833,14.449999809265137,0.0,-0.0320027699366735,0.0372364570432126,0.0747496765312944,0.1354115533139481
2019-07-19,14.449999809265137,14.449999809265137,13.09000015258789,13.3100004196167,0.0,0.0657849789121539,-0.0034542480677321,-0.0076103433373405,-0.0821787374253531
2019-07-22,13.529999732971191,14.699999809265137,13.420000076293944,14.550000190734863,0.0,-0.0657849789121539,0.0171530794507332,0.024897545649991,0.0890753427929833
2019-07-23,12.609999656677246,13.520000457763672,12.550000190734863,13.420000076293944,0.0,-0.0704192996960443,-0.0836773763364525,-0.0670254564528385,-0.0808448694977983
2019-07-24,12.06999969482422,13.100000381469728,11.979999542236328,12.800000190734863,0.0,-0.0437671129249845,-0.0315578451461451,-0.0464821262991443,-0.0473009514018958
2019-07-25,12.739999771118164,13.539999961853027,11.6899995803833,12.239999771118164,0.0,0.054023622352796,0.0330360053398428,-0.024504814888024,-0.0447359274420491
2019-07-26,12.15999984741211,12.720000267028809,12.010000228881836,12.579999923706056,0.0,-0.0465947681887352,-0.0624726857619682,0.0270059155608754,0.0273989868229095
2019-07-29,12.829999923706056,13.170000076293944,12.149999618530272,12.149999618530272,0.0,0.0536343086913433,0.0347659426433931,0.0115894832403746,-0.0347791068177215
2019-07-30,13.9399995803833,14.18000030517578,12.869999885559082,12.869999885559082,0.0,0.0829762025497312,0.0738910210773454,0.0575698743260956,0.0575698743260956
2019-07-31,16.1200008392334,16.549999237060547,13.460000038146973,13.829999923706056,0.0,0.145298413909357,0.1545535130984649,0.0448233143347136,0.0719411274441457
2019-08-01,17.8700008392334,19.459999084472656,13.729999542236328,15.40999984741211,0.0,0.1030625869944862,0.1619749739872215,0.0198608593887998,0.1081764992700367
2019-08-02,17.610000610351562,20.11000061035156,17.040000915527344,17.690000534057617,0.0,-0.0146564189671048,0.0328562044239777,0.2159803886898181,0.137982898931347
2019-08-05,24.59000015258789,24.809999465942383,19.90999984741211,19.959999084472656,0.0,0.333872905265896,0.2100295420425983,0.1556585352829241,0.1207306866537169
2019-08-06,20.170000076293945,22.8700008392334,19.770000457763672,22.290000915527344,0.0,-0.1981435066847174,-0.0814207314472989,-0.0070564500752376,0.1104079634560196
2019-08-07,19.489999771118164,23.670000076293945,18.940000534057617,20.700000762939453,0.0,-0.0342948539727489,0.0343823820186176,-0.0428895443817134,-0.0740044513429319
2019-08-08,16.90999984741211,19.88999938964844,16.81999969482422,19.36000061035156,0.0,-0.141996347888958,-0.1739913645695989,-0.1187074795540953,-0.0669246237534472
2019-08-09,17.969999313354492,19.440000534057617,17.309999465942383,18.13999938964844,0.0,0.0607985086978508,-0.0228842356751351,0.0287157019343923,-0.0650897023345872
2019-08-12,21.09000015258789,21.26000022888184,17.770000457763672,17.8700008392334,0.0,0.1600953391409559,0.0894945571752533,0.0262273295914675,-0.0149960349056744
2019-08-13,17.520000457763672,21.63999938964844,17.520000457763672,21.280000686645508,0.0,-0.1854558900894572,0.0177160420938491,-0.0141685562907279,0.1746443206060268
2019-08-14,22.100000381469727,22.709999084472656,17.75,17.809999465942383,0.0,0.2322345141484721,0.0482618900301298,0.0130424042851163,-0.17800762942544
2019-08-15,21.18000030517578,24.100000381469727,20.780000686645508,21.57999992370605,0.0,-0.0425202712028431,0.0594065405216039,0.157605502793232,0.1920068889794086
2019-08-16,18.46999931335449,20.5,18.40999984741211,20.479999542236328,0.0,-0.1369095975470489,-0.1617869701808661,-0.1210970317579858,-0.0523181784750227
2019-08-19,16.8799991607666,18.21999931335449,16.520000457763672,17.93000030517578,0.0,-0.090018317584697,-0.1179050319989126,-0.1083221911541738,-0.1329734731821231
2019-08-20,17.5,17.700000762939453,16.450000762939453,16.780000686645508,0.0,0.036071441479277,-0.0289551714617433,-0.004246272211819,-0.0662875626779113
2019-08-21,15.800000190734863,17.040000915527344,15.510000228881836,17.010000228881836,0.0,-0.1021909288247204,-0.0380011075544076,-0.0588405316451811,0.0136136779039621
2019-08-22,16.68000030517578,17.68000030517578,15.630000114440918,16.1200008392334,0.0,0.0542004631217628,0.036870499341272,0.0077071598097643,-0.0537406307233865
2019-08-23,19.8700008392334,21.06999969482422,16.040000915527344,16.149999618530273,0.0,0.1750006835734192,0.1754161388616262,0.0258935077608703,0.0018592369081427
2019-08-26,19.31999969482422,21.32999992370605,19.059999465942383,20.34000015258789,0.0,-0.0280702858114059,0.0122643155742241,0.1725062106901123,0.230669372074028
2019-08-27,20.309999465942383,21.040000915527344,18.489999771118164,20.18000030517578,0.0,0.0499725363084653,-0.0136890975232563,-0.0303618371858926,-0.0078973680741289
2019-08-28,19.350000381469727,21.63999938964844,19.100000381469727,20.549999237060547,0.0,-0.0484209101070009,0.0281179943903296,0.0324583220044699,0.0181688737680878
2019-08-29,17.8799991607666,19.200000762939453,17.600000381469727,19.020000457763672,0.0,-0.0790097163816123,-0.1196331070033299,-0.0817894313062987,-0.0773698226315008
2019-08-30,18.979999542236328,19.18000030517578,17.09000015258789,17.940000534057617,0.0,0.059703046255193,-0.0010422334037268,-0.0294054176625328,-0.058458194784987
2019-09-03,19.65999984741211,21.14999961853028,19.40999984741211,20.959999084472656,0.0,0.0352003378941141,0.0977718020894551,0.1272948832636266,0.1555829293733532
2019-09-04,17.329999923706055,18.82999992370605,17.260000228881836,18.229999542236328,0.0,-0.1261470076325888,-0.1161885488385554,-0.1173966904035092,-0.1395472521929886
2019-09-05,16.270000457763672,17.049999237060547,15.449999809265137,16.920000076293945,0.0,-0.0631161499587044,-0.099301179634995,-0.1107827079176508,-0.0745722048929364
2019-09-06,15.0,16.059999465942383,14.90999984741211,15.920000076293944,0.0,-0.0812727482641798,-0.0598184837176267,-0.0355768724557384,-0.0609201734786055
2019-09-09,15.270000457763672,16.1299991607666,14.949999809265137,15.260000228881836,0.0,0.017839948106305,0.004349164843051,0.0026791685357931,-0.0423411443534495
2019-09-10,15.199999809265137,16.520000457763672,15.109999656677246,15.529999732971191,0.0,-0.0045947339046308,0.0238909556947298,0.0106454664845785,0.0175385791110893
2019-09-11,14.609999656677246,15.520000457763672,14.550000190734863,15.329999923706056,0.0,-0.0395892130404382,-0.0624422515523427,-0.0377657468366623,-0.012961932059261
2019-09-12,14.220000267028809,14.9399995803833,13.850000381469728,14.6899995803833,0.0,-0.0270567591099541,-0.0380873926322771,-0.0493057465501389,-0.0426447262859488
2019-09-13,13.739999771118164,14.3100004196167,13.510000228881836,14.15999984741211,0.0,-0.0343381730173554,-0.0430835287261986,-0.0248550912625198,-0.0367458841314073
2019-09-16,14.670000076293944,15.289999961853027,14.5,14.890000343322754,0.0,0.0654933272194316,0.0662403945543956,0.0707184805127607,0.0502687922635949
2019-09-17,14.4399995803833,15.029999732971191,14.399999618530272,14.920000076293944,0.0,-0.0158024929502166,-0.0171508314475789,-0.0069204693355275,0.0020127301359622
2019-09-18,13.949999809265137,15.800000190734863,13.800000190734863,14.609999656677246,0.0,-0.034522609810727,0.0499617661062527,-0.0425595741064754,-0.0209963976257038
2019-09-19,14.050000190734863,14.65999984741211,13.3100004196167,14.65999984741211,0.0,0.0071429147605653,-0.0748872660546933,-0.0361529420510823,0.0034164837866084
2019-09-20,15.31999969482422,15.84000015258789,13.350000381469728,13.9399995803833,0.0,0.0865367350371651,0.0774157099692991,0.0030007494873261,-0.0503603108193054
2019-09-23,14.90999984741211,16.0,14.710000038146973,15.350000381469728,0.0,-0.0271270258496375,0.0100503262204276,0.0970111237858444,0.0963531236539049
2019-09-24,17.049999237060547,17.6200008392334,14.329999923706056,14.770000457763672,0.0,0.1341180404396254,0.0964459458978423,-0.0261723006906051,-0.0385173713485649
2019-09-25,15.960000038146973,18.450000762939453,15.6899995803833,17.049999237060547,0.0,-0.0660645645705189,0.0460297437006436,0.090668303484719,0.1435520314462537
2019-09-26,16.06999969482422,17.09000015258789,15.350000381469728,16.229999542236328,0.0,0.0068685663471937,-0.0765709057822778,-0.0219080411160741,-0.049288805660629
2019-09-27,17.219999313354492,18.690000534057617,15.149999618530272,15.770000457763672,0.0,0.069117298365682,0.089495143985993,-0.0131149921087961,-0.0287519233192673
2019-09-30,16.239999771118164,17.350000381469727,16.200000762939453,17.229999542236328,0.0,-0.058594138484877,-0.0743961216623867,0.0670107825575074,0.0885425939695637
2019-10-01,18.559999465942383,18.6200008392334,15.789999961853027,16.020000457763672,0.0,0.1335313779435753,0.0706437885409353,-0.0256344634817089,-0.072814053757286
2019-10-02,20.559999465942383,21.459999084472656,18.75,18.75,0.0,0.1023387160280009,0.141954377619982,0.1718169265647634,0.1573557822016957
2019-10-03,19.1200008392334,21.440000534057617,19.030000686645508,20.11000061035156,0.0,-0.0726124630951845,-0.0009323334285083,0.014822964973903,0.0700234817187896
2019-10-04,17.040000915527344,19.96999931335449,16.969999313354492,19.420000076293945,0.0,-0.1151713763869156,-0.0710272480681328,-0.1145696786065048,-0.0349137673434032
2019-10-07,17.860000610351562,18.520000457763672,16.440000534057617,18.270000457763672,0.0,0.0470000344932733,-0.0753798591085779,-0.0317296166705279,-0.0610430713464083
2019-10-08,20.280000686645508,20.3799991607666,17.420000076293945,17.610000610351562,0.0,0.1270716029586695,0.09570273268002,0.0579015536907422,-0.0367934382779104
2019-10-09,18.63999938964844,20.0,17.770000457763672,19.940000534057617,0.0,-0.0843254360679794,-0.018821713061323,0.0198926921230042,0.124260834149435
2019-10-10,17.56999969482422,19.799999237060547,17.559999465942383,19.280000686645508,0.0,-0.059116891683396,-0.0100503743857978,-0.0118881101333701,-0.0336594665201299
2019-10-11,15.579999923706056,17.440000534057617,15.109999656677246,17.350000381469727,0.0,-0.1202048492841794,-0.1269154500647902,-0.1502668042305771,-0.1054757964171967
2019-10-14,14.56999969482422,16.5,14.510000228881836,15.65999984741211,0.0,-0.0670234362840627,-0.0554060681968679,-0.0405186708929172,-0.1024828475607376
2019-10-15,13.539999961853027,14.43000030517578,13.390000343322754,13.9399995803833,0.0,-0.0733163345948489,-0.134050986972053,-0.0803298973268554,-0.116347305588109
2019-10-16,13.68000030517578,14.260000228881836,13.600000381469728,13.9399995803833,0.0,0.0102866698358002,-0.0118509628977125,0.0155616354479343,0.0
2019-10-17,13.789999961853027,14.18000030517578,13.3100004196167,13.789999961853027,0.0,0.0080087545363574,-0.005625888411224,-0.0215541568578071,-0.0108186861918165
2019-10-18,14.25,15.15999984741211,13.779999732971191,14.199999809265137,0.0,0.0328132176757269,0.0668278275235158,0.0347025822740712,0.0292982621362498
2019-10-21,14.0,14.630000114440918,14.0,14.239999771118164,0.0,-0.0176995770994009,-0.0355861472946826,0.015839083407744,0.0028129387354846
2019-10-22,14.460000038146973,14.609999656677246,13.699999809265137,13.989999771118164,0.0,0.0323288897534632,-0.0013680205909325,-0.0216615107034322,-0.0177121175936658
2019-10-23,14.010000228881836,15.119999885559082,14.010000228881836,14.829999923706056,0.0,-0.031614842682773,0.0343121609190971,0.0223755577741225,0.0583093786882715
2019-10-24,13.710000038146973,14.34000015258789,13.399999618530272,13.979999542236328,0.0,-0.0216458803293061,-0.0529655173703513,-0.0445166981969736,-0.0590244469437915
2019-10-25,12.649999618530272,13.789999961853027,12.619999885559082,13.529999732971191,0.0,-0.0804683113388236,-0.0391091567732593,-0.0599718304441266,-0.0327182816148384
2019-10-28,13.109999656677246,13.140000343322754,12.65999984741211,13.010000228881836,0.0,0.0357180865699359,-0.0482826498544049,0.0031645566184255,-0.0391911123294666
2019-10-29,13.199999809265137,13.520000457763672,13.06999969482422,13.15999984741211,0.0,0.006841543554959,0.0285090652885497,0.0318720996235233,0.0114636041851706
2019-10-30,12.329999923706056,13.369999885559082,12.270000457763672,13.079999923706056,0.0,-0.068181504154129,-0.0111567219187555,-0.0631622082564253,-0.0060975741061642
2019-10-31,13.220000267028809,13.949999809265137,13.18000030517578,13.510000228881836,0.0,0.0696955436338056,0.0424661120403028,0.0715432561984485,0.0323458287175856
2019-11-01,12.300000190734863,12.600000381469728,12.260000228881836,12.5,0.0,-0.0721315767371197,-0.1017826503618173,-0.0723586030517639,-0.0777015246055125
2019-11-04,12.829999923706056,13.130000114440918,12.4399995803833,12.68000030517578,0.0,0.0421868947957468,0.0412028527978852,0.0145751044027301,0.0142973287683145
2019-11-05,13.100000381469728,13.279999732971191,12.25,12.850000381469728,0.0,0.0208260866459141,0.0113594269100041,-0.0153911165890508,0.0133178679510185
2019-11-06,12.619999885559082,13.390000343322754,12.600000381469728,13.18000030517578,0.0,-0.0373294112820835,0.0082490614026198,0.028170907242071,0.025356711201232
2019-11-07,12.729999542236328,12.890000343322754,12.260000228881836,12.59000015258789,0.0,0.0086785285650258,-0.0380563417574065,-0.0273548950557504,-0.045797692052796
2019-11-08,12.06999969482422,13.050000190734863,12.0,12.979999542236328,0.0,-0.0532383667842605,0.0123363047984909,-0.0214352993890563,0.0305068158330718
2019-11-11,12.6899995803833,13.489999771118164,12.65999984741211,13.149999618530272,0.0,0.0500912388339602,0.0331605048684856,0.0535407548752738,0.0130120536055719
2019-11-12,12.68000030517578,13.100000381469728,12.359999656677246,12.640000343322754,0.0,-0.0007882755830038,-0.0293363939259543,-0.0239819804106516,-0.039555313734347
2019-11-13,13.0,13.899999618530272,12.880000114440918,12.90999984741211,0.0,0.0249233843849666,0.0592765533658483,0.0412103053087494,0.0211357771588734
2019-11-14,13.050000190734863,13.8100004196167,12.93000030517578,13.15999984741211,0.0,0.0038387909228639,-0.006495814886591,0.0038744868245422,0.0191797212631519
2019-11-15,12.050000190734863,12.970000267028809,11.920000076293944,12.949999809265137,0.0,-0.0797234726191173,-0.0627539788896483,-0.081332548348212,-0.0160861408853607
2019-11-18,12.460000038146973,13.100000381469728,12.31999969482422,12.390000343322754,0.0,0.0334588406555785,0.009973240410391,0.0330062652969097,-0.0442060500662697
2019-11-19,12.859999656677246,13.010000228881836,12.15999984741211,12.329999923706056,0.0,0.031598175691663,-0.0068939492097561,-0.0130720693449374,-0.0048544123621308
2019-11-20,12.779999732971191,14.170000076293944,12.609999656677246,13.420000076293944,0.0,-0.0062402640574092,0.0854087489696011,0.0363382587609238,0.0847108262400433
2019-11-21,13.130000114440918,13.859999656677246,12.489999771118164,13.350000381469728,0.0,0.0270182689755768,-0.0221200900957816,-0.0095618169383192,-0.0052297238078587
2019-11-22,12.34000015258789,13.25,12.329999923706056,12.81999969482422,0.0,-0.0620536661881435,-0.0450094165587642,-0.0128929948236939,-0.0405099857329088
2019-11-25,11.869999885559082,12.59000015258789,11.729999542236328,12.510000228881836,0.0,-0.0388318318621616,-0.0510946922562065,-0.0498856873482378,-0.0244780849131309
2019-11-26,11.539999961853027,12.039999961853027,11.420000076293944,11.880000114440918,0.0,-0.0281949412060639,-0.0446684234637028,-0.0267834127317526,-0.0516720192071569
2019-11-27,11.75,11.789999961853027,11.4399995803833,11.550000190734863,0.0,0.0180339828158446,-0.0209827253985785,0.0017497383632751,-0.0281708700859293
2019-11-28,11.75,11.789999961853027,11.4399995803833,11.550000190734863,0.0,0.0180339828158446,-0.0209827253985785,0.0017497383632751,-0.0281708700859293
2019-11-29,12.619999885559082,12.829999923706056,12.119999885559082,12.5,0.0,0.0714296074546805,0.0845344613672747,0.0577410219269786,0.079043190826612
2019-12-02,14.90999984741211,15.270000457763672,12.550000190734863,12.6899995803833,0.0,0.1667492704978689,0.1741039765274974,0.0348637095769415,0.0150856043513186
2019-12-03,15.960000038146973,17.989999771118164,14.609999656677246,14.68000030517578,0.0,0.0680534758691065,0.1639258860312007,0.1519855214876561,0.1456717953153361
2019-12-04,14.800000190734863,16.399999618530273,14.119999885559082,16.3799991607666,0.0,-0.0754584007542638,-0.0925347236699126,-0.0341139783032309,0.1095749832147617
2019-12-05,14.520000457763672,15.369999885559082,14.170000076293944,14.460000038146973,0.0,-0.0191001527344868,-0.0648637614650319,0.0035348351265618,-0.12467480782095
2019-12-06,13.619999885559082,14.470000267028809,13.1899995803833,14.369999885559082,0.0,-0.0639877486041237,-0.0603399910074184,-0.071668124170799,-0.0062435272416657
2019-12-09,15.859999656677246,16.06999969482422,12.25,14.25,0.0,0.1522609022406682,0.1048766016616649,-0.0739329979252419,-0.0083857854123965
2019-12-10,15.68000030517578,16.899999618530273,14.93000030517578,15.800000190734863,0.0,-0.0114141601746149,0.0503594385978366,0.1978466950008035,0.1032530453900882
2019-12-11,14.989999771118164,15.970000267028809,14.979999542236328,15.56999969482422,0.0,-0.0450027375394648,-0.0566016204092817,0.0033433155392109,-0.0146639858590838
2019-12-12,13.9399995803833,15.550000190734863,13.600000381469728,14.9399995803833,0.0,-0.0726209216147887,-0.0266513280564219,-0.0966461267394997,-0.0413038146277869
2019-12-13,12.630000114440918,14.350000381469728,12.539999961853027,13.18000030517578,0.0,-0.0986874298073106,-0.0803106821022645,-0.0811462886284993,-0.1253415993890564
2019-12-16,12.140000343322754,12.529999732971191,11.710000038146973,12.470000267028809,0.0,-0.0395691315117938,-0.1356242211920672,-0.0684803512954846,-0.0553747711231782
2019-12-17,12.289999961853027,12.470000267028809,11.899999618530272,12.229999542236328,0.0,0.0122801065623955,-0.0047999664911764,0.0160951871939369,-0.0194338688361346
2019-12-18,12.579999923706056,12.699999809265137,11.93000030517578,12.239999771118164,0.0,0.023322324733553,0.0182761973404098,0.0025178936291555,0.0008173461151756
2019-12-19,12.5,12.779999732971191,12.43000030517578,12.550000190734863,0.0,-0.0063796008993376,0.0062794496090631,0.0410566683838112,0.0250114223911064
2019-12-20,12.510000228881836,12.609999656677246,12.039999961853027,12.550000190734863,0.0,0.0007996984664742,-0.0133913053045172,-0.0318784933618487,0.0
2019-12-23,12.609999656677246,12.899999618530272,12.40999984741211,12.8100004196167,0.0,0.0079617799758686,0.0227371590457307,0.0302681502086346,0.0205054678898158
2019-12-24,12.670000076293944,12.84000015258789,12.5600004196167,12.649999618530272,0.0,0.0047468776040708,-0.004661971650722,0.0120146075280683,-0.0125689636477865
2019-12-25,12.670000076293944,12.84000015258789,12.5600004196167,12.649999618530272,0.0,0.0047468776040708,-0.004661971650722,0.0120146075280683,-0.0125689636477865
2019-12-26,12.649999618530272,12.75,11.720000267028809,12.739999771118164,0.0,-0.00157981533685,-0.0070340385411719,-0.0692203875161305,0.0070894471605908
2019-12-27,13.43000030517578,13.720000267028809,11.890000343322754,12.609999656677246,0.0,0.0598338482407655,0.0733233701560449,0.0144009326447119,-0.0102565094278116
2019-12-30,14.81999969482422,15.140000343322754,13.4399995803833,13.739999771118164,0.0,0.0984865660171982,0.0984856289253582,0.1225375642959161,0.085821147385538
2019-12-31,13.779999732971191,15.390000343322754,13.75,14.84000015258789,0.0,-0.0727593530682681,0.0163776994731203,0.0228035202390578,0.0770149778853006
2020-01-02,12.470000267028809,13.720000267028809,12.420000076293944,13.460000038146973,0.0,-0.0998924651018722,-0.1148633283984786,-0.1017307414644179,-0.0976039209707565
2020-01-03,14.020000457763672,16.200000762939453,13.130000114440918,15.010000228881836,0.0,0.1171591331515622,0.1661566475728851,0.0555916143825302,0.108994333843313
2020-01-06,13.850000381469728,16.389999389648438,13.539999961853027,15.449999809265137,0.0,-0.0121996540809169,0.0116600661831067,0.0307485676360824,0.0288923301044619
2020-01-07,13.789999961853027,14.460000038146973,13.390000343322754,13.84000015258789,0.0,-0.0043415711373553,-0.1252851361477501,-0.0111400793234586,-0.1100460297837957
2020-01-08,13.449999809265137,15.239999771118164,12.829999923706056,15.15999984741211,0.0,-0.0249645971721152,0.0525373158712849,-0.0427220126622985,0.0910974089344012
2020-01-09,12.539999961853027,13.239999771118164,12.529999732971191,12.949999809265137,0.0,-0.0700555597040659,-0.1406810020182926,-0.023660425084199,-0.1575645967320754
2020-01-10,12.5600004196167,12.869999885559082,12.09000015258789,12.420000076293944,0.0,0.0015936622862737,-0.0283435205057472,-0.0357470703491174,-0.0417876907688235
2020-01-13,12.31999969482422,13.09000015258789,12.31999969482422,12.84000015258789,0.0,-0.0192932611144128,0.0169495788626702,0.0188452560869108,0.0332572274974447
2020-01-14,12.390000343322754,13.81999969482422,12.050000190734863,12.720000267028809,0.0,0.005665790016104,0.0542682046787023,-0.0221592575693288,-0.0093897312408004
2020-01-15,12.420000076293944,12.829999923706056,11.949999809265137,12.789999961853027,0.0,0.0024183592974461,-0.0743306235763219,-0.0083334133488401,0.0054880337033822
2020-01-16,12.31999969482422,12.420000076293944,11.779999732971191,12.199999809265137,0.0,-0.0080841493135502,-0.0324780900328555,-0.014328106860983,-0.0472276765029834
2020-01-17,12.100000381469728,12.479999542236328,11.75,12.210000038146973,0.0,-0.0180184492054933,0.0048192436133372,-0.002549914965292,0.0008193551416479
2020-01-20,12.100000381469728,12.479999542236328,11.75,12.210000038146973,0.0,-0.0180184492054933,0.0048192436133372,-0.002549914965292,0.0008193551416479
2020-01-21,12.850000381469728,13.329999923706056,12.31999969482422,13.229999542236328,0.0,0.0601383568984697,0.0658898022056411,0.047370692744444,0.0802316522795815
2020-01-22,12.90999984741211,13.010000228881836,12.3100004196167,12.449999809265137,0.0,0.0046583520116061,-0.0242988183499646,-0.0008119590507851,-0.0607663359357878
2020-01-30,15.489999771118164,18.38999938964844,15.300000190734863,17.81999969482422,0.0,-0.0564767158637979,0.0993968119115531,0.0238106892468436,0.1279353705321956
2020-01-31,18.84000015258789,19.989999771118164,16.18000030517578,16.25,0.0,0.1957876375946878,0.0834251316355808,0.0559230896269216,-0.0922284961414519
2020-02-03,17.969999313354492,18.8799991607666,17.100000381469727,18.63999938964844,0.0,-0.047278614662552,-0.0571290207960598,0.0553025553251428,0.1372168677375158
2020-02-04,16.049999237060547,16.459999084472656,15.630000114440918,16.450000762939453,0.0,-0.1129948605439545,-0.1371699766388552,-0.0898863340615241,-0.1249842529225843
2020-02-05,15.149999618530272,16.31999969482422,15.020000457763672,16.290000915527344,0.0,-0.0577082952649975,-0.0085418087911125,-0.0398094749423305,-0.0097740447749244
2020-02-06,14.960000038146973,15.65999984741211,14.699999809265137,15.130000114440918,0.0,-0.0126205316795953,-0.0412816500176062,-0.0215351960034006,-0.0738719434516477
2020-02-07,15.470000267028809,16.15999984741211,14.8100004196167,15.06999969482422,0.0,0.0335227067497857,0.0314293628317711,0.0074551758035127,-0.0039735429762512
2020-02-10,15.039999961853027,16.43000030517578,15.010000228881836,15.880000114440918,0.0,-0.0281893658607223,0.0165699069728492,0.0134140042809512,0.052354470637742
2020-02-11,15.18000030517578,15.270000457763672,14.380000114440918,14.90999984741211,0.0,0.0092654760859641,-0.0732188014149633,-0.0428783006427539,-0.0630283444828791
2020-02-12,13.739999771118164,14.880000114440918,13.729999542236328,14.859999656677246,0.0,-0.0996675219351534,-0.0258721121126474,-0.0462551738117591,-0.0033591023569238
2020-02-13,14.149999618530272,15.4399995803833,14.0,14.43000030517578,0.0,0.0294033269941184,0.0369434803235148,0.019474143175778,-0.0293636222513116
2020-02-14,13.68000030517578,14.539999961853027,13.380000114440918,14.119999885559082,0.0,-0.0337796626276797,-0.0600580479375972,-0.0452962663620433,-0.0217171699742668
2020-02-17,13.68000030517578,14.539999961853027,13.380000114440918,14.119999885559082,0.0,-0.0337796626276797,-0.0600580479375972,-0.0452962663620433,-0.0217171699742668
2020-02-18,14.829999923706056,15.489999771118164,14.529999732971191,14.979999542236328,0.0,0.0807172165026976,0.0632911701708889,0.0824543959512191,0.0591237235705352
2020-02-19,14.380000114440918,14.739999771118164,14.210000038146973,14.65999984741211,0.0,-0.0308137907540328,-0.0496297684194236,-0.0222695144109091,-0.0215932614806959
2020-02-20,15.5600004196167,17.209999084472656,14.489999771118164,14.539999961853027,0.0,0.0788651854666596,0.1549256857927911,0.0195127957432178,-0.0082192165682693
2020-02-21,17.079999923706055,18.209999084472656,16.190000534057617,17.329999923706055,0.0,0.0932046381756658,0.0564802864373979,0.1109350601396821,0.1755356298433092
2020-02-24,25.030000686645508,26.350000381469727,22.0,22.25,0.0,0.3821669489830182,0.3694974460009613,0.3066486526818908,0.2499029092871549
2020-02-25,27.850000381469727,30.25,22.190000534057617,22.190000534057617,0.0,0.1067578471940069,0.1380278950124498,0.0085993076536771,-0.0027002476002563
2020-02-26,27.559999465942383,29.56999969482422,24.76000022888184,26.6299991607666,0.0,-0.0104675533031302,-0.0227358609329171,0.1095876960484186,0.1823966072992625
2020-02-27,39.15999984741211,39.310001373291016,27.790000915527344,28.950000762939453,0.0,0.3512903869983254,0.2847186508247376,0.1154468196384891,0.0835318620614428
2020-02-28,40.11000061035156,49.47999954223633,39.369998931884766,42.02000045776367,0.0,0.0239698812331185,0.2300895639041273,0.3483278011265639,0.3725754759381035
2020-03-02,33.41999816894531,40.40999984741211,31.5,38.540000915527344,0.0,-0.1824712266208464,-0.2024912629584092,-0.2230165319938772,-0.0864490195693315
2020-03-03,36.81999969482422,41.060001373291016,24.93000030517578,33.650001525878906,0.0,0.0968866991385586,0.0159571697223556,-0.233915636054814,-0.1356835853051503
2020-03-04,31.989999771118164,35.58000183105469,30.299999237060547,34.439998626708984,0.0,-0.1406178207099828,-0.1432507113360244,0.1950757775590298,0.0232055382483249
2020-03-05,39.619998931884766,42.84000015258789,33.540000915527344,33.61000061035156,0.0,0.2139106675047797,0.1856885154406367,0.1015910963558406,-0.0243949797878104
2020-03-06,41.93999862670898,54.38999938964844,40.84000015258789,48.93000030517578,0.0,0.0569059784181773,0.2387080530717518,0.1969232133410571,0.3755670516411849
2020-03-09,54.459999084472656,62.119998931884766,41.93999862670898,41.93999862670898,0.0,0.2612264777050175,0.1328876788729919,0.0265779956968895,-0.1541507188084286
2020-03-10,47.29999923706055,55.65999984741211,43.560001373291016,49.68000030517578,0.0,-0.1409561910665192,-0.109806227729784,0.0378993368615922,0.1693624510384624
2020-03-11,53.900001525878906,55.81999969482422,49.97999954223633,52.2400016784668,0.0,0.1306202268563037,0.002870469284719,0.1374835866566863,0.0502460733300377
2020-03-12,75.47000122070312,76.83000183105469,59.90999984741211,61.459999084472656,0.0,0.3366047362470645,0.319462990071056,0.1812205173010123,0.1625380247079355
2020-03-13,57.83000183105469,77.56999969482422,55.16999816894531,71.30999755859375,0.0,-0.2662275386386179,0.00958553785649,-0.0824241394538609,0.1486499939976652
2020-03-16,82.69000244140625,83.55999755859375,57.83000183105469,57.83000183105469,0.0,0.357591001426042,0.0743841569023793,0.0470884097378185,-0.2095288319708521
2020-03-17,75.91000366210938,84.83000183105469,70.37000274658203,82.69000244140625,0.0,-0.0855502289874264,0.0150843679336719,0.1962593711761992,0.357591001426042
2020-03-18,76.44999694824219,85.47000122070312,69.37000274658203,69.37000274658203,0.0,0.0070884161852661,0.0075161760555343,-0.0143125380186041,-0.175644168268447
2020-03-19,72.0,84.26000213623047,68.56999969482422,80.62000274658203,0.0,-0.0599707734406658,-0.0142581695564552,-0.011599420144734,0.1502922547668312
2020-03-20,66.04000091552734,69.51000213623047,57.41999816894531,67.86000061035156,0.0,-0.0864054861009036,-0.192436624058611,-0.1774624740415791,-0.1723000234069056
2020-03-23,61.59000015258789,76.73999786376953,60.459999084472656,74.08000183105469,0.0,-0.0697611107387213,0.0989523991364561,0.0515893314044958,0.0876988467048246
2020-03-24,61.66999816894531,61.880001068115234,36.2400016784668,58.7599983215332,0.0,0.001298037135797,-0.2152260140156184,-0.5118184467185303,-0.2316842923142939
2020-03-25,63.95000076293945,68.86000061035156,58.02999877929688,61.43999862670898,0.0,0.0363039806428739,0.1068784238080978,0.4707965696767052,0.0445997437467838
2020-03-26,61.0,67.05999755859375,57.65999984741211,65.66999816894531,0.0,-0.0472276757817898,-0.0264877621422514,-0.0063964076028743,0.0665811058325401
2020-03-27,65.54000091552734,69.0999984741211,61.79999923706055,64.94999694824219,0.0,0.0717867930663432,0.0299670040596549,0.0693396625544289,-0.0110244761898707
2020-03-30,57.08000183105469,67.69000244140625,56.59999847412109,66.30000305175781,0.0,-0.1382068325522756,-0.0206162141034662,-0.0878943938682009,0.0205722470910014
2020-03-31,53.540000915527344,58.75,50.880001068115234,56.68999862670898,0.0,-0.0640247694952968,-0.1416473415637055,-0.1065390182254481,-0.1565921391097059
2020-04-01,57.060001373291016,60.59000015258789,52.7599983215332,57.380001068115234,0.0,0.0636743146607622,0.0308387124509968,0.0362833560111711,0.0120980250563444
2020-04-03,46.79999923706055,52.290000915527344,46.7400016784668,51.11000061035156,0.0,-0.0841761782955602,-0.0904478183028792,-0.076382396900877,-0.0634862857124994
2020-04-06,45.2400016784668,45.72999954223633,43.45000076293945,44.16999816894531,0.0,-0.0339014982721687,-0.1340506380488653,-0.0729894957510041,-0.1459344005683877
2020-04-07,46.70000076293945,47.5099983215332,43.5099983215332,44.83000183105469,0.0,0.0317624926625775,0.0381856522102995,0.0013798888855908,0.0148318148580316
2020-04-08,43.34999847412109,47.27999877929688,42.52999877929688,45.900001525878906,0.0,-0.0744375129843867,-0.0048528325908752,-0.0227810775926367,0.0235875512982955
2020-04-09,41.66999816894531,45.72999954223633,41.38999938964844,43.0,0.0,-0.039525266534934,-0.0333328196194241,-0.0271703895490881,-0.0652650346164857
2020-04-10,41.66999816894531,45.72999954223633,41.38999938964844,43.0,0.0,-0.039525266534934,-0.0333328196194241,-0.0271703895490881,-0.0652650346164857
2020-04-13,41.16999816894531,45.040000915527344,41.16999816894531,44.59999847412109,0.0,-0.0120716101862115,-0.015203523501406,-0.0053294997079352,0.0365337091199236
2020-04-14,37.7599983215332,40.56999969482422,37.310001373291016,40.2400016784668,0.0,-0.0864594944799749,-0.1045221344622656,-0.098448367265701,-0.1028722573106016
2020-04-15,40.84000015258789,43.22999954223633,40.04999923706055,42.56999969482422,0.0,0.0784117002063237,0.0635058183943598,0.0708672304240424,0.0562882051683774
2020-04-16,40.11000061035156,43.02000045776367,39.869998931884766,41.91999816894531,0.0,-0.0180363020337972,-0.0048695536102109,-0.0045045198613786,-0.0153867763382156
2020-04-17,38.150001525878906,40.2599983215332,37.630001068115234,39.5,0.0,-0.0500998972716128,-0.0663067559593374,-0.0578225016132969,-0.0594623244259699
2020-04-20,43.83000183105469,43.83000183105469,39.880001068115234,40.68000030517578,0.0,0.1387927584797134,0.0849601776860406,0.0580733388868495,0.0294359067751458
2020-04-21,45.40999984741211,47.77000045776367,43.77000045776367,44.27999877929688,0.0,0.0354137855426286,0.086079280777526,0.0930736897843248,0.0847965015903925
2020-04-22,41.97999954223633,45.06999969482422,41.40999984741211,44.90999984741211,0.0,-0.0785390382614738,-0.0581810070531246,-0.0554262677885245,0.0141274034293946
2020-04-23,41.380001068115234,42.470001220703125,39.060001373291016,41.29999923706055,0.0,-0.014395605358408,-0.0594188568635109,-0.0584234332656356,-0.0837980022081327
2020-04-24,35.93000030517578,40.16999816894531,35.599998474121094,38.79999923706055,0.0,-0.1412250885107034,-0.055677570279346,-0.0927533656108155,-0.062442254528037
2020-04-27,33.290000915527344,36.43999862670898,32.5099983215332,36.290000915527344,0.0,-0.0763155305305421,-0.0974533680831537,-0.0907979123096504,-0.0668779805127721
2020-04-28,33.56999969482422,35.38999938964844,30.540000915527344,33.209999084472656,0.0,0.0083757228127087,-0.0292377575944646,-0.0625103529181058,-0.0886912386322339
2020-04-29,31.229999542236328,33.189998626708984,30.709999084472656,32.47999954223633,0.0,-0.0722536452640456,-0.064180692755698,0.0055509748722431,-0.0222265066210656
2020-05-04,35.970001220703125,40.31999969482422,35.529998779296875,39.130001068115234,0.0,-0.0333545793663934,0.0187763685092383,-0.0293976075253571,0.0248396447328073
2020-05-05,33.61000061035156,36.220001220703125,31.950000762939453,34.81999969482422,0.0,-0.0678616317473981,-0.1072361300365419,-0.106205170973253,-0.1166975379432413
2020-05-06,34.119998931884766,35.689998626708984,31.68000030517578,32.689998626708984,0.0,0.0150600314219765,-0.0147409871339728,-0.0084866281234137,-0.0631227468490566
2020-05-07,31.440000534057617,32.279998779296875,30.3700008392334,32.119998931884766,0.0,-0.0818027067712398,-0.1004226934380891,-0.0422302698880101,-0.0175903229019428
2020-05-08,27.979999542236328,30.38999938964844,27.88999938964844,30.13999938964844,0.0,-0.1165910316706246,-0.0603342187409244,-0.0851871269361353,-0.0636256828768616
2020-05-11,27.56999969482422,31.459999084472656,26.96999931335449,28.459999084472656,0.0,-0.0147617389103662,0.0346032816840761,-0.0335430680631189,-0.0573536124550098
2020-05-12,33.040000915527344,33.040000915527344,26.0,28.46999931335449,0.0,0.1809907623958621,0.0490021078336252,-0.0366285736705525,0.0003513166789433
2020-05-13,35.279998779296875,37.41999816894531,30.770000457763672,32.7400016784668,0.0,0.0655972201757189,0.1244862955509856,0.1684436661894156,0.1397467460378026
2020-05-14,32.61000061035156,39.27999877929688,32.33000183105469,35.15999984741211,0.0,-0.0786971880202344,0.0485101804958733,0.0494554441628386,0.0713114452676253
2020-05-15,31.88999938964844,35.130001068115234,31.040000915527344,32.5,0.0,-0.0223265466352382,-0.1116599557269196,-0.0407189235636367,-0.0786689791414696
2020-05-18,29.299999237060547,31.07999992370605,28.350000381469727,30.709999084472656,0.0,-0.0847049718985565,-0.1224909736376954,-0.0906496811806162,-0.056651784694988
2020-05-19,30.530000686645508,30.739999771118164,28.3700008392334,28.729999542236328,0.0,0.0411223392534994,-0.0109997923799698,0.0007052347729963,-0.0666464475828043
2020-05-20,27.989999771118164,29.82999992370605,27.82999992370605,29.520000457763672,0.0,-0.0868625338875412,-0.0300501346956843,-0.0192177056061084,0.0271261581812716
2020-05-21,29.530000686645508,30.200000762939453,27.670000076293945,28.96999931335449,0.0,0.0535594236582128,0.012327353674687,-0.0057657762402562,-0.0188072271598629
2020-05-22,28.15999984741211,31.549999237060547,28.030000686645508,31.36000061035156,0.0,-0.0475041931370658,0.0437316151615863,0.0129265931173891,0.0792724268656398
2020-05-25,28.15999984741211,31.549999237060547,28.030000686645508,31.36000061035156,0.0,-0.0475041931370658,0.0437316151615863,0.0129265931173891,0.0792724268656398
2020-05-26,28.01000022888184,28.57999992370605,27.18000030517578,27.71999931335449,0.0,-0.0053409284277874,-0.0988663949730718,-0.0307939697225526,-0.1233790653940073
2020-05-27,27.6200008392334,30.530000686645508,25.920000076293945,27.6200008392334,0.0,-0.0140214190773154,0.0660026594053974,-0.047466545523438,-0.0036139711848059
2020-05-28,28.59000015258789,29.88999938964844,27.43000030517578,27.81999969482422,0.0,0.0345168333051927,-0.0211858733617103,0.0566224416476195,0.0072149971595077
2020-05-29,27.51000022888184,30.15999984741211,27.290000915527344,29.299999237060547,0.0,-0.0385074284148938,0.0089925822045539,-0.0051169478067973,0.0518323144584896
2020-06-01,28.229999542236328,30.600000381469727,28.11000061035156,28.940000534057617,0.0,0.0258356427934603,0.0144834833441909,0.0296050383630738,-0.0123627503268339
2020-06-02,26.84000015258789,28.520000457763672,26.65999984741211,28.39999961853028,0.0,-0.0504919082613202,-0.0703944098279512,-0.0529610976043234,-0.0188356079221703
2020-06-03,25.65999984741211,26.979999542236328,25.040000915527344,26.75,0.0,-0.0449599645476108,-0.055509777783883,-0.0626897262325951,-0.0598546583931121
2020-06-04,25.809999465942383,26.43000030517578,24.3799991607666,26.229999542236328,0.0,0.0058286397976718,-0.0205960936500662,-0.0267114931643928,-0.0196306969151461
2020-06-05,24.520000457763672,25.09000015258789,23.540000915527344,24.790000915527344,0.0,-0.0512728633016327,-0.0520303737028126,-0.0350619489055574,-0.056463393448454
2020-06-08,25.809999465942383,25.979999542236328,24.64999961853028,25.559999465942383,0.0,0.0512728633016328,0.0348576271626519,0.0460757442887133,0.0305882256366455
2020-06-09,27.56999969482422,27.700000762939453,25.709999084472656,25.93000030517578,0.0,0.0659662209279453,0.0641054471136283,0.0421031006547675,0.0143720027047285
2020-06-10,27.56999969482422,29.01000022888184,26.059999465942383,26.729999542236328,0.0,0.0,0.0462081652868361,0.0135215655352923,0.0303859017055734
2020-06-11,40.790000915527344,42.58000183105469,29.489999771118164,30.450000762939453,0.0,0.3917087618077836,0.3837440964449566,0.1236496638625337,0.1302995061860257
2020-06-12,36.09000015258789,44.15999984741211,34.970001220703125,37.68000030517578,0.0,-0.1224211528916839,0.0364346960454721,0.1704393709165887,0.2130434385959186
2020-06-15,34.400001525878906,44.43999862670898,34.279998779296875,44.09000015258789,0.0,-0.0479592141463831,0.0063205353557925,-0.0199285278626341,0.1571035450233666
2020-06-16,33.66999816894531,37.45000076293945,31.729999542236328,34.279998779296875,0.0,-0.0214494299456936,-0.1711332035338472,-0.0772994669515394,-0.2516709447108716
2020-06-17,33.470001220703125,35.16999816894531,32.25,33.279998779296875,0.0,-0.0059576270958081,-0.0628133359125245,0.0162554520735186,-0.0296054788465764
2020-06-18,32.939998626708984,36.25,32.2400016784668,33.83000183105469,0.0,-0.015961868635982,0.0302459868777649,-0.0003100735417301,0.0163914576445653
2020-06-19,35.119998931884766,35.119998931884766,30.39999961853028,32.06999969482422,0.0,0.0640830552947985,-0.0316686429470723,-0.0587653738362215,-0.0534270327286547
2020-06-22,31.770000457763672,35.38999938964844,31.63999938964844,35.220001220703125,0.0,-0.1002482756635096,0.0076585387573188,0.0399795277451188,0.0936931335382962
2020-06-23,31.3700008392334,31.709999084472656,29.26000022888184,31.709999084472656,0.0,-0.0126704137347771,-0.1097972174325558,-0.0782007201946244,-0.104982078049058
2020-06-24,33.84000015258789,37.119998931884766,30.950000762939453,31.049999237060547,0.0,0.0757914902917961,0.1575238194649686,0.05615162036699,-0.0210332758702061
2020-06-25,32.220001220703125,36.93000030517578,31.59000015258789,36.59000015258789,0.0,-0.0490561236117904,-0.0051316420152435,0.0204675958629389,0.1641761993931544
2020-06-26,34.72999954223633,36.25,31.040000915527344,33.0099983215332,0.0,0.0750164379400107,-0.0185848558274159,-0.0175638948341535,-0.1029644881834444
2020-06-29,31.780000686645508,36.310001373291016,31.780000686645508,35.04999923706055,0.0,-0.0887666708605567,0.0016538419468492,0.0235604579046851,0.0599650966955464
2020-06-30,30.43000030517578,32.939998626708984,29.559999465942383,32.540000915527344,0.0,-0.0434082087771246,-0.0974055401887201,-0.0724151047016855,-0.0743054617870895
2020-07-01,28.6200008392334,31.76000022888184,28.200000762939453,30.959999084472656,0.0,-0.0613231704860361,-0.0364800394732709,-0.0471000730144409,-0.0497741107761058
2020-07-02,27.68000030517578,28.440000534057617,25.89999961853028,28.32999992370605,0.0,-0.0333956616770184,-0.1104110198721048,-0.0850790510217268,-0.0887747080008485
2020-07-03,27.68000030517578,28.440000534057617,25.89999961853028,28.32999992370605,0.0,-0.0333956616770184,-0.1104110198721048,-0.0850790510217268,-0.0887747080008485
2020-07-06,27.940000534057617,28.32999992370605,24.920000076293945,27.76000022888184,0.0,0.009349231168656,-0.0038753125640564,-0.038572256996124,-0.0203251672657539
2020-07-07,29.43000030517578,29.6299991607666,27.25,28.770000457763672,0.0,0.0519551996716673,0.0448660221123195,0.0893828241284458,0.0357370495909757
2020-07-08,28.07999992370605,30.200000762939453,27.239999771118164,28.950000762939453,0.0,-0.0469569961743393,0.0190546163820191,-0.0003670482303583,0.0062370368980957
2020-07-09,29.26000022888184,31.479999542236328,26.11000061035156,28.18000030517578,0.0,0.0411638269737346,0.0415104593640701,-0.0423680667916966,-0.0269577130726474
2020-07-10,27.290000915527344,30.90999984741211,27.1299991607666,30.86000061035156,0.0,-0.0697010351459887,-0.0182726578002866,0.0383216896498637,0.0908483494130441
2020-07-13,32.189998626708984,32.45000076293945,26.8700008392334,27.850000381469727,0.0,0.1651354343803421,0.0486207154538267,-0.0096296418765624,-0.1026278866425048
2020-07-14,29.520000457763672,33.66999816894531,29.209999084472656,31.13999938964844,0.0,-0.0865877874095064,0.0369067121292729,0.0835006311962074,0.1116601667350193
2020-07-15,27.76000022888184,30.09000015258789,27.170000076293945,29.14999961853028,0.0,-0.0614718713555442,-0.1124142830775992,-0.0723976588104289,-0.0660382470955479
2020-07-16,28.0,29.290000915527344,26.979999542236328,28.40999984741211,0.0,0.0086083662915772,-0.026946703616027,-0.0070175924334462,-0.0257137092148867
2020-07-17,25.68000030517578,27.540000915527344,25.40999984741211,27.14999961853028,0.0,-0.0864920194696514,-0.0616066655529192,-0.0599530424857919,-0.0453641581656804
2020-07-20,24.459999084472656,27.07999992370605,24.350000381469727,26.940000534057617,0.0,-0.0486733978760993,-0.0168440813173372,-0.0426109261323331,-0.0077648415233114
2020-07-21,24.84000015258789,25.64999961853028,23.61000061035156,24.07999992370605,0.0,0.0154161703786546,-0.0542518884820557,-0.0308614882458851,-0.1122305735339158
2020-07-22,24.31999969482422,26.26000022888184,24.1299991607666,24.559999465942383,0.0,-0.0211562186584878,0.0235033208459733,0.0217854679084499,0.0197374642616576
2020-07-23,26.07999992370605,26.950000762939453,23.600000381469727,23.96999931335449,0.0,0.0698696895834507,0.0259364480738094,-0.0222091166617356,-0.0243160617336691
2020-07-24,25.84000015258789,28.57999992370605,25.530000686645508,27.959999084472656,0.0,-0.0092450493135654,0.0587238441677866,0.0786075299534893,0.1539718648211709
2020-07-27,24.739999771118164,26.940000534057617,24.549999237060547,26.600000381469727,0.0,-0.0435023271066522,-0.0590949790260511,-0.0391424349854593,-0.049863654492806
2020-07-28,25.440000534057617,25.850000381469727,24.049999237060547,24.86000061035156,0.0,0.027901401751899,-0.0413015750946953,-0.0205768583348501,-0.0676511194945046
2020-07-29,24.100000381469727,25.420000076293945,23.729999542236328,25.15999984741211,0.0,-0.0541109031395234,-0.016774346948844,-0.0133949136715479,0.0119953151334225
2020-07-30,24.76000022888184,28.290000915527344,24.63999938964844,25.040000915527344,0.0,0.0270176007351829,0.1069721489130568,0.0376310627373897,-0.0047808429730475
2020-07-31,24.459999084472656,26.40999984741211,23.549999237060547,24.790000915527344,0.0,-0.0121903642309584,-0.0687656971443152,-0.0452453258287109,-0.0100341998160754
2020-08-03,24.280000686645508,26.01000022888184,22.170000076293945,25.75,0.0,-0.0073860983578631,-0.0152616322710617,-0.0603857609963117,0.0379942441313299
2020-08-04,23.76000022888184,24.76000022888184,22.920000076293945,24.01000022888184,0.0,-0.0216494903440716,-0.0492516311999118,0.0332698681057102,-0.069964207343812
2020-08-05,22.989999771118164,23.61000061035156,22.86000061035156,23.440000534057617,0.0,-0.0329441753081407,-0.04755908011159,-0.0026212101090375,-0.0240264322730935
2020-08-06,22.64999961853028,24.11000061035156,20.96999931335449,23.030000686645508,0.0,-0.0148994937322649,0.0209563405595444,-0.0862958728965621,-0.0176462438449832
2020-08-07,22.209999084472656,24.020000457763672,22.020000457763672,23.450000762939453,0.0,-0.0196172384021795,-0.0037398817989236,0.0488583399134293,0.0180727837791628
2020-08-10,22.1299991607666,23.520000457763672,21.459999084472656,22.8799991607666,0.0,-0.0036084805448583,-0.0210356932162752,-0.0257604575425615,-0.0246073975952042
2020-08-11,24.030000686645508,24.93000030517578,20.280000686645508,21.850000381469727,0.0,0.0823689621828137,0.0582207672836062,-0.0565554819592715,-0.0460621908316473
2020-08-12,22.280000686645508,22.8799991607666,21.540000915527344,22.81999969482422,0.0,-0.075613632444887,-0.0858087799449583,0.0602765016505906,0.0434363920605898
2020-08-13,22.1299991607666,22.920000076293945,21.450000762939453,22.200000762939453,0.0,-0.0067553297379267,0.0017467653434299,-0.004187033289534,-0.0275450078158824
2020-08-14,22.049999237060547,23.549999237060547,21.790000915527344,22.270000457763672,0.0,-0.003621548847649,0.0271158928906013,0.01572651003017,0.0031481785795723
2020-08-17,21.350000381469727,22.81999969482422,21.34000015258789,22.520000457763672,0.0,-0.0322608097503577,-0.0314884570050888,-0.0208679379485379,0.0111633217740253
2020-08-18,21.51000022888184,22.549999237060547,21.18000030517578,21.690000534057617,0.0,0.0074661963782884,-0.011902298945306,-0.0075258984419927,-0.0375524741373935
2020-08-19,22.540000915527344,22.979999542236328,20.989999771118164,21.600000381469727,0.0,0.0467735953091676,0.0188892203850675,-0.0090112316537234,-0.0041580171103248
2020-08-20,22.71999931335449,24.600000381469727,22.3700008392334,24.100000381469727,0.0,0.0079540144013524,0.0681222059446972,0.0636746900898449,0.1095185239744739
2020-08-21,22.540000915527344,24.46999931335449,22.059999465942383,22.57999992370605,0.0,-0.0079540144013525,-0.0052986090513439,-0.0139548234020235,-0.0651473009825411
2020-08-24,22.3700008392334,23.18000030517578,21.25,22.8700008392334,0.0,-0.007570736211465,-0.0541579983167887,-0.0374090942456094,0.0127614893878215
2020-08-25,22.030000686645508,23.43000030517578,21.530000686645508,22.15999984741211,0.0,-0.0153156210351509,0.0107274144676218,0.0130904478983446,-0.031537189737161
2020-08-26,23.270000457763672,23.270000457763672,20.920000076293945,22.13999938964844,0.0,0.0547598050031302,-0.0068522685586672,-0.02874170042511,-0.0009029552806785
2020-08-27,24.46999931335449,27.09000015258789,21.440000534057617,23.420000076293945,0.0,0.0502828524078341,0.1519996647435934,0.0245527182683444,0.0562044617145427
2020-08-28,22.959999084472656,26.299999237060547,22.63999938964844,24.59000015258789,0.0,-0.0636943178173918,-0.0295957515550178,0.054459865263986,0.0487495010061714
2020-08-31,26.40999984741211,26.5,21.770000457763672,23.90999984741211,0.0,0.1399891889549043,0.0075758228175628,-0.0391853301022646,-0.0280430873449104
2020-09-01,26.1200008392334,26.59000015258789,25.020000457763672,25.86000061035156,0.0,-0.0110413839932394,0.0033904780012961,0.139142627060949,0.0784006218573865
2020-09-03,33.599998474121094,35.939998626708984,25.65999984741211,26.280000686645508,0.0,0.2347432732701002,0.2834247507921243,0.005079095091938,0.0103271314841495
2020-09-04,30.75,38.27999877929688,29.5,34.619998931884766,0.0,-0.088636027303568,0.0630766915512017,0.1394569101048111,0.2756232991510411
2020-09-07,30.75,38.27999877929688,29.5,34.619998931884766,0.0,-0.088636027303568,0.0630766915512017,0.1394569101048111,0.2756232991510411
2020-09-08,31.459999084472656,35.93000030517578,30.520000457763672,30.61000061035156,0.0,0.0228268742762903,-0.063354925076909,0.0339919580692916,-0.1231047459985799
2020-09-09,28.809999465942383,31.780000686645508,28.1200008392334,31.68000030517578,0.0,-0.087994337969611,-0.1227354269042631,-0.0819011246278866,0.0343588036823648
2020-09-10,29.709999084472656,30.559999465942383,27.59000015258789,28.670000076293945,0.0,0.0307611280998485,-0.0391452358921722,-0.0190277030274338,-0.0998342940229132
2020-09-11,26.8700008392334,29.729999542236328,26.51000022888184,28.6299991607666,0.0,-0.1004732047985554,-0.0275353252099713,-0.0399313648250186,-0.0013961927594396
2020-09-14,25.850000381469727,26.790000915527344,25.3799991607666,25.86000061035156,0.0,-0.038699838149012,-0.1041279038819043,-0.0435605997152073,-0.1017576928510865
2020-09-15,25.59000015258789,26.0,24.920000076293945,25.920000076293945,0.0,-0.0101089595769962,-0.0299321797092543,-0.0182907322387121,0.0023174774816536
2020-09-16,26.040000915527344,26.59000015258789,24.84000015258789,25.309999465942383,0.0,0.0174321963643769,0.0224386729719906,-0.0032154337726994,-0.0238153209711373
2020-09-17,26.459999084472656,28.920000076293945,26.26000022888184,28.21999931335449,0.0,0.0160002715875122,0.0839981889351945,0.0555916143825302,0.1088313686364167
2020-09-18,25.82999992370605,28.100000381469727,25.280000686645508,26.64999961853028,0.0,-0.0240975199323264,-0.028763810013532,-0.0380332811503713,-0.0572417857950001
2020-09-21,27.780000686645508,31.18000030517578,27.38999938964844,28.040000915527344,0.0,0.0727797578894045,0.1040072835020445,0.0801643645509828,0.0508429585193575
2020-09-22,26.86000061035156,28.780000686645508,26.479999542236328,28.61000061035156,0.0,-0.0336781482249285,-0.0800961480995317,-0.0337882472095899,0.0201242335783728
2020-09-23,28.57999992370605,29.729999542236328,25.190000534057617,27.020000457763672,0.0,0.0620689560137042,0.032475896294993,-0.0499426022159652,-0.0571789789218096
2020-09-24,28.51000022888184,30.489999771118164,27.940000534057617,29.540000915527344,0.0,-0.0024522588795285,0.0252421318807387,0.103612261377567,0.089167958622321
2020-09-25,26.3799991607666,30.43000030517578,26.020000457763672,28.170000076293945,0.0,-0.0776487954767822,-0.0019697795557198,-0.0711938822661402,-0.0474877234994128
2020-09-28,26.190000534057617,27.190000534057617,24.89999961853028,27.14999961853028,0.0,-0.0072284365646413,-0.1125796956515882,-0.0439977025265286,-0.0368805522671273
2020-09-29,26.270000457763672,27.43000030517578,25.979999542236328,26.809999465942383,0.0,0.0030499422115059,0.0087880377890611,0.042459205472012,-0.0126021000017165
2020-09-30,26.3700008392334,27.1200008392334,25.059999465942383,26.690000534057617,0.0,0.0037994110677157,-0.011365822057754,-0.0360540654658404,-0.0044859489016928
2020-10-01,26.700000762939453,27.11000061035156,25.32999992370605,25.780000686645508,0.0,0.0124365617902108,-0.0003688079929146,0.0107165328448202,-0.0346899592802297
2020-10-02,27.6299991607666,29.89999961853028,26.93000030517578,28.8700008392334,0.0,0.0342385145806179,0.0979557816139919,0.0612514571541097,0.1132039985983819
2020-10-05,27.959999084472656,29.690000534057617,27.270000457763672,29.520000457763672,0.0,0.0118727760600936,-0.0070481608749932,0.0125462954881497,0.0222649924949339
2020-10-06,29.479999542236328,30.0,26.01000022888184,28.049999237060547,0.0,0.0529371671717693,0.0103870748986927,-0.0473061253835203,-0.0510794104697336
2020-10-07,28.059999465942383,29.76000022888184,27.940000534057617,29.26000022888184,0.0,-0.049366996151583,-0.0080321640063422,0.0715782846829382,0.0422327986448865
2020-10-08,26.36000061035156,27.989999771118164,24.8799991607666,27.64999961853028,0.0,-0.0624973228528468,-0.0613179223057227,-0.1159951388035292,-0.0565956892423536
2020-10-09,25.0,26.21999931335449,24.030000686645508,26.200000762939453,0.0,-0.0529719079205651,-0.0653248432023901,-0.0347611558168437,-0.0538662742850931
2020-10-12,25.06999969482422,25.64999961853028,24.13999938964844,25.64999961853028,0.0,0.0027960751290542,-0.0219788954030357,0.0045671120626707,-0.0212158831422127
2020-10-13,26.06999969482422,26.93000030517578,25.15999984741211,25.670000076293945,0.0,0.0391133162421415,0.0486973614110293,0.041385235381979,0.0007794411104898
2020-10-14,26.39999961853028,27.229999542236328,25.530000686645508,25.71999931335449,0.0,0.0125787794632632,0.011078371718969,0.0145988323814866,0.0019458748173155
2020-10-15,26.96999931335449,29.059999465942383,26.81999969482422,27.100000381469727,0.0,0.0213611159893749,0.0650433498897168,0.0492936083258429,0.0522648692895588
2020-10-16,27.40999984741211,27.459999084472656,26.190000534057617,27.15999984741211,0.0,0.0161827930557904,-0.0566322727649538,-0.0237701875635859,0.0022115551103556
2020-10-19,29.18000030517578,29.690000534057617,27.040000915527344,27.36000061035156,0.0,0.0625756488052032,0.0780799397640368,0.0319396061217406,0.0073368179901359
2020-10-20,29.350000381469727,29.600000381469727,28.290000915527344,28.809999465942383,0.0,0.0058090057183421,-0.0030359325459573,0.0451911326426777,0.0516404154966858
2020-10-21,28.64999961853028,30.549999237060547,28.3700008392334,29.1200008392334,0.0,-0.0241391294254464,0.0315902864266303,0.0028238607267793,0.0107027215891068
2020-10-22,28.11000061035156,30.1200008392334,27.68000030517578,30.100000381469727,0.0,-0.0190280232145146,-0.0141752298494488,-0.0246221366278742,0.0330999322799297
2020-10-23,27.549999237060547,28.670000076293945,27.26000022888184,28.46999931335449,0.0,-0.0201228987253882,-0.0493381482383013,-0.0152897071099664,-0.0556743072565095
2020-10-26,32.459999084472656,33.68000030517578,29.21999931335449,29.3799991607666,0.0,0.1640060259756381,0.1610529158787788,0.0694329481587524,0.031463265009212
2020-10-27,33.349998474121094,33.77000045776367,31.850000381469727,32.040000915527344,0.0,0.0270491927264822,0.002668649517647,0.0861840111718524,0.086671008593724
2020-10-28,40.27999877929688,40.77000045776367,34.68000030517578,34.689998626708984,0.0,0.18879731093678,0.1883736801063041,0.0851257667168602,0.0794662706194696
2020-10-29,37.59000015258789,41.15999984741211,35.630001068115234,38.79999923706055,0.0,-0.0691169759095664,0.0095203791995443,0.0270248488836147,0.1119688055717005
2020-10-30,38.02000045776367,41.09000015258789,36.5,40.810001373291016,0.0,0.0113742874650037,-0.0017021206498373,0.024124250992727,0.0505069561027199
2020-11-02,37.130001068115234,38.77999877929688,36.130001068115234,38.56999969482422,0.0,-0.0236870521444638,-0.0578601682719635,-0.0101886858657854,-0.0564524187606808
2020-11-03,35.54999923706055,36.43999862670898,34.189998626708984,36.43999862670898,0.0,-0.0434851621676704,-0.062237583631464,-0.0551904112379038,-0.0568077296024835
2020-11-04,29.56999969482422,36.84999847412109,28.030000686645508,36.790000915527344,0.0,-0.1841798112442909,0.0111885425221094,-0.1986577738112525,0.0095590592965103
2020-11-05,27.57999992370605,28.13999938964844,26.040000915527344,27.559999465942383,0.0,-0.0696694539450556,-0.2696635472310826,-0.0736415371746358,-0.2888606672344455
2020-11-06,24.86000061035156,29.440000534057617,24.559999465942383,27.8700008392334,0.0,-0.1038307589647618,0.0451622820047975,-0.0585147709649434,0.0111854448388256
2020-11-09,25.75,25.81999969482422,22.40999984741211,24.799999237060547,0.0,0.0351745164756294,-0.1312049384020793,-0.0916118005300085,-0.116707249199037
2020-11-10,24.799999237060547,26.770000457763672,24.350000381469727,25.36000061035156,0.0,-0.0375910047024967,0.0361325010329966,0.0830245841907907,0.022329531229267
2020-11-11,23.450000762939453,25.1200008392334,22.56999969482422,25.01000022888184,0.0,-0.055973094980229,-0.0636174996231664,-0.075910287886564,-0.0138973995953747
2020-11-12,25.350000381469727,27.270000457763672,23.530000686645508,24.38999938964844,0.0,0.0779082176582881,0.0821228386348733,0.0416546546128327,-0.0251025668379761
2020-11-13,23.100000381469727,25.030000686645508,22.739999771118164,24.940000534057617,0.0,-0.0929461110437188,-0.0857120807672602,-0.0341507536637495,0.0222997744624233
2020-11-16,22.450000762939453,24.07999992370605,22.43000030517578,23.65999984741211,0.0,-0.028541985869386,-0.0386935156043164,-0.0137261161194118,-0.0526871095645393
2020-11-17,22.709999084472656,24.09000015258789,22.34000015258789,22.84000015258789,0.0,0.0115146676314219,0.000415205688589,-0.0040205616665043,-0.0352724606325082
2020-11-18,23.84000015258789,23.920000076293945,21.65999984741211,22.86000061035156,0.0,0.048559532794023,-0.0070818906888787,-0.0309115659431504,0.0008752935976672
2020-11-19,23.11000061035156,24.520000457763672,22.559999465942383,23.6200008392334,0.0,-0.0310993979006465,0.0247741974650248,0.0407111684289323,0.0327051612336346
2020-11-20,23.700000762939453,23.729999542236328,22.1299991607666,23.43000030517578,0.0,0.0252096296356219,-0.0327490785798344,-0.0192442868170164,-0.0080765807551366
2020-11-23,22.65999984741211,23.959999084472656,22.450000762939453,23.65999984741211,0.0,-0.044873831466562,0.0096456838794232,0.0143565320321279,0.0097685865563427
2020-11-24,21.63999938964844,22.479999542236328,20.799999237060547,22.040000915527344,0.0,-0.0460578230925661,-0.0637597303742533,-0.0763376981447125,-0.0709268262769822
2020-11-25,21.25,22.5,21.1299991607666,21.64999961853028,0.0,-0.0181865304030689,0.0008893045480369,0.0157408418828502,-0.0178535889954159
2020-11-26,21.25,22.5,21.1299991607666,21.64999961853028,0.0,-0.0181865304030689,0.0008893045480369,0.0157408418828502,-0.0178535889954159
2020-11-27,20.84000015258789,21.600000381469727,19.51000022888184,21.520000457763672,0.0,-0.0194826711633839,-0.0408219768596197,-0.0797666255438065,-0.0060226802635204
2020-11-30,20.56999969482422,22.88999938964844,20.479999542236328,22.63999938964844,0.0,-0.0130405353781403,0.0580067749491698,0.0485216114530312,0.050735469810861
2020-12-01,20.770000457763672,20.920000076293945,20.0,20.209999084472656,0.0,0.0096759710987759,-0.0899944644562642,-0.023716504265574,-0.1135407402611718
2020-12-02,21.170000076293945,21.25,20.040000915527344,21.0,0.0,0.019075428822967,0.0156512525267656,0.0019980483476691,0.038344951608604
2020-12-03,21.280000686645508,21.8799991607666,20.71999931335449,21.239999771118164,0.0,0.0051826079899746,0.0292160438271656,0.0333690623503593,0.011363747874334
2020-12-04,20.790000915527344,21.14999961853028,19.96999931335449,21.049999237060547,0.0,-0.0232955508337893,-0.0339330517416981,-0.0368682712081477,-0.0089856617135218
2020-12-07,21.299999237060547,22.6200008392334,21.170000076293945,22.040000915527344,0.0,0.0242348909897952,0.0671946203334684,0.0583539757067726,0.0459585019398307
2020-12-08,20.68000030517578,22.25,20.520000457763672,21.64999961853028,0.0,-0.0295399724993474,-0.0164924991771125,-0.0311850461399049,-0.0178535889954159
2020-12-09,22.270000457763672,22.93000030517578,20.100000381469727,20.65999984741211,0.0,0.07407343742717,0.0301041015665816,-0.0206802085671164,-0.0468059805228251
2020-12-10,22.520000457763672,23.459999084472656,21.530000686645508,22.1200008392334,0.0,0.0111633217740253,0.0228506940214617,0.0687275092251471,0.0682827582883353
2020-12-11,23.309999465942383,25.13999938964844,22.479999542236328,22.489999771118164,0.0,0.0344786065380977,0.0691633746837033,0.043178661393567,0.0165885412000146
2020-12-14,24.71999931335449,24.81999969482422,21.950000762939453,22.670000076293945,0.0,0.0587301746759967,-0.0128104114030943,-0.023858830383096,0.0079717120906769
2020-12-15,22.88999938964844,24.06999969482422,22.729999542236328,24.0,0.0,-0.076912497512643,-0.0306835283645994,0.0349184434460253,0.0570113624630935
2020-12-16,22.5,23.670000076293945,22.290000915527344,22.51000022888184,0.0,-0.01718479808955,-0.016757812367176,-0.0195474292540336,-0.0640941652612976
2020-12-17,21.93000030517578,22.270000457763672,21.520000457763672,21.979999542236328,0.0,-0.0256597328646733,-0.0609679249246788,-0.0351554319061035,-0.0238267369375454
2020-12-18,21.56999969482422,23.770000457763672,21.56999969482422,22.14999961853028,0.0,-0.0165521300927947,0.0651837988056972,0.0023206896877768,0.0077045511199327
2020-12-21,25.15999984741211,31.459999084472656,24.229999542236328,24.25,0.0,0.1539519795146319,0.2802925678986722,0.116288069683094,0.090579138114457
2020-12-22,24.229999542236328,25.559999465942383,23.530000686645508,25.239999771118164,0.0,-0.0376639098315379,-0.2076882599137563,-0.029315284015025,0.0400134112213015
2020-12-23,23.309999465942383,23.68000030517578,22.1299991607666,23.489999771118164,0.0,-0.0387090857994294,-0.0763977857117653,-0.0613421157809006,-0.0718552396777713
2020-12-24,21.530000686645508,22.82999992370605,21.38999938964844,22.46999931335449,0.0,-0.0794350868678004,-0.0365553657034201,-0.0340106215801955,-0.0443937332881078
2020-12-25,21.530000686645508,22.82999992370605,21.38999938964844,22.46999931335449,0.0,-0.0794350868678004,-0.0365553657034201,-0.0340106215801955,-0.0443937332881078
2020-12-28,21.700000762939453,22.1200008392334,21.14999961853028,22.11000061035156,0.0,0.0078649524361429,-0.031593242605715,-0.0112836071039858,-0.0161510331643335
2020-12-29,23.07999992370605,23.71999931335449,20.989999771118164,21.61000061035156,0.0,0.061654142629355,0.0698363305874082,-0.0075937645276793,-0.0228738237118461
2020-12-30,22.770000457763672,23.14999961853028,22.40999984741211,22.57999992370605,0.0,-0.0135225381548139,-0.0243237811274993,0.0654611580757018,0.0439083565799525
2020-12-31,22.75,23.25,21.239999771118164,22.989999771118164,0.0,-0.000878754782495,0.0043103679792962,-0.0536210954061588,0.01799477347669
2021-01-04,26.96999931335449,29.190000534057617,22.559999465942383,23.040000915527344,0.0,0.1701599662950751,0.227521071128568,0.0602922173593341,0.002172546744742
2021-01-05,25.34000015258789,28.600000381469727,24.799999237060547,26.940000534057617,0.0,-0.06234093077742,-0.0204194719980241,0.0946652194501573,0.156380315242063
2021-01-06,25.06999969482422,26.770000457763672,22.13999938964844,25.479999542236328,0.0,-0.0107122809173596,-0.0661248565317724,-0.113457722694579,-0.0557183780678275
2021-01-07,22.3700008392334,23.90999984741211,22.25,23.670000076293945,0.0,-0.1139510869791959,-0.1129850995436637,0.0049561088995797,-0.0736853859892288
2021-01-08,21.559999465942383,23.34000015258789,21.420000076293945,22.43000030517578,0.0,-0.0368810917480242,-0.0241281416924499,-0.0380169400308376,-0.0538090646113126
2021-01-11,24.07999992370605,24.809999465942383,23.229999542236328,23.309999465942383,0.0,0.1105418960022323,0.0610781427817848,0.0811194584951947,0.0384830679987571
2021-01-12,23.32999992370605,25.14999961853028,22.82999992370605,23.489999771118164,0.0,-0.0316415345091361,0.0136111052001578,-0.0173690698767308,0.0076923587904517
2021-01-13,22.209999084472656,24.18000030517578,21.920000076293945,23.06999969482422,0.0,-0.0491974860781978,-0.0393320235703192,-0.0406759916394975,-0.0180417299696126
2021-01-14,23.25,23.46999931335449,21.65999984741211,22.21999931335449,0.0,0.0457625353484323,-0.0298028772010213,-0.011932231032219,-0.0375403056480646
2021-01-15,24.34000015258789,25.799999237060547,23.07999992370605,23.520000457763672,0.0,0.0458159617950334,0.0946514817496493,0.0634992038061094,0.0568583891838218
2021-01-18,24.34000015258789,25.799999237060547,23.07999992370605,23.520000457763672,0.0,0.0458159617950334,0.0946514817496493,0.0634992038061094,0.0568583891838218
2021-01-19,23.239999771118164,23.559999465942383,22.530000686645508,23.030000686645508,0.0,-0.0462461716933043,-0.0908241262408692,-0.0241186534131736,-0.0210533988453107
2021-01-20,21.57999992370605,22.86000061035156,21.3700008392334,22.81999969482422,0.0,-0.0741079658405065,-0.0301616510491978,-0.0528596763184717,-0.0091604125870987
2021-01-21,21.31999969482422,22.21999931335449,21.09000015258789,21.34000015258789,0.0,-0.0121213713110051,-0.0283959317568622,-0.0131891068768572,-0.0670540780368275
2021-01-22,21.90999984741211,23.729999542236328,21.270000457763672,22.239999771118164,0.0,0.0272975616594889,0.0657472978478222,0.0084986490079441,0.0413092060670018
2021-01-25,23.190000534057617,26.6299991607666,22.200000762939453,22.309999465942383,0.0,0.0567780276540198,0.1152983171540879,0.0427946725111653,0.0031425254154711
2021-01-26,23.020000457763672,23.940000534057617,22.549999237060547,23.90999984741211,0.0,-0.0073577511178784,-0.1064876458732573,0.0156427088705763,0.0692617905820695
2021-01-27,37.209999084472656,37.209999084472656,23.709999084472656,23.81999969482422,0.0,0.4802140945749818,0.4410267953161968,0.0501618293483086,-0.0037712239730646
2021-01-28,30.209999084472656,36.290000915527344,27.38999938964844,33.25,0.0,-0.2084045526610546,-0.0250352713011273,0.1442810995274891,0.3335292159864548
2021-01-29,33.09000015258789,37.5099983215332,29.239999771118164,35.15999984741211,0.0,0.0910581614516798,0.0330652728935454,0.0653596660626321,0.0558543013752983
2021-02-01,30.239999771118164,33.959999084472656,29.030000686645508,31.450000762939453,0.0,-0.0900655828023315,-0.099424184862458,-0.0072078253643805,-0.1115100610719059
2021-02-02,25.559999465942383,28.07999992370605,25.309999465942383,28.01000022888184,0.0,-0.1681369351274276,-0.1901257580435655,-0.137130248233125,-0.1158374099618052
2021-02-03,22.90999984741211,25.43000030517578,22.90999984741211,24.59000015258789,0.0,-0.1094551188099749,-0.0991279850059406,-0.0996260636512899,-0.1302217350100667
2021-02-04,21.770000457763672,23.440000534057617,21.68000030517578,23.440000534057617,0.0,-0.0510405935313598,-0.0814856039418091,-0.0551832991572668,-0.0478958749405437
2021-02-05,20.8700008392334,22.15999984741211,20.86000061035156,21.989999771118164,0.0,-0.0422201349721882,-0.0561551324994917,-0.0385567118157702,-0.0638561933346208
2021-02-08,21.239999771118164,22.06999969482422,21.229999542236328,21.88999938964844,0.0,0.0175734242962193,-0.0040696485523323,0.0175817753210022,-0.0045579105061136
2021-02-09,21.6299991607666,22.26000022888184,20.64999961853028,21.56999969482422,0.0,0.0181950155676998,0.0085721496885862,-0.0276999532191193,-0.0147264373991988
2021-02-17,21.5,23.440000534057617,21.09000015258789,22.020000457763672,0.0,0.0018622405931039,0.0427080789451143,0.010007278904499,0.0412573601727343
2021-02-18,22.489999771118164,24.229999542236328,21.799999237060547,21.979999542236328,0.0,0.0450178206605579,0.0331475284431606,0.0331109330720543,-0.0018182239339722
2021-02-19,22.049999237060547,23.190000534057617,20.84000015258789,23.100000381469727,0.0,-0.0197581885017494,-0.0438703416389089,-0.0450357105907781,0.0496997058924862
2021-02-22,23.450000762939453,25.09000015258789,21.959999084472656,24.459999084472656,0.0,0.0615579601345935,0.0787481921628611,0.0523483507436066,0.0572064587878643
2021-02-23,23.11000061035156,27.01000022888184,22.5,22.81999969482422,0.0,-0.0146050767300181,0.073737809818538,0.0242927342597259,-0.0694017617686954
2021-02-24,21.34000015258789,25.040000915527344,21.309999465942383,23.76000022888184,0.0,-0.079682197673071,-0.075732593484,-0.0543388881612106,0.0403661730667605
2021-02-25,28.88999938964844,31.15999984741211,21.520000457763672,21.729999542236328,0.0,0.302912240327472,0.2186606333111412,0.0098063355159656,-0.0893097309251567
2021-02-26,27.950000762939453,30.81999969482422,25.229999542236328,28.729999542236328,0.0,-0.0330782664537129,-0.010971396115537,0.1590509879442112,0.2792480838555378
2021-03-01,23.350000381469727,25.38999938964844,23.170000076293945,25.200000762939453,0.0,-0.1798202264457498,-0.1938084483125612,-0.0851754027722658,-0.131097832265147
2021-03-02,24.100000381469727,24.600000381469727,22.799999237060547,23.57999992370605,0.0,0.0316148558732891,-0.0316089132323171,-0.016097839238937,-0.0664451329190638
2021-03-03,26.670000076293945,26.790000915527344,22.450000762939453,22.799999237060547,0.0,0.1013274847293596,0.0852822592855199,-0.0154698543259351,-0.0336383893755505
2021-03-04,28.56999969482422,31.89999961853028,24.93000030517578,26.520000457763672,0.0,0.0688178645064069,0.1745772801017638,0.1047812616045705,0.1511386800805973
2021-03-05,24.65999984741211,30.030000686645508,24.32999992370605,29.479999542236328,0.0,-0.1471747140124648,-0.0604090929719433,-0.0243617561171394,0.1058128692144604
2021-03-08,25.46999931335449,28.38999938964844,24.06999969482422,27.61000061035156,0.0,0.0323187704838435,-0.0561599558744994,-0.0107439145433315,-0.0655340037449555
2021-03-09,24.030000686645508,25.25,22.89999961853028,25.11000061035156,0.0,-0.0581981837094853,-0.1172107932646886,-0.0498293452141751,-0.0949118505716358
2021-03-10,22.559999465942383,23.8700008392334,22.3799991607666,23.76000022888184,0.0,-0.0631246753657973,-0.0562036802121306,-0.022969228517607,-0.0552626933490861
2021-03-11,21.90999984741211,22.5,21.450000762939453,22.5,0.0,-0.0292352563140196,-0.0591071662988637,-0.042442984442222,-0.0544881949171437
2021-03-12,20.690000534057617,22.989999771118164,20.6299991607666,22.56999969482422,0.0,-0.0572926290732656,0.0215440196090029,-0.0389783945393809,0.003106268097768
2021-03-15,20.030000686645508,21.86000061035156,19.8700008392334,21.84000015258789,0.0,-0.0324193336112254,-0.0504008181500539,-0.0375351876029875,-0.0328784194448131
2021-03-16,19.790000915527344,20.309999465942383,19.32999992370605,20.13999938964844,0.0,-0.0120543780819876,-0.0735451613723341,-0.0275528095266096,-0.0810353008783533
2021-03-17,19.229999542236328,20.950000762939453,19.18000030517578,20.100000381469727,0.0,-0.0287052700805677,0.0310253334883144,-0.0077902039068822,-0.0019880229413526
2021-03-18,21.57999992370605,22.600000381469727,18.950000762939453,18.950000762939453,0.0,0.1152954204985629,0.0758112403721276,-0.0120641135773463,-0.0589158622545315
2021-03-19,20.950000762939453,23.170000076293945,19.89999961853028,21.43000030517578,0.0,-0.029628273509284,0.0249084185796433,0.048915740772022,0.1229878519369808
2021-03-22,18.8799991607666,22.290000915527344,18.8700008392334,21.90999984741211,0.0,-0.1040355665188716,-0.0387201532658417,-0.0531463087061779,0.022151322916999
2021-03-23,20.299999237060547,21.57999992370605,18.799999237060547,19.459999084472656,0.0,0.0725177321980845,-0.0323712321766452,-0.0037165746009189,-0.1185821169318397
2021-03-24,21.200000762939453,21.489999771118164,19.299999237060547,20.63999938964844,0.0,0.0433803692011594,-0.0041792562907893,0.0262482271262806,0.0588698813308332
2021-03-25,19.809999465942383,23.549999237060547,19.809999465942383,20.799999237060547,0.0,-0.0678143839142082,0.0915380880620479,0.0260817773711705,0.0077220389854251
2021-03-26,18.86000061035156,21.489999771118164,18.68000030517578,19.31999969482422,0.0,-0.0491435241839322,-0.091538088062048,-0.0587333846137382,-0.0738121370389662
2021-03-29,20.739999771118164,21.600000381469727,19.420000076293945,20.39999961853028,0.0,0.0950208821980771,0.0051056323469562,0.0388500176540767,0.0543940691621503
2021-03-30,19.61000061035156,21.75,19.46999931335449,20.76000022888184,0.0,-0.0560245204328526,0.0069204251839384,0.0025713173254542,0.0174931871721503
2021-03-31,19.39999961853028,20.11000061035156,18.850000381469727,19.799999237060547,0.0,-0.0107666249268658,-0.0783965233994835,-0.0323618499861203,-0.0473461701546314
2021-04-01,17.329999923706055,18.63999938964844,17.290000915527344,18.600000381469727,0.0,-0.1128339470808001,-0.0759074576219473,-0.0863845814846792,-0.0625202979399127
2021-04-02,17.329999923706055,18.63999938964844,17.290000915527344,18.600000381469727,0.0,-0.1128339470808001,-0.0759074576219473,-0.0863845814846792,-0.0625202979399127
2021-04-05,17.90999984741211,18.39999961853028,17.350000381469727,18.15999984741211,0.0,0.0329201082278225,-0.0129591326303726,0.0034641757331346,-0.0239402364575501
2021-04-06,18.1200008392334,18.299999237060547,17.3700008392334,18.06999969482422,0.0,0.0116571393772243,-0.0054496257261956,0.0011521001885231,-0.0049682770551257
2021-04-07,17.15999984741211,18.170000076293945,16.8700008392334,17.989999771118164,0.0,-0.0544352617623932,-0.0071291315497178,-0.0292076822631536,-0.0044370524758886
2021-04-08,16.950000762939453,17.360000610351562,16.549999237060547,16.920000076293945,0.0,-0.0123132063301124,-0.0456031422162724,-0.0191508905809549,-0.0613196765525402
2021-04-09,16.690000534057617,17.34000015258789,16.200000762939453,17.049999237060547,0.0,-0.0154581091652332,-0.0011527642385448,-0.0213747663906449,0.0076538002951672
2021-04-12,16.90999984741211,17.90999984741211,16.809999465942383,17.43000030517578,0.0,0.0130953842145568,0.032343227400758,0.0369626263169255,0.0220427180582373
2021-04-13,16.649999618530273,17.860000610351562,16.43000030517578,16.989999771118164,0.0,-0.0154949603716011,-0.0027955979303448,-0.0228649650268122,-0.0255679548283013
2021-04-14,16.989999771118164,17.690000534057617,15.380000114440918,16.709999084472656,0.0,0.0202147286969207,-0.0095640712610754,-0.0660409791050886,-0.0166176343941665
2021-04-15,16.56999969482422,16.920000076293945,15.9399995803833,16.780000686645508,0.0,-0.0250311091911749,-0.0445031796743209,0.0357636755189172,0.0041804541414183
2021-04-16,16.25,16.8799991607666,16.049999237060547,16.649999618530273,0.0,-0.0195009042453573,-0.0023669192369841,0.0068771550035482,-0.0077775484441726
2021-04-19,17.290000915527344,18.61000061035156,16.780000686645508,17.040000915527344,0.0,0.0620354438707145,0.0975696640009346,0.0444789399186752,0.0231533816139409
2021-04-20,18.68000030517578,19.700000762939453,17.239999771118164,17.360000610351562,0.0,0.0773250964912685,0.0569195710207071,0.0270445099998077,0.0186051692614048
2021-04-22,18.709999084472656,19.89999961853028,16.989999771118164,17.280000686645508,0.0,0.0668572104240142,0.0311328381822359,0.0047197683253196,-0.0671392383304377
2021-04-23,17.329999923706055,18.780000686645508,16.799999237060547,18.559999465942383,0.0,-0.0766189920283884,-0.0579272022184039,-0.0112460812161291,0.0714588954710593
2021-04-26,17.639999389648438,18.170000076293945,16.8700008392334,17.940000534057617,0.0,0.0177299166531216,-0.0330206237357336,0.0041581053088155,-0.0339758121836504
2021-04-27,17.559999465942383,18.15999984741211,16.969999313354492,17.6200008392334,0.0,-0.0045454581845497,-0.0005505218362457,0.0059100924788526,-0.0179982182621239
2021-04-28,17.280000686645508,17.84000015258789,16.670000076293945,17.469999313354492,0.0,-0.0160737546813275,-0.0177782290657341,-0.0178363374443938,-0.008549583295924
2021-04-29,17.610000610351562,18.8700008392334,16.770000457763672,16.8799991607666,0.0,0.0189171540551488,0.0561302681499396,0.0059809017922745,-0.0343556453915081
2021-05-04,19.479999542236328,21.850000381469727,18.11000061035156,18.15999984741211,0.0,0.0619409451963457,0.1334659874839533,0.0172658911615102,-0.0266247608649533
2021-05-05,19.14999961853028,19.57999992370605,17.889999389648438,18.84000015258789,0.0,-0.0170855790086621,-0.1096923057943278,-0.012222442194067,0.0367609124766315
2021-05-06,18.38999938964844,20.600000381469727,18.209999084472656,18.40999984741211,0.0,-0.0404956902796536,0.0507824611076432,0.0177289800597245,-0.023088290290691
2021-05-07,16.690000534057617,18.56999969482422,16.68000030517578,18.450000762939453,0.0,-0.0969972357545089,-0.103743735382675,-0.0877604282369286,0.0021704248815963
2021-05-10,19.65999984741211,19.75,17.06999969482422,17.34000015258789,0.0,0.1637763372852811,0.0616061324163227,0.0231121037019366,-0.0620484316861084
2021-05-11,21.84000015258789,23.729999542236328,20.709999084472656,21.170000076293945,0.0,0.105157050905646,0.1835865598100365,0.1932941122720262,0.1995691085984857
2021-05-12,27.59000015258789,28.3799991607666,21.65999984741211,22.420000076293945,0.0,0.233710235896416,0.1789445910034319,0.044850603327685,0.0573683322963106
2021-05-13,23.1299991607666,28.93000030517578,22.229999542236328,26.030000686645508,0.0,-0.176322953799727,0.0191944873762095,0.025975472855788,0.1492963243385237
2021-05-14,18.809999465942383,22.100000381469727,18.65999984741211,21.770000457763672,0.0,-0.2067418250392974,-0.2693015037520284,-0.175060520142021,-0.1787168491117529
2021-05-17,19.71999931335449,21.57999992370605,19.670000076293945,19.88999938964844,0.0,0.0472446994340158,-0.0238106694901927,0.0527124490377374,-0.0903158340941985
2021-05-18,21.34000015258789,21.450000762939453,18.809999465942383,18.88999938964844,0.0,0.0789499386691934,-0.0060422753522895,-0.0447060213589425,-0.0515844129769388
2021-05-19,22.18000030517578,25.959999084472656,21.8799991607666,22.459999084472656,0.0,0.0386077426573431,0.1908321756267435,0.1511843242768707,0.1731032593451366
2021-05-20,20.670000076293945,23.5,20.190000534057617,22.32999992370605,0.0,-0.0705076182965491,-0.0995564354189285,-0.0803854804212549,-0.0058048461123157
2021-05-21,20.14999961853028,20.88999938964844,19.530000686645508,20.420000076293945,0.0,-0.0254791079235321,-0.1177298747990428,-0.0332356787292494,-0.0894162459626538
2021-05-24,18.39999961853028,20.51000022888184,18.3799991607666,20.5,0.0,-0.0908536255783023,-0.0183579631072572,-0.0606887087796884,0.0039100696716067
2021-05-25,18.84000015258789,19.290000915527344,16.8700008392334,18.350000381469727,0.0,0.0236316333644722,-0.0613257088649354,-0.0857261249624334,-0.1107952908552424
2021-05-26,17.360000610351562,18.920000076293945,17.350000381469727,18.3700008392334,0.0,-0.0818135328566583,-0.0193673067226961,0.0280555820746306,0.0010893496229103
2021-05-27,16.739999771118164,18.170000076293945,16.520000457763672,18.030000686645508,0.0,-0.0363676930021244,-0.0404476810492056,-0.0490207325770987,-0.0186818696133051
2021-05-28,16.760000228881836,16.860000610351562,15.899999618530272,16.799999237060547,0.0,0.0011940573217919,-0.074827897832107,-0.0382527105681182,-0.0706582343025757
2021-05-31,16.760000228881836,16.860000610351562,15.899999618530272,16.799999237060547,0.0,0.0011940573217919,-0.074827897832107,-0.0382527105681182,-0.0706582343025757
2021-06-01,17.899999618530273,18.530000686645508,15.68000030517578,17.239999771118164,0.0,0.0658055828251802,0.0944470885782815,-0.013933050849376,0.0258534109631888
2021-06-02,17.479999542236328,18.309999465942383,16.739999771118164,17.860000610351562,0.0,-0.0237433474960152,-0.0119437478342694,0.0654150170035764,0.0353313576632335
2021-06-03,18.040000915527344,19.270000457763672,17.450000762939453,17.729999542236328,0.0,0.0315342213447932,0.0511021766626437,0.0415386409813146,-0.0073055153550499
2021-06-04,16.420000076293945,18.420000076293945,16.18000030517578,18.09000015258789,0.0,-0.0940914567136434,-0.0451124712124562,-0.0755637618782516,0.020101213574612
2021-06-07,16.420000076293945,17.350000381469727,15.779999732971191,17.34000015258789,0.0,0.0,-0.059844506589473,-0.0250326319958918,-0.0423433276899753
2021-06-08,17.06999969482422,17.75,15.149999618530272,16.579999923706055,0.0,0.0388224102577617,0.022792987541829,-0.0407427917198924,-0.0448188350465747
2021-06-09,17.889999389648438,17.959999084472656,15.550000190734863,17.18000030517578,0.0,0.0469193444752673,0.0117614959767174,0.0260601441152927,0.0355487892139581
2021-06-10,16.100000381469727,18.290000915527344,16.010000228881836,18.18000030517578,0.0,-0.1054225677195259,0.0182075005608004,0.0291528904136522,0.0565761712161368
2021-06-11,15.649999618530272,16.200000762939453,15.149999618530272,16.18000030517578,0.0,-0.0283484030730894,-0.1213432231255775,-0.0552130345289449,-0.116546175044037
2021-06-14,16.389999389648438,17.040000915527344,15.039999961853027,16.040000915527344,0.0,0.0462004629053726,0.0505522857959335,-0.0072871907905318,-0.0086902709755108
2021-06-15,17.020000457763672,17.350000381469727,16.139999389648438,16.270000457763672,0.0,0.0377177945243885,0.018028953250297,0.0705873090403942,0.0142372898502586
2021-06-16,18.14999961853028,19.11000061035156,16.420000076293945,16.989999771118164,0.0,0.0642813896523834,0.0966192618114425,0.0171994836449655,0.0433019728458887
2021-06-17,17.75,19.21999931335449,16.709999084472656,18.489999771118164,0.0,-0.0222850237718192,0.0057395776255345,0.0175071791474265,0.0846051108080724
2021-06-18,20.700000762939453,21.040000915527344,16.920000076293945,16.959999084472656,0.0,0.1537482212068763,0.0904740635665922,0.0124890708690636,-0.0863724566381605
2021-06-21,17.889999389648438,21.81999969482422,17.809999465942383,21.739999771118164,0.0,-0.1458918737245862,0.0364015350357016,0.0512637086280035,0.2482962947827295
2021-06-22,16.65999984741211,18.31999969482422,15.760000228881836,17.90999984741211,0.0,-0.0712312358239553,-0.1748336238309494,-0.122284968362487,-0.1937946636120032
2021-06-23,16.31999969482422,16.84000015258789,14.859999656677246,16.25,0.0,-0.0206192967432952,-0.0842363247126981,-0.0588020827668984,-0.0972662987771703
2021-06-24,15.970000267028809,16.049999237060547,14.1899995803833,15.989999771118164,0.0,-0.0216793518888916,-0.0480482158343639,-0.0461355545851394,-0.0161293962439447
2021-06-25,15.619999885559082,16.170000076293945,15.210000038146973,16.040000915527344,0.0,-0.022159841862596,0.0074488762664004,0.0694156471785665,0.0031221469843296
2021-06-28,15.760000228881836,16.459999084472656,15.390000343322754,16.06999969482422,0.0,0.0089229618677154,0.0177754613203211,0.0117648613797381,0.0018685012428862
2021-06-29,16.020000457763672,16.309999465942383,14.100000381469728,15.6899995803833,0.0,0.0163628712620319,-0.0091547557388374,-0.0875431457202459,-0.0239306207582896
2021-06-30,15.829999923706056,17.309999465942383,15.579999923706056,16.18000030517578,0.0,-0.0119311011413827,0.0595059544468292,0.0998132111069738,0.0307523904909141
2021-07-01,15.479999542236328,16.010000228881836,15.3100004196167,15.619999885559082,0.0,-0.0223580304830572,-0.0780707970307659,-0.0174817984680803,-0.0352237934066655
2021-07-02,15.06999969482422,15.539999961853027,14.25,15.529999732971191,0.0,-0.0268428462024295,-0.0297961988200616,-0.0717493303629468,-0.0057785171187666
2021-07-05,15.06999969482422,15.539999961853027,14.25,15.529999732971191,0.0,-0.0268428462024295,-0.0297961988200616,-0.0717493303629468,-0.0057785171187666
2021-07-06,16.440000534057617,17.940000534057617,15.729999542236328,15.770000457763672,0.0,0.0870114297254352,0.1436155439150064,0.0988127812542124,0.0153358100362364
2021-07-07,16.200000762939453,17.639999389648438,16.079999923706055,16.43000030517578,0.0,-0.0147061327799245,-0.0168638704215316,0.0220065710373001,0.0409995206210321
2021-07-08,19.0,21.290000915527344,17.739999771118164,17.739999771118164,0.0,0.1594276898330751,0.1880685059298646,0.0982457049732414,0.0767130133559348
2021-07-09,16.18000030517578,18.1299991607666,16.079999923706055,17.8799991607666,0.0,-0.1606630486747982,-0.1606695434310848,-0.0982457049732413,0.0078607588289626
2021-07-12,16.170000076293945,17.520000457763672,16.139999389648438,16.850000381469727,0.0,-0.0006182521843864,-0.0342248668406874,0.0037243660195481,-0.0593320433708525
2021-07-13,17.1200008392334,17.229999542236328,15.9399995803833,16.389999389648438,0.0,0.0570897414269816,-0.0166910876642983,-0.0124689779884129,-0.0276793239210513
2021-07-14,16.329999923706055,17.510000228881836,15.949999809265137,17.34000015258789,0.0,-0.0472435174238748,0.0161201353972429,0.0006271702352478,0.0563446246356867
2021-07-15,17.010000228881836,18.09000015258789,16.559999465942383,16.700000762939453,0.0,0.04079751755313,0.032587148472881,0.0375312994347022,-0.0376072150444532
2021-07-16,18.450000762939453,18.700000762939453,16.030000686645508,16.799999237060547,0.0,0.0812629919747747,0.0331642568173072,-0.0325281072507677,0.0059700758884439
2021-07-19,22.5,25.09000015258789,19.270000457763672,19.61000061035156,0.0,0.1984508973721072,0.2939458018005114,0.1840874967250357,0.1546608303366106
2021-07-20,19.729999542236328,22.96999931335449,19.3700008392334,20.88999938964844,0.0,-0.1313750123772532,-0.08828037965209,0.0051760145638318,0.0632308750183102
2021-07-21,17.90999984741211,19.81999969482422,17.809999465942383,19.729999542236328,0.0,-0.0967810892802043,-0.1474974733033862,-0.0839654534301775,-0.0571302495179493
2021-07-22,17.690000534057617,18.450000762939453,17.399999618530273,17.59000015258789,0.0,-0.0123596691914202,-0.0716271016662092,-0.0232898830182435,-0.1148097294089591
2021-07-23,17.200000762939453,17.479999542236328,16.329999923706055,16.979999542236328,0.0,-0.0280901101851452,-0.0540070677987312,-0.0634662819865731,-0.0352944134999524
2021-07-26,17.579999923706055,19.38999938964844,17.530000686645508,18.670000076293945,0.0,0.0218524597408646,0.1037000937373778,0.0709098357925181,0.0948818077158675
2021-07-27,19.36000061035156,20.440000534057617,18.25,18.6200008392334,0.0,0.0964472254576379,0.052736353686653,0.0402513419256201,-0.002681644719546
2021-07-28,18.309999465942383,19.6200008392334,17.520000457763672,19.40999984741211,0.0,-0.0557617838559728,-0.0409442945519674,-0.040821968392192,0.0415520723990847
2021-07-29,17.700000762939453,18.010000228881836,17.190000534057617,17.90999984741211,0.0,-0.0338826468351747,-0.0856223250151374,-0.0190152611736269,-0.080429181766699
2021-07-30,18.239999771118164,19.71999931335449,17.530000686645508,19.690000534057617,0.0,0.0300522894141325,0.0907061424582747,0.0195858876401987,0.0947517122214088
2021-08-02,19.459999084472656,19.8700008392334,17.989999771118164,18.15999984741211,0.0,0.0647440576133928,0.0075777844451932,0.0259022971368355,-0.0808895550035953
2021-08-03,18.040000915527344,20.440000534057617,17.700000762939453,19.170000076293945,0.0,-0.0757694643269027,0.0282826926636368,-0.0162513525560095,0.0541251962666842
2021-08-04,17.969999313354492,18.89999961853028,17.670000076293945,18.229999542236328,0.0,-0.0038879027995192,-0.0783318895815535,-0.0016963920343908,-0.0502779974573024
2021-08-05,17.280000686645508,17.84000015258789,17.229999542236328,17.729999542236328,0.0,-0.0391538594724712,-0.0577187661770171,-0.0252162666773054,-0.0278104693125899
2021-08-06,16.149999618530273,17.5,16.139999389648438,17.459999084472656,0.0,-0.0676297770640898,-0.0192422547755278,-0.0653513989462901,-0.0153455962917686
2021-08-09,16.719999313354492,17.389999389648438,16.59000015258789,17.1200008392334,0.0,0.0346855405409908,-0.0063055876611245,0.0274994883742152,-0.0196650782415161
2021-08-10,16.790000915527344,17.049999237060547,16.34000015258789,16.81999969482422,0.0,0.0041779590283406,-0.019745134286001,-0.0151840146297744,-0.0176787833330609
2021-08-11,16.170000076293945,17.09000015258789,16.06999969482422,16.809999465942383,0.0,-0.0376258473103246,0.0023433470736464,-0.0166619380111432,-0.0005947207508856
2021-08-12,15.59000015258789,16.420000076293945,15.489999771118164,16.329999923706055,0.0,-0.0365279854500214,-0.0399933973853036,-0.0367595211063435,-0.0289700133399282
2021-08-13,15.449999809265137,15.720000267028809,15.1899995803833,15.68000030517578,0.0,-0.0090207018587784,-0.0435663046830598,-0.0195573506695288,-0.0406178679253598
2021-08-16,16.1200008392334,17.709999084472656,16.020000457763672,17.049999237060547,0.0,0.0424517981416502,0.1191955961116128,0.0532006812315789,0.0837641245973402
2021-08-17,17.90999984741211,19.559999465942383,16.709999084472656,17.309999465942383,0.0,0.1052984184128106,0.0993572372038731,0.042169317603388,0.0151341793532259
2021-08-18,21.56999969482422,21.63999938964844,17.309999465942383,17.559999465942383,0.0,0.1859442386999894,0.1010567884703831,0.0352770505174565,0.0143392194580975
2021-08-19,21.670000076293945,24.739999771118164,20.3700008392334,23.1200008392334,0.0,0.0046253728160786,0.133877931939358,0.1627789331026244,0.2750745223095323
2021-08-20,18.559999465942383,23.89999961853028,18.18000030517578,22.739999771118164,0.0,-0.154920120485587,-0.0345429147364643,-0.1137411659025138,-0.0165726018459728
2021-08-23,17.149999618530273,18.950000762939453,16.950000762939453,18.82999992370605,0.0,-0.079010547214582,-0.2320744711872968,-0.0700542266980438,-0.1886741396398878
2021-08-24,17.219999313354492,17.510000228881836,16.940000534057617,16.959999084472656,0.0,0.0040733077558837,-0.0790318124198386,-0.0005901580873039,-0.1045937622351473
2021-08-25,16.790000915527344,17.5,16.459999084472656,17.420000076293945,0.0,-0.0252879335071192,-0.0005712784397846,-0.0287445811227546,0.0267613994218416
2021-08-26,18.84000015258789,19.270000457763672,17.15999984741211,17.459999084472656,0.0,0.1151987516297814,0.0963486252520565,0.041647945540171,0.0022935221717213
2021-08-27,16.389999389648438,18.21999931335449,16.110000610351562,17.950000762939453,0.0,-0.1393109217308898,-0.0560296520360751,-0.0631408500923627,0.0276776594621241
2021-08-30,16.190000534057617,16.799999237060547,15.979999542236328,16.770000457763672,0.0,-0.0122775548400469,-0.0811410131493002,-0.008102323383294,-0.067998554306179
2021-08-31,16.479999542236328,17.06999969482422,15.90999984741211,15.979999542236328,0.0,0.0177536960279784,0.0159436779322978,-0.0043900789330864,-0.0482536914396074
2021-09-01,16.110000610351562,16.709999084472656,15.68000030517578,16.059999465942383,0.0,-0.0227072616290182,-0.0213152311103353,-0.014561798374002,0.004993763572625
2021-09-06,16.110000610351562,16.709999084472656,15.68000030517578,16.059999465942383,0.0,-0.0227072616290182,-0.0213152311103353,-0.014561798374002,0.004993763572625
2021-09-07,18.13999938964844,18.38999938964844,16.889999389648438,16.940000534057617,0.0,0.1002285152367372,0.0750704946680453,0.0491454356766763,0.0403547713839415
2021-09-08,17.959999084472656,19.63999938964844,17.780000686645508,18.96999931335449,0.0,-0.0099723991421245,0.065761266422445,0.0513525740218919,0.1131810270002009
2021-09-09,18.799999237060547,19.540000915527344,17.170000076293945,19.440000534057617,0.0,0.0457098173558746,-0.005104578380711,-0.0349105893519114,0.0244740787538597
2021-09-10,20.950000762939453,21.1299991607666,16.989999771118164,17.940000534057617,0.0,0.1082818535312867,0.0782300984416953,-0.0105387571405501,-0.0802999401046447
2021-09-13,19.3700008392334,21.18000030517578,18.76000022888184,19.63999938964844,0.0,-0.078413162039947,0.0023635626715969,0.0991020335663243,0.0905353854496085
2021-09-14,19.459999084472656,20.46999931335449,18.38999938964844,19.57999992370605,0.0,0.004635508965875,-0.0340969884527316,-0.0199199503516918,-0.0030596386435162
2021-09-15,18.18000030517578,20.270000457763672,18.010000228881836,19.299999237060547,0.0,-0.0680389241755525,-0.0098183830819885,-0.0208798335304492,-0.0144035768255423
2021-09-16,18.690000534057617,19.76000022888184,17.649999618530273,18.40999984741211,0.0,0.0276665445063031,-0.0254822791444066,-0.0201914101301719,-0.0472110694236266
2021-09-17,20.809999465942383,21.51000022888184,18.350000381469727,18.3700008392334,0.0,0.1074449647000515,0.0848582500175456,0.0388938335228302,-0.0021750420446404
2021-09-20,25.709999084472656,28.790000915527344,23.89999961853028,24.25,0.0,0.2114463709259874,0.2915101825039132,0.2642488476872686,0.2776976724714618
2021-09-21,24.36000061035156,25.600000381469727,21.709999084472656,23.40999984741211,0.0,-0.0539375177708427,-0.1174357700375917,-0.0961055012569556,-0.0352533423987373
2021-09-22,20.8700008392334,23.39999961853028,20.75,22.71999931335449,0.0,-0.1546297065956409,-0.0898563603251471,-0.0452266950427256,-0.0299177113538782
2021-09-23,18.6299991607666,20.209999084472656,18.420000076293945,19.90999984741211,0.0,-0.1135396217354598,-0.1465585199467117,-0.1191092117076384,-0.1320234532186536
2021-09-24,17.75,20.40999984741211,17.6299991607666,19.32999992370605,0.0,-0.0483876236446531,0.0098474832308007,-0.0438350861618661,-0.0295638211389025
2021-09-27,18.76000022888184,19.31999969482422,17.739999771118164,17.780000686645508,0.0,0.0553414398571782,-0.0548841563570957,0.0062200151722105,-0.08358402056858
2021-09-28,23.25,24.81999969482422,19.709999084472656,19.739999771118164,0.0,0.2145781762547623,0.2505089544923778,0.1053041107353238,0.1045727537057708
2021-09-29,22.559999465942383,23.790000915527344,21.450000762939453,22.06999969482422,0.0,-0.0301267290762741,-0.0423844046823311,0.084598606227561,0.1115721840305045
2021-09-30,23.13999938964844,24.709999084472656,20.600000381469727,21.479999542236328,0.0,0.0253842924319671,0.0379426201510633,-0.0404335866288151,-0.0270969581115096
2021-10-01,21.100000381469727,24.88999938964844,20.850000381469727,24.780000686645508,0.0,-0.0922896368279037,0.0072581089079072,0.0120628722272373,0.1429146555811555
2021-10-04,22.959999084472656,24.57999992370605,21.8799991607666,22.89999961853028,0.0,0.0844804730153259,-0.0125329908235561,0.0482189726568711,-0.078900010008534
2021-10-05,21.299999237060547,23.170000076293945,20.6200008392334,22.920000076293945,0.0,-0.0750464946798554,-0.0590747592969103,-0.0593114199088076,0.0008730012731177
2021-10-06,21.0,24.39999961853028,20.989999771118164,22.950000762939453,0.0,-0.0141845991732021,0.0517247749280761,0.0177846036394301,0.0013080745748577
2021-10-07,19.540000915527344,20.76000022888184,19.06999969482422,20.540000915527344,0.0,-0.072058744254778,-0.1615550473423263,-0.0959297193188115,-0.1109437206767926
2021-10-08,18.770000457763672,19.940000534057617,18.200000762939453,19.459999084472656,0.0,-0.0402038184821792,-0.0403002780059022,-0.0466947676069034,-0.0540132193620782
2021-10-11,20.0,20.450000762939453,18.11000061035156,19.93000030517578,0.0,0.0634723985675252,0.0252551284794402,-0.004957330404717,0.0238651198258538
2021-10-12,19.850000381469727,20.809999465942383,18.96999931335449,20.6200008392334,0.0,-0.0075282472031733,0.0174506949456712,0.0463944421527506,0.0340353697516982
2021-10-13,18.63999938964844,20.229999542236328,18.440000534057617,20.13999938964844,0.0,-0.0628942498375554,-0.0282669861903421,-0.0283365006601753,-0.0235536623038079
2021-10-14,16.860000610351562,18.07999992370605,16.799999237060547,18.010000228881836,0.0,-0.1003657877383932,-0.1123602778074594,-0.0931434060942076,-0.111780685088514
2021-10-15,16.299999237060547,16.850000381469727,15.720000267028809,16.639999389648438,0.0,-0.0337789277682548,-0.070455671306709,-0.0664450370085237,-0.0791177731831814
2021-10-18,16.309999465942383,17.93000030517578,16.270000457763672,17.290000915527344,0.0,0.0006133228821253,0.0621246251999185,0.0343891453787642,0.0383189539331805
2021-10-19,15.699999809265137,16.309999465942383,15.56999969482422,16.09000015258789,0.0,-0.0381176836831945,-0.0946969207487024,-0.0439769831207259,-0.0719303821587702
2021-10-20,15.489999771118164,15.890000343322754,15.289999961853027,15.81999969482422,0.0,-0.0134660605528707,-0.0260883817339001,-0.0181469487995899,-0.0169230274386876
2021-10-21,15.010000228881836,16.110000610351562,14.920000076293944,16.059999465942383,0.0,-0.0314779787586803,0.0137502329205459,-0.0244964175569242,0.0150567322157129
2021-10-22,15.43000030517578,16.389999389648438,14.84000015258789,15.350000381469728,0.0,0.0275970252591558,0.0172311204410869,-0.0053763518677126,-0.0452161763800621
2021-10-25,15.239999771118164,16.329999923706055,15.100000381469728,16.139999389648438,0.0,-0.0123901509131427,-0.0036674532061096,0.0173685210623369,0.0501851261410661
2021-10-26,15.979999542236328,16.709999084472656,14.899999618530272,15.020000457763672,0.0,0.0474143764520841,0.0230033855077498,-0.0133335817343563,-0.0719179482127897
2021-10-27,16.979999542236328,17.290000915527344,15.539999961853027,15.789999961853027,0.0,0.0606982422321185,0.034121064828349,0.0420561551353233,0.0499941490387258
2021-10-28,16.530000686645508,17.15999984741211,16.229999542236328,17.059999465942383,0.0,-0.0268592005519244,-0.0075472674787131,0.0434440108369724,0.0773596849072093
2021-10-29,16.260000228881836,18.059999465942383,16.1299991607666,17.399999618530273,0.0,-0.016468835176247,0.0511184332497942,-0.0061805132139465,0.01973367353807
2021-11-01,16.40999984741211,17.700000762939453,16.31999969482422,16.850000381469727,0.0,0.0091827776074915,-0.0201348357338358,0.0117104907286971,-0.0321195048594122
2021-11-02,16.030000686645508,16.649999618530273,15.890000343322754,16.540000915527344,0.0,-0.0234288863470403,-0.0611544891683485,-0.0267013286816252,-0.0185689344896613
2021-11-03,15.100000381469728,16.389999389648438,14.899999618530272,16.110000610351562,0.0,-0.0597672403727149,-0.0157388379988858,-0.0643288148054212,-0.0263415098724766
2021-11-04,15.4399995803833,16.139999389648438,14.729999542236328,15.0600004196167,0.0,0.0222667483356082,-0.015370730490752,-0.011474987951843,-0.0673979848406435
2021-11-05,16.479999542236328,17.020000457763672,14.949999809265137,15.59000015258789,0.0,0.065185979285021,0.0530885250151404,0.0148250876809354,0.0345874426224923
2021-11-08,17.219999313354492,17.690000534057617,16.440000534057617,17.229999542236328,0.0,0.0439239624202961,0.038610388320636,0.0950061350347792,0.100022331114776
2021-11-09,17.780000686645508,18.56999969482422,17.209999084472656,17.43000030517578,0.0,0.0320028095800406,0.0485478205693114,0.0457731349127514,0.0115408530685698
2021-11-10,18.729999542236328,19.89999961853028,17.219999313354492,17.739999771118164,0.0,0.0520522233111247,0.0691723536303056,0.0005809020986581,0.0176290869388331
2021-11-11,17.65999984741211,18.38999938964844,17.270000457763672,18.34000015258789,0.0,-0.0588243054803619,-0.0789127071342026,0.0028994595401796,0.0332625111688558
2021-11-12,16.290000915527344,17.690000534057617,16.149999618530273,17.489999771118164,0.0,-0.0807507077197494,-0.0388074670654145,-0.0670508926166306,-0.0474551992041985
2021-11-15,16.489999771118164,17.459999084472656,16.489999771118164,17.030000686645508,0.0,0.0122026438757153,-0.0130870403857431,0.0208340966432201,-0.0266527409497147
2021-11-16,16.3700008392334,17.079999923706055,16.030000686645508,16.860000610351562,0.0,-0.0073036800418781,-0.0220043140821883,-0.0282921132349796,-0.0100325462194867
2021-11-17,17.110000610351562,17.190000534057617,16.280000686645508,16.360000610351562,0.0,0.0442126809267236,0.0064196665691163,0.0154753932951466,-0.030104620292716
2021-11-18,17.59000015258789,18.14999961853028,16.3799991607666,16.809999465942383,0.0,0.0276674438478477,0.0543426892305623,0.0061236244380359,0.0271345471681377
2021-11-19,17.90999984741211,19.01000022888184,17.229999542236328,17.360000610351562,0.0,0.0180286401287546,0.0462946288471694,0.0505909967823383,0.0321948287404129
2021-11-22,19.170000076293945,19.59000015258789,17.350000381469727,18.200000762939453,0.0,0.0679873534844978,0.0300540712051063,0.0069405044075855,0.0472528916117952
2021-11-23,19.3799991607666,20.90999984741211,19.030000686645508,20.239999771118164,0.0,0.0108950021211077,0.0652082663976579,0.0924241890107269,0.1062391971083746
2021-11-24,18.57999992370605,20.959999084472656,18.520000457763672,19.170000076293945,0.0,-0.0421558338790704,0.002388309629923,-0.0271654634550288,-0.0543142720734589
2021-11-25,18.57999992370605,20.959999084472656,18.520000457763672,19.170000076293945,0.0,-0.0421558338790704,0.002388309629923,-0.0271654634550288,-0.0543142720734589
2021-11-26,28.6200008392334,28.989999771118164,23.8799991607666,26.6200008392334,0.0,0.4320200741721718,0.3243351192652638,0.2541899994453297,0.3283162834559741
2021-11-29,22.959999084472656,25.690000534057617,21.709999084472656,25.309999465942383,0.0,-0.2203522718751432,-0.1208491031280315,-0.0952683116611906,-0.0504632910370128
2021-11-30,27.190000534057617,28.559999465942383,23.709999084472656,26.229999542236328,0.0,0.1690957467095909,0.1059052868615541,0.0881239197443273,0.0357042229704935
2021-12-01,31.1200008392334,32.61000061035156,22.3799991607666,24.920000076293945,0.0,0.135001447991773,0.1326118897460397,-0.05772919607924,-0.0512330794460622
2021-12-02,27.950000762939453,30.68000030517578,27.14999961853028,29.440000534057617,0.0,-0.1074334993801553,-0.061008022071812,0.1932093669449739,0.1666836150204122
2021-12-03,30.670000076293945,35.31999969482422,25.88999938964844,26.950000762939453,0.0,0.0928677537160466,0.1408383806493336,-0.0475202621408475,-0.088370986336772
2021-12-06,27.18000030517578,30.81999969482422,26.75,28.989999771118164,0.0,-0.1208035606627845,-0.1362855471053535,0.032677703153369,0.0729676093739171
2021-12-07,21.88999938964844,24.690000534057617,21.57999992370605,24.57999992370605,0.0,-0.2164515362988461,-0.2217654950024838,-0.2147675170474277,-0.1650178340043792
2021-12-08,19.89999961853028,23.11000061035156,19.850000381469727,21.739999771118164,0.0,-0.0953101710909914,-0.0661328742906099,-0.08356292994377,-0.1227792298690652
2021-12-09,21.57999992370605,22.1200008392334,19.940000534057617,20.309999465942383,0.0,0.0810472437334741,-0.0437832361028408,0.0045237649661047,-0.0680405218679306
2021-12-10,18.690000534057617,21.299999237060547,18.690000534057617,21.270000457763672,0.0,-0.1437783062526054,-0.0377751776975352,-0.06473914127494,0.0461843014367204
2021-12-13,20.309999465942383,21.18000030517578,18.959999084472656,19.290000915527344,0.0,0.0831246992550068,-0.0056496823146877,0.014342798497585,-0.097710776354832
2021-12-14,21.88999938964844,23.0,19.670000076293945,19.670000076293945,0.0,0.0749165343551159,0.0824368613472122,0.036763187740096,0.0195077619007855
2021-12-15,19.290000915527344,23.46999931335449,19.020000457763672,21.600000381469727,0.0,-0.1264430092732273,0.0202287646774756,-0.0336035550949287,0.0935986960710911
2021-12-16,20.56999969482422,22.1299991607666,18.190000534057617,18.559999465942383,0.0,0.0642468144500237,-0.0587888644665506,-0.0446190592947471,-0.1516846337673566
2021-12-17,21.56999969482422,23.26000022888184,20.489999771118164,20.700000762939453,0.0,0.0474697574240046,0.0498010407905915,0.1190649291904043,0.1091250385449031
2021-12-20,22.8700008392334,27.38999938964844,22.850000381469727,25.88999938964844,0.0,0.0585225984776025,0.1634428040605833,0.1090141829543393,0.2237230330603453
2021-12-21,21.01000022888184,22.68000030517578,20.89999961853028,22.280000686645508,0.0,-0.0848275189796523,-0.188694468675976,-0.0892019933161058,-0.150167324310645
2021-12-22,18.6299991607666,21.36000061035156,18.59000015258789,21.040000915527344,0.0,-0.1202253861847785,-0.0599634496487687,-0.1171253307772097,-0.0572640144948362
2021-12-23,17.959999084472656,18.93000030517578,17.6200008392334,18.809999465942383,0.0,-0.0366261276679357,-0.1207720613239961,-0.0535891418037919,-0.1120368164624444
2021-12-24,17.959999084472656,18.93000030517578,17.6200008392334,18.809999465942383,0.0,-0.0366261276679357,-0.1207720613239961,-0.0535891418037919,-0.1120368164624444
2021-12-27,17.68000030517578,19.40999984741211,17.549999237060547,19.3700008392334,0.0,-0.0157129374275714,0.025040407977107,-0.0039807616980831,0.029336905824636
2021-12-28,17.540000915527344,18.46999931335449,17.510000228881836,17.780000686645508,0.0,-0.0079500353299934,-0.0496406322847274,-0.0022817470702873,-0.0856512520406166
2021-12-29,16.950000762939453,18.0,16.709999084472656,17.6299991607666,0.0,-0.034216160302942,-0.0257759991387237,-0.0467648715511409,-0.0084723198975375
2021-12-30,17.329999923706055,17.790000915527344,16.6200008392334,17.299999237060547,0.0,0.0221712204874589,-0.01173520475539,-0.0054004478954202,-0.0188954914040167
2021-12-31,17.219999313354492,18.270000457763672,16.989999771118164,17.6299991607666,0.0,-0.0063676402003946,0.0266238423046231,0.0220180822895868,0.0188954914040167
2022-01-04,16.90999984741211,17.809999465942383,16.34000015258789,16.56999969482422,0.0,0.0185024355443576,-0.040170542203723,-0.013374017937096,-0.0603051106974184
2022-01-05,19.729999542236328,20.170000076293945,16.579999923706055,17.06999969482422,0.0,0.1542351429461621,0.1244362884334869,0.014581046335423,0.0297287059073436
2022-01-06,19.61000061035156,21.059999465942383,19.07999992370605,20.290000915527344,0.0,-0.0061006255003609,0.0431791255983018,0.1404435169159217,0.1728056800313717
2022-01-07,18.76000022888184,20.799999237060547,18.56999969482422,19.850000381469727,0.0,-0.0443127155541571,-0.0124225313194777,-0.0270933030906977,-0.0219241726090014
2022-01-10,19.39999961853028,23.32999992370605,19.290000915527344,19.57999992370605,0.0,0.0335460906272915,0.1147871327356406,0.0380395154480696,-0.0136953931449778
2022-01-11,18.40999984741211,21.0,18.200000762939453,19.6200008392334,0.0,-0.0523790594492236,-0.1052176450397078,-0.0581652383763788,0.0020408637057593
2022-01-12,17.6200008392334,18.690000534057617,17.360000610351562,18.170000076293945,0.0,-0.0438593188190472,-0.1165337876814406,-0.0472528916117952,-0.0767776103046231
2022-01-13,20.309999465942383,20.61000061035156,17.450000762939453,18.059999465942383,0.0,0.1420786811593658,0.0977877744747254,0.0051709479791901,-0.0060723681894338
2022-01-14,19.190000534057617,22.06999969482422,19.049999237060547,20.11000061035156,0.0,-0.0567240114473854,0.0684427819243077,0.0877273691535001,0.1075177157176672
2022-01-17,19.190000534057617,22.06999969482422,19.049999237060547,20.11000061035156,0.0,-0.0567240114473854,0.0684427819243077,0.0877273691535001,0.1075177157176672
2022-01-18,22.790000915527344,23.200000762939453,21.18000030517578,21.18000030517578,0.0,0.1719325455803158,0.0499331051165694,0.1059902930585434,0.0518401204467278
2022-01-19,23.850000381469727,23.989999771118164,21.850000381469727,23.1200008392334,0.0,0.0454623498989683,0.0334847557532998,0.0311435844182302,0.0876407255212611
2022-01-20,25.59000015258789,25.88999938964844,21.68000030517578,23.459999084472656,0.0,0.0704174228056032,0.0762197028777618,-0.0078107483523487,0.0145987240970942
2022-01-21,28.850000381469727,29.790000915527344,25.309999465942383,25.3799991607666,0.0,0.1199083500421382,0.140316027269251,0.1548093628085569,0.0786646250192266
2022-01-24,29.89999961853028,38.93999862670898,28.020000457763672,28.200000762939453,0.0,0.0357484614618265,0.2678491672193084,0.1017190037895181,0.1053605757791388
2022-01-25,31.15999984741211,35.849998474121094,29.1299991607666,32.290000915527344,0.0,0.0412767484671759,-0.082678440194448,0.0388499849155139,0.1354356081248032
2022-01-26,31.959999084472656,33.040000915527344,26.89999961853028,29.350000381469727,0.0,0.0253498761464045,-0.0816245481203156,-0.0796422697346453,-0.095465053852091
2022-01-27,30.489999771118164,33.0,28.420000076293945,32.189998626708984,0.0,-0.0470863387586567,-0.001211414895962,0.0549668529267078,0.092363243377307
2022-01-28,27.65999984741211,32.81999969482422,27.280000686645508,30.270000457763672,0.0,-0.0974114327733217,-0.0054694851030053,-0.0409392672079197,-0.0614986644923654
2022-02-07,22.86000061035156,24.81999969482422,22.020000457763672,24.09000015258789,0.0,-0.0156252616322406,-0.0563971101097361,-0.0022680543579408,0.013372522330711
2022-02-08,21.440000534057617,23.479999542236328,21.31999969482422,23.09000015258789,0.0,-0.0641303239542028,-0.0555007920169036,-0.032305567099492,-0.0423971929860547
2022-02-09,19.959999084472656,21.299999237060547,19.93000030517578,21.270000457763672,0.0,-0.0715281360967911,-0.0974419385673729,-0.0674194354464969,-0.0821019792410913
2022-02-10,23.90999984741211,24.770000457763672,20.18000030517578,20.3700008392334,0.0,0.1805665500732595,0.1509262250852109,0.012465880511062,-0.0432343792955166
2022-02-11,27.36000061035156,30.989999771118164,23.32999992370605,24.38999938964844,0.0,0.1347853399740475,0.2240313024321532,0.145048052714983,0.1801099157649712
2022-02-14,28.32999992370605,32.040000915527344,28.32999992370605,29.170000076293945,0.0,0.0348391960868602,0.03332058636068,0.19418122838625,0.1789675992919591
2022-02-15,25.700000762939453,28.09000015258789,25.32999992370605,28.09000015258789,0.0,-0.0974302895618469,-0.13157150422641,-0.1119318501477965,-0.037727139946864
2022-02-16,24.290000915527344,27.09000015258789,23.8799991607666,25.190000534057617,0.0,-0.0564262408819199,-0.0362489848186278,-0.0589482076209606,-0.1089665349825651
2022-02-17,28.11000061035156,28.3700008392334,24.76000022888184,24.82999992370605,0.0,0.1460606259257955,0.0461676166728479,0.0361882036797878,-0.0143945151182711
2022-02-18,27.75,29.709999084472656,26.3799991607666,26.65999984741211,0.0,-0.0128895664389658,0.0461513802565753,0.0633766584155117,0.0711117125796625
2022-02-21,27.75,29.709999084472656,26.3799991607666,26.65999984741211,0.0,-0.0128895664389658,0.0461513802565753,0.0633766584155117,0.0711117125796625
2022-02-22,28.809999465942383,32.040000915527344,28.39999961853028,31.799999237060547,0.0,0.0374866903667627,0.0755014921156145,0.0737830162592046,0.1763019567672383
2022-02-23,31.020000457763672,31.06999969482422,27.200000762939453,28.040000915527344,0.0,0.0739096419462359,-0.0307424371919143,-0.0431721303839319,-0.1258341709771741
2022-02-24,30.31999969482422,37.790000915527344,29.450000762939453,37.5,0.0,-0.0228246217964355,0.1958018280053515,0.0794769346526628,0.2907088381592152
2022-02-25,27.59000015258789,32.0,26.93000030517578,31.68000030517578,0.0,-0.0943541569492612,-0.16630863878838,-0.0894530178481646,-0.1686553563970662
2022-02-28,30.14999961853028,33.5099983215332,28.43000030517578,32.439998626708984,0.0,0.0887315167610536,0.0461079488609565,0.0542040182415014,0.0237066103346504
2022-03-01,33.31999969482422,35.189998626708984,29.440000534057617,29.450000762939453,0.0,0.099972897618906,0.048918060647774,0.0349093756040239,-0.0966982509100907
2022-03-02,30.739999771118164,34.40999984741211,30.1200008392334,34.20000076293945,0.0,-0.0805930774749881,-0.0224146969334734,0.0228351187934677,0.1495317303728716
2022-03-03,30.479999542236328,32.0099983215332,29.309999465942383,30.520000457763672,0.0,-0.0084940148647644,-0.0722989138289145,-0.0272606942928898,-0.1138434449616645
2022-03-04,31.979999542236328,34.650001525878906,31.46999931335449,31.89999961853028,0.0,0.0480399772917948,0.0792494681267514,0.0711059527554677,0.0442237764174344
2022-03-07,36.45000076293945,36.54999923706055,32.59000015258789,35.880001068115234,0.0,0.1308307862940434,0.0533833956491104,0.0349708082742516,0.1175740691271926
2022-03-08,35.130001068115234,37.52000045776367,32.779998779296875,36.18999862670898,0.0,-0.0368859827034087,0.0261929710166173,0.0058130385449008,0.0086027326692587
2022-03-09,32.45000076293945,34.119998931884766,31.38999938964844,33.7400016784668,0.0,-0.0793550300210518,-0.0949904450197372,-0.0433291846666954,-0.0700986727640412
2022-03-10,30.229999542236328,34.029998779296875,30.229999542236328,33.029998779296875,0.0,-0.0708656730126584,-0.002641238677379,-0.0376545577610504,-0.0212679244196189
2022-03-11,30.75,31.040000915527344,28.84000015258789,30.43000030517578,0.0,0.0170552006038553,-0.0919657278313323,-0.0470714759410809,-0.0819872285076316
2022-03-14,31.770000457763672,33.18000030517578,30.059999465942383,31.030000686645508,0.0,0.0326324684375749,0.0666705691497811,0.0414320488508499,0.0195255266510692
2022-03-15,29.82999992370605,33.83000183105469,29.56999969482422,33.130001068115234,0.0,-0.0630078667210695,0.0194007429579105,-0.0164350430145072,0.0654847479631966
2022-03-16,26.670000076293945,29.799999237060547,26.290000915527344,29.020000457763672,0.0,-0.111975254914444,-0.1268396690084278,-0.1175716499779773,-0.1324539853218085
2022-03-17,25.670000076293945,27.46999931335449,25.25,26.51000022888184,0.0,-0.0382163431994338,-0.0814138927983774,-0.0403625178445871,-0.0904632342953905
2022-03-18,23.8700008392334,26.81999969482422,23.850000381469727,26.36000061035156,0.0,-0.0727005223459161,-0.0239466086361179,-0.0570419223924809,-0.0056742961459606
2022-03-21,23.530000686645508,25.36000061035156,22.989999771118164,25.13999938964844,0.0,-0.0143462435882629,-0.0559747128383524,-0.0367249045095104,-0.0473875539047699
2022-03-22,22.940000534057617,24.020000457763672,22.700000762939453,24.020000457763672,0.0,-0.0253940969391224,-0.0542863179270731,-0.0126943707223534,-0.0455733431745538
2022-03-23,23.56999969482422,24.030000686645508,22.63999938964844,23.040000915527344,0.0,0.0270925690185508,0.0004162426134462,-0.0026467317210332,-0.0416549601453227
2022-03-24,21.670000076293945,23.790000915527344,21.489999771118164,23.61000061035156,0.0,-0.0840458849314185,-0.0100377155243178,-0.0521305263721922,0.0244385013847019
2022-03-25,20.809999465942383,22.86000061035156,20.799999237060547,21.8700008392334,0.0,-0.040495204326951,-0.0398766777323631,-0.0326347499763082,-0.0765545038864191
2022-03-28,19.6299991607666,23.32999992370605,19.540000915527344,22.13999938964844,0.0,-0.058374649206258,0.0203513976969232,-0.0624892565588452,0.012270026650267
2022-03-29,18.89999961853028,19.729999542236328,18.670000076293945,19.700000762939453,0.0,-0.0378970636537626,-0.1675997859300095,-0.0455457318285678,-0.1167672252408362
2022-03-30,19.32999992370605,20.51000022888184,18.71999931335449,19.3799991607666,0.0,0.0224963873913069,0.0387722864106921,0.0026744727295866,-0.0163771113133108
2022-03-31,20.559999465942383,21.479999542236328,19.540000915527344,19.68000030517578,0.0,0.0616891253380787,0.0462096650856925,0.0428712590989813,0.0153613439724844
2022-04-01,19.6299991607666,20.86000061035156,19.40999984741211,20.6200008392334,0.0,-0.046288449075623,-0.029288769497457,-0.006675304149029,0.046658612157777
2022-04-04,18.56999969482422,20.780000686645508,18.450000762939453,20.75,0.0,-0.0555116066049678,-0.003842460117392,-0.0507239774813486,0.0062847273879233
2022-04-05,21.030000686645508,21.56999969482422,18.549999237060547,18.790000915527344,0.0,0.124402663434561,0.0373124275382496,0.0054053360863645,-0.0992213845271544
2022-04-06,22.100000381469727,24.780000686645508,21.239999771118164,21.270000457763672,0.0,0.0496276034194116,0.1387334576577551,0.1354164376731252,0.1239727885841569
2022-04-07,21.549999237060547,23.81999969482422,21.1200008392334,21.96999931335449,0.0,-0.0252018446382473,-0.039511352795253,-0.0056656870232673,0.0323802044090301
2022-04-08,21.15999984741211,22.34000015258789,20.280000686645508,21.25,0.0,-0.0182631813675825,-0.0641467506440989,-0.0405852859932481,-0.0333209597723141
2022-04-12,24.26000022888184,25.3799991607666,22.270000457763672,24.940000534057617,0.0,-0.0045239891238265,0.0385589574127205,0.0081154774848668,0.0770733316907866
2022-04-13,21.81999969482422,24.450000762939453,21.3700008392334,23.520000457763672,0.0,-0.1060019465315729,-0.0373311820945711,-0.0412523932218246,-0.0586218191724206
2022-04-14,22.700000762939453,22.700000762939453,20.850000381469727,21.71999931335449,0.0,0.039537991678157,-0.0742652890279241,-0.0246341420619025,-0.0796176790409463
2022-04-15,22.700000762939453,22.700000762939453,20.850000381469727,21.71999931335449,0.0,0.039537991678157,-0.0742652890279241,-0.0246341420619025,-0.0796176790409463
2022-04-18,22.170000076293945,24.600000381469727,21.979999542236328,24.520000457763672,0.0,-0.0236249310274892,0.0803815003481925,0.0527789616083819,0.1212556662847812
2022-04-19,21.3700008392334,22.920000076293945,20.36000061035156,22.549999237060547,0.0,-0.0367519184669116,-0.0707365632699714,-0.0765607064888064,-0.0837540976215503
2022-04-20,20.31999969482422,21.31999969482422,19.75,21.1299991607666,0.0,-0.0503825009108351,-0.0723643101916622,-0.0304187303131651,-0.0650412402051112
2022-04-21,22.68000030517578,23.280000686645508,19.809999465942383,20.239999771118164,0.0,0.1098778846234855,0.087949067374736,0.003033342404337,-0.0430329587994667
2022-04-22,28.209999084472656,28.270000457763672,22.6200008392334,22.709999084472656,0.0,0.2181930002446307,0.1942065355397403,0.1326476740378938,0.1151444826927509
2022-04-25,27.020000457763672,31.600000381469727,26.799999237060547,30.040000915527344,0.0,-0.0430991430861909,0.1113559447666342,0.1695673512595586,0.2797245415692511
2022-04-26,33.52000045776367,33.810001373291016,27.059999465942383,27.3799991607666,0.0,0.215564939796603,0.0675995246729951,0.0096547439576673,-0.0927170681639028
2022-04-27,31.600000381469727,32.77000045776367,29.81999969482422,31.11000061035156,0.0,-0.0589851566056232,-0.0312431806579791,0.0971226960960747,0.1277165413197161
2022-04-28,29.989999771118164,32.0,28.0,29.90999984741211,0.0,-0.0522931475357139,-0.0237775738799826,-0.0629747889274587,-0.0393364629884002
2022-04-29,33.400001525878906,34.34000015258789,28.540000915527344,28.96999931335449,0.0,0.1076919605386716,0.0705749571130476,0.0191021339522295,-0.0319320794609808
2022-05-04,25.420000076293945,29.420000076293945,24.940000534057617,29.1200008392334,0.0,-0.1403433049152221,-0.1093633585969154,-0.152889678098792,-0.0867823914372289
2022-05-05,31.200000762939453,33.20000076293945,25.780000686645508,25.96999931335449,0.0,0.2048818505059806,0.1208751811359871,0.0331260624802674,-0.1144832529136067
2022-05-06,30.190000534057617,35.34000015258789,29.82999992370605,32.22999954223633,0.0,-0.032907357859992,0.0624655723067142,0.1459155718231773,0.2159556823896095
2022-05-09,34.75,35.47999954223633,31.89999961853028,31.89999961853028,0.0,0.1406688106021692,0.0039536733300978,0.067091401863468,-0.0102916837918155
2022-05-10,32.9900016784668,34.84000015258789,32.2400016784668,33.65999984741211,0.0,-0.0519750358922645,-0.0182029881753811,0.0106019718675511,0.0537041863969484
2022-05-11,32.560001373291016,34.38999938964844,30.690000534057617,32.869998931884766,0.0,-0.0131199528069553,-0.01300034966774,-0.0492710836667248,-0.0237498290484606
2022-05-12,31.770000457763672,34.7599983215332,31.700000762939453,33.7400016784668,0.0,-0.0245621206214794,0.0107014454136454,0.0323798189173988,0.0261237716839224
2022-05-13,28.8700008392334,31.200000762939453,28.780000686645508,31.09000015258789,0.0,-0.0957194399458646,-0.108049132841259,-0.0966359796330775,-0.0817978978863068
2022-05-16,27.46999931335449,30.229999542236328,27.36000061035156,30.01000022888184,0.0,-0.0497085476332511,-0.0315833256199524,-0.0505986102551272,-0.0353555618994754
2022-05-17,26.100000381469727,27.170000076293945,25.51000022888184,27.06999969482422,0.0,-0.0511591461666399,-0.1067213674023935,-0.0700115739365605,-0.1031045747264972
2022-05-18,30.959999084472656,31.489999771118164,26.209999084472656,26.739999771118164,0.0,0.1707606902058833,0.1475566015982578,0.027070441278895,-0.0122655292383638
2022-05-19,29.350000381469727,33.11000061035156,29.059999465942383,31.239999771118164,0.0,-0.0534034598788589,0.0501653421486739,0.1032216573595248,0.1555387545306549
2022-05-20,29.43000030517578,32.90999984741211,28.059999465942383,28.780000686645508,0.0,0.0027220133435583,-0.0060588116744817,-0.0350175841227669,-0.0820185923272741
2022-05-23,28.479999542236328,30.38999938964844,28.290000915527344,28.979999542236328,0.0,-0.0328125021443165,-0.079662971473987,0.0081633620340876,0.0069251957790405
2022-05-24,29.450000762939453,31.06999969482422,29.040000915527344,29.43000030517578,0.0,0.0334918655332464,0.0221291267380139,0.0261658038073182,0.0154086515182405
2022-05-25,28.3700008392334,30.229999542236328,28.15999984741211,29.32999992370605,0.0,-0.037361657601379,-0.0274079199340836,-0.0307716956117809,-0.0034036922267947
2022-05-26,27.5,28.459999084472656,27.11000061035156,28.420000076293945,0.0,-0.031146273729954,-0.0603352331558815,-0.0379998398467736,-0.0315177550346634
2022-05-27,25.71999931335449,27.540000915527344,25.56999969482422,27.5,0.0,-0.0669171320000557,-0.0328600339487325,-0.058482908656284,-0.032907120680945
2022-05-30,25.71999931335449,27.540000915527344,25.56999969482422,27.5,0.0,-0.0669171320000557,-0.0328600339487325,-0.058482908656284,-0.032907120680945
2022-05-31,26.190000534057617,28.350000381469727,25.940000534057617,27.46999931335449,0.0,0.018108806238812,0.0289875170854259,0.0143664221083063,-0.0010915295615396
2022-06-01,25.690000534057617,27.729999542236328,25.3799991607666,26.049999237060547,0.0,-0.0192758470009489,-0.0221122005096825,-0.021824770256967,-0.0530767361991133
2022-06-02,24.71999931335449,26.5,24.32999992370605,25.729999542236328,0.0,-0.0384892270977652,-0.0453701101276242,-0.0422512755598853,-0.0123601304092681
2022-06-03,24.790000915527344,25.959999084472656,24.76000022888184,24.90999984741211,0.0,0.0028277781658475,-0.0205878764231347,0.0175193034007775,-0.0323882853540829
2022-06-06,25.06999969482422,25.809999465942383,24.81999969482422,25.3700008392334,0.0,0.0112315170188396,-0.005794863530407,0.0024203104204904,0.0182980835424241
2022-06-07,24.020000457763672,26.239999771118164,23.8799991607666,25.540000915527344,0.0,-0.0427850642878126,0.0165229623146225,-0.0386085141002782,0.0066784797602497
2022-06-08,23.959999084472656,24.780000686645508,23.739999771118164,24.3700008392334,0.0,-0.0025011006728514,-0.0572480514425959,-0.0058798738402909,-0.0468929843769289
2022-06-09,26.09000015258789,26.239999771118164,23.81999969482422,24.290000915527344,0.0,0.0851663699605663,0.0572480514425959,0.0033641715750757,-0.0032881213686526
2022-06-10,27.75,29.6299991607666,26.049999237060547,26.26000022888184,0.0,0.0616837351952862,0.1215023779084429,0.0894921877964642,0.0779820968850242
2022-06-13,34.02000045776367,35.04999923706055,31.290000915527344,31.3700008392334,0.0,0.2037127602309944,0.1679882584517245,0.1832808480283407,0.1778051713646868
2022-06-14,32.689998626708984,34.0,32.060001373291016,33.0099983215332,0.0,-0.0398794216968335,-0.0304150670972632,0.0243106030762211,0.0509584460625537
2022-06-15,29.6200008392334,32.77000045776367,27.76000022888184,32.38999938964844,0.0,-0.0986193415536164,-0.0368470479364522,-0.1440130461328077,-0.0189607806784678
2022-06-16,32.95000076293945,34.81999969482422,30.350000381469727,30.350000381469727,0.0,0.1065414469299879,0.0606784488959516,0.0892003861908993,-0.0650531842648843
2022-06-17,31.1299991607666,33.310001373291016,30.46999931335449,32.84000015258789,0.0,-0.0568193266084506,-0.0443342321424837,0.0039460403879578,0.0788507591561047
2022-06-20,31.1299991607666,33.310001373291016,30.46999931335449,32.84000015258789,0.0,-0.0568193266084506,-0.0443342321424837,0.0039460403879578,0.0788507591561047
2022-06-21,30.190000534057617,30.64999961853028,29.32999992370605,30.6299991607666,0.0,-0.0306611960858932,-0.083225043496951,-0.03813169007435,-0.0696673957850136
2022-06-22,28.950000762939453,31.56999969482422,28.780000686645508,31.450000762939453,0.0,-0.0419405310359336,0.0295746429670355,-0.0189301550704862,0.026419113959638
2022-06-23,29.049999237060547,29.770000457763672,28.739999771118164,29.290000915527344,0.0,0.0034482266622454,-0.0587061024988998,-0.0013908526306463,-0.0711528153082787
2022-06-24,27.229999542236328,29.71999931335449,26.82999992370605,29.06999969482422,0.0,-0.0646991671602809,-0.001680993658623,-0.0687692110930746,-0.0075394880241551
2022-06-27,26.950000762939453,28.65999984741211,26.93000030517578,28.299999237060547,0.0,-0.0103359642102154,-0.0363177796697845,0.0037202565617671,-0.0268449263826213
2022-06-28,28.36000061035156,28.68000030517578,26.46999931335449,26.89999961853028,0.0,0.0509963975210431,0.0006976092961829,-0.0172289278572023,-0.0507355052634375
2022-06-29,28.15999984741211,29.36000061035156,27.850000381469727,28.799999237060547,0.0,-0.007077197314253,0.0234331981627181,0.0508209897720986,0.0682490882241838
2022-06-30,28.709999084472656,30.21999931335449,28.280000686645508,29.420000076293945,0.0,0.019342936372938,0.0288707095881789,0.0153218852380329,0.0212993571156127
2022-07-01,26.700000762939453,29.59000015258789,26.690000534057617,29.530000686645508,0.0,-0.0725818682634609,-0.0210674625541776,-0.0578658818825383,0.0037320012417437
2022-07-04,26.700000762939453,29.59000015258789,26.690000534057617,29.530000686645508,0.0,-0.0725818682634609,-0.0210674625541776,-0.0578658818825383,0.0037320012417437
2022-07-05,27.540000915527344,29.81999969482422,27.299999237060547,27.3700008392334,0.0,0.0309759325633426,0.0077428275338058,0.0225976908183287,-0.0759591652931878
2022-07-06,26.729999542236328,28.06999969482422,26.43000030517578,27.84000015258789,0.0,-0.0298530135186946,-0.0604779196008268,-0.0323869340816482,0.0170262872319902
2022-07-07,26.07999992370605,26.790000915527344,25.65999984741211,26.729999542236328,0.0,-0.024617778892292,-0.0466726617710995,-0.0295663869218023,-0.0406873279217429
2022-07-08,24.63999938964844,26.61000061035156,24.43000030517578,26.40999984741211,0.0,-0.0567976202385132,-0.0067416098042143,-0.0491214554794686,-0.0120437924939778
2022-07-11,26.170000076293945,26.739999771118164,25.790000915527344,26.420000076293945,0.0,0.0602426055628178,0.004873455187745,0.0541749576310738,0.0003785814505286
2022-07-12,27.290000915527344,27.75,25.81999969482422,27.13999938964844,0.0,0.04190664881096,0.0370752770781766,0.0011625182065717,0.0268873299358054
2022-07-13,26.81999969482422,29.059999465942383,26.229999542236328,27.350000381469727,0.0,-0.0173725017934673,0.0461267995719361,0.0157544028277294,0.0077079108979757
2022-07-14,26.39999961853028,28.450000762939453,26.200000762939453,27.46999931335449,0.0,-0.0157838707722082,-0.0212144523751876,-0.0011443365399921,0.004377932295291
2022-07-15,24.229999542236328,26.71999931335449,24.1299991607666,26.71999931335449,0.0,-0.0857724797666593,-0.0627358644185585,-0.0823035950296058,-0.0276821521403523
2022-07-18,25.299999237060547,25.90999984741211,24.3799991607666,24.82999992370605,0.0,0.0432128496417641,-0.0307833342857655,0.0103072447728264,-0.0733597265232103
2022-07-19,24.5,25.40999984741211,24.229999542236328,25.1200008392334,0.0,-0.0321312480270831,-0.0194861973578284,-0.0061715736940974,0.0116117785615469
2022-07-20,23.8799991607666,24.729999542236328,23.39999961853028,24.229999542236328,0.0,-0.0256318641700576,-0.0271257283041748,-0.0348555098744696,-0.0360728590729699
2022-07-21,23.11000061035156,24.670000076293945,22.920000076293945,24.06999969482422,0.0,-0.0327758026836223,-0.0024291293890196,-0.0207261108862856,-0.0066252768196979
2022-07-22,23.030000686645508,23.809999465942383,22.40999984741211,23.299999237060547,0.0,-0.0034677070491447,-0.0354822955650453,-0.022502614171329,-0.0325129112888306
2022-07-25,23.36000061035156,24.56999969482422,23.190000534057617,24.32999992370605,0.0,0.0142274404402328,0.031420536043621,0.0342138932931756,0.0432568258321621
2022-07-26,24.690000534057617,25.309999465942383,23.81999969482422,23.950000762939453,0.0,0.0553731408995218,0.0296733793439548,0.0268043768183168,-0.0157417979472006
2022-07-27,23.239999771118164,24.40999984741211,23.020000457763672,24.270000457763672,0.0,-0.0605234028525166,-0.0362066753025474,-0.0341621279361953,0.0132726828873732
2022-07-28,22.32999992370605,23.540000915527344,22.21999931335449,23.32999992370605,0.0,-0.0399438596996847,-0.0362917374292881,-0.0353706698698677,-0.0395009558366758
2022-07-29,21.32999992370605,22.15999984741211,21.209999084472656,22.1299991607666,0.0,-0.0458165335289881,-0.0604122857311925,-0.0465200278976463,-0.052805966623056
2022-08-01,22.84000015258789,23.270000457763672,22.26000022888184,22.40999984741211,0.0,0.0683988625621186,0.0488761419926903,0.0483186307179029,0.0125731648638412
2022-08-02,23.93000030517578,24.68000030517578,22.670000076293945,24.07999992370605,0.0,0.0466195232045951,0.0588282144164558,0.0182511117552502,0.0718743362683511
2022-08-03,21.950000762939453,23.920000076293945,21.68000030517578,23.86000061035156,0.0,-0.0863657403938938,-0.0312782791305169,-0.0446522772370329,-0.0091781750219624
2022-08-04,21.440000534057617,22.65999984741211,21.440000534057617,22.059999465942383,0.0,-0.0235088131672366,-0.0541136834059162,-0.0111318295358143,-0.0784374526342692
2022-08-05,21.14999961853028,22.57999992370605,20.76000022888184,21.5,0.0,-0.0136184736561114,-0.0035366935233735,-0.03223029178918,-0.0257130544824181
2022-08-08,21.290000915527344,22.01000022888184,20.82999992370605,21.739999771118164,0.0,0.0065976344521872,-0.0255676494053239,0.0033661822873604,0.0111009360313028
2022-08-09,21.770000457763672,22.229999542236328,21.40999984741211,21.40999984741211,0.0,0.0222953743656453,0.0099458014465836,0.0274638438644614,-0.0152957756902735
2022-08-10,19.739999771118164,22.34000015258789,19.540000915527344,22.280000686645508,0.0,-0.097885873863215,0.0049360930873622,-0.0913944020060015,0.0398313504033548
2022-08-11,20.200000762939453,20.850000381469727,19.709999084472656,19.84000015258789,0.0,0.0230356197659272,-0.0690248339305889,0.0086623812460921,-0.1159893363303528
2022-08-12,19.530000686645508,20.350000381469727,19.1200008392334,20.34000015258789,0.0,-0.0337308621293511,-0.0242730359066754,-0.0303911231985226,0.024889288574628
2022-08-15,19.950000762939453,21.15999984741211,19.809999465942383,20.739999771118164,0.0,0.0212774015313636,0.0390316691449057,0.0354518822352534,0.0194747936433361
2022-08-16,19.690000534057617,20.38999938964844,19.5,20.229999542236328,0.0,-0.0131182618041251,-0.0370680451264548,-0.0157723681817668,-0.0248975632139209
2022-08-17,19.89999961853028,20.6299991607666,19.40999984741211,19.739999771118164,0.0,0.010608792786788,0.0117017317504215,-0.0046260762500852,-0.0245196061411808
2022-08-18,19.559999465942383,20.61000061035156,19.43000030517578,20.51000022888184,0.0,-0.017233075258002,-0.0009698618862095,0.0010298897761548,0.0382655608333023
2022-08-19,20.600000381469727,21.270000457763672,20.07999992370605,20.15999984741211,0.0,0.0518044570103714,0.031521226217002,0.0329060119282582,-0.0172121476094892
2022-08-22,23.799999237060547,24.6200008392334,22.38999938964844,22.40999984741211,0.0,0.1443944543076658,0.1462615041100623,0.1088901123266269,0.1058068453695919
2022-08-23,24.11000061035156,24.209999084472656,23.06999969482422,24.1299991607666,0.0,0.0129411688872168,-0.0167934217098878,0.0299186556067539,0.0739485638533555
2022-08-24,22.81999969482422,24.86000061035156,22.729999542236328,24.3700008392334,0.0,-0.0549893864476082,0.0264943775002312,-0.014847441232143,0.009897057216995
2022-08-25,21.780000686645508,23.1299991607666,21.770000457763672,22.40999984741211,0.0,-0.04664518202952,-0.0721296706740976,-0.0431527214515407,-0.0838456210703505
2022-08-26,25.559999465942383,25.89999961853028,21.670000076293945,22.06999969482422,0.0,0.1600364595838233,0.113112514016913,-0.004604077204741,-0.0152880745629003
2022-08-29,26.209999084472656,27.670000076293945,25.46999931335449,26.86000061035156,0.0,0.025112373789794,0.0661058425791836,0.1615724429633887,0.1964190073775143
2022-08-30,26.209999084472656,27.690000534057617,25.1299991607666,25.75,0.0,0.0,0.0007225599137767,-0.013438943872552,-0.0422035867087846
2022-08-31,25.8700008392334,26.6200008392334,25.309999465942383,25.86000061035156,0.0,-0.0130569537665079,-0.0394085119765027,0.0071372352965539,0.0042627698361143
2022-09-05,25.8700008392334,26.6200008392334,25.309999465942383,25.86000061035156,0.0,-0.0130569537665079,-0.0394085119765027,0.0071372352965539,0.0042627698361143
2022-09-06,26.90999984741211,27.799999237060547,25.32999992370605,25.459999084472656,0.0,0.0549966970361362,0.0562277735082529,0.0882682867044927,-0.0019619839561401
2022-09-07,24.63999938964844,27.14999961853028,24.540000915527344,26.93000030517578,0.0,-0.0881268451739526,-0.0236589609232316,-0.0316849844112668,0.0561323609858741
2022-09-08,23.61000061035156,25.89999961853028,23.559999465942383,24.700000762939453,0.0,-0.042700736945736,-0.0471340783525629,-0.040754140474912,-0.0864376436335259
2022-09-09,22.790000915527344,23.56999969482422,22.63999938964844,23.489999771118164,0.0,-0.0353484935189018,-0.0942682499765275,-0.0398321097394146,-0.0502284855951455
2022-09-12,23.8700008392334,24.229999542236328,23.15999984741211,23.57999992370605,0.0,0.0463005920793186,0.0276168119355966,0.0227084197403802,0.003824102946666
2022-09-13,27.270000457763672,28.14999961853028,23.530000686645508,23.670000076293945,0.0,0.1331647381346053,0.1499558250983766,0.0158495858046042,0.003809534875438
2022-09-14,26.15999984741211,27.559999465942383,26.15999984741211,26.729999542236328,0.0,-0.041555692887716,-0.0211819142669171,0.1059552888351523,0.1215780862762364
2022-09-15,26.270000457763672,26.93000030517578,25.420000076293945,26.100000381469727,0.0,0.0041961003666605,-0.023124508611766,-0.0286952519934841,-0.0238511840810168
2022-09-16,26.299999237060547,28.450000762939453,26.13999938964844,27.46999931335449,0.0,0.0011412890518258,0.0549072692334981,0.0279304160840995,0.05115914616664
2022-09-19,25.76000022888184,27.950000762939453,25.559999465942383,27.690000534057617,0.0,-0.0207460000532964,-0.0177309604915027,-0.0224380762316819,0.0079768813589055
2022-09-20,27.15999984741211,27.809999465942383,25.61000061035156,25.64999961853028,0.0,0.0529223869510671,-0.0050215778556137,0.0019543154289209,-0.076527799725227
2022-09-21,27.989999771118164,30.18000030517578,25.549999237060547,28.030000686645508,0.0,0.0301019982777058,0.0817838144094821,-0.0023456372549127,0.0887318329288393
2022-09-22,27.350000381469727,28.3799991607666,26.709999084472656,28.15999984741211,0.0,-0.0231307525343954,-0.0614948212909581,0.0444007060562238,0.0046271361977337
2022-09-23,29.920000076293945,32.310001373291016,27.57999992370605,27.68000030517578,0.0,0.0898106128405129,0.1296921801793971,0.0320528767535847,-0.0171923840966321
2022-09-26,32.2599983215332,32.880001068115234,29.82999992370605,31.739999771118164,0.0,0.0753008650115046,0.0174877803332385,0.0784237263701545,0.1368675661125097
2022-09-27,32.599998474121094,34.13999938964844,30.299999237060547,31.200000762939453,0.0,0.0104842208988469,0.0376050968151576,0.015633091366771,-0.0171595886184911
2022-09-28,30.18000030517578,34.880001068115234,30.030000686645508,34.5,0.0,-0.0771327781150017,0.0214439301749553,-0.0089507824752463,0.10054120476869
2022-09-29,31.84000015258789,33.459999084472656,31.15999984741211,31.670000076293945,0.0,0.0535439023169578,-0.0415629614665159,0.0369383112450749,-0.0855894610777367
2022-09-30,31.6200008392334,33.25,29.38999938964844,31.61000061035156,0.0,-0.0069335074459692,-0.006295901094969,-0.0584807564421269,-0.0018963174232387
2022-10-03,30.100000381469727,33.060001373291016,29.6299991607666,33.0,0.0,-0.0492646738943034,-0.0057306331696327,0.0081328735981952,0.0430340159301416
2022-10-04,29.06999969482422,29.6200008392334,28.559999465942383,29.520000457763672,0.0,-0.0348184803554212,-0.1098742967592425,-0.0367802144898132,-0.1114395462273091
2022-10-05,28.549999237060547,30.11000061035156,28.5,29.36000061035156,0.0,-0.0180497946937258,0.0164075255913804,-0.0021030314972822,-0.0054347907043155
2022-10-06,30.520000457763672,30.739999771118164,28.559999465942383,28.600000381469727,0.0,0.0667253120359699,0.0207073679003483,0.0021030314972822,-0.0262264933709463
2022-10-07,31.36000061035156,32.02000045776367,29.8799991607666,30.3700008392334,0.0,0.027150993529882,0.0407959912000316,0.0451822134059353,0.0600485755273796
2022-10-10,32.45000076293945,33.9900016784668,32.04999923706055,32.93000030517578,0.0,0.034167251716382,0.0597056912244696,0.0701078273841932,0.0809287989643931
2022-10-11,33.630001068115234,34.43000030517578,32.45000076293945,33.560001373291016,0.0,0.0357180908516338,0.0128618731248735,0.0124033070993142,0.0189508168637939
2022-10-12,33.56999969482422,34.529998779296875,33.11000061035156,33.540000915527344,0.0,-0.0017857556117495,0.0029001898358504,0.0201349033318798,-0.0005961388278319
2022-10-13,31.940000534057617,33.869998931884766,31.6299991607666,33.599998474121094,0.0,-0.0497736423936962,-0.0192988407559937,-0.0457293592084822,0.001787237864451
2022-10-14,32.02000045776367,32.97999954223633,31.13999938964844,31.88999938964844,0.0,0.0025015623572302,-0.0266283320425339,-0.0156128639791182,-0.0522335596734062
2022-10-17,31.3700008392334,32.59000015258789,30.700000762939453,32.27000045776367,0.0,-0.0205086729094235,-0.0118958057198976,-0.0142304673610102,0.011845558366607
2022-10-18,30.5,31.93000030517578,30.420000076293945,31.100000381469727,0.0,-0.0281253653419587,-0.0204594812471754,-0.0091623901054331,-0.0369301887981995
2022-10-19,30.76000022888184,31.89999961853028,30.76000022888184,30.940000534057617,0.0,0.0084884684649693,-0.0009400184518408,0.0111148627391692,-0.0051579690451024
2022-10-20,29.979999542236328,31.31999969482422,29.76000022888184,31.299999237060547,0.0,-0.025684674672852,-0.0183491364536969,-0.033049934422522,0.0115682107650513
2022-10-21,29.690000534057617,30.440000534057617,29.239999771118164,30.209999084472656,0.0,-0.0097201706420204,-0.0284993108407187,-0.0176275906019315,-0.0354451080779047
2022-10-24,29.850000381469727,30.950000762939453,29.780000686645508,30.64999961853028,0.0,0.0053745458547036,0.0166154732432294,0.0182994232592513,0.0144596848430859
2022-10-25,28.459999084472656,30.0,28.21999931335449,29.799999237060547,0.0,-0.0476852921253763,-0.0311756421191587,-0.0538061282203402,-0.0281242820268626
2022-10-26,27.280000686645508,28.520000457763672,27.270000457763672,28.440000534057617,0.0,-0.042345702347239,-0.0505917700654406,-0.034243708448949,-0.0467117441959262
2022-10-27,27.38999938964844,27.670000076293945,26.940000534057617,27.51000022888184,0.0,0.0040241028456985,-0.0302568150405998,-0.0121750228376608,-0.0332470404570035
2022-10-28,25.75,27.59000015258789,25.75,27.43000030517578,0.0,-0.0617433338815042,-0.0028954027963695,-0.0451775636964375,-0.0029122671813009
2022-10-31,25.8799991607666,27.06999969482422,25.84000015258789,26.90999984741211,0.0,0.0050358100950793,-0.0190273014071144,0.0034890577097601,-0.0191393570066226
2022-11-01,25.809999465942383,26.350000381469727,25.65999984741211,25.959999084472656,0.0,-0.0027084441661897,-0.02695780288823,-0.0069903315785421,-0.0359411024994682
2022-11-02,25.86000061035156,26.6200008392334,25.38999938964844,26.040000915527344,0.0,0.0019354039072249,0.0101945550289881,-0.0105779815634294,0.0030769959298261
2022-11-03,25.299999237060547,26.8700008392334,25.100000381469727,25.979999542236328,0.0,-0.021893031368095,0.0093476093671106,-0.0114875103417985,-0.0023068588762635
2022-11-04,24.549999237060547,25.709999084472656,24.0,25.6299991607666,0.0,-0.0300925424141988,-0.044130468192478,-0.0448140309877895,-0.0135634859908078
2022-11-07,24.350000381469727,25.670000076293945,24.34000015258789,25.670000076293945,0.0,-0.0081799579688591,-0.0015569878128669,0.014067263480453,0.0015594902233577
2022-11-08,25.540000915527344,26.15999984741211,24.239999771118164,24.709999084472656,0.0,0.0477140212564888,0.0189085229009731,-0.004116942069605,-0.0381150149055203
2022-11-09,26.09000015258789,26.350000381469727,25.020000457763672,25.34000015258789,0.0,0.0213062185459617,0.007236768708273,0.0316713715758812,0.0251761979649804
2022-11-10,23.530000686645508,26.59000015258789,22.84000015258789,26.51000022888184,0.0,-0.1032758730761819,0.009066921529072,-0.0911621318661349,0.045137848020112
2022-11-11,22.520000457763672,23.90999984741211,22.3700008392334,23.88999938964844,0.0,-0.0438724083225021,-0.1062384359049996,-0.0207925784504813,-0.1040620931454206
2022-11-14,23.729999542236328,24.32999992370605,22.86000061035156,23.989999771118164,0.0,0.0523362275586943,0.0174133785711609,0.0216678720481486,0.0041771315215786
2022-11-15,24.540000915527344,26.21999931335449,23.18000030517578,23.770000457763672,0.0,0.0335644254331497,0.0748122984880663,0.013901166010876,-0.0092127666807397
2022-11-16,24.11000061035156,24.71999931335449,23.989999771118164,24.290000915527344,0.0,-0.0176777590819514,-0.0589098473351325,0.0343472162338011,0.0216404800754687
2022-11-17,23.93000030517578,25.18000030517578,23.809999465942383,24.049999237060547,0.0,-0.0074938028352306,0.0184374359234022,-0.0075314292420848,-0.0099298158768982
2022-11-18,23.1200008392334,24.1200008392334,22.979999542236328,24.030000686645508,0.0,-0.0344348345699368,-0.043008634082898,-0.0354813855682805,-0.000831886505827
2022-11-21,22.36000061035156,24.1200008392334,22.299999237060547,24.049999237060547,0.0,-0.0334244045197191,0.0,-0.0300376082469783,0.0008318865058271
2022-11-22,21.290000915527344,22.709999084472656,21.280000686645508,22.59000015258789,0.0,-0.0490361536753987,-0.0602360908494473,-0.0468189475129216,-0.0626276275941382
2022-11-23,20.350000381469727,21.780000686645508,20.31999969482422,21.489999771118164,0.0,-0.0451565912740357,-0.041813166772387,-0.0461620890488313,-0.0499196372307787
2022-11-24,20.350000381469727,21.780000686645508,20.31999969482422,21.489999771118164,0.0,-0.0451565912740357,-0.041813166772387,-0.0461620890488313,-0.0499196372307787
2022-11-25,20.5,21.11000061035156,20.459999084472656,20.61000061035156,0.0,0.0073439555103175,-0.0312452582580974,0.0068661080845094,-0.0418112754870906
2022-11-28,22.209999084472656,22.5,21.64999961853028,22.09000015258789,0.0,0.0801177105405705,0.0637684184372343,0.0565337210523525,0.069348599822873
2022-11-29,21.88999938964844,22.56999969482422,21.82999992370605,22.09000015258789,0.0,-0.0145127130328277,0.003106268097768,0.0082797302382894,0.0
2022-11-30,20.57999992370605,22.6299991607666,20.309999465942383,21.700000762939453,0.0,-0.0617101569533905,0.0026548452523095,-0.0721718177699502,-0.0178127286346673
2022-12-01,19.84000015258789,21.059999465942383,19.799999237060547,20.82999992370605,0.0,-0.0366196171510659,-0.071900941213484,-0.0254314501287961,-0.0409180440947283
2022-12-02,19.059999465942383,20.959999084472656,18.950000762939453,20.420000076293945,0.0,-0.0401082393414049,-0.004759665573867,-0.0438779273791015,-0.0198794351374292
2022-12-05,20.75,21.290000915527344,19.780000686645508,20.299999237060547,0.0,0.0849543764704635,0.0156217061349799,0.0428673891196045,-0.0058939680082391
2022-12-06,22.170000076293945,22.600000381469727,20.3799991607666,20.690000534057617,0.0,0.0661937803928273,0.0597124012493509,0.0298826257066177,0.0190296691052892
2022-12-07,22.68000030517578,23.01000022888184,22.18000030517578,22.31999969482422,0.0,0.0227434652457388,0.0179789908369025,0.0846370090659591,0.0758326062705541
2022-12-08,22.290000915527344,23.280000686645508,22.059999465942383,22.809999465942383,0.0,-0.0173453038440404,0.0116657383639846,-0.0054250060652379,0.0217158890426255
2022-12-09,22.82999992370605,23.209999084472656,22.18000030517578,22.549999237060547,0.0,0.0239372687286424,-0.0030114715173569,0.005425006065238,-0.011463980767534
2022-12-12,25.0,25.049999237060547,24.18000030517578,24.39999961853028,0.0,0.0908003676683252,0.0762906162332469,0.0863348621263732,0.0788480845496994
2022-12-13,22.549999237060547,25.84000015258789,21.459999084472656,25.239999771118164,0.0,-0.1031407927527491,0.0310498877452966,-0.1193351632671335,0.0338469119396427
2022-12-14,21.13999938964844,23.46999931335449,21.06999969482422,22.82999992370605,0.0,-0.0645680805452412,-0.0962007042128799,-0.0183404812083159,-0.1003545714049183
2022-12-15,22.82999992370605,23.670000076293945,21.25,21.520000457763672,0.0,0.0769085056296651,0.0084854461425012,0.0085066820382286,-0.0590927006347459
2022-12-16,22.6200008392334,23.82999992370605,22.09000015258789,23.26000022888184,0.0,-0.0092409494105136,0.0067368611599317,0.038768128969155,0.0777524003655365
2022-12-19,22.420000076293945,22.86000061035156,21.61000061035156,22.6299991607666,0.0,-0.0088810867424066,-0.0415566028428508,-0.0219688255768459,-0.0274587343702141
2022-12-20,21.479999542236328,23.38999938964844,21.350000381469727,23.170000076293945,0.0,-0.0428311727174494,0.0229198694353284,-0.012104441220667,0.0235819191766228
2022-12-21,20.06999969482422,21.290000915527344,19.940000534057617,21.25,0.0,-0.0678961007268287,-0.0940710325934551,-0.0683239662251454,-0.086501446366649
2022-12-22,21.96999931335449,24.299999237060547,20.01000022888184,20.07999992370605,0.0,0.0904517075400627,0.1322387970417364,0.0035043687170923,-0.0566326043463968
2022-12-23,20.8700008392334,22.63999938964844,20.780000686645508,22.170000076293945,0.0,-0.051365093841202,-0.0707580925738263,0.0377588586806419,0.0990157360455058
2022-12-26,20.8700008392334,22.63999938964844,20.780000686645508,22.170000076293945,0.0,-0.051365093841202,-0.0707580925738263,0.0377588586806419,0.0990157360455058
2022-12-27,21.64999961853028,22.799999237060547,21.59000015258789,21.670000076293945,0.0,0.0366926755271122,0.007042276122147,0.0382392328795854,-0.0228112080005496
2022-12-28,22.13999938964844,22.26000022888184,20.959999084472656,21.46999931335449,0.0,0.0223804628840193,-0.023969146368536,-0.0296144358211413,-0.0092722391599218
2022-12-29,21.440000534057617,22.309999465942383,21.36000061035156,22.25,0.0,-0.0321275386006646,0.0022436283768014,0.018904226893404,0.0356854287031861
2022-12-30,21.670000076293945,22.39999961853028,21.59000015258789,21.82999992370605,0.0,0.0106704579569803,0.0040259573246922,0.0107102089277372,-0.0190568415453096
2023-01-03,22.89999961853028,23.76000022888184,22.729999542236328,23.09000015258789,0.0,0.0552080748331422,0.0589425622964225,0.0514553661310245,0.0561144629078615
2023-01-04,22.01000022888184,23.270000457763672,21.940000534057617,22.93000030517578,0.0,-0.0396399879647639,-0.0208385071414799,-0.0353741385364501,-0.0069535197959702
2023-01-05,22.459999084472656,22.920000076293945,21.96999931335449,22.200000762939453,0.0,0.0202390026103619,-0.0151551018107932,0.0013663759539232,-0.0323537869339557
2023-01-06,21.1299991607666,22.89999961853028,21.0,22.690000534057617,0.0,-0.0610421166373849,-0.0008730012731176,-0.0451554174193169,0.0218319990840108
2023-01-09,21.96999931335449,21.979999542236328,21.270000457763672,21.75,0.0,0.0389840632323996,-0.0410039657530249,0.0127752130102868,-0.042310564794193
2023-01-10,20.57999992370605,22.459999084472656,20.57999992370605,22.21999931335449,0.0,-0.0653581284440253,0.0216029803986229,-0.0329779240349952,0.0213789957746521
2023-01-11,21.09000015258789,21.25,20.6200008392334,20.799999237060547,0.0,0.0244792750270511,-0.0553790131772994,0.0019417925900692,-0.066039803281855
2023-01-12,18.82999992370605,21.799999237060547,18.82999992370605,21.559999465942383,0.0,-0.1133476631084278,0.0255530394273943,-0.090810180671446,0.0358867712425443
2023-01-13,18.350000381469727,19.40999984741211,18.010000228881836,19.0,0.0,-0.0258217433282177,-0.1161215454782042,-0.0445241667208759,-0.1264007421035941
2023-01-16,18.350000381469727,19.40999984741211,18.010000228881836,19.0,0.0,-0.0258217433282177,-0.1161215454782042,-0.0445241667208759,-0.1264007421035941
2023-01-17,19.36000061035156,20.21999931335449,19.209999084472656,19.88999938964844,0.0,0.0535795180857339,0.0408837903139793,0.0645037572251087,0.045778083013087
2023-01-18,20.34000015258789,20.57999992370605,18.709999084472656,19.280000686645508,0.0,0.0493802847474228,0.0176475470651194,-0.0263728377680879,-0.031148737382735
2023-01-19,20.520000457763672,21.709999084472656,20.170000076293945,20.43000030517578,0.0,0.0088106444884628,0.0534532150207183,0.0751382643951833,0.057936098970368
2023-01-27,18.51000022888184,19.0,17.969999313354492,18.89999961853028,0.0,-0.0118153530651514,-0.0249492955487865,-0.0382142990552673,-0.0079051596413807
2023-01-30,19.940000534057617,20.25,19.540000915527344,19.76000022888184,0.0,0.0744166523662089,0.0637158143861077,0.0837600308838352,0.0444978020207974
2023-01-31,19.39999961853028,20.700000762939453,19.1299991607666,20.1200008392334,0.0,-0.027454744911028,0.021978943575753,-0.0212059538865,0.0180546830401284
2023-02-01,17.8700008392334,20.040000915527344,17.700000762939453,19.6200008392334,0.0,-0.0821496702713021,-0.0324034152266409,-0.0776930568984385,-0.0251648900313398
2023-02-02,18.729999542236328,19.25,17.059999465942383,17.739999771118164,0.0,0.0470031158812725,-0.0402192611678669,-0.0368281719248407,-0.1007275329321859
2023-02-03,18.32999992370605,19.299999237060547,17.93000030517578,18.56999969482422,0.0,-0.0215874343264961,0.0025939956465042,0.0497387938785761,0.0457253949513947
2023-02-06,19.43000030517578,19.809999465942383,19.209999084472656,19.229999542236328,0.0,0.0582792214064019,0.0260817773711705,0.0689556244841288,0.0349241768652169
2023-02-07,18.65999984741211,19.989999771118164,18.43000030517578,19.540000915527344,0.0,-0.0404360918538447,0.009045303311024,-0.0414511408811964,0.01599215767262
2023-02-08,19.6299991607666,20.1200008392334,18.549999237060547,18.8799991607666,0.0,0.0506767782938499,0.0064822498804472,0.0064899596842575,-0.0343605772022128
2023-02-09,20.709999084472656,21.07999992370605,19.020000457763672,19.239999771118164,0.0,0.0535576656646979,0.0466103331109649,0.0250213332601028,0.0188883170749828
2023-02-10,20.530000686645508,21.940000534057617,20.440000534057617,20.739999771118164,0.0,-0.0087293667236746,0.0399867591349126,0.0720027102788321,0.0750727584241978
2023-02-13,20.34000015258789,21.690000534057617,20.32999992370605,21.65999984741211,0.0,-0.0092978663545223,-0.0114601297277372,-0.0053961675760881,0.043403042762546
2023-02-14,18.90999984741211,20.75,18.479999542236328,20.71999931335449,0.0,-0.0728985235210745,-0.0443051027843722,-0.0954085824447023,-0.0443678502761392
2023-02-15,18.229999542236328,19.40999984741211,18.11000061035156,19.3700008392334,0.0,-0.03662231102109,-0.0667578573570914,-0.0202247358449943,-0.0673738635066629
2023-02-16,20.170000076293945,20.270000457763672,18.229999542236328,18.26000022888184,0.0,0.1011277921685539,0.0433535937276014,0.0066042579823301,-0.0590126330439321
2023-02-17,20.020000457763672,21.299999237060547,19.81999969482422,20.940000534057617,0.0,-0.0074645589962734,0.0495650538494078,0.0836229499243643,0.1369483432451499
2023-02-20,20.020000457763672,21.299999237060547,19.81999969482422,20.940000534057617,0.0,-0.0074645589962734,0.0495650538494078,0.0836229499243643,0.1369483432451499
2023-02-21,22.8700008392334,23.34000015258789,21.799999237060547,21.799999237060547,0.0,0.1330942479781164,0.0914615964993979,0.0952184212933437,0.0402487038512453
2023-02-22,22.290000915527344,23.6299991607666,22.020000457763672,23.030000686645508,0.0,-0.0256878562592757,0.0123484222872025,0.0100412172852545,0.0548878088500364
2023-02-23,21.13999938964844,22.43000030517578,20.88999938964844,21.959999084472656,0.0,-0.0529712369010226,-0.0521176935454118,-0.052680605732004,-0.0475751686972079
2023-02-24,21.670000076293945,22.89999961853028,21.31999969482422,21.350000381469727,0.0,0.0247618674987746,0.0207375317643134,0.0203750386325122,-0.0281708174085805
2023-02-27,20.950000762939453,22.020000457763672,20.68000030517578,21.989999771118164,0.0,-0.0337901362836813,-0.0391857418190527,-0.030478520586305,0.0295360366161509
2023-02-28,20.700000762939453,21.3700008392334,20.100000381469727,21.299999237060547,0.0,-0.0120049456570026,-0.0299630434804515,-0.0284472303536544,-0.0318807572615936
2023-03-01,20.57999992370605,21.31999969482422,20.21999931335449,20.38999938964844,0.0,-0.0058140104295864,-0.0023425236190403,0.0059523455899719,-0.0436624822441292
2023-03-02,19.59000015258789,21.420000076293945,19.549999237060547,21.40999984741211,0.0,-0.0493004869531946,0.0046794835978289,-0.0336969322272571,0.0488135408221507
2023-03-03,18.489999771118164,19.76000022888184,18.15999984741211,19.76000022888184,0.0,-0.0577892067251687,-0.0806653646786007,-0.0737538826356077,-0.0801983915718357
2023-03-06,18.61000061035156,19.190000534057617,18.489999771118164,19.049999237060547,0.0,0.006469070430775,-0.0292703660532068,0.0180086682496207,-0.0365926423794166
2023-03-07,19.59000015258789,19.739999771118164,18.51000022888184,18.63999938964844,0.0,0.0513201362943937,0.0282576845609071,0.0010811059303624,-0.0217572850101318
2023-03-08,19.11000061035156,20.01000022888184,19.0,19.709999084472656,0.0,-0.0248074495544816,0.0135851376235037,0.0261278402157269,0.0558162982014749
2023-03-09,22.61000061035156,23.13999938964844,18.8799991607666,19.32999992370605,0.0,0.1681805230936015,0.1453305353550435,-0.0063358629000083,-0.0194677854414169
2023-03-10,24.799999237060547,28.96999931335449,21.790000915527344,23.34000015258789,0.0,0.0924513091226086,0.2246980926902497,0.1433480747060359,0.1885103441227027
2023-03-13,26.520000457763672,30.809999465942383,23.850000381469727,24.049999237060547,0.0,0.0670555601714867,0.0615785071953633,0.0903330423564197,0.0299663314326925
2023-03-14,23.729999542236328,27.239999771118164,22.270000457763672,26.850000381469727,0.0,-0.1111591314215677,-0.1231528223957765,-0.0685437315044402,0.1101308703335967
2023-03-15,26.13999938964844,29.90999984741211,23.190000534057617,23.209999084472656,0.0,0.0967266336895753,0.0935063946613942,0.0404806724726437,-0.1456826543213505
2023-03-16,22.989999771118164,27.489999771118164,22.96999931335449,26.190000534057617,0.0,-0.1284073560273654,-0.084370573689138,-0.0095321874892288,0.1207944980703202
2023-03-17,25.51000022888184,26.13999938964844,22.57999992370605,22.920000076293945,0.0,0.1040112123065824,-0.0503556090044079,-0.0171244314651752,-0.1333677837360369
2023-03-20,24.14999961853028,28.90999984741211,24.0,27.770000457763672,0.0,-0.054786176823226,0.1007208659034804,0.0609892750052582,0.1919464226275707
2023-03-21,21.3799991607666,24.15999984741211,21.290000915527344,24.15999984741211,0.0,-0.1218284979590346,-0.1794891839993329,-0.1198163084398649,-0.1392579510519255
2023-03-22,22.26000022888184,22.3799991607666,19.940000534057617,21.799999237060547,0.0,0.0403354897859024,-0.07653070136637,-0.0655097305911581,-0.1027884319530701
2023-03-23,22.61000061035156,24.90999984741211,20.15999984741211,21.540000915527344,0.0,0.0156009571550378,0.107101657764001,0.0109726443174015,-0.0119982205659877
2023-03-24,21.739999771118164,25.209999084472656,21.600000381469727,22.11000061035156,0.0,-0.0392384421197196,0.0119713817352674,0.0689928967164306,0.0261183082427486
2023-03-27,20.600000381469727,22.93000030517578,20.56999969482422,22.049999237060547,0.0,-0.0538627768514368,-0.0947945947049578,-0.048859643521853,-0.0027174551821553
2023-03-28,19.96999931335449,21.39999961853028,19.90999984741211,20.530000686645508,0.0,-0.0310599812696111,-0.0690552059767132,-0.0326115784166787,-0.0714253028156265
2023-03-29,19.1200008392334,19.450000762939453,19.09000015258789,19.38999938964844,0.0,-0.0434961615276574,-0.0955437949119843,-0.0420574646814869,-0.0571298266998853
2023-03-30,19.020000457763672,20.07999992370605,18.850000381469727,19.1200008392334,0.0,-0.0052438703314797,0.0318771817338957,-0.0126517115995955,-0.0140224862606993
2023-03-31,18.700000762939453,19.43000030517578,18.520000457763672,19.209999084472656,0.0,-0.0169675165252932,-0.0329060119282582,-0.0176616801958463,0.0046959776053562
2023-04-03,18.549999237060547,19.82999992370605,18.540000915527344,19.790000915527344,0.0,-0.0080538167348095,0.0203776595885334,0.0010793555836084,0.029745876755022
2023-04-04,19.0,20.030000686645508,18.57999992370605,18.790000915527344,0.0,0.0239692312418086,0.0100352452742762,0.0021551197605496,-0.0518519437270398
2023-04-05,19.07999992370605,20.07999992370605,19.0,19.420000076293945,0.0,0.0042016828550652,0.0024931070654486,0.0223532498869885,0.0329786046422535
2023-04-06,18.39999961853028,19.8799991607666,18.350000381469727,19.299999237060547,0.0,-0.0362900181386162,-0.0100101320105616,-0.0348093838773204,-0.0061984104115087
2023-04-07,18.39999961853028,19.8799991607666,18.350000381469727,19.299999237060547,0.0,-0.0362900181386162,-0.0100101320105616,-0.0348093838773204,-0.0061984104115087
2023-04-10,18.96999931335449,20.049999237060547,18.93000030517578,19.38999938964844,0.0,0.0305081038676429,0.008514956687267,0.0311183860533887,0.0046523813966163
2023-04-11,19.100000381469727,19.280000686645508,18.559999465942383,19.07999992370605,0.0,0.0068296072742884,-0.0391607909039419,-0.0197392827591107,-0.0161167757554079
2023-04-12,19.09000015258789,19.979999542236328,18.25,19.3799991607666,0.0,-0.0005237092940851,0.0356634255125199,-0.0168436185548974,0.0156009011370164
2023-04-13,17.799999237060547,19.059999465942383,17.770000457763672,18.82999992370605,0.0,-0.0699662312944644,-0.0471398801030689,-0.026653412101464,-0.0287902245411844
2023-04-14,17.06999969482422,18.1200008392334,17.06999969482422,17.940000534057617,0.0,-0.041875895507824,-0.0505755232761024,-0.040189148998589,-0.0484184522175902
2023-04-17,16.950000762939453,17.790000915527344,16.899999618530273,17.579999923706055,0.0,-0.007054640090812,-0.0183797937893664,-0.010008919571593,-0.0202709984825315
2023-04-18,16.829999923706055,17.34000015258789,16.579999923706055,16.940000534057617,0.0,-0.007104875168132,-0.0256205729886159,-0.0191164542512703,-0.0370841671668845
2023-04-19,16.459999084472656,17.719999313354492,16.170000076293945,17.299999237060547,0.0,-0.0222298640419264,0.0216779262750288,-0.0250394667983282,0.0210287366528544
2023-04-20,17.170000076293945,17.690000534057617,16.329999923706055,16.850000381469727,0.0,0.042230539725252,-0.001694368065691,0.0098462240031065,-0.0263557779656625
2023-04-21,16.770000457763672,17.709999084472656,16.579999923706055,17.510000228881836,0.0,-0.0235720762211302,0.001129861737742,0.0151932427952217,0.0384214799317295
2023-04-24,16.889999389648438,18.239999771118164,16.739999771118164,18.21999931335449,0.0,0.0071300915511495,0.0294875719986002,0.0096039062829951,0.0397476947761966
2023-04-25,18.76000022888184,19.86000061035156,17.329999923706055,17.6200008392334,0.0,0.1050052610957548,0.0850907172518938,0.0346380479365152,-0.0334851860078262
2023-04-26,18.84000015258789,19.61000061035156,17.8700008392334,18.65999984741211,0.0,0.0042553214687589,-0.0126680180169727,0.030684276809498,0.0573475191043025
2023-04-27,17.030000686645508,18.43000030517578,16.719999313354492,18.43000030517578,0.0,-0.101005742253006,-0.0620598830923859,-0.0665178095453526,-0.0124023990015517
2023-04-28,15.779999732971191,17.649999618530273,15.720000267028809,17.209999084472656,0.0,-0.0762332364986054,-0.0432440264740844,-0.0616717626016138,-0.0684892312143328
2023-05-04,20.09000015258789,21.32999992370605,18.670000076293945,19.170000076293945,0.0,0.0911377112737898,0.1246631902890835,0.0825901111773955,0.0730251561202161
2023-05-05,17.190000534057617,19.6299991607666,16.690000534057617,19.5,0.0,-0.1558943359593774,-0.0830555633706455,-0.1121081919676751,0.0170679045322864
2023-05-08,16.979999542236328,17.8799991607666,16.829999923706055,17.729999542236328,0.0,-0.012291696538472,-0.0933762427273998,0.0083532339971013,-0.0951563713021789
2023-05-09,17.709999084472656,17.860000610351562,17.219999313354492,17.290000915527344,0.0,0.042093246175029,-0.0011191131858039,0.0229084554551962,-0.025129741621061
2023-05-10,16.940000534057617,18.309999465942383,16.360000610351562,17.579999923706055,0.0,-0.044451679348907,0.024883719896309,-0.0512320906425466,0.0166335352707549
2023-05-11,16.93000030517578,18.190000534057617,16.6299991607666,16.799999237060547,0.0,-0.0005905065795475,-0.0065753076288936,0.016368874257655,-0.0453830469210665
2023-05-12,17.030000686645508,17.920000076293945,16.3799991607666,16.829999923706055,0.0,0.0058893208235718,-0.0149546100857283,-0.0151472155501362,0.0017841626733539
2023-05-15,17.1200008392334,18.15999984741211,17.079999923706055,17.440000534057617,0.0,0.0052708847398814,0.0133039529664711,0.0418471567038933,0.0356034454338994
2023-05-16,17.989999771118164,18.299999237060547,17.260000228881836,17.540000915527344,0.0,0.0495686155054787,0.0076796533859636,0.0104835150225413,0.0057175900371744
2023-05-17,16.8700008392334,18.26000022888184,16.68000030517578,17.959999084472656,0.0,-0.0642790889347507,-0.0021881304552691,-0.0341812836895959,0.0236629727575648
2023-05-18,16.049999237060547,17.149999618530273,16.049999237060547,16.920000076293945,0.0,-0.0498281442641097,-0.0627147363326087,-0.0385016131856553,-0.0596506532109666
2023-05-19,16.809999465942383,17.360000610351562,15.850000381469728,16.1299991607666,0.0,0.0462651136094354,0.0121705930218877,-0.0125392776500752,-0.0478155185794083
2023-05-22,17.209999084472656,18.1299991607666,16.81999969482422,17.450000762939453,0.0,0.0235166413757507,0.0433992340862922,0.0593991120103962,0.0786588522621265
2023-05-23,18.530000686645508,19.309999465942383,17.299999237060547,17.350000381469727,0.0,0.0739005203271089,0.0630550903063778,0.0281378210020096,-0.0057471639902981
2023-05-24,20.030000686645508,20.809999465942383,18.799999237060547,18.799999237060547,0.0,0.07784010660543,0.0748105459586603,0.083150371850831,0.0802643008744211
2023-05-25,19.13999938964844,19.950000762939453,18.700000762939453,19.540000915527344,0.0,-0.0454508298225688,-0.0422044331635831,-0.0053332645945755,0.0386068642146281
2023-05-26,17.950000762939453,19.559999465942383,17.270000457763672,19.06999969482422,0.0,-0.0641901966981337,-0.019742544275339,-0.0795526459945619,-0.0243472898592424
2023-05-29,17.950000762939453,19.559999465942383,17.270000457763672,19.06999969482422,0.0,-0.0641901966981337,-0.019742544275339,-0.0795526459945619,-0.0243472898592424
2023-05-30,17.459999084472656,18.34000015258789,16.979999542236328,17.559999465942383,0.0,-0.0276776594621241,-0.0644021621548425,-0.0169347647406697,-0.0824928458157362
2023-05-31,17.940000534057617,18.39999961853028,17.1200008392334,18.040000915527344,0.0,0.027120388423994,0.0032661687346203,0.0082112658100275,0.0269680075906629
2023-06-01,15.649999618530272,17.59000015258789,15.579999923706056,17.239999771118164,0.0,-0.1365619937886482,-0.0450200764587275,-0.0942593841885506,-0.0453593134249907
2023-06-02,14.600000381469728,15.649999618530272,14.420000076293944,15.649999618530272,0.0,-0.0694493377687454,-0.1168596748130626,-0.0773718983980415,-0.0967613593482389
2023-06-05,14.729999542236328,15.289999961853027,14.65999984741211,15.279999732971191,0.0,0.0088646445552209,-0.0232718751650253,0.0165065489024094,-0.0239261263484324
2023-06-06,13.960000038146973,14.970000267028809,13.949999809265137,14.90999984741211,0.0,-0.0536900993307573,-0.0211508011769415,-0.04964319145543,-0.0245126477199495
2023-06-07,13.9399995803833,14.289999961853027,13.770000457763672,14.140000343322754,0.0,-0.0014337248360685,-0.0464882269968437,-0.0129871486105123,-0.0530244337940396
2023-06-08,13.649999618530272,14.210000038146973,13.529999732971191,14.140000343322754,0.0,-0.0210228815462809,-0.0056140444787635,-0.0175829235374694,0.0
2023-06-09,13.829999923706056,14.140000343322754,13.5,13.779999732971191,0.0,0.0131006464756446,-0.0049382600448475,-0.0022197370022588,-0.0257894385411631
2023-06-12,15.010000228881836,15.020000457763672,14.31999969482422,14.4399995803833,0.0,0.0818765207338811,0.0603749920642527,0.0589674547769577,0.0467838581978369
2023-06-13,14.609999656677246,15.0600004196167,14.470000267028809,14.989999771118164,0.0,-0.0270104586305477,0.0026595734218114,0.0104204188760112,0.0373811924401863
2023-06-14,13.880000114440918,14.729999542236328,13.829999923706056,14.479999542236328,0.0,-0.0512572389397647,-0.0221560508371667,-0.04523741893724,-0.0346149415014813
2023-06-15,14.5,14.520000457763672,13.789999961853027,14.09000015258789,0.0,0.0436996861028474,-0.0143591584745017,-0.0028964511211801,-0.027303018603951
2023-06-16,13.539999961853027,14.539999961853027,13.479999542236328,14.489999771118164,0.0,-0.0685003847597537,0.0013764285587118,-0.0227366175135015,0.0279934037966375
2023-06-19,13.539999961853027,14.539999961853027,13.479999542236328,14.489999771118164,0.0,-0.0685003847597537,0.0013764285587118,-0.0227366175135015,0.0279934037966375
2023-06-20,13.880000114440918,14.670000076293944,13.859999656677246,14.359999656677246,0.0,0.0248006986569064,0.008901127873783,0.0277998974655642,-0.0090122008249348
2023-06-21,13.199999809265137,13.890000343322754,13.100000381469728,13.880000114440918,0.0,-0.0502321481809671,-0.0546354158720551,-0.0563947096640634,-0.0339975763881267
2023-06-22,12.90999984741211,13.979999542236328,12.729999542236328,13.880000114440918,0.0,-0.0222146221035194,0.0064585225779682,-0.0286508827170576,0.0
2023-06-23,13.4399995803833,13.800000190734863,12.880000114440918,13.239999771118164,0.0,0.0402331108343276,-0.0129590980769552,0.0117143529514975,-0.047206430101967
2023-06-26,14.25,14.710000038146973,13.779999732971191,14.43000030517578,0.0,0.0585216028411371,0.0638589312220883,0.0675425166461426,0.0860668607127676
2023-06-27,13.739999771118164,14.34000015258789,13.59000015258789,14.109999656677246,0.0,-0.036445636578523,-0.0254746913944223,-0.0138840068165086,-0.0224256524016344
2023-06-28,13.43000030517578,13.960000038146973,13.359999656677246,13.899999618530272,0.0,-0.0228202368775519,-0.0268567457453743,-0.0170690969803175,-0.0149949288400671
2023-06-29,13.539999961853027,13.850000381469728,13.40999984741211,13.640000343322754,0.0,0.0081572314081904,-0.0079108398905297,0.0037355435042342,-0.0188821351071747
2023-06-30,13.59000015258789,13.59000015258789,12.960000038146973,13.510000228881836,0.0,0.0036859747242309,-0.0189510207852818,-0.0341329920473547,-0.0095765086718375
2023-07-03,13.56999969482422,13.850000381469728,13.470000267028809,13.850000381469728,0.0,-0.001472788033232,0.0189510207852818,0.0385973163786695,0.0248550912625198
2023-07-04,13.56999969482422,13.850000381469728,13.470000267028809,13.850000381469728,0.0,-0.001472788033232,0.0189510207852818,0.0385973163786695,0.0248550912625198
2023-07-05,14.18000030517578,14.739999771118164,14.050000190734863,14.1899995803833,0.0,0.0439710912677714,0.0622796110569626,0.0421573991089523,0.0242522014243663
2023-07-06,15.4399995803833,17.079999923706055,14.789999961853027,14.850000381469728,0.0,0.085128974793837,0.1473433126603147,0.0513288647882778,0.0454624293362513
2023-07-07,14.829999923706056,16.059999465942383,14.329999923706056,15.970000267028809,0.0,-0.0403093664141097,-0.061576508628849,-0.0315960376274585,0.0727120880106672
2023-07-10,15.06999969482422,16.209999084472656,15.039999961853027,16.079999923706055,0.0,0.0160538413825818,0.009296604003697,0.0483580794693167,0.0068642800585993
2023-07-11,14.84000015258789,15.25,14.630000114440918,15.020000457763672,0.0,-0.0153797443664173,-0.0610487762149926,-0.0276390931309472,-0.0681935821932415
2023-07-12,13.539999961853027,14.81999969482422,13.510000228881836,14.81999969482422,0.0,-0.0916779833546622,-0.0286019037776379,-0.0796440539406105,-0.0134050775371476
2023-07-13,13.609999656677246,13.609999656677246,13.119999885559082,13.4399995803833,0.0,0.0051565267708276,-0.0851728078381802,-0.0292923941204559,-0.0977422954022603
2023-07-14,13.34000015258789,13.760000228881836,13.220000267028809,13.720000267028809,0.0,-0.0200377395117523,0.0109610577014492,0.0075930798290788,0.0206193378869576
2023-07-17,13.479999542236328,14.0,13.43000030517578,13.779999732971191,0.0,0.0104400195995807,0.0172914804762067,0.0157601786361936,0.0043636044470345
2023-07-18,13.300000190734863,13.670000076293944,13.289999961853027,13.609999656677246,0.0,-0.0134430219567558,-0.023853673298278,-0.0104791634037821,-0.0124134547699119
2023-07-19,13.760000228881836,13.84000015258789,13.119999885559082,13.31999969482422,0.0,0.0340017995703767,0.0123593048976794,-0.0128740950614903,-0.0215381492364543
2023-07-20,13.989999771118164,14.229999542236328,13.579999923706056,13.960000038146973,0.0,0.0165769231779493,0.0277894187181845,0.0344603417191272,0.0469294578656693
2023-07-21,13.600000381469728,13.890000343322754,13.369999885559082,13.869999885559082,0.0,-0.0282729515257504,-0.0241831984493316,-0.0155847339581176,-0.0064678739910447
2023-07-24,13.90999984741211,14.300000190734863,13.729999542236328,14.289999961853027,0.0,0.0225381741744466,0.0290903691204507,0.0265698038851589,0.0298317631965159
2023-07-25,13.859999656677246,14.09000015258789,13.81999969482422,14.020000457763672,0.0,-0.0036010259747018,-0.0147942138638583,0.0065336098178593,-0.0190750750150841
2023-07-26,13.1899995803833,14.15999984741211,13.149999618530272,13.859999656677246,0.0,-0.0495480340750175,0.0049557407494872,-0.0496950666426714,-0.0114779452662092
2023-07-27,14.40999984741211,15.020000457763672,12.739999771118164,13.140000343322754,0.0,0.0884634645064248,0.0589615993233376,-0.0316750974362584,-0.0533459298064678
2023-07-28,13.329999923706056,14.18000030517578,13.270000457763672,14.029999732971191,0.0,-0.0779052709552622,-0.057550134187385,0.0407592506618375,0.0655368358971399
2023-07-31,13.630000114440918,14.09000015258789,13.56999969482422,13.979999542236328,0.0,0.0222561256375528,-0.0063672058854398,0.0223555685175262,-0.0035701710201863
2023-08-01,13.93000030517578,14.300000190734863,13.75,13.75,0.0,0.0217715555948296,0.0147942138638584,0.0131773727548064,-0.0165888799489007
2023-08-02,16.09000015258789,16.479999542236328,14.949999809265137,15.699999809265137,0.0,0.1441531607881677,0.1418879461004396,0.0836724629659302,0.1326218760929645
2023-08-03,15.920000076293944,17.420000076293945,15.720000267028809,16.770000457763672,0.0,-0.0106217852791207,0.0554714790996287,0.0502225169091152,0.0659309029261537
2023-08-04,17.100000381469727,17.389999389648438,14.56999969482422,16.010000228881836,0.0,0.071502300608215,-0.0017236825356882,-0.0759692047260018,-0.0463780618268958
2023-08-07,15.770000457763672,17.360000610351562,15.770000457763672,16.899999618530273,0.0,-0.0809690558143386,-0.0017265488776402,0.0791448307408224,0.0541000580520515
2023-08-08,15.989999771118164,18.13999938964844,15.960000038146973,16.280000686645508,0.0,0.0138540825293554,0.0439506666495632,0.0119761644093774,-0.0373761966052185
2023-08-09,15.960000038146973,16.8700008392334,15.380000114440918,15.8100004196167,0.0,-0.0018779181199778,-0.0725824647353016,-0.037017622893434,-0.0292947249890348
2023-08-10,15.850000381469728,16.860000610351562,14.600000381469728,15.579999923706056,0.0,-0.0069160700210437,-0.000592957530096,-0.0520464166760358,-0.0146546422169142
2023-08-11,14.84000015258789,16.510000228881836,14.84000015258789,15.529999732971191,0.0,-0.0658432763693429,-0.020977716979608,0.0163046931790832,-0.0032144155794767
2023-08-14,14.81999969482422,16.059999465942383,14.770000457763672,15.880000114440918,0.0,-0.0013486487456544,-0.0276345965305448,-0.0047281204853482,0.0222868430593867
2023-08-15,16.459999084472656,16.56999969482422,14.90999984741211,14.949999809265137,0.0,0.1049555403517941,0.0312621377563876,0.0094339910066284,-0.0603491759470859
2023-08-16,16.780000686645508,16.93000030517578,15.800000190734863,16.540000915527344,0.0,0.0192546023319537,0.0214934011496803,0.0579778335620304,0.1010704578693515
2023-08-17,17.889999389648438,18.1299991607666,16.399999618530273,16.959999084472656,0.0,0.0640541214441842,0.0684807643062119,0.0372713594650554,0.0250758314343286
2023-08-18,17.299999237060547,18.8799991607666,17.139999389648438,17.799999237060547,0.0,-0.0335354060005289,0.0405351377894362,0.0441335659900536,0.048340838054081
2023-08-21,17.1299991607666,18.11000061035156,16.8799991607666,18.030000686645508,0.0,-0.0098751940591841,-0.0416388106686502,-0.0152854381096655,0.0128386608624537
2023-08-22,16.969999313354492,17.579999923706055,16.610000610351562,16.959999084472656,0.0,-0.0093842245601839,-0.0297024176805658,-0.0161244790789583,-0.0611794989165348
2023-08-23,15.979999542236328,17.100000381469727,15.90999984741211,16.639999389648438,0.0,-0.0601091270917266,-0.0276834021004309,-0.0430571276122284,-0.01904817766891
2023-08-24,17.200000762939453,17.31999969482422,15.479999542236328,15.56999969482422,0.0,0.0735715164842602,0.012783399697655,-0.0273989941687206,-0.0664634324676164
2023-08-25,15.68000030517578,17.360000610351562,15.449999809265137,17.209999084472656,0.0,-0.0925233937913486,0.0023068588762634,-0.0019398475918281,0.1001445907803773
2023-08-28,15.079999923706056,16.280000686645508,15.0,16.239999771118164,0.0,-0.0390166768644726,-0.0642313416390678,-0.0295587898962456,-0.0580132363862187
2023-08-29,14.449999809265137,15.300000190734863,14.34000015258789,15.079999923706056,0.0,-0.0426749561617333,-0.0620845618869151,-0.0449973552900182,-0.0741079631192927
2023-08-30,13.880000114440918,14.699999809265137,13.829999923706056,14.529999732971191,0.0,-0.0402454380351152,-0.0400053600551908,-0.0362127056520791,-0.0371538983160955
2023-08-31,13.56999969482422,14.0,13.4399995803833,13.979999542236328,0.0,-0.0225875119659074,-0.0487901511942711,-0.0286048362865903,-0.0385877551429532
2023-09-05,14.010000228881836,14.470000267028809,13.699999809265137,14.149999618530272,0.0,0.0679227851073113,0.0649532456399194,0.0509091469729036,0.0425902836728215
2023-09-06,14.449999809265137,15.300000190734863,14.130000114440918,14.270000457763672,0.0,0.0309230246728477,0.0557752817673677,0.0309043858837547,0.0084448664372332
2023-09-07,14.399999618530272,15.6899995803833,14.399999618530272,14.8100004196167,0.0,-0.0034662212677953,0.0251706991360074,0.0189279752954203,0.0371431930455544
2023-09-08,13.84000015258789,14.869999885559082,13.579999923706056,14.220000267028809,0.0,-0.0396652188763411,-0.0536777872247583,-0.0586300635785618,-0.0406532134595507
2023-09-11,13.800000190734863,14.329999923706056,13.739999771118164,14.170000076293944,0.0,-0.0028943552301342,-0.0369905162599605,0.0117131536236971,-0.0035223840667148
2023-09-12,14.229999542236328,14.420000076293944,13.710000038146973,14.020000457763672,0.0,0.0306837739483188,0.006260900631636,-0.0021857737794938,-0.0106421448295723
2023-09-13,13.479999542236328,14.68000030517578,13.40999984741211,14.420000076293944,0.0,-0.0541453084074137,0.0178699068272649,-0.02212481044172,0.0281312228904405
2023-09-14,12.81999969482422,13.460000038146973,12.789999961853027,13.390000343322754,0.0,-0.0502006438375702,-0.0867637169242293,-0.0473370733067337,-0.0741079518043287
2023-09-15,13.789999961853027,14.170000076293944,12.68000030517578,12.699999809265137,0.0,0.0729372613510718,0.0514047320360962,-0.0086376395316189,-0.052906206897264
2023-09-18,14.0,14.75,13.859999656677246,14.399999618530272,0.0,0.0151136405763259,0.0401160236990517,0.0889809959144252,0.1256262016449488
2023-09-19,14.109999656677246,14.880000114440918,13.859999656677246,14.109999656677246,0.0,0.0078264119175888,0.0087749543100387,0.0,-0.0203444385581537
2023-09-20,15.140000343322754,15.149999618530272,13.56999969482422,14.18000030517578,0.0,0.0704565291529909,0.0179824696799901,-0.0211455176332215,0.0049488010926978
2023-09-21,17.540000915527344,17.540000915527344,15.100000381469728,15.489999771118164,0.0,0.1471437684547391,0.1464835323647196,0.1068333177260003,0.0883620970271287
2023-09-22,17.200000762939453,17.40999984741211,15.93000030517578,17.309999465942383,0.0,-0.0195746109642261,-0.0074392941248618,0.0535093739954822,0.1110896986828947
2023-09-25,16.899999618530273,18.40999984741211,16.790000915527344,17.25,0.0,-0.0175958288194969,0.0558492419409552,0.0525793825383241,-0.0034721948582
2023-09-26,18.940000534057617,19.5,17.170000076293945,18.030000686645508,0.0,0.1139625165984174,0.0575204786130302,0.0223801537352484,0.0442249318213565
2023-09-27,18.21999931335449,19.709999084472656,18.030000686645508,18.290000915527344,0.0,-0.0387562618098219,0.010711609145036,0.0488733959458965,0.0143174371602174
2023-09-28,17.34000015258789,18.770000457763672,17.059999465942383,18.21999931335449,0.0,-0.049503873993291,-0.0488661997282714,-0.0553005645398596,-0.0038346583134929
2023-09-29,17.520000457763672,17.739999771118164,15.829999923706056,16.8700008392334,0.0,0.0103271314841497,-0.0564379110070524,-0.0748296416855244,-0.0769829078404846
2023-10-02,17.610000610351562,18.549999237060547,16.93000030517578,17.309999465942383,0.0,0.0051238455311788,0.0446477839452185,0.0671803450974426,0.0257473920306036
2023-10-03,19.780000686645508,20.479999542236328,17.520000457763672,17.809999465942383,0.0,0.1162044037412089,0.098979029894933,0.0342558974655245,0.0284757289796104
2023-10-04,18.57999992370605,20.8799991607666,18.299999237060547,20.71999931335449,0.0,-0.0625856316292443,0.0193429450017017,0.0435579065203853,0.1513393169368404
2023-10-05,18.489999771118164,19.57999992370605,18.26000022888184,18.670000076293945,0.0,-0.0048556962591008,-0.0642830896154268,-0.0021881304552691,-0.1041814226119424
2023-10-06,17.450000762939453,19.93000030517578,17.190000534057617,18.729999542236328,0.0,-0.0578903406504572,0.0177175163312457,-0.0603850372387431,0.0032085303757877
2023-10-09,17.700000762939453,19.600000381469727,17.559999465942383,19.540000915527344,0.0,0.0142249903138126,-0.0166965638378731,0.0212957073309845,0.0423372014527802
2023-10-10,17.030000686645508,17.860000610351562,16.510000228881836,17.700000762939453,0.0,-0.0385881476893506,-0.0929659760766404,-0.0616572859984051,-0.0988990107849386
2023-10-11,16.09000015258789,17.780000686645508,16.09000015258789,16.950000762939453,0.0,-0.0567785645066649,-0.0044893409178318,-0.0257683013075701,-0.043296803846071
2023-10-12,16.690000534057617,18.07999992370605,15.4399995803833,16.079999923706055,0.0,0.0366117991847112,0.0167320820394922,-0.0412364530683084,-0.0526916198314634
2023-10-13,19.31999969482422,20.780000686645508,16.5,16.530000686645508,0.0,0.1463310433161218,0.1391846679704243,0.0663988634871524,0.0276006943661132
2023-10-16,17.209999084472656,19.56999969482422,17.139999389648438,19.100000381469727,0.0,-0.1156502559624824,-0.0599932529007333,0.038054496653322,0.1445114016525359
2023-10-17,17.8799991607666,18.540000915527344,16.969999313354492,17.40999984741211,0.0,0.0381921657823345,-0.0540671562950211,-0.0099678387760392,-0.0926436100091052
2023-10-18,19.21999931335449,20.14999961853028,17.8799991607666,18.36000061035156,0.0,0.0722686450081968,0.0832736599422897,0.0522356840245581,0.0531296734201771
2023-10-19,21.39999961853028,21.39999961853028,18.549999237060547,19.729999542236328,0.0,0.1074395363855447,0.0601866347409256,0.0367870251162556,0.0719658783972283
2023-10-20,21.709999084472656,21.82999992370605,20.420000076293945,21.59000015258789,0.0,0.0143820375173153,0.0198942628648219,0.0960450685481238,0.090089954761121
2023-10-23,20.3700008392334,23.07999992370605,19.479999542236328,21.82999992370605,0.0,-0.0637096702812397,0.0556812712673287,-0.0471265417575288,0.0110549154726974
2023-10-24,18.96999931335449,20.239999771118164,18.64999961853028,20.030000686645508,0.0,-0.0712045236876605,-0.1313056052233948,-0.0435421490795432,-0.0860539831083592
2023-10-25,20.190000534057617,21.239999771118164,18.86000061035156,19.38999938964844,0.0,0.0623287110258039,0.0482253524868834,0.011197183931852,-0.0324737461816665
2023-10-26,20.68000030517578,21.959999084472656,20.21999931335449,21.780000686645508,0.0,0.023979605620941,0.0333363893528915,0.0696288700660596,0.1162347112543237
2023-10-27,21.270000457763672,22.06999969482422,19.71999931335449,20.38999938964844,0.0,0.0281305863364322,0.0049966314903669,-0.0250388652788585,-0.0659475943787417
2023-10-30,19.75,21.15999984741211,19.549999237060547,21.1299991607666,0.0,-0.074144159386579,-0.0421066066620648,-0.0086580669483985,0.0356492372578444
2023-10-31,18.13999938964844,19.86000061035156,17.969999313354492,19.86000061035156,0.0,-0.0850340803068641,-0.0634049104292177,-0.0842715848215282,-0.0619861025606074
2023-11-01,16.8700008392334,18.420000076293945,16.6299991607666,18.020000457763672,0.0,-0.0725824647353016,-0.0752706543806641,-0.0774954198450017,-0.0972254117664519
2023-11-02,15.65999984741211,16.6200008392334,15.579999923706056,16.59000015258789,0.0,-0.0744272654861069,-0.1028301950463769,-0.0652202071941213,-0.0826821641833455
2023-11-03,14.90999984741211,15.829999923706056,14.90999984741211,15.699999809265137,0.0,-0.0490775622761406,-0.0486999708493505,-0.0439559170029692,-0.0551394131943904
2023-11-06,14.890000343322754,15.579999923706056,14.84000015258789,15.390000343322754,0.0,-0.0013422487895297,-0.0159188335276546,-0.0047058705212801,-0.0199427300465861
2023-11-07,14.8100004196167,15.170000076293944,14.710000038146973,15.100000381469728,0.0,-0.005387213140145,-0.0266682371559812,-0.008798710814823,-0.0190232010751845
2023-11-08,14.449999809265137,15.09000015258789,14.300000190734863,14.90999984741211,0.0,-0.024608255254246,-0.005287515498093,-0.0282679866026503,-0.0126626505410568
2023-11-09,15.289999961853027,15.56999969482422,14.130000114440918,14.609999656677246,0.0,0.0565046160872774,0.0313136833540517,-0.0119593458083828,-0.0203259162792713
2023-11-10,14.170000076293944,15.449999809265137,14.15999984741211,15.09000015258789,0.0,-0.0760719583592971,-0.0077369752472082,0.0021208726940117,0.0323260806281663
2023-11-13,14.760000228881836,15.1899995803833,14.579999923706056,15.15999984741211,0.0,0.0407937755924486,-0.0169717020153105,0.0292296438581386,0.0046280872574489
2023-11-14,14.15999984741211,14.859999656677246,13.90999984741211,14.829999923706056,0.0,-0.0414997571896331,-0.0219642727973516,-0.047042726382034,-0.0220082191437885
2023-11-15,14.18000030517578,14.350000381469728,13.970000267028809,14.210000038146973,0.0,0.0014114651359527,-0.0349230473969074,0.0043041974176187,-0.0427062062117474
2023-11-16,14.31999969482422,14.420000076293944,13.68000030517578,14.119999885559082,0.0,0.0098245975957961,0.0048661683587591,-0.0209772578807409,-0.0063537208333101
2023-11-17,13.800000190734863,14.1899995803833,13.670000076293944,14.18000030517578,0.0,-0.0369885342368157,-0.0160786755469909,-0.0007312781855946,0.0042403186653301
2023-11-20,13.40999984741211,14.3100004196167,13.390000343322754,14.260000228881836,0.0,-0.0286679200696032,0.0084211612910241,-0.0206954709736642,0.0056258884112239
2023-11-21,13.350000381469728,14.3100004196167,13.130000114440918,13.449999809265137,0.0,-0.0044842724941529,0.0,-0.0196084883126239,-0.058479339169952
2023-11-22,12.850000381469728,13.25,12.81999969482422,13.079999923706056,0.0,-0.038172572393181,-0.0769610704594472,-0.0238932693428317,-0.0278947516706349
2023-11-23,12.850000381469728,13.25,12.81999969482422,13.079999923706056,0.0,-0.038172572393181,-0.0769610704594472,-0.0238932693428317,-0.0278947516706349
2023-11-24,12.460000038146973,13.170000076293944,12.449999809265137,13.029999732971191,0.0,-0.0308203246067267,-0.0060560308840314,-0.0292858200972135,-0.0038299695528139
2023-11-27,12.6899995803833,13.279999732971191,12.640000343322754,13.140000343322754,0.0,0.018290732238712,0.0083176023924966,0.015145808289674,0.0084066685411592
2023-11-28,12.6899995803833,14.300000190734863,12.5600004196167,12.779999732971191,0.0,0.0,0.0740004266632673,-0.0063492214312963,-0.027779611129412
2023-11-29,12.979999542236328,13.100000381469728,12.479999542236328,12.710000038146973,0.0,0.0225954273495225,-0.0876472912770318,-0.0063898681875254,-0.0054923398524175
2023-11-30,12.920000076293944,13.390000343322754,12.81999969482422,13.06999969482422,0.0,-0.0046331717495367,0.0218959260163843,0.0268791014263612,0.0279304160840995
2023-12-01,12.630000114440918,12.960000038146973,12.479999542236328,12.9399995803833,0.0,-0.0227015588361213,-0.0326404914757484,-0.0268791014263612,-0.0099962476419182
2023-12-04,13.079999923706056,13.699999809265137,12.979999542236328,13.279999732971191,0.0,0.035009394772744,0.0555281250442584,0.0392823497475969,0.0259358672958172
2023-12-05,12.850000381469728,13.760000228881836,12.8100004196167,13.260000228881836,0.0,-0.0177404991685938,0.0043700302272254,-0.0131835273434908,-0.0015071219219066
2023-12-06,12.970000267028809,13.029999732971191,12.640000343322754,12.779999732971191,0.0,0.0092951778889526,-0.0545114784956834,-0.0133597327852842,-0.0368705739636743
2023-12-07,13.0600004196167,13.279999732971191,12.949999809265137,13.170000076293944,0.0,0.0069151370616591,0.0190047532973281,0.0242293575366644,0.0300600934930842
2023-12-08,12.350000381469728,13.239999771118164,12.350000381469728,13.140000343322754,0.0,-0.0558980620159774,-0.0030165907189823,-0.0474396794547628,-0.0022804823636722
2023-12-11,12.630000114440918,13.140000343322754,12.609999656677246,13.050000190734863,0.0,0.0224188514612154,-0.0075814940371866,0.0208340287883755,-0.0068728908001269
2023-12-12,12.06999969482422,12.739999771118164,11.8100004196167,12.6899995803833,0.0,-0.0453519355978245,-0.0309144070061177,-0.0655434570107015,-0.0279738997248267
2023-12-13,12.1899995803833,12.460000038146973,11.81999969482422,12.199999809265137,0.0,0.0098928992445387,-0.022223115757548,0.000846320419461,-0.0393783125543684
2023-12-14,12.479999542236328,12.739999771118164,11.84000015258789,11.960000038146973,0.0,0.023511417191347,0.022223115757548,0.0016906561839923,-0.0198681843931737
2023-12-15,12.279999732971191,12.539999961853027,12.010000228881836,12.119999885559082,0.0,-0.0161554252875203,-0.0158231000156585,0.0142560128061467,0.0132892194868164
2023-12-18,12.5600004196167,12.640000343322754,12.399999618530272,12.619999885559082,0.0,0.0225452934750457,0.0079428837175699,0.0319567866978059,0.0404258768460002
2023-12-19,12.529999732971191,12.600000381469728,12.329999923706056,12.600000381469728,0.0,-0.002391446852206,-0.0031695716475141,-0.0056611308587178,-0.0015860038120414
2023-12-20,13.670000076293944,13.93000030517578,12.289999961853027,12.630000114440918,0.0,0.0870779087201619,0.1003479654667159,-0.003249390514545,0.0023781011906311
2023-12-21,13.649999618530272,14.489999771118164,13.34000015258789,13.399999618530272,0.0,-0.0014641626325125,0.0394139308372199,0.08198113145181,0.0591797330655366
2023-12-22,13.029999732971191,13.960000038146973,13.0,13.720000267028809,0.0,-0.0464851230410997,-0.0372626404699254,-0.0258176944643134,0.0235999632715049
2023-12-25,13.029999732971191,13.960000038146973,13.0,13.720000267028809,0.0,-0.0464851230410997,-0.0372626404699254,-0.0258176944643134,0.0235999632715049
2023-12-26,12.989999771118164,13.800000190734863,12.960000038146973,13.770000457763672,0.0,-0.0030745575807091,-0.0115274940822917,-0.0030816635939688,0.0036377042236319
2023-12-27,12.43000030517578,13.039999961853027,12.369999885559082,13.020000457763672,0.0,-0.0440668829884886,-0.0566470524114003,-0.0465935167146602,-0.0560056740451893
2023-12-28,12.470000267028809,12.649999618530272,12.380000114440918,12.4399995803833,0.0,0.003212851031472,-0.0303643685553064,0.0008080993475584,-0.0455696183591358
2023-12-29,12.449999809265137,13.1899995803833,12.359999656677246,12.550000190734863,0.0,-0.0016051735149952,0.0418017498981588,-0.0016168522478435,0.0088036271960029
2024-01-02,13.199999809265137,14.229999542236328,13.100000381469728,13.220000267028809,0.0,0.0584962075520671,0.0758934450168667,0.0581468350743094,0.0520101738466009
2024-01-03,14.039999961853027,14.220000267028809,13.329999923706056,13.350000381469728,0.0,0.0616935807379299,-0.0007029367793527,0.0174048691402087,0.0097855587983787
2024-01-04,14.130000114440918,14.199999809265137,13.640000343322754,13.93000030517578,0.0,0.0063898089149368,-0.0014074919783095,0.022989549118465,0.0425283962787535
2024-01-05,13.350000381469728,14.579999923706056,13.289999961853027,14.239999771118164,0.0,-0.0567837913748113,0.026408770172549,-0.0259948077308032,0.0220100802111438
2024-01-08,13.079999923706056,14.18000030517578,13.020000457763672,14.0,0.0,-0.0204320732245873,-0.0278181787221859,-0.0205251979158796,-0.0169975602954083
2024-01-09,12.760000228881836,13.449999809265137,12.739999771118164,13.199999809265137,0.0,-0.0247690443420907,-0.052853450758728,-0.0217400397605128,-0.0588405144725443
2024-01-10,12.6899995803833,12.949999809265137,12.670000076293944,12.859999656677246,0.0,-0.0055010471945175,-0.0378833184498315,-0.0055096318237408,-0.0260951230301894
2024-01-11,12.4399995803833,13.3100004196167,12.350000381469728,12.640000343322754,0.0,-0.0198971950797871,0.0274198905164577,-0.0255809063924462,-0.0172552762322035
2024-01-12,12.699999809265137,13.079999923706056,12.470000267028809,12.65999984741211,0.0,0.0206849248662654,-0.0174313237372611,0.0096696871434196,0.0015809887829528
2024-01-15,12.699999809265137,13.079999923706056,12.470000267028809,12.65999984741211,0.0,0.0206849248662654,-0.0174313237372611,0.0096696871434196,0.0015809887829528
2024-01-16,13.84000015258789,14.350000381469728,13.520000457763672,14.119999885559082,0.0,0.0859609827686078,0.0926656285927038,0.0808443233674347,0.1091448192969409
2024-01-17,14.789999961853027,15.399999618530272,14.380000114440918,14.59000015258789,0.0,0.0663883129288074,0.0706175158599355,0.0616682557781627,0.0327441490328678
2024-01-18,14.130000114440918,14.890000343322754,13.890000343322754,14.850000381469728,0.0,-0.0456510693478865,-0.0336776148956339,-0.0346691787677268,0.0176635179438226
2024-01-19,13.300000190734863,14.579999923706056,13.279999732971191,13.800000190734863,0.0,-0.0605361552269058,-0.0210391484054562,-0.0449100575428164,-0.0733312849523796
2024-01-22,13.1899995803833,13.84000015258789,13.170000076293944,13.770000457763672,0.0,-0.0083051146526972,-0.0520877601330712,-0.0083176023924968,-0.0021762600004137
2024-01-23,12.550000190734863,13.289999961853027,12.529999732971191,13.199999809265137,0.0,-0.0497382541401881,-0.0405510913598577,-0.049815773951381,-0.0422755308413979
2024-01-24,13.140000343322754,13.18000030517578,12.40999984741211,12.65999984741211,0.0,0.0459403584087376,-0.0083113176259817,-0.0096231606758623,-0.0417694104794401
2024-01-25,13.449999809265137,13.579999923706056,13.0600004196167,13.18000030517578,0.0,0.0233180526822896,0.0298975642836186,0.0510515690572436,0.0402531475655466
2024-01-26,13.260000228881836,14.100000381469728,13.199999809265137,13.729999542236328,0.0,-0.0142270898480274,0.0375767079262736,0.0106626591645139,0.0408826342106599
2024-01-29,13.600000381469728,15.350000381469728,13.59000015258789,13.979999542236328,0.0,0.0253178187724608,0.0849406744459411,0.0291174242482918,0.0180445176220006
2024-01-30,13.3100004196167,13.739999771118164,13.229999542236328,13.6899995803833,0.0,-0.0215541568578071,-0.1108042287485174,-0.0268472958645709,-0.0209620954124534
2024-01-31,14.350000381469728,14.609999656677246,13.18000030517578,13.420000076293944,0.0,0.0752343048554426,0.0613949321273095,-0.0037863912976143,-0.0199194714203992
2024-02-01,13.880000114440918,14.630000114440918,13.869999885559082,14.210000038146973,0.0,-0.0333010054652048,0.0013680205909326,0.0510276738469521,0.0571998075648968
2024-02-02,13.850000381469728,14.229999542236328,13.390000343322754,13.949999809265137,0.0,-0.0021637031473935,-0.0277218429215339,-0.0352200407324564,-0.0184664501989008
2024-02-05,13.670000076293944,14.529999732971191,13.579999923706056,14.369999885559082,0.0,-0.0130816038593072,0.0208630792715896,0.0140899311691228,0.0296631975324315
2024-02-06,13.0600004196167,13.779999732971191,12.979999542236328,13.56999969482422,0.0,-0.0456495003387803,-0.0529972129969198,-0.0451884405033428,-0.0572812407692822
2024-02-07,12.829999923706056,13.130000114440918,12.8100004196167,13.0600004196167,0.0,-0.0177679832971823,-0.0483185491768222,-0.0131835273434908,-0.0383072953795736
2024-02-15,14.010000228881836,14.640000343322754,13.9399995803833,14.270000457763672,0.0,-0.026066983565291,-0.0551451498618752,-0.0198870679227428,-0.0749085079509016
2024-02-16,14.239999771118164,14.710000038146973,13.75,13.9399995803833,0.0,0.0162835132247182,0.0047700052224412,-0.0137235511181687,-0.0233970883367391
2024-02-19,14.239999771118164,14.710000038146973,13.75,13.9399995803833,0.0,0.0162835132247182,0.0047700052224412,-0.0137235511181687,-0.0233970883367391
2024-02-20,15.420000076293944,15.90999984741211,15.06999969482422,15.09000015258789,0.0,0.0796104831722431,0.0784202955523904,0.0916671682752742,0.0792699076608633
2024-02-21,15.34000015258789,16.1200008392334,15.220000267028809,15.539999961853027,0.0,-0.0052015671967405,0.0131129563811015,0.0099043775902849,0.0293850595931288
2024-02-22,14.539999961853027,14.640000343322754,14.119999885559082,14.279999732971191,0.0,-0.0535603364043843,-0.0963032571559331,-0.0750181460179242,-0.0845574042727995
2024-02-23,13.75,14.3100004196167,13.640000343322754,14.3100004196167,0.0,-0.0558646453692048,-0.0227989090924946,-0.0345855463746095,0.0020986846797365
2024-02-26,13.739999771118164,14.199999809265137,13.65999984741211,14.170000076293944,0.0,-0.0007275539764438,-0.007716671716496,0.0014651653866218,-0.0098315638049013
2024-02-27,13.43000030517578,13.75,13.40999984741211,13.630000114440918,0.0,-0.0228202368775519,-0.032203127062602,-0.0184711570573047,-0.0388538049820836
2024-02-28,13.84000015258789,13.899999618530272,13.4399995803833,13.520000457763672,0.0,0.0300719279560755,0.0108499885802,0.0022346179585998,-0.0081031496316162
2024-02-29,13.399999618530272,14.149999618530272,13.300000190734863,14.140000343322754,0.0,-0.0323082827256849,0.0178257844374744,-0.0104712543048472,0.0448375802756006
2024-03-01,13.109999656677246,13.65999984741211,13.079999923706056,13.34000015258789,0.0,-0.02187940690122,-0.0352427541580275,-0.0166797093724928,-0.0582406328228275
2024-03-04,13.489999771118164,13.579999923706056,13.31999969482422,13.489999771118164,0.0,0.0285733816651313,-0.005873726459788,0.0181823020049659,0.0111816013270361
2024-03-05,14.460000038146973,15.100000381469728,13.75,13.75,0.0,0.0694375661158354,0.1060966525713348,0.0317721819114319,0.0190901708596938
2024-03-06,14.5,14.93000030517578,13.890000343322754,14.270000457763672,0.0,0.0027624300578069,-0.0113221370922347,0.0101303573709326,0.0371206394549078
2024-03-07,14.4399995803833,14.979999542236328,14.25,14.979999542236328,0.0,-0.0041465450211771,0.0033433155392109,0.0255877252311464,0.0485564839632622
2024-03-08,14.739999771118164,15.529999732971191,13.970000267028809,14.220000267028809,0.0,0.0205627668278987,0.0360576724354595,-0.0198447143313434,-0.0520665043772585
2024-03-11,15.220000267028809,16.040000915527344,15.130000114440918,15.510000228881836,0.0,0.032045498744889,0.0323120395499213,0.0797673429807895,0.0868355487920048
2024-03-12,13.84000015258789,15.199999809265137,13.8100004196167,14.970000267028809,0.0,-0.0950474087634793,-0.053790244212247,-0.0912865375579164,-0.0354367756763641
2024-03-13,13.75,14.039999961853027,13.670000076293944,13.890000343322754,0.0,-0.0065241371020797,-0.0793850194232402,-0.0101893414892088,-0.0748790347856196
2024-03-14,14.399999618530272,15.329999923706056,13.420000076293944,13.619999885559082,0.0,0.0461893559784209,0.0879012920263046,-0.0184575190883522,-0.0196298891645636
2024-03-15,14.40999984741211,15.529999732971191,14.140000343322754,14.329999923706056,0.0,0.0006942193314017,0.0129619320592611,0.0522615475200493,0.0508159441970597
2024-03-18,14.329999923706056,14.850000381469728,14.260000228881836,14.75,0.0,-0.0055671629063938,-0.0447737290293044,0.0084507462880916,0.0288878462698197
2024-03-19,13.81999969482422,14.859999656677246,13.800000190734863,14.5,0.0,-0.0362384402586691,0.000673125248888,-0.0327898250522435,-0.0170944333593
2024-03-20,13.039999961853027,14.170000076293944,13.010000228881836,13.829999923706056,0.0,-0.0580952426842143,-0.0475459570990165,-0.0589502958673499,-0.0473085092664159
2024-03-21,12.920000076293944,13.079999923706056,12.399999618530272,12.979999542236328,0.0,-0.0092450493135658,-0.0800427188905946,-0.0480218682698729,-0.0634304641510162
2024-03-22,13.0600004196167,13.149999618530272,12.579999923706056,12.920000076293944,0.0,0.0107776517186404,0.0053373894184859,0.0144118033602901,-0.0046331717495367
2024-03-25,13.1899995803833,13.670000076293944,13.109999656677246,13.670000076293944,0.0,0.0099047789377778,0.0387819267023122,0.041267026380162,0.0564271520574209
2024-03-26,13.239999771118164,13.43000030517578,12.84000015258789,13.119999885559082,0.0,0.0037835983057364,-0.017712623058396,-0.0208099614421479,-0.0410658815236685
2024-03-27,12.779999732971191,13.34000015258789,12.65999984741211,13.130000114440918,0.0,-0.0353611051665986,-0.0067239813327342,-0.014117905482333,0.0007619222373803
2024-03-28,13.010000228881836,13.100000381469728,12.84000015258789,12.93000030517578,0.0,0.0178368820620603,-0.0181547925989182,0.0141179054823331,-0.0153494806447781
2024-03-29,13.010000228881836,13.100000381469728,12.84000015258789,12.93000030517578,0.0,0.0178368820620603,-0.0181547925989182,0.0141179054823331,-0.0153494806447781
2024-04-01,13.649999618530272,14.149999618530272,13.550000190734863,13.609999656677246,0.0,0.0480211835672922,0.0771023378033228,0.0538212512564764,0.0512545750516883
2024-04-02,14.609999656677246,15.43000030517578,13.68000030517578,13.739999771118164,0.0,0.067966708578978,0.0865990890228946,0.0095483731004917,0.0095064786985339
2024-04-03,14.329999923706056,15.18000030517578,14.25,15.0,0.0,-0.019350965747437,-0.0163348940818596,0.0408219722120842,0.0877389309660736
2024-04-04,16.350000381469727,16.920000076293945,13.739999771118164,14.289999961853027,0.0,0.1318726841587348,0.1085175666158856,-0.036445636578523,-0.0484902118299212
2024-04-05,16.030000686645508,16.75,15.529999732971191,16.450000762939453,0.0,-0.0197659112182546,-0.0100981004161002,0.1224623498300735,0.140765534318389
2024-04-08,15.1899995803833,16.5,15.109999656677246,16.239999771118164,0.0,-0.0538247204733439,-0.0150378773645405,-0.0274168664031208,-0.0128482029508552
2024-04-09,14.979999542236328,16.6299991607666,14.9399995803833,15.34000015258789,0.0,-0.0139213414523949,0.0078478618332731,-0.011314601945212,-0.0570135147536532
2024-04-10,15.800000190734863,16.6200008392334,14.59000015258789,15.239999771118164,0.0,0.0532940045739974,-0.0006014028171162,-0.0237057786247941,-0.0065402706461625
2024-04-11,14.90999984741211,17.610000610351562,14.90999984741211,16.020000457763672,0.0,-0.0579778335620304,0.0578601172447956,0.0216957455496343,0.0499144349747172
2024-04-12,17.309999465942383,19.200000762939453,14.90999984741211,14.90999984741211,0.0,0.1492522197928514,0.0864433616026774,0.0,-0.0718058516720067
2024-04-15,19.229999542236328,19.459999084472656,16.260000228881836,16.940000534057617,0.0,0.1051871974604561,0.0134507109410668,0.0866759996533208,0.1276456022076141
2024-04-16,18.39999961853028,19.559999465942383,17.639999389648438,19.489999771118164,0.0,-0.0441208919131353,0.0051256075918799,0.0814608977821779,0.1402237810255854
2024-04-17,18.209999084472656,19.11000061035156,17.540000915527344,18.239999771118164,0.0,-0.0103798004194502,-0.0232748471120735,-0.0056849768376385,-0.066284529678078
2024-04-19,18.709999084472656,21.36000061035156,18.170000076293945,21.32999992370605,0.0,0.038686333457318,0.1508010977544744,0.0542813295809347,0.1747553213535046
2024-04-22,16.940000534057617,18.71999931335449,16.690000534057617,18.59000015258789,0.0,-0.0993803706031511,-0.1319276082968411,-0.084962116934574,-0.1374907189650058
2024-04-23,15.6899995803833,16.760000228881836,15.6899995803833,16.719999313354492,0.0,-0.0766541807496034,-0.1105973256592927,-0.061786229671674,-0.1060182433521758
2024-04-24,15.970000267028809,16.3799991607666,15.579999923706056,15.760000228881836,0.0,0.0176884389468445,-0.0229340815206991,-0.0070355044550413,-0.0591304676365475
2024-04-25,15.369999885559082,17.549999237060547,15.270000457763672,16.25,0.0,-0.0382944288428013,0.0689928792498685,-0.0200978863371715,0.0306178098230544
2024-04-26,15.029999732971191,16.059999465942383,14.920000076293944,15.489999771118164,0.0,-0.0223693641062762,-0.0887222311748242,-0.0231875493193652,-0.0478982691230723
2024-05-02,14.68000030517578,16.09000015258789,14.600000381469728,15.140000343322754,0.0,-0.0472319261840486,-0.0080470358663132,0.0172715860534678,-0.0395000945858036
2024-05-03,13.489999771118164,14.579999923706056,13.479999542236328,14.510000228881836,0.0,-0.0845373907220238,-0.0985472491399594,-0.0798144833169229,-0.0425021880156665
2024-05-06,13.489999771118164,14.020000457763672,13.4399995803833,13.979999542236328,0.0,0.0,-0.0391658070905266,-0.0029717676519086,-0.0372103786086907
2024-05-07,13.229999542236328,13.640000343322754,13.15999984741211,13.520000457763672,0.0,-0.0194617097264513,-0.027478236671599,-0.0210533895711758,-0.0334575995884039
2024-05-08,13.0,13.510000228881836,12.9399995803833,13.239999771118164,0.0,-0.0175375860648983,-0.0095765086718375,-0.0168586576574672,-0.0209275712513629
2024-05-09,12.6899995803833,13.289999961853027,12.68000030517578,13.079999923706056,0.0,-0.0241351088019627,-0.0164182990589656,-0.0202972835683091,-0.0121581930255319
2024-05-10,12.550000190734863,12.960000038146973,12.5,12.770000457763672,0.0,-0.0110935678837841,-0.0251441759872344,-0.0142973287683146,-0.0239856343049322
2024-05-13,13.600000381469728,13.65999984741211,13.25,13.260000228881836,0.0,0.0803491400154608,0.0526041491046595,0.0582689081239758,0.0376532961275397
2024-05-14,13.420000076293944,14.029999732971191,13.270000457763672,13.710000038146973,0.0,-0.0133236835626223,0.0267260321094401,0.0015083304080162,0.0333734943378528
2024-05-15,12.449999809265137,13.9399995803833,12.380000114440918,13.729999542236328,0.0,-0.0750255296379811,-0.0064354998509183,-0.0694236063397815,0.001457690082838
2024-05-16,12.420000076293944,12.670000076293944,12.329999923706056,12.520000457763672,0.0,-0.0024125249424848,-0.0955253748760798,-0.0040469655118809,-0.0922557842049351
2024-05-17,11.989999771118164,12.479999542236328,11.90999984741211,12.279999732971191,0.0,-0.0352351326981336,-0.0151096740931696,-0.034656940433122,-0.0193555012605662
2024-05-20,12.149999618530272,12.59000015258789,12.06999969482422,12.270000457763672,0.0,0.013256188439843,0.0087755339145251,0.0133446392701509,-0.000814604943607
2024-05-21,11.859999656677246,12.5600004196167,11.84000015258789,12.300000190734863,0.0,-0.0241577737682482,-0.0023856657269997,-0.0192393674822635,0.002441981854899
2024-05-22,12.289999961853027,12.8100004196167,11.779999732971191,12.050000190734863,0.0,0.0356145558524166,0.0197089542165806,-0.0050804867878902,-0.0205346021199879
2024-05-23,12.770000457763672,13.369999885559082,11.520000457763672,11.529999732971191,0.0,0.03831278541721,0.0427872338887161,-0.0223184605512858,-0.0441123646437961
2024-05-24,11.93000030517578,12.890000343322754,11.890000343322754,12.859999656677246,0.0,-0.0680424442008908,-0.0365615389684118,0.0316130445734319,0.1091693809910376
2024-05-27,11.93000030517578,12.890000343322754,11.890000343322754,12.859999656677246,0.0,-0.0680424442008908,-0.0365615389684118,0.0316130445734319,0.1091693809910376
2024-05-28,12.920000076293944,13.4399995803833,12.359999656677246,12.510000228881836,0.0,0.0797202425692005,0.0417834602876125,0.0387676846750162,-0.027593349337795
2024-05-29,14.279999732971191,14.31999969482422,13.6899995803833,13.75,0.0,0.100083433952382,0.063421836347819,0.1022001843964052,0.0945104813378504
2024-05-30,14.470000267028809,14.880000114440918,13.670000076293944,14.81999969482422,0.0,0.0132176208854111,0.0383608968745261,-0.001461952332047,0.0749387751632024
2024-05-31,12.920000076293944,14.869999885559082,12.84000015258789,14.5,0.0,-0.113301054837793,-0.000672284319898,-0.0626383461713734,-0.0218289498492539
2024-06-03,13.109999656677246,14.3100004196167,13.0,13.079999923706056,0.0,0.0145987673281952,-0.0383871298842912,0.0123840473159295,-0.1030643092303463
2024-06-04,13.15999984741211,14.079999923706056,13.109999656677246,13.510000228881836,0.0,0.0038066427145914,-0.016203277580386,0.0084259141262183,0.0323458287175856
2024-06-05,12.630000114440918,13.25,12.600000381469728,13.140000343322754,0.0,-0.0411069688789081,-0.0607577928790612,-0.0396784273549479,-0.0277691297292404
2024-06-06,12.579999923706056,12.979999542236328,12.539999961853027,12.75,0.0,-0.0039667002158452,-0.0205878764231347,-0.0047733120700557,-0.0301297675800924
2024-06-07,12.220000267028809,13.079999923706056,12.109999656677246,12.6899995803833,0.0,-0.0290342696123593,0.0076746641870857,-0.0348920029481021,-0.0047170229448611
2024-06-10,12.739999771118164,13.279999732971191,12.619999885559082,13.09000015258789,0.0,0.0416726565831763,0.0151747837445143,0.0412513188301994,0.0310343429190633
2024-06-11,12.850000381469728,13.470000267028809,12.779999732971191,12.850000381469728,0.0,0.0085972088491785,0.0142058863055407,0.0125985800102671,-0.0185047505510488
2024-06-12,12.039999961853027,13.149999618530272,11.9399995803833,13.100000381469728,0.0,-0.0651094043152668,-0.024043280631569,-0.0679873552344373,0.0192684182993434
2024-06-13,11.9399995803833,12.68000030517578,11.880000114440918,12.050000190734863,0.0,-0.0083403638916434,-0.0363957565380982,-0.0050377492531055,-0.0835475835616487
2024-06-14,12.65999984741211,13.449999809265137,12.119999885559082,12.220000267028809,0.0,0.0585533318425959,0.0589531187902472,0.0200006476312757,0.0140092998299504
2024-06-17,12.75,13.289999961853027,12.5,13.06999969482422,0.0,0.007083866941161,-0.0119672220120148,0.0308716731094071,0.0672455286915639
2024-06-18,12.300000190734863,12.739999771118164,12.239999771118164,12.699999809265137,0.0,-0.0359319937191639,-0.0422652376763924,-0.021019385923572,-0.0287175258407452
2024-06-19,12.300000190734863,12.739999771118164,12.239999771118164,12.699999809265137,0.0,-0.0359319937191639,-0.0422652376763924,-0.021019385923572,-0.0287175258407452
2024-06-20,13.279999732971191,13.550000190734863,12.18000030517578,12.5,0.0,0.0766598460554254,0.0616399292236735,-0.00491397104745,-0.0158733341377968
2024-06-21,13.199999809265137,13.779999732971191,12.989999771118164,13.220000267028809,0.0,-0.0060423087979823,0.0168316848054311,0.0643845257254258,0.0560022103141354
2024-06-24,13.329999923706056,13.880000114440918,13.149999618530272,13.850000381469728,0.0,0.0098003133244263,0.0072307171161666,0.012241916552009,0.0465544055538968
2024-06-25,12.84000015258789,13.520000457763672,12.84000015258789,13.479999542236328,0.0,-0.0374518183215335,-0.0262788588506041,-0.0238564194690611,-0.0270781886508568
2024-06-26,12.550000190734863,13.239999771118164,12.369999885559082,12.8100004196167,0.0,-0.0228446293698173,-0.0209275712513629,-0.0372911329926995,-0.0509809228598253
2024-06-27,12.239999771118164,12.770000457763672,12.210000038146973,12.6899995803833,0.0,-0.0250114223911064,-0.0361438273304641,-0.013018885906054,-0.0094119000060315
2024-06-28,12.4399995803833,12.760000228881836,11.869999885559082,12.239999771118164,0.0,0.0162077951951035,-0.0007834100371584,-0.0282410922664662,-0.0361049902748904
2024-07-01,12.220000267028809,13.260000228881836,12.100000381469728,12.979999542236328,0.0,-0.0178430779845532,0.0384367061646982,0.0191912851487314,0.058700417624413
2024-07-02,12.029999732971191,12.880000114440918,11.850000381469728,12.670000076293944,0.0,-0.0156704678055548,-0.0290762724574179,-0.0208775843564408,-0.0241726756544274
2024-07-03,12.09000015258789,12.229999542236328,11.949999809265137,12.130000114440918,0.0,0.0049751694580224,-0.0517838172918642,0.0084033626437652,-0.0435552679641746
2024-07-04,12.09000015258789,12.229999542236328,11.949999809265137,12.130000114440918,0.0,0.0049751694580224,-0.0517838172918642,0.0084033626437652,-0.0435552679641746
2024-07-05,12.479999542236328,12.609999656677246,11.84000015258789,12.369999885559082,0.0,0.0317486490137981,0.0305982104810906,-0.0092476200730927,0.019592444762413
2024-07-08,12.369999885559082,12.90999984741211,12.3100004196167,12.90999984741211,0.0,-0.0088531491085919,0.0235120702885963,0.0389283319404766,0.042728015886287
2024-07-09,12.510000228881836,12.609999656677246,12.350000381469728,12.479999542236328,0.0,0.0112541656218221,-0.0235120702885963,0.0032441196783958,-0.0338748667776951
2024-07-10,12.850000381469728,12.920000076293944,12.390000343322754,12.510000228881836,0.0,0.0268154982528588,0.0242863815089615,0.0032336293884932,0.0024010165132301
2024-07-11,12.920000076293944,13.329999923706056,12.229999542236328,12.880000114440918,0.0,0.0054326632319712,0.0312406242075808,-0.0129978110812083,0.0291473867866421
2024-07-12,12.460000038146973,12.890000343322754,12.109999656677246,12.869999885559082,0.0,-0.0362529878386978,-0.0335652848812308,-0.0098603830548585,-0.0007767168454048
2024-07-15,13.119999885559082,13.260000228881836,12.75,12.779999732971191,0.0,0.0516142583724501,0.02830015843288,0.0514997423897859,-0.0070175846608514
2024-07-16,13.1899995803833,13.470000267028809,12.949999809265137,13.380000114440918,0.0,0.0053211601226657,0.0157130082274474,0.0155645018125505,0.0458796351980996
2024-07-17,14.479999542236328,14.880000114440918,13.539999961853027,13.600000381469728,0.0,0.0933094204280785,0.0995530268496303,0.0445524912497891,0.0163087575380354
2024-07-18,15.93000030517578,16.43000030517578,14.079999923706056,14.270000457763672,0.0,0.0954357877351997,0.0990909135276108,0.0391070806445174,0.0480896427762375
2024-07-19,16.520000457763672,17.190000534057617,10.619999885559082,16.440000534057617,0.0,0.0363676527232405,0.045218899839203,-0.2820163402734806,0.1415579585458017
2024-07-22,14.90999984741211,16.889999389648438,14.75,16.790000915527344,0.0,-0.1025396772597796,-0.0176061557798334,0.328504077748017,0.0210661035042904
2024-07-23,14.720000267028809,15.350000381469728,13.899999618530272,15.210000038146973,0.0,-0.0128249871014433,-0.0956061957981942,-0.0593542700930484,-0.0988304168383596
2024-07-24,18.040000915527344,18.459999084472656,15.18000030517578,15.350000381469728,0.0,0.203384433943055,0.1844906805948535,0.0880899793785096,0.0091623901054332
2024-07-25,18.459999084472656,19.36000061035156,16.420000076293945,18.40999984741211,0.0,0.0230146140951784,0.0476029338953464,0.0785213165993956,0.1817784880720169
2024-07-26,16.389999389648438,18.049999237060547,16.3700008392334,17.969999313354492,0.0,-0.1189348239630354,-0.0700634708640786,-0.0030496660210949,-0.024190324371861
2024-07-29,16.600000381469727,17.209999084472656,16.229999542236328,16.59000015258789,0.0,0.0127313628261293,-0.0476550854847338,-0.0085890893278769,-0.0799035491848744
2024-07-30,17.690000534057617,18.31999969482422,16.260000228881836,16.639999389648438,0.0,0.0635968200188951,0.0625027855618759,0.0018467648743243,0.0030092853133451
2024-07-31,16.360000610351562,16.770000457763672,15.710000038146973,16.65999984741211,0.0,-0.0781601698793435,-0.0884017394562187,-0.0344106635003114,0.0012012288664791
2024-08-01,18.59000015258789,19.479999542236328,15.949999809265137,16.200000762939453,0.0,0.1277844414592625,0.1497966715835283,0.0151613625768283,-0.0279993382463943
2024-08-02,23.38999938964844,29.65999984741211,20.01000022888184,20.520000457763672,0.0,0.2296847445601202,0.4204110568499909,0.2267733427614598,0.2363887532773745
2024-08-05,38.56999969482422,65.7300033569336,23.38999938964844,23.38999938964844,0.0,0.5001662098063427,0.795756161781825,0.156076394467521,0.1309085118907961
2024-08-06,27.709999084472656,34.77000045776367,24.020000457763672,33.709999084472656,0.0,-0.330681438472593,-0.6368005341617947,0.0265782812079065,0.3654859475855087
2024-08-07,27.850000381469727,29.76000022888184,21.96999931335449,24.770000457763672,0.0,0.0050396542353046,-0.1555897415294348,-0.0892089805667023,-0.3081612401052083
2024-08-08,23.790000915527344,29.46999931335449,23.36000061035156,28.34000015258789,0.0,-0.1575676172720195,-0.0097924442060237,0.0613473289453493,0.1346409776648864
2024-08-09,20.3700008392334,24.520000457763672,20.26000022888184,23.780000686645508,0.0,-0.1552020913603775,-0.1838836437127873,-0.142376673970324,-0.1754293195091709
2024-08-12,20.709999084472656,21.190000534057617,18.88999938964844,20.790000915527344,0.0,0.0165533597622805,-0.1459597322535092,-0.0700158609151766,-0.1343727742307217
2024-08-13,18.1200008392334,20.790000915527344,17.950000762939453,20.059999465942383,0.0,-0.1336002842703326,-0.0190572515766628,-0.051042491764711,-0.0357443899960525
2024-08-14,16.190000534057617,18.489999771118164,16.1200008392334,18.40999984741211,0.0,-0.112622546253716,-0.1172421128864787,-0.1075293682977715,-0.0858337689541064
2024-08-15,15.229999542236328,16.68000030517578,14.770000457763672,16.270000457763672,0.0,-0.0611266638260637,-0.1030196177938403,-0.087462661604017,-0.1235710375902809
2024-08-16,14.800000190734863,15.760000228881836,14.649999618530272,15.289999961853027,0.0,-0.0286399431928013,-0.0567353162738185,-0.0081578181119023,-0.0621239319203158
2024-08-19,14.649999618530272,16.06999969482422,14.460000038146973,15.9399995803833,0.0,-0.0101868842333733,0.0194790618063257,-0.0130540900554647,0.041632629591233
2024-08-20,15.880000114440918,15.93000030517578,14.779999732971191,14.890000343322754,0.0,0.0806201536014099,-0.0087500176797613,0.0218886780844318,-0.0681417772841195
2024-08-21,16.270000457763672,17.170000076293945,15.920000076293944,16.25,0.0,0.0242624863407933,0.0749595362735725,0.0743012877554162,0.0874030390225588
2024-08-22,17.549999237060547,18.059999465942383,15.760000228881836,16.270000457763672,0.0,0.0757309570731504,0.0505358390647134,-0.0101010862558779,0.0012300405906434
2024-08-23,15.859999656677246,17.209999084472656,15.609999656677246,17.1200008392334,0.0,-0.1012537118799228,-0.0482089613915009,-0.0095633864191219,0.0509244703678473
2024-08-26,16.149999618530273,16.670000076293945,15.8100004196167,16.270000457763672,0.0,0.018119831488631,-0.0318798556866174,0.0127309652290307,-0.0509244703678474
2024-08-27,15.43000030517578,16.809999465942383,15.369999885559082,16.209999084472656,0.0,-0.0456063398950991,0.0083632143108668,-0.0282251276578296,-0.0036946700979766
2024-08-28,17.110000610351562,17.889999389648438,15.460000038146973,15.510000228881836,0.0,0.1033494374231647,0.0622679477534242,0.0058384955219672,-0.0441432873229165
2024-08-29,15.649999618530272,16.56999969482422,15.1899995803833,16.540000915527344,0.0,-0.0891922309652149,-0.0766480503826111,-0.0176187566435932,0.0642967530023651
2024-08-30,15.0,16.040000915527344,14.779999732971191,15.670000076293944,0.0,-0.0424206915088893,-0.0325081535049724,-0.0273623915299915,-0.0540336837111422
2024-09-04,21.31999969482422,23.309999465942383,19.34000015258789,23.200000762939453,0.0,0.0285462007315629,0.058294635978352,0.2078780432191781,0.3866772126048928
2024-09-05,19.89999961853028,21.530000686645508,19.209999084472656,20.75,0.0,-0.0689258724224689,-0.0794350868678004,-0.006744568793334,-0.1116060648808777
2024-09-06,22.3799991607666,23.76000022888184,18.82999992370605,21.979999542236328,0.0,0.1174479528234066,0.0985561608587478,-0.0199795905042329,0.0575866814723951
2024-09-09,19.450000762939453,21.40999984741211,19.290000915527344,21.31999969482422,0.0,-0.1403205560943869,-0.1041454086528717,0.02413553576154,-0.0304873431655197
2024-09-10,19.07999992370605,20.739999771118164,18.89999961853028,19.86000061035156,0.0,-0.0192064472686275,-0.0317939037090336,-0.0204249724968646,-0.0709378956338497
2024-09-11,17.690000534057617,21.40999984741211,17.549999237060547,19.40999984741211,0.0,-0.0756411236600092,0.0317939037090336,-0.0741079954424728,-0.022919300030117
2024-09-12,17.06999969482422,18.59000015258789,16.889999389648438,17.6200008392334,0.0,-0.035677019433049,-0.1412342855332309,-0.0383322117566921,-0.0967537211819923
2024-09-13,16.559999465942383,17.18000030517578,16.229999542236328,17.030000686645508,0.0,-0.0303324022211903,-0.0788778756218733,-0.0398603413611344,-0.0340581331432678
2024-09-16,17.139999389648438,17.690000534057617,16.90999984741211,17.15999984741211,0.0,0.0344247608525999,0.0292536040419543,0.0410438005652452,0.0076045501733922
2024-09-17,17.610000610351562,18.07999992370605,16.670000076293945,17.15999984741211,0.0,0.0270520796076304,0.0218068123827357,-0.0142944525475349,0.0
2024-09-18,18.229999542236328,19.38999938964844,17.110000610351562,17.579999923706055,0.0,0.0346016064126247,0.0699510870326814,0.0260524222368903,0.0241808027494681
2024-09-19,16.329999923706055,17.270000457763672,16.209999084472656,17.209999084472656,0.0,-0.1100646612697497,-0.1157865191120344,-0.054034844307901,-0.0212713308911746
2024-09-20,16.149999618530273,16.68000030517578,15.8100004196167,16.350000381469727,0.0,-0.0110838762621136,-0.0347605034383687,-0.0249856015058122,-0.0512626363512975
2024-09-23,15.890000343322754,16.950000762939453,15.75,16.709999084472656,0.0,-0.0162300238934095,0.0160574636111248,-0.0038023124909589,0.0217793671433683
2024-09-24,15.390000343322754,16.670000076293945,15.270000457763672,15.869999885559082,0.0,-0.0319720319958804,-0.0166571774982114,-0.0309502160631269,-0.0515767604909424
2024-09-25,15.40999984741211,15.81999969482422,15.170000076293944,15.81999969482422,0.0,0.0012986692711907,-0.0523357582904207,-0.0065703508188098,-0.0031555842781665
2024-09-26,15.369999885559082,15.829999923706056,14.899999618530272,15.0600004196167,0.0,-0.0025990893253781,0.0006319260243379,-0.0179586110402875,-0.0492326928142614
2024-09-27,16.959999084472656,16.969999313354492,15.199999809265137,15.640000343322754,0.0,0.0984400262774191,0.0695401697104765,0.0199342279544664,0.0377895068340056
2024-09-30,16.729999542236328,17.790000915527344,16.469999313354492,17.010000228881836,0.0,-0.0136540887453035,0.0471895143569568,0.0802450871949831,0.083969662794745
2024-10-01,19.26000022888184,20.729999542236328,16.610000610351562,16.959999084472656,0.0,0.1408269306168847,0.1529453512247294,0.0084644578723654,-0.0029438434813021
2024-10-02,18.89999961853028,20.36000061035156,18.57999992370605,19.64999961853028,0.0,-0.0188685163717585,-0.0180096827052081,0.1120807689082189,0.147219742519862
2024-10-03,20.489999771118164,20.75,19.15999984741211,19.6299991607666,0.0,0.0807750491983784,0.0189740250164112,0.0307390352993852,-0.0010183533662766
2024-10-04,19.209999084472656,20.479999542236328,18.479999542236328,20.479999542236328,0.0,-0.064506021958821,-0.0130974688571422,-0.0361357231360607,0.042389812283789
2024-10-07,22.63999938964844,23.030000686645508,20.64999961853028,20.76000022888184,0.0,0.16428729725442,0.1173489658282914,0.1110262594911551,0.0135792915032595
2024-10-08,21.420000076293945,23.13999938964844,21.13999938964844,22.920000076293945,0.0,-0.0553931577945791,0.0047649517412018,0.0234516506362789,0.0989818258524202
2024-10-09,20.86000061035156,22.01000022888184,20.709999084472656,21.979999542236328,0.0,-0.0264915897493628,-0.0500657894516949,-0.0205503203697366,-0.0418769670261425
2024-10-10,20.93000030517578,21.38999938964844,20.63999938964844,20.90999984741211,0.0,0.0033500722066421,-0.0285734113774842,-0.0033857201584087,-0.0499054220059246
2024-10-11,20.459999084472656,21.15999984741211,20.13999938964844,20.8700008392334,0.0,-0.0227118352623934,-0.0108108947809284,-0.0245230540570891,-0.0019147448416399
2024-10-14,19.700000762939453,20.86000061035156,19.690000534057617,20.86000061035156,0.0,-0.0378530413044643,-0.0142791209469019,-0.0225969372106502,-0.0004792824694891
2024-10-15,20.63999938964844,20.88999938964844,19.440000534057617,19.61000061035156,0.0,0.0466122365702319,0.0014370675190218,-0.0127780932699334,-0.0617938074992885
2024-10-16,19.57999992370605,21.01000022888184,19.450000762939453,20.770000457763672,0.0,-0.0527222778362252,0.0057279793997861,0.000514282785741,0.0574699885949171
2024-10-17,19.11000061035156,19.64999961853028,18.8799991607666,19.549999237060547,0.0,-0.0242968430148015,-0.066921206848804,-0.0297439930237012,-0.0605344125213394
2024-10-18,18.030000686645508,19.31999969482422,17.989999771118164,19.299999237060547,0.0,-0.0581747148923129,-0.0169365059135286,-0.0482870810267162,-0.0128701910260405
2024-10-21,18.3700008392334,19.34000015258789,18.36000061035156,18.780000686645508,0.0,0.018681869613305,0.0010346849263807,0.0203583831961769,-0.0273125460375876
2024-10-22,18.200000762939453,19.440000534057617,18.049999237060547,18.790000915527344,0.0,-0.0092973089095314,0.0051573285894875,-0.0170287759251175,0.000532351806843
2024-10-23,19.239999771118164,20.46999931335449,18.18000030517578,18.209999084472656,0.0,0.055569797338916,0.0516275396248135,0.0071764630249038,-0.0313540186861135
2024-10-24,19.07999992370605,20.239999771118164,18.6299991607666,18.8700008392334,0.0,-0.0083507713199092,-0.0112995330183322,0.0244510340303988,0.0356025603914964
2024-10-25,20.32999992370605,20.51000022888184,18.229999542236328,19.21999931335449,0.0,0.0634569618659727,0.0132517501329396,-0.0217045759859659,0.018377963961637
2024-10-28,19.799999237060547,19.8799991607666,18.90999984741211,19.11000061035156,0.0,-0.0264157247192854,-0.0311984242303459,0.0366223110210901,-0.0057395776255346
2024-10-29,19.34000015258789,20.530000686645508,19.059999465942383,19.75,0.0,-0.0235064012532884,0.0321731054633317,0.0079009956050415,0.0329417011560926
2024-10-30,20.350000381469727,20.440000534057617,19.299999237060547,19.32999992370605,0.0,0.0509054327191401,-0.0043934730132323,0.0125131861740538,-0.0214952020738105
2024-10-31,23.15999984741211,23.420000076293945,21.1200008392334,21.440000534057617,0.0,0.1293457154823259,0.1360965699636452,0.0901154421941923,0.1036000718386844
2024-11-01,21.8799991607666,23.09000015258789,21.15999984741211,22.959999084472656,0.0,-0.0568537069187793,-0.0141907314524108,0.0018921012044609,0.0684951704644758
2024-11-04,21.979999542236328,23.06999969482422,21.729999542236328,22.5,0.0,0.0045599889515108,-0.0008665710173912,0.0265811734234107,-0.0202382223661061
2024-11-05,20.489999771118164,22.059999465942383,20.200000762939453,21.979999542236328,0.0,-0.0701959770687106,-0.0447670693413745,-0.0730111310259231,-0.023382381061272
2024-11-06,16.270000457763672,16.81999969482422,15.4399995803833,16.059999465942383,0.0,-0.2306140017140018,-0.2711973532148589,-0.2687211247570558,-0.3138012528843862
2024-11-07,15.199999809265137,15.859999656677246,15.130000114440918,15.859999656677246,0.0,-0.0680275340625055,-0.0587684418415587,-0.0202819820552766,-0.0125314807050985
2024-11-08,14.9399995803833,15.329999923706056,14.65999984741211,15.130000114440918,0.0,-0.0172532636860072,-0.0339885066526686,-0.0315568493140513,-0.0471206591955118
2024-11-11,14.970000267028809,15.5600004196167,14.890000343322754,15.329999923706056,0.0,0.0020060646512555,0.0148918578109504,0.0155671837031332,0.013132152542843
2024-11-12,14.710000038146973,15.369999885559082,14.6899995803833,15.09000015258789,0.0,-0.0175206790625183,-0.012285995613128,-0.0135229081321876,-0.0157794050153365
2024-11-13,14.020000457763672,15.260000228881836,13.770000457763672,15.09000015258789,0.0,-0.0480426229494094,-0.0071825092496508,-0.0646746156368879,0.0
2024-11-14,14.3100004196167,14.31999969482422,13.59000015258789,14.170000076293944,0.0,0.0204737086344736,-0.063577900633779,-0.0131581065931061,-0.0629052238048353
2024-11-15,16.139999389648438,17.549999237060547,14.5600004196167,15.020000457763672,0.0,0.1203420021340417,0.2033967662181987,0.0689438321973618,0.0582556177261533
2024-11-18,15.579999923706056,17.0,15.350000381469728,16.600000381469727,0.0,-0.0353125894800333,-0.0318405623833243,0.0528374272962862,0.1000200415296708
2024-11-19,16.350000381469727,17.93000030517578,15.369999885559082,15.4399995803833,0.0,0.0482398851290571,0.0532619605812257,0.0013020512201174,-0.0724412009232189
2024-11-20,17.15999984741211,18.790000915527344,16.040000915527344,16.190000534057617,0.0,0.048353164493004,0.0468495575121109,0.0426681094113599,0.0474322832570426
2024-11-21,16.8700008392334,17.989999771118164,15.729999542236328,17.100000381469727,0.0,-0.0170441388627829,-0.0435088269098369,-0.0195159715472595,0.0546846851403599
2024-11-22,15.239999771118164,17.559999465942383,15.239999771118164,16.670000076293945,0.0,-0.1016134110649581,-0.0241924774460497,-0.0316461527288649,-0.0254677844773611
2024-11-25,14.600000381469728,15.720000267028809,14.539999961853027,15.229999542236328,0.0,-0.0429019803976529,-0.1106897538060404,-0.0470200657582217,-0.0903435644890626
2024-11-26,14.100000381469728,15.029999732971191,13.880000114440918,14.949999809265137,0.0,-0.0348467304036411,-0.0448856179891306,-0.0464545061581038,-0.0185558497718508
2024-11-27,14.100000381469728,15.130000114440918,13.960000038146973,14.279999732971191,0.0,0.0,0.0066313493656105,0.0057471367431362,-0.0458513488665687
2024-11-28,14.100000381469728,15.130000114440918,13.960000038146973,14.279999732971191,0.0,0.0,0.0066313493656105,0.0057471367431362,-0.0458513488665687
2024-11-29,13.510000228881836,14.149999618530272,13.489999771118164,14.0,0.0,-0.0427446555249448,-0.0669649382338508,-0.0342474468139312,-0.0198026085966831
2024-12-02,13.34000015258789,14.100000381469728,13.300000190734863,14.079999923706056,0.0,-0.0126631169879178,-0.0035397726915419,-0.0141846036842111,0.0056980156960337
2024-12-03,13.300000190734863,13.770000457763672,13.1899995803833,13.380000114440918,0.0,-0.0030030023571751,-0.0236824784546008,-0.0083051146526972,-0.0509942820580771
2024-12-04,13.449999809265137,13.609999656677246,12.890000343322754,13.15999984741211,0.0,0.0112150422981421,-0.0116875545465094,-0.0230070913300681,-0.0165791489508686
2024-12-05,13.539999961853027,13.699999809265137,13.260000228881836,13.460000038146973,0.0,0.0066691727999577,0.0065910274742237,0.02830015843288,0.0225404127483341
2024-12-06,12.770000457763672,13.739999771118164,12.699999809265137,13.619999885559082,0.0,-0.0585495587755248,0.00291545122431,-0.0431500235727375,0.0118169652682686
2024-12-09,14.1899995803833,14.229999542236328,13.350000381469728,13.359999656677246,0.0,0.1054387557094042,0.0350411097967082,0.0499144349747172,-0.0192741499082609
2024-12-10,14.18000030517578,14.539999961853027,13.859999656677246,14.300000190734863,0.0,-0.0007049189751089,0.0215510895489403,0.0374905555702258,0.0679944081932754
2024-12-11,13.579999923706056,14.43000030517578,13.520000457763672,14.420000076293944,0.0,-0.0432344261131059,-0.0075940755473031,-0.0248368645179181,0.0083565865436814
2024-12-12,13.920000076293944,13.949999809265137,13.390000343322754,13.729999542236328,0.0,0.0247285438747209,-0.0338298993398574,-0.0096619191297608,-0.0490329507081645
2024-12-13,13.8100004196167,14.25,13.239999771118164,13.56999969482422,0.0,-0.0079336625809709,0.021277412120035,-0.011265652121602,-0.0117217350817067
2024-12-16,14.6899995803833,14.6899995803833,13.989999771118164,14.369999885559082,0.0,0.0617739638148106,0.0304100549063404,0.0551002390952869,0.0572812407692821
2024-12-17,15.869999885559082,15.9399995803833,14.779999732971191,14.979999542236328,0.0,0.0772635657061697,0.081664685416307,0.0549321251361526,0.0415732554036942
2024-12-18,27.6200008392334,28.31999969482422,14.81999969482422,15.56999969482422,0.0,0.554109651038965,0.5747366110122308,0.002702701822629,0.0386300187149136
2024-12-19,24.09000015258789,24.1200008392334,20.15999984741211,21.61000061035156,0.0,-0.1367433554052786,-0.160526851396466,0.3077228363585413,0.327810232517071
2024-12-20,18.36000061035156,26.51000022888184,17.81999969482422,24.13999938964844,0.0,-0.2716224045249631,0.0944806222816546,-0.1233790307171257,0.1107139916228242
2024-12-23,16.780000686645508,20.020000457763672,16.739999771118164,18.09000015258789,0.0,-0.0899866764763622,-0.280790232182334,-0.0625203535286192,-0.2885108825434251
2024-12-24,14.270000457763672,17.040000915527344,14.270000457763672,16.969999313354492,0.0,-0.1620282783920423,-0.1611682216230938,-0.1596415878210909,-0.0639122690583162
2024-12-25,14.270000457763672,17.040000915527344,14.270000457763672,16.969999313354492,0.0,-0.1620282783920423,-0.1611682216230938,-0.1596415878210909,-0.0639122690583162
2024-12-26,14.729999542236328,15.93000030517578,14.550000190734863,14.989999771118164,0.0,0.0317267358300866,-0.0673594320500423,0.0194315431589386,-0.1240637419382799
2024-12-27,15.949999809265137,18.450000762939453,15.289999961853027,15.380000114440918,0.0,0.0795726178749798,0.1468602687590108,0.0496080107196472,0.0256846746728519
2024-12-30,17.399999618530273,19.21999931335449,16.440000534057617,17.209999084472656,0.0,0.0870113670243807,0.0408869559783056,0.0725184046672157,0.1124225855076516
2024-12-31,17.350000381469727,17.809999465942383,16.68000030517578,17.389999389648438,0.0,-0.0028776559173399,-0.0761913005013936,0.0144929931132209,0.0104047362423024
2025-01-02,17.93000030517578,19.5,16.959999084472656,17.209999084472656,0.0,0.0328827762578462,0.0906543982545218,0.0166471611556797,-0.0104047362423024
2025-01-03,16.1299991607666,17.940000534057617,16.110000610351562,17.65999984741211,0.0,-0.1057944645296747,-0.0833815791699535,-0.0514173413068052,0.0258116295094616
2025-01-06,16.040000915527344,16.8700008392334,15.710000038146973,16.770000457763672,0.0,-0.0055951805916358,-0.0614959400947824,-0.0251427803796586,-0.0517105834038044
2025-01-07,17.81999969482422,18.89999961853028,15.789999961853027,16.479999542236328,0.0,0.105235745401067,0.1136249555770482,0.0050793711559296,-0.0174441064272951
2025-01-08,17.700000762939453,19.5,17.3700008392334,17.90999984741211,0.0,-0.0067567222334919,0.0312525636876879,0.0953678027164624,0.0832117108485133
2025-01-09,17.700000762939453,19.5,17.3700008392334,17.90999984741211,0.0,-0.0067567222334919,0.0312525636876879,0.0953678027164624,0.0832117108485133
2025-01-10,19.540000915527344,20.309999465942383,18.049999237060547,18.290000915527344,0.0,0.0988990107849385,0.0406988837272883,0.0384010139426564,0.020995304906026
2025-01-13,19.190000534057617,22.040000915527344,19.14999961853028,21.18000030517578,0.0,-0.0180743556190411,0.0817456765270767,0.0591570531957896,0.1467028421229947
2025-01-14,18.709999084472656,19.65999984741211,18.239999771118164,18.790000915527344,0.0,-0.0253312464961211,-0.1142729188663828,-0.0486857236087258,-0.1197324924323845
2025-01-15,16.1200008392334,19.13999938964844,15.960000038146973,19.07999992370605,0.0,-0.1489973022133766,-0.0268057528216716,-0.133531377686015,0.015315799871953
2025-01-16,16.600000381469727,16.600000381469727,15.640000343322754,15.869999885559082,0.0,0.0293419292024951,-0.1423776357934102,-0.0202538373430763,-0.184210134694336
2025-01-17,15.970000267028809,16.229999542236328,15.529999732971191,16.190000534057617,0.0,-0.0386907393950285,-0.0225413650208875,-0.0070581371025375,0.0199632733492553
2025-01-20,15.970000267028809,16.229999542236328,15.529999732971191,16.190000534057617,0.0,-0.0386907393950285,-0.0225413650208875,-0.0070581371025375,0.0199632733492553
2025-01-21,15.0600004196167,16.290000915527344,14.93000030517578,16.290000915527344,0.0,-0.0586697287128309,0.0036901254940398,-0.0394009879746704,0.0061576781393284
2025-01-22,15.100000381469728,15.289999961853027,14.59000015258789,14.890000343322754,0.0,0.0026525188490324,-0.0633524613696794,-0.0230362589984565,-0.0898616090625658
2025-01-23,15.020000457763672,15.390000343322754,14.59000015258789,15.279999732971191,0.0,-0.0053120922708438,0.0065189527128847,0.0,0.0258548965094793
2025-01-24,14.850000381469728,15.15999984741211,14.579999923706056,15.020000457763672,0.0,-0.0113827858760249,-0.0150576000098975,-0.0006856516453516,-0.0171620894497364
2025-02-03,18.6200008392334,20.420000076293945,17.65999984741211,20.36000061035156,0.0,0.1251273662970526,0.1780213104167664,0.169940999186085,0.2759632306618402
2025-02-04,17.209999084472656,19.11000061035156,16.780000686645508,18.780000686645508,0.0,-0.0787457598944896,-0.0663030262817175,-0.0511144445759724,-0.0807797113175861
2025-02-05,15.770000457763672,17.75,15.770000457763672,17.540000915527344,0.0,-0.0873811270235949,-0.0738262742696134,-0.0620783119570841,-0.0683084712021322
2025-02-06,15.5,16.149999618530273,14.989999771118164,15.880000114440918,0.0,-0.0172694060772455,-0.094465489873176,-0.0507261331569085,-0.0994235761149809
2025-02-07,16.540000915527344,16.65999984741211,14.789999961853027,15.380000114440918,0.0,0.0649417210226611,0.0310906015315108,-0.0134320227020702,-0.0319924915072067
2025-02-10,15.8100004196167,16.610000610351562,15.699999809265137,16.579999923706055,0.0,-0.0451390671852609,-0.0030056672085265,0.0597094260620773,0.0751291735871943
2025-02-11,16.020000457763672,16.420000076293945,15.75,16.1299991607666,0.0,0.0131952924521231,-0.0115048517005474,0.003179665066097,-0.0275163049978168
2025-02-12,15.890000343322754,17.18000030517578,15.640000343322754,15.90999984741211,0.0,-0.0081479680598849,0.0452458256488567,-0.0070086082028945,-0.0137330073487625
2025-02-13,15.100000381469728,16.329999923706055,14.979999542236328,15.970000267028809,0.0,-0.0509952330710649,-0.0507420320091799,-0.0431158095379971,0.003764146188568
2025-02-14,14.770000457763672,15.420000076293944,14.739999771118164,15.079999923706056,0.0,-0.0220966415476852,-0.0573385292274524,-0.0161510762974999,-0.0573426214270427
2025-02-17,14.770000457763672,15.420000076293944,14.739999771118164,15.079999923706056,0.0,-0.0220966415476852,-0.0573385292274524,-0.0161510762974999,-0.0573426214270427
2025-02-18,15.350000381469728,16.030000686645508,15.350000381469728,15.56999969482422,0.0,0.0385173713485648,0.0387966363735791,0.0405506276514036,0.0319766087251341
2025-02-19,15.270000457763672,15.960000038146973,15.050000190734863,15.140000343322754,0.0,-0.0052253496761387,-0.0043764150446653,-0.0197374950163564,-0.0280056955598256
2025-02-20,15.65999984741211,16.6299991607666,15.119999885559082,15.609999656677246,0.0,0.0252195316103428,0.041122648327984,0.0046403593142455,0.0305714418477317
2025-02-21,18.209999084472656,19.030000686645508,15.279999732971191,15.630000114440918,0.0,0.1508611626445811,0.1348084746505147,0.0105264030801237,0.0012804392216908
2025-02-24,18.979999542236328,20.239999771118164,17.309999465942383,18.07999992370605,0.0,0.0414149256001298,0.0616441157205508,0.1247395720729018,0.1456141989889714
2025-02-25,19.43000030517578,21.479999542236328,18.850000381469727,19.09000015258789,0.0,0.0234325100322015,0.0594614152186322,0.0852285957955716,0.0543582949865034
2025-02-26,19.100000381469727,20.059999465942383,17.829999923706055,18.959999084472656,0.0,-0.0171299240709496,-0.0683944924187284,-0.0556305065350562,-0.0068331971911684
2025-02-27,21.1299991607666,21.46999931335449,17.670000076293945,18.25,0.0,0.1010054368855194,0.0679288239982859,-0.0090141369467685,-0.0381663685110668
2025-02-28,19.6299991607666,22.39999961853028,19.049999237060547,21.209999084472656,0.0,-0.0736348263745645,0.0424043619220326,0.0751987708740785,0.1503076453831983
2025-03-03,22.780000686645508,24.309999465942383,19.25,19.82999992370605,0.0,0.1488240226257316,0.0818268245282968,0.0104439992103992,-0.0672767867273946
2025-03-04,23.51000022888184,26.350000381469727,21.709999084472656,22.959999084472656,0.0,0.0315428841259805,0.080580523105008,0.1202618809856396,0.1465575928921763
2025-03-05,21.93000030517578,24.84000015258789,21.3700008392334,23.030000686645508,0.0,-0.069570295941787,-0.0590130262562929,-0.0157848331168098,0.0030442120713757
2025-03-06,24.8700008392334,25.920000076293945,22.38999938964844,22.600000381469727,0.0,0.1258067152144205,0.0425596112194054,0.0466262947480328,-0.0188478204904249
2025-03-07,23.3700008392334,26.559999465942383,23.09000015258789,24.850000381469727,0.0,-0.0622091070986411,0.0243914300731286,0.030785226624145,0.0949078447361005
2025-03-10,27.86000061035156,29.559999465942383,24.68000030517578,24.700000762939453,0.0,0.1757388057979878,0.1070157735124572,0.066593581427693,-0.006054493371364
2025-03-11,26.920000076293945,29.56999969482422,26.18000030517578,27.940000534057617,0.0,-0.0343224826488423,0.0003382455308341,0.0590025607360886,0.1232560984210933
2025-03-12,24.229999542236328,26.90999984741211,23.88999938964844,26.8799991607666,0.0,-0.1052779916746256,-0.0942623644754232,-0.0915358363492766,-0.0386768885097937
2025-03-13,24.65999984741211,26.1299991607666,23.459999084472656,24.920000076293945,0.0,0.0175909756125299,-0.0294139116536089,-0.0181631315890133,-0.0757117874526605
2025-03-14,21.770000457763672,24.36000061035156,21.479999542236328,24.350000381469727,0.0,-0.1246495952748042,-0.0701415795177224,-0.0881745558707869,-0.0231388317861006
2025-03-17,20.51000022888184,22.950000762939453,20.31999969482422,22.88999938964844,0.0,-0.0596203130299127,-0.0596244981470759,-0.0555166406377179,-0.061831757894782
2025-03-18,21.700000762939453,22.56999969482422,20.40999984741211,20.82999992370605,0.0,0.0563997124611001,-0.0166963924419603,0.0044193616538318,-0.0943058556897395
2025-03-19,19.89999961853028,22.100000381469727,19.420000076293945,21.84000015258789,0.0,-0.0865925831437996,-0.0210439515233618,-0.0497215025538133,0.0473489062531442
2025-03-20,19.799999237060547,21.170000076293945,19.299999237060547,19.520000457763672,0.0,-0.0050378133929205,-0.042992537034136,-0.0061984104115087,-0.1123035534273753
2025-03-21,19.280000686645508,21.13999938964844,19.14999961853028,20.020000457763672,0.0,-0.0266135743714007,-0.0014181371804341,-0.0078023606737326,0.0252921923164386
2025-03-24,17.479999542236328,19.13999938964844,17.459999084472656,19.1299991607666,0.0,-0.0980109807572564,-0.0993865974341988,-0.0923901977308112,-0.0454740571702476
2025-03-25,17.149999618530273,17.770000457763672,17.020000457763672,17.579999923706055,0.0,-0.01905919267072,-0.0742686862089751,-0.0255233479348929,-0.0844958516649288
2025-03-26,18.32999992370605,19.06999969482422,16.969999313354492,17.229999542236328,0.0,0.0665409063205527,0.0706047356823661,-0.0029421112570427,-0.0201098639452059
2025-03-27,18.690000534057617,19.280000686645508,17.950000762939453,18.36000061035156,0.0,0.0194495923526137,0.01095192118739,0.0561431186540598,0.0635223944638826
2025-03-28,21.64999961853028,22.18000030517578,18.920000076293945,19.07999992370605,0.0,0.1470167867866677,0.1401226708844808,0.052629410218304,0.038466243585613
2025-03-31,22.280000686645508,24.799999237060547,21.670000076293945,24.11000061035156,0.0,0.0286840090493513,0.111652626725975,0.1357092514128033,0.23398605548686
2025-04-01,21.770000457763672,23.520000457763672,21.57999992370605,22.059999465942383,0.0,-0.0231565496042754,-0.0529924799140812,-0.0041618627743971,-0.0888607278923306
2025-04-02,21.51000022888184,23.65999984741211,20.68000030517578,22.299999237060547,0.0,-0.0120149423533696,0.0059347096078813,-0.0425998918973101,0.0108206546375056
2025-04-03,30.020000457763672,30.020000457763672,24.93000030517578,26.3799991607666,0.0,0.3333458875335826,0.2380779893528907,0.1869048453794956,0.1680194712223822
2025-04-04,45.310001373291016,45.61000061035156,29.989999771118164,30.1200008392334,0.0,0.4116639475338915,0.418263162651638,0.1847920753522057,0.1325833153187638
2025-04-08,52.33000183105469,57.52000045776367,36.47999954223633,44.040000915527344,0.0,0.1078478858876829,-0.0443761814437798,-0.0559699022810388,-0.3114105701718903
2025-04-09,33.619998931884766,57.959999084472656,31.89999961853028,50.97999954223633,0.0,-0.4424487591644147,0.007620380285503,-0.134158154825284,0.1463350573256699
2025-04-10,40.720001220703125,54.869998931884766,34.439998626708984,34.439998626708984,0.0,0.1915983060100053,-0.054786370052038,0.0766126418521447,-0.3922147502840449
2025-04-11,37.560001373291016,46.119998931884766,36.84999847412109,40.79999923706055,0.0,-0.0807797113175863,-0.173720059363218,0.0676369375428595,0.1694634230259744
2025-04-14,30.88999938964844,35.16999816894531,29.75,34.7599983215332,0.0,-0.195507203731037,-0.2710532778184588,-0.2140264452358657,-0.1602148106007364
2025-04-15,30.1200008392334,31.450000762939453,28.290000915527344,30.01000022888184,0.0,-0.0252430563769309,-0.1117943870176634,-0.0503207143159385,-0.1469365850307548
2025-04-16,32.63999938964844,34.959999084472656,29.479999542236328,33.2400016784668,0.0,0.0803490806017226,0.1058055171942258,0.0412036341174954,0.102223353403509
2025-04-17,29.64999961853028,32.54999923706055,29.56999969482422,30.790000915527344,0.0,-0.0960763988184332,-0.0714271793839033,0.0030482717507374,-0.0765640288116607
2025-04-18,29.64999961853028,32.54999923706055,29.56999969482422,30.790000915527344,0.0,-0.0960763988184332,-0.0714271793839033,0.0030482717507374,-0.0765640288116607
2025-04-21,33.81999969482422,35.75,31.790000915527344,32.75,0.0,0.1315902218689278,0.0937729239244388,0.072391480178002,0.0617129704102844
2025-04-22,30.56999969482422,32.68000030517578,30.07999992370605,32.61000061035156,0.0,-0.101033208527013,-0.0897869898099104,-0.0552913071766641,-0.0042839535633341
2025-04-23,28.450000762939453,30.290000915527344,27.11000061035156,28.75,0.0,-0.0718709385306991,-0.0759456240655615,-0.1039578105208071,-0.1259812412745674
2025-04-24,26.46999931335449,29.65999984741211,26.36000061035156,28.690000534057617,0.0,-0.0721361970907004,-0.0210183236993268,-0.028054953235698,-0.0020891186353209
2025-04-25,24.84000015258789,27.200000762939453,24.84000015258789,26.21999931335449,0.0,-0.0635567270903838,-0.086582330214022,-0.0593924695806581,-0.0900261964603383
2025-04-28,25.14999961853028,26.93000030517578,24.700000762939453,25.75,0.0,0.012402618169858,-0.0099760831955019,-0.0056519886859396,-0.018087825037955
2025-04-29,24.170000076293945,25.989999771118164,23.76000022888184,24.76000022888184,0.0,-0.0397456835060187,-0.0355290783088297,-0.0387997703946498,-0.0392051700493337
2025-05-05,23.63999938964844,24.6299991607666,22.809999465942383,24.25,0.0,0.0414566744040297,0.0126661335092004,0.0208202124116762,0.0258995617002666
2025-05-06,24.76000022888184,25.11000061035156,23.89999961853028,23.96999931335449,0.0,0.046289290341108,0.019301019417784,0.0466794300934029,-0.0116135975832367
2025-05-07,23.549999237060547,25.6200008392334,23.290000915527344,24.559999465942383,0.0,-0.0501036689945649,0.0201071317489465,-0.0258543197702495,0.0243160617336691
2025-05-08,22.479999542236328,23.61000061035156,21.8799991607666,22.84000015258789,0.0,-0.046499783403509,-0.0817029522767294,-0.0624511840085476,-0.0726056900653843
2025-05-09,21.89999961853028,22.81999969482422,21.82999992370605,22.39999961853028,0.0,-0.0261393852585912,-0.0340330458880637,-0.0022877721306519,-0.0194524496374444
2025-05-12,18.38999938964844,20.440000534057617,18.13999938964844,19.84000015258789,0.0,-0.1746796139768351,-0.1101435395971908,-0.1851657560266728,-0.1213608322834471
2025-05-13,18.21999931335449,18.850000381469727,17.649999618530273,18.690000534057617,0.0,-0.0092871512814612,-0.0809808573324264,-0.0273836492739769,-0.0597114595056661
2025-05-14,18.6200008392334,18.81999969482422,18.059999465942383,18.100000381469727,0.0,0.0217164627750813,-0.0015928161894106,0.0229637566512524,-0.032076690694527
2025-05-15,17.829999923706055,19.3799991607666,17.770000457763672,19.190000534057617,0.0,-0.0433538893244469,0.0293214452167926,-0.0161878504905058,0.0584773785021486
2025-05-16,17.239999771118164,17.959999084472656,17.149999618530273,17.959999084472656,0.0,-0.0336501756367457,-0.07609455126038,-0.0355135165582204,-0.0662423259514616
2025-05-19,18.13999938964844,19.920000076293945,17.920000076293945,19.84000015258789,0.0,0.0508871590809284,0.1035772440883272,0.043919260435443,0.0995530976495064
2025-05-20,18.09000015258789,18.68000030517578,17.700000762939453,18.459999084472656,0.0,-0.0027601031981326,-0.0642708068487398,-0.0123527291205526,-0.0720939300681411
2025-05-21,20.8700008392334,21.049999237060547,17.770000457763672,18.770000457763672,0.0,0.1429534534594037,0.1194470747465055,0.0039469852433299,0.0166536955069582
2025-05-22,20.280000686645508,22.06999969482422,19.63999938964844,20.6200008392334,0.0,-0.0286775487202962,0.0473186825567803,0.1000566039223197,0.0940016443023181
2025-05-23,22.290000915527344,25.530000686645508,19.82999992370605,20.13999938964844,0.0,0.0945029758899914,0.1456350517080094,0.0096276668349482,-0.0235536623038079
2025-05-26,22.290000915527344,25.530000686645508,19.82999992370605,20.13999938964844,0.0,0.0945029758899914,0.1456350517080094,0.0096276668349482,-0.0235536623038079
2025-05-27,18.959999084472656,21.01000022888184,18.950000762939453,20.6299991607666,0.0,-0.1618067399316656,-0.1948557323981683,-0.0453919668952125,0.0240384294179413
2025-05-28,19.309999465942383,19.43000030517578,18.68000030517578,19.209999084472656,0.0,0.0182916202438062,-0.0781802466550858,-0.014350522651362,-0.0713153572813466
2025-05-29,19.18000030517578,20.200000762939453,18.11000061035156,18.25,0.0,-0.0067549834169355,0.0388643630806674,-0.0309891435399477,-0.0512658490930701
2025-05-30,18.56999969482422,20.549999237060547,18.56999969482422,19.61000061035156,0.0,-0.03232072643563,0.0171782616397972,0.0250830533330262,0.0718745913042597
2025-06-02,18.36000061035156,20.450000762939453,18.36000061035156,19.809999465942383,0.0,-0.0113729404949152,-0.0048779840198726,-0.0113729404949152,0.0101471624187076
2025-06-03,17.690000534057617,19.209999084472656,17.639999389648438,18.82999992370605,0.0,-0.0371748800743962,-0.0625519906747921,-0.0400054024576769,-0.0507354951341301
2025-06-04,17.610000610351562,18.06999969482422,17.40999984741211,17.68000030517578,0.0,-0.0045325811940091,-0.0611778414059661,-0.0131242709625002,-0.0630172641467669
2025-06-05,18.479999542236328,18.799999237060547,17.079999923706055,17.68000030517578,0.0,0.048222084275289,0.0396037415384123,-0.0191365611221504,0.0
2025-06-06,16.770000457763672,18.350000381469727,16.649999618530273,18.15999984741211,0.0,-0.0970974383110776,-0.0242272339648968,-0.0254979903782073,0.0267872903001595
2025-06-09,17.15999984741211,17.719999313354492,16.81999969482422,17.690000534057617,0.0,0.0229894820360492,-0.0349356888619323,0.0101584428858184,-0.0262218264092337
2025-06-10,16.950000762939453,17.989999771118164,16.68000030517578,17.5,0.0,-0.0123132063301124,0.0151221288125281,-0.0083582211746656,-0.0107986574320281
2025-06-11,17.260000228881836,18.09000015258789,16.229999542236328,17.040000915527344,0.0,0.0181238200784711,0.0055432726024181,-0.0273490619047969,-0.0266373058001696
2025-06-12,18.020000457763672,18.8700008392334,17.43000030517578,17.8700008392334,0.0,0.0430905786671744,0.0422140960128016,0.0713315237188664,0.0475598010052936
2025-06-13,20.81999969482422,22.0,18.8799991607666,21.76000022888184,0.0,0.1444317709457233,0.15346904950338,0.079910239225852,0.1969500563716163
2025-06-16,19.11000061035156,20.21999931335449,18.670000076293945,19.780000686645508,0.0,-0.0857022583379659,-0.0843702737247205,-0.0111851546263549,-0.0954020715975124
2025-06-17,21.600000381469727,21.790000915527344,19.549999237060547,20.530000686645508,0.0,0.1224815421597163,0.0747790113388728,0.0460572857662609,0.0372159035681028
2025-06-18,20.13999938964844,21.57999992370605,19.59000015258789,20.89999961853028,0.0,-0.0699854753657787,-0.0096842346778803,0.0020439923391817,0.0178618762418261
2025-06-19,20.13999938964844,21.57999992370605,19.59000015258789,20.89999961853028,0.0,-0.0699854753657787,-0.0096842346778803,0.0020439923391817,0.0178618762418261
2025-06-20,20.6200008392334,21.06999969482422,19.11000061035156,20.739999771118164,0.0,0.0235536623038079,-0.0239167429623906,-0.0248074495544816,-0.0076849489530124
2025-06-23,19.82999992370605,22.51000022888184,19.81999969482422,21.14999961853028,0.0,-0.0390655806044796,0.0661094517544507,0.0364797233134383,0.0195756956902805
2025-06-24,17.479999542236328,18.71999931335449,17.329999923706055,18.190000534057617,0.0,-0.1261385946447682,-0.1843672307169841,-0.1342524141793821,-0.1507678655659058
2025-06-25,16.760000228881836,17.510000228881836,16.68000030517578,17.280000686645508,0.0,-0.042062235329165,-0.0668202750004107,-0.0382286840985836,-0.0513222187776487
2025-06-26,16.59000015258789,16.780000686645508,16.110000610351562,16.670000076293945,0.0,-0.0101949953104356,-0.0425844174097225,-0.0347701801511254,-0.0359391017729146
2025-06-27,16.31999969482422,17.290000915527344,16.1200008392334,16.309999465942383,0.0,-0.016408782563471,0.0299406106869305,0.0006205540647209,-0.0218323174506845
2025-06-30,16.729999542236328,17.43000030517578,16.549999237060547,17.190000534057617,0.0,0.0248121568004225,0.008064524394119,0.0263252665839042,0.0525494665739422
2025-07-01,16.829999923706055,17.479999542236328,16.510000228881836,16.979999542236328,0.0,0.0059595160326164,0.0028644669989558,-0.0024197839287491,-0.012291696538472
2025-07-02,16.639999389648438,17.3700008392334,16.540000915527344,16.75,0.0,-0.0113536049562229,-0.0063127154714171,0.0018154731526009,-0.0136378956531342
2025-07-03,16.3799991607666,16.829999923706055,16.139999389648438,16.649999618530273,0.0,-0.0157483715236085,-0.0315816248986154,-0.0244811199221418,-0.0059880647557175
2025-07-04,16.3799991607666,16.829999923706055,16.139999389648438,16.649999618530273,0.0,-0.0157483715236085,-0.0315816248986154,-0.0244811199221418,-0.0059880647557175
2025-07-07,17.790000915527344,18.5,17.510000228881836,17.829999923706055,0.0,0.0825755259511028,0.0946077284147756,0.081471534343533,0.0684722340807261
2025-07-08,16.809999465942383,17.440000534057617,16.540000915527344,17.40999984741211,0.0,-0.056662637490484,-0.0590042829808762,-0.056990414421391,-0.0238376825803683
2025-07-09,15.9399995803833,16.760000228881836,15.760000228881836,16.760000228881836,0.0,-0.0531422686129835,-0.0397713403930318,-0.0483066459951698,-0.0380496363053445
2025-07-10,15.779999732971191,16.239999771118164,15.699999809265137,16.229999542236328,0.0,-0.0100883485415567,-0.0315177880705483,-0.0038143987471471,-0.0321337553886572
2025-07-11,16.399999618530273,17.239999771118164,15.979999542236328,16.40999984741211,0.0,0.0385380130740528,0.0597549313195157,0.0176772114865463,0.0110295424818158
2025-07-14,17.200000762939453,17.850000381469727,16.90999984741211,17.729999542236328,0.0,0.0476281166065481,0.0347712776371625,0.0565672421948677,0.0773671984639925
2025-07-15,17.3799991607666,17.389999389648438,16.559999465942383,16.889999389648438,0.0,0.0104106433735863,-0.026108236328157,-0.0209150371797019,-0.0485363995846738
2025-07-16,17.15999984741211,19.479999542236328,16.690000534057617,17.65999984741211,0.0,-0.0127389863821896,0.1134929814468831,0.007819652965145,0.0445804918526548
2025-07-17,16.520000457763672,17.3700008392334,16.479999542236328,17.15999984741211,0.0,-0.0380092893652509,-0.1146436461471081,-0.0126622729679986,-0.028721101367755
2025-07-18,16.40999984741211,16.809999465942383,16.280000686645508,16.43000030517578,0.0,-0.0066808999989673,-0.0327707129178281,-0.0122100939527676,-0.0434721345442694
2025-07-21,16.649999618530273,16.989999771118164,16.299999237060547,16.8700008392334,0.0,0.0145192977118283,0.010651006561988,0.0012276582549783,0.0264279956814865
2025-07-22,16.5,17.479999542236328,16.43000030517578,16.75,0.0,-0.0090498126088229,0.0284324218272573,0.0079438896168643,-0.0071386880338896
2025-07-23,15.369999885559082,16.31999969482422,15.31999969482422,16.229999542236328,0.0,-0.0709428308017636,-0.0686660132030715,-0.0699498062311235,-0.0315369049493616
2025-07-24,15.390000343322754,15.539999961853027,14.949999809265137,15.390000343322754,0.0,0.0013004200541872,-0.0489739883517231,-0.0244478573138444,-0.053143383162755
2025-07-25,14.93000030517578,15.390000343322754,14.920000076293944,15.329999923706056,0.0,-0.0303453381674192,-0.0096993723257824,-0.0020086871893606,-0.0039062822520099
2025-07-28,15.029999732971191,15.539999961853027,15.0,15.149999618530272,0.0,0.0066755540069556,0.0096993723257825,0.0053476012130602,-0.011811181131091
2025-07-29,15.979999542236328,16.1200008392334,14.699999809265137,14.949999809265137,0.0,0.061289725693596,0.0366434466553649,-0.0202027202926802,-0.0132892196973472
2025-07-30,15.479999542236328,17.270000457763672,15.4399995803833,15.869999885559082,0.0,-0.0317890731018072,0.0689101295247733,0.0491140366098525,0.0597192402486592
2025-07-31,16.719999313354492,17.170000076293945,14.739999771118164,14.989999771118164,0.0,0.0770567279989557,-0.0058072393120505,-0.0463966461861319,-0.0570472304816318
2025-08-01,20.3799991607666,21.89999961853028,17.389999389648438,17.399999618530273,0.0,0.1979484200260743,0.2433229400509172,0.1653304220350934,0.1490868874513978
2025-08-04,17.520000457763672,19.57999992370605,17.479999542236328,19.559999465942383,0.0,-0.1512108749790054,-0.1119779861979062,0.005162050771192,0.1170164530061761
2025-08-05,17.850000381469727,18.940000534057617,17.110000610351562,17.209999084472656,0.0,0.0186604179601924,-0.0332325172505681,-0.0213942204632216,-0.1279960802770703
2025-08-06,16.770000457763672,17.8799991607666,16.559999465942383,17.219999313354492,0.0,-0.0624119264648022,-0.0575933931468955,-0.0326730068690574,0.0005809020986581
2025-08-07,16.56999969482422,17.639999389648438,15.979999542236328,16.40999984741211,0.0,-0.0119977901105948,-0.0135137068301601,-0.0356522050151658,-0.04818056332117
2025-08-08,15.149999618530272,16.520000457763672,15.149999618530272,16.479999542236328,0.0,-0.0895933062452459,-0.0655972201757189,-0.0533374049162333,0.0042566009008738
2025-08-11,16.25,16.360000610351562,15.520000457763672,15.8100004196167,0.0,0.0700924019998887,-0.009732427320344,0.0241290374742963,-0.0415048189418024
2025-08-12,14.729999542236328,16.559999465942383,14.65999984741211,16.09000015258789,0.0,-0.0982067093781715,0.0121507482251039,-0.0570068582000997,0.0175552927250898
2025-08-13,14.489999771118164,14.8100004196167,14.300000190734863,14.619999885559082,0.0,-0.0164274588608319,-0.1116874600942144,-0.0248631354460905,-0.0958075239937545
2025-08-14,14.829999923706056,15.390000343322754,14.56999969482422,14.65999984741211,0.0,0.0231934104685296,0.0384153135459162,0.0187050486576601,0.0027322395561182
2025-08-15,15.09000015258789,15.18000030517578,14.399999618530272,14.43000030517578,0.0,0.0173801318863396,-0.0137391780876688,-0.0117364191706227,-0.0158132921155725
2025-08-18,14.989999771118164,15.949999809265137,14.949999809265137,15.729999542236328,0.0,-0.0066489860460745,0.0494800252012649,0.0374831069875093,0.0862602940343898
2025-08-19,15.56999969482422,15.90999984741211,14.760000228881836,15.229999542236328,0.0,0.0379626694001262,-0.0025109845135502,-0.0127904523992847,-0.0323025511185105
2025-08-20,15.6899995803833,17.190000534057617,15.56999969482422,15.949999809265137,0.0,0.0076775737550639,0.0773800177036768,0.0534251315664382,0.0461916804221935
2025-08-21,16.600000381469727,17.239999771118164,15.649999618530272,15.720000267028809,0.0,0.0563791783418732,0.0029044014966568,0.0051249263654352,-0.014525013284929
2025-08-22,14.220000267028809,16.829999923706055,14.210000038146973,16.809999465942383,0.0,-0.1547532751891094,-0.0240692482898349,-0.0965249478175741,0.0670401116626649
2025-08-25,14.789999961853027,15.1899995803833,14.239999771118164,15.050000190734863,0.0,0.0393018309899757,-0.1025257146863581,0.0021089451171416,-0.1105959117819931
2025-08-26,14.619999885559082,15.75,14.619999885559082,15.75,0.0,-0.0115608276495313,0.0362030762884968,0.0263355565832693,0.0454623614033444
2025-08-27,14.850000381469728,15.229999542236328,14.65999984741211,14.65999984741211,0.0,0.0156094444429693,-0.0335732284212806,0.0027322395561182,-0.0717176792215876
2025-08-28,14.43000030517578,14.6899995803833,14.119999885559082,14.420000076293944,0.0,-0.0286904970024235,-0.0361001752293613,-0.0375304620898393,-0.0165065489024092
2025-08-29,15.359999656677246,15.970000267028809,14.3100004196167,14.3100004196167,0.0,0.0624573114333021,0.0835450173265727,0.0133663989314633,-0.0076575142559667
2025-09-03,16.350000381469727,17.56999969482422,16.34000015258789,17.399999618530273,0.0,-0.0489357586780849,-0.0980486783286562,-0.0127699569538492,0.0440599907815777
2025-09-04,15.300000190734863,16.350000381469727,15.279999732971191,16.219999313354492,0.0,-0.0663750798100231,-0.0719649641551222,-0.067071332507494,-0.0702251779429315
2025-09-05,15.18000030517578,16.920000076293945,14.739999771118164,15.229999542236328,0.0,-0.0078740487934306,0.0342684380124317,-0.0359798950294165,-0.0629778695036426
2025-09-08,15.109999656677246,15.649999618530272,14.989999771118164,15.579999923706056,0.0,-0.0046220385082008,-0.0780254660760761,0.0168184256122874,0.0227208986953253
2025-09-09,15.039999961853027,15.81999969482422,14.970000267028809,15.020000457763672,0.0,-0.0046434375777632,0.0108040504379037,-0.0013350805764052,-0.0366053587327563
2025-09-10,15.350000381469728,15.630000114440918,14.630000114440918,14.979999542236328,0.0,0.020402182899328,-0.0120827912937423,-0.022973993414754,-0.00266672928218
2025-09-11,14.710000038146973,15.239999771118164,14.649999618530272,15.1899995803833,0.0,-0.0425879616780397,-0.0252686165152539,0.0013660865698079,0.0139213414523949
2025-09-12,14.760000228881836,14.970000267028809,14.40999984741211,14.619999885559082,0.0,0.0033932974726116,-0.0178753189708742,-0.0165179100017838,-0.0382468424892089
2025-09-15,15.6899995803833,15.84000015258789,14.920000076293944,15.140000343322754,0.0,0.0611027053215023,0.0564901797502209,0.0347802004667469,0.034949824191902
2025-09-16,16.360000610351562,16.3799991607666,15.4399995803833,15.600000381469728,0.0,0.0418158284814249,0.0335226311703182,0.0342589175302325,0.0299306680228404
2025-09-17,15.720000267028809,16.75,15.260000228881836,16.420000076293945,0.0,-0.0399055644945272,0.0223372310814036,-0.0117264765642618,0.0512291699620068
2025-09-18,15.699999809265137,15.800000190734863,14.329999923706056,14.93000030517578,0.0,-0.0012731037820809,-0.0583883061663276,-0.0628798043391115,-0.095127476679146
2025-09-19,15.449999809265137,16.1299991607666,15.289999961853027,15.760000228881836,0.0,-0.016051709207089,0.0206708880030194,0.064843780930065,0.0541024669611525
2025-09-22,16.100000381469727,16.350000381469727,15.779999732971191,16.139999389648438,0.0,0.0412103046857331,0.0135470805669766,0.0315442810496761,0.0238255260730278
2025-09-23,16.639999389648438,17.06999969482422,15.949999809265137,16.100000381469727,0.0,0.0329901030290915,0.0430945982537034,0.0107155187768045,-0.0024813293415312
2025-09-24,16.18000030517578,17.209999084472656,16.18000030517578,16.56999969482422,0.0,-0.0280334682216382,0.008168038097594,0.0143171132190873,0.0287745173369148
2025-09-25,16.739999771118164,17.739999771118164,16.31999969482422,16.549999237060547,0.0,0.0340251208969369,0.0303314069533718,0.0086154003448222,-0.0012077572970935
2025-09-26,15.289999961853027,17.049999237060547,15.289999961853027,16.889999389648438,0.0,-0.0906020339425049,-0.0396718049970704,-0.0651923133903902,0.0203356389588379
2025-09-29,16.1200008392334,16.290000915527344,15.739999771118164,15.84000015258789,0.0,0.0528617716940319,-0.0455986801665892,0.0290062110017702,-0.0641832986634946
2025-09-30,16.280000686645508,16.700000762939453,16.020000457763672,16.489999771118164,0.0,0.0098766136115296,0.0248572862919521,0.0176327417668797,0.0402157266721152
2025-10-01,16.290000915527344,17.280000686645508,15.979999542236328,17.280000686645508,0.0,0.0006140760641176,0.0341410380046331,-0.0025000585226328,0.0467956804208697
2025-10-02,16.6299991607666,16.920000076293945,15.93000030517578,16.1200008392334,0.0,0.0206567639240544,-0.021053444425163,-0.0031337686128348,-0.0694890139722325
2025-10-03,16.649999618530273,17.059999465942383,16.200000762939453,16.350000381469727,0.0,0.0012019507755499,0.00824015207169,0.0168071462541088,0.0141671315346377
2025-10-06,16.3700008392334,17.09000015258789,16.290000915527344,16.739999771118164,0.0,-0.0169597508657671,0.0017569952971236,0.0055401894823883,0.0235731307138353
2025-10-07,17.239999771118164,17.549999237060547,16.190000534057617,16.579999923706055,0.0,0.0517818093097477,0.026560400383551,-0.0061576781393284,-0.009603906282995
2025-10-08,16.299999237060547,17.200000762939453,16.229999542236328,17.170000076293945,0.0,-0.0560671909527242,-0.020144478263189,0.0024675526452886,0.0349665342472447
2025-10-09,16.43000030517578,17.270000457763672,16.260000228881836,16.309999465942383,0.0,0.0079438896168643,0.0040614904885281,0.0018467648743243,-0.0513852954640893
2025-10-10,21.65999984741211,22.440000534057617,16.229999542236328,16.360000610351562,0.0,0.2763582839046803,0.261874185788975,-0.0018467648743243,0.0030609845934136
2025-10-13,19.030000686645508,20.770000457763672,18.61000061035156,19.450000762939453,0.0,-0.1294505171378362,-0.0773354445261768,0.1368377501294122,0.1730077408079803
2025-10-14,20.809999465942383,22.940000534057617,19.18000030517578,21.459999084472656,0.0,0.0894168973517112,0.0993724750541754,0.030168981915312,0.0983435852503798
2025-10-15,20.63999938964844,22.440000534057617,19.11000061035156,20.020000457763672,0.0,-0.0082027036999688,-0.0220370305279985,-0.0036562951753998,-0.0694588977881206
2025-10-16,25.309999465942383,25.43000030517578,19.850000381469727,20.489999771118164,0.0,0.2039686424143107,0.1250844869807944,0.0379922361597795,0.0232051543279991
2025-10-17,20.780000686645508,28.989999771118164,20.729999542236328,28.40999984741211,0.0,-0.1972085347417192,0.1310213436037157,0.0433778780146862,0.3268042394147828
2025-10-20,18.229999542236328,21.020000457763672,18.229999542236328,20.530000686645508,0.0,-0.1309224551345445,-0.32147654781203,-0.1285133407853919,-0.3248539260183754
2025-10-21,17.8700008392334,18.88999938964844,17.399999618530273,18.64999961853028,0.0,-0.0199451874455198,-0.1068417380237456,-0.0465983792831765,-0.0960411388411154
2025-10-22,18.600000381469727,21.01000022888184,17.729999542236328,17.84000015258789,0.0,0.040038225093688,0.1063658765482679,0.0187879099705865,-0.0444029899306875
2025-10-23,17.299999237060547,19.350000381469727,17.079999923706055,18.36000061035156,0.0,-0.0724551438250945,-0.0823060865608682,-0.0373499103739569,0.0287312827308965
2025-10-24,16.3700008392334,17.219999313354492,16.020000457763672,17.020000457763672,0.0,-0.0552560147535951,-0.1166209800652887,-0.064070213678841,-0.0757852683950322
2025-10-27,15.789999961853027,16.06999969482422,15.619999885559082,15.729999542236328,0.0,-0.0360736167979343,-0.0691172983656818,-0.0252858331297474,-0.0788194620719887
2025-10-28,16.420000076293945,16.549999237060547,15.65999984741211,15.949999809265137,0.0,0.0391232828190292,0.0294318949649925,0.0025575437338813,0.013889129303683
2025-10-29,16.920000076293945,17.579999923706055,16.260000228881836,16.34000015258789,0.0,0.02999625001649,0.0603758321932057,0.0375984373771799,0.024157281497606
2025-10-30,16.90999984741211,17.40999984741211,15.729999542236328,16.260000228881836,0.0,-0.0005912048002166,-0.0097171429015004,-0.0331384302271662,-0.0049079805741228
2025-10-31,17.440000534057617,18.540000915527344,15.960000038146973,16.43000030517578,0.0,0.0308612952164439,0.0628858645031866,0.0145159064429519,0.0104008324274404
2025-11-03,17.170000076293945,18.82999992370605,17.0,18.059999465942383,0.0,-0.015602769750574,0.0155207290984356,0.0631277496443922,0.0945905677940638
2025-11-04,19.0,20.479999542236328,17.899999618530273,19.729999542236328,0.0,0.1012752998136115,0.0839974392022271,0.0515873474793351,0.0884407784155788
2025-11-05,18.010000228881836,20.020000457763672,17.309999465942383,19.3700008392334,0.0,-0.0535118072699786,-0.0227169810671724,-0.0335163531999824,-0.0184147760877643
2025-11-06,19.5,20.309999465942383,17.639999389648438,18.36000061035156,0.0,0.0794872936732393,0.0143815525445967,0.0188846776426472,-0.0535511023094639
2025-11-07,19.07999992370605,22.71999931335449,19.07999992370605,19.520000457763672,0.0,-0.0217738035481952,0.1121322143338872,0.0784716460432899,0.061265186000061
2025-11-10,17.600000381469727,18.81999969482422,17.600000381469727,18.57999992370605,0.0,-0.0807417383029836,-0.1883254456891469,-0.0807417383029836,-0.049353875156502
2025-11-11,17.280000686645508,18.010000228881836,17.25,17.899999618530273,0.0,-0.0183491206061835,-0.0439929460452678,-0.0200867802411533,-0.0372850377439007
2025-11-12,17.510000228881836,18.059999465942383,17.100000381469727,17.209999084472656,0.0,0.0132223562569144,0.0027723465210803,-0.0087336576605836,-0.0393101345095097
2025-11-13,20.0,21.309999465942383,17.510000228881836,17.610000610351562,0.0,0.132960114184738,0.1654769026316214,0.0236936735524679,0.0229764001414459
2025-11-14,19.82999992370605,23.030000686645508,19.559999465942383,21.32999992370605,0.0,-0.0085363348696866,0.0776213225986926,0.1107144779338586,0.1916475717389339
2025-11-17,22.3799991607666,23.440000534057617,19.540000915527344,19.57999992370605,0.0,0.120971726700216,0.0176462438449832,-0.0010229438344667,-0.0856058957005816
2025-11-18,24.690000534057617,25.84000015258789,22.90999984741211,23.540000915527344,0.0,0.0982306596030908,0.0974796973266655,0.1591097963364409,0.1841925075187006
2025-11-19,23.65999984741211,24.790000915527344,21.93000030517578,24.520000457763672,0.0,-0.0426124728865627,-0.0414833018410899,-0.0437179134593848,0.0407879890124616
2025-11-20,26.420000076293945,28.270000457763672,19.280000686645508,20.780000686645508,0.0,0.1103354498808654,0.1313608049196437,-0.1287872515489085,-0.1654981110223452
2025-11-21,23.43000030517578,27.84000015258789,22.540000915527344,25.96999931335449,0.0,-0.1201040364372081,-0.0153273469509531,0.1562232244327315,0.2229509805200496
2025-11-24,20.520000457763672,23.68000030517578,20.40999984741211,22.690000534057617,0.0,-0.1326172229339658,-0.1618430180438101,-0.0992665798839044,-0.1350176769058202
2025-11-25,18.559999465942383,21.770000457763672,18.38999938964844,20.549999237060547,0.0,-0.1003913440273416,-0.0840979266295696,-0.1042179639187084,-0.0990634185126507
2025-11-26,17.190000534057617,18.700000762939453,16.93000030517578,18.25,0.0,-0.0766808481207164,-0.1520093316142846,-0.0827197912561271,-0.1186958237877349
2025-11-27,17.190000534057617,18.700000762939453,16.93000030517578,18.25,0.0,-0.0766808481207164,-0.1520093316142846,-0.0827197912561271,-0.1186958237877349
2025-11-28,16.350000381469727,18.520000457763672,15.779999732971191,17.40999984741211,0.0,-0.0500999297879377,-0.0096723107241474,-0.0703439156750336,-0.0471203350127848
2025-12-01,17.239999771118164,18.32999992370605,16.579999923706055,18.049999237060547,0.0,0.0530043312845944,-0.0103121962459251,0.0494538466098337,0.0361008974950595
2025-12-02,16.59000015258789,17.309999465942383,16.389999389648438,17.280000686645508,0.0,-0.0384321385594029,-0.0572547193537999,-0.0115257895891119,-0.0435958393984366
2025-12-03,16.079999923706055,17.280000686645508,15.93000030517578,16.43000030517578,0.0,-0.0312238543937634,-0.0017345352232301,-0.0284672124372156,-0.05044085248886
2025-12-04,15.779999732971191,16.6299991607666,15.68000030517578,16.229999542236328,0.0,-0.0188329605104216,-0.0383415603725305,-0.0158181086942537,-0.0122475973017647
2025-12-05,15.40999984741211,16.18000030517578,15.279999732971191,15.579999923706056,0.0,-0.0237266590656008,-0.0274323122481658,-0.0258412681223357,-0.040873317776027
2025-12-08,16.65999984741211,17.09000015258789,16.100000381469727,16.149999618530273,0.0,0.07799398814961,0.0547175755643471,0.0522745294215218,0.035931990502562
2025-12-09,16.93000030517578,17.200000762939453,16.450000762939453,16.65999984741211,0.0,0.0160765865910244,0.0064159221203619,0.021506227906489,0.0310906015315108
2025-12-10,15.770000457763672,17.65999984741211,15.5600004196167,16.940000534057617,0.0,-0.0709777841683375,0.0263927583591516,-0.0556219778727785,0.016667093170572
2025-12-11,14.850000381469728,16.8799991607666,14.850000381469728,16.84000015258789,0.0,-0.0601095390655409,-0.0451727470853115,-0.0467036547809939,-0.0059207028751122
2025-12-12,15.739999771118164,17.850000381469727,14.850000381469728,14.989999771118164,0.0,0.0582053375109388,0.0558740901463093,0.0,-0.1163737210296814
2025-12-15,16.5,17.350000381469727,15.989999771118164,16.510000228881836,0.0,0.0471551524586906,-0.0284110012169051,0.0739636215948963,0.0965829749497231
2025-12-16,16.479999542236328,17.610000610351562,16.190000534057617,17.280000686645508,0.0,-0.0012128842021314,0.0148744287878915,0.0124302881446234,0.0455835313170775
2025-12-17,17.6200008392334,18.0,15.81999969482422,16.450000762939453,0.0,0.0668871714332201,0.0219048007286772,-0.0231188576274217,-0.0492242795216607
2025-12-18,16.8700008392334,17.68000030517578,15.93000030517578,17.610000610351562,0.0,-0.0434977218326585,-0.0179376834255939,0.006929200030253,0.0681414335768095
2025-12-19,14.90999984741211,16.530000686645508,14.90999984741211,16.309999465942383,0.0,-0.1235048277622477,-0.0672571210982857,-0.066172024536539,-0.0766885732787479
2025-12-22,14.079999923706056,15.260000228881836,14.029999732971191,15.15999984741211,0.0,-0.057276773231425,-0.0799419125171645,-0.0608342434610499,-0.0731180137396781
2025-12-23,14.0,14.449999809265137,13.640000343322754,14.09000015258789,0.0,-0.0056980156960337,-0.054540639496324,-0.0281911974960617,-0.0731950334089558
2025-12-24,13.470000267028809,14.15999984741211,13.380000114440918,14.09000015258789,0.0,-0.0385923193690212,-0.0202733238692039,-0.0192456143323903,0.0
2025-12-25,13.470000267028809,14.15999984741211,13.380000114440918,14.09000015258789,0.0,-0.0385923193690212,-0.0202733238692039,-0.0192456143323903,0.0
2025-12-26,13.600000381469728,14.289999961853027,13.520000457763672,14.119999885559082,0.0,0.0096048105450131,0.0091389117826962,0.010409041219862,0.0021268872201096
2025-12-29,14.199999809265137,15.079999923706056,13.989999771118164,14.6899995803833,0.0,0.0431721303839317,0.0538093682482411,0.034172667843924,0.0395747376607848
2025-12-30,14.329999923706056,14.619999885559082,14.039999961853027,14.43000030517578,0.0,0.0091132853408266,-0.0309789110265937,0.0035676235636429,-0.017857567686518
2025-12-31,14.949999809265137,15.170000076293944,14.380000114440918,14.770000457763672,0.0,0.0423560505625014,0.0369293518957692,0.0239279643705956,0.023288733601607
2026-01-05,14.899999618530272,15.270000457763672,14.649999618530272,15.140000343322754,0.0,0.0265231046792461,-0.0097752238743947,0.0130540900554648,0.0193403797489328
2026-01-06,14.75,15.210000038146973,14.630000114440918,15.0,0.0,-0.010118104563589,-0.0039370404292945,-0.001366086569808,-0.0092900695836282
2026-01-07,15.380000114440918,15.479999542236328,14.829999923706056,14.949999809265137,0.0,0.041824888732561,0.0175957298110632,0.013577928150894,-0.0033389140236996
2026-01-08,15.449999809265137,15.850000381469728,15.149999618530272,15.6899995803833,0.0,0.0045410194800659,0.0236206858004961,0.021348355770585,0.0483122529222175
2026-01-09,14.489999771118164,15.8100004196167,14.43000030517578,15.68000030517578,0.0,-0.0641502504617128,-0.002526846628179,-0.0486911128413758,-0.0006375056157254
2026-01-12,15.119999885559082,16.65999984741211,15.029999732971191,16.059999465942383,0.0,0.0425596226458,0.0523679498171586,0.0407387920640133,0.0239456408797134
2026-01-13,15.979999542236328,16.5,14.75,15.359999656677246,0.0,0.055319548509548,-0.0096502466732246,-0.0188051032126663,-0.044564969896932
2026-01-14,16.75,18.100000381469727,16.219999313354492,16.329999923706055,0.0,0.0470603465789842,0.0925515784409203,0.0950019235681752,0.0612371969425782
2026-01-15,15.84000015258789,16.540000915527344,15.300000190734863,16.520000457763672,0.0,-0.0558598622517218,-0.0901302143995933,-0.0583921654892834,0.0115678934921345
2026-01-16,15.859999656677246,16.290000915527344,15.300000190734863,15.4399995803833,0.0,0.0012617985402639,-0.0152302661321084,0.0,-0.0676102783831146
2026-01-19,15.859999656677246,16.290000915527344,15.300000190734863,15.4399995803833,0.0,0.0012617985402639,-0.0152302661321084,0.0,-0.0676102783831146
2026-01-20,20.09000015258789,20.989999771118164,18.63999938964844,19.940000534057617,0.0,0.2364219918624414,0.2534946441124605,0.1974569356485416,0.25576627389754
2026-01-21,16.899999618530273,20.809999465942383,16.670000076293945,19.309999465942383,0.0,-0.1729085870652047,-0.00861250818618,-0.1116990751738381,-0.0321047225335488
2026-01-22,15.640000343322754,16.670000076293945,15.270000457763672,16.649999618530273,0.0,-0.0774818422881068,-0.2218229134026099,-0.0877205521309087,-0.1482128752680158
2026-01-23,16.09000015258789,16.209999084472656,15.300000190734863,15.68000030517578,0.0,0.0283662134189434,-0.0279824220710106,0.0019626916562054,-0.0600241591303552
2026-01-26,16.149999618530273,17.389999389648438,15.800000190734863,16.899999618530273,0.0,0.0037220555605578,0.0702670139999306,0.0321571112400271,0.0749275649718516
2026-01-27,16.350000381469727,16.3700008392334,15.739999771118164,16.020000457763672,0.0,0.012307894626495,-0.0604448506187531,-0.0038047236569034,-0.0534756291421302
2026-01-28,16.350000381469727,17.18000030517578,16.049999237060547,16.09000015258789,0.0,0.0,0.0482954916699516,0.0195035735930109,0.0043600002729666
2026-01-29,16.8799991607666,19.739999771118164,16.020000457763672,16.040000915527344,0.0,0.0319015187754475,0.1389010880909686,-0.0018708318261311,-0.0031123109715594
2026-01-30,17.440000534057617,19.270000457763672,16.670000076293945,18.71999931335449,0.0,0.0326370096532115,-0.024097516228986,0.0397727311246998,0.1545067748535323
2026-02-02,16.34000015258789,19.959999084472656,16.079999923706055,19.950000762939453,0.0,-0.0651503503332419,0.0351807188336885,-0.036034442333252,0.0636367472087871
2026-02-03,18.0,20.3700008392334,16.049999237060547,16.15999984741211,0.0,0.0967556591260036,0.0203330464229796,-0.0018674569653166,-0.2106901379278214
2026-02-04,18.63999938964844,21.239999771118164,17.469999313354492,17.6299991607666,0.0,0.0349380186170976,0.0418229141595639,0.0847762828008441,0.0870629051565733
2026-02-05,21.770000457763672,23.100000381469727,19.059999465942383,19.239999771118164,0.0,0.1552231197604637,0.0839464484438316,0.087106785364544,0.0873894845342124
2026-02-06,20.3700008392334,21.489999771118164,19.989999771118164,21.239999771118164,0.0,-0.0664696248355328,-0.0722449340377902,0.0476402668562483,0.098894752256342
2026-02-09,17.360000610351562,19.200000762939453,16.899999618530273,17.950000762939453,0.0,-0.1598945270474895,-0.1126773812336335,-0.1679185377056375,-0.1682960281598793
2026-02-10,17.790000915527344,17.969999313354492,17.139999389648438,17.469999313354492,0.0,0.024467808750071,-0.066206656185355,0.0141012782030025,-0.0271050725961782
2026-02-11,17.649999618530273,18.959999084472656,16.75,17.8700008392334,0.0,-0.0079007913744848,0.0536277859547575,-0.0230166192887814,0.0226382912928929
2026-02-12,20.81999969482422,21.209999084472656,17.079999923706055,17.440000534057617,0.0,0.1651782867627143,0.1121412768721314,0.0195099256224897,-0.0243569270311893
2026-02-13,20.600000381469727,22.39999961853028,18.920000076293945,21.479999542236328,0.0,-0.0106229542155211,0.0545882164193967,0.1023113837626165,0.208355799226103
2026-02-23,21.01000022888184,22.040000915527344,19.5,20.489999771118164,0.0,0.0958338800201206,0.038386300412367,0.0386875097910981,0.0222066291787316
2026-02-24,19.549999237060547,22.07999992370605,19.229999542236328,21.239999771118164,0.0,-0.0720232783445185,0.0018131921294866,-0.0139429297736761,0.0359492345173653
2026-02-25,17.93000030517578,19.6200008392334,17.860000610351562,19.59000015258789,0.0,-0.0864999427688961,-0.1181227210419533,-0.0739079261734529,-0.0808669458522372
2026-02-26,18.6299991607666,20.540000915527344,17.5,18.06999969482422,0.0,0.0382978349286361,0.0458247521617107,-0.0203627286931036,-0.0807661520299153
2026-02-27,19.86000061035156,21.739999771118164,18.770000457763672,19.280000686645508,0.0,0.0639345497836549,0.0567796220916099,0.0700589940569974,0.064815237081188
2026-03-02,21.440000534057617,25.239999771118164,20.3700008392334,24.65999984741211,0.0,0.0765506717622718,0.1492761574398739,0.0818033964517274,0.2461141667517378
2026-03-03,23.56999969482422,28.14999961853028,22.18000030517578,24.56999969482422,0.0,0.0947163428883988,0.1091173124295832,0.0851277242430801,-0.0036563174361093
2026-03-04,21.14999961853028,24.8700008392334,20.39999961853028,24.38999938964844,0.0,-0.1083348165445103,-0.1238850494742553,-0.0836561135305988,-0.0073529869092564
2026-03-05,23.75,25.84000015258789,20.549999237060547,22.11000061035156,0.0,0.115942643024757,0.0382613932593834,0.0073260216655611,-0.0981431647285833
2026-03-06,29.489999771118164,29.93000030517578,22.920000076293945,23.200000762939453,0.0,0.2164686845851974,0.1469376472414197,0.1091489913590095,0.0481222890830039
2026-03-09,25.5,35.29999923706055,24.76000022888184,35.119998931884766,0.0,-0.1453727629014671,0.1650216102653102,0.0772195618851664,0.4146184267960265
2026-03-10,24.93000030517578,26.01000022888184,22.190000534057617,24.38999938964844,0.0,-0.022606542387607,-0.3054018540659119,-0.1095876960484185,-0.364597551150447
2026-03-11,24.229999542236328,26.229999542236328,23.75,24.89999961853028,0.0,-0.0284803938407729,0.008422688166546,0.0679407694686572,0.0206946009474281
2026-03-12,27.290000915527344,27.32999992370605,24.600000381469727,25.479999542236328,0.0,0.118928852332335,0.0410812207215247,0.0351639279645662,0.0230260245877626
2026-03-13,27.190000534057617,28.46999931335449,24.670000076293945,27.850000381469727,0.0,-0.0036710899822637,0.0408658800233392,0.0028414751886286,0.0889391673322349
2026-03-16,23.51000022888184,26.420000076293945,23.229999542236328,25.8799991607666,0.0,-0.1454234059985835,-0.0747295751898196,-0.0601434065572388,-0.0733625428657655
2026-03-17,22.3700008392334,24.57999992370605,21.8700008392334,24.559999465942383,0.0,-0.0497050592694291,-0.0721882009479285,-0.060328654014204,-0.0523513556709001
2026-03-18,25.09000015258789,25.1299991607666,21.46999931335449,21.51000022888184,0.0,0.1147485534418937,0.0221292171258365,-0.0184592931533391,-0.1326011276135681
2026-03-19,24.059999465942383,27.520000457763672,23.540000915527344,25.600000381469727,0.0,-0.0419186781103286,0.0908507115391752,0.0920445608154772,0.1740744124663214
2026-03-20,26.780000686645508,29.280000686645508,23.68000030517578,24.459999084472656,0.0,0.1071046775536376,0.0619916828451211,0.005929682178755,-0.0455532735572247
2026-03-23,26.14999961853028,31.040000915527344,20.280000686645508,30.040000915527344,0.0,-0.0238061899800821,0.0583720122659811,-0.154995610322054,0.2054907645434227
2026-03-24,26.950000762939453,27.940000534057617,25.63999938964844,25.90999984741211,0.0,0.0301341497412679,-0.1052173518668381,0.2345183956665643,-0.1479008686880077
2026-03-25,25.32999992370605,26.670000076293945,24.81999969482422,25.790000915527344,0.0,-0.0619938646628631,-0.0465200318886731,-0.0325038407669041,-0.0046421332922998
2026-03-26,27.440000534057617,28.489999771118164,26.1200008392334,26.489999771118164,0.0,0.080012361318841,0.066013799421468,0.0510515690572436,0.0267804392510993
2026-03-27,31.049999237060547,31.64999961853028,27.540000915527344,27.540000915527344,0.0,0.1235969614877431,0.1051849960613728,0.0529381900059119,0.0388722319003899
2026-03-30,30.61000061035156,31.520000457763672,29.32999992370605,30.790000915527344,0.0,-0.0142720109112343,-0.0041158570247918,0.0629713538440766,0.1115504651269191
2026-03-31,25.25,29.63999938964844,25.07999992370605,29.530000686645508,0.0,-0.1925006171755652,-0.0614974996769092,-0.1565401676654375,-0.041783272662673
2026-04-01,24.540000915527344,25.350000381469727,23.5,24.299999237060547,0.0,-0.0285216791310514,-0.1563460347504206,-0.0650702915725832,-0.1949304000584863
2026-04-02,23.8700008392334,27.88999938964844,23.8700008392334,26.780000686645508,0.0,-0.0276820010810791,0.0954894346698459,0.0156220543591249,0.0971790469534447
2026-04-03,23.8700008392334,27.88999938964844,23.8700008392334,26.780000686645508,0.0,-0.0276820010810791,0.0954894346698459,0.0156220543591249,0.0971790469534447
2026-04-06,24.170000076293945,25.299999237060547,23.780000686645508,24.93000030517578,0.0,0.0124897223627087,-0.0974638141773891,-0.0037775553716867,-0.0715834561264883
2026-04-07,25.780000686645508,28.0,24.34000015258789,25.09000015258789,0.0,0.064486826273908,0.1014001445974393,0.0232761736908473,0.0063974566831793
2026-04-08,21.040000915527344,22.170000076293945,19.90999984741211,20.96999931335449,0.0,-0.2031735927626899,-0.2334644831056692,-0.2008989834161759,-0.1793765542903073
2026-04-09,19.489999771118164,21.6299991607666,19.450000762939453,21.25,0.0,-0.0765239296072482,-0.0246588259040779,-0.0233750011220895,0.0132640832007804
2026-04-10,19.229999542236328,20.280000686645508,18.82999992370605,19.709999084472656,0.0,-0.013429965979892,-0.0644459885842152,-0.0323957706727956,-0.0752308206556886
2026-04-13,19.1200008392334,21.57999992370605,18.959999084472656,21.170000076293945,0.0,-0.0057365842798105,0.0621317437133461,0.0068801099222295,0.0714590140359073
2026-04-14,18.36000061035156,18.76000022888184,17.889999389648438,18.729999542236328,0.0,-0.0405605330803215,-0.1400400005159847,-0.0580895851358525,-0.1224585967347796
2026-04-15,18.170000076293945,18.5,17.399999618530273,18.18000030517578,0.0,-0.0104025318289166,-0.0139562236943238,-0.0277716791067792,-0.0298043864801855
2026-04-16,17.940000534057617,19.09000015258789,17.760000228881836,18.040000915527344,0.0,-0.0127390002072285,0.0313939136464568,0.0204785661545791,-0.0077305401513502
2026-04-17,17.479999542236328,18.239999771118164,16.8700008392334,18.18000030517578,0.0,-0.0259755423602116,-0.0455476736328969,-0.0514118041465495,0.0077305401513501
2026-04-20,18.8700008392334,19.989999771118164,18.770000457763672,19.57999992370605,0.0,0.0765160598153998,0.0916151649646528,0.1067229286815007,0.0741865276701606
2026-04-21,19.5,20.850000381469727,18.75,19.18000030517578,0.0,0.0328410617147654,0.0421218294782285,-0.0010661225700459,-0.0206405478394017
2026-04-22,18.920000076293945,19.540000915527344,18.68000030517578,19.030000686645508,0.0,-0.0301948979135193,-0.0648902730720754,-0.00374030327869,-0.0078513679761153
2026-04-23,19.309999465942383,21.559999465942383,18.700000762939453,19.420000076293945,0.0,0.0204035011271919,0.0983760278013895,0.0010701155217116,0.0202867494014834
2026-04-24,18.709999084472656,19.350000381469727,18.459999084472656,18.88999938964844,0.0,-0.0315649774298909,-0.1081472820800462,-0.0129173851799338,-0.0276708175892176
2026-04-28,17.829999923706055,19.43000030517578,17.780000686645508,18.299999237060547,0.0,-0.0105998499871969,0.0082687729142457,-0.0134080088785407,-0.0485299109648768
2026-04-29,18.809999465942383,19.0,17.809999465942383,17.829999923706055,0.0,0.0535061873246367,-0.0223792999293302,0.0016857986104388,-0.0260185905606098
