time,close,high,low,open,volume,log_return,rolling_vol_5
2016-12-08,2246.18994140625,2251.68994140625,2237.570068359375,2241.1298828125,4203270000.0,0.0021570150168711,0.0784545868890146
2016-12-09,2259.530029296875,2259.800048828125,2249.22998046875,2249.72998046875,3886460000.0,0.0059214185329697,0.0671666455563014
2016-12-12,2256.9599609375,2264.030029296875,2252.3701171875,2258.830078125,4038850000.0,-0.0011380822905995,0.0847086090206215
2016-12-13,2271.719970703125,2277.530029296875,2263.320068359375,2263.320068359375,3875630000.0,0.0065184832012369,0.0846295784892818
2016-12-14,2253.280029296875,2276.199951171875,2248.43994140625,2268.35009765625,4409670000.0,-0.0081502954618586,0.0953438869118057
2016-12-15,2262.030029296875,2272.1201171875,2253.77001953125,2253.77001953125,4173360000.0,0.0038757076875535,0.0973474607544075
2016-12-16,2258.070068359375,2268.050048828125,2254.239990234375,2266.81005859375,5928980000.0,-0.0017521567509802,0.0898771899115527
2016-12-19,2262.530029296875,2267.469970703125,2258.2099609375,2259.239990234375,3252840000.0,0.0019731727152112,0.0903897306445024
2016-12-20,2270.760009765625,2272.56005859375,2266.139892578125,2266.5,3306250000.0,0.0036309124011527,0.0799891259025012
2016-12-21,2265.179931640625,2271.22998046875,2265.14990234375,2270.5400390625,2854880000.0,-0.0024603857246776,0.0474066147746945
2016-12-22,2260.9599609375,2263.179931640625,2256.080078125,2262.929931640625,2880670000.0,-0.0018647112223965,0.0432072908486024
2016-12-23,2263.7900390625,2263.7900390625,2258.840087890625,2260.25,2021230000.0,0.0012509325350792,0.041160852342656
2016-12-26,2263.7900390625,2263.7900390625,2258.840087890625,2260.25,2021230000.0,0.0012509325350792,0.041160852342656
2016-12-27,2268.8798828125,2273.820068359375,2266.14990234375,2266.22998046875,1989730000.0,0.0022458489045486,0.0418135338471039
2016-12-28,2249.919921875,2271.31005859375,2249.110107421875,2270.22998046875,2402750000.0,-0.0083916407097715,0.0661975689149696
2016-12-29,2249.260009765625,2254.510009765625,2244.56005859375,2249.5,2338700000.0,-0.0002933477318683,0.0667120281669474
2016-12-30,2238.830078125,2253.580078125,2233.6201171875,2251.610107421875,2671550000.0,-0.0046478346968542,0.0707116140365568
2017-01-03,2257.830078125,2263.8798828125,2245.1298828125,2251.570068359375,3773010000.0,0.0084507667531571,0.1026264011968239
2017-01-04,2270.75,2272.820068359375,2261.60009765625,2261.60009765625,3768890000.0,0.0057059637705494,0.1111061814266563
2017-01-05,2269.0,2271.5,2260.449951171875,2268.179931640625,3785080000.0,-0.0007709676024811,0.0839977892084196
2017-01-06,2276.97998046875,2282.10009765625,2264.06005859375,2271.139892578125,3342080000.0,0.003510789180579,0.0826731448444536
2017-01-09,2268.89990234375,2275.489990234375,2268.89990234375,2273.590087890625,3219730000.0,-0.0035549054715596,0.0769262660781217
2017-01-10,2268.89990234375,2279.27001953125,2265.27001953125,2269.719970703125,3640560000.0,0.0,0.0579643835204726
2017-01-11,2275.320068359375,2275.320068359375,2260.830078125,2268.60009765625,3625080000.0,0.0028256423891019,0.0454113393108198
2017-01-12,2270.43994140625,2271.780029296875,2254.25,2271.139892578125,3466220000.0,-0.0021471123937296,0.0485905461012788
2017-01-13,2274.639892578125,2278.679931640625,2271.510009765625,2272.739990234375,3090680000.0,0.0018481313951466,0.0423256117685024
2017-01-16,2274.639892578125,2278.679931640625,2271.510009765625,2272.739990234375,3090680000.0,0.0018481313951466,0.0423256117685024
2017-01-17,2267.889892578125,2272.080078125,2262.81005859375,2269.139892578125,3586950000.0,-0.0029719144562184,0.039529247214944
2017-01-18,2271.889892578125,2272.010009765625,2263.35009765625,2269.139892578125,3317670000.0,0.0017622004698093,0.0416994436946057
2017-01-19,2263.68994140625,2274.330078125,2258.409912109375,2271.89990234375,3168390000.0,-0.0036158376243193,0.0418387570962642
2017-01-20,2271.31005859375,2276.9599609375,2265.010009765625,2269.9599609375,3536850000.0,0.0033605840612999,0.0500057453039581
2017-01-23,2265.199951171875,2271.780029296875,2257.02001953125,2267.780029296875,3155240000.0,-0.0026937496460698,0.0502640255786126
2017-01-24,2280.070068359375,2284.6298828125,2266.679931640625,2267.8798828125,3816950000.0,0.0065431405289623,0.0672581287753681
2017-01-25,2298.3701171875,2299.550048828125,2288.8798828125,2288.8798828125,3849340000.0,0.0079940527959686,0.0838064390522372
2017-02-02,2280.85009765625,2283.969970703125,2271.64990234375,2276.68994140625,3809760000.0,0.000570146838691,0.0425393723953877
2017-02-03,2297.419921875,2298.31005859375,2287.8798828125,2288.5400390625,3605970000.0,0.0072384968545536,0.0751539528006785
2017-02-06,2292.56005859375,2296.179931640625,2288.570068359375,2294.280029296875,3112390000.0,-0.0021175975137091,0.0577222649923839
2017-02-07,2293.080078125,2299.39990234375,2290.159912109375,2295.8701171875,3452460000.0,0.0002268034638457,0.0559097186068524
2017-02-08,2294.669921875,2295.909912109375,2285.3798828125,2289.550048828125,3611950000.0,0.0006930821486096,0.0555585336284087
2017-02-09,2307.8701171875,2311.080078125,2296.610107421875,2296.699951171875,3681600000.0,0.0057360637359602,0.0627873675664416
2017-02-10,2316.10009765625,2319.22998046875,2311.10009765625,2312.27001953125,3496600000.0,0.003559706822009,0.0485888650783957
2017-02-13,2328.25,2331.580078125,2321.419921875,2321.719970703125,3352370000.0,0.0052321335840112,0.0402803889013231
2017-02-14,2337.580078125,2337.580078125,2322.169921875,2326.1201171875,3528040000.0,0.0039993271956725,0.0312893481106446
2017-02-15,2349.25,2351.300048828125,2334.81005859375,2335.580078125,3785870000.0,0.0049798886657344,0.0142564496681375
2017-02-16,2347.219970703125,2351.31005859375,2338.8701171875,2349.639892578125,3675900000.0,-0.0008644916015501,0.0392244952472966
2017-02-17,2351.159912109375,2351.159912109375,2339.580078125,2343.010009765625,3516830000.0,0.0016771493272371,0.0409251064963994
2017-02-20,2351.159912109375,2351.159912109375,2339.580078125,2343.010009765625,3516830000.0,0.0016771493272371,0.0409251064963994
2017-02-21,2365.3798828125,2366.7099609375,2354.909912109375,2354.909912109375,3587520000.0,0.0060298500200691,0.0439409907772328
2017-02-22,2362.820068359375,2365.1298828125,2358.340087890625,2361.110107421875,3473170000.0,-0.001082786146804,0.051940905844791
2017-02-23,2363.81005859375,2368.260009765625,2355.090087890625,2367.5,4021770000.0,0.0004188989712592,0.046030666005239
2017-02-24,2367.340087890625,2367.340087890625,2352.8701171875,2355.72998046875,3832410000.0,0.0014922502320316,0.0421319067148028
2017-02-27,2369.75,2371.5400390625,2361.8701171875,2365.22998046875,3584680000.0,0.0010174652677336,0.0424207261585331
2017-02-28,2363.639892578125,2367.7900390625,2358.9599609375,2366.080078125,4212460000.0,-0.0025817061151949,0.0265237942333109
2017-03-01,2395.9599609375,2400.97998046875,2380.1298828125,2380.1298828125,4347630000.0,0.0135812110837253,0.0990579216881865
2017-03-02,2381.919921875,2394.75,2380.169921875,2394.75,3824030000.0,-0.0058771169721052,0.1169950288591357
2017-03-03,2383.1201171875,2383.889892578125,2375.389892578125,2380.919921875,3556670000.0,0.0005037503685347,0.1172234626464431
2017-03-06,2375.31005859375,2378.800048828125,2367.97998046875,2375.22998046875,3251800000.0,-0.0032826227635658,0.1218274025476521
2017-03-07,2368.389892578125,2375.1201171875,2365.510009765625,2370.739990234375,3526300000.0,-0.0029176259020898,0.122379387761465
2017-03-08,2362.97998046875,2373.090087890625,2361.010009765625,2369.81005859375,3814080000.0,-0.0022868279640638,0.0362773545692653
2017-03-09,2364.8701171875,2369.080078125,2354.5400390625,2363.489990234375,3718450000.0,0.0007995756127663,0.0308324937136093
2017-03-10,2372.60009765625,2376.860107421875,2363.0400390625,2372.52001953125,3434400000.0,0.0032633397058585,0.0448239167458168
2017-03-13,2373.469970703125,2374.419921875,2368.52001953125,2371.56005859375,3166650000.0,0.0003665656191696,0.0397220378499298
2017-03-14,2365.449951171875,2368.550048828125,2358.179931640625,2368.550048828125,3173760000.0,-0.003384748980891,0.0418502015011613
2017-03-15,2385.260009765625,2390.010009765625,2368.93994140625,2370.340087890625,3909490000.0,0.0083398791246863,0.0686556416167759
2017-03-16,2381.3798828125,2388.10009765625,2377.179931640625,2387.7099609375,3368880000.0,-0.0016280347991836,0.0730763755613682
2017-03-17,2378.25,2385.7099609375,2377.639892578125,2383.7099609375,5179820000.0,-0.0013151792642314,0.0729162124056399
2017-03-20,2373.469970703125,2379.550048828125,2369.659912109375,2378.239990234375,3061560000.0,-0.0020119160803802,0.0750639787421818
2017-03-21,2344.02001953125,2381.929931640625,2341.89990234375,2379.320068359375,4278890000.0,-0.0124855945901021,0.1170056170300881
2017-03-22,2348.449951171875,2351.81005859375,2336.449951171875,2343.0,3575160000.0,0.0018881028474626,0.0867691782847396
2017-03-23,2345.9599609375,2358.919921875,2342.1298828125,2345.969970703125,3262400000.0,-0.00106083214483,0.0874703081353746
2017-03-24,2343.97998046875,2356.219970703125,2335.739990234375,2350.419921875,2978530000.0,-0.0008443522139384,0.0881022419688773
2017-03-27,2341.590087890625,2344.89990234375,2322.25,2329.110107421875,3242300000.0,-0.0010201075858456,0.0890108385812593
2017-03-28,2358.570068359375,2363.780029296875,2337.6298828125,2339.7900390625,3369120000.0,0.0072253088296239,0.0566779789841769
2017-03-29,2361.1298828125,2363.360107421875,2352.93994140625,2356.5400390625,3107670000.0,0.0010847362038301,0.0563833056377685
2017-03-30,2368.06005859375,2370.419921875,2358.580078125,2361.31005859375,3159680000.0,0.002930810911705,0.0539158573528117
2017-03-31,2362.719970703125,2370.35009765625,2362.60009765625,2364.820068359375,3356740000.0,-0.0022575939382668,0.0590919771112308
2017-04-03,2358.840087890625,2365.8701171875,2344.72998046875,2362.340087890625,3418730000.0,-0.0016434753080133,0.0609644352070043
2017-04-04,2360.159912109375,2360.530029296875,2350.719970703125,2354.760009765625,3208340000.0,0.0005593660746613,0.0334742559433902
2017-04-05,2352.949951171875,2378.360107421875,2350.52001953125,2366.590087890625,3780650000.0,-0.0030595368115221,0.0386017264769825
2017-04-07,2355.5400390625,2363.760009765625,2350.739990234375,2356.590087890625,3054700000.0,-0.0008274724629448,0.0306615139069024
2017-04-10,2357.159912109375,2366.3701171875,2351.5,2357.159912109375,2792570000.0,0.0006874501357832,0.0301670437518349
2017-04-11,2353.780029296875,2355.219970703125,2337.25,2353.919921875,3120900000.0,-0.0014349082919582,0.0305635704742215
2017-04-12,2344.929931640625,2352.719970703125,2341.179931640625,2352.14990234375,3201300000.0,-0.0037670374189869,0.0344070149464657
2017-04-13,2328.949951171875,2348.260009765625,2328.949951171875,2341.97998046875,3146380000.0,-0.0068380202898042,0.0466173846824956
2017-04-14,2328.949951171875,2348.260009765625,2328.949951171875,2341.97998046875,3146380000.0,-0.0068380202898042,0.0466173846824956
2017-04-17,2349.010009765625,2349.139892578125,2332.510009765625,2332.6201171875,2826890000.0,0.0085764656911072,0.092391515996595
2017-04-18,2342.18994140625,2348.35009765625,2334.5400390625,2342.530029296875,3272210000.0,-0.0029076028458332,0.092869188725294
2017-04-19,2338.169921875,2352.6298828125,2335.050048828125,2346.7900390625,3521160000.0,-0.0017178253968685,0.0929217329692343
2017-04-20,2355.840087890625,2361.3701171875,2340.909912109375,2342.68994140625,3648990000.0,0.0075288503629738,0.1076935214872178
2017-04-21,2348.68994140625,2356.179931640625,2344.510009765625,2354.739990234375,3524160000.0,-0.0030396881071153,0.0927799255756435
2017-04-24,2374.14990234375,2376.97998046875,2369.18994140625,2370.330078125,3711170000.0,0.0107817365881118,0.1037654437332449
2017-04-25,2388.610107421875,2392.47998046875,2381.14990234375,2381.510009765625,4005820000.0,0.0060722142117511,0.0955644918090534
2017-04-26,2387.449951171875,2398.159912109375,2386.780029296875,2388.97998046875,4111350000.0,-0.0004858214756873,0.0912858812770438
2017-04-27,2388.77001953125,2392.10009765625,2382.679931640625,2389.699951171875,4099940000.0,0.0005527670002992,0.0885141970161022
2017-04-28,2384.199951171875,2393.679931640625,2382.360107421875,2393.679931640625,3721350000.0,-0.00191497947149,0.0841089948145544
2017-05-03,2388.1298828125,2389.820068359375,2379.75,2386.5,3896760000.0,-0.0012721693958273,0.0250780758171688
2017-05-04,2389.52001953125,2391.429931640625,2380.35009765625,2389.7900390625,4367860000.0,0.0005819332878695,0.0251152316685298
2017-05-05,2399.2900390625,2399.2900390625,2389.3798828125,2392.3701171875,3543240000.0,0.0040803594074783,0.0307949556658437
2017-05-08,2399.3798828125,2401.360107421875,2393.919921875,2399.93994140625,3429990000.0,3.7445271907879016e-05,0.0315086266538077
2017-05-09,2396.919921875,2403.8701171875,2392.43994140625,2401.580078125,3657840000.0,-0.0010257745567932,0.0341452203872372
2017-05-10,2399.6298828125,2399.739990234375,2392.7900390625,2396.7900390625,3649370000.0,0.0011299627174494,0.0304348610606093
2017-05-11,2394.43994140625,2395.719970703125,2381.739990234375,2394.840087890625,3727710000.0,-0.0021651513741066,0.0379177543664109
2017-05-12,2390.89990234375,2392.43994140625,2387.18994140625,2392.43994140625,3304620000.0,-0.0014795353407942,0.0206262645848948
2017-05-15,2402.320068359375,2404.050048828125,2393.93994140625,2393.97998046875,3490080000.0,0.0047651423030152,0.0446272518401373
2017-05-16,2400.669921875,2405.77001953125,2396.050048828125,2404.550048828125,3421810000.0,-0.000687133036986,0.0440811973148799
2017-05-17,2357.030029296875,2384.8701171875,2356.2099609375,2382.949951171875,4164760000.0,-0.018345468171115,0.1380358629440732
2017-05-18,2365.719970703125,2375.739990234375,2352.719970703125,2354.68994140625,4319440000.0,0.0036800386272159,0.1477149103478765
2017-05-19,2381.72998046875,2389.06005859375,2370.429931640625,2371.3701171875,3831700000.0,0.0067447032082007,0.161852917206917
2017-05-22,2394.02001953125,2395.4599609375,2386.919921875,2387.2099609375,3176580000.0,0.0051468632960084,0.1626956159932878
2017-05-23,2398.419921875,2400.85009765625,2393.8798828125,2397.0400390625,3216560000.0,0.0018361851723804,0.1636837737459819
2017-05-24,2404.389892578125,2405.580078125,2397.989990234375,2401.409912109375,3389240000.0,0.0024860338045762,0.0316725275139202
2017-05-25,2415.070068359375,2418.7099609375,2408.010009765625,2409.5400390625,3538210000.0,0.0044321120419781,0.0316756736041339
2017-05-26,2415.820068359375,2416.679931640625,2412.199951171875,2414.5,2806930000.0,0.0003105017853024,0.0311356014354733
2017-05-29,2415.820068359375,2416.679931640625,2412.199951171875,2414.5,2806930000.0,0.0003105017853024,0.0311356014354733
2017-05-30,2412.909912109375,2415.260009765625,2409.429931640625,2411.669921875,3205860000.0,-0.0012053507295338,0.0340382795897193
2017-05-31,2411.800048828125,2415.989990234375,2403.590087890625,2415.6298828125,4518040000.0,-0.0004600746199513,0.036713590415252
2017-06-01,2430.06005859375,2430.06005859375,2413.5400390625,2415.64990234375,3860620000.0,0.0075425955848472,0.0592585794534958
2017-06-02,2439.070068359375,2440.22998046875,2427.7099609375,2431.280029296875,3465500000.0,0.003700874618046,0.0576703089608161
2017-06-05,2436.10009765625,2439.550048828125,2434.320068359375,2437.830078125,2916720000.0,-0.0012184071404286,0.0613583959688828
2017-06-06,2429.330078125,2436.2099609375,2428.1201171875,2431.919921875,3376750000.0,-0.002782908666204,0.0667997447870821
2017-06-07,2433.139892578125,2435.280029296875,2424.75,2432.030029296875,3576220000.0,0.0015670287963475,0.0648486544220859
2017-06-08,2433.7900390625,2439.27001953125,2427.93994140625,2434.27001953125,3735980000.0,0.0002671690356647,0.0396720167169996
2017-06-09,2431.77001953125,2446.199951171875,2415.699951171875,2436.389892578125,4029860000.0,-0.0008303338661872,0.0259009585922664
2017-06-12,2429.389892578125,2430.3798828125,2419.969970703125,2425.8798828125,4031840000.0,-0.0009792424797181,0.0255947577081352
2017-06-13,2440.35009765625,2441.489990234375,2431.280029296875,2434.14990234375,3278240000.0,0.0045013588432301,0.0357975085002977
2017-06-14,2437.919921875,2443.75,2428.340087890625,2443.75,3558640000.0,-0.0009963269653176,0.0374014567144989
2017-06-15,2432.4599609375,2433.949951171875,2418.530029296875,2424.139892578125,3371980000.0,-0.0022421097968403,0.0419028069303545
2017-06-16,2433.14990234375,2433.14990234375,2422.8798828125,2431.239990234375,5299380000.0,0.0002835991500596,0.041438956597222
2017-06-19,2453.4599609375,2453.820068359375,2441.7900390625,2442.550048828125,3271480000.0,0.0083125832068939,0.0692049508097932
2017-06-20,2437.030029296875,2450.659912109375,2436.60009765625,2450.659912109375,3422700000.0,-0.0067191604469316,0.0869394271155201
2017-06-21,2435.610107421875,2442.22998046875,2430.739990234375,2439.31005859375,3599190000.0,-0.0005828141932715,0.0867718701167978
2017-06-22,2434.5,2441.6201171875,2433.27001953125,2437.39990234375,3477250000.0,-0.000455885972438,0.08501889538456
2017-06-23,2438.300048828125,2441.39990234375,2431.110107421875,2434.64990234375,5282460000.0,0.001559698555409,0.085609149129013
2017-06-26,2439.070068359375,2450.419921875,2437.030029296875,2443.320068359375,3243660000.0,0.0003157519397323,0.0510127937834472
2017-06-27,2419.3798828125,2440.14990234375,2419.3798828125,2436.340087890625,3564770000.0,-0.0081055865756729,0.0605593234684055
2017-06-28,2440.68994140625,2442.969970703125,2428.02001953125,2428.699951171875,3479980000.0,0.008769501646551,0.0954045727293675
2017-06-29,2419.699951171875,2442.72998046875,2405.699951171875,2442.3798828125,3869560000.0,-0.0086372168441413,0.1156503953123739
2017-06-30,2423.409912109375,2432.7099609375,2421.64990234375,2429.199951171875,3366030000.0,0.0015320576108735,0.1156087060697025
2017-07-03,2429.010009765625,2439.169921875,2428.68994140625,2431.389892578125,1901480000.0,0.0023081679791475,0.118119722248233
2017-07-04,2429.010009765625,2439.169921875,2428.68994140625,2431.389892578125,1901480000.0,0.0023081679791475,0.118119722248233
2017-07-05,2432.5400390625,2434.89990234375,2422.050048828125,2430.780029296875,3368150000.0,0.0014522240362887,0.0989466874035648
2017-07-06,2409.75,2424.280029296875,2407.699951171875,2423.43994140625,3368710000.0,-0.0094129873068661,0.0940615091239432
2017-07-07,2425.179931640625,2426.919921875,2413.52001953125,2413.52001953125,2929390000.0,0.0063827125696158,0.0932766337946784
2017-07-10,2427.429931640625,2432.0,2422.27001953125,2424.510009765625,3009880000.0,0.0009273361035125,0.0929338439057514
2017-07-11,2425.530029296875,2429.300048828125,2412.7900390625,2427.35009765625,3108800000.0,-0.0007829870660821,0.0913695583681918
2017-07-12,2443.25,2445.760009765625,2435.75,2435.75,3176900000.0,0.0072790509478214,0.1064719951269103
2017-07-13,2447.830078125,2449.320068359375,2441.68994140625,2444.989990234375,3068510000.0,0.001872829473473,0.0558651138935118
2017-07-14,2459.27001953125,2463.5400390625,2446.68994140625,2449.159912109375,2738460000.0,0.0046626161700092,0.0506588410950364
2017-07-17,2459.139892578125,2462.820068359375,2457.159912109375,2459.5,2800580000.0,-5.291423670686425e-05,0.0533387858224061
2017-07-18,2460.610107421875,2460.919921875,2450.340087890625,2455.8798828125,2974090000.0,0.0005976786981109,0.0485111081907058
2017-07-19,2473.830078125,2473.830078125,2463.85009765625,2463.85009765625,3063810000.0,0.0053582582160534,0.03837506877705
2017-07-20,2473.449951171875,2477.6201171875,2468.429931640625,2475.56005859375,3223820000.0,-0.000153671088607,0.0428558358102958
2017-07-21,2472.5400390625,2472.5400390625,2465.06005859375,2467.39990234375,3066880000.0,-0.0003679393292088,0.0384264960897173
2017-07-24,2469.909912109375,2473.10009765625,2466.320068359375,2472.0400390625,3019920000.0,-0.0010643009954088,0.0408906933020587
2017-07-25,2477.1298828125,2481.239990234375,2474.909912109375,2477.8798828125,4116360000.0,0.002918907519898,0.043160058900285
2017-07-26,2477.830078125,2481.68994140625,2474.93994140625,2479.969970703125,3597830000.0,0.0002826240061194,0.0242957547620325
2017-07-27,2475.419921875,2484.0400390625,2459.929931640625,2482.760009765625,4035740000.0,-0.0009731616373937,0.0259492278948521
2017-07-28,2472.10009765625,2473.530029296875,2464.659912109375,2469.1201171875,3302850000.0,-0.001342015678116,0.0280336243353868
2017-07-31,2470.300048828125,2477.9599609375,2468.530029296875,2475.93994140625,3475930000.0,-0.0007284108345598,0.0273501925666956
2017-08-01,2476.35009765625,2478.510009765625,2471.139892578125,2477.10009765625,3470260000.0,0.0024461207749384,0.0242342312403091
2017-08-02,2477.570068359375,2480.3798828125,2466.47998046875,2480.3798828125,3487150000.0,0.0004925274073474,0.0244675036614814
2017-08-03,2472.159912109375,2476.030029296875,2468.85009765625,2476.030029296875,3662410000.0,-0.0021860418349456,0.0286062061040445
2017-08-04,2476.830078125,2480.0,2472.080078125,2476.8798828125,3239980000.0,0.0018873214175395,0.030084866743269
2017-08-07,2480.909912109375,2480.949951171875,2475.8798828125,2477.139892578125,2935130000.0,0.0016458446442804,0.0292733917020296
2017-08-08,2474.919921875,2490.8701171875,2470.320068359375,2478.35009765625,3347480000.0,-0.0024173522303853,0.0327924772547161
2017-08-09,2474.02001953125,2474.409912109375,2462.080078125,2465.35009765625,3310960000.0,-0.0003636747927123,0.0323526611694308
2017-08-10,2438.2099609375,2465.3798828125,2437.75,2465.3798828125,3635820000.0,-0.0145802184007415,0.1084201724592593
2017-08-11,2441.320068359375,2448.090087890625,2437.85009765625,2441.0400390625,3161830000.0,0.0012747571279871,0.1068396813648711
2017-08-14,2465.840087890625,2468.219970703125,2454.9599609375,2454.9599609375,2824320000.0,0.0099936512460494,0.1403418182818394
2017-08-15,2464.610107421875,2468.89990234375,2461.610107421875,2468.659912109375,2922430000.0,-0.0004989323268834,0.1399697948981547
2017-08-16,2468.110107421875,2474.929931640625,2463.860107421875,2468.6298828125,2956570000.0,0.0014190955233323,0.140916909719265
2017-08-17,2430.010009765625,2465.02001953125,2430.010009765625,2462.949951171875,3164950000.0,-0.0155573424871914,0.1471118185357853
2017-08-18,2425.550048828125,2440.27001953125,2420.68994140625,2427.639892578125,3426970000.0,-0.0018370536613519,0.1461709294119535
2017-08-21,2428.3701171875,2430.580078125,2417.35009765625,2425.5,2803650000.0,0.0011619757145661,0.112844634578609
2017-08-22,2452.510009765625,2454.77001953125,2433.669921875,2433.75,2780990000.0,0.009891695260625,0.1467363718627238
2017-08-23,2444.0400390625,2448.909912109375,2441.419921875,2444.8798828125,2796950000.0,-0.003459570132639,0.1457866269781048
2017-08-24,2438.969970703125,2450.389892578125,2436.18994140625,2447.909912109375,2849680000.0,-0.0020766167471384,0.0855393101623312
2017-08-25,2443.050048828125,2453.9599609375,2442.219970703125,2444.719970703125,2593350000.0,0.0016714716689374,0.0824613018853267
2017-08-28,2444.239990234375,2449.1201171875,2439.030029296875,2447.35009765625,2682920000.0,0.000486953473296,0.0827423120169897
2017-08-29,2446.300048828125,2449.18994140625,2428.199951171875,2431.93994140625,2739460000.0,0.0008424667620097,0.034356584926124
2017-08-30,2457.590087890625,2460.31005859375,2443.77001953125,2446.06005859375,2637780000.0,0.004604531788061,0.0381823993543505
2017-08-31,2471.64990234375,2475.010009765625,2462.64990234375,2462.64990234375,3353860000.0,0.0057046735847135,0.037274655430208
2017-09-01,2476.550048828125,2480.3798828125,2473.85009765625,2474.419921875,2712780000.0,0.0019805780423351,0.0368189656259733
2017-09-05,2457.85009765625,2471.969970703125,2446.550048828125,2470.35009765625,3502190000.0,-0.0075794585521449,0.0831174687829928
2017-09-06,2465.5400390625,2469.639892578125,2459.199951171875,2463.830078125,3400200000.0,0.0031238424931441,0.0842244942551621
2017-09-07,2465.10009765625,2468.6201171875,2460.2900390625,2468.06005859375,3365780000.0,-0.0001784520448537,0.0801004114801814
2017-09-08,2461.429931640625,2467.110107421875,2459.39990234375,2462.25,3308360000.0,-0.0014899601434577,0.0663829060254432
2017-09-11,2488.110107421875,2488.949951171875,2474.52001953125,2474.52001953125,3293460000.0,0.010780975197147,0.1068881450084162
2017-09-12,2496.47998046875,2496.77001953125,2490.3701171875,2491.93994140625,3234280000.0,0.0033583025948831,0.0756661613321268
2017-09-13,2498.3701171875,2498.3701171875,2492.139892578125,2493.889892578125,3371370000.0,0.0007568342480825,0.0775002181421124
2017-09-14,2495.6201171875,2498.429931640625,2491.35009765625,2494.56005859375,3422470000.0,-0.0011013238508279,0.0798598028831748
2017-09-15,2500.22998046875,2500.22998046875,2493.159912109375,2495.669921875,4862970000.0,0.0018454775461593,0.0726488747590186
2017-09-18,2503.8701171875,2508.320068359375,2499.919921875,2502.510009765625,3204700000.0,0.0014548619291293,0.0258571990359014
2017-09-19,2506.64990234375,2507.840087890625,2503.18994140625,2506.2900390625,3253760000.0,0.0011095796167313,0.01815835968068
2017-09-20,2508.239990234375,2508.85009765625,2496.669921875,2506.840087890625,3584570000.0,0.0006341467023094,0.0182031379812597
2017-09-21,2500.60009765625,2507.159912109375,2499.0,2507.159912109375,2965590000.0,-0.0030505659469148,0.0314167538414955
2017-09-22,2502.219970703125,2503.469970703125,2496.5400390625,2497.260009765625,2877980000.0,0.000647583995167,0.0289993978017636
2017-09-25,2496.659912109375,2502.5400390625,2488.030029296875,2499.389892578125,3314530000.0,-0.0022245226998538,0.0303737586987237
2017-09-26,2496.840087890625,2503.510009765625,2495.1201171875,2501.0400390625,3070770000.0,7.216412589487934e-05,0.0275023459242428
2017-09-27,2507.0400390625,2511.75,2495.909912109375,2503.300048828125,3485070000.0,0.0040768224019879,0.0443732332049544
2017-09-28,2510.06005859375,2510.81005859375,2502.929931640625,2503.409912109375,3173030000.0,0.001203890628938,0.0360174403595621
2017-09-29,2519.360107421875,2519.43994140625,2507.989990234375,2509.9599609375,3220260000.0,0.0036982630684988,0.0415325113687111
2017-10-02,2529.1201171875,2529.22998046875,2520.39990234375,2521.199951171875,3226370000.0,0.0038665188297123,0.028978016993887
2017-10-03,2534.580078125,2535.1298828125,2528.85009765625,2530.340087890625,3073480000.0,0.0021565111846609,0.019978328513446
2017-10-04,2537.739990234375,2540.530029296875,2531.800048828125,2533.47998046875,3020770000.0,0.0012459436611136,0.0204715274308133
2017-10-05,2552.070068359375,2552.510009765625,2540.02001953125,2540.860107421875,3059730000.0,0.0056309040312927,0.026843246495422
2017-10-06,2549.330078125,2549.409912109375,2543.7900390625,2547.43994140625,2898270000.0,-0.0010742111652397,0.0405069229355308
2017-10-09,2544.72998046875,2551.820068359375,2541.60009765625,2551.389892578125,2486940000.0,-0.0018060638680135,0.0467919157725869
2017-10-10,2550.639892578125,2555.22998046875,2544.860107421875,2549.989990234375,2962610000.0,0.002319719630478,0.0470092142422278
2017-10-11,2555.239990234375,2555.239990234375,2547.949951171875,2550.6201171875,2991320000.0,0.0018018829296635,0.0471617472287206
2017-10-12,2550.929931640625,2555.330078125,2548.31005859375,2552.8798828125,3157280000.0,-0.0016881771203513,0.0316035145733486
2017-10-13,2553.169921875,2557.64990234375,2552.090087890625,2555.659912109375,3150470000.0,0.0008777220048463,0.0307992357746946
2017-10-16,2557.639892578125,2559.469970703125,2552.639892578125,2555.570068359375,2918030000.0,0.0017492225323057,0.0253328122312372
2017-10-17,2559.360107421875,2559.7099609375,2554.68994140625,2557.169921875,2901890000.0,0.0006723529054339,0.022518927558858
2017-10-18,2561.260009765625,2564.110107421875,2559.669921875,2562.8701171875,2999320000.0,0.0007420595113295,0.0203530399348486
2017-10-19,2562.10009765625,2562.360107421875,2547.919921875,2553.389892578125,3019520000.0,0.0003279441150104,0.0084085273323422
2017-10-20,2575.2099609375,2575.43994140625,2567.56005859375,2567.56005859375,3394450000.0,0.0051037961850303,0.0311911639581196
2017-10-23,2564.97998046875,2578.2900390625,2564.330078125,2578.080078125,3214470000.0,-0.0039803953129971,0.0510458786017729
2017-10-24,2569.1298828125,2572.179931640625,2565.580078125,2568.659912109375,3435660000.0,0.001616600874558,0.0515986539455634
2017-10-25,2557.14990234375,2567.39990234375,2544.0,2566.52001953125,3885470000.0,-0.0046739556872599,0.0644548205244116
2017-10-26,2560.39990234375,2567.070068359375,2559.800048828125,2560.080078125,3891750000.0,0.0012701392506023,0.0653928893101841
2017-10-27,2581.070068359375,2582.97998046875,2565.93994140625,2570.260009765625,3896100000.0,0.008040609979727,0.0815392688733941
2017-10-30,2572.830078125,2580.030029296875,2568.25,2577.75,3660230000.0,-0.0031975773767407,0.0790069090336327
2017-10-31,2575.260009765625,2578.2900390625,2572.14990234375,2575.989990234375,3844420000.0,0.0009440129366793,0.0786109691292305
2017-11-01,2579.360107421875,2588.39990234375,2574.919921875,2583.2099609375,3841200000.0,0.0015908441079038,0.0639692580971619
2017-11-02,2579.85009765625,2581.110107421875,2566.169921875,2579.4599609375,4050140000.0,0.0001899477696667,0.0649107747555417
2017-11-03,2587.840087890625,2588.419921875,2576.77001953125,2581.929931640625,3568710000.0,0.0030922893263143,0.0371209051180634
2017-11-06,2591.1298828125,2593.3798828125,2585.659912109375,2587.469970703125,3541970000.0,0.0012704438847764,0.0170006778999175
2017-11-07,2590.639892578125,2597.02001953125,2584.35009765625,2592.110107421875,3815190000.0,-0.0001891208050819,0.0205265530635454
2017-11-08,2594.3798828125,2595.469970703125,2585.02001953125,2588.7099609375,3898450000.0,0.0014426139320604,0.0203709760269659
2017-11-09,2584.6201171875,2586.5,2566.330078125,2584.0,3844100000.0,-0.0037689813393701,0.0411023627804326
2017-11-10,2582.300048828125,2583.81005859375,2575.570068359375,2580.179931640625,3489740000.0,-0.0008980469760537,0.0335099448861164
2017-11-13,2584.840087890625,2587.659912109375,2574.47998046875,2576.530029296875,3405200000.0,0.000983150911293,0.0326431015407045
2017-11-14,2578.8701171875,2579.659912109375,2566.56005859375,2577.75,3643580000.0,-0.0023122805602819,0.0348328069700056
2017-11-15,2564.6201171875,2572.840087890625,2557.449951171875,2569.449951171875,3586590000.0,-0.0055409987421236,0.040007543932921
2017-11-16,2585.639892578125,2590.090087890625,2572.949951171875,2572.949951171875,3329730000.0,0.0081626527829724,0.0811077685044463
2017-11-17,2578.85009765625,2583.9599609375,2577.6201171875,2582.93994140625,3309800000.0,-0.0026294169788973,0.0833227089715638
2017-11-20,2582.139892578125,2584.639892578125,2578.239990234375,2579.489990234375,3023940000.0,0.0012748698887901,0.083623729092802
2017-11-21,2599.030029296875,2601.18994140625,2589.169921875,2589.169921875,3351230000.0,0.0065198388797526,0.0926491034256078
2017-11-22,2597.080078125,2600.93994140625,2595.22998046875,2600.31005859375,2764110000.0,-0.0007505427033295,0.0738639985945265
2017-11-23,2597.080078125,2600.93994140625,2595.22998046875,2600.31005859375,2764110000.0,-0.0007505427033295,0.0738639985945265
2017-11-24,2602.419921875,2604.2099609375,2600.419921875,2600.419921875,1385890000.0,0.0020539842782319,0.0546811067187445
2017-11-27,2601.419921875,2606.409912109375,2598.8701171875,2602.659912109375,3017720000.0,-0.0003843315868032,0.0461981872280156
2017-11-28,2627.0400390625,2627.68994140625,2605.43994140625,2605.93994140625,3493340000.0,0.0098003321967936,0.0727661036252392
2017-11-29,2626.070068359375,2634.889892578125,2620.320068359375,2627.820068359375,4090630000.0,-0.0003692938827907,0.070854231044808
2017-11-30,2647.580078125,2657.739990234375,2633.929931640625,2633.929931640625,4965700000.0,0.0081575866628111,0.076510936756185
2017-12-01,2642.219970703125,2650.6201171875,2605.52001953125,2645.10009765625,3950930000.0,-0.0020265829358053,0.0872777784486595
2017-12-04,2639.43994140625,2665.18994140625,2639.030029296875,2657.18994140625,4025840000.0,-0.0010527105492864,0.089038941195211
2017-12-05,2629.570068359375,2648.719970703125,2627.72998046875,2639.780029296875,3547570000.0,-0.0037463905259553,0.0734991235121872
2017-12-06,2629.27001953125,2634.409912109375,2624.75,2626.239990234375,3253080000.0,-0.0001141121705303,0.0733984951471413
2017-12-07,2636.97998046875,2640.989990234375,2626.530029296875,2628.3798828125,3297060000.0,0.0029280670101093,0.0393822862725293
2017-12-08,2651.5,2651.64990234375,2644.10009765625,2646.2099609375,3126750000.0,0.0054912020355181,0.0569190512085898
2017-12-11,2659.989990234375,2660.330078125,2651.469970703125,2652.18994140625,3141480000.0,0.0031968421216958,0.0566640145648203
2017-12-12,2664.110107421875,2669.719970703125,2659.780029296875,2661.72998046875,3568910000.0,0.0015477237220895,0.0330099059078715
2017-12-13,2662.85009765625,2671.8798828125,2662.85009765625,2667.590087890625,3568360000.0,-0.0004730689701501,0.0349192365457602
2017-12-14,2652.010009765625,2668.090087890625,2652.010009765625,2665.8701171875,3442760000.0,-0.0040791677307626,0.0578774664332976
2017-12-15,2675.81005859375,2679.6298828125,2659.139892578125,2660.6298828125,5736910000.0,0.0089343134101427,0.0763964245919494
2017-12-18,2690.159912109375,2694.969970703125,2685.919921875,2685.919921875,3727770000.0,0.0053484785795975,0.080259381465757
2017-12-19,2681.469970703125,2694.43994140625,2680.739990234375,2692.7099609375,3407680000.0,-0.0032354980431185,0.0895619407620447
2017-12-20,2679.25,2691.010009765625,2676.110107421875,2688.179931640625,3246230000.0,-0.0008282360735725,0.0900388879455077
2017-12-21,2684.570068359375,2692.639892578125,2682.39990234375,2683.02001953125,3293130000.0,0.0019836870126583,0.0768464821812374
2017-12-22,2683.340087890625,2685.35009765625,2678.1298828125,2684.219970703125,2401030000.0,-0.0004582716381137,0.0516386987138968
2017-12-25,2683.340087890625,2685.35009765625,2678.1298828125,2684.219970703125,2401030000.0,-0.0004582716381137,0.0516386987138968
2017-12-26,2680.5,2682.739990234375,2677.9599609375,2679.090087890625,1970660000.0,-0.0010589757000585,0.0295205816987308
2017-12-27,2682.6201171875,2685.639892578125,2678.909912109375,2682.10009765625,2202900000.0,0.0007906283102422,0.0202994324297373
2017-12-28,2687.5400390625,2687.659912109375,2682.68994140625,2686.10009765625,2174890000.0,0.0018323190029195,0.0215040706834734
2017-12-29,2673.610107421875,2692.1201171875,2673.610107421875,2689.14990234375,2447760000.0,-0.0051966322927482,0.0427226113895932
2018-01-02,2695.81005859375,2695.889892578125,2682.360107421875,2683.72998046875,3397430000.0,0.0082690782183981,0.0778447100429392
2018-01-03,2713.06005859375,2714.3701171875,2697.77001953125,2697.85009765625,3544030000.0,0.006378433243936,0.0835842516311907
2018-01-04,2723.989990234375,2729.2900390625,2719.070068359375,2719.31005859375,3697340000.0,0.0040205428553269,0.082771635692883
2018-01-05,2743.14990234375,2743.449951171875,2727.919921875,2731.330078125,3239280000.0,0.0070091458885853,0.0860265092246353
2018-01-08,2747.7099609375,2748.510009765625,2737.60009765625,2742.669921875,3246160000.0,0.0016609637672969,0.0417281564377231
2018-01-09,2751.2900390625,2759.139892578125,2747.860107421875,2751.14990234375,3467460000.0,0.0013020835172984,0.041573799691746
2018-01-10,2748.22998046875,2750.800048828125,2736.06005859375,2745.550048828125,3579900000.0,-0.0011128458115206,0.0488042533090534
2018-01-11,2767.56005859375,2767.56005859375,2752.780029296875,2752.969970703125,3645690000.0,0.007009025768882,0.0581027389529907
2018-01-12,2786.239990234375,2787.85009765625,2769.639892578125,2770.179931640625,3587220000.0,0.006726926399094,0.0569522123147065
2018-01-15,2786.239990234375,2787.85009765625,2769.639892578125,2770.179931640625,3587220000.0,0.006726926399094,0.0569522123147065
2018-01-16,2776.419921875,2807.5400390625,2768.639892578125,2798.9599609375,4362880000.0,-0.0035307132616026,0.0745293924847929
2018-01-17,2802.56005859375,2807.0400390625,2778.3798828125,2784.989990234375,3790340000.0,0.009371006206502,0.0897010405923867
2018-01-18,2798.030029296875,2805.830078125,2792.56005859375,2802.39990234375,3703300000.0,-0.0016176974974736,0.09145932532873
2018-01-19,2810.300048828125,2810.330078125,2798.080078125,2802.60009765625,3724230000.0,0.0043756479869901,0.0870656724490887
2018-01-22,2832.969970703125,2833.030029296875,2808.1201171875,2809.159912109375,3489480000.0,0.0080343643822132,0.0909386311471148
2018-01-23,2839.1298828125,2842.239990234375,2830.590087890625,2835.050048828125,3541140000.0,0.0021720049682223,0.0705810042440761
2018-01-24,2837.5400390625,2852.969970703125,2824.81005859375,2845.419921875,4079270000.0,-0.000560132547232,0.0617744970458234
2018-01-25,2839.25,2848.56005859375,2830.93994140625,2846.239990234375,3873100000.0,0.0006024393988328,0.0540184930098768
2018-01-26,2872.8701171875,2872.8701171875,2846.179931640625,2847.47998046875,3474680000.0,0.0117716381060841,0.083826538485481
2018-01-29,2853.530029296875,2870.6201171875,2851.47998046875,2867.22998046875,3587420000.0,-0.006754736284863,0.1062329974927803
2018-01-30,2822.429931640625,2837.75,2818.27001953125,2832.739990234375,4012070000.0,-0.010958642805337,0.1370195792483128
2018-01-31,2823.81005859375,2839.260009765625,2813.0400390625,2832.409912109375,4276270000.0,0.0004888658586947,0.1375199637029384
2018-02-01,2821.97998046875,2835.9599609375,2812.699951171875,2816.449951171875,3977380000.0,-0.0006482983520233,0.1369042157621884
2018-02-02,2762.1298828125,2808.919921875,2759.969970703125,2808.919921875,4340220000.0,-0.0214366805166988,0.1412879430886085
2018-02-05,2648.93994140625,2763.389892578125,2638.169921875,2741.06005859375,5310840000.0,-0.0418425409383814,0.2777005802441611
2018-02-06,2695.139892578125,2701.0400390625,2593.070068359375,2614.780029296875,5917350000.0,0.017290573348937,0.362344434862037
2018-02-07,2681.659912109375,2727.669921875,2681.330078125,2690.949951171875,4646300000.0,-0.0050141382237526,0.3550791021690926
2018-02-08,2581.0,2685.27001953125,2580.56005859375,2685.010009765625,5333840000.0,-0.0382590522458017,0.3892213513534642
2018-02-09,2619.550048828125,2638.669921875,2532.68994140625,2601.780029296875,5690110000.0,0.0148256451995243,0.4487651288483533
2018-02-12,2656.0,2672.610107421875,2622.449951171875,2636.75,4069220000.0,0.0138186656781862,0.3720531323881955
2018-02-13,2662.93994140625,2668.840087890625,2637.080078125,2646.27001953125,3503540000.0,0.0026095219802775,0.3439285081485593
2018-02-21,2701.330078125,2747.75,2701.2900390625,2720.530029296875,3789040000.0,-0.0055116644833109,0.1474358748876347
2018-02-22,2703.9599609375,2731.260009765625,2697.77001953125,2710.419921875,3720620000.0,0.0009730774855778,0.1147291543342868
2018-02-23,2747.300048828125,2747.760009765625,2713.739990234375,2715.800048828125,3200360000.0,0.015901278245121,0.1401388324701416
2018-02-26,2779.60009765625,2780.639892578125,2753.780029296875,2757.3701171875,3436590000.0,0.0116884386206273,0.1579494803001374
2018-02-27,2744.280029296875,2789.14990234375,2744.219970703125,2780.449951171875,3752070000.0,-0.0127883114414675,0.1883775405679987
2018-02-28,2713.830078125,2761.52001953125,2713.5400390625,2753.780029296875,4244570000.0,-0.011157806083656,0.2060924349060394
2018-03-01,2677.669921875,2730.889892578125,2659.64990234375,2715.219970703125,4514490000.0,-0.0134139658548764,0.229817463302409
2018-03-02,2691.25,2696.25,2647.320068359375,2658.889892578125,3891250000.0,0.0050587854851985,0.1853318948681629
2018-03-05,2720.93994140625,2728.090087890625,2675.75,2681.06005859375,3733640000.0,0.0109716176105265,0.1815096875635771
2018-03-06,2728.1201171875,2732.080078125,2711.260009765625,2730.179931640625,3389030000.0,0.0026353829319968,0.168443401631487
2018-03-07,2726.800048828125,2730.60009765625,2701.739990234375,2710.179931640625,3406690000.0,-0.0004839918257163,0.1438670217787629
2018-03-08,2738.969970703125,2740.449951171875,2722.64990234375,2732.75,3206040000.0,0.0044531482088846,0.0666491171386921
2018-03-09,2786.570068359375,2786.570068359375,2751.5400390625,2752.909912109375,3376870000.0,0.0172295467412075,0.1127973689149678
2018-03-12,2783.02001953125,2796.97998046875,2779.260009765625,2790.5400390625,3216960000.0,-0.0012747973379984,0.1187165144324677
2018-03-13,2765.31005859375,2801.89990234375,2758.679931640625,2792.31005859375,3324290000.0,-0.0063839104143147,0.1425693394739612
2018-03-14,2749.47998046875,2777.110107421875,2744.3798828125,2774.06005859375,3394630000.0,-0.0057409698251887,0.1543799541309086
2018-03-15,2747.330078125,2763.030029296875,2741.469970703125,2754.27001953125,3543710000.0,-0.0007822363990965,0.1528719468818466
2018-03-16,2752.010009765625,2761.85009765625,2749.969970703125,2750.570068359375,5429140000.0,0.0017019979472317,0.0548171747839266
2018-03-19,2712.919921875,2741.3798828125,2694.590087890625,2741.3798828125,3327460000.0,-0.0143060405413734,0.0977670860627234
2018-03-20,2716.93994140625,2724.219970703125,2710.050048828125,2715.050048828125,3272590000.0,0.0014807086617189,0.1067974088784357
2018-03-21,2711.929931640625,2739.139892578125,2709.7900390625,2714.989990234375,3434780000.0,-0.0018456921256294,0.1052849495008313
2018-03-22,2643.68994140625,2695.679931640625,2641.590087890625,2691.360107421875,3765460000.0,-0.0254848869728544,0.1889829074085588
2018-03-23,2588.260009765625,2657.669921875,2585.889892578125,2646.7099609375,3829380000.0,-0.0211898073117506,0.1871728078024463
2018-03-26,2658.550048828125,2661.360107421875,2601.81005859375,2619.35009765625,3538080000.0,0.0267950407060353,0.331097828166257
2018-03-27,2612.6201171875,2674.780029296875,2596.1201171875,2667.570068359375,3761320000.0,-0.0174272856453219,0.3383349581514791
2018-03-28,2605.0,2632.64990234375,2593.06005859375,2611.300048828125,3875720000.0,-0.0029209188994626,0.3372209886567697
2018-03-29,2640.8701171875,2659.070068359375,2609.719970703125,2614.409912109375,3572360000.0,0.0136757774938434,0.3239744867024719
2018-03-30,2640.8701171875,2659.070068359375,2609.719970703125,2614.409912109375,3572360000.0,0.0136757774938434,0.3239744867024719
2018-04-02,2581.8798828125,2638.300048828125,2553.800048828125,2633.449951171875,3635780000.0,-0.0225906823434958,0.3297892049526873
2018-04-03,2614.449951171875,2619.139892578125,2575.489990234375,2592.169921875,3395840000.0,0.012535961315741,0.264537933259507
2018-04-04,2644.68994140625,2649.860107421875,2573.610107421875,2584.0400390625,3369230000.0,0.0115001023464467,0.2466342616211914
2018-04-05,2662.840087890625,2672.080078125,2649.580078125,2657.360107421875,3230430000.0,0.0068394214016512,0.2429749870708992
2018-04-06,2604.469970703125,2656.8798828125,2586.27001953125,2645.820068359375,3312390000.0,-0.0221640670570649,0.2860979152406718
2018-04-09,2613.159912109375,2653.550048828125,2610.7900390625,2617.179931640625,3076140000.0,0.0033309949675928,0.2258309602454481
2018-04-10,2656.8701171875,2665.449951171875,2635.780029296875,2638.409912109375,3579130000.0,0.016588598996314,0.2387442229642348
2018-04-11,2642.18994140625,2661.429931640625,2639.25,2643.889892578125,3054520000.0,-0.0055406857724611,0.2320640510741036
2018-04-12,2663.989990234375,2674.719970703125,2653.830078125,2653.830078125,3045330000.0,0.008216898697657,0.2348813496575867
2018-04-13,2656.300048828125,2680.260009765625,2645.050048828125,2676.89990234375,2988540000.0,-0.0028907998267066,0.1409154388243116
2018-04-16,2677.840087890625,2686.489990234375,2665.159912109375,2670.10009765625,3020740000.0,0.008076336801563,0.1436222504903659
2018-04-17,2706.389892578125,2713.340087890625,2692.050048828125,2692.739990234375,3286190000.0,0.0106050716138667,0.1166704532636558
2018-04-18,2708.639892578125,2717.489990234375,2703.6298828125,2710.110107421875,3412030000.0,0.0008310204075532,0.0908005931011479
2018-04-19,2693.1298828125,2702.840087890625,2681.89990234375,2701.159912109375,3375120000.0,-0.0057425817958325,0.1111353283819357
2018-04-20,2670.139892578125,2693.93994140625,2660.610107421875,2692.56005859375,3428260000.0,-0.0085731771883527,0.1326877395018135
2018-04-23,2670.2900390625,2682.860107421875,2657.989990234375,2675.39990234375,3030390000.0,5.623011118453955e-05,0.1172038562630353
2018-04-24,2634.56005859375,2683.550048828125,2617.320068359375,2680.800048828125,3716020000.0,-0.0134708880064751,0.0952204824988281
2018-04-26,2666.93994140625,2676.47998046875,2647.159912109375,2651.64990234375,3690920000.0,0.0103801441873769,0.1478511877746421
2018-04-27,2669.909912109375,2677.35009765625,2659.010009765625,2675.469970703125,3234510000.0,0.0011130052713638,0.1360541814274516
2018-05-02,2635.669921875,2660.8701171875,2631.699951171875,2654.239990234375,4047020000.0,-0.0072319512014023,0.1216645160302692
2018-05-03,2629.72998046875,2637.139892578125,2594.6201171875,2628.080078125,3867530000.0,-0.002256217585064,0.0766329101709201
2018-05-04,2663.419921875,2670.929931640625,2615.320068359375,2621.449951171875,3335260000.0,0.0127298100283349,0.1357071252460969
2018-05-07,2672.6298828125,2683.35009765625,2664.699951171875,2680.340087890625,3266810000.0,0.0034519805549899,0.117932633157733
2018-05-08,2671.919921875,2676.340087890625,2655.199951171875,2670.260009765625,3745100000.0,-0.0002656766117338,0.1185717239005113
2018-05-09,2697.7900390625,2701.27001953125,2674.139892578125,2678.1201171875,3913650000.0,0.0096356479348687,0.1014710690276268
2018-05-10,2723.070068359375,2726.110107421875,2704.5400390625,2705.02001953125,3380640000.0,0.0093270116038483,0.0834612367664772
2018-05-11,2727.719970703125,2732.860107421875,2717.449951171875,2722.699951171875,2874850000.0,0.0017061392709612,0.071401471810603
2018-05-14,2730.1298828125,2742.10009765625,2725.469970703125,2738.469970703125,2994360000.0,0.0008830995101265,0.0765356968341416
2018-05-15,2711.449951171875,2718.590087890625,2701.909912109375,2718.590087890625,3291190000.0,-0.0068656550439908,0.1086939341220496
2018-05-16,2722.4599609375,2727.760009765625,2712.169921875,2712.6201171875,3248480000.0,0.0040523398475144,0.0931300409149166
2018-05-17,2720.1298828125,2731.9599609375,2711.360107421875,2719.7099609375,3478150000.0,-0.0008562387886101,0.0653314508444687
2018-05-18,2712.969970703125,2719.5,2709.179931640625,2717.35009765625,3383270000.0,-0.0026356652545503,0.0645501985994677
2018-05-21,2733.010009765625,2739.18994140625,2725.699951171875,2735.389892578125,3053480000.0,0.0073596045479333,0.0888050628281743
2018-05-22,2724.43994140625,2742.239990234375,2721.8798828125,2738.340087890625,3384140000.0,-0.0031406885928751,0.0725556176796818
2018-05-23,2733.2900390625,2733.330078125,2709.5400390625,2713.97998046875,3333160000.0,0.0032431452068987,0.0705805066004713
2018-05-24,2727.760009765625,2731.969970703125,2707.3798828125,2730.93994140625,3285750000.0,-0.0020252629577225,0.0727568921863964
2018-05-25,2721.330078125,2727.360107421875,2714.989990234375,2723.60009765625,3015260000.0,-0.0023600030541859,0.0720166017671805
2018-05-28,2721.330078125,2727.360107421875,2714.989990234375,2723.60009765625,3015260000.0,-0.0023600030541859,0.0720166017671805
2018-05-29,2689.860107421875,2710.669921875,2676.81005859375,2705.110107421875,3743310000.0,-0.0116315725117922,0.0850039463896928
2018-05-30,2724.010009765625,2729.340087890625,2702.429931640625,2702.429931640625,3566490000.0,0.0126158753519238,0.1407913369180986
2018-05-31,2705.27001953125,2722.5,2700.679931640625,2720.97998046875,4241100000.0,-0.0069033332434342,0.1443064799737599
2018-06-01,2734.6201171875,2736.929931640625,2718.699951171875,2718.699951171875,3694310000.0,0.0107907997092398,0.1707633323001261
2018-06-04,2746.8701171875,2749.159912109375,2740.5400390625,2741.669921875,3410090000.0,0.0044695948983522,0.1704341569164394
2018-06-05,2748.800048828125,2752.610107421875,2739.510009765625,2748.4599609375,3523550000.0,0.0007023462695756,0.1254399225779869
2018-06-06,2772.35009765625,2772.389892578125,2748.4599609375,2753.25,3662780000.0,0.0085309006373119,0.1109684913196488
2018-06-07,2770.3701171875,2779.89990234375,2760.159912109375,2774.840087890625,3742080000.0,-0.0007144436219845,0.078216622541997
2018-06-08,2779.030029296875,2779.389892578125,2763.590087890625,2765.840087890625,3138850000.0,0.0031210289077513,0.0570132223001177
2018-06-11,2782.0,2790.2099609375,2780.169921875,2780.179931640625,3262130000.0,0.0010681370069403,0.0574359063153994
2018-06-12,2786.85009765625,2789.800048828125,2778.780029296875,2785.60009765625,3435700000.0,0.0017418672787038,0.05578926217901
2018-06-13,2775.6298828125,2791.469970703125,2774.64990234375,2787.93994140625,3820770000.0,-0.0040342545414114,0.0437787555939316
2018-06-14,2782.489990234375,2789.06005859375,2776.52001953125,2783.2099609375,3540930000.0,0.0024685005225036,0.0452307964084864
2018-06-15,2779.659912109375,2782.81005859375,2761.72998046875,2777.780029296875,5451990000.0,-0.001017620315494,0.0416754976798653
2018-06-18,2773.75,2774.989990234375,2757.1201171875,2765.7900390625,3316120000.0,-0.0021283911808865,0.0428937509629336
2018-06-19,2762.590087890625,2765.050048828125,2743.18994140625,2752.010009765625,3671160000.0,-0.0040315179513912,0.0426685100663401
2018-06-20,2767.320068359375,2774.860107421875,2763.909912109375,2769.72998046875,3332140000.0,0.0017106902241125,0.0427733938074047
2018-06-21,2749.760009765625,2769.280029296875,2744.389892578125,2769.280029296875,3336580000.0,-0.0063657288432202,0.0484535180625605
2018-06-22,2754.8798828125,2764.169921875,2752.679931640625,2760.7900390625,5468110000.0,0.0018602032551338,0.0570461749639154
2018-06-25,2717.070068359375,2742.93994140625,2698.669921875,2742.93994140625,3663280000.0,-0.0138197229677706,0.1031522747204803
2018-06-26,2723.06005859375,2732.909912109375,2715.60009765625,2722.1201171875,3568900000.0,0.0022021505056967,0.1125859757673495
2018-06-27,2699.6298828125,2746.090087890625,2699.3798828125,2728.449951171875,3803990000.0,-0.0086415863131411,0.1099348826062881
2018-06-28,2716.31005859375,2724.340087890625,2691.989990234375,2698.68994140625,3461100000.0,0.0061596800190312,0.1332781140630886
2018-06-29,2718.3701171875,2743.260009765625,2718.030029296875,2727.1298828125,3586800000.0,0.000758115887517,0.1312480148874376
2018-07-02,2726.7099609375,2727.260009765625,2698.949951171875,2704.949951171875,3095040000.0,0.0030632608342934,0.0887120243759357
2018-07-03,2713.219970703125,2736.580078125,2711.159912109375,2733.27001953125,1911460000.0,-0.0049596292805336,0.0954300206590507
2018-07-04,2713.219970703125,2736.580078125,2711.159912109375,2733.27001953125,1911460000.0,-0.0049596292805336,0.0954300206590507
2018-07-05,2736.610107421875,2737.830078125,2716.02001953125,2724.18994140625,2980160000.0,0.0085838567455378,0.0829280599358784
2018-07-06,2759.820068359375,2764.409912109375,2733.52001953125,2737.679931640625,2590250000.0,0.0084455176005801,0.0901708529057528
2018-07-09,2784.169921875,2784.64990234375,2770.72998046875,2775.6201171875,3070060000.0,0.0087842907853415,0.0944990673835792
2018-07-10,2793.840087890625,2795.580078125,2786.239990234375,2788.56005859375,3080140000.0,0.0034672493188218,0.0940783549237713
2018-07-11,2774.02001953125,2785.909912109375,2770.77001953125,2779.820068359375,2986180000.0,-0.0071194863719165,0.1084405090206869
2018-07-12,2798.2900390625,2799.219970703125,2781.530029296875,2783.139892578125,2834230000.0,0.0087109915801719,0.1087504602207433
2018-07-13,2801.31005859375,2804.530029296875,2791.68994140625,2796.929931640625,2619790000.0,0.0010786555366086,0.1042128825850269
2018-07-16,2798.429931640625,2801.18994140625,2793.389892578125,2797.360107421875,2819860000.0,-0.0010286646208985,0.0924245663993913
2018-07-17,2809.550048828125,2814.18994140625,2789.239990234375,2789.340087890625,3064920000.0,0.0039658243434434,0.0933191094590139
2018-07-18,2815.6201171875,2816.760009765625,2805.889892578125,2811.35009765625,3111560000.0,0.0021581820767374,0.0584216164106245
2018-07-19,2804.489990234375,2812.050048828125,2799.77001953125,2809.3701171875,3278360000.0,-0.0039608268490495,0.0484859588970976
2018-07-20,2801.830078125,2809.699951171875,2800.010009765625,2804.550048828125,3243250000.0,-0.0009488977712743,0.0489448233315115
2018-07-23,2806.97998046875,2808.610107421875,2795.139892578125,2799.169921875,2928490000.0,0.0018363623432315,0.049239776669233
2018-07-24,2820.39990234375,2829.989990234375,2811.1201171875,2820.679931640625,3430410000.0,0.0047695188860535,0.0528859759100359
2018-07-25,2846.070068359375,2848.030029296875,2817.72998046875,2817.72998046875,3584400000.0,0.0090604350703727,0.0800285112923718
2018-07-26,2837.43994140625,2845.570068359375,2835.260009765625,2835.489990234375,3667290000.0,-0.0030369027488673,0.0757366748864486
2018-07-27,2818.820068359375,2843.169921875,2808.340087890625,2842.35009765625,3434370000.0,-0.0065838346448454,0.0983296902587291
2018-07-30,2802.60009765625,2821.739990234375,2798.110107421875,2819.0,3261190000.0,-0.0057707893155871,0.1094718995066492
2018-07-31,2816.2900390625,2824.4599609375,2808.06005859375,2809.72998046875,3906890000.0,0.004872837219303,0.1097760932625606
2018-08-01,2813.360107421875,2825.830078125,2805.85009765625,2821.169921875,3501350000.0,-0.0010408930675711,0.0727352547101189
2018-08-02,2827.219970703125,2829.909912109375,2796.340087890625,2800.47998046875,3501380000.0,0.0049143495822087,0.0880368889306725
2018-08-03,2840.35009765625,2840.3798828125,2827.3701171875,2829.6201171875,3043690000.0,0.0046334320653479,0.0762019171026228
2018-08-06,2850.39990234375,2853.2900390625,2835.97998046875,2840.2900390625,2879020000.0,0.0035319826508016,0.0402546739309886
2018-08-07,2858.449951171875,2863.429931640625,2855.919921875,2855.919921875,3185440000.0,0.0028202017464857,0.038043393303254
2018-08-08,2857.699951171875,2862.43994140625,2853.090087890625,2856.7900390625,2978070000.0,-0.0002624143932951,0.032927859221285
2018-08-09,2853.580078125,2862.47998046875,2851.97998046875,2857.18994140625,3066180000.0,-0.0014427146770399,0.0411069528669077
2018-08-10,2833.280029296875,2842.199951171875,2825.81005859375,2838.89990234375,3265590000.0,-0.0071393122632444,0.0674929102063919
2018-08-13,2821.929931640625,2843.39990234375,2819.8798828125,2835.4599609375,3173630000.0,-0.0040140376659802,0.0599421400103708
2018-08-14,2839.9599609375,2843.110107421875,2826.580078125,2827.8798828125,2986500000.0,0.0063689300164174,0.0799155684005535
2018-08-15,2818.3701171875,2827.949951171875,2802.489990234375,2827.949951171875,3656680000.0,-0.0076312085813788,0.0903424025415045
2018-08-16,2840.68994140625,2850.489990234375,2831.43994140625,2831.43994140625,3232000000.0,0.0078882145526381,0.1187953513332782
2018-08-17,2850.1298828125,2855.6298828125,2833.72998046875,2838.320068359375,3037640000.0,0.003317606375263,0.1068171995848002
2018-08-20,2857.050048828125,2859.760009765625,2850.6201171875,2853.929931640625,2757150000.0,0.0024250749021282,0.0963366533839056
2018-08-21,2862.9599609375,2873.22998046875,2861.320068359375,2861.510009765625,3174010000.0,0.002066399954627,0.0900115496894003
2018-08-22,2861.820068359375,2867.5400390625,2856.050048828125,2860.989990234375,2701250000.0,-0.0003982310542435,0.0481024762793378
2018-08-23,2856.97998046875,2868.780029296875,2854.030029296875,2860.2900390625,2724450000.0,-0.0016926939235351,0.0333382123070593
2018-08-24,2874.68994140625,2876.159912109375,2862.35009765625,2862.35009765625,2603010000.0,0.0061797059282853,0.0480445889269255
2018-08-27,2896.739990234375,2898.25,2884.68994140625,2884.68994140625,2865070000.0,0.0076411414071104,0.0643857176895458
2018-08-28,2897.52001953125,2903.77001953125,2893.5,2901.449951171875,2687770000.0,0.0002692420775983,0.0668221140425932
2018-08-29,2914.0400390625,2916.5,2898.39990234375,2900.6201171875,2805520000.0,0.0056852424689116,0.0646967190415685
2018-08-30,2901.1298828125,2912.4599609375,2895.219970703125,2908.93994140625,2810450000.0,-0.004440172044458,0.0800254642246747
2018-08-31,2901.52001953125,2906.320068359375,2891.72998046875,2898.3701171875,2887220000.0,0.0001344684673049,0.0766486410418107
2018-09-04,2896.719970703125,2900.179931640625,2885.1298828125,2896.9599609375,3087420000.0,-0.0016556920488793,0.0587941011619013
2018-09-05,2888.60009765625,2894.2099609375,2876.919921875,2891.590087890625,3248780000.0,-0.0028070628012659,0.0618774312683187
2018-09-06,2878.050048828125,2892.050048828125,2867.2900390625,2888.639892578125,3144240000.0,-0.0036589910366181,0.0284570674390692
2018-09-07,2871.679931640625,2883.81005859375,2864.1201171875,2868.260009765625,2976580000.0,-0.0022157978950144,0.0226127141380903
2018-09-10,2877.1298828125,2886.929931640625,2875.93994140625,2881.389892578125,2751100000.0,0.0018960282146933,0.0339190905511084
2018-09-11,2887.889892578125,2892.52001953125,2866.780029296875,2871.570068359375,2904500000.0,0.0037328656897154,0.0513428534739746
2018-09-12,2888.919921875,2894.64990234375,2879.199951171875,2888.2900390625,3341280000.0,0.0003566083498935,0.0475916997865484
2018-09-13,2904.179931640625,2906.760009765625,2896.389892578125,2896.85009765625,3274090000.0,0.0052683521593913,0.046271113739376
2018-09-14,2904.97998046875,2908.300048828125,2895.77001953125,2906.3798828125,3179410000.0,0.0002754439007663,0.0345091123526687
2018-09-17,2888.800048828125,2904.64990234375,2886.159912109375,2903.830078125,2967980000.0,-0.0055852909915492,0.0663181710314463
2018-09-18,2904.31005859375,2911.169921875,2890.429931640625,2890.739990234375,3091190000.0,0.0053546528676252,0.0716101786705544
2018-09-19,2907.949951171875,2912.360107421875,2903.820068359375,2906.60009765625,3302460000.0,0.0012524880331719,0.071279179313144
2018-09-20,2930.75,2934.800048828125,2919.72998046875,2919.72998046875,3406520000.0,0.007810014185329,0.0816882216513585
2018-09-21,2929.669921875,2940.909912109375,2927.110107421875,2936.760009765625,5652470000.0,-0.000368600937007,0.0825792344124464
2018-09-24,2919.3701171875,2923.7900390625,2912.6298828125,2921.830078125,3392030000.0,-0.0035218823140138,0.0717058359653434
2018-09-25,2915.56005859375,2923.949951171875,2913.699951171875,2921.75,3330880000.0,-0.0013059484931179,0.0681961037117738
2018-09-26,2905.969970703125,2931.14990234375,2903.280029296875,2916.97998046875,3417540000.0,-0.0032946996811599,0.0736086082894581
2018-09-27,2914.0,2927.219970703125,2909.27001953125,2911.64990234375,3101360000.0,0.0027594762285113,0.0405844483519259
2018-09-28,2913.97998046875,2920.530029296875,2907.5,2910.030029296875,3461680000.0,-6.870144138179519e-06,0.0410991446476558
2018-10-01,2924.590087890625,2937.06005859375,2917.909912109375,2926.2900390625,3375890000.0,0.0036344923421985,0.0454206243449688
2018-10-02,2923.429931640625,2931.419921875,2919.3701171875,2923.800048828125,3432620000.0,-0.000396768910279,0.0437511044021558
2018-10-03,2925.510009765625,2939.860107421875,2921.360107421875,2931.68994140625,3625510000.0,0.0007112667367183,0.0280684220008029
2018-10-04,2901.610107421875,2919.780029296875,2883.919921875,2919.35009765625,3510370000.0,-0.0082030354210098,0.0698891402423831
2018-10-05,2885.570068359375,2909.639892578125,2869.2900390625,2902.5400390625,3340820000.0,-0.0055433145846221,0.0764177997728265
2018-10-08,2884.429931640625,2889.449951171875,2862.080078125,2877.530029296875,3381820000.0,-0.0003951947083496,0.0617884434298719
2018-10-09,2880.340087890625,2894.830078125,2874.27001953125,2882.510009765625,3531690000.0,-0.0014189098341542,0.0597110678595983
2018-10-10,2785.679931640625,2874.02001953125,2784.860107421875,2873.89990234375,4554260000.0,-0.033416389042602,0.2154926328652589
2018-10-11,2728.3701171875,2795.139892578125,2710.510009765625,2776.8701171875,4914090000.0,-0.0207875799725415,0.2278027079473484
2018-10-12,2767.1298828125,2775.77001953125,2729.43994140625,2770.5400390625,4024010000.0,0.0141062354083762,0.296837747287184
2018-10-15,2750.7900390625,2775.989990234375,2749.030029296875,2763.830078125,3327160000.0,-0.0059224822913,0.2899824845801401
2018-10-16,2809.919921875,2813.4599609375,2766.909912109375,2767.050048828125,3460260000.0,0.0212678280349012,0.3648223520277479
2018-10-17,2809.2099609375,2816.93994140625,2781.81005859375,2811.669921875,3347090000.0,-0.0002526942626648,0.2637772329447987
2018-10-18,2768.780029296875,2806.0400390625,2755.179931640625,2802.0,3639300000.0,-0.0144964905753411,0.2318659476140196
2018-10-19,2767.780029296875,2797.77001953125,2760.27001953125,2775.659912109375,3593940000.0,-0.0003612351352793,0.2096589007798907
2018-10-22,2755.8798828125,2778.93994140625,2749.219970703125,2773.93994140625,3331270000.0,-0.0043087970964778,0.2070612403798998
2018-10-23,2740.68994140625,2753.590087890625,2691.429931640625,2721.030029296875,4373710000.0,-0.0055270761806941,0.092220295142721
2018-10-24,2656.10009765625,2742.590087890625,2651.889892578125,2737.8701171875,4738670000.0,-0.0313507738611408,0.1966885652356849
2018-10-25,2705.570068359375,2722.699951171875,2667.840087890625,2674.8798828125,4663930000.0,0.0184537179787141,0.2824131877553686
2018-10-26,2658.68994140625,2692.3798828125,2628.159912109375,2667.860107421875,4804330000.0,-0.0174791380100031,0.2921344269605276
2018-10-29,2641.25,2706.85009765625,2603.5400390625,2682.64990234375,4701260000.0,-0.0065812082951939,0.290746897370771
2018-10-30,2682.6298828125,2685.429931640625,2635.340087890625,2640.679931640625,5125600000.0,0.0155453229718774,0.3388198798448038
2018-10-31,2711.739990234375,2736.68994140625,2705.60009765625,2705.60009765625,5133380000.0,0.010792878754571,0.2461260340239778
2018-11-01,2740.3701171875,2741.669921875,2708.85009765625,2717.580078125,4730250000.0,0.0105024988685292,0.2223296742028624
2018-11-02,2723.06005859375,2756.550048828125,2700.43994140625,2745.449951171875,4261230000.0,-0.0063367210558797,0.1660105302990464
2018-11-05,2738.31005859375,2744.27001953125,2717.93994140625,2726.3701171875,3650910000.0,0.0055846936971941,0.1326519487326996
2018-11-06,2755.449951171875,2756.820068359375,2737.080078125,2738.39990234375,3543800000.0,0.0062397877444086,0.1104388971765569
2018-11-07,2813.889892578125,2815.14990234375,2774.1298828125,2774.1298828125,3929080000.0,0.020987078560774,0.1562597235834898
2018-11-08,2806.830078125,2814.75,2794.989990234375,2806.3798828125,3673550000.0,-0.0025120689884914,0.166909500150612
2018-11-09,2781.010009765625,2794.10009765625,2764.239990234375,2794.10009765625,4029030000.0,-0.0092415859153724,0.1798819823347873
2018-11-12,2726.219970703125,2775.989990234375,2722.0,2773.929931640625,3701570000.0,-0.0198981509854674,0.2463274313192557
2018-11-13,2722.179931640625,2754.60009765625,2714.97998046875,2730.050048828125,4112820000.0,-0.0014830188221738,0.2382230381031066
2018-11-14,2701.580078125,2746.800048828125,2685.75,2737.89990234375,4449060000.0,-0.0075961888184505,0.1165863862746878
2018-11-15,2730.199951171875,2735.3798828125,2670.75,2693.52001953125,4204960000.0,0.0105380327426419,0.1773134049557932
2018-11-16,2736.27001953125,2746.75,2712.159912109375,2718.5400390625,3996970000.0,0.0022208375374839,0.1808600841156816
2018-11-19,2690.72998046875,2733.159912109375,2681.090087890625,2730.739990234375,3806940000.0,-0.0167831612357214,0.1632872452933597
2018-11-20,2641.889892578125,2669.43994140625,2631.52001953125,2654.60009765625,4370820000.0,-0.0183179955565859,0.1962999143503622
2018-11-21,2649.929931640625,2670.72998046875,2649.820068359375,2657.739990234375,3237400000.0,0.0030386693107672,0.2051305386047874
2018-11-22,2649.929931640625,2670.72998046875,2649.820068359375,2657.739990234375,3237400000.0,0.0030386693107672,0.2051305386047874
2018-11-23,2632.56005859375,2647.550048828125,2631.090087890625,2633.360107421875,1651680000.0,-0.0065764197118556,0.160596212477481
2018-11-26,2673.449951171875,2674.35009765625,2649.969970703125,2649.969970703125,3523520000.0,0.0154129758453664,0.224412056164094
2018-11-27,2682.169921875,2682.530029296875,2655.889892578125,2663.75,3494380000.0,0.0032563843646126,0.1998809554306253
2018-11-28,2743.7900390625,2744.0,2684.3798828125,2691.449951171875,3984540000.0,0.0227140513031137,0.1827493010285097
2018-11-29,2737.800048828125,2753.75,2722.93994140625,2736.969970703125,3599200000.0,-0.0021854945453934,0.1943063847029525
2018-11-30,2760.169921875,2760.8798828125,2732.760009765625,2737.760009765625,4668310000.0,0.0081375477166175,0.1561358556155217
2018-12-03,2790.3701171875,2800.179931640625,2773.3798828125,2790.5,4221580000.0,0.0108820017943624,0.148386599140267
2018-12-04,2700.06005859375,2785.929931640625,2697.179931640625,2782.429931640625,4515710000.0,-0.0329002288385561,0.3347722909455211
2018-12-05,2700.06005859375,2785.929931640625,2697.179931640625,2782.429931640625,4515710000.0,-0.0329002288385561,0.3347722909455211
2018-12-06,2695.949951171875,2696.14990234375,2621.530029296875,2663.510009765625,5180430000.0,-0.0015233879141442,0.276357955603509
2018-12-07,2633.080078125,2708.5400390625,2623.139892578125,2691.260009765625,4242240000.0,-0.0235963354563222,0.3096510023939535
2018-12-10,2637.719970703125,2647.510009765625,2583.22998046875,2630.860107421875,4162880000.0,0.0017606032229163,0.2917661320152612
2018-12-11,2636.780029296875,2674.35009765625,2621.300048828125,2664.43994140625,3963440000.0,-0.0003564096753056,0.2514607657103856
2018-12-12,2651.070068359375,2685.43994140625,2650.260009765625,2658.22998046875,4029300000.0,0.0054048710103512,0.1817771684363541
2018-12-13,2650.5400390625,2670.18994140625,2637.27001953125,2658.699951171875,3978340000.0,-0.000199950312415,0.1829968747316702
2018-12-14,2599.949951171875,2635.070068359375,2593.840087890625,2629.679931640625,4064370000.0,-0.0192712122686998,0.1530456601152496
2018-12-17,2545.93994140625,2601.1298828125,2530.5400390625,2590.75,4661420000.0,-0.0209922848285766,0.192891770787836
2018-12-18,2546.159912109375,2573.989990234375,2528.7099609375,2559.89990234375,4519190000.0,8.639685378910398e-05,0.1938876433320122
2018-12-19,2506.9599609375,2585.2900390625,2488.9599609375,2547.050048828125,5152830000.0,-0.0155154591759368,0.1642144820918054
2018-12-20,2467.419921875,2509.6298828125,2441.179931640625,2496.77001953125,5619780000.0,-0.0158978094841039,0.132933422925148
2018-12-21,2416.6201171875,2504.409912109375,2408.550048828125,2465.3798828125,7657890000.0,-0.0208031204985406,0.1369146731516917
2018-12-24,2351.10009765625,2410.340087890625,2351.10009765625,2400.56005859375,2613670000.0,-0.0274865728783144,0.1614990904482838
2018-12-25,2351.10009765625,2410.340087890625,2351.10009765625,2400.56005859375,2613670000.0,-0.0274865728783144,0.1614990904482838
2018-12-26,2467.699951171875,2467.760009765625,2346.580078125,2363.1201171875,4249740000.0,0.048403177670805,0.4911283633365104
2018-12-27,2488.830078125,2489.10009765625,2397.93994140625,2442.5,4139010000.0,0.0085262289688169,0.4922409505775676
2018-12-28,2485.739990234375,2520.27001953125,2472.889892578125,2498.77001953125,3728440000.0,-0.0012423539102312,0.4758676626672587
2019-01-02,2510.030029296875,2519.489990234375,2467.469970703125,2476.9599609375,3733160000.0,0.0012676930626261,0.3208948122205061
2019-01-03,2447.889892578125,2493.139892578125,2443.9599609375,2491.919921875,3858830000.0,-0.0250683318189151,0.2192162179829887
2019-01-04,2531.93994140625,2538.070068359375,2474.330078125,2474.330078125,4234140000.0,0.0337593990603464,0.3352304331668138
2019-01-07,2549.68994140625,2566.159912109375,2524.56005859375,2535.610107421875,4133120000.0,0.0069859759952297,0.3330808700063469
2019-01-08,2574.409912109375,2579.820068359375,2547.56005859375,2568.110107421875,4120060000.0,0.0096485873364973,0.3339484357884822
2019-01-09,2584.9599609375,2595.320068359375,2568.889892578125,2580.0,4088740000.0,0.0040896713328221,0.3323891097082887
2019-01-10,2596.639892578125,2597.820068359375,2562.02001953125,2573.510009765625,3721300000.0,0.0045082413744622,0.1980559595071328
2019-01-11,2596.260009765625,2596.27001953125,2577.39990234375,2588.110107421875,3447460000.0,-0.0001463085444824,0.0578423786819274
2019-01-14,2582.610107421875,2589.320068359375,2570.409912109375,2580.31005859375,3689370000.0,-0.0052713945872494,0.0887547874968428
2019-01-15,2610.300048828125,2613.080078125,2585.10009765625,2585.10009765625,3601180000.0,0.010664618879761,0.0940009823896455
2019-01-16,2616.10009765625,2625.760009765625,2612.679931640625,2614.75,3882180000.0,0.0022195205290883,0.0932804755501856
2019-01-17,2635.9599609375,2645.06005859375,2606.360107421875,2609.280029296875,3802410000.0,0.0075627307062357,0.099924037020211
2019-01-18,2670.7099609375,2675.469970703125,2647.580078125,2651.27001953125,4009010000.0,0.0130969128398557,0.1164658888363668
2019-01-21,2670.7099609375,2675.469970703125,2647.580078125,2651.27001953125,4009010000.0,0.0130969128398557,0.1164658888363668
2019-01-22,2632.89990234375,2657.8798828125,2617.27001953125,2657.8798828125,3923950000.0,-0.0142584768279724,0.1732257153654662
2019-01-23,2638.699951171875,2653.18994140625,2612.860107421875,2643.47998046875,3358770000.0,0.0022004899194508,0.1623507105806225
2019-01-24,2642.330078125,2647.199951171875,2627.010009765625,2638.840087890625,3449230000.0,0.0013747801109775,0.1624433242191384
2019-01-25,2664.760009765625,2672.3798828125,2657.330078125,2657.43994140625,3821000000.0,0.008452867700518,0.164475520712166
2019-01-28,2643.85009765625,2644.969970703125,2624.06005859375,2644.969970703125,3630820000.0,-0.0078777758487088,0.1426746210230886
2019-01-29,2640.0,2650.929931640625,2631.050048828125,2644.889892578125,3518070000.0,-0.0014573079351148,0.09422150276903
2019-01-30,2681.050048828125,2690.43994140625,2648.340087890625,2653.6201171875,3883270000.0,0.01542960989156,0.1430675057067289
2019-01-31,2704.10009765625,2708.949951171875,2678.64990234375,2685.489990234375,4953800000.0,0.0085606488097677,0.1463977621789254
2019-02-01,2706.530029296875,2716.659912109375,2696.8798828125,2702.320068359375,3782490000.0,0.0008982065848071,0.1437423118144244
2019-02-11,2709.800048828125,2718.050048828125,2703.7900390625,2712.39990234375,3395330000.0,0.0007088518038183,0.0833278810679264
2019-02-12,2744.72998046875,2748.18994140625,2722.610107421875,2722.610107421875,3843020000.0,0.0128078529028386,0.1272504676731194
2019-02-13,2753.030029296875,2761.85009765625,2748.6298828125,2750.300048828125,3684910000.0,0.0030194315937109,0.1255737354230422
2019-02-14,2745.72998046875,2757.89990234375,2731.22998046875,2743.5,3845390000.0,-0.0026551633836986,0.0935069264218774
2019-02-15,2775.60009765625,2775.659912109375,2760.239990234375,2760.239990234375,3648680000.0,0.0108200046649575,0.1052263367124368
2019-02-18,2775.60009765625,2775.659912109375,2760.239990234375,2760.239990234375,3648680000.0,0.0108200046649575,0.1052263367124368
2019-02-19,2779.760009765625,2787.330078125,2767.2900390625,2769.280029296875,3535270000.0,0.001497621326592,0.1033605666770674
2019-02-20,2784.699951171875,2789.8798828125,2774.06005859375,2779.050048828125,3904830000.0,0.0017755335607409,0.0781048800915007
2019-02-21,2774.8798828125,2781.580078125,2764.550048828125,2780.239990234375,3598260000.0,-0.0035326693258413,0.0903239607773092
2019-02-22,2792.669921875,2794.199951171875,2779.110107421875,2780.669921875,3429350000.0,0.0063906386947104,0.0863373865910353
2019-02-25,2796.110107421875,2813.489990234375,2794.989990234375,2804.35009765625,3860260000.0,0.0012311044497517,0.0557817537041902
2019-02-26,2793.89990234375,2803.1201171875,2789.469970703125,2792.360107421875,3676200000.0,-0.0007907696728402,0.05803685336502
2019-02-27,2792.3798828125,2795.760009765625,2775.1298828125,2787.5,3771790000.0,-0.000544197436298,0.058456180743263
2019-02-28,2784.489990234375,2793.72998046875,2782.510009765625,2788.110107421875,4445780000.0,-0.0028295075989504,0.055500036164894
2019-03-01,2803.68994140625,2808.02001953125,2787.3798828125,2798.219970703125,3994950000.0,0.006871656588713,0.0586287739297321
2019-03-04,2792.81005859375,2816.8798828125,2767.659912109375,2814.3701171875,3949730000.0,-0.0038881073952551,0.0668737583113355
2019-03-05,2789.64990234375,2796.43994140625,2782.969970703125,2794.409912109375,3631380000.0,-0.0011321734897068,0.0670956816794112
2019-03-06,2771.449951171875,2790.27001953125,2768.68994140625,2790.27001953125,3800180000.0,-0.006545473604125,0.0806118975305724
2019-03-07,2748.929931640625,2767.25,2739.090087890625,2766.530029296875,3932150000.0,-0.0081589111383311,0.0939114833159016
2019-03-08,2743.070068359375,2744.1298828125,2722.27001953125,2730.7900390625,3424300000.0,-0.0021339641314536,0.0468258398514671
2019-03-11,2783.300048828125,2784.0,2747.610107421875,2747.610107421875,3764850000.0,0.0145595355634894,0.1430688172054786
2019-03-12,2791.52001953125,2798.320068359375,2786.72998046875,2787.340087890625,3432340000.0,0.0029489657278051,0.1451783223562743
2019-03-13,2810.919921875,2821.239990234375,2799.780029296875,2799.780029296875,3782250000.0,0.0069255467570192,0.1374238168410342
2019-03-14,2808.47998046875,2815.0,2803.4599609375,2810.3798828125,3505670000.0,-0.0008683993315961,0.1071041681697563
2019-03-15,2822.47998046875,2830.72998046875,2810.7900390625,2810.7900390625,5969780000.0,0.0049725194084307,0.0909272394212942
2019-03-18,2832.93994140625,2835.409912109375,2821.989990234375,2822.610107421875,3620770000.0,0.003699096798908,0.045818349171039
2019-03-19,2832.570068359375,2852.419921875,2823.27001953125,2840.760009765625,3650740000.0,-0.0001305700799267,0.0529612810551451
2019-03-20,2824.22998046875,2843.5400390625,2812.429931640625,2831.340087890625,3779160000.0,-0.0029486967407696,0.0522968694188454
2019-03-21,2854.8798828125,2860.31005859375,2817.3798828125,2819.719970703125,3612620000.0,0.0107940154946893,0.083219867505194
2019-03-22,2800.7099609375,2846.159912109375,2800.469970703125,2844.52001953125,4253730000.0,-0.0191568271342732,0.1763962895132693
2019-03-25,2798.360107421875,2809.7900390625,2785.02001953125,2796.010009765625,3406110000.0,-0.00083937283331,0.1707421942037746
2019-03-26,2818.4599609375,2829.8701171875,2803.989990234375,2812.659912109375,3288570000.0,0.007157052947934,0.1842964557294433
2019-03-27,2805.3701171875,2825.56005859375,2787.719970703125,2819.719970703125,3422400000.0,-0.0046551432765988,0.1858257395092938
2019-03-28,2815.43994140625,2819.7099609375,2798.77001953125,2809.39990234375,3185460000.0,0.0035830547152617,0.1616388438466113
2019-03-29,2834.39990234375,2836.030029296875,2819.22998046875,2828.27001953125,3752520000.0,0.0067117060433246,0.0805105987232549
2019-04-01,2867.18994140625,2869.39990234375,2848.6298828125,2848.6298828125,3560090000.0,0.0115021955180444,0.0955747449476009
2019-04-02,2867.239990234375,2872.89990234375,2858.75,2868.239990234375,3267210000.0,1.7455554858152623e-05,0.0981682521726501
2019-04-03,2873.39990234375,2885.25,2865.169921875,2876.090087890625,3570000000.0,0.0021460724200891,0.0709799783673879
2019-04-04,2879.389892578125,2881.280029296875,2867.139892578125,2873.989990234375,3038740000.0,0.0020824652429942,0.0733501549969573
2019-04-05,2892.739990234375,2893.239990234375,2882.989990234375,2884.159912109375,3155970000.0,0.0046257176230991,0.0708246582170021
2019-04-08,2895.77001953125,2895.949951171875,2880.780029296875,2888.4599609375,3056460000.0,0.0010469117505236,0.0272191872395296
2019-04-09,2878.199951171875,2886.8798828125,2873.330078125,2886.580078125,3032480000.0,-0.0060859764356695,0.064268994161575
2019-04-10,2888.2099609375,2889.7099609375,2879.1298828125,2881.3701171875,3092230000.0,0.0034718377544999,0.0667092220269598
2019-04-11,2888.320068359375,2893.419921875,2881.989990234375,2891.919921875,2970650000.0,3.8122340342693696e-05,0.0662509730166002
2019-04-12,2907.409912109375,2910.5400390625,2898.3701171875,2900.860107421875,3726050000.0,0.0065875783895457,0.0746561083032503
2019-04-16,2907.06005859375,2916.06005859375,2900.7099609375,2912.260009765625,3403120000.0,0.0005092283251399,0.0477543521850188
2019-04-17,2900.449951171875,2918.0,2895.449951171875,2916.0400390625,3648100000.0,-0.0022764008207388,0.0536328707238142
2019-04-18,2905.030029296875,2908.39990234375,2891.89990234375,2904.81005859375,3507100000.0,0.0015778468242496,0.0532848803704516
2019-04-19,2905.030029296875,2908.39990234375,2891.89990234375,2904.81005859375,3507100000.0,0.0015778468242496,0.0532848803704516
2019-04-22,2907.969970703125,2909.510009765625,2896.35009765625,2898.780029296875,3010130000.0,0.0010115058169329,0.0242612573376598
2019-04-23,2933.679931640625,2936.31005859375,2908.530029296875,2909.989990234375,3674480000.0,0.0088023511749953,0.0654085226562202
2019-04-24,2927.25,2936.830078125,2926.050048828125,2934.0,3468480000.0,-0.0021941686030362,0.0716158885230379
2019-04-25,2926.169921875,2933.10009765625,2912.840087890625,2928.989990234375,3440010000.0,-0.0003690417402728,0.0665765954576342
2019-04-26,2939.8798828125,2939.8798828125,2917.56005859375,2925.81005859375,3264390000.0,0.0046743503233048,0.069587376093558
2019-05-02,2917.52001953125,2931.679931640625,2900.5,2922.159912109375,3802290000.0,-0.0021262446486827,0.0724756567354352
2019-05-03,2945.639892578125,2947.85009765625,2929.2099609375,2929.2099609375,3357180000.0,0.0095921274789174,0.0986656731343508
2019-05-06,2932.469970703125,2937.320068359375,2898.2099609375,2908.889892578125,3203260000.0,-0.0044810131890725,0.1039862080148847
2019-05-07,2884.050048828125,2913.030029296875,2862.60009765625,2913.030029296875,3793060000.0,-0.0166494880889055,0.1507401806652752
2019-05-08,2879.419921875,2897.9599609375,2873.280029296875,2879.610107421875,3543110000.0,-0.0016067153894199,0.1484401382155807
2019-05-09,2870.719970703125,2875.969970703125,2836.39990234375,2859.840087890625,3659050000.0,-0.0030259986619282,0.148223032541338
2019-05-10,2881.39990234375,2891.31005859375,2825.389892578125,2863.10009765625,3566780000.0,0.0037133940699186,0.1192104481391414
2019-05-13,2811.8701171875,2840.18994140625,2801.429931640625,2840.18994140625,3900270000.0,-0.0244264691384975,0.1855798348867443
2019-05-14,2834.409912109375,2852.5400390625,2820.1201171875,2820.1201171875,3354860000.0,0.007983987523216,0.1985325254077715
2019-05-15,2850.9599609375,2858.679931640625,2815.080078125,2820.3798828125,3140900000.0,0.005821994327723,0.2096253813381552
2019-05-16,2876.320068359375,2892.14990234375,2855.800048828125,2855.800048828125,3338470000.0,0.008855957116499,0.2224909724267942
2019-05-17,2859.530029296875,2885.47998046875,2854.22998046875,2858.60009765625,3316040000.0,-0.0058544371740438,0.2238509305418659
2019-05-20,2840.22998046875,2853.860107421875,2831.2900390625,2841.93994140625,3293750000.0,-0.0067722579754053,0.1219510288257733
2019-05-21,2864.360107421875,2868.8798828125,2854.02001953125,2854.02001953125,3223050000.0,0.0084599490931906,0.1234581506254245
2019-05-22,2856.27001953125,2865.469970703125,2851.110107421875,2856.06005859375,3194000000.0,-0.0028283923638994,0.1223068510842868
2019-05-23,2822.239990234375,2836.699951171875,2805.489990234375,2836.699951171875,3899320000.0,-0.0119856922412819,0.1207169659292503
2019-05-24,2826.06005859375,2841.360107421875,2820.18994140625,2832.409912109375,2889230000.0,0.0013526437720373,0.1237794958010691
2019-05-27,2826.06005859375,2841.360107421875,2820.18994140625,2832.409912109375,2889230000.0,0.0013526437720373,0.1237794958010691
2019-05-28,2802.389892578125,2840.510009765625,2801.580078125,2830.030029296875,4146980000.0,-0.0084109500002602,0.1279406468483568
2019-05-29,2783.02001953125,2792.030029296875,2766.06005859375,2790.25,3701110000.0,-0.0069359101672313,0.0818552013966419
2019-05-30,2788.860107421875,2799.0,2776.739990234375,2786.93994140625,3276030000.0,0.002096272674997,0.0987051506769578
2019-05-31,2752.06005859375,2768.97998046875,2750.52001953125,2766.14990234375,3982670000.0,-0.0132832052504529,0.1049100884293448
2019-06-03,2744.449951171875,2763.070068359375,2728.81005859375,2751.530029296875,3952360000.0,-0.0027690706543079,0.0924357961030318
2019-06-04,2803.27001953125,2804.489990234375,2762.639892578125,2762.639892578125,3814130000.0,0.0212059270810777,0.2079324407173516
2019-06-05,2826.14990234375,2827.280029296875,2800.919921875,2818.090087890625,3570760000.0,0.0081287269788136,0.2034435424576554
2019-06-06,2843.489990234375,2852.10009765625,2822.449951171875,2828.510009765625,3445140000.0,0.0061168406760044,0.2042248868301378
2019-06-07,2873.340087890625,2884.969970703125,2852.8701171875,2852.8701171875,3244380000.0,0.01044297924726,0.1370060092384386
2019-06-10,2886.72998046875,2904.77001953125,2885.510009765625,2885.830078125,3209890000.0,0.0046492200747654,0.10437454112189
2019-06-11,2885.719970703125,2910.610107421875,2878.530029296875,2903.27001953125,3551000000.0,-0.0003499414579512,0.064593184451936
2019-06-12,2879.840087890625,2888.570068359375,2874.679931640625,2882.72998046875,3039870000.0,-0.0020396578272374,0.0799794808113568
2019-06-13,2891.639892578125,2895.239990234375,2881.989990234375,2886.239990234375,3100640000.0,0.0040890105028501,0.0774775583213642
2019-06-14,2886.97998046875,2894.449951171875,2879.6201171875,2886.820068359375,2992810000.0,-0.0016128117861529,0.0506577669917117
2019-06-17,2889.669921875,2897.27001953125,2887.300048828125,2889.75,2828400000.0,0.0009313154323528,0.039097683537293
2019-06-18,2917.75,2930.7900390625,2905.43994140625,2906.7099609375,3441540000.0,0.0096704895929706,0.076748802389018
2019-06-19,2926.4599609375,2931.739990234375,2911.429931640625,2920.550048828125,3300220000.0,0.0029807167930238,0.066887582073213
2019-06-20,2954.179931640625,2958.06005859375,2931.5,2949.60009765625,3943060000.0,0.0094276053358731,0.0806255741928522
2019-06-21,2950.4599609375,2964.14990234375,2946.8701171875,2952.7099609375,5003540000.0,-0.0012600162797279,0.0790242459851791
2019-06-24,2945.35009765625,2954.919921875,2944.050048828125,2951.419921875,3136960000.0,-0.001733388460587,0.0880371741992506
2019-06-25,2917.3798828125,2946.52001953125,2916.010009765625,2945.780029296875,3579430000.0,-0.0095417756403875,0.1103817656365008
2019-06-26,2913.780029296875,2932.590087890625,2912.989990234375,2926.070068359375,3511350000.0,-0.0012346956788039,0.1071590753933752
2019-06-27,2924.919921875,2929.300048828125,2918.570068359375,2919.659912109375,3162500000.0,0.0038158857925908,0.0760929066031317
2019-06-28,2941.760009765625,2943.97998046875,2929.050048828125,2932.93994140625,5422650000.0,0.0057409418405996,0.0943665421530999
2019-07-01,2964.330078125,2977.929931640625,2952.219970703125,2971.409912109375,3524860000.0,0.0076430186109539,0.1094803529447231
2019-07-02,2973.010009765625,2973.2099609375,2955.919921875,2964.659912109375,3224490000.0,0.0029238472769886,0.0530370369550862
2019-07-03,2995.820068359375,2995.840087890625,2977.9599609375,2978.080078125,1963570000.0,0.0076430956606841,0.0343253050263444
2019-07-04,2995.820068359375,2995.840087890625,2977.9599609375,2978.080078125,1963570000.0,0.0076430956606841,0.0343253050263444
2019-07-05,2990.409912109375,2994.030029296875,2967.969970703125,2984.25,2434680000.0,-0.0018075342045486,0.0632701014999332
2019-07-08,2975.949951171875,2980.760009765625,2970.090087890625,2979.77001953125,2922360000.0,-0.0048471730101237,0.0888968943906415
2019-07-09,2979.6298828125,2981.89990234375,2963.43994140625,2965.52001953125,3033330000.0,0.0012357930584538,0.0752804934570014
2019-07-10,2993.070068359375,3002.97998046875,2984.6201171875,2989.300048828125,3157800000.0,0.0045005469360826,0.0785414799552161
2019-07-11,2999.909912109375,3002.330078125,2988.800048828125,2999.6201171875,3155710000.0,0.0022826195789485,0.0579922130811059
2019-07-12,3013.77001953125,3013.919921875,3001.8701171875,3003.360107421875,2984140000.0,0.0046095343020665,0.061289561523748
2019-07-15,3014.300048828125,3017.800048828125,3008.77001953125,3017.800048828125,2876100000.0,0.0001758537283841,0.0312297677179353
2019-07-16,3004.0400390625,3015.02001953125,3001.14990234375,3012.1298828125,3297030000.0,-0.0034095845550103,0.0532775507215211
2019-07-17,2984.419921875,3005.260009765625,2984.25,3005.10009765625,3185650000.0,-0.0065526654660931,0.0707157419062839
2019-07-18,2995.110107421875,2998.280029296875,2973.090087890625,2978.8701171875,3369820000.0,0.003575597708819,0.0745060484859714
2019-07-19,2976.610107421875,3006.02001953125,2975.860107421875,3004.260009765625,3285890000.0,-0.0061958894648446,0.0687305602913455
2019-07-22,2985.030029296875,2990.7099609375,2976.64990234375,2981.929931640625,3016200000.0,0.0028247016862503,0.0772293126242706
2019-07-23,3005.469970703125,3005.89990234375,2988.56005859375,2994.739990234375,3333810000.0,0.0068241451392764,0.0967609438383458
2019-07-24,3019.56005859375,3019.590087890625,2996.820068359375,2998.77001953125,3433220000.0,0.0046771928134757,0.0794491237324855
2019-07-25,3003.669921875,3016.31005859375,2997.239990234375,3016.260009765625,3657050000.0,-0.0052762964835995,0.0942575168252083
2019-07-26,3025.860107421875,3027.97998046875,3012.590087890625,3013.25,3260170000.0,0.007360535770783,0.0811703535005831
2019-07-29,3020.969970703125,3025.610107421875,3014.300048828125,3024.469970703125,3224490000.0,-0.0016174219290574,0.0885388442260285
2019-07-30,3013.179931640625,3017.18994140625,3000.93994140625,3007.659912109375,3632770000.0,-0.0025819853720443,0.0839485462312251
2019-07-31,2980.3798828125,3017.39990234375,2958.080078125,3016.219970703125,4626330000.0,-0.0109452069521399,0.1055930362606304
2019-08-01,2953.56005859375,3013.590087890625,2945.22998046875,2980.320068359375,4793810000.0,-0.009039527568806,0.1145728401607276
2019-08-02,2932.050048828125,2945.5,2914.110107421875,2943.89990234375,3882810000.0,-0.0073093885395651,0.0644102097073644
2019-08-05,2844.739990234375,2898.070068359375,2822.1201171875,2898.070068359375,4542850000.0,-0.0302301821696947,0.1689190679035064
2019-08-06,2881.77001953125,2884.39990234375,2847.419921875,2861.179931640625,4156640000.0,0.0129330239111666,0.2431428886552543
2019-08-07,2883.97998046875,2892.169921875,2825.7099609375,2858.64990234375,4512720000.0,0.0007665823338588,0.2510786519842004
2019-08-08,2938.090087890625,2938.719970703125,2894.469970703125,2896.2099609375,4118530000.0,0.018588462466865,0.3048522562177961
2019-08-09,2918.64990234375,2935.75,2900.14990234375,2930.510009765625,3356850000.0,-0.0066385931336571,0.3040206521237298
2019-08-12,2882.699951171875,2907.580078125,2873.139892578125,2907.070068359375,3328570000.0,-0.0123938091159153,0.206355868281339
2019-08-13,2926.320068359375,2943.31005859375,2877.050048828125,2880.719970703125,3857190000.0,0.0150183462673018,0.2133154597562309
2019-08-14,2840.60009765625,2894.14990234375,2839.639892578125,2894.14990234375,4325150000.0,-0.0297303524545356,0.3181554358055212
2019-08-15,2847.60009765625,2856.669921875,2825.510009765625,2846.199951171875,4041720000.0,0.0024612366981802,0.2653290342602323
2019-08-16,2888.679931640625,2893.6298828125,2864.739990234375,2864.739990234375,3524080000.0,0.014323058172245,0.3025491310147688
2019-08-19,2923.64990234375,2931.0,2913.47998046875,2913.47998046875,3221050000.0,0.0120331755643975,0.2996938028039098
2019-08-20,2900.510009765625,2923.6298828125,2899.60009765625,2919.010009765625,3067710000.0,-0.0079462153121154,0.2847853605304443
2019-08-21,2924.429931640625,2928.72998046875,2917.909912109375,2922.0400390625,3016540000.0,0.0082129795573529,0.1414127822782356
2019-08-22,2922.949951171875,2939.080078125,2904.510009765625,2930.93994140625,2893660000.0,-0.0005062029592785,0.1472957436916872
2019-08-23,2847.110107421875,2927.010009765625,2834.969970703125,2911.070068359375,3942520000.0,-0.0262888811228378,0.2413672273006172
2019-08-26,2878.3798828125,2879.27001953125,2856.0,2866.699951171875,2859790000.0,0.0109231127307978,0.2371322562548645
2019-08-27,2869.159912109375,2898.7900390625,2860.590087890625,2893.139892578125,3537490000.0,-0.0032083218005562,0.2334149986355586
2019-08-28,2887.93994140625,2890.030029296875,2853.050048828125,2861.280029296875,3102480000.0,0.0065241515305625,0.228945745063367
2019-08-29,2924.580078125,2930.5,2905.669921875,2910.3701171875,3177150000.0,0.0126074824410943,0.2537643221049936
2019-08-30,2926.4599609375,2940.429931640625,2913.320068359375,2937.090087890625,3009910000.0,0.0006425807598767,0.1066090839429476
2019-09-03,2906.27001953125,2914.389892578125,2891.85009765625,2909.010009765625,3427830000.0,-0.0069230093326854,0.1233599474836752
2019-09-04,2937.780029296875,2938.840087890625,2921.860107421875,2924.669921875,3167900000.0,0.0107837252784214,0.126603772459568
2019-09-05,2976.0,2985.860107421875,2960.60009765625,2960.60009765625,3902600000.0,0.0129259129217597,0.1397986720076032
2019-09-06,2978.7099609375,2985.030029296875,2972.510009765625,2980.330078125,3209340000.0,0.0009101908043767,0.1292750978662377
2019-09-09,2978.429931640625,2989.429931640625,2969.389892578125,2988.429931640625,4031120000.0,-9.401467889992668e-05,0.1304614032262778
2019-09-10,2979.389892578125,2979.389892578125,2957.010009765625,2971.010009765625,4393040000.0,0.000322252425931,0.1006573378481081
2019-09-11,3000.929931640625,3000.929931640625,2975.31005859375,2981.409912109375,3934370000.0,0.0072036723263872,0.0903061289795029
2019-09-12,3009.570068359375,3020.739990234375,3000.919921875,3009.080078125,3796990000.0,0.0028750162782333,0.0475805125789443
2019-09-13,3007.389892578125,3017.330078125,3002.89990234375,3012.2099609375,3557010000.0,-0.000724676876966,0.0517034905647757
2019-09-16,2997.9599609375,3002.18994140625,2990.669921875,2996.409912109375,4285860000.0,-0.0031405129163559,0.0625520219264797
2019-09-17,3005.699951171875,3006.2099609375,2993.72998046875,2995.669921875,3673250000.0,0.0025784253724619,0.0623644354945162
2019-09-18,3006.72998046875,3007.830078125,2978.570068359375,3001.5,3458800000.0,0.0003426332842671,0.0394264328377956
2019-09-19,3006.7900390625,3021.989990234375,3003.159912109375,3010.360107421875,3265660000.0,1.9974521929475905e-05,0.0327099991640645
2019-09-20,2992.070068359375,3016.3701171875,2984.679931640625,3008.419921875,6103440000.0,-0.0049075991048803,0.0472896323396205
2019-09-23,2991.780029296875,2999.14990234375,2982.22998046875,2983.5,3187250000.0,-9.694061782751376e-05,0.0434802079003796
2019-09-24,2966.60009765625,3007.97998046875,2957.72998046875,3002.429931640625,3872800000.0,-0.0084519889635514,0.0621734213436004
2019-09-25,2984.8701171875,2989.820068359375,2952.860107421875,2968.35009765625,3331200000.0,0.0061396852419639,0.0878770224104992
2019-09-26,2977.6201171875,2987.280029296875,2963.7099609375,2985.72998046875,3084910000.0,-0.0024318710096131,0.0869961734014845
2019-09-27,2961.7900390625,2987.31005859375,2945.530029296875,2985.469970703125,3246480000.0,-0.0053305345791285,0.0879486965761308
2019-09-30,2976.739990234375,2983.85009765625,2967.070068359375,2967.070068359375,3249130000.0,0.0050349102152483,0.1015630040106255
2019-10-01,2940.25,2992.530029296875,2938.699951171875,2983.68994140625,3560750000.0,-0.0123341269454128,0.1213089618725156
2019-10-02,2887.610107421875,2924.780029296875,2874.929931640625,2924.780029296875,3914180000.0,-0.0180654041876438,0.1416946459292398
2019-10-03,2910.6298828125,2911.1298828125,2855.93994140625,2885.3798828125,3515130000.0,0.0079403047738667,0.1760113986355579
2019-10-04,2952.010009765625,2953.739990234375,2918.56005859375,2918.56005859375,3005600000.0,0.0141167852392592,0.219387759130536
2019-10-07,2938.7900390625,2959.75,2935.679931640625,2944.22998046875,2959050000.0,-0.0044883522736815,0.2141648553039646
2019-10-08,2893.06005859375,2925.469970703125,2892.659912109375,2920.39990234375,3370700000.0,-0.0156831595521099,0.2248415917878225
2019-10-09,2919.39990234375,2929.320068359375,2907.409912109375,2911.10009765625,2735350000.0,0.0090632965148459,0.1922400014351704
2019-10-10,2938.1298828125,2948.4599609375,2917.1201171875,2918.550048828125,3234400000.0,0.0063952024117826,0.1896233380756346
2019-10-11,2970.27001953125,2993.280029296875,2963.070068359375,2963.070068359375,3581320000.0,0.010879579673789,0.177466188964684
2019-10-14,2966.14990234375,2972.840087890625,2962.93994140625,2965.81005859375,2559270000.0,-0.0013880816732189,0.1724633268497455
2019-10-15,2995.679931640625,3003.280029296875,2973.610107421875,2973.610107421875,3345090000.0,0.0099064453764891,0.0787659296675976
2019-10-16,2989.68994140625,2997.5400390625,2985.199951171875,2989.679931640625,3230320000.0,-0.0020015445531937,0.0972520670062668
2019-10-17,2997.949951171875,3008.2900390625,2991.7900390625,3000.77001953125,3103470000.0,0.0027590219697752,0.096821442912096
2019-10-18,2986.199951171875,3000.0,2976.31005859375,2996.840087890625,3268970000.0,-0.0039270457097998,0.0874477128520671
2019-10-21,3006.719970703125,3007.330078125,2995.35009765625,2996.47998046875,3271960000.0,0.0068481141053337,0.0922785567308391
2019-10-22,2995.989990234375,3014.570068359375,2995.0400390625,3010.72998046875,3527540000.0,-0.0035750492583768,0.0739126583827842
2019-10-23,3004.52001953125,3004.780029296875,2991.2099609375,2994.010009765625,3413600000.0,0.0028431033458307,0.0735633773182065
2019-10-24,3010.2900390625,3016.070068359375,3000.419921875,3014.780029296875,3696510000.0,0.0019186046591713,0.0725244956242931
2019-10-25,3022.550048828125,3027.389892578125,3001.93994140625,3003.320068359375,3379060000.0,0.004064429510656,0.0608033917304429
2019-10-28,3039.419921875,3044.080078125,3032.1201171875,3032.1201171875,3524970000.0,0.0055658199161177,0.0553574930218714
2019-10-29,3036.889892578125,3047.8701171875,3034.81005859375,3035.389892578125,3594430000.0,-0.0008327519564807,0.0382187507398427
2019-10-30,3046.77001953125,3050.10009765625,3025.9599609375,3039.739990234375,3779660000.0,0.0032480894008573,0.0384140245334277
2019-10-31,3037.56005859375,3046.89990234375,3023.18994140625,3046.89990234375,4149310000.0,-0.003027438634539,0.0570387018828727
2019-11-01,3066.909912109375,3066.949951171875,3050.719970703125,3050.719970703125,3956290000.0,0.0096159305596475,0.0799256173408107
2019-11-04,3078.27001953125,3085.199951171875,3074.8701171875,3078.9599609375,4178040000.0,0.0036972458053124,0.0770695627575788
2019-11-05,3074.6201171875,3083.949951171875,3072.14990234375,3080.800048828125,4490590000.0,-0.0011864027118206,0.0780789367683845
2019-11-06,3076.780029296875,3078.340087890625,3065.889892578125,3075.10009765625,4465510000.0,0.0007022505922896,0.0785698431070376
2019-11-07,3085.179931640625,3097.77001953125,3080.22998046875,3087.02001953125,4151990000.0,0.0027263752442806,0.0650058120300632
2019-11-08,3093.080078125,3093.090087890625,3073.580078125,3081.25,3508160000.0,0.0025574031451158,0.030847644600015
2019-11-11,3087.010009765625,3088.330078125,3075.820068359375,3080.330078125,3041120000.0,-0.0019643954133371,0.0337919044552561
2019-11-12,3091.840087890625,3102.610107421875,3084.72998046875,3089.280029296875,3495560000.0,0.001563423301263,0.030256618793002
2019-11-13,3094.0400390625,3098.06005859375,3078.800048828125,3084.179931640625,3513720000.0,0.0007112815701162,0.0302488864871632
2019-11-14,3096.6298828125,3098.199951171875,3083.260009765625,3090.75,3282090000.0,0.0008366926144567,0.0266872444313054
2019-11-15,3120.4599609375,3120.4599609375,3104.60009765625,3107.919921875,3359800000.0,0.0076660287779731,0.0565404490894818
2019-11-18,3122.030029296875,3124.169921875,3112.06005859375,3117.909912109375,3440140000.0,0.0005030263228096,0.0484247816518688
2019-11-19,3120.179931640625,3127.639892578125,3113.469970703125,3127.449951171875,3613670000.0,-0.0005927700996925,0.0526066700111468
2019-11-20,3108.4599609375,3118.969970703125,3091.409912109375,3114.659912109375,4041010000.0,-0.003763256420941,0.0663654021917739
2019-11-21,3103.5400390625,3110.110107421875,3094.550048828125,3108.489990234375,3744010000.0,-0.0015840060861895,0.0687614872278015
2019-11-22,3110.2900390625,3112.8701171875,3099.260009765625,3111.409912109375,3235270000.0,0.0021725739423759,0.0353759052488779
2019-11-25,3133.639892578125,3133.830078125,3117.43994140625,3117.43994140625,3514310000.0,0.0074792518874672,0.0687048788060063
2019-11-26,3140.52001953125,3142.68994140625,3131.0,3134.85009765625,4600450000.0,0.0021931636449402,0.0681386026857112
2019-11-27,3153.6298828125,3154.260009765625,3143.409912109375,3145.489990234375,3035470000.0,0.0041657356252997,0.0524733756797475
2019-11-28,3153.6298828125,3154.260009765625,3143.409912109375,3145.489990234375,3035470000.0,0.0041657356252997,0.0524733756797475
2019-11-29,3140.97998046875,3150.300048828125,3139.340087890625,3147.179931640625,1743420000.0,-0.004019286229989,0.0665113212843955
2019-12-02,3113.8701171875,3144.31005859375,3110.780029296875,3143.85009765625,3285750000.0,-0.0086684836939636,0.1032255436600638
2019-12-03,3093.199951171875,3094.969970703125,3070.330078125,3087.409912109375,3671580000.0,-0.0066602252580451,0.0884125543780893
2019-12-04,3112.760009765625,3119.3798828125,3102.530029296875,3103.5,3702980000.0,0.0063036576087699,0.1055921532230737
2019-12-05,3117.429931640625,3119.449951171875,3103.760009765625,3119.2099609375,3360480000.0,0.0014991269266302,0.0975284646442146
2019-12-06,3145.909912109375,3150.60009765625,3134.6201171875,3134.6201171875,3483310000.0,0.009094246030426,0.1239071375459924
2019-12-09,3135.9599609375,3148.8701171875,3135.4599609375,3141.860107421875,3400470000.0,-0.0031678336844743,0.103211311866205
2019-12-10,3132.52001953125,3142.1201171875,3126.090087890625,3135.360107421875,3346310000.0,-0.0010975361689841,0.0809509540144258
2019-12-11,3141.6298828125,3143.97998046875,3133.2099609375,3135.75,3257650000.0,0.0029039375293507,0.0742799570671349
2019-12-12,3168.570068359375,3176.280029296875,3138.469970703125,3141.22998046875,4003200000.0,0.008538667375555,0.0877899543979554
2019-12-13,3168.800048828125,3182.679931640625,3156.510009765625,3166.64990234375,3757650000.0,7.25791502146863e-05,0.0719076465901176
2019-12-16,3191.449951171875,3197.7099609375,3183.6298828125,3183.6298828125,4070200000.0,0.0071223609425427,0.0672324252492224
2019-12-17,3192.52001953125,3198.219970703125,3191.030029296875,3195.39990234375,3842940000.0,0.0003352360284609,0.0615810638325488
2019-12-18,3191.139892578125,3198.47998046875,3191.139892578125,3195.2099609375,4029950000.0,-0.0004323936405227,0.0687577734057723
2019-12-19,3205.3701171875,3205.47998046875,3192.320068359375,3192.320068359375,3784360000.0,0.0044493788218642,0.0527467555046491
2019-12-20,3221.219970703125,3225.64990234375,3216.030029296875,3223.330078125,6457480000.0,0.004932595804334,0.0510185471221754
2019-12-23,3224.010009765625,3227.780029296875,3222.300048828125,3226.050048828125,3064530000.0,0.0008657687142985,0.039343085518336
2019-12-24,3223.3798828125,3226.429931640625,3220.510009765625,3225.449951171875,1296530000.0,-0.0001954673024681,0.0409317443880146
2019-12-25,3223.3798828125,3226.429931640625,3220.510009765625,3225.449951171875,1296530000.0,-0.0001954673024681,0.0409317443880146
2019-12-26,3239.909912109375,3240.080078125,3227.199951171875,3227.199951171875,2164540000.0,0.0051150624100539,0.0397413703602136
2019-12-27,3240.02001953125,3247.929931640625,3234.3701171875,3247.22998046875,2429150000.0,3.3984139657930306e-05,0.0421216416490515
2019-12-30,3221.2900390625,3240.919921875,3216.570068359375,3240.090087890625,3021720000.0,-0.0057975960793499,0.0617704042401061
2019-12-31,3230.780029296875,3231.719970703125,3212.030029296875,3215.179931640625,2894760000.0,0.0029416906441907,0.0652540964476203
2020-01-02,3257.85009765625,3258.139892578125,3235.530029296875,3244.669921875,3459930000.0,0.0083438953623167,0.0852735814334803
2020-01-03,3234.85009765625,3246.14990234375,3222.340087890625,3226.360107421875,3484700000.0,-0.0070849093649545,0.1008983258702783
2020-01-06,3246.280029296875,3246.840087890625,3214.639892578125,3217.550048828125,3702460000.0,0.0035271451942725,0.1046326956394395
2020-01-07,3237.179931640625,3244.909912109375,3232.429931640625,3241.860107421875,3435910000.0,-0.0028071750845948,0.095230015854142
2020-01-08,3253.050048828125,3267.070068359375,3236.669921875,3238.590087890625,3726840000.0,0.0048904734856411,0.0986956703407678
2020-01-09,3274.699951171875,3275.580078125,3263.669921875,3266.030029296875,3641230000.0,0.0066332141169064,0.0915749469746014
2020-01-10,3265.35009765625,3282.989990234375,3260.860107421875,3281.81005859375,3214580000.0,-0.0028592624875049,0.07045816438672
2020-01-13,3288.1298828125,3288.1298828125,3268.429931640625,3271.1298828125,3459390000.0,0.0069519940459332,0.0791685870492777
2020-01-14,3283.14990234375,3294.25,3277.18994140625,3285.35009765625,3687620000.0,-0.0015156808368957,0.0740137705372455
2020-01-15,3289.2900390625,3298.659912109375,3280.68994140625,3282.27001953125,3721490000.0,0.0018684502436879,0.0717634610112114
2020-01-16,3316.81005859375,3317.110107421875,3302.820068359375,3302.969970703125,3540580000.0,0.008331747422232,0.0789987661764592
2020-01-17,3329.6201171875,3329.8798828125,3318.860107421875,3323.659912109375,3726220000.0,0.0038547232474851,0.0627062556055878
2020-01-20,3329.6201171875,3329.8798828125,3318.860107421875,3323.659912109375,3726220000.0,0.0038547232474851,0.0627062556055878
2020-01-21,3320.7900390625,3329.7900390625,3316.610107421875,3321.030029296875,4104840000.0,-0.0026555003695853,0.0699106375126933
2020-01-22,3321.75,3337.77001953125,3320.0400390625,3330.02001953125,3623780000.0,0.000289034296681,0.0652494609102462
2020-01-30,3283.659912109375,3285.909912109375,3242.800048828125,3256.449951171875,3790350000.0,0.003129456930211,0.1611870552459066
2020-01-31,3225.52001953125,3282.330078125,3214.679931640625,3282.330078125,4529700000.0,-0.0178644435713629,0.1926475543749365
2020-02-03,3248.919921875,3268.43994140625,3235.659912109375,3235.659912109375,3760460000.0,0.0072284257612325,0.1741627206535866
2020-02-04,3297.590087890625,3306.919921875,3280.610107421875,3280.610107421875,3996900000.0,0.014869315917506,0.1935440977600589
2020-02-05,3334.68994140625,3337.580078125,3313.75,3324.909912109375,4121480000.0,0.0111877786589729,0.2036985264177791
2020-02-06,3345.780029296875,3347.9599609375,3334.389892578125,3344.919921875,3887250000.0,0.0033201550570019,0.203668776858819
2020-02-07,3327.7099609375,3341.419921875,3322.1201171875,3335.5400390625,3733920000.0,-0.0054154910094583,0.1240596949423865
2020-02-10,3352.090087890625,3352.260009765625,3317.77001953125,3318.280029296875,3462730000.0,0.0072996901205732,0.1240965627210627
2020-02-11,3357.75,3375.6298828125,3352.719970703125,3365.8701171875,3762940000.0,0.0016870486860021,0.09922444034347
2020-02-12,3379.449951171875,3381.469970703125,3369.719970703125,3370.5,3930910000.0,0.006441853105203,0.0803291313192684
2020-02-13,3373.93994140625,3385.090087890625,3360.52001953125,3365.89990234375,3500890000.0,-0.0016317763599886,0.0853282475497259
2020-02-14,3380.159912109375,3380.68994140625,3366.14990234375,3378.080078125,3419700000.0,0.0018418360984854,0.058741390309281
2020-02-17,3380.159912109375,3380.68994140625,3366.14990234375,3378.080078125,3419700000.0,0.0018418360984854,0.058741390309281
2020-02-18,3370.2900390625,3375.010009765625,3355.610107421875,3369.0400390625,3750400000.0,-0.0029242139861477,0.0578308279333557
2020-02-19,3386.14990234375,3393.52001953125,3378.830078125,3380.389892578125,3614200000.0,0.0046947482842849,0.0634765433947291
2020-02-20,3373.22998046875,3389.14990234375,3341.02001953125,3380.449951171875,4019180000.0,-0.0038228174279975,0.0564505171734216
2020-02-21,3337.75,3360.760009765625,3328.449951171875,3360.5,3908780000.0,-0.0105738092328197,0.0929517799542979
2020-02-24,3225.889892578125,3259.81005859375,3214.64990234375,3257.610107421875,4851160000.0,-0.0340880794204407,0.2357999651177447
2020-02-25,3128.2099609375,3246.989990234375,3118.77001953125,3238.93994140625,5596760000.0,-0.0307479043753532,0.2685458453352718
2020-02-26,3116.389892578125,3182.510009765625,3108.989990234375,3139.89990234375,5484650000.0,-0.00378569732353,0.2340849159393734
2020-02-27,2978.760009765625,3097.070068359375,2977.389892578125,3062.5400390625,7064710000.0,-0.0451681363522611,0.2727074517237116
2020-02-28,2954.219970703125,2959.719970703125,2855.840087890625,2916.89990234375,8569570000.0,-0.008272463109653,0.2806822644043616
2020-03-02,3090.22998046875,3090.9599609375,2945.18994140625,2974.280029296875,6381330000.0,0.0450108687694132,0.5456057058887025
2020-03-03,3003.3701171875,3136.719970703125,2976.6298828125,3096.4599609375,6376510000.0,-0.0285104849229145,0.5400851788525162
2020-03-04,3130.1201171875,3130.969970703125,3034.3798828125,3045.75,5073020000.0,0.0413363493606331,0.6473729033582939
2020-03-05,3023.93994140625,3083.0400390625,2999.830078125,3075.699951171875,5579290000.0,-0.0345107824399811,0.6024802433213555
2020-03-06,2972.3701171875,2985.929931640625,2901.5400390625,2954.199951171875,6555240000.0,-0.0172009436523861,0.6161928638417168
2020-03-09,2746.56005859375,2863.889892578125,2734.429931640625,2863.889892578125,8441290000.0,-0.0790104129403714,0.6860628758347959
2020-03-10,2882.22998046875,2882.590087890625,2734.0,2813.47998046875,7642040000.0,0.0482150524258591,0.8483543697372595
2020-03-11,2741.3798828125,2825.60009765625,2707.219970703125,2825.60009765625,7431200000.0,-0.0501028928086054,0.7549752112729547
2020-03-12,2480.639892578125,2660.949951171875,2478.860107421875,2630.860107421875,8850810000.0,-0.0999448524024735,0.9228467821705306
2020-03-13,2711.02001953125,2711.330078125,2492.3701171875,2569.989990234375,8299070000.0,0.0888084069492359,1.310475623108027
2020-03-16,2386.1298828125,2562.97998046875,2380.93994140625,2508.590087890625,7805450000.0,-0.1276521974728174,1.4859422683349597
2020-03-17,2529.18994140625,2553.929931640625,2367.0400390625,2425.659912109375,8370250000.0,0.0582263126356917,1.519666261452356
2020-03-18,2398.10009765625,2453.570068359375,2280.52001953125,2436.5,8799300000.0,-0.0532222723320802,1.522923871240727
2020-03-19,2409.389892578125,2466.969970703125,2319.780029296875,2393.47998046875,7956100000.0,0.004696760970401,1.3806516630907593
2020-03-20,2304.919921875,2453.010009765625,2295.56005859375,2431.93994140625,9053950000.0,-0.0443276240533668,1.1009088234865154
2020-03-23,2237.39990234375,2300.72998046875,2191.860107421875,2290.7099609375,7411380000.0,-0.0297315010095767,0.7216127232164409
2020-03-24,2447.330078125,2449.7099609375,2344.43994140625,2344.43994140625,7563150000.0,0.0896832325179632,0.9232548800662544
2020-03-25,2475.56005859375,2571.419921875,2407.530029296875,2457.77001953125,8300010000.0,0.0114689904208222,0.8265216485448462
2020-03-26,2630.070068359375,2637.010009765625,2500.719970703125,2501.2900390625,7766990000.0,0.0605438310742465,0.910297128590249
2020-03-27,2541.469970703125,2615.909912109375,2520.02001953125,2555.8701171875,6201670000.0,-0.0342678455416263,0.8691018864927662
2020-03-30,2626.64990234375,2631.800048828125,2545.280029296875,2558.97998046875,5751120000.0,0.0329665905699747,0.7511493736583412
2020-03-31,2584.590087890625,2641.389892578125,2571.14990234375,2614.68994140625,6576210000.0,-0.0161423107884158,0.600467189035392
2020-04-01,2470.5,2522.75,2447.489990234375,2498.080078125,5964000000.0,-0.0451463627327869,0.7198248188746322
2020-04-03,2488.64990234375,2538.179931640625,2459.9599609375,2514.919921875,6096970000.0,-0.0152528608259442,0.504469766064381
2020-04-06,2663.679931640625,2676.85009765625,2574.570068359375,2578.280029296875,6403840000.0,0.0679682441448303,0.6929285705570585
2020-04-07,2659.409912109375,2756.889892578125,2657.669921875,2738.64990234375,7050410000.0,-0.0016043390483624,0.6753548532960065
2020-04-08,2749.97998046875,2760.75,2663.300048828125,2685.0,5875710000.0,0.0334893711912846,0.5137037847691058
2020-04-09,2789.820068359375,2818.570068359375,2762.360107421875,2776.989990234375,7899550000.0,0.0143834703036993,0.5158461665688645
2020-04-10,2789.820068359375,2818.570068359375,2762.360107421875,2776.989990234375,7899550000.0,0.0143834703036993,0.5158461665688645
2020-04-13,2761.6298828125,2782.4599609375,2721.169921875,2782.4599609375,5319530000.0,-0.0101560594446771,0.4948714543012116
2020-04-14,2846.06005859375,2851.85009765625,2805.10009765625,2805.10009765625,5615730000.0,0.0301145595723075,0.3036790836566706
2020-04-15,2783.360107421875,2801.8798828125,2761.5400390625,2795.639892578125,5208000000.0,-0.0222767326723692,0.3904340600481243
2020-04-16,2799.550048828125,2806.510009765625,2764.320068359375,2799.340087890625,5228810000.0,0.0057998378395412,0.3256185473107308
2020-04-17,2874.56005859375,2879.219970703125,2830.8798828125,2842.429931640625,5804810000.0,0.0264409320213205,0.360247676329073
2020-04-20,2823.159912109375,2868.97998046875,2820.429931640625,2845.6201171875,5228630000.0,-0.0180428456153477,0.3859440190602912
2020-04-21,2736.56005859375,2785.5400390625,2727.10009765625,2784.81005859375,5121010000.0,-0.0311551152363306,0.3737544202910823
2020-04-22,2799.31005859375,2815.10009765625,2775.949951171875,2787.889892578125,5084920000.0,0.0226713005821367,0.399741743348217
2020-04-23,2797.800048828125,2844.89990234375,2794.260009765625,2810.419921875,5773530000.0,-0.0005395676601955,0.3976167475712076
2020-04-24,2836.739990234375,2842.7099609375,2791.760009765625,2812.639892578125,5382810000.0,0.0138220905668392,0.3519734280887979
2020-04-27,2878.47998046875,2887.719970703125,2852.889892578125,2854.64990234375,5203930000.0,0.0146068681817359,0.3380576726705909
2020-04-28,2863.389892578125,2921.14990234375,2860.7099609375,2909.9599609375,5691160000.0,-0.0052561701904836,0.1837293726981744
2020-04-29,2939.510009765625,2954.860107421875,2912.159912109375,2918.4599609375,6645640000.0,0.026236704045073,0.2012747329791932
2020-05-04,2842.739990234375,2844.239990234375,2797.85009765625,2815.010009765625,4735930000.0,0.0042408225788494,0.3173311573873131
2020-05-05,2868.43994140625,2898.22998046875,2863.550048828125,2868.8798828125,5140290000.0,0.0089999351977798,0.3255598331936862
2020-05-06,2848.419921875,2891.110107421875,2847.64990234375,2883.139892578125,4892570000.0,-0.0070038803990425,0.2307953825921648
2020-05-07,2881.18994140625,2901.919921875,2876.47998046875,2878.260009765625,5178790000.0,0.0114389557548908,0.2591012583106714
2020-05-08,2929.800048828125,2932.159912109375,2902.8798828125,2908.830078125,4876030000.0,0.0167307950652262,0.1424386051607641
2020-05-11,2930.18994140625,2944.25,2903.43994140625,2915.4599609375,4819730000.0,0.0001330693667907,0.1500195017933939
2020-05-12,2870.1201171875,2945.820068359375,2869.590087890625,2939.5,5119630000.0,-0.0207133657720476,0.236633515723582
2020-05-13,2820.0,2874.139892578125,2793.14990234375,2865.860107421875,6151650000.0,-0.01761699662428,0.2668238323752091
2020-05-14,2852.5,2852.800048828125,2766.639892578125,2794.5400390625,5651130000.0,0.0114589178040714,0.2668872296831583
2020-05-15,2863.699951171875,2865.010009765625,2816.780029296875,2829.949951171875,5507700000.0,0.003918675203723,0.2219502124433515
2020-05-18,2953.909912109375,2968.090087890625,2913.860107421875,2913.860107421875,6373670000.0,0.0310152087700734,0.3400080471017142
2020-05-19,2922.93994140625,2964.2099609375,2922.35009765625,2948.590087890625,4984330000.0,-0.0105397477115992,0.3036495103294586
2020-05-20,2971.610107421875,2980.2900390625,2953.6298828125,2953.6298828125,5005380000.0,0.0165139906134157,0.2438614134100205
2020-05-21,2948.510009765625,2978.5,2938.570068359375,2969.949951171875,4976620000.0,-0.0078039683099536,0.2752776773614395
2020-05-22,2955.449951171875,2956.760009765625,2933.590087890625,2948.050048828125,3970860000.0,0.0023509456868123,0.2764695989094675
2020-05-25,2955.449951171875,2956.760009765625,2933.590087890625,2948.050048828125,3970860000.0,0.0023509456868123,0.2764695989094675
2020-05-26,2991.77001953125,3021.719970703125,2988.169921875,3004.080078125,5848500000.0,0.0122142850214605,0.1889961956858404
2020-05-27,3036.1298828125,3036.25,2969.75,3015.64990234375,6398000000.0,0.0147184474903143,0.1619390348534062
2020-05-28,3029.72998046875,3068.669921875,3023.39990234375,3046.610107421875,5447020000.0,-0.0021101393249195,0.150947071224554
2020-05-29,3044.31005859375,3049.169921875,2998.610107421875,3025.169921875,7297550000.0,0.0048007935523079,0.1106605557501745
2020-06-01,3055.72998046875,3062.179931640625,3031.5400390625,3038.780029296875,4684170000.0,0.0037442164783643,0.1078595215410662
2020-06-02,3080.820068359375,3081.070068359375,3051.639892578125,3064.780029296875,5197150000.0,0.0081773072823986,0.0981666642868543
2020-06-03,3122.8701171875,3130.93994140625,3098.89990234375,3098.89990234375,6005560000.0,0.0135566708125639,0.0916999617514857
2020-06-04,3112.35009765625,3128.909912109375,3090.409912109375,3111.56005859375,6451290000.0,-0.0033743890836089,0.0986053158963913
2020-06-05,3193.929931640625,3211.719970703125,3163.840087890625,3163.840087890625,8639300000.0,0.0258740128216358,0.1748264938938243
2020-06-08,3232.389892578125,3233.1298828125,3196.0,3199.919921875,8498300000.0,0.011969656405806,0.1670625368320819
2020-06-09,3207.179931640625,3222.7099609375,3193.110107421875,3213.320068359375,6410930000.0,-0.0078297434197219,0.2167996512244145
2020-06-10,3190.139892578125,3223.27001953125,3181.489990234375,3213.419921875,6598870000.0,-0.005327255735182,0.2276989942677227
2020-06-11,3002.10009765625,3123.530029296875,2999.489990234375,3123.530029296875,7037320000.0,-0.0607526929962889,0.5224835603203434
2020-06-12,3041.31005859375,3088.419921875,2984.469970703125,3071.0400390625,5845330000.0,0.0129762866052117,0.4770772417822984
2020-06-15,3066.590087890625,3079.760009765625,2965.659912109375,2993.760009765625,5757480000.0,0.0082778608181752,0.4670829448100324
2020-06-16,3124.739990234375,3153.449951171875,3076.06005859375,3131.0,5845810000.0,0.0187848528667105,0.5127626289673679
2020-06-17,3113.489990234375,3141.159912109375,3108.030029296875,3136.1298828125,4560450000.0,-0.0036067962326294,0.512882916283621
2020-06-18,3115.340087890625,3120.0,3093.510009765625,3101.639892578125,4448690000.0,0.0005940434038017,0.1439580158166192
2020-06-19,3097.739990234375,3155.530029296875,3083.110107421875,3140.2900390625,8346650000.0,-0.0056655135656737,0.1585973784389774
2020-06-22,3117.860107421875,3120.919921875,3079.389892578125,3094.419921875,4686690000.0,0.0064740932966583,0.1557928891867509
2020-06-23,3131.2900390625,3154.89990234375,3127.1201171875,3138.699951171875,4711850000.0,0.0042981691914837,0.0813214523469902
2020-06-24,3050.330078125,3115.010009765625,3032.1298828125,3114.39990234375,5597680000.0,-0.0261952655956623,0.2092526190492338
2020-06-25,3083.760009765625,3086.25,3024.010009765625,3046.60009765625,4847690000.0,0.0108998277282181,0.2350181208407283
2020-06-26,3009.050048828125,3073.72998046875,3004.6298828125,3073.199951171875,8107850000.0,-0.0245252042748311,0.2859736855850918
2020-06-29,3053.239990234375,3053.889892578125,2999.739990234375,3018.590087890625,4473970000.0,0.0145788881135335,0.3124673502190362
2020-06-30,3100.2900390625,3111.510009765625,3047.830078125,3050.199951171875,4705850000.0,0.0152923494357555,0.3398299495172811
2020-07-01,3115.860107421875,3128.43994140625,3101.169921875,3105.919921875,4449230000.0,0.0050095639758705,0.2634198601568635
2020-07-02,3130.010009765625,3165.81005859375,3124.52001953125,3143.639892578125,4197720000.0,0.0045309704768169,0.2570970793934242
2020-07-03,3130.010009765625,3165.81005859375,3124.52001953125,3143.639892578125,4197720000.0,0.0045309704768169,0.2570970793934242
2020-07-06,3179.719970703125,3182.590087890625,3155.2900390625,3155.2900390625,4759160000.0,0.0157569308321632,0.0910500487048123
2020-07-07,3145.320068359375,3184.14990234375,3142.929931640625,3166.43994140625,4571330000.0,-0.0108774778696435,0.1719871570791655
2020-07-08,3169.93994140625,3171.800048828125,3136.530029296875,3153.070068359375,4937310000.0,0.0077969862634302,0.1535607432512768
2020-07-09,3152.050048828125,3179.780029296875,3115.699951171875,3176.169921875,4843650000.0,-0.0056595914761946,0.1689877780198379
2020-07-10,3185.0400390625,3186.820068359375,3136.219970703125,3152.469970703125,4524190000.0,0.010411809774443,0.1787342921240215
2020-07-13,3155.219970703125,3235.320068359375,3149.429931640625,3205.080078125,4902440000.0,-0.0094066452160588,0.1579630113021585
2020-07-14,3197.52001953125,3200.949951171875,3127.659912109375,3141.110107421875,4507140000.0,0.0133173005829039,0.1612805907238439
2020-07-15,3226.56005859375,3238.280029296875,3200.760009765625,3225.97998046875,4686830000.0,0.009041056936355,0.1636936397514471
2020-07-16,3215.570068359375,3220.389892578125,3198.590087890625,3208.360107421875,3972860000.0,-0.0034119152141152,0.1563477460100243
2020-07-17,3224.72998046875,3233.52001953125,3205.64990234375,3224.2099609375,4012850000.0,0.0028445625875835,0.1456295565065029
2020-07-20,3251.840087890625,3258.610107421875,3215.159912109375,3224.2900390625,3979340000.0,0.0083717972551403,0.1025571747371882
2020-07-21,3257.300048828125,3277.2900390625,3247.77001953125,3268.52001953125,4556610000.0,0.00167762933456,0.0816239833777224
2020-07-22,3276.02001953125,3279.320068359375,3253.10009765625,3254.860107421875,4267160000.0,0.0057306305944738,0.0706321872824545
2020-07-23,3235.659912109375,3279.989990234375,3222.659912109375,3271.639892578125,4296760000.0,-0.0123963784122468,0.1279216198456743
2020-07-24,3215.6298828125,3227.260009765625,3200.050048828125,3218.580078125,3689410000.0,-0.0062096400242761,0.1366439637851788
2020-07-27,3239.409912109375,3241.429931640625,3214.25,3219.840087890625,3970310000.0,0.0073679288214823,0.1326346363606785
2020-07-28,3218.43994140625,3243.719970703125,3216.169921875,3234.27001953125,4053180000.0,-0.0064944354186463,0.1358001118124252
2020-07-29,3258.43994140625,3264.739990234375,3227.219970703125,3227.219970703125,4478200000.0,0.0123517833517425,0.1656339580613258
2020-07-30,3246.219970703125,3250.919921875,3204.1298828125,3231.760009765625,4264920000.0,-0.0037573017634548,0.1373819694853156
2020-07-31,3271.1201171875,3272.169921875,3220.260009765625,3270.449951171875,5007530000.0,0.0076412362421762,0.1287185242533522
2020-08-03,3294.610107421875,3302.72998046875,3284.530029296875,3288.260009765625,4438940000.0,0.0071553626643586,0.1283161970152139
2020-08-04,3306.510009765625,3306.840087890625,3286.3701171875,3289.919921875,4414380000.0,0.0036054230261335,0.0950843298993375
2020-08-05,3327.77001953125,3330.77001953125,3317.3701171875,3317.3701171875,4535060000.0,0.0064091604355179,0.0749338390483408
2020-08-06,3349.159912109375,3351.030029296875,3318.139892578125,3323.169921875,4278930000.0,0.0064071260206648,0.0248460479515247
2020-08-07,3351.280029296875,3352.5400390625,3328.719970703125,3340.050048828125,4110030000.0,0.0006328292699566,0.043112880140901
2020-08-10,3360.469970703125,3363.2900390625,3335.43994140625,3356.0400390625,4327920000.0,0.0027384652733919,0.039427257160443
2020-08-11,3333.68994140625,3381.010009765625,3326.43994140625,3370.340087890625,4880540000.0,-0.0080010554013772,0.0941297123792849
2020-08-12,3380.35009765625,3387.889892578125,3355.4599609375,3355.4599609375,3772250000.0,0.0138995022936135,0.1272466195146588
2020-08-13,3373.429931640625,3387.239990234375,3363.35009765625,3372.949951171875,3438730000.0,-0.0020492726761566,0.1277097007802149
2020-08-14,3372.85009765625,3378.510009765625,3361.639892578125,3368.659912109375,3200060000.0,-0.000171897396279,0.1281587475522126
2020-08-17,3381.989990234375,3387.590087890625,3379.219970703125,3380.860107421875,3460330000.0,0.0027061775074234,0.1281358517783419
2020-08-18,3389.780029296875,3395.06005859375,3370.14990234375,3387.0400390625,3669550000.0,0.0023007404198168,0.0986145970633603
2020-08-19,3374.85009765625,3399.5400390625,3369.659912109375,3392.510009765625,3679480000.0,-0.004414123345182,0.0474910743112293
2020-08-20,3385.510009765625,3390.800048828125,3354.68994140625,3360.47998046875,3431040000.0,0.0031536547683461,0.0498980573223338
2020-08-21,3397.159912109375,3399.9599609375,3379.31005859375,3386.010009765625,3505010000.0,0.0034351999829724,0.052369161752641
2020-08-24,3431.280029296875,3432.090087890625,3413.1298828125,3418.090087890625,3743410000.0,0.0099936153649035,0.0811486613339335
2020-08-25,3443.6201171875,3444.2099609375,3425.840087890625,3435.949951171875,3627650000.0,0.0035898997455401,0.0810711457945839
2020-08-26,3478.72998046875,3481.070068359375,3444.14990234375,3449.969970703125,3780530000.0,0.0101440013448414,0.0581049037690682
2020-08-27,3484.550048828125,3501.3798828125,3468.35009765625,3485.139892578125,3955890000.0,0.0016716460318091,0.0634838415904127
2020-08-28,3508.010009765625,3509.22998046875,3484.320068359375,3494.68994140625,3868510000.0,0.0067100028495702,0.0600716057854531
2020-08-31,3500.31005859375,3514.77001953125,3493.25,3509.72998046875,4348280000.0,-0.0021973751755085,0.0749170831662735
2020-09-01,3526.64990234375,3528.030029296875,3494.60009765625,3507.43994140625,4101490000.0,0.0074968314207059,0.0786641937800902
2020-09-03,3455.06005859375,3564.85009765625,3427.409912109375,3564.739990234375,4911830000.0,-0.0357575941421853,0.3177626114336336
2020-09-04,3426.9599609375,3479.14990234375,3349.6298828125,3453.60009765625,4438720000.0,-0.0081662807542751,0.3104244263461815
2020-09-07,3426.9599609375,3479.14990234375,3349.6298828125,3453.60009765625,4438720000.0,-0.0081662807542751,0.3104244263461815
2020-09-08,3331.840087890625,3379.969970703125,3329.27001953125,3371.8798828125,4694330000.0,-0.0281488290864667,0.3495780726735805
2020-09-09,3398.9599609375,3424.77001953125,3366.840087890625,3369.820068359375,3932520000.0,0.0199447606621803,0.3965424353572441
2020-09-10,3339.18994140625,3425.550048828125,3329.25,3412.56005859375,4208630000.0,-0.0177412459253955,0.3435882038675485
2020-09-11,3340.969970703125,3368.949951171875,3310.469970703125,3352.699951171875,3710090000.0,0.0005329301580873,0.2912408390374896
2020-09-14,3383.5400390625,3402.929931640625,3363.56005859375,3363.56005859375,3839580000.0,0.0126613350250229,0.3207453479253168
2020-09-15,3401.199951171875,3419.47998046875,3389.25,3407.72998046875,4057190000.0,0.0052057859304996,0.2266412675130044
2020-09-16,3385.489990234375,3428.919921875,3384.449951171875,3411.22998046875,4718900000.0,-0.0046296468921518,0.1811234646695443
2020-09-17,3357.010009765625,3375.169921875,3328.820068359375,3346.860107421875,4379840000.0,-0.0084479495285524,0.131583632706484
2020-09-18,3319.469970703125,3362.27001953125,3292.39990234375,3357.3798828125,7076400000.0,-0.0112455769478285,0.1584149368478627
2020-09-21,3281.06005859375,3285.570068359375,3229.10009765625,3285.570068359375,4836070000.0,-0.0116385640272977,0.1101635810266228
2020-09-22,3315.570068359375,3320.31005859375,3270.949951171875,3295.75,3974510000.0,0.0104630163983761,0.1450930046649909
2020-09-23,3236.919921875,3323.35009765625,3232.570068359375,3320.110107421875,4378650000.0,-0.0240073389143741,0.1970511123573262
2020-09-24,3246.590087890625,3278.699951171875,3209.449951171875,3226.139892578125,4601920000.0,0.002983005554629,0.2148819729260962
2020-09-25,3298.4599609375,3306.8798828125,3228.43994140625,3236.659912109375,3803330000.0,0.0158504392241884,0.2600410675589626
2020-09-28,3351.60009765625,3360.739990234375,3332.909912109375,3333.89990234375,3950910000.0,0.0159821918538544,0.2645498137220897
2020-09-29,3335.469970703125,3357.919921875,3327.5400390625,3350.919921875,3661590000.0,-0.0048242827044439,0.264207988233253
2020-09-30,3363.0,3393.56005859375,3340.469970703125,3341.2099609375,4738640000.0,0.0082198425683796,0.1407348337730018
2020-10-01,3380.800048828125,3397.179931640625,3361.389892578125,3385.8701171875,4076340000.0,0.005278949564295,0.1368360519377949
2020-10-02,3348.419921875,3369.10009765625,3323.68994140625,3338.93994140625,3975180000.0,-0.0096238128663708,0.1629666315042807
2020-10-05,3408.60009765625,3409.570068359375,3367.27001953125,3367.27001953125,3692720000.0,0.0178131090029009,0.172396326395906
2020-10-06,3360.969970703125,3431.56005859375,3354.5400390625,3408.739990234375,4453390000.0,-0.0140720643875232,0.2087633556794171
2020-10-07,3419.43994140625,3426.260009765625,3384.56005859375,3384.56005859375,3814750000.0,0.0172471637702415,0.2351731326710746
2020-10-08,3446.830078125,3447.280029296875,3428.14990234375,3434.280029296875,3867640000.0,0.0079782128948692,0.237354002035562
2020-10-09,3477.139892578125,3482.340087890625,3458.070068359375,3459.669921875,3944090000.0,0.0087550951807528,0.2052229949550632
2020-10-12,3534.219970703125,3549.85009765625,3499.610107421875,3500.02001953125,3435760000.0,0.0162825301583242,0.2006344411926452
2020-10-13,3511.929931640625,3534.010009765625,3500.860107421875,3534.010009765625,3611100000.0,-0.0063268916291632,0.1499368524468124
2020-10-14,3488.669921875,3527.93994140625,3480.550048828125,3515.469970703125,3858510000.0,-0.0066451720840594,0.1605723638451919
2020-10-15,3483.340087890625,3489.080078125,3440.889892578125,3453.719970703125,3724550000.0,-0.001528923514213,0.159949710599543
2020-10-16,3483.81005859375,3515.760009765625,3480.449951171875,3493.5,4688030000.0,0.0001349104566304,0.1486895563236057
2020-10-19,3426.919921875,3502.419921875,3419.929931640625,3493.659912109375,4091080000.0,-0.0164646635149426,0.1027320812564273
2020-10-20,3443.1201171875,3476.929931640625,3435.64990234375,3439.3798828125,3917850000.0,0.0047161953200011,0.1283607636111542
2020-10-21,3435.56005859375,3464.860107421875,3433.06005859375,3439.909912109375,4103960000.0,-0.0021981140115702,0.1263615770726992
2020-10-22,3453.489990234375,3460.530029296875,3415.340087890625,3438.5,4172060000.0,0.0052053540034913,0.1398533147652598
2020-10-23,3465.389892578125,3466.4599609375,3440.449951171875,3464.89990234375,3651600000.0,0.0034398383203894,0.1445074245481642
2020-10-26,3400.969970703125,3441.419921875,3364.860107421875,3441.419921875,4002210000.0,-0.018764472985322,0.1600399596946351
2020-10-27,3390.679931640625,3409.510009765625,3388.7099609375,3403.14990234375,3962400000.0,-0.0030302053504455,0.1501668302665461
2020-10-28,3271.030029296875,3342.47998046875,3268.889892578125,3342.47998046875,5139970000.0,-0.0359255421085777,0.2760052306055892
2020-10-29,3310.110107421875,3341.050048828125,3259.820068359375,3277.169921875,4911860000.0,0.0118765249399974,0.3017408522648929
2020-10-30,3269.9599609375,3304.929931640625,3233.93994140625,3293.590087890625,4843930000.0,-0.0122037134452599,0.2826391704096828
2020-11-02,3310.239990234375,3330.139892578125,3279.739990234375,3296.199951171875,4314690000.0,0.0122429508905916,0.3168413058728617
2020-11-03,3369.159912109375,3389.489990234375,3336.25,3336.25,4241380000.0,0.0176427376840778,0.3579406933093072
2020-11-04,3443.43994140625,3486.25,3405.169921875,3406.4599609375,4790400000.0,0.0218075256550917,0.2098518919896499
2020-11-05,3510.449951171875,3529.050048828125,3485.739990234375,3485.739990234375,4858150000.0,0.0192732657767012,0.2197488725755959
2020-11-06,3509.43994140625,3521.580078125,3484.340087890625,3508.340087890625,4842460000.0,-0.0002877565853738,0.13956243194979
2020-11-09,3550.5,3645.989990234375,3547.47998046875,3583.0400390625,8570510000.0,0.0116319747463441,0.1401506305890588
2020-11-10,3545.530029296875,3557.219970703125,3511.909912109375,3543.260009765625,6037470000.0,-0.0014007752208676,0.1709147638289334
2020-11-11,3572.659912109375,3581.159912109375,3557.0,3563.219970703125,4635560000.0,0.0076227283629914,0.1364385434179657
2020-11-12,3537.010009765625,3569.02001953125,3518.580078125,3562.669921875,4909660000.0,-0.0100286515470693,0.1339174486362439
2020-11-13,3585.14990234375,3593.659912109375,3552.570068359375,3552.570068359375,4719580000.0,0.013518546706294,0.1562619734265117
2020-11-16,3626.909912109375,3628.510009765625,3600.159912109375,3600.159912109375,5295510000.0,0.0115807349228326,0.1561102116367069
2020-11-17,3609.530029296875,3623.110107421875,3588.679931640625,3610.31005859375,4812180000.0,-0.0048034437846475,0.1654698782753422
2020-11-18,3567.7900390625,3619.090087890625,3567.330078125,3612.090087890625,5284810000.0,-0.0116312106474813,0.1903988895518514
2020-11-19,3581.8701171875,3585.219970703125,3543.840087890625,3559.409912109375,4363370000.0,0.0039386756907327,0.1700439124534776
2020-11-20,3557.5400390625,3581.22998046875,3556.85009765625,3579.31005859375,4236370000.0,-0.0068157373729185,0.1468896834852121
2020-11-23,3577.590087890625,3589.81005859375,3552.77001953125,3566.820068359375,5057550000.0,0.0056201081818496,0.1162256746590247
2020-11-24,3635.409912109375,3642.31005859375,3594.52001953125,3594.52001953125,6280290000.0,0.0160324588140317,0.1731103374527465
2020-11-25,3629.64990234375,3635.5,3617.760009765625,3635.5,4910440000.0,-0.0015856747555094,0.1360976616406932
2020-11-26,3629.64990234375,3635.5,3617.760009765625,3635.5,4910440000.0,-0.0015856747555094,0.1360976616406932
2020-11-27,3638.35009765625,3644.31005859375,3629.330078125,3638.550048828125,2778390000.0,0.0023941110259011,0.136181372101817
2020-11-30,3621.6298828125,3634.179931640625,3594.389892578125,3634.179931640625,6308410000.0,-0.004606140636972,0.1265808589473642
2020-12-01,3662.449951171875,3678.449951171875,3645.8701171875,3645.8701171875,5418480000.0,0.0112081406615929,0.1379829332059525
2020-12-02,3669.010009765625,3670.9599609375,3644.840087890625,3653.780029296875,5041250000.0,0.0017895645286042,0.0943697832380213
2020-12-03,3666.719970703125,3682.72998046875,3657.169921875,3668.280029296875,5065340000.0,-0.0006243520802942,0.0923974683521087
2020-12-04,3699.1201171875,3699.199951171875,3670.93994140625,3670.93994140625,5099620000.0,0.0087974637151868,0.1043828786087755
2020-12-07,3691.9599609375,3697.409912109375,3678.8798828125,3694.72998046875,4804500000.0,-0.0019375134389632,0.0926927549066463
2020-12-08,3702.25,3708.449951171875,3678.830078125,3683.050048828125,4584390000.0,0.0027832711701704,0.065990919491273
2020-12-09,3672.820068359375,3712.389892578125,3660.5400390625,3705.97998046875,5232800000.0,-0.0079809649484717,0.0981033323865392
2020-12-10,3668.10009765625,3678.489990234375,3645.179931640625,3659.1298828125,4658480000.0,-0.0012859345277717,0.0985681129557486
2020-12-11,3663.4599609375,3665.909912109375,3633.39990234375,3656.080078125,4375470000.0,-0.0012657980842328,0.0613200359538544
2020-12-14,3647.489990234375,3697.610107421875,3645.840087890625,3675.27001953125,4623850000.0,-0.0043687882451469,0.0637032538017116
2020-12-15,3694.6201171875,3695.2900390625,3659.6201171875,3666.409912109375,4387080000.0,0.0128384820222186,0.125502369404679
2020-12-16,3701.169921875,3711.27001953125,3688.570068359375,3696.25,4067040000.0,0.001771225620323,0.10603925448912
2020-12-17,3722.47998046875,3725.1201171875,3710.8701171875,3713.64990234375,4192810000.0,0.0057411428089832,0.1059852132297871
2020-12-18,3709.409912109375,3726.699951171875,3685.840087890625,3722.389892578125,7097100000.0,-0.0035172969521487,0.1126162347207234
2020-12-21,3694.919921875,3702.89990234375,3636.47998046875,3684.280029296875,4748580000.0,-0.0039139284869094,0.1109034786346047
2020-12-22,3687.260009765625,3698.260009765625,3676.159912109375,3698.080078125,4053310000.0,-0.0020752446917703,0.0651142857936584
2020-12-23,3690.010009765625,3711.239990234375,3689.280029296875,3693.419921875,3779160000.0,0.0007455332718186,0.0633438436651284
2020-12-24,3703.06005859375,3703.820068359375,3689.320068359375,3694.030029296875,1883780000.0,0.0035303499794869,0.0499127936367165
2020-12-25,3703.06005859375,3703.820068359375,3689.320068359375,3694.030029296875,1883780000.0,0.0035303499794869,0.0499127936367165
2020-12-28,3735.360107421875,3740.510009765625,3723.030029296875,3723.030029296875,3535460000.0,0.0086847075384115,0.0787144639400145
2020-12-29,3727.0400390625,3756.1201171875,3723.31005859375,3750.010009765625,3393290000.0,-0.0022298648272786,0.0721979538996696
2020-12-30,3732.0400390625,3744.6298828125,3730.2099609375,3736.18994140625,3154850000.0,0.0013406480950792,0.0645164275825701
2020-12-31,3756.070068359375,3760.199951171875,3726.8798828125,3733.27001953125,3179040000.0,0.0064182047117037,0.0677602917659351
2021-01-04,3700.64990234375,3769.989990234375,3662.7099609375,3764.610107421875,5015000000.0,-0.0148647627120257,0.1472705062526156
2021-01-05,3726.860107421875,3737.830078125,3695.070068359375,3698.02001953125,4591020000.0,0.007057631383362,0.1414739155790759
2021-01-06,3748.139892578125,3783.0400390625,3705.340087890625,3712.199951171875,6064110000.0,0.005693603382474,0.1463137986474839
2021-01-07,3803.7900390625,3811.550048828125,3764.7099609375,3764.7099609375,5099160000.0,0.0147382601077529,0.1755320476213449
2021-01-08,3824.679931640625,3826.68994140625,3783.60009765625,3815.050048828125,4773040000.0,0.0054768373935153,0.1747759427517619
2021-01-11,3799.610107421875,3817.860107421875,3789.02001953125,3803.139892578125,4465430000.0,-0.0065763276166213,0.1212611238528455
2021-01-12,3801.18994140625,3810.780029296875,3776.510009765625,3801.6201171875,4994950000.0,0.0004157020305695,0.1242510558378174
2021-01-13,3809.840087890625,3820.9599609375,3791.5,3802.22998046875,4602510000.0,0.0022730563867261,0.1235976228520196
2021-01-14,3795.5400390625,3823.60009765625,3792.860107421875,3814.97998046875,5198480000.0,-0.0037605130687431,0.0760412224316288
2021-01-15,3768.25,3788.72998046875,3749.6201171875,3788.72998046875,5369820000.0,-0.0072160007982785,0.0666973126839738
2021-01-18,3768.25,3788.72998046875,3749.6201171875,3788.72998046875,5369820000.0,-0.0072160007982785,0.0666973126839738
2021-01-19,3798.909912109375,3804.530029296875,3780.3701171875,3781.8798828125,5014440000.0,0.0081034576357616,0.0929746738737539
2021-01-20,3851.85009765625,3859.75,3816.219970703125,3816.219970703125,4566190000.0,0.0138394173765108,0.1359839418040991
2021-01-21,3853.070068359375,3861.449951171875,3845.050048828125,3857.4599609375,4501760000.0,0.0003166731613135,0.1370289446088031
2021-01-22,3841.469970703125,3852.31005859375,3830.409912109375,3844.239990234375,5110890000.0,-0.0030151526629377,0.1350549210511218
2021-01-25,3855.360107421875,3859.22998046875,3797.159912109375,3851.679931640625,7000840000.0,0.0036093175130174,0.1049866970264707
2021-01-26,3849.6201171875,3870.89990234375,3847.780029296875,3862.9599609375,6137500000.0,-0.0014899431611535,0.1067260613915077
2021-01-27,3750.77001953125,3836.830078125,3732.47998046875,3836.830078125,9976520000.0,-0.0260133151261003,0.1877793468213423
2021-01-28,3787.3798828125,3830.5,3755.75,3755.75,6992770000.0,0.0097132987787603,0.2153673946227136
2021-01-29,3714.239990234375,3778.050048828125,3694.1201171875,3778.050048828125,6643370000.0,-0.019500377654792,0.2433089233759744
2021-02-01,3773.860107421875,3784.320068359375,3725.6201171875,3731.169921875,5436230000.0,0.0159243002346786,0.2879164033725029
2021-02-02,3826.31005859375,3843.090087890625,3791.840087890625,3791.840087890625,5514090000.0,0.0138025288143106,0.3162994165756439
2021-02-03,3830.169921875,3847.510009765625,3816.679931640625,3840.27001953125,4864870000.0,0.0010082606153447,0.2289397396352551
2021-02-04,3871.739990234375,3872.419921875,3836.659912109375,3836.659912109375,4879240000.0,0.0107948476439219,0.2307056616235113
2021-02-05,3886.830078125,3894.56005859375,3874.929931640625,3878.300048828125,4879470000.0,0.0038899196077638,0.1017013633541237
2021-02-08,3915.590087890625,3915.77001953125,3892.590087890625,3892.590087890625,4648360000.0,0.007372107476289,0.0815993087462695
2021-02-09,3911.22998046875,3918.35009765625,3902.639892578125,3910.489990234375,4568320000.0,-0.0011141454217211,0.0760887934451257
2021-02-17,3931.330078125,3933.610107421875,3900.429931640625,3918.5,4730650000.0,-0.0003204533489169,0.035620533762372
2021-02-18,3913.969970703125,3921.97998046875,3885.030029296875,3915.860107421875,4793650000.0,-0.0044256142272433,0.0530332545534514
2021-02-19,3906.7099609375,3930.409912109375,3903.070068359375,3921.159912109375,4845320000.0,-0.0018566190956649,0.0528453420368184
2021-02-22,3876.5,3902.919921875,3874.7099609375,3885.550048828125,5917100000.0,-0.0077628928937108,0.0496390167108843
2021-02-23,3881.3701171875,3895.97998046875,3805.590087890625,3857.070068359375,6296610000.0,0.0012555296115265,0.0564605861129885
2021-02-24,3925.429931640625,3928.64990234375,3859.60009765625,3873.7099609375,6012790000.0,0.0112876676709859,0.1155224268550538
2021-02-25,3829.340087890625,3925.02001953125,3814.0400390625,3915.800048828125,6547470000.0,-0.0247833944241718,0.2116948505396469
2021-02-26,3811.14990234375,3861.080078125,3789.5400390625,3839.659912109375,6526070000.0,-0.0047615322937987,0.2105216262497188
2021-03-01,3901.820068359375,3914.5,3842.510009765625,3842.510009765625,5114820000.0,0.0235121732256935,0.2873046633218896
2021-03-02,3870.2900390625,3906.409912109375,3868.570068359375,3903.639892578125,5536010000.0,-0.0081136787395087,0.2949968638209632
2021-03-03,3819.719970703125,3874.469970703125,3818.860107421875,3863.989990234375,6173660000.0,-0.0131523358948011,0.2839143963236706
2021-03-04,3768.469970703125,3843.669921875,3723.340087890625,3818.530029296875,7195400000.0,-0.0135080380643904,0.2440531151166507
2021-03-05,3841.93994140625,3851.68994140625,3730.18994140625,3793.580078125,6851070000.0,0.0193083563387091,0.289896567697091
2021-03-08,3821.35009765625,3881.06005859375,3819.25,3844.389892578125,5871710000.0,-0.0053736432240254,0.215349250142951
2021-03-09,3875.43994140625,3903.760009765625,3851.929931640625,3851.929931640625,5513560000.0,0.0140554007439305,0.2452008193607627
2021-03-10,3898.81005859375,3917.35009765625,3885.72998046875,3891.989990234375,5847380000.0,0.0060122037709881,0.2150180765622812
2021-03-11,3939.340087890625,3960.27001953125,3915.5400390625,3915.5400390625,5312880000.0,0.0103418255006576,0.1482933742080909
2021-03-12,3943.340087890625,3944.989990234375,3915.2099609375,3924.52001953125,4476280000.0,0.0010148833275308,0.1216325018669021
2021-03-15,3968.93994140625,3970.080078125,3923.5400390625,3942.9599609375,4900100000.0,0.006470939539413,0.0779094127043766
2021-03-16,3962.7099609375,3981.0400390625,3953.43994140625,3973.590087890625,4613080000.0,-0.0015709169785959,0.0750016660362799
2021-03-17,3974.1201171875,3983.8701171875,3935.739990234375,3949.570068359375,4561660000.0,0.0028752446501592,0.0741972833025843
2021-03-18,3915.4599609375,3969.6201171875,3910.860107421875,3953.5,5118590000.0,-0.0148705600659477,0.1297873637022177
2021-03-19,3913.10009765625,3930.1201171875,3886.75,3913.139892578125,7757420000.0,-0.000602885673755,0.1285375742281296
2021-03-22,3940.590087890625,3955.31005859375,3914.159912109375,3916.47998046875,4316260000.0,0.0070005568983427,0.1306545250514714
2021-03-23,3910.52001953125,3949.1298828125,3901.570068359375,3937.60009765625,4669010000.0,-0.007660118119334,0.1380022596535609
2021-03-24,3889.139892578125,3942.080078125,3889.070068359375,3919.929931640625,4783020000.0,-0.0054823366003488,0.1294024687057745
2021-03-25,3909.52001953125,3919.5400390625,3853.5,3879.340087890625,4948340000.0,0.0052265834327292,0.1019437857841821
2021-03-26,3974.5400390625,3978.18994140625,3917.1201171875,3917.1201171875,5483160000.0,0.0164944186587165,0.1564630956368438
2021-03-29,3971.090087890625,3981.830078125,3943.25,3969.31005859375,4628180000.0,-0.0008683896263867,0.1541097598786428
2021-03-30,3958.550048828125,3968.010009765625,3944.35009765625,3963.340087890625,4121510000.0,-0.00316282940965,0.1398381686778768
2021-03-31,3972.889892578125,3994.409912109375,3966.97998046875,3967.25,4578050000.0,0.0036159535924198,0.1210083365003342
2021-04-01,4019.8701171875,4020.6298828125,3992.780029296875,3992.780029296875,4162130000.0,0.0117558304276741,0.1326117384052244
2021-04-02,4019.8701171875,4020.6298828125,3992.780029296875,3992.780029296875,4162130000.0,0.0117558304276741,0.1326117384052244
2021-04-05,4077.909912109375,4083.419921875,4034.43994140625,4034.43994140625,4005030000.0,0.0143349877622439,0.1218510235083132
2021-04-06,4073.93994140625,4086.22998046875,4068.139892578125,4075.570068359375,4081270000.0,-0.0009740049407969,0.1221807099258244
2021-04-07,4079.949951171875,4083.1298828125,4068.31005859375,4074.2900390625,4120810000.0,0.0014741456981068,0.105716601189335
2021-04-08,4097.169921875,4098.18994140625,4082.5400390625,4089.949951171875,3907100000.0,0.0042117509405917,0.1049371831249549
2021-04-09,4128.7998046875,4129.47998046875,4095.510009765625,4096.10986328125,3640390000.0,0.0076902881356872,0.0947555932475483
2021-04-12,4127.990234375,4131.759765625,4114.81982421875,4124.7099609375,3588900000.0,-0.0001960980747395,0.05626048364986
2021-04-13,4141.58984375,4148.0,4124.43017578125,4130.10009765625,3734720000.0,0.0032890718770625,0.047399626128286
2021-04-14,4124.66015625,4151.68994140625,4120.8701171875,4141.580078125,3985350000.0,-0.0040961043207301,0.0713278995896572
2021-04-15,4170.419921875,4173.490234375,4139.759765625,4139.759765625,4033420000.0,0.0110331014011194,0.0958085604094674
2021-04-16,4185.47021484375,4191.31005859375,4170.75,4174.14013671875,4163820000.0,0.0036023233905179,0.0888024743809335
2021-04-19,4163.259765625,4180.81005859375,4150.47021484375,4179.7998046875,3810290000.0,-0.0053206898937579,0.1053401486897449
2021-04-20,4134.93994140625,4159.18017578125,4118.3798828125,4159.18017578125,4342650000.0,-0.0068255610050778,0.1192876343973483
2021-04-22,4134.97998046875,4179.56982421875,4123.68994140625,4170.4599609375,4245140000.0,-0.0092533378605543,0.1241706984184309
2021-04-23,4180.169921875,4194.169921875,4138.77978515625,4138.77978515625,3569880000.0,0.0108694098955309,0.1514640976301549
2021-04-26,4187.6201171875,4194.18994140625,4182.35986328125,4185.02978515625,3748320000.0,0.0017806845645826,0.1447376032763939
2021-04-27,4186.72021484375,4193.35009765625,4176.22021484375,4188.25,3710700000.0,-0.0002149189814442,0.1284300706156001
2021-04-28,4183.18017578125,4201.52978515625,4181.77978515625,4185.14013671875,3787360000.0,-0.000845897587396,0.1140894541935777
2021-04-29,4211.47021484375,4218.77978515625,4176.81005859375,4206.14013671875,4298680000.0,0.0067400415367024,0.0794962686875324
2021-05-04,4164.66015625,4179.0400390625,4128.58984375,4179.0400390625,4452460000.0,-0.0067007374898472,0.0956205571472991
2021-05-05,4167.58984375,4187.72021484375,4160.93994140625,4177.06005859375,4230920000.0,0.0007032164471135,0.0964643180251635
2021-05-06,4201.6201171875,4202.7001953125,4147.330078125,4169.14013671875,4511000000.0,0.008132299498632,0.1035201915442865
2021-05-07,4232.60009765625,4238.0400390625,4201.64013671875,4210.33984375,4016080000.0,0.0073462914191863,0.094960859820813
2021-05-10,4188.43017578125,4236.39013671875,4188.1298828125,4228.2900390625,4560700000.0,-0.010490480503138,0.1317065471417296
2021-05-11,4152.10009765625,4162.0400390625,4111.52978515625,4150.33984375,4870710000.0,-0.0087117501417815,0.1385538528821738
2021-05-12,4063.0400390625,4134.72998046875,4056.8798828125,4130.5498046875,4733070000.0,-0.0216827823583024,0.201908023847005
2021-05-13,4112.5,4131.580078125,4074.989990234375,4074.989990234375,4779540000.0,0.012099644578094,0.2194662072209725
2021-05-14,4173.85009765625,4183.1298828125,4129.580078125,4129.580078125,4008880000.0,0.0148077785636236,0.2488154942855917
2021-05-17,4163.2900390625,4171.919921875,4142.68994140625,4169.919921875,4125050000.0,-0.0025332581839619,0.2395522907972119
2021-05-18,4127.830078125,4169.14990234375,4125.990234375,4165.93994140625,4398150000.0,-0.0085537723840327,0.2392427973243984
2021-05-19,4115.68017578125,4116.93017578125,4061.409912109375,4098.4501953125,4247450000.0,-0.0029477518113784,0.1628209952181448
2021-05-20,4159.1201171875,4172.7998046875,4121.97021484375,4121.97021484375,3978880000.0,0.0104994293345084,0.1572234505456956
2021-05-21,4155.85986328125,4188.72021484375,4151.72021484375,4168.60986328125,3995250000.0,-0.0007841880752528,0.1109499040884034
2021-05-24,4197.0498046875,4209.52001953125,4170.16015625,4170.16015625,3684800000.0,0.009862497481216,0.1320862650469868
2021-05-25,4188.1298828125,4213.419921875,4182.52001953125,4205.93994140625,4182250000.0,-0.0021275454008285,0.1062742733415548
2021-05-26,4195.990234375,4202.60986328125,4184.10986328125,4191.58984375,4420890000.0,0.0018750575506104,0.0944069707797149
2021-05-27,4200.8798828125,4213.3798828125,4197.77978515625,4201.93994140625,6406310000.0,0.0011646360898629,0.0741700711172443
2021-05-28,4204.10986328125,4218.35986328125,4203.56982421875,4210.77001953125,4649250000.0,0.0007685864528873,0.0712626652912577
2021-05-31,4204.10986328125,4218.35986328125,4203.56982421875,4210.77001953125,4649250000.0,0.0007685864528873,0.0712626652912577
2021-06-01,4202.0400390625,4234.1201171875,4197.58984375,4216.52001953125,5074670000.0,-0.0004924547586291,0.0250363466743301
2021-06-02,4208.1201171875,4217.3701171875,4198.27001953125,4206.81982421875,5833670000.0,0.0014458890369002,0.0143338658039406
2021-06-03,4192.85009765625,4204.39013671875,4167.93017578125,4191.43017578125,5587970000.0,-0.0036353030560493,0.033093250418125
2021-06-04,4229.89013671875,4233.4501953125,4206.0498046875,4206.0498046875,4139790000.0,0.0087953033830163,0.0727566030097044
2021-06-07,4226.52001953125,4232.33984375,4215.66015625,4229.33984375,4476920000.0,-0.0007970562694215,0.0744108220611687
2021-06-08,4227.259765625,4236.740234375,4208.41015625,4233.81005859375,4659620000.0,0.0001750095494412,0.0736789411048414
2021-06-09,4219.5498046875,4237.08984375,4218.740234375,4232.990234375,4713260000.0,-0.0018255325906156,0.0765851810723271
2021-06-10,4239.18017578125,4249.740234375,4220.33984375,4228.56005859375,4408210000.0,0.0046414547764629,0.0704345983718431
2021-06-11,4247.43994140625,4248.3798828125,4232.25,4242.89990234375,3815010000.0,0.0019465389328083,0.0403958710056113
2021-06-14,4255.14990234375,4255.58984375,4234.06982421875,4248.31005859375,4151200000.0,0.0018135563851361,0.0379571959307826
2021-06-15,4246.58984375,4257.16015625,4238.35009765625,4255.27978515625,4048940000.0,-0.0020137199542758,0.0447915973961462
2021-06-16,4223.7001953125,4251.89013671875,4202.4501953125,4248.8701171875,4538350000.0,-0.0054047037470264,0.0623434216942271
2021-06-17,4221.85986328125,4232.2900390625,4196.0498046875,4220.3701171875,5312680000.0,-0.0004358105436726,0.0483986562083325
2021-06-18,4166.4501953125,4204.77978515625,4164.39990234375,4204.77978515625,6817010000.0,-0.0132113556872841,0.092956246677203
2021-06-21,4224.7900390625,4226.240234375,4173.39990234375,4173.39990234375,4128950000.0,0.0139051635123198,0.1569680961507707
2021-06-22,4246.43994140625,4255.83984375,4217.27001953125,4224.60986328125,3828390000.0,0.0051114063789906,0.1633263287374303
2021-06-23,4241.83984375,4256.60009765625,4241.43017578125,4249.27001953125,3730350000.0,-0.0010838705186495,0.1570917737247184
2021-06-24,4266.490234375,4271.27978515625,4256.97021484375,4256.97021484375,3816660000.0,0.0057944295459168,0.1600599671160996
2021-06-25,4280.7001953125,4286.1201171875,4271.16015625,4274.4501953125,7341450000.0,0.0033250631646875,0.086556859485836
2021-06-28,4290.60986328125,4292.14013671875,4274.669921875,4284.89990234375,4147890000.0,0.0023122888604717,0.0430966503114636
2021-06-29,4291.7998046875,4300.52001953125,4287.0400390625,4293.2099609375,3707150000.0,0.0002772977426878,0.0424852929712623
2021-06-30,4297.5,4302.43017578125,4287.9599609375,4290.64990234375,4266040000.0,0.0013272784229071,0.0335130525286147
2021-07-01,4319.93994140625,4320.66015625,4300.72998046875,4300.72998046875,3788230000.0,0.0052080414322547,0.0300827512667574
2021-07-02,4352.33984375,4355.43017578125,4326.60009765625,4326.60009765625,3225840000.0,0.0074720958946916,0.0469903244554314
2021-07-05,4352.33984375,4355.43017578125,4326.60009765625,4326.60009765625,3225840000.0,0.0074720958946916,0.0469903244554314
2021-07-06,4343.5400390625,4356.4599609375,4314.3701171875,4356.4599609375,4309570000.0,-0.0020239027700217,0.0608768030876703
2021-07-07,4358.1298828125,4361.8798828125,4329.7900390625,4351.009765625,4037380000.0,0.0033533465536629,0.0577921722887538
2021-07-08,4320.81982421875,4330.8798828125,4289.3701171875,4321.06982421875,4347500000.0,-0.0085978810095563,0.1023762035033289
2021-07-09,4369.5498046875,4371.60009765625,4329.3798828125,4329.3798828125,3531120000.0,0.0112148259024137,0.124185142857919
2021-07-12,4384.6298828125,4386.68017578125,4364.02978515625,4372.41015625,3384460000.0,0.003445232695594,0.1166477720800921
2021-07-13,4369.2099609375,4392.3701171875,4366.919921875,4381.06982421875,3695430000.0,-0.0035230111811655,0.119922872854204
2021-07-14,4374.2998046875,4393.68017578125,4362.35986328125,4380.10986328125,4006370000.0,0.0011642565654693,0.1184193436754808
2021-07-15,4360.02978515625,4369.02001953125,4340.7001953125,4369.02001953125,3905230000.0,-0.0032675735627459,0.0958288007482821
2021-07-16,4327.16015625,4375.08984375,4322.52978515625,4367.43017578125,3985700000.0,-0.0075674150068132,0.0685426088919226
2021-07-19,4258.490234375,4296.39990234375,4233.1298828125,4296.39990234375,5157660000.0,-0.0159967813999839,0.1026301291888619
2021-07-20,4323.06005859375,4336.83984375,4262.0498046875,4265.10986328125,4438270000.0,0.0150488060047999,0.1825759040939764
2021-07-21,4358.68994140625,4359.7001953125,4331.1298828125,4331.1298828125,3810280000.0,0.008208041662144,0.1968570701012748
2021-07-22,4367.47998046875,4369.8701171875,4350.06005859375,4361.27001953125,3358300000.0,0.0020146392092429,0.1961123585666112
2021-07-23,4411.7900390625,4415.18017578125,4381.2001953125,4381.2001953125,4540070000.0,0.0100943323862544,0.1912627741678414
2021-07-26,4422.2998046875,4422.72998046875,4405.4501953125,4409.580078125,4275630000.0,0.0023793669227295,0.0871344197473935
2021-07-27,4401.4599609375,4416.3798828125,4372.509765625,4416.3798828125,4241950000.0,-0.004723583382178,0.0927999098280725
2021-07-28,4400.64013671875,4415.47021484375,4387.009765625,4402.9501953125,4215290000.0,-0.0001862792315527,0.0853441964357289
2021-07-29,4419.14990234375,4429.97021484375,4403.58984375,4403.58984375,4044600000.0,0.0041973318452726,0.0868962392508687
2021-07-30,4395.259765625,4412.25,4389.64990234375,4395.1201171875,3956740000.0,-0.0054207136082611,0.0674394507291144
2021-08-02,4387.16015625,4422.18017578125,4384.81005859375,4406.85986328125,3724090000.0,-0.0018445056700603,0.0614929611562758
2021-08-03,4423.14990234375,4423.7900390625,4373.0,4392.740234375,3965190000.0,0.008169961338918,0.084132605051939
2021-08-04,4402.66015625,4416.169921875,4400.22998046875,4415.9501953125,4260760000.0,-0.0046431506612954,0.0934673330137939
2021-08-05,4429.10009765625,4429.759765625,4408.85986328125,4408.85986328125,3769410000.0,0.0059874859904191,0.0991145884742227
2021-08-06,4436.52001953125,4440.81982421875,4429.06982421875,4429.06982421875,3451870000.0,0.0016738645485288,0.0843369549476739
2021-08-09,4432.35009765625,4439.39013671875,4424.740234375,4437.77001953125,3449280000.0,-0.0009403502649549,0.082042053773093
2021-08-10,4436.75,4445.2099609375,4430.02978515625,4435.7900390625,3886610000.0,0.0009921869538634,0.0615811874509703
2021-08-11,4442.41015625,4449.43994140625,4436.419921875,4442.18017578125,3532560000.0,0.0012749307180154,0.0404634168718292
2021-08-12,4460.830078125,4461.77001953125,4435.9599609375,4446.080078125,3375310000.0,0.0041378077354786,0.0288658109520672
2021-08-13,4468.0,4468.3701171875,4460.81982421875,4464.83984375,3016470000.0,0.0016060163209228,0.0288333577456707
2021-08-16,4479.7099609375,4480.259765625,4437.66015625,4461.64990234375,3370640000.0,0.0026174222619943,0.0203433841192615
2021-08-17,4448.080078125,4462.1201171875,4417.830078125,4462.1201171875,3836960000.0,-0.0070857435071379,0.0696870589607004
2021-08-18,4400.27001953125,4454.31982421875,4397.58984375,4440.93994140625,3755590000.0,-0.0108066528452543,0.1051123148750658
2021-08-19,4405.7998046875,4418.60986328125,4367.72998046875,4382.43994140625,4398410000.0,0.0012559032561569,0.096293711058343
2021-08-20,4441.669921875,4444.35009765625,4406.7998046875,4410.56005859375,3652610000.0,0.0081086038907417,0.1214639585612268
2021-08-23,4479.52978515625,4489.8798828125,4450.2900390625,4450.2900390625,3576530000.0,0.0084876679844121,0.1389265337789813
2021-08-24,4486.22998046875,4492.81005859375,4482.27978515625,4484.39990234375,3979220000.0,0.001494618801962,0.1239325602080637
2021-08-25,4496.18994140625,4501.7099609375,4485.66015625,4490.4501953125,3444700000.0,0.0022176574032508,0.0580636222033873
2021-08-26,4470.0,4495.89990234375,4468.990234375,4493.75,3263980000.0,-0.0058419498276026,0.0929756182064098
2021-08-27,4509.3701171875,4513.330078125,4474.10009765625,4474.10009765625,3331200000.0,0.0087690715404522,0.0953963379055883
2021-08-30,4528.7900390625,4537.35986328125,4513.759765625,4513.759765625,3168660000.0,0.0042973241068746,0.0842701281371671
2021-08-31,4522.68017578125,4531.39013671875,4515.7998046875,4529.75,4290710000.0,-0.0013500269158932,0.088077137708496
2021-09-01,4524.08984375,4537.10986328125,4522.02001953125,4528.7998046875,4057340000.0,0.0003116400609533,0.0882993066110141
2021-09-06,4524.08984375,4537.10986328125,4522.02001953125,4528.7998046875,4057340000.0,0.0003116400609533,0.0882993066110141
2021-09-07,4520.02978515625,4535.3798828125,4513.0,4535.3798828125,3822960000.0,-0.0034013524523203,0.0362942308882674
2021-09-08,4514.06982421875,4521.7900390625,4493.9501953125,4518.08984375,3750880000.0,-0.0013194368138166,0.036243722950745
2021-09-09,4493.27978515625,4529.89990234375,4492.06982421875,4513.02001953125,3735390000.0,-0.0046162471500025,0.0459061718350734
2021-09-10,4458.580078125,4520.47021484375,4457.66015625,4506.919921875,3623180000.0,-0.0077525522862761,0.0463567796867596
2021-09-13,4468.72998046875,4492.990234375,4445.7001953125,4474.81005859375,3914220000.0,0.0022739003463696,0.0593925227438581
2021-09-14,4443.0498046875,4485.68017578125,4435.4599609375,4479.330078125,3670460000.0,-0.0057632139662586,0.0627617155220821
2021-09-15,4480.7001953125,4486.8701171875,4438.3701171875,4447.490234375,4032020000.0,0.0084382942220797,0.1064868122169178
2021-09-16,4473.75,4485.8701171875,4443.7998046875,4477.08984375,3984560000.0,-0.0015523447127638,0.1029725581669712
2021-09-17,4432.990234375,4471.52001953125,4427.759765625,4469.740234375,7289530000.0,-0.0091526302757993,0.1091608164840629
2021-09-20,4357.72998046875,4402.9501953125,4305.91015625,4402.9501953125,4898070000.0,-0.0171230777263818,0.1500256994143281
2021-09-21,4354.18994140625,4394.8701171875,4347.9599609375,4374.4501953125,3920920000.0,-0.0008126886585469,0.1525972324415304
2021-09-22,4395.64013671875,4416.75,4367.43017578125,4367.43017578125,3939170000.0,0.00947458522422,0.1580171760087435
2021-09-23,4448.97998046875,4465.39990234375,4406.75,4406.75,3916350000.0,0.0120616803699359,0.195507560879472
2021-09-24,4455.47998046875,4463.1201171875,4430.27001953125,4438.0400390625,3384290000.0,0.0014599428113642,0.1820595620746173
2021-09-27,4443.10986328125,4457.2998046875,4436.18994140625,4442.1201171875,4058650000.0,-0.0027802439201876,0.1036339522984649
2021-09-28,4352.6298828125,4419.5400390625,4346.330078125,4419.5400390625,4416550000.0,-0.020574317739894,0.2052037211034911
2021-09-29,4359.4599609375,4385.56982421875,4355.080078125,4362.41015625,3712660000.0,0.0015679543362838,0.1890740457123807
2021-09-30,4307.5400390625,4382.5498046875,4306.240234375,4370.669921875,4448140000.0,-0.0119812029450149,0.1527610632016339
2021-10-01,4357.0400390625,4375.18994140625,4288.52001953125,4317.16015625,4010370000.0,0.0114259521133341,0.1956755531167792
2021-10-04,4300.4599609375,4355.509765625,4278.93994140625,4348.83984375,4307870000.0,-0.0130709520486437,0.2035616356836532
2021-10-05,4345.72021484375,4369.22998046875,4309.8701171875,4309.8701171875,3902890000.0,0.0104695174986015,0.1872444899405989
2021-10-06,4363.5498046875,4365.56982421875,4290.490234375,4319.56982421875,4009630000.0,0.0040943993496248,0.189690477790339
2021-10-07,4399.759765625,4429.97021484375,4383.72998046875,4383.72998046875,3843740000.0,0.0082640392250654,0.1599958032900045
2021-10-08,4391.33984375,4412.02001953125,4386.22021484375,4406.509765625,3280160000.0,-0.0019155566024214,0.1499470443767646
2021-10-11,4361.18994140625,4415.8798828125,4360.58984375,4385.43994140625,3281970000.0,-0.0068894416443398,0.1140521086379746
2021-10-12,4350.64990234375,4374.89013671875,4342.08984375,4368.31005859375,3558450000.0,-0.0024197056865549,0.0945133718464723
2021-10-13,4363.7998046875,4372.8701171875,4329.919921875,4358.009765625,3620070000.0,0.0030179558702319,0.0920141321499697
2021-10-14,4438.259765625,4439.72998046875,4386.75,4386.75,3598280000.0,0.0169191622857115,0.1457461417967339
2021-10-15,4471.3701171875,4475.81982421875,4447.68994140625,4447.68994140625,3819380000.0,0.00743252063719,0.1460738505842358
2021-10-18,4486.4599609375,4488.75,4447.47021484375,4463.72021484375,3662010000.0,0.0033690878018038,0.1143132152217731
2021-10-19,4519.6298828125,4520.39990234375,4496.41015625,4497.33984375,3459130000.0,0.0073661427842357,0.0890328786634812
2021-10-20,4536.18994140625,4540.8701171875,4524.39990234375,4524.419921875,3670760000.0,0.0036573335985606,0.0870438437337839
2021-10-21,4549.77978515625,4551.43994140625,4526.89013671875,4532.240234375,3822330000.0,0.00299139316836,0.0355019636592868
2021-10-22,4544.89990234375,4559.669921875,4524.0,4546.1201171875,3758220000.0,-0.0010731292246643,0.0475429702359028
2021-10-25,4566.47998046875,4572.6201171875,4537.35986328125,4553.68994140625,3899400000.0,0.0047369594408535,0.0487141080322752
2021-10-26,4574.7900390625,4598.52978515625,4569.169921875,4578.68994140625,3879740000.0,0.0018181414322441,0.0353094365363058
2021-10-27,4551.68017578125,4584.56982421875,4551.66015625,4580.22021484375,4226050000.0,-0.0050643703711055,0.0610539748657691
2021-10-28,4596.419921875,4597.5498046875,4562.83984375,4562.83984375,4132950000.0,0.009781288424184,0.0895939875513854
2021-10-29,4605.3798828125,4608.080078125,4567.58984375,4572.8701171875,4510200000.0,0.0019474372317175,0.0854527799805849
2021-11-01,4613.669921875,4620.33984375,4595.06005859375,4610.6201171875,3971540000.0,0.0017984589459023,0.0834410573418818
2021-11-02,4630.64990234375,4635.14990234375,4613.33984375,4613.33984375,3975250000.0,0.0036736071203885,0.0841443490262977
2021-11-03,4660.56982421875,4663.4599609375,4621.18994140625,4630.64990234375,4319660000.0,0.0064404946128902,0.0537709241675246
2021-11-04,4680.06005859375,4683.0,4662.58984375,4662.93017578125,4462300000.0,0.004173222342817,0.0300974815197554
2021-11-05,4697.52978515625,4718.5,4681.31982421875,4699.259765625,4467180000.0,0.0037258500452844,0.0263337428668572
2021-11-08,4701.7001953125,4714.919921875,4694.39013671875,4701.47998046875,4269710000.0,0.0008873940607025,0.0313639824509596
2021-11-09,4685.25,4708.52978515625,4670.8701171875,4707.25,4117080000.0,-0.0035049109264001,0.0606399401261266
2021-11-10,4646.7099609375,4684.85009765625,4630.85986328125,4670.259765625,4503720000.0,-0.008259842163861,0.0835565418380571
2021-11-11,4649.27001953125,4664.5498046875,4648.31005859375,4659.39013671875,3926870000.0,0.0005507883329889,0.0739351199525004
2021-11-12,4682.85009765625,4688.47021484375,4650.77001953125,4655.240234375,3728600000.0,0.0071966975641304,0.0909961989439377
2021-11-15,4682.7998046875,4697.419921875,4672.85986328125,4689.2998046875,3488410000.0,-1.0739878017001878e-05,0.0902757050840232
2021-11-16,4700.89990234375,4714.9501953125,4679.419921875,4679.419921875,3972640000.0,0.0038577790571266,0.091529777843298
2021-11-17,4688.669921875,4701.5,4684.41015625,4701.5,3969070000.0,-0.0026050154828958,0.0602406970592753
2021-11-18,4704.5400390625,4708.7998046875,4672.77978515625,4700.72021484375,4226410000.0,0.0033790647401719,0.0598971926685241
2021-11-19,4697.9599609375,4717.75,4694.22021484375,4708.43994140625,4253180000.0,-0.001399644604988,0.0455754769046244
2021-11-22,4682.93994140625,4743.830078125,4682.169921875,4712.0,4441100000.0,-0.0032022583169607,0.0534218629767174
2021-11-23,4690.7001953125,4699.39013671875,4652.66015625,4678.47998046875,4277590000.0,0.0016557613831952,0.0450508886468774
2021-11-24,4701.4599609375,4702.8701171875,4659.89013671875,4675.77978515625,3418430000.0,0.0022912237766672,0.0435744387927451
2021-11-25,4701.4599609375,4702.8701171875,4659.89013671875,4675.77978515625,3418430000.0,0.0022912237766672,0.0435744387927451
2021-11-26,4594.6201171875,4664.6298828125,4585.43017578125,4664.6298828125,3517700000.0,-0.0229870111593211,0.1658903611596315
2021-11-29,4655.27001953125,4672.9501953125,4625.259765625,4628.75,4336410000.0,0.0131138360828242,0.2102931018400003
2021-11-30,4567.0,4646.02001953125,4560.0,4640.25,6625990000.0,-0.0191433811878505,0.2445317089856918
2021-12-01,4513.0400390625,4652.93994140625,4510.27001953125,4602.81982421875,5366730000.0,-0.0118855414579559,0.2401200102785942
2021-12-02,4577.10009765625,4595.4599609375,4504.72998046875,4504.72998046875,5077180000.0,0.0140946383960577,0.2820843962033469
2021-12-03,4538.43017578125,4608.02978515625,4495.1201171875,4589.490234375,5240070000.0,-0.0084844551417386,0.2407580582086944
2021-12-06,4591.669921875,4612.60009765625,4540.509765625,4548.3701171875,4770800000.0,0.0116625993096861,0.234994985776627
2021-12-07,4686.75,4694.0400390625,4631.97021484375,4631.97021484375,4492400000.0,0.0204956031862525,0.2292221430235572
2021-12-08,4701.2099609375,4705.06005859375,4674.52001953125,4690.85986328125,4234600000.0,0.0030805355865858,0.1779244145487876
2021-12-09,4667.4501953125,4695.259765625,4665.97998046875,4691.0,3903840000.0,-0.0072069882325236,0.1965304760648246
2021-12-10,4712.02001953125,4713.56982421875,4670.240234375,4687.64013671875,3870110000.0,0.0095037691182097,0.1638336392612178
2021-12-13,4668.97021484375,4710.2998046875,4667.60009765625,4710.2998046875,4397230000.0,-0.0091781583427938,0.1944736284304398
2021-12-14,4634.08984375,4660.47021484375,4606.52001953125,4642.990234375,4485430000.0,-0.0074987228546236,0.1296193687365406
2021-12-15,4709.85009765625,4712.60009765625,4611.22021484375,4636.4599609375,4910130000.0,0.0162162673518908,0.1853012690415183
2021-12-16,4668.669921875,4731.990234375,4651.89013671875,4719.1298828125,4829500000.0,-0.0087818633111124,0.1896432151231337
2021-12-17,4620.64013671875,4666.7001953125,4600.22021484375,4652.5,7987090000.0,-0.0103409645840536,0.1793874168297127
2021-12-20,4568.02001953125,4587.89990234375,4531.10009765625,4587.89990234375,4635700000.0,-0.0114533983232565,0.1842528461650669
2021-12-21,4649.22998046875,4651.14013671875,4583.16015625,4594.9599609375,4072430000.0,0.0176217553851954,0.2363386808590207
2021-12-22,4696.56005859375,4697.669921875,4645.52978515625,4650.35986328125,3319610000.0,0.0101287280291275,0.2139759761979265
2021-12-23,4725.7900390625,4740.740234375,4703.9599609375,4703.9599609375,2913040000.0,0.0062044126852516,0.2039352712386213
2021-12-24,4725.7900390625,4740.740234375,4703.9599609375,4703.9599609375,2913040000.0,0.0062044126852516,0.2039352712386213
2021-12-27,4791.18994140625,4791.490234375,4733.990234375,4733.990234375,2770290000.0,0.0137440515736058,0.1790626629097455
2021-12-28,4786.35009765625,4807.02001953125,4780.0400390625,4795.490234375,2707920000.0,-0.0010106653988873,0.1138030030595748
2021-12-29,4793.06005859375,4804.06005859375,4778.080078125,4788.64013671875,2963310000.0,0.0014009134018576,0.0963374174374518
2021-12-30,4778.72998046875,4808.93017578125,4775.330078125,4794.22998046875,3124950000.0,-0.0029942338419043,0.1062456936919848
2021-12-31,4766.18017578125,4786.830078125,4765.75,4775.2099609375,2677820000.0,-0.0026296343734744,0.1103472089771345
2022-01-04,4793.5400390625,4818.6201171875,4774.27001953125,4804.509765625,4683170000.0,-0.0006298202522032,0.0605316951219931
2022-01-05,4700.580078125,4797.7001953125,4699.43994140625,4787.990234375,4887960000.0,-0.019583264304501,0.1514818101224884
2022-01-06,4696.0498046875,4725.009765625,4671.259765625,4693.39013671875,4295280000.0,-0.0009642337401809,0.1529223527972047
2022-01-07,4677.02978515625,4707.9501953125,4662.740234375,4697.66015625,4181510000.0,-0.0040584410823365,0.1527518675758423
2022-01-10,4670.2900390625,4673.02001953125,4582.240234375,4655.33984375,4511810000.0,-0.0014420705375388,0.128240050667191
2022-01-11,4713.06982421875,4714.1298828125,4638.27001953125,4669.14013671875,4101590000.0,0.0091182864523993,0.164361449542091
2022-01-12,4726.35009765625,4748.830078125,4706.7099609375,4728.58984375,4048220000.0,0.002813792014667,0.0811630246443793
2022-01-13,4659.02978515625,4744.1298828125,4650.2900390625,4733.56005859375,4251730000.0,-0.0143460292344005,0.1381382984039988
2022-01-14,4662.85009765625,4665.1298828125,4614.75,4637.990234375,4338490000.0,0.0008196442695905,0.13696687737128
2022-01-17,4662.85009765625,4665.1298828125,4614.75,4637.990234375,4338490000.0,0.0008196442695905,0.13696687737128
2022-01-18,4577.10986328125,4632.240234375,4568.7001953125,4632.240234375,4748700000.0,-0.0185591053980085,0.1879553355364211
2022-01-19,4532.759765625,4611.5498046875,4530.2001953125,4588.02978515625,4465740000.0,-0.0097367909414601,0.1483461592506985
2022-01-20,4482.72998046875,4602.10986328125,4477.9501953125,4547.35009765625,4640870000.0,-0.0110987423043307,0.1146874130187442
2022-01-21,4397.93994140625,4494.52001953125,4395.33984375,4471.3798828125,5589100000.0,-0.0190959953246354,0.1286148217234189
2022-01-24,4410.1298828125,4417.35009765625,4222.6201171875,4356.31982421875,6928110000.0,0.0027679047582695,0.1405905684469994
2022-01-25,4356.4501953125,4411.009765625,4287.10986328125,4366.64013671875,5145050000.0,-0.0122465905568662,0.1260026590304317
2022-01-26,4349.93017578125,4453.22998046875,4304.7998046875,4408.43017578125,5570640000.0,-0.0014977569258856,0.1394585799363775
2022-01-27,4326.509765625,4428.740234375,4309.5,4380.580078125,5214200000.0,-0.0053986351999709,0.1379453733272333
2022-01-28,4431.85009765625,4432.72021484375,4292.4599609375,4336.18994140625,5031090000.0,0.0240559679147366,0.2182267379498481
2022-02-07,4483.8701171875,4521.85986328125,4471.47021484375,4505.75,4228480000.0,-0.0037085809278284,0.2209351481275172
2022-02-08,4521.5400390625,4531.31982421875,4465.39990234375,4480.02001953125,4459620000.0,0.0083661134666343,0.2247580669489505
2022-02-09,4587.18017578125,4590.02978515625,4547.0,4547.0,4524350000.0,0.0144128420792647,0.241748278750599
2022-02-10,4504.080078125,4588.919921875,4484.31005859375,4553.240234375,5314860000.0,-0.018281824485056,0.2015999548536855
2022-02-11,4418.64013671875,4526.330078125,4401.41015625,4506.27001953125,5251500000.0,-0.0191516826380865,0.2414082309722383
2022-02-14,4401.669921875,4426.22021484375,4364.83984375,4412.60986328125,4600390000.0,-0.0038479907556283,0.2414115678103407
2022-02-15,4471.06982421875,4472.77001953125,4429.27978515625,4429.27978515625,4430830000.0,0.0156437176460641,0.2683537497150153
2022-02-16,4475.009765625,4489.5498046875,4429.68017578125,4455.75,4283640000.0,0.0008808197202838,0.2298707964465507
2022-02-17,4380.259765625,4456.06005859375,4373.81005859375,4456.06005859375,4539420000.0,-0.0214005041369366,0.2420103789895012
2022-02-18,4348.8701171875,4394.60009765625,4327.22021484375,4384.56982421875,4708060000.0,-0.0071919616638663,0.2128829170798452
2022-02-21,4348.8701171875,4394.60009765625,4327.22021484375,4384.56982421875,4708060000.0,-0.0071919616638663,0.2128829170798452
2022-02-22,4304.759765625,4362.1201171875,4267.10986328125,4332.740234375,5121900000.0,-0.010194735435016,0.2188171533119943
2022-02-23,4225.5,4341.509765625,4221.509765625,4324.93017578125,4797430000.0,-0.0185837357487884,0.1423278064805042
2022-02-24,4288.7001953125,4294.72998046875,4114.64990234375,4155.77001953125,6752130000.0,0.014846105252724,0.2269733134005594
2022-02-25,4384.64990234375,4385.33984375,4286.830078125,4298.3798828125,5177060000.0,0.0221260805512657,0.2761869850690076
2022-02-28,4373.93994140625,4388.83984375,4315.1201171875,4354.169921875,6071370000.0,-0.0024455914631261,0.2701735469319176
2022-03-01,4306.259765625,4378.4501953125,4279.5400390625,4363.14013671875,5846230000.0,-0.015594467786613,0.2866733049909263
2022-03-02,4386.5400390625,4401.47998046875,4322.56005859375,4322.56005859375,5337870000.0,0.0184710467806521,0.2535600112287073
2022-03-03,4363.490234375,4416.77978515625,4345.56005859375,4401.31005859375,5039890000.0,-0.0052685207442456,0.2569378583708267
2022-03-04,4328.8701171875,4342.1201171875,4284.97998046875,4342.1201171875,5797380000.0,-0.0079656845430019,0.2021699562596591
2022-03-07,4201.08984375,4327.009765625,4199.85009765625,4327.009765625,6940470000.0,-0.0299625868144164,0.2804209603896507
2022-03-08,4170.7001953125,4276.93994140625,4157.8701171875,4202.66015625,7243120000.0,-0.007260043975698,0.2724497200987281
2022-03-09,4277.8798828125,4299.39990234375,4223.10009765625,4223.10009765625,5662670000.0,0.0253735981221411,0.3134622469940414
2022-03-10,4259.52001953125,4268.27978515625,4209.7998046875,4252.5498046875,4980830000.0,-0.0043010499202472,0.3134885181460798
2022-03-11,4204.31005859375,4291.009765625,4200.490234375,4279.5,4938640000.0,-0.0130462789332381,0.3187282614146473
2022-03-14,4173.10986328125,4247.56982421875,4161.72021484375,4202.75,5574920000.0,-0.0074486750955333,0.2422857493288004
2022-03-15,4262.4501953125,4271.0498046875,4187.89990234375,4188.81982421875,5392470000.0,0.0211826297241449,0.2797258783145225
2022-03-16,4357.85986328125,4358.89990234375,4251.990234375,4288.14013671875,6309750000.0,0.0221369216483934,0.2649557044074923
2022-03-17,4411.669921875,4412.669921875,4335.64990234375,4345.10986328125,4985090000.0,0.0122722050687002,0.2594747877252713
2022-03-18,4463.1201171875,4465.39990234375,4390.56982421875,4407.33984375,8278430000.0,0.0115948144118881,0.1887587399083144
2022-03-21,4461.18017578125,4481.75,4424.2998046875,4462.39990234375,4869820000.0,-0.0004347548543014,0.144802546477784
2022-03-22,4511.60986328125,4522.0,4469.10009765625,4469.10009765625,4754840000.0,0.0112406995540742,0.1270356813174032
2022-03-23,4456.240234375,4501.06982421875,4455.81005859375,4493.10009765625,4550670000.0,-0.0123486302524952,0.1710478349287966
2022-03-24,4520.16015625,4520.580078125,4465.169921875,4469.97998046875,4131390000.0,0.014242012281618,0.17717411992741
2022-03-25,4543.06005859375,4546.02978515625,4501.06982421875,4522.91015625,4305020000.0,0.0050533807042376,0.1673181513463786
2022-03-28,4575.52001953125,4575.64990234375,4517.68994140625,4541.08984375,4312260000.0,0.0071195510200425,0.1645545291219774
2022-03-29,4631.60009765625,4637.2998046875,4589.66015625,4602.85986328125,5085910000.0,0.012182044101391,0.166900499583323
2022-03-30,4602.4501953125,4627.77001953125,4581.31982421875,4624.2001953125,4385570000.0,-0.0063135889990887,0.1277083217043863
2022-03-31,4530.41015625,4603.06982421875,4530.41015625,4599.02001953125,4823020000.0,-0.0157763352268817,0.1796617948886317
2022-04-01,4545.85986328125,4548.7001953125,4507.56982421875,4540.31982421875,4562940000.0,0.003404420961463,0.1773685078031109
2022-04-04,4582.64013671875,4583.5,4539.2099609375,4547.97021484375,4547350000.0,0.0080583825321336,0.1798099717064204
2022-04-05,4525.1201171875,4593.4501953125,4514.169921875,4572.4501953125,4800620000.0,-0.0126311590740053,0.1620130283094299
2022-04-06,4481.14990234375,4503.93994140625,4450.0400390625,4494.169921875,4986830000.0,-0.0097644339124797,0.1660452360787988
2022-04-07,4500.2099609375,4521.16015625,4450.2998046875,4474.64990234375,4821490000.0,0.0042443655520372,0.1464602081300783
2022-04-08,4488.27978515625,4520.41015625,4474.60009765625,4494.14990234375,4083200000.0,-0.0026545466755523,0.1402874407013918
2022-04-12,4397.4501953125,4471.0,4381.33984375,4437.58984375,4152090000.0,-0.0034233005304522,0.1275005519432144
2022-04-13,4446.58984375,4453.919921875,4392.7001953125,4394.2998046875,3828150000.0,0.0111126032689019,0.1661158697387999
2022-04-14,4392.58984375,4460.4599609375,4390.77001953125,4449.1201171875,4083090000.0,-0.0122184803835081,0.1709913082563867
2022-04-15,4392.58984375,4460.4599609375,4390.77001953125,4449.1201171875,4083090000.0,-0.0122184803835081,0.1709913082563867
2022-04-18,4391.68994140625,4410.31005859375,4370.2998046875,4385.6298828125,3910490000.0,-0.0002048892724065,0.1738255915908626
2022-04-19,4462.2099609375,4471.02978515625,4390.6298828125,4390.6298828125,4108120000.0,0.0159300447493866,0.1798166480061378
2022-04-20,4459.4501953125,4488.2900390625,4448.759765625,4472.259765625,4290450000.0,-0.0006186664061825,0.1752981373695807
2022-04-21,4393.66015625,4512.93994140625,4384.47021484375,4489.169921875,4636890000.0,-0.014862855551311,0.1937254918679134
2022-04-22,4271.77978515625,4385.830078125,4267.6201171875,4385.830078125,4651940000.0,-0.0281320763773669,0.264556687036817
2022-04-25,4296.1201171875,4299.02001953125,4200.81982421875,4255.33984375,5240040000.0,0.0056817651441118,0.2751760184865748
2022-04-26,4175.2001953125,4278.14013671875,4175.0400390625,4278.14013671875,4689970000.0,-0.0285500089285977,0.2479828998601238
2022-04-27,4183.9599609375,4240.7099609375,4162.89990234375,4186.52001953125,4769680000.0,0.0020958490249645,0.2572995079659382
2022-04-28,4287.5,4308.4501953125,4188.6298828125,4222.580078125,4854180000.0,0.0244456553408321,0.3655564406858402
2022-04-29,4131.93017578125,4269.68017578125,4124.27978515625,4253.75,5084030000.0,-0.0369591597846941,0.4042359650542124
2022-05-04,4300.169921875,4307.66015625,4148.91015625,4181.18017578125,5136360000.0,0.0294252215573258,0.4150669695301014
2022-05-05,4146.8701171875,4270.43017578125,4106.009765625,4270.43017578125,5077030000.0,-0.036300677564099,0.4616200809600599
2022-05-06,4123.33984375,4157.68994140625,4067.909912109375,4128.169921875,5116940000.0,-0.0056903844139527,0.3782006734978425
2022-05-09,3991.239990234375,4081.27001953125,3975.47998046875,4081.27001953125,5954520000.0,-0.0325615195396041,0.4329008021014041
2022-05-10,4001.050048828125,4068.820068359375,3958.169921875,4035.179931640625,5885820000.0,0.0024548817604092,0.4287626590063454
2022-05-11,3935.179931640625,4049.090087890625,3928.820068359375,3990.080078125,5816140000.0,-0.0166002320956977,0.2654535931895221
2022-05-12,3930.080078125,3964.800048828125,3858.8701171875,3903.949951171875,6286450000.0,-0.0012968049941124,0.2244009901646849
2022-05-13,4023.889892578125,4038.8798828125,3963.89990234375,3963.89990234375,5183340000.0,0.0235892679568694,0.3349454687257255
2022-05-16,4008.010009765625,4046.4599609375,3983.989990234375,4013.02001953125,4415030000.0,-0.0039542085177224,0.2316602961215097
2022-05-17,4088.85009765625,4090.719970703125,4033.929931640625,4052.0,4841410000.0,0.0199689195814626,0.2696165200314226
2022-05-18,3923.679931640625,4051.97998046875,3911.909912109375,4051.97998046875,5103220000.0,-0.0412338092912488,0.4102142056459094
2022-05-19,3900.7900390625,3945.9599609375,3876.580078125,3899.0,5113550000.0,-0.0058508647773478,0.4119820597687039
2022-05-20,3901.360107421875,3943.419921875,3810.320068359375,3927.760009765625,5130730000.0,0.0001461310919903,0.3511836042711523
2022-05-23,3973.75,3981.8798828125,3909.0400390625,3919.419921875,4420030000.0,0.0183849954120607,0.3933954515460449
2022-05-24,3941.47998046875,3955.679931640625,3875.1298828125,3942.93994140625,4923190000.0,-0.008153950903558,0.3431876115519583
2022-05-25,3978.72998046875,3999.330078125,3925.030029296875,3929.590087890625,4802560000.0,0.0094063856489315,0.1754124193138619
2022-05-26,4057.840087890625,4075.139892578125,3984.60009765625,3984.60009765625,4709970000.0,0.0196881660077208,0.1893358428005148
2022-05-27,4158.240234375,4158.490234375,4077.429931640625,4077.429931640625,4375620000.0,0.024441130195822,0.2046409264017001
2022-05-30,4158.240234375,4158.490234375,4077.429931640625,4077.429931640625,4375620000.0,0.024441130195822,0.2046409264017001
2022-05-31,4132.14990234375,4168.33984375,4104.8798828125,4151.08984375,6822640000.0,-0.0062941351936669,0.2346539878864004
2022-06-01,4101.22998046875,4166.5400390625,4073.85009765625,4149.77978515625,4531800000.0,-0.0075109050411554,0.2319251301144791
2022-06-02,4176.81982421875,4177.509765625,4074.3701171875,4095.409912109375,4405790000.0,0.0182632254155451,0.243664555001828
2022-06-03,4108.5400390625,4142.669921875,4098.669921875,4137.56982421875,3711110000.0,-0.016482405609817,0.2826128168558447
2022-06-06,4121.43017578125,4168.77978515625,4109.18017578125,4134.72021484375,4332700000.0,0.003132489407036,0.209285511048559
2022-06-07,4160.68017578125,4164.85986328125,4080.18994140625,4096.47021484375,4248210000.0,0.0094783315317198,0.2176329528578119
2022-06-08,4115.77001953125,4160.14013671875,4107.2001953125,4147.1201171875,4159470000.0,-0.0108526230401553,0.2273078831937332
2022-06-09,4017.820068359375,4119.10009765625,4017.169921875,4101.64990234375,4134170000.0,-0.0240864576651555,0.2199642453474987
2022-06-10,3900.860107421875,3974.389892578125,3900.159912109375,3974.389892578125,4889640000.0,-0.0295424148114094,0.2670775703179666
2022-06-13,3749.6298828125,3838.14990234375,3734.300048828125,3838.14990234375,5636890000.0,-0.0395399319900399,0.3008058746474811
2022-06-14,3735.47998046875,3778.179931640625,3705.679931640625,3763.52001953125,5153890000.0,-0.0037808180394896,0.2278596247448764
2022-06-15,3789.989990234375,3837.56005859375,3722.300048828125,3764.050048828125,5530480000.0,0.0144870588365344,0.3441943759555313
2022-06-16,3666.77001953125,3728.179931640625,3639.77001953125,3728.179931640625,5644930000.0,-0.0330522071138406,0.3620772249378287
2022-06-17,3674.840087890625,3707.7099609375,3636.8701171875,3665.89990234375,8520740000.0,0.0021984473410133,0.3699423601127201
2022-06-20,3674.840087890625,3707.7099609375,3636.8701171875,3665.89990234375,8520740000.0,0.0021984473410133,0.3699423601127201
2022-06-21,3764.7900390625,3779.64990234375,3715.31005859375,3715.31005859375,5292260000.0,0.0241824749606719,0.3462487221473458
2022-06-22,3759.889892578125,3801.7900390625,3717.68994140625,3733.889892578125,5058990000.0,-0.0013024200953574,0.3446231055083879
2022-06-23,3795.72998046875,3802.580078125,3743.52001953125,3774.7099609375,5098640000.0,0.0094870724855565,0.3342438274275115
2022-06-24,3911.739990234375,3913.64990234375,3821.75,3821.75,8120260000.0,0.030105539729901,0.2175443367001424
2022-06-27,3900.110107421875,3927.719970703125,3889.659912109375,3920.760009765625,4325310000.0,-0.0029774998903406,0.2359604201121255
2022-06-28,3821.550048828125,3945.860107421875,3820.139892578125,3913.0,4270120000.0,-0.0203486731494949,0.2944490138358863
2022-06-29,3818.830078125,3836.5,3799.02001953125,3825.090087890625,4211240000.0,-0.0007119988201726,0.2939358027069806
2022-06-30,3785.3798828125,3818.989990234375,3738.669921875,3785.989990234375,4840070000.0,-0.0087978662463676,0.2975883652239642
2022-07-01,3825.330078125,3829.820068359375,3752.10009765625,3781.0,4046950000.0,0.0104985112966391,0.1794713189010622
2022-07-04,3825.330078125,3829.820068359375,3752.10009765625,3781.0,4046950000.0,0.0104985112966391,0.1794713189010622
2022-07-05,3831.389892578125,3832.18994140625,3742.06005859375,3792.610107421875,5076590000.0,0.0015828751061934,0.1847005470144993
2022-07-06,3845.080078125,3870.909912109375,3809.3701171875,3831.97998046875,4417720000.0,0.0035667957050661,0.1110704813395277
2022-07-07,3902.6201171875,3910.6298828125,3858.85009765625,3858.85009765625,4057770000.0,0.0148537231809303,0.1440275354066617
2022-07-08,3899.3798828125,3918.5,3869.340087890625,3888.260009765625,3521620000.0,-0.0008306163961273,0.1036996086362288
2022-07-11,3854.429931640625,3880.93994140625,3847.219970703125,3880.93994140625,3423480000.0,-0.0115944176605255,0.1504930879214633
2022-07-12,3818.800048828125,3873.409912109375,3802.360107421875,3851.949951171875,3817210000.0,-0.0092868684974937,0.1688518752579703
2022-07-13,3801.780029296875,3829.43994140625,3759.070068359375,3779.669921875,4109390000.0,-0.0044668641118166,0.1657919299238616
2022-07-14,3790.3798828125,3796.409912109375,3721.56005859375,3763.989990234375,4199690000.0,-0.0030031388127643,0.0710024375285951
2022-07-15,3863.159912109375,3863.6201171875,3817.179931640625,3818.0,4143800000.0,0.0190192316586336,0.19344145979165
2022-07-18,3830.85009765625,3902.43994140625,3818.6298828125,3883.7900390625,4046870000.0,-0.0083987424858359,0.1844377110738146
2022-07-19,3936.68994140625,3939.81005859375,3860.72998046875,3860.72998046875,4041070000.0,0.0272535176437308,0.2533856031045082
2022-07-20,3959.89990234375,3974.1298828125,3922.030029296875,3935.320068359375,4185300000.0,0.0058784939410571,0.2363246823488096
2022-07-21,3998.949951171875,3999.2900390625,3927.639892578125,3955.469970703125,4132790000.0,0.0098130666895046,0.2147497706300002
2022-07-22,3961.6298828125,4012.43994140625,3938.860107421875,3998.429931640625,3979240000.0,-0.0093762872938138,0.2388249096941324
2022-07-25,3966.840087890625,3975.300048828125,3943.4599609375,3965.719970703125,3568340000.0,0.0013143029733058,0.2129616112981453
2022-07-26,3921.050048828125,3953.219970703125,3910.739990234375,3953.219970703125,3778950000.0,-0.0116103425992633,0.1489427085430826
2022-07-27,4023.610107421875,4039.56005859375,3951.429931640625,3951.429931640625,4112180000.0,0.025820048778629,0.2428934650712216
2022-07-28,4072.429931640625,4078.949951171875,3992.969970703125,4026.1298828125,4413000000.0,0.0120603197919128,0.2472377376073045
2022-07-29,4130.2900390625,4140.14990234375,4079.219970703125,4087.330078125,4616360000.0,0.0141077757817535,0.2245045923504867
2022-08-01,4118.6298828125,4144.9501953125,4096.02001953125,4112.3798828125,4202810000.0,-0.0028270765449167,0.2343757782664771
2022-08-02,4091.18994140625,4140.47021484375,4079.81005859375,4104.2099609375,4727710000.0,-0.0066846883788709,0.210447188148426
2022-08-03,4155.169921875,4167.66015625,4107.9599609375,4107.9599609375,4351760000.0,0.0155174562700907,0.164766190347468
2022-08-04,4151.93994140625,4161.2900390625,4135.419921875,4154.85009765625,4283320000.0,-0.0007776424495837,0.1623412179233681
2022-08-05,4145.18994140625,4151.580078125,4107.31005859375,4115.8701171875,4085940000.0,-0.0016270690189191,0.1361250711848702
2022-08-08,4140.06005859375,4186.6201171875,4128.97021484375,4155.93017578125,4221090000.0,-0.0012383171221209,0.1339669601056726
2022-08-09,4122.47021484375,4137.2998046875,4112.08984375,4133.10986328125,3913090000.0,-0.0042577442359264,0.126025640492028
2022-08-10,4210.240234375,4211.02978515625,4177.259765625,4181.02001953125,4546010000.0,0.0210671584604074,0.1649857695890266
2022-08-11,4207.27001953125,4257.91015625,4201.41015625,4227.39990234375,4630200000.0,-0.0007057229222018,0.1648928609114541
2022-08-12,4280.14990234375,4280.47021484375,4219.77978515625,4225.02001953125,3788010000.0,0.0171740469514926,0.1867580381836148
2022-08-15,4297.14013671875,4301.7900390625,4256.89990234375,4269.3701171875,3696830000.0,0.0039616840562331,0.1767246139763277
2022-08-16,4305.2001953125,4325.27978515625,4277.77001953125,4290.4599609375,4329820000.0,0.0018739228259478,0.1551864778604166
2022-08-17,4274.0400390625,4302.18017578125,4253.080078125,4280.39990234375,3885030000.0,-0.007264114867648,0.1424688688004983
2022-08-18,4283.740234375,4292.52978515625,4261.97998046875,4273.1298828125,3340330000.0,0.0022669896063847,0.1391106016509933
2022-08-19,4228.47998046875,4266.31005859375,4218.7001953125,4266.31005859375,3761340000.0,-0.0129839287130388,0.1167054805673163
2022-08-22,4137.990234375,4195.080078125,4129.85986328125,4195.080078125,3907430000.0,-0.0216323664664945,0.1613247479260647
2022-08-23,4128.72998046875,4159.77001953125,4124.02978515625,4133.08984375,3823520000.0,-0.0022403704344374,0.1483055428654497
2022-08-24,4140.77001953125,4156.56005859375,4119.97021484375,4126.5498046875,3583630000.0,0.0029119166987241,0.1692112629372266
2022-08-25,4199.1201171875,4200.5400390625,4147.58984375,4153.259765625,3566870000.0,0.013993241836107,0.2197112309924344
2022-08-26,4057.659912109375,4203.0400390625,4057.659912109375,4198.740234375,3832750000.0,-0.0342685763170395,0.3085866982641115
2022-08-29,4030.610107421875,4062.989990234375,4017.419921875,4034.580078125,3396510000.0,-0.0066886751973248,0.2850926715898075
2022-08-30,3986.159912109375,4044.97998046875,3965.2099609375,4041.25,3835860000.0,-0.011089416492117,0.2861106238791258
2022-08-31,3955.0,4015.3701171875,3954.530029296875,4000.669921875,4542490000.0,-0.007847738208153,0.2724297841829327
2022-09-05,3955.0,4015.3701171875,3954.530029296875,4000.669921875,4542490000.0,-0.007847738208153,0.2724297841829327
2022-09-06,3908.18994140625,3942.550048828125,3886.75,3930.889892578125,4127340000.0,-0.0041034646908951,0.0927709196234072
2022-09-07,3979.8701171875,3987.889892578125,3906.030029296875,3909.429931640625,3890320000.0,0.0181748486661698,0.1833702777939745
2022-09-08,4006.179931640625,4010.5,3944.81005859375,3959.93994140625,3966850000.0,0.0065889668804424,0.1744368721598073
2022-09-09,4067.360107421875,4076.81005859375,4022.93994140625,4022.93994140625,3901940000.0,0.015156014981211,0.1962905458457268
2022-09-12,4110.41015625,4119.27978515625,4083.669921875,4083.669921875,3814200000.0,0.0105286514839956,0.137834978942922
2022-09-13,3932.68994140625,4037.1201171875,3921.280029296875,4037.1201171875,4224550000.0,-0.044199163031974,0.4093693727005746
2022-09-14,3946.010009765625,3961.93994140625,3912.179931640625,3940.72998046875,4293240000.0,0.0033812890788447,0.3834909595210503
2022-09-15,3901.35009765625,3959.139892578125,3888.280029296875,3932.409912109375,4441830000.0,-0.0113822721681495,0.3802017881534091
2022-09-16,3873.330078125,3880.949951171875,3837.080078125,3880.949951171875,7954650000.0,-0.0072080497756631,0.3348281213533367
2022-09-19,3899.889892578125,3900.449951171875,3838.5,3849.909912109375,3766850000.0,0.0068336977247057,0.3214730007600486
2022-09-20,3855.929931640625,3876.010009765625,3827.5400390625,3875.22998046875,4058050000.0,-0.0113361147366004,0.1352699705403074
2022-09-21,3789.929931640625,3907.070068359375,3789.489990234375,3871.39990234375,4078330000.0,-0.0172646740985063,0.1439783377656419
2022-09-22,3757.989990234375,3790.89990234375,3749.449951171875,3782.360107421875,4284600000.0,-0.0084632938304539,0.1412144190533109
2022-09-23,3693.22998046875,3727.139892578125,3647.469970703125,3727.139892578125,5144270000.0,-0.0173828287673307,0.1574824686507565
2022-09-26,3655.0400390625,3715.669921875,3644.760009765625,3682.719970703125,4886140000.0,-0.0103943608902805,0.0652262484624013
2022-09-27,3647.2900390625,3717.530029296875,3623.2900390625,3686.43994140625,4577740000.0,-0.0021226109548247,0.1021156450610211
2022-09-28,3719.0400390625,3736.739990234375,3640.610107421875,3651.93994140625,4684850000.0,0.0194811441811523,0.2237331061743991
2022-09-29,3640.469970703125,3687.010009765625,3610.39990234375,3687.010009765625,4681810000.0,-0.0213527948230975,0.256986018098631
2022-09-30,3585.6201171875,3671.43994140625,3584.1298828125,3633.47998046875,5645360000.0,-0.0151813515462093,0.2514496243378027
2022-10-03,3678.429931640625,3698.35009765625,3604.929931640625,3609.780029296875,4806680000.0,0.0255545775309301,0.3287339924157775
2022-10-04,3790.929931640625,3791.919921875,3726.4599609375,3726.4599609375,5146580000.0,0.0301253414167998,0.3829751876685678
2022-10-05,3783.280029296875,3806.909912109375,3722.659912109375,3753.25,4293180000.0,-0.0020199875589381,0.37164743331867
2022-10-06,3744.52001953125,3797.929931640625,3739.219970703125,3771.969970703125,4252100000.0,-0.0102979229113952,0.331312021929261
2022-10-07,3639.659912109375,3706.739990234375,3620.72998046875,3706.739990234375,4449660000.0,-0.028403196531478,0.3914835616745066
2022-10-10,3612.389892578125,3652.169921875,3588.10009765625,3647.510009765625,3834320000.0,-0.0075206731336527,0.3381796293239971
2022-10-11,3588.840087890625,3640.659912109375,3568.449951171875,3595.860107421875,4759030000.0,-0.0065405184123237,0.1618865153945682
2022-10-12,3577.030029296875,3608.340087890625,3573.860107421875,3590.830078125,4006830000.0,-0.0032961996501662,0.1576461929713234
2022-10-13,3669.909912109375,3685.409912109375,3491.580078125,3520.3701171875,5021680000.0,0.0256342593076311,0.3066952087045531
2022-10-14,3583.070068359375,3712.0,3579.679931640625,3690.409912109375,4243030000.0,-0.0239471207445284,0.2852636603692975
2022-10-17,3677.949951171875,3689.72998046875,3638.64990234375,3638.64990234375,4352780000.0,0.0261355245575618,0.3462126040324319
2022-10-18,3719.97998046875,3762.7900390625,3686.530029296875,3746.260009765625,4483740000.0,0.0113627682070874,0.3363762452335697
2022-10-19,3695.159912109375,3728.580078125,3666.510009765625,3703.110107421875,4223800000.0,-0.0066944552396843,0.3438252227749156
2022-10-20,3665.780029296875,3736.0,3656.43994140625,3689.050048828125,4496620000.0,-0.0079826867387666,0.3067857171125554
2022-10-21,3752.75,3757.889892578125,3647.419921875,3657.10009765625,5078020000.0,0.0234477598604472,0.2562580492933357
2022-10-24,3797.340087890625,3810.739990234375,3741.64990234375,3762.010009765625,4747930000.0,0.0118119402051114,0.2134029463658263
2022-10-25,3859.110107421875,3862.85009765625,3799.43994140625,3799.43994140625,4843120000.0,0.0161357700158749,0.2228905192884399
2022-10-26,3830.60009765625,3886.14990234375,3824.070068359375,3825.969970703125,4817310000.0,-0.0074151403989898,0.2257899708465554
2022-10-27,3807.300048828125,3859.949951171875,3803.7900390625,3834.68994140625,4687320000.0,-0.0061011850531844,0.2180832262097256
2022-10-28,3901.06005859375,3905.419921875,3808.260009765625,3808.260009765625,4459410000.0,0.0243280367708563,0.2221706131916635
2022-10-31,3871.97998046875,3893.72998046875,3863.179931640625,3881.85009765625,4820620000.0,-0.0074823270303364,0.2413541278609467
2022-11-01,3856.10009765625,3911.7900390625,3843.800048828125,3901.7900390625,4481210000.0,-0.004109663720359,0.2183559944799719
2022-11-02,3759.68994140625,3894.43994140625,3758.679931640625,3852.89990234375,4899000000.0,-0.0253198437374828,0.2832188780096371
2022-11-03,3719.889892578125,3750.590087890625,3698.14990234375,3733.25,4625290000.0,-0.0106424225319565,0.2874110347688257
2022-11-04,3770.550048828125,3796.340087890625,3708.840087890625,3766.97998046875,5400180000.0,0.0135268232855639,0.2214809461307868
2022-11-07,3806.800048828125,3813.949951171875,3764.699951171875,3780.7099609375,4341620000.0,0.0095680616793591,0.2495030950266289
2022-11-08,3828.110107421875,3859.39990234375,3786.280029296875,3817.02001953125,4607640000.0,0.0055822828287603,0.257126081953119
2022-11-09,3748.570068359375,3818.199951171875,3744.219970703125,3810.93994140625,4645010000.0,-0.0209967847123034,0.2325027516415754
2022-11-10,3956.3701171875,3958.330078125,3859.889892578125,3859.889892578125,5781260000.0,0.0539525156647976,0.4272647242183044
2022-11-11,3992.929931640625,4001.47998046875,3944.820068359375,3963.719970703125,5593310000.0,0.009198312304769,0.4276035963911627
2022-11-14,3957.25,4008.969970703125,3956.39990234375,3977.969970703125,4561930000.0,-0.008975940544918,0.4523262502686213
2022-11-15,3991.72998046875,4028.840087890625,3953.169921875,4006.409912109375,5015310000.0,0.0086753764146691,0.4519243205415783
2022-11-16,3958.7900390625,3983.090087890625,3954.340087890625,3976.820068359375,4165320000.0,-0.0082862831118737,0.4066268010458782
2022-11-17,3946.56005859375,3954.330078125,3906.5400390625,3919.260009765625,4051780000.0,-0.0030941046442292,0.1414172506366805
2022-11-18,3965.340087890625,3979.889892578125,3935.97998046875,3966.389892578125,4037360000.0,0.0047472956481582,0.1247405389298472
2022-11-21,3949.93994140625,3962.0,3933.340087890625,3956.22998046875,3850690000.0,-0.0038912498002756,0.1095493547061188
2022-11-22,4003.580078125,4005.8798828125,3956.8798828125,3965.510009765625,3887990000.0,0.0134886062698283,0.1365806851073963
2022-11-23,4027.260009765625,4033.780029296875,3998.659912109375,4000.300048828125,3279720000.0,0.0058972660417383,0.1136893166917453
2022-11-24,4027.260009765625,4033.780029296875,3998.659912109375,4000.300048828125,3279720000.0,0.0058972660417383,0.1136893166917453
2022-11-25,4026.1201171875,4034.02001953125,4020.760009765625,4023.340087890625,1706460000.0,-0.0002830842622024,0.1049423882268623
2022-11-28,3963.93994140625,4012.27001953125,3955.77001953125,4005.360107421875,3615430000.0,-0.0155646967940648,0.1728385203871951
2022-11-29,3957.6298828125,3976.77001953125,3937.64990234375,3964.18994140625,3546040000.0,-0.0015931337016243,0.1703908017707572
2022-11-30,4080.110107421875,4080.110107421875,3938.580078125,3957.179931640625,6579360000.0,0.0304786435212949,0.2676275190438365
2022-12-01,4076.570068359375,4100.509765625,4050.8701171875,4087.139892578125,4527130000.0,-0.0008680098296065,0.2685747577565872
2022-12-02,4071.699951171875,4080.47998046875,4026.6298828125,4040.169921875,4012620000.0,-0.0011953746637614,0.2692334779465551
2022-12-05,3998.840087890625,4052.449951171875,3984.489990234375,4052.02001953125,4280820000.0,-0.0180562496309722,0.2799869202747199
2022-12-06,3941.260009765625,4001.510009765625,3918.389892578125,3996.6298828125,4368380000.0,-0.014503869422986,0.303705979775871
2022-12-07,3933.919921875,3957.570068359375,3922.679931640625,3933.280029296875,4118050000.0,-0.0018641072533816,0.1318106397436564
2022-12-08,3963.510009765625,3974.18994140625,3935.830078125,3947.7900390625,4006900000.0,0.0074936344139332,0.1663483978007634
2022-12-09,3934.3798828125,3977.02001953125,3933.0400390625,3954.169921875,3888260000.0,-0.0073767194642132,0.1617014608556309
2022-12-12,3990.56005859375,3990.7099609375,3935.300048828125,3939.2900390625,3904130000.0,0.01417830729965,0.1817913276650444
2022-12-13,4019.64990234375,4100.9599609375,3993.030029296875,4069.3798828125,5079360000.0,0.0072632232554572,0.1352250133182918
2022-12-14,3995.320068359375,4053.760009765625,3965.64990234375,4015.5400390625,4472340000.0,-0.0060711166238359,0.1491773762490544
2022-12-15,3895.75,3958.3701171875,3879.449951171875,3958.3701171875,4493900000.0,-0.025237477901826,0.24107753497938
2022-12-16,3852.360107421875,3890.909912109375,3827.909912109375,3890.909912109375,7493660000.0,-0.0112002399460116,0.2464701613816073
2022-12-19,3817.659912109375,3854.860107421875,3800.0400390625,3853.7900390625,3969610000.0,-0.0090483289411038,0.1846960215162074
2022-12-20,3821.6201171875,3838.239990234375,3795.6201171875,3810.469970703125,3985370000.0,0.0010368006978907,0.153030569801597
2022-12-21,3878.43994140625,3889.820068359375,3839.489990234375,3839.489990234375,3775200000.0,0.0147585486690542,0.2363689879214329
2022-12-22,3822.389892578125,3853.260009765625,3764.489990234375,3853.260009765625,3956950000.0,-0.0145571424981456,0.1888063959859893
2022-12-23,3844.820068359375,3845.800048828125,3797.010009765625,3815.110107421875,2819280000.0,0.005850952271915,0.1854904729368122
2022-12-26,3844.820068359375,3845.800048828125,3797.010009765625,3815.110107421875,2819280000.0,0.005850952271915,0.1854904729368122
2022-12-27,3829.25,3846.64990234375,3813.219970703125,3843.340087890625,3030300000.0,-0.0040578440346594,0.1738352983588191
2022-12-28,3783.219970703125,3848.320068359375,3780.780029296875,3829.56005859375,3083520000.0,-0.0120934704429486,0.1954369103953119
2022-12-29,3849.280029296875,3858.18994140625,3805.449951171875,3805.449951171875,3003680000.0,0.0173106343149943,0.2095689339189559
2022-12-30,3839.5,3839.85009765625,3800.340087890625,3829.06005859375,2979870000.0,-0.0025439756461108,0.1773211804089608
2023-01-03,3824.139892578125,3878.4599609375,3794.330078125,3853.2900390625,3959140000.0,-0.0040085724812736,0.1737332839535172
2023-01-04,3852.969970703125,3873.159912109375,3815.77001953125,3840.360107421875,4414080000.0,0.0075106945621389,0.1805152465950285
2023-01-05,3808.10009765625,3839.739990234375,3802.419921875,3839.739990234375,3893450000.0,-0.0117138691364571,0.1787610588952074
2023-01-06,3895.080078125,3906.18994140625,3809.56005859375,3823.3701171875,3923560000.0,0.0225838355890308,0.2097320051062011
2023-01-09,3892.090087890625,3950.570068359375,3890.419921875,3910.820068359375,4311770000.0,-0.0007679273259905,0.207479668746924
2023-01-10,3919.25,3919.830078125,3877.2900390625,3888.570068359375,3851030000.0,0.0069539979705937,0.1995233405503748
2023-01-11,3969.610107421875,3970.070068359375,3928.5400390625,3932.35009765625,4303360000.0,0.0127675711922936,0.2071780665541167
2023-01-12,3983.169921875,3997.760009765625,3937.56005859375,3977.570068359375,4440260000.0,0.0034100849120427,0.1440912891599179
2023-01-13,3999.090087890625,4003.949951171875,3947.669921875,3960.60009765625,3939700000.0,0.003988892144656,0.0796128764387696
2023-01-16,3999.090087890625,4003.949951171875,3947.669921875,3960.60009765625,3939700000.0,0.003988892144656,0.0796128764387696
2023-01-17,3990.969970703125,4015.389892578125,3984.570068359375,3999.280029296875,4235560000.0,-0.0020325554309963,0.0859127452008342
2023-01-18,3928.860107421875,4014.159912109375,3926.590087890625,4002.25,4298710000.0,-0.0156849669777446,0.1663987576709136
2023-01-19,3898.85009765625,3922.93994140625,3885.5400390625,3911.840087890625,3991500000.0,-0.0076676719018124,0.1308520287622848
2023-01-27,4070.56005859375,4094.2099609375,4048.699951171875,4053.719970703125,3907760000.0,0.0024917340217038,0.0963821361434479
2023-01-30,4017.77001953125,4063.85009765625,4015.550048828125,4049.27001953125,3802000000.0,-0.0130535693152926,0.1367754478931687
2023-01-31,4076.60009765625,4077.159912109375,4020.43994140625,4020.85009765625,4679320000.0,0.0145363044164195,0.1710359084641784
2023-02-01,4119.2099609375,4148.9501953125,4037.199951171875,4070.070068359375,4856930000.0,0.0103980562968847,0.1752781465694229
2023-02-02,4179.759765625,4195.43994140625,4141.8798828125,4158.68017578125,5624360000.0,0.0145923846268543,0.1846452677400103
2023-02-03,4136.47998046875,4182.35986328125,4123.35986328125,4136.68994140625,4694510000.0,-0.0104085926372854,0.2187403666921362
2023-02-06,4111.080078125,4124.6298828125,4093.3798828125,4119.56982421875,4114240000.0,-0.0061593931939392,0.1900334093598417
2023-02-07,4164.0,4176.5400390625,4088.389892578125,4105.35009765625,4355860000.0,0.012790364037397,0.1846040203172473
2023-02-08,4117.85986328125,4156.85009765625,4111.669921875,4153.47021484375,4029820000.0,-0.0111425730124113,0.2018847158175085
2023-02-09,4081.5,4156.22998046875,4069.669921875,4144.25,4270200000.0,-0.0088690098310373,0.1586461009444847
2023-02-10,4090.4599609375,4094.360107421875,4060.7900390625,4068.919921875,3891520000.0,0.0021928557092171,0.1555627344094843
2023-02-13,4137.2900390625,4138.89990234375,4092.669921875,4096.6201171875,3448620000.0,0.0113835699511551,0.1761866980187278
2023-02-14,4136.1298828125,4159.77001953125,4095.010009765625,4126.7001953125,3929200000.0,-0.0002804538554937,0.1438087863051744
2023-02-15,4147.60009765625,4148.10986328125,4103.97998046875,4119.5,4075980000.0,0.0027693375330766,0.1151433099017844
2023-02-16,4090.409912109375,4136.5400390625,4089.489990234375,4114.75,4143660000.0,-0.0138846892048816,0.1450533404321454
2023-02-17,4079.090087890625,4081.510009765625,4047.949951171875,4077.389892578125,4045480000.0,-0.0027712421722827,0.1455460331835602
2023-02-20,4079.090087890625,4081.510009765625,4047.949951171875,4077.389892578125,4045480000.0,-0.0027712421722827,0.1455460331835602
2023-02-21,3997.340087890625,4052.35009765625,3995.18994140625,4052.35009765625,4121590000.0,-0.0202447839734716,0.1549755098017002
2023-02-22,3991.050048828125,4017.3701171875,3976.89990234375,4001.830078125,4079320000.0,-0.0015747954856433,0.1517404309305039
2023-02-23,4012.320068359375,4028.300048828125,3969.18994140625,4018.60009765625,3952940000.0,0.0053152782632377,0.1628835158020471
2023-02-24,3970.0400390625,3978.25,3943.080078125,3973.239990234375,3877700000.0,-0.0105934646197741,0.1551430017117812
2023-02-27,3982.239990234375,4018.050048828125,3973.550048828125,3992.360107421875,3836950000.0,0.0030682925395522,0.1677628770086408
2023-02-28,3970.14990234375,3997.5,3968.97998046875,3977.18994140625,5043400000.0,-0.0030406198309477,0.0979524270383658
2023-03-01,3951.389892578125,3971.72998046875,3939.050048828125,3963.340087890625,4249480000.0,-0.0047364642034928,0.1009060728020027
2023-03-02,3981.35009765625,3990.840087890625,3928.159912109375,3938.679931640625,4244900000.0,0.0075535937311959,0.1117896207062574
2023-03-03,4045.639892578125,4048.2900390625,3995.169921875,3998.02001953125,4084730000.0,0.016018749176483,0.1336630428615646
2023-03-06,4048.419921875,4078.489990234375,4044.610107421875,4055.14990234375,4000870000.0,0.0006869307788483,0.1355100853456485
2023-03-07,3986.3701171875,4050.0,3980.31005859375,4048.260009765625,3922500000.0,-0.0154455904792625,0.1897990762482904
2023-03-08,3992.010009765625,4000.409912109375,3969.760009765625,3987.550048828125,3535570000.0,0.0014137941356032,0.1833787045065824
2023-03-09,3918.320068359375,4017.81005859375,3908.699951171875,3998.659912109375,4445260000.0,-0.0186318579454823,0.2236351431287732
2023-03-10,3861.590087890625,3934.050048828125,3846.320068359375,3912.77001953125,5518190000.0,-0.0145839694360666,0.1521171397865635
2023-03-13,3855.760009765625,3905.050048828125,3808.860107421875,3835.1201171875,6558020000.0,-0.0015109018407387,0.143576002283291
2023-03-14,3919.2900390625,3937.2900390625,3873.6298828125,3894.010009765625,5665870000.0,0.0163423882353636,0.2207632277954837
2023-03-15,3891.929931640625,3894.260009765625,3838.239990234375,3876.739990234375,6594010000.0,-0.0070053639293535,0.2172753456219306
2023-03-16,3960.280029296875,3964.4599609375,3864.110107421875,3878.929931640625,5695790000.0,0.0174095762490317,0.2261107922153432
2023-03-17,3916.639892578125,3958.909912109375,3901.27001953125,3958.68994140625,9354280000.0,-0.0110806212739537,0.2106338241292306
2023-03-20,3951.570068359375,3956.6201171875,3916.889892578125,3917.469970703125,5347140000.0,0.0088788696359408,0.2100549969502831
2023-03-21,4002.8701171875,4009.080078125,3971.18994140625,3975.889892578125,4920240000.0,0.0128986475185591,0.1993984031518254
2023-03-22,3936.969970703125,4039.489990234375,3936.169921875,4002.0400390625,4533010000.0,-0.0166002486398428,0.2407714095413529
2023-03-23,3948.719970703125,4007.659912109375,3919.050048828125,3959.2099609375,4991600000.0,0.0029800838691824,0.2024746115963852
2023-03-24,3970.989990234375,3972.739990234375,3909.159912109375,3939.2099609375,4583970000.0,0.0056239630843032,0.1815711016214481
2023-03-27,3977.530029296875,4003.830078125,3970.489990234375,3982.929931640625,4233540000.0,0.001645599563767,0.1732769690966162
2023-03-28,3971.27001953125,3979.199951171875,3951.530029296875,3974.1298828125,4014600000.0,-0.0015750832883878,0.139457281230749
2023-03-29,4027.81005859375,4030.590087890625,3999.530029296875,3999.530029296875,4145250000.0,0.0141368707750468,0.094409141981138
2023-03-30,4050.830078125,4057.85009765625,4032.10009765625,4046.739990234375,3930860000.0,0.0056989991994826,0.0935073888358995
2023-03-31,4109.31005859375,4110.75,4056.179931640625,4056.179931640625,4525120000.0,0.0143333277820365,0.1146078107559146
2023-04-03,4124.509765625,4127.66015625,4098.7900390625,4102.2001953125,4234700000.0,0.0036920225658028,0.1095654928609749
2023-04-04,4100.60009765625,4133.1298828125,4086.8701171875,4128.02978515625,4227800000.0,-0.0058138397451625,0.1327679427640557
2023-04-05,4090.3798828125,4099.68994140625,4072.56005859375,4094.5,3968020000.0,-0.0024954816571214,0.1239984652512906
2023-04-06,4105.02001953125,4107.31982421875,4069.840087890625,4081.14990234375,3486690000.0,0.0035727731328032,0.1220763415868345
2023-04-07,4105.02001953125,4107.31982421875,4069.840087890625,4081.14990234375,3486690000.0,0.0035727731328032,0.1220763415868345
2023-04-10,4109.10986328125,4109.5,4072.550048828125,4085.199951171875,3423650000.0,0.00099580701701,0.0651701509199358
2023-04-11,4108.93994140625,4124.259765625,4102.60986328125,4110.2900390625,3665830000.0,-4.135333298352082e-05,0.0566418384832902
2023-04-12,4091.949951171875,4134.3701171875,4086.93994140625,4121.72021484375,3633120000.0,-0.0041434563234613,0.0477964031855131
2023-04-13,4146.22021484375,4150.259765625,4099.39990234375,4100.0400390625,3596590000.0,0.0131755104978315,0.102801852137814
2023-04-14,4137.64013671875,4163.18994140625,4113.2001953125,4140.10986328125,3575690000.0,-0.0020715175845779,0.1075248689695809
2023-04-17,4151.31982421875,4151.72021484375,4123.18017578125,4137.169921875,3611180000.0,0.0033007035826147,0.1079760141638563
2023-04-18,4154.8701171875,4169.47998046875,4140.35986328125,4164.259765625,3536640000.0,0.0008548548034659,0.1070692307738791
2023-04-19,4154.52001953125,4162.56982421875,4134.490234375,4139.330078125,3572560000.0,-8.426554793962826e-05,0.0950682660658765
2023-04-20,4129.7900390625,4148.56982421875,4114.56982421875,4130.47998046875,3772080000.0,-0.0059703351883111,0.055228425652154
2023-04-21,4133.52001953125,4138.02001953125,4113.85986328125,4132.14013671875,3611750000.0,0.0009027812573008,0.0549301158455162
2023-04-24,4137.0400390625,4142.41015625,4117.77001953125,4132.06982421875,3290940000.0,0.0008512167782723,0.0473234282557396
2023-04-25,4071.6298828125,4126.43017578125,4071.3798828125,4126.43017578125,3978640000.0,-0.0159371838185764,0.11482214205234
2023-04-26,4055.989990234375,4089.669921875,4049.35009765625,4087.780029296875,3837030000.0,-0.0038485835033448,0.1096288805224005
2023-04-27,4135.35009765625,4138.240234375,4075.2900390625,4075.2900390625,3750550000.0,0.0193771934026963,0.2016528989982608
2023-04-28,4169.47998046875,4170.06005859375,4127.18017578125,4129.6298828125,4087800000.0,0.0082193313132434,0.2096332395017772
2023-05-04,4061.219970703125,4082.610107421875,4048.280029296875,4082.550048828125,4920090000.0,-0.0072449134550627,0.12293542214805
2023-05-05,4136.25,4147.02001953125,4084.72998046875,4084.72998046875,4186270000.0,0.0183061663818797,0.1878436014634111
2023-05-08,4138.1201171875,4142.2998046875,4123.81005859375,4136.97998046875,3641640000.0,0.000452026484882,0.1882786831026628
2023-05-09,4119.169921875,4130.35009765625,4116.64990234375,4124.25,3810140000.0,-0.0045899389490595,0.1699009244098174
2023-05-10,4137.64013671875,4154.27978515625,4098.919921875,4143.740234375,4057160000.0,0.0044739422419144,0.1593220437437957
2023-05-11,4130.6201171875,4132.7998046875,4109.2900390625,4132.240234375,3752900000.0,-0.0016980648897067,0.142399392872981
2023-05-12,4124.080078125,4143.740234375,4099.1201171875,4138.5400390625,3533740000.0,-0.001584561589439,0.0532126432696126
2023-05-15,4136.27978515625,4141.25,4110.27001953125,4126.64990234375,3562170000.0,0.0029537976803169,0.0589515753464247
2023-05-16,4109.89990234375,4135.5400390625,4109.85986328125,4127.9501953125,3654200000.0,-0.0063981076819174,0.0683046358337789
2023-05-17,4158.77001953125,4164.669921875,4113.6201171875,4122.85009765625,4039080000.0,0.0118206886220715,0.1092906488476736
2023-05-18,4198.0498046875,4202.2001953125,4153.5,4157.68017578125,3980500000.0,0.0094007230637271,0.119806305624746
2023-05-19,4191.97998046875,4212.91015625,4180.2001953125,4204.14990234375,4041900000.0,-0.0014469138806754,0.1194606895435148
2023-05-22,4192.6298828125,4209.22021484375,4179.68017578125,4190.77978515625,3728520000.0,0.0001550226798023,0.121555570475335
2023-05-23,4145.580078125,4185.68017578125,4142.5400390625,4176.7998046875,4155320000.0,-0.0112854687682842,0.1469223533647987
2023-05-24,4115.240234375,4132.9599609375,4103.97998046875,4132.9599609375,0.0,-0.0073455126783052,0.1254152484638235
2023-05-25,4151.27978515625,4165.740234375,4129.72998046875,4155.7099609375,4147760000.0,0.0087194560790118,0.1215104038406007
2023-05-26,4205.4501953125,4212.8701171875,4156.16015625,4156.16015625,3715460000.0,0.0129646809316407,0.1633215663440008
2023-05-29,4205.4501953125,4212.8701171875,4156.16015625,4156.16015625,3715460000.0,0.0129646809316407,0.1633215663440008
2023-05-30,4205.52001953125,4231.10009765625,4192.18017578125,4226.7099609375,4228510000.0,1.660313066576836e-05,0.1633505024352376
2023-05-31,4179.830078125,4195.43994140625,4166.14990234375,4190.740234375,5980670000.0,-0.006127358186214,0.142445217346543
2023-06-01,4221.02001953125,4232.43017578125,4171.64013671875,4183.02978515625,4391860000.0,0.0098062150858538,0.1252461763133175
2023-06-02,4282.3701171875,4290.669921875,4241.009765625,4241.009765625,4454200000.0,0.0144298123901074,0.1412501287760781
2023-06-05,4273.7900390625,4299.27978515625,4266.81982421875,4282.990234375,3813290000.0,-0.0020055914906577,0.1360908580163067
2023-06-06,4283.85009765625,4288.330078125,4263.08984375,4271.33984375,3996560000.0,0.0023511302338505,0.1336112425391235
2023-06-07,4267.52001953125,4299.18994140625,4263.9599609375,4285.47021484375,4537800000.0,-0.0038192939264206,0.1235522662186702
2023-06-08,4293.93017578125,4298.009765625,4261.06982421875,4268.68994140625,3826740000.0,0.0061695716075232,0.1155035136765462
2023-06-09,4298.85986328125,4322.6201171875,4291.7001953125,4304.8798828125,3786510000.0,0.0011474010230505,0.0617696334796332
2023-06-12,4338.93017578125,4340.1298828125,4304.3701171875,4308.31982421875,3945670000.0,0.0092779749817541,0.0792978399463545
2023-06-13,4369.009765625,4375.3701171875,4349.31005859375,4352.60986328125,4275400000.0,0.0069085707259088,0.083353479517739
2023-06-14,4372.58984375,4391.81982421875,4337.85009765625,4366.2900390625,4252110000.0,0.0008190899801265,0.059153774394936
2023-06-15,4425.83984375,4439.2001953125,4362.60009765625,4365.330078125,4176690000.0,0.0121045804935899,0.0790595101233584
2023-06-16,4409.58984375,4448.47021484375,4407.43994140625,4440.9501953125,6848600000.0,-0.003678376467751,0.1020101439192689
2023-06-19,4409.58984375,4448.47021484375,4407.43994140625,4440.9501953125,6848600000.0,-0.003678376467751,0.1020101439192689
2023-06-20,4388.7099609375,4400.14990234375,4367.18994140625,4396.10986328125,4055790000.0,-0.004746353835236,0.1136309298630205
2023-06-21,4365.68994140625,4386.22021484375,4360.14013671875,4380.009765625,3709330000.0,-0.0052590863669252,0.1152385760877247
2023-06-22,4381.89013671875,4382.25,4351.81982421875,4355.39990234375,3511000000.0,0.0037039303873345,0.1185426740403804
2023-06-23,4348.330078125,4366.5498046875,4341.33984375,4354.169921875,6053620000.0,-0.0076882880565021,0.0683306358612424
2023-06-26,4328.81982421875,4362.06005859375,4328.080078125,4344.83984375,3415030000.0,-0.0044969343631321,0.0686860543722233
2023-06-27,4378.41015625,4384.419921875,4335.0,4337.35986328125,3573500000.0,0.0113907335241807,0.12533673569912
2023-06-28,4376.85986328125,4390.35009765625,4360.22021484375,4367.47998046875,3739330000.0,-0.0003541393883898,0.1181610553980778
2023-06-29,4396.43994140625,4398.39013671875,4371.97021484375,4374.93994140625,3696660000.0,0.00446356811449,0.1195688997668645
2023-06-30,4450.3798828125,4458.47998046875,4422.43994140625,4422.43994140625,3923450000.0,0.0121943502618858,0.115321699417408
2023-07-03,4455.58984375,4456.4599609375,4442.2900390625,4450.47998046875,2034280000.0,0.0011699930926736,0.0916183268194281
2023-07-04,4455.58984375,4456.4599609375,4442.2900390625,4450.47998046875,2034280000.0,0.0011699930926736,0.0916183268194281
2023-07-05,4446.81982421875,4454.06005859375,4436.60986328125,4442.0400390625,3482620000.0,-0.0019702580976127,0.0890707181583982
2023-07-06,4411.58984375,4422.6201171875,4385.0498046875,4422.6201171875,3682020000.0,-0.0079540611758947,0.1189662126244165
2023-07-07,4398.9501953125,4440.39013671875,4397.39990234375,4404.5400390625,3630480000.0,-0.0028692127957334,0.1191612309940349
2023-07-10,4409.52978515625,4412.60009765625,4389.919921875,4394.22998046875,3429600000.0,0.0024021386106263,0.0642445555107032
2023-07-11,4439.259765625,4443.64013671875,4408.4599609375,4415.5498046875,3624220000.0,0.0067195839982548,0.088245713260729
2023-07-12,4472.16015625,4488.33984375,4463.22998046875,4467.68994140625,3920290000.0,0.0073839052353896,0.1036371892442853
2023-07-13,4510.0400390625,4517.3798828125,4489.35986328125,4491.5,3839530000.0,0.0084344829896271,0.0742008497970705
2023-07-14,4505.419921875,4527.759765625,4499.56005859375,4514.60986328125,3647450000.0,-0.0010249321969074,0.0631243627543264
2023-07-17,4522.7900390625,4532.85009765625,4504.89990234375,4508.85986328125,3538240000.0,0.0038479695744204,0.0604673753473788
2023-07-18,4554.97998046875,4562.2998046875,4514.58984375,4521.77978515625,4090010000.0,0.0070920669414283,0.0611605468689854
2023-07-19,4565.72021484375,4578.43017578125,4557.47998046875,4563.8701171875,4115670000.0,0.0023551348272336,0.059980031885609
2023-07-20,4534.8701171875,4564.740234375,4527.56005859375,4554.3798828125,3761770000.0,-0.0067798273962576,0.0838643522354586
2023-07-21,4536.33984375,4555.0,4535.7900390625,4550.16015625,3570190000.0,0.000324042014613,0.0822441102051113
2023-07-24,4554.64013671875,4563.41015625,4541.2900390625,4543.39013671875,3856250000.0,0.0040260384968748,0.0825913846811001
2023-07-25,4567.4599609375,4580.6201171875,4552.419921875,4555.18994140625,3812470000.0,0.0028107195758387,0.0683846808586759
2023-07-26,4566.75,4582.47021484375,4547.580078125,4558.9599609375,3990290000.0,-0.0001554509786759,0.0664998777023842
2023-07-27,4537.41015625,4607.06982421875,4528.56005859375,4598.259765625,4553210000.0,-0.006445393055197,0.0643449831318274
2023-07-28,4582.22998046875,4590.16015625,4564.009765625,4565.75,3981010000.0,0.0098293758104338,0.0945936216335647
2023-07-31,4588.9599609375,4594.22021484375,4573.14013671875,4584.81982421875,4503600000.0,0.0014676354365687,0.0928920921126607
2023-08-01,4576.72998046875,4584.6201171875,4567.52978515625,4578.830078125,4042370000.0,-0.0026686453076827,0.0961153072834268
2023-08-02,4513.39013671875,4550.93017578125,4505.75,4550.93017578125,4270710000.0,-0.0139362006383361,0.1406541771013261
2023-08-03,4501.89013671875,4519.490234375,4485.5400390625,4494.27001953125,4149120000.0,-0.0025512254502915,0.1361570440742701
2023-08-04,4478.02978515625,4540.33984375,4474.5498046875,4513.9599609375,4143310000.0,-0.0053141693739379,0.0913365461784365
2023-08-07,4518.43994140625,4519.83984375,4491.14990234375,4491.580078125,3493920000.0,0.0089836189648565,0.1301387328818906
2023-08-08,4499.3798828125,4503.31005859375,4464.39013671875,4498.02978515625,3884910000.0,-0.0042272051000588,0.1302855844170095
2023-08-09,4467.7099609375,4502.43994140625,4461.330078125,4501.56982421875,3803100000.0,-0.0070636191020451,0.1011874355853861
2023-08-10,4468.830078125,4527.3701171875,4457.919921875,4487.16015625,4504370000.0,0.0002506825210808,0.1022357760907527
2023-08-11,4464.0498046875,4476.22998046875,4443.97998046875,4450.68994140625,3753290000.0,-0.0010702648992294,0.0964702398064603
2023-08-14,4489.72021484375,4490.330078125,4453.43994140625,4458.1298828125,3896410000.0,0.005734004879419,0.0768395869141699
2023-08-15,4437.85986328125,4478.8701171875,4432.18994140625,4478.8701171875,3832250000.0,-0.0116181393960964,0.1068010800264363
2023-08-16,4404.330078125,4449.9501953125,4403.5498046875,4433.7900390625,3753910000.0,-0.0075840817926245,0.1081793674794655
2023-08-17,4370.35986328125,4421.169921875,4364.830078125,4416.31982421875,3943700000.0,-0.007742811377529,0.1085936048062013
2023-08-18,4369.7099609375,4381.81982421875,4335.31005859375,4344.8798828125,3940400000.0,-0.0001487178839572,0.1105827180928108
2023-08-21,4399.77001953125,4407.5498046875,4360.2998046875,4380.27978515625,3726850000.0,0.0068556348597997,0.1170727922219054
2023-08-22,4387.5498046875,4418.58984375,4382.77001953125,4415.330078125,3522760000.0,-0.0027813310465456,0.0959814255897361
2023-08-23,4436.009765625,4443.18017578125,4396.43994140625,4396.43994140625,3837270000.0,0.0109843307107913,0.1190828348515042
2023-08-24,4376.31005859375,4458.2998046875,4375.5498046875,4455.16015625,3723470000.0,-0.013549353984008,0.1503115432666433
2023-08-25,4405.7099609375,4418.4599609375,4356.2900390625,4389.3798828125,3296180000.0,0.0066955010602951,0.1568169373098622
2023-08-28,4433.31005859375,4439.56005859375,4414.97998046875,4426.02978515625,2957230000.0,0.0062450785941964,0.1555929760622304
2023-08-29,4497.6298828125,4500.14013671875,4431.68017578125,4432.75,3354820000.0,0.0144040687120565,0.1725768718299455
2023-08-30,4514.8701171875,4521.64990234375,4493.58984375,4500.33984375,3064110000.0,0.0038258541811929,0.164097636282291
2023-08-31,4507.66015625,4532.259765625,4507.39013671875,4517.009765625,3946360000.0,-0.0015982129743398,0.0917415125219815
2023-09-05,4496.830078125,4514.2900390625,4496.009765625,4510.06005859375,3526250000.0,-0.0042029978213812,0.1136685122280644
2023-09-06,4465.47998046875,4490.35009765625,4442.3798828125,4490.35009765625,3418850000.0,-0.0069960144914322,0.0695310049029416
2023-09-07,4451.14013671875,4457.81005859375,4430.4599609375,4434.5498046875,3763760000.0,-0.0032164331157329,0.0516351336103389
2023-09-08,4457.490234375,4473.52978515625,4448.3798828125,4451.2998046875,3259290000.0,0.001425606062257,0.0600114250832501
2023-09-11,4487.4599609375,4490.77001953125,4467.89013671875,4480.97998046875,3369920000.0,0.0067009514981355,0.0854794465075679
2023-09-12,4461.89990234375,4487.10986328125,4456.830078125,4473.27001953125,3435740000.0,-0.0057121690230039,0.0893396705794233
2023-09-13,4467.43994140625,4479.39013671875,4453.52001953125,4462.64990234375,3529430000.0,0.0012408621175346,0.0758872240425576
2023-09-14,4505.10009765625,4511.990234375,4478.68994140625,4487.77978515625,3648720000.0,0.0083945855336662,0.0878611610015351
2023-09-15,4450.31982421875,4497.97998046875,4447.2099609375,4497.97998046875,6932230000.0,-0.0122341458424939,0.1371782510311648
2023-09-18,4453.52978515625,4466.35986328125,4442.10986328125,4445.1298828125,3161230000.0,0.0007210276941755,0.1238086322435805
2023-09-19,4443.9501953125,4449.85009765625,4416.60986328125,4445.41015625,3614880000.0,-0.0021533273615331,0.1186851825235795
2023-09-20,4402.2001953125,4461.02978515625,4401.3798828125,4452.81005859375,3308450000.0,-0.009439204206291,0.1306915522537496
2023-09-21,4330.0,4375.7001953125,4329.169921875,4374.35986328125,3662340000.0,-0.016536918318488,0.1131142587779795
2023-09-22,4320.06005859375,4357.39990234375,4316.490234375,4341.740234375,3349570000.0,-0.0022982374027607,0.1112659514384363
2023-09-25,4337.43994140625,4338.509765625,4302.7001953125,4310.6201171875,3195650000.0,0.0040149942038066,0.1252681406963596
2023-09-26,4273.52978515625,4313.009765625,4265.97998046875,4312.8798828125,3472340000.0,-0.0148441654822649,0.1371336834372755
2023-09-27,4274.509765625,4292.06982421875,4238.6298828125,4282.6298828125,3875880000.0,0.0002292877722947,0.1467832521993962
2023-09-28,4299.7001953125,4317.27001953125,4264.3798828125,4269.64990234375,3846230000.0,0.0058758771430006,0.1295663887814765
2023-09-29,4288.0498046875,4333.14990234375,4274.85986328125,4328.18017578125,3865960000.0,-0.0027132596482893,0.1297800789265897
2023-10-02,4288.39013671875,4300.580078125,4260.2099609375,4284.52001953125,3938660000.0,7.936440615299324e-05,0.1220447400003737
2023-10-03,4229.4501953125,4281.14990234375,4216.4501953125,4269.75,3953830000.0,-0.0138393958634491,0.1155615794304469
2023-10-04,4263.75,4268.5,4220.47998046875,4233.830078125,3777600000.0,0.0080770476078289,0.1368781996254133
2023-10-05,4258.18994140625,4267.1298828125,4225.91015625,4259.31005859375,3581470000.0,-0.0013048811469951,0.1247477784154542
2023-10-06,4308.5,4324.10009765625,4219.5498046875,4234.7900390625,3902030000.0,0.0117456420939611,0.157131450609662
2023-10-09,4335.66015625,4341.72998046875,4283.7900390625,4289.02001953125,3174630000.0,0.0062840681193874,0.1610861166556606
2023-10-10,4358.240234375,4385.4599609375,4339.64013671875,4339.75,3520240000.0,0.0051944760999853,0.0758900183785304
2023-10-11,4376.9501953125,4378.64013671875,4345.33984375,4366.58984375,3601660000.0,0.004283819500095,0.0741040654954393
2023-10-12,4349.60986328125,4385.85009765625,4325.43017578125,4380.93994140625,3713140000.0,-0.0062660249406549,0.104036185504386
2023-10-13,4327.77978515625,4377.10009765625,4311.97021484375,4360.490234375,3566560000.0,-0.0050314956602198,0.095713954690563
2023-10-16,4373.6298828125,4383.330078125,4342.3701171875,4342.3701171875,3409960000.0,0.0105386423025899,0.1138574226017784
2023-10-17,4373.2001953125,4393.56982421875,4337.5400390625,4345.22998046875,3794850000.0,-9.824987944376509e-05,0.1098827651211654
2023-10-18,4314.60009765625,4364.2001953125,4303.83984375,4357.35009765625,3686030000.0,-0.0134904082511518,0.1412011387775876
2023-10-19,4278.0,4339.5400390625,4269.68994140625,4321.35986328125,3969730000.0,-0.0085190323280579,0.1454571893161044
2023-10-20,4224.16015625,4276.56005859375,4223.02978515625,4273.85009765625,4004030000.0,-0.0126651491961559,0.1604394504786967
2023-10-23,4217.0400390625,4255.83984375,4189.22021484375,4210.39990234375,3776100000.0,-0.0016869920654349,0.0978450504259514
2023-10-24,4247.68017578125,4259.3798828125,4219.43017578125,4235.7900390625,3821820000.0,0.0072395235196288,0.1376166977828889
2023-10-25,4186.77001953125,4232.419921875,4181.419921875,4232.419921875,3869370000.0,-0.014443434657238,0.1410839282949968
2023-10-26,4137.22998046875,4183.60009765625,4127.89990234375,4175.990234375,4277640000.0,-0.0119030812055848,0.1467975898786889
2023-10-27,4117.3701171875,4156.7001953125,4103.77978515625,4152.93017578125,4019500000.0,-0.0048118385786207,0.1369204937661156
2023-10-30,4166.81982421875,4177.47021484375,4132.93994140625,4139.39013671875,3911140000.0,0.0119384743002859,0.1843907999989708
2023-10-31,4193.7998046875,4195.5498046875,4153.1201171875,4171.330078125,4249470000.0,0.0064540848216882,0.1818721261894464
2023-11-01,4237.85986328125,4245.64013671875,4197.740234375,4201.27001953125,4224900000.0,0.0104511949901918,0.164365421128787
2023-11-02,4317.77978515625,4319.72021484375,4268.259765625,4268.259765625,4669780000.0,0.0186829389340864,0.1376385048493313
2023-11-03,4358.33984375,4373.6201171875,4334.22998046875,4334.22998046875,4570960000.0,0.0093498835445514,0.0722653703127914
2023-11-06,4365.97998046875,4372.2099609375,4347.52978515625,4364.27001953125,3656340000.0,0.0017514577241005,0.098639285072835
2023-11-07,4378.3798828125,4386.259765625,4355.41015625,4366.2099609375,3791230000.0,0.0028360934017119,0.1081853918604359
2023-11-08,4382.77978515625,4391.2001953125,4359.759765625,4384.3701171875,3729510000.0,0.0010044110324198,0.1183867892708317
2023-11-09,4347.35009765625,4393.39990234375,4343.93994140625,4391.41015625,3900780000.0,-0.0081166906990687,0.0991694093485605
2023-11-10,4415.240234375,4418.02978515625,4353.33984375,4364.14990234375,3665080000.0,0.0154957592707722,0.1338715157446077
2023-11-13,4411.5498046875,4421.759765625,4393.81982421875,4406.66015625,3326240000.0,-0.00083618844137,0.1361390072746597
2023-11-14,4495.7001953125,4508.669921875,4458.97021484375,4458.97021484375,4700350000.0,0.0188953704745772,0.1818479147933438
2023-11-15,4502.8798828125,4521.169921875,4495.31005859375,4505.2998046875,4347170000.0,0.0015957382078471,0.1810168207317223
2023-11-16,4508.240234375,4511.990234375,4487.830078125,4497.080078125,3964520000.0,0.0011897193967137,0.1458576368096164
2023-11-17,4514.02001953125,4520.1201171875,4499.66015625,4509.5498046875,3777240000.0,0.0012812279371779,0.1293131386688019
2023-11-20,4547.3798828125,4557.10986328125,4510.35986328125,4511.7001953125,3644790000.0,0.0073631037937956,0.1211388825847857
2023-11-21,4538.18994140625,4542.14013671875,4525.509765625,4538.77001953125,3511080000.0,-0.0020229759317579,0.0539578346876102
2023-11-22,4556.6201171875,4568.43017578125,4545.0498046875,4553.0400390625,3042810000.0,0.0040529050943133,0.0559224127306742
2023-11-23,4556.6201171875,4568.43017578125,4545.0498046875,4553.0400390625,3042810000.0,0.0040529050943133,0.0559224127306742
2023-11-24,4559.33984375,4560.31005859375,4552.7998046875,4555.83984375,1639500000.0,0.000596695609645,0.0568633576652875
2023-11-27,4550.43017578125,4560.52001953125,4546.31982421875,4554.85986328125,3403990000.0,-0.0019560693168983,0.0644865054307233
2023-11-28,4554.89013671875,4568.14013671875,4540.509765625,4545.5498046875,3586240000.0,0.0009796385280502,0.0397780671807815
2023-11-29,4550.580078125,4587.64013671875,4547.14990234375,4571.83984375,4418760000.0,-0.0009466966151019,0.0363535651799864
2023-11-30,4567.7998046875,4569.89013671875,4537.240234375,4554.8701171875,5399300000.0,0.0037769312649946,0.034690793440667
2023-12-01,4594.6298828125,4599.39013671875,4554.7099609375,4559.43017578125,4397120000.0,0.0058565589538466,0.0516572480438508
2023-12-04,4569.77978515625,4572.3701171875,4546.72021484375,4564.3701171875,4369910000.0,-0.0054231880638269,0.0693001651900945
2023-12-05,4567.18017578125,4578.56005859375,4551.68017578125,4557.25,3909950000.0,-0.0005690315939348,0.0699845044447623
2023-12-06,4549.33984375,4590.740234375,4546.5,4586.22998046875,4245680000.0,-0.0039138519449437,0.0767917054022643
2023-12-07,4585.58984375,4590.919921875,4565.22021484375,4568.83984375,3818880000.0,0.0079366106848219,0.0936865551451626
2023-12-08,4604.3701171875,4609.22998046875,4574.06005859375,4576.2001953125,3707010000.0,0.0040871341465037,0.0883322399688762
2023-12-11,4622.43994140625,4623.7099609375,4593.39013671875,4593.39013671875,3823210000.0,0.0039168135477814,0.0729287462832347
2023-12-12,4643.7001953125,4643.93017578125,4608.08984375,4618.2998046875,3808380000.0,0.0045888127956924,0.0692846469935637
2023-12-13,4707.08984375,4709.68994140625,4643.22998046875,4646.2001953125,5063650000.0,0.0135583451750198,0.0652243950052603
2023-12-14,4719.5498046875,4738.56982421875,4694.33984375,4721.0400390625,6314040000.0,0.0026435651851544,0.0701420854508579
2023-12-15,4719.18994140625,4725.52978515625,4704.68994140625,4714.22998046875,8218980000.0,-7.625240044859478e-05,0.0816733684195693
2023-12-18,4740.56005859375,4749.52001953125,4725.580078125,4725.580078125,4060340000.0,0.0045181222634005,0.0813159392532373
2023-12-19,4768.3701171875,4768.68994140625,4743.72021484375,4743.72021484375,4026970000.0,0.0058492674508189,0.0813613125350036
2023-12-20,4698.35009765625,4778.009765625,4697.81982421875,4764.72998046875,4201320000.0,-0.0147931479653056,0.1327606439257163
2023-12-21,4746.75,4748.7099609375,4708.35009765625,4724.2900390625,3431180000.0,0.0102487693072718,0.1530681723028391
2023-12-22,4754.6298828125,4772.93994140625,4736.77001953125,4753.919921875,3046770000.0,0.001658682152761,0.1526880809165371
2023-12-25,4754.6298828125,4772.93994140625,4736.77001953125,4753.919921875,3046770000.0,0.001658682152761,0.1526880809165371
2023-12-26,4774.75,4784.72021484375,4758.4501953125,4758.85986328125,2513910000.0,0.0042227610469785,0.1523338098821661
2023-12-27,4781.580078125,4785.39013671875,4768.89990234375,4773.4501953125,2748450000.0,0.0014294356164229,0.1474215422862465
2023-12-28,4783.35009765625,4793.2998046875,4780.97998046875,4786.43994140625,2698860000.0,0.0003701061103271,0.0632521240014883
2023-12-29,4769.830078125,4788.43017578125,4751.990234375,4782.8798828125,3126060000.0,-0.0028304770367338,0.0405261269827725
2024-01-02,4742.830078125,4754.330078125,4722.669921875,4745.2001953125,3743050000.0,-0.0056766607997231,0.0609740098258775
2024-01-03,4704.81005859375,4729.2900390625,4699.7099609375,4725.06982421875,3950760000.0,-0.0080486183271976,0.0633228860165097
2024-01-04,4688.68017578125,4726.77978515625,4687.52978515625,4697.419921875,3715480000.0,-0.0034342716633174,0.0501740371002547
2024-01-05,4697.240234375,4721.490234375,4682.10986328125,4690.56982421875,3844370000.0,0.0018240216394339,0.0584005300439297
2024-01-08,4763.5400390625,4764.5400390625,4699.81982421875,4703.7001953125,3742320000.0,0.0140159454363531,0.1393489939128429
2024-01-09,4756.5,4765.47021484375,4730.35009765625,4741.93017578125,3529960000.0,-0.0014789938523175,0.132073379823946
2024-01-10,4783.4501953125,4790.7998046875,4756.2001953125,4759.93994140625,3498680000.0,0.0056499806504959,0.1096147207973132
2024-01-11,4780.240234375,4798.5,4739.580078125,4792.1298828125,3759890000.0,-0.0006712808369611,0.1002514803543513
2024-01-12,4783.830078125,4802.39990234375,4768.97998046875,4791.18017578125,3486340000.0,0.0007506937530339,0.1019060309841785
2024-01-15,4783.830078125,4802.39990234375,4768.97998046875,4791.18017578125,3486340000.0,0.0007506937530339,0.1019060309841785
2024-01-16,4765.97998046875,4782.33984375,4747.1201171875,4772.35009765625,4260550000.0,-0.0037383190523568,0.0555871044136431
2024-01-17,4739.2099609375,4744.22998046875,4714.81982421875,4739.1298828125,3928600000.0,-0.0056327312711078,0.0691893655733091
2024-01-18,4780.93994140625,4785.7900390625,4740.56982421875,4760.10009765625,4019000000.0,0.0087667207262431,0.0882132614209462
2024-01-19,4839.81005859375,4842.06982421875,4785.8701171875,4796.27978515625,4287200000.0,0.0122383082325485,0.1235312624903538
2024-01-22,4850.43017578125,4868.41015625,4844.0498046875,4853.419921875,4297610000.0,0.0021919211872316,0.1226832686275276
2024-01-23,4864.60009765625,4866.47998046875,4844.3701171875,4856.7998046875,3912800000.0,0.0029171153407644,0.1087653790591517
2024-01-24,4868.5498046875,4903.68017578125,4865.93994140625,4888.56005859375,4330030000.0,0.0008115989762168,0.07760916554021
2024-01-25,4894.16015625,4898.14990234375,4869.33984375,4886.66015625,4020430000.0,0.0052465781349779,0.0717484964250958
2024-01-26,4890.97021484375,4906.68994140625,4881.47021484375,4888.91015625,3353400000.0,-0.0006519977554263,0.0353279169987277
2024-01-29,4927.93017578125,4929.31005859375,4887.39990234375,4892.9501953125,3525160000.0,0.0075283655052462,0.0523745695392542
2024-01-30,4924.97021484375,4931.08984375,4916.27001953125,4925.89013671875,3836130000.0,-0.0006008303969786,0.0589837617546858
2024-01-31,4845.64990234375,4906.75,4845.14990234375,4899.18994140625,4696120000.0,-0.0162368517407336,0.1472523350844062
2024-02-01,4906.18994140625,4906.97021484375,4853.52001953125,4861.10986328125,4386090000.0,0.0124162861140497,0.1728165529703522
2024-02-02,4958.60986328125,4975.2900390625,4907.990234375,4916.06005859375,3974350000.0,0.0106277707226331,0.1861548673216112
2024-02-05,4942.81005859375,4957.18994140625,4918.08984375,4957.18994140625,4023640000.0,-0.0031914247092839,0.1843558121951767
2024-02-06,4954.22998046875,4957.77001953125,4934.8798828125,4950.16015625,4440880000.0,0.0023077459317481,0.1843156623514608
2024-02-07,4995.06005859375,4999.89013671875,4969.0498046875,4973.0498046875,4895590000.0,0.0082076825940086,0.1021246666602374
2024-02-15,5029.72998046875,5032.72021484375,4999.43994140625,5003.14013671875,4137970000.0,0.00580437267404,0.1463121915116755
2024-02-16,5005.56982421875,5038.7001953125,4999.52001953125,5031.1298828125,3833270000.0,-0.004815043575961,0.1452176805499638
2024-02-19,5005.56982421875,5038.7001953125,4999.52001953125,5031.1298828125,3833270000.0,-0.004815043575961,0.1452176805499638
2024-02-20,4975.509765625,4993.7099609375,4955.02001953125,4989.31982421875,4034880000.0,-0.0060234264658172,0.1498546106968637
2024-02-21,4981.7998046875,4983.2099609375,4946.0,4963.02978515625,3788390000.0,0.0012634014951035,0.1061962097648174
2024-02-22,5087.02978515625,5094.39013671875,5038.830078125,5038.830078125,4051710000.0,0.0209028886664034,0.1726205082328236
2024-02-23,5088.7998046875,5111.06005859375,5081.4599609375,5100.919921875,3672790000.0,0.0003478870265021,0.1722310667480441
2024-02-26,5069.52978515625,5097.66015625,5068.91015625,5093.0,3683930000.0,-0.0037939392446684,0.1696942940198262
2024-02-27,5078.18017578125,5080.68994140625,5057.2900390625,5074.60009765625,3925950000.0,0.0017048955387209,0.1531933995583184
2024-02-28,5069.759765625,5077.3701171875,5058.35009765625,5067.2001953125,3789370000.0,-0.0016595313211122,0.1579176586960155
2024-02-29,5096.27001953125,5104.990234375,5061.89013671875,5085.35986328125,5219740000.0,0.0052154704557999,0.0542516725834118
2024-03-01,5137.080078125,5140.330078125,5094.16015625,5098.509765625,4748110000.0,0.0079759364333879,0.0765597279433641
2024-03-04,5130.9501953125,5149.669921875,5127.18017578125,5130.990234375,4758440000.0,-0.001193974574963,0.065882646726133
2024-03-05,5078.64990234375,5114.5400390625,5056.81982421875,5110.52001953125,4418410000.0,-0.0102454062759179,0.1122393246255361
2024-03-06,5104.759765625,5127.97021484375,5092.22021484375,5108.02978515625,4559050000.0,0.0051279328530016,0.1161227432410968
2024-03-07,5157.35986328125,5165.6201171875,5128.2099609375,5132.3798828125,4137980000.0,0.0102514022849836,0.1311446555290866
2024-03-08,5123.68994140625,5189.259765625,5117.5,5164.4599609375,4208870000.0,-0.0065499229920503,0.1326542811351995
2024-03-11,5117.93994140625,5124.66015625,5091.14013671875,5111.9599609375,3896430000.0,-0.0011228682680281,0.1326325472490776
2024-03-12,5175.27001953125,5179.8701171875,5114.47998046875,5134.2998046875,4080510000.0,0.011139512586668,0.1200083502929303
2024-03-13,5165.31005859375,5179.14013671875,5151.8798828125,5173.490234375,4282890000.0,-0.0019263840021219,0.1253091672880581
2024-03-14,5150.47998046875,5176.85009765625,5123.2998046875,5175.14013671875,4687970000.0,-0.0028752210514951,0.1064517243259581
2024-03-15,5117.08984375,5136.85986328125,5104.35009765625,5123.31005859375,7753670000.0,-0.0065040228597376,0.1062814137078427
2024-03-18,5149.419921875,5175.60009765625,5145.47021484375,5154.77001953125,4036220000.0,0.0062981842384804,0.1151628469092079
2024-03-19,5178.509765625,5180.31005859375,5131.58984375,5139.08984375,4031760000.0,0.0056332530443431,0.0889548066027064
2024-03-20,5224.6201171875,5226.18994140625,5171.5498046875,5181.68994140625,4064850000.0,0.0088647655163601,0.1048452514547173
2024-03-21,5241.52978515625,5261.10009765625,5240.66015625,5253.43017578125,4207730000.0,0.0032313090945288,0.0943545114934927
2024-03-22,5234.18017578125,5246.08984375,5229.8701171875,5242.47998046875,3374700000.0,-0.0014031718343267,0.0614933999985286
2024-03-25,5218.18994140625,5229.08984375,5216.08984375,5219.52001953125,3331360000.0,-0.0030596403820319,0.0781282133069781
2024-03-26,5203.580078125,5235.16015625,5203.419921875,5228.85009765625,3871790000.0,-0.0028037219828057,0.080769771139579
2024-03-27,5248.490234375,5249.259765625,5213.919921875,5226.31005859375,3850500000.0,0.008593595582706,0.0791048575398631
2024-03-28,5254.35009765625,5264.85009765625,5245.81982421875,5248.02978515625,3998270000.0,0.0011158627007616,0.0765822055301883
2024-03-29,5254.35009765625,5264.85009765625,5245.81982421875,5248.02978515625,3998270000.0,0.0011158627007616,0.0765822055301883
2024-04-01,5243.77001953125,5263.9501953125,5229.2001953125,5257.97021484375,3325930000.0,-0.0020156145269577,0.0776512794522459
2024-04-02,5205.81005859375,5208.33984375,5184.0498046875,5204.2900390625,3886590000.0,-0.0072653882036724,0.0934697443562956
2024-04-03,5211.490234375,5228.75,5194.3701171875,5194.3701171875,3703250000.0,0.0010905275233378,0.0914237256421088
2024-04-04,5147.2099609375,5256.58984375,5146.06005859375,5244.0498046875,4075680000.0,-0.0124110356192622,0.0930314817320863
2024-04-05,5204.33984375,5222.18017578125,5157.2099609375,5158.9501953125,3386780000.0,0.0110380501356995,0.1410104525285113
2024-04-08,5202.39013671875,5219.56982421875,5197.35009765625,5211.3701171875,3278180000.0,-0.0003747011900415,0.1414156103940328
2024-04-09,5209.91015625,5224.81005859375,5160.77978515625,5217.02978515625,3400680000.0,0.0014444494736345,0.1326173518254699
2024-04-10,5160.64013671875,5178.43017578125,5138.7001953125,5167.8798828125,3845930000.0,-0.0095019818322125,0.1483137832809055
2024-04-11,5199.06005859375,5211.77978515625,5138.77001953125,5172.9501953125,3509380000.0,0.0074172219833424,0.1253171411972154
2024-04-12,5123.41015625,5175.02978515625,5107.93994140625,5171.509765625,3963220000.0,-0.0146575878022485,0.1404800852885364
2024-04-15,5061.81982421875,5168.43017578125,5052.47021484375,5149.669921875,3950210000.0,-0.0120941957874591,0.1502718102841594
2024-04-16,5051.41015625,5079.83984375,5039.830078125,5064.58984375,4006200000.0,-0.0020586245275039,0.1419310947267426
2024-04-17,5022.2099609375,5077.9599609375,5007.25,5068.97021484375,3596130000.0,-0.0057973750760041,0.138870600118023
2024-04-19,4967.22998046875,5019.02001953125,4953.56005859375,5005.43994140625,3878750000.0,-0.0087971296540569,0.0686077556500736
2024-04-22,5010.60009765625,5038.83984375,4969.39990234375,4987.330078125,3820250000.0,0.008693351156839,0.1050032315567321
2024-04-23,5070.5498046875,5076.1201171875,5027.9599609375,5028.85009765625,3751400000.0,0.011893566567722,0.1441997576828403
2024-04-24,5071.6298828125,5089.47998046875,5047.02001953125,5084.85986328125,3656740000.0,0.0002129873779329,0.13285729299453
2024-04-25,5048.419921875,5057.75,4990.580078125,5019.8798828125,3958050000.0,-0.0045869342701194,0.13850614088603
2024-04-26,5099.9599609375,5114.6201171875,5073.14013671875,5084.64990234375,3604140000.0,0.0101573813323253,0.1128681724997601
2024-05-02,5064.2001953125,5073.2099609375,5011.0498046875,5049.31982421875,4381660000.0,0.0090870247250848,0.1696995903069564
2024-05-03,5127.7900390625,5139.1201171875,5101.22021484375,5122.77978515625,3924990000.0,0.012478557659508,0.1784871337434635
2024-05-06,5180.740234375,5181.0,5142.419921875,5142.419921875,3683250000.0,0.0102731736912478,0.1904293161741568
2024-05-07,5187.7001953125,5200.22998046875,5178.9599609375,5187.2001953125,3987890000.0,0.0013425282288256,0.1066606033962741
2024-05-08,5187.669921875,5191.9501953125,5165.85986328125,5168.97998046875,3842100000.0,-5.835635193424912e-06,0.0889209302408484
2024-05-09,5214.080078125,5215.2998046875,5180.41015625,5189.02978515625,3727370000.0,0.0050780326391067,0.0864777904108096
2024-05-10,5222.68017578125,5239.66015625,5209.68017578125,5225.490234375,3617900000.0,0.0016480400801667,0.065741181260124
2024-05-13,5221.419921875,5237.259765625,5211.16015625,5233.080078125,4255710000.0,-0.0002413331738652,0.0337945765278842
2024-05-14,5246.68017578125,5250.3701171875,5217.97998046875,5221.10009765625,4763580000.0,0.004826148527454,0.0406985315990657
2024-05-15,5308.14990234375,5311.759765625,5263.259765625,5263.259765625,4360810000.0,0.0116478277872996,0.0719203545679043
2024-05-16,5297.10009765625,5325.490234375,5296.18994140625,5310.06982421875,3817470000.0,-0.002083837474088,0.0855502661504817
2024-05-17,5303.27001953125,5305.4501953125,5283.58984375,5303.10009765625,3578120000.0,0.0011640956878937,0.0861557202439174
2024-05-20,5308.1298828125,5325.31982421875,5302.39990234375,5305.35009765625,3420100000.0,0.0009159703084911,0.0837169874719727
2024-05-21,5321.41015625,5324.31982421875,5297.8701171875,5298.68994140625,3662240000.0,0.0024987497668926,0.0826574012121051
2024-05-22,5307.009765625,5323.18017578125,5286.009765625,5319.27978515625,3847130000.0,-0.0027097912093521,0.0355974900657554
2024-05-23,5267.83984375,5341.8798828125,5256.93017578125,5340.259765625,3869520000.0,-0.0074081622834719,0.0637580880257499
2024-05-24,5304.72021484375,5311.64990234375,5278.39013671875,5281.4501953125,3005510000.0,0.0069766490766732,0.0862079579034422
2024-05-27,5304.72021484375,5311.64990234375,5278.39013671875,5281.4501953125,3005510000.0,0.0069766490766732,0.0862079579034422
2024-05-28,5306.0400390625,5315.91015625,5280.89013671875,5315.91015625,3751540000.0,0.0002487709068859,0.0859176459382825
2024-05-29,5266.9501953125,5282.27001953125,5262.7001953125,5278.72998046875,3552750000.0,-0.0073943172157425,0.0954028285181193
2024-05-30,5235.47998046875,5260.2099609375,5222.10009765625,5259.77001953125,3818750000.0,-0.0059929575357541,0.0995734065077492
2024-05-31,5277.509765625,5280.330078125,5191.68017578125,5243.2099609375,5437160000.0,0.0079958242319288,0.1129735043015036
2024-06-03,5283.39990234375,5302.10986328125,5234.31982421875,5297.14990234375,4046920000.0,0.0011154602235352,0.0980458465544589
2024-06-04,5291.33984375,5298.7998046875,5257.6298828125,5278.240234375,3707900000.0,0.0015016810037827,0.0992901329713416
2024-06-05,5354.02978515625,5354.16015625,5297.64013671875,5314.47998046875,3591460000.0,0.0117780158499572,0.1089142404752388
2024-06-06,5352.9599609375,5362.35009765625,5335.35986328125,5357.7998046875,3609990000.0,-0.0001998366016368,0.0823735210598583
2024-06-07,5346.990234375,5375.080078125,5331.330078125,5343.81005859375,3692760000.0,-0.001115842050279,0.082978074368833
2024-06-10,5360.7900390625,5365.7900390625,5331.52001953125,5341.22021484375,3622280000.0,0.0025775299782409,0.0819553956663051
2024-06-11,5375.31982421875,5375.9501953125,5327.25,5353.0,3568030000.0,0.0027067148552095,0.0810943809749596
2024-06-12,5421.02978515625,5447.25,5409.1298828125,5409.1298828125,3962840000.0,0.0084677202418873,0.0594102509616246
2024-06-13,5433.740234375,5441.93017578125,5402.509765625,5441.93017578125,3530380000.0,0.0023419114371167,0.054723092928234
2024-06-14,5431.60009765625,5432.39013671875,5403.75,5424.080078125,3438650000.0,-0.0003939382809974,0.0514480877064436
2024-06-17,5473.22998046875,5488.5,5420.39990234375,5431.10986328125,3447840000.0,0.0076351643723205,0.0598137778190281
2024-06-18,5487.02978515625,5490.3798828125,5471.31982421875,5476.14990234375,3544330000.0,0.0025181541815171,0.0601149438800845
2024-06-19,5487.02978515625,5490.3798828125,5471.31982421875,5476.14990234375,3544330000.0,0.0025181541815171,0.0601149438800845
2024-06-20,5473.169921875,5505.52978515625,5455.56005859375,5499.990234375,3847060000.0,-0.0025291273954115,0.0606292904687217
2024-06-21,5464.6201171875,5478.31005859375,5452.02978515625,5466.77001953125,6773800000.0,-0.0015633517188252,0.0650708756178492
2024-06-24,5447.8701171875,5490.66015625,5447.58984375,5459.580078125,3696750000.0,-0.0030698791558664,0.071484822616186
2024-06-25,5469.2998046875,5472.8798828125,5446.56005859375,5460.72998046875,3591960000.0,0.0039258736791813,0.050146297032623
2024-06-26,5477.89990234375,5483.14013671875,5451.8701171875,5460.7099609375,3563920000.0,0.0015711962247204,0.0473523668870252
2024-06-27,5482.8701171875,5490.81005859375,5467.5400390625,5473.58984375,3589530000.0,0.000906909856799,0.0434340746583713
2024-06-28,5460.47998046875,5523.64013671875,5451.1201171875,5488.47998046875,7199220000.0,-0.0040920134623695,0.0531010433172249
2024-07-01,5475.08984375,5479.5498046875,5446.52978515625,5471.080078125,3488760000.0,0.0026719909814295,0.048683113940339
2024-07-02,5509.009765625,5509.68994140625,5458.43017578125,5461.83984375,3329950000.0,0.006176205771185,0.0587859530888218
2024-07-03,5537.02001953125,5539.27001953125,5507.419921875,5507.43994140625,2179470000.0,0.0050715622695336,0.0642507305415731
2024-07-04,5537.02001953125,5539.27001953125,5507.419921875,5507.43994140625,2179470000.0,0.0050715622695336,0.0642507305415731
2024-07-05,5567.18994140625,5570.330078125,5531.6298828125,5537.91015625,3253080000.0,0.0054339743609695,0.0667364149893464
2024-07-08,5572.85009765625,5583.10986328125,5562.509765625,5572.75,3185670000.0,0.0010161824764044,0.0342129778008185
2024-07-09,5576.97998046875,5590.75,5574.56982421875,5584.240234375,3232920000.0,0.0007407974780654,0.0412267190687253
2024-07-10,5633.91015625,5635.39013671875,5586.43994140625,5591.259765625,3336100000.0,0.0101563148781058,0.0612044939565328
2024-07-11,5584.5400390625,5642.4501953125,5576.52978515625,5635.2099609375,4020950000.0,-0.0088016499692667,0.1114396494421607
2024-07-12,5615.35009765625,5655.56005859375,5590.43994140625,5590.759765625,3700280000.0,0.0055018640249651,0.1115835583623981
2024-07-15,5631.22021484375,5666.93994140625,5614.75,5638.16015625,3620470000.0,0.0028222164233526,0.1115997643501854
2024-07-16,5667.2001953125,5669.669921875,5639.02001953125,5644.08984375,4041760000.0,0.0063690499714532,0.1144489370403637
2024-07-17,5588.27001953125,5622.490234375,5584.81005859375,5610.06982421875,4246450000.0,-0.0140254415236455,0.14630191351754
2024-07-18,5544.58984375,5614.0498046875,5522.81005859375,5608.56005859375,4007510000.0,-0.00784711214535,0.143482537847398
2024-07-19,5505.0,5557.5,5497.0400390625,5543.3701171875,3760570000.0,-0.007165879226406,0.1326703633844491
2024-07-22,5564.41015625,5570.35986328125,5529.0400390625,5544.5400390625,3375180000.0,0.0107342172462202,0.1659130220558833
2024-07-23,5555.740234375,5585.33984375,5550.89990234375,5565.2998046875,3500210000.0,-0.0015593176939461,0.148148989083026
2024-07-24,5427.1298828125,5508.0400390625,5419.97998046875,5505.83984375,3945550000.0,-0.0234212422228928,0.1957003553250009
2024-07-25,5399.22021484375,5491.58984375,5390.9501953125,5428.7001953125,4592120000.0,-0.0051558890197172,0.1949027559920918
2024-07-26,5459.10009765625,5488.31982421875,5430.7001953125,5433.669921875,3638770000.0,0.0110294204095709,0.2245583653472694
2024-07-29,5463.5400390625,5487.740234375,5444.43994140625,5476.5498046875,3379970000.0,0.0008129795718284,0.1996884145177429
2024-07-30,5436.43994140625,5489.4599609375,5401.7001953125,5478.72998046875,3777740000.0,-0.0049725143613676,0.1988962167153282
2024-07-31,5522.2998046875,5551.509765625,5493.75,5505.58984375,4546910000.0,0.0156699807019177,0.1503320720241596
2024-08-01,5446.68017578125,5566.16015625,5410.419921875,5537.83984375,4703620000.0,-0.0137881237919901,0.1890628233702712
2024-08-02,5346.56005859375,5383.89013671875,5302.02978515625,5376.6298828125,5156450000.0,-0.0185529066085532,0.2127532289433028
2024-08-05,5186.330078125,5250.89013671875,5119.259765625,5151.14013671875,5333250000.0,-0.0304270413923931,0.2735915306488737
2024-08-06,5240.02978515625,5312.33984375,5193.56005859375,5206.419921875,4690190000.0,0.0103008494935995,0.3115790183134584
2024-08-07,5199.5,5330.64013671875,5195.5400390625,5293.1298828125,4558260000.0,-0.0077647153887694,0.2382430717483376
2024-08-08,5319.31005859375,5328.02978515625,5233.85009765625,5252.56982421875,4016830000.0,0.0227811395908988,0.3407855504179479
2024-08-09,5344.16015625,5358.669921875,5300.83984375,5314.66015625,3516400000.0,0.0046607984343816,0.3207344239488182
2024-08-12,5344.39013671875,5371.2001953125,5324.3701171875,5351.8798828125,3360160000.0,4.30330517200971e-05,0.182185511634518
2024-08-13,5434.43017578125,5436.5,5376.97998046875,5376.97998046875,3648980000.0,0.0167072334190499,0.1967951279587058
2024-08-14,5455.2099609375,5463.22021484375,5415.91015625,5442.35986328125,3380050000.0,0.0038164365611984,0.1533834283110276
2024-08-15,5543.22021484375,5546.22998046875,5501.1298828125,5501.1298828125,3723310000.0,0.0160044899313041,0.1207793456875738
2024-08-16,5554.25,5561.97998046875,5525.169921875,5530.5,3357690000.0,0.0019878023683961,0.1271037953235866
2024-08-19,5608.25,5608.2998046875,5550.740234375,5557.22998046875,3222050000.0,0.0096753274361777,0.1073508159728786
2024-08-20,5597.1201171875,5620.509765625,5585.5,5602.8798828125,2994420000.0,-0.0019865272376097,0.1117427941735898
2024-08-21,5620.85009765625,5632.68017578125,5591.56982421875,5603.08984375,3119670000.0,0.0042307147210067,0.1112940599846914
2024-08-22,5570.64013671875,5643.22021484375,5560.9501953125,5637.77001953125,2981530000.0,-0.0089729422566572,0.1108526779180678
2024-08-23,5634.60986328125,5641.81982421875,5585.16015625,5602.490234375,3291940000.0,0.0114179374016644,0.1340132770314144
2024-08-26,5616.83984375,5651.6201171875,5602.33984375,5639.66015625,2938570000.0,-0.0031587101696058,0.1235351931526463
2024-08-27,5625.7998046875,5631.18017578125,5593.47998046875,5602.89013671875,2798990000.0,0.0015939251127232,0.1219539555498205
2024-08-28,5592.18017578125,5627.02978515625,5560.9501953125,5624.509765625,3053450000.0,-0.0059939007947352,0.1265233916060584
2024-08-29,5591.9599609375,5646.9501953125,5583.7099609375,5607.2998046875,3065640000.0,-3.937984343658622e-05,0.1052688922738618
2024-08-30,5648.39990234375,5651.3701171875,5581.7900390625,5612.740234375,4185850000.0,0.0100424570791441,0.0965942538666446
2024-09-04,5520.06982421875,5552.990234375,5503.66015625,5506.68017578125,3478140000.0,-0.0016038290273809,0.1817573779623005
2024-09-05,5503.41015625,5546.2998046875,5480.5400390625,5520.080078125,3521650000.0,-0.0030225810146741,0.1807132982817695
2024-09-06,5408.419921875,5522.47021484375,5402.6201171875,5507.330078125,3822800000.0,-0.0174109445074244,0.2023560738094977
2024-09-09,5471.0498046875,5484.2001953125,5434.490234375,5442.06982421875,3825940000.0,0.0115135344358182,0.2101324513428036
2024-09-10,5495.52001953125,5497.91015625,5441.72021484375,5490.509765625,3848180000.0,0.0044626999777935,0.1702312425203531
2024-09-11,5554.1298828125,5560.41015625,5406.9599609375,5496.419921875,3839450000.0,0.0106085556498433,0.1894541199001463
2024-09-12,5595.759765625,5600.7099609375,5535.5,5557.47998046875,3655070000.0,0.0074673521568026,0.1892556710501466
2024-09-13,5626.02001953125,5636.27001953125,5601.64990234375,5603.33984375,3500790000.0,0.005393142234356,0.049364268697878
2024-09-16,5633.08984375,5636.0498046875,5604.52978515625,5615.2099609375,3437070000.0,0.0012558408673102,0.0552757335735941
2024-09-17,5634.580078125,5670.81005859375,5614.0498046875,5655.509765625,3443600000.0,0.0002645150938964,0.0683442302206025
2024-09-18,5618.259765625,5689.75,5615.080078125,5641.68017578125,3691390000.0,-0.0029006587083132,0.0657160992415649
2024-09-19,5713.64013671875,5733.56982421875,5686.419921875,5702.6298828125,4024530000.0,0.0168343568927251,0.1218365534541742
2024-09-20,5702.5498046875,5715.14013671875,5674.490234375,5709.64013671875,7867260000.0,-0.0019429136300157,0.1281617622961443
2024-09-23,5718.56982421875,5725.35986328125,5704.22021484375,5711.89990234375,3529550000.0,0.0028053344257131,0.1275306122879312
2024-09-24,5732.93017578125,5735.31982421875,5698.990234375,5727.66015625,3872710000.0,0.0025080311033453,0.1254632832707151
2024-09-25,5722.259765625,5741.02978515625,5712.06005859375,5733.64990234375,3624910000.0,-0.0018629832062121,0.1223256244323701
2024-09-26,5745.3701171875,5767.3701171875,5721.009765625,5762.22021484375,4391180000.0,0.0040305421581992,0.0445598159037591
2024-09-27,5738.169921875,5763.77978515625,5727.33984375,5755.35986328125,3898530000.0,-0.0012540029000721,0.0417696512538706
2024-09-30,5762.47998046875,5765.14013671875,5703.52978515625,5726.52001953125,4425730000.0,0.0042276036584415,0.0461108197065687
2024-10-01,5708.75,5757.72998046875,5681.27978515625,5757.72998046875,4025180000.0,-0.0093678486944544,0.0881516802250418
2024-10-02,5709.5400390625,5719.6298828125,5674.0,5698.14013671875,3829050000.0,0.0001383813269864,0.0878406073640611
2024-10-03,5699.93994140625,5718.77978515625,5677.3701171875,5698.18994140625,3597450000.0,-0.0016828286544586,0.0783532929051475
2024-10-04,5751.06982421875,5753.2099609375,5702.830078125,5737.47998046875,3479400000.0,0.0089302556991863,0.1086045030593921
2024-10-07,5695.93994140625,5739.33984375,5686.85009765625,5737.7998046875,3637790000.0,-0.0096322638293887,0.121975531786635
2024-10-08,5751.1298828125,5757.60009765625,5714.56005859375,5719.14013671875,3393400000.0,0.0096427068046943,0.1273482670939207
2024-10-09,5792.0400390625,5796.7998046875,5745.02001953125,5751.7998046875,3650340000.0,0.0070882310169945,0.132203435256866
2024-10-10,5780.0498046875,5795.02978515625,5764.759765625,5778.35986328125,3208790000.0,-0.0020722685059824,0.1330742594656001
2024-10-11,5815.02978515625,5822.1298828125,5775.08984375,5775.08984375,3208720000.0,0.0060336087072987,0.1260598027959428
2024-10-14,5859.85009765625,5871.41015625,5829.56982421875,5829.81005859375,3005250000.0,0.0076781145745943,0.0718315571655048
2024-10-15,5815.259765625,5870.35986328125,5804.47998046875,5866.740234375,3882120000.0,-0.0076385660375134,0.1075634586637139
2024-10-16,5842.47021484375,5846.52001953125,5808.33984375,5816.580078125,3467230000.0,0.0046682327827797,0.1018821688522313
2024-10-17,5841.47021484375,5878.4599609375,5840.25,5875.6201171875,3480010000.0,-0.0001711751285381,0.0982365859884631
2024-10-18,5864.669921875,5872.169921875,5846.10986328125,5859.43017578125,3374490000.0,0.0039636869427743,0.0940431122804591
2024-10-21,5853.97998046875,5866.919921875,5824.7900390625,5857.81982421875,3407010000.0,-0.001824432756419,0.0789778127712169
2024-10-22,5851.2001953125,5863.0400390625,5821.169921875,5832.7001953125,3342080000.0,-0.0004749666671957,0.0459362190799644
2024-10-23,5797.419921875,5834.85009765625,5762.41015625,5834.5,3532650000.0,-0.0092338242676795,0.0763686135853227
2024-10-24,5809.85986328125,5817.7998046875,5784.919921875,5817.7998046875,3543030000.0,0.0021434731305568,0.0806459828985788
2024-10-25,5808.1201171875,5862.81982421875,5799.97998046875,5826.75,3501280000.0,-0.0002994920131862,0.0686127499978639
2024-10-28,5823.52001953125,5842.919921875,5823.080078125,5833.93017578125,3691280000.0,0.0026479346267329,0.0760245068712199
2024-10-29,5832.919921875,5847.18994140625,5802.169921875,5819.68017578125,3879100000.0,0.0016128259449012,0.0784151749615798
2024-10-30,5813.669921875,5850.93994140625,5811.27978515625,5832.64990234375,3851120000.0,-0.0033056916724881,0.0386060713089383
2024-10-31,5705.4501953125,5775.33984375,5702.85986328125,5775.33984375,4425660000.0,-0.0187901349287453,0.1392816849258955
2024-11-01,5728.7998046875,5772.52001953125,5723.22021484375,5723.22021484375,3796450000.0,0.0040841580045254,0.1490159733004071
2024-11-04,5712.68994140625,5741.43017578125,5696.509765625,5725.14990234375,3602060000.0,-0.0028160448131902,0.141400357793087
2024-11-05,5782.759765625,5783.43994140625,5722.10009765625,5722.43017578125,3768310000.0,0.012191031029563,0.181398815486565
2024-11-06,5929.0400390625,5936.14013671875,5864.89013671875,5864.89013671875,6329530000.0,0.0249812809571866,0.2600148538937221
2024-11-07,5973.10009765625,5983.83984375,5947.2099609375,5947.2099609375,4925740000.0,0.0074037541739956,0.1649295497102643
2024-11-08,5995.5400390625,6012.4501953125,5976.759765625,5976.759765625,4666740000.0,0.003749794035718,0.1655947095094148
2024-11-11,6001.35009765625,6017.31005859375,5986.68994140625,6008.85986328125,4333000000.0,0.0009685941909569,0.1498673973470647
2024-11-12,5983.990234375,6009.919921875,5960.080078125,6003.60009765625,4243400000.0,-0.0028968514769364,0.1717554519119589
2024-11-13,5985.3798828125,6008.18994140625,5965.91015625,5985.75,4220180000.0,0.0002322007641401,0.0616717693160334
2024-11-14,5949.169921875,5993.8798828125,5942.27978515625,5989.68017578125,4184570000.0,-0.006068108582244,0.0599479211805445
2024-11-15,5870.6201171875,5915.31982421875,5853.009765625,5912.7900390625,4590960000.0,-0.0132914308667937,0.0919489989866401
2024-11-18,5893.6201171875,5908.1201171875,5865.9501953125,5874.169921875,3983860000.0,0.0039101597462065,0.1039736250693133
2024-11-19,5916.97998046875,5923.509765625,5855.2900390625,5870.0498046875,4036940000.0,0.0039557505205964,0.1174904894218424
2024-11-20,5917.10986328125,5920.669921875,5860.56005859375,5914.33984375,3772620000.0,2.19506213354446e-05,0.1172195599092804
2024-11-21,5948.7099609375,5963.31982421875,5887.259765625,5940.580078125,4230120000.0,0.0053262518442884,0.1219260617021718
2024-11-22,5969.33984375,5972.89990234375,5944.35986328125,5944.35986328125,4141420000.0,0.0034619595915364,0.0314235457614869
2024-11-25,5987.3701171875,6020.75,5963.91015625,5992.27978515625,5633150000.0,0.0030159278201245,0.0310316078809224
2024-11-26,6021.6298828125,6025.419921875,5992.27001953125,6000.02978515625,3835170000.0,0.0057056971552638,0.0359660913548595
2024-11-27,5998.740234375,6020.16015625,5984.8701171875,6014.10986328125,3363340000.0,-0.0038084810835777,0.0609486137867853
2024-11-28,5998.740234375,6020.16015625,5984.8701171875,6014.10986328125,3363340000.0,-0.0038084810835777,0.0609486137867853
2024-11-29,6032.3798828125,6044.169921875,6003.97998046875,6003.97998046875,2444420000.0,0.0055921203968016,0.0616840741448095
2024-12-02,6047.14990234375,6053.580078125,6035.330078125,6040.10986328125,4412470000.0,0.0024454638805813,0.0614115554049666
2024-12-03,6049.8798828125,6052.06982421875,6033.39013671875,6042.97021484375,4095000000.0,0.0004513472420221,0.0629704502155267
2024-12-04,6086.490234375,6089.83984375,6061.06005859375,6069.39013671875,4003390000.0,0.0060331816281361,0.0641903763894533
2024-12-05,6075.10986328125,6094.5498046875,6072.89990234375,6089.02978515625,4212020000.0,-0.0018715258393823,0.0534515189346814
2024-12-06,6090.27001953125,6099.97021484375,6079.97998046875,6081.3798828125,3924830000.0,0.0024923453675383,0.0463185387305706
2024-12-09,6052.85009765625,6088.509765625,6048.6298828125,6083.009765625,4556460000.0,-0.0061631672852274,0.0728000150493887
2024-12-10,6034.91015625,6065.39990234375,6029.89013671875,6057.58984375,4048410000.0,-0.0029682843142792,0.0759995548085693
2024-12-11,6084.18994140625,6092.58984375,6060.14990234375,6060.14990234375,4269950000.0,0.0081326264113682,0.0878925971073928
2024-12-12,6051.25,6079.68017578125,6051.25,6074.2900390625,3678010000.0,-0.0054287314614632,0.0957486467769393
2024-12-13,6051.08984375,6078.580078125,6035.77001953125,6068.169921875,3584960000.0,-2.646698937187397e-05,0.0919063734976983
2024-12-16,6074.080078125,6085.18994140625,6059.14013671875,6063.7900390625,4391100000.0,0.0037921550087844,0.0856159948637789
2024-12-17,6050.60986328125,6057.68017578125,6035.18994140625,6052.5498046875,4544500000.0,-0.0038714794806554,0.0882536275399676
2024-12-18,5872.16015625,6070.669921875,5867.7900390625,6047.64990234375,5246960000.0,-0.0299365053045181,0.2105088135787629
2024-12-19,5867.080078125,5935.52001953125,5866.06982421875,5912.7099609375,4896880000.0,-0.0008654867505367,0.2152232462787444
2024-12-20,5930.85009765625,5982.06005859375,5832.2998046875,5842.0,8223220000.0,0.0108104794023972,0.2462610228842794
2024-12-23,5974.06982421875,5978.25,5902.56982421875,5940.25,3593280000.0,0.0072608495856163,0.2542886008393598
2024-12-24,6040.0400390625,6040.10009765625,5981.43994140625,5984.6298828125,1757720000.0,0.0109822331651268,0.2734067580487229
2024-12-25,6040.0400390625,6040.10009765625,5981.43994140625,5984.6298828125,1757720000.0,0.0109822331651268,0.2734067580487229
2024-12-26,6037.58984375,6049.75,6007.3701171875,6024.97021484375,2904530000.0,-0.0004057410882578,0.0928142713378318
2024-12-27,5970.83984375,6006.169921875,5932.9501953125,6006.169921875,3159610000.0,-0.0111173049649122,0.1490199383939354
2024-12-30,5906.93994140625,5940.7900390625,5869.16015625,5920.669921875,3433250000.0,-0.0107596739417297,0.1606378087592232
2024-12-31,5881.6298828125,5929.740234375,5868.85986328125,5919.740234375,3128350000.0,-0.0042940064589823,0.1441742633052251
2025-01-02,5868.5498046875,5935.08984375,5829.52978515625,5903.259765625,3621680000.0,-0.0022263631494489,0.0781733966903873
2025-01-03,5942.47021484375,5949.33984375,5888.66015625,5891.06982421875,3667340000.0,0.012517356707826,0.1524716583041579
2025-01-06,5975.3798828125,6021.0400390625,5960.009765625,5982.81005859375,4940120000.0,0.0055227664968181,0.1433625812681697
2025-01-07,5909.02978515625,6000.68017578125,5890.68017578125,5993.259765625,4517330000.0,-0.011166021516637,0.1453266250597185
2025-01-08,5918.25,5927.89013671875,5874.77978515625,5910.66015625,4441740000.0,0.0015591440938312,0.1400982093068036
2025-01-09,5918.25,5927.89013671875,5874.77978515625,5910.66015625,4441740000.0,0.0015591440938312,0.1400982093068036
2025-01-10,5827.0400390625,5890.35009765625,5807.77978515625,5890.35009765625,4751930000.0,-0.0155316376502333,0.1853736217044367
2025-01-13,5836.22021484375,5838.60986328125,5773.31005859375,5782.02001953125,4421200000.0,0.0015742043780551,0.1455403980495001
2025-01-14,5842.91015625,5871.919921875,5805.419921875,5859.27001953125,4142280000.0,0.0011456233341642,0.1308115794170265
2025-01-15,5949.91015625,5960.60986328125,5905.2099609375,5905.2099609375,4544570000.0,0.0181471325045163,0.1890441539559917
2025-01-16,5937.33984375,5964.68994140625,5930.72021484375,5963.60986328125,4285810000.0,-0.0021149243408667,0.1906163336173575
2025-01-17,5996.66015625,6014.9599609375,5978.43994140625,5995.39990234375,4366830000.0,0.009941478308394,0.1308446946144515
2025-01-20,5996.66015625,6014.9599609375,5978.43994140625,5995.39990234375,4366830000.0,0.009941478308394,0.1308446946144515
2025-01-21,6049.240234375,6051.509765625,6006.8798828125,6014.1201171875,4702920000.0,0.008730009440596,0.1262784656954041
2025-01-22,6086.3701171875,6100.81005859375,6076.1298828125,6081.39013671875,4323040000.0,0.0061191810869941,0.1158350500586186
2025-01-23,6118.7099609375,6118.72998046875,6074.669921875,6076.31982421875,4432250000.0,0.0052994194595293,0.0746799114058676
2025-01-24,6101.240234375,6128.18017578125,6088.740234375,6121.43017578125,4214250000.0,-0.0028592159844677,0.079549071635222
2025-02-03,5994.56982421875,6022.1298828125,5923.93017578125,5969.64990234375,4797210000.0,-0.0076376907294952,0.1166708049905818
2025-02-04,6037.8798828125,6042.47998046875,5990.8701171875,5998.14013671875,4410160000.0,0.0071989074030291,0.1066616032840654
2025-02-05,6061.47998046875,6062.85986328125,6007.06005859375,6020.4501953125,4756250000.0,0.0039010539156136,0.1052920927261429
2025-02-06,6083.56982421875,6084.02978515625,6046.830078125,6072.22021484375,4847120000.0,0.0036376743552662,0.1014530340742442
2025-02-07,6025.990234375,6101.27978515625,6019.9599609375,6083.1298828125,4766900000.0,-0.0095098456936602,0.1198197097816073
2025-02-10,6066.43994140625,6073.3798828125,6044.83984375,6046.39990234375,4458760000.0,0.0066901122954551,0.1085584963568833
2025-02-11,6068.5,6076.27978515625,6042.33984375,6049.31982421875,4324880000.0,0.0003395251436738,0.0999726094092797
2025-02-12,6051.97021484375,6063.0,6003.0,6025.080078125,4627960000.0,-0.0027275831896475,0.0989738889848843
2025-02-13,6115.06982421875,6116.91015625,6050.9501953125,6060.58984375,4763800000.0,0.0103723132142357,0.1242377209348857
2025-02-14,6114.6298828125,6127.47021484375,6107.6201171875,6115.52001953125,4335190000.0,-7.19463955744955e-05,0.0859485890854108
2025-02-17,6114.6298828125,6127.47021484375,6107.6201171875,6115.52001953125,4335190000.0,-7.19463955744955e-05,0.0859485890854108
2025-02-18,6129.580078125,6129.6298828125,6099.509765625,6121.60009765625,4684980000.0,0.0024420036555518,0.0792399040561196
2025-02-19,6144.14990234375,6147.43017578125,6111.14990234375,6117.759765625,4562330000.0,0.0023741488668242,0.0777415772506448
2025-02-20,6117.52001953125,6134.5,6084.58984375,6134.5,4813690000.0,-0.0043436048842902,0.0850604766162076
2025-02-21,6013.1298828125,6114.81982421875,6008.56005859375,6114.10009765625,5434560000.0,-0.0172113966725391,0.1304667391524604
2025-02-24,5983.25,6043.64990234375,5977.830078125,6026.68994140625,4990120000.0,-0.0049814935662523,0.1272833803072522
2025-02-25,5955.25,5992.64990234375,5908.490234375,5982.72998046875,5374690000.0,-0.0046907151383955,0.1125450879889869
2025-02-26,5956.06005859375,6009.81982421875,5932.68994140625,5970.8701171875,4869580000.0,0.0001360150295834,0.1030630895435508
2025-02-27,5861.56982421875,5993.68994140625,5858.77978515625,5981.8798828125,5057680000.0,-0.0159917426785246,0.1212802215916012
2025-02-28,5954.5,5959.39990234375,5837.66015625,5856.740234375,6441140000.0,0.0157297804206633,0.1828667585149138
2025-03-03,5849.72021484375,5986.08984375,5810.91015625,5968.330078125,5613850000.0,-0.0177534026483088,0.2156954960411296
2025-03-04,5778.14990234375,5865.080078125,5732.58984375,5811.97998046875,6138110000.0,-0.0123102882315054,0.2227561685465159
2025-03-05,5842.6298828125,5860.58984375,5742.35009765625,5781.35986328125,5285970000.0,0.0110974725287356,0.25338340756185
2025-03-06,5738.52001953125,5812.080078125,5711.64013671875,5785.8701171875,5165080000.0,-0.0179796771074555,0.259701135411958
2025-03-07,5770.2001953125,5783.009765625,5666.2900390625,5726.009765625,5705140000.0,0.0055054350454544,0.2167551268324039
2025-03-10,5614.56005859375,5705.3701171875,5564.02001953125,5705.3701171875,6409370000.0,-0.0273435417884281,0.2558755676628459
2025-03-11,5572.06982421875,5636.2998046875,5528.41015625,5603.64990234375,6221240000.0,-0.0075966469185365,0.2532875272639615
2025-03-12,5599.2998046875,5642.18994140625,5546.08984375,5624.83984375,5219830000.0,0.0048749679404907,0.2273993551019084
2025-03-13,5521.52001953125,5597.77978515625,5504.64990234375,5594.4501953125,5018980000.0,-0.0139883668064641,0.2185176379319837
2025-03-14,5638.93994140625,5645.27001953125,5563.85009765625,5563.85009765625,4863180000.0,0.0210429059531969,0.2928968916922351
2025-03-17,5675.1201171875,5703.52001953125,5631.1201171875,5635.60009765625,5031770000.0,0.006395634974606,0.2156008134614739
2025-03-18,5614.66015625,5654.52978515625,5597.759765625,5654.52978515625,4666270000.0,-0.0107106670743197,0.2253774972297791
2025-03-19,5675.2900390625,5715.330078125,5622.2001953125,5632.3701171875,4660090000.0,0.0107406081729537,0.2345346117570133
2025-03-20,5662.89013671875,5711.14990234375,5632.330078125,5646.919921875,4678420000.0,-0.0021872835137829,0.1929166672928726
2025-03-21,5667.56005859375,5670.83984375,5603.10009765625,5630.72998046875,9367460000.0,0.0008243136078323,0.1307410305069766
2025-03-24,5767.56982421875,5775.14013671875,5718.080078125,5718.080078125,4517990000.0,0.0174921171286391,0.1755719295759641
2025-03-25,5776.64990234375,5786.9501953125,5760.419921875,5775.9599609375,4467340000.0,0.0015730954906538,0.1298108710310857
2025-03-26,5712.2001953125,5783.6201171875,5694.41015625,5771.66015625,4183140000.0,-0.011219640357598,0.1648558272062655
2025-03-27,5693.31005859375,5732.27978515625,5670.93994140625,5695.64013671875,4403460000.0,-0.0033124610071321,0.1665387598140938
2025-03-28,5580.93994140625,5685.89013671875,5572.419921875,5679.2001953125,4513330000.0,-0.0199346011268535,0.2238317800372129
2025-03-31,5611.85009765625,5627.56005859375,5488.72998046875,5527.91015625,5257250000.0,0.0055232403576457,0.1621599567077661
2025-04-01,5633.06982421875,5650.56982421875,5558.52001953125,5597.52978515625,4434500000.0,0.003774104555212,0.1688027919488789
2025-04-02,5670.97021484375,5695.31005859375,5571.47998046875,5580.759765625,4243830000.0,0.0067056614294841,0.1752644513944717
2025-04-03,5396.52001953125,5499.52978515625,5390.830078125,5492.740234375,7210470000.0,-0.0496059118289966,0.3867811570109667
2025-04-04,5074.080078125,5292.14013671875,5069.89990234375,5292.14013671875,8853500000.0,-0.0616090618982309,0.5344003529487658
2025-04-08,4982.77001953125,5267.47021484375,4910.419921875,5193.56982421875,7408140000.0,-0.0158250832770548,0.4727668588663154
2025-04-09,5456.89990234375,5481.33984375,4948.43017578125,4965.27978515625,9489600000.0,0.0908948798330364,0.9550482940297568
2025-04-10,5268.0498046875,5353.14990234375,5115.27001953125,5353.14990234375,6677140000.0,-0.0352206070241116,0.920099395092594
2025-04-11,5363.35986328125,5381.4599609375,5220.77001953125,5255.56005859375,5602550000.0,0.017930380835778,0.7721978366931767
2025-04-14,5405.97021484375,5459.4599609375,5358.02001953125,5441.9599609375,5031440000.0,0.0079133193263429,0.7643625661771728
2025-04-15,5396.6298828125,5450.41015625,5386.43994140625,5411.990234375,4317110000.0,-0.0017292752253009,0.7367649945509007
2025-04-16,5275.7001953125,5367.240234375,5220.7900390625,5335.75,4607750000.0,-0.0226632539649025,0.3471719711150622
2025-04-17,5282.7001953125,5328.31005859375,5255.580078125,5305.4501953125,4714880000.0,0.0013259586237727,0.2382430371368589
2025-04-18,5282.7001953125,5328.31005859375,5255.580078125,5305.4501953125,4714880000.0,0.0013259586237727,0.2382430371368589
2025-04-21,5158.2001953125,5232.93994140625,5101.6298828125,5232.93994140625,4226340000.0,-0.023849648334018,0.2308025637254424
2025-04-22,5287.759765625,5309.60986328125,5207.669921875,5207.669921875,4666950000.0,0.0248069521254506,0.3179658678347007
2025-04-23,5375.85986328125,5469.68994140625,5356.169921875,5395.919921875,5371390000.0,0.0165238643668794,0.352259943452188
2025-04-24,5484.77001953125,5489.39990234375,5371.9599609375,5381.3798828125,4697710000.0,0.0200566280825831,0.3134136958669622
2025-04-25,5525.2099609375,5528.10986328125,5455.85986328125,5489.72998046875,4236580000.0,0.0073460847957005,0.3084876238349256
2025-04-28,5528.75,5553.66015625,5468.64013671875,5529.22021484375,4257880000.0,0.0006405015390019,0.1552367930530167
2025-04-29,5560.830078125,5571.9501953125,5505.7001953125,5508.8701171875,4747150000.0,0.0057856415455563,0.1270149092560719
2025-05-05,5650.3798828125,5683.3798828125,5634.47998046875,5655.31982421875,4358260000.0,-0.0064020470293184,0.1216989536616762
2025-05-06,5606.91015625,5649.580078125,5586.0400390625,5605.8701171875,4717260000.0,-0.0077229852783917,0.1468602941507102
2025-05-07,5631.27978515625,5654.72998046875,5578.64013671875,5614.18017578125,4987440000.0,0.0043369381067101,0.1480467625531218
2025-05-08,5663.93994140625,5720.10009765625,5635.3798828125,5663.60009765625,5627400000.0,0.0057830211474656,0.1472295183439669
2025-05-09,5659.91015625,5691.68994140625,5644.14990234375,5679.64990234375,4645090000.0,-0.0007117341348763,0.0968670173670381
2025-05-12,5844.18994140625,5845.3701171875,5786.080078125,5807.2001953125,6014580000.0,0.0320399766770208,0.2396321890405547
2025-05-13,5886.5498046875,5906.64013671875,5845.02001953125,5854.14990234375,5516290000.0,0.0072220590202459,0.2035589690517045
2025-05-14,5892.580078125,5906.5498046875,5872.10986328125,5896.740234375,5233450000.0,0.001023891242276,0.2103388949685244
2025-05-15,5916.93017578125,5924.2099609375,5865.16015625,5869.81982421875,4991290000.0,0.0041238174387576,0.212293843766885
2025-05-16,5958.3798828125,5958.6201171875,5907.35986328125,5929.08984375,4850850000.0,0.0069808493681001,0.1972061971428935
2025-05-19,5963.60009765625,5968.60986328125,5895.68994140625,5902.8798828125,4144010000.0,0.0008757295660482,0.0488579731020932
2025-05-20,5940.4599609375,5953.06005859375,5909.259765625,5944.66015625,4416850000.0,-0.0038877770695725,0.0645050432548979
2025-05-21,5844.60986328125,5938.3701171875,5830.91015625,5910.18017578125,5254250000.0,-0.0162667192677588,0.1448114543966669
2025-05-22,5842.009765625,5878.080078125,5825.81982421875,5841.259765625,5157050000.0,-0.0004449700224211,0.1367747746969763
2025-05-23,5802.81982421875,5829.509765625,5767.41015625,5781.89013671875,4662820000.0,-0.0067308995914731,0.1082559148153155
2025-05-26,5802.81982421875,5829.509765625,5767.41015625,5781.89013671875,4662820000.0,-0.0067308995914731,0.1082559148153155
2025-05-27,5921.5400390625,5924.330078125,5854.06982421875,5854.06982421875,5366380000.0,0.0202525808021843,0.2137719243861641
2025-05-28,5888.5498046875,5939.919921875,5881.8798828125,5925.5400390625,4665050000.0,-0.0055868025764447,0.2153443073142621
2025-05-29,5912.169921875,5943.1298828125,5873.7998046875,5939.9599609375,4569750000.0,0.0040031708706317,0.1732594727646472
2025-05-30,5911.68994140625,5922.14013671875,5843.66015625,5903.669921875,6378540000.0,-8.118845699520562e-05,0.1729154659807016
2025-06-02,5935.93994140625,5937.39990234375,5861.43017578125,5896.68017578125,4832240000.0,0.004093651490626,0.1529399989503816
2025-06-03,5970.3701171875,5981.35009765625,5929.0,5938.56005859375,5026680000.0,0.0057835335353689,0.0727301050378833
2025-06-04,5970.81005859375,5990.47998046875,5966.10986328125,5978.93994140625,4767050000.0,7.368474471916267e-05,0.0418146674652021
2025-06-05,5939.2998046875,5999.7001953125,5921.2001953125,5985.669921875,5091850000.0,-0.0052913579786981,0.0682906143933859
2025-06-06,6000.35986328125,6016.8701171875,5978.6298828125,5987.06005859375,4355710000.0,0.0102281962153767,0.0934098349390435
2025-06-09,6005.8798828125,6021.31005859375,5994.18017578125,6004.6298828125,4642360000.0,0.0009195251863913,0.0937379554437085
2025-06-10,6038.81005859375,6043.009765625,6000.27978515625,6009.91015625,4882880000.0,0.0054680125416468,0.09303241305812
2025-06-11,6022.240234375,6059.39990234375,6002.31982421875,6049.3798828125,5111550000.0,-0.0027476603182873,0.0991987764623145
2025-06-12,6045.259765625,6045.43017578125,6003.8798828125,6009.89990234375,4669500000.0,0.0038151330716763,0.0773328093913078
2025-06-13,5976.97021484375,6026.16015625,5963.2099609375,6000.56005859375,5258910000.0,-0.0113606685901028,0.1061527293718847
2025-06-16,6033.10986328125,6050.830078125,6004.0,6004.0,5111710000.0,0.0093488231481891,0.1290570788409695
2025-06-17,5982.72021484375,6023.25,5974.7998046875,6012.14990234375,4955700000.0,-0.0083872597236431,0.1355157783597667
2025-06-18,5980.8701171875,6018.25,5971.89013671875,5987.93017578125,5106470000.0,-0.0003092880347205,0.1356223097360339
2025-06-19,5980.8701171875,6018.25,5971.89013671875,5987.93017578125,5106470000.0,-0.0003092880347205,0.1356223097360339
2025-06-20,5967.83984375,6018.2001953125,5952.56005859375,5999.669921875,7451500000.0,-0.0021810352155877,0.1275989820581331
2025-06-23,6025.169921875,6028.77001953125,5943.22998046875,5969.669921875,5597000000.0,0.0095606550712594,0.1232456579303297
2025-06-24,6092.18017578125,6101.759765625,6059.25,6061.2099609375,5443690000.0,0.0110603286169586,0.1304100537156572
2025-06-25,6092.16015625,6108.509765625,6080.08984375,6104.22998046875,5171110000.0,-3.286108349665331e-06,0.0981364461159793
2025-06-26,6141.02001953125,6146.52001953125,6107.27001953125,6112.08984375,5308140000.0,0.0079881310325167,0.0947995971199272
2025-06-27,6173.06982421875,6187.68017578125,6132.35009765625,6150.7001953125,7889350000.0,0.00520539925615,0.0691970135298284
2025-06-30,6204.9501953125,6215.080078125,6174.97021484375,6193.35986328125,5782900000.0,0.0051511375061288,0.0649107260959258
2025-07-01,6198.009765625,6210.77978515625,6177.97021484375,6187.25,6275310000.0,-0.0011191571098791,0.0611591843191912
2025-07-02,6227.419921875,6227.60009765625,6188.2900390625,6193.8798828125,5645710000.0,0.0047338743064907,0.0530430694925189
2025-07-03,6279.35009765625,6284.64990234375,6246.4599609375,6246.4599609375,3378110000.0,0.0083043782106639,0.0544234167794727
2025-07-04,6279.35009765625,6284.64990234375,6246.4599609375,6246.4599609375,3378110000.0,0.0083043782106639,0.0544234167794727
2025-07-07,6229.97998046875,6262.06982421875,6201.0,6259.0400390625,5236740000.0,-0.007893368104244,0.1018387986035315
2025-07-08,6225.52001953125,6242.7001953125,6217.75,6234.02978515625,5739030000.0,-0.0007161432504695,0.0982593016396626
2025-07-09,6263.259765625,6269.16015625,6231.43017578125,6243.330078125,4813340000.0,0.0060438027767796,0.1031180652525505
2025-07-10,6280.4599609375,6290.22021484375,6251.43994140625,6266.7998046875,5367350000.0,0.0027424410729257,0.1008510826603609
2025-07-11,6259.75,6269.43994140625,6237.60009765625,6255.68017578125,4656210000.0,-0.0033029717732258,0.0854210809724412
2025-07-14,6268.56005859375,6273.31005859375,6239.22021484375,6255.14990234375,4722250000.0,0.0014064243309367,0.0560273975316153
2025-07-15,6243.759765625,6302.0400390625,6241.68017578125,6295.2900390625,5133670000.0,-0.0039641450656725,0.0668516893256562
2025-07-16,6263.7001953125,6268.1201171875,6201.58984375,6254.5,5177460000.0,0.0031885685253844,0.05400195245736
2025-07-17,6297.35986328125,6304.68994140625,6262.27001953125,6263.39990234375,5512290000.0,0.005359380240011,0.0645058798828185
2025-07-18,6296.7900390625,6315.60986328125,6285.27001953125,6312.9501953125,5184700000.0,-9.049030280841674e-05,0.0559163674672929
2025-07-21,6305.60009765625,6336.080078125,6303.7900390625,6304.740234375,5010840000.0,0.0013981570056732,0.0559142886791627
2025-07-22,6309.6201171875,6316.1201171875,6281.7099609375,6306.60009765625,5662040000.0,0.0006373284966667,0.0348144011782682
2025-07-23,6358.91015625,6360.64013671875,6317.490234375,6326.89990234375,5642510000.0,0.0077815321457028,0.0539076273887917
2025-07-24,6363.35009765625,6381.31005859375,6360.56982421875,6368.60009765625,5282720000.0,0.0006979799969332,0.0512396108994018
2025-07-25,6388.64013671875,6395.81982421875,6368.52978515625,6370.009765625,4470720000.0,0.0039664510016805,0.0484046985696632
2025-07-28,6389.77001953125,6401.06982421875,6375.7900390625,6397.68994140625,4565620000.0,0.0001768424712665,0.0514658434973963
2025-07-29,6370.85986328125,6409.259765625,6363.919921875,6405.6201171875,5076120000.0,-0.0029638301974668,0.0649345738330291
2025-07-30,6362.89990234375,6396.5400390625,6336.3798828125,6381.22998046875,5375070000.0,-0.0012502139385094,0.0408747954731942
2025-07-31,6339.39013671875,6427.02001953125,6327.64013671875,6427.02001953125,6077080000.0,-0.0037016620463745,0.0482591654659514
2025-08-01,6238.009765625,6287.27978515625,6212.68994140625,6287.27978515625,5827150000.0,-0.0161213871855698,0.1035249521224184
2025-08-04,6329.93994140625,6330.68994140625,6271.7099609375,6271.7099609375,4842580000.0,0.0146295644914144,0.1739458911965598
2025-08-05,6299.18994140625,6346.0,6289.3701171875,6336.6298828125,5517410000.0,-0.004869703780462,0.1752145917884924
2025-08-06,6345.06005859375,6352.830078125,6301.10986328125,6309.2998046875,5408560000.0,0.0072555222198526,0.1882327097487059
2025-08-07,6340.0,6389.7099609375,6310.31982421875,6374.31982421875,5306090000.0,-0.0007977981718278,0.1862997998794235
2025-08-08,6389.4501953125,6395.16015625,6355.22021484375,6355.22021484375,4769910000.0,0.0077694548163894,0.1220134521068086
2025-08-11,6373.4501953125,6407.25,6364.06005859375,6389.669921875,4652400000.0,-0.0025072683938851,0.0919690596640095
2025-08-12,6445.759765625,6446.5498046875,6385.759765625,6395.169921875,5135300000.0,0.0112815590751707,0.0943799111843211
2025-08-13,6466.580078125,6480.27978515625,6445.02001953125,6462.669921875,5195950000.0,0.0032248733840464,0.0915307799799258
2025-08-14,6468.5400390625,6473.919921875,6441.06982421875,6453.4599609375,4462050000.0,0.0003030448785544,0.0883290860480497
2025-08-15,6449.7998046875,6481.33984375,6441.85009765625,6477.3798828125,4575060000.0,-0.0029013399163647,0.0921522086970277
2025-08-18,6449.14990234375,6455.35009765625,6437.7001953125,6445.02001953125,4162290000.0,-0.0001007682577357,0.0863339579692984
2025-08-19,6411.3701171875,6456.47998046875,6400.22021484375,6446.240234375,4377440000.0,-0.0058753291122071,0.0548277520179497
2025-08-20,6395.77978515625,6408.39990234375,6343.85986328125,6406.6201171875,4470390000.0,-0.0024346306322649,0.0394689595602774
2025-08-21,6370.169921875,6393.64990234375,6352.7099609375,6380.830078125,4013560000.0,-0.0040122197289511,0.0336805236519252
2025-08-22,6466.91015625,6478.89013671875,6384.58984375,6384.58984375,5046860000.0,0.0150722851587791,0.1333659349614382
2025-08-25,6439.31982421875,6466.89013671875,6438.06005859375,6457.669921875,4059070000.0,-0.0042755125396463,0.1378281324998255
2025-08-26,6465.93994140625,6468.3701171875,6429.2099609375,6435.490234375,4867680000.0,0.0041254737101163,0.1304543129599487
2025-08-27,6481.39990234375,6487.06005859375,6457.83984375,6462.259765625,4143680000.0,0.002388130453303,0.125224161086691
2025-08-28,6501.85986328125,6508.22998046875,6466.9599609375,6483.83984375,4283760000.0,0.0031517474414667,0.110658612553243
2025-08-29,6460.259765625,6491.759765625,6444.56982421875,6489.27978515625,4234840000.0,-0.0064187404027925,0.0761003114057615
2025-09-03,6448.259765625,6453.669921875,6416.169921875,6445.81982421875,4465360000.0,0.0050871123029413,0.0903132407135193
2025-09-04,6502.080078125,6502.5400390625,6445.97998046875,6456.60009765625,4670770000.0,0.0083118471028735,0.1100738315243069
2025-09-05,6481.5,6532.64990234375,6443.97998046875,6529.080078125,5066120000.0,-0.0031701726699367,0.1101249965388373
2025-09-08,6495.14990234375,6508.669921875,6483.2900390625,6498.08984375,5211500000.0,0.0021037644508885,0.0978219067886616
2025-09-09,6512.60986328125,6518.22998046875,6483.080078125,6503.330078125,4798350000.0,0.0026845470300734,0.0671369134119674
2025-09-10,6532.0400390625,6555.97021484375,6516.33984375,6550.2900390625,5253010000.0,0.0029790282293981,0.0646364924782535
2025-09-11,6587.47021484375,6592.89013671875,6545.7998046875,6554.41015625,5426460000.0,0.0084500876230935,0.0654113674227167
2025-09-12,6584.2900390625,6600.2099609375,6579.490234375,6590.66015625,4641640000.0,-0.0004828778814283,0.0518231383909516
2025-09-15,6615.27978515625,6619.6201171875,6602.06982421875,6603.490234375,5045020000.0,0.0046955777265597,0.0518029059115841
2025-09-16,6606.759765625,6626.990234375,6600.10986328125,6624.1298828125,5359510000.0,-0.0012887604333313,0.0630095370954308
2025-09-17,6600.35009765625,6624.39013671875,6551.14990234375,6604.8701171875,5805340000.0,-0.0009706390782443,0.0685746354111443
2025-09-18,6631.9599609375,6656.7998046875,6611.89013671875,6626.85009765625,5292400000.0,0.0047776878367082,0.0493450373832434
2025-09-19,6664.35986328125,6671.81982421875,6630.31005859375,6647.10986328125,9125960000.0,0.0048735239374811,0.0514442024152286
2025-09-22,6693.75,6698.8798828125,6648.06982421875,6654.27978515625,5642620000.0,0.0044003507147622,0.0506572467337859
2025-09-23,6656.919921875,6699.52001953125,6645.580078125,6692.43994140625,5633620000.0,-0.0055173518287397,0.0735567258761841
2025-09-24,6637.97021484375,6672.66015625,6621.759765625,6669.7900390625,5459180000.0,-0.0028506771652953,0.0785939028742183
2025-09-25,6604.72021484375,6619.0,6569.22021484375,6608.18994140625,5874670000.0,-0.0050216487425263,0.0807538425219936
2025-09-26,6643.7001953125,6648.97021484375,6604.43017578125,6615.3798828125,5103110000.0,0.0058844891304135,0.0854303652580615
2025-09-29,6661.2099609375,6677.31005859375,6644.490234375,6661.580078125,5358760000.0,0.0026320772599126,0.0796063787048439
2025-09-30,6688.4599609375,6691.25,6641.0,6656.18994140625,6057210000.0,0.0040825036135079,0.0740749398466022
2025-10-01,6711.2001953125,6718.47998046875,6656.2001953125,6664.919921875,6037950000.0,0.0033941541712235,0.0668258446031439
2025-10-02,6715.35009765625,6731.93994140625,6693.22998046875,6731.31005859375,5416130000.0,0.0006181636213842,0.0306758657701024
2025-10-03,6715.7900390625,6750.8701171875,6705.669921875,6722.14013671875,5713110000.0,6.55106568658717e-05,0.0277306196758669
2025-10-06,6740.27978515625,6749.52001953125,6717.77978515625,6733.85986328125,5604460000.0,0.0036399592827626,0.0296703264322003
2025-10-07,6714.58984375,6754.490234375,6699.9599609375,6746.14013671875,5546150000.0,-0.003818687706853,0.0480828490063522
2025-10-08,6753.72021484375,6755.64013671875,6718.08984375,6723.8701171875,5383130000.0,0.0058107484941873,0.0583295265627948
2025-10-09,6735.10986328125,6764.580078125,6716.169921875,6760.5,5385020000.0,-0.0027593739802789,0.0652055728675
2025-10-10,6552.509765625,6762.39990234375,6550.77978515625,6740.490234375,6596610000.0,-0.0274859754398998,0.2105282762965076
2025-10-13,6654.72021484375,6668.68017578125,6620.7099609375,6622.52978515625,5303960000.0,0.015478263036934,0.2532937459303832
2025-10-14,6644.31005859375,6680.7001953125,6555.06982421875,6602.490234375,5666920000.0,-0.0015655514969425,0.2530905571965648
2025-10-15,6671.06005859375,6724.1201171875,6612.10986328125,6688.27001953125,5633060000.0,0.0040179185034279,0.249857615129613
2025-10-16,6629.06982421875,6709.33984375,6593.990234375,6689.02001953125,6048180000.0,-0.0063142802751419,0.2513931724550645
2025-10-17,6664.009765625,6678.8798828125,6603.759765625,6613.27001953125,5358120000.0,0.0052568739445263,0.1301164983688442
2025-10-20,6735.1298828125,6744.35009765625,6690.0498046875,6690.0498046875,4672170000.0,0.0106157241361441,0.1034714039012438
2025-10-21,6735.35009765625,6752.16015625,6722.02978515625,6736.75,5245020000.0,3.269591641698797e-05,0.1001801532139214
2025-10-22,6699.39990234375,6741.75,6655.68994140625,6741.33984375,5710010000.0,-0.005351834774743,0.1137127727887773
2025-10-23,6738.43994140625,6749.52978515625,6700.14013671875,6703.64990234375,5565750000.0,0.0058104798620133,0.0969442245767865
2025-10-24,6791.68994140625,6807.10986328125,6772.06982421875,6772.06982421875,5058220000.0,0.0078713619752448,0.1019622617908913
2025-10-27,6875.16015625,6877.27978515625,6843.93994140625,6845.4599609375,5290650000.0,0.0122151413273793,0.1090855253172116
2025-10-28,6890.89013671875,6911.2998046875,6870.72998046875,6897.740234375,5695930000.0,0.0022853305022299,0.1048644357548739
2025-10-29,6890.58984375,6920.33984375,6851.91015625,6910.9501953125,6280130000.0,-4.357920473317536e-05,0.0760472820294312
2025-10-30,6822.33984375,6880.75,6820.68994140625,6860.5,6052700000.0,-0.0099541914245345,0.1339621988173393
2025-10-31,6840.2001953125,6879.169921875,6814.259765625,6879.169921875,6398280000.0,0.0026145009178832,0.1255554510454087
2025-11-03,6851.97021484375,6882.31982421875,6820.6201171875,6882.31982421875,6065720000.0,0.0017192339969181,0.0839320271374007
2025-11-04,6771.5498046875,6820.2099609375,6766.7099609375,6788.52001953125,5739510000.0,-0.0118062503923267,0.1086054706984101
2025-11-05,6796.2900390625,6829.77978515625,6763.10986328125,6769.77001953125,5939600000.0,0.0036468976756877,0.118684664853563
2025-11-06,6720.31982421875,6796.68017578125,6707.509765625,6787.58984375,6051900000.0,-0.0112411345147227,0.1238416366793675
2025-11-07,6728.7998046875,6730.10986328125,6631.43994140625,6696.18017578125,5926070000.0,0.0012610463474931,0.120288521842264
2025-11-10,6832.43017578125,6841.31982421875,6770.56005859375,6785.35986328125,5366050000.0,0.0152836267035018,0.1797045587992986
2025-11-11,6846.60986328125,6855.1298828125,6806.8701171875,6815.64013671875,4983490000.0,0.0020731999523923,0.1495148801349586
2025-11-12,6850.919921875,6869.91015625,6829.6201171875,6867.77001953125,5293610000.0,0.0006293191259445,0.149215602476175
2025-11-13,6737.490234375,6828.0498046875,6724.72021484375,6826.47021484375,5473720000.0,-0.0166954516309277,0.1805283892247708
2025-11-14,6734.10986328125,6774.31005859375,6646.8701171875,6672.14013671875,5042660000.0,-0.0005018514712717,0.1805003710059689
2025-11-17,6672.41015625,6754.5,6638.89990234375,6713.60986328125,5204220000.0,-0.0092044978943051,0.1270148503766808
2025-11-18,6617.31982421875,6666.6298828125,6574.31982421875,6641.18994140625,5159390000.0,-0.0082907098441693,0.1124696413073049
2025-11-19,6642.16015625,6689.75,6603.5,6625.83984375,5021610000.0,0.0037468077372653,0.12673780768394
2025-11-20,6538.759765625,6770.35009765625,6534.0498046875,6737.93017578125,5596080000.0,-0.0156897261163152,0.1215815614499704
2025-11-21,6602.990234375,6660.0498046875,6521.919921875,6555.77001953125,5929930000.0,0.009775103041592,0.1649518098116036
2025-11-24,6705.1201171875,6715.75,6630.7001953125,6636.5400390625,6039740000.0,0.0153488188990818,0.2031840626020967
2025-11-25,6765.8798828125,6776.39990234375,6659.97998046875,6697.02978515625,5003330000.0,0.0090208860008329,0.1901857072014989
2025-11-26,6812.60986328125,6831.43994140625,6783.8701171875,6793.5498046875,4485000000.0,0.0068829694361496,0.1907675136449974
2025-11-27,6812.60986328125,6831.43994140625,6783.8701171875,6793.5498046875,4485000000.0,0.0068829694361496,0.1907675136449974
2025-11-28,6849.08984375,6850.85986328125,6819.75,6822.52001953125,2558540000.0,0.0053404873411373,0.0606606385743706
2025-12-01,6812.6298828125,6843.64990234375,6799.93994140625,6812.2998046875,4549370000.0,-0.0053375487460559,0.1193139716974099
2025-12-02,6829.3701171875,6851.5498046875,6806.7099609375,6830.9599609375,4582290000.0,0.0024542211959366,0.088513624471299
2025-12-03,6849.72021484375,6862.419921875,6810.43017578125,6815.2900390625,4736780000.0,0.0029753605210852,0.0748492785501812
2025-12-04,6857.1201171875,6866.47021484375,6827.1201171875,6866.47021484375,4872440000.0,0.0010797387119744,0.0637802363682617
2025-12-05,6870.39990234375,6895.77978515625,6858.2900390625,6866.31982421875,4944560000.0,0.0019347688846794,0.0540342492990944
2025-12-08,6846.509765625,6878.27001953125,6827.18994140625,6875.2001953125,4757130000.0,-0.0034833153316476,0.04124071287702
2025-12-09,6840.509765625,6864.919921875,6837.43017578125,6840.60986328125,4508050000.0,-0.0008767431610132,0.0405754757369697
2025-12-10,6886.68017578125,6900.669921875,6824.68994140625,6833.490234375,5526570000.0,0.0067268806591399,0.0600669814080867
2025-12-11,6901.0,6903.4599609375,6833.4501953125,6861.2998046875,5021060000.0,0.002077191983717,0.0604865466485608
2025-12-12,6827.41015625,6899.85009765625,6801.7900390625,6886.85009765625,4910160000.0,-0.0107209134585545,0.1033447246666625
2025-12-15,6816.509765625,6861.58984375,6801.490234375,6860.18994140625,4975600000.0,-0.0015978388918367,0.1016366788893114
2025-12-16,6800.259765625,6819.27001953125,6759.740234375,6800.1201171875,4983180000.0,-0.0023867640084396,0.1021990285452237
2025-12-17,6721.43017578125,6812.259765625,6720.43017578125,6802.8798828125,5122120000.0,-0.0116598566113712,0.0957324804373429
2025-12-18,6774.759765625,6816.1298828125,6758.5,6778.06005859375,5101190000.0,0.0079029515204791,0.1263556018829284
2025-12-19,6834.5,6840.02001953125,6792.6201171875,6792.6201171875,8554470000.0,0.0087794074218288,0.1336481732822328
2025-12-22,6878.490234375,6882.02978515625,6855.740234375,6865.2099609375,4465030000.0,0.0064158705755619,0.1388363000554449
2025-12-23,6909.7900390625,6910.8798828125,6868.81005859375,6872.41015625,3820560000.0,0.0045400670467882,0.134278160939937
2025-12-24,6932.0498046875,6937.31982421875,6904.91015625,6904.91015625,1798270000.0,0.0032163043447007,0.0365920109388727
2025-12-25,6932.0498046875,6937.31982421875,6904.91015625,6904.91015625,1798270000.0,0.0032163043447007,0.0365920109388727
2025-12-26,6929.93994140625,6945.77001953125,6921.60009765625,6936.02001953125,2586550000.0,-0.0003044098771082,0.0542477403390233
2025-12-29,6905.740234375,6920.2099609375,6888.759765625,6903.60009765625,3541750000.0,-0.0034981629239373,0.062972003360597
2025-12-30,6896.240234375,6913.25,6893.47021484375,6900.43994140625,3309930000.0,-0.0013766142506534,0.0525619570094006
2025-12-31,6845.5,6901.419921875,6844.5498046875,6898.81982421875,3261830000.0,-0.0073848674342488,0.062311068183332
2026-01-05,6902.0498046875,6920.3798828125,6891.56005859375,6892.18994140625,5771930000.0,0.0063340245110515,0.0829125576344978
2026-01-06,6944.81982421875,6948.68994140625,6904.02001953125,6908.02978515625,5509680000.0,0.0061775920038938,0.091167288560354
2026-01-07,6920.93017578125,6965.68994140625,6919.18994140625,6945.06982421875,5214480000.0,-0.0034458535710101,0.0958146501681194
2026-01-08,6921.4599609375,6931.27978515625,6899.330078125,6914.10986328125,5333200000.0,7.654532942294603e-05,0.0661179316383321
2026-01-09,6966.27978515625,6978.35986328125,6917.64013671875,6927.830078125,5163900000.0,0.006454611138321,0.0723864945210971
2026-01-12,6977.27001953125,6986.330078125,6934.06982421875,6944.1201171875,5019040000.0,0.0015763900591805,0.066734984764099
2026-01-13,6963.740234375,6985.830078125,6938.77001953125,6977.41015625,5091730000.0,-0.001941005588207,0.0606116542730483
2026-01-14,6926.60009765625,6941.2998046875,6885.740234375,6937.41015625,5530830000.0,-0.0053476335841354,0.0693697083702585
2026-01-15,6944.47021484375,6979.33984375,6937.93017578125,6969.4599609375,5114050000.0,0.0025766039204444,0.0714121220514881
2026-01-16,6940.009765625,6967.2998046875,6925.08984375,6960.5400390625,5356550000.0,-0.0006425086684515,0.0495976821328509
2026-01-19,6940.009765625,6967.2998046875,6925.08984375,6960.5400390625,5356550000.0,-0.0006425086684515,0.0495976821328509
2026-01-20,6796.85986328125,6871.169921875,6789.0498046875,6865.240234375,5769500000.0,-0.0208424609532612,0.1456151825408004
2026-01-21,6875.6201171875,6910.39013671875,6804.9599609375,6810.7099609375,5835520000.0,0.0115211176335603,0.1895588035913857
2026-01-22,6913.35009765625,6934.75,6893.6201171875,6914.43994140625,5307580000.0,0.0054725007079021,0.1949740906114595
2026-01-23,6915.60986328125,6932.9599609375,6895.5,6907.85009765625,4871930000.0,0.0003268164274822,0.1934710409166316
2026-01-26,6950.22998046875,6964.66015625,6921.60009765625,6923.22998046875,4968050000.0,0.0049935942601603,0.1979071598120876
2026-01-27,6978.60009765625,6988.81982421875,6958.830078125,6965.9599609375,5331720000.0,0.0040735878404412,0.0640217451874092
2026-01-28,6978.02978515625,7002.27978515625,6963.4599609375,7002.0,5507670000.0,-8.172639170147053e-05,0.0419053574383798
2026-01-29,6969.009765625,6992.83984375,6870.7998046875,6977.740234375,6877780000.0,-0.0012934674424623,0.0438035766276998
2026-01-30,6939.02978515625,6964.08984375,6893.47998046875,6947.27001953125,6697340000.0,-0.004311179414458,0.0612302080602626
2026-02-02,6976.43994140625,6991.919921875,6914.33984375,6916.64013671875,5772050000.0,0.0053767852773646,0.0629681939617855
2026-02-03,6917.81005859375,6993.080078125,6862.0498046875,6985.4501953125,7017660000.0,-0.0084394955906637,0.0813681261408335
2026-02-04,6882.72021484375,6936.08984375,6838.7998046875,6924.5,7475750000.0,-0.0050853001550138,0.0826494146300451
2026-02-05,6798.39990234375,6857.85009765625,6780.1298828125,6837.39013671875,6989120000.0,-0.0123266778538328,0.1045974052910259
2026-02-06,6932.2998046875,6944.89013671875,6816.740234375,6816.740234375,6283680000.0,0.0195043442822007,0.2036293644577454
2026-02-09,6964.81982421875,6980.10009765625,6905.8701171875,6917.259765625,5650260000.0,0.0046801178601232,0.2024854794391743
2026-02-10,6941.81005859375,6986.830078125,6937.52978515625,6974.490234375,5595950000.0,-0.0033091822845107,0.1925797667798157
2026-02-11,6941.47021484375,6993.47998046875,6911.97021484375,6976.47998046875,6175510000.0,-4.89572699497733e-05,0.1862760756722032
2026-02-12,6832.759765625,6973.22021484375,6824.0400390625,6957.5400390625,7118700000.0,-0.0157849413861174,0.2035030960102567
2026-02-13,6836.169921875,6881.9599609375,6794.5498046875,6834.27001953125,5718360000.0,0.0004989646444475,0.1237985882956954
2026-02-23,6837.75,6916.9599609375,6819.81982421875,6901.25,5638350000.0,-0.0104399594714564,0.1113109735552736
2026-02-24,6890.06982421875,6899.169921875,6815.43017578125,6837.3701171875,5266090000.0,0.0076224889623833,0.1240877716042756
2026-02-25,6946.1298828125,6952.509765625,6915.14990234375,6915.14990234375,5328060000.0,0.0081034339701294,0.1306624729444746
2026-02-26,6908.85986328125,6947.25,6859.72998046875,6944.740234375,5889550000.0,-0.0053800269955661,0.137529045225525
2026-02-27,6878.8798828125,6882.9599609375,6831.740234375,6856.5400390625,6665660000.0,-0.0043487951280376,0.132023435877251
2026-03-02,6881.6201171875,6901.009765625,6796.85009765625,6824.35986328125,6079080000.0,0.0003982754131349,0.1015233872973416
2026-03-03,6816.6298828125,6840.0498046875,6710.419921875,6800.259765625,6442080000.0,-0.0094889087313125,0.1067121626595452
2026-03-04,6869.5,6885.93994140625,6811.64013671875,6831.68994140625,5252170000.0,0.0077261257401495,0.1044391062763381
2026-03-05,6830.7099609375,6870.43017578125,6770.77978515625,6851.080078125,5989300000.0,-0.005662707772703,0.1049959759240571
2026-03-06,6740.02001953125,6773.419921875,6711.56005859375,6769.02978515625,5793120000.0,-0.0133657204324963,0.1322036332833207
2026-03-09,6795.990234375,6810.43994140625,6636.0400390625,6699.7998046875,6709410000.0,0.0082698716653886,0.1582432738701785
2026-03-10,6781.47998046875,6845.080078125,6759.740234375,6796.56005859375,5944950000.0,-0.0021374025058877,0.1459280039188979
2026-03-11,6775.7998046875,6811.14990234375,6745.58984375,6790.08984375,5511090000.0,-0.0008379521856348,0.1246543415884231
2026-03-12,6672.6201171875,6740.8798828125,6670.39990234375,6740.8798828125,6292170000.0,-0.0153448081894945,0.1543393121709031
2026-03-13,6632.18994140625,6733.2998046875,6623.919921875,6673.490234375,5337120000.0,-0.0060775463985013,0.1361047454529433
2026-03-16,6699.3798828125,6729.7900390625,6674.3701171875,6674.3701171875,5176290000.0,0.0100799097468189,0.1459840030350489
2026-03-17,6716.08984375,6754.2998046875,6710.7998046875,6722.35009765625,5063390000.0,0.0024911493849529,0.151044915101202
2026-03-18,6624.7001953125,6705.18017578125,6621.66015625,6697.16015625,5275480000.0,-0.0137009993837308,0.1713796859949317
2026-03-19,6606.490234375,6636.740234375,6557.81982421875,6583.1201171875,5973390000.0,-0.0027525826238997,0.1420303838563663
2026-03-20,6506.47998046875,6594.66015625,6473.52001953125,6594.66015625,10025820000.0,-0.0152539343077702,0.170705628174504
2026-03-23,6581.0,6651.6201171875,6565.5498046875,6574.9599609375,6020650000.0,0.0113881090950741,0.1775360038230972
2026-03-24,6556.3701171875,6595.75,6525.10986328125,6552.08984375,5278580000.0,-0.0037495954593205,0.169467662428387
2026-03-25,6591.89990234375,6633.93994140625,6568.41015625,6598.35009765625,4936720000.0,0.0054044937599492,0.160381439297399
2026-03-26,6477.16015625,6573.22021484375,6473.7900390625,6555.85986328125,4845560000.0,-0.0175594409612095,0.2001384579385199
2026-03-27,6368.85009765625,6453.89013671875,6356.080078125,6453.89013671875,5303490000.0,-0.0168632319460513,0.2061000241727838
2026-03-30,6343.72021484375,6427.31005859375,6316.91015625,6403.3701171875,5458640000.0,-0.0039535538333558,0.1551139203664539
2026-03-31,6528.52001953125,6539.0498046875,6395.8798828125,6395.8798828125,6396100000.0,0.0287148933097987,0.3031223310737673
2026-04-01,6575.31982421875,6609.669921875,6554.2900390625,6556.56005859375,5637260000.0,0.0071429450037592,0.3056235943861181
2026-04-02,6582.68994140625,6601.91015625,6474.93994140625,6512.60986328125,4740740000.0,0.001120248136237,0.2661742891960255
2026-04-03,6582.68994140625,6601.91015625,6474.93994140625,6512.60986328125,4740740000.0,0.001120248136237,0.2661742891960255
2026-04-06,6611.830078125,6618.1298828125,6579.72021484375,6587.66015625,3906440000.0,0.0044170131316058,0.1994744889463668
2026-04-07,6616.85009765625,6618.259765625,6534.5498046875,6601.93017578125,4555680000.0,0.000758960033127,0.1847036329329029
2026-04-08,6782.81005859375,6793.5,6740.27978515625,6754.35986328125,5904880000.0,0.0247720383571835,0.1575494515520473
2026-04-09,6824.66015625,6835.31005859375,6761.5498046875,6783.68994140625,4912410000.0,0.006151066869514,0.157904447862886
2026-04-10,6816.89013671875,6845.77001953125,6808.4599609375,6839.240234375,4393220000.0,-0.0011391696991393,0.1642904576068621
2026-04-13,6886.240234375,6887.0,6790.02001953125,6806.47021484375,4785840000.0,0.010121875493741,0.1636481754968352
2026-04-14,6967.3798828125,6969.419921875,6905.169921875,6910.2001953125,5032380000.0,0.0117139889161436,0.1505017975928951
2026-04-15,7022.9501953125,7026.240234375,6967.1298828125,6978.169921875,5278610000.0,0.007944144911565,0.0793000065131041
2026-04-16,7041.27978515625,7051.22998046875,7008.52001953125,7037.77978515625,5173650000.0,0.002606555815286,0.0853360872473114
2026-04-17,7126.06005859375,7147.52001953125,7074.5498046875,7074.5498046875,6145300000.0,0.0119685539287378,0.061144906069539
2026-04-20,7109.14013671875,7122.64990234375,7084.41015625,7117.0498046875,4661130000.0,-0.002377195910252,0.0981966624037998
2026-04-21,7064.009765625,7137.27001953125,7050.2001953125,7122.64013671875,5160270000.0,-0.0063684535808531,0.1181066789261535
2026-04-22,7137.89990234375,7138.64013671875,7102.91015625,7102.91015625,4919460000.0,0.0104057560115378,0.1259529878574556
2026-04-23,7108.39990234375,7147.77978515625,7046.5498046875,7118.7998046875,5307260000.0,-0.0041414321709399,0.1367615025268376
2026-04-24,7165.080078125,7168.58984375,7112.81982421875,7136.47998046875,4608830000.0,0.0079420679176324,0.1200473858120171
2026-04-28,7138.7998046875,7152.52001953125,7115.169921875,7133.740234375,4900650000.0,-0.0049061878687959,0.1099564289273074
2026-04-29,7135.9501953125,7145.6298828125,7107.85986328125,7131.60986328125,5123100000.0,-0.0003992517435124,0.0817035880945669
