time,close,high,low,open,volume,oil_ret_5d
2016-12-08,53.88999938964844,54.04999923706055,52.83000183105469,53.04999923706055,44044.0,0.0657639955502414
2016-12-09,54.33000183105469,54.43999862670898,53.77000045776367,53.95000076293945,30445.0,-0.0023898761687163
2016-12-12,55.68999862670898,57.4900016784668,54.75,54.75,45732.0,0.0135589172710833
2016-12-13,55.720001220703125,56.43000030517578,55.150001525878906,55.369998931884766,38210.0,0.0326522558115393
2016-12-14,53.900001525878906,55.79999923706055,53.61000061035156,55.22999954223633,39813.0,0.016838592672271
2016-12-15,54.02000045776367,54.5,53.150001525878906,53.720001220703125,34744.0,0.0024094362189087
2016-12-16,55.209999084472656,55.380001068115234,53.709999084472656,54.220001220703125,31303.0,0.0160674854474251
2016-12-19,54.91999816894531,55.790000915527344,54.68999862670898,55.4900016784668,30608.0,-0.0139230253826434
2016-12-20,55.34999847412109,55.90999984741211,54.75,55.119998931884766,37241.0,-0.0066625392325897
2016-12-21,54.459999084472656,55.86000061035156,54.31999969482422,55.59999847412109,31242.0,0.0103359642102154
2016-12-22,55.04999923706055,55.22999954223633,54.04999923706055,54.59000015258789,30938.0,0.0188874924712254
2016-12-23,55.15999984741211,55.34000015258789,54.27000045776367,54.880001068115234,15503.0,-0.0009060295544938
2016-12-26,55.15999984741211,55.34000015258789,54.27000045776367,54.880001068115234,15503.0,-0.0009060295544938
2016-12-27,56.09000015258789,56.2599983215332,55.04999923706055,55.47999954223633,8294.0,0.0210799986812859
2016-12-28,56.220001220703125,56.560001373291016,55.88999938964844,56.08000183105469,10677.0,0.0155959556045304
2016-12-29,56.13999938964844,56.63999938964844,55.970001220703125,55.970001220703125,595.0,0.0303820896271729
2016-12-30,56.130001068115234,56.130001068115234,56.130001068115234,56.130001068115234,13775.0,0.0194285986737573
2017-01-03,55.470001220703125,58.369998931884766,55.290000915527344,57.04999923706055,42688.0,0.0056043059148661
2017-01-04,56.459999084472656,56.52999877929688,55.34000015258789,55.68999862670898,27804.0,0.006574860369182
2017-01-05,56.88999938964844,57.34000015258789,56.0099983215332,56.540000915527344,32833.0,0.0118469808425748
2017-01-06,57.09999847412109,57.459999084472656,56.29999923706055,56.880001068115234,24948.0,0.0169555298772597
2017-01-09,54.93999862670898,56.9900016784668,54.7400016784668,56.86000061035156,25860.0,-0.0214287923124877
2017-01-10,53.63999938964844,55.34000015258789,53.56999969482422,54.84000015258789,33801.0,-0.033547309038876
2017-01-11,55.09999847412109,55.66999816894531,53.65999984741211,53.70000076293945,45944.0,-0.0243827181438731
2017-01-12,56.0099983215332,56.43000030517578,55.02999877929688,55.22999954223633,36424.0,-0.015589351779459
2017-01-13,55.45000076293945,56.20000076293945,55.310001373291016,56.060001373291016,25417.0,-0.0293223623836126
2017-01-16,55.45000076293945,56.20000076293945,55.310001373291016,56.060001373291016,25417.0,-0.0293223623836126
2017-01-17,55.470001220703125,56.970001220703125,55.20000076293945,55.650001525878906,44899.0,0.0096007004027579
2017-01-18,53.91999816894531,55.88999938964844,53.77999877929688,55.470001220703125,40148.0,0.0052063856105084
2017-01-19,54.15999984741211,54.75,53.900001525878906,54.310001373291016,33327.0,-0.0172070626793005
2017-01-20,55.4900016784668,55.790000915527344,54.18999862670898,54.27999877929688,29231.0,-0.0093273616685659
2017-01-23,55.22999954223633,55.7400016784668,54.650001525878906,55.470001220703125,33859.0,-0.0039754519306478
2017-01-24,55.43999862670898,55.84999847412109,55.04999923706055,55.38999938964844,32411.0,-0.0005410259628033
2017-01-25,55.08000183105469,55.63999938964844,54.7599983215332,55.2400016784668,34247.0,0.0212852744586811
2017-02-02,56.560001373291016,57.43000030517578,56.34000015258789,56.52999877929688,31371.0,0.0056737685214439
2017-02-03,56.810001373291016,57.290000915527344,56.38999938964844,56.83000183105469,26703.0,0.0229690662988661
2017-02-06,55.720001220703125,57.11000061035156,55.650001525878906,56.79999923706055,26706.0,0.0088328951946333
2017-02-07,55.04999923706055,55.97999954223633,54.63999938964844,55.93000030517578,32659.0,-0.0117383113208738
2017-02-08,55.119998931884766,55.66999816894531,54.209999084472656,54.54999923706055,44864.0,-0.0097491460289113
2017-02-09,55.630001068115234,55.91999816894531,55.20000076293945,55.2599983215332,29628.0,-0.0165794025810209
2017-02-10,56.70000076293945,56.869998931884766,55.58000183105469,55.68999862670898,30763.0,-0.0019381665530095
2017-02-13,55.59000015258789,56.79999923706055,55.43000030517578,56.77000045776367,25049.0,-0.0023358391091555
2017-02-14,55.970001220703125,56.45000076293945,55.54999923706055,55.709999084472656,25975.0,0.0165740054035604
2017-02-15,55.75,56.25,55.54999923706055,55.84000015258789,26608.0,0.0113648030128229
2017-02-16,55.650001525878906,56.22999954223633,55.130001068115234,55.66999816894531,32712.0,0.0003594618532136
2017-02-17,55.810001373291016,55.869998931884766,55.11000061035156,55.66999816894531,27599.0,-0.0158211347825463
2017-02-20,55.810001373291016,55.869998931884766,55.11000061035156,55.66999816894531,27599.0,-0.0158211347825463
2017-02-21,56.65999984741211,57.29999923706055,55.709999084472656,55.90999984741211,57648.0,0.0190651599990677
2017-02-22,55.84000015258789,56.9900016784668,55.58000183105469,56.68999862670898,36358.0,-0.0023253935265137
2017-02-23,56.58000183105469,57.34999847412109,56.150001525878906,56.18999862670898,36155.0,0.0147781878954174
2017-02-24,55.9900016784668,56.650001525878906,55.75,56.5099983215332,18720.0,0.0060910281980148
2017-02-27,55.93000030517578,56.7599983215332,55.90999984741211,56.040000915527344,10972.0,0.0021478248830023
2017-02-28,55.59000015258789,56.06999969482422,55.27000045776367,55.97999954223633,685.0,-0.0190651599990678
2017-03-01,55.59999847412109,55.59999847412109,55.59999847412109,55.59999847412109,25932.0,-0.0043072873740372
2017-03-02,55.08000183105469,56.43999862670898,55.0099983215332,56.310001373291016,34925.0,-0.0268688911316428
2017-03-03,55.900001525878906,55.93999862670898,55.09000015258789,55.18000030517578,24688.0,-0.0016087258811414
2017-03-06,56.0099983215332,56.2400016784668,55.31999969482422,55.79999923706055,25402.0,0.0014293019645857
2017-03-07,55.91999816894531,56.63999938964844,55.54999923706055,55.9900016784668,28162.0,0.0059187334711134
2017-03-08,53.11000061035156,55.7599983215332,52.93999862670898,55.61000061035156,43000.0,-0.0458179278861478
2017-03-09,52.18999862670898,53.84999847412109,51.47999954223633,53.130001068115234,61215.0,-0.0538958277619792
2017-03-10,51.369998931884766,53.0099983215332,51.150001525878906,52.43999862670898,41261.0,-0.0845100837710461
2017-03-13,51.34999847412109,51.68999862670898,50.84000015258789,51.369998931884766,28880.0,-0.0868653095951697
2017-03-14,50.91999816894531,51.83000183105469,50.25,51.400001525878906,49660.0,-0.0936663274516066
2017-03-15,51.810001373291016,52.040000915527344,51.36000061035156,51.790000915527344,36290.0,-0.0247820385935341
2017-03-16,51.7400016784668,52.59000015258789,51.5,52.09000015258789,28932.0,-0.0086596701437312
2017-03-17,51.7599983215332,52.16999816894531,51.52999877929688,51.720001220703125,20151.0,0.0075632940781812
2017-03-20,51.619998931884766,51.93000030517578,51.0099983215332,51.75,25177.0,0.0052442669392792
2017-03-21,50.959999084472656,52.209999084472656,50.72999954223633,51.65999984741211,30377.0,0.0007852555685354
2017-03-22,50.63999938964844,50.970001220703125,49.63999938964844,50.869998931884766,39102.0,-0.0228414415498243
2017-03-23,50.560001373291016,51.09000015258789,50.2599983215332,50.7599983215332,35569.0,-0.0230704321980802
2017-03-24,50.79999923706055,51.04999923706055,50.400001525878906,50.59999847412109,27105.0,-0.0187212781988269
2017-03-27,50.75,51.09999847412109,50.02999877929688,51.02000045776367,27398.0,-0.0169975556766833
2017-03-28,51.33000183105469,51.869998931884766,50.790000915527344,50.86000061035156,27375.0,0.0072344189461234
2017-03-29,52.41999816894531,52.459999084472656,51.34000015258789,51.34000015258789,17105.0,0.0345463971816355
2017-03-30,52.959999084472656,53.09000015258789,52.02999877929688,52.400001525878906,14493.0,0.0463761173413929
2017-03-31,52.83000183105469,53.31999969482422,52.400001525878906,52.650001525878906,31997.0,0.0391829062696542
2017-04-03,53.119998931884766,53.720001220703125,53.040000915527344,53.63999938964844,18746.0,0.0456418671386904
2017-04-04,54.16999816894531,54.36000061035156,52.75,53.13999938964844,27204.0,0.0538518036233765
2017-04-05,54.36000061035156,55.08000183105469,53.97999954223633,54.27000045776367,33157.0,0.0363404375460964
2017-04-07,55.2400016784668,56.06999969482422,54.56999969482422,54.75,34387.0,0.0446081130904828
2017-04-10,55.97999954223633,56.04999923706055,55.2400016784668,55.2400016784668,29224.0,0.0524409908494485
2017-04-11,56.22999954223633,56.27999877929688,55.459999084472656,56.04999923706055,32054.0,0.0373231982953943
2017-04-12,55.86000061035156,56.630001068115234,55.5099983215332,56.27999877929688,33978.0,0.0272199709325852
2017-04-13,55.88999938964844,56.060001373291016,55.58000183105469,55.66999816894531,27171.0,0.018054290918763
2017-04-14,55.88999938964844,56.060001373291016,55.58000183105469,55.66999816894531,27171.0,0.018054290918763
2017-04-17,55.36000061035156,55.970001220703125,55.29999923706055,55.84999847412109,18101.0,0.0021699634084706
2017-04-18,54.88999938964844,55.4900016784668,54.619998931884766,55.47999954223633,38436.0,-0.0196633044677781
2017-04-19,52.93000030517578,55.220001220703125,52.59000015258789,54.7400016784668,43655.0,-0.0604801225276501
2017-04-20,52.9900016784668,53.540000915527344,52.68999862670898,53.060001373291016,48381.0,-0.0527453232636503
2017-04-21,51.959999084472656,53.27999877929688,51.56999969482422,53.02999877929688,36665.0,-0.0729112881784707
2017-04-24,51.59999847412109,52.58000183105469,51.43000030517578,52.04999923706055,27284.0,-0.0703356794183307
2017-04-25,52.09999847412109,52.380001068115234,51.310001373291016,51.650001525878906,31348.0,-0.0521662519704399
2017-04-26,51.81999969482422,52.43999862670898,51.400001525878906,51.86000061035156,24549.0,-0.0211941223907314
2017-04-27,51.43999862670898,51.75,50.43000030517578,51.470001220703125,20588.0,-0.0296871949474162
2017-04-28,51.72999954223633,52.09999847412109,51.40999984741211,51.43000030517578,33680.0,-0.0044362990162209
2017-05-03,50.790000915527344,51.119998931884766,50.209999084472656,51.04999923706055,34131.0,-0.0200766664059196
2017-05-04,48.380001068115234,50.720001220703125,48.18000030517578,50.619998931884766,52061.0,-0.0613295259729147
2017-05-05,49.09999847412109,49.619998931884766,46.650001525878906,48.38999938964844,54485.0,-0.052178871442818
2017-05-08,49.34000015258789,49.880001068115234,48.4900016784668,49.290000915527344,35179.0,-0.043234976487472
2017-05-09,48.72999954223633,49.709999084472656,48.40999984741211,49.43999862670898,33410.0,-0.0348860776077491
2017-05-10,50.220001220703125,50.619998931884766,48.84999847412109,48.9900016784668,37961.0,-0.0112861248023437
2017-05-11,50.77000045776367,51.150001525878906,50.2400016784668,50.27999877929688,31243.0,0.048219110716223
2017-05-12,50.84000015258789,51.08000183105469,50.34000015258789,50.77000045776367,29339.0,0.0348244455990778
2017-05-15,51.81999969482422,52.619998931884766,50.650001525878906,50.84000015258789,31972.0,0.0490410550510229
2017-05-16,51.650001525878906,52.34999847412109,51.18999862670898,51.86000061035156,29359.0,0.0581953776467802
2017-05-17,52.209999084472656,52.59999847412109,51.04999923706055,51.2400016784668,32800.0,0.0388606518504322
2017-05-18,52.5099983215332,52.7400016784668,51.11000061035156,52.09999847412109,41239.0,0.0336979577093363
2017-05-19,53.61000061035156,53.790000915527344,52.52999877929688,52.52999877929688,34681.0,0.0530521799018896
2017-05-22,53.869998931884766,54.369998931884766,53.650001525878906,53.869998931884766,41324.0,0.0387975476199837
2017-05-23,54.150001525878906,54.470001220703125,53.209999084472656,53.84999847412109,39671.0,0.0472677765174246
2017-05-24,53.959999084472656,54.619998931884766,53.66999816894531,54.20000076293945,52627.0,0.0329689844857947
2017-05-25,51.459999084472656,54.65999984741211,51.02999877929688,53.90999984741211,72089.0,-0.0201988066225101
2017-05-26,52.150001525878906,52.2599983215332,50.709999084472656,51.369998931884766,28004.0,-0.0276114185182742
2017-05-29,52.150001525878906,52.2599983215332,50.709999084472656,51.369998931884766,28004.0,-0.0276114185182742
2017-05-30,51.84000015258789,52.59999847412109,51.20000076293945,52.29999923706055,18705.0,-0.0384116618773387
2017-05-31,50.310001373291016,51.75,49.83000183105469,51.66999816894531,545.0,-0.0735541098259334
2017-06-01,50.33000183105469,50.33000183105469,50.33000183105469,50.33000183105469,43640.0,-0.0696416572035297
2017-06-02,49.95000076293945,50.5099983215332,48.959999084472656,50.400001525878906,44207.0,-0.0297822686939241
2017-06-05,49.470001220703125,50.72999954223633,49.04999923706055,49.959999084472656,38387.0,-0.0527577607909629
2017-06-06,50.119998931884766,50.29999923706055,48.9900016784668,49.47999954223633,41397.0,-0.033741946270749
2017-06-07,48.060001373291016,50.130001068115234,47.970001220703125,49.9900016784668,50234.0,-0.0457536329169745
2017-06-08,47.86000061035156,48.58000183105469,47.560001373291016,48.22999954223633,40901.0,-0.0503212619361666
2017-06-09,48.150001525878906,48.540000915527344,47.43999862670898,47.90999984741211,29536.0,-0.0367013504343792
2017-06-12,48.290000915527344,49.119998931884766,48.0099983215332,48.18000030517578,28229.0,-0.0241419310708479
2017-06-13,48.720001220703125,48.810001373291016,47.880001068115234,48.27000045776367,26775.0,-0.0283304602595852
2017-06-14,47.0,48.68000030517578,46.77000045776367,48.18000030517578,44939.0,-0.0223026571727752
2017-06-15,46.91999816894531,47.18999862670898,46.70000076293945,46.9900016784668,26749.0,-0.0198361104728425
2017-06-16,47.369998931884766,47.59999847412109,46.81999969482422,46.84000015258789,19728.0,-0.016332075546934
2017-06-19,46.90999984741211,47.75,46.77000045776367,47.29999923706055,19703.0,-0.0289936497568059
2017-06-20,46.02000045776367,47.220001220703125,45.43000030517578,46.900001525878906,30670.0,-0.057013553902845
2017-06-21,44.81999969482422,46.61000061035156,44.36000061035156,45.84000015258789,40210.0,-0.0474931401461973
2017-06-22,45.220001220703125,45.77999877929688,44.54999923706055,44.84000015258789,28351.0,-0.0369044909156528
2017-06-23,45.540000915527344,45.7400016784668,45.040000915527344,45.290000915527344,27319.0,-0.0393980136479126
2017-06-26,45.83000183105469,46.220001220703125,45.040000915527344,45.68999862670898,22998.0,-0.0232919306133654
2017-06-27,46.650001525878906,47.040000915527344,45.81999969482422,45.959999084472656,29887.0,0.01359686544816
2017-06-28,47.310001373291016,47.470001220703125,46.18999862670898,46.25,13352.0,0.0540672571066948
2017-06-29,47.41999816894531,48.0,47.18999862670898,47.43999862670898,9980.0,0.0475045481791203
2017-06-30,47.91999816894531,48.20000076293945,47.47999954223633,47.47999954223633,23479.0,0.0509418348571362
2017-07-03,49.68000030517578,49.70000076293945,48.540000915527344,48.88999938964844,17462.0,0.0806635052938313
2017-07-04,49.68000030517578,49.70000076293945,48.540000915527344,48.88999938964844,17462.0,0.0806635052938313
2017-07-05,47.790000915527344,49.88999938964844,47.27999877929688,49.59999847412109,40863.0,0.0241434717449269
2017-07-06,48.11000061035156,49.16999816894531,47.77999877929688,48.29999923706055,25556.0,0.0167683497273902
2017-07-07,46.709999084472656,47.9900016784668,46.27999877929688,47.97999954223633,28644.0,-0.015085787109932
2017-07-10,46.880001068115234,47.369998931884766,46.119998931884766,46.900001525878906,21447.0,-0.0219417475437511
2017-07-11,47.52000045776367,48.16999816894531,46.29999923706055,47.02000045776367,22689.0,-0.0444517590805897
2017-07-12,47.7400016784668,48.75,47.34999847412109,48.209999084472656,31345.0,-0.0010467756781826
2017-07-13,48.41999816894531,48.52999877929688,47.18000030517578,47.650001525878906,22846.0,0.0064228452958834
2017-07-14,48.90999984741211,49.08000183105469,48.15999984741211,48.400001525878906,22014.0,0.0460236165177235
2017-07-17,48.41999816894531,49.25,48.310001373291016,49.060001373291016,17905.0,0.0323217456410447
2017-07-18,48.84000015258789,49.400001525878906,48.2400016784668,48.40999984741211,20301.0,0.0273989676792808
2017-07-19,49.70000076293945,49.79999923706055,48.59999847412109,48.70000076293945,20340.0,0.0402352923842938
2017-07-20,49.29999923706055,50.18000030517578,49.18999862670898,49.59999847412109,26566.0,0.0180111518793691
2017-07-21,48.060001373291016,49.63999938964844,47.810001373291016,49.27000045776367,27053.0,-0.0175316125486632
2017-07-24,48.59999847412109,48.7599983215332,47.68000030517578,47.88999938964844,25408.0,0.0037105858159324
2017-07-25,50.20000076293945,50.900001525878906,48.650001525878906,48.7400016784668,27529.0,0.0274653895289362
2017-07-26,50.970001220703125,51.02999877929688,50.08000183105469,50.7599983215332,26137.0,0.025232299847916
2017-07-27,51.4900016784668,51.63999938964844,50.5099983215332,50.869998931884766,21851.0,0.0434635810827684
2017-07-28,52.52000045776367,52.66999816894531,51.310001373291016,51.58000183105469,12631.0,0.0887437992677493
2017-07-31,52.650001525878906,52.84999847412109,52.25,52.7599983215332,844.0,0.0800427680517776
2017-08-01,52.630001068115234,52.630001068115234,52.630001068115234,52.630001068115234,33859.0,0.0472712777648051
2017-08-02,52.36000061035156,52.41999816894531,51.18999862670898,51.56999969482422,34625.0,0.0269057043971346
2017-08-03,52.0099983215332,52.869998931884766,51.790000915527344,52.290000915527344,34779.0,0.0100483288570116
2017-08-04,52.41999816894531,52.52000045776367,51.43999862670898,51.90999984741211,26969.0,-0.0019058951857829
2017-08-07,52.369998931884766,52.560001373291016,51.369998931884766,52.380001068115234,29496.0,-0.0053323796656989
2017-08-08,52.13999938964844,52.72999954223633,51.81999969482422,52.2400016784668,24795.0,-0.0093539228611439
2017-08-09,52.70000076293945,52.81999969482422,51.83000183105469,51.83000183105469,26143.0,0.0064725173258179
2017-08-10,51.900001525878906,53.630001068115234,51.68000030517578,52.77999877929688,52899.0,-0.0021171559407723
2017-08-11,52.09999847412109,52.27000045776367,51.310001373291016,51.91999816894531,25318.0,-0.0061232434929825
2017-08-14,50.72999954223633,52.38999938964844,50.58000183105469,52.0099983215332,29797.0,-0.031816445340772
2017-08-15,50.79999923706055,51.09999847412109,50.02999877929688,50.650001525878906,35111.0,-0.0260360572333987
2017-08-16,50.27000045776367,51.34999847412109,50.150001525878906,50.959999084472656,33911.0,-0.0472069832137616
2017-08-17,51.02999877929688,51.11000061035156,49.9900016784668,50.380001068115234,43863.0,-0.0169051484176109
2017-08-18,52.720001220703125,52.95000076293945,50.77999877929688,50.86000061035156,41235.0,0.0118299938768938
2017-08-21,51.65999984741211,52.900001525878906,51.290000915527344,52.900001525878906,33088.0,0.0181663421589306
2017-08-22,51.869998931884766,52.27000045776367,51.400001525878906,51.68000030517578,36291.0,0.0208442282052076
2017-08-23,52.56999969482422,52.619998931884766,51.45000076293945,51.630001068115234,31540.0,0.0447371222156404
2017-08-24,52.040000915527344,52.709999084472656,51.61000061035156,52.54999923706055,38326.0,0.0195990000824707
2017-08-25,52.40999984741211,52.790000915527344,51.91999816894531,52.20000076293945,32957.0,-0.0058975034460635
2017-08-28,51.88999938964844,53.15999984741211,51.52000045776367,52.66999816894531,23706.0,0.0044422969032368
2017-08-29,52.0,52.150001525878906,51.369998931884766,52.150001525878906,20366.0,0.0025031508102766
2017-08-30,50.86000061035156,52.02000045776367,50.630001068115234,51.880001068115234,20366.0,-0.0330688370316307
2017-08-31,52.380001068115234,52.380001068115234,50.130001068115234,50.5099983215332,9938.0,0.0065121882341607
2017-09-01,52.31999969482422,52.31999969482422,52.31999969482422,52.31999969482422,43495.0,-0.001718708586575
2017-09-05,53.380001068115234,53.650001525878906,51.97999954223633,52.79999923706055,24873.0,0.028310082368794
2017-09-06,54.20000076293945,54.29999923706055,53.09000015258789,53.18000030517578,30783.0,0.0414372039405468
2017-09-07,54.4900016784668,54.66999816894531,53.88999938964844,54.08000183105469,34793.0,0.0689404574036202
2017-09-08,53.77999877929688,54.86000061035156,53.560001373291016,54.540000915527344,28912.0,0.0263767686714041
2017-09-11,53.84000015258789,54.11000061035156,53.040000915527344,53.75,30263.0,0.0286379868544985
2017-09-12,54.27000045776367,54.43999862670898,53.43000030517578,53.86000061035156,22720.0,0.0165354325242138
2017-09-13,55.15999984741211,55.20000076293945,54.02999877929688,54.2599983215332,24868.0,0.017557127636849
2017-09-14,55.470001220703125,56.0,54.93000030517578,55.06999969482422,27549.0,0.0178251266754749
2017-09-15,55.619998931884766,55.84999847412109,54.869998931884766,55.27000045776367,22004.0,0.0336412014593894
2017-09-18,55.47999954223633,55.93999862670898,54.81999969482422,55.52999877929688,23767.0,0.030005899025092
2017-09-19,55.13999938964844,55.880001068115234,54.88999938964844,55.45000076293945,19337.0,0.0159037980162816
2017-09-20,56.290000915527344,56.47999954223633,55.27999877929688,55.40999984741211,27031.0,0.0202788655815876
2017-09-21,56.43000030517578,56.52999877929688,55.77999877929688,56.18000030517578,23549.0,0.0171585813154009
2017-09-22,56.86000061035156,56.900001525878906,56.22999954223633,56.5,18348.0,0.0220492873551199
2017-09-25,59.02000045776367,59.220001220703125,56.70000076293945,56.88999938964844,23811.0,0.061853790075207
2017-09-26,58.43999862670898,59.4900016784668,57.77999877929688,59.20000076293945,28328.0,0.058125168856811
2017-09-27,57.900001525878906,58.86000061035156,57.56999969482422,58.59999847412109,15305.0,0.0282004951922328
2017-09-28,57.40999984741211,58.619998931884766,56.84999847412109,57.66999816894531,7005.0,0.0172175641325925
2017-09-29,57.540000915527344,57.7599983215332,57.209999084472656,57.52999877929688,27369.0,0.0118882570774069
2017-10-02,56.119998931884766,56.75,55.5099983215332,56.619998931884766,19371.0,-0.0503841410693124
2017-10-03,56.0,56.38999938964844,55.68999862670898,56.08000183105469,21948.0,-0.0426488726481872
2017-10-04,55.79999923706055,56.18999862670898,55.38999938964844,55.70000076293945,25898.0,-0.0369435552181285
2017-10-05,57.0,57.2400016784668,55.70000076293945,55.77000045776367,32050.0,-0.0071672336871327
2017-10-06,55.619998931884766,57.27000045776367,55.13999938964844,56.97999954223633,33642.0,-0.0339375444325269
2017-10-09,55.790000915527344,55.97999954223633,55.060001373291016,55.4900016784668,23056.0,-0.0058975779338802
2017-10-10,56.61000061035156,56.90999984741211,55.68999862670898,55.70000076293945,21094.0,0.0108339680951108
2017-10-11,56.93999862670898,57.09000015258789,56.15999984741211,56.540000915527344,21840.0,0.0202242020171635
2017-10-12,56.25,56.81999969482422,55.880001068115234,56.65999984741211,22286.0,-0.0132452267500206
2017-10-13,57.16999816894531,57.560001373291016,56.380001068115234,56.470001220703125,23433.0,0.0274864236456149
2017-10-16,57.81999969482422,58.470001220703125,57.119998931884766,57.119998931884766,22799.0,0.0357400730424907
2017-10-17,57.880001068115234,58.34999847412109,57.18000030517578,57.84000015258789,31599.0,0.0221862613869833
2017-10-18,58.150001525878906,58.540000915527344,57.75,58.06999969482422,25606.0,0.0210278474733883
2017-10-19,57.22999954223633,58.27999877929688,57.040000915527344,58.20000076293945,29999.0,0.0172721873378149
2017-10-20,57.75,57.900001525878906,56.59999847412109,57.290000915527344,28185.0,0.0100940961542672
2017-10-23,57.369998931884766,58.02999877929688,57.27999877929688,57.970001220703125,25947.0,-0.0078132313143989
2017-10-24,58.33000183105469,58.47999954223633,57.02999877929688,57.36000061035156,32802.0,0.0077446519396051
2017-10-25,58.43999862670898,58.72999954223633,57.86000061035156,58.459999084472656,26265.0,0.0049746581782694
2017-10-26,59.29999923706055,59.54999923706055,58.040000915527344,58.47999954223633,26572.0,0.035531064715577
2017-10-27,60.43999862670898,60.65999984741211,58.81999969482422,59.4900016784668,15873.0,0.0455277652810766
2017-10-30,60.900001525878906,61.0,60.15999984741211,60.650001525878906,14987.0,0.0597116997755643
2017-10-31,61.369998931884766,61.380001068115234,60.54999923706055,60.869998931884766,1113.0,0.0508045268396396
2017-11-01,61.290000915527344,61.290000915527344,61.290000915527344,61.290000915527344,30560.0,0.0476161490519336
2017-11-02,60.619998931884766,60.81999969482422,60.040000915527344,60.43999862670898,27721.0,0.0220155608718864
2017-11-03,62.06999969482422,62.220001220703125,60.59999847412109,60.72999954223633,25695.0,0.0266116608259428
2017-11-06,64.2699966430664,64.44000244140625,62.130001068115234,62.130001068115234,32269.0,0.0538597073801247
2017-11-07,63.68999862670898,64.63999938964844,63.4900016784668,64.08999633789062,34317.0,0.0371064438246724
2017-11-08,63.4900016784668,64.63999938964844,62.95000076293945,63.630001068115234,41527.0,0.0352657271837992
2017-11-09,63.93000030517578,64.23999786376953,63.27000045776367,63.5,24929.0,0.05316388554242
2017-11-10,63.52000045776367,64.2699966430664,63.34999847412109,63.83000183105469,24446.0,0.0230920486365649
2017-11-13,63.15999984741211,63.72999954223633,62.619998931884766,63.619998931884766,29816.0,-0.0174217201799117
2017-11-14,62.209999084472656,63.209999084472656,61.209999084472656,63.15999984741211,46259.0,-0.0235117990109552
2017-11-15,61.869998931884766,62.119998931884766,61.310001373291016,61.5,27356.0,-0.0258470473400356
2017-11-16,61.36000061035156,62.150001525878906,61.25,61.869998931884766,28684.0,-0.041030572546168
2017-11-17,62.720001220703125,62.900001525878906,61.09000015258789,61.45000076293945,30936.0,-0.0126744286405938
2017-11-20,62.220001220703125,62.79999923706055,61.43999862670898,62.720001220703125,23428.0,-0.0149946758829124
2017-11-21,62.56999969482422,62.84000015258789,62.040000915527344,62.130001068115234,30389.0,0.005770181322717
2017-11-22,63.31999969482422,63.40999984741211,62.630001068115234,62.709999084472656,29926.0,0.0231658379141979
2017-11-23,63.31999969482422,63.40999984741211,62.630001068115234,62.709999084472656,29926.0,0.0231658379141979
2017-11-24,63.86000061035156,63.95000076293945,62.88999938964844,63.22999954223633,21047.0,0.0399350298382263
2017-11-27,63.84000015258789,63.97999954223633,63.09999847412109,63.84999847412109,22019.0,0.0176995600268211
2017-11-28,63.61000061035156,63.900001525878906,63.11000061035156,63.709999084472656,15235.0,0.0220941891972923
2017-11-29,63.11000061035156,64.04000091552734,62.54999923706055,63.34000015258789,10166.0,0.0085933201344596
2017-11-30,63.56999969482422,64.19999694824219,63.20000076293945,63.34000015258789,2034.0,0.0039404259544598
2017-12-01,63.4900016784668,63.4900016784668,63.4900016784668,63.4900016784668,28073.0,-0.0058107572252169
2017-12-04,62.45000076293945,63.63999938964844,62.31999969482422,63.4900016784668,27437.0,-0.0220137067433232
2017-12-05,62.86000061035156,63.130001068115234,62.13999938964844,62.38999938964844,21380.0,-0.0118606592068082
2017-12-06,61.220001220703125,62.91999816894531,61.13999938964844,62.77000045776367,25263.0,-0.0304052918105022
2017-12-07,62.20000076293945,62.25,61.15999984741211,61.2400016784668,19281.0,-0.0217866441366502
2017-12-08,63.400001525878906,63.630001068115234,61.93999862670898,61.93999862670898,28508.0,-0.0014185541083988
2017-12-11,64.69000244140625,64.91999816894531,62.9900016784668,63.34000015258789,44515.0,0.0352404190075894
2017-12-12,63.34000015258789,65.81999969482422,63.09000015258789,64.73999786376953,55976.0,0.007607002440404
2017-12-13,62.43999862670898,64.30999755859375,62.36000061035156,63.900001525878906,34080.0,0.0197321201965812
2017-12-14,63.310001373291016,63.5,62.02000045776367,62.84000015258789,29866.0,0.0176883042365276
2017-12-15,63.22999954223633,63.66999816894531,63.08000183105469,63.41999816894531,21478.0,-0.0026850206798083
2017-12-18,63.40999984741211,63.90999984741211,63.0,63.31999969482422,20560.0,-0.0199850924904099
2017-12-19,63.79999923706055,63.90999984741211,63.29999923706055,63.43999862670898,22157.0,0.0072361348729229
2017-12-20,64.55999755859375,64.5999984741211,63.68000030517578,63.84999847412109,26006.0,0.03338891249215
2017-12-21,64.9000015258789,64.91999816894531,64.19000244140625,64.4800033569336,17911.0,0.0248043309737063
2017-12-22,65.25,65.27999877929688,64.38999938964844,64.5999984741211,14337.0,0.0314471813719406
2017-12-25,65.25,65.27999877929688,64.38999938964844,64.5999984741211,14337.0,0.0314471813719406
2017-12-26,67.0199966430664,67.08000183105469,65.01000213623047,65.06999969482422,9850.0,0.0553694569150576
2017-12-27,66.44000244140625,66.94000244140625,66.05000305175781,66.72000122070312,11890.0,0.0405461430986781
2017-12-28,66.72000122070312,66.77999877929688,66.29000091552734,66.41999816894531,2057.0,0.0329097902007905
2017-12-29,66.5999984741211,66.5999984741211,66.5999984741211,66.5999984741211,12234.0,0.0258569074139731
2018-01-02,66.56999969482422,67.27999877929688,66.2300033569336,66.41999816894531,24294.0,0.0200279748255254
2018-01-03,67.83999633789062,68.01000213623047,66.4000015258789,66.48999786376953,25878.0,0.0121609052814526
2018-01-04,68.06999969482422,68.26000213623047,67.52999877929688,68.0,22840.0,0.0242372614854722
2018-01-05,67.62000274658203,68.08999633789062,67.2699966430664,68.05999755859375,18290.0,0.0133990615512323
2018-01-08,67.77999877929688,67.9800033569336,67.44999694824219,67.81999969482422,17704.0,0.0175625935338731
2018-01-09,68.81999969482422,69.19999694824219,67.69000244140625,67.93000030517578,25548.0,0.0332403749066006
2018-01-10,69.19999694824219,69.36000061035156,68.75,69.16999816894531,21538.0,0.0198488810209954
2018-01-11,69.26000213623047,70.02999877929688,69.0,69.08000183105469,33268.0,0.0173309868413189
2018-01-12,69.87000274658203,69.91999816894531,68.61000061035156,69.12999725341797,23032.0,0.0327325739766151
2018-01-15,69.87000274658203,69.91999816894531,68.61000061035156,69.12999725341797,23032.0,0.0327325739766151
2018-01-16,69.1500015258789,70.37000274658203,68.83999633789062,69.91000366210938,33284.0,0.0200109320078624
2018-01-17,69.37999725341797,69.58999633789062,68.54000091552734,69.38999938964844,20500.0,0.0081042060191555
2018-01-18,69.30999755859375,69.66000366210938,68.80000305175781,69.43000030517578,20117.0,0.0015883421823716
2018-01-19,68.61000061035156,69.1500015258789,68.2699966430664,69.13999938964844,22077.0,-0.0094292642191591
2018-01-22,69.02999877929688,69.51000213623047,68.38999938964844,68.77999877929688,23250.0,-0.0120952368425258
2018-01-23,69.95999908447266,70.23999786376953,69.12000274658203,69.25,23749.0,0.0116455568869771
2018-01-24,70.52999877929688,70.91000366210938,69.54000091552734,69.87999725341797,23732.0,0.0164395319584303
2018-01-25,70.41999816894531,71.26000213623047,69.97000122070312,70.70999908447266,24111.0,0.0158881270195453
2018-01-26,70.5199966430664,70.83000183105469,69.83999633789062,70.0999984741211,30361.0,0.0274580043283374
2018-01-29,69.45999908447266,70.63999938964844,69.08000183105469,70.5199966430664,17623.0,0.0062098591035636
2018-01-30,69.0199966430664,69.5199966430664,68.41999816894531,69.5199966430664,12571.0,-0.0135273680312188
2018-01-31,69.05000305175781,69.06999969482422,68.30000305175781,68.37999725341797,1494.0,-0.0212072098608667
2018-02-01,69.08000183105469,69.08000183105469,69.08000183105469,69.08000183105469,29317.0,-0.0192120079402235
2018-02-02,68.58000183105469,70.01000213623047,67.95999908447266,69.75,27547.0,-0.0278953361927759
2018-02-05,67.62000274658203,68.45999908447266,67.0,68.19999694824219,32399.0,-0.0268471962376528
2018-02-06,66.86000061035156,67.58999633789062,66.55000305175781,66.98999786376953,32169.0,-0.03179537891199
2018-02-07,65.51000213623047,67.72000122070312,65.16000366210938,67.2300033569336,56412.0,-0.0526280886986363
2018-02-08,64.80999755859375,65.58999633789062,64.11000061035156,65.44000244140625,37936.0,-0.0638054050153551
2018-02-09,62.790000915527344,64.62999725341797,61.77000045776367,64.37999725341797,34853.0,-0.0882051340275166
2018-02-12,62.59000015258789,64.41000366210938,62.560001373291016,62.63999938964844,33192.0,-0.0772983145231278
2018-02-13,62.720001220703125,63.09999847412109,61.7599983215332,62.7400016784668,38693.0,-0.063920494615859
2018-02-21,65.41999816894531,65.52999877929688,64.4000015258789,65.11000061035156,26015.0,0.0421475986161254
2018-02-22,66.38999938964844,66.55000305175781,64.63999938964844,65.01000213623047,29052.0,0.0310541019300603
2018-02-23,67.30999755859375,67.37000274658203,65.80000305175781,66.25,20948.0,0.0452826638651699
2018-02-26,67.5,67.9000015258789,66.73999786376953,67.30000305175781,20385.0,0.0402049574901801
2018-02-27,66.62999725341797,67.62999725341797,66.37000274658203,67.55999755859375,9005.0,0.0209288391502399
2018-02-28,65.77999877929688,66.87999725341797,65.54000091552734,66.33000183105469,1241.0,0.0054878280825323
2018-03-01,65.70999908447266,65.70999908447266,65.70999908447266,65.70999908447266,44819.0,-0.0102953265607118
2018-03-02,64.37000274658203,64.68000030517578,63.20000076293945,64.23999786376953,39587.0,-0.0446610490183536
2018-03-05,65.54000091552734,65.87000274658203,64.0999984741211,64.69000244140625,31209.0,-0.0294669406388296
2018-03-06,65.79000091552734,66.1500015258789,65.30999755859375,65.58999633789062,24251.0,-0.0126870203392319
2018-03-07,64.33999633789062,65.77999877929688,63.84000015258789,65.43000030517578,36313.0,-0.0221343573107539
2018-03-08,63.61000061035156,64.55000305175781,63.43000030517578,64.55000305175781,44008.0,-0.032480406691003
2018-03-09,65.48999786376953,65.62000274658203,63.70000076293945,63.84999847412109,33619.0,0.0172496978775864
2018-03-12,64.94999694824219,65.83000183105469,64.18000030517578,65.54000091552734,19165.0,-0.0090429611093104
2018-03-13,64.63999938964844,65.66000366210938,64.04000091552734,64.91999816894531,34247.0,-0.0176344602432908
2018-03-14,64.88999938964844,65.19000244140625,64.06999969482422,64.66999816894531,29439.0,0.0085120543343382
2018-03-15,65.12000274658203,65.38999938964844,64.61000061035156,64.8499984741211,22542.0,0.0234610635855996
2018-03-16,66.20999908447266,66.41999816894531,64.88999938964844,65.05000305175781,29187.0,0.010934068498349
2018-03-19,66.05000305175781,66.3499984741211,65.38999938964844,66.12000274658203,28050.0,0.0167943810417412
2018-03-20,67.41999816894531,67.88999938964844,66.16999816894531,66.19999694824219,35782.0,0.0421082778764699
2018-03-21,69.47000122070312,69.8499984741211,67.47000122070312,67.55999755859375,43370.0,0.0682015030493127
2018-03-22,68.91000366210938,69.91000366210938,68.58000183105469,69.7699966430664,37699.0,0.0565695946409549
2018-03-23,70.44999694824219,70.56999969482422,68.80000305175781,68.9000015258789,49285.0,0.062071699917496
2018-03-26,70.12000274658203,71.05000305175781,69.66999816894531,70.63999938964844,28882.0,0.0597960220506858
2018-03-27,70.11000061035156,71.02999877929688,69.45999908447266,70.20999908447266,15583.0,0.0391237632775141
2018-03-28,69.52999877929688,70.25,68.77999877929688,69.68000030517578,16988.0,0.0008632742779828
2018-03-29,70.2699966430664,70.43000030517578,69.12999725341797,69.80999755859375,37805.0,0.0195435589196926
2018-03-30,70.2699966430664,70.43000030517578,69.12999725341797,69.80999755859375,37805.0,0.0195435589196926
2018-04-02,67.63999938964844,70.02999877929688,67.4800033569336,69.41999816894531,25064.0,-0.0407036800197717
2018-04-03,68.12000274658203,68.41999816894531,67.58999633789062,67.6500015258789,22815.0,-0.0289372031085246
2018-04-04,68.0199966430664,68.2699966430664,66.69999694824219,68.13999938964844,39674.0,-0.0302637156976109
2018-04-05,68.33000183105469,68.91999816894531,67.7300033569336,68.3499984741211,28888.0,-0.0174093609645148
2018-04-06,67.11000061035156,68.62000274658203,66.86000061035156,68.58999633789062,30749.0,-0.0460118441672332
2018-04-09,68.6500015258789,68.80000305175781,67.02999877929688,67.02999877929688,23967.0,0.0148216394340626
2018-04-10,71.04000091552734,71.31999969482422,68.4800033569336,68.55999755859375,45123.0,0.0419722154571588
2018-04-11,72.05999755859375,73.08000183105469,70.55999755859375,71.02999877929688,50064.0,0.0576973412128669
2018-04-12,72.0199966430664,72.45999908447266,71.08999633789062,71.93000030517578,38029.0,0.052594876019682
2018-04-13,72.58000183105469,72.86000061035156,71.61000061035156,72.16999816894531,36895.0,0.0783563537480717
2018-04-16,71.41999816894531,72.87999725341797,71.12999725341797,72.62000274658203,33532.0,0.0395567620875478
2018-04-17,71.58000183105469,71.87999725341797,70.83000183105469,71.5999984741211,36784.0,0.007572619347009
2018-04-18,73.4800033569336,73.91999816894531,71.6500015258789,71.7699966430664,34300.0,0.0195142345921611
2018-04-19,73.77999877929688,74.73999786376953,73.45999908447266,73.76000213623047,37579.0,0.0241438640137549
2018-04-20,74.05999755859375,74.19999694824219,72.83000183105469,74.0,32478.0,0.0201861155072055
2018-04-23,74.70999908447266,75.11000061035156,73.12999725341797,73.87999725341797,41835.0,0.0450360232048349
2018-04-24,73.86000061035156,75.45999908447266,73.69999694824219,74.9000015258789,46897.0,0.0313556867696306
2018-04-26,74.73999786376953,74.94999694824219,74.05999755859375,74.06999969482422,26826.0,0.0129277198518267
2018-04-27,74.63999938964844,75.01000213623047,74.37999725341797,74.70999908447266,15535.0,0.0078010058415983
2018-05-02,73.36000061035156,73.62000274658203,72.37000274658203,73.20999908447266,34769.0,-0.00868625693601
2018-05-03,73.62000274658203,74.08000183105469,72.4800033569336,73.13999938964844,35839.0,-0.0150986302167526
2018-05-04,74.87000274658203,75.05000305175781,73.25,73.76000213623047,30457.0,0.0030767645654571
2018-05-07,76.16999816894531,76.33000183105469,74.8499984741211,74.9800033569336,21266.0,0.0132154695151151
2018-05-08,74.8499984741211,76.18000030517578,73.0999984741211,75.66000366210938,50813.0,-0.0042661003507147
2018-05-09,77.20999908447266,77.41000366210938,75.86000061035156,75.86000061035156,34902.0,0.051150134194938
2018-05-10,77.47000122070312,77.97000122070312,76.5,77.29000091552734,32445.0,0.0509740151424916
2018-05-11,77.12000274658203,77.58999633789062,76.94999694824219,77.41000366210938,25651.0,0.0296093729894093
2018-05-14,78.2300033569336,78.5199966430664,76.54000091552734,77.08999633789062,29917.0,0.0266855882624227
2018-05-15,78.43000030517578,79.44999694824219,77.9000015258789,78.52999877929688,41100.0,0.0467204206358209
2018-05-16,79.27999877929688,79.33000183105469,77.62999725341797,78.12999725341797,31226.0,0.0264569041612692
2018-05-17,79.30000305175781,80.5,79.12000274658203,79.23999786376953,38385.0,0.0233473867235879
2018-05-18,78.51000213623047,79.86000061035156,78.33000183105469,79.51000213623047,30828.0,0.0178633465031415
2018-05-21,79.22000122070312,79.58999633789062,78.11000061035156,78.52999877929688,19520.0,0.0125755589947316
2018-05-22,79.56999969482422,80.48999786376953,79.16999816894531,79.48999786376953,29522.0,0.0144306224384969
2018-05-23,79.80000305175781,79.8499984741211,78.2300033569336,79.48999786376953,30786.0,0.0065376680739742
2018-05-24,78.79000091552734,79.83999633789062,78.56999969482422,79.70999908447266,25431.0,-0.006452070247068
2018-05-25,76.44000244140625,78.86000061035156,76.0,78.86000061035156,42387.0,-0.0267198811088955
2018-05-28,76.44000244140625,78.86000061035156,76.0,78.86000061035156,42387.0,-0.0267198811088955
2018-05-29,75.38999938964844,76.18000030517578,74.51000213623047,75.5,19800.0,-0.049554175475109
2018-05-30,77.5,77.72000122070312,74.87999725341797,75.4000015258789,9673.0,-0.02635919719483
2018-05-31,77.58999633789062,78.72000122070312,77.08000183105469,77.54000091552734,1039.0,-0.028085036990698
2018-06-01,77.58999633789062,77.58999633789062,77.58999633789062,77.58999633789062,35684.0,-0.015347591169795
2018-06-04,75.29000091552734,76.93000030517578,75.19999694824219,76.61000061035156,31642.0,-0.0151588152888856
2018-06-05,75.37999725341797,75.7300033569336,73.81999969482422,75.5199966430664,43436.0,-0.000132680725182
2018-06-06,75.36000061035156,76.26000213623047,74.47000122070312,75.08999633789062,37262.0,-0.0280012979920487
2018-06-07,77.31999969482422,77.37000274658203,75.41999816894531,75.91000366210938,36710.0,-0.0034858553144323
2018-06-08,76.45999908447266,77.58000183105469,76.13999938964844,77.26000213623047,21902.0,-0.0146707894133153
2018-06-11,76.45999908447266,76.81999969482422,75.52999877929688,76.38999938964844,22516.0,0.0154203802722847
2018-06-12,75.87999725341797,77.06999969482422,75.44999694824219,76.44999694824219,26330.0,0.0066111574679168
2018-06-13,76.73999786376953,76.87000274658203,75.19999694824219,75.4800033569336,30468.0,0.0181464186143046
2018-06-14,75.94000244140625,76.91000366210938,75.7699966430664,76.55000305175781,24181.0,-0.0180090634404079
2018-06-15,73.44000244140625,76.91000366210938,73.06999969482422,76.55000305175781,30144.0,-0.0402989367385444
2018-06-18,75.33999633789062,75.54000091552734,72.44000244140625,73.05000305175781,31861.0,-0.014756562638204
2018-06-19,75.08000183105469,75.52999877929688,74.44999694824219,75.41999816894531,33282.0,-0.010598872764067
2018-06-20,74.73999786376953,75.8499984741211,74.11000061035156,75.0199966430664,47160.0,-0.0264076615063775
2018-06-21,73.05000305175781,74.68000030517578,72.94000244140625,74.36000061035156,49077.0,-0.0387994069798078
2018-06-22,75.55000305175781,75.80999755859375,73.18000030517578,73.37000274658203,59882.0,0.0283259495568464
2018-06-25,74.7300033569336,75.12999725341797,73.73999786376953,75.06999969482422,41565.0,-0.0081294907930967
2018-06-26,76.30999755859375,76.69999694824219,74.12999725341797,74.75,41470.0,0.0162497232019174
2018-06-27,77.62000274658203,78.16999816894531,76.27999877929688,76.4800033569336,24472.0,0.0378097658505584
2018-06-28,77.8499984741211,78.4000015258789,77.11000061035156,77.51000213623047,14662.0,0.0636396987067689
2018-06-29,79.44000244140625,79.69999694824219,77.7699966430664,77.7699966430664,37117.0,0.0502073213569936
2018-07-02,77.30000305175781,78.93000030517578,77.18000030517578,78.9000015258789,30859.0,0.0338123322097507
2018-07-03,77.76000213623047,78.55999755859375,76.68000030517578,77.41999816894531,22785.0,0.0188232283160092
2018-07-04,77.76000213623047,78.55999755859375,76.68000030517578,77.41999816894531,22785.0,0.0188232283160092
2018-07-05,77.38999938964844,78.48999786376953,77.30999755859375,78.11000061035156,27678.0,-0.0029675959300685
2018-07-06,77.11000061035156,77.69999694824219,76.37000274658203,77.58000183105469,25487.0,-0.0095508969195589
2018-07-09,78.06999969482422,78.30999755859375,77.06999969482422,77.23999786376953,14925.0,-0.0173961942464261
2018-07-10,78.86000061035156,79.5,78.20999908447266,78.25,19767.0,0.0199801411163882
2018-07-11,73.4000015258789,78.88999938964844,73.04000091552734,78.83000183105469,48913.0,-0.0577032312152722
2018-07-12,74.44999694824219,75.12999725341797,72.68000030517578,73.77999877929688,46443.0,-0.0387298472563551
2018-07-13,75.33000183105469,75.91999816894531,73.2300033569336,74.33000183105469,27308.0,-0.0233544956154909
2018-07-16,71.83999633789062,75.37000274658203,71.52999877929688,75.0,27134.0,-0.0831644832051647
2018-07-17,72.16000366210938,72.77999877929688,71.36000061035156,71.9000015258789,28197.0,-0.0887882096849464
2018-07-18,72.9000015258789,73.2699966430664,71.19999694824219,71.63999938964844,25625.0,-0.0068352964632748
2018-07-19,72.58000183105469,73.80000305175781,71.83000183105469,72.9800033569336,31672.0,-0.0254382911263017
2018-07-20,73.06999969482422,73.47000122070312,72.29000091552734,72.58999633789062,24861.0,-0.0304606045180731
2018-07-23,73.05999755859375,74.48999786376953,72.52999877929688,72.91999816894531,29479.0,0.0168396149326473
2018-07-24,73.44000244140625,74.01000213623047,72.68000030517578,73.0,21747.0,0.017582853051564
2018-07-25,73.93000030517578,74.30000305175781,73.08000183105469,73.66000366210938,25329.0,0.0140300437511747
2018-07-26,74.54000091552734,74.81999969482422,73.77999877929688,74.3499984741211,26293.0,0.0266464793204625
2018-07-27,74.29000091552734,74.8499984741211,73.83000183105469,74.47000122070312,15109.0,0.0165584838607692
2018-07-30,74.97000122070312,75.2699966430664,74.1500015258789,74.3499984741211,9053.0,0.025807061846845
2018-07-31,74.25,75.0999984741211,74.18000030517578,74.88999938964844,1463.0,0.0109689981270253
2018-08-01,74.25,74.25,74.25,74.25,23660.0,0.0043190739858986
2018-08-02,73.44999694824219,73.73999786376953,71.83999633789062,72.5999984741211,21038.0,-0.0147310452623688
2018-08-03,73.20999908447266,73.7300033569336,72.4800033569336,73.44000244140625,15946.0,-0.0146443543343548
2018-08-06,73.75,74.45999908447266,73.13999938964844,73.29000091552734,20253.0,-0.016407054577596
2018-08-07,74.6500015258789,74.9000015258789,73.5999984741211,73.66000366210938,18289.0,0.0053727667428309
2018-08-08,72.27999877929688,74.86000061035156,71.66000366210938,74.52999877929688,23735.0,-0.0268903288473138
2018-08-09,72.06999969482422,72.87999725341797,71.8499984741211,72.12999725341797,15939.0,-0.0189669963691925
2018-08-10,72.80999755859375,73.13999938964844,71.41000366210938,72.0,16195.0,-0.0054787362776305
2018-08-13,72.61000061035156,73.08999633789062,71.04000091552734,72.98999786376953,17644.0,-0.0155783334218854
2018-08-14,72.45999908447266,73.93000030517578,72.0999984741211,72.87999725341797,20737.0,-0.0297758715936432
2018-08-15,70.76000213623047,72.44000244140625,70.30000305175781,72.16999816894531,25245.0,-0.0212535493541079
2018-08-16,71.43000030517578,71.51000213623047,70.4000015258789,70.7699966430664,18403.0,-0.0089199112626573
2018-08-17,71.83000183105469,72.4800033569336,71.2699966430664,71.3499984741211,15051.0,-0.0135510332972115
2018-08-20,72.20999908447266,72.73999786376953,71.44999694824219,71.77999877929688,18514.0,-0.0055241340136316
2018-08-21,72.62999725341797,72.94999694824219,72.05999755859375,72.12999725341797,15578.0,0.0023433489699973
2018-08-22,74.77999877929688,74.98999786376953,72.68000030517578,72.75,19801.0,0.0552565537436552
2018-08-23,74.7300033569336,74.88999938964844,74.20999908447266,74.88999938964844,14222.0,0.0451637094237706
2018-08-24,75.81999969482422,76.4000015258789,74.69999694824219,74.73999786376953,19745.0,0.0540598644849717
2018-08-27,76.20999908447266,76.3499984741211,75.4000015258789,75.61000061035156,9993.0,0.0539141478803959
2018-08-28,75.94999694824219,76.95999908447266,75.7300033569336,76.29000091552734,17281.0,0.0446971670586439
2018-08-29,77.13999938964844,77.41999816894531,75.69999694824219,75.91000366210938,8895.0,0.0310714916427817
2018-08-30,77.7699966430664,78.0,77.20999908447266,77.30999755859375,9125.0,0.0398740466789324
2018-08-31,77.41999816894531,77.79000091552734,77.0999984741211,77.5,17690.0,0.0208830154353908
2018-09-04,78.16999816894531,79.70999908447266,77.45999908447266,78.19000244140625,36059.0,0.025393243143423
2018-09-05,77.2699966430664,78.05999755859375,76.91999816894531,77.88999938964844,27811.0,0.0172305496406502
2018-09-06,76.5,77.75,75.63999938964844,77.13999938964844,31739.0,-0.0083312040353338
2018-09-07,76.83000183105469,77.08000183105469,75.88999938964844,76.58000183105469,17798.0,-0.0121604968298681
2018-09-10,77.37000274658203,77.91000366210938,76.8499984741211,76.8499984741211,23036.0,-0.0006459774378979
2018-09-11,79.05999755859375,79.5199966430664,77.36000061035156,77.36000061035156,29921.0,0.0113211081798847
2018-09-12,79.73999786376953,80.11000061035156,78.75,79.47000122070312,29906.0,0.0314655766619722
2018-09-13,78.18000030517578,79.7699966430664,77.87000274658203,79.7699966430664,28501.0,0.0217231234358204
2018-09-14,78.08999633789062,78.93000030517578,77.37999725341797,78.36000061035156,24296.0,0.0162667480664815
2018-09-17,78.05000305175781,78.88999938964844,77.7300033569336,78.06999969482422,21749.0,0.0087505420007983
2018-09-18,79.02999877929688,79.72000122070312,77.5,77.88999938964844,22637.0,-0.0003795152173047
2018-09-19,79.4000015258789,79.5,78.5199966430664,78.86000061035156,19118.0,-0.0042729276925521
2018-09-20,78.69999694824219,79.81999969482422,78.5199966430664,79.33000183105469,22855.0,0.0066292523779454
2018-09-21,78.80000305175781,80.12000274658203,78.23999786376953,78.69999694824219,36594.0,0.0090510748131505
2018-09-24,81.19999694824219,81.4800033569336,79.0999984741211,79.0999984741211,21939.0,0.0395655235229309
2018-09-25,81.87000274658203,82.54000091552734,81.16999816894531,81.44999694824219,30081.0,0.0353051451656338
2018-09-26,81.33999633789062,82.19000244140625,81.12000274658203,81.51000213623047,17271.0,0.0241394679861245
2018-09-27,81.72000122070312,82.41999816894531,81.33999633789062,81.80999755859375,14317.0,0.0376556682407948
2018-09-28,82.72000122070312,82.8499984741211,81.54000091552734,81.54000091552734,38868.0,0.0485483899254446
2018-10-01,84.9800033569336,85.44000244140625,82.55999755859375,82.91999816894531,34024.0,0.0455007646048886
2018-10-02,84.80000305175781,85.37000274658203,84.31999969482422,85.05999755859375,25338.0,0.0351629218491218
2018-10-03,86.29000091552734,86.72000122070312,84.01000213623047,84.70999908447266,31424.0,0.0590758716732725
2018-10-04,84.58000183105469,86.41999816894531,84.1500015258789,86.12999725341797,35552.0,0.0343990688060815
2018-10-05,84.16000366210938,85.11000061035156,83.91999816894531,84.70999908447266,27778.0,0.0172583669858875
2018-10-08,83.91000366210938,84.30999755859375,82.66000366210938,84.11000061035156,31603.0,-0.0126711346640178
2018-10-09,85.0,85.44000244140625,83.72000122070312,83.7699966430664,39232.0,0.0023556777047496
2018-10-10,83.08999633789062,85.16000366210938,82.27999877929688,84.87999725341797,31715.0,-0.0377894135272249
2018-10-11,80.26000213623047,82.61000061035156,79.80000305175781,82.58999633789062,48195.0,-0.0524264622379847
2018-10-12,80.43000030517578,81.47000122070312,79.22000122070312,80.27999877929688,37537.0,-0.0453325477927752
2018-10-15,80.77999877929688,81.91000366210938,79.8499984741211,80.97000122070312,31577.0,-0.0380154445014636
2018-10-16,81.41000366210938,81.73999786376953,79.80000305175781,80.69999694824219,33816.0,-0.0431530959208987
2018-10-17,80.05000305175781,81.83999633789062,79.16999816894531,81.5999984741211,38202.0,-0.0372728360370117
2018-10-18,79.29000091552734,80.33000183105469,78.69000244140625,80.33000183105469,41270.0,-0.0121593626242729
2018-10-19,79.77999877929688,80.88999938964844,79.22000122070312,79.33999633789062,34401.0,-0.0081144135338865
2018-10-22,79.83000183105469,80.38999938964844,78.97000122070312,80.08000183105469,37080.0,-0.0118299984291824
2018-10-23,76.44000244140625,80.12000274658203,75.87999725341797,80.0199966430664,60226.0,-0.0629920092584887
2018-10-24,76.16999816894531,77.55999755859375,75.12999725341797,76.19000244140625,57413.0,-0.0496838172202254
2018-10-25,76.88999938964844,77.05000305175781,75.37000274658203,75.69999694824219,33325.0,-0.0307362077247692
2018-10-26,77.62000274658203,77.91000366210938,75.7699966430664,76.62000274658203,33549.0,-0.0274476698506559
2018-10-29,77.33999633789062,78.01000213623047,76.55000305175781,77.69000244140625,17057.0,-0.0316881577662625
2018-10-30,75.91000366210938,77.31999969482422,75.11000061035156,76.83999633789062,19196.0,-0.006957675039474
2018-10-31,75.47000122070312,76.88999938964844,75.47000122070312,76.18000030517578,2451.0,-0.0092324178741859
2018-11-01,75.5,75.5,75.5,75.5,33938.0,-0.0182431648511267
2018-11-02,72.83000183105469,73.4800033569336,72.16999816894531,72.66000366210938,36090.0,-0.063697177954425
2018-11-05,73.16999816894531,74.12000274658203,72.2300033569336,72.75,28438.0,-0.0554257629570952
2018-11-06,72.12999725341797,73.2699966430664,71.18000030517578,72.72000122070312,32871.0,-0.0510784678340947
2018-11-07,72.06999969482422,73.52999877929688,71.3499984741211,71.75,36648.0,-0.0460973777695432
2018-11-08,70.6500015258789,73.05999755859375,70.51000213623047,72.13999938964844,39896.0,-0.066394525526723
2018-11-09,70.18000030517578,70.9800033569336,69.16000366210938,70.94999694824219,32611.0,-0.0370646088677717
2018-11-12,70.12000274658203,71.86000061035156,68.88999938964844,70.54000091552734,39814.0,-0.0425773766485029
2018-11-13,65.47000122070312,69.66999816894531,64.63999938964844,69.13999938964844,56981.0,-0.0968779673391316
2018-11-14,66.12000274658203,67.62000274658203,65.01000213623047,65.27999877929688,47372.0,-0.0861665502097382
2018-11-15,66.62000274658203,67.4000015258789,65.75,65.91999816894531,35140.0,-0.0587332567351335
2018-11-16,66.76000213623047,68.37999725341797,66.0999984741211,66.75,37139.0,-0.0499592437112485
2018-11-19,66.79000091552734,67.62000274658203,65.2699966430664,67.01000213623047,29353.0,-0.0486547167776753
2018-11-20,62.52999877929688,66.95999908447266,61.7599983215332,66.91000366210938,44030.0,-0.0459456190409015
2018-11-21,63.47999954223633,64.45999908447266,62.40999984741211,62.40999984741211,41292.0,-0.0407464260451154
2018-11-22,63.47999954223633,64.45999908447266,62.40999984741211,62.40999984741211,41292.0,-0.0407464260451154
2018-11-23,58.79999923706055,62.810001373291016,58.43000030517578,62.619998931884766,56080.0,-0.1248630320637021
2018-11-26,60.47999954223633,61.09000015258789,58.59999847412109,59.150001525878906,35607.0,-0.0987914064898589
2018-11-27,60.209999084472656,61.400001525878906,58.95000076293945,60.40999984741211,47106.0,-0.1037149461743088
2018-11-28,58.7599983215332,61.2599983215332,58.560001373291016,60.83000183105469,18435.0,-0.0621850993164363
2018-11-29,59.5099983215332,60.369998931884766,57.52000045776367,58.77000045776367,8794.0,-0.0645805509950857
2018-11-30,58.709999084472656,59.88999938964844,58.25,59.22999954223633,39344.0,-0.0015317874473873
2018-12-03,61.68999862670898,62.59000015258789,59.5,59.88999938964844,33207.0,0.0198090966579521
2018-12-04,62.08000183105469,63.560001373291016,61.2400016784668,61.86000061035156,35475.0,0.0305854690992579
2018-12-05,62.08000183105469,63.560001373291016,61.2400016784668,61.86000061035156,35475.0,0.0305854690992579
2018-12-06,60.060001373291016,61.959999084472656,58.38999938964844,61.70000076293945,60772.0,0.0218827626796116
2018-12-07,61.66999816894531,63.709999084472656,59.09999847412109,60.310001373291016,59861.0,0.0356532218602526
2018-12-10,59.970001220703125,62.310001373291016,59.560001373291016,61.45000076293945,34114.0,0.0212344030536147
2018-12-11,60.20000076293945,61.09000015258789,59.619998931884766,59.88999938964844,31823.0,-0.0244494559721978
2018-12-12,60.150001525878906,61.41999816894531,59.9900016784668,60.5099983215332,31651.0,-0.0315824375814619
2018-12-13,61.45000076293945,62.02000045776367,59.34000015258789,60.310001373291016,29600.0,0.022879763007155
2018-12-14,60.27999877929688,61.75,59.91999816894531,61.65999984741211,24871.0,-0.0227972058044821
2018-12-17,59.61000061035156,61.18999862670898,58.630001068115234,60.369998931884766,32165.0,-0.0060211020647327
2018-12-18,56.2599983215332,59.220001220703125,55.66999816894531,58.810001373291016,41690.0,-0.0676885917605837
2018-12-19,57.2400016784668,58.09999847412109,56.02999877929688,56.209999084472656,47399.0,-0.0495884837770138
2018-12-20,54.34999847412109,56.7400016784668,54.27999877929688,56.54999923706055,40553.0,-0.1227792629354882
2018-12-21,53.81999969482422,55.29999923706055,52.810001373291016,54.81999969482422,40930.0,-0.1133552138792897
2018-12-24,50.470001220703125,54.63999938964844,50.380001068115234,53.58000183105469,19160.0,-0.1664442309320369
2018-12-25,50.470001220703125,54.63999938964844,50.380001068115234,53.58000183105469,19160.0,-0.1664442309320369
2018-12-26,54.470001220703125,55.27999877929688,49.959999084472656,51.130001068115234,16444.0,-0.032333659421463
2018-12-27,52.15999984741211,54.91999816894531,51.9900016784668,54.91999816894531,8946.0,-0.0929370693185529
2018-12-28,52.20000076293945,53.5099983215332,51.630001068115234,53.02999877929688,31833.0,-0.0403620759878778
2019-01-02,54.90999984741211,56.560001373291016,52.5,54.25,43517.0,0.0843163539730305
2019-01-03,55.95000076293945,56.290000915527344,53.93000030517578,54.77000045776367,36535.0,0.0268083345878867
2019-01-04,57.060001373291016,58.29999923706055,55.36000061035156,55.58000183105469,42426.0,0.0897874551598281
2019-01-07,57.33000183105469,58.91999816894531,57.27999877929688,57.369998931884766,41677.0,0.0937415693548568
2019-01-08,58.720001220703125,58.86000061035156,57.11000061035156,57.630001068115234,34135.0,0.0875069521080929
2019-01-09,61.43999862670898,61.68000030517578,58.619998931884766,58.650001525878906,38989.0,0.1123655879757659
2019-01-10,61.68000030517578,61.900001525878906,60.45000076293945,61.33000183105469,31333.0,0.0975012858087727
2019-01-11,60.47999954223633,62.470001220703125,60.08000183105469,61.25,31369.0,0.0582093544495895
2019-01-14,58.9900016784668,61.02000045776367,58.90999984741211,60.540000915527344,31241.0,0.0285438876092478
2019-01-15,60.63999938964844,60.84999847412109,59.11000061035156,59.2599983215332,29948.0,0.032174326174151
2019-01-16,61.31999969482422,61.43000030517578,60.040000915527344,60.63999938964844,32025.0,-0.0019550174608351
2019-01-17,61.18000030517578,61.540000915527344,60.040000915527344,61.18000030517578,30131.0,-0.0081393904918808
2019-01-18,62.70000076293945,62.9900016784668,61.060001373291016,61.18999862670898,39637.0,0.0360487355045345
2019-01-21,62.70000076293945,62.9900016784668,61.060001373291016,61.18999862670898,39637.0,0.0360487355045345
2019-01-22,61.5,63.119998931884766,60.58000183105469,62.7400016784668,53602.0,0.0416692083440762
2019-01-23,61.13999938964844,62.29999923706055,60.220001220703125,61.56999969482422,35364.0,0.0082115752108847
2019-01-24,61.09000015258789,61.5,60.40999984741211,61.02000045776367,35861.0,-0.0037578598674082
2019-01-25,61.63999938964844,61.90999984741211,60.709999084472656,61.13999938964844,30262.0,0.0074906568391201
2019-01-28,59.93000030517578,61.66999816894531,59.47999954223633,61.33000183105469,34315.0,-0.0451842402446704
2019-01-29,61.31999969482422,61.790000915527344,59.7599983215332,59.97999954223633,18715.0,-0.0029311257856328
2019-01-30,61.650001525878906,62.63999938964844,61.06999969482422,61.25,12039.0,0.0083069478811881
2019-01-31,61.88999938964844,62.31999969482422,61.63999938964844,61.68999862670898,1288.0,0.0130104167299619
2019-02-01,61.869998931884766,61.869998931884766,61.869998931884766,61.869998931884766,30044.0,0.0037243917289935
2019-02-11,61.5099983215332,62.34000015258789,60.900001525878906,62.0,35285.0,-0.0161267811599775
2019-02-12,62.41999816894531,63.31999969482422,61.540000915527344,61.59999847412109,36801.0,0.0070739625342751
2019-02-13,63.61000061035156,63.959999084472656,62.650001525878906,62.650001525878906,33859.0,0.0145687769061119
2019-02-14,64.56999969482422,64.80999755859375,63.27999877929688,63.630001068115234,39526.0,0.0466011196068532
2019-02-15,66.25,66.4000015258789,64.43000030517578,64.61000061035156,36154.0,0.0646895004982179
2019-02-18,66.25,66.4000015258789,64.43000030517578,64.61000061035156,36154.0,0.0646895004982179
2019-02-19,66.44999694824219,66.83000183105469,65.58000183105469,66.30999755859375,46238.0,0.0772500033010573
2019-02-20,67.08000183105469,67.37000274658203,65.62999725341797,66.36000061035156,29155.0,0.0720002567433793
2019-02-21,67.06999969482422,67.31999969482422,66.69999694824219,67.1500015258789,27113.0,0.0529661452756104
2019-02-22,67.12000274658203,67.7300033569336,66.83000183105469,66.88999938964844,23973.0,0.0387322011673238
2019-02-25,64.76000213623047,67.47000122070312,64.55999755859375,66.80000305175781,31914.0,-0.0227473030700159
2019-02-26,65.20999908447266,65.72000122070312,64.33999633789062,64.72000122070312,18661.0,-0.018836921868194
2019-02-27,66.38999938964844,66.69999694824219,65.30000305175781,65.54000091552734,10200.0,-0.0103395307139474
2019-02-28,66.02999877929688,66.36000061035156,65.75,66.31999969482422,28959.0,-0.0156276798421561
2019-03-01,65.06999969482422,67.13999938964844,64.58999633789062,66.41000366210938,38355.0,-0.0310184942624897
2019-03-04,65.66999816894531,66.33999633789062,65.01000213623047,65.01000213623047,28931.0,0.0139540105238989
2019-03-05,65.86000061035156,66.22000122070312,65.04000091552734,65.72000122070312,28346.0,0.0099184688501935
2019-03-06,65.98999786376953,66.16999816894531,65.2300033569336,65.62999725341797,41210.0,-0.0060432505143452
2019-03-07,66.30000305175781,66.98999786376953,65.76000213623047,65.93000030517578,35738.0,0.0040807775019642
2019-03-08,65.73999786376953,66.08000183105469,64.01000213623047,66.06999969482422,49867.0,0.010243926924002
2019-03-11,66.58000183105469,66.77999877929688,65.6500015258789,65.7300033569336,37538.0,0.013762087328236
2019-03-12,66.66999816894531,67.38999938964844,66.3499984741211,66.68000030517578,37897.0,0.0122237629498939
2019-03-13,67.55000305175781,67.75,66.70999908447266,66.87999725341797,36739.0,0.0233649265606721
2019-03-14,67.2300033569336,68.12999725341797,67.02999877929688,67.58999633789062,32817.0,0.0139296831916766
2019-03-15,67.16000366210938,67.70999908447266,66.13999938964844,67.12999725341797,34969.0,0.0213703509965377
2019-03-18,67.54000091552734,67.69000244140625,66.69999694824219,67.05000305175781,31752.0,0.0143157688643059
2019-03-19,67.61000061035156,68.22000122070312,67.13999938964844,67.44999694824219,30329.0,0.014000860964599
2019-03-20,68.5,68.56999969482422,67.19000244140625,67.5199966430664,35132.0,0.0139656356842109
2019-03-21,67.86000061035156,68.69999694824219,67.61000061035156,68.31999969482422,35417.0,0.0093271419373379
2019-03-22,67.02999877929688,67.97000122070312,66.20999908447266,67.70999908447266,45565.0,-0.0019376245789001
2019-03-25,67.20999908447266,67.63999938964844,66.37000274658203,66.93000030517578,36691.0,-0.0048979961527741
2019-03-26,67.97000122070312,68.22000122070312,67.25,67.25,38187.0,0.0053105391878661
2019-03-27,67.83000183105469,68.3499984741211,67.19999694824219,67.87000274658203,26692.0,-0.00982914331543
2019-03-28,67.81999969482422,68.0,66.55000305175781,67.87000274658203,11876.0,-0.0005896361526577
2019-03-29,68.38999938964844,68.87999725341797,67.81999969482422,68.0,43566.0,0.0200863440268605
2019-04-01,69.01000213623047,69.19000244140625,67.54000091552734,67.54000091552734,49439.0,0.0264294202279029
2019-04-02,69.37000274658203,69.5199966430664,68.69000244140625,69.20999908447266,46166.0,0.0203880876724479
2019-04-03,69.30999755859375,69.95999908447266,68.80000305175781,69.79000091552734,46550.0,0.0215845587526987
2019-04-04,69.4000015258789,70.01000213623047,68.87999725341797,69.48999786376953,37531.0,0.023029757301784
2019-04-05,70.33999633789062,70.47000122070312,68.93000030517578,69.26000213623047,36491.0,0.0281139687974326
2019-04-08,71.0999984741211,71.19000244140625,70.44000244140625,70.5,40966.0,0.029835862760284
2019-04-09,70.61000061035156,71.33999633789062,70.30000305175781,71.08000183105469,37189.0,0.017717249181803
2019-04-10,71.7300033569336,71.79000091552734,70.58000183105469,70.83000183105469,46506.0,0.0343199562324699
2019-04-11,70.83000183105469,71.68000030517578,70.58000183105469,71.66000366210938,39968.0,0.0203957761174449
2019-04-12,71.55000305175781,71.86000061035156,70.9000015258789,70.91999816894531,32729.0,0.0170559736716956
2019-04-16,71.72000122070312,71.94000244140625,70.75,71.2699966430664,43907.0,0.015597879585095
2019-04-17,71.62000274658203,72.26000213623047,71.45999908447266,71.83999633789062,40910.0,-0.0015347140182599
2019-04-18,71.97000122070312,72.02999877929688,71.20999908447266,71.55000305175781,38122.0,0.0159667168640586
2019-04-19,71.97000122070312,72.02999877929688,71.20999908447266,71.55000305175781,38122.0,0.0159667168640586
2019-04-22,74.04000091552734,74.51000213623047,71.9000015258789,72.05000305175781,48893.0,0.0342089514160441
2019-04-23,74.51000213623047,74.7300033569336,73.98999786376953,74.19999694824219,50165.0,0.0457214888665941
2019-04-24,74.56999969482422,74.72000122070312,74.0,74.31999969482422,46326.0,0.038968611705897
2019-04-25,74.3499984741211,75.58999633789062,74.0,74.52999877929688,62237.0,0.0374092494635883
2019-04-26,72.1500015258789,74.41000366210938,71.29000091552734,74.30000305175781,32803.0,0.0024979238875924
2019-05-02,70.75,72.22000122070312,69.68000030517578,72.1500015258789,51722.0,-0.0496311158598995
2019-05-03,70.8499984741211,71.54000091552734,69.95999908447266,70.31999969482422,39000.0,-0.0181823617686456
2019-05-06,71.23999786376953,71.79000091552734,68.76000213623047,70.5999984741211,36208.0,-0.0111671045812827
2019-05-07,69.87999725341797,71.30999755859375,69.38999938964844,71.16000366210938,48729.0,-0.0409365511607994
2019-05-08,70.37000274658203,70.80000305175781,69.31999969482422,69.81999969482422,45312.0,-0.0253959284335865
2019-05-09,70.38999938964844,70.63999938964844,69.4000015258789,70.2300033569336,46554.0,-0.005101337574305
2019-05-10,70.62000274658203,71.2300033569336,70.16999816894531,70.30000305175781,50395.0,-0.0032515152072867
2019-05-13,70.2300033569336,72.56999969482422,69.7300033569336,70.9000015258789,62747.0,-0.014278810465002
2019-05-14,71.23999786376953,71.63999938964844,69.93000030517578,69.98999786376953,57905.0,0.0192749824734796
2019-05-15,71.7699966430664,72.25,70.41999816894531,70.9800033569336,48596.0,0.019699439659448
2019-05-16,72.62000274658203,73.3499984741211,71.81999969482422,71.94999694824219,56835.0,0.0311892048584363
2019-05-17,72.20999908447266,73.2300033569336,71.77999877929688,72.86000061035156,43365.0,0.022265098391762
2019-05-20,71.97000122070312,73.38999938964844,71.58999633789062,73.0999984741211,48963.0,0.0244737645109222
2019-05-21,72.18000030517578,72.5199966430664,71.61000061035156,72.02999877929688,55652.0,0.0131085750075552
2019-05-22,70.98999786376953,72.0199966430664,70.41999816894531,71.87999725341797,57458.0,-0.0109275227091837
2019-05-23,67.76000213623047,70.7300033569336,67.0,70.69999694824219,80487.0,-0.0692683219372562
2019-05-24,68.69000244140625,69.30000305175781,67.31999969482422,68.01000213623047,66452.0,-0.04997486401624
2019-05-27,68.69000244140625,69.30000305175781,67.31999969482422,68.01000213623047,66452.0,-0.04997486401624
2019-05-28,70.11000061035156,70.58000183105469,68.55000305175781,69.0999984741211,65297.0,-0.026183936556486
2019-05-29,69.44999694824219,70.08999633789062,68.06999969482422,70.05000305175781,32769.0,-0.0385559781840703
2019-05-30,66.87000274658203,69.94999694824219,66.30000305175781,69.7300033569336,19076.0,-0.0597885148199599
2019-05-31,64.48999786376953,66.7300033569336,64.41999816894531,66.70999908447266,67969.0,-0.0494619419729245
2019-06-03,61.27999877929688,62.83000183105469,60.459999084472656,61.59999847412109,60640.0,-0.1141501582559264
2019-06-04,61.970001220703125,62.09999847412109,60.220001220703125,60.84000015258789,58666.0,-0.1234150292521965
2019-06-05,60.630001068115234,62.2599983215332,59.45000076293945,61.47999954223633,67012.0,-0.1358171875579727
2019-06-06,61.66999816894531,62.41999816894531,60.13999938964844,60.58000183105469,51701.0,-0.0809529178271155
2019-06-07,63.290000915527344,63.58000183105469,61.77999877929688,62.220001220703125,44888.0,-0.0187827866444912
2019-06-10,62.290000915527344,64.12999725341797,62.04999923706055,63.68999862670898,34096.0,0.0163474084516306
2019-06-11,62.290000915527344,62.869998931884766,62.0099983215332,62.36000061035156,41448.0,0.0051504972915688
2019-06-12,59.970001220703125,62.11000061035156,59.56999969482422,62.11000061035156,47691.0,-0.010945380164934
2019-06-13,61.310001373291016,62.63999938964844,59.7599983215332,59.81999969482422,72728.0,-0.005854575138495
2019-06-14,62.0099983215332,62.56999969482422,60.7400016784668,61.380001068115234,38166.0,-0.0204317179586994
2019-06-17,60.93999862670898,62.34999847412109,60.720001220703125,61.970001220703125,46699.0,-0.0219111629414467
2019-06-18,62.13999938964844,62.83000183105469,60.25,61.02000045776367,46430.0,-0.0024110198211758
2019-06-19,61.81999969482422,62.52000045776367,61.38999938964844,62.25,51499.0,0.0303824742318005
2019-06-20,64.44999694824219,64.80999755859375,62.16999816894531,62.209999084472656,64896.0,0.0499466978606825
2019-06-21,65.19999694824219,65.75,63.9900016784668,64.73999786376953,51282.0,0.0501637868323978
2019-06-24,64.86000061035156,65.80000305175781,64.0999984741211,65.54000091552734,39427.0,0.0623413592670347
2019-06-25,65.05000305175781,65.95999908447266,64.18000030517578,64.72000122070312,37722.0,0.0457663577298453
2019-06-26,66.48999786376953,66.86000061035156,65.61000061035156,65.7699966430664,26217.0,0.0728245965183168
2019-06-27,66.55000305175781,66.79000091552734,65.6500015258789,66.08999633789062,13127.0,0.0320639086633212
2019-06-28,66.55000305175781,66.77999877929688,66.05999755859375,66.6500015258789,32575.0,0.0204941685712311
2019-07-01,65.05999755859375,66.73999786376953,64.22000122070312,65.27999877929688,46308.0,0.0030787732302831
2019-07-02,62.400001525878906,65.5,62.22999954223633,65.19000244140625,47774.0,-0.0415909520439763
2019-07-03,63.81999969482422,64.0,62.06999969482422,62.75,35881.0,-0.0409849122174883
2019-07-04,63.81999969482422,64.0,62.06999969482422,62.75,35881.0,-0.0409849122174883
2019-07-05,64.2300033569336,64.5199966430664,62.90999984741211,63.880001068115234,34614.0,-0.0354831471637733
2019-07-08,64.11000061035156,65.12999725341797,63.79999923706055,64.37000274658203,29582.0,-0.0373532231781899
2019-07-09,64.16000366210938,65.0199966430664,63.7400016784668,63.91999816894531,28731.0,-0.0139298628837254
2019-07-10,67.01000213623047,67.12999725341797,64.48999786376953,64.48999786376953,40838.0,0.0712765940357882
2019-07-11,66.5199966430664,67.63999938964844,66.44000244140625,66.72000122070312,37676.0,0.0414359877914216
2019-07-12,66.72000122070312,67.2699966430664,66.51000213623047,66.77999877929688,31996.0,0.0380343328124388
2019-07-15,66.4800033569336,67.45999908447266,66.06999969482422,66.6500015258789,35583.0,0.0363008335230365
2019-07-16,64.3499984741211,67.08000183105469,63.84999847412109,66.12999725341797,41087.0,0.0029568896939314
2019-07-17,63.65999984741211,65.27999877929688,63.22999954223633,64.33000183105469,34392.0,-0.0512854744073302
2019-07-18,61.93000030517578,64.45999908447266,61.290000915527344,63.630001068115234,48628.0,-0.0714978839819754
2019-07-19,62.470001220703125,63.34000015258789,61.84000015258789,62.58000183105469,36709.0,-0.0658183153002934
2019-07-22,63.2599983215332,64.0199966430664,62.77000045776367,62.90999984741211,33851.0,-0.0496480096979096
2019-07-23,63.83000183105469,64.44999694824219,62.65999984741211,63.290000915527344,31220.0,-0.00811358237556
2019-07-24,63.18000030517578,64.66000366210938,62.59000015258789,64.23999786376953,42616.0,-0.0075686192528289
2019-07-25,63.38999938964844,64.2300033569336,63.02999877929688,63.150001525878906,27929.0,0.0233013907898367
2019-07-26,63.459999084472656,63.959999084472656,63.02000045776367,63.2400016784668,26232.0,0.0157233106821002
2019-07-29,63.709999084472656,63.90999984741211,62.90999984741211,63.119998931884766,14517.0,0.0070883304134939
2019-07-30,64.72000122070312,65.04000091552734,63.84999847412109,63.84999847412109,11005.0,0.0138469636571393
2019-07-31,65.16999816894531,65.36000061035156,64.54000091552734,64.61000061035156,34287.0,0.0310114120435013
2019-08-01,60.5,64.5199966430664,60.02999877929688,64.29000091552734,63060.0,-0.0466627456307642
2019-08-02,61.88999938964844,62.93000030517578,60.88999938964844,61.09999847412109,47421.0,-0.0250511658388149
2019-08-05,59.810001373291016,61.54999923706055,59.66999816894531,61.54999923706055,47722.0,-0.0631686277408084
2019-08-06,58.93999862670898,60.540000915527344,58.56999969482422,60.0,34335.0,-0.0935503376017981
2019-08-07,56.22999954223633,59.18999862670898,55.880001068115234,58.560001373291016,52628.0,-0.1475487980845049
2019-08-08,57.380001068115234,58.0099983215332,56.77000045776367,57.369998931884766,36965.0,-0.0529475358688118
2019-08-09,58.52999877929688,59.09999847412109,57.119998931884766,57.650001525878906,34015.0,-0.0558191834422883
2019-08-12,58.56999969482422,58.869998931884766,57.880001068115234,58.36000061035156,30960.0,-0.0209502791261129
2019-08-13,61.29999923706055,61.5,57.97999954223633,58.400001525878906,45522.0,0.0392598764864366
2019-08-14,59.47999954223633,61.08000183105469,58.22999954223633,60.97999954223633,45545.0,0.0561896997326654
2019-08-15,58.22999954223633,59.41999816894531,57.68999862670898,59.04999923706055,45864.0,0.0147048488197416
2019-08-16,58.63999938964844,59.5,58.290000915527344,58.41999816894531,25244.0,0.0018776247228402
2019-08-19,59.7400016784668,59.91999816894531,58.59000015258789,58.630001068115234,30652.0,0.0197792259929144
2019-08-20,60.02999877929688,60.31999969482422,58.959999084472656,59.7400016784668,30782.0,-0.0209354135673043
2019-08-21,60.29999923706055,61.40999984741211,60.04999923706055,60.060001373291016,33717.0,0.0136919771848838
2019-08-22,59.91999816894531,60.88999938964844,59.470001220703125,60.41999816894531,33800.0,0.0286096306629154
2019-08-23,59.34000015258789,60.27999877929688,58.31999969482422,60.040000915527344,41613.0,0.0118665702641478
2019-08-26,58.70000076293945,60.16999816894531,58.27000045776367,58.400001525878906,26628.0,-0.0175621010528445
2019-08-27,59.5099983215332,60.13999938964844,58.5099983215332,58.709999084472656,30198.0,-0.0087000794768924
2019-08-28,60.4900016784668,61.04999923706055,59.81999969482422,60.13999938964844,17141.0,0.0031459987859175
2019-08-29,61.08000183105469,61.18000030517578,60.0099983215332,60.4900016784668,10658.0,0.0191742016777648
2019-08-30,60.43000030517578,61.13999938964844,60.29999923706055,61.02999877929688,41940.0,0.018202057989445
2019-09-03,58.2599983215332,59.25,57.220001220703125,59.06999969482422,51149.0,-0.0075240171099622
2019-09-04,60.70000076293945,60.959999084472656,58.09000015258789,58.2400016784668,36192.0,0.0197993731824969
2019-09-05,60.95000076293945,62.38999938964844,60.25,60.5099983215332,37813.0,0.0075757785780829
2019-09-06,61.540000915527344,61.880001068115234,59.40999984741211,60.810001373291016,37585.0,0.0075028744424373
2019-09-09,62.59000015258789,62.9900016784668,61.540000915527344,61.540000915527344,31505.0,0.0351198479509677
2019-09-10,62.380001068115234,63.77000045776367,62.16999816894531,62.7400016784668,32170.0,0.0683290055810231
2019-09-11,60.810001373291016,63.25,60.52000045776367,62.68000030517578,37485.0,0.0018105610808555
2019-09-12,60.380001068115234,61.38999938964844,58.90999984741211,61.02999877929688,44952.0,-0.0093959264761676
2019-09-13,60.220001220703125,60.79999923706055,59.59999847412109,60.40999984741211,26153.0,-0.0216828414465294
2019-09-16,69.0199966430664,71.0,64.77999877929688,67.0,69899.0,0.0977907456582366
2019-09-17,64.55000305175781,69.25,63.560001373291016,68.16999816894531,87185.0,0.0341954362676994
2019-09-18,63.59999847412109,64.98999786376953,63.06999969482422,64.25,37459.0,0.0448591746389423
2019-09-19,64.4000015258789,65.56999969482422,63.470001220703125,63.650001525878906,36971.0,0.0644557148355023
2019-09-20,64.27999877929688,65.2699966430664,64.05000305175781,64.9800033569336,23355.0,0.0652439785545947
2019-09-23,64.7699966430664,65.31999969482422,63.540000915527344,65.31999969482422,25895.0,-0.0635537876664435
2019-09-24,63.09999847412109,64.52999877929688,62.34999847412109,64.4800033569336,30503.0,-0.0227194192048249
2019-09-25,62.38999938964844,62.810001373291016,61.220001220703125,62.43000030517578,25272.0,-0.0192084500144171
2019-09-26,62.7400016784668,62.91999816894531,61.459999084472656,62.58000183105469,11043.0,-0.0261144272888095
2019-09-27,61.90999984741211,62.720001220703125,60.77000045776367,62.52999877929688,9063.0,-0.0375668068124403
2019-09-30,60.77999877929688,62.08000183105469,60.77000045776367,61.880001068115234,34510.0,-0.0635817139616125
2019-10-01,58.88999938964844,60.09000015258789,58.40999984741211,59.52999877929688,41174.0,-0.0690494587730365
2019-10-02,57.68999862670898,59.4900016784668,57.22999954223633,59.220001220703125,40386.0,-0.0783211718757176
2019-10-03,57.709999084472656,57.9900016784668,56.150001525878906,57.5,49093.0,-0.0835687766566706
2019-10-04,58.369998931884766,58.95000076293945,57.59999847412109,57.59999847412109,41717.0,-0.058879674149813
2019-10-07,58.34999847412109,59.66999816894531,57.70000076293945,57.70000076293945,28765.0,-0.0408014348225744
2019-10-08,58.2400016784668,58.93000030517578,57.369998931884766,58.470001220703125,38868.0,-0.011098853883956
2019-10-09,58.31999969482422,59.34000015258789,57.95000076293945,58.09999847412109,36036.0,0.0108612580034871
2019-10-10,59.09999847412109,59.52999877929688,57.11000061035156,58.38999938964844,36561.0,0.0238004457348586
2019-10-11,60.5099983215332,60.68999862670898,59.209999084472656,59.58000183105469,51613.0,0.0360065719789068
2019-10-14,59.34999847412109,60.75,58.5099983215332,60.560001373291016,39154.0,0.0169927627637263
2019-10-15,58.7400016784668,59.68000030517578,58.0,59.290000915527344,49695.0,0.0085485216367266
2019-10-16,59.41999816894531,59.72999954223633,58.34999847412109,58.7599983215332,43443.0,0.0186857567513783
2019-10-17,59.90999984741211,60.02999877929688,58.63999938964844,59.09999847412109,44951.0,0.0136125349554236
2019-10-18,59.41999816894531,60.27000045776367,59.0,59.880001068115234,33528.0,-0.0181777736765616
2019-10-21,58.959999084472656,59.540000915527344,58.2599983215332,59.36000061035156,35588.0,-0.0065928629926972
2019-10-22,59.70000076293945,60.2599983215332,58.77000045776367,59.04999923706055,37803.0,0.0162110788331266
2019-10-23,61.16999816894531,61.29999923706055,58.84999847412109,59.630001068115234,37010.0,0.0290260041016051
2019-10-24,61.66999816894531,61.90999984741211,60.65999984741211,61.09000015258789,35367.0,0.0289541257633455
2019-10-25,62.02000045776367,62.11000061035156,60.93999862670898,61.52000045776367,31392.0,0.0428260818342068
2019-10-28,61.56999969482422,62.34000015258789,61.20000076293945,61.9900016784668,24870.0,0.0433155016134114
2019-10-29,61.59000015258789,61.97999954223633,60.66999816894531,61.650001525878906,16903.0,0.0311674889983186
2019-10-30,60.61000061035156,61.90999984741211,60.470001220703125,61.310001373291016,13275.0,-0.0091969372872654
2019-10-31,60.22999954223633,61.02999877929688,60.06999969482422,60.68999862670898,36213.0,-0.0236269998568576
2019-11-01,61.68999862670898,61.810001373291016,59.400001525878906,59.54999923706055,28361.0,-0.0053351000928209
2019-11-04,62.130001068115234,62.77999877929688,61.290000915527344,62.0,28961.0,0.009054247300668
2019-11-05,62.959999084472656,63.16999816894531,61.900001525878906,62.060001373291016,27103.0,0.0220000673913047
2019-11-06,61.7400016784668,63.31999969482422,61.59000015258789,62.93999862670898,34901.0,0.0184721402267242
2019-11-07,62.290000915527344,62.900001525878906,61.63999938964844,61.77999877929688,33158.0,0.0336303545085068
2019-11-08,62.5099983215332,62.68999862670898,60.65999984741211,62.34000015258789,34325.0,0.013204696132162
2019-11-11,62.18000030517578,62.75,61.58000183105469,62.5099983215332,23316.0,0.0008044282713283
2019-11-12,62.060001373291016,62.84999847412109,61.79999923706055,62.16999816894531,30687.0,-0.0143979084190605
2019-11-13,62.369998931884766,62.72999954223633,61.22999954223633,61.970001220703125,33278.0,0.0101523271525024
2019-11-14,62.27999877929688,63.20000076293945,62.13999938964844,62.54999923706055,27803.0,-0.0001605865983216
2019-11-15,63.29999923706055,63.63999938964844,61.70000076293945,62.33000183105469,32240.0,0.0125588000048263
2019-11-18,62.43999862670898,63.58000183105469,61.93999862670898,63.29999923706055,29294.0,0.0041726641149117
2019-11-19,60.90999984741211,62.54999923706055,60.630001068115234,62.33000183105469,32258.0,-0.018704318805418
2019-11-20,62.400001525878906,62.79999923706055,60.29999923706055,60.7400016784668,39331.0,0.0004809264160028
2019-11-21,63.970001220703125,64.02999877929688,61.93000030517578,62.43999862670898,36374.0,0.0267739151789225
2019-11-22,63.38999938964844,64.30000305175781,62.9900016784668,63.66999816894531,33785.0,0.0014207935701855
2019-11-25,63.650001525878906,63.790000915527344,62.959999084472656,63.459999084472656,25178.0,0.0191932753229145
2019-11-26,64.2699966430664,64.30999755859375,63.45000076293945,63.5099983215332,23433.0,0.0536955448082023
2019-11-27,64.05999755859375,64.5999984741211,63.52999877929688,64.13999938964844,15263.0,0.0262548062411986
2019-11-28,64.05999755859375,64.5999984741211,63.52999877929688,64.13999938964844,15263.0,0.0262548062411986
2019-11-29,62.43000030517578,64.04000091552734,62.400001525878906,64.04000091552734,47386.0,-0.0243683085825371
2019-12-02,60.91999816894531,62.08000183105469,60.5,60.79999923706055,39023.0,-0.039744612697308
2019-12-03,60.81999969482422,61.59000015258789,60.29999923706055,60.90999984741211,32863.0,-0.0454806717448447
2019-12-04,63.0,63.52999877929688,60.9900016784668,61.15999984741211,41730.0,-0.0199581807599259
2019-12-05,63.38999938964844,63.900001525878906,62.75,63.04999923706055,38903.0,-0.010513995402208
2019-12-06,64.38999938964844,64.86000061035156,62.83000183105469,63.290000915527344,43303.0,0.0309123981091713
2019-12-09,64.25,64.5,63.61000061035156,64.4000015258789,32410.0,0.0532202258050772
2019-12-10,64.33999633789062,64.68000030517578,63.77000045776367,64.0,31170.0,0.0562627876612664
2019-12-11,63.720001220703125,64.25,63.0099983215332,64.16000366210938,31647.0,0.0113637778076144
2019-12-12,64.19999694824219,64.83999633789062,63.869998931884766,63.88999938964844,32866.0,0.0126970524931858
2019-12-13,65.22000122070312,65.77999877929688,64.38999938964844,64.41000366210938,34575.0,0.0128078570067607
2019-12-16,65.33999633789062,65.6500015258789,64.87999725341797,64.9800033569336,31476.0,0.0168226263506179
2019-12-17,66.0999984741211,66.2300033569336,65.12000274658203,65.37000274658203,35092.0,0.0269872588804423
2019-12-18,66.16999816894531,66.41999816894531,65.56999969482422,65.83000183105469,31943.0,0.0377286561528441
2019-12-19,66.54000091552734,66.77999877929688,66.04000091552734,66.12000274658203,29280.0,0.0358001211886369
2019-12-20,66.13999938964844,66.70999908447266,65.7300033569336,66.5199966430664,33986.0,0.0140075092475984
2019-12-23,66.38999938964844,66.5999984741211,65.80999755859375,66.20999908447266,21599.0,0.0159420834116946
2019-12-24,67.19999694824219,67.25,66.37000274658203,66.51000213623047,18562.0,0.0165044783428008
2019-12-25,67.19999694824219,67.25,66.37000274658203,66.51000213623047,18562.0,0.0165044783428008
2019-12-26,67.91999816894531,67.94999694824219,67.19000244140625,67.37000274658203,10745.0,0.026103354692109
2019-12-27,68.16000366210938,68.29000091552734,67.58000183105469,67.91999816894531,8223.0,0.0240546518998064
2019-12-30,68.44000244140625,68.91000366210938,68.18000030517578,68.20999908447266,34100.0,0.0341837863707342
2019-12-31,66.0,66.91999816894531,65.63999938964844,66.68000030517578,30892.0,-0.0058916915112162
2020-01-02,66.25,66.56999969482422,65.7300033569336,66.47000122070312,25810.0,-0.0142377372497085
2020-01-03,68.5999984741211,69.4800033569336,66.22000122070312,66.29000091552734,78848.0,0.0099619974446064
2020-01-06,68.91000366210938,70.72000122070312,68.19000244140625,69.06999969482422,51933.0,0.0109434222632922
2020-01-07,68.2699966430664,68.73999786376953,67.6500015258789,68.58000183105469,41178.0,-0.0024871024374482
2020-01-08,65.44000244140625,71.98999786376953,64.94000244140625,68.47000122070312,85232.0,-0.0085210124243819
2020-01-09,65.37000274658203,66.08999633789062,64.55000305175781,65.79000091552734,50520.0,-0.0133719852257537
2020-01-10,64.9800033569336,65.66000366210938,64.86000061035156,65.41000366210938,46595.0,-0.0542129305867256
2020-01-13,64.19999694824219,65.25,63.91999816894531,65.18000030517578,35430.0,-0.0707981953517356
2020-01-14,64.48999786376953,65.04000091552734,63.90999984741211,64.22000122070312,34682.0,-0.0569602423614591
2020-01-15,64.0,64.61000061035156,63.54999923706055,64.45999908447266,34164.0,-0.0222506462423718
2020-01-16,64.62000274658203,64.95999908447266,63.91999816894531,64.30999755859375,38391.0,-0.0115394767406358
2020-01-17,64.8499984741211,65.13999938964844,64.48999786376953,64.75,35541.0,-0.0020026946688867
2020-01-20,64.8499984741211,65.13999938964844,64.48999786376953,64.75,35541.0,-0.0020026946688867
2020-01-21,64.58999633789062,66.0,64.05999755859375,65.4000015258789,50484.0,0.0060563801858574
2020-01-22,63.209999084472656,64.58999633789062,62.52999877929688,64.54000091552734,35127.0,-0.0200476378969906
2020-01-30,58.290000915527344,59.61000061035156,57.72999954223633,59.61000061035156,17435.0,-0.062348785301507
2020-01-31,58.15999984741211,59.52999877929688,57.97999954223633,59.06999969482422,68547.0,-0.0425810866181257
2020-02-03,54.45000076293945,56.7599983215332,54.06999969482422,55.84999847412109,66338.0,-0.08566364873445
2020-02-04,53.959999084472656,55.63999938964844,53.68999862670898,54.150001525878906,52393.0,-0.0979013230791977
2020-02-05,55.27999877929688,56.470001220703125,53.880001068115234,53.880001068115234,56117.0,-0.0787617366401279
2020-02-06,54.93000030517578,56.560001373291016,54.2400016784668,55.56999969482422,50605.0,-0.0593709148536298
2020-02-07,54.470001220703125,55.470001220703125,54.209999084472656,55.36000061035156,43796.0,-0.0655477167955343
2020-02-10,53.27000045776367,54.70000076293945,53.11000061035156,54.2400016784668,35920.0,-0.0219095338685321
2020-02-11,54.0099983215332,54.65999984741211,53.34999847412109,53.34999847412109,36294.0,0.0009261691550589
2020-02-12,55.790000915527344,56.29999923706055,54.18000030517578,54.18000030517578,43350.0,0.0091835008904473
2020-02-13,56.34000015258789,56.83000183105469,54.970001220703125,56.34000015258789,48775.0,0.0253451122463163
2020-02-14,57.31999969482422,57.52999877929688,56.15999984741211,56.400001525878906,41913.0,0.0509994838297582
2020-02-17,57.31999969482422,57.52999877929688,56.15999984741211,56.400001525878906,41913.0,0.0509994838297582
2020-02-18,57.75,57.81999969482422,56.290000915527344,57.34000015258789,47337.0,0.0807500198797218
2020-02-19,59.119998931884766,59.40999984741211,57.540000915527344,57.70000076293945,36217.0,0.0904000750452085
2020-02-20,59.310001373291016,60.02000045776367,58.900001525878906,59.34000015258789,34207.0,0.0611832907374169
2020-02-21,58.5,59.27000045776367,57.7400016784668,59.15999984741211,39006.0,0.0376219890812439
2020-02-24,56.29999923706055,58.119998931884766,55.13999938964844,58.02000045776367,28258.0,-0.0179550760415773
2020-02-25,54.95000076293945,56.970001220703125,54.61000061035156,56.220001220703125,27751.0,-0.0496996546680241
2020-02-26,53.43000030517578,55.43999862670898,53.040000915527344,55.08000183105469,26216.0,-0.101196866891671
2020-02-27,52.18000030517578,53.43999862670898,51.04999923706055,53.43999862670898,9616.0,-0.1280786634479923
2020-02-28,50.52000045776367,51.4900016784668,50.119998931884766,51.369998931884766,53362.0,-0.1466574476944819
2020-03-02,51.900001525878906,52.77999877929688,48.380001068115234,49.040000915527344,47286.0,-0.0813757020221153
2020-03-03,51.86000061035156,53.869998931884766,51.2400016784668,52.97999954223633,42862.0,-0.057875902854144
2020-03-04,51.130001068115234,53.02999877929688,51.040000915527344,51.72999954223633,39712.0,-0.0440009616992792
2020-03-05,49.9900016784668,52.0099983215332,49.70000076293945,51.650001525878906,39679.0,-0.0428762665555729
2020-03-06,45.27000045776367,50.43000030517578,45.15999984741211,50.119998931884766,69464.0,-0.1097247349836068
2020-03-09,34.36000061035156,39.2400016784668,31.25,39.2400016784668,76517.0,-0.4124257046927192
2020-03-10,37.220001220703125,38.209999084472656,33.439998626708984,33.459999084472656,67054.0,-0.3317015078686631
2020-03-11,35.790000915527344,39.619998931884766,35.36000061035156,37.79999923706055,60513.0,-0.3567028796236251
2020-03-12,33.220001220703125,36.52999877929688,32.47999954223633,36.130001068115234,67484.0,-0.4086708780703512
2020-03-13,33.849998474121094,35.9900016784668,32.16999816894531,32.86000061035156,50707.0,-0.2907056172791025
2020-03-16,30.049999237060547,34.54999923706055,29.34000015258789,34.459999084472656,43527.0,-0.1340304792872715
2020-03-17,28.729999542236328,31.21999931335449,28.459999084472656,29.700000762939453,32969.0,-0.2589044269531722
2020-03-18,24.8799991607666,29.190000534057617,24.51000022888184,28.65999984741211,47500.0,-0.3636043162187367
2020-03-19,28.46999931335449,29.3799991607666,24.979999542236328,26.440000534057617,41724.0,-0.154301263759445
2020-03-20,26.979999542236328,30.93000030517578,26.790000915527344,28.0,51866.0,-0.2268431204677879
2020-03-23,27.030000686645508,27.520000457763672,24.68000030517578,26.5,31642.0,-0.1059152499007708
2020-03-24,27.14999961853028,28.63999938964844,26.690000534057617,27.63999938964844,30946.0,-0.0565648247284052
2020-03-25,27.38999938964844,28.280000686645508,25.729999542236328,27.600000381469727,27352.0,0.0961137268515173
2020-03-26,26.34000015258789,27.670000076293945,26.040000915527344,27.59000015258789,26819.0,-0.077762175063588
2020-03-27,24.93000030517578,27.0,24.170000076293945,26.709999084472656,23547.0,-0.0790239240360582
2020-03-30,22.76000022888184,24.25,21.690000534057617,24.0,9112.0,-0.1719427663769954
2020-03-31,22.739999771118164,23.86000061035156,22.57999992370605,22.959999084472656,40694.0,-0.1772515540722685
2020-04-01,24.739999771118164,26.270000457763672,24.540000915527344,25.93000030517578,43466.0,-0.1017566032783965
2020-04-03,34.11000061035156,35.0,28.280000686645508,29.959999084472656,55373.0,0.3135187045474062
2020-04-06,33.04999923706055,34.22999954223633,30.549999237060547,31.25,36779.0,0.373016923898844
2020-04-07,31.8700008392334,34.18000030517578,31.729999542236328,33.310001373291016,36246.0,0.3375396765050407
2020-04-08,32.84000015258789,33.869998931884766,31.549999237060547,32.40999984741211,39293.0,0.283225931517778
2020-04-09,31.479999542236328,36.43000030517578,31.239999771118164,33.65999984741211,48214.0,0.0501570121787117
2020-04-10,31.479999542236328,36.43000030517578,31.239999771118164,33.65999984741211,48214.0,0.0501570121787117
2020-04-13,31.739999771118164,33.22999954223633,30.63999938964844,33.0,28098.0,-0.0720129064370645
2020-04-14,29.600000381469727,32.380001068115234,29.39999961853028,32.09000015258789,32146.0,-0.1102471689957886
2020-04-15,27.690000534057617,30.420000076293945,27.170000076293945,30.01000022888184,32129.0,-0.1405937982923748
2020-04-16,27.81999969482422,29.01000022888184,27.200000762939453,28.059999465942383,30922.0,-0.1658921137049884
2020-04-17,28.07999992370605,29.0,27.600000381469727,28.46999931335449,44417.0,-0.1142948325672002
2020-04-20,25.56999969482422,28.239999771118164,25.3799991607666,28.049999237060547,46467.0,-0.2161579305189351
2020-04-21,19.32999992370605,27.229999542236328,17.520000457763672,25.959999084472656,83111.0,-0.4261160849441851
2020-04-22,20.3700008392334,22.459999084472656,16.0,19.559999465942383,51051.0,-0.3070080850316984
2020-04-23,21.32999992370605,23.18000030517578,20.059999465942383,21.299999237060547,44993.0,-0.265640646619221
2020-04-24,21.440000534057617,22.670000076293945,20.51000022888184,21.790000915527344,36158.0,-0.2697992153285847
2020-04-27,19.989999771118164,21.90999984741211,19.11000061035156,21.299999237060547,25906.0,-0.2461876403056881
2020-04-28,20.459999084472656,21.270000457763672,18.729999542236328,20.170000076293945,21996.0,0.0568134265029771
2020-04-29,22.540000915527344,23.82999992370605,20.350000381469727,20.75,14425.0,0.1012282777913308
2020-05-04,27.200000762939453,28.07999992370605,25.479999542236328,26.209999084472656,30309.0,0.3079848642887038
2020-05-05,30.96999931335449,31.690000534057617,27.799999237060547,27.940000534057617,38518.0,0.4145472560375024
2020-05-06,29.71999931335449,32.4900016784668,28.670000076293945,31.8799991607666,37505.0,0.2765286475162147
2020-05-07,29.459999084472656,31.84000015258789,29.06999969482422,30.1200008392334,36701.0,0.1534154404425116
2020-05-08,30.96999931335449,31.1299991607666,29.39999961853028,29.43000030517578,20277.0,0.1581409366314636
2020-05-11,29.6299991607666,31.450000762939453,29.36000061035156,30.68000030517578,33638.0,0.0855703319105045
2020-05-12,29.979999542236328,30.68000030517578,29.450000762939453,30.06999969482422,25820.0,-0.0324884944083166
2020-05-13,29.190000534057617,30.540000915527344,28.8700008392334,29.46999931335449,25072.0,-0.0179939935838053
2020-05-14,31.1299991607666,31.489999771118164,28.89999961853028,29.38999938964844,25953.0,0.0551385775370049
2020-05-15,32.5,32.900001525878906,30.959999084472656,31.350000381469727,29410.0,0.048221117521892
2020-05-18,34.810001373291016,35.720001220703125,32.709999084472656,32.709999084472656,28869.0,0.1611174080126955
2020-05-19,34.650001525878906,35.86000061035156,34.20000076293945,35.439998626708984,24952.0,0.1447672922673373
2020-05-20,35.75,36.400001525878906,34.369998931884766,34.43000030517578,25571.0,0.2027240659780832
2020-05-21,36.060001373291016,36.97999954223633,35.709999084472656,35.79999923706055,29933.0,0.1470122983641455
2020-05-22,35.130001068115234,36.22999954223633,33.54999923706055,35.939998626708984,31482.0,0.07781540734669
2020-05-25,35.130001068115234,36.22999954223633,33.54999923706055,35.939998626708984,31482.0,0.07781540734669
2020-05-26,36.16999816894531,36.68000030517578,34.459999084472656,35.130001068115234,29328.0,0.0383252540660351
2020-05-27,34.7400016784668,36.18000030517578,34.0,36.09999847412109,16676.0,0.0025940394552436
2020-05-28,35.290000915527344,35.88999938964844,33.38999938964844,34.34000015258789,9367.0,-0.0129506055098701
2020-05-29,35.33000183105469,35.36000061035156,34.18000030517578,35.029998779296875,32101.0,-0.0204517426604263
2020-06-01,38.31999969482422,38.68000030517578,37.16999816894531,37.540000915527344,26475.0,0.0869164484564006
2020-06-02,39.56999969482422,39.790000915527344,38.34000015258789,38.47999954223633,27662.0,0.0898412523446003
2020-06-03,39.790000915527344,40.52999877929688,38.75,39.52000045776367,34099.0,0.1357238383197536
2020-06-04,39.9900016784668,40.09999847412109,39.060001373291016,39.380001068115234,22661.0,0.1250298012007425
2020-06-05,42.29999923706055,42.47999954223633,39.720001220703125,39.93000030517578,28827.0,0.1800545548175941
2020-06-08,40.79999923706055,43.43000030517578,40.68000030517578,42.40999984741211,28718.0,0.062710117571837
2020-06-09,41.18000030517578,41.43000030517578,39.84999847412109,40.95000076293945,26258.0,0.0398814613253889
2020-06-10,41.72999954223633,41.9900016784668,40.130001068115234,40.869998931884766,23565.0,0.0476046361859891
2020-06-11,38.54999923706055,41.310001373291016,37.83000183105469,41.310001373291016,36881.0,-0.0366733846124574
2020-06-12,38.72999954223633,39.43999862670898,37.0,38.380001068115234,29653.0,-0.088172586308534
2020-06-15,39.720001220703125,39.880001068115234,37.2400016784668,38.68999862670898,30674.0,-0.0268271928009409
2020-06-16,40.959999084472656,41.65999984741211,38.970001220703125,39.77000045776367,35087.0,-0.0053567506309096
2020-06-17,40.709999084472656,41.45000076293945,40.02999877929688,40.709999084472656,29078.0,-0.0247465436079234
2020-06-18,41.5099983215332,41.63999938964844,40.04999923706055,40.58000183105469,31042.0,0.0739782414112753
2020-06-19,42.18999862670898,42.93000030517578,41.0099983215332,41.41999816894531,34079.0,0.0855687118787878
2020-06-22,43.08000183105469,43.16999816894531,41.5099983215332,41.54999923706055,24433.0,0.0812040248820991
2020-06-23,42.630001068115234,43.93000030517578,42.209999084472656,43.16999816894531,27036.0,0.0399622974530912
2020-06-24,40.310001373291016,42.88999938964844,39.619998931884766,42.33000183105469,28537.0,-0.0098741288285631
2020-06-25,41.04999923706055,41.63999938964844,39.470001220703125,40.43000030517578,32530.0,-0.0111435043168839
2020-06-26,41.02000045776367,41.77999877929688,40.290000915527344,41.470001220703125,13481.0,-0.0281234297823337
2020-06-29,41.709999084472656,41.93999862670898,40.060001373291016,40.310001373291016,9783.0,-0.0323180085327524
2020-06-30,41.150001525878906,41.619998931884766,40.93999862670898,41.54999923706055,29381.0,-0.0353342916286264
2020-07-01,42.02999877929688,42.619998931884766,41.02999877929688,41.720001220703125,26731.0,0.0417840087760899
2020-07-02,43.13999938964844,43.220001220703125,41.75,42.02000045776367,21825.0,0.0496598095000285
2020-07-03,43.13999938964844,43.220001220703125,41.75,42.02000045776367,21825.0,0.0496598095000285
2020-07-06,43.09999847412109,43.709999084472656,42.75,42.75,28969.0,0.0494631979027199
2020-07-07,43.08000183105469,43.45000076293945,42.459999084472656,43.150001525878906,18827.0,0.0323180085327523
2020-07-08,43.290000915527344,43.459999084472656,42.77999877929688,42.959999084472656,19171.0,0.0506977183986166
2020-07-09,42.34999847412109,43.5,41.93000030517578,43.380001068115234,23249.0,0.0075847650944537
2020-07-10,43.2400016784668,43.40999984741211,41.31999969482422,42.400001525878906,24083.0,0.0023154047756112
2020-07-13,42.720001220703125,43.33000183105469,42.18999862670898,43.11000061035156,22911.0,-0.008855738480028
2020-07-14,42.900001525878906,43.20000076293945,41.79999923706055,42.31999969482422,21724.0,-0.004187033289534
2020-07-15,43.790000915527344,43.84000015258789,42.70000076293945,43.150001525878906,23596.0,0.0114838191179391
2020-07-16,43.369998931884766,43.810001373291016,43.13999938964844,43.63999938964844,20484.0,0.0237995481514363
2020-07-17,43.13999938964844,43.459999084472656,42.630001068115234,43.34000015258789,21774.0,-0.0023154047756112
2020-07-20,43.27999877929688,43.43000030517578,42.369998931884766,43.09000015258789,18019.0,0.0130233831069898
2020-07-21,44.31999969482422,44.880001068115234,43.119998931884766,43.18000030517578,24167.0,0.0325641740510496
2020-07-22,44.290000915527344,44.400001525878906,43.619998931884766,43.900001525878906,19676.0,0.0113534368857734
2020-07-23,43.310001373291016,44.77000045776367,43.130001068115234,44.34999847412109,25759.0,-0.0013843462843608
2020-07-24,43.34000015258789,43.900001525878906,42.79999923706055,43.36000061035156,21918.0,0.0046253728160786
2020-07-27,43.40999984741211,43.77000045776367,42.380001068115234,43.400001525878906,22507.0,0.0029992194630219
2020-07-28,43.220001220703125,43.81999969482422,43.0099983215332,43.619998931884766,17828.0,-0.0251326562306127
2020-07-29,43.75,43.93999862670898,43.20000076293945,43.29999923706055,10911.0,-0.0122673258026808
2020-07-30,42.93999862670898,43.81999969482422,41.380001068115234,43.79999923706055,8373.0,-0.0085798264659312
2020-07-31,43.29999923706055,43.52000045776367,43.06999969482422,43.31999969482422,23641.0,-0.0009233822403351
2020-08-03,44.150001525878906,44.45000076293945,42.88999938964844,43.54999923706055,26883.0,0.01690313581475
2020-08-04,44.43000030517578,44.81999969482422,43.2400016784668,43.90999984741211,27305.0,0.027611544493824
2020-08-05,45.16999816894531,46.2400016784668,44.25,44.400001525878906,29337.0,0.031941496325924
2020-08-06,45.09000015258789,45.709999084472656,44.84999847412109,45.2400016784668,23131.0,0.0488567353480583
2020-08-07,44.400001525878906,45.25,44.2599983215332,45.119998931884766,20363.0,0.0250868864162252
2020-08-10,44.9900016784668,45.2599983215332,44.400001525878906,44.61000061035156,13672.0,0.0188473185494207
2020-08-11,44.5,45.77999877929688,44.40999984741211,44.9900016784668,19786.0,0.00157426535569
2020-08-12,45.43000030517578,45.619998931884766,44.5099983215332,44.58000183105469,16995.0,0.005739577359259
2020-08-13,44.959999084472656,45.58000183105469,44.81999969482422,45.43000030517578,13877.0,-0.0028873105947839
2020-08-14,44.79999923706055,45.41999816894531,44.47999954223633,45.04999923706055,16681.0,0.0089686185862202
2020-08-17,45.369998931884766,45.41999816894531,44.5,44.959999084472656,19441.0,0.0084107899729154
2020-08-18,45.459999084472656,45.540000915527344,44.77000045776367,45.380001068115234,18063.0,0.0213436091130174
2020-08-19,45.369998931884766,45.4900016784668,44.810001373291016,45.040000915527344,18063.0,-0.0013216163552581
2020-08-20,44.900001525878906,45.27000045776367,44.0099983215332,45.27000045776367,24042.0,-0.0013353564901347
2020-08-21,44.34999847412109,45.119998931884766,43.59999847412109,44.90999984741211,25495.0,-0.0100954480408399
2020-08-24,45.130001068115234,45.16999816894531,44.27999877929688,44.41999816894531,21033.0,-0.0053038326271176
2020-08-25,45.86000061035156,46.040000915527344,44.9900016784668,44.9900016784668,23808.0,0.0087604924535642
2020-08-26,45.63999938964844,46.09000015258789,45.54999923706055,45.97999954223633,16657.0,0.0059334414871546
2020-08-27,45.09000015258789,45.81999969482422,44.560001373291016,45.619998931884766,10776.0,0.0042226670849185
2020-08-28,45.04999923706055,45.290000915527344,44.81999969482422,45.04999923706055,21040.0,0.0156602927687529
2020-08-31,45.27999877929688,46.5099983215332,45.220001220703125,45.709999084472656,18967.0,0.0033181694295051
2020-09-01,45.58000183105469,46.220001220703125,45.470001220703125,45.56999969482422,19914.0,-0.0061242267489113
2020-09-03,44.06999969482422,44.61000061035156,43.15999984741211,44.369998931884766,30615.0,-0.0228812238879675
2020-09-04,42.65999984741211,44.540000915527344,42.29999923706055,43.869998931884766,32210.0,-0.0545112576525869
2020-09-07,42.65999984741211,44.540000915527344,42.29999923706055,43.869998931884766,32210.0,-0.0545112576525869
2020-09-08,39.77999877929688,42.45000076293945,39.29999923706055,42.220001220703125,52172.0,-0.1295011641964632
2020-09-09,40.790000915527344,41.20000076293945,39.27999877929688,39.79999923706055,30286.0,-0.1110320882155012
2020-09-10,40.060001373291016,40.95000076293945,39.720001220703125,40.63999938964844,24171.0,-0.1035365592979788
2020-09-11,39.83000183105469,40.34999847412109,39.380001068115234,39.95000076293945,24576.0,-0.1011588287638001
2020-09-14,39.61000061035156,40.09000015258789,39.310001373291016,39.77000045776367,22118.0,-0.0741800824235147
2020-09-15,40.52999877929688,40.81999969482422,39.38999938964844,39.65999984741211,25333.0,0.0186781677822362
2020-09-16,42.220001220703125,42.43999862670898,40.58000183105469,40.75,29327.0,0.0344570955587219
2020-09-17,43.29999923706055,43.5099983215332,41.52000045776367,42.2599983215332,27245.0,0.0777742528700695
2020-09-18,43.150001525878906,43.810001373291016,42.52999877929688,43.2599983215332,26032.0,0.0800620097263368
2020-09-21,41.43999862670898,43.27999877929688,40.97999954223633,43.02000045776367,24298.0,0.0451649377691127
2020-09-22,41.720001220703125,42.18999862670898,41.209999084472656,41.790000915527344,19914.0,0.0289382488702852
2020-09-23,41.77000045776367,42.63999938964844,41.25,41.7400016784668,23779.0,-0.0107156818648522
2020-09-24,41.93999862670898,42.02000045776367,41.119998931884766,41.5,21940.0,-0.0319126246590045
2020-09-25,41.91999816894531,42.33000183105469,41.52999877929688,41.93000030517578,17141.0,-0.0289194565585896
2020-09-28,42.43000030517578,42.619998931884766,41.47999954223633,41.84999847412109,11999.0,0.0236091015947214
2020-09-29,41.02999877929688,42.52000045776367,40.43999862670898,42.43000030517578,8209.0,-0.0166771826893772
2020-09-30,40.95000076293945,40.970001220703125,40.41999816894531,40.75,35524.0,-0.019826560538155
2020-10-01,40.93000030517578,42.560001373291016,39.91999816894531,42.02000045776367,36595.0,-0.0243766947692374
2020-10-02,39.27000045776367,40.81999969482422,38.790000915527344,40.790000915527344,37290.0,-0.0653021160862989
2020-10-05,41.290000915527344,41.77999877929688,39.209999084472656,39.220001220703125,30456.0,-0.0272353043355868
2020-10-06,42.650001525878906,42.84000015258789,41.220001220703125,41.52000045776367,37426.0,0.0387238330118327
2020-10-07,41.9900016784668,42.41999816894531,41.36000061035156,41.93999862670898,30170.0,0.0250797057390352
2020-10-08,43.34000015258789,43.470001220703125,41.86000061035156,42.060001373291016,33351.0,0.0572127016685771
2020-10-09,42.84999847412109,43.560001373291016,42.61000061035156,43.40999984741211,26041.0,0.0872447291872647
2020-10-12,41.720001220703125,42.810001373291016,41.34999847412109,42.68999862670898,24754.0,0.0103602973208945
2020-10-13,42.45000076293945,42.66999816894531,41.650001525878906,41.83000183105469,22528.0,-0.0047003789844326
2020-10-14,43.31999969482422,43.43000030517578,42.130001068115234,42.41999816894531,28837.0,0.0311828804189905
2020-10-15,43.15999984741211,43.59999847412109,41.560001373291016,43.40999984741211,40144.0,-0.004161862774397
2020-10-16,42.93000030517578,43.20000076293945,42.27000045776367,43.040000915527344,24159.0,0.0018652799111407
2020-10-19,42.619998931884766,43.220001220703125,42.369998931884766,42.7400016784668,26265.0,0.0213429422171149
2020-10-20,43.15999984741211,43.310001373291016,42.18999862670898,42.43000030517578,31677.0,0.0165872061245161
2020-10-21,41.72999954223633,43.040000915527344,41.459999084472656,42.81999969482422,31681.0,-0.0373941314542973
2020-10-22,42.459999084472656,42.790000915527344,41.470001220703125,41.720001220703125,30590.0,-0.016351702141537
2020-10-23,41.77000045776367,42.79999923706055,41.5,42.43999862670898,26207.0,-0.0273924998769193
2020-10-26,40.459999084472656,41.630001068115234,40.220001220703125,41.630001068115234,28463.0,-0.052009792497472
2020-10-27,41.20000076293945,41.470001220703125,40.400001525878906,40.52000045776367,26720.0,-0.0464758619811048
2020-10-28,39.119998931884766,40.709999084472656,38.7400016784668,40.709999084472656,21228.0,-0.0645864657707499
2020-10-29,37.650001525878906,39.5,36.68000030517578,39.31999969482422,14205.0,-0.1202294399391022
2020-10-30,37.459999084472656,38.02000045776367,37.0,37.619998931884766,43651.0,-0.1089047168924232
2020-11-02,38.970001220703125,39.34000015258789,35.72999954223633,37.41999816894531,40454.0,-0.037521658436844
2020-11-03,39.709999084472656,40.43999862670898,38.650001525878906,39.220001220703125,39534.0,-0.0368352527856033
2020-11-04,41.22999954223633,41.34000015258789,39.40999984741211,40.150001525878906,39329.0,0.0525323177530673
2020-11-05,40.93000030517578,41.52000045776367,40.34000015258789,41.16999816894531,30961.0,0.0835303031864592
2020-11-06,39.45000076293945,40.77999877929688,39.33000183105469,40.77000045776367,33078.0,0.0517603940554759
2020-11-09,42.400001525878906,43.4900016784668,39.61000061035156,39.70000076293945,55156.0,0.0843562475508284
2020-11-10,43.61000061035156,44.06999969482422,41.54999923706055,42.130001068115234,41973.0,0.0936834737625289
2020-11-11,43.79999923706055,45.310001373291016,43.61000061035156,43.959999084472656,43047.0,0.0604676643475669
2020-11-12,43.52999877929688,44.47999954223633,43.27999877929688,43.77999877929688,36578.0,0.0615870295610518
2020-11-13,42.77999877929688,43.34000015258789,42.630001068115234,43.33000183105469,34737.0,0.0810366084885383
2020-11-16,43.81999969482422,44.68000030517578,42.63999938964844,42.72999954223633,37770.0,0.0329419289773953
2020-11-17,43.75,44.22999954223633,43.08000183105469,43.900001525878906,27858.0,0.0032051169532695
2020-11-18,44.34000015258789,44.880001068115234,43.4900016784668,43.77999877929688,28668.0,0.0122534076657888
2020-11-19,44.20000076293945,44.58000183105469,43.790000915527344,44.15999984741211,25836.0,0.0152744788233208
2020-11-20,44.959999084472656,45.18999862670898,44.0,44.220001220703125,24489.0,0.0497025101024584
2020-11-23,46.060001373291016,46.119998931884766,44.900001525878906,45.130001068115234,35378.0,0.0498545970047849
2020-11-24,47.86000061035156,48.02999877929688,45.84000015258789,45.84000015258789,31692.0,0.0897884824294571
2020-11-25,48.61000061035156,49.04999923706055,47.59999847412109,47.86000061035156,24897.0,0.0919420759839746
2020-11-26,48.61000061035156,49.04999923706055,47.59999847412109,47.86000061035156,24897.0,0.0919420759839746
2020-11-27,48.18000030517578,49.06999969482422,47.36000061035156,48.900001525878906,12454.0,0.0862191971760753
2020-11-30,47.59000015258789,47.95000076293945,46.84999847412109,47.75,37651.0,0.0568494731170379
2020-12-01,47.41999816894531,48.29999923706055,46.88999938964844,47.70000076293945,31987.0,0.0290991178159038
2020-12-02,48.25,48.75,46.77000045776367,47.13999938964844,35514.0,0.0081157325519144
2020-12-03,48.709999084472656,48.93000030517578,47.68000030517578,48.08000183105469,36526.0,0.0020550454095264
2020-12-04,49.25,49.86000061035156,48.77000045776367,48.81999969482422,31658.0,0.0219653640972966
2020-12-07,48.790000915527344,49.43000030517578,48.38999938964844,49.22999954223633,23896.0,0.0249027342530763
2020-12-08,48.84000015258789,49.0,48.11000061035156,48.68000030517578,27102.0,0.0295056103430384
2020-12-09,48.86000061035156,49.540000915527344,48.380001068115234,48.83000183105469,36534.0,0.0125632505364446
2020-12-10,50.25,51.06999969482422,48.86000061035156,48.97999954223633,30919.0,0.0311262179162039
2020-12-11,49.970001220703125,50.7400016784668,49.75,50.34000015258789,25222.0,0.0145134821667352
2020-12-14,50.290000915527344,50.79999923706055,49.18000030517578,50.060001373291016,28782.0,0.0302808757964343
2020-12-15,50.7599983215332,50.880001068115234,49.790000915527344,50.33000183105469,24071.0,0.0385589574127205
2020-12-16,51.08000183105469,51.20000076293945,50.36000061035156,50.720001220703125,25996.0,0.0444339886897011
2020-12-17,51.5,51.880001068115234,51.0099983215332,51.08000183105469,24947.0,0.0245712607305053
2020-12-18,52.2599983215332,52.470001220703125,51.13999938964844,51.45000076293945,24749.0,0.0448083781900132
2020-12-21,50.90999984741211,52.34000015258789,49.209999084472656,52.310001373291016,33507.0,0.0122530965282047
2020-12-22,50.08000183105469,50.93000030517578,49.560001373291016,50.900001525878906,22381.0,-0.0134868464250285
2020-12-23,51.20000076293945,51.59000015258789,49.18000030517578,49.79999923706055,18879.0,0.0023464799354824
2020-12-24,51.290000915527344,51.7599983215332,50.63999938964844,51.09999847412109,11666.0,-0.0040859884184971
2020-12-25,51.290000915527344,51.7599983215332,50.63999938964844,51.09999847412109,11666.0,-0.0040859884184971
2020-12-28,50.86000061035156,52.02000045776367,50.52000045776367,51.20000076293945,9704.0,-0.0271544559802523
2020-12-29,51.09000015258789,51.630001068115234,50.869998931884766,51.060001373291016,5788.0,0.0035294214123194
2020-12-30,51.34000015258789,51.52000045776367,51.04999923706055,51.04999923706055,23958.0,0.0248484150606638
2020-12-31,51.79999923706055,51.90999984741211,50.900001525878906,51.5099983215332,18326.0,0.0116505875902532
2021-01-04,51.09000015258789,53.31999969482422,50.58000183105469,51.65999984741211,50232.0,-0.0039070329218378
2021-01-05,53.59999847412109,53.880001068115234,50.619998931884766,50.7400016784668,62791.0,0.0524722676142717
2021-01-06,54.29999923706055,54.720001220703125,53.150001525878906,53.59000015258789,49186.0,0.0609354265600838
2021-01-07,54.380001068115234,54.900001525878906,53.93999862670898,54.13999938964844,30800.0,0.0575262804309171
2021-01-08,55.9900016784668,56.29999923706055,54.36000061035156,54.459999084472656,37597.0,0.0777829988018996
2021-01-11,55.65999984741211,56.27999877929688,54.97999954223633,56.209999084472656,33199.0,0.085672967026961
2021-01-12,56.58000183105469,56.77999877929688,55.52999877929688,55.560001373291016,27874.0,0.0541065586267798
2021-01-13,56.060001373291016,57.41999816894531,55.77999877929688,56.72999954223633,32953.0,0.0318983573440098
2021-01-14,56.41999816894531,56.540000915527344,55.2400016784668,55.93999862670898,33446.0,0.0368272142738326
2021-01-15,55.09999847412109,56.63999938964844,54.650001525878906,56.43000030517578,30604.0,-0.0160234448728098
2021-01-18,55.09999847412109,56.63999938964844,54.650001525878906,56.43000030517578,30604.0,-0.0160234448728098
2021-01-19,55.900001525878906,56.08000183105469,54.5,54.7400016784668,36910.0,0.004302654101318
2021-01-20,56.08000183105469,56.619998931884766,55.650001525878906,55.900001525878906,33793.0,-0.0088763228585502
2021-01-21,56.09999847412109,56.2400016784668,55.5099983215332,55.77999877929688,22792.0,0.0007132150959335
2021-01-22,55.40999984741211,56.16999816894531,54.4900016784668,56.150001525878906,33071.0,-0.0180635929943882
2021-01-25,55.880001068115234,56.02000045776367,55.09000015258789,55.20000076293945,24457.0,0.0140568650372406
2021-01-26,55.90999984741211,56.34000015258789,55.400001525878906,55.97999954223633,19102.0,0.0001788448517494
2021-01-27,55.810001373291016,56.47999954223633,55.20000076293945,56.08000183105469,20094.0,-0.0048261859702131
2021-01-28,55.52999877929688,56.59000015258789,55.220001220703125,55.66999816894531,6141.0,-0.0102123920586352
2021-01-29,55.880001068115234,56.34999847412109,55.43000030517578,55.52000045776367,37454.0,0.0084464733777454
2021-02-01,56.34999847412109,56.52999877929688,54.619998931884766,54.900001525878906,34234.0,0.0083756599039817
2021-02-02,57.459999084472656,58.04999923706055,56.220001220703125,56.290000915527344,34815.0,0.0273457853084605
2021-02-03,58.459999084472656,58.93999862670898,57.52999877929688,57.790000915527344,34146.0,0.0463896546154692
2021-02-04,58.84000015258789,59.04999923706055,58.060001373291016,58.66999816894531,24732.0,0.0578985050557574
2021-02-05,59.34000015258789,59.790000915527344,59.08000183105469,59.09999847412109,23510.0,0.0600770639308861
2021-02-08,60.560001373291016,60.70000076293945,59.54999923706055,59.560001373291016,21098.0,0.0720524183985404
2021-02-09,61.09000015258789,61.27000045776367,60.040000915527344,60.63999938964844,31230.0,0.0612591515415864
2021-02-17,64.33999633789062,64.94999694824219,62.75,63.54999923706055,47339.0,0.0518332757333658
2021-02-18,63.93000030517578,65.48999786376953,63.22999954223633,64.87000274658203,43309.0,0.0392394687747918
2021-02-19,62.90999984741211,63.93000030517578,62.11000061035156,63.650001525878906,54254.0,0.0285388246766066
2021-02-22,65.23999786376953,65.83999633789062,62.59000015258789,62.72999954223633,32173.0,0.0440268110466899
2021-02-23,65.37000274658203,66.79000091552734,64.4800033569336,65.66000366210938,34643.0,0.0313885969599165
2021-02-24,67.04000091552734,67.29000091552734,64.80000305175781,65.2300033569336,27000.0,0.0411080049374646
2021-02-25,66.87999725341797,67.69999694824219,66.48999786376953,67.33999633789062,11746.0,0.0451111881569021
2021-02-26,66.12999725341797,66.87999725341797,65.69999694824219,66.70999908447266,42394.0,0.0499173289970551
2021-03-01,63.68999862670898,65.91000366210938,63.18000030517578,64.70999908447266,33869.0,-0.0240452021874695
2021-03-02,62.70000076293945,64.12999725341797,62.369998931884766,63.38999938964844,37996.0,-0.0417020198336095
2021-03-03,64.06999969482422,64.69999694824219,62.34000015258789,62.470001220703125,35401.0,-0.0453132389424933
2021-03-04,66.73999786376953,67.7300033569336,63.36000061035156,63.93999862670898,67790.0,-0.0020954863941507
2021-03-05,69.36000061035156,69.69000244140625,66.66000366210938,67.26000213623047,40754.0,0.047687881118551
2021-03-08,68.23999786376953,71.36000061035156,67.80999755859375,69.9000015258789,37511.0,0.0690033290575958
2021-03-09,67.5199966430664,69.31999969482422,67.13999938964844,68.0999984741211,30989.0,0.0740623407631137
2021-03-10,67.9000015258789,68.43000030517578,66.5199966430664,67.33000183105469,37089.0,0.0580598261493253
2021-03-11,69.62999725341797,69.83000183105469,68.0,68.26000213623047,30629.0,0.0423910281940919
2021-03-12,69.22000122070312,69.9000015258789,69.02999877929688,69.58999633789062,27364.0,-0.0020204854297296
2021-03-15,68.87999725341797,70.0199966430664,67.83000183105469,69.12000274658203,30212.0,0.009334948365834
2021-03-16,68.38999938964844,68.95999908447266,67.36000061035156,68.86000061035156,27321.0,0.0128028056153493
2021-03-17,68.0,68.87999725341797,66.95999908447266,68.38999938964844,37607.0,0.0014716481390131
2021-03-18,63.27999877929688,68.1500015258789,61.41999816894531,67.93000030517578,61688.0,-0.0956261653401776
2021-03-19,64.52999877929688,64.9000015258789,62.08000183105469,62.83000183105469,54241.0,-0.0701596428114028
2021-03-22,64.62000274658203,65.06999969482422,63.45000076293945,64.66000366210938,29644.0,-0.0638418173446483
2021-03-23,60.790000915527344,64.33999633789062,60.2599983215332,64.30999755859375,43200.0,-0.1178012893643078
2021-03-24,64.41000366210938,64.55999755859375,60.34000015258789,60.34999847412109,36451.0,-0.0542387477610851
2021-03-25,61.95000076293945,64.1500015258789,60.97999954223633,64.1500015258789,27894.0,-0.0212416837783356
2021-03-26,64.56999969482422,64.87999725341797,61.7400016784668,61.7400016784668,23364.0,0.0006196888811804
2021-03-29,64.9800033569336,65.44999694824219,63.13999938964844,64.04000091552734,18231.0,0.0055555790020388
2021-03-30,64.13999938964844,65.6500015258789,63.63999938964844,65.30999755859375,4695.0,0.053642867927958
2021-03-31,63.540000915527344,64.69000244140625,63.540000915527344,64.4800033569336,38444.0,-0.0135993141649744
2021-04-01,64.86000061035156,65.16000366210938,62.369998931884766,62.9900016784668,66715.0,0.0459034898989059
2021-04-02,64.86000061035156,65.16000366210938,62.369998931884766,62.9900016784668,66715.0,0.0459034898989059
2021-04-05,62.150001525878906,64.80999755859375,61.2400016784668,64.80999755859375,37285.0,-0.0381990594038264
2021-04-06,62.7400016784668,64.2699966430664,62.08000183105469,62.29999923706055,44319.0,-0.0350803523867108
2021-04-07,63.15999984741211,63.52000045776367,61.59999847412109,62.68000030517578,42225.0,-0.0153969977775347
2021-04-08,63.20000076293945,63.41999816894531,62.380001068115234,62.97999954223633,32283.0,-0.0053653300254086
2021-04-09,62.95000076293945,63.459999084472656,62.56999969482422,63.290000915527344,29073.0,-0.0298903376793392
2021-04-12,63.27999877929688,64.30999755859375,62.40999984741211,63.02000045776367,36366.0,0.0180184616606229
2021-04-13,63.66999816894531,64.18000030517578,63.22999954223633,63.2400016784668,26957.0,0.014714235755148
2021-04-14,66.58000183105469,66.9000015258789,63.88999938964844,64.01000213623047,35988.0,0.0527330726769039
2021-04-15,66.94000244140625,67.02999877929688,65.95999908447266,66.3499984741211,23442.0,0.0574924190301017
2021-04-16,66.7699966430664,67.37999725341797,66.44999694824219,66.86000061035156,24035.0,0.0589130549835751
2021-04-19,67.05000305175781,67.2300033569336,66.19000244140625,66.69000244140625,19740.0,0.0578693510734505
2021-04-20,66.56999969482422,68.08000183105469,65.5,67.12000274658203,40194.0,0.0445405557579102
2021-04-22,65.4000015258789,65.83999633789062,64.58000183105469,65.11000061035156,26722.0,-0.0232744504601057
2021-04-23,66.11000061035156,66.30999755859375,65.16999816894531,65.62000274658203,22397.0,-0.0099337970158497
2021-04-26,65.6500015258789,66.25,64.56999969482422,66.0199966430664,27250.0,-0.0211010312509057
2021-04-27,66.41999816894531,66.80000305175781,65.69999694824219,65.7699966430664,33604.0,-0.0022558326475493
2021-04-28,67.2699966430664,67.86000061035156,66.16000366210938,66.66000366210938,24119.0,0.0294160587048727
2021-04-29,68.55999755859375,68.94999694824219,67.04000091552734,67.04000091552734,10592.0,0.0471869568851131
2021-05-04,68.87999725341797,69.43000030517578,67.37999725341797,67.6500015258789,27613.0,0.0363676318638113
2021-05-05,68.95999908447266,69.95999908447266,68.33999633789062,69.5,32004.0,0.024812290944103
2021-05-06,68.08999633789062,69.37000274658203,67.93000030517578,68.56999969482422,25171.0,-0.0068789329682395
2021-05-07,68.27999877929688,68.61000061035156,67.37999725341797,68.29000091552734,29163.0,0.0151998615663895
2021-05-10,68.31999969482422,70.26000213623047,67.41000366210938,68.62000274658203,31833.0,0.0111864892107168
2021-05-11,68.55000305175781,68.75,67.12999725341797,68.23999786376953,40504.0,-0.0048023697175543
2021-05-12,69.31999969482422,69.9000015258789,68.19000244140625,68.72000122070312,31702.0,0.0052068473657559
2021-05-13,67.05000305175781,69.0199966430664,66.47000122070312,69.0199966430664,38726.0,-0.0153916504691636
2021-05-14,68.70999908447266,68.86000061035156,66.5,67.01000213623047,31042.0,0.0062778556701326
2021-05-17,69.45999908447266,69.62999725341797,68.19999694824219,68.86000061035156,26662.0,0.0165484891218308
2021-05-18,68.70999908447266,70.23999786376953,67.27999877929688,69.52999877929688,43138.0,0.0023312851914347
2021-05-19,66.66000366210938,68.5999984741211,65.29000091552734,68.58000183105469,42607.0,-0.0391283326282585
2021-05-20,65.11000061035156,67.1500015258789,64.79000091552734,66.7300033569336,35448.0,-0.0293604986194136
2021-05-21,66.44000244140625,66.94000244140625,64.55999755859375,65.04000091552734,33829.0,-0.0335954142273469
2021-05-24,68.45999908447266,68.63999938964844,66.47000122070312,66.63999938964844,29400.0,-0.0145014144064192
2021-05-25,68.6500015258789,68.88999938964844,67.83999633789062,68.38999938964844,20377.0,-0.0008735812775585
2021-05-26,68.87000274658203,69.16000366210938,68.02999877929688,68.62999725341797,21097.0,0.0326155816205538
2021-05-27,69.45999908447266,69.51000213623047,68.11000061035156,68.87999725341797,6546.0,0.0646728775123557
2021-05-28,69.62999725341797,69.83000183105469,69.41999816894531,69.62000274658203,31275.0,0.0468961480179477
2021-05-31,69.62999725341797,69.83000183105469,69.41999816894531,69.62000274658203,31275.0,0.0468961480179477
2021-06-01,70.25,71.3499984741211,68.7699966430664,69.02999877929688,39925.0,0.0258106884849877
2021-06-02,71.3499984741211,71.48999786376953,70.37000274658203,70.55999755859375,22202.0,0.0385761680961038
2021-06-03,71.30999755859375,71.9800033569336,70.66000366210938,71.2699966430664,25178.0,0.0348158263664112
2021-06-04,71.88999938964844,72.16999816894531,70.76000213623047,71.3499984741211,24006.0,0.0343861303704175
2021-06-07,71.48999786376953,72.26000213623047,71.0999984741211,71.69999694824219,21019.0,0.0263620803881601
2021-06-08,72.22000122070312,72.41000366210938,70.72000122070312,71.38999938964844,29742.0,0.0276567245380196
2021-06-09,72.22000122070312,72.87999725341797,71.81999969482422,72.13999938964844,31013.0,0.0121197102148588
2021-06-10,72.5199966430664,72.91999816894531,70.94999694824219,72.08999633789062,37080.0,0.0168258037931949
2021-06-11,72.69000244140625,73.08000183105469,71.87999725341797,72.38999938964844,36538.0,0.0110666925773884
2021-06-14,72.86000061035156,73.63999938964844,72.48999786376953,72.48999786376953,25816.0,0.018982250060232
2021-06-15,73.98999786376953,74.33000183105469,72.77999877929688,73.0999984741211,32191.0,0.0242128873137033
2021-06-16,74.38999938964844,74.95999908447266,73.88999938964844,74.30000305175781,42294.0,0.0296044832466222
2021-06-17,73.08000183105469,74.48999786376953,72.0,73.9800033569336,42085.0,0.0076924169684019
2021-06-18,73.51000213623047,73.75,72.18000030517578,73.06999969482422,26417.0,0.0112176233633096
2021-06-21,74.9000015258789,74.94999694824219,72.9800033569336,73.33000183105469,38734.0,0.027614110937925
2021-06-22,74.80999755859375,75.29000091552734,74.33999633789062,74.80999755859375,39381.0,0.0110216131839767
2021-06-23,75.19000244140625,76.0,74.7300033569336,74.76000213623047,32883.0,0.0106967598612642
2021-06-24,75.55999755859375,75.7699966430664,74.5199966430664,75.37000274658203,26664.0,0.0333722537571906
2021-06-25,76.18000030517578,76.20999908447266,74.94999694824219,75.61000061035156,31417.0,0.0356774846100388
2021-06-28,74.68000030517578,76.58999633789062,74.5199966430664,76.16000366210938,27711.0,-0.0029415881354207
2021-06-29,74.76000213623047,75.51000213623047,73.91000366210938,74.5999984741211,4089.0,-0.0006685220876819
2021-06-30,75.12999725341797,75.5999984741211,74.54000091552734,75.13999938964844,33596.0,-0.0007983660364199
2021-07-01,75.83999633789062,76.75,74.55000305175781,74.69999694824219,52210.0,0.0036987993369788
2021-07-02,76.16999816894531,76.43000030517578,75.2300033569336,75.58999633789062,31167.0,-0.0001313047107977
2021-07-05,76.16999816894531,76.43000030517578,75.2300033569336,75.58999633789062,31167.0,-0.0001313047107977
2021-07-06,74.52999877929688,77.83000183105469,74.12000274658203,76.08999633789062,58679.0,-0.0020106102450468
2021-07-07,73.43000030517578,75.98999786376953,72.58999633789062,74.95999908447266,51166.0,-0.0179504355423444
2021-07-08,74.12000274658203,74.38999938964844,72.0999984741211,73.47000122070312,42366.0,-0.0135344713503004
2021-07-09,75.55000305175781,75.79000091552734,73.81999969482422,74.36000061035156,31967.0,-0.0038310805468279
2021-07-12,75.16000366210938,75.83999633789062,74.23999786376953,75.63999938964844,32255.0,-0.0133484370761996
2021-07-13,76.48999786376953,76.61000061035156,74.95999908447266,75.2300033569336,32219.0,0.0259582728906212
2021-07-14,74.76000213623047,76.70999908447266,73.76000213623047,76.4000015258789,49772.0,0.0179504355423443
2021-07-15,73.47000122070312,74.63999938964844,73.16000366210938,74.55000305175781,41748.0,-0.0088082622258677
2021-07-16,73.58999633789062,74.06999969482422,72.33999633789062,73.26000213623047,33536.0,-0.0262856319378059
2021-07-19,68.62000274658203,73.29000091552734,67.8499984741211,73.0,58659.0,-0.091035145813171
2021-07-20,69.3499984741211,69.7300033569336,67.41999816894531,68.76000213623047,43067.0,-0.0979938606472816
2021-07-21,72.2300033569336,72.36000061035156,68.63999938964844,68.73999786376953,43341.0,-0.0344274926235047
2021-07-22,73.79000091552734,73.9000015258789,71.75,72.0999984741211,34425.0,0.0043460572303025
2021-07-23,74.0999984741211,74.20999908447266,73.33000183105469,73.70999908447266,23724.0,0.0069064145350588
2021-07-26,74.5,74.83000183105469,72.75,74.16999816894531,31628.0,0.0822150479292414
2021-07-27,74.4800033569336,75.05000305175781,74.0199966430664,74.79000091552734,26028.0,0.071364553282161
2021-07-28,74.73999786376953,75.30999755859375,74.44000244140625,74.66000366210938,20863.0,0.0341598769368113
2021-07-29,76.05000305175781,76.13999938964844,74.62999725341797,74.80999755859375,9158.0,0.030167825356133
2021-07-30,76.33000183105469,76.38999938964844,75.51000213623047,75.80000305175781,27919.0,0.0296505580891591
2021-08-02,72.88999938964844,75.33000183105469,72.30999755859375,75.18000030517578,38106.0,-0.0218476783649903
2021-08-03,72.41000366210938,73.52999877929688,71.04000091552734,73.2300033569336,41458.0,-0.0281862160650578
2021-08-04,70.37999725341797,72.81999969482422,70.12000274658203,72.33000183105469,44616.0,-0.0601063026067773
2021-08-05,71.29000091552734,71.5,69.75,70.25,32444.0,-0.0646349808617749
2021-08-06,70.69999694824219,72.43000030517578,70.27999877929688,71.26000213623047,35762.0,-0.0766205400614073
2021-08-09,69.04000091552734,70.05999755859375,67.61000061035156,70.05999755859375,42738.0,-0.0542653869845263
2021-08-10,70.62999725341797,71.2300033569336,68.97000122070312,69.29000091552734,30525.0,-0.0248895174414377
2021-08-11,71.44000244140625,71.62999725341797,69.06999969482422,70.91000366210938,34214.0,0.0149488778740603
2021-08-12,71.30999755859375,71.88999938964844,70.68000030517578,71.58000183105469,22952.0,0.0002804578318577
2021-08-13,70.58999633789062,71.38999938964844,70.0,71.12000274658203,26874.0,-0.0015570902088412
2021-08-16,69.51000213623047,70.4000015258789,68.13999938964844,70.22000122070312,33537.0,0.0067845978091038
2021-08-17,69.02999877929688,70.01000213623047,68.81999969482422,69.6500015258789,29163.0,-0.0229137695022031
2021-08-18,68.2300033569336,70.04000091552734,67.22000122070312,69.01000213623047,34264.0,-0.0459735707148738
2021-08-19,66.44999694824219,67.6500015258789,65.55999755859375,67.41999816894531,35816.0,-0.0705867965700637
2021-08-20,65.18000030517578,66.91999816894531,64.80000305175781,66.5999984741211,27104.0,-0.0797357614373317
2021-08-23,68.75,68.91000366210938,64.83000183105469,65.18000030517578,29582.0,-0.0109939212984204
2021-08-24,71.05000305175781,71.30000305175781,68.5199966430664,68.68000030517578,38685.0,0.0288427224636421
2021-08-25,72.25,72.41000366210938,70.51000213623047,71.12999725341797,32345.0,0.0572479269649525
2021-08-26,71.06999969482422,72.12999725341797,70.68000030517578,71.83999633789062,24373.0,0.067215563311159
2021-08-27,72.69999694824219,72.73999786376953,71.16000366210938,71.41999816894531,13316.0,0.1091886644705995
2021-08-30,73.41000366210938,73.69999694824219,71.98999786376953,73.58999633789062,3291.0,0.0655834794617099
2021-08-31,72.98999786376953,73.48999786376953,72.91000366210938,73.02999877929688,28933.0,0.0269385187007351
2021-09-01,71.58999633789062,72.37000274658203,70.41000366210938,71.69999694824219,32339.0,-0.0091769787383725
2021-09-06,71.58999633789062,72.37000274658203,70.41000366210938,71.69999694824219,32339.0,-0.0091769787383725
2021-09-07,71.69000244140625,72.7699966430664,71.0999984741211,72.69000244140625,35294.0,-0.0237089140885642
2021-09-08,72.5999984741211,72.94999694824219,71.55999755859375,71.58000183105469,31671.0,-0.0053575153829657
2021-09-09,71.44999694824219,73.19000244140625,70.88999938964844,72.62000274658203,35106.0,-0.0019574865900893
2021-09-10,72.91999816894531,73.13999938964844,70.95999908447266,71.30999755859375,26654.0,-0.0015073742169241
2021-09-13,73.51000213623047,73.93000030517578,72.69999694824219,73.05000305175781,26510.0,0.0123188186483583
2021-09-14,73.5999984741211,74.2699966430664,73.08000183105469,73.7300033569336,27690.0,0.0262937030829536
2021-09-15,75.45999908447266,76.12999725341797,73.77999877929688,73.83999633789062,35197.0,0.038637801590412
2021-09-16,75.66999816894531,75.86000061035156,74.4800033569336,75.45999908447266,27363.0,0.0573838948444555
2021-09-17,75.33999633789062,75.77999877929688,74.58000183105469,75.01000213623047,26771.0,0.0326482289561212
2021-09-20,73.91999816894531,75.38999938964844,73.51000213623047,75.38999938964844,28251.0,0.0055619221162648
2021-09-21,74.36000061035156,75.16999816894531,73.25,74.2300033569336,25140.0,0.0102731660585261
2021-09-22,76.19000244140625,76.26000213623047,74.51000213623047,74.61000061035156,26605.0,0.0096275501250285
2021-09-23,77.25,77.33999633789062,75.5999984741211,75.87000274658203,26832.0,0.0206651592693196
2021-09-24,78.08999633789062,78.25,76.87000274658203,77.18000030517578,20417.0,0.0358508071224491
2021-09-27,79.52999877929688,79.87999725341797,78.20999908447266,78.2300033569336,20799.0,0.0731508910574125
2021-09-28,79.08999633789062,80.73999786376953,78.08000183105469,79.41999816894531,21656.0,0.061668227166954
2021-09-29,78.63999938964844,79.41000366210938,77.52999877929688,78.25,8319.0,0.0316502155489987
2021-09-30,78.5199966430664,79.16000366210938,77.63999938964844,78.33000183105469,51076.0,0.0163064108778117
2021-10-01,79.27999877929688,79.41000366210938,77.56999969482422,78.41000366210938,31697.0,0.015123913845794
2021-10-04,81.26000213623047,82.0,78.76000213623047,79.36000061035156,43286.0,0.0215196232283324
2021-10-05,82.55999755859375,83.11000061035156,81.19999694824219,81.27999877929688,44439.0,0.0429388739336952
2021-10-06,81.08000183105469,83.44000244140625,80.58999633789062,82.66000366210938,41389.0,0.0305558760895341
2021-10-07,81.94999694824219,82.5,79.08000183105469,80.80000305175781,43830.0,0.0427559412949058
2021-10-08,82.38999938964844,83.43000030517578,81.95999908447266,82.38999938964844,48729.0,0.0384781882950534
2021-10-11,83.6500015258789,84.5999984741211,82.55999755859375,82.58999633789062,46216.0,0.0289875288256508
2021-10-12,83.41999816894531,84.2300033569336,82.72000122070312,83.61000061035156,47351.0,0.0103627946570149
2021-10-13,83.18000030517578,83.69000244140625,82.20999908447266,83.16000366210938,39594.0,0.0255705938165176
2021-10-14,84.0,84.52999877929688,83.19000244140625,83.3499984741211,37348.0,0.0247075308927412
2021-10-15,84.86000061035156,85.0999984741211,84.16999816894531,84.19999694824219,33044.0,0.0295387840472113
2021-10-18,84.33000183105469,86.02999877929688,83.95999908447266,85.05000305175781,40153.0,0.0080962496254561
2021-10-19,85.08000183105469,85.4000015258789,83.70999908447266,84.11000061035156,45141.0,0.0197039450346298
2021-10-20,85.81999969482422,85.88999938964844,83.62999725341797,85.0999984741211,43107.0,0.0312451380237544
2021-10-21,84.61000061035156,86.12000274658203,83.36000061035156,85.87999725341797,49004.0,0.0072356713068007
2021-10-22,85.52999877929688,85.94000244140625,83.83000183105469,84.6500015258789,41174.0,0.0078643303538366
2021-10-25,85.98999786376953,86.72000122070312,85.44000244140625,85.70999908447266,43061.0,0.0194932902805077
2021-10-26,86.4000015258789,86.52999877929688,85.27999877929688,86.02999877929688,32042.0,0.0153956816170447
2021-10-27,84.58000183105469,86.2699966430664,84.05000305175781,86.12999725341797,25643.0,-0.0145542223142475
2021-10-28,84.31999969482422,84.56999969482422,82.30999755859375,84.18000030517578,10576.0,-0.0034333889763195
2021-10-29,84.37999725341797,84.55999755859375,84.05999755859375,84.19000244140625,35155.0,-0.0135368031744308
2021-11-01,84.70999908447266,85.11000061035156,83.02999877929688,83.7300033569336,36245.0,-0.014997337944351
2021-11-02,84.72000122070312,85.22000122070312,83.76000213623047,84.41999816894531,40105.0,-0.0196359777688172
2021-11-03,81.98999786376953,84.18000030517578,81.08000183105469,84.04000091552734,50062.0,-0.0311005911398151
2021-11-04,80.54000091552734,84.5,80.19000244140625,81.31999969482422,72626.0,-0.0458651143831246
2021-11-05,82.73999786376953,83.1500015258789,80.2699966430664,81.0,43130.0,-0.0196272389313665
2021-11-08,83.43000030517578,83.98999786376953,82.5,82.56999969482422,27655.0,-0.0152256870638265
2021-11-09,84.77999877929688,85.13999938964844,83.18000030517578,83.58999633789062,34996.0,0.000707935824183
2021-11-10,82.63999938964844,85.5,82.08999633789062,85.16000366210938,36273.0,0.007896554872398
2021-11-11,82.87000274658203,83.43000030517578,81.66000366210938,82.63999938964844,31162.0,0.0285191812135414
2021-11-12,82.16999816894531,82.87000274658203,81.26000213623047,82.66999816894531,27167.0,-0.006912885555312
2021-11-15,82.05000305175781,82.48999786376953,80.68000030517578,81.91999816894531,32804.0,-0.0166791058418707
2021-11-16,82.43000030517578,83.13999938964844,81.55000305175781,82.11000061035156,25767.0,-0.0281101994986332
2021-11-17,80.27999877929688,82.36000061035156,79.7699966430664,82.33000183105469,38038.0,-0.0289733087031478
2021-11-18,81.23999786376953,81.41999816894531,79.2699966430664,80.27999877929688,30490.0,-0.0198654375873315
2021-11-19,78.88999938964844,82.2300033569336,78.05000305175781,81.01000213623047,44180.0,-0.0407357802891026
2021-11-22,79.69999694824219,80.08999633789062,77.54000091552734,78.66999816894531,39085.0,-0.0290593072243723
2021-11-23,82.30999755859375,82.58999633789062,78.56999969482422,79.41999816894531,41865.0,-0.0014568747039391
2021-11-24,82.25,83.0,81.63999938964844,82.19999694824219,30734.0,0.0242428809229135
2021-11-25,82.25,83.0,81.63999938964844,82.19999694824219,30734.0,0.0242428809229135
2021-11-26,72.72000122070312,82.55999755859375,72.11000061035156,82.2699966430664,29171.0,-0.11079124376131
2021-11-29,73.44000244140625,77.0,72.63999938964844,73.58999633789062,12507.0,-0.0715856898144728
2021-11-30,70.56999969482422,74.56999969482422,70.22000122070312,74.56999969482422,77840.0,-0.1216644268173082
2021-12-01,68.87000274658203,72.86000061035156,68.1500015258789,70.13999938964844,56808.0,-0.1782718678861584
2021-12-02,69.66999816894531,70.70999908447266,65.7699966430664,68.80999755859375,81072.0,-0.1659936068852782
2021-12-03,69.87999725341797,72.5999984741211,69.2300033569336,70.5,43639.0,-0.0398370206939796
2021-12-06,73.08000183105469,73.77999877929688,70.29000091552734,70.30000305175781,32294.0,-0.004914022990495
2021-12-07,75.44000244140625,76.26000213623047,73.2300033569336,73.54000091552734,34533.0,0.0667325499991284
2021-12-08,75.81999969482422,76.37000274658203,74.4000015258789,75.2699966430664,31080.0,0.0961413966259048
2021-12-09,74.41999816894531,76.69999694824219,73.83000183105469,76.0199966430664,27715.0,0.065954915553937
2021-12-10,75.1500015258789,75.69999694824219,73.80000305175781,74.0999984741211,24682.0,0.0727066905418362
2021-12-13,74.38999938964844,76.38999938964844,74.19000244140625,75.54000091552734,27562.0,0.0177667594332085
2021-12-14,73.69999694824219,75.1500015258789,72.56999969482422,74.30000305175781,31237.0,-0.0233349128999764
2021-12-15,73.87999725341797,74.56999969482422,72.4800033569336,73.26000213623047,29294.0,-0.0259199879084058
2021-12-16,75.0199966430664,75.58999633789062,74.0,74.56999969482422,26965.0,0.008030001592418
2021-12-17,73.5199966430664,74.95999908447266,72.62000274658203,74.51000213623047,26087.0,-0.0219287041161373
2021-12-20,71.5199966430664,73.06999969482422,69.26000213623047,73.05999755859375,36842.0,-0.0393444320702305
2021-12-21,73.9800033569336,74.26000213623047,71.23999786376953,72.0999984741211,27386.0,0.0037920739930883
2021-12-22,75.29000091552734,75.69000244140625,73.58999633789062,74.04000091552734,28541.0,0.0189052178672641
2021-12-23,76.8499984741211,76.9800033569336,74.79000091552734,75.66999816894531,27624.0,0.0241007502227579
2021-12-24,76.8499984741211,76.9800033569336,74.79000091552734,75.66999816894531,27624.0,0.0241007502227579
2021-12-27,78.5999984741211,79.05999755859375,75.76000213623047,76.30000305175781,15723.0,0.0668142476346537
2021-12-28,78.94000244140625,79.8499984741211,78.47000122070312,78.87000274658203,8523.0,0.0987110172337997
2021-12-29,79.2300033569336,80.16000366210938,78.13999938964844,79.0,7057.0,0.0685602255660874
2021-12-30,79.31999969482422,79.62000274658203,78.66000366210938,79.25,24512.0,0.0521429637821516
2021-12-31,77.77999877929688,79.68000030517578,77.13999938964844,79.1500015258789,21740.0,0.0120288629039787
2022-01-04,80.0,80.55000305175781,78.5999984741211,78.94999694824219,31321.0,0.0133385335118152
2022-01-05,80.80000305175781,81.48999786376953,79.55000305175781,80.08000183105469,35152.0,0.019621945949703
2022-01-06,81.98999786376953,82.83999633789062,79.62999725341797,80.1500015258789,41582.0,0.0331069627491225
2022-01-07,81.75,82.98999786376953,81.44000244140625,82.05999755859375,29501.0,0.0497814967440676
2022-01-10,80.87000274658203,82.2699966430664,80.48999786376953,81.79000091552734,30035.0,0.0236482627085656
2022-01-11,83.72000122070312,83.97000122070312,80.87999725341797,80.95999908447266,37934.0,0.0454512774846999
2022-01-12,84.66999816894531,85.19999694824219,83.51000213623047,83.69000244140625,32298.0,0.046784322732078
2022-01-13,84.47000122070312,85.08999633789062,83.79000091552734,84.77999877929688,27107.0,0.0297991936374091
2022-01-14,86.05999755859375,86.5,84.02999877929688,84.12999725341797,31970.0,0.0513788892644376
2022-01-17,86.05999755859375,86.5,84.02999877929688,84.12999725341797,31970.0,0.0513788892644376
2022-01-18,87.51000213623047,88.55000305175781,85.55000305175781,86.5,45875.0,0.0789101358883532
2022-01-19,88.44000244140625,89.16999816894531,87.62999725341797,88.44999694824219,37483.0,0.0548464714358902
2022-01-20,88.37999725341797,89.51000213623047,87.02999877929688,87.7300033569336,30524.0,0.042884342597223
2022-01-21,87.88999938964844,88.22000122070312,85.70999908447266,87.3499984741211,29566.0,0.0396895694413333
2022-01-24,86.2699966430664,88.87999725341797,85.0199966430664,87.6500015258789,34253.0,0.00243717513474
2022-01-25,88.19999694824219,88.36000061035156,86.19000244140625,87.16999816894531,29496.0,0.0078538314533043
2022-01-26,89.95999908447266,90.4800033569336,87.80000305175781,88.0199966430664,29805.0,0.0170407333195937
2022-01-27,89.33999633789062,91.04000091552734,88.9800033569336,89.77999877929688,15201.0,0.010803606307639
2022-01-28,90.02999877929688,91.69000244140624,89.41000366210938,89.88999938964844,10824.0,0.024056908929477
2022-02-07,92.69000244140624,93.98999786376952,92.1500015258789,92.7300033569336,37016.0,0.0160960880727286
2022-02-08,90.77999877929688,93.01000213623048,89.93000030517578,93.01000213623048,39288.0,0.0180064339903667
2022-02-09,91.5500030517578,92.05999755859376,90.05999755859375,91.2699966430664,34759.0,0.022981917251629
2022-02-10,91.41000366210938,93.08999633789062,90.9000015258789,91.72000122070312,43235.0,0.0032873473033561
2022-02-11,94.44000244140624,95.63999938964844,90.5199966430664,91.26000213623048,53045.0,0.0124662613215089
2022-02-14,96.4800033569336,96.77999877929688,93.45999908447266,95.30999755859376,48449.0,0.0400751495457433
2022-02-15,93.27999877929688,96.23999786376952,92.05999755859376,95.76000213623048,45181.0,0.0271667259342514
2022-02-16,94.80999755859376,96.06999969482422,91.13999938964844,93.58999633789062,45148.0,0.0349895587245055
2022-02-17,92.97000122070312,94.51000213623048,91.81999969482422,92.08999633789062,38045.0,0.0169219518696564
2022-02-18,93.54000091552734,94.1500015258789,90.26000213623048,92.9800033569336,42436.0,-0.0095755759834228
2022-02-21,93.54000091552734,94.1500015258789,90.26000213623048,92.9800033569336,42436.0,-0.0095755759834228
2022-02-22,96.83999633789062,99.44000244140624,92.55999755859376,94.27999877929688,59945.0,0.0037243264808126
2022-02-23,96.83999633789062,98.6999969482422,95.8000030517578,96.62999725341795,33549.0,0.0374543847380329
2022-02-24,99.08000183105467,105.75,97.48999786376952,97.55999755859376,21282.0,0.0440527599223733
2022-02-25,97.93000030517578,101.98999786376952,96.0,99.6500015258789,7025.0,0.0519760672511254
2022-02-28,100.98999786376952,104.4800033569336,99.9000015258789,100.4800033569336,38241.0,0.0766323188002849
2022-03-01,104.97000122070312,107.5999984741211,97.69000244140624,98.11000061035156,56428.0,0.0806145124229978
2022-03-02,112.93000030517578,115.0500030517578,106.48999786376952,107.54000091552734,59273.0,0.1537080661841484
2022-03-03,110.45999908447266,119.7699966430664,109.41999816894533,114.25,37420.0,0.1087258330829992
2022-03-04,118.11000061035156,118.97000122070312,109.61000061035156,110.58000183105467,34984.0,0.1873634579424417
2022-03-07,123.20999908447266,137.0,119.06999969482422,121.23999786376952,29504.0,0.1988687283203775
2022-03-08,127.9800033569336,133.1300048828125,121.37000274658205,124.25,38358.0,0.1981994212646831
2022-03-09,111.13999938964844,131.6300048828125,108.0,129.57000732421875,42740.0,-0.0159774980778845
2022-03-10,109.33000183105467,118.33000183105467,108.9499969482422,112.73999786376952,30414.0,-0.0102826079903706
2022-03-11,112.66999816894533,113.87999725341795,107.12999725341795,109.72000122070312,18819.0,-0.0471532228668187
2022-03-14,106.9000015258789,113.04000091552734,103.4499969482422,112.9000015258789,19364.0,-0.1419963769010615
2022-03-15,99.91000366210938,106.45999908447266,97.5,106.0,26067.0,-0.2476042105424471
2022-03-16,98.0199966430664,103.68000030517578,96.9499969482422,99.04000091552734,18514.0,-0.1256191571260733
2022-03-17,106.63999938964844,107.56999969482422,97.87999725341795,98.0999984741211,15091.0,-0.0249121780473787
2022-03-18,107.93000030517578,109.56999969482422,105.8000030517578,107.23999786376952,10489.0,-0.0429803042598014
2022-03-21,115.62000274658205,116.7300033569336,107.08999633789062,107.37000274658205,11620.0,0.0784151431046901
2022-03-22,115.4800033569336,119.41999816894533,112.7699966430664,116.8499984741211,14222.0,0.1448275664651186
2022-03-23,121.5999984741211,122.29000091552734,114.41999816894533,114.73999786376952,14286.0,0.2155654517497546
2022-03-24,119.02999877929688,123.6999969482422,116.9499969482422,121.2699966430664,12778.0,0.1099168817773878
2022-03-25,120.6500015258789,120.87000274658205,115.20999908447266,118.27999877929688,14026.0,0.1114109330534035
2022-03-28,112.4800033569336,120.30999755859376,109.05999755859376,120.30999755859376,15212.0,-0.0275335175025103
2022-03-29,110.2300033569336,114.70999908447266,104.9800033569336,109.7300033569336,7152.0,-0.0465282614350022
2022-03-30,113.4499969482422,114.6500015258789,110.9000015258789,111.0,4472.0,-0.0693747726574539
2022-03-31,107.91000366210938,109.36000061035156,107.37000274658205,108.70999908447266,22850.0,-0.0980779716120218
2022-04-01,104.38999938964844,106.1999969482422,102.37000274658205,105.98999786376952,17144.0,-0.1447599251448252
2022-04-04,107.52999877929688,108.5500030517578,102.91000366210938,104.25,18406.0,-0.0450055908568447
2022-04-05,106.63999938964844,109.8499984741211,104.55999755859376,108.23999786376952,15613.0,-0.0331104522821489
2022-04-06,101.06999969482422,108.66000366210938,100.54000091552734,105.79000091552734,20212.0,-0.1155488412591449
2022-04-07,100.58000183105467,103.5,98.4499969482422,102.1500015258789,19577.0,-0.0703441313635659
2022-04-08,102.77999877929688,103.25,99.70999908447266,101.69000244140624,16735.0,-0.0155431098861389
2022-04-12,104.63999938964844,105.5999984741211,98.9800033569336,99.25,22697.0,-0.0189327882709582
2022-04-13,108.77999877929688,109.0,104.06999969482422,104.9800033569336,22260.0,0.0735141397059323
2022-04-14,111.6999969482422,112.38999938964844,106.63999938964844,108.37000274658205,17418.0,0.1048632298053593
2022-04-15,111.6999969482422,112.38999938964844,106.63999938964844,108.37000274658205,17418.0,0.1048632298053593
2022-04-18,113.16000366210938,114.81999969482422,110.72000122070312,111.88999938964844,13187.0,0.0962120091083619
2022-04-19,107.25,114.0500030517578,106.7699966430664,112.6500015258789,18972.0,0.0853090418444634
2022-04-20,106.8000030517578,108.9800033569336,104.66999816894533,107.72000122070312,15985.0,0.0204320732245871
2022-04-21,108.33000183105467,109.79000091552734,106.77999877929688,107.01000213623048,13203.0,-0.0041453419130147
2022-04-22,106.6500015258789,108.7300033569336,105.52999877929688,108.63999938964844,11040.0,-0.0462642195294261
2022-04-25,102.31999969482422,105.9499969482422,99.47000122070312,105.73999786376952,15464.0,-0.100697624507566
2022-04-26,104.98999786376952,106.1500015258789,101.12000274658205,102.56999969482422,13279.0,-0.0212974706282666
2022-04-27,105.31999969482422,106.3499984741211,103.2699966430664,105.37000274658205,8064.0,-0.0139546233701018
2022-04-28,107.58999633789062,107.93000030517578,103.3000030517578,104.76000213623048,8567.0,-0.006854468291859
2022-04-29,109.33999633789062,109.7699966430664,107.6500015258789,107.6500015258789,32573.0,0.0249098007492823
2022-05-04,110.13999938964844,111.0,105.5,106.0999984741211,21158.0,0.0447489465622343
2022-05-05,110.9000015258789,113.98999786376952,109.2300033569336,110.13999938964844,26443.0,0.0303012355471934
2022-05-06,112.38999938964844,113.5199966430664,109.87999725341795,111.1500015258789,23902.0,0.0275127001255264
2022-05-09,105.94000244140624,113.22000122070312,104.9499969482422,113.0500030517578,28134.0,-0.0153618547039376
2022-05-10,102.45999908447266,106.91000366210938,101.6999969482422,105.55999755859376,25904.0,-0.0242021371011778
2022-05-11,107.51000213623048,108.26000213623048,100.93000030517578,101.6999969482422,31560.0,-0.0241683919255381
2022-05-12,107.4499969482422,108.69000244140624,104.69000244140624,107.55999755859376,27037.0,-0.0316033134285092
2022-05-13,111.5500030517578,111.69000244140624,107.80999755859376,108.0,25050.0,-0.0075020118632203
2022-05-16,114.23999786376952,114.77999877929688,109.04000091552734,111.41000366210938,20871.0,0.0754285607302184
2022-05-17,111.93000030517578,115.66000366210938,111.12000274658205,114.29000091552734,23254.0,0.0884012090520688
2022-05-18,109.11000061035156,114.12999725341795,108.3499984741211,112.88999938964844,21217.0,0.014772666893718
2022-05-19,112.04000091552734,112.2699966430664,105.6999969482422,109.3000030517578,26098.0,0.0418303638764762
2022-05-20,112.5500030517578,113.22000122070312,110.54000091552734,111.5,16942.0,0.0089246462311276
2022-05-23,113.41999816894533,114.36000061035156,111.86000061035156,112.73999786376952,20660.0,-0.0072037534499151
2022-05-24,113.55999755859376,114.62999725341795,111.72000122070312,113.36000061035156,20941.0,0.0144576314782841
2022-05-25,114.02999877929688,115.31999969482422,113.04000091552734,113.91999816894533,12885.0,0.0441050077032442
2022-05-26,117.4000015258789,118.0,113.83999633789062,114.4499969482422,11590.0,0.0467309618279203
2022-05-27,119.43000030517578,119.7300033569336,116.68000030517578,117.54000091552734,4384.0,0.0593328337681787
2022-05-30,119.43000030517578,119.7300033569336,116.68000030517578,117.54000091552734,4384.0,0.0593328337681787
2022-05-31,122.83999633789062,124.12999725341795,119.36000061035156,119.47000122070312,41020.0,0.0797849393187318
2022-06-01,116.29000091552734,118.58000183105467,115.43000030517578,116.62999725341795,21546.0,0.0237557690717988
2022-06-02,117.61000061035156,118.44000244140624,112.4800033569336,115.81999969482422,22117.0,0.0309125100884061
2022-06-03,119.72000122070312,121.44000244140624,116.08000183105467,118.26000213623048,11028.0,0.0195687727895546
2022-06-06,119.51000213623048,121.88999938964844,118.76000213623048,121.3499984741211,16523.0,0.0006696395180947
2022-06-07,120.56999969482422,121.37999725341795,118.55999755859376,120.08000183105467,20488.0,-0.0186521711624837
2022-06-08,123.58000183105467,124.41000366210938,120.45999908447266,121.02999877929688,21778.0,0.0608016552718422
2022-06-09,123.06999969482422,124.33000183105467,122.5,123.88999938964844,21008.0,0.0453792256519844
2022-06-10,122.01000213623048,124.33000183105467,119.87000274658205,122.94000244140624,26036.0,0.0189473329150779
2022-06-13,122.2699966430664,123.61000061035156,118.9499969482422,121.69000244140624,21136.0,0.0228316189473112
2022-06-14,121.16999816894533,125.18000030517578,118.94000244140624,122.5,27702.0,0.0049640085338681
2022-06-15,118.51000213623048,121.8499984741211,117.75,121.0,22360.0,-0.0418913712234917
2022-06-16,119.80999755859376,120.27999877929688,115.58000183105467,119.12000274658205,24329.0,-0.0268461624300611
2022-06-17,113.12000274658205,121.25,111.72000122070312,119.33999633789062,26686.0,-0.0756537996673796
2022-06-20,113.12000274658205,121.25,111.72000122070312,119.33999633789062,26686.0,-0.0756537996673796
2022-06-21,114.6500015258789,116.25,111.56999969482422,113.8000030517578,22868.0,-0.0643476640880792
2022-06-22,111.73999786376952,114.56999969482422,107.02999877929688,114.56999969482422,33112.0,-0.0810197782188434
2022-06-23,110.0500030517578,112.69000244140624,108.11000061035156,110.22000122070312,21806.0,-0.0740625275229792
2022-06-24,113.12000274658205,113.98999786376952,109.2699966430664,109.80999755859376,13431.0,-0.0574579078459776
2022-06-27,115.08999633789062,116.04000091552734,111.25,112.45999908447266,11252.0,0.0172651727323582
2022-06-28,117.9800033569336,118.23999786376952,115.4000015258789,115.83999633789062,6673.0,0.0286311244154099
2022-06-29,116.26000213623048,120.37999725341795,115.41000366210938,117.95999908447266,4346.0,0.0396543557346646
2022-06-30,114.80999755859376,116.33000183105467,114.80999755859376,116.04000091552734,24733.0,0.0423437311378496
2022-07-01,111.62999725341795,112.41999816894533,108.01000213623048,109.45999908447266,17090.0,-0.0132594200062094
2022-07-04,111.62999725341795,112.41999816894533,108.01000213623048,109.45999908447266,17090.0,-0.0132594200062094
2022-07-05,102.7699966430664,114.69000244140624,101.11000061035156,111.61000061035156,43356.0,-0.1132209501884193
2022-07-06,100.69000244140624,105.8000030517578,98.51000213623048,104.0,28820.0,-0.1584686328540582
2022-07-07,104.6500015258789,106.3499984741211,98.47000122070312,99.95999908447266,22837.0,-0.1052076171750086
2022-07-08,107.0199966430664,107.4499969482422,103.75,104.48999786376952,20610.0,-0.0702628653251579
2022-07-11,107.0999984741211,107.66000366210938,103.66000366210938,106.76000213623048,17691.0,-0.0414268432158367
2022-07-12,99.48999786376952,106.51000213623048,98.91000366210938,106.2300033569336,22827.0,-0.0324363338429956
2022-07-13,99.56999969482422,101.1999969482422,97.3000030517578,99.30999755859376,22358.0,-0.011185602839227
2022-07-14,99.0999984741211,100.37000274658205,94.5,99.8499984741211,27515.0,-0.0544920375342144
2022-07-15,101.16000366210938,102.62000274658205,98.20999908447266,99.5999984741211,19146.0,-0.0563122435128859
2022-07-18,106.2699966430664,106.47000122070312,99.4800033569336,100.91999816894533,20217.0,-0.0077799694105873
2022-07-19,107.3499984741211,107.5999984741211,103.58999633789062,105.58999633789062,21900.0,0.076037394981277
2022-07-20,106.91999816894533,107.43000030517578,105.08999633789062,107.1500015258789,23989.0,0.0712199628101976
2022-07-21,103.86000061035156,106.8000030517578,101.5199966430664,106.79000091552734,26598.0,0.0469144183542719
2022-07-22,103.1999969482422,105.68000030517578,101.91000366210938,104.25,17586.0,0.0199653654732415
2022-07-25,105.1500015258789,105.3499984741211,101.66999816894533,103.44000244140624,14999.0,-0.0105950771357221
2022-07-26,104.4000015258789,107.3499984741211,103.9800033569336,104.80999755859376,20242.0,-0.0278648200464974
2022-07-27,106.62000274658205,107.8000030517578,103.72000122070312,104.77999877929688,11024.0,-0.002809736990162
2022-07-28,107.13999938964844,108.9800033569336,105.95999908447266,107.48999786376952,6831.0,0.0310925404631988
2022-07-29,110.01000213623048,110.43000030517578,108.02999877929688,108.0500030517578,24476.0,0.0639024666936905
2022-08-01,100.02999877929688,104.37000274658205,99.0999984741211,103.87000274658205,25670.0,-0.049917787866439
2022-08-02,100.54000091552734,102.41000366210938,98.47000122070312,100.0,17357.0,-0.0376740226937069
2022-08-03,96.77999877929688,102.37000274658205,96.4800033569336,99.63999938964844,22263.0,-0.0968307884030946
2022-08-04,94.12000274658205,97.62999725341795,93.1500015258789,97.01000213623048,21011.0,-0.1295657917151818
2022-08-05,94.91999816894533,96.4000015258789,92.75,93.58999633789062,16576.0,-0.1475368778927976
2022-08-08,96.6500015258789,96.7300033569336,92.98999786376952,94.2699966430664,17288.0,-0.034373907351703
2022-08-09,96.30999755859376,98.38999938964844,94.91000366210938,96.54000091552734,20553.0,-0.0429835371472143
2022-08-10,97.4000015258789,97.9800033569336,93.61000061035156,96.45999908447266,29520.0,0.0063858775626003
2022-08-11,99.5999984741211,100.16000366210938,96.6500015258789,97.2699966430664,20958.0,0.056591556229617
2022-08-12,98.1500015258789,100.3499984741211,96.94000244140624,99.29000091552734,20095.0,0.0334625239918091
2022-08-15,95.0999984741211,98.04000091552734,92.72000122070312,97.76000213623048,20714.0,-0.0161672679356653
2022-08-16,92.33999633789062,95.9499969482422,91.72000122070312,93.63999938964844,22549.0,-0.0420947528034441
2022-08-17,93.6500015258789,94.45999908447266,91.5199966430664,92.7699966430664,21011.0,-0.0392617811310784
2022-08-18,96.58999633789062,97.41000366210938,93.0500030517578,93.18000030517578,21327.0,-0.030686970993239
2022-08-19,96.72000122070312,97.87000274658205,94.25,96.62999725341795,22212.0,-0.0146767173413301
2022-08-22,96.4800033569336,97.25,92.36000061035156,95.66000366210938,26974.0,0.0144068142666118
2022-08-23,100.22000122070312,100.4499969482422,96.51000213623048,96.58000183105467,22624.0,0.0818904042919421
2022-08-24,101.22000122070312,102.0,99.06999969482422,100.16000366210938,24490.0,0.0777319326623136
2022-08-25,99.33999633789062,102.47000122070312,99.12000274658205,101.5999984741211,20704.0,0.028073094537561
2022-08-26,100.98999786376952,101.16999816894533,98.13999938964844,99.87999725341795,14241.0,0.0432012619580368
2022-08-29,105.08999633789062,105.4800033569336,100.29000091552734,100.83000183105467,6048.0,0.0854813232571789
2022-08-30,99.30999755859376,105.37000274658205,97.66999816894533,105.0,7116.0,-0.0091215353802361
2022-08-31,96.48999786376952,100.3000030517578,95.76000213623048,99.70999908447266,24672.0,-0.0478570239529378
2022-09-05,96.48999786376952,100.3000030517578,95.76000213623048,99.70999908447266,24672.0,-0.0478570239529378
2022-09-06,92.83000183105467,96.98999786376952,92.27999877929688,93.08999633789062,34757.0,-0.1240472078934845
2022-09-07,88.0,93.79000091552734,87.4000015258789,92.8000030517578,28966.0,-0.1209094318533705
2022-09-08,89.1500015258789,89.83000183105469,87.2300033569336,87.63999938964844,21562.0,-0.0791189924678853
2022-09-09,92.83999633789062,93.0999984741211,88.31999969482422,88.45999908447266,22448.0,0.0051835508661605
2022-09-12,94.0,95.16999816894533,91.20999908447266,92.3000030517578,22758.0,0.0104802945623528
2022-09-13,93.16999816894533,95.51000213623048,91.06999969482422,94.20999908447266,27762.0,0.0036558786728409
2022-09-14,94.0999984741211,95.80999755859376,91.9499969482422,93.48999786376952,30880.0,0.0670212158976234
2022-09-15,90.83999633789062,94.6500015258789,90.05000305175781,94.43000030517578,29483.0,0.0187793154985061
2022-09-16,91.3499984741211,92.63999938964844,90.22000122070312,90.6500015258789,20652.0,-0.016179275840492
2022-09-19,92.0,92.58000183105467,88.4800033569336,91.6500015258789,17627.0,-0.0215062052209636
2022-09-20,90.62000274658205,93.0199966430664,89.80000305175781,91.97000122070312,24688.0,-0.0277507922617219
2022-09-21,89.83000183105469,93.51000213623048,89.30000305175781,90.69000244140624,27621.0,-0.0464390147511605
2022-09-22,90.45999908447266,92.8000030517578,89.29000091552734,89.91999816894531,22375.0,-0.0041919229946157
2022-09-23,86.1500015258789,90.70999908447266,85.45999908447266,90.3499984741211,18951.0,-0.0586082854345367
2022-09-26,84.05999755859375,87.66000366210938,83.62999725341797,86.72000122070312,14034.0,-0.0902577765156848
2022-09-27,86.2699966430664,87.12999725341797,83.91000366210938,83.91000366210938,10008.0,-0.0491930953712356
2022-09-28,89.31999969482422,89.48999786376953,84.2699966430664,85.83000183105469,9937.0,-0.005693592069369
2022-09-29,88.48999786376953,90.0999984741211,87.44999694824219,88.94999694824219,7456.0,-0.0220182267905661
2022-09-30,87.95999908447266,89.5199966430664,87.8499984741211,88.55999755859375,33026.0,0.0207921745922857
2022-10-03,88.86000061035156,89.83000183105469,86.51000213623047,86.51000213623047,38251.0,0.0555313038430942
2022-10-04,91.8000030517578,92.38999938964844,88.69000244140625,88.88999938964844,38971.0,0.0621304566934527
2022-10-05,93.37000274658205,93.97000122070312,90.9000015258789,91.6500015258789,39563.0,0.0443447003566422
2022-10-06,94.41999816894533,95.01000213623048,92.7300033569336,93.83000183105467,26200.0,0.0648633685871501
2022-10-07,97.91999816894533,98.58999633789062,93.93000030517578,94.98999786376952,36871.0,0.10726864478641
2022-10-10,96.19000244140624,98.76000213623048,95.62000274658205,98.6999969482422,24699.0,0.0792633231691555
2022-10-11,94.29000091552734,96.4499969482422,93.11000061035156,96.1500015258789,31431.0,0.0267628183172898
2022-10-12,92.4499969482422,95.16999816894533,91.58000183105467,93.69000244140624,29821.0,-0.0099021990886285
2022-10-13,94.56999969482422,94.9000015258789,91.08999633789062,92.47000122070312,32826.0,0.0015874020749543
2022-10-14,91.62999725341795,95.11000061035156,91.2699966430664,94.75,29344.0,-0.0663921010621012
2022-10-17,91.62000274658205,93.2300033569336,90.83999633789062,91.70999908447266,23783.0,-0.048675809109035
2022-10-18,90.02999877929688,92.6500015258789,88.7699966430664,92.0199966430664,40941.0,-0.0462322146257461
2022-10-19,92.41000366210938,92.83999633789062,89.37999725341797,90.79000091552734,43364.0,-0.0004326872944362
2022-10-20,92.37999725341795,94.7699966430664,91.91999816894533,92.51000213623048,40748.0,-0.0234298225293281
2022-10-21,93.5,93.8000030517578,91.0199966430664,92.79000091552734,26861.0,0.020202737292223
2022-10-24,93.26000213623048,94.44000244140624,91.20999908447266,93.61000061035156,28074.0,0.0177416958497855
2022-10-25,93.5199966430664,94.37000274658205,91.62999725341795,93.55999755859376,22553.0,0.0380323467069205
2022-10-26,95.69000244140624,96.19000244140624,92.04000091552734,93.25,15637.0,0.0348785877759964
2022-10-27,96.95999908447266,97.27999877929688,95.08000183105467,96.16000366210938,14677.0,0.0483880376075747
2022-10-28,95.7699966430664,96.88999938964844,95.0,96.77999877929688,12135.0,0.0239880121868489
2022-10-31,94.83000183105467,96.0,94.31999969482422,96.0,23096.0,0.0166945199180921
2022-11-01,94.6500015258789,95.5500030517578,92.36000061035156,92.8000030517578,21355.0,0.0120106125081517
2022-11-02,96.16000366210938,96.47000122070312,93.98999786376952,94.66999816894533,28689.0,0.0048996835655228
2022-11-03,94.66999816894533,95.94000244140624,94.16000366210938,95.66000366210938,21292.0,-0.0239013720793304
2022-11-04,98.56999969482422,98.81999969482422,94.33999633789062,94.4800033569336,31256.0,0.0288175040998263
2022-11-07,97.91999816894533,99.55999755859376,96.6999969482422,97.77999877929688,22568.0,0.0320649658600712
2022-11-08,95.36000061035156,98.2699966430664,94.9800033569336,98.0,28901.0,0.0074733159409292
2022-11-09,92.6500015258789,95.69000244140624,92.3000030517578,95.01000213623048,26729.0,-0.037184539669747
2022-11-10,93.66999816894533,94.30999755859376,91.69000244140624,92.54000091552734,31486.0,-0.0106191931262455
2022-11-11,95.98999786376952,96.91999816894533,93.2699966430664,93.2699966430664,23629.0,-0.0265229554605902
2022-11-14,93.13999938964844,96.91999816894533,92.48999786376952,95.97000122070312,22959.0,-0.0500470690633436
2022-11-15,93.86000061035156,95.75,91.52999877929688,92.52999877929688,30904.0,-0.01585489284848
2022-11-16,92.86000061035156,94.77999877929688,91.68000030517578,93.76000213623048,22376.0,0.0022640199639403
2022-11-17,89.77999877929688,92.87999725341795,89.54000091552734,92.8000030517578,29012.0,-0.0424157279159264
2022-11-18,87.62000274658203,90.61000061035156,85.79000091552734,89.9800033569336,34614.0,-0.0912346833884548
2022-11-21,87.44999694824219,88.04000091552734,82.31999969482422,87.80000305175781,39835.0,-0.0630365644337388
2022-11-22,88.36000061035156,89.87999725341797,87.37000274658203,87.6500015258789,23782.0,-0.0603849314095868
2022-11-23,85.41000366210938,89.54000091552734,84.12000274658203,88.41000366210938,27071.0,-0.0836297563297131
2022-11-24,85.41000366210938,89.54000091552734,84.12000274658203,88.41000366210938,27071.0,-0.0836297563297131
2022-11-25,83.62999725341797,86.9000015258789,83.55999755859375,84.94000244140625,12021.0,-0.0709599452058144
2022-11-28,83.19000244140625,84.05000305175781,80.63999938964844,83.80000305175781,12583.0,-0.0518821360891229
2022-11-29,83.02999877929688,86.0,82.19000244140625,82.33000183105469,12182.0,-0.0518651929954505
2022-11-30,85.43000030517578,85.81999969482422,83.51000213623047,83.58000183105469,23710.0,-0.033722054723712
2022-12-01,86.87999725341797,89.41000366210938,86.25,86.5999984741211,23123.0,0.0170645917372345
2022-12-02,85.56999969482422,87.88999938964844,85.19000244140625,87.12999725341797,23562.0,0.0229324763122087
2022-12-05,82.68000030517578,88.43000030517578,82.54000091552734,85.5199966430664,25039.0,-0.0061494391385336
2022-12-06,79.3499984741211,83.66999816894531,78.70999908447266,83.08999633789062,26680.0,-0.0453335458292964
2022-12-07,77.16999816894531,80.4800033569336,76.94000244140625,79.79000091552734,26919.0,-0.1016865739937934
2022-12-08,76.1500015258789,79.18000030517578,75.76000213623047,77.48999786376953,33131.0,-0.1318227251931352
2022-12-09,76.0999984741211,77.47000122070312,75.11000061035156,76.7300033569336,24479.0,-0.117286506046907
2022-12-12,77.98999786376953,78.58000183105469,75.26000213623047,76.66999816894531,23020.0,-0.0583971525532901
2022-12-13,80.68000030517578,81.27999877929688,78.04000091552734,78.19000244140625,30052.0,0.0166222891258666
2022-12-14,82.69999694824219,83.13999938964844,80.12999725341797,80.33999633789062,27330.0,0.0692088083861336
2022-12-15,81.20999908447266,83.19000244140625,80.83000183105469,82.83999633789062,26470.0,0.0643332816417642
2022-12-16,79.04000091552734,81.76000213623047,78.27999877929688,81.33999633789062,24439.0,0.0379058202060324
2022-12-19,79.80000305175781,80.88999938964844,78.62999725341797,79.08999633789062,19676.0,0.022942956747017
2022-12-20,79.98999786376953,80.9000015258789,78.30000305175781,80.27999877929688,19646.0,-0.0085891167140456
2022-12-21,82.19999694824219,82.54000091552734,79.5999984741211,79.94999694824219,17234.0,-0.0060643001919733
2022-12-22,80.9800033569336,83.86000061035156,80.68000030517578,82.37000274658203,16647.0,-0.0028361289628662
2022-12-23,83.91999816894531,84.37000274658203,81.33999633789062,81.7300033569336,8621.0,0.0599098772462902
2022-12-26,83.91999816894531,84.37000274658203,81.33999633789062,81.7300033569336,8621.0,0.0599098772462902
2022-12-27,84.33000183105469,85.66999816894531,83.66000366210938,84.45999908447266,7512.0,0.0552141526011776
2022-12-28,83.26000213623047,84.63999938964844,81.94999694824219,84.5999984741211,5384.0,0.0400666672696621
2022-12-29,82.26000213623047,82.91000366210938,81.30000305175781,82.86000061035156,20599.0,0.0007297238354011
2022-12-30,85.91000366210938,86.27999877929688,82.87999725341797,83.66000366210938,19375.0,0.059098027219367
2023-01-03,82.0999984741211,87.0199966430664,81.7699966430664,86.04000091552734,27559.0,-0.0219259443962229
2023-01-04,77.83999633789062,82.66999816894531,77.72000122070312,82.2300033569336,24772.0,-0.0800823044683966
2023-01-05,78.69000244140625,79.95999908447266,77.61000061035156,78.08999633789062,28051.0,-0.0564521538516589
2023-01-06,78.56999969482422,80.56999969482422,78.05000305175781,78.80999755859375,23767.0,-0.0458950454679231
2023-01-09,79.6500015258789,81.37000274658203,78.33999633789062,78.4800033569336,29985.0,-0.0756582237638844
2023-01-10,80.0999984741211,80.87999725341797,78.80999755859375,79.70999908447266,21541.0,-0.0246621628481293
2023-01-11,82.66999816894531,82.97000122070312,79.30000305175781,79.58999633789062,29995.0,0.0602013662844995
2023-01-12,84.02999877929688,84.61000061035156,82.37999725341797,82.86000061035156,29360.0,0.0656577498406207
2023-01-13,85.27999877929688,85.48999786376953,83.48999786376953,83.94999694824219,17857.0,0.0819500027998691
2023-01-16,85.27999877929688,85.48999786376953,83.48999786376953,83.94999694824219,17857.0,0.0819500027998691
2023-01-17,85.91999816894531,86.81999969482422,83.86000061035156,85.44000244140625,36658.0,0.0757745539360395
2023-01-18,84.9800033569336,87.83999633789062,84.4000015258789,86.72000122070312,26461.0,0.0591401391646567
2023-01-19,86.16000366210938,86.8499984741211,83.73999786376953,84.58999633789062,28822.0,0.0413493182361009
2023-01-27,86.66000366210938,88.91000366210938,85.68000030517578,87.5999984741211,10012.0,-0.0111309151546952
2023-01-30,84.9000015258789,87.37000274658203,84.75,86.80000305175781,5879.0,-0.0380194942936084
2023-01-31,84.48999786376953,85.16000366210938,83.69000244140625,85.16000366210938,30498.0,-0.0192245920313583
2023-02-01,82.83999633789062,86.19999694824219,82.37000274658203,85.5199966430664,28085.0,-0.0388307120682965
2023-02-02,82.16999816894531,83.5999984741211,81.23999786376953,83.08999633789062,24611.0,-0.062505641728082
2023-02-03,79.94000244140625,84.19000244140625,79.62000274658203,82.1500015258789,24743.0,-0.0807160747464607
2023-02-06,80.98999786376953,81.4000015258789,79.08999633789062,79.75,31365.0,-0.0471484474055362
2023-02-07,83.69000244140625,84.0999984741211,81.18000030517578,81.4000015258789,24432.0,-0.009513633664126
2023-02-08,85.08999633789062,85.16000366210938,83.5,84.02999877929688,29853.0,0.0267984845030307
2023-02-09,84.5,85.5,83.05999755859375,85.06999969482422,30520.0,0.0279612847037691
2023-02-10,86.38999938964844,86.91000366210938,83.94000244140625,84.2300033569336,30882.0,0.0775955374820604
2023-02-13,86.61000061035156,86.94999694824219,85.08999633789062,86.5999984741211,19426.0,0.067089625505653
2023-02-14,85.58000183105469,86.4000015258789,84.12000274658203,85.75,19585.0,0.0223321071676943
2023-02-15,85.37999725341797,85.8499984741211,83.9000015258789,85.29000091552734,21161.0,0.0034023723375045
2023-02-16,85.13999938964844,86.19999694824219,84.5999984741211,85.13999938964844,20089.0,0.0075454188680788
2023-02-17,83.0,84.8499984741211,81.79000091552734,84.66999816894531,27191.0,-0.0400313135091229
2023-02-20,83.0,84.8499984741211,81.79000091552734,84.66999816894531,27191.0,-0.0400313135091229
2023-02-21,83.05000305175781,84.29000091552734,82.54000091552734,83.01000213623047,31936.0,-0.0419724165847457
2023-02-22,80.5999984741211,83.2300033569336,80.4000015258789,82.73999786376953,20309.0,-0.0599530018034129
2023-02-23,82.20999908447266,82.75,80.33999633789062,80.47000122070312,14474.0,-0.0378349111333051
2023-02-24,83.16000366210938,83.37999725341797,81.06999969482422,82.3499984741211,13365.0,-0.0235304462044865
2023-02-27,82.44999694824219,83.62999725341797,81.73999786376953,83.12000274658203,5691.0,-0.0066485958044268
2023-02-28,83.88999938964844,84.12000274658203,82.61000061035156,82.63999938964844,24882.0,0.0100635367772521
2023-03-01,84.30999755859375,84.48999786376953,82.61000061035156,83.0999984741211,26723.0,0.0450018223960083
2023-03-02,84.75,85.08999633789062,83.83999633789062,84.30999755859375,17997.0,0.030428808232965
2023-03-03,85.83000183105469,86.0,82.36000061035156,84.41000366210938,27594.0,0.0316021100369122
2023-03-06,86.18000030517578,86.36000061035156,84.3499984741211,85.93000030517578,24587.0,0.0442461237366648
2023-03-07,83.29000091552734,86.76000213623047,82.6500015258789,86.2300033569336,26092.0,-0.0071779046432925
2023-03-08,82.66000366210938,83.58999633789062,82.05000305175781,82.9800033569336,23661.0,-0.0197645995902222
2023-03-09,81.58999633789062,84.01000213623047,81.41000366210938,82.62000274658203,25018.0,-0.0379990857041437
2023-03-10,82.77999877929688,83.08000183105469,80.7300033569336,81.47000122070312,26753.0,-0.0361821454893999
2023-03-13,80.7699966430664,83.47000122070312,78.33999633789062,82.54000091552734,38195.0,-0.0648325678362708
2023-03-14,77.44999694824219,80.87999725341797,76.87999725341797,80.69000244140625,33198.0,-0.0726959774793575
2023-03-15,73.69000244140625,78.70999908447266,71.62999725341797,77.56999969482422,46598.0,-0.1148687154771935
2023-03-16,74.69999694824219,75.5199966430664,71.86000061035156,74.3499984741211,29873.0,-0.0882266092711634
2023-03-17,72.97000122070312,75.9000015258789,71.3499984741211,74.55000305175781,34734.0,-0.1261380570678688
2023-03-20,73.79000091552734,73.8499984741211,70.12999725341797,72.88999938964844,22185.0,-0.0903823344150889
2023-03-21,75.31999969482422,75.4000015258789,72.80999755859375,73.73999786376953,18784.0,-0.0278868277227068
2023-03-22,76.69000244140625,77.08999633789062,74.5199966430664,75.08999633789062,19933.0,0.0399042157018331
2023-03-23,75.91000366210938,77.43000030517578,75.12000274658203,75.73999786376953,18685.0,0.0160684249862023
2023-03-24,74.98999786376953,76.27999877929688,72.69000244140625,75.41999816894531,18941.0,0.0273063283200624
2023-03-27,78.12000274658203,78.43000030517578,74.80000305175781,75.23999786376953,13874.0,0.0570229076895017
2023-03-28,78.6500015258789,79.20999908447266,77.55000305175781,78.18000030517578,17782.0,0.0432619491679341
2023-03-29,78.27999877929688,79.69999694824219,77.94999694824219,79.0199966430664,11027.0,0.020520773322306
2023-03-30,79.2699966430664,79.55000305175781,77.8499984741211,78.22000122070312,6818.0,0.0433112282295123
2023-03-31,79.7699966430664,79.7699966430664,79.06999969482422,79.27999877929688,38477.0,0.0617927090139531
2023-04-03,84.93000030517578,86.23999786376953,83.29000091552734,83.29000091552734,37587.0,0.0835812502182026
2023-04-04,84.94000244140625,86.05000305175781,83.87000274658203,84.77999877929688,32987.0,0.0769375047226773
2023-04-05,84.98999786376953,85.55000305175781,84.01000213623047,85.0999984741211,28362.0,0.0822414504416403
2023-04-06,85.12000274658203,85.44000244140625,84.05000305175781,84.83000183105469,0.0,0.0712023533595424
2023-04-07,85.12000274658203,85.44000244140625,84.05000305175781,84.83000183105469,0.0,0.0712023533595424
2023-04-10,84.18000030517578,85.63999938964844,84.08000183105469,84.94999694824219,14242.0,0.0538099151273214
2023-04-11,85.61000061035156,85.68000030517578,83.75,84.27999877929688,28189.0,0.0079747144986563
2023-04-12,87.33000183105469,87.48999786376953,85.41000366210938,85.55000305175781,36337.0,0.0277489137648764
2023-04-13,86.08999633789062,87.47000122070312,86.05999755859375,87.1500015258789,26363.0,0.0128596407562575
2023-04-14,86.30999755859375,86.86000061035156,85.54000091552734,86.33999633789062,28360.0,0.0138833800845741
2023-04-17,84.76000213623047,86.51000213623047,84.3499984741211,86.2699966430664,30271.0,0.0068663916356822
2023-04-18,84.7699966430664,85.4000015258789,83.81999969482422,84.81999969482422,27241.0,-0.0098604388640139
2023-04-19,83.12000274658203,85.1500015258789,82.41000366210938,84.86000061035156,30732.0,-0.0494086875581693
2023-04-20,81.0999984741211,83.04000091552734,80.7699966430664,83.0,26114.0,-0.0597102758251278
2023-04-21,81.66000366210938,82.04000091552734,80.44999694824219,80.83000183105469,17805.0,-0.0553811072078387
2023-04-24,82.7300033569336,82.98999786376953,80.48999786376953,81.5999984741211,16684.0,-0.0242414248243122
2023-04-25,80.7699966430664,83.05000305175781,80.3499984741211,82.58000183105469,17134.0,-0.0483360991272578
2023-04-26,77.69000244140625,81.47000122070312,77.4800033569336,81.0,15436.0,-0.0675587994472441
2023-04-27,78.37000274658203,78.62999725341797,77.38999938964844,77.87000274658203,8926.0,-0.0342417061954666
2023-04-28,79.54000091552734,79.5999984741211,77.97000122070312,78.30999755859375,26788.0,-0.0263042794474248
2023-05-04,72.5,73.7300033569336,68.19999694824219,71.88999938964844,30132.0,-0.0778546742504881
2023-05-05,75.30000305175781,75.7300033569336,72.41000366210938,72.6500015258789,20363.0,-0.0547798759559811
2023-05-08,77.01000213623047,77.41999816894531,74.95999908447266,75.41000366210938,17211.0,-0.0294288820213369
2023-05-09,77.44000244140625,77.48999786376953,75.06999969482422,76.8499984741211,24836.0,0.027757774757516
2023-05-10,76.41000366210938,77.5999984741211,75.68000030517578,77.25,30289.0,0.0548746194100939
2023-05-11,74.9800033569336,77.4000015258789,74.62000274658203,76.63999938964844,32136.0,0.0336348942181893
2023-05-12,74.16999816894531,75.83999633789062,74.02999877929688,75.45999908447266,26553.0,-0.015120444272641
2023-05-15,75.2300033569336,75.75,73.48999786376953,74.25,24312.0,-0.0233851790964064
2023-05-16,74.91000366210938,75.94999694824219,74.5,75.44999694824219,23070.0,-0.0332160326481652
2023-05-17,76.95999908447266,77.30999755859375,74.08999633789062,74.68000030517578,31285.0,0.0071721688747359
2023-05-18,75.86000061035156,76.9800033569336,75.4800033569336,76.79000091552734,20152.0,0.0116680882276971
2023-05-19,75.58000183105469,77.5,75.0999984741211,75.9000015258789,22388.0,0.0188319910868537
2023-05-22,75.98999786376953,76.45999908447266,74.55000305175781,75.73999786376953,22801.0,0.0100515923752965
2023-05-23,76.83999633789062,77.73999786376953,75.6500015258789,75.97000122070312,30676.0,0.0254378483948817
2023-05-24,78.36000061035156,78.66000366210938,77.04000091552734,77.58999633789062,33849.0,0.0180278064041046
2023-05-25,76.26000213623047,78.5,75.12000274658203,78.26000213623047,36272.0,0.0052590381353652
2023-05-26,76.94999694824219,77.3499984741211,75.72000122070312,76.12000274658203,15522.0,0.0179640984778647
2023-05-29,76.94999694824219,77.3499984741211,75.72000122070312,76.12000274658203,15522.0,0.0179640984778647
2023-05-30,73.54000091552734,77.73999786376953,73.16000366210938,77.37000274658203,13840.0,-0.0327722362471934
2023-05-31,72.66000366210938,73.7699966430664,71.55000305175781,73.6500015258789,34611.0,-0.0559342130477822
2023-06-01,74.27999877929688,75.25,72.01000213623047,72.08999633789062,31338.0,-0.0534718808147117
2023-06-02,76.12999725341797,76.48999786376953,74.18000030517578,74.41000366210938,26080.0,-0.0017062132012859
2023-06-05,76.70999908447266,78.72000122070312,76.30000305175781,77.5,34658.0,-0.0031237545896267
2023-06-06,76.29000091552734,76.76000213623047,74.7300033569336,76.47000122070312,27997.0,0.0367123917802533
2023-06-07,76.94999694824219,77.62000274658203,75.51000213623047,76.06999969482422,35446.0,0.0573647434322373
2023-06-08,75.95999908447266,77.66000366210938,73.56999969482422,76.80000305175781,45284.0,0.0223651538406304
2023-06-09,74.79000091552734,76.55000305175781,74.72000122070312,75.52999877929688,25616.0,-0.0177581707957118
2023-06-12,71.83999633789062,74.87999725341797,71.56999969482422,74.87999725341797,33191.0,-0.0655906930182568
2023-06-13,74.29000091552734,74.6500015258789,71.94999694824219,72.0,28142.0,-0.026565514615348
2023-06-14,73.19999694824219,75.4800033569336,73.02999877929688,74.06999969482422,26201.0,-0.049960441349332
2023-06-15,75.66999816894531,75.95999908447266,72.91000366210938,73.47000122070312,21211.0,-0.0038251173827938
2023-06-16,76.61000061035156,76.73999786376953,75.08000183105469,75.58000183105469,20871.0,0.0240434260508424
2023-06-19,76.61000061035156,76.73999786376953,75.08000183105469,75.58000183105469,20871.0,0.0240434260508424
2023-06-20,75.9000015258789,77.1500015258789,74.5199966430664,76.2300033569336,34421.0,0.0549753314873575
2023-06-21,77.12000274658203,77.23999786376953,75.37999725341797,75.5,22470.0,0.0373863204292728
2023-06-22,74.13999938964844,77.19000244140625,73.58000183105469,76.95999908447266,30975.0,0.0127598102135824
2023-06-23,73.8499984741211,74.37000274658203,72.0999984741211,74.1500015258789,15800.0,-0.024345768193014
2023-06-26,74.18000030517578,74.83000183105469,73.43000030517578,74.44999694824219,20960.0,-0.0322330483202907
2023-06-27,72.26000213623047,74.88999938964844,72.08999633789062,74.2300033569336,15262.0,-0.0491459492227847
2023-06-28,74.02999877929688,74.20999908447266,71.58000183105469,72.55999755859375,12437.0,-0.0408922859509796
2023-06-29,74.33999633789062,74.97000122070312,73.41000366210938,73.75,6372.0,0.0026939261173106
2023-06-30,74.9000015258789,75.12999725341797,74.25,74.25,29055.0,0.0141179225798673
2023-07-03,74.6500015258789,76.58000183105469,74.58000183105469,75.12999725341797,24066.0,0.0063159682502052
2023-07-04,74.6500015258789,76.58000183105469,74.58000183105469,75.12999725341797,24066.0,0.0063159682502052
2023-07-05,76.6500015258789,76.94000244140625,74.77999877929688,74.94000244140625,35538.0,0.0589788699423131
2023-07-06,76.5199966430664,77.08000183105469,75.01000213623047,76.54000091552734,29695.0,0.033081700736332
2023-07-07,78.47000122070312,78.52999877929688,76.0199966430664,76.4800033569336,26656.0,0.0540672860882074
2023-07-10,77.69000244140625,78.77999877929688,77.33999633789062,78.48999786376953,21082.0,0.0365726694919144
2023-07-11,79.4000015258789,79.5,77.63999938964844,77.86000061035156,22736.0,0.0616878430450684
2023-07-12,80.11000061035156,80.56999969482422,79.22000122070312,79.27999877929688,25367.0,0.0441510726210249
2023-07-13,81.36000061035156,81.75,79.87000274658203,80.1500015258789,28794.0,0.0613316585401317
2023-07-14,79.87000274658203,81.69000244140625,79.56999969482422,81.61000061035156,23286.0,0.0176839456217681
2023-07-17,78.5,80.62000274658203,78.26000213623047,79.44999694824219,29152.0,0.0103720444010594
2023-07-18,79.62999725341797,80.01000213623047,78.19999694824219,78.52999877929688,30304.0,0.0028924843068445
2023-07-19,79.45999908447266,80.94999694824219,79.18000030517578,79.80000305175781,33372.0,-0.0081469589813555
2023-07-20,79.63999938964844,80.2699966430664,78.66999816894531,79.5,24867.0,-0.0213672877100538
2023-07-21,81.06999969482422,81.23999786376953,79.66000366210938,79.66000366210938,23563.0,0.0149126279178136
2023-07-24,82.73999786376953,83.16000366210938,80.41999816894531,80.98999786376953,28032.0,0.0526045104263082
2023-07-25,83.63999938964844,83.87999725341797,82.23999786376953,82.83000183105469,22083.0,0.0491309954855154
2023-07-26,82.91999816894531,83.86000061035156,82.5999984741211,83.2699966430664,19315.0,0.0426225266208062
2023-07-27,84.23999786376953,84.51000213623047,82.98999786376953,83.02999877929688,18467.0,0.056153370934745
2023-07-28,84.98999786376953,85.0999984741211,83.22000122070312,84.05000305175781,11121.0,0.0472206021401877
2023-07-31,85.55999755859375,85.66000366210938,84.5199966430664,84.87999725341797,23446.0,0.0335147204650984
2023-08-01,84.91000366210938,85.79000091552734,84.26000213623047,85.3499984741211,27179.0,0.0150700478775088
2023-08-02,83.19999694824219,85.9800033569336,82.75,85.7300033569336,32246.0,0.003371045661986
2023-08-03,85.13999938964844,85.41999816894531,82.37000274658203,83.44000244140625,30333.0,0.0106271107643486
2023-08-04,86.23999786376953,86.6500015258789,85.11000061035156,85.31999969482422,22130.0,0.0146005050144708
2023-08-07,85.33999633789062,86.70999908447266,85.04000091552734,86.13999938964844,19591.0,-0.0025746208319083
2023-08-08,86.16999816894531,86.3499984741211,83.31999969482422,85.83999633789062,26377.0,0.0147301528617689
2023-08-09,87.55000305175781,87.66000366210938,85.94000244140625,86.01000213623047,29154.0,0.050962782441793
2023-08-10,86.4000015258789,88.0999984741211,86.1500015258789,87.37000274658203,28721.0,0.0146907402394381
2023-08-11,86.80999755859375,87.3499984741211,85.8499984741211,86.38999938964844,33204.0,0.0065877118902308
2023-08-14,86.20999908447266,86.69999694824219,85.5,86.63999938964844,24768.0,0.0101429347542374
2023-08-15,84.88999938964844,86.66999816894531,84.29000091552734,86.30000305175781,29945.0,-0.0149657744423809
2023-08-16,83.44999694824219,85.36000061035156,83.12000274658203,85.12000274658203,31925.0,-0.0479624800512263
2023-08-17,84.12000274658203,84.88999938964844,83.05000305175781,83.3499984741211,33977.0,-0.0267433099853856
2023-08-18,84.80000305175781,85.06999969482422,83.31999969482422,83.83000183105469,26072.0,-0.0234262154945893
2023-08-21,84.45999908447266,85.87000274658203,84.30999755859375,85.05999755859375,27958.0,-0.0205081309360756
2023-08-22,84.02999877929688,84.6500015258789,83.83999633789062,84.38999938964844,27081.0,-0.0101824301468303
2023-08-23,83.20999908447266,84.23999786376953,81.97000122070312,83.9800033569336,35103.0,-0.002880091628221
2023-08-24,83.36000061035156,83.61000061035156,81.97000122070312,82.98999786376953,27997.0,-0.0090757981583271
2023-08-25,84.4800033569336,84.97000122070312,82.69000244140625,83.19999694824219,20715.0,-0.0037807190911864
2023-08-28,84.41999816894531,85.22000122070312,84.11000061035156,84.87000274658203,14607.0,-0.0004737200014916
2023-08-29,85.48999786376953,85.6500015258789,83.77999877929688,84.37999725341797,14579.0,0.0172255216369328
2023-08-30,85.86000061035156,86.20999908447266,85.12999725341797,85.62999725341797,12280.0,0.0313505479953714
2023-08-31,86.86000061035156,86.9000015258789,85.8499984741211,85.8499984741211,33559.0,0.0411290488065861
2023-09-05,90.04000091552734,91.18000030517578,88.06999969482422,88.69999694824219,46893.0,0.0644497075420068
2023-09-06,90.5999984741211,91.11000061035156,89.25,89.9800033569336,25396.0,0.0580548111569351
2023-09-07,89.91999816894531,90.86000061035156,89.47000122070312,90.61000061035156,22300.0,0.04620229587713
2023-09-08,90.6500015258789,91.0199966430664,89.30000305175781,89.80000305175781,27150.0,0.0427083198999822
2023-09-11,90.63999938964844,91.4499969482422,90.12000274658205,90.66000366210938,29901.0,0.0233282112934415
2023-09-12,92.05999755859376,92.41999816894533,90.54000091552734,90.55999755859376,31070.0,0.0221864856628279
2023-09-13,91.87999725341795,92.83000183105467,91.62999725341795,91.93000030517578,31803.0,0.0140291517207503
2023-09-14,93.6999969482422,94.20999908447266,92.02999877929688,92.1999969482422,36699.0,0.0411777908926942
2023-09-15,93.93000030517578,94.61000061035156,92.66999816894533,94.12999725341795,35162.0,0.0355438732218935
2023-09-18,94.43000030517578,94.9499969482422,93.77999877929688,94.1999969482422,33918.0,0.0409632125207935
2023-09-19,94.33999633789062,95.9499969482422,94.16999816894533,94.62999725341795,43614.0,0.0244647271685446
2023-09-20,93.52999877929688,94.7300033569336,92.76000213623048,94.4800033569336,43515.0,0.0177988794672455
2023-09-21,93.3000030517578,94.5999984741211,92.1999969482422,93.22000122070312,38711.0,-0.0042780161125379
2023-09-22,93.2699966430664,94.62999725341795,92.8000030517578,93.31999969482422,31511.0,-0.0070513505081913
2023-09-25,93.29000091552734,94.25,92.54000091552734,93.75,18626.0,-0.0121458917200975
2023-09-26,93.95999908447266,94.20999908447266,91.8000030517578,93.26000213623048,18509.0,-0.0040360889909976
2023-09-27,96.5500030517578,97.04000091552734,94.1500015258789,94.16000366210938,23665.0,0.0317788130875801
2023-09-28,95.37999725341795,97.62999725341795,94.75,96.62000274658205,9192.0,0.0220487435114883
2023-09-29,95.30999755859376,96.23999786376952,94.95999908447266,95.0999984741211,47666.0,0.0216362345869054
2023-10-02,90.70999908447266,93.31999969482422,90.3499984741211,92.19000244140624,38153.0,-0.0280453362526991
2023-10-03,90.91999816894533,91.55999755859376,89.5199966430664,90.44000244140624,50094.0,-0.0328891712017555
2023-10-04,85.80999755859375,91.19000244140624,85.7300033569336,90.95999908447266,49185.0,-0.1179255191148519
2023-10-05,84.06999969482422,86.51000213623047,83.83999633789062,86.02999877929688,44895.0,-0.1262191025566872
2023-10-06,84.58000183105469,84.95999908447266,83.44999694824219,84.22000122070312,41254.0,-0.1194368576409756
2023-10-09,88.1500015258789,89.0,86.06999969482422,86.3499984741211,37096.0,-0.0286276683800421
2023-10-10,87.6500015258789,88.47000122070312,86.91999816894531,88.11000061035156,29704.0,-0.0366283500691417
2023-10-11,85.81999969482422,88.25,85.22000122070312,87.75,37902.0,0.0001165546396533
2023-10-12,86.0,87.63999938964844,85.18000030517578,85.5999984741211,40488.0,0.0226975147363223
2023-10-13,90.88999938964844,90.98999786376952,86.27999877929688,86.41000366210938,44455.0,0.071952123722269
2023-10-16,89.6500015258789,91.38999938964844,89.48999786376953,90.91999816894533,28811.0,0.0168732909176359
2023-10-17,89.9000015258789,90.91999816894533,88.87000274658203,90.05999755859375,27054.0,0.0253463296746276
2023-10-18,91.5,92.97000122070312,90.5999984741211,90.9000015258789,35456.0,0.0640868962740953
2023-10-19,92.37999725341795,93.47000122070312,89.52999877929688,91.33999633789062,34880.0,0.0715631790176018
2023-10-20,92.16000366210938,93.79000091552734,91.68000030517578,92.8499984741211,30081.0,0.0138762592686086
2023-10-23,89.83000183105469,92.43000030517578,89.62000274658203,92.12999725341795,36158.0,0.0020057985531271
2023-10-24,88.06999969482422,90.66999816894533,87.3499984741211,90.3499984741211,42436.0,-0.0205660090984255
2023-10-25,90.12999725341795,90.33999633789062,86.66999816894531,88.13999938964844,47506.0,-0.0150859301867186
2023-10-26,87.93000030517578,90.36000061035156,87.55000305175781,90.04000091552734,22662.0,-0.0493694284095315
2023-10-27,90.4800033569336,90.73999786376952,87.83999633789062,88.26000213623047,21249.0,-0.0183973677747577
2023-10-30,87.44999694824219,90.3000030517578,87.22000122070312,90.3000030517578,15413.0,-0.0268518490572323
2023-10-31,87.41000366210938,88.52999877929688,87.41000366210938,87.80999755859375,35673.0,-0.0075222148640508
2023-11-01,84.62999725341797,87.22000122070312,84.55999755859375,85.44999694824219,36235.0,-0.0629642608667431
2023-11-02,86.8499984741211,87.02999877929688,84.61000061035156,84.94000244140625,31512.0,-0.0123585717435939
2023-11-03,84.88999938964844,87.77999877929688,84.55000305175781,86.86000061035156,36172.0,-0.0637725753492871
2023-11-06,85.18000030517578,86.44999694824219,84.91000366210938,85.38999938964844,26524.0,-0.0263004984896533
2023-11-07,81.61000061035156,85.31999969482422,81.41999816894531,85.2300033569336,38007.0,-0.0686579235281335
2023-11-08,79.54000091552734,81.93000030517578,79.16000366210938,81.47000122070312,36137.0,-0.0620287299381935
2023-11-09,80.01000213623047,81.4800033569336,79.44000244140625,79.77999877929688,32592.0,-0.0820308215564085
2023-11-10,81.43000030517578,82.05000305175781,79.61000061035156,79.69999694824219,20653.0,-0.0416125343332182
2023-11-13,82.5199966430664,82.81999969482422,80.41000366210938,81.44999694824219,22380.0,-0.0317260205549758
2023-11-14,82.47000122070312,83.97000122070312,82.05000305175781,82.75,25753.0,0.0104827946870144
2023-11-15,81.18000030517578,83.01000213623047,80.80000305175781,82.37999725341797,32261.0,0.0204088638801795
2023-11-16,77.41999816894531,81.16000366210938,76.5999984741211,80.94000244140625,37692.0,-0.0329065320629997
2023-11-17,80.61000061035156,80.80000305175781,77.27999877929688,77.52999877929688,35037.0,-0.0101210403595767
2023-11-20,82.31999969482422,82.93000030517578,79.97000122070312,80.47000122070312,24121.0,-0.0024265597042025
2023-11-21,82.44999694824219,82.52999877929688,81.41000366210938,82.12999725341797,22699.0,-0.0002425936548768
2023-11-22,81.95999908447266,82.62999725341797,78.41000366210938,82.4000015258789,40651.0,0.0095623970302823
2023-11-23,81.37000274658203,81.62999725341797,80.18000030517578,81.62999725341797,40651.0,0.0497615669642236
2023-11-24,80.58000183105469,82.19999694824219,80.18000030517578,81.62999725341797,19356.0,-0.0003722163805305
2023-11-27,79.9800033569336,81.18000030517578,79.12999725341797,80.33999633789062,15161.0,-0.028837442427771
2023-11-28,81.68000030517578,82.18000030517578,79.83000183105469,80.13999938964844,15095.0,-0.0093828343995246
2023-11-29,83.0999984741211,83.23999786376953,80.95999908447266,81.93000030517578,8045.0,0.0138133712991596
2023-11-30,82.83000183105469,84.70999908447266,82.66999816894531,82.87000274658203,59320.0,0.0177836482535506
2023-12-01,78.87999725341797,81.5199966430664,78.75,80.47000122070312,29551.0,-0.0213228270120121
2023-12-04,78.02999877929688,79.66000366210938,77.5199966430664,79.43000030517578,32582.0,-0.0246832929061877
2023-12-05,77.19999694824219,79.06999969482422,76.9800033569336,78.19999694824219,30931.0,-0.0564097600924583
2023-12-06,74.30000305175781,77.62999725341797,74.11000061035156,77.05999755859375,34004.0,-0.1119336907022728
2023-12-07,74.05000305175781,75.4800033569336,73.61000061035156,74.30000305175781,26600.0,-0.1120497547904187
2023-12-08,75.83999633789062,76.36000061035156,74.2300033569336,74.5,21497.0,-0.0393018658151694
2023-12-11,76.02999877929688,76.4800033569336,75.0,75.66000366210938,20413.0,-0.025965369299847
2023-12-12,73.23999786376953,76.63999938964844,72.86000061035156,76.25,29568.0,-0.0526577268614163
2023-12-13,74.26000213623047,74.69999694824219,72.30000305175781,73.36000061035156,27711.0,-0.000538515281329
2023-12-14,76.61000061035156,77.3499984741211,74.45999908447266,74.70999908447266,28386.0,0.0339870425697942
2023-12-15,76.55000305175781,77.22000122070312,75.33000183105469,76.5999984741211,19442.0,0.0093183523104366
2023-12-18,77.94999694824219,79.51000213623047,75.77999877929688,76.97000122070312,30258.0,0.0249395731687887
2023-12-19,79.2300033569336,79.66000366210938,77.43000030517578,78.05000305175781,25735.0,0.078613366707854
2023-12-20,79.69999694824219,80.61000061035156,79.08000183105469,79.25,26913.0,0.0706970699897663
2023-12-21,79.38999938964844,80.12000274658203,77.8499984741211,79.13999938964844,22237.0,0.0356447835532809
2023-12-22,79.06999969482422,80.37000274658203,78.83000183105469,79.44000244140625,12334.0,0.0323893702533764
2023-12-25,79.06999969482422,80.37000274658203,78.83000183105469,79.44000244140625,12334.0,0.0323893702533764
2023-12-26,81.06999969482422,81.70999908447266,78.80999755859375,79.19000244140625,10247.0,0.0392454188816783
2023-12-27,79.6500015258789,81.31999969482422,79.48999786376953,80.73999786376953,8282.0,0.005286998166731
2023-12-28,78.38999938964844,79.95999908447266,78.33999633789062,79.83999633789062,24301.0,-0.0165731870910651
2023-12-29,77.04000091552734,77.97000122070312,76.75,77.41999816894531,20115.0,-0.0300476286753441
2024-01-02,75.88999938964844,79.04000091552734,75.5999984741211,77.20999908447266,28591.0,-0.0410486168500317
2024-01-03,78.25,78.66999816894531,74.79000091552734,75.98999786376953,32172.0,-0.0354041458150041
2024-01-04,77.58999633789062,79.4000015258789,76.5,78.5,33154.0,-0.0262035498057134
2024-01-05,78.76000213623047,79.25,77.5,77.5999984741211,30994.0,0.0047089204796752
2024-01-08,76.12000274658203,78.94999694824219,75.26000213623047,78.5999984741211,32539.0,-0.0120137008634488
2024-01-09,77.58999633789062,78.18000030517578,75.95999908447266,76.36000061035156,27914.0,0.0221535903344042
2024-01-10,76.80000305175781,78.7300033569336,76.37999725341797,77.45999908447266,34395.0,-0.018704149530207
2024-01-11,77.41000366210938,79.08999633789062,76.6500015258789,76.73999786376953,35565.0,-0.00232248718306
2024-01-12,78.29000091552734,80.73999786376953,77.93000030517578,78.45999908447266,31824.0,-0.0059853882803413
2024-01-15,78.29000091552734,80.73999786376953,77.93000030517578,78.45999908447266,31824.0,-0.0059853882803413
2024-01-16,78.29000091552734,79.38999938964844,76.83000183105469,78.08000183105469,46742.0,0.0281088141036614
2024-01-17,77.87999725341797,78.18000030517578,76.5,77.86000061035156,35892.0,0.0037306395295081
2024-01-18,79.0999984741211,79.30000305175781,77.33999633789062,78.05000305175781,28190.0,0.0295081755930479
2024-01-19,78.55999755859375,79.75,78.33000183105469,78.9800033569336,23734.0,0.014746614444663
2024-01-22,80.05999755859375,80.55000305175781,77.81999969482422,78.8499984741211,27825.0,0.0223564304558451
2024-01-23,79.55000305175781,80.44000244140625,78.69999694824219,79.91000366210938,27835.0,0.0159659005326833
2024-01-24,80.04000091552734,80.73999786376953,79.05000305175781,79.73999786376953,22429.0,0.0273573759167536
2024-01-25,82.43000030517578,82.55999755859375,80.06999969482422,80.30999755859375,21420.0,0.0412365965442743
2024-01-26,83.55000305175781,83.83000183105469,81.31999969482422,82.38999938964844,19128.0,0.0615826585982814
2024-01-29,82.4000015258789,84.79000091552734,82.04000091552734,84.12999725341797,12802.0,0.0288091323636536
2024-01-30,82.87000274658203,83.25,81.33999633789062,82.56999969482422,7284.0,0.0408873548576531
2024-01-31,81.70999908447266,82.80000305175781,81.70999908447266,82.58999633789062,33486.0,0.0206498610381172
2024-02-01,78.69999694824219,81.55000305175781,78.58000183105469,80.66999816894531,48919.0,-0.0463063353811215
2024-02-02,77.33000183105469,79.44000244140625,76.86000061035156,78.91999816894531,32405.0,-0.0773632892681321
2024-02-05,77.98999786376953,78.33000183105469,76.62000274658203,77.66000366210938,24879.0,-0.0550048694820492
2024-02-06,78.58999633789062,79.06999969482422,77.6500015258789,77.94000244140625,24904.0,-0.0530287297237798
2024-02-07,79.20999908447266,79.47000122070312,78.48999786376953,78.69999694824219,26342.0,-0.0310738402740634
2024-02-15,82.86000061035156,83.25,80.72000122070312,81.5199966430664,31230.0,0.014955636198773
2024-02-16,83.47000122070312,83.66000366210938,81.9000015258789,82.83000183105469,34125.0,0.0154536306222707
2024-02-19,83.47000122070312,83.66000366210938,81.9000015258789,82.83000183105469,34125.0,0.0154536306222707
2024-02-20,82.33999633789062,83.62999725341797,82.05000305175781,83.30000305175781,34581.0,0.0041377246020445
2024-02-21,83.02999877929688,83.16999816894531,81.66999816894531,82.55999755859375,23038.0,0.0031363372320539
2024-02-22,83.66999816894531,83.97000122070312,82.33999633789062,83.16000366210938,27885.0,0.0250512251526983
2024-02-23,81.62000274658203,83.4800033569336,81.44000244140625,83.41999816894531,19427.0,-0.0150780803868088
2024-02-26,82.52999877929688,83.05999755859375,81.0199966430664,81.58999633789062,15694.0,-0.0113254516735287
2024-02-27,83.6500015258789,83.73999786376953,82.0999984741211,82.55000305175781,10882.0,0.0157844738077654
2024-02-28,83.68000030517578,84.30000305175781,82.62000274658203,83.4000015258789,6015.0,0.0077980303915642
2024-02-29,83.62000274658203,83.73999786376953,83.04000091552734,83.6500015258789,27327.0,-0.0005977096488505
2024-03-01,83.55000305175781,84.3499984741211,81.80999755859375,81.97000122070312,30885.0,0.023370927939023
2024-03-04,82.80000305175781,84.06999969482422,82.58000183105469,83.58999633789062,26396.0,0.0032662494346218
2024-03-05,82.04000091552734,83.13999938964844,81.7300033569336,82.97000122070312,37442.0,-0.0194345013103593
2024-03-06,82.95999908447266,84.05999755859375,81.88999938964844,82.08000183105469,35173.0,-0.0086414510780473
2024-03-07,82.95999908447266,83.47000122070312,82.06999969482422,82.83999633789062,32447.0,-0.0079242058889091
2024-03-08,82.08000183105469,83.83999633789062,81.70999908447266,83.33999633789062,26605.0,-0.0177508878368975
2024-03-11,82.20999908447266,82.7300033569336,81.08000183105469,81.91000366210938,28619.0,-0.0071511602205972
2024-03-12,81.91999816894531,83.01000213623047,81.69000244140625,82.43000030517578,29951.0,-0.001463805424248
2024-03-13,84.02999877929688,84.22000122070312,81.97000122070312,82.38999938964844,34043.0,0.0128153105276313
2024-03-14,85.41999816894531,85.68000030517578,83.94000244140625,83.9800033569336,34250.0,0.0292216910919154
2024-03-15,85.33999633789062,85.55000305175781,84.62999725341797,85.12999725341797,23623.0,0.0389488311172308
2024-03-18,86.88999938964844,87.18000030517578,85.26000213623047,85.37999725341797,33687.0,0.0553660057991034
2024-03-19,87.37999725341797,87.70999908447266,86.48999786376953,86.8499984741211,30045.0,0.0645232531512172
2024-03-20,85.94999694824219,87.3499984741211,85.58000183105469,87.22000122070312,35304.0,0.0225918329095237
2024-03-21,85.77999877929688,86.63999938964844,85.05000305175781,86.16000366210938,23829.0,0.004205620880689
2024-03-22,85.43000030517578,86.1500015258789,85.11000061035156,85.55000305175781,14778.0,0.0010540958878979
2024-03-25,86.75,87.18000030517578,85.4000015258789,85.5999984741211,21176.0,-0.0016125249997293
2024-03-26,86.25,87.05000305175781,85.80999755859375,86.7699966430664,12736.0,-0.0130163361792036
2024-03-27,86.08999633789062,86.36000061035156,85.18000030517578,85.97000122070312,8449.0,0.0016275218090534
2024-03-28,87.4800033569336,87.4800033569336,86.31999969482422,86.52999877929688,30759.0,0.0196243693241848
2024-03-29,87.4800033569336,87.4800033569336,86.31999969482422,86.52999877929688,30759.0,0.0196243693241848
2024-04-01,87.41999816894531,87.98999786376953,86.4000015258789,86.93000030517578,29598.0,0.0230267377539194
2024-04-02,88.91999816894531,89.27999877929688,87.6500015258789,87.80000305175781,40754.0,0.024706649676869
2024-04-03,89.3499984741211,89.9800033569336,88.68000030517578,89.20999908447266,35138.0,0.0353111686164197
2024-04-04,90.6500015258789,91.3000030517578,88.7300033569336,89.5,38764.0,0.051612735901789
2024-04-05,91.16999816894533,91.91000366210938,90.56999969482422,91.01000213623048,37391.0,0.0413156413305579
2024-04-08,90.37999725341795,91.0999984741211,88.80000305175781,90.30999755859376,39142.0,0.0332989051041863
2024-04-09,89.41999816894531,90.94000244140624,89.2699966430664,90.5500030517578,33993.0,0.0056072818249816
2024-04-10,90.4800033569336,90.66000366210938,88.83000183105469,89.51000213623047,51136.0,0.0125676443813633
2024-04-11,89.73999786376953,90.91999816894533,89.37000274658203,90.54000091552734,47337.0,-0.010089377290327
2024-04-12,90.4499969482422,92.18000030517578,90.01000213623047,90.29000091552734,43560.0,-0.0079286974112685
2024-04-15,90.0999984741211,91.1500015258789,88.7300033569336,90.37000274658205,35488.0,-0.0031028259149659
2024-04-16,90.0199966430664,90.83000183105467,89.41000366210938,90.43000030517578,34348.0,0.0066874802449913
2024-04-17,87.29000091552734,90.1500015258789,87.13999938964844,90.05000305175781,45933.0,-0.0358929496736524
2024-04-19,87.29000091552734,90.77999877929688,86.16000366210938,86.95999908447266,45203.0,-0.0355612588659821
2024-04-22,87.0,87.25,85.79000091552734,87.04000091552734,32395.0,-0.0350120290243154
2024-04-23,88.41999816894531,88.48999786376953,86.04000091552734,87.2300033569336,35381.0,-0.0179336628843168
2024-04-24,88.0199966430664,88.80000305175781,87.6500015258789,88.45999908447266,26662.0,0.0083281040090397
2024-04-25,89.01000213623047,89.26000213623047,87.29000091552734,88.11000061035156,24588.0,0.0215770521332559
2024-04-26,89.5,89.83000183105469,88.80000305175781,89.20999908447266,15475.0,0.0250027060452097
2024-05-02,83.66999816894531,84.41999816894531,83.02999877929688,83.55999755859375,39951.0,-0.0618682785474696
2024-05-03,82.95999908447266,84.4000015258789,82.80000305175781,83.80000305175781,31511.0,-0.0758800723953061
2024-05-06,83.33000183105469,83.81999969482422,82.76000213623047,82.9800033569336,23246.0,-0.0590633365370208
2024-05-07,83.16000366210938,83.87000274658203,82.4000015258789,83.58999633789062,33414.0,-0.054978138467778
2024-05-08,83.58000183105469,83.81999969482422,81.72000122070312,83.04000091552734,35419.0,0.0016764389756386
2024-05-09,83.87999725341797,84.33000183105469,83.45999908447266,83.77999877929688,25231.0,0.0025067048662729
2024-05-10,82.79000091552734,84.5199966430664,82.70999908447266,84.20999908447266,25062.0,-0.0020512606763599
2024-05-13,83.36000061035156,83.83000183105469,82.26000213623047,82.69999694824219,29242.0,0.0003599349592821
2024-05-14,82.37999725341797,83.62000274658203,82.0999984741211,83.5,33169.0,-0.0094238513591848
2024-05-15,82.75,83.06999969482422,81.05999755859375,82.7699966430664,41744.0,-0.0099802646704059
2024-05-16,83.2699966430664,83.77999877929688,82.30999755859375,82.93000030517578,27576.0,-0.0072988733556506
2024-05-17,83.9800033569336,84.04000091552734,83.08999633789062,83.44000244140625,23516.0,0.0142714230199154
2024-05-20,83.70999908447266,84.5,83.12000274658203,84.0,22320.0,0.004189848408139
2024-05-21,82.87999725341797,83.73999786376953,82.05999755859375,83.69999694824219,29726.0,0.0060510897043747
2024-05-22,81.9000015258789,82.63999938964844,81.58000183105469,82.4800033569336,32042.0,-0.0103250047671486
2024-05-23,81.36000061035156,82.97000122070312,80.93000030517578,81.69000244140625,27035.0,-0.0232045406917181
2024-05-24,82.12000274658203,82.44999694824219,80.66000366210938,81.54000091552734,17991.0,-0.0223970896323692
2024-05-27,82.12000274658203,82.44999694824219,80.66000366210938,81.54000091552734,17991.0,-0.0223970896323692
2024-05-28,84.22000122070312,84.62999725341797,82.06999969482422,82.1500015258789,23477.0,0.0060740034929291
2024-05-29,83.5999984741211,85.01000213623047,83.30000305175781,84.62000274658203,15987.0,0.0086497564666052
2024-05-30,81.86000061035156,83.76000213623047,81.81999969482422,83.5,9220.0,-0.0004885309697251
2024-05-31,81.62000274658203,82.12000274658203,81.18000030517578,81.77999877929688,33414.0,0.0031906043863375
2024-06-03,78.36000061035156,81.62999725341797,78.08999633789062,81.19000244140625,42771.0,-0.0468680247312793
2024-06-04,77.5199966430664,78.20999908447266,76.75,78.16000366210938,41209.0,-0.0828965129495877
2024-06-05,78.41000366210938,78.5999984741211,77.13999938964844,77.16999816894531,37039.0,-0.0640919848910647
2024-06-06,79.87000274658203,80.06999969482422,78.37000274658203,78.58000183105469,36186.0,-0.0246101312028453
2024-06-07,79.62000274658203,80.37999725341797,79.33000183105469,80.0199966430664,26371.0,-0.0248090115602022
2024-06-10,81.62999725341797,82.16000366210938,79.3499984741211,79.41000366210938,36413.0,0.0408832069511301
2024-06-11,81.91999816894531,82.36000061035156,81.19999694824219,81.97000122070312,35178.0,0.0552072146610426
2024-06-12,82.5999984741211,83.33999633789062,81.97000122070312,82.12000274658203,40802.0,0.0520581451063708
2024-06-13,82.75,83.04000091552734,81.80000305175781,82.54000091552734,39191.0,0.0354236669397192
2024-06-14,82.62000274658203,83.38999938964844,81.91999816894531,82.13999938964844,39346.0,0.0369864631438644
2024-06-17,84.25,84.55000305175781,82.11000061035156,82.62000274658203,32978.0,0.0315917614159305
2024-06-18,85.33000183105469,85.4800033569336,83.66000366210938,84.4000015258789,45690.0,0.040782975067548
2024-06-19,85.33000183105469,85.4800033569336,83.66000366210938,84.4000015258789,45690.0,0.040782975067548
2024-06-20,85.70999908447266,85.97000122070312,84.88999938964844,85.37999725341797,52543.0,0.0369598321752829
2024-06-21,85.23999786376953,86.2300033569336,84.83999633789062,85.68000030517578,25055.0,0.029646767911882
2024-06-24,86.01000213623047,86.16999816894531,84.7300033569336,85.08999633789062,28043.0,0.040211778188222
2024-06-25,85.01000213623047,86.31999969482422,84.76000213623047,86.1500015258789,26591.0,0.0089803525259629
2024-06-26,85.25,85.81999969482422,84.4800033569336,84.88999938964844,18107.0,-0.0009379978433774
2024-06-27,86.38999938964844,86.51000213623047,84.88999938964844,85.25,11216.0,0.0079024270766159
2024-06-28,86.41000366210938,87.2300033569336,86.29000091552734,86.54000091552734,38920.0,0.0136326700648726
2024-07-01,86.5999984741211,86.87999725341797,84.87999725341797,84.9000015258789,55468.0,0.0068362045481515
2024-07-02,86.23999786376953,87.44999694824219,86.16999816894531,86.69000244140625,52311.0,0.0143651606314912
2024-07-03,87.33999633789062,87.37999725341797,85.88999938964844,86.5,39021.0,0.0242203899644384
2024-07-04,87.33999633789062,87.37999725341797,85.88999938964844,86.5,39021.0,0.0242203899644384
2024-07-05,86.54000091552734,87.94999694824219,86.48999786376953,87.02999877929688,51456.0,0.0017348240702567
2024-07-08,85.75,86.91000366210938,85.55000305175781,86.75,36568.0,-0.0076673661878777
2024-07-09,84.66000366210938,85.8499984741211,84.54000091552734,85.68000030517578,44667.0,-0.0226565195990973
2024-07-10,85.08000183105469,85.6500015258789,84.0,85.01000213623047,51274.0,-0.0135420705363247
2024-07-11,85.4000015258789,85.88999938964844,84.6500015258789,85.41999816894531,47743.0,-0.022462387466106
2024-07-12,85.02999877929688,86.33999633789062,84.95999908447266,85.58999633789062,48430.0,-0.0176026243344229
2024-07-15,84.8499984741211,85.36000061035156,84.41000366210938,85.02999877929688,36586.0,-0.0105511123490658
2024-07-16,83.7300033569336,84.87000274658203,83.30000305175781,84.86000061035156,45546.0,-0.0110459020407398
2024-07-17,85.08000183105469,85.19999694824219,83.44000244140625,83.83999633789062,44273.0,0.0
2024-07-18,85.11000061035156,85.81999969482422,84.22000122070312,85.19999694824219,45867.0,-0.0034015740017627
2024-07-19,82.62999725341797,85.3499984741211,82.56999969482422,84.80000305175781,45739.0,-0.0286313435679882
2024-07-22,82.4000015258789,83.20999908447266,81.58999633789062,82.83000183105469,36408.0,-0.0292995182636097
2024-07-23,81.01000213623047,82.77999877929688,80.5199966430664,82.20999908447266,45436.0,-0.0330247460963435
2024-07-24,81.70999908447266,82.22000122070312,80.94000244140625,81.48999786376953,47261.0,-0.0404156296615781
2024-07-25,82.37000274658203,82.5199966430664,80.08999633789062,81.52999877929688,51868.0,-0.0327232183625926
2024-07-26,81.12999725341797,82.69000244140625,80.31999969482422,82.44999694824219,27491.0,-0.0183200049206797
2024-07-29,79.77999877929688,81.72000122070312,79.37999725341797,81.0199966430664,22531.0,-0.0323126242569797
2024-07-30,78.62999725341797,79.94999694824219,78.41999816894531,79.83999633789062,15035.0,-0.0298193591393951
2024-07-31,80.72000122070312,80.83999633789062,79.0,79.05999755859375,54838.0,-0.0121899910239841
2024-08-01,79.5199966430664,81.80000305175781,79.44000244140625,81.51000213623047,44000.0,-0.0352128061642449
2024-08-02,76.80999755859375,80.44999694824219,76.41999816894531,80.04000091552734,58894.0,-0.0547179643273017
2024-08-05,76.30000305175781,77.75,75.05000305175781,77.44000244140625,59442.0,-0.0445998528891576
2024-08-06,76.4800033569336,77.80000305175781,75.58999633789062,77.2300033569336,45238.0,-0.0277239584368595
2024-08-07,78.33000183105469,78.86000061035156,75.94999694824219,76.19999694824219,49730.0,-0.0300556964127304
2024-08-08,79.16000366210938,79.37000274658203,77.62999725341797,78.4800033569336,40462.0,-0.0045373531368746
2024-08-09,79.66000366210938,79.81999969482422,78.7699966430664,79.01000213623047,32227.0,0.0364328154996594
2024-08-12,82.30000305175781,82.4000015258789,79.4800033569336,79.66999816894531,45234.0,0.0756981664766839
2024-08-13,80.69000244140625,82.30000305175781,80.55000305175781,81.98999786376953,50485.0,0.0535853694809244
2024-08-14,79.76000213623047,81.44000244140625,79.61000061035156,80.9800033569336,50327.0,0.0180914576815051
2024-08-15,81.04000091552734,81.41000366210938,79.6500015258789,79.98999786376953,33165.0,0.0234717042411724
2024-08-16,79.68000030517578,81.0,78.63999938964844,80.95999908447266,33753.0,0.0002509933811158
2024-08-19,77.66000366210938,79.75,77.5,79.6500015258789,45853.0,-0.0580307733047296
2024-08-20,77.19999694824219,78.33999633789062,76.54000091552734,77.73999786376953,39162.0,-0.0442152646168414
2024-08-21,76.05000305175781,78.19999694824219,75.6500015258789,77.08000183105469,45081.0,-0.0476310936032041
2024-08-22,77.22000122070312,77.69999694824219,75.77999877929688,76.16000366210938,33822.0,-0.0482843645934442
2024-08-23,79.0199966430664,79.26000213623047,77.05000305175781,77.12000274658203,19275.0,-0.0083176746051917
2024-08-26,81.43000030517578,81.58000183105469,79.23999786376953,79.31999969482422,25997.0,0.0474033877675563
2024-08-27,79.55000305175781,81.56999969482422,79.4800033569336,81.22000122070312,21261.0,0.0299863756463703
2024-08-28,78.6500015258789,80.01000213623047,77.93000030517578,79.83999633789062,16512.0,0.0336165900715538
2024-08-29,79.94000244140625,80.79000091552734,78.11000061035156,78.36000061035156,9726.0,0.0346178771794491
2024-08-30,78.80000305175781,80.5,78.5999984741211,79.5199966430664,50268.0,-0.0027879069094447
2024-09-04,72.69999694824219,74.79000091552734,72.3499984741211,73.68000030517578,56979.0,-0.0900444505844969
2024-09-05,72.69000244140625,74.18000030517578,72.36000061035156,72.62000274658203,47879.0,-0.0788037918220701
2024-09-06,71.05999755859375,73.5199966430664,70.62000274658203,72.8499984741211,36035.0,-0.1177518275877495
2024-09-09,71.83999633789062,72.22000122070312,70.6500015258789,71.5199966430664,35995.0,-0.0924716625736908
2024-09-10,69.19000244140625,72.26000213623047,68.69000244140625,71.9000015258789,47963.0,-0.0638246164236739
2024-09-11,70.61000061035156,71.08000183105469,69.01000213623047,69.68000030517578,42995.0,-0.0291695563898239
2024-09-12,71.97000122070312,72.86000061035156,70.58999633789062,70.72000122070312,42690.0,-0.0099544746021025
2024-09-13,71.61000061035156,73.2300033569336,71.4800033569336,72.37000274658203,34281.0,0.0077101813062102
2024-09-16,72.75,73.37999725341797,71.5199966430664,72.0199966430664,36417.0,0.0125875330335691
2024-09-17,73.69999694824219,74.2699966430664,72.16999816894531,73.01000213623047,38565.0,0.0631463789911946
2024-09-18,73.6500015258789,74.08999633789062,72.30999755859375,73.68000030517578,35693.0,0.0421523774543773
2024-09-19,74.87999725341797,75.19000244140625,72.87999725341797,72.9000015258789,36126.0,0.0396374130085644
2024-09-20,74.48999786376953,75.01000213623047,74.0,74.87999725341797,27358.0,0.0394301219679795
2024-09-23,73.9000015258789,75.16000366210938,73.11000061035156,74.76000213623047,29116.0,0.0156839425504417
2024-09-24,75.16999816894531,75.87000274658203,73.97000122070312,74.27999877929688,31341.0,0.019749433043078
2024-09-25,73.45999908447266,75.31999969482422,73.04000091552734,75.12999725341797,31571.0,-0.0025831356980303
2024-09-26,71.5999984741211,73.7699966430664,70.7699966430664,73.47000122070312,18234.0,-0.0447917428341127
2024-09-27,71.9800033569336,72.36000061035156,70.93000030517578,71.23999786376953,7872.0,-0.0342765102221846
2024-09-30,71.7699966430664,73.0999984741211,71.38999938964844,71.83999633789062,41928.0,-0.0292463339335572
2024-10-01,73.55999755859375,75.44999694824219,69.91000366210938,72.0,90111.0,-0.0216508242837265
2024-10-02,73.9000015258789,76.12999725341797,73.58999633789062,74.4000015258789,53911.0,0.0059718206734592
2024-10-03,77.62000274658203,77.97000122070312,74.30999755859375,74.7300033569336,68997.0,0.0807301086702963
2024-10-04,78.05000305175781,79.30000305175781,77.38999938964844,77.98999786376953,57481.0,0.0809613367735604
2024-10-07,80.93000030517578,81.16000366210938,77.26000213623047,78.01000213623047,55050.0,0.1201180726099851
2024-10-08,77.18000030517578,82.08000183105469,76.37000274658203,81.16000366210938,66184.0,0.0480389935167497
2024-10-09,76.58000183105469,78.0199966430664,75.1500015258789,77.5199966430664,46931.0,0.0356231213574556
2024-10-10,79.4000015258789,79.72000122070312,76.73999786376953,76.75,43562.0,0.0226732261449702
2024-10-11,79.04000091552734,79.48999786376953,78.05000305175781,79.2300033569336,44341.0,0.0126043789612248
2024-10-14,77.45999908447266,78.5999984741211,75.38999938964844,78.5999984741211,35593.0,-0.0438229250112218
2024-10-15,74.25,75.62999725341797,73.33000183105469,75.20999908447266,47877.0,-0.0387025823807421
2024-10-16,74.22000122070312,74.91999816894531,73.41999816894531,74.72000122070312,40980.0,-0.0313022978799564
2024-10-17,74.44999694824219,74.91000366210938,73.25,74.5,36901.0,-0.0643706693313938
2024-10-18,73.05999755859375,74.94000244140625,72.48999786376953,74.5199966430664,34009.0,-0.078673077072021
2024-10-21,74.29000091552734,74.55999755859375,72.80000305175781,73.13999938964844,29891.0,-0.0417852967798392
2024-10-22,76.04000091552734,76.31999969482422,73.56999969482422,74.13999938964844,36505.0,0.0238217519774948
2024-10-23,74.95999908447266,76.01000213623047,74.44000244140625,75.6500015258789,28090.0,0.0099209536370787
2024-10-24,74.37999725341797,76.52999877929688,74.0,75.20999908447266,23845.0,-0.0009406665687428
2024-10-25,76.05000305175781,76.13999938964844,74.16999816894531,74.55000305175781,20056.0,0.0401100708829286
2024-10-28,71.41999816894531,74.0,71.16999816894531,74.0,28003.0,-0.0393984489589505
2024-10-29,71.12000274658203,72.56999969482422,70.7300033569336,72.11000061035156,16776.0,-0.0668908998356729
2024-10-30,72.55000305175781,73.08000183105469,71.16000366210938,71.31999969482422,11034.0,-0.0326786043222241
2024-10-31,73.16000366210938,73.36000061035156,72.37000274658203,72.76000213623047,36772.0,-0.0165381779917383
2024-11-01,73.0999984741211,74.94999694824219,72.88999938964844,74.12999725341797,32059.0,-0.0395627129517327
2024-11-04,75.08000183105469,75.38999938964844,73.7300033569336,73.7300033569336,31292.0,0.0499763195778964
2024-11-05,75.52999877929688,76.2300033569336,74.91999816894531,75.19999694824219,40233.0,0.0601612823388941
2024-11-06,74.91999816894531,76.01000213623047,73.3499984741211,75.48999786376953,57996.0,0.0321448317413581
2024-11-07,75.62999725341797,76.06999969482422,74.05000305175781,75.11000061035156,41262.0,0.0332041199730649
2024-11-08,73.87000274658203,75.62000274658203,73.44000244140625,75.5199966430664,35855.0,0.0104784828400613
2024-11-11,71.83000183105469,74.12999725341797,71.58999633789062,73.73999786376953,33838.0,-0.044251994528143
2024-11-12,71.88999938964844,72.81999969482422,71.55999755859375,71.91999816894531,38295.0,-0.0493927476578209
2024-11-13,72.27999877929688,72.62000274658203,70.75,71.77999877929688,43666.0,-0.0358734043002603
2024-11-14,72.55999755859375,73.22000122070312,71.80000305175781,71.98999786376953,32367.0,-0.0414392213917412
2024-11-15,71.04000091552734,72.47000122070312,70.83999633789062,72.43000030517578,30126.0,-0.0390637171505322
2024-11-18,73.30000305175781,73.45999908447266,70.69999694824219,70.87999725341797,30425.0,0.0202584089481954
2024-11-19,73.30999755859375,73.87000274658203,72.61000061035156,73.18000030517578,32668.0,0.0195598274272907
2024-11-20,72.80999755859375,73.94000244140625,72.69999694824219,73.33999633789062,26041.0,0.0073058260399297
2024-11-21,74.2300033569336,74.37000274658203,72.91000366210938,73.12000274658203,35756.0,0.0227546541927057
2024-11-22,75.16999816894531,75.41999816894531,73.51000213623047,74.29000091552734,29569.0,0.0565090792591227
2024-11-25,73.01000213623047,75.30999755859375,72.8499984741211,75.20999908447266,29335.0,-0.0039642031989917
2024-11-26,72.80999755859375,74.33000183105469,72.12000274658203,73.12000274658203,17616.0,-0.00684371705757
2024-11-27,72.83000183105469,73.3499984741211,72.2699966430664,72.94000244140625,10246.0,0.000274708495888
2024-11-28,72.83000183105469,73.3499984741211,72.2699966430664,72.94000244140625,10246.0,0.000274708495888
2024-11-29,72.94000244140625,73.5,72.12000274658203,72.91999816894531,45282.0,-0.0175312075008972
2024-12-02,71.83000183105469,72.87999725341797,71.5199966430664,71.73999786376953,31283.0,-0.0454499492523148
2024-12-03,73.62000274658203,73.9000015258789,71.69000244140625,71.86000061035156,40365.0,0.0083203179310102
2024-12-04,72.30999755859375,74.26000213623047,72.25,73.80999755859375,36988.0,-0.0068908764516164
2024-12-05,72.08999633789062,72.9000015258789,71.80000305175781,72.44999694824219,32373.0,-0.0102126957539584
2024-12-06,71.12000274658203,72.2300033569336,70.83000183105469,72.16999816894531,27572.0,-0.0252685890273347
2024-12-09,72.13999938964844,72.6500015258789,70.95999908447266,71.04000091552734,25921.0,0.0043064254365257
2024-12-10,72.19000244140625,72.72000122070312,71.52999877929688,71.93000030517578,32220.0,-0.0196151992881829
2024-12-11,73.5199966430664,73.73999786376953,72.0199966430664,72.02999877929688,35954.0,0.0165950339634806
2024-12-12,73.41000366210938,73.9800033569336,72.43000030517578,73.58999633789062,36231.0,0.0181449283910359
2024-12-13,74.48999786376953,74.58999633789062,73.2699966430664,73.43000030517578,26225.0,0.0462962296854698
2024-12-16,73.91000366210938,74.54000091552734,73.69999694824219,74.51000213623047,25458.0,0.0242395193302809
2024-12-17,73.19000244140625,74.18000030517578,72.45999908447266,73.86000061035156,26356.0,0.0137572669999923
2024-12-18,73.38999938964844,74.19000244140625,72.80000305175781,73.33999633789062,25873.0,-0.0017697541468672
2024-12-19,72.87999725341797,73.87000274658203,72.52999877929688,72.93000030517578,27742.0,-0.00724600074305
2024-12-20,72.94000244140625,73.27999877929688,71.97000122070312,72.70999908447266,25362.0,-0.021027640658135
2024-12-23,72.62999725341797,73.37000274658203,71.9800033569336,72.83000183105469,20997.0,-0.0174701645430258
2024-12-24,73.58000183105469,73.80999755859375,72.77999877929688,72.83999633789062,8922.0,0.0053144415916141
2024-12-25,73.58000183105469,73.80999755859375,72.77999877929688,72.83999633789062,8922.0,0.0053144415916141
2024-12-26,73.26000213623047,74.18000030517578,72.9800033569336,73.77999877929688,5773.0,-0.0017728917301789
2024-12-27,74.16999816894531,74.33999633789062,73.06999969482422,73.13999938964844,5515.0,0.0175455157958575
2024-12-30,74.38999938964844,75.04000091552734,73.76000213623047,74.2300033569336,30436.0,0.0196842971465315
2024-12-31,74.63999938964844,74.87999725341797,73.83999633789062,74.0999984741211,20588.0,0.0272985265598223
2025-01-02,75.93000030517578,76.54000091552734,74.7300033569336,74.87999725341797,41474.0,0.0314385926824644
2025-01-03,76.51000213623047,76.73999786376953,75.52999877929688,75.9000015258789,38822.0,0.0434066926544485
2025-01-06,76.30000305175781,77.5,75.94000244140625,76.58999633789062,49229.0,0.0283132472260383
2025-01-07,77.05000305175781,77.2699966430664,75.91999816894531,76.23999786376953,37188.0,0.0351330853751259
2025-01-08,76.16000366210938,77.88999938964844,76.02999877929688,77.23999786376953,46650.0,0.0201598902057114
2025-01-09,76.91999816894531,77.2699966430664,75.69999694824219,76.16000366210938,31706.0,0.0129540296716006
2025-01-10,79.76000213623047,80.76000213623047,77.04000091552734,77.20999908447266,92049.0,0.0416006732721215
2025-01-13,81.01000213623047,81.66999816894531,79.54000091552734,79.55000305175781,77109.0,0.0598996519251232
2025-01-14,79.91999816894531,81.13999938964844,79.86000061035156,80.91000366210938,67129.0,0.0365715100555799
2025-01-15,82.02999877929688,82.62999725341797,79.62999725341797,80.31999969482422,69122.0,0.0742485805659512
2025-01-16,81.29000091552734,82.55000305175781,80.38999938964844,82.44000244140625,69075.0,0.0552571221050494
2025-01-17,80.79000091552734,81.93000030517578,80.55999755859375,81.30999755859375,42284.0,0.0128310543869904
2025-01-20,80.79000091552734,81.93000030517578,80.55999755859375,81.30999755859375,42284.0,0.0128310543869904
2025-01-21,79.29000091552734,81.23999786376953,78.47000122070312,80.94000244140625,83935.0,-0.0214606013814845
2025-01-22,79.0,79.9000015258789,78.80999755859375,79.30999755859375,40868.0,-0.0115782589621816
2025-01-23,78.29000091552734,79.58999633789062,77.80000305175781,78.91000366210938,46348.0,-0.0466651265196043
2025-01-24,78.5,78.95999908447266,77.61000061035156,77.87999725341797,30464.0,-0.0349243942326023
2025-02-03,75.95999908447266,77.52999877929688,75.04000091552734,76.81999969482422,75087.0,-0.0146369934100865
2025-02-04,76.19999694824219,76.66999816894531,74.12999725341797,75.5199966430664,62716.0,-0.0167874455647525
2025-02-05,74.61000061035156,76.3499984741211,74.55000305175781,76.08000183105469,30739.0,-0.0260614152955165
2025-02-06,74.29000091552734,75.38999938964844,74.08999633789062,74.5999984741211,41460.0,-0.0341393536038498
2025-02-07,74.66000366210938,75.08999633789062,74.19000244140625,74.19999694824219,35634.0,-0.0277391764325706
2025-02-10,75.87000274658203,76.06999969482422,74.54000091552734,74.54000091552734,27341.0,-0.0011854883401859
2025-02-11,77.0,77.2699966430664,75.88999938964844,76.05000305175781,37979.0,0.0104439992103992
2025-02-12,75.18000030517578,76.88999938964844,74.94999694824219,76.81999969482422,47048.0,0.0076106875313174
2025-02-13,75.0199966430664,75.33000183105469,74.05000305175781,74.97000122070312,37759.0,0.0097783344191478
2025-02-14,74.73999786376953,75.83000183105469,74.48999786376953,75.23999786376953,41397.0,0.0010708729382558
2025-02-17,74.73999786376953,75.83000183105469,74.48999786376953,75.23999786376953,41397.0,0.0010708729382558
2025-02-18,75.83999633789062,76.05000305175781,74.19000244140625,74.63999938964844,50542.0,-0.000395575891685
2025-02-19,76.04000091552734,76.81999969482422,75.75,75.80000305175781,30426.0,-0.0125458921933799
2025-02-20,76.4800033569336,77.13999938964844,75.70999908447266,76.04000091552734,33347.0,0.0171440704408049
2025-02-21,74.43000030517578,76.75,74.20999908447266,76.55999755859375,28100.0,-0.0078956094345672
2025-02-24,74.77999877929688,74.91000366210938,73.91000366210938,73.91000366210938,17858.0,0.0005350577498627
2025-02-25,73.0199966430664,75.25,72.69999694824219,74.88999938964844,19080.0,-0.0378924794047647
2025-02-26,72.52999877929688,73.33999633789062,72.38999938964844,73.13999938964844,11916.0,-0.0472592771153032
2025-02-27,74.04000091552734,74.26000213623047,72.4800033569336,72.69000244140625,7925.0,-0.0324238125655011
2025-02-28,73.18000030517578,73.73999786376953,72.97000122070312,73.7300033569336,36432.0,-0.0169369267107228
2025-03-03,71.62000274658203,73.66000366210938,71.16999816894531,73.06999969482422,51816.0,-0.0431760503053843
2025-03-04,71.04000091552734,71.45999908447266,69.75,71.44999694824219,58867.0,-0.0274902186832879
2025-03-05,69.30000305175781,71.16000366210938,68.33999633789062,71.13999938964844,51721.0,-0.0455553023122348
2025-03-06,69.45999908447266,69.87999725341797,68.7300033569336,69.44999694824219,49024.0,-0.0638544659353172
2025-03-07,70.36000061035156,71.37999725341797,69.27999877929688,69.37999725341797,46468.0,-0.0392972352172154
2025-03-10,69.27999877929688,70.86000061035156,69.05999755859375,70.44000244140625,33488.0,-0.0332181562853272
2025-03-11,69.55999755859375,70.43000030517578,68.62999725341797,69.41000366210938,26933.0,-0.0210534571831707
2025-03-12,70.94999694824219,71.08999633789062,69.47000122070312,69.8499984741211,30577.0,0.0235304103604897
2025-03-13,69.87999725341797,71.23999786376953,69.68000030517578,70.9800033569336,33450.0,0.0060284118263036
2025-03-14,70.58000183105469,70.75,69.94000244140625,70.08000183105469,24740.0,0.003121915646039
2025-03-17,71.06999969482422,71.79000091552734,70.68000030517578,70.68000030517578,29314.0,0.0255090559104562
2025-03-18,70.55999755859375,72.19000244140625,70.26000213623047,70.93000030517578,32008.0,0.0142737227098719
2025-03-19,70.77999877929688,71.22000122070312,69.9000015258789,70.36000061035156,26898.0,-0.0023989029223799
2025-03-20,72.0,72.29000091552734,70.52999877929688,70.86000061035156,33049.0,0.0298866730544651
2025-03-21,72.16000366210938,72.54000091552734,71.51000213623047,72.2300033569336,23983.0,0.0221390823141279
2025-03-24,73.0,73.16000366210938,71.80000305175781,72.19999694824219,31456.0,0.0267941386036043
2025-03-25,73.0199966430664,73.56999969482422,72.5,73.08999633789062,30415.0,0.0342699531565868
2025-03-26,73.79000091552734,74.16999816894531,73.08999633789062,73.18000030517578,27419.0,0.0416467758066001
2025-03-27,74.02999877929688,74.06999969482422,73.2300033569336,73.98999786376953,19183.0,0.0278042809496482
2025-03-28,73.62999725341797,74.20999908447266,73.12000274658203,74.05999755859375,12292.0,0.0201665875739193
2025-03-31,74.73999786376953,74.79000091552734,73.37000274658203,73.41999816894531,53426.0,0.0235559543267886
2025-04-01,74.48999786376953,75.27999877929688,74.33999633789062,74.62999725341797,54055.0,0.0199315292554073
2025-04-02,74.94999694824219,75.45999908447266,73.70999908447266,74.4000015258789,61062.0,0.0155979503538809
2025-04-03,70.13999938964844,73.62000274658203,69.47000122070312,73.58999633789062,100212.0,-0.0539771639555756
2025-04-04,65.58000183105469,70.05000305175781,64.01000213623047,69.80999755859375,121211.0,-0.1157817147407055
2025-04-08,62.81999969482422,65.19000244140625,61.27999877929688,64.44000244140625,89690.0,-0.17039137025754
2025-04-09,65.4800033569336,66.0199966430664,58.38999938964844,61.54999923706055,127044.0,-0.1350763800618755
2025-04-10,63.33000183105469,66.2300033569336,62.0099983215332,65.80999755859375,78111.0,-0.1021340565688777
2025-04-11,64.76000213623047,65.05000305175781,62.7599983215332,63.45000076293945,58543.0,-0.0125826375411175
2025-04-14,64.87999725341797,65.9000015258789,64.04000091552734,64.88999938964844,43786.0,0.0103804199262673
2025-04-15,64.66999816894531,65.38999938964844,64.2300033569336,64.93000030517578,40096.0,0.0290238978921212
2025-04-16,65.8499984741211,66.30999755859375,63.79999923706055,64.86000061035156,50308.0,0.0056346012477674
2025-04-17,67.95999908447266,68.12999725341797,65.94999694824219,66.01000213623047,39781.0,0.0705601038909192
2025-04-18,67.95999908447266,68.12999725341797,65.94999694824219,66.01000213623047,39781.0,0.0705601038909192
2025-04-21,66.26000213623047,67.77999877929688,65.68000030517578,67.77999877929688,38512.0,0.0228982673155553
2025-04-22,67.44000244140625,68.04000091552734,66.55000305175781,66.5999984741211,46152.0,0.038698982420865
2025-04-23,66.12000274658203,68.63999938964844,65.29000091552734,67.76000213623047,58914.0,0.0221739273474938
2025-04-24,66.55000305175781,67.02999877929688,65.80999755859375,66.22000122070312,36169.0,0.0105741856804871
2025-04-25,66.87000274658203,67.18000030517578,65.55999755859375,66.56999969482422,30729.0,-0.0161688061928265
2025-04-28,65.86000061035156,67.52999877929688,65.25,67.20999908447266,21525.0,-0.0060551428962438
2025-04-29,64.25,65.80999755859375,63.88999938964844,65.75,17528.0,-0.0484566261194304
2025-05-05,60.22999954223633,60.77000045776367,58.40999984741211,59.5099983215332,49504.0,-0.0893607267602578
2025-05-06,62.150001525878906,62.79999923706055,60.18999862670898,60.27999877929688,63444.0,-0.0332308812670581
2025-05-07,61.119998931884766,63.209999084472656,60.84999847412109,62.06999969482422,60579.0,-0.0321985322330833
2025-05-08,62.84000015258789,63.209999084472656,60.77999877929688,60.93000030517578,56931.0,0.0113628345483968
2025-05-09,63.90999984741211,64.2699966430664,62.84999847412109,63.25,51994.0,0.0418591288393768
2025-05-12,64.95999908447266,66.37999725341797,63.88999938964844,64.2300033569336,62946.0,0.0756011223043438
2025-05-13,66.62999725341797,66.80000305175781,64.6500015258789,64.91999816894531,55567.0,0.0696040428447716
2025-05-14,66.08999633789062,66.58999633789062,65.68000030517578,66.5199966430664,49980.0,0.0781782666888569
2025-05-15,64.52999877929688,65.83999633789062,63.43999862670898,65.76000213623047,70642.0,0.0265383972152997
2025-05-16,65.41000366210938,65.54000091552734,64.16999816894531,64.62999725341797,38629.0,0.0231993666854681
2025-05-19,65.54000091552734,66.01000213623047,64.43000030517578,65.30999755859375,43539.0,0.0088889754799411
2025-05-20,65.37999725341797,66.0,64.8499984741211,65.56999969482422,42663.0,-0.018938526066493
2025-05-21,64.91000366210938,67.48999786376953,64.61000061035156,65.61000061035156,58658.0,-0.0180156426077771
2025-05-22,64.44000244140625,65.0199966430664,63.52999877929688,64.63999938964844,45811.0,-0.001395616835641
2025-05-23,64.77999877929688,65.04000091552734,63.310001373291016,64.0199966430664,29810.0,-0.0096783130607594
2025-05-26,64.77999877929688,65.04000091552734,63.310001373291016,64.0199966430664,29810.0,-0.0096783130607594
2025-05-27,64.08999633789062,65.41000366210938,63.470001220703125,65.0199966430664,34117.0,-0.0223723688636263
2025-05-28,64.9000015258789,65.61000061035156,64.02999877929688,64.31999969482422,17817.0,-0.0073687120652743
2025-05-29,64.1500015258789,66.12999725341797,63.77999877929688,65.30000305175781,10456.0,-0.0117776366158831
2025-05-30,63.900001525878906,64.5199966430664,63.70000076293945,63.81999969482422,63546.0,-0.0084152109326178
2025-06-02,64.62999725341797,65.70999908447266,62.970001220703125,63.040000915527344,57349.0,-0.0023182381215669
2025-06-03,65.62999725341797,65.94000244140625,64.5199966430664,65.02999877929688,43536.0,0.0237445782601123
2025-06-04,64.86000061035156,65.95999908447266,64.27999877929688,65.61000061035156,56182.0,-0.000616536931811
2025-06-05,65.33999633789062,65.86000061035156,64.62999725341797,64.91000366210938,38658.0,0.0183802352781926
2025-06-06,66.47000122070312,66.66999816894531,64.81999969482422,65.19999694824219,39490.0,0.0394313511555552
2025-06-09,67.04000091552734,67.12999725341797,66.08000183105469,66.5999984741211,35213.0,0.0366108130524726
2025-06-10,66.87000274658203,68.0,66.4800033569336,67.11000061035156,40266.0,0.0187176105032023
2025-06-11,69.7699966430664,69.95999908447266,66.47000122070312,66.56999969482422,58118.0,0.0729729595473959
2025-06-12,69.36000061035156,70.61000061035156,68.37000274658203,70.36000061035156,60336.0,0.0597059911461023
2025-06-13,74.2300033569336,78.52999877929688,69.91999816894531,70.2699966430664,175031.0,0.1104176899346496
2025-06-16,73.2300033569336,78.4800033569336,70.63999938964844,76.80999755859375,100509.0,0.0883157490836769
2025-06-17,76.44999694824219,77.08000183105469,72.52999877929688,72.80999755859375,88748.0,0.1338864153173783
2025-06-18,76.69999694824219,77.43000030517578,74.44000244140625,77.19000244140625,0.0,0.0946975987481121
2025-06-19,76.69999694824219,77.43000030517578,74.44000244140625,77.19000244140625,0.0,0.0946975987481121
2025-06-20,77.01000213623047,79.0199966430664,75.52999877929688,76.12000274658203,98821.0,0.1046249700187591
2025-06-23,71.4800033569336,81.4000015258789,69.54000091552734,80.01000213623047,100475.0,-0.0377506890983798
2025-06-24,67.13999938964844,70.7300033569336,66.80999755859375,70.5999984741211,62358.0,-0.086825236452779
2025-06-25,67.68000030517578,68.76000213623047,67.31999969482422,67.91999816894531,23618.0,-0.1218461726496548
2025-06-26,67.7300033569336,69.04000091552734,67.38999938964844,67.75,13057.0,-0.1243724057946945
2025-06-27,67.7699966430664,68.41000366210938,67.20999908447266,67.95999908447266,8218.0,-0.1278157416770009
2025-06-30,67.61000061035156,68.12000274658203,67.11000061035156,67.16999816894531,32957.0,-0.0556618271243626
2025-07-01,67.11000061035156,67.4800033569336,66.33999633789062,66.58999633789062,29256.0,-0.0004469091962185
2025-07-02,69.11000061035156,69.19999694824219,66.94000244140625,67.20999908447266,50268.0,0.0209087271278321
2025-07-03,68.80000305175781,69.12999725341797,68.30999755859375,69.0199966430664,0.0,0.0156745265059642
2025-07-04,68.29000091552734,68.91000366210938,67.75,68.80999755859375,0.0,0.0076437867656529
2025-07-07,69.58000183105469,69.93000030517578,67.36000061035156,67.61000061035156,59456.0,0.0287212859094942
2025-07-08,70.1500015258789,70.66000366210938,69.05000305175781,69.54000091552734,34109.0,0.044302755035188
2025-07-09,70.19000244140625,70.69999694824219,69.61000061035156,69.9000015258789,42186.0,0.0155064385902527
2025-07-10,68.63999938964844,70.48999786376953,68.52999877929688,70.19000244140625,52295.0,-0.0023283430086033
2025-07-11,70.36000061035156,70.69000244140625,68.55999755859375,68.98999786376953,40262.0,0.029861572164592
2025-07-14,69.20999908447266,71.51000213623047,69.0199966430664,70.52999877929688,62179.0,-0.005331848414095
2025-07-15,68.70999908447266,69.4000015258789,68.55999755859375,69.0999984741211,51233.0,-0.0207410925816584
2025-07-16,68.5199966430664,69.06999969482422,67.70999908447266,68.9000015258789,55511.0,-0.0240802610612587
2025-07-17,69.5199966430664,69.62000274658203,68.29000091552734,68.69000244140625,50817.0,0.0127389863821897
2025-07-18,69.27999877929688,70.77999877929688,69.13999938964844,69.55999755859375,52366.0,-0.0154686819097219
2025-07-21,69.20999908447266,69.62000274658203,68.41999816894531,69.22000122070312,41204.0,0.0
2025-07-22,68.58999633789062,69.0999984741211,68.11000061035156,69.02999877929688,50140.0,-0.0017480375985437
2025-07-23,68.51000213623047,69.08000183105469,68.0,68.72000122070312,37734.0,-0.0001458732677909
2025-07-24,69.18000030517578,69.52999877929688,68.5,68.72000122070312,39597.0,-0.004902624749476
2025-07-25,68.44000244140625,69.88999938964844,68.30000305175781,69.26000213623047,27384.0,-0.0121987619381258
2025-07-28,70.04000091552734,70.44999694824219,68.38999938964844,68.47000122070312,31485.0,0.0119211728636241
2025-07-29,72.51000213623047,73.06999969482422,69.88999938964844,70.38999938964844,24345.0,0.0555778147247582
2025-07-30,73.23999786376953,73.62999725341797,71.75,72.68000030517578,15242.0,0.0667619394426703
2025-07-31,72.52999877929688,73.48999786376953,72.41999816894531,73.4000015258789,56020.0,0.0472884446246484
2025-08-01,69.66999816894531,71.98999786376953,69.41000366210938,71.7699966430664,68855.0,0.017812298063998
2025-08-04,68.76000213623047,69.9800033569336,67.98999786376953,69.0,41788.0,-0.0184443089065714
2025-08-05,67.63999938964844,68.8499984741211,67.52999877929688,68.75,47388.0,-0.0695249978378355
2025-08-06,66.88999938964844,69.19000244140625,66.22000122070312,67.76000213623047,62159.0,-0.0906922206331607
2025-08-07,66.43000030517578,67.63999938964844,66.2699966430664,66.87999725341797,44063.0,-0.0878514862739057
2025-08-08,66.58999633789062,67.19000244140625,65.5,66.37999725341797,52157.0,-0.0452154216325583
2025-08-11,66.62999725341797,67.11000061035156,65.83000183105469,66.2300033569336,31132.0,-0.0314673262295295
2025-08-12,66.12000274658203,67.04000091552734,65.97000122070312,66.72000122070312,33110.0,-0.0227282005146738
2025-08-13,65.62999725341797,66.33000183105469,65.0,66.05000305175781,40497.0,-0.0190166033694704
2025-08-14,66.83999633789062,66.9800033569336,65.56999969482422,65.7699966430664,34810.0,0.0061528826669076
2025-08-15,65.8499984741211,67.08000183105469,65.7300033569336,66.80000305175781,35864.0,-0.011174956110396
2025-08-18,66.5999984741211,66.80999755859375,65.30999755859375,65.94999694824219,35004.0,-0.0004503307177941
2025-08-19,65.79000091552734,66.58000183105469,65.5999984741211,66.55999755859375,32562.0,-0.005003449478365
2025-08-20,66.83999633789062,67.05000305175781,65.81999969482422,65.93000030517578,39505.0,0.0182687823018623
2025-08-21,67.66999816894531,67.77999877929688,66.73999786376953,66.94999694824219,29950.0,0.0123412742475424
2025-08-22,67.7300033569336,68.0199966430664,67.41999816894531,67.62000274658203,27481.0,0.0281498577730289
2025-08-25,68.80000305175781,69.05999755859375,67.58000183105469,67.83999633789062,19094.0,0.0324992346609934
2025-08-26,67.22000122070312,68.7300033569336,67.11000061035156,68.7300033569336,21046.0,0.021502975442969
2025-08-27,68.05000305175781,68.0999984741211,66.91999816894531,67.23999786376953,16597.0,0.0179411250052878
2025-08-28,68.62000274658203,68.66000366210938,67.4000015258789,67.70999908447266,8829.0,0.0139411542707272
2025-08-29,68.12000274658203,68.36000061035156,68.02999877929688,68.26000213623047,0.0,0.0057416333239688
2025-09-03,67.5999984741211,69.2300033569336,67.37999725341797,69.05999755859375,45108.0,0.0056371200199651
2025-09-04,66.98999786376953,67.48999786376953,66.31999969482422,67.44000244140625,42152.0,-0.0156994513119112
2025-09-05,65.5,67.05000305175781,65.08000183105469,66.83999633789062,38287.0,-0.0465339348150661
2025-09-08,66.0199966430664,67.02999877929688,65.5199966430664,65.80999755859375,29078.0,-0.0313132205364227
2025-09-09,66.38999938964844,67.38999938964844,66.13999938964844,66.16999816894531,38860.0,-0.0405869921280732
2025-09-10,67.48999786376953,67.7699966430664,66.44000244140625,66.44000244140625,38789.0,-0.0016285533739784
2025-09-11,66.37000274658203,67.61000061035156,66.16000366210938,67.58000183105469,34565.0,-0.0092981340906622
2025-09-12,66.98999786376953,68.1500015258789,65.72000122070312,66.30999755859375,50762.0,0.022493179990173
2025-09-15,67.44000244140625,67.83999633789062,66.79000091552734,67.22000122070312,26320.0,0.0212806743169358
2025-09-16,68.47000122070312,68.69000244140625,67.0,67.48999786376953,34128.0,0.0308492774236212
2025-09-17,67.94999694824219,68.58999633789062,67.62000274658203,68.41000366210938,30515.0,0.0067926885825703
2025-09-18,67.44000244140625,68.41000366210938,67.19000244140625,67.88999938964844,29610.0,0.0159931613540426
2025-09-19,66.68000030517578,67.55999755859375,66.43000030517578,67.45999908447266,24400.0,-0.0046382601720647
2025-09-22,66.56999969482422,67.30000305175781,65.94000244140625,66.66999816894531,23634.0,-0.0129843288664313
2025-09-23,67.62999725341797,68.08000183105469,66.12000274658203,66.58999633789062,27893.0,-0.0123440799863038
2025-09-24,69.30999755859375,69.36000061035156,67.5199966430664,67.86000061035156,28459.0,0.0198170650201111
2025-09-25,69.41999816894531,69.66999816894531,68.44000244140625,69.08999633789062,21388.0,0.0289366341624082
2025-09-26,70.12999725341797,70.7699966430664,69.11000061035156,69.69999694824219,11917.0,0.0504455609253509
2025-09-29,67.97000122070312,69.93000030517578,67.55000305175781,69.47000122070312,8229.0,0.0208124282896582
2025-09-30,67.0199966430664,67.58999633789062,66.91000366210938,67.58999633789062,46335.0,-0.0090605987543306
2025-10-01,65.3499984741211,66.56999969482422,65.04000091552734,66.08999633789062,44601.0,-0.0588317439845504
2025-10-02,64.11000061035156,66.12000274658203,64.0,65.4000015258789,52074.0,-0.0795746165376219
2025-10-03,64.52999877929688,65.0,64.20999908447266,64.30000305175781,38970.0,-0.0832204103537487
2025-10-06,65.47000122070312,65.7699966430664,64.76000213623047,64.81999969482422,38055.0,-0.0374744082197579
2025-10-07,65.44999694824219,65.83000183105469,64.5199966430664,65.54000091552734,36191.0,-0.0237045864920362
2025-10-08,66.25,66.52999877929688,65.77999877929688,65.80999755859375,38630.0,0.0136780481454337
2025-10-09,65.22000122070312,66.55999755859375,64.95999908447266,66.08999633789062,40845.0,0.0171658215583262
2025-10-10,62.72999954223633,65.3499984741211,62.130001068115234,65.16999816894531,54929.0,-0.0282904182196294
2025-10-13,63.31999969482422,63.95000076293945,62.66999816894531,62.66999816894531,35368.0,-0.0333908109049967
2025-10-14,62.38999938964844,63.619998931884766,61.5,63.43999862670898,44016.0,-0.0478814493887399
2025-10-15,61.90999984741211,63.02000045776367,61.790000915527344,62.27999877929688,40209.0,-0.0677537497998635
2025-10-16,61.060001373291016,62.75,60.84000015258789,62.43999862670898,46229.0,-0.0659091792802953
2025-10-17,61.290000915527344,61.45000076293945,60.150001525878906,61.11000061035156,50372.0,-0.0232230823760171
2025-10-20,61.0099983215332,61.54999923706055,60.06999969482422,61.43000030517578,33883.0,-0.0371634725408101
2025-10-21,61.31999969482422,62.09000015258789,60.34000015258789,60.90999984741211,45150.0,-0.0172989473130127
2025-10-22,62.59000015258789,63.91999816894531,61.400001525878906,61.619998931884766,46114.0,0.0109238083080378
2025-10-23,65.98999786376953,66.33999633789062,63.84999847412109,64.25,87705.0,0.0776461732257196
2025-10-24,65.94000244140625,66.7699966430664,65.44000244140625,65.87000274658203,38354.0,0.0731285622329766
2025-10-27,65.62000274658203,66.5999984741211,65.08000183105469,66.26000213623047,32237.0,0.0728428117364007
2025-10-28,64.4000015258789,65.79000091552734,64.0,65.79000091552734,33807.0,0.0490076077772402
2025-10-29,64.91999816894531,65.37999725341797,63.93000030517578,64.48999786376953,16478.0,0.0365501910670986
2025-10-30,65.0,65.16000366210938,64.05999755859375,64.8499984741211,10024.0,-0.0151159131276594
2025-10-31,65.06999969482422,65.5,64.5199966430664,64.75,44972.0,-0.0132816658513154
2025-11-03,64.88999938964844,65.30999755859375,64.33000183105469,65.06999969482422,0.0,-0.011187050161687
2025-11-04,64.44000244140625,64.83999633789062,63.83000183105469,64.81999969482422,36655.0,0.0006209393911963
2025-11-05,63.52000045776367,64.94000244140625,63.43000030517578,64.26000213623047,42320.0,-0.0218008902961172
2025-11-06,63.380001068115234,64.33000183105469,62.83000183105469,63.58000183105469,43138.0,-0.0252388987803028
2025-11-07,63.630001068115234,64.37999725341797,63.2400016784668,63.63999938964844,36620.0,-0.0223785347858841
2025-11-10,64.05999755859375,64.30999755859375,63.33000183105469,63.68999862670898,30891.0,-0.0128734131573673
2025-11-11,65.16000366210938,65.29000091552734,63.61000061035156,63.970001220703125,41959.0,0.0111112437403682
2025-11-12,62.709999084472656,65.20999908447266,62.560001373291016,65.20999908447266,42279.0,-0.0128339141899413
2025-11-13,63.0099983215332,63.43999862670898,62.34000015258789,62.66999816894531,36603.0,-0.0058549537994722
2025-11-14,64.38999938964844,64.8499984741211,63.04999923706055,63.04999923706055,58912.0,0.0118732580400643
2025-11-17,64.19999694824219,64.72000122070312,63.65999984741211,64.0199966430664,33667.0,0.0021830570909779
2025-11-18,64.88999938964844,65.08000183105469,63.61000061035156,64.0,36791.0,-0.0041523207085088
2025-11-19,63.5099983215332,64.86000061035156,62.869998931884766,64.7300033569336,38776.0,0.0126764374309512
2025-11-20,63.380001068115234,64.38999938964844,62.95000076293945,63.59000015258789,42345.0,0.0058549537994723
2025-11-21,62.560001373291016,63.13999938964844,61.869998931884766,63.130001068115234,43029.0,-0.0288322138824733
2025-11-24,63.369998931884766,63.52999877929688,61.93000030517578,62.560001373291016,30888.0,-0.0130126166805396
2025-11-25,62.47999954223633,63.40999984741211,61.61000061035156,63.40999984741211,26580.0,-0.037847021022268
2025-11-26,63.130001068115234,63.20000076293945,62.119998931884766,62.59999847412109,21288.0,-0.0060012380876657
2025-11-27,63.130001068115234,63.20000076293945,62.119998931884766,62.59999847412109,21288.0,-0.0060012380876657
2025-11-28,63.20000076293945,63.459999084472656,62.810001373291016,63.0099983215332,31795.0,-0.0028440578906958
2025-12-01,63.16999816894531,63.810001373291016,62.68999862670898,62.68999862670898,31203.0,0.0097033577358269
2025-12-02,62.45000076293945,63.43000030517578,62.16999816894531,63.29999923706055,39539.0,-0.014624297691815
2025-12-03,62.66999816894531,63.34999847412109,62.16999816894531,62.43000030517578,40622.0,0.0030363368143128
2025-12-04,63.2599983215332,63.61000061035156,62.52999877929688,62.7599983215332,32164.0,0.0020570820458416
2025-12-05,63.75,64.08000183105469,63.06999969482422,63.29999923706055,26349.0,0.0086648708138971
2025-12-08,62.4900016784668,63.959999084472656,62.34999847412109,63.900001525878906,38815.0,-0.0108229051237087
2025-12-09,61.93999862670898,62.77999877929688,61.83000183105469,62.5,32575.0,-0.008200096414646
2025-12-10,62.209999084472656,62.72999954223633,61.34999847412109,62.13999938964844,45191.0,-0.0073670912089748
2025-12-11,61.27999877929688,62.619998931884766,60.75,62.619998931884766,48635.0,-0.0317996858324272
2025-12-12,61.119998931884766,61.84999847412109,60.810001373291016,61.59999847412109,42931.0,-0.042130056655978
2025-12-15,60.560001373291016,61.5,60.130001068115234,61.15999984741211,42976.0,-0.0313719389950272
2025-12-16,58.91999816894531,60.40999984741211,58.720001220703125,60.33000183105469,48212.0,-0.0499855918562795
2025-12-17,59.68000030517578,60.65999984741211,58.90999984741211,58.93999862670898,50078.0,-0.0415187828011646
2025-12-18,59.81999969482422,60.720001220703125,59.54999923706055,60.63999938964844,31064.0,-0.0241134574120114
2025-12-19,60.470001220703125,60.63999938964844,59.40999984741211,59.77000045776367,36104.0,-0.010691732910515
2025-12-22,62.06999969482422,62.15999984741211,60.560001373291016,60.56999969482422,35138.0,0.0246281437031933
2025-12-23,62.380001068115234,62.54999923706055,61.72999954223633,61.9900016784668,26231.0,0.0570641677849109
2025-12-24,62.2400016784668,62.720001220703125,62.02000045776367,62.43000030517578,14966.0,0.0420009458287493
2025-12-25,62.2400016784668,62.720001220703125,62.02000045776367,62.43000030517578,14966.0,0.0420009458287493
2025-12-26,60.63999938964844,62.68999862670898,60.59000015258789,62.34999847412109,9687.0,0.0136146831687175
2025-12-29,61.93999862670898,62.150001525878906,60.95000076293945,61.040000915527344,9170.0,0.0240187579017025
2025-12-30,61.91999816894531,62.33000183105469,61.5099983215332,61.70000076293945,30567.0,-0.0024195757987477
2025-12-31,60.84999847412109,61.90999984741211,60.619998931884766,61.27000045776367,30919.0,-0.0248329339449114
2026-01-05,61.7599983215332,61.880001068115234,59.7599983215332,60.88999938964844,45681.0,0.0183011472703212
2026-01-06,60.70000076293945,62.31999969482422,60.400001525878906,61.790000915527344,48263.0,-0.0202224417392736
2026-01-07,59.959999084472656,60.90999984741211,59.45000076293945,60.61000061035156,71788.0,-0.032165541744746
2026-01-08,61.9900016784668,63.0099983215332,59.95000076293945,60.34999847412109,64136.0,0.0185613144327749
2026-01-09,63.34000015258789,63.90999984741211,61.84000015258789,62.66999816894531,56568.0,0.0417499612988647
2026-01-12,63.869998931884766,64.27999877929688,62.7599983215332,63.40999984741211,56900.0,0.0335938723109548
2026-01-13,65.47000122070312,65.91000366210938,63.84999847412109,64.16999816894531,80180.0,0.075648330463757
2026-01-14,66.5199966430664,66.80999755859375,63.470001220703125,65.44000244140625,96568.0,0.1038249458942701
2026-01-15,63.7599983215332,65.69000244140625,63.27999877929688,65.69000244140625,54944.0,0.0281528993669576
2026-01-16,64.12999725341797,64.7699966430664,63.45000076293945,63.79999923706055,35235.0,0.0123951868128987
2026-01-19,64.12999725341797,64.7699966430664,63.45000076293945,63.79999923706055,35235.0,0.0123951868128987
2026-01-20,64.91999816894531,65.12000274658203,63.2599983215332,63.560001373291016,78657.0,0.0163059635913763
2026-01-21,65.23999786376953,65.41000366210938,63.630001068115234,64.01000213623047,52906.0,-0.0035192960895985
2026-01-22,64.05999755859375,65.37000274658203,63.560001373291016,65.13999938964844,49453.0,-0.0376824977899307
2026-01-23,65.87999725341797,66.20999908447266,64.23999786376953,64.27999877929688,34015.0,0.0327088554615604
2026-01-26,65.58999633789062,66.51000213623047,65.27999877929688,66.06999969482422,25795.0,0.0225109591398718
2026-01-27,67.56999969482422,67.77999877929688,65.0,65.7300033569336,34327.0,0.0400083786060398
2026-01-28,68.4000015258789,68.69999694824219,67.12999725341797,67.7699966430664,23555.0,0.0473001019280456
2026-01-29,70.70999908447266,71.87999725341797,68.61000061035156,68.66999816894531,26980.0,0.0987668865987453
2026-01-30,70.69000244140625,70.91999816894531,69.11000061035156,70.16000366210938,85305.0,0.0704692911009019
2026-02-02,66.30000305175781,68.80999755859375,65.45999908447266,68.72000122070312,80104.0,0.0107667537490519
2026-02-03,67.33000183105469,68.2699966430664,65.19000244140625,66.30000305175781,83736.0,-0.0035581632952272
2026-02-04,69.45999908447266,69.75,66.98999786376953,67.94000244140625,98236.0,0.0153781871986108
2026-02-05,67.55000305175781,68.94000244140625,66.91999816894531,68.83000183105469,65248.0,-0.0457188830845446
2026-02-06,68.05000305175781,68.81999969482422,66.58000183105469,67.41000366210938,79538.0,-0.0380613807763695
2026-02-09,69.04000091552734,69.44000244140625,67.02999877929688,67.51000213623047,51346.0,0.0404961168146519
2026-02-10,68.80000305175781,69.5,68.48999786376953,69.1500015258789,45779.0,0.021597859543825
2026-02-11,69.4000015258789,70.72000122070312,69.01000213623047,69.11000061035156,49482.0,-0.0008641446358002
2026-02-12,67.5199966430664,69.83999633789062,67.08999633789062,69.63999938964844,48058.0,-0.0004443090138866
2026-02-13,67.75,68.05000305175781,66.88999938964844,67.58999633789062,42167.0,-0.0044183141834802
2026-02-23,71.48999786376953,72.4800033569336,70.73999786376953,71.23999786376953,28933.0,0.0537330901374212
2026-02-24,70.7699966430664,72.23999786376953,70.70999908447266,71.47000122070312,37988.0,0.0484934520062867
2026-02-25,70.8499984741211,71.76000213623047,70.44999694824219,71.22000122070312,18491.0,0.0070821827293599
2026-02-26,70.75,72.58999633789062,69.31999969482422,71.11000061035156,17725.0,-0.0127802264574138
2026-02-27,72.4800033569336,72.98999786376953,70.44000244140625,70.5,79435.0,0.0099834605303936
2026-03-02,77.73999786376953,82.11000061035156,75.79000091552734,77.0,143671.0,0.0838123480476779
2026-03-03,81.4000015258789,85.05000305175781,77.37000274658203,78.05000305175781,229556.0,0.139940157100659
2026-03-04,81.4000015258789,84.44999694824219,80.30000305175781,81.9000015258789,152390.0,0.1388103471539987
2026-03-05,85.41000366210938,86.27999877929688,81.5199966430664,82.43000030517578,146018.0,0.1883106963115299
2026-03-06,92.69000244140624,94.5500030517578,83.16999816894531,84.83999633789062,197523.0,0.2459499101771874
2026-03-09,98.95999908447266,119.4000015258789,83.87999725341797,98.36000061035156,235965.0,0.2413458208878341
2026-03-10,87.80000305175781,95.08000183105467,81.16000366210938,92.4499969482422,144614.0,0.0756862436451964
2026-03-11,91.9800033569336,93.25,86.31999969482422,91.3000030517578,101940.0,0.1221959068541841
2026-03-12,100.45999908447266,101.8000030517578,93.6999969482422,93.73999786376952,92219.0,0.1622963963736695
2026-03-13,103.13999938964844,103.9000015258789,97.5500030517578,101.66000366210938,71698.0,0.1068266644778938
2026-03-16,100.20999908447266,106.51000213623048,99.55999755859376,105.51000213623048,77839.0,0.0125522561014062
2026-03-17,103.41999816894533,104.9800033569336,100.76000213623048,101.37000274658205,65199.0,0.1637368138639087
2026-03-18,107.37999725341795,111.86000061035156,100.33999633789062,103.4499969482422,73104.0,0.1548027208081506
2026-03-19,108.6500015258789,119.12000274658205,103.75,109.66000366210938,87485.0,0.0783720915378763
2026-03-20,112.19000244140624,113.11000061035156,105.0999984741211,107.66999816894533,57217.0,0.0841066016131135
2026-03-23,99.94000244140624,115.0999984741211,96.25,114.9000015258789,113332.0,-0.0026979445893716
2026-03-24,104.48999786376952,105.04000091552734,98.08999633789062,100.5,68614.0,0.0102930033386251
2026-03-25,102.22000122070312,103.4000015258789,97.1500015258789,99.98999786376952,53714.0,-0.0492465541342162
2026-03-26,108.01000213623048,109.05999755859376,102.77999877929688,103.08000183105467,28970.0,-0.0059078855379597
2026-03-27,112.56999969482422,114.80999755859376,105.25,106.22000122070312,18402.0,0.0033813633374994
2026-03-30,112.77999877929688,116.87000274658205,111.5,116.13999938964844,15053.0,0.1208689772105024
2026-03-31,118.3499984741211,119.2699966430664,111.0,114.7300033569336,69949.0,0.1245549704653914
2026-04-01,101.16000366210938,105.9000015258789,98.45999908447266,103.9000015258789,61629.0,-0.0104239072791299
2026-04-02,109.02999877929688,109.70999908447266,99.0199966430664,100.3000030517578,0.0,0.0093992273137974
2026-04-03,109.02999877929688,109.70999908447266,99.0199966430664,100.3000030517578,0.0,0.0093992273137974
2026-04-06,109.7699966430664,111.87000274658205,106.8499984741211,109.1999969482422,27863.0,-0.0251880105380224
2026-04-07,109.2699966430664,111.8000030517578,104.56999969482422,109.58999633789062,65194.0,-0.031617154694084
2026-04-08,94.75,104.0,90.01000213623047,103.4000015258789,82140.0,-0.2224044791045217
2026-04-09,95.91999816894533,99.5199966430664,94.33999633789062,96.52999877929688,54501.0,-0.0531889663730594
2026-04-10,95.1999969482422,98.25,94.23999786376952,96.37999725341795,35012.0,-0.1356431527812207
2026-04-13,99.36000061035156,103.86000061035156,97.63999938964844,99.70999908447266,50559.0,-0.099637612789705
2026-04-14,94.79000091552734,99.41000366210938,94.43000030517578,98.41999816894533,40991.0,-0.1421579247377662
2026-04-15,94.93000030517578,96.88999938964844,91.0,95.5199966430664,41928.0,0.0018979371459167
2026-04-16,99.38999938964844,99.83999633789062,94.41999816894533,94.91000366210938,36540.0,0.0355370072090738
2026-04-17,90.37999725341795,98.97000122070312,86.08000183105469,98.25,85233.0,-0.0519569361471745
2026-04-20,95.4800033569336,97.80999755859376,92.7699966430664,96.20999908447266,46389.0,-0.0398327876988695
2026-04-21,98.4800033569336,101.1500015258789,93.87000274658205,93.98999786376952,50039.0,0.0381895878402325
2026-04-22,101.91000366210938,102.30999755859376,96.54000091552734,98.9000015258789,39837.0,0.0709503256668892
2026-04-23,105.06999969482422,107.36000061035156,101.27999877929688,101.58000183105467,54489.0,0.0555752929572456
2026-04-24,105.33000183105467,107.45999908447266,103.4000015258789,106.27999877929688,52646.0,0.1530753226385658
2026-04-28,111.26000213623048,112.69000244140624,107.91999816894533,108.3000030517578,23451.0,0.1220163078838298
2026-04-29,118.02999877929688,120.3000030517578,110.20999908447266,111.01000213623048,18031.0,0.1468487123233234
