time,close,high,low,open,volume,copper_ret_5d
2016-12-08,2.619999885559082,2.6610000133514404,2.609999895095825,2.630000114440918,692.0,-0.0043797538928743
2016-12-09,2.6419999599456787,2.6545000076293945,2.626499891281128,2.640500068664551,552.0,0.010272089775703
2016-12-12,2.61299991607666,2.673500061035156,2.5994999408721924,2.673500061035156,605.0,-0.0286703824349037
2016-12-13,2.5929999351501465,2.622499942779541,2.561000108718872,2.5920000076293945,769.0,-0.0300117484296458
2016-12-14,2.5999999046325684,2.635499954223633,2.566499948501587,2.5864999294281006,739.0,-0.0141305308488037
2016-12-15,2.595999956130981,2.601999998092652,2.575000047683716,2.595000028610229,461.0,-0.0092024921501189
2016-12-16,2.561000108718872,2.5824999809265137,2.5390000343322754,2.5799999237060547,631.0,-0.0311383412704134
2016-12-19,2.496500015258789,2.552500009536743,2.4749999046325684,2.5460000038146973,382.0,-0.0456091973502559
2016-12-20,2.499500036239624,2.499500036239624,2.4809999465942383,2.49399995803833,603.0,-0.0367247551767049
2016-12-21,2.491499900817871,2.509500026702881,2.490000009536743,2.509500026702881,232.0,-0.0426265094165323
2016-12-22,2.494499921798706,2.503000020980835,2.4549999237060547,2.490499973297119,434.0,-0.0398835049736777
2016-12-23,2.4725000858306885,2.500999927520752,2.4719998836517334,2.496000051498413,443.0,-0.0351680304402536
2016-12-26,2.4725000858306885,2.500999927520752,2.4719998836517334,2.496000051498413,443.0,-0.0351680304402536
2016-12-27,2.507999897003174,2.513000011444092,2.450000047683716,2.450000047683716,303.0,0.0045958246327589
2016-12-28,2.494999885559082,2.5225000381469727,2.49399995803833,2.5225000381469727,300.0,-0.0018020430348597
2016-12-29,2.4790000915527344,2.509000062942505,2.4790000915527344,2.497999906539917,663.0,-0.0050296089467523
2016-12-30,2.497499942779541,2.506500005722046,2.492500066757202,2.492500066757202,507.0,0.0012019316600085
2017-01-03,2.4809999465942383,2.5274999141693115,2.4800000190734863,2.5269999504089355,590.0,0.0034318639549018
2017-01-04,2.5480000972747803,2.549499988555908,2.496999979019165,2.496999979019165,742.0,0.0158231941834732
2017-01-05,2.5295000076293945,2.572499990463257,2.5269999504089355,2.553999900817871,306.0,0.0137329744306432
2017-01-06,2.5380001068115234,2.5380001068115234,2.505000114440918,2.5174999237060547,340.0,0.023521121392744
2017-01-09,2.5299999713897705,2.5420000553131104,2.515000104904175,2.5339999198913574,236.0,0.0129290828015611
2017-01-10,2.60349988937378,2.6135001182556152,2.562000036239624,2.562000036239624,607.0,0.0481949679457072
2017-01-11,2.6010000705718994,2.6045000553131104,2.5905001163482666,2.6045000553131104,417.0,0.0205872377122851
2017-01-12,2.6605000495910645,2.6605000495910645,2.5969998836517334,2.5969998836517334,215.0,0.0504924359280195
2017-01-13,2.680500030517578,2.680500030517578,2.6410000324249268,2.6414999961853027,226.0,0.0546269442933735
2017-01-16,2.680500030517578,2.680500030517578,2.6410000324249268,2.6414999961853027,226.0,0.0546269442933735
2017-01-17,2.616499900817871,2.674499988555908,2.601999998092652,2.674499988555908,286.0,0.0336182174926743
2017-01-18,2.6080000400543213,2.618000030517578,2.6015000343322754,2.618000030517578,422.0,0.001727008293189
2017-01-19,2.6015000343322754,2.6059999465942383,2.595000028610229,2.6059999465942383,193.0,0.0001922013462119
2017-01-20,2.617000102996826,2.619999885559082,2.5929999351501465,2.609999895095825,786.0,-0.0164854307892015
2017-01-23,2.63949990272522,2.63949990272522,2.635499954223633,2.638499975204468,244.0,-0.0154138872424413
2017-01-24,2.700500011444092,2.70199990272522,2.678999900817871,2.678999900817871,1134.0,0.0315994363648645
2017-01-25,2.702500104904175,2.7084999084472656,2.695499897003174,2.695499897003174,207.0,0.0355936499260231
2017-02-02,2.677999973297119,2.71399998664856,2.664999961853028,2.71399998664856,526.0,0.0044910570364683
2017-02-03,2.609499931335449,2.6454999446868896,2.6070001125335693,2.6454999446868896,428.0,-0.026658213644136
2017-02-06,2.6454999446868896,2.6454999446868896,2.615000009536743,2.615000009536743,260.0,-0.0007557504484289
2017-02-07,2.625999927520752,2.6414999961853027,2.625999927520752,2.634000062942505,677.0,-0.0357214211766666
2017-02-08,2.6605000495910645,2.673500061035156,2.6605000495910645,2.673500061035156,330.0,-0.0164029438250541
2017-02-09,2.6480000019073486,2.6480000019073486,2.6480000019073486,2.6480000019073486,316.0,-0.0112655985027184
2017-02-10,2.76200008392334,2.7699999809265137,2.6640000343322754,2.677000045776367,382.0,0.0567964795840563
2017-02-13,2.77649998664856,2.77649998664856,2.77649998664856,2.77649998664856,405.0,0.0483310744371218
2017-02-14,2.7309999465942383,2.759999990463257,2.7309999465942383,2.75600004196167,711.0,0.0392060746562044
2017-02-15,2.736000061035156,2.739000082015991,2.720000028610229,2.720000028610229,1085.0,0.0279829283744343
2017-02-16,2.7160000801086426,2.7170000076293945,2.700999975204468,2.7049999237060547,414.0,0.0253556003964715
2017-02-17,2.7054998874664307,2.7054998874664307,2.681999921798706,2.684999942779541,268.0,-0.0206683888658074
2017-02-20,2.7054998874664307,2.7054998874664307,2.681999921798706,2.684999942779541,268.0,-0.0206683888658074
2017-02-21,2.745500087738037,2.75,2.7355000972747803,2.7355000972747803,231.0,-0.0112278971969705
2017-02-22,2.7325000762939453,2.7325000762939453,2.720000028610229,2.720000028610229,174.0,0.0005491460533068
2017-02-23,2.6424999237060547,2.7219998836517334,2.6414999961853027,2.7219998836517334,159.0,-0.0347716121781004
2017-02-24,2.680000066757202,2.681999921798706,2.6610000133514404,2.6610000133514404,51025.0,-0.0133434197593624
2017-02-27,2.6875,2.690999984741211,2.6519999504089355,2.6730000972747803,14418.0,-0.0066753030525004
2017-02-28,2.7039999961853027,2.7105000019073486,2.6689999103546143,2.683000087738037,1739.0,-0.0152310829238669
2017-03-01,2.7265000343322754,2.755000114440918,2.703000068664551,2.7049999237060547,1180.0,-0.0021982210134398
2017-03-02,2.679500102996826,2.7290000915527344,2.6730000972747803,2.7239999771118164,778.0,0.0139048385012158
2017-03-03,2.687000036239624,2.697999954223633,2.6700000762939453,2.677999973297119,625.0,0.0026085236882057
2017-03-06,2.6429998874664307,2.688999891281128,2.638999938964844,2.688999891281128,840.0,-0.0166968004095978
2017-03-07,2.609499931335449,2.6545000076293945,2.5964999198913574,2.6545000076293945,1728.0,-0.0355735509819241
2017-03-08,2.5920000076293945,2.623500108718872,2.5829999446868896,2.6059999465942383,890.0,-0.0505889665425803
2017-03-09,2.569999933242798,2.5834999084472656,2.549999952316284,2.575999975204468,834.0,-0.041724375460027
2017-03-10,2.5864999294281006,2.5985000133514404,2.566499948501587,2.566499948501587,637.0,-0.038119759943651
2017-03-13,2.616499900817871,2.627500057220459,2.588500022888184,2.5899999141693115,390.0,-0.0100770841204712
2017-03-14,2.624000072479248,2.634999990463257,2.5999999046325684,2.611500024795532,379.0,0.0055412929154741
2017-03-15,2.6454999446868896,2.66599988937378,2.6410000324249268,2.6519999504089355,320.0,0.0204302810202049
2017-03-16,2.665499925613404,2.683000087738037,2.6619999408721924,2.67549991607666,397.0,0.0364857564419322
2017-03-17,2.679500102996826,2.683000087738037,2.6480000019073486,2.6600000858306885,295.0,0.0353246652148667
2017-03-20,2.6554999351501465,2.678999900817871,2.6449999809265137,2.678999900817871,370.0,0.0147954275356465
2017-03-21,2.609999895095825,2.6419999599456787,2.5975000858306885,2.6419999599456787,550.0,-0.005349717562076
2017-03-22,2.621999979019165,2.627000093460083,2.5820000171661377,2.5999999046325684,435.0,-0.0089226851140084
2017-03-23,2.6364998817443848,2.6429998874664307,2.609499931335449,2.621999979019165,388.0,-0.010939394238367
2017-03-24,2.623500108718872,2.633500099182129,2.6135001182556152,2.630000114440918,388.0,-0.0211209028065682
2017-03-27,2.625,2.625999927520752,2.562000036239624,2.595999956130981,434.0,-0.0115520404157715
2017-03-28,2.6689999103546143,2.6689999103546143,2.621500015258789,2.622499942779541,357.0,0.0223536556933253
2017-03-29,2.6700000762939453,2.673500061035156,2.6545000076293945,2.6675000190734863,451.0,0.0181411236470049
2017-03-30,2.664999961853028,2.7079999446868896,2.656500101089477,2.6675000190734863,650.0,0.0107518081686186
2017-03-31,2.6465001106262207,2.671499967575073,2.634500026702881,2.671499967575073,631.0,0.0087287085318348
2017-04-03,2.5975000858306885,2.6530001163482666,2.5975000858306885,2.6414999961853027,557.0,-0.0105314190087662
2017-04-04,2.6059999465942383,2.6080000400543213,2.5899999141693115,2.5899999141693115,327.0,-0.023887378625488
2017-04-05,2.67549991607666,2.687000036239624,2.640000104904175,2.640000104904175,430.0,0.0020577464152045
2017-04-07,2.6449999809265137,2.6454999446868896,2.6059999465942383,2.625,363.0,-0.000566996017742
2017-04-10,2.601999998092652,2.638000011444092,2.5999999046325684,2.638000011444092,517.0,0.001730902322461
2017-04-11,2.6059999465942383,2.6075000762939453,2.5840001106262207,2.6070001125335693,404.0,0.0
2017-04-12,2.5439999103546143,2.5829999446868896,2.5360000133514404,2.5829999446868896,293.0,-0.0503986371619647
2017-04-13,2.569499969482422,2.572999954223633,2.565000057220459,2.565000057220459,211.0,-0.0329216208860662
2017-04-14,2.569499969482422,2.572999954223633,2.565000057220459,2.565000057220459,211.0,-0.0329216208860662
2017-04-17,2.595000028610229,2.5989999771118164,2.5850000381469727,2.5855000019073486,173.0,-0.0190845304561263
2017-04-18,2.5290000438690186,2.5845000743865967,2.5204999446868896,2.5845000743865967,216.0,-0.0284563943230647
2017-04-19,2.533499956130981,2.549499988555908,2.533499956130981,2.549499988555908,279.0,-0.0282147295910196
2017-04-20,2.54099988937378,2.54099988937378,2.52649998664856,2.52649998664856,491.0,-0.0011799494383725
2017-04-21,2.5364999771118164,2.54099988937378,2.531500101089477,2.531500101089477,284.0,-0.0129261465722147
2017-04-24,2.553499937057495,2.553499937057495,2.5350000858306885,2.5350000858306885,520.0,-0.0161215851869296
2017-04-25,2.5820000171661377,2.5859999656677246,2.572499990463257,2.572499990463257,269.0,0.0207403140386214
2017-04-26,2.5910000801086426,2.5910000801086426,2.5794999599456787,2.5899999141693115,53314.0,0.0224422038797644
2017-04-27,2.5799999237060547,2.5905001163482666,2.553499937057495,2.5905001163482666,18997.0,0.0152317085606925
2017-04-28,2.5964999198913574,2.6015000343322754,2.577500104904175,2.5834999084472656,2959.0,0.0233791844486097
2017-05-03,2.532999992370605,2.617500066757202,2.50600004196167,2.617500066757202,1012.0,-0.0226395644904742
2017-05-04,2.502000093460083,2.5269999504089355,2.4800000190734863,2.51200008392334,783.0,-0.0306989199633604
2017-05-05,2.5195000171661377,2.5269999504089355,2.495500087738037,2.501499891281128,521.0,-0.0301038774978605
2017-05-08,2.4855000972747803,2.5350000858306885,2.470000028610229,2.5350000858306885,606.0,-0.0640857902963447
2017-05-09,2.490000009536743,2.502000093460083,2.4800000190734863,2.4825000762939453,647.0,-0.0527981817369534
2017-05-10,2.486999988555908,2.5,2.483999967575073,2.493000030517578,392.0,-0.0183272077878358
2017-05-11,2.500999927520752,2.5339999198913574,2.492500066757202,2.492500066757202,414.0,-0.0003998264834941
2017-05-12,2.5179998874664307,2.5204999446868896,2.505000114440918,2.507999897003174,343.0,-0.0005955850213204
2017-05-15,2.532999992370605,2.546999931335449,2.531500101089477,2.533499956130981,601.0,0.0189304823180429
2017-05-16,2.5445001125335693,2.546499967575073,2.515500068664551,2.5209999084472656,351.0,0.021651496966317
2017-05-17,2.5425000190734863,2.5439999103546143,2.5274999141693115,2.5355000495910645,740.0,0.0220706962227381
2017-05-18,2.52649998664856,2.5309998989105225,2.48799991607666,2.5199999809265137,587.0,0.0101443175498922
2017-05-19,2.5739998817443848,2.576499938964844,2.5434999465942383,2.5434999465942383,809.0,0.0219961723010748
2017-05-22,2.58899998664856,2.595000028610229,2.563499927520752,2.565000057220459,313.0,0.0218673276048747
2017-05-23,2.5905001163482666,2.5905001163482666,2.575500011444092,2.575999975204468,973.0,0.0179167409131943
2017-05-24,2.578000068664551,2.5840001106262207,2.566999912261963,2.5840001106262207,510.0,0.0138660747093685
2017-05-25,2.5920000076293945,2.609999895095825,2.576499938964844,2.576499938964844,772.0,0.025594840968201
2017-05-26,2.559499979019165,2.5810000896453857,2.55649995803833,2.5804998874664307,393.0,-0.0056491445133202
2017-05-29,2.559499979019165,2.5810000896453857,2.55649995803833,2.5804998874664307,393.0,-0.0056491445133202
2017-05-30,2.561000108718872,2.565999984741211,2.5439999103546143,2.5510001182556152,720.0,-0.0108738459432992
2017-05-31,2.57699990272522,2.5815000534057617,2.554500102996826,2.567500114440918,516.0,-0.0052250582632129
2017-06-01,2.5845000743865967,2.587500095367432,2.575500011444092,2.576499938964844,645.0,0.0025181632839606
2017-06-02,2.571500062942505,2.57450008392334,2.5309998989105225,2.555500030517578,362.0,-0.007940370723673
2017-06-05,2.554500102996826,2.557499885559082,2.549999952316284,2.55649995803833,322.0,-0.0019553686097866
2017-06-06,2.5445001125335693,2.558000087738037,2.5179998874664307,2.5350000858306885,294.0,-0.0064636383961632
2017-06-07,2.549000024795532,2.549999952316284,2.5350000858306885,2.5460000038146973,253.0,-0.010924758801401
2017-06-08,2.6070001125335693,2.609499931335449,2.5450000762939453,2.549999952316284,308.0,0.00866808368152
2017-06-09,2.6459999084472656,2.6470000743865967,2.615999937057495,2.622999906539917,247.0,0.0285596203825402
2017-06-12,2.612499952316284,2.625,2.611000061035156,2.621999979019165,274.0,0.0224510489303147
2017-06-13,2.5929999351501465,2.620500087738037,2.5864999294281006,2.620500087738037,278.0,0.0188812702739914
2017-06-14,2.570499897003174,2.5799999237060547,2.5625,2.5799999237060547,479.0,0.0083992573230999
2017-06-15,2.563999891281128,2.569999933242798,2.555000066757202,2.569999933242798,524.0,-0.0166316814609233
2017-06-16,2.5625,2.566999912261963,2.556999921798706,2.556999921798706,492.0,-0.032065686627808
2017-06-19,2.5894999504089355,2.5894999504089355,2.587500095367432,2.5894999504089355,265.0,-0.0088428113078064
2017-06-20,2.555000066757202,2.5864999294281006,2.555000066757202,2.5864999294281006,450.0,-0.0147632317632113
2017-06-21,2.601999998092652,2.601999998092652,2.539999961853028,2.539999961853028,251.0,0.012179986912651
2017-06-22,2.5980000495910645,2.5989999771118164,2.594000101089477,2.5989999771118164,318.0,0.0131734406802107
2017-06-23,2.622999906539917,2.634500026702881,2.621999979019165,2.634500026702881,231.0,0.0233353207892209
2017-06-26,2.625,2.627000093460083,2.617000102996826,2.621999979019165,315.0,0.0136161083126044
2017-06-27,2.6465001106262207,2.6465001106262207,2.617000102996826,2.617000102996826,205.0,0.0351858043331259
2017-06-28,2.6619999408721924,2.6619999408721924,2.6484999656677246,2.650500059127808,36325.0,0.0227973184038392
2017-06-29,2.683000087738037,2.700500011444092,2.6559998989105225,2.6605000495910645,9143.0,0.0321936668083768
2017-06-30,2.6989998817443848,2.7060000896453857,2.6710000038146973,2.684499979019165,1955.0,0.0285626249675154
2017-07-03,2.680999994277954,2.700000047683716,2.674999952316284,2.686000108718872,1563.0,0.0211089610759396
2017-07-04,2.680999994277954,2.700000047683716,2.674999952316284,2.686000108718872,1563.0,0.0211089610759396
2017-07-05,2.6489999294281006,2.6760001182556152,2.632999897003174,2.67549991607666,980.0,0.0009441295321168
2017-07-06,2.65149998664856,2.6554999351501465,2.6424999237060547,2.650000095367432,593.0,-0.0039521852015024
2017-07-07,2.637500047683716,2.657000064849853,2.632499933242798,2.657000064849853,556.0,-0.0171040872636353
2017-07-10,2.63949990272522,2.6484999656677246,2.623500108718872,2.6419999599456787,903.0,-0.0222918217932171
2017-07-11,2.664499998092652,2.6679999828338623,2.634999990463257,2.638000011444092,763.0,-0.0061734350806642
2017-07-12,2.677000045776367,2.686500072479248,2.6675000190734863,2.6700000762939453,503.0,0.0105145979891172
2017-07-13,2.6545000076293945,2.687999963760376,2.6540000438690186,2.684999942779541,568.0,0.0011308033561066
2017-07-14,2.684000015258789,2.686500072479248,2.657500028610229,2.657500028610229,448.0,0.0174767079132095
2017-07-17,2.7170000076293945,2.726999998092652,2.695499897003174,2.695499897003174,538.0,0.0289388648241863
2017-07-18,2.7235000133514404,2.7239999771118164,2.7105000019073486,2.7105000019073486,468.0,0.021901400705039
2017-07-19,2.703000068664551,2.7255001068115234,2.700000047683716,2.7249999046325684,433.0,0.0096655110593086
2017-07-20,2.7084999084472656,2.7090001106262207,2.702500104904175,2.7044999599456787,367.0,0.0201386263980841
2017-07-21,2.7149999141693115,2.734999895095825,2.7149999141693115,2.7300000190734863,293.0,0.0114836969778569
2017-07-24,2.7290000915527344,2.736000061035156,2.720499992370605,2.720499992370605,615.0,0.0044069420220574
2017-07-25,2.8405001163482666,2.8405001163482666,2.727499961853028,2.734499931335449,941.0,0.0420623112316299
2017-07-26,2.86899995803833,2.881500005722046,2.8299999237060547,2.8299999237060547,970.0,0.0596012296759409
2017-07-27,2.874000072479248,2.8929998874664307,2.869999885559082,2.8924999237060547,427.0,0.0593098705619684
2017-07-28,2.870500087738037,2.875,2.8489999771118164,2.864000082015991,523.0,0.0556943394185885
2017-07-31,2.888000011444092,2.900000095367432,2.8864998817443848,2.8929998874664307,436.0,0.0566289497189258
2017-08-01,2.878999948501587,2.890500068664551,2.874500036239624,2.890500068664551,584.0,0.0134628597669024
2017-08-02,2.882499933242798,2.884500026702881,2.871000051498413,2.875999927520752,409.0,0.0046944276282558
2017-08-03,2.877000093460083,2.879499912261963,2.872499942779541,2.879499912261963,296.0,0.0010433041788889
2017-08-04,2.884999990463257,2.88700008392334,2.867500066757202,2.874000072479248,296.0,0.005038635463459
2017-08-07,2.907999992370605,2.914499998092652,2.888499975204468,2.888499975204468,321.0,0.006901332054469
2017-08-08,2.942500114440918,2.942500114440918,2.907999992370605,2.907999992370605,314.0,0.0218166053022702
2017-08-09,2.930000066757202,2.943000078201294,2.9200000762939453,2.934499979019165,471.0,0.0163444958114072
2017-08-10,2.9059998989105225,2.923500061035156,2.900000095367432,2.923500061035156,374.0,0.0100294133069551
2017-08-11,2.9140000343322754,2.9140000343322754,2.880000114440918,2.890000104904175,288.0,0.0100018229004181
2017-08-14,2.906500101089477,2.906500101089477,2.890000104904175,2.901000022888184,295.0,-0.0005159141079328
2017-08-15,2.884500026702881,2.9019999504089355,2.879499912261963,2.9019999504089355,424.0,-0.0199080150725284
2017-08-16,2.9544999599456787,2.9679999351501465,2.884999990463257,2.884999990463257,278.0,0.0083269724335326
2017-08-17,2.937999963760376,2.963000059127808,2.930000066757202,2.9614999294281006,222.0,0.0109515350552698
2017-08-18,2.940500020980835,2.95199990272522,2.928999900817871,2.929500102996826,286.0,0.0090529224981476
2017-08-21,2.9809999465942383,3.002500057220459,2.963000059127808,2.963000059127808,188.0,0.0253091538407977
2017-08-22,2.986500024795532,3.009000062942505,2.970000028610229,2.970000028610229,374.0,0.0347505575205862
2017-08-23,2.9804999828338623,2.984499931335449,2.969000101089477,2.969000101089477,178.0,0.0087616476718252
2017-08-24,3.033499956130981,3.0385000705718994,2.986000061035156,2.986000061035156,227.0,0.0319879885218043
2017-08-25,3.032999992370605,3.053499937057495,3.0274999141693115,3.0369999408721924,163.0,0.0309725841379839
2017-08-28,3.065000057220459,3.076499938964844,3.065000057220459,3.071000099182129,532.0,0.0277887912766164
2017-08-29,3.0810000896453857,3.0934998989105225,3.0794999599456787,3.0824999809265137,66287.0,0.031152107217966
2017-08-30,3.064500093460083,3.094000101089477,3.059999942779541,3.0810000896453857,66287.0,0.0277933885229485
2017-08-31,3.0789999961853027,3.114000082015991,3.064500093460083,3.065000057220459,15355.0,0.0148878137647269
2017-09-01,3.0980000495910645,3.102499961853028,3.072999954223633,3.086999893188477,4346.0,0.0212045318111392
2017-09-05,3.1075000762939453,3.157999992370605,3.0929999351501465,3.0985000133514404,1756.0,0.0137709808971139
2017-09-06,3.131500005722046,3.138499975204468,3.1075000762939453,3.1075000762939453,845.0,0.0162578760998562
2017-09-07,3.122999906539917,3.135999917984009,3.095000028610229,3.135999917984009,1525.0,0.0189095939332514
2017-09-08,3.0215001106262207,3.138000011444092,3.0185000896453857,3.127500057220459,1623.0,-0.0188514342709338
2017-09-11,3.0460000038146973,3.061000108718872,3.0225000381469727,3.025500059127808,969.0,-0.0169275022767888
2017-09-12,3.015500068664551,3.052500009536743,3.000499963760376,3.052500009536743,1306.0,-0.03005289227484
2017-09-13,2.9609999656677246,3.0239999294281006,2.950999975204468,3.0195000171661377,819.0,-0.0559850872859548
2017-09-14,2.936500072479248,2.9684998989105225,2.9179999828338623,2.9570000171661377,1241.0,-0.0615756277119357
2017-09-15,2.927999973297119,2.947999954223633,2.9100000858306885,2.946000099182129,1111.0,-0.0314338464532603
2017-09-18,2.9489998817443848,2.9605000019073486,2.941999912261963,2.9605000019073486,1051.0,-0.032363165992437
2017-09-19,2.94950008392334,2.9544999599456787,2.940500020980835,2.947000026702881,709.0,-0.0221299837650351
2017-09-20,2.94950008392334,2.9665000438690186,2.936000108718872,2.9565000534057617,1322.0,-0.0038913446102247
2017-09-21,2.9140000343322754,2.927999973297119,2.9089999198913574,2.9205000400543213,501.0,-0.007691701107775
2017-09-22,2.924499988555908,2.930000066757202,2.875,2.90149998664856,572.0,-0.0011960649914642
2017-09-25,2.9175000190734863,2.937000036239624,2.906500101089477,2.927000045776367,584.0,-0.0107389980167086
2017-09-26,2.8975000381469727,2.944499969482422,2.890000104904175,2.9179999828338623,1136.0,-0.0177873835171571
2017-09-27,2.9110000133514404,2.9165000915527344,2.90149998664856,2.9165000915527344,3191.0,-0.0131390235643709
2017-09-28,2.962500095367432,2.970000028610229,2.907999992370605,2.908499956130981,1232.0,0.0165068190979365
2017-09-29,2.9375,2.963500022888184,2.93149995803833,2.963000059127808,600.0,0.0044353574825127
2017-10-02,2.939500093460083,2.9544999599456787,2.927500009536743,2.9544999599456787,1174.0,0.007512438938536
2017-10-03,2.948499917984009,2.950500011444092,2.9375,2.937999963760376,418.0,0.0174482292449988
2017-10-04,2.944499969482422,2.953000068664551,2.944000005722046,2.953000068664551,365.0,0.0114423436881896
2017-10-05,3.031500101089477,3.031500101089477,2.950500011444092,2.950500011444092,538.0,0.0230240412232161
2017-10-06,3.01449990272522,3.0239999294281006,3.007999897003174,3.0239999294281006,400.0,0.0258750672080852
2017-10-09,3.0169999599456787,3.0169999599456787,3.009999990463257,3.009999990463257,413.0,0.0260234162459922
2017-10-10,3.0455000400543213,3.052000045776367,3.0215001106262207,3.025500059127808,717.0,0.0323685658041243
2017-10-11,3.0799999237060547,3.0829999446868896,3.0415000915527344,3.0425000190734863,564.0,0.0449905591764979
2017-10-12,3.1040000915527344,3.115499973297119,3.0799999237060547,3.0799999237060547,504.0,0.0236340519400505
2017-10-13,3.118499994277954,3.118499994277954,3.1040000915527344,3.1040000915527344,317.0,0.0339181684708064
2017-10-16,3.2239999771118164,3.227499961853028,3.138000011444092,3.138000011444092,348.0,0.0663598706443538
2017-10-17,3.180500030517578,3.2170000076293945,3.177000045776367,3.2170000076293945,471.0,0.0433733222855647
2017-10-18,3.1635000705718994,3.184000015258789,3.157500028610229,3.17549991607666,538.0,0.0267494596982515
2017-10-19,3.1530001163482666,3.1559998989105225,3.150000095367432,3.150500059127808,414.0,0.0156627856476831
2017-10-20,3.15149998664856,3.178999900817871,3.132499933242798,3.178999900817871,370.0,0.0105264105853237
2017-10-23,3.174000024795532,3.174999952316284,3.1449999809265137,3.1449999809265137,363.0,-0.0156301876287752
2017-10-24,3.186500072479248,3.187000036239624,3.180999994277954,3.180999994277954,312.0,0.0018847317859991
2017-10-25,3.171499967575073,3.1760001182556152,3.1610000133514404,3.1700000762939453,488.0,0.0025256199549959
2017-10-26,3.1675000190734863,3.1675000190734863,3.1589999198913574,3.1640000343322754,345.0,0.0045882217710414
2017-10-27,3.0934998989105225,3.1475000381469727,3.0739998817443848,3.1475000381469727,623.0,-0.0185754224236141
2017-10-30,3.101999998092652,3.101999998092652,3.0799999237060547,3.0799999237060547,684.0,-0.0229455657768239
2017-10-31,3.0920000076293945,3.10349988937378,3.0850000381469727,3.0999999046325684,655.0,-0.0301050253252968
2017-11-01,3.132999897003174,3.1410000324249268,3.126499891281128,3.138000011444092,438.0,-0.0122136727727395
2017-11-02,3.135499954223633,3.1470000743865967,3.095000028610229,3.130000114440918,567.0,-0.0101540028332237
2017-11-03,3.1105000972747803,3.135999917984009,3.101999998092652,3.134500026702881,354.0,0.0054804129350948
2017-11-06,3.150500059127808,3.1530001163482666,3.1440000534057617,3.1489999294281006,271.0,0.0155141250282566
2017-11-07,3.0824999809265137,3.115000009536743,3.0785000324249268,3.115000009536743,381.0,-0.0030771833239438
2017-11-08,3.0929999351501465,3.0985000133514404,3.0924999713897705,3.0924999713897705,260.0,-0.0128495063589485
2017-11-09,3.0799999237060547,3.0855000019073486,3.07699990272522,3.077500104904175,222.0,-0.0178590641868334
2017-11-10,3.069499969482422,3.0789999961853027,3.063499927520752,3.0789999961853027,214.0,-0.0132688443027579
2017-11-13,3.111500024795532,3.125999927520752,3.0859999656677246,3.0859999656677246,368.0,-0.0124562561715949
2017-11-14,3.059999942779541,3.102999925613404,3.0450000762939453,3.102999925613404,289.0,-0.0073260526039015
2017-11-15,3.049000024795532,3.057499885559082,3.033499956130981,3.05049991607666,338.0,-0.0143277965978141
2017-11-16,3.0434999465942383,3.05649995803833,3.040499925613404,3.0450000762939453,331.0,-0.0119214208103615
2017-11-17,3.0625,3.064500093460083,3.0299999713897705,3.0299999713897705,233.0,-0.0022830960723701
2017-11-20,3.0905001163482666,3.0905001163482666,3.0510001182556152,3.0510001182556152,382.0,-0.0067720052318725
2017-11-21,3.125499963760376,3.125499963760376,3.0859999656677246,3.0859999656677246,424.0,0.0211793615301125
2017-11-22,3.134500026702881,3.135999917984009,3.134500026702881,3.134500026702881,316.0,0.0276560041124436
2017-11-23,3.134500026702881,3.135999917984009,3.134500026702881,3.134500026702881,316.0,0.0276560041124436
2017-11-24,3.16599988937378,3.173500061035156,3.125,3.125999927520752,193.0,0.0394607751125078
2017-11-27,3.132499933242798,3.134000062942505,3.13100004196167,3.13100004196167,245.0,0.0225998106060828
2017-11-28,3.070499897003174,3.1050000190734863,3.06850004196167,3.1050000190734863,73600.0,-0.0064925465209344
2017-11-29,3.039999961853028,3.0834999084472656,3.032500028610229,3.068000078201294,19125.0,-0.0277367559251212
2017-11-30,3.0369999408721924,3.063499927520752,3.024499893188477,3.0369999408721924,2038.0,-0.0315995136564483
2017-12-01,3.065500020980835,3.0975000858306885,3.0445001125335693,3.0445001125335693,2053.0,-0.0322582314520817
2017-12-04,3.062999963760376,3.0840001106262207,3.059000015258789,3.068000078201294,886.0,-0.022436570457705
2017-12-05,2.9205000400543213,3.065000057220459,2.9205000400543213,3.063999891281128,1747.0,-0.0500855330302129
2017-12-06,2.936500072479248,2.9614999294281006,2.928499937057495,2.928499937057495,768.0,-0.0346390822071582
2017-12-07,2.940500020980835,2.9679999351501465,2.928999900817871,2.950999975204468,692.0,-0.0322905245414633
2017-12-08,2.9549999237060547,2.9665000438690186,2.938499927520752,2.938499927520752,691.0,-0.0367120700253187
2017-12-11,2.98799991607666,2.993000030517578,2.940000057220459,2.950500011444092,479.0,-0.0247905768354465
2017-12-12,2.999500036239624,3.000499963760376,2.9830000400543213,2.990000009536743,836.0,0.0266907719797872
2017-12-13,3.0295000076293945,3.0350000858306885,2.993000030517578,2.993000030517578,535.0,0.0311791712586483
2017-12-14,3.048500061035156,3.052000045776367,3.0160000324249268,3.032999992370605,1029.0,0.036070044334108
2017-12-15,3.109999895095825,3.114500045776367,3.0420000553131104,3.0420000553131104,560.0,0.051124067420429
2017-12-18,3.121999979019165,3.122999906539917,3.0899999141693115,3.095999956130981,618.0,0.0438695761891449
2017-12-19,3.127500057220459,3.129499912261963,3.0920000076293945,3.111000061035156,711.0,0.04178836146194
2017-12-20,3.171499967575073,3.177000045776367,3.119499921798706,3.119499921798706,600.0,0.0458070599466947
2017-12-21,3.194499969482422,3.194499969482422,3.1630001068115234,3.1695001125335693,977.0,0.0467808851199915
2017-12-22,3.2144999504089355,3.2184998989105225,3.184499979019165,3.188499927520752,946.0,0.0330491167124053
2017-12-25,3.2144999504089355,3.2184998989105225,3.184499979019165,3.188499927520752,946.0,0.0330491167124053
2017-12-26,3.25600004196167,3.257999897003174,3.220999956130981,3.220999956130981,500.0,0.0420256456548629
2017-12-27,3.256999969482422,3.256999969482422,3.256999969482422,3.256999969482422,1033.0,0.0405725352694143
2017-12-28,3.2860000133514404,3.2955000400543213,3.249500036239624,3.249500036239624,814.0,0.035466371810236
2017-12-29,3.2795000076293945,3.2795000076293945,3.253000020980835,3.253000020980835,874.0,0.0262604025709443
2018-01-02,3.25600004196167,3.2669999599456787,3.250499963760376,3.250999927520752,764.0,0.0128276518554829
2018-01-03,3.236999988555908,3.243499994277954,3.2219998836517334,3.239000082015991,328.0,-0.0058524896190778
2018-01-04,3.242500066757202,3.263000011444092,3.236000061035156,3.263000011444092,322.0,-0.0044618591276031
2018-01-05,3.2070000171661377,3.2109999656677246,3.2070000171661377,3.2090001106262207,575.0,-0.024335097614478
2018-01-08,3.200999975204468,3.21399998664856,3.200000047683716,3.2054998874664307,695.0,-0.0242277208364996
2018-01-09,3.194499969482422,3.2235000133514404,3.193000078201294,3.219000101089477,833.0,-0.0190688895206863
2018-01-10,3.2149999141693115,3.2265000343322754,3.2149999141693115,3.2265000343322754,380.0,-0.0068196404160725
2018-01-11,3.213500022888184,3.2155001163482666,3.2100000381469727,3.2149999141693115,320.0,-0.0089839648449372
2018-01-12,3.200000047683716,3.200000047683716,3.200000047683716,3.200000047683716,321.0,-0.0021851013568849
2018-01-15,3.200000047683716,3.200000047683716,3.200000047683716,3.200000047683716,321.0,-0.0021851013568849
2018-01-16,3.1989998817443848,3.246500015258789,3.1679999828338623,3.241499900817871,1024.0,-0.0006250292405945
2018-01-17,3.1665000915527344,3.171499967575073,3.1600000858306885,3.1700000762939453,674.0,-0.0088036656198391
2018-01-18,3.177000045776367,3.180000066757202,3.177000045776367,3.180000066757202,417.0,-0.011889961296578
2018-01-19,3.1670000553131104,3.1670000553131104,3.1670000553131104,3.1670000553131104,240.0,-0.0145759079297511
2018-01-22,3.177500009536743,3.188499927520752,3.174999952316284,3.188499927520752,231.0,-0.0070560976240345
2018-01-23,3.0894999504089355,3.1424999237060547,3.0894999504089355,3.1424999237060547,345.0,-0.0348289745335368
2018-01-24,3.2084999084472656,3.213500022888184,3.1530001163482666,3.1530001163482666,323.0,0.0131766037867385
2018-01-25,3.1989998817443848,3.2165000438690186,3.1989998817443848,3.2165000438690186,352.0,0.0069008543048923
2018-01-26,3.182499885559082,3.182499885559082,3.174499988555908,3.174499988555908,709.0,0.0048822304680216
2018-01-29,3.182499885559082,3.182499885559082,3.174499988555908,3.174499988555908,709.0,0.0048822304680216
2018-01-30,3.177000045776367,3.186500072479248,3.150000095367432,3.1600000858306885,665.0,-0.0001573573867513
2018-01-31,3.184000015258789,3.2105000019073486,3.184000015258789,3.2105000019073486,803.0,0.0301290233070582
2018-02-01,3.197000026702881,3.2074999809265137,3.177500009536743,3.180000066757202,893.0,-0.0035906312438126
2018-02-02,3.176500082015991,3.2054998874664307,3.1630001068115234,3.191999912261963,413.0,-0.0070582364568879
2018-02-05,3.2105000019073486,3.240000009536743,3.178999900817871,3.2165000438690186,450.0,0.0087596733560793
2018-02-06,3.177500009536743,3.200500011444092,3.151000022888184,3.180999994277954,492.0,0.0001573573867513
2018-02-07,3.076499938964844,3.130500078201294,3.076499938964844,3.130500078201294,328.0,-0.0343457054152156
2018-02-08,3.072000026702881,3.08899998664856,3.055999994277954,3.078000068664551,410.0,-0.0398840544524153
2018-02-09,3.024499893188477,3.068000078201294,3.0209999084472656,3.066499948501587,469.0,-0.0490342342946609
2018-02-12,3.077500104904175,3.077500104904175,3.0450000762939453,3.0450000762939453,612.0,-0.0423090756821266
2018-02-13,3.1545000076293945,3.1545000076293945,3.0785000324249268,3.0785000324249268,353.0,-0.0072647198355053
2018-02-21,3.2114999294281006,3.2114999294281006,3.179500102996826,3.179500102996826,300.0,0.0179080884936611
2018-02-22,3.237499952316284,3.237499952316284,3.178499937057495,3.178499937057495,342.0,0.0027838134782276
2018-02-23,3.2084999084472656,3.2084999084472656,3.198499917984009,3.1989998817443848,290.0,-0.009461155836587
2018-02-26,3.196000099182129,3.2044999599456787,3.195499897003174,3.2035000324249268,52000.0,-0.0145987777982387
2018-02-27,3.157500028610229,3.2095000743865967,3.133500099182129,3.1989998817443848,16684.0,-0.0089856613082484
2018-02-28,3.1075000762939453,3.156500101089477,3.101999998092652,3.1549999713897705,3318.0,-0.032919526786683
2018-03-01,3.0994999408721924,3.121500015258789,3.0804998874664307,3.1045000553131104,1730.0,-0.0435606232138214
2018-03-02,3.1010000705718994,3.118499994277954,3.087500095367432,3.1045000553131104,1058.0,-0.0340788467978984
2018-03-05,3.1054999828338623,3.114500045776367,3.073499917984009,3.114500045776367,1006.0,-0.0287253314476705
2018-03-06,3.13700008392334,3.1549999713897705,3.1045000553131104,3.1045000553131104,537.0,-0.0065136283422686
2018-03-07,3.114000082015991,3.122499942779541,3.0964999198913574,3.122499942779541,744.0,0.0020895307953526
2018-03-08,3.058500051498413,3.0980000495910645,3.051500082015991,3.0980000495910645,647.0,-0.0133161725449907
2018-03-09,3.115999937057495,3.125499963760376,3.04099988937378,3.058000087738037,750.0,0.0048254449326253
2018-03-12,3.1040000915527344,3.125,3.0920000076293945,3.123500108718872,634.0,-0.0004830956735101
2018-03-13,3.11899995803833,3.121500015258789,3.0929999351501465,3.1005001068115234,1024.0,-0.005754531789178
2018-03-14,3.140000104904175,3.1705000400543213,3.122999906539917,3.123500108718872,446.0,0.0083147335795017
2018-03-15,3.111000061035156,3.1445000171661377,3.0920000076293945,3.131500005722046,493.0,0.0170196209963605
2018-03-16,3.0929999351501465,3.125999927520752,3.075999975204468,3.122999906539917,484.0,-0.007408635072444
2018-03-19,3.069499969482422,3.0899999141693115,3.055500030517578,3.0899999141693115,475.0,-0.0111769598728383
2018-03-20,3.025500059127808,3.068000078201294,3.0225000381469727,3.061500072479248,718.0,-0.0304360375487094
2018-03-21,3.048500061035156,3.06850004196167,3.009999990463257,3.032500028610229,989.0,-0.0295731469420276
2018-03-22,3.01200008392334,3.048500061035156,2.995500087738037,3.048500061035156,372.0,-0.032339899734002
2018-03-23,2.984499931335449,3.006500005722046,2.9735000133514404,3.0,348.0,-0.0357092671167668
2018-03-26,2.9605000019073486,2.9804999828338623,2.946000099182129,2.950000047683716,354.0,-0.036156498309256
2018-03-27,2.991499900817871,2.991499900817871,2.9760000705718994,2.9760000705718994,482.0,-0.0113014859300904
2018-03-28,2.99399995803833,2.997999906539917,2.9644999504089355,2.9655001163482666,2128.0,-0.0180394144049239
2018-03-29,3.0190000534057617,3.0360000133514404,2.990000009536743,2.990000009536743,803.0,0.0023213306139449
2018-03-30,3.0190000534057617,3.0360000133514404,2.990000009536743,2.990000009536743,803.0,0.0023213306139449
2018-04-02,3.040499925613404,3.061000108718872,3.032500028610229,3.0450000762939453,427.0,0.018589745493262
2018-04-03,3.058000087738037,3.061500072479248,3.040499925613404,3.049499988555908,590.0,0.0324029625642242
2018-04-04,3.006999969482422,3.057499885559082,2.9719998836517334,3.057499885559082,955.0,0.0051679931642454
2018-04-05,3.069499969482422,3.071000099182129,3.0439999103546143,3.0510001182556152,236.0,0.0249043999610328
2018-04-06,3.053999900817871,3.054500102996826,3.0350000858306885,3.0510001182556152,493.0,0.0115265059057147
2018-04-09,3.071500062942505,3.072000026702881,3.060499906539917,3.061000108718872,318.0,0.0101441110015009
2018-04-10,3.13100004196167,3.134500026702881,3.088000059127808,3.088000059127808,414.0,0.0235913195480873
2018-04-11,3.111999988555908,3.117500066757202,3.1045000553131104,3.117500066757202,422.0,0.0343227087811912
2018-04-12,3.059999942779541,3.059999942779541,3.0450000762939453,3.0480000972747803,456.0,-0.0030997746784226
2018-04-13,3.067500114440918,3.067500114440918,3.059999942779541,3.064500093460083,375.0,0.0044107605901804
2018-04-16,3.0915000438690186,3.1045000553131104,3.06850004196167,3.06850004196167,375.0,0.0064903620924142
2018-04-17,3.075000047683716,3.075000047683716,3.06850004196167,3.06850004196167,240.0,-0.0180475389808905
2018-04-18,3.1535000801086426,3.1640000343322754,3.1475000381469727,3.1605000495910645,446.0,0.0132473698859202
2018-04-19,3.128000020980835,3.128000020980835,3.119999885559082,3.119999885559082,346.0,0.0219789321256998
2018-04-20,3.131500005722046,3.140000104904175,3.1059999465942383,3.1059999465942383,278.0,0.020649189900103
2018-04-23,3.1080000400543213,3.1080000400543213,3.0850000381469727,3.0850000381469727,317.0,0.0053230211862005
2018-04-24,3.138499975204468,3.1470000743865967,3.132499933242798,3.1470000743865967,293.0,0.0204400541096285
2018-04-26,3.11299991607666,3.125499963760376,3.11299991607666,3.125499963760376,60770.0,-0.0048069648900132
2018-04-27,3.0460000038146973,3.119999885559082,3.0290000438690186,3.115999937057495,12508.0,-0.0276828690852516
2018-05-02,3.047499895095825,3.058500051498413,3.0280001163482666,3.032500028610229,1039.0,-0.0273502204344958
2018-05-03,3.059000015258789,3.094000101089477,3.04099988937378,3.0445001125335693,526.0,-0.0174987943435505
2018-05-04,3.065500020980835,3.0804998874664307,3.0460000038146973,3.062999963760376,689.0,0.0063814393394529
2018-05-07,3.059499979019165,3.0829999446868896,3.0450000762939453,3.055000066757202,583.0,0.0022905669358927
2018-05-08,3.040499925613404,3.069499969482422,2.997999906539917,3.058000087738037,785.0,0.0084220861395399
2018-05-09,3.039499998092652,3.0445001125335693,3.032999992370605,3.032999992370605,510.0,-0.0026285203711422
2018-05-10,3.0924999713897705,3.094000101089477,3.0429999828338623,3.0429999828338623,761.0,0.0108917458760881
2018-05-11,3.095000028610229,3.1045000553131104,3.0915000438690186,3.0915000438690186,486.0,0.0095772203157892
2018-05-14,3.0785000324249268,3.0859999656677246,3.070499897003174,3.075000047683716,702.0,0.0061909788389753
2018-05-15,3.0425000190734863,3.078000068664551,3.0220000743865967,3.078000068664551,997.0,0.000657601035787
2018-05-16,3.058500051498413,3.060499906539917,3.0350000858306885,3.0350000858306885,687.0,0.0062315889591632
2018-05-17,3.07699990272522,3.07699990272522,3.061000108718872,3.070499897003174,713.0,-0.0050247513066257
2018-05-18,3.0510001182556152,3.069000005722046,3.0450000762939453,3.049999952316284,392.0,-0.0143184708864185
2018-05-21,3.0855000019073486,3.0899999141693115,3.060499906539917,3.060499906539917,485.0,0.0022712434953188
2018-05-22,3.11899995803833,3.132999897003174,3.0999999046325684,3.0999999046325684,513.0,0.0248328720235381
2018-05-23,3.060499906539917,3.0899999141693115,3.0364999771118164,3.0899999141693115,751.0,0.000653654233183
2018-05-24,3.0855000019073486,3.0899999141693115,3.057499885559082,3.057499885559082,1018.0,0.0027586546707585
2018-05-25,3.066999912261963,3.094500064849853,3.065000057220459,3.094500064849853,398.0,0.0052304120308374
2018-05-28,3.066999912261963,3.094500064849853,3.065000057220459,3.094500064849853,398.0,0.0052304120308374
2018-05-29,3.052000045776367,3.0799999237060547,3.052000045776367,3.07450008392334,1401.0,-0.0109165909761294
2018-05-30,3.059499979019165,3.062000036239624,3.0,3.0439999103546143,1695.0,-0.0192609271092453
2018-05-31,3.058000087738037,3.065999984741211,3.046999931335449,3.063499927520752,836.0,-0.0008171345732822
2018-06-01,3.0915000438690186,3.0915000438690186,3.049000024795532,3.05649995803833,921.0,0.0019427048095415
2018-06-04,3.126499891281128,3.130000114440918,3.0964999198913574,3.101999998092652,360.0,0.0192142767268731
2018-06-05,3.190999984741211,3.2039999961853027,3.137500047683716,3.137500047683716,415.0,0.0445372140932659
2018-06-06,3.254499912261963,3.258500099182129,3.198499917984009,3.198499917984009,578.0,0.0617871300084576
2018-06-07,3.2679998874664307,3.296999931335449,3.251499891281128,3.2674999237060547,380.0,0.0664170063645752
2018-06-08,3.2929999828338623,3.2934999465942383,3.246000051498413,3.246000051498413,415.0,0.0631425739746183
2018-06-11,3.250499963760376,3.281500101089477,3.244499921798706,3.281500101089477,643.0,0.0388946862615809
2018-06-12,3.242500066757202,3.242500066757202,3.240000009536743,3.240000009536743,368.0,0.0160103152823644
2018-06-13,3.247999906539917,3.250999927520752,3.245500087738037,3.250999927520752,549.0,-0.0019992335465383
2018-06-14,3.2165000438690186,3.2249999046325684,3.2105000019073486,3.2244999408721924,404.0,-0.0158843170550976
2018-06-15,3.1410000324249268,3.2249999046325684,3.130000114440918,3.2244999408721924,489.0,-0.047257767301678
2018-06-18,3.10349988937378,3.135999917984009,3.0924999713897705,3.135999917984009,351.0,-0.0462783482875107
2018-06-19,3.046499967575073,3.061000108718872,3.0434999465942383,3.0434999465942383,506.0,-0.0623512777335759
2018-06-20,3.046499967575073,3.05049991607666,3.0439999103546143,3.0439999103546143,382.0,-0.0640460134617004
2018-06-21,3.025000095367432,3.0434999465942383,3.025000095367432,3.0434999465942383,300.0,-0.0613827024984332
2018-06-22,3.032500028610229,3.032500028610229,3.0295000076293945,3.0295000076293945,458.0,-0.0351538596090279
2018-06-25,2.992000102996826,3.0185000896453857,2.991499900817871,3.0185000896453857,560.0,-0.0365883766896342
2018-06-26,2.996999979019165,3.0,2.990499973297119,2.990499973297119,451.0,-0.0163815987291607
2018-06-27,2.989500045776367,2.995500087738037,2.9644999504089355,2.9644999504089355,55768.0,-0.0188872154118703
2018-06-28,2.9535000324249268,2.9809999465942383,2.930000066757202,2.977499961853028,10593.0,-0.0239202042656
2018-06-29,2.950999975204468,2.9804999828338623,2.942500114440918,2.950999975204468,4933.0,-0.027243283712218
2018-07-02,2.93149995803833,2.9560000896453857,2.908499956130981,2.9539999961853027,1741.0,-0.0204278714282315
2018-07-03,2.9059998989105225,2.941999912261963,2.8970000743865967,2.930500030517578,1330.0,-0.0308342509722918
2018-07-04,2.9059998989105225,2.941999912261963,2.8970000743865967,2.930500030517578,1330.0,-0.0308342509722918
2018-07-05,2.813999891281128,2.859499931335449,2.811000108718872,2.8585000038146973,1052.0,-0.0604992445940013
2018-07-06,2.812999963760376,2.819499969482422,2.7855000495910645,2.818000078201294,552.0,-0.0487394021188177
2018-07-09,2.83899998664856,2.858999967575073,2.8340001106262207,2.8494999408721924,875.0,-0.0386922147704186
2018-07-10,2.8285000324249268,2.8299999237060547,2.809999942779541,2.811000108718872,499.0,-0.0357676758433508
2018-07-11,2.7335000038146973,2.818000078201294,2.7144999504089355,2.818000078201294,535.0,-0.0611946896131692
2018-07-12,2.7679998874664307,2.7799999713897705,2.7219998836517334,2.727999925613404,551.0,-0.0164819229569719
2018-07-13,2.7699999809265137,2.77649998664856,2.753000020980835,2.775000095367432,681.0,-0.0154042033112984
2018-07-16,2.756999969482422,2.7790000438690186,2.740000009536743,2.7734999656677246,1040.0,-0.0293087518154324
2018-07-17,2.739500045776367,2.7734999656677246,2.736500024795532,2.759999990463257,651.0,-0.0319711085586349
2018-07-18,2.752000093460083,2.756500005722046,2.7100000381469727,2.746999979019165,663.0,0.0067451132834299
2018-07-19,2.686000108718872,2.755500078201294,2.6695001125335693,2.755500078201294,885.0,-0.0300718585230609
2018-07-20,2.746000051498413,2.749500036239624,2.679500102996826,2.679500102996826,595.0,-0.0087019872137586
2018-07-23,2.736999988555908,2.749000072479248,2.7300000190734863,2.748500108718872,779.0,-0.0072806950952463
2018-07-24,2.799999952316284,2.799999952316284,2.736500024795532,2.736500024795532,371.0,0.0218439614451738
2018-07-25,2.805999994277954,2.8434998989105225,2.7929999828338623,2.7929999828338623,684.0,0.0194320256091685
2018-07-26,2.803999900817871,2.8420000076293945,2.7890000343322754,2.8420000076293945,626.0,0.0429937952235149
2018-07-27,2.7874999046325684,2.7874999046325684,2.7874999046325684,2.7874999046325684,2207.0,0.0149997764739516
2018-07-30,2.7790000438690186,2.7955000400543213,2.75,2.7929999828338623,1098.0,0.0152287406689792
2018-07-31,2.819000005722046,2.822499990463257,2.7690000534057617,2.782000064849853,762.0,0.0067628140105299
2018-08-01,2.734999895095825,2.815000057220459,2.720000028610229,2.815000057220459,801.0,-0.0256285821232955
2018-08-02,2.726999998092652,2.734999895095825,2.7079999446868896,2.7300000190734863,616.0,-0.0278448306366645
2018-08-03,2.753499984741211,2.753499984741211,2.700000047683716,2.700000047683716,386.0,-0.0122722783949035
2018-08-06,2.720999956130981,2.740000009536743,2.700500011444092,2.740000009536743,618.0,-0.0210917228675467
2018-08-07,2.740999937057495,2.740999937057495,2.740999937057495,2.740999937057495,526.0,-0.0280594198044774
2018-08-08,2.740499973297119,2.742000102996826,2.739000082015991,2.740000009536743,437.0,0.0020089782424795
2018-08-09,2.755500078201294,2.7980000972747803,2.753999948501587,2.7980000972747803,445.0,0.0103968395572061
2018-08-10,2.7325000762939453,2.752500057220459,2.7314999103546143,2.746500015258789,263.0,-0.0076558551893138
2018-08-13,2.7219998836517334,2.7335000038146973,2.713000059127808,2.713000059127808,337.0,0.0003674178068839
2018-08-14,2.67549991607666,2.680999994277954,2.674499988555908,2.680999994277954,827.0,-0.0241865469554384
2018-08-15,2.556999921798706,2.6700000762939453,2.556999921798706,2.6700000762939453,936.0,-0.0693057100344061
2018-08-16,2.6135001182556152,2.624000072479248,2.5815000534057617,2.5815000534057617,290.0,-0.0529085783024007
2018-08-17,2.624500036239624,2.631500005722046,2.622999906539917,2.624500036239624,423.0,-0.0403265534710691
2018-08-20,2.6635000705718994,2.6635000705718994,2.6519999504089355,2.657999992370605,688.0,-0.0217257876147618
2018-08-21,2.689500093460083,2.690999984741211,2.672499895095825,2.672499895095825,649.0,0.0052190900792703
2018-08-22,2.6684999465942383,2.677000045776367,2.664499998092652,2.67549991607666,572.0,0.0426818310526319
2018-08-23,2.6524999141693115,2.6554999351501465,2.6410000324249268,2.6414999961853027,797.0,0.0148121947287625
2018-08-24,2.6989998817443848,2.7084999084472656,2.6484999656677246,2.6484999656677246,260.0,0.0279908747028444
2018-08-27,2.7049999237060547,2.7049999237060547,2.7049999237060547,2.7049999237060547,596.0,0.015460810222816
2018-08-28,2.733999967575073,2.742500066757202,2.7214999198913574,2.740000009536743,420.0,0.0164103889607282
2018-08-29,2.7090001106262207,2.713000059127808,2.7035000324249268,2.711999893188477,49669.0,0.0150631071610489
2018-08-30,2.690500020980835,2.712500095367432,2.6549999713897705,2.7079999446868896,20088.0,0.0142244985978662
2018-08-31,2.6489999294281006,2.687000036239624,2.6419999599456787,2.67549991607666,3247.0,-0.0186991065722892
2018-09-04,2.5834999084472656,2.6424999237060547,2.564500093460083,2.635499954223633,1369.0,-0.045956850786039
2018-09-05,2.5924999713897705,2.601999998092652,2.5815000534057617,2.5845000743865967,789.0,-0.0531430763560952
2018-09-06,2.618499994277954,2.6470000743865967,2.6080000400543213,2.6080000400543213,840.0,-0.0339779713873424
2018-09-07,2.60349988937378,2.63100004196167,2.5810000896453857,2.601999998092652,910.0,-0.0328704066159852
2018-09-10,2.6105000972747803,2.615499973297119,2.5859999656677246,2.5980000495910645,943.0,-0.0146403725176121
2018-09-11,2.6040000915527344,2.634999990463257,2.565999984741211,2.6075000762939453,942.0,0.0079037261972024
2018-09-12,2.658499956130981,2.6670000553131104,2.5994999408721924,2.5994999408721924,614.0,0.0251393873750613
2018-09-13,2.664499998092652,2.696000099182129,2.6554999351501465,2.6624999046325684,848.0,0.0174147894866955
2018-09-14,2.627500057220459,2.66599988937378,2.595000028610229,2.66599988937378,793.0,0.0091761944170291
2018-09-17,2.633500099182129,2.635999917984009,2.5980000495910645,2.5980000495910645,607.0,0.0087719864716606
2018-09-18,2.711999893188477,2.720000028610229,2.595000028610229,2.63100004196167,765.0,0.0406375711885461
2018-09-19,2.7100000381469727,2.7230000495910645,2.7065000534057617,2.7225000858306885,420.0,0.0191866115071448
2018-09-20,2.720999956130981,2.75,2.701499938964844,2.7084999084472656,545.0,0.0209830216398579
2018-09-21,2.8364999294281006,2.838000059127808,2.75,2.759999990463257,659.0,0.0765380273580637
2018-09-24,2.815999984741211,2.845999956130981,2.806999921798706,2.8350000381469727,526.0,0.0670036352741697
2018-09-25,2.803499937057495,2.823499917984009,2.7720000743865967,2.7720000743865967,1014.0,0.0331822834368196
2018-09-26,2.806999921798706,2.806999921798706,2.802500009536743,2.804500102996826,2012.0,0.0351676205523767
2018-09-27,2.76449990272522,2.80049991607666,2.751499891281128,2.798500061035156,1923.0,0.0158603079300142
2018-09-28,2.7869999408721924,2.790499925613404,2.753000020980835,2.7695000171661377,668.0,-0.0176051456203263
2018-10-01,2.7739999294281006,2.7855000495910645,2.746000051498413,2.782999992370605,904.0,-0.0150271364250352
2018-10-02,2.7950000762939453,2.8399999141693115,2.752500057220459,2.7725000381469727,627.0,-0.0030364802265445
2018-10-03,2.822499990463257,2.822499990463257,2.7880001068115234,2.796499967575073,291.0,0.0055067441424917
2018-10-04,2.765000104904175,2.8399999141693115,2.765000104904175,2.8355000019073486,532.0,0.0001809213055896
2018-10-05,2.750999927520752,2.7715001106262207,2.745500087738037,2.7715001106262207,407.0,-0.0130012716883084
2018-10-08,2.755000114440918,2.755000114440918,2.7320001125335693,2.736000061035156,514.0,-0.0068728123079265
2018-10-09,2.7950000762939453,2.803499937057495,2.742000102996826,2.7715001106262207,498.0,0.0
2018-10-10,2.7690000534057617,2.798500061035156,2.734999895095825,2.798500061035156,498.0,-0.0191367501870058
2018-10-11,2.796999931335449,2.796999931335449,2.7149999141693115,2.734999895095825,290.0,0.0115067167561411
2018-10-12,2.7929999828338623,2.811000108718872,2.7929999828338623,2.809000015258789,193.0,0.0151518252209834
2018-10-15,2.7804999351501465,2.8304998874664307,2.7804999351501465,2.8010001182556152,226.0,0.0092132601781605
2018-10-16,2.7704999446868896,2.7804999351501465,2.7690000534057617,2.7730000019073486,221.0,-0.0088043445434046
2018-10-17,2.7669999599456787,2.7734999656677246,2.756999969482422,2.7730000019073486,468.0,-0.0007225771467784
2018-10-18,2.737499952316284,2.765500068664551,2.737499952316284,2.765500068664551,270.0,-0.0215023119465555
2018-10-19,2.7679998874664307,2.7709999084472656,2.739000082015991,2.739000082015991,519.0,-0.0089912837166798
2018-10-22,2.7739999294281006,2.812000036239624,2.7699999809265137,2.7699999809265137,700.0,-0.002340447870234
2018-10-23,2.746999979019165,2.7690000534057617,2.733999967575073,2.7690000534057617,351.0,-0.0085183898848288
2018-10-24,2.746500015258789,2.755500078201294,2.746500015258789,2.749500036239624,254.0,-0.0074363069728078
2018-10-25,2.748500108718872,2.763999938964844,2.720000028610229,2.720000028610229,681.0,0.0040102701503783
2018-10-26,2.74399995803833,2.749000072479248,2.7235000133514404,2.72849988937378,388.0,-0.0087083025287462
2018-10-29,2.7385001182556152,2.7664999961853027,2.7385001182556152,2.762500047683716,971.0,-0.0128799280278948
2018-10-30,2.6630001068115234,2.7244999408721924,2.6630001068115234,2.7114999294281006,890.0,-0.031056052534144
2018-10-31,2.6635000705718994,2.683500051498413,2.6530001163482666,2.664999961853028,771.0,-0.0306863054854168
2018-11-01,2.7214999198913574,2.7260000705718994,2.6710000038146973,2.67549991607666,1105.0,-0.0098721784176452
2018-11-02,2.802999973297119,2.802999973297119,2.720000028610229,2.720000028610229,787.0,0.0212735680846301
2018-11-05,2.755500078201294,2.7860000133514404,2.752500057220459,2.7860000133514404,499.0,0.0061885742969648
2018-11-06,2.7304999828338623,2.760499954223633,2.7300000190734863,2.750499963760376,425.0,0.025031389381994
2018-11-07,2.752500057220459,2.752500057220459,2.740000009536743,2.746000051498413,671.0,0.032868536532396
2018-11-08,2.736999988555908,2.736999988555908,2.7060000896453857,2.7335000038146973,425.0,0.0056792564206448
2018-11-09,2.686500072479248,2.7300000190734863,2.680500030517578,2.7300000190734863,325.0,-0.042451004490315
2018-11-12,2.677999973297119,2.677999973297119,2.677999973297119,2.677999973297119,302.0,-0.0285287054234486
2018-11-13,2.687000036239624,2.720000028610229,2.680000066757202,2.720000028610229,701.0,-0.0160593932028856
2018-11-14,2.7095000743865967,2.7095000743865967,2.7095000743865967,2.7095000743865967,361.0,-0.0157454669252132
2018-11-15,2.749000072479248,2.750999927520752,2.744999885559082,2.744999885559082,277.0,0.0043748096714977
2018-11-16,2.803999900817871,2.803999900817871,2.7929999828338623,2.803999900817871,300.0,0.0428076756348851
2018-11-19,2.804500102996826,2.804500102996826,2.765500068664551,2.7799999713897705,681.0,0.0461550693940333
2018-11-20,2.7664999961853027,2.81850004196167,2.7664999961853027,2.790499925613404,434.0,0.0291576388567634
2018-11-21,2.7945001125335693,2.7945001125335693,2.756500005722046,2.756500005722046,281.0,0.0308890965192511
2018-11-22,2.7945001125335693,2.7945001125335693,2.756500005722046,2.756500005722046,281.0,0.0308890965192511
2018-11-23,2.7704999446868896,2.7704999446868896,2.7704999446868896,2.7704999446868896,300.0,0.0077905538114529
2018-11-26,2.758500099182129,2.763000011444092,2.750999927520752,2.763000011444092,244.0,-0.0163598441152425
2018-11-27,2.7105000019073486,2.7330000400543213,2.7105000019073486,2.7255001068115234,267.0,-0.0340921862698667
2018-11-28,2.7960000038146973,2.7960000038146973,2.736000061035156,2.736500024795532,45923.0,0.0106068437587667
2018-11-29,2.7780001163482666,2.796499967575073,2.7685000896453857,2.790499925613404,10656.0,-0.0059219537831
2018-11-30,2.7774999141693115,2.790499925613404,2.756999969482422,2.7780001163482666,1793.0,0.0025234222692703
2018-12-03,2.799499988555908,2.8469998836517334,2.7790000438690186,2.799999952316284,1624.0,0.0147537360334626
2018-12-04,2.748500108718872,2.810499906539917,2.740000009536743,2.7945001125335693,1083.0,0.0139222274523436
2018-12-05,2.748500108718872,2.810499906539917,2.740000009536743,2.7945001125335693,1083.0,0.0139222274523436
2018-12-06,2.740499973297119,2.759000062942505,2.7049999237060547,2.759000062942505,1124.0,-0.0200494499756696
2018-12-07,2.757499933242798,2.76200008392334,2.745500087738037,2.760999917984009,773.0,-0.0074068382779771
2018-12-10,2.7184998989105225,2.746000051498413,2.7155001163482666,2.736500024795532,529.0,-0.0214709912114278
2018-12-11,2.7660000324249268,2.7715001106262207,2.7260000705718994,2.7260000705718994,576.0,-0.0120385807536611
2018-12-12,2.7685000896453857,2.7685000896453857,2.753499984741211,2.7614998817443848,739.0,0.0072503417870856
2018-12-13,2.762500047683716,2.7880001068115234,2.7614998817443848,2.7880001068115234,418.0,0.0079957083447096
2018-12-14,2.760499954223633,2.760499954223633,2.72849988937378,2.759999990463257,813.0,0.0010873582231266
2018-12-17,2.753000020980835,2.753000020980835,2.7184998989105225,2.753000020980835,727.0,0.0126110133634691
2018-12-18,2.6710000038146973,2.740000009536743,2.6600000858306885,2.740000009536743,1007.0,-0.0349493094092297
2018-12-19,2.7214999198913574,2.7214999198913574,2.679500102996826,2.686000108718872,466.0,-0.0171225202047308
2018-12-20,2.70199990272522,2.7079999446868896,2.6689999103546143,2.6689999103546143,402.0,-0.0221438805679669
2018-12-21,2.678499937057495,2.696000099182129,2.6675000190734863,2.690500020980835,534.0,-0.03015489331961
2018-12-24,2.6684999465942383,2.674999952316284,2.6684999465942383,2.674999952316284,374.0,-0.03117473700309
2018-12-25,2.6684999465942383,2.674999952316284,2.6684999465942383,2.674999952316284,374.0,-0.03117473700309
2018-12-26,2.7084999084472656,2.7084999084472656,2.650000095367432,2.6700000762939453,346.0,0.0139420067577951
2018-12-27,2.6675000190734863,2.686000108718872,2.6675000190734863,2.685499906539917,599.0,-0.0200414581125489
2018-12-28,2.678999900817871,2.71399998664856,2.673500061035156,2.683000087738037,2189.0,-0.0085486499965779
2019-01-02,2.625,2.66599988937378,2.5994999408721924,2.66599988937378,725.0,-0.0164356007348737
2019-01-03,2.570499897003174,2.6010000705718994,2.549499988555908,2.5899999141693115,411.0,-0.0522945498691786
2019-01-04,2.65149998664856,2.65149998664856,2.6105000972747803,2.6105000972747803,257.0,-0.0060161987844756
2019-01-07,2.6410000324249268,2.6459999084472656,2.6410000324249268,2.6445000171661377,363.0,-0.0142859079478859
2019-01-08,2.6605000495910645,2.6605000495910645,2.637500047683716,2.6484999656677246,398.0,0.0122909850881013
2019-01-09,2.6619999408721924,2.678499937057495,2.656500101089477,2.656500101089477,330.0,0.0139968017175341
2019-01-10,2.6435000896453857,2.6545000076293945,2.638000011444092,2.6545000076293945,320.0,0.0280034381603632
2019-01-11,2.6695001125335693,2.6695001125335693,2.6440000534057617,2.6519999504089355,290.0,0.0067657185537829
2019-01-14,2.6454999446868896,2.6454999446868896,2.635499954223633,2.638000011444092,381.0,0.0017024168611587
2019-01-15,2.650500059127808,2.6700000762939453,2.6489999294281006,2.6600000858306885,370.0,-0.0037657699401456
2019-01-16,2.69350004196167,2.69350004196167,2.67549991607666,2.67549991607666,324.0,0.011763780956194
2019-01-17,2.700000047683716,2.712500095367432,2.677999973297119,2.68149995803833,380.0,0.0211479600659245
2019-01-18,2.740999937057495,2.740999937057495,2.7039999961853027,2.7039999961853027,289.0,0.0264315632439107
2019-01-21,2.740999937057495,2.740999937057495,2.7039999961853027,2.7039999961853027,289.0,0.0264315632439107
2019-01-22,2.688999891281128,2.712500095367432,2.686500072479248,2.712500095367432,360.0,0.0163092744020865
2019-01-23,2.694000005722046,2.694000005722046,2.691499948501587,2.691499948501587,393.0,0.0162787563582736
2019-01-24,2.673500061035156,2.682499885559082,2.673500061035156,2.682499885559082,382.0,-0.0074529804809838
2019-01-25,2.73799991607666,2.73799991607666,2.671499967575073,2.671499967575073,372.0,0.0139759055440084
2019-01-28,2.6875,2.711999893188477,2.6875,2.711999893188477,484.0,-0.0197114009035309
2019-01-29,2.7320001125335693,2.7320001125335693,2.7320001125335693,2.7320001125335693,299.0,0.0158646460436949
2019-01-30,2.7730000019073486,2.7869999408721924,2.742500066757202,2.742500066757202,992.0,0.0289026872093011
2019-01-31,2.7890000343322754,2.7980000972747803,2.7795000076293945,2.7795000076293945,613.0,0.0422946227189076
2019-02-01,2.775000095367432,2.781500101089477,2.756999969482422,2.765000104904175,978.0,0.0134230853501122
2019-02-11,2.7915000915527344,2.796999931335449,2.7850000858306885,2.7950000762939453,404.0,-0.0012530153383987
2019-02-12,2.774499893188477,2.7864999771118164,2.759500026702881,2.7864999771118164,657.0,-0.0152019454620792
2019-02-13,2.7739999294281006,2.7780001163482666,2.7695000171661377,2.7734999656677246,420.0,-0.0219279926924564
2019-02-14,2.776000022888184,2.776000022888184,2.7660000324249268,2.7734999656677246,371.0,-0.0187354963751395
2019-02-15,2.802500009536743,2.819999933242798,2.7890000343322754,2.802000045776367,424.0,-0.0026725836153822
2019-02-18,2.802500009536743,2.819999933242798,2.7890000343322754,2.802000045776367,424.0,-0.0026725836153822
2019-02-19,2.881500005722046,2.881500005722046,2.8394999504089355,2.8424999713897705,347.0,0.0317318753151263
2019-02-20,2.930000066757202,2.930000066757202,2.9040000438690186,2.9040000438690186,370.0,0.0545319335267609
2019-02-21,2.9024999141693115,2.9140000343322754,2.9024999141693115,2.9140000343322754,603.0,0.0452821085664558
2019-02-22,2.9609999656677246,2.9609999656677246,2.934999942779541,2.934999942779541,311.0,0.0645159866350484
2019-02-25,2.950000047683716,2.9605000019073486,2.9489998817443848,2.9605000019073486,173.0,0.0512933071485804
2019-02-26,2.944000005722046,2.9539999961853027,2.944000005722046,2.9539999961853027,54177.0,0.0214582089298882
2019-02-27,2.9590001106262207,2.9714999198913574,2.927999973297119,2.944000005722046,12839.0,0.0098489649914218
2019-02-28,2.950000047683716,2.9679999351501465,2.942500114440918,2.9679999351501465,2510.0,0.0162327814970873
2019-03-01,2.933500051498413,2.977999925613404,2.92549991607666,2.946500062942505,1431.0,-0.0093307705855724
2019-03-04,2.9110000133514404,2.947000026702881,2.900000095367432,2.933500051498413,832.0,-0.0133085171656659
2019-03-05,2.936000108718872,2.950500011444092,2.9195001125335693,2.9195001125335693,970.0,-0.0027210550284024
2019-03-06,2.9184999465942383,2.94350004196167,2.9179999828338623,2.937999963760376,990.0,-0.0137816434417617
2019-03-07,2.9114999771118164,2.924999952316284,2.8965001106262207,2.924999952316284,692.0,-0.0131367820819652
2019-03-08,2.8940000534057617,2.9024999141693115,2.877000093460083,2.8959999084472656,875.0,-0.0135566202758045
2019-03-11,2.900000095367432,2.9054999351501465,2.8940000534057617,2.8940000534057617,341.0,-0.0037858994722846
2019-03-12,2.927500009536743,2.950999975204468,2.9110000133514404,2.9119999408721924,610.0,-0.002899328034481
2019-03-13,2.933500051498413,2.934000015258789,2.922499895095825,2.922499895095825,570.0,0.0051264995763931
2019-03-14,2.888499975204468,2.929500102996826,2.880000114440918,2.929500102996826,698.0,-0.0079310767787756
2019-03-15,2.9035000801086426,2.914499998092652,2.885499954223633,2.885499954223633,407.0,0.0032772867570857
2019-03-18,2.9035000801086426,2.92549991607666,2.9024999141693115,2.9189999103546143,319.0,0.001206163542589
2019-03-19,2.9195001125335693,2.934499979019165,2.9089999198913574,2.9089999198913574,494.0,-0.0027364124604277
2019-03-20,2.915499925613404,2.934000015258789,2.9049999713897705,2.914499998092652,475.0,-0.0061549607731653
2019-03-21,2.900000095367432,2.947499990463257,2.890000104904175,2.947499990463257,351.0,0.0039734422227902
2019-03-22,2.8359999656677246,2.890000104904175,2.8350000381469727,2.890000104904175,289.0,-0.0235223368563372
2019-03-25,2.8494999408721924,2.8499999046325684,2.8334999084472656,2.8485000133514404,492.0,-0.0187734138776608
2019-03-26,2.8505001068115234,2.859999895095825,2.8505001068115234,2.8575000762939453,634.0,-0.0239179523262959
2019-03-27,2.8580000400543213,2.8580000400543213,2.8575000762939453,2.8575000762939453,490.0,-0.0199192126434082
2019-03-28,2.868499994277954,2.877500057220459,2.866499900817871,2.871000051498413,631.0,-0.0109215268127473
2019-03-29,2.936000108718872,2.936000108718872,2.8984999656677246,2.8984999656677246,386.0,0.034653551217856
2019-04-01,2.9205000400543213,2.950500011444092,2.9179999828338623,2.940000057220459,507.0,0.0246113286704344
2019-04-02,2.9040000438690186,2.9260001182556152,2.900000095367432,2.9260001182556152,299.0,0.0185946571083085
2019-04-03,2.946500062942505,2.946500062942505,2.9179999828338623,2.927999973297119,390.0,0.030495953135134
2019-04-04,2.908499956130981,2.930500030517578,2.908499956130981,2.930500030517578,214.0,0.0138482262206381
2019-04-05,2.8924999237060547,2.8924999237060547,2.8864998817443848,2.890000104904175,322.0,-0.0149269940726347
2019-04-08,2.929500102996826,2.931999921798706,2.9124999046325684,2.9124999046325684,226.0,0.0030769469480939
2019-04-09,2.93149995803833,2.9539999961853027,2.930500030517578,2.950999975204468,221.0,0.0094251110391106
2019-04-10,2.922499895095825,2.922499895095825,2.9184999465942383,2.922499895095825,241.0,-0.0081786681888867
2019-04-11,2.885999917984009,2.9105000495910645,2.885999917984009,2.9105000495910645,255.0,-0.0077660373525306
2019-04-12,2.946000099182129,2.951499938964844,2.938999891281128,2.947999954223633,519.0,0.0183271979979261
2019-04-16,2.930500030517578,2.937000036239624,2.930500030517578,2.937000036239624,237.0,-0.0003411557599462
2019-04-17,2.9755001068115234,2.989500045776367,2.963000059127808,2.989500045776367,406.0,0.0179727495310382
2019-04-18,2.927500009536743,2.936000108718872,2.927500009536743,2.935499906539917,228.0,0.0142773878142667
2019-04-19,2.927500009536743,2.936000108718872,2.927500009536743,2.935499906539917,228.0,0.0142773878142667
2019-04-22,2.906500101089477,2.9110000133514404,2.906500101089477,2.9110000133514404,139.0,-0.0134987087673967
2019-04-23,2.8984999656677246,2.9059998989105225,2.884999990463257,2.8949999809265137,287.0,-0.0121733349686597
2019-04-24,2.9175000190734863,2.921999931335449,2.9059998989105225,2.9059998989105225,271.0,-0.0044459756319382
2019-04-25,2.877500057220459,2.921499967575073,2.875,2.921499967575073,338.0,-0.0334902465003919
2019-04-26,2.970000028610229,2.970000028610229,2.970000028610229,2.970000028610229,48877.0,0.0144131427003058
2019-05-02,2.7839999198913574,2.807499885559082,2.7780001163482666,2.802500009536743,871.0,-0.0330331678018603
2019-05-03,2.825000047683716,2.8355000019073486,2.7890000343322754,2.790499925613404,1071.0,-0.0500535809700863
2019-05-06,2.836999893188477,2.8545000553131104,2.754499912261963,2.802000045776367,538.0,-0.0202379862592831
2019-05-07,2.7939999103546143,2.8415000438690186,2.7869999408721924,2.8320000171661377,983.0,-0.0377536112971543
2019-05-08,2.7855000495910645,2.815000057220459,2.7720000743865967,2.799000024795532,734.0,-0.006262854374092
2019-05-09,2.783499956130981,2.7839999198913574,2.746000051498413,2.775500059127808,580.0,-0.0001796008164718
2019-05-10,2.7850000858306885,2.7929999828338623,2.7704999446868896,2.79099988937378,722.0,-0.0142604772794299
2019-05-13,2.7295000553131104,2.7709999084472656,2.7184998989105225,2.7699999809265137,592.0,-0.0386286556726527
2019-05-14,2.734499931335449,2.743000030517578,2.727499961853028,2.7295000553131104,544.0,-0.021525650055576
2019-05-15,2.753499984741211,2.760499954223633,2.7304999828338623,2.7320001125335693,523.0,-0.0115545841032215
2019-05-16,2.758500099182129,2.7839999198913574,2.753999948501587,2.757999897003174,332.0,-0.0090220231956022
2019-05-17,2.747999906539917,2.750499963760376,2.740000009536743,2.759999990463257,279.0,-0.0133745638482826
2019-05-20,2.736000061035156,2.742000102996826,2.7214999198913574,2.742000102996826,416.0,0.0023785595638757
2019-05-21,2.7235000133514404,2.739000082015991,2.7160000801086426,2.736999988555908,396.0,-0.004030755950329
2019-05-22,2.686000108718872,2.7100000381469727,2.677500009536743,2.7100000381469727,406.0,-0.0248196856016313
2019-05-23,2.686500072479248,2.690999984741211,2.664999961853028,2.664999961853028,351.0,-0.0264478315196425
2019-05-24,2.7065000534057617,2.71399998664856,2.697000026702881,2.697000026702881,245.0,-0.0152170333625797
2019-05-27,2.7065000534057617,2.71399998664856,2.697000026702881,2.697000026702881,245.0,-0.0152170333625797
2019-05-28,2.7035000324249268,2.719500064849853,2.700999975204468,2.719500064849853,606.0,-0.0119497802348675
2019-05-29,2.672499895095825,2.700500011444092,2.6700000762939453,2.700500011444092,443.0,-0.0189034980800385
2019-05-30,2.6605000495910645,2.674999952316284,2.6435000896453857,2.671999931335449,704.0,-0.0095390448831298
2019-05-31,2.6459999084472656,2.656500101089477,2.638499975204468,2.640000104904175,409.0,-0.0151902270734653
2019-06-03,2.6554999351501465,2.6605000495910645,2.630000114440918,2.634999990463257,537.0,-0.0190233705279444
2019-06-04,2.673500061035156,2.674999952316284,2.6465001106262207,2.6610000133514404,310.0,-0.0111587435972758
2019-06-05,2.627000093460083,2.657000064849853,2.625999927520752,2.657000064849853,362.0,-0.017171778383726
2019-06-06,2.6540000438690186,2.6540000438690186,2.630000114440918,2.6435000896453857,300.0,-0.0024461412546281
2019-06-07,2.630500078201294,2.657999992370605,2.6064999103546143,2.6489999294281006,303.0,-0.0058750591749297
2019-06-10,2.6640000343322754,2.665499925613404,2.6614999771118164,2.6614999771118164,447.0,0.0031958291062747
2019-06-11,2.67549991607666,2.690000057220459,2.6689999103546143,2.690000057220459,297.0,0.0007477491655423
2019-06-12,2.6589999198913574,2.664499998092652,2.657500028610229,2.657500028610229,398.0,0.0121075358533879
2019-06-13,2.6610000133514404,2.6610000133514404,2.6489999294281006,2.6489999294281006,267.0,0.0026340445735921
2019-06-14,2.634500026702881,2.6410000324249268,2.634500026702881,2.640500068664551,372.0,0.0015194488856424
2019-06-17,2.651000022888184,2.6540000438690186,2.638000011444092,2.6429998874664307,278.0,-0.0048918296249523
2019-06-18,2.7070000171661377,2.712500095367432,2.678999900817871,2.679500102996826,347.0,0.0117047695716785
2019-06-19,2.684499979019165,2.691499948501587,2.678999900817871,2.691499948501587,548.0,0.0095444009314153
2019-06-20,2.7155001163482666,2.7320001125335693,2.700000047683716,2.700000047683716,523.0,0.0202741443257404
2019-06-21,2.7060000896453857,2.7095000743865967,2.7060000896453857,2.7060000896453857,548.0,0.0267781420739244
2019-06-24,2.7054998874664307,2.7054998874664307,2.690999984741211,2.693000078201294,508.0,0.0203497605656006
2019-06-25,2.7355000972747803,2.740999937057495,2.727499961853028,2.727499961853028,358.0,0.0104732531083369
2019-06-26,2.7109999656677246,2.7290000915527344,2.7039999961853027,2.72849988937378,42742.0,0.0098230747875247
2019-06-27,2.712500095367432,2.7225000858306885,2.694499969482422,2.712500095367432,17283.0,-0.0011053873136672
2019-06-28,2.7054998874664307,2.720999956130981,2.698499917984009,2.7184998989105225,3316.0,-0.0001848663706902
2019-07-01,2.679500102996826,2.746000051498413,2.6710000038146973,2.73799991607666,2143.0,-0.0096564481146914
2019-07-02,2.657500028610229,2.682499885559082,2.65149998664856,2.676500082015991,991.0,-0.0289284280820798
2019-07-03,2.679500102996826,2.682499885559082,2.6424999237060547,2.6610000133514404,759.0,-0.011687309460875
2019-07-04,2.679500102996826,2.682499885559082,2.6424999237060547,2.6610000133514404,759.0,-0.011687309460875
2019-07-05,2.658499956130981,2.68149995803833,2.650500059127808,2.680999994277954,431.0,-0.0201087165642393
2019-07-08,2.6559998989105225,2.680500030517578,2.6545000076293945,2.6549999713897705,582.0,-0.0184655029528921
2019-07-09,2.624500036239624,2.6519999504089355,2.6135001182556152,2.650000095367432,888.0,-0.0207398328731716
2019-07-10,2.693000078201294,2.697000026702881,2.629499912261963,2.63100004196167,416.0,0.0132700008683799
2019-07-11,2.682499885559082,2.691999912261963,2.68149995803833,2.684999942779541,799.0,0.0011189044690871
2019-07-12,2.691499948501587,2.7035000324249268,2.674499988555908,2.7035000324249268,728.0,0.0123366024243142
2019-07-15,2.7074999809265137,2.720000028610229,2.702500104904175,2.7165000438690186,351.0,0.0192044992949336
2019-07-16,2.69350004196167,2.727499961853028,2.69350004196167,2.7070000171661377,714.0,0.0259510631988966
2019-07-17,2.7100000381469727,2.7100000381469727,2.682499885559082,2.69350004196167,536.0,0.0062928060997938
2019-07-18,2.7039999961853027,2.7100000381469727,2.700000047683716,2.700000047683716,443.0,0.0079830039092795
2019-07-19,2.744499921798706,2.7929999828338623,2.7300000190734863,2.7300000190734863,599.0,0.019500240628832
2019-07-22,2.7144999504089355,2.741499900817871,2.7144999504089355,2.734999895095825,639.0,0.0025820632460957
2019-07-23,2.694000005722046,2.7174999713897705,2.684000015258789,2.7060000896453857,429.0,0.0001856013948533
2019-07-24,2.7039999961853027,2.7070000171661377,2.694499969482422,2.698499917984009,330.0,-0.0022164921980262
2019-07-25,2.695499897003174,2.7244999408721924,2.695499897003174,2.697000026702881,367.0,-0.0031484790710282
2019-07-26,2.676500082015991,2.6875,2.676500082015991,2.684499979019165,507.0,-0.0250888790196855
2019-07-29,2.7095000743865967,2.7095000743865967,2.690999984741211,2.691999912261963,680.0,-0.0018436126163932
2019-07-30,2.6705000400543213,2.719500064849853,2.6679999828338623,2.7144999504089355,1176.0,-0.0087613443156709
2019-07-31,2.657999992370605,2.680000066757202,2.6535000801086426,2.680000066757202,1040.0,-0.0171581993492549
2019-08-01,2.6600000858306885,2.6605000495910645,2.615000009536743,2.6465001106262207,1362.0,-0.0132575226381452
2019-08-02,2.565000057220459,2.5920000076293945,2.562999963760376,2.5804998874664307,395.0,-0.0425515005633953
2019-08-05,2.5369999408721924,2.55049991607666,2.5369999408721924,2.5415000915527344,334.0,-0.0657818861670723
2019-08-06,2.5510001182556152,2.555500030517578,2.55049991607666,2.552000045776367,518.0,-0.0457802502802522
2019-08-07,2.565000057220459,2.5829999446868896,2.5434999465942383,2.559999942779541,371.0,-0.0356154564897981
2019-08-08,2.601999998092652,2.601999998092652,2.588000059127808,2.588000059127808,333.0,-0.0220457757035013
2019-08-09,2.5840001106262207,2.5969998836517334,2.5840001106262207,2.5969998836517334,447.0,0.0073801278014555
2019-08-12,2.5799999237060547,2.5799999237060547,2.573499917984009,2.5799999237060547,236.0,0.0168071120512759
2019-08-13,2.624500036239624,2.625,2.578000068664551,2.578000068664551,388.0,0.0284049300021731
2019-08-14,2.5864999294281006,2.5899999141693115,2.5850000381469727,2.5864999294281006,495.0,0.0083470822458198
2019-08-15,2.5894999504089355,2.5894999504089355,2.5820000171661377,2.5894999504089355,397.0,-0.0048155916262992
2019-08-16,2.5899999141693115,2.5999999046325684,2.588500022888184,2.588500022888184,368.0,0.0023192138398244
2019-08-19,2.5969998836517334,2.615999937057495,2.5969998836517334,2.6070001125335693,338.0,0.0065675185173546
2019-08-20,2.5739998817443848,2.587500095367432,2.570499897003174,2.587500095367432,402.0,-0.019429352286837
2019-08-21,2.5815000534057617,2.5820000171661377,2.572000026702881,2.572000026702881,453.0,-0.0019349371512772
2019-08-22,2.553499937057495,2.575000047683716,2.553499937057495,2.575000047683716,394.0,-0.0139998452749241
2019-08-23,2.526000022888184,2.569000005722046,2.526000022888184,2.569000005722046,354.0,-0.0250208095828456
2019-08-26,2.539999961853028,2.539999961853028,2.533499956130981,2.539999961853028,426.0,-0.0221928218676315
2019-08-27,2.5434999465942383,2.552999973297119,2.5434999465942383,2.552999973297119,436.0,-0.0119199989478566
2019-08-28,2.5510001182556152,2.557499885559082,2.55049991607666,2.556999921798706,56567.0,-0.011885160509201
2019-08-29,2.559499979019165,2.5815000534057617,2.54099988937378,2.559000015258789,16954.0,0.0023469762622024
2019-08-30,2.532999992370605,2.562999963760376,2.5295000076293945,2.559999942779541,2202.0,0.0027673350182003
2019-09-03,2.512500047683716,2.5364999771118164,2.4674999713897705,2.5344998836517334,2394.0,-0.0108857736481648
2019-09-04,2.5789999961853027,2.5789999961853027,2.5225000381469727,2.5230000019073486,1139.0,0.0138606611363446
2019-09-05,2.624500036239624,2.630000114440918,2.5834999084472656,2.5989999771118164,890.0,0.0284049300021731
2019-09-06,2.615499973297119,2.624500036239624,2.601999998092652,2.614000082015991,782.0,0.0216433549007928
2019-09-09,2.6105000972747803,2.6135001182556152,2.601999998092652,2.6135001182556152,613.0,0.0301374431238229
2019-09-10,2.6105000972747803,2.614000082015991,2.5915000438690186,2.6070001125335693,560.0,0.0382635187675743
2019-09-11,2.5975000858306885,2.615000009536743,2.588000059127808,2.6064999103546143,616.0,0.0071477516147511
2019-09-12,2.623500108718872,2.650000095367432,2.578000068664551,2.6010000705718994,912.0,-0.0003810699333966
2019-09-13,2.680999994277954,2.683500051498413,2.626499891281128,2.626499891281128,414.0,0.0247345835004729
2019-09-16,2.621000051498413,2.6559998989105225,2.619999885559082,2.6524999141693115,494.0,0.004014132858291
2019-09-17,2.609499931335449,2.617000102996826,2.595999956130981,2.615499973297119,545.0,-0.0003832053433289
2019-09-18,2.595499992370605,2.6015000343322754,2.5799999237060547,2.595000028610229,415.0,-0.0007703036891443
2019-09-19,2.5910000801086426,2.5980000495910645,2.5899999141693115,2.5899999141693115,418.0,-0.0124654130870091
2019-09-20,2.5899999141693115,2.611500024795532,2.569499969482422,2.5929999351501465,464.0,-0.0345320145473429
2019-09-23,2.594500064849853,2.594500064849853,2.559999942779541,2.575999975204468,583.0,-0.0101620991688701
2019-09-24,2.5894999504089355,2.6059999465942383,2.5855000019073486,2.6050000190734863,563.0,-0.0076938180570499
2019-09-25,2.595000028610229,2.595499992370605,2.575500011444092,2.586999893188477,515.0,-0.0001926457026881
2019-09-26,2.559999942779541,2.5980000495910645,2.559999942779541,2.5980000495910645,925.0,-0.0120366963582837
2019-09-27,2.5829999446868896,2.595999956130981,2.562000036239624,2.562000036239624,1424.0,-0.0027063498727704
2019-09-30,2.564500093460083,2.595999956130981,2.559999942779541,2.595999956130981,684.0,-0.0116302805298134
2019-10-01,2.552000045776367,2.555000066757202,2.508500099182129,2.549999952316284,897.0,-0.0145874043109914
2019-10-02,2.561500072479248,2.561500072479248,2.5425000190734863,2.55649995803833,422.0,-0.0129934749502419
2019-10-03,2.5455000400543213,2.569999933242798,2.5380001068115234,2.564500093460083,258.0,-0.0056801260441303
2019-10-04,2.555500030517578,2.555500030517578,2.532500028610229,2.532500028610229,356.0,-0.0107035815312957
2019-10-07,2.572000026702881,2.5840001106262207,2.562000036239624,2.562000036239624,575.0,0.0029202524665503
2019-10-08,2.563499927520752,2.5739998817443848,2.559999942779541,2.5739998817443848,348.0,0.0044961005480755
2019-10-09,2.562000036239624,2.5625,2.558500051498413,2.5625,258.0,0.0001951649268482
2019-10-10,2.6050000190734863,2.612499952316284,2.5460000038146973,2.5460000038146973,389.0,0.0231055724316072
2019-10-11,2.618499994277954,2.622499942779541,2.5999999046325684,2.60349988937378,373.0,0.0243537213840495
2019-10-14,2.623500108718872,2.623500108718872,2.5999999046325684,2.5999999046325684,322.0,0.0198255288275024
2019-10-15,2.6040000915527344,2.621000051498413,2.6005001068115234,2.621000051498413,281.0,0.0156752755367555
2019-10-16,2.5794999599456787,2.5794999599456787,2.576499938964844,2.576499938964844,396.0,0.0068073485550326
2019-10-17,2.586999893188477,2.6015000343322754,2.5785000324249268,2.5785000324249268,411.0,-0.0069338206111086
2019-10-18,2.625,2.626499891281128,2.5850000381469727,2.5859999656677246,355.0,0.0024792634914199
2019-10-21,2.634999990463257,2.640500068664551,2.626499891281128,2.632999897003174,390.0,0.0043738327890464
2019-10-22,2.621999979019165,2.631500005722046,2.620500087738037,2.631500005722046,359.0,0.0068886178348417
2019-10-23,2.6624999046325684,2.6624999046325684,2.61899995803833,2.619999885559082,474.0,0.0316699290421618
2019-10-24,2.6589999198913574,2.6670000553131104,2.6554999351501465,2.6670000553131104,450.0,0.0274512202174279
2019-10-25,2.6665000915527344,2.677500009536743,2.6605000495910645,2.6605000495910645,315.0,0.0156858893493534
2019-10-28,2.672499895095825,2.674999952316284,2.671499967575073,2.672499895095825,491.0,0.0141311462897949
2019-10-29,2.682499885559082,2.682499885559082,2.6710000038146973,2.6710000038146973,637.0,0.0228117755210131
2019-10-30,2.680500030517578,2.686500072479248,2.674999952316284,2.684999942779541,780.0,0.0067378604536981
2019-10-31,2.632999897003174,2.6614999771118164,2.625,2.656500101089477,500.0,-0.0098262407370239
2019-11-01,2.651000022888184,2.6559998989105225,2.630000114440918,2.635999917984009,875.0,-0.0058298494522595
2019-11-04,2.6670000553131104,2.6670000553131104,2.6614999771118164,2.6614999771118164,639.0,-0.0020600587241623
2019-11-05,2.694999933242798,2.7084999084472656,2.690999984741211,2.697499990463257,586.0,0.0046490267295214
2019-11-06,2.6610000133514404,2.6700000762939453,2.6610000133514404,2.6700000762939453,354.0,-0.0073013586574829
2019-11-07,2.7239999771118164,2.7239999771118164,2.7184998989105225,2.7239999771118164,566.0,0.0339775384883479
2019-11-08,2.677999973297119,2.697999954223633,2.677999973297119,2.697999954223633,247.0,0.010133301357097
2019-11-11,2.6600000858306885,2.674999952316284,2.6600000858306885,2.674999952316284,476.0,-0.0026281108789176
2019-11-12,2.6419999599456787,2.6519999504089355,2.6419999599456787,2.650000095367432,361.0,-0.0198619886506713
2019-11-13,2.6364998817443848,2.6364998817443848,2.630000114440918,2.632499933242798,535.0,-0.0092497618778761
2019-11-14,2.618499994277954,2.621999979019165,2.617500066757202,2.621999979019165,398.0,-0.0394997473326818
2019-11-15,2.634999990463257,2.634999990463257,2.631999969482422,2.631999969482422,569.0,-0.0161870589237097
2019-11-18,2.617500066757202,2.63100004196167,2.616499900817871,2.63100004196167,554.0,-0.0161064657940445
2019-11-19,2.6535000801086426,2.6535000801086426,2.6424999237060547,2.650000095367432,443.0,0.0043433625360878
2019-11-20,2.6465001106262207,2.650000095367432,2.6465001106262207,2.6470000743865967,406.0,0.0037858189817285
2019-11-21,2.621000051498413,2.627500057220459,2.621000051498413,2.624500036239624,424.0,0.0009543114374854
2019-11-22,2.6475000381469727,2.6489999294281006,2.6135001182556152,2.6135001182556152,341.0,0.0047326345280331
2019-11-25,2.6475000381469727,2.6475000381469727,2.6475000381469727,2.6475000381469727,261.0,0.0113961236353627
2019-11-26,2.674499988555908,2.674499988555908,2.6459999084472656,2.6459999084472656,54906.0,0.0078828892345874
2019-11-27,2.674499988555908,2.690500020980835,2.664499998092652,2.67549991607666,24176.0,0.010524388593346
2019-11-28,2.674499988555908,2.690500020980835,2.664499998092652,2.67549991607666,24176.0,0.010524388593346
2019-11-29,2.6419999599456787,2.680000066757202,2.634500026702881,2.678499937057495,2253.0,0.0079802469498747
2019-12-02,2.632499933242798,2.657999992370605,2.629499912261963,2.6424999237060547,907.0,-0.0056818732349695
2019-12-03,2.6080000400543213,2.635999917984009,2.6050000190734863,2.632499933242798,1856.0,-0.015032153479443
2019-12-04,2.6440000534057617,2.650000095367432,2.6105000972747803,2.615000009536743,655.0,-0.0114695005219122
2019-12-05,2.6484999656677246,2.6600000858306885,2.640500068664551,2.640500068664551,354.0,-0.0097690136706716
2019-12-06,2.7109999656677246,2.736500024795532,2.6530001163482666,2.6665000915527344,718.0,0.0257813669129378
2019-12-09,2.746500015258789,2.747999906539917,2.713000059127808,2.7165000438690186,988.0,0.0423934396891275
2019-12-10,2.755500078201294,2.756999969482422,2.746000051498413,2.75,667.0,0.0550152832985681
2019-12-11,2.782500028610229,2.789999961853028,2.749000072479248,2.75,791.0,0.0510568722614749
2019-12-12,2.789499998092652,2.807499885559082,2.760499954223633,2.7839999198913574,396.0,0.051868938580155
2019-12-13,2.7804999351501465,2.819999933242798,2.76200008392334,2.815000057220459,711.0,0.0253131864699256
2019-12-16,2.820499897003174,2.820499897003174,2.796499967575073,2.796499967575073,905.0,0.0265867583244111
2019-12-17,2.819499969482422,2.822499990463257,2.812000036239624,2.814500093460083,524.0,0.0229606107201177
2019-12-18,2.816999912261963,2.819000005722046,2.796999931335449,2.803999900817871,472.0,0.0123226432985564
2019-12-19,2.8315000534057617,2.8315000534057617,2.815999984741211,2.819999933242798,446.0,0.0149442578133331
2019-12-20,2.811000108718872,2.8315000534057617,2.802999973297119,2.8315000534057617,643.0,0.0109095862782296
2019-12-23,2.816999912261963,2.823499917984009,2.805000066757202,2.805000066757202,793.0,-0.0012416799323484
2019-12-24,2.838500022888184,2.8399999141693115,2.818000078201294,2.819999933242798,426.0,0.0067161982507781
2019-12-25,2.838500022888184,2.8399999141693115,2.818000078201294,2.819999933242798,426.0,0.0067161982507781
2019-12-26,2.864500045776367,2.867000102996826,2.8545000553131104,2.8545000553131104,451.0,0.0167213730987519
2019-12-27,2.8364999294281006,2.8550000190734863,2.819999933242798,2.8550000190734863,638.0,0.001764247471543
2019-12-30,2.827500104904175,2.8334999084472656,2.814500093460083,2.8310000896453857,1476.0,0.0058526355089055
2019-12-31,2.7939999103546143,2.803999900817871,2.7939999103546143,2.803999900817871,420.0,-0.0081982289985151
2020-01-02,2.8329999446868896,2.8329999446868896,2.7945001125335693,2.816499948501587,1182.0,-0.0019395503683143
2020-01-03,2.798500061035156,2.798500061035156,2.789499998092652,2.7934999465942383,321.0,-0.0233102496878429
2020-01-06,2.80049991607666,2.80049991607666,2.7780001163482666,2.7780001163482666,333.0,-0.0127729302040828
2020-01-07,2.803999900817871,2.806999921798706,2.8010001182556152,2.8010001182556152,261.0,-0.0083460323088408
2020-01-08,2.819000005722046,2.819000005722046,2.7804999351501465,2.7869999408721924,394.0,0.0089079854119826
2020-01-09,2.810499906539917,2.825500011444092,2.8010001182556152,2.825500011444092,208.0,-0.0079738311177149
2020-01-10,2.81850004196167,2.825999975204468,2.801500082015991,2.809999942779541,364.0,0.0071212622682056
2020-01-13,2.861500024795532,2.861999988555908,2.8554999828338623,2.861999988555908,247.0,0.0215480288317621
2020-01-14,2.875999927520752,2.875999927520752,2.8575000762939453,2.8575000762939453,292.0,0.0253534808567073
2020-01-15,2.869999885559082,2.869999885559082,2.8485000133514404,2.861000061035156,288.0,0.017929775734855
2020-01-16,2.851999998092652,2.8554999828338623,2.845999956130981,2.8545000553131104,237.0,0.0146581316771807
2020-01-17,2.8494999408721924,2.8575000762939453,2.8494999408721924,2.8570001125335693,298.0,0.010938676115241
2020-01-20,2.8494999408721924,2.8575000762939453,2.8494999408721924,2.8570001125335693,298.0,0.010938676115241
2020-01-21,2.798500061035156,2.813499927520752,2.798500061035156,2.809000015258789,401.0,-0.0222623903730106
2020-01-22,2.7669999599456787,2.802999973297119,2.7669999599456787,2.80049991607666,309.0,-0.038636728328325
2020-01-30,2.5234999656677246,2.564500093460083,2.5234999656677246,2.563999891281128,830.0,-0.0771885459696279
2020-01-31,2.5199999809265137,2.5299999713897705,2.509000062942505,2.5280001163482666,511.0,-0.0636080016071445
2020-02-03,2.513000011444092,2.5230000019073486,2.508500099182129,2.5230000019073486,860.0,-0.0326870903342762
2020-02-04,2.547499895095825,2.565500020980835,2.54099988937378,2.552000045776367,265.0,-0.0124831212391493
2020-02-05,2.5789999961853027,2.5894999504089355,2.563499927520752,2.563499927520752,240.0,0.0099367829640109
2020-02-06,2.5985000133514404,2.6040000915527344,2.5899999141693115,2.5899999141693115,306.0,0.0292875474113361
2020-02-07,2.559000015258789,2.562999963760376,2.555000066757202,2.561000108718872,236.0,0.0153576691859573
2020-02-10,2.557499885559082,2.566499948501587,2.5510001182556152,2.5510001182556152,386.0,0.0175529109810503
2020-02-11,2.588500022888184,2.588500022888184,2.587500095367432,2.587500095367432,212.0,0.0159661212665985
2020-02-12,2.6059999465942383,2.6075000762939453,2.6045000553131104,2.6070001125335693,242.0,0.0104147327891983
2020-02-13,2.619499921798706,2.619999885559082,2.619499921798706,2.619999885559082,234.0,0.0080490694081243
2020-02-14,2.6054999828338623,2.6105000972747803,2.6054999828338623,2.608999967575073,216.0,0.0180080256382631
2020-02-17,2.6054999828338623,2.6105000972747803,2.6054999828338623,2.608999967575073,216.0,0.0180080256382631
2020-02-18,2.609999895095825,2.630000114440918,2.6075000762939453,2.629499912261963,408.0,0.0203200070449693
2020-02-19,2.612499952316284,2.6135001182556152,2.5980000495910645,2.6135001182556152,235.0,0.0092290328367124
2020-02-20,2.595000028610229,2.595000028610229,2.594500064849853,2.594500064849853,386.0,-0.0042299305662797
2020-02-21,2.618000030517578,2.618000030517578,2.5994999408721924,2.5994999408721924,506.0,-0.0005727508680804
2020-02-24,2.5924999713897705,2.6050000190734863,2.5834999084472656,2.6050000190734863,379.0,-0.0050019386929317
2020-02-25,2.5964999198913574,2.5964999198913574,2.594500064849853,2.594500064849853,414.0,-0.0051858276917433
2020-02-26,2.576499938964844,2.5824999809265137,2.576499938964844,2.5820000171661377,65062.0,-0.0138757339418211
2020-02-27,2.571500062942505,2.5810000896453857,2.5220000743865967,2.565500020980835,14714.0,-0.0090971169331938
2020-02-28,2.5460000038146973,2.566999912261963,2.513999938964844,2.557499885559082,2580.0,-0.0278871775110122
2020-03-02,2.6010000705718994,2.618499994277954,2.51449990272522,2.5360000133514404,1295.0,0.0032733635133398
2020-03-03,2.5794999599456787,2.630000114440918,2.561500072479248,2.619999885559082,1145.0,-0.00656878727506
2020-03-04,2.5929999351501465,2.601999998092652,2.57699990272522,2.5850000381469727,489.0,0.0063836164499741
2020-03-05,2.5824999809265137,2.5934998989105225,2.572999954223633,2.588000059127808,491.0,0.0042685039161946
2020-03-06,2.572999954223633,2.5789999961853027,2.546499967575073,2.5789999961853027,638.0,0.0105490138750339
2020-03-09,2.5239999294281006,2.5420000553131104,2.4795000553131104,2.5420000553131104,816.0,-0.0300510968804909
2020-03-10,2.5339999198913574,2.562999963760376,2.498500108718872,2.498500108718872,685.0,-0.0177965158891937
2020-03-11,2.51200008392334,2.549999952316284,2.48799991607666,2.549999952316284,654.0,-0.0317361995320176
2020-03-12,2.4809999465942383,2.490999937057495,2.438999891281128,2.490999937057495,985.0,-0.0400962314422268
2020-03-13,2.4739999771118164,2.5344998836517334,2.430000066757202,2.4549999237060547,803.0,-0.0392362507897514
2020-03-16,2.3984999656677246,2.4600000381469727,2.364000082015991,2.4549999237060547,516.0,-0.0510013890727053
2020-03-17,2.315500020980835,2.4170000553131104,2.309000015258789,2.4170000553131104,582.0,-0.0901733942857253
2020-03-18,2.1605000495910645,2.322499990463257,2.121999979019165,2.315999984741211,480.0,-0.1507395826715611
2020-03-19,2.200000047683716,2.200000047683716,2.059499979019165,2.1614999771118164,470.0,-0.1202043011450759
2020-03-20,2.190500020980835,2.240999937057495,2.119999885559082,2.1619999408721924,406.0,-0.121706426868888
2020-03-23,2.119499921798706,2.125499963760376,2.1050000190734863,2.1135001182556152,375.0,-0.123663352731471
2020-03-24,2.197499990463257,2.2314999103546143,2.151000022888184,2.151000022888184,448.0,-0.052305309762328
2020-03-25,2.233999967575073,2.233999967575073,2.174499988555908,2.2084999084472656,719.0,0.033453986789354
2020-03-26,2.2079999446868896,2.2179999351501465,2.190000057220459,2.190000057220459,484.0,0.0036297213249347
2020-03-27,2.197000026702881,2.197000026702881,2.190000057220459,2.190000057220459,906.0,0.0029629677068009
2020-03-30,2.1619999408721924,2.171999931335449,2.158499956130981,2.1624999046325684,352.0,0.0198535169539045
2020-03-31,2.240000009536743,2.25,2.1760001182556152,2.177500009536743,514.0,0.0191555238870429
2020-04-01,2.191999912261963,2.220000028610229,2.178499937057495,2.220000028610229,432.0,-0.0189793570734258
2020-04-03,2.2100000381469727,2.2230000495910645,2.2049999237060547,2.2225000858306885,375.0,0.0058997272340147
2020-04-06,2.234999895095825,2.239000082015991,2.213000059127808,2.213000059127808,296.0,0.0332074892601861
2020-04-07,2.2885000705718994,2.325000047683716,2.2885000705718994,2.289999961853028,422.0,0.0214207418247587
2020-04-08,2.2780001163482666,2.2780001163482666,2.2704999446868896,2.2704999446868896,340.0,0.0384835870404415
2020-04-09,2.2774999141693115,2.283499956130981,2.2699999809265137,2.283499956130981,429.0,0.0197323216701454
2020-04-10,2.2774999141693115,2.283499956130981,2.2699999809265137,2.283499956130981,429.0,0.0197323216701454
2020-04-13,2.320499897003174,2.3570001125335693,2.320499897003174,2.3364999294281006,350.0,0.0487901025227396
2020-04-14,2.3469998836517334,2.351999998092652,2.325999975204468,2.3345000743865967,437.0,0.0488966861671594
2020-04-15,2.3125,2.314500093460083,2.297499895095825,2.309999942779541,425.0,0.0104325784552612
2020-04-16,2.304500102996826,2.325000047683716,2.304500102996826,2.325000047683716,240.0,0.0115658617724763
2020-04-17,2.35349988937378,2.358999967575073,2.3469998836517334,2.3475000858306885,302.0,0.0328252223884648
2020-04-20,2.3345000743865967,2.3480000495910645,2.325500011444092,2.3480000495910645,414.0,0.0060151319794174
2020-04-21,2.2669999599456787,2.314500093460083,2.2144999504089355,2.314500093460083,328.0,-0.0346805134387336
2020-04-22,2.317500114440918,2.317500114440918,2.2874999046325684,2.2874999046325684,312.0,0.0021598774346231
2020-04-23,2.3239998817443848,2.3239998817443848,2.312999963760376,2.321000099182129,341.0,0.008426010232938
2020-04-24,2.3480000495910645,2.3480000495910645,2.3239998817443848,2.325000047683716,589.0,-0.0023396117676735
2020-04-27,2.381999969482422,2.381999969482422,2.326499938964844,2.3429999351501465,731.0,0.0201426908284705
2020-04-28,2.378999948501587,2.378999948501587,2.378999948501587,2.378999948501587,26351.0,0.0482228558167702
2020-04-29,2.374500036239624,2.3954999446868896,2.3340001106262207,2.344000101089477,3211.0,0.0242978364299751
2020-05-04,2.3239998817443848,2.32699990272522,2.289499998092652,2.30649995803833,602.0,-0.0246506700162152
2020-05-05,2.3410000801086426,2.3415000438690186,2.318000078201294,2.336999893188477,412.0,-0.0161019869451244
2020-05-06,2.352499961853028,2.371000051498413,2.3350000381469727,2.3399999141693115,689.0,-0.0093083280071475
2020-05-07,2.385499954223633,2.390500068664551,2.3405001163482666,2.3405001163482666,544.0,0.0132926790541072
2020-05-08,2.408499956130981,2.422499895095825,2.3989999294281006,2.4024999141693115,625.0,0.0380836859258824
2020-05-11,2.381999969482422,2.427500009536743,2.372999906539917,2.4089999198913574,405.0,0.0246506700162152
2020-05-12,2.3605000972747803,2.384500026702881,2.3350000381469727,2.380000114440918,464.0,0.008295279484988
2020-05-13,2.3489999771118164,2.374000072479248,2.3489999771118164,2.3494999408721924,355.0,-0.001488880328917
2020-05-14,2.3510000705718994,2.3570001125335693,2.3239998817443848,2.3570001125335693,340.0,-0.0145679272088481
2020-05-15,2.3334999084472656,2.3559999465942383,2.3320000171661377,2.3559999465942383,311.0,-0.0316348817002403
2020-05-18,2.4049999713897705,2.4260001182556152,2.365000009536743,2.365499973297119,449.0,0.0096094335402164
2020-05-19,2.4230000972747803,2.431999921798706,2.4105000495910645,2.431999921798706,531.0,0.0261329797672097
2020-05-20,2.4674999713897705,2.470000028610229,2.4100000858306885,2.4100000858306885,435.0,0.0492157847976981
2020-05-21,2.45199990272522,2.4679999351501465,2.446500062942505,2.4679999351501465,432.0,0.0420631788266034
2020-05-22,2.4089999198913574,2.4130001068115234,2.390000104904175,2.3924999237060547,383.0,0.031842443205186
2020-05-25,2.4089999198913574,2.4130001068115234,2.390000104904175,2.3924999237060547,383.0,0.031842443205186
2020-05-26,2.438499927520752,2.4565000534057617,2.4024999141693115,2.4024999141693115,450.0,0.0138331747835085
2020-05-27,2.4024999141693115,2.4205000400543213,2.375499963760376,2.4205000400543213,349.0,-0.0084966558440726
2020-05-28,2.4130001068115234,2.4210000038146973,2.384999990463257,2.384999990463257,628.0,-0.0223346498227488
2020-05-29,2.426500082015991,2.447000026702881,2.407000064849853,2.407000064849853,260.0,-0.0104540547391041
2020-06-01,2.4744999408721924,2.47849988937378,2.43149995803833,2.43149995803833,598.0,0.0268266411361181
2020-06-02,2.494499921798706,2.499000072479248,2.470999956130981,2.4790000915527344,326.0,0.0227052105243803
2020-06-03,2.496500015258789,2.496500015258789,2.492500066757202,2.496500015258789,179.0,0.0383799309338623
2020-06-04,2.493000030517578,2.495500087738037,2.492500066757202,2.495500087738037,379.0,0.0326159858748014
2020-06-05,2.556999921798706,2.556999921798706,2.5510001182556152,2.5510001182556152,416.0,0.0523847420625757
2020-06-08,2.569999933242798,2.569999933242798,2.5385000705718994,2.5450000762939453,247.0,0.0378675414166101
2020-06-09,2.6005001068115234,2.6010000705718994,2.5905001163482666,2.5924999713897705,508.0,0.0416154983349776
2020-06-10,2.657000064849853,2.6610000133514404,2.6530001163482666,2.657500028610229,351.0,0.0623079341142476
2020-06-11,2.5864999294281006,2.67549991607666,2.5864999294281006,2.674499988555908,352.0,0.0368187663939957
2020-06-12,2.6015000343322754,2.60349988937378,2.5980000495910645,2.5980000495910645,479.0,0.0172535492194997
2020-06-15,2.56850004196167,2.56850004196167,2.5510001182556152,2.566999912261963,334.0,-0.0005837856693444
2020-06-16,2.565999984741211,2.5985000133514404,2.558500051498413,2.58899998664856,345.0,-0.0133555150575283
2020-06-17,2.5920000076293945,2.5920000076293945,2.569999933242798,2.569999933242798,307.0,-0.0247679097513795
2020-06-18,2.5910000801086426,2.611999988555908,2.5910000801086426,2.611999988555908,299.0,0.0017383493212892
2020-06-19,2.615000009536743,2.6429998874664307,2.6105000972747803,2.6429998874664307,217.0,0.0051758862184957
2020-06-22,2.6554999351501465,2.6554999351501465,2.649499893188477,2.649499893188477,410.0,0.0333108491971399
2020-06-23,2.6600000858306885,2.6600000858306885,2.650000095367432,2.650000095367432,288.0,0.035977894813866
2020-06-24,2.650500059127808,2.650500059127808,2.650500059127808,2.650500059127808,791.0,0.0223185423204273
2020-06-25,2.6624999046325684,2.6624999046325684,2.638000011444092,2.638000011444092,283.0,0.0272215627187762
2020-06-26,2.671999931335449,2.671999931335449,2.6610000133514404,2.6610000133514404,32639.0,0.0215631288127638
2020-06-29,2.679500102996826,2.6875,2.650500059127808,2.650500059127808,8912.0,0.0089973119322313
2020-06-30,2.713500022888184,2.720999956130981,2.684000015258789,2.690000057220459,1702.0,0.0199131678954697
2020-07-01,2.7170000076293945,2.737499952316284,2.697499990463257,2.7160000801086426,1482.0,0.0247800094983373
2020-07-02,2.7335000038146973,2.744499921798706,2.7149999141693115,2.740999937057495,673.0,0.0263173455316636
2020-07-03,2.7335000038146973,2.744499921798706,2.7149999141693115,2.740999937057495,673.0,0.0263173455316636
2020-07-06,2.7660000324249268,2.7674999237060547,2.7174999713897705,2.7179999351501465,713.0,0.0345750149886561
2020-07-07,2.7874999046325684,2.7874999046325684,2.73799991607666,2.7809998989105225,514.0,0.0395148541821148
2020-07-08,2.814500093460083,2.814500093460083,2.781500101089477,2.7844998836517334,773.0,0.0365453361723287
2020-07-09,2.828000068664551,2.859999895095825,2.814500093460083,2.815500020980835,378.0,0.0400414390623452
2020-07-10,2.88700008392334,2.899499893188477,2.8304998874664307,2.8359999656677246,403.0,0.0546350890017385
2020-07-13,2.941999912261963,2.9814999103546143,2.880500078201294,2.9040000438690186,543.0,0.0616873473914187
2020-07-14,2.91599988937378,2.9210000038146973,2.8945000171661377,2.8989999294281006,1115.0,0.0450676736350446
2020-07-15,2.870500087738037,2.930000066757202,2.859999895095825,2.927999973297119,1158.0,0.0197016020623919
2020-07-16,2.885999917984009,2.888000011444092,2.8515000343322754,2.8515000343322754,513.0,0.020301659618532
2020-07-17,2.887500047683716,2.8935000896453857,2.869999885559082,2.888999938964844,482.0,0.0001731626115612
2020-07-20,2.8984999656677246,2.9140000343322754,2.881500005722046,2.888000011444092,596.0,-0.0148962424038548
2020-07-21,2.940999984741211,2.9539999961853027,2.915499925613404,2.9189999103546143,493.0,0.0085368781748087
2020-07-22,2.908499956130981,2.951499938964844,2.881500005722046,2.951499938964844,534.0,0.0131512080946662
2020-07-23,2.924499988555908,2.924499988555908,2.8910000324249268,2.8910000324249268,598.0,0.0132520900546551
2020-07-24,2.881999969482422,2.906500101089477,2.8585000038146973,2.8970000743865967,749.0,-0.0019066053734503
2020-07-27,2.888000011444092,2.900000095367432,2.878999948501587,2.884500026702881,450.0,-0.0036291249595927
2020-07-28,2.9049999713897705,2.91599988937378,2.871000051498413,2.915499925613404,484.0,-0.0123162739282998
2020-07-29,2.9054999351501465,2.907000064849853,2.882499933242798,2.906500101089477,402.0,-0.001031999072305
2020-07-30,2.9045000076293945,2.9230000972747803,2.874000072479248,2.9230000972747803,874.0,-0.0068622609105646
2020-07-31,2.858999967575073,2.914999961853028,2.845499992370605,2.914999961853028,631.0,-0.0080125849894804
2020-08-03,2.907999992370605,2.9119999408721924,2.8350000381469727,2.85349988937378,526.0,0.006901332054469
2020-08-04,2.88949990272522,2.9094998836517334,2.879499912261963,2.907500028610229,423.0,-0.0053499373444811
2020-08-05,2.9114999771118164,2.930000066757202,2.8919999599456787,2.8945000171661377,742.0,0.0020629342203995
2020-08-06,2.9054999351501465,2.907500028610229,2.8924999237060547,2.8949999809265137,439.0,0.000344209136135
2020-08-07,2.790499925613404,2.874000072479248,2.7890000343322754,2.874000072479248,723.0,-0.0242511374095563
2020-08-10,2.8585000038146973,2.869499921798706,2.822999954223633,2.822999954223633,380.0,-0.0171685439912854
2020-08-11,2.871999979019165,2.873500108718872,2.8415000438690186,2.861500024795532,332.0,-0.0060747992301042
2020-08-12,2.88700008392334,2.8910000324249268,2.878000020980835,2.8910000324249268,365.0,-0.0084504746835431
2020-08-13,2.803999900817871,2.878999948501587,2.7960000038146973,2.878000020980835,460.0,-0.0355585364126498
2020-08-14,2.8559999465942383,2.8559999465942383,2.8510000705718994,2.8554999828338623,255.0,0.0232012611885756
2020-08-17,2.8980000019073486,2.9100000858306885,2.844500064849853,2.844500064849853,346.0,0.0137238315002518
2020-08-18,2.970999956130981,2.9714999198913574,2.953000068664551,2.953000068664551,318.0,0.0338899378340556
2020-08-19,3.0190000534057617,3.0190000534057617,2.9855000972747803,3.0160000324249268,518.0,0.0447077386643947
2020-08-20,2.970000028610229,2.970000028610229,2.9579999446868896,2.9579999446868896,464.0,0.0575150286469968
2020-08-21,2.9135000705718994,2.924999952316284,2.9135000705718994,2.9135000705718994,304.0,0.0199331060455286
2020-08-24,2.922499895095825,2.940000057220459,2.9165000915527344,2.940000057220459,377.0,0.0084185339120798
2020-08-25,2.930999994277954,2.930999994277954,2.9170000553131104,2.9195001125335693,347.0,-0.0135549219382236
2020-08-26,2.9595000743865967,2.9655001163482666,2.944999933242798,2.944999933242798,315.0,-0.0199053081310911
2020-08-27,2.9649999141693115,2.9649999141693115,2.9649999141693115,2.9649999141693115,45428.0,-0.0016849589459492
2020-08-28,2.994999885559082,3.0169999599456787,2.9739999771118164,2.9760000705718994,13122.0,0.0275890615333849
2020-08-31,3.04099988937378,3.0439999103546143,3.01200008392334,3.013499975204468,1599.0,0.0397469938482585
2020-09-01,3.009500026702881,3.060499906539917,2.997999906539917,3.032500028610229,1204.0,0.0264303011020463
2020-09-03,2.9579999446868896,3.0160000324249268,2.941499948501587,3.007999897003174,1051.0,-0.0023636579126212
2020-09-04,3.046499967575073,3.062000036239624,2.947000026702881,2.9595000743865967,961.0,0.0170491867063198
2020-09-07,3.046499967575073,3.062000036239624,2.947000026702881,2.9595000743865967,961.0,0.0170491867063198
2020-09-08,3.012500047683716,3.071000099182129,2.99399995803833,3.052000045776367,939.0,-0.0094160576715968
2020-09-09,3.039999961853028,3.047499895095825,2.990999937057495,2.993499994277954,775.0,0.0100835419912329
2020-09-10,2.986999988555908,3.04099988937378,2.950999975204468,3.0374999046325684,676.0,-0.005342260585145
2020-09-11,3.0339999198913574,3.0434999465942383,2.970999956130981,2.970999956130981,412.0,0.025368508933589
2020-09-14,3.066499948501587,3.069999933242798,3.0299999713897705,3.049000024795532,381.0,0.0065434492269531
2020-09-15,3.062999963760376,3.0824999809265137,3.05049991607666,3.0815000534057617,376.0,0.0166245013738306
2020-09-16,3.058000087738037,3.065500020980835,3.0460000038146973,3.0460000038146973,385.0,0.0059036333283997
2020-09-17,3.066499948501587,3.075999975204468,3.0199999809265137,3.059499979019165,383.0,0.0262672938873545
2020-09-18,3.1135001182556152,3.1135001182556152,3.065999984741211,3.0799999237060547,275.0,0.0258656787892373
2020-09-21,3.0295000076293945,3.0985000133514404,3.0220000743865967,3.0985000133514404,390.0,-0.0121392373687534
2020-09-22,3.059000015258789,3.0799999237060547,3.048500061035156,3.060499906539917,614.0,-0.0013067458622943
2020-09-23,2.993499994277954,3.049999952316284,2.9574999809265137,3.049999952316284,510.0,-0.0213178667264043
2020-09-24,2.969000101089477,2.9719998836517334,2.929500102996826,2.970499992370605,351.0,-0.0323115994600805
2020-09-25,2.9730000495910645,2.990999937057495,2.952500104904175,2.9830000400543213,476.0,-0.0461759726154983
2020-09-28,2.989500045776367,2.989500045776367,2.970499992370605,2.983999967575073,483.0,-0.0132914272700698
2020-09-29,2.9835000038146973,2.996000051498413,2.9579999446868896,2.996000051498413,932.0,-0.0249909608983313
2020-09-30,3.0285000801086426,3.0304999351501465,2.9749999046325684,2.9825000762939453,510.0,0.0116242044186758
2020-10-01,2.8635001182556152,3.032500028610229,2.861999988555908,3.032500028610229,776.0,-0.0361805356805948
2020-10-02,2.97849988937378,2.9814999103546143,2.8429999351501465,2.8429999351501465,355.0,0.0018482202485767
2020-10-05,2.9649999141693115,2.969000101089477,2.940500020980835,2.969000101089477,317.0,-0.0082291611494716
2020-10-06,2.9655001163482666,2.9655001163482666,2.9560000896453857,2.9595000743865967,320.0,-0.0060514177280081
2020-10-07,3.0344998836517334,3.046999931335449,3.009000062942505,3.009000062942505,292.0,0.0019791540614923
2020-10-08,3.0420000553131104,3.0450000762939453,3.0160000324249268,3.0160000324249268,390.0,0.060470517870888
2020-10-09,3.0794999599456787,3.0920000076293945,3.069499969482422,3.0920000076293945,287.0,0.0333474521931833
2020-10-12,3.061000108718872,3.069999933242798,3.058500051498413,3.069999933242798,262.0,0.0318646919789783
2020-10-13,3.0425000190734863,3.0455000400543213,3.0364999771118164,3.0455000400543213,215.0,0.0256338606179733
2020-10-14,3.047499895095825,3.049999952316284,3.047499895095825,3.049999952316284,326.0,0.0042749199983145
2020-10-15,3.0829999446868896,3.088000059127808,3.048500061035156,3.052000045776367,269.0,0.0133879189424458
2020-10-16,3.065000057220459,3.065000057220459,3.063499927520752,3.065000057220459,282.0,-0.0047196450810335
2020-10-19,3.0810000896453857,3.0975000858306885,3.0810000896453857,3.0975000858306885,244.0,0.0065125532300173
2020-10-20,3.1435000896453857,3.1435000896453857,3.138999938964844,3.140000104904175,251.0,0.032657305210114
2020-10-21,3.194499969482422,3.195499897003174,3.188499927520752,3.195499897003174,264.0,0.0471090235568363
2020-10-22,3.150000095367432,3.1665000915527344,3.1484999656677246,3.1665000915527344,270.0,0.02149935215023
2020-10-23,3.125499963760376,3.1484999656677246,3.125499963760376,3.1484999656677246,330.0,0.0195466707377394
2020-10-26,3.088500022888184,3.108999967575073,3.088500022888184,3.1085000038146973,377.0,0.0024312948538652
2020-10-27,3.0899999141693115,3.0899999141693115,3.088000059127808,3.088000059127808,164.0,-0.0171657942259451
2020-10-28,3.056999921798706,3.062999963760376,3.039499998092652,3.0420000553131104,1184.0,-0.0439965541794589
2020-10-29,3.052000045776367,3.0810000896453857,3.0425000190734863,3.067500114440918,946.0,-0.0316053546918963
2020-10-30,3.0434999465942383,3.052500009536743,3.0355000495910645,3.0429999828338623,690.0,-0.0265861073905455
2020-11-02,3.073499917984009,3.0899999141693115,3.061000108718872,3.063499927520752,459.0,-0.0048685928845508
2020-11-03,3.086999893188477,3.117500066757202,3.086999893188477,3.094500064849853,722.0,-0.0009713522131387
2020-11-04,3.1010000705718994,3.1080000400543213,3.088500022888184,3.08899998664856,392.0,0.0142906455484599
2020-11-05,3.1045000553131104,3.122999906539917,3.0980000495910645,3.0980000495910645,284.0,0.0170555612188655
2020-11-06,3.1489999294281006,3.156500101089477,3.1424999237060547,3.1465001106262207,313.0,0.0340767683036353
2020-11-09,3.15149998664856,3.184999942779541,3.1454999446868896,3.184000015258789,378.0,0.02506157505445
2020-11-10,3.150500059127808,3.150500059127808,3.13700008392334,3.13700008392334,403.0,0.0203614782481336
2020-11-11,3.128999948501587,3.128999948501587,3.1075000762939453,3.1075000762939453,359.0,0.0089887853522202
2020-11-12,3.1429998874664307,3.1519999504089355,3.1429998874664307,3.1519999504089355,663.0,0.0123250323710361
2020-11-13,3.17549991607666,3.17549991607666,3.127500057220459,3.127500057220459,315.0,0.0083801541245109
2020-11-16,3.220000028610229,3.240000009536743,3.2155001163482666,3.239500045776367,302.0,0.0215028427069884
2020-11-17,3.196500062942505,3.212500095367432,3.196500062942505,3.196500062942505,288.0,0.0144952917479874
2020-11-18,3.197999954223633,3.197999954223633,3.197999954223633,3.197999954223633,572.0,0.0218121518693817
2020-11-19,3.2035000324249268,3.213000059127808,3.19950008392334,3.19950008392334,482.0,0.0190662502077363
2020-11-20,3.2934999465942383,3.2934999465942383,3.263999938964844,3.263999938964844,429.0,0.0364857390506005
2020-11-23,3.259500026702881,3.2790000438690186,3.259500026702881,3.2785000801086426,408.0,0.0121924491332998
2020-11-24,3.299999952316284,3.306999921798706,3.2934999465942383,3.306999921798706,424.0,0.0318659731071095
2020-11-25,3.312000036239624,3.312000036239624,3.2925000190734863,3.2939999103546143,47410.0,0.0350266473672272
2020-11-26,3.312000036239624,3.312000036239624,3.2925000190734863,3.2939999103546143,47410.0,0.0350266473672272
2020-11-27,3.399499893188477,3.406500101089477,3.309000015258789,3.316499948501587,18760.0,0.0593843583459443
2020-11-30,3.4205000400543213,3.484499931335449,3.4049999713897705,3.4049999713897705,2921.0,0.0378359380458867
2020-12-01,3.4679999351501465,3.500999927520752,3.431999921798706,3.44350004196167,1465.0,0.0620042226440176
2020-12-02,3.4749999046325684,3.49399995803833,3.430000066757202,3.490000009536743,1735.0,0.0516719975500662
2020-12-03,3.4790000915527344,3.505500078201294,3.4579999446868896,3.4800000190734863,865.0,0.0491926750206949
2020-12-04,3.513999938964844,3.5239999294281006,3.4725000858306885,3.4725000858306885,731.0,0.0331266418311635
2020-12-07,3.508500099182129,3.508500099182129,3.470000028610229,3.49399995803833,904.0,0.0254018730503101
2020-12-08,3.49399995803833,3.500499963760376,3.4609999656677246,3.500499963760376,663.0,0.0074691594834293
2020-12-09,3.507999897003174,3.5209999084472656,3.4835000038146973,3.499000072479248,590.0,0.0094515935764916
2020-12-10,3.570499897003174,3.5845000743865967,3.447000026702881,3.4739999771118164,611.0,0.025960690674792
2020-12-11,3.5239999294281006,3.608500003814697,3.496000051498413,3.575500011444092,552.0,0.0028417156520888
2020-12-14,3.5220000743865967,3.5420000553131104,3.504499912261963,3.5420000553131104,565.0,0.0038404072152661
2020-12-15,3.5380001068115234,3.5425000190734863,3.500999927520752,3.500999927520752,409.0,0.012514426225168
2020-12-16,3.553999900817871,3.563999891281128,3.5360000133514404,3.5385000705718994,542.0,0.0130276566758947
2020-12-17,3.5969998836517334,3.6050000190734863,3.575999975204468,3.575999975204468,497.0,0.0073945192071527
2020-12-18,3.628499984741211,3.634000062942505,3.5999999046325684,3.6050000190734863,345.0,0.029222647482939
2020-12-21,3.572999954223633,3.5969998836517334,3.555500030517578,3.5969998836517334,796.0,0.0143765350349573
2020-12-22,3.5179998874664307,3.575999975204468,3.509999990463257,3.575999975204468,638.0,-0.0056690115999692
2020-12-23,3.552000045776367,3.552000045776367,3.4800000190734863,3.5190000534057617,1462.0,-0.0005628638078617
2020-12-24,3.559999942779541,3.559999942779541,3.5374999046325684,3.549000024795532,330.0,-0.0103396035767922
2020-12-25,3.559999942779541,3.559999942779541,3.5374999046325684,3.549000024795532,330.0,-0.0103396035767922
2020-12-28,3.569999933242798,3.5894999504089355,3.569999933242798,3.5804998874664307,446.0,-0.0162537584387425
2020-12-29,3.552999973297119,3.565999984741211,3.551500082015991,3.565999984741211,856.0,-0.005613256706224
2020-12-30,3.5429999828338623,3.5739998817443848,3.539999961853028,3.559000015258789,1166.0,0.0070812067108224
2020-12-31,3.513999938964844,3.5455000400543213,3.507499933242798,3.5439999103546143,1109.0,-0.0107558656216483
2021-01-04,3.552999973297119,3.6005001068115234,3.5455000400543213,3.559000015258789,864.0,-0.0019682192674734
2021-01-05,3.640500068664551,3.6554999351501465,3.5899999141693115,3.5899999141693115,512.0,0.0195554766218741
2021-01-06,3.650000095367432,3.690500020980835,3.640000104904175,3.650500059127808,842.0,0.0269348841991605
2021-01-07,3.695499897003174,3.7079999446868896,3.642999887466431,3.658999919891357,655.0,0.0421420143336774
2021-01-08,3.673500061035156,3.7200000286102295,3.640000104904175,3.7165000438690186,782.0,0.0443899302974163
2021-01-11,3.563999891281128,3.673500061035156,3.558500051498413,3.673500061035156,677.0,0.0030911695805254
2021-01-12,3.6050000190734863,3.634999990463257,3.575999975204468,3.575999975204468,603.0,-0.0097992776861706
2021-01-13,3.617000102996826,3.63700008392334,3.611500024795532,3.635499954223633,618.0,-0.0090822122767423
2021-01-14,3.6679999828338623,3.6679999828338623,3.611999988555908,3.611999988555908,672.0,-0.0074692856576807
2021-01-15,3.6029999256134033,3.631500005722046,3.5964999198913574,3.628999948501587,817.0,-0.019378091572965
2021-01-18,3.6029999256134033,3.631500005722046,3.5964999198913574,3.628999948501587,817.0,-0.019378091572965
2021-01-19,3.635999917984009,3.640000104904175,3.615999937057495,3.619999885559082,711.0,0.0200006746547505
2021-01-20,3.6475000381469727,3.6545000076293945,3.638999938964844,3.638999938964844,601.0,0.0117202358454375
2021-01-21,3.6554999351501465,3.658999919891357,3.6440000534057617,3.658999919891357,770.0,0.0105878835651611
2021-01-22,3.635499954223633,3.635499954223633,3.57450008392334,3.575000047683716,607.0,-0.0088999091977633
2021-01-25,3.640500068664551,3.640500068664551,3.611500024795532,3.632999897003174,852.0,0.010354242593708
2021-01-26,3.628000020980835,3.631999969482422,3.626499891281128,3.628999948501587,736.0,-0.0022026157226581
2021-01-27,3.571500062942505,3.571500062942505,3.571500062942505,3.571500062942505,320.0,-0.0210563186367534
2021-01-28,3.5829999446868896,3.6034998893737793,3.509000062942505,3.5510001182556152,925.0,-0.0200324421257185
2021-01-29,3.573499917984009,3.607500076293945,3.555500030517578,3.5815000534057617,550.0,-0.0172011557897525
2021-02-01,3.562000036239624,3.5934998989105225,3.554500102996826,3.566499948501587,547.0,-0.0217988586725014
2021-02-02,3.5390000343322754,3.539499998092652,3.52649998664856,3.52649998664856,434.0,-0.024837326971471
2021-02-03,3.5785000324249268,3.5785000324249268,3.552000045776367,3.552000045776367,312.0,0.0019580340211148
2021-02-04,3.565999984741211,3.566999912261963,3.559499979019165,3.566999912261963,382.0,-0.00475590772318
2021-02-05,3.638999938964844,3.652499914169312,3.575500011444092,3.575500011444092,396.0,0.0181634171307844
2021-02-08,3.678999900817871,3.678999900817871,3.6459999084472656,3.6475000381469727,312.0,0.0323187541222219
2021-02-09,3.733500003814697,3.73550009727478,3.693000078201294,3.7079999446868896,303.0,0.053501921450918
2021-02-17,3.8359999656677246,3.8359999656677246,3.830499887466431,3.830499887466431,493.0,0.0270840155558046
2021-02-18,3.9165000915527344,3.926500082015991,3.900000095367432,3.921499967575073,400.0,0.0340204295398244
2021-02-19,4.090000152587891,4.090000152587891,4.090000152587891,4.090000152587891,437.0,0.0768388617062951
2021-02-22,4.152500152587891,4.15399980545044,4.123000144958496,4.123000144958496,616.0,0.0881833431450296
2021-02-23,4.1875,4.1875,4.1875,4.1875,439.0,0.0845503514602339
2021-02-24,4.301000118255615,4.301000118255615,4.21999979019165,4.21999979019165,77484.0,0.1144174332253385
2021-02-25,4.265999794006348,4.36299991607666,4.195499897003174,4.308000087738037,17292.0,0.0854781505605335
2021-02-26,4.0945000648498535,4.250999927520752,4.079999923706055,4.212500095367432,2457.0,0.0010996182041272
2021-03-01,4.119500160217285,4.173500061035156,4.099500179290772,4.110499858856201,1385.0,-0.007978763585425
2021-03-02,4.231500148773193,4.235000133514404,4.059500217437744,4.114999771118164,1078.0,0.0104526781353383
2021-03-03,4.152999877929688,4.222499847412109,4.119999885559082,4.218500137329102,902.0,-0.0350166460411792
2021-03-04,3.990999937057495,4.156499862670898,3.875999927520752,4.119500160217285,1189.0,-0.0666347614663649
2021-03-05,4.086999893188477,4.110000133514404,3.927999973297119,3.9660000801086426,664.0,-0.0018334471187062
2021-03-08,4.103499889373779,4.161499977111816,4.01800012588501,4.127500057220459,707.0,-0.0038915945372797
2021-03-09,4.019499778747559,4.121500015258789,3.996999979019165,4.09149980545044,1055.0,-0.0513991135454133
2021-03-10,4.041999816894531,4.055500030517578,4.007500171661377,4.027500152587891,523.0,-0.0270913615746127
2021-03-11,4.14300012588501,4.1479997634887695,4.0345001220703125,4.046500205993652,771.0,0.0373783831847678
2021-03-12,4.145500183105469,4.1545000076293945,4.072000026702881,4.140999794006348,392.0,0.0142122742961464
2021-03-15,4.146500110626221,4.170000076293945,4.126999855041504,4.170000076293945,511.0,0.0104243904599047
2021-03-16,4.078999996185303,4.112500190734863,4.059500217437744,4.105000019073486,634.0,0.0146943976591076
2021-03-17,4.127999782562256,4.156499862670898,4.065999984741211,4.067999839782715,540.0,0.0210534018246696
2021-03-18,4.117000102996826,4.15500020980835,4.067999839782715,4.15500020980835,760.0,-0.0062954256750398
2021-03-19,4.123499870300293,4.123499870300293,4.052999973297119,4.05649995803833,834.0,-0.0053211669063483
2021-03-22,4.14900016784668,4.150000095367432,4.096499919891357,4.097499847412109,480.0,0.0006027502169189
2021-03-23,4.0879998207092285,4.133500099182129,4.03000020980835,4.133500099182129,625.0,0.0022039496433641
2021-03-24,4.071499824523926,4.109000205993652,4.026000022888184,4.047500133514404,610.0,-0.0137815366789705
2021-03-25,3.984999895095825,4.007999897003174,3.950000047683716,4.005499839782715,738.0,-0.0325874818877971
2021-03-26,4.078499794006348,4.087500095367432,4.012499809265137,4.012499809265137,714.0,-0.0109730625861939
2021-03-29,4.043000221252441,4.068999767303467,4.019999980926514,4.065000057220459,441.0,-0.0258803364220103
2021-03-30,3.983000040054321,4.0355000495910645,3.974999904632568,4.0355000495910645,1052.0,-0.0260204947877548
2021-03-31,4.002999782562256,4.011499881744385,3.989000082015991,4.00600004196167,289.0,-0.0169674131346793
2021-04-01,4.003499984741211,4.014999866485596,3.984999895095825,3.984999895095825,815.0,0.0046316888017726
2021-04-02,4.003499984741211,4.014999866485596,3.984999895095825,3.984999895095825,815.0,0.0046316888017726
2021-04-05,4.14900016784668,4.162000179290772,4.053999900817871,4.053999900817871,243.0,0.0171381585541736
2021-04-06,4.126500129699707,4.151000022888184,4.098499774932861,4.150000095367432,269.0,0.0204425760980743
2021-04-07,4.064000129699707,4.118500232696533,4.054999828338623,4.117499828338623,467.0,0.0201324279346516
2021-04-08,4.103499889373779,4.103499889373779,4.085000038146973,4.085000038146973,366.0,0.0247962154368994
2021-04-09,4.05049991607666,4.088500022888184,4.05049991607666,4.088500022888184,518.0,0.0116713348499651
2021-04-12,4.03000020980835,4.037000179290772,4.019999980926514,4.027500152587891,491.0,-0.0291009537852457
2021-04-13,4.043000221252441,4.043000221252441,4.014500141143799,4.014500141143799,603.0,-0.0204425760980743
2021-04-14,4.139999866485596,4.139999866485596,4.046000003814697,4.046500205993652,452.0,0.0185280133968881
2021-04-15,4.230500221252441,4.237500190734863,4.175000190734863,4.175000190734863,403.0,0.0304800005531393
2021-04-16,4.179999828338623,4.239500045776367,4.175000190734863,4.235000133514404,440.0,0.0314708959001947
2021-04-19,4.25,4.269999980926514,4.179999828338623,4.179999828338623,283.0,0.0531525549161099
2021-04-20,4.223999977111816,4.269499778747559,4.223999977111816,4.248499870300293,234.0,0.0437954956019054
2021-04-22,4.2804999351501465,4.2845001220703125,4.267000198364258,4.2845001220703125,239.0,0.0117495683685612
2021-04-23,4.3429999351501465,4.3429999351501465,4.338500022888184,4.3429999351501465,607.0,0.0382541331512948
2021-04-26,4.447999954223633,4.447999954223633,4.418000221252441,4.418000221252441,243.0,0.0455355637205062
2021-04-27,4.743000030517578,4.743000030517578,4.459000110626221,4.518499851226807,493.0,0.1158873123443236
2021-04-28,4.537000179290772,4.755000114440918,4.510000228881836,4.755000114440918,48303.0,0.0567954964022222
2021-04-29,4.493000030517578,4.552999973297119,4.4704999923706055,4.497499942779541,9852.0,0.0484508268299345
2021-05-04,4.535999774932861,4.573500156402588,4.505499839782715,4.520500183105469,678.0,-0.0446243365222061
2021-05-05,4.539000034332275,4.58050012588501,4.519999980926514,4.565499782562256,827.0,0.0004406908388713
2021-05-06,4.61899995803833,4.624000072479248,4.514999866485596,4.535999774932861,925.0,0.0276575854836167
2021-05-07,4.765999794006348,4.767000198364258,4.61899995803833,4.61899995803833,1019.0,0.0621075077894493
2021-05-10,4.733500003814697,4.898499965667725,4.708000183105469,4.786499977111816,1083.0,0.0410772519136013
2021-05-11,4.778500080108643,4.820000171661377,4.709000110626221,4.709000110626221,657.0,0.0520811896810144
2021-05-12,4.752500057220459,4.835000038146973,4.727000236511231,4.832499980926514,684.0,0.0459640763823527
2021-05-13,4.70550012588501,4.763999938964844,4.664999961853027,4.740499973297119,870.0,0.018553841705554
2021-05-14,4.664000034332275,4.712500095367432,4.622000217437744,4.698500156402588,607.0,-0.0216338790457392
2021-05-17,4.721499919891357,4.730000019073486,4.651999950408936,4.651999950408936,908.0,-0.0025383586384938
2021-05-18,4.735499858856201,4.776000022888184,4.735000133514404,4.775000095367432,932.0,-0.0090394186099387
2021-05-19,4.589499950408936,4.704999923706055,4.548500061035156,4.699999809265137,815.0,-0.0348997325488444
2021-05-20,4.581999778747559,4.61899995803833,4.553500175476074,4.558499813079834,521.0,-0.0265965283254478
2021-05-21,4.495999813079834,4.566500186920166,4.491000175476074,4.527999877929688,519.0,-0.0366853853926946
2021-05-24,4.541500091552734,4.550000190734863,4.4720001220703125,4.4720001220703125,837.0,-0.0388691546349376
2021-05-25,4.521999835968018,4.5929999351501465,4.509500026702881,4.591000080108643,711.0,-0.046132950296983
2021-05-26,4.5329999923706055,4.547500133514404,4.5329999923706055,4.547500133514404,796.0,-0.0123871045960444
2021-05-27,4.666500091552734,4.677999973297119,4.517000198364258,4.527500152587891,1426.0,0.0182738098988124
2021-05-28,4.682499885559082,4.682499885559082,4.609000205993652,4.677000045776367,686.0,0.0406440598793551
2021-05-31,4.682499885559082,4.682499885559082,4.609000205993652,4.677000045776367,686.0,0.0406440598793551
2021-06-01,4.662000179290772,4.697000026702881,4.650000095367432,4.689000129699707,884.0,0.0261872049522028
2021-06-02,4.599999904632568,4.6570000648498535,4.599999904632568,4.6545000076293945,304.0,0.0171019451814322
2021-06-03,4.471499919891357,4.503499984741211,4.449999809265137,4.503499984741211,342.0,-0.0136600653869197
2021-06-04,4.537499904632568,4.539999961853027,4.471499919891357,4.471499919891357,258.0,-0.0280331670694547
2021-06-07,4.534999847412109,4.534999847412109,4.489999771118164,4.5229997634887695,284.0,-0.0320070809755983
2021-06-08,4.563000202178955,4.563000202178955,4.4720001220703125,4.4720001220703125,237.0,-0.0214642328178692
2021-06-09,4.536499977111816,4.538000106811523,4.531499862670898,4.531499862670898,272.0,-0.0139004981807919
2021-06-10,4.489999771118164,4.489999771118164,4.482999801635742,4.482999801635742,267.0,0.0041287458895375
2021-06-11,4.541500091552734,4.573999881744385,4.5345001220703125,4.573999881744385,276.0,0.0008811955459178
2021-06-14,4.5320000648498535,4.5320000648498535,4.517499923706055,4.517499923706055,409.0,-0.0006616924452927
2021-06-15,4.340000152587891,4.375999927520752,4.335000038146973,4.375999927520752,526.0,-0.0501059629827914
2021-06-16,4.392499923706055,4.392499923706055,4.309000015258789,4.3379998207092285,352.0,-0.0322572608722312
2021-06-17,4.184500217437744,4.339000225067139,4.184500217437744,4.295000076293945,248.0,-0.0704653763248028
2021-06-18,4.162499904632568,4.162499904632568,4.145999908447266,4.147500038146973,283.0,-0.0871415417238037
2021-06-21,4.1875,4.193999767303467,4.128499984741211,4.129000186920166,273.0,-0.0790594603238983
2021-06-22,4.234499931335449,4.25600004196167,4.188000202178955,4.188000202178955,341.0,-0.0246091421068003
2021-06-23,4.330999851226807,4.330999851226807,4.32450008392334,4.32450008392334,301.0,-0.0141000958282585
2021-06-24,4.311500072479248,4.311500072479248,4.306000232696533,4.307000160217285,269.0,0.0298986137674734
2021-06-25,4.298999786376953,4.328999996185303,4.28249979019165,4.320000171661377,525.0,0.0322665554273415
2021-06-28,4.277999877929688,4.28849983215332,4.277999877929688,4.28849983215332,32689.0,0.0213816849745939
2021-06-29,4.276500225067139,4.281499862670898,4.202000141143799,4.274499893188477,9114.0,0.0098697295035028
2021-06-30,4.296500205993652,4.335999965667725,4.264500141143799,4.2795000076293945,1809.0,-0.0079976421660524
2021-07-01,4.242000102996826,4.315000057220459,4.235499858856201,4.300000190734863,1274.0,-0.0162510077981804
2021-07-02,4.2820000648498535,4.297999858856201,4.239999771118164,4.245999813079834,499.0,-0.0039621825105598
2021-07-05,4.2820000648498535,4.297999858856201,4.239999771118164,4.245999813079834,499.0,-0.0039621825105598
2021-07-06,4.257999897003174,4.398499965667725,4.250999927520752,4.2820000648498535,1173.0,-0.0046860398435064
2021-07-07,4.328999996185303,4.360000133514404,4.256999969482422,4.261000156402588,697.0,0.0122015969111318
2021-07-08,4.271500110626221,4.320000171661377,4.239999771118164,4.320000171661377,576.0,-0.0058357062074465
2021-07-09,4.352499961853027,4.373000144958496,4.27899980545044,4.27899980545044,484.0,0.0257155034730831
2021-07-12,4.322999954223633,4.3470001220703125,4.290999889373779,4.3470001220703125,509.0,0.0095293897842179
2021-07-13,4.314499855041504,4.3379998207092285,4.267499923706055,4.3379998207092285,459.0,0.0131818670859695
2021-07-14,4.276999950408936,4.309000015258789,4.269999980926514,4.299499988555908,748.0,-0.0120847499287003
2021-07-15,4.333000183105469,4.349500179290772,4.265500068664551,4.265500068664551,451.0,0.0142951055079122
2021-07-16,4.332499980926514,4.35099983215332,4.317999839782715,4.35099983215332,417.0,-0.0046056456906213
2021-07-19,4.2104997634887695,4.308000087738037,4.179999828338623,4.306000232696533,751.0,-0.0263682457803269
2021-07-20,4.273499965667725,4.277999877929688,4.210999965667725,4.210999965667725,638.0,-0.0095482537780668
2021-07-21,4.28249979019165,4.297500133514404,4.264500141143799,4.264500141143799,416.0,0.0012850845741638
2021-07-22,4.3480000495910645,4.3480000495910645,4.320000171661377,4.320000171661377,405.0,0.0034557956483213
2021-07-23,4.406499862670898,4.455999851226807,4.357999801635742,4.357999801635742,432.0,0.0169359541872537
2021-07-26,4.589000225067139,4.602000236511231,4.436500072479248,4.436500072479248,585.0,0.0860808351414753
2021-07-27,4.546000003814697,4.609000205993652,4.539999961853027,4.539999961853027,501.0,0.061814570679309
2021-07-28,4.479000091552734,4.573500156402588,4.479000091552734,4.573500156402588,785.0,0.0448629254414925
2021-07-29,4.519999980926514,4.5295000076293945,4.468500137329102,4.468500137329102,861.0,0.0387960089598903
2021-07-30,4.480500221252441,4.5295000076293945,4.465000152587891,4.526000022888184,377.0,0.0166540043308726
2021-08-02,4.432000160217285,4.500500202178955,4.409999847412109,4.493000030517578,845.0,-0.0348111988625238
2021-08-03,4.382999897003174,4.423999786376953,4.36299991607666,4.423999786376953,609.0,-0.0365143283319741
2021-08-04,4.329999923706055,4.332499980926514,4.329999923706055,4.332499980926514,307.0,-0.0338323032710541
2021-08-05,4.3454999923706055,4.3480000495910645,4.334499835968018,4.334499835968018,354.0,-0.0393711644846643
2021-08-06,4.3454999923706055,4.349999904632568,4.3420000076293945,4.349500179290772,356.0,-0.0305938715836525
2021-08-09,4.287000179290772,4.321000099182129,4.246500015258789,4.292500019073486,374.0,-0.0332637561572853
2021-08-10,4.351500034332275,4.351500034332275,4.313000202178955,4.313000202178955,252.0,-0.0072127768003222
2021-08-11,4.363999843597412,4.366000175476074,4.352000236511231,4.352000236511231,399.0,0.0078215077370011
2021-08-12,4.355999946594238,4.374499797821045,4.348999977111816,4.374499797821045,670.0,0.0024133676707603
2021-08-13,4.38700008392334,4.400000095367432,4.347499847412109,4.360499858856201,579.0,0.0095048161744057
2021-08-16,4.322000026702881,4.361000061035156,4.317999839782715,4.356500148773193,501.0,0.0081310348252501
2021-08-17,4.199999809265137,4.328999996185303,4.19950008392334,4.328000068664551,590.0,-0.0354361412609289
2021-08-18,4.116000175476074,4.153500080108643,4.113999843597412,4.153500080108643,533.0,-0.0585071715270772
2021-08-19,4.03849983215332,4.05649995803833,3.9800000190734863,4.027500152587891,961.0,-0.0756808984718641
2021-08-20,4.134500026702881,4.134500026702881,4.063000202178955,4.064000129699707,522.0,-0.0592792326754477
2021-08-23,4.234499931335449,4.247499942779541,4.221499919891357,4.242000102996826,510.0,-0.0204530230990435
2021-08-24,4.255000114440918,4.258500099182129,4.2230000495910645,4.2230000495910645,702.0,0.013010309044711
2021-08-25,4.264999866485596,4.2795000076293945,4.260000228881836,4.269000053405762,432.0,0.0355602890345017
2021-08-26,4.245999813079834,4.245999813079834,4.244999885559082,4.244999885559082,549.0,0.0501040249198408
2021-08-27,4.316500186920166,4.316500186920166,4.316500186920166,4.316500186920166,23166.0,0.0430785233584446
2021-08-30,4.361000061035156,4.3979997634887695,4.315999984741211,4.321499824523926,5691.0,0.0294361616922955
2021-08-31,4.360000133514404,4.374499797821045,4.321499824523926,4.364500045776367,2262.0,0.0243772990625423
2021-09-01,4.263000011444092,4.353499889373779,4.241000175476074,4.35099983215332,1315.0,-0.0004690091713857
2021-09-06,4.263000011444092,4.353499889373779,4.241000175476074,4.35099983215332,1315.0,-0.0004690091713857
2021-09-07,4.277500152587891,4.3379998207092285,4.253499984741211,4.3379998207092285,746.0,-0.0193326403998845
2021-09-08,4.23199987411499,4.290999889373779,4.208000183105469,4.26800012588501,929.0,-0.0297974231734997
2021-09-09,4.2835001945495605,4.302499771118164,4.223999977111816,4.228499889373779,645.0,0.0047973373727349
2021-09-10,4.447999954223633,4.461999893188477,4.2754998207092285,4.2754998207092285,904.0,0.0361678226089742
2021-09-13,4.363500118255615,4.4670000076293945,4.3354997634887695,4.414500236511231,630.0,0.0087467714383017
2021-09-14,4.317999839782715,4.362500190734863,4.2835001945495605,4.356500148773193,505.0,0.0094235325316787
2021-09-15,4.403500080108643,4.415500164031982,4.291999816894531,4.309999942779541,624.0,0.0397250326454031
2021-09-16,4.278500080108643,4.401999950408936,4.260000228881836,4.400000095367432,589.0,-0.0011679782408173
2021-09-17,4.245500087738037,4.340499877929688,4.232999801635742,4.2820000648498535,808.0,-0.046594927533425
2021-09-20,4.117000102996826,4.230000019073486,4.099999904632568,4.230000019073486,759.0,-0.058149746917107
2021-09-21,4.127999782562256,4.164500236511231,4.021999835968018,4.135499954223633,576.0,-0.0449993194827143
2021-09-22,4.252500057220459,4.268499851226807,4.142000198364258,4.142000198364258,540.0,-0.0348926387118137
2021-09-23,4.230999946594238,4.264999866485596,4.197500228881836,4.197500228881836,496.0,-0.011164140484068
2021-09-24,4.287499904632568,4.287499904632568,4.21750020980835,4.21750020980835,590.0,0.0098441711255186
2021-09-27,4.293499946594238,4.304999828338623,4.261499881744385,4.304500102996826,669.0,0.0419774708864413
2021-09-28,4.244999885559082,4.27400016784668,4.244999885559082,4.270500183105469,805.0,0.0279488172989308
2021-09-29,4.199999809265137,4.245999813079834,4.186999797821045,4.231500148773193,793.0,-0.012422578867343
2021-09-30,4.090000152587891,4.204500198364258,4.067999839782715,4.186500072479248,877.0,-0.0338933517531764
2021-10-01,4.19350004196167,4.209499835968018,4.150000095367432,4.150000095367432,969.0,-0.0221680728002364
2021-10-04,4.246500015258789,4.293499946594238,4.191999912261963,4.239999771118164,446.0,-0.0110071208604655
2021-10-05,4.202000141143799,4.228000164031982,4.175000190734863,4.228000164031982,289.0,-0.0101811567918395
2021-10-06,4.1570000648498535,4.174499988555908,4.142000198364258,4.164999961853027,384.0,-0.0102908040056014
2021-10-07,4.250999927520752,4.256999969482422,4.223999977111816,4.224999904632568,641.0,0.0386092249644614
2021-10-08,4.2829999923706055,4.292500019073486,4.2829999923706055,4.291999816894531,340.0,0.0211179794032247
2021-10-11,4.374499797821045,4.386499881744385,4.348999977111816,4.348999977111816,241.0,0.0296970635153771
2021-10-12,4.328999996185303,4.385499954223633,4.323500156402588,4.363999843597412,494.0,0.029775931566168
2021-10-13,4.520500183105469,4.526500225067139,4.443999767303467,4.453999996185303,362.0,0.0838289718302045
2021-10-14,4.631499767303467,4.631499767303467,4.610000133514404,4.610000133514404,285.0,0.0857265071430666
2021-10-15,4.734000205993652,4.734000205993652,4.610499858856201,4.610499858856201,356.0,0.1001168577535345
2021-10-18,4.730500221252441,4.790999889373779,4.702000141143799,4.789500236511231,601.0,0.0782387705872648
2021-10-19,4.714000225067139,4.75,4.686999797821045,4.75,764.0,0.0852002846796984
2021-10-20,4.75600004196167,4.768499851226807,4.650000095367432,4.650000095367432,587.0,0.0507843399505643
2021-10-21,4.58650016784668,4.58650016784668,4.581999778747559,4.58650016784668,618.0,-0.0097634969064086
2021-10-22,4.526000022888184,4.559000015258789,4.508500099182129,4.550000190734863,558.0,-0.044932002337058
2021-10-25,4.551499843597412,4.551499843597412,4.551499843597412,4.551499843597412,493.0,-0.0385741373334921
2021-10-26,4.486499786376953,4.5254998207092285,4.486499786376953,4.5254998207092285,249.0,-0.0494640121170039
2021-10-27,4.38700008392334,4.392499923706055,4.38700008392334,4.392499923706055,756.0,-0.0807613463373428
2021-10-28,4.4375,4.453999996185303,4.354000091552734,4.386499881744385,892.0,-0.0330260877618477
2021-10-29,4.375500202178955,4.439499855041504,4.343500137329102,4.439499855041504,716.0,-0.0338177070675907
2021-11-01,4.401999950408936,4.40500020980835,4.354499816894531,4.354499816894531,442.0,-0.0333978427616448
2021-11-02,4.374000072479248,4.379000186920166,4.355999946594238,4.35699987411499,315.0,-0.0253949013162934
2021-11-03,4.326000213623047,4.373499870300293,4.326000213623047,4.373499870300293,305.0,-0.0140022644020233
2021-11-04,4.326000213623047,4.373000144958496,4.305500030517578,4.373000144958496,376.0,-0.025447777889474
2021-11-05,4.348999977111816,4.348999977111816,4.325500011444092,4.332499980926514,327.0,-0.0060749168481593
2021-11-08,4.40500020980835,4.411499977111816,4.369999885559082,4.369999885559082,222.0,0.0006813351790386
2021-11-09,4.380000114440918,4.420000076293945,4.362500190734863,4.420000076293945,402.0,0.0013708116913691
2021-11-10,4.328000068664551,4.38100004196167,4.302499771118164,4.380000114440918,370.0,0.000462180497312
2021-11-11,4.4045000076293945,4.433000087738037,4.396999835968018,4.396999835968018,330.0,0.0179833703878349
2021-11-12,4.45550012588501,4.4604997634887695,4.4095001220703125,4.4095001220703125,295.0,0.0241933879718428
2021-11-15,4.4070000648498535,4.479499816894531,4.4070000648498535,4.479000091552734,384.0,0.0004538935573093
2021-11-16,4.358500003814697,4.358500003814697,4.3354997634887695,4.339000225067139,274.0,-0.0049207881716925
2021-11-17,4.2729997634887695,4.297500133514404,4.20550012588501,4.297500133514404,437.0,-0.012789456097645
2021-11-18,4.309999942779541,4.321499824523926,4.215000152587891,4.215499877929688,326.0,-0.0216888564604473
2021-11-19,4.4085001945495605,4.4085001945495605,4.311999797821045,4.311999797821045,410.0,-0.0106047766489821
2021-11-22,4.395500183105469,4.409999847412109,4.395500183105469,4.409999847412109,470.0,-0.0026128686084634
2021-11-23,4.423500061035156,4.42549991607666,4.421999931335449,4.421999931335449,325.0,0.014803289394511
2021-11-24,4.458000183105469,4.459499835968018,4.393499851226807,4.393499851226807,368.0,0.0423841747254054
2021-11-25,4.458000183105469,4.459499835968018,4.393499851226807,4.393499851226807,368.0,0.0423841747254054
2021-11-26,4.281499862670898,4.426000118255615,4.281499862670898,4.426000118255615,51189.0,-0.006634507430336
2021-11-29,4.336999893188477,4.375,4.281499862670898,4.304999828338623,6009.0,-0.0163516994502459
2021-11-30,4.277999877929688,4.360499858856201,4.249000072479248,4.35699987411499,2030.0,-0.0270957498408001
2021-12-01,4.247499942779541,4.34499979019165,4.210000038146973,4.303500175476074,1392.0,-0.0406006906468482
2021-12-02,4.298999786376953,4.308499813079834,4.240499973297119,4.240499973297119,834.0,-0.0363178882143239
2021-12-03,4.266499996185303,4.315000057220459,4.251500129699707,4.272500038146973,891.0,-0.0035095653087138
2021-12-06,4.336999893188477,4.34250020980835,4.256499767303467,4.295000076293945,712.0,0.0
2021-12-07,4.3379998207092285,4.383500099182129,4.30649995803833,4.310500144958496,887.0,0.013927788948619
2021-12-08,4.390999794006348,4.394000053405762,4.331999778747559,4.339000225067139,950.0,0.0332263835744943
2021-12-09,4.329999923706055,4.376500129699707,4.303500175476074,4.373499870300293,651.0,0.0071851365717406
2021-12-10,4.2829999923706055,4.3379998207092285,4.28000020980835,4.313000202178955,529.0,0.0038598787515158
2021-12-13,4.28000020980835,4.32450008392334,4.2754998207092285,4.322500228881836,504.0,-0.0132297816109081
2021-12-14,4.254000186920166,4.295000076293945,4.25,4.269999980926514,585.0,-0.019553610356493
2021-12-15,4.179500102996826,4.269999980926514,4.129000186920166,4.260000228881836,1004.0,-0.049365297866472
2021-12-16,4.30049991607666,4.315000057220459,4.230999946594238,4.250999927520752,687.0,-0.0068362488999391
2021-12-17,4.290999889373779,4.321499824523926,4.271500110626221,4.303500175476074,548.0,0.0018660833764852
2021-12-20,4.288000106811523,4.296999931335449,4.233500003814697,4.269499778747559,490.0,0.0018673900635577
2021-12-21,4.3379998207092285,4.343999862670898,4.304500102996826,4.309000015258789,761.0,0.019553610356493
2021-12-22,4.389500141143799,4.389500141143799,4.34499979019165,4.3454999923706055,1030.0,0.0490237107385849
2021-12-23,4.38700008392334,4.4004998207092285,4.349999904632568,4.4004998207092285,880.0,0.0199143658194732
2021-12-24,4.38700008392334,4.4004998207092285,4.349999904632568,4.4004998207092285,880.0,0.0199143658194732
2021-12-27,4.465000152587891,4.465000152587891,4.374000072479248,4.375999927520752,421.0,0.0397494682742823
2021-12-28,4.420000076293945,4.4679999351501465,4.420000076293945,4.458000183105469,543.0,0.0303192646727757
2021-12-29,4.401999950408936,4.41349983215332,4.401999950408936,4.412000179290772,695.0,0.0146456007642964
2021-12-30,4.384500026702881,4.421500205993652,4.376999855041504,4.406000137329102,832.0,-0.0011397572114309
2021-12-31,4.454999923706055,4.454999923706055,4.377500057220459,4.389500141143799,373.0,0.0153814024832242
2022-01-04,4.466000080108643,4.466000080108643,4.374000072479248,4.385000228881836,499.0,0.0103534580047336
2022-01-05,4.4045000076293945,4.448500156402588,4.370999813079834,4.448500156402588,724.0,0.0005677754612006
2022-01-06,4.3480000495910645,4.369999885559082,4.320499897003174,4.36899995803833,522.0,-0.0083596196631127
2022-01-07,4.402999877929688,4.402999877929688,4.355999946594238,4.376999855041504,618.0,-0.011740944748041
2022-01-10,4.3445000648498535,4.409999847412109,4.324999809265137,4.388999938964844,787.0,-0.0159839387114851
2022-01-11,4.420499801635742,4.420499801635742,4.372000217437744,4.393499851226807,554.0,-0.0102404043654079
2022-01-12,4.564000129699707,4.580999851226807,4.419000148773193,4.419000148773193,1192.0,0.0355727131179238
2022-01-13,4.533999919891357,4.564000129699707,4.533999919891357,4.564000129699707,991.0,0.0418885537524598
2022-01-14,4.411499977111816,4.436999797821045,4.4095001220703125,4.4095001220703125,1236.0,0.0019286634424559
2022-01-17,4.411499977111816,4.436999797821045,4.4095001220703125,4.4095001220703125,1236.0,0.0019286634424559
2022-01-18,4.375999927520752,4.42549991607666,4.375999927520752,4.41949987411499,1000.0,0.0072243563327716
2022-01-19,4.462500095367432,4.47599983215332,4.462500095367432,4.47599983215332,1172.0,0.0094564014866043
2022-01-20,4.576499938964844,4.576499938964844,4.518499851226807,4.518499851226807,1441.0,0.0027350400882328
2022-01-21,4.512499809265137,4.541500091552734,4.495999813079834,4.51800012588501,1052.0,-0.0047532530260266
2022-01-24,4.402999877929688,4.485000133514404,4.386499881744385,4.485000133514404,1533.0,-0.001928663442456
2022-01-25,4.442999839782715,4.442999839782715,4.432000160217285,4.432000160217285,469.0,0.0151947393363815
2022-01-26,4.504499912261963,4.507999897003174,4.434500217437744,4.506999969482422,873.0,0.0093677091548834
2022-01-27,4.413000106811523,4.463500022888184,4.413000106811523,4.417500019073486,1211.0,-0.0363797460148069
2022-01-28,4.302999973297119,4.428999900817871,4.29449987411499,4.422500133514404,1471.0,-0.0475388337400649
2022-02-07,4.46150016784668,4.472499847412109,4.435999870300293,4.4704999923706055,686.0,0.0326927749910978
2022-02-08,4.459499835968018,4.468999862670898,4.425000190734863,4.453000068664551,398.0,0.0068628127942659
2022-02-09,4.600500106811523,4.635000228881836,4.464000225067139,4.464000225067139,425.0,0.0240895832792222
2022-02-10,4.65749979019165,4.690999984741211,4.611999988555908,4.611999988555908,415.0,0.0418737178439284
2022-02-11,4.505000114440918,4.604499816894531,4.479499816894531,4.604499816894531,489.0,0.0047839242025948
2022-02-14,4.507500171661377,4.507500171661377,4.4710001945495605,4.4710001945495605,420.0,0.0102576441996344
2022-02-15,4.531499862670898,4.531499862670898,4.486499786376953,4.507500171661377,310.0,0.0160163648657295
2022-02-16,4.540500164031982,4.540500164031982,4.535999774932861,4.540500164031982,577.0,-0.013127842183492
2022-02-17,4.525000095367432,4.525000095367432,4.518499851226807,4.518499851226807,516.0,-0.0288611802186226
2022-02-18,4.519499778747559,4.519499778747559,4.519499778747559,4.519499778747559,647.0,0.0032134028378665
2022-02-21,4.519499778747559,4.519499778747559,4.519499778747559,4.519499778747559,647.0,0.0032134028378665
2022-02-22,4.510000228881836,4.519499778747559,4.510000228881836,4.519499778747559,818.0,0.0005544900856036
2022-02-23,4.481500148773193,4.520500183105469,4.481500148773193,4.50600004196167,975.0,-0.011095135194793
2022-02-24,4.453999996185303,4.478499889373779,4.453999996185303,4.478499889373779,50571.0,-0.0192346062954488
2022-02-25,4.4720001220703125,4.519999980926514,4.448500156402588,4.5,14457.0,-0.0117818350781855
2022-02-28,4.444499969482422,4.515500068664551,4.440000057220459,4.455999851226807,1803.0,-0.0167339494680335
2022-03-01,4.58650016784668,4.5879998207092285,4.480999946594238,4.496500015258789,1777.0,0.0168200382989435
2022-03-02,4.6554999351501465,4.690000057220459,4.552999973297119,4.563000202178955,1446.0,0.0380914574042526
2022-03-03,4.771500110626221,4.78249979019165,4.697999954223633,4.699999809265137,1055.0,0.0688581760812498
2022-03-04,4.928999900817871,4.928999900817871,4.766499996185303,4.76800012588501,1241.0,0.0973003444517008
2022-03-07,4.7220001220703125,5.010000228881836,4.659999847412109,4.909999847412109,987.0,0.0605650946814979
2022-03-08,4.700500011444092,4.919000148773193,4.602000236511231,4.730000019073486,1207.0,0.0245516459077406
2022-03-09,4.564000129699707,4.718999862670898,4.546000003814697,4.7170000076293945,944.0,-0.0198498419988993
2022-03-10,4.643499851226807,4.649499893188477,4.573999881744385,4.579999923706055,1067.0,-0.0271923838650555
2022-03-11,4.616000175476074,4.6875,4.585000038146973,4.608500003814697,970.0,-0.0656075403805349
2022-03-14,4.512499809265137,4.600500106811523,4.49399995803833,4.600500106811523,743.0,-0.0453811831238365
2022-03-15,4.501500129699707,4.525000095367432,4.460000038146973,4.492000102996826,788.0,-0.0432581850921756
2022-03-16,4.5879998207092285,4.610000133514404,4.492499828338623,4.492499828338623,664.0,0.0052446997711067
2022-03-17,4.690499782562256,4.690499782562256,4.623000144958496,4.652500152587891,939.0,0.0100707800319127
2022-03-18,4.730500221252441,4.730500221252441,4.685999870300293,4.700500011444092,685.0,0.0245023847132862
2022-03-21,4.701499938964844,4.706500053405762,4.649499893188477,4.699999809265137,555.0,0.0410303123620495
2022-03-22,4.689000129699707,4.725500106811523,4.68149995803833,4.68149995803833,488.0,0.0408086643889213
2022-03-23,4.762499809265137,4.763000011444092,4.683000087738037,4.684999942779541,490.0,0.0373285402145777
2022-03-24,4.729000091552734,4.800000190734863,4.705999851226807,4.768499851226807,893.0,0.0081746427947719
2022-03-25,4.685999870300293,4.702499866485596,4.683000087738037,4.691999912261963,667.0,-0.0094516395263556
2022-03-28,4.714000225067139,4.714000225067139,4.632999897003174,4.650000095367432,470.0,0.0026552585054119
2022-03-29,4.71649980545044,4.71649980545044,4.71649980545044,4.71649980545044,333.0,0.0058475900911875
2022-03-30,4.739500045776367,4.781499862670898,4.727000236511231,4.781499862670898,1146.0,-0.004841045834064
2022-03-31,4.743000030517578,4.744500160217285,4.701000213623047,4.730000019073486,708.0,0.0029560703080906
2022-04-01,4.682499885559082,4.729000091552734,4.681000232696533,4.724500179290772,1077.0,-0.0007471815115014
2022-04-04,4.776500225067139,4.781000137329102,4.707499980926514,4.707499980926514,473.0,0.013171255589256
2022-04-05,4.790999889373779,4.808499813079834,4.790999889373779,4.808499813079834,377.0,0.0156721769515049
2022-04-06,4.733500003814697,4.772500038146973,4.697500228881836,4.762499809265137,379.0,-0.001266767176737
2022-04-07,4.695000171661377,4.710999965667725,4.684999942779541,4.710999965667725,328.0,-0.0101717041068607
2022-04-08,4.71999979019165,4.744999885559082,4.706999778747559,4.7230000495910645,327.0,0.0079766242505672
2022-04-12,4.703999996185303,4.705999851226807,4.664500236511231,4.665999889373779,343.0,-0.0183259250251827
2022-04-13,4.706999778747559,4.706999778747559,4.706999778747559,4.706999778747559,480.0,-0.0056141719786784
2022-04-14,4.7170000076293945,4.7170000076293945,4.7170000076293945,4.7170000076293945,982.0,0.0046748566967305
2022-04-15,4.7170000076293945,4.7170000076293945,4.7170000076293945,4.7170000076293945,982.0,0.0046748566967305
2022-04-18,4.796000003814697,4.809000015258789,4.75,4.75,498.0,0.0159734828141178
2022-04-19,4.714000225067139,4.797500133514404,4.697000026702881,4.797500133514404,573.0,0.0183040140299199
2022-04-20,4.649499893188477,4.649499893188477,4.623000144958496,4.623000144958496,859.0,-0.0116535458219538
2022-04-21,4.703499794006348,4.703499794006348,4.703499794006348,4.703499794006348,614.0,-0.0007438467799786
2022-04-22,4.582499980926514,4.591000080108643,4.576499938964844,4.582499980926514,663.0,-0.0289283093500715
2022-04-25,4.448999881744385,4.480000019073486,4.410999774932861,4.480000019073486,494.0,-0.0751029127170234
2022-04-26,4.440000057220459,4.476500034332275,4.434000015258789,4.476500034332275,359.0,-0.059882462926722
2022-04-27,4.454500198364258,4.454500198364258,4.442500114440918,4.446000099182129,24293.0,-0.0428447982536578
2022-04-28,4.41349983215332,4.4695000648498535,4.366499900817871,4.446000099182129,4363.0,-0.0636388811861844
2022-04-29,4.394999980926514,4.485000133514404,4.36299991607666,4.422999858856201,1147.0,-0.0417771697721529
2022-05-04,4.328499794006348,4.363999843597412,4.239999771118164,4.289999961853027,1065.0,-0.0286938516261542
2022-05-05,4.284999847412109,4.420000076293945,4.278500080108643,4.398499965667725,778.0,-0.0295474710078945
2022-05-06,4.261499881744385,4.298999786376953,4.230000019073486,4.293000221252441,1207.0,-0.0308463435668736
2022-05-09,4.192999839782715,4.230000019073486,4.126500129699707,4.230000019073486,1019.0,-0.0147957963074482
2022-05-10,4.1545000076293945,4.250999927520752,4.130000114440918,4.173500061035156,908.0,-0.0276558844641119
2022-05-11,4.212500095367432,4.244999885559082,4.15500020980835,4.15500020980835,723.0,-0.0271646957659795
2022-05-12,4.105000019073486,4.197500228881836,4.056000232696533,4.197500228881836,783.0,-0.0429147688891713
2022-05-13,4.180500030517578,4.180500030517578,4.067999839782715,4.108500003814697,1133.0,-0.0191903193224934
2022-05-16,4.196499824523926,4.214499950408936,4.150000095367432,4.210000038146973,575.0,0.0008343727479131
2022-05-17,4.239500045776367,4.2795000076293945,4.212500095367432,4.240499973297119,780.0,0.0202532626001908
2022-05-18,4.182000160217285,4.243000030517578,4.150000095367432,4.241000175476074,689.0,-0.0072666790000283
2022-05-19,4.284999847412109,4.284999847412109,4.18149995803833,4.18149995803833,587.0,0.0429147688891712
2022-05-20,4.281000137329102,4.320000171661377,4.25600004196167,4.25600004196167,577.0,0.0237557953335937
2022-05-23,4.347499847412109,4.348499774932861,4.289999961853027,4.304999828338623,577.0,0.0353501294225723
2022-05-24,4.325500011444092,4.34149980545044,4.260000228881836,4.32450008392334,969.0,0.020082394724512
2022-05-25,4.276999950408936,4.293499946594238,4.261499881744385,4.269499778747559,503.0,0.0224621783323427
2022-05-26,4.255000114440918,4.257500171661377,4.255000114440918,4.257500171661377,842.0,-0.0070257275189964
2022-05-27,4.303999900817871,4.321000099182129,4.255000114440918,4.269000053405762,1475.0,0.0053581405737558
2022-05-30,4.303999900817871,4.321000099182129,4.255000114440918,4.269000053405762,1475.0,0.0053581405737558
2022-05-31,4.295000076293945,4.348999977111816,4.289000034332275,4.341000080108643,323.0,-0.0121493589488015
2022-06-01,4.329999923706055,4.3460001945495605,4.28000020980835,4.28000020980835,886.0,0.0010397811105306
2022-06-02,4.553999900817871,4.553999900817871,4.388999938964844,4.388999938964844,343.0,0.0627541282124768
2022-06-03,4.477499961853027,4.567500114440918,4.472499847412109,4.550000190734863,377.0,0.0509700575120562
2022-06-06,4.439499855041504,4.442500114440918,4.417500019073486,4.417500019073486,230.0,0.0309969250229488
2022-06-07,4.439499855041504,4.439499855041504,4.38100004196167,4.393499851226807,319.0,0.0330901516386052
2022-06-08,4.458499908447266,4.458499908447266,4.412000179290772,4.434999942779541,271.0,0.0292448416638222
2022-06-09,4.388999938964844,4.440000057220459,4.385499954223633,4.440000057220459,374.0,-0.0369045490627195
2022-06-10,4.301000118255615,4.340000152587891,4.293000221252441,4.340000152587891,385.0,-0.0402172651365155
2022-06-13,4.21649980545044,4.26200008392334,4.190000057220459,4.239500045776367,718.0,-0.051536370945758
2022-06-14,4.161499977111816,4.2170000076293945,4.13700008392334,4.199999809265137,454.0,-0.0646661441342282
2022-06-15,4.167500019073486,4.193999767303467,4.13100004196167,4.137499809265137,687.0,-0.0674960258388383
2022-06-16,4.111999988555908,4.176000118255615,4.052000045776367,4.176000118255615,564.0,-0.0651918714299367
2022-06-17,4.017499923706055,4.099999904632568,4.015500068664551,4.099999904632568,657.0,-0.0681877816573835
2022-06-20,4.017499923706055,4.099999904632568,4.015500068664551,4.099999904632568,657.0,-0.0681877816573835
2022-06-21,4.043000221252441,4.065000057220459,3.964999914169312,3.964999914169312,453.0,-0.042018308509048
2022-06-22,3.951499938964844,3.953500032424927,3.890500068664551,3.891499996185303,443.0,-0.0517803424872084
2022-06-23,3.758500099182129,3.859999895095825,3.758500099182129,3.8540000915527344,533.0,-0.1032963721953939
2022-06-24,3.759999990463257,3.7730000019073486,3.700000047683716,3.733999967575073,315.0,-0.0894905705043323
2022-06-27,3.7790000438690186,3.802999973297119,3.75,3.7909998893737793,375.0,-0.0612003636631437
2022-06-28,3.783999919891357,3.811500072479248,3.783999919891357,3.811500072479248,26394.0,-0.0662054153641794
2022-06-29,3.7790000438690186,3.812999963760376,3.7074999809265137,3.755000114440918,4697.0,-0.0446358022408369
2022-06-30,3.714499950408936,3.7809998989105225,3.685499906539917,3.7780001163482666,1292.0,-0.0117759017650856
2022-07-01,3.61899995803833,3.703999996185303,3.571000099182129,3.684999942779541,1107.0,-0.0382212218786545
2022-07-04,3.61899995803833,3.703999996185303,3.571000099182129,3.684999942779541,1107.0,-0.0382212218786545
2022-07-05,3.424999952316284,3.618000030517578,3.424499988555908,3.608000040054321,919.0,-0.0983579781840476
2022-07-06,3.4179999828338623,3.463500022888184,3.369999885559082,3.4544999599456787,927.0,-0.1017260503481477
2022-07-07,3.5820000171661377,3.5820000171661377,3.44350004196167,3.4644999504089355,475.0,-0.0535381275451301
2022-07-08,3.532000064849853,3.5429999828338623,3.4755001068115234,3.5114998817443848,639.0,-0.0503797651566797
2022-07-11,3.4375,3.47849988937378,3.3980000019073486,3.430000066757202,610.0,-0.051453269994091
2022-07-12,3.296499967575073,3.4089999198913574,3.259999990463257,3.400000095367432,525.0,-0.0382401680568863
2022-07-13,3.325500011444092,3.3324999809265137,3.2300000190734863,3.313499927520752,417.0,-0.0274355374874702
2022-07-14,3.2105000019073486,3.2774999141693115,3.187000036239624,3.2690000534057617,591.0,-0.1094946195847901
2022-07-15,3.234499931335449,3.253999948501587,3.150000095367432,3.1540000438690186,420.0,-0.0879899658292702
2022-07-18,3.3480000495910645,3.3605000972747803,3.313999891281128,3.313999891281128,558.0,-0.026381295553315
2022-07-19,3.2915000915527344,3.2939999103546143,3.265500068664551,3.290499925613404,467.0,-0.0015178739943582
2022-07-20,3.3294999599456787,3.358999967575073,3.302999973297119,3.302999973297119,598.0,0.0012020883547554
2022-07-21,3.302000045776367,3.32699990272522,3.275000095367432,3.32699990272522,486.0,0.0281016705150974
2022-07-22,3.3485000133514404,3.369499921798706,3.319000005722046,3.3239998817443848,432.0,0.034638153082154
2022-07-25,3.3510000705718994,3.400000095367432,3.320499897003174,3.321500062942505,588.0,0.0008956623757504
2022-07-26,3.382499933242798,3.451499938964844,3.375,3.400000095367432,367.0,0.0272716455860608
2022-07-27,3.429500102996826,3.429500102996826,3.429500102996826,3.429500102996826,784.0,0.0295923774514369
2022-07-28,3.4749999046325684,3.506999969482422,3.4684998989105225,3.4760000705718994,735.0,0.0510660922117291
2022-07-29,3.5840001106262207,3.6010000705718994,3.490999937057495,3.494999885559082,724.0,0.0679670376241167
2022-08-01,3.552000045776367,3.5804998874664307,3.5339999198913574,3.5804998874664307,326.0,0.0582520082022891
2022-08-02,3.524499893188477,3.524499893188477,3.489500045776367,3.5215001106262207,479.0,0.0411234905996009
2022-08-03,3.469500064849853,3.515000104904175,3.469500064849853,3.506999969482422,225.0,0.0115960020590323
2022-08-04,3.4830000400543213,3.508500099182129,3.4600000381469727,3.4600000381469727,336.0,0.0022995513109229
2022-08-05,3.552999973297119,3.561500072479248,3.509500026702881,3.5199999809265137,236.0,-0.0086872164560717
2022-08-08,3.587500095367432,3.587500095367432,3.587500095367432,3.587500095367432,176.0,0.0099447696515811
2022-08-09,3.5924999713897705,3.6010000705718994,3.5899999141693115,3.6010000705718994,352.0,0.0191097790808126
2022-08-10,3.6554999351501465,3.6554999351501465,3.607500076293945,3.607500076293945,246.0,0.0522223549620041
2022-08-11,3.7105000019073486,3.7105000019073486,3.7105000019073486,3.7105000019073486,308.0,0.0632726360582792
2022-08-12,3.6760001182556152,3.6760001182556152,3.661999940872192,3.661999940872192,367.0,0.0340329271397821
2022-08-15,3.628999948501587,3.633500099182129,3.5829999446868896,3.586999893188477,366.0,0.0115015063711377
2022-08-16,3.6364998817443848,3.6454999446868896,3.6045000553131104,3.6045000553131104,270.0,0.0121733170862174
2022-08-17,3.5980000495910645,3.61299991607666,3.5980000495910645,3.61299991607666,289.0,-0.0158547156995881
2022-08-18,3.6465001106262207,3.6465001106262207,3.6465001106262207,3.6465001106262207,352.0,-0.0173988051622973
2022-08-19,3.683500051498413,3.683500051498413,3.6659998893737793,3.672499895095825,242.0,0.0020381644584828
2022-08-22,3.670500040054321,3.703000068664551,3.6689999103546143,3.70199990272522,351.0,0.0113707894410629
2022-08-23,3.704499959945679,3.753499984741211,3.698499917984009,3.713000059127808,574.0,0.0185266379688495
2022-08-24,3.660500049591065,3.660500049591065,3.6549999713897705,3.6549999713897705,539.0,0.0172216143408865
2022-08-25,3.7105000019073486,3.7200000286102295,3.694999933242798,3.701499938964844,718.0,0.0173988051622973
2022-08-26,3.7114999294281006,3.785000085830689,3.697000026702881,3.783999919891357,472.0,0.0075726874395086
2022-08-29,3.626499891281128,3.6649999618530273,3.626499891281128,3.6649999618530273,22591.0,-0.0120599376388743
2022-08-30,3.5450000762939453,3.634000062942505,3.531500101089477,3.6054999828338623,7929.0,-0.0440101045565777
2022-08-31,3.5185000896453857,3.5804998874664307,3.446500062942505,3.55649995803833,1607.0,-0.0395649757494181
2022-09-05,3.5185000896453857,3.5804998874664307,3.446500062942505,3.55649995803833,1607.0,-0.0395649757494181
2022-09-06,3.469000101089477,3.470000028610229,3.382499933242798,3.3940000534057617,785.0,-0.0444015687138974
2022-09-07,3.437999963760376,3.463000059127808,3.4179999828338623,3.463000059127808,668.0,-0.0306482850859002
2022-09-08,3.5360000133514404,3.557499885559082,3.452500104904175,3.452500104904175,728.0,0.0049613606484941
2022-09-09,3.5810000896453857,3.632499933242798,3.559000015258789,3.5789999961853027,655.0,0.0476110471895089
2022-09-12,3.625499963760376,3.631500005722046,3.552000045776367,3.554500102996826,462.0,0.0579131579001523
2022-09-13,3.5810000896453857,3.697499990463257,3.549999952316284,3.625499963760376,699.0,0.0317757189214889
2022-09-14,3.5455000400543213,3.572000026702881,3.5269999504089355,3.557499885559082,525.0,0.0307893086393876
2022-09-15,3.5234999656677246,3.572000026702881,3.505500078201294,3.572000026702881,596.0,-0.0035413445101157
2022-09-16,3.561000108718872,3.568000078201294,3.470000028610229,3.5,554.0,-0.00560068122384
2022-09-19,3.557499885559082,3.557499885559082,3.515000104904175,3.5425000190734863,450.0,-0.0189341810207972
2022-09-20,3.5480000972747803,3.557499885559082,3.539999961853028,3.54099988937378,545.0,-0.0092580241857879
2022-09-21,3.51200008392334,3.552999973297119,3.450000047683716,3.532999992370605,985.0,-0.0094935053901047
2022-09-22,3.498500108718872,3.5374999046325684,3.4790000915527344,3.4790000915527344,681.0,-0.0071204677614742
2022-09-23,3.371500015258789,3.489000082015991,3.364500045776367,3.48799991607666,511.0,-0.0546836811077575
2022-09-26,3.313499927520752,3.384000062942505,3.299999952316284,3.345000028610229,589.0,-0.0710530081407341
2022-09-27,3.322999954223633,3.372999906539917,3.312999963760376,3.364500045776367,487.0,-0.0655161162672828
2022-09-28,3.381999969482422,3.381999969482422,3.3320000171661377,3.3320000171661377,527.0,-0.0377184582161786
2022-09-29,3.440000057220459,3.44950008392334,3.352999925613404,3.407500028610229,592.0,-0.0168628482605057
2022-09-30,3.441999912261963,3.4825000762939453,3.428999900817871,3.444000005722046,276.0,0.0206949185806083
2022-10-03,3.4579999446868896,3.4600000381469727,3.3940000534057617,3.400000095367432,609.0,0.0426853605931844
2022-10-04,3.5179998874664307,3.549999952316284,3.46399998664856,3.46399998664856,720.0,0.0570246387305843
2022-10-05,3.532500028610229,3.5824999809265137,3.503499984741211,3.5290000438690186,282.0,0.0435386022228315
2022-10-06,3.4749999046325684,3.501499891281128,3.4749999046325684,3.492500066757202,217.0,0.0101229635537287
2022-10-07,3.4124999046325684,3.4549999237060547,3.4114999771118164,3.450000047683716,278.0,-0.0086075397343463
2022-10-10,3.4535000324249268,3.493000030517578,3.4535000324249268,3.46399998664856,246.0,-0.0013021523295096
2022-10-11,3.477999925613404,3.4830000400543213,3.427000045776367,3.4665000438690186,265.0,-0.0114352197830864
2022-10-12,3.444499969482422,3.4590001106262207,3.414499998092652,3.414499998092652,352.0,-0.0252270964843759
2022-10-13,3.4674999713897705,3.4719998836517334,3.400000095367432,3.430000066757202,249.0,-0.0021605866170077
2022-10-14,3.450500011444092,3.4674999713897705,3.448499917984009,3.4674999713897705,354.0,0.0110740188305892
2022-10-17,3.4554998874664307,3.4790000915527344,3.438999891281128,3.450000047683716,269.0,0.0005789130469082
2022-10-18,3.406500101089477,3.442500114440918,3.390000104904175,3.434999942779541,331.0,-0.0207719936372886
2022-10-19,3.3605000972747803,3.369499921798706,3.3580000400543213,3.36899995803833,353.0,-0.0246889458169112
2022-10-20,3.450999975204468,3.4670000076293945,3.4175000190734863,3.421499967575073,433.0,-0.0047698280250438
2022-10-21,3.5230000019073486,3.5230000019073486,3.4600000381469727,3.4600000381469727,417.0,0.0207937485053328
2022-10-24,3.4795000553131104,3.493000030517578,3.4795000553131104,3.493000030517578,537.0,0.0069214892168204
2022-10-25,3.450500011444092,3.4600000381469727,3.450500011444092,3.4600000381469727,508.0,0.0128337504881147
2022-10-26,3.629499912261963,3.629499912261963,3.558000087738037,3.558000087738037,367.0,0.0770050721947671
2022-10-27,3.625499963760376,3.625499963760376,3.595000028610229,3.595000028610229,761.0,0.0493281629029131
2022-10-28,3.4660000801086426,3.5374999046325684,3.4535000324249268,3.5374999046325684,860.0,-0.0163116854943784
2022-10-31,3.4135000705718994,3.430000066757202,3.4094998836517334,3.4094998836517334,587.0,-0.019150442649074
2022-11-01,3.509500026702881,3.5230000019073486,3.4795000553131104,3.494499921798706,405.0,0.0169544334019144
2022-11-02,3.505500078201294,3.505500078201294,3.4749999046325684,3.498500108718872,238.0,-0.0347616875961139
2022-11-03,3.4565000534057617,3.4565000534057617,3.445499897003174,3.445499897003174,309.0,-0.0477356679797481
2022-11-04,3.714499950408936,3.7314999103546143,3.634500026702881,3.63700008392334,322.0,0.0692428518529326
2022-11-07,3.629499912261963,3.6659998893737793,3.6050000190734863,3.6659998893737793,279.0,0.0613566950186208
2022-11-08,3.705499887466431,3.7084999084472656,3.658499956130981,3.658499956130981,221.0,0.0543445872428602
2022-11-09,3.741499900817871,3.741499900817871,3.676500082015991,3.676500082015991,323.0,0.0651533880565657
2022-11-10,3.796000003814697,3.808000087738037,3.7939999103546143,3.808000087738037,231.0,0.0936913498986035
2022-11-11,3.950999975204468,3.950999975204468,3.890500068664551,3.9170000553131104,260.0,0.0617246388944389
2022-11-14,3.8550000190734863,3.871999979019165,3.8364999294281006,3.848000049591065,661.0,0.0602761383938494
2022-11-15,3.839499950408936,3.850500106811523,3.825000047683716,3.848999977111816,409.0,0.0355239648324981
2022-11-16,3.788000106811523,3.788000106811523,3.788000106811523,3.788000106811523,461.0,0.0123516294915492
2022-11-17,3.689500093460083,3.696000099182129,3.67549991607666,3.695499897003174,427.0,-0.0284569089049546
2022-11-18,3.631999969482422,3.658999919891357,3.631999969482422,3.658499956130981,645.0,-0.0841852528168626
2022-11-21,3.571500062942505,3.6010000705718994,3.566499948501587,3.5999999046325684,455.0,-0.0763853187265806
2022-11-22,3.614500045776367,3.65149998664856,3.614500045776367,3.65149998664856,539.0,-0.0603885907495778
2022-11-23,3.617500066757202,3.621000051498413,3.608000040054321,3.608000040054321,296.0,-0.0460550055437089
2022-11-24,3.617500066757202,3.621000051498413,3.608000040054321,3.608000040054321,296.0,-0.0460550055437089
2022-11-25,3.626499891281128,3.628999948501587,3.626499891281128,3.628999948501587,301.0,-0.0172230070053305
2022-11-28,3.61050009727478,3.61050009727478,3.5785000324249268,3.5785000324249268,31550.0,-0.0059371584853402
2022-11-29,3.630000114440918,3.677000045776367,3.5905001163482666,3.595000028610229,8381.0,0.0162469865667438
2022-11-30,3.7295000553131104,3.7820000648498535,3.627000093460083,3.631500005722046,2093.0,0.0313206451214592
2022-12-01,3.813999891281128,3.813999891281128,3.733999967575073,3.7829999923706055,1366.0,0.0528952806955544
2022-12-02,3.848000049591065,3.858500003814697,3.75600004196167,3.7730000019073486,660.0,0.0592855798486291
2022-12-05,3.7894999980926514,3.871500015258789,3.7699999809265137,3.870500087738037,686.0,0.0483877899153323
2022-12-06,3.811500072479248,3.857500076293945,3.78600001335144,3.78600001335144,856.0,0.0487901516589468
2022-12-07,3.8554999828338623,3.857000112533569,3.777499914169312,3.81850004196167,535.0,0.0332265045941808
2022-12-08,3.880500078201294,3.9045000076293945,3.836999893188477,3.836999893188477,786.0,0.0172855527914153
2022-12-09,3.875999927520752,3.911999940872192,3.849999904632568,3.880000114440918,599.0,0.0072501296380723
2022-12-12,3.798500061035156,3.8454999923706055,3.7894999980926514,3.8410000801086426,542.0,0.0023721842627427
2022-12-13,3.839499950408936,3.9144999980926514,3.805999994277954,3.821000099182129,522.0,0.0073193054103104
2022-12-14,3.875,3.876499891281128,3.82699990272522,3.838000059127808,589.0,0.0050449669668085
2022-12-15,3.763000011444092,3.857500076293945,3.758500099182129,3.857500076293945,1002.0,-0.0307475168119168
2022-12-16,3.7614998817443848,3.796000003814697,3.740000009536743,3.7790000438690186,616.0,-0.0299858927493041
2022-12-19,3.7829999923706055,3.811000108718872,3.751499891281128,3.811000108718872,601.0,-0.0040889243952305
2022-12-20,3.797499895095825,3.805500030517578,3.724999904632568,3.746999979019165,585.0,-0.0109992090091851
2022-12-21,3.805999994277954,3.813999891281128,3.803999900817871,3.806999921798706,578.0,-0.0179668954347802
2022-12-22,3.751499891281128,3.836999893188477,3.750499963760376,3.822000026702881,591.0,-0.0030607836289764
2022-12-23,3.802999973297119,3.811000108718872,3.759999990463257,3.783499956130981,370.0,0.0109724393448728
2022-12-26,3.802999973297119,3.811000108718872,3.759999990463257,3.783499956130981,370.0,0.0109724393448728
2022-12-27,3.8334999084472656,3.927999973297119,3.8334999084472656,3.864000082015991,380.0,0.0132608565003937
2022-12-28,3.8320000171661377,3.8420000076293945,3.819000005722046,3.8420000076293945,550.0,0.0090439367250404
2022-12-29,3.821000099182129,3.8424999713897705,3.809000015258789,3.8310000896453857,723.0,0.0039334270513454
2022-12-30,3.805500030517578,3.8315000534057617,3.802000045776367,3.826499938964844,681.0,0.014291665721105
2023-01-03,3.766000032424927,3.8420000076293945,3.7614998817443848,3.8324999809265137,1032.0,-0.0097767830797196
2023-01-04,3.739500045776367,3.752000093460083,3.7274999618530273,3.736000061035156,663.0,-0.024826275243636
2023-01-05,3.818000078201294,3.818000078201294,3.80049991607666,3.80049991607666,367.0,-0.0036601188024728
2023-01-06,3.908499956130981,3.9135000705718994,3.813499927520752,3.813499927520752,422.0,0.0226414630323684
2023-01-09,4.018499851226807,4.026999950408936,3.938499927520752,3.94350004196167,837.0,0.0544612649039202
2023-01-10,4.066999912261963,4.066999912261963,4.008500099182129,4.012499809265137,676.0,0.0768921665070561
2023-01-11,4.1545000076293945,4.173999786376953,4.105999946594238,4.108500003814697,657.0,0.105240161068424
2023-01-12,4.185999870300293,4.190999984741211,4.145999908447266,4.1504998207092285,532.0,0.0920188472538221
2023-01-13,4.207499980926514,4.207499980926514,4.146999835968018,4.178999900817871,372.0,0.0737149850953685
2023-01-16,4.207499980926514,4.207499980926514,4.146999835968018,4.178999900817871,372.0,0.0737149850953685
2023-01-17,4.215000152587891,4.2195000648498535,4.140999794006348,4.140999794006348,406.0,0.0477409660064142
2023-01-18,4.228499889373779,4.314499855041504,4.211999893188477,4.2170000076293945,514.0,0.0389416887261629
2023-01-19,4.226500034332275,4.232500076293945,4.194499969482422,4.194499969482422,350.0,0.0171821495506276
2023-01-27,4.223999977111816,4.223999977111816,4.223999977111816,4.223999977111816,596.0,-0.0057834079477493
2023-01-30,4.203499794006348,4.236499786376953,4.17549991607666,4.234499931335449,468.0,-0.0119422981299615
2023-01-31,4.228499889373779,4.232500076293945,4.141499996185303,4.170000076293945,518.0,-0.0040123250453153
2023-02-01,4.111000061035156,4.192500114440918,4.109499931335449,4.167500019073486,969.0,-0.0308968924997679
2023-02-02,4.093999862670898,4.189000129699707,4.088500022888184,4.189000129699707,558.0,-0.0413885969987472
2023-02-03,4.063000202178955,4.11899995803833,4.053999900817871,4.0960001945495605,624.0,-0.0388608742187648
2023-02-06,4.043499946594238,4.06850004196167,4.00600004196167,4.06850004196167,299.0,-0.0388068222420091
2023-02-07,4.088500022888184,4.088500022888184,4.017499923706055,4.019999980926514,278.0,-0.0336691338600104
2023-02-08,4.043499946594238,4.113500118255615,4.026500225067139,4.113500118255615,263.0,-0.0165556824165977
2023-02-09,4.105500221252441,4.105500221252441,4.07450008392334,4.105500221252441,256.0,0.0028051383633155
2023-02-10,4.027500152587891,4.043499946594238,4.027500152587891,4.043499946594238,320.0,-0.0087757928110968
2023-02-13,4.086999893188477,4.086999893188477,4.027500152587891,4.027500152587891,345.0,0.0107005381017492
2023-02-14,4.110000133514404,4.110000133514404,4.079999923706055,4.083000183105469,390.0,0.0052449007753183
2023-02-15,4.052000045776367,4.069499969482422,4.014999866485596,4.02400016784668,482.0,0.0020999573377305
2023-02-16,4.165500164031982,4.165500164031982,4.110000133514404,4.110000133514404,490.0,0.0145087637531065
2023-02-17,4.113999843597412,4.131999969482422,4.113999843597412,4.113999843597412,513.0,0.021249879258112
2023-02-20,4.113999843597412,4.131999969482422,4.113999843597412,4.113999843597412,513.0,0.021249879258112
2023-02-21,4.234499931335449,4.236999988555908,4.179500102996826,4.179999828338623,406.0,0.0354540627163292
2023-02-22,4.202499866485596,4.203499794006348,4.173999786376953,4.201000213623047,682.0,0.0222564935370009
2023-02-23,4.072999954223633,4.152500152587891,4.071499824523926,4.151500225067139,306.0,0.0051692197436303
2023-02-24,3.954999923706055,4.019499778747559,3.954999923706055,4.019499778747559,53656.0,-0.0518557738824153
2023-02-27,4.008999824523926,4.01800012588501,3.934499979019165,3.9570000171661377,8905.0,-0.0258539633237726
2023-02-28,4.097499847412109,4.100500106811523,4.002999782562256,4.012499809265137,1526.0,-0.0328882467674312
2023-03-01,4.168000221252441,4.181000232696533,4.110000133514404,4.110000133514404,901.0,-0.0082431969957365
2023-03-02,4.084000110626221,4.175000190734863,4.059999942779541,4.175000190734863,830.0,0.0026971099628368
2023-03-03,4.078000068664551,4.123000144958496,4.072999954223633,4.079500198364258,663.0,0.0306261070609511
2023-03-06,4.100500106811523,4.100500106811523,4.0229997634887695,4.054999828338623,795.0,0.0225671536529088
2023-03-07,3.986500024795532,4.0879998207092285,3.975500106811523,4.086999893188477,906.0,-0.0274633352162934
2023-03-08,4.041500091552734,4.078999996185303,3.9809999465942383,3.9814999103546143,525.0,-0.0308204246897447
2023-03-09,4.054500102996826,4.05649995803833,4.03000020980835,4.046500205993652,584.0,-0.0072495265845679
2023-03-10,4.045499801635742,4.067500114440918,3.990000009536743,4.01200008392334,591.0,-0.0080015857576183
2023-03-13,4.069499969482422,4.079999923706055,3.946000099182129,4.0229997634887695,842.0,-0.0075888092568816
2023-03-14,4.010499954223633,4.061999797821045,4.000999927520752,4.039500236511231,923.0,0.0060022512304243
2023-03-15,3.8564999103546143,4.020999908447266,3.8564999103546143,4.020999908447266,875.0,-0.0468559196982727
2023-03-16,3.885499954223633,3.9059998989105225,3.839999914169312,3.9040000438690186,592.0,-0.0425757369197367
2023-03-17,3.9135000705718994,3.9590001106262207,3.8965001106262207,3.942500114440918,498.0,-0.0331729709367528
2023-03-20,3.975500106811523,3.982500076293945,3.924000024795532,3.937000036239624,532.0,-0.0233695810590167
2023-03-21,4.018499851226807,4.051499843597412,4.017000198364258,4.051000118255615,571.0,0.0019927512378517
2023-03-22,4.06850004196167,4.080999851226807,4.005000114440918,4.021500110626221,641.0,0.0535143783217226
2023-03-23,4.145999908447266,4.145999908447266,4.0854997634887695,4.099999904632568,465.0,0.0648923280455764
2023-03-24,4.101500034332275,4.165500164031982,4.075500011444092,4.165500164031982,471.0,0.046920636535638
2023-03-27,4.104499816894531,4.125500202178955,4.059999942779541,4.059999942779541,566.0,0.031933334968431
2023-03-28,4.111999988555908,4.124499797821045,4.0879998207092285,4.108500003814697,496.0,0.0230008637212037
2023-03-29,4.114999771118164,4.132999897003174,4.111000061035156,4.132999897003174,636.0,0.0113643870393175
2023-03-30,4.090499877929688,4.120500087738037,4.078999996185303,4.119999885559082,636.0,-0.013476809802182
2023-03-31,4.104499816894531,4.104499816894531,4.0320000648498535,4.0320000648498535,520.0,0.0007311193639447
2023-04-03,4.059500217437744,4.096499919891357,4.056000232696533,4.096499919891357,398.0,-0.0110240213122218
2023-04-04,3.983500003814697,4.065999984741211,3.973999977111816,4.065999984741211,372.0,-0.0317486945738596
2023-04-05,3.997999906539917,3.997999906539917,3.9579999446868896,3.9790000915527344,274.0,-0.0288445658061873
2023-04-06,4.026000022888184,4.037000179290772,3.997499942779541,4.037000179290772,0.0,-0.0158938492265291
2023-04-07,4.026000022888184,4.037000179290772,3.997499942779541,4.037000179290772,0.0,-0.0158938492265291
2023-04-10,3.986500024795532,3.997999906539917,3.9779999256134033,3.9885001182556152,230.0,-0.0291702290149874
2023-04-11,4.024499893188477,4.040999889373779,4.024499893188477,4.040999889373779,337.0,-0.0086592138717239
2023-04-12,4.084499835968018,4.084499835968018,3.999000072479248,4.010499954223633,288.0,0.0250384508442544
2023-04-13,4.124000072479248,4.134500026702881,4.099999904632568,4.099999904632568,539.0,0.0310293710282018
2023-04-14,4.107500076293945,4.189499855041504,4.100500106811523,4.189499855041504,484.0,0.0200412566008953
2023-04-17,4.065999984741211,4.107999801635742,4.061500072479248,4.10699987411499,374.0,0.0197460522730903
2023-04-18,4.089499950408936,4.089499950408936,4.059999942779541,4.059999942779541,326.0,0.0160220480551251
2023-04-19,4.072000026702881,4.072000026702881,4.02899980545044,4.070000171661377,494.0,-0.003064995834259
2023-04-20,4.021999835968018,4.059500217437744,4.010000228881836,4.058000087738037,471.0,-0.0250443331629265
2023-04-21,3.9800000190734863,4.005499839782715,3.9800000190734863,4.002999782562256,583.0,-0.0315327654149083
2023-04-24,3.953000068664551,3.96399998664856,3.950000047683716,3.96399998664856,522.0,-0.0281849097685921
2023-04-25,3.845999956130981,3.880000114440918,3.8429999351501465,3.880000114440918,671.0,-0.061389065306268
2023-04-26,3.849999904632568,3.868000030517578,3.8434998989105225,3.868000030517578,38282.0,-0.0560611622769726
2023-04-27,3.864500045776367,3.878499984741211,3.805000066757202,3.8410000801086426,6253.0,-0.0399469311566324
2023-04-28,3.869999885559082,3.899499893188477,3.839999914169312,3.871500015258789,1453.0,-0.0280273466182862
2023-05-04,3.849999904632568,3.883500099182129,3.8239998817443848,3.883500099182129,847.0,-0.0037591958812107
2023-05-05,3.871500015258789,3.885499954223633,3.8434998989105225,3.848999977111816,472.0,0.0003875553155598
2023-05-08,3.9179999828338623,3.940999984741211,3.8864998817443848,3.88949990272522,327.0,0.0002552463360083
2023-05-09,3.888999938964844,3.909499883651733,3.874000072479248,3.909499883651733,396.0,0.0105984937883532
2023-05-10,3.828000068664551,3.873500108718872,3.818000078201294,3.848999977111816,545.0,-0.0009138938387704
2023-05-11,3.697499990463257,3.802000045776367,3.677999973297119,3.799999952316284,802.0,-0.0404162105053539
2023-05-12,3.7165000438690186,3.7260000705718994,3.690000057220459,3.690000057220459,318.0,-0.0408596557988892
2023-05-15,3.737499952316284,3.751499891281128,3.7309999465942383,3.751499891281128,476.0,-0.047164389182377
2023-05-16,3.6545000076293945,3.736999988555908,3.6454999446868896,3.736000061035156,544.0,-0.0621927524533235
2023-05-17,3.743000030517578,3.749000072479248,3.6459999084472656,3.6459999084472656,530.0,-0.0224550544526235
2023-05-18,3.68149995803833,3.713500022888184,3.680500030517578,3.713500022888184,704.0,-0.0043366465949242
2023-05-19,3.722500085830689,3.755500078201294,3.692500114440918,3.692500114440918,522.0,0.0016131316462332
2023-05-22,3.674000024795532,3.7184998989105225,3.660000085830689,3.7179999351501465,614.0,-0.017135932416766
2023-05-23,3.641499996185303,3.670000076293945,3.61299991607666,3.670000076293945,367.0,-0.0035636033977097
2023-05-24,3.553499937057495,3.6040000915527344,3.539999961853028,3.5999999046325684,553.0,-0.0519544215035392
2023-05-25,3.5804998874664307,3.608999967575073,3.56850004196167,3.5845000743865967,546.0,-0.027817842393364
2023-05-26,3.673500061035156,3.673500061035156,3.6050000190734863,3.6050000190734863,660.0,-0.0132506059401149
2023-05-29,3.673500061035156,3.673500061035156,3.6050000190734863,3.6050000190734863,660.0,-0.0132506059401149
2023-05-30,3.6579999923706055,3.680000066757202,3.632499933242798,3.6670000553131104,1442.0,-0.0043644456588535
2023-05-31,3.63100004196167,3.660000085830689,3.618499994277954,3.626499891281128,484.0,-0.0028875796395671
2023-06-01,3.7065000534057617,3.7114999294281006,3.678999900817871,3.683500051498413,403.0,0.0421550339513214
2023-06-02,3.722500085830689,3.767499923706055,3.7190001010894775,3.766999959945679,326.0,0.0388930845980085
2023-06-05,3.762500047683716,3.7730000019073486,3.7204999923706055,3.7204999923706055,475.0,0.0239387400552245
2023-06-06,3.766999959945679,3.7685000896453857,3.733000040054321,3.733000040054321,343.0,0.0293623701939541
2023-06-07,3.754499912261963,3.7825000286102295,3.75,3.758500099182129,430.0,0.03344699320033
2023-06-08,3.796499967575073,3.796499967575073,3.777499914169312,3.7795000076293945,364.0,0.0239915316070948
2023-06-09,3.7890000343322754,3.7890000343322754,3.7799999713897705,3.7890000343322754,260.0,0.0177066324642052
2023-06-12,3.750499963760376,3.7685000896453857,3.748500108718872,3.75,348.0,-0.0031944879834643
2023-06-13,3.828500032424927,3.857000112533569,3.815999984741211,3.818000078201294,407.0,0.016194171963442
2023-06-14,3.865999937057495,3.865999937057495,3.839999914169312,3.8405001163482666,310.0,0.029265267316064
2023-06-15,3.8965001106262207,3.8965001106262207,3.8125,3.8125,369.0,0.0259991615622457
2023-06-16,3.884500026702881,3.8949999809265137,3.878499984741211,3.8949999809265137,368.0,0.0248921411850491
2023-06-19,3.884500026702881,3.8949999809265137,3.878499984741211,3.8949999809265137,368.0,0.0248921411850491
2023-06-20,3.878499984741211,3.8945000171661377,3.8415000438690186,3.859999895095825,347.0,0.0335593222496481
2023-06-21,3.91100001335144,3.91100001335144,3.859999895095825,3.859999895095825,409.0,0.0213200091467981
2023-06-22,3.888499975204468,3.950000047683716,3.88700008392334,3.950000047683716,407.0,0.0058031082711314
2023-06-23,3.805999994277954,3.829999923706055,3.795000076293945,3.829999923706055,376.0,-0.023499975322125
2023-06-26,3.786499977111816,3.823499917984009,3.7799999713897705,3.820499897003174,455.0,-0.025552178755492
2023-06-27,3.7815001010894775,3.798500061035156,3.7720000743865967,3.7730000019073486,504.0,-0.025327693968004
2023-06-28,3.7204999923706055,3.740000009536743,3.7160000801086426,3.740000009536743,22765.0,-0.0499350333826525
2023-06-29,3.677500009536743,3.7309999465942383,3.662499904632568,3.7109999656677246,3999.0,-0.0557902966895058
2023-06-30,3.740999937057495,3.751499891281128,3.677500009536743,3.677500009536743,1048.0,-0.0172258288295691
2023-07-03,3.7790000438690186,3.7904999256134033,3.747499942779541,3.747499942779541,1069.0,-0.001982667551076
2023-07-04,3.7790000438690186,3.7904999256134033,3.747499942779541,3.747499942779541,1069.0,-0.001982667551076
2023-07-05,3.753499984741211,3.7730000019073486,3.720999956130981,3.7709999084472656,652.0,-0.0074320490808828
2023-07-06,3.7200000286102295,3.746500015258789,3.711999893188477,3.743000030517578,711.0,-0.0001343898285649
2023-07-07,3.766999959945679,3.7699999809265137,3.7269999980926514,3.732500076293945,664.0,0.0240457419902309
2023-07-10,3.7715001106262207,3.7739999294281006,3.737499952316284,3.76449990272522,686.0,0.0081198911027416
2023-07-11,3.753499984741211,3.799999952316284,3.740000009536743,3.7809998989105225,530.0,-0.0067707020102795
2023-07-12,3.8420000076293945,3.8420000076293945,3.77649998664856,3.785500049591065,733.0,0.0233043323664482
2023-07-13,3.929500102996826,3.938999891281128,3.885499954223633,3.885499954223633,704.0,0.0547885415592936
2023-07-14,3.921999931335449,3.935499906539917,3.900000095367432,3.931999921798706,486.0,0.0403227921896653
2023-07-17,3.8320000171661377,3.888000011444092,3.813499927520752,3.888000011444092,390.0,0.0159140349445925
2023-07-18,3.815999984741211,3.8334999084472656,3.796999931335449,3.8334999084472656,492.0,0.0165140156217018
2023-07-19,3.799499988555908,3.802999973297119,3.7799999713897705,3.797499895095825,510.0,-0.0111235902164489
2023-07-20,3.817500114440918,3.872999906539917,3.812000036239624,3.825500011444092,729.0,-0.0289164294466462
2023-07-21,3.802999973297119,3.839999914169312,3.7925000190734863,3.839999914169312,594.0,-0.0308114883420278
2023-07-24,3.8405001163482666,3.8405001163482666,3.775000095367432,3.812000036239624,627.0,0.0022157321633869
2023-07-25,3.901999950408936,3.921999931335449,3.872499942779541,3.872499942779541,941.0,0.0222864799043738
2023-07-26,3.890500068664551,3.8949999809265137,3.871500015258789,3.871500015258789,795.0,0.0236682256084314
2023-07-27,3.8635001182556152,3.8635001182556152,3.8635001182556152,3.8635001182556152,544.0,0.0119777509112924
2023-07-28,3.9170000553131104,3.920500040054321,3.880500078201294,3.880500078201294,1510.0,0.0295358468803965
2023-07-31,3.994499921798706,4.000999927520752,3.921000003814697,3.921000003814697,1430.0,0.0393157986110349
2023-08-01,3.8935000896453857,4.002500057220459,3.8935000896453857,4.002500057220459,1186.0,-0.0021807104325056
2023-08-02,3.827500104904175,3.869999885559082,3.82699990272522,3.869999885559082,1122.0,-0.0163258257664187
2023-08-03,3.875999927520752,3.875999927520752,3.825000047683716,3.828000068664551,1055.0,0.0032301363291062
2023-08-04,3.8450000286102295,3.8450000286102295,3.803499937057495,3.830499887466431,457.0,-0.0185524584064893
2023-08-07,3.812999963760376,3.812999963760376,3.803999900817871,3.806999921798706,480.0,-0.0465021239915192
2023-08-08,3.747999906539917,3.7799999713897705,3.7084999084472656,3.7799999713897705,706.0,-0.0380861796190863
2023-08-09,3.767499923706055,3.796999931335449,3.76200008392334,3.796999931335449,570.0,-0.0158002446897519
2023-08-10,3.750999927520752,3.811500072479248,3.740000009536743,3.7890000343322754,668.0,-0.0327812235519199
2023-08-11,3.714499950408936,3.7200000286102295,3.690000057220459,3.7200000286102295,753.0,-0.0345295441394455
2023-08-14,3.724499940872192,3.7260000705718994,3.704499959945679,3.72350001335144,540.0,-0.0234836726123721
2023-08-15,3.661499977111816,3.6875,3.6530001163482666,3.6760001182556152,620.0,-0.0233494461722403
2023-08-16,3.65149998664856,3.677500009536743,3.65149998664856,3.661999940872192,671.0,-0.0312735928463626
2023-08-17,3.685499906539917,3.686000108718872,3.674499988555908,3.685499906539917,524.0,-0.0176162754887583
2023-08-18,3.6989998817443848,3.700000047683716,3.686500072479248,3.694000005722046,299.0,-0.0041815853783548
2023-08-21,3.711999893188477,3.7190001010894775,3.701499938964844,3.7190001010894775,320.0,-0.0033618126095281
2023-08-22,3.750499963760376,3.759000062942505,3.736999988555908,3.746000051498413,381.0,0.0240162614969954
2023-08-23,3.803499937057495,3.806999921798706,3.795000076293945,3.795000076293945,317.0,0.0407836404850425
2023-08-24,3.767499923706055,3.7815001010894775,3.765000104904175,3.7815001010894775,472.0,0.0220054549796188
2023-08-25,3.759999990463257,3.795500040054321,3.759999990463257,3.795500040054321,251.0,0.0163564739847363
2023-08-28,3.753999948501587,3.767999887466431,3.753999948501587,3.766499996185303,549.0,0.0112511382967419
2023-08-29,3.7929999828338623,3.7929999828338623,3.788000106811523,3.7904999256134033,29529.0,0.0112681034160778
2023-08-30,3.785000085830689,3.795000076293945,3.763499975204468,3.7925000190734863,7893.0,-0.0048757693406958
2023-08-31,3.7725000381469727,3.7925000190734863,3.75,3.788000106811523,2069.0,0.0013262905037578
2023-09-05,3.811000108718872,3.811000108718872,3.766499996185303,3.806999921798706,944.0,0.0150697259733325
2023-09-06,3.748500108718872,3.803499937057495,3.743499994277954,3.799000024795532,837.0,-0.0118014692167405
2023-09-07,3.7260000705718994,3.753999948501587,3.703999996185303,3.753999948501587,787.0,-0.0157106184461597
2023-09-08,3.680500030517578,3.713500022888184,3.6760001182556152,3.713500022888184,1120.0,-0.0246893009634046
2023-09-11,3.7699999809265137,3.774499893188477,3.702500104904175,3.702500104904175,846.0,-0.0112101455328908
2023-09-12,3.752000093460083,3.763000011444092,3.736000061035156,3.762500047683716,460.0,-0.0156025943659904
2023-09-13,3.75600004196167,3.763000011444092,3.746000051498413,3.749500036239624,509.0,0.0019987835536401
2023-09-14,3.7825000286102295,3.799999952316284,3.760999917984009,3.799999952316284,545.0,0.0150498831244269
2023-09-15,3.763499975204468,3.805500030517578,3.756999969482422,3.805500030517578,556.0,0.0223007480957089
2023-09-18,3.741499900817871,3.744999885559082,3.733000040054321,3.744999885559082,674.0,-0.0075884223710173
2023-09-19,3.71399998664856,3.71399998664856,3.700000047683716,3.7100000381469727,717.0,-0.0101795967177627
2023-09-20,3.746500015258789,3.746500015258789,3.7079999446868896,3.733500003814697,842.0,-0.0025324976228799
2023-09-21,3.6665000915527344,3.7184998989105225,3.609999895095825,3.7079999446868896,628.0,-0.0311476207224357
2023-09-22,3.6654999256134033,3.686500072479248,3.6654999256134033,3.686500072479248,586.0,-0.0263846375162327
2023-09-25,3.649499893188477,3.6659998893737793,3.6489999294281006,3.6635000705718994,1582.0,-0.0248964313875124
2023-09-26,3.625,3.6435000896453857,3.619999885559082,3.619999885559082,702.0,-0.0242551710289809
2023-09-27,3.627000093460083,3.627000093460083,3.619499921798706,3.619999885559082,1228.0,-0.0324161888263999
2023-09-28,3.694499969482422,3.697499990463257,3.615999937057495,3.625499963760376,935.0,0.007607665464513
2023-09-29,3.7260000705718994,3.766499996185303,3.7174999713897705,3.73799991607666,815.0,0.0163705597319949
2023-10-02,3.631999969482422,3.692500114440918,3.631500005722046,3.692500114440918,621.0,-0.0048066903054793
2023-10-03,3.615499973297119,3.631500005722046,3.6059999465942383,3.631500005722046,525.0,-0.0026241370594361
2023-10-04,3.5840001106262207,3.611500024795532,3.570499897003174,3.611500024795532,395.0,-0.0119263600892655
2023-10-05,3.546999931335449,3.575999975204468,3.546999931335449,3.565999984741211,376.0,-0.040743062553294
2023-10-06,3.624500036239624,3.631999969482422,3.555999994277954,3.555999994277954,326.0,-0.0276189333624761
2023-10-09,3.642499923706055,3.6540000438690186,3.642499923706055,3.642999887466431,318.0,0.0028867858051034
2023-10-10,3.631999969482422,3.631999969482422,3.595499992370605,3.595499992370605,331.0,0.0045533010894279
2023-10-11,3.614000082015991,3.614000082015991,3.614000082015991,3.614000082015991,433.0,0.0083356888846273
2023-10-12,3.594000101089477,3.618000030517578,3.5855000019073486,3.618000030517578,349.0,0.0131636600556577
2023-10-13,3.5799999237060547,3.595000028610229,3.572499990463257,3.594500064849853,388.0,-0.0123535786558613
2023-10-16,3.586999893188477,3.5899999141693115,3.5820000171661377,3.5820000171661377,298.0,-0.0153540693689851
2023-10-17,3.575500011444092,3.575500011444092,3.5450000762939453,3.5450000762939453,375.0,-0.0156784226296193
2023-10-18,3.5820000171661377,3.608000040054321,3.5785000324249268,3.608000040054321,340.0,-0.0088939064331487
2023-10-19,3.5915000438690186,3.5915000438690186,3.5739998817443848,3.5739998817443848,418.0,-0.0006958617412581
2023-10-20,3.5420000553131104,3.566999912261963,3.5364999771118164,3.566999912261963,760.0,-0.0106712241244595
2023-10-23,3.572999954223633,3.572999954223633,3.5299999713897705,3.5299999713897705,387.0,-0.003910602543221
2023-10-24,3.609999895095825,3.61899995803833,3.549999952316284,3.549999952316284,645.0,0.0096027135784503
2023-10-25,3.572000026702881,3.5924999713897705,3.569999933242798,3.5924999713897705,501.0,-0.0027956379409901
2023-10-26,3.56850004196167,3.5789999961853027,3.563999891281128,3.5789999961853027,556.0,-0.006424603559503
2023-10-27,3.634000062942505,3.634999990463257,3.63100004196167,3.634999990463257,847.0,0.025642432317435
2023-10-30,3.649499893188477,3.6989998817443848,3.635499954223633,3.635499954223633,665.0,0.0211845764125823
2023-10-31,3.641499996185303,3.649499893188477,3.630000114440918,3.6465001106262207,771.0,0.0086879403428099
2023-11-01,3.6449999809265137,3.678999900817871,3.635999917984009,3.6484999656677246,546.0,0.0202306897379774
2023-11-02,3.6670000553131104,3.676500082015991,3.6579999923706055,3.6579999923706055,412.0,0.0272285529853164
2023-11-03,3.674499988555908,3.69350004196167,3.663000106811523,3.69350004196167,357.0,0.0110830785779
2023-11-06,3.7095000743865967,3.7100000381469727,3.705499887466431,3.7074999809265137,368.0,0.0163069740583321
2023-11-07,3.670000076293945,3.676500082015991,3.640000104904175,3.658499956130981,313.0,0.0077959992267487
2023-11-08,3.628000020980835,3.6470000743865967,3.628000020980835,3.6470000743865967,435.0,-0.0046748221919198
2023-11-09,3.634999990463257,3.6435000896453857,3.609999895095825,3.619999885559082,363.0,-0.0087647958113168
2023-11-10,3.5834999084472656,3.624500036239624,3.5834999084472656,3.624000072479248,493.0,-0.025077114968902
2023-11-13,3.662499904632568,3.662499904632568,3.6440000534057617,3.6440000534057617,575.0,-0.0127511683961454
2023-11-14,3.682499885559082,3.703000068664551,3.682499885559082,3.703000068664551,762.0,0.0034001554226647
2023-11-15,3.7174999713897705,3.7204999923706055,3.67549991607666,3.678499937057495,383.0,0.0243698536201583
2023-11-16,3.704499959945679,3.704499959945679,3.693000078201294,3.693000078201294,338.0,0.018939177700338
2023-11-17,3.737499952316284,3.737499952316284,3.686500072479248,3.686500072479248,493.0,0.0420769750551953
2023-11-20,3.8125,3.8125,3.748500108718872,3.75,377.0,0.040139193629234
2023-11-21,3.814500093460083,3.814500093460083,3.79800009727478,3.810499906539917,466.0,0.0352177807717293
2023-11-22,3.766499996185303,3.7799999713897705,3.759999990463257,3.7799999713897705,596.0,0.0130947956147371
2023-11-23,3.7790000438690186,3.7790000438690186,3.7695000171661377,3.7695000171661377,596.0,0.0199111499137509
2023-11-24,3.796499967575073,3.796499967575073,3.7695000171661377,3.7695000171661377,373.0,0.0156626551717893
2023-11-27,3.762500047683716,3.7815001010894775,3.755000114440918,3.7815001010894775,435.0,-0.0132014991851231
2023-11-28,3.8010001182556152,3.8010001182556152,3.755000114440918,3.755000114440918,32871.0,-0.003545397930591
2023-11-29,3.78600001335144,3.822000026702881,3.7730000019073486,3.808000087738037,6653.0,0.0051638690428442
2023-11-30,3.828999996185303,3.839999914169312,3.784499883651733,3.799999952316284,2571.0,0.0131442355229094
2023-12-01,3.908999919891357,3.910000085830689,3.829999923706055,3.837500095367432,2050.0,0.0292019851870229
2023-12-04,3.820499897003174,3.8965001106262207,3.812000036239624,3.8959999084472656,963.0,0.0152976343980857
2023-12-05,3.7725000381469727,3.822999954223633,3.759000062942505,3.812000036239624,971.0,-0.0075262993471008
2023-12-06,3.7165000438690186,3.809000015258789,3.713000059127808,3.7730000019073486,551.0,-0.0185276793265966
2023-12-07,3.784499883651733,3.785500049591065,3.7160000801086426,3.7160000801086426,721.0,-0.0116899244751739
2023-12-08,3.819999933242798,3.8510000705718994,3.78600001335144,3.78600001335144,421.0,-0.023031161174656
2023-12-11,3.7799999713897705,3.7885000705718994,3.767499923706055,3.783999919891357,723.0,-0.0106572750838402
2023-12-12,3.78600001335144,3.796999931335449,3.7715001106262207,3.7804999351501465,808.0,0.0035721345419385
2023-12-13,3.78600001335144,3.8320000171661377,3.755000114440918,3.788000106811523,679.0,0.0185276793265966
2023-12-14,3.888499975204468,3.8989999294281006,3.869999885559082,3.884999990463257,1003.0,0.0271097257525104
2023-12-15,3.884999990463257,3.891000032424927,3.864000082015991,3.871500015258789,853.0,0.0168725762220742
2023-12-18,3.848000049591065,3.848000049591065,3.848000049591065,3.848000049591065,464.0,0.0178295436282982
2023-12-19,3.8959999084472656,3.920000076293945,3.8959999084472656,3.900000095367432,701.0,0.0286403059674661
2023-12-20,3.90149998664856,3.927000045776367,3.874000072479248,3.90149998664856,638.0,0.0300510348388884
2023-12-21,3.908499956130981,3.9154999256134033,3.9075000286102295,3.9075000286102295,781.0,0.0051301846780147
2023-12-22,3.8954999446868896,3.919500112533569,3.891999959945679,3.9144999980926514,547.0,0.0026990452246925
2023-12-25,3.8954999446868896,3.919500112533569,3.891999959945679,3.9144999980926514,547.0,0.0026990452246925
2023-12-26,3.8954999446868896,3.927000045776367,3.891999959945679,3.923500061035156,525.0,0.0122684808985922
2023-12-27,3.94350004196167,3.94350004196167,3.92300009727478,3.92300009727478,1283.0,0.0121183022154995
2023-12-28,3.913000106811523,3.9489998817443848,3.9030001163482666,3.9489998817443848,940.0,0.0029432793723076
2023-12-29,3.880500078201294,3.913000106811523,3.869999885559082,3.913000106811523,349.0,-0.0071896259898121
2024-01-02,3.86899995803833,3.901999950408936,3.8559999465942383,3.882499933242798,879.0,-0.0068259617167784
2024-01-03,3.847500085830689,3.861999988555908,3.829499959945679,3.837500095367432,395.0,-0.0123984175504748
2024-01-04,3.8310000896453857,3.8559999465942383,3.811500072479248,3.8550000190734863,389.0,-0.0289427753781182
2024-01-05,3.794500112533569,3.839499950408936,3.7929999828338623,3.8324999809265137,413.0,-0.0307516910060047
2024-01-08,3.799499988555908,3.813499927520752,3.7799999713897705,3.796999931335449,406.0,-0.0210945553487288
2024-01-09,3.748500108718872,3.788000106811523,3.747999906539917,3.787499904632568,409.0,-0.0316402759084847
2024-01-10,3.7809998989105225,3.783999919891357,3.757999897003174,3.757999897003174,650.0,-0.0174351108664477
2024-01-11,3.77649998664856,3.7934999465942383,3.77649998664856,3.7929999828338623,292.0,-0.0143282378825428
2024-01-12,3.740000009536743,3.7925000190734863,3.740000009536743,3.786999940872192,430.0,-0.0144670655424798
2024-01-15,3.740000009536743,3.7925000190734863,3.740000009536743,3.786999940872192,430.0,-0.0144670655424798
2024-01-16,3.766499996185303,3.775000095367432,3.763000011444092,3.763000011444092,295.0,-0.008723288844887
2024-01-17,3.732500076293945,3.747999906539917,3.7295000553131104,3.734999895095825,319.0,-0.0042775180926309
2024-01-18,3.744999885559082,3.744999885559082,3.7200000286102295,3.7274999618530273,289.0,-0.0095669117617607
2024-01-19,3.786999940872192,3.788000106811523,3.762500047683716,3.762500047683716,264.0,0.0027764820703289
2024-01-22,3.763999938964844,3.767499923706055,3.76200008392334,3.76200008392334,493.0,0.0063965915312574
2024-01-23,3.7904999256134033,3.796000003814697,3.785500049591065,3.796000003814697,401.0,0.0063517296189238
2024-01-24,3.882499933242798,3.884999990463257,3.796999931335449,3.802500009536743,523.0,0.0394009879746703
2024-01-25,3.865499973297119,3.865499973297119,3.859999895095825,3.862499952316284,413.0,0.0316694464595308
2024-01-26,3.850500106811523,3.869499921798706,3.850500106811523,3.865999937057495,632.0,0.0166289044305235
2024-01-29,3.872999906539917,3.872999906539917,3.839999914169312,3.839999914169312,706.0,0.0285471708937996
2024-01-30,3.9065001010894775,3.9144999980926514,3.858999967575073,3.868499994277954,562.0,0.0301439414421718
2024-01-31,3.902499914169312,3.936000108718872,3.884999990463257,3.91100001335144,750.0,0.0051380925673604
2024-02-01,3.8524999618530273,3.8954999446868896,3.8450000286102295,3.8954999446868896,695.0,-0.0033687545601316
2024-02-02,3.821500062942505,3.849999904632568,3.821500062942505,3.849999904632568,529.0,-0.0075600055653879
2024-02-05,3.7720000743865967,3.805000066757202,3.766999959945679,3.805000066757202,372.0,-0.0264239919094872
2024-02-06,3.7825000286102295,3.7915000915527344,3.77649998664856,3.77649998664856,327.0,-0.0322566840876966
2024-02-07,3.737499952316284,3.784499883651733,3.734999895095825,3.784499883651733,351.0,-0.0432004254550597
2024-02-15,3.756500005722046,3.757499933242798,3.7314999103546143,3.7314999103546143,273.0,0.0136695023103752
2024-02-16,3.838000059127808,3.8415000438690186,3.826499938964844,3.826499938964844,334.0,0.0404095242486855
2024-02-19,3.838000059127808,3.8415000438690186,3.826499938964844,3.826499938964844,334.0,0.0404095242486855
2024-02-20,3.866499900817871,3.866499900817871,3.866499900817871,3.866499900817871,392.0,0.0363437010840205
2024-02-21,3.874500036239624,3.875,3.8559999465942383,3.857000112533569,358.0,0.0423071722396167
2024-02-22,3.8975000381469727,3.8975000381469727,3.867000102996826,3.8965001106262207,255.0,0.0518673829893796
2024-02-23,3.881999969482422,3.881999969482422,3.86050009727478,3.86050009727478,462.0,0.0328628025351985
2024-02-26,3.8239998817443848,3.839999914169312,3.8239998817443848,3.839999914169312,515.0,-0.0036544487268297
2024-02-27,3.8310000896453857,3.8310000896453857,3.819999933242798,3.819999933242798,23671.0,-0.0092237902967885
2024-02-28,3.827500104904175,3.8324999809265137,3.801500082015991,3.830499887466431,7289.0,-0.0122047556175199
2024-02-29,3.8345000743865967,3.846499919891357,3.825000047683716,3.827500104904175,2054.0,-0.0162962641152718
2024-03-01,3.8550000190734863,3.858000040054321,3.809000015258789,3.838000059127808,1346.0,-0.006979464922496
2024-03-04,3.8519999980926514,3.881500005722046,3.8434998989105225,3.8450000286102295,1136.0,0.0072955291761524
2024-03-05,3.8440001010894775,3.86299991607666,3.838000059127808,3.846499919891357,929.0,0.0033876282875287
2024-03-06,3.870500087738037,3.891499996185303,3.837500095367432,3.839999914169312,987.0,0.0111718443733138
2024-03-07,3.919500112533569,3.930999994277954,3.874000072479248,3.874000072479248,1243.0,0.0219250557357728
2024-03-08,3.884999990463257,3.931999921798706,3.878000020980835,3.9175000190734863,693.0,0.0077519694018311
2024-03-11,3.922499895095825,3.92300009727478,3.88700008392334,3.88700008392334,691.0,0.0181366854401163
2024-03-12,3.924999952316284,3.940000057220459,3.8965001106262207,3.930000066757202,775.0,0.0208528216796175
2024-03-13,4.052499771118164,4.056000232696533,3.920500040054321,3.92300009727478,828.0,0.045950197817493
2024-03-14,4.037000179290772,4.054999828338623,4.01800012588501,4.054999828338623,861.0,0.0295377629248412
2024-03-15,4.112500190734863,4.120500087738037,4.035999774932861,4.040500164031982,822.0,0.0569081811059367
2024-03-18,4.114500045776367,4.145999908447266,4.093999862670898,4.105000019073486,950.0,0.0477881523084139
2024-03-19,4.058499813079834,4.114500045776367,4.050000190734863,4.114500045776367,978.0,0.0334470620769723
2024-03-20,4.03849983215332,4.077499866485596,4.019999980926514,4.065000057220459,776.0,-0.0034606238099486
2024-03-21,4.046500205993652,4.085999965667725,4.031000137329102,4.085999965667725,867.0,0.0023504745775558
2024-03-22,3.996000051498413,4.020500183105469,3.990000009536743,4.020500183105469,1056.0,-0.0287372887969894
2024-03-25,4.006999969482422,4.02400016784668,3.990000009536743,3.999500036239624,676.0,-0.0264745071513102
2024-03-26,3.996000051498413,3.998500108718872,3.9800000190734863,3.9800000190734863,852.0,-0.0155195274888288
2024-03-27,3.992500066757202,4.005000114440918,3.9690001010894775,3.995500087738037,715.0,-0.0114556765108918
2024-03-28,4.003499984741211,4.019499778747559,3.982000112533569,4.019499778747559,852.0,-0.0106833861410526
2024-03-29,4.003499984741211,4.019499778747559,3.982000112533569,4.019499778747559,852.0,-0.0106833861410526
2024-04-01,4.046000003814697,4.073999881744385,4.04449987411499,4.073999881744385,623.0,0.0124348660145876
2024-04-02,4.070000171661377,4.08650016784668,4.053999900817871,4.053999900817871,458.0,0.0156002175938042
2024-04-03,4.192999839782715,4.20550012588501,4.072500228881836,4.072500228881836,431.0,0.0481225563041701
2024-04-04,4.246500015258789,4.246500015258789,4.21750020980835,4.2220001220703125,205.0,0.0616775000035073
2024-04-05,4.239500045776367,4.239500045776367,4.235000133514404,4.239500045776367,1377.0,0.0572763738403178
2024-04-08,4.276999950408936,4.296999931335449,4.18149995803833,4.18149995803833,223.0,0.0555230779615617
2024-04-09,4.285999774932861,4.285999774932861,4.274499893188477,4.276999950408936,206.0,0.0517108029074738
2024-04-10,4.2820000648498535,4.2820000648498535,4.264500141143799,4.274499893188477,316.0,0.0210037753342811
2024-04-11,4.251999855041504,4.272500038146973,4.230500221252441,4.272500038146973,355.0,0.0012943085566733
2024-04-12,4.257500171661377,4.340000152587891,4.255499839782715,4.340000152587891,252.0,0.0042368253149583
2024-04-15,4.379000186920166,4.382999897003174,4.285999774932861,4.382999897003174,289.0,0.0235686128548958
2024-04-16,4.305500030517578,4.365499973297119,4.28000020980835,4.364999771118164,314.0,0.0045394377029088
2024-04-17,4.34250020980835,4.371500015258789,4.34250020980835,4.371500015258789,234.0,0.0140300621359793
2024-04-19,4.501999855041504,4.514500141143799,4.442500114440918,4.442500114440918,248.0,0.0558395364113862
2024-04-22,4.500500202178955,4.500500202178955,4.4720001220703125,4.478499889373779,468.0,0.027368116133824
2024-04-23,4.490499973297119,4.490499973297119,4.420000076293945,4.485000133514404,570.0,0.0420707659402121
2024-04-24,4.4670000076293945,4.496500015258789,4.4670000076293945,4.4670000076293945,417.0,0.0282667766296994
2024-04-25,4.570499897003174,4.570499897003174,4.570499897003174,4.570499897003174,396.0,0.0288556518271329
2024-04-26,4.568999767303467,4.624499797821045,4.568999767303467,4.624499797821045,55975.0,0.0147726013658588
2024-05-02,4.49399995803833,4.580999851226807,4.47599983215332,4.580999851226807,864.0,-0.0168794211507307
2024-05-03,4.573500156402588,4.573500156402588,4.504499912261963,4.514500141143799,879.0,0.0009844986601416
2024-05-06,4.634500026702881,4.646999835968018,4.584000110626221,4.59250020980835,642.0,-0.0052724915447627
2024-05-07,4.625500202178955,4.63700008392334,4.593500137329102,4.630000114440918,823.0,0.0132755696736846
2024-05-08,4.561999797821045,4.593999862670898,4.5320000648498535,4.583000183105469,1097.0,0.0020845972005941
2024-05-09,4.607500076293945,4.616499900817871,4.53849983215332,4.559000015258789,905.0,0.0249422626946115
2024-05-10,4.69350004196167,4.752999782562256,4.645500183105469,4.645999908447266,989.0,0.0258997714234368
2024-05-13,4.804500102996826,4.809000015258789,4.685999870300293,4.685999870300293,853.0,0.0360246760772484
2024-05-14,4.953499794006348,5.081999778747559,4.819499969482422,4.822999954223633,1046.0,0.0685098389065931
2024-05-15,4.9695000648498535,5.177499771118164,4.863999843597412,4.989999771118164,724.0,0.0855581649313533
2024-05-16,4.892000198364258,5.0229997634887695,4.881999969482422,5.0229997634887695,1150.0,0.0599158312531449
2024-05-17,5.057000160217285,5.070499897003174,4.864999771118164,4.864999771118164,790.0,0.0745948720448358
2024-05-20,5.087500095367432,5.198500156402588,5.02899980545044,5.191999912261963,747.0,0.0572335693413947
2024-05-21,5.11899995803833,5.161499977111816,5.057499885559082,5.057499885559082,568.0,0.0328647434327348
2024-05-22,4.867499828338623,5.074999809265137,4.839000225067139,5.074999809265137,976.0,-0.0207388214781259
2024-05-23,4.816500186920166,4.8480000495910645,4.803500175476074,4.809999942779541,713.0,-0.0155536963497903
2024-05-24,4.778500080108643,4.824999809265137,4.772500038146973,4.815999984741211,689.0,-0.0566467472916363
2024-05-27,4.778500080108643,4.824999809265137,4.772500038146973,4.815999984741211,689.0,-0.0566467472916363
2024-05-28,4.875500202178955,4.89900016784668,4.860000133514404,4.863500118255615,461.0,-0.0425638647527655
2024-05-29,4.805500030517578,4.805500030517578,4.796000003814697,4.802000045776367,1059.0,-0.0631979976464524
2024-05-30,4.671999931335449,4.7855000495910645,4.642499923706055,4.7754998207092285,1170.0,-0.04099319216848
2024-05-31,4.610000133514404,4.651500225067139,4.583499908447266,4.638500213623047,615.0,-0.0438196760533716
2024-06-03,4.677000045776367,4.684000015258789,4.663000106811523,4.684000015258789,488.0,-0.02146981795719
2024-06-04,4.547999858856201,4.685999870300293,4.54449987411499,4.685999870300293,593.0,-0.0695351599073562
2024-06-05,4.619500160217285,4.622499942779541,4.538000106811523,4.538000106811523,436.0,-0.0394745928202722
2024-06-06,4.690999984741211,4.690999984741211,4.650000095367432,4.661499977111816,376.0,0.0040585452646512
2024-06-07,4.494500160217285,4.559999942779541,4.479499816894531,4.559999942779541,398.0,-0.02537342329174
2024-06-10,4.55649995803833,4.568999767303467,4.474999904632568,4.474999904632568,391.0,-0.0261021127864428
2024-06-11,4.5229997634887695,4.5229997634887695,4.465499877929688,4.465499877929688,388.0,-0.0055121066491149
2024-06-12,4.581500053405762,4.587500095367432,4.523499965667725,4.526500225067139,384.0,-0.008260041731522
2024-06-13,4.507500171661377,4.507500171661377,4.507500171661377,4.507500171661377,532.0,-0.0399030619147066
2024-06-14,4.551000118255615,4.551000118255615,4.508999824523926,4.516499996185303,577.0,0.0124925523403123
2024-06-17,4.521500110626221,4.526000022888184,4.4710001945495605,4.4710001945495605,512.0,-0.0077109540797498
2024-06-18,4.561999797821045,4.561999797821045,4.449999809265137,4.449999809265137,454.0,0.0085856413392254
2024-06-19,4.561999797821045,4.561999797821045,4.449999809265137,4.449999809265137,454.0,0.0085856413392254
2024-06-20,4.618000030517578,4.618000030517578,4.5920000076293945,4.605000019073486,445.0,0.007935250460741
2024-06-21,4.49399995803833,4.597499847412109,4.479000091552734,4.597499847412109,687.0,-0.0029995497529625
2024-06-24,4.526999950408936,4.526999950408936,4.476500034332275,4.480000019073486,668.0,-0.0052875575197265
2024-06-25,4.38100004196167,4.511499881744385,4.367499828338623,4.511499881744385,690.0,-0.031566803255241
2024-06-26,4.367499828338623,4.367499828338623,4.36299991607666,4.363500118255615,27282.0,-0.0435703558223339
2024-06-27,4.328499794006348,4.365499973297119,4.304999828338623,4.359000205993652,6440.0,-0.0647407034570884
2024-06-28,4.390500068664551,4.415999889373779,4.318999767303467,4.326499938964844,1413.0,-0.0233000329686126
2024-07-01,4.426499843597412,4.433499813079834,4.362500190734863,4.388500213623047,991.0,-0.0224502887635863
2024-07-02,4.429500102996826,4.473999977111816,4.4004998207092285,4.423999786376953,894.0,0.0110097157125576
2024-07-03,4.540999889373779,4.564499855041504,4.452499866485596,4.452499866485596,821.0,0.0389565040323619
2024-07-04,4.540999889373779,4.564499855041504,4.452499866485596,4.452499866485596,821.0,0.0389565040323619
2024-07-05,4.6585001945495605,4.679999828338623,4.544000148773193,4.544000148773193,495.0,0.0734725355870049
2024-07-08,4.622000217437744,4.667500019073486,4.607500076293945,4.609000205993652,561.0,0.0513844274390097
2024-07-09,4.578000068664551,4.646999835968018,4.559000015258789,4.616499900817871,663.0,0.0336530677934586
2024-07-10,4.607500076293945,4.645999908447266,4.5625,4.58050012588501,727.0,0.0393986929980615
2024-07-11,4.508500099182129,4.611000061035156,4.505499839782715,4.600500106811523,979.0,-0.0071827017974271
2024-07-12,4.598499774932861,4.598499774932861,4.489999771118164,4.519499778747559,608.0,-0.0129634352536018
2024-07-15,4.52899980545044,4.573500156402588,4.510000228881836,4.570000171661377,443.0,-0.0203264372785987
2024-07-16,4.443999767303467,4.513500213623047,4.429999828338623,4.511499881744385,782.0,-0.0297074171137585
2024-07-17,4.39900016784668,4.427499771118164,4.39300012588501,4.42549991607666,483.0,-0.0463081465982573
2024-07-18,4.265999794006348,4.398499965667725,4.265999794006348,4.398499965667725,437.0,-0.0552879541948932
2024-07-19,4.218999862670898,4.261000156402588,4.2179999351501465,4.251999855041504,302.0,-0.0861320138249687
2024-07-22,4.180500030517578,4.2210001945495605,4.147500038146973,4.218999862670898,483.0,-0.0800702577097123
2024-07-23,4.145999908447266,4.14900016784668,4.13700008392334,4.145500183105469,503.0,-0.0694108274840223
2024-07-24,4.098999977111816,4.138000011444092,4.098999977111816,4.132999897003174,596.0,-0.0706342445838716
2024-07-25,4.112500190734863,4.132500171661377,4.060500144958496,4.060500144958496,516.0,-0.0366454092910632
2024-07-26,4.104499816894531,4.126999855041504,4.0879998207092285,4.112500190734863,386.0,-0.027514212396771
2024-07-29,4.061999797821045,4.065000057220459,4.049499988555908,4.065000057220459,863.0,-0.0287554505230199
2024-07-30,4.063000202178955,4.076000213623047,4.026500225067139,4.060999870300293,1667.0,-0.0202223251648122
2024-07-31,4.159999847412109,4.178999900817871,4.069499969482422,4.076499938964844,637.0,0.0147720016550351
2024-08-01,4.066500186920166,4.111000061035156,4.05049991607666,4.111000061035156,880.0,-0.0112484378802363
2024-08-02,4.084000110626221,4.110000133514404,4.084000110626221,4.107500076293945,421.0,-0.0050069608051436
2024-08-05,3.983999967575073,4.099999904632568,3.9260001182556152,4.099999904632568,585.0,-0.0193890818013735
2024-08-06,4.011499881744385,4.011499881744385,3.950000047683716,3.950000047683716,449.0,-0.0127564600341694
2024-08-07,3.9375,3.9684998989105225,3.927999973297119,3.9684998989105225,397.0,-0.0549690334416384
2024-08-08,3.944999933242798,3.9614999294281006,3.9175000190734863,3.9175000190734863,408.0,-0.0303337872146911
2024-08-09,3.9800000190734863,4.013999938964844,3.9660000801086426,3.9660000801086426,343.0,-0.0257951033014524
2024-08-12,4.054999828338623,4.071000099182129,4.019499778747559,4.019999980926514,399.0,0.0176643136505485
2024-08-13,4.035999774932861,4.035999774932861,4.035999774932861,4.035999774932861,241.0,0.0060888399940384
2024-08-14,4.025000095367432,4.052000045776367,4.025000095367432,4.05049991607666,190.0,0.0219789304125468
2024-08-15,4.138999938964844,4.144000053405762,4.028500080108643,4.028500080108643,335.0,0.0480052606443823
2024-08-16,4.127500057220459,4.127500057220459,4.0945000648498535,4.0945000648498535,286.0,0.0363900865866908
2024-08-19,4.166500091552734,4.16949987411499,4.164500236511231,4.165999889373779,237.0,0.027125731579546
2024-08-20,4.149499893188477,4.190999984741211,4.138999938964844,4.17549991607666,326.0,0.027733772589087
2024-08-21,4.18149995803833,4.184500217437744,4.173999786376953,4.173999786376953,299.0,0.0381450892400692
2024-08-22,4.140999794006348,4.197999954223633,4.138999938964844,4.197999954223633,301.0,0.0004830567982817
2024-08-23,4.194499969482422,4.204500198364258,4.193999767303467,4.193999767303467,301.0,0.0161022253532242
2024-08-26,4.21150016784668,4.214499950408936,4.19950008392334,4.19950008392334,346.0,0.0107425418139913
2024-08-27,4.230500221252441,4.24399995803833,4.230500221252441,4.243500232696533,256.0,0.0193324223662294
2024-08-28,4.144999980926514,4.21999979019165,4.144999980926514,4.21999979019165,24167.0,-0.0087672398186739
2024-08-29,4.147500038146973,4.177999973297119,4.104499816894531,4.144999980926514,6135.0,0.001568497461521
2024-08-30,4.144999980926514,4.196000099182129,4.142499923706055,4.180500030517578,1365.0,-0.0118713520429012
2024-09-04,4.019499778747559,4.043000221252441,3.990000009536743,4.031000137329102,944.0,-0.051162779940667
2024-09-05,4.077499866485596,4.103499889373779,3.982000112533569,4.026999950408936,543.0,-0.0164187612168446
2024-09-06,4.014500141143799,4.113999843597412,4.004499912261963,4.078999996185303,679.0,-0.0325929104789436
2024-09-09,4.084499835968018,4.0960001945495605,4.046000003814697,4.046000003814697,679.0,-0.0147035023455308
2024-09-10,4.040500164031982,4.079999923706055,4.0329999923706055,4.079999923706055,674.0,0.0021059404354554
2024-09-11,4.083000183105469,4.103000164031982,4.058000087738037,4.058000087738037,550.0,0.0156745954421442
2024-09-12,4.132999897003174,4.166500091552734,4.111999988555908,4.111999988555908,749.0,0.0135194878401494
2024-09-13,4.175000190734863,4.184000015258789,4.148499965667725,4.148499965667725,509.0,0.0392015621867137
2024-09-16,4.2129998207092285,4.247000217437744,4.199999809265137,4.199999809265137,539.0,0.0309756588001598
2024-09-17,4.213500022888184,4.232999801635742,4.19350004196167,4.223999977111816,463.0,0.0419251743740623
2024-09-18,4.23799991607666,4.269999980926514,4.188499927520752,4.188499927520752,311.0,0.0372593828602715
2024-09-19,4.285999774932861,4.310500144958496,4.269499778747559,4.300000190734863,566.0,0.0363503339302207
2024-09-20,4.281499862670898,4.317999839782715,4.261000156402588,4.316999912261963,276.0,0.0251889794212968
2024-09-23,4.289000034332275,4.297500133514404,4.248000144958496,4.249499797821045,755.0,0.0178786730991483
2024-09-24,4.429500102996826,4.429500102996826,4.300000190734863,4.300000190734863,431.0,0.0499930724600439
2024-09-25,4.427999973297119,4.453000068664551,4.423999786376953,4.453000068664551,563.0,0.0438565687724037
2024-09-26,4.580999851226807,4.580999851226807,4.478499889373779,4.478499889373779,1237.0,0.0665634378892464
2024-09-27,4.540999889373779,4.589499950408936,4.520999908447266,4.566999912261963,1128.0,0.0588438443450591
2024-09-30,4.495999813079834,4.610000133514404,4.465000152587891,4.610000133514404,416.0,0.0471344574771482
2024-10-01,4.5355000495910645,4.538000106811523,4.511000156402588,4.51200008392334,748.0,0.0236486078844192
2024-10-02,4.5960001945495605,4.605500221252441,4.56850004196167,4.576499938964844,469.0,0.0372383935007703
2024-10-03,4.501999855041504,4.611000061035156,4.475500106811523,4.611000061035156,407.0,-0.017395572142614
2024-10-04,4.522500038146973,4.551000118255615,4.504499912261963,4.504499912261963,440.0,-0.0040822810319273
2024-10-07,4.519000053405762,4.519000053405762,4.495500087738037,4.513999938964844,413.0,0.005102671230572
2024-10-08,4.412000179290772,4.433000087738037,4.406499862670898,4.427999973297119,504.0,-0.0276071999785117
2024-10-09,4.355000019073486,4.390500068664551,4.355000019073486,4.390500068664551,425.0,-0.0538617876325584
2024-10-10,4.385000228881836,4.402500152587891,4.376999855041504,4.376999855041504,259.0,-0.0263320322651645
2024-10-11,4.451499938964844,4.451499938964844,4.4054999351501465,4.4054999351501465,336.0,-0.0158238424017985
2024-10-14,4.363500118255615,4.39900016784668,4.34499979019165,4.349999904632568,398.0,-0.0350162275248704
2024-10-15,4.30049991607666,4.364500045776367,4.293000221252441,4.364500045776367,614.0,-0.0255968665337192
2024-10-16,4.331500053405762,4.3354997634887695,4.314000129699707,4.318999767303467,430.0,-0.0054107000064607
2024-10-17,4.286499977111816,4.34499979019165,4.284999847412109,4.34499979019165,345.0,-0.0227191342236105
2024-10-18,4.3460001945495605,4.370999813079834,4.333000183105469,4.352000236511231,406.0,-0.0239851777210078
2024-10-21,4.322999954223633,4.351500034332275,4.318999767303467,4.351500034332275,425.0,-0.0093249196258538
2024-10-22,4.3480000495910645,4.367000102996826,4.3480000495910645,4.367000102996826,378.0,0.0109847051698412
2024-10-23,4.304500102996826,4.320000171661377,4.28000020980835,4.320000171661377,474.0,-0.0062529036340991
2024-10-24,4.319499969482422,4.367000102996826,4.293000221252441,4.367000102996826,556.0,0.0076691039546535
2024-10-25,4.339499950408936,4.339499950408936,4.305500030517578,4.305500030517578,386.0,-0.0014968039251037
2024-10-28,4.331999778747559,4.33650016784668,4.329999923706055,4.333000183105469,611.0,0.0020796829683051
2024-10-29,4.332499980926514,4.3480000495910645,4.324999809265137,4.324999809265137,1134.0,-0.0035712424592478
2024-10-30,4.327499866485596,4.35699987411499,4.3125,4.339499950408936,936.0,0.0053289661720965
2024-10-31,4.313499927520752,4.340000152587891,4.302499771118164,4.332499980926514,1249.0,-0.0013900250201194
2024-11-01,4.347499847412109,4.355000019073486,4.329999923706055,4.355000019073486,695.0,0.0018418094741198
2024-11-04,4.4070000648498535,4.415999889373779,4.370999813079834,4.370999813079834,471.0,0.0171649225102703
2024-11-05,4.450500011444092,4.458000183105469,4.39900016784668,4.39900016784668,585.0,0.0268717137830625
2024-11-06,4.222499847412109,4.27400016784668,4.207499980926514,4.27400016784668,732.0,-0.0245626436527205
2024-11-07,4.409999847412109,4.411499977111816,4.224500179290772,4.224500179290772,394.0,0.0221250321267148
2024-11-08,4.286499977111816,4.388500213623047,4.2754998207092285,4.388500213623047,473.0,-0.0141303883513769
2024-11-11,4.210999965667725,4.306000232696533,4.210999965667725,4.306000232696533,565.0,-0.0454940595482498
2024-11-12,4.119500160217285,4.165500164031982,4.117499828338623,4.165500164031982,542.0,-0.0772846163223487
2024-11-13,4.065999984741211,4.113999843597412,4.061500072479248,4.113999843597412,645.0,-0.0377676221095791
2024-11-14,4.072999954223633,4.072999954223633,4.058000087738037,4.061500072479248,451.0,-0.0794948374310302
2024-11-15,4.051000118255615,4.125500202178955,4.048500061035156,4.124000072479248,349.0,-0.0565067503848137
2024-11-18,4.107999801635742,4.116000175476074,4.063000202178955,4.063000202178955,371.0,-0.024763897247789
2024-11-19,4.130000114440918,4.160999774932861,4.09499979019165,4.098499774932861,362.0,0.0025455990166889
2024-11-20,4.143499851226807,4.145999908447266,4.130000114440918,4.144499778747559,437.0,0.0188810939483817
2024-11-21,4.11299991607666,4.124000072479248,4.099999904632568,4.115499973297119,600.0,0.0097728514165812
2024-11-22,4.073999881744385,4.083499908447266,4.068999767303467,4.077000141143799,514.0,0.005661495365445
2024-11-25,4.09149980545044,4.103000164031982,4.089000225067139,4.103000164031982,335.0,-0.0040246403433959
2024-11-26,4.039000034332275,4.039500236511231,4.036499977111816,4.039500236511231,37274.0,-0.0222802896011385
2024-11-27,4.066999912261963,4.098999977111816,4.052000045776367,4.059000015258789,11425.0,-0.0186352000498317
2024-11-28,4.066999912261963,4.098999977111816,4.052000045776367,4.059000015258789,11425.0,-0.0186352000498317
2024-11-29,4.08050012588501,4.099999904632568,4.052999973297119,4.078000068664551,1274.0,-0.007933108066328
2024-12-02,4.075500011444092,4.091000080108643,4.0320000648498535,4.072500228881836,1564.0,0.0003681525826889
2024-12-03,4.145999908447266,4.204999923706055,4.065000057220459,4.09499979019165,1863.0,0.0132323884957962
2024-12-04,4.142000198364258,4.1554999351501465,4.124499797821045,4.138000011444092,1579.0,0.0251816657828597
2024-12-05,4.135000228881836,4.146999835968018,4.115499973297119,4.145500183105469,713.0,0.0165817784760429
2024-12-06,4.138500213623047,4.190000057220459,4.136000156402588,4.138000011444092,514.0,0.0141138941842359
2024-12-09,4.223499774932861,4.236000061035156,4.129499912261963,4.140999794006348,867.0,0.0356706735357683
2024-12-10,4.223499774932861,4.227499961853027,4.194499969482422,4.204999923706055,1242.0,0.0185201229647612
2024-12-11,4.214000225067139,4.258500099182129,4.184500217437744,4.2210001945495605,1029.0,0.0172335579270511
2024-12-12,4.195000171661377,4.2804999351501465,4.170000076293945,4.2804999351501465,761.0,0.0144059970116684
2024-12-13,4.14900016784668,4.178999900817871,4.139500141143799,4.178500175476074,608.0,0.0025339268436771
2024-12-16,4.143499851226807,4.170499801635742,4.132500171661377,4.132500171661377,913.0,-0.0191233094944048
2024-12-17,4.09149980545044,4.139500141143799,4.083499908447266,4.139500141143799,1362.0,-0.0317525114605574
2024-12-18,4.099999904632568,4.106500148773193,4.038000106811523,4.0920000076293945,1164.0,-0.0274254183414659
2024-12-19,4.020500183105469,4.05049991607666,4.019999980926514,4.034999847412109,846.0,-0.0424870622906148
2024-12-20,4.040999889373779,4.044000148773193,4.027500152587891,4.0320000648498535,836.0,-0.0263752230850766
2024-12-23,4.0229997634887695,4.031499862670898,4.019999980926514,4.031499862670898,900.0,-0.0295129712238772
2024-12-24,4.049499988555908,4.052499771118164,4.043000221252441,4.052499771118164,397.0,-0.0103181895547505
2024-12-25,4.049499988555908,4.052499771118164,4.043000221252441,4.052499771118164,397.0,-0.0103181895547505
2024-12-26,4.072000026702881,4.077499866485596,4.06850004196167,4.072999954223633,362.0,-0.0068526646440091
2024-12-27,4.0625,4.0625,4.058000087738037,4.061500072479248,805.0,0.0103922291068307
2024-12-30,4.045499801635742,4.090000152587891,4.0335001945495605,4.090000152587891,1066.0,0.0011129445120609
2024-12-31,3.986000061035156,4.052999973297119,3.9795000553131104,4.047500133514404,708.0,-0.0092395970748977
2025-01-02,3.9885001182556152,4.0,3.974499940872192,3.992500066757202,764.0,-0.0151781638626651
2025-01-03,4.039500236511231,4.041999816894531,4.0335001945495605,4.033999919891357,505.0,-0.0080133053186487
2025-01-06,4.126999855041504,4.162000179290772,4.114999771118164,4.114999771118164,485.0,0.0157521679901648
2025-01-07,4.1605000495910645,4.162000179290772,4.138999938964844,4.161499977111816,814.0,0.0280301680453982
2025-01-08,4.227499961853027,4.236999988555908,4.190000057220459,4.190000057220459,441.0,0.0588225556640833
2025-01-09,4.2795000076293945,4.284999847412109,4.269000053405762,4.284999847412109,281.0,0.0704209321041125
2025-01-10,4.274499893188477,4.314000129699707,4.274499893188477,4.314000129699707,298.0,0.0565461310088219
2025-01-13,4.295499801635742,4.295499801635742,4.289999961853027,4.289999961853027,231.0,0.0400172012704022
2025-01-14,4.310500144958496,4.324999809265137,4.292500019073486,4.324999809265137,452.0,0.0354186690191587
2025-01-15,4.359499931335449,4.366000175476074,4.340000152587891,4.340000152587891,298.0,0.0307465633681078
2025-01-16,4.4105000495910645,4.412000179290772,4.3979997634887695,4.400000095367432,200.0,0.0301518908382447
2025-01-17,4.337500095367432,4.352000236511231,4.329999923706055,4.349500179290772,288.0,0.0146310557636282
2025-01-20,4.337500095367432,4.352000236511231,4.329999923706055,4.349500179290772,288.0,0.0146310557636282
2025-01-21,4.310999870300293,4.310999870300293,4.271500110626221,4.309999942779541,493.0,0.0036019487628151
2025-01-22,4.271500110626221,4.271500110626221,4.258500099182129,4.269999980926514,445.0,-0.0090888607887844
2025-01-23,4.299499988555908,4.299499988555908,4.229499816894531,4.25,488.0,-0.0138586219280881
2025-01-24,4.289999961853027,4.339000225067139,4.2804999351501465,4.339000225067139,476.0,-0.0277013489126916
2025-02-03,4.294000148773193,4.308499813079834,4.253499984741211,4.253499984741211,597.0,0.0213012715154067
2025-02-04,4.34250020980835,4.35099983215332,4.324999809265137,4.324999809265137,567.0,0.0284966648142899
2025-02-05,4.434500217437744,4.435999870300293,4.386000156402588,4.386000156402588,602.0,0.0407327449931078
2025-02-06,4.453499794006348,4.492000102996826,4.435500144958496,4.488500118255615,586.0,0.0378698089575532
2025-02-07,4.581500053405762,4.589000225067139,4.536499977111816,4.536499977111816,342.0,0.0722879137124646
2025-02-10,4.700500011444092,4.703000068664551,4.674499988555908,4.682499885559082,495.0,0.0904501543677725
2025-02-11,4.5945000648498535,4.5945000648498535,4.546999931335449,4.556000232696533,390.0,0.0564096826252448
2025-02-12,4.697999954223633,4.697999954223633,4.692500114440918,4.697999954223633,281.0,0.0577219576253489
2025-02-13,4.769000053405762,4.769999980926514,4.763999938964844,4.765999794006348,358.0,0.0684463928791539
2025-02-14,4.656499862670898,4.656499862670898,4.656499862670898,4.656499862670898,636.0,0.0162375964077004
2025-02-17,4.656499862670898,4.656499862670898,4.656499862670898,4.656499862670898,636.0,0.0162375964077004
2025-02-18,4.585000038146973,4.593999862670898,4.550000190734863,4.590000152587891,683.0,-0.0248787744427441
2025-02-19,4.557000160217285,4.557000160217285,4.557000160217285,4.557000160217285,569.0,-0.0081954026332279
2025-02-20,4.607999801635742,4.607999801635742,4.545000076293945,4.545000076293945,663.0,-0.0193429961471318
2025-02-21,4.559999942779541,4.575500011444092,4.534999847412109,4.534999847412109,767.0,-0.044814039536663
2025-02-24,4.517000198364258,4.5355000495910645,4.515999794006348,4.52899980545044,561.0,-0.0304159629001491
2025-02-25,4.486000061035156,4.554999828338623,4.486000061035156,4.505499839782715,488.0,-0.0218286643246652
2025-02-26,4.541999816894531,4.541999816894531,4.541999816894531,4.541999816894531,17252.0,-0.0032971440707207
2025-02-27,4.579999923706055,4.620999813079834,4.504000186920166,4.537499904632568,6735.0,-0.0060948988777634
2025-02-28,4.514500141143799,4.55649995803833,4.479499816894531,4.556000232696533,2731.0,-0.0100281409480047
2025-03-03,4.576499938964844,4.616000175476074,4.507999897003174,4.54449987411499,1408.0,0.0130863999185407
2025-03-04,4.527500152587891,4.566999912261963,4.5,4.565999984741211,1394.0,0.0092084947741781
2025-03-05,4.766499996185303,4.789999961853027,4.534999847412109,4.534999847412109,819.0,0.0482448787816574
2025-03-06,4.77899980545044,4.802499771118164,4.722499847412109,4.781499862670898,1108.0,0.0425322974187322
2025-03-07,4.683000087738037,4.75600004196167,4.6570000648498535,4.751999855041504,903.0,0.0366444789068948
2025-03-10,4.639500141143799,4.68149995803833,4.607500076293945,4.6570000648498535,821.0,0.0136721317272451
2025-03-11,4.739999771118164,4.774499893188477,4.599999904632568,4.619500160217285,756.0,0.0458671429417853
2025-03-12,4.821000099182129,4.868500232696533,4.765500068664551,4.765500068664551,649.0,0.0113691138452401
2025-03-13,4.898499965667725,4.902500152587891,4.7754998207092285,4.814499855041504,776.0,0.0246977499070684
2025-03-14,4.869500160217285,4.924499988555908,4.847499847412109,4.895500183105469,394.0,0.0390523463844824
2025-03-17,4.933499813079834,4.954999923706055,4.855000019073486,4.855000019073486,528.0,0.0614420051938437
2025-03-18,4.993000030517578,4.99399995803833,4.943999767303467,4.948999881744385,424.0,0.0519998502108679
2025-03-19,5.076000213623047,5.096499919891357,5.002999782562256,5.002999782562256,459.0,0.0515421959406369
2025-03-20,5.085000038146973,5.105999946594238,5.048500061035156,5.098499774932861,578.0,0.0373660082085585
2025-03-21,5.087500095367432,5.087500095367432,5.017000198364258,5.081999778747559,598.0,0.0437952741928333
2025-03-24,5.064000129699707,5.15749979019165,5.048999786376953,5.102499961853027,799.0,0.0261080730268405
2025-03-25,5.183000087738037,5.188499927520752,5.071499824523926,5.071499824523926,419.0,0.0373471185050657
2025-03-26,5.216000080108643,5.276999950408936,5.203499794006348,5.236499786376953,547.0,0.0272072480455447
2025-03-27,5.097499847412109,5.21150016784668,5.072500228881836,5.21150016784668,1770.0,0.0024551565302189
2025-03-28,5.112500190734863,5.129499912261963,5.063000202178955,5.104000091552734,1395.0,0.0049019891623177
2025-03-31,5.019999980926514,5.119999885559082,5.007500171661377,5.093500137329102,720.0,-0.0087267805498426
2025-04-01,5.019000053405762,5.063000202178955,5.000999927520752,5.059999942779541,838.0,-0.0321533348220963
2025-04-02,5.023499965667725,5.066500186920166,4.996500015258789,5.010499954223633,523.0,-0.0376039448967055
2025-04-03,4.810999870300293,4.924499988555908,4.794000148773193,4.875,274.0,-0.05784525777428
2025-04-04,4.384500026702881,4.78000020980835,4.355999946594238,4.78000020980835,467.0,-0.1536129583489078
2025-04-08,4.127500057220459,4.152999877929688,4.098499774932861,4.152500152587891,430.0,-0.1955588106381438
2025-04-09,4.17549991607666,4.435999870300293,4.140999794006348,4.140999794006348,288.0,-0.184892803573743
2025-04-10,4.321000099182129,4.383999824523926,4.321000099182129,4.381999969482422,313.0,-0.1074180558550163
2025-04-11,4.507500171661377,4.545000076293945,4.403500080108643,4.439000129699707,358.0,0.0276671138512704
2025-04-14,4.610499858856201,4.632500171661377,4.565499782562256,4.56850004196167,413.0,0.100660045799261
2025-04-15,4.611000061035156,4.613500118255615,4.586999893188477,4.601500034332275,463.0,0.1107728557860568
2025-04-16,4.673999786376953,4.676000118255615,4.533999919891357,4.593999862670898,289.0,0.1127810988999642
2025-04-17,4.731500148773193,4.731500148773193,4.602000236511231,4.664999961853027,550.0,0.0907554285059761
2025-04-18,4.731500148773193,4.731500148773193,4.602000236511231,4.664999961853027,550.0,0.0907554285059761
2025-04-21,4.7210001945495605,4.7220001220703125,4.693999767303467,4.693999767303467,232.0,0.0462779685947105
2025-04-22,4.870500087738037,4.876500129699707,4.749000072479248,4.750999927520752,516.0,0.0548603388595449
2025-04-23,4.8354997634887695,4.900000095367432,4.83050012588501,4.856500148773193,714.0,0.0475397208020201
2025-04-24,4.849999904632568,4.879499912261963,4.84149980545044,4.84149980545044,1626.0,0.0369634948738842
2025-04-25,4.8354997634887695,4.8354997634887695,4.788000106811523,4.788000106811523,697.0,0.0217421788541624
2025-04-28,4.8379998207092285,4.8379998207092285,4.833000183105469,4.835000038146973,16324.0,0.024480692355428
2025-04-29,4.822999954223633,4.914500236511231,4.796000003814697,4.846499919891357,4169.0,-0.009800487647477
2025-05-05,4.65500020980835,4.716000080108643,4.634500026702881,4.644499778747559,654.0,-0.0385594193283329
2025-05-06,4.735000133514404,4.748499870300293,4.650000095367432,4.652999877929688,777.0,-0.0184143767601895
2025-05-07,4.616499900817871,4.75,4.576000213623047,4.75,618.0,0.0123142097683276
2025-05-08,4.560999870300293,4.631999969482422,4.505000114440918,4.593500137329102,884.0,-0.0043754131355844
2025-05-09,4.611000061035156,4.625999927520752,4.447999954223633,4.510000228881836,796.0,-0.0035720113693953
2025-05-12,4.578499794006348,4.669000148773193,4.565999984741211,4.653500080108643,847.0,-0.0165705672265069
2025-05-13,4.68149995803833,4.682499885559082,4.570000171661377,4.570499897003174,596.0,-0.0113631924018702
2025-05-14,4.611000061035156,4.690999984741211,4.590000152587891,4.644499778747559,940.0,-0.0011920542848488
2025-05-15,4.644499778747559,4.651000022888184,4.54449987411499,4.605000019073486,737.0,0.0181418069150407
2025-05-16,4.555500030517578,4.622499942779541,4.5335001945495605,4.620999813079834,1098.0,-0.0121094655905889
2025-05-19,4.633500099182129,4.633999824523926,4.534999847412109,4.561999797821045,1190.0,0.0119411548759201
2025-05-20,4.619500160217285,4.640500068664551,4.589000225067139,4.60699987411499,1081.0,-0.0133320536220289
2025-05-21,4.638000011444092,4.656499862670898,4.622499942779541,4.650000095367432,1191.0,0.0058384748393753
2025-05-22,4.648499965667725,4.649499893188477,4.564000129699707,4.579999923706055,1194.0,0.0008609033201863
2025-05-23,4.80649995803833,4.8420000076293945,4.644999980926514,4.659999847412109,1217.0,0.0536338589227029
2025-05-26,4.80649995803833,4.8420000076293945,4.644999980926514,4.659999847412109,1217.0,0.0536338589227029
2025-05-27,4.710000038146973,4.810999870300293,4.703000068664551,4.810999870300293,983.0,0.0163753726774175
2025-05-28,4.644000053405762,4.739999771118164,4.636000156402588,4.71999979019165,1034.0,0.0052895665241118
2025-05-29,4.653500080108643,4.66349983215332,4.644499778747559,4.66349983215332,1046.0,0.0033364005575331
2025-05-30,4.652500152587891,4.699999809265137,4.632999897003174,4.647500038146973,1648.0,0.0008601628031276
2025-06-02,4.834499835968018,4.917500019073486,4.821499824523926,4.854499816894531,679.0,0.0058085172184616
2025-06-03,4.809500217437744,4.839000225067139,4.764999866485596,4.822500228881836,1484.0,0.0209052576931127
2025-06-04,4.864500045776367,4.879499912261963,4.829999923706055,4.839499950408936,940.0,0.0463878695080438
2025-06-05,4.91349983215332,5.035999774932861,4.880000114440918,4.880000114440918,541.0,0.0543668428016988
2025-06-06,4.829999923706055,4.920000076293945,4.814499855041504,4.890999794006348,458.0,0.0374417095373976
2025-06-09,4.9095001220703125,4.913000106811523,4.8470001220703125,4.8470001220703125,487.0,0.0153944514793073
2025-06-10,4.883999824523926,4.908999919891357,4.863999843597412,4.863999843597412,342.0,0.0153713464991115
2025-06-11,4.801000118255615,4.832499980926514,4.79449987411499,4.820000171661377,537.0,-0.0131396906633796
2025-06-12,4.821499824523926,4.822999954223633,4.791999816894531,4.791999816894531,447.0,-0.0189014380862316
2025-06-13,4.802999973297119,4.821499824523926,4.735499858856201,4.821499824523926,698.0,-0.0056057347455713
2025-06-16,4.826499938964844,4.829500198364258,4.794000148773193,4.794000148773193,649.0,-0.0170505738306195
2025-06-17,4.80049991607666,4.806000232696533,4.770999908447266,4.806000232696533,700.0,-0.0172444586463622
2025-06-18,4.84499979019165,4.84499979019165,4.815499782562256,4.83650016784668,0.0,0.0091229478583737
2025-06-19,4.84499979019165,4.84499979019165,4.815499782562256,4.83650016784668,0.0,0.0091229478583737
2025-06-20,4.826000213623047,4.830999851226807,4.75,4.830999851226807,854.0,0.0009329648940685
2025-06-23,4.8429999351501465,4.9079999923706055,4.816500186920166,4.81850004196167,819.0,0.0082936329075999
2025-06-24,4.867000102996826,4.868500232696533,4.863500118255615,4.863500118255615,506.0,0.0083561973529083
2025-06-25,4.913000106811523,4.913000106811523,4.889999866485596,4.890500068664551,708.0,0.0231647132537686
2025-06-26,5.065499782562256,5.073500156402588,5.042500019073486,5.04449987411499,17008.0,0.044505604547734
2025-06-27,5.06850004196167,5.086999893188477,4.976500034332275,5.053500175476074,4809.0,0.0490269126513585
2025-06-30,5.03000020980835,5.076000213623047,5.01200008392334,5.070499897003174,1194.0,0.0378856757923867
2025-07-01,5.047999858856201,5.122000217437744,5.031499862670898,5.031499862670898,1003.0,0.0365143452649721
2025-07-02,5.14900016784668,5.161499977111816,5.034999847412109,5.046500205993652,792.0,0.0469177787348198
2025-07-03,5.0970001220703125,5.151999950408936,5.084499835968018,5.151999950408936,0.0,0.0061993487209819
2025-07-04,5.018499851226807,5.084499835968018,5.0,5.084499835968018,0.0,-0.0099138694924649
2025-07-07,4.984499931335449,5.002999782562256,4.956500053405762,5.002999782562256,718.0,-0.0090869421180415
2025-07-08,5.644999980926514,5.644999980926514,4.94950008392334,4.9679999351501465,922.0,0.1117780969442258
2025-07-09,5.44350004196167,5.682000160217285,5.397500038146973,5.4670000076293945,857.0,0.0556196903857586
2025-07-10,5.547999858856201,5.5929999351501465,5.543499946594238,5.579999923706055,756.0,0.0847853217047543
2025-07-11,5.561999797821045,5.585000038146973,5.449999809265137,5.585000038146973,1082.0,0.1028266648349614
2025-07-14,5.514999866485596,5.514999866485596,5.44950008392334,5.47599983215332,1093.0,0.1011385447911377
2025-07-15,5.546000003814697,5.546000003814697,5.482999801635742,5.486000061035156,1621.0,-0.017693246341382
2025-07-16,5.496500015258789,5.513999938964844,5.445000171661377,5.489999771118164,1152.0,0.0096892847651929
2025-07-17,5.486000061035156,5.490499973297119,5.456999778747559,5.4679999351501465,866.0,-0.0112380733710696
2025-07-18,5.578000068664551,5.578999996185303,5.488999843597412,5.488999843597412,521.0,0.0028725820534577
2025-07-21,5.610499858856201,5.617000102996826,5.55049991607666,5.55049991607666,583.0,0.0171681884695586
2025-07-22,5.697000026702881,5.69950008392334,5.64300012588501,5.64300012588501,729.0,0.0268627773040265
2025-07-23,5.795000076293945,5.865499973297119,5.750999927520752,5.750999927520752,607.0,0.0528839611443196
2025-07-24,5.776999950408936,5.894999980926514,5.771999835968018,5.860499858856201,686.0,0.0516851045738717
2025-07-25,5.763500213623047,5.78000020980835,5.728000164031982,5.775000095367432,911.0,0.0327146646085576
2025-07-28,5.59499979019165,5.748000144958496,5.498000144958496,5.747499942779541,782.0,-0.0027665127010736
2025-07-29,5.603499889373779,5.610000133514404,5.583000183105469,5.610000133514404,1039.0,-0.0165483424178392
2025-07-30,5.570000171661377,5.627999782562256,4.492499828338623,5.626500129699707,2823.0,-0.0396004051990822
2025-07-31,4.33050012588501,4.5954999923706055,4.323500156402588,4.59499979019165,1537.0,-0.2882014703565483
2025-08-01,4.412499904632568,4.412499904632568,4.385000228881836,4.388999938964844,1301.0,-0.2671035654773427
2025-08-04,4.414999961853027,4.431000232696533,4.414500236511231,4.423500061035156,1042.0,-0.2368654788490173
2025-08-05,4.363999843597412,4.401000022888184,4.355000019073486,4.388000011444092,831.0,-0.2500023506360515
2025-08-06,4.390999794006348,4.412000179290772,4.380499839782715,4.400000095367432,924.0,-0.2378381400912285
2025-08-07,4.378499984741211,4.427000045776367,4.377500057220459,4.399499893188477,986.0,0.0110231586368509
2025-08-08,4.45550012588501,4.45550012588501,4.387499809265137,4.387499809265137,645.0,0.0096979156780835
2025-08-11,4.423500061035156,4.451499938964844,4.423500061035156,4.445499897003174,794.0,0.0019234263236239
2025-08-12,4.508500099182129,4.512499809265137,4.5,4.512499809265137,803.0,0.0325754938251929
2025-08-13,4.48199987411499,4.509500026702881,4.4720001220703125,4.509500026702881,879.0,0.0205124026250586
2025-08-14,4.464499950408936,4.46649980545044,4.454999923706055,4.454999923706055,2053.0,0.019451018372062
2025-08-15,4.478000164031982,4.488500118255615,4.473999977111816,4.488500118255615,797.0,0.0050372384827144
2025-08-18,4.456999778747559,4.464000225067139,4.447000026702881,4.447000026702881,1008.0,0.0075445925836192
2025-08-19,4.408999919891357,4.419000148773193,4.408999919891357,4.419000148773193,957.0,-0.0223166377502883
2025-08-20,4.426000118255615,4.431000232696533,4.4079999923706055,4.412499904632568,1188.0,-0.0125730789446887
2025-08-21,4.43149995803833,4.440000057220459,4.429500102996826,4.438499927520752,821.0,-0.0074190971399074
2025-08-22,4.447500228881836,4.447999954223633,4.446499824523926,4.447000026702881,939.0,-0.006834362786313
2025-08-25,4.46649980545044,4.473499774932861,4.466000080108643,4.4730000495910645,945.0,0.0021292162794033
2025-08-26,4.450500011444092,4.453499794006348,4.450500011444092,4.453499794006348,528.0,0.0093685637818108
2025-08-27,4.414500236511231,4.414500236511231,4.414500236511231,4.414500236511231,20198.0,-0.0026016374117583
2025-08-28,4.463500022888184,4.478000164031982,4.40749979019165,4.424499988555908,7819.0,0.0071950990377738
2025-08-29,4.518499851226807,4.521999835968018,4.46649980545044,4.46649980545044,0.0,0.015837855413639
2025-09-03,4.558499813079834,4.590000152587891,4.5335001945495605,4.572500228881836,1166.0,0.0239771290498005
2025-09-04,4.48799991607666,4.507500171661377,4.487500190734863,4.498000144958496,881.0,0.0165125185854045
2025-09-05,4.482500076293945,4.521500110626221,4.4720001220703125,4.521500110626221,859.0,0.004247726752416
2025-09-08,4.490499973297119,4.499000072479248,4.482999801635742,4.482999801635742,888.0,-0.0062159992521829
2025-09-09,4.500999927520752,4.51200008392334,4.484000205993652,4.511499881744385,1354.0,-0.0151042048437071
2025-09-10,4.550000190734863,4.553999900817871,4.502500057220459,4.503499984741211,1052.0,-0.0018663061554583
2025-09-11,4.590499877929688,4.610000133514404,4.534999847412109,4.550000190734863,1044.0,0.0225817744887761
2025-09-12,4.588500022888184,4.593500137329102,4.581500053405762,4.589000225067139,883.0,0.0233722347475419
2025-09-15,4.6554999351501465,4.66349983215332,4.5929999351501465,4.599999904632568,491.0,0.0360852542343783
2025-09-16,4.632999897003174,4.636000156402588,4.630000114440918,4.635000228881836,651.0,0.0289050059955065
2025-09-17,4.571000099182129,4.5879998207092285,4.547500133514404,4.570000171661377,950.0,0.0046047461651236
2025-09-18,4.540999889373779,4.5625,4.521500110626221,4.559500217437744,837.0,-0.010841696255504
2025-09-19,4.568999767303467,4.572500228881836,4.544000148773193,4.544000148773193,653.0,-0.004258866613383
2025-09-22,4.572999954223633,4.587500095367432,4.570499897003174,4.572500228881836,830.0,-0.0178798677509396
2025-09-23,4.584499835968018,4.586999893188477,4.570000171661377,4.570000171661377,1072.0,-0.0105235714752516
2025-09-24,4.752500057220459,4.766499996185303,4.558499813079834,4.581999778747559,1961.0,0.0389387863727906
2025-09-25,4.699999809265137,4.743000030517578,4.699999809265137,4.743000030517578,1220.0,0.0344152403799554
2025-09-26,4.715499877929688,4.715499877929688,4.66949987411499,4.677000045776367,1901.0,0.0315606174630573
2025-09-29,4.841000080108643,4.8420000076293945,4.708499908447266,4.708499908447266,2748.0,0.0569518928397318
2025-09-30,4.804999828338623,4.828000068664551,4.777999877929688,4.795499801635742,1426.0,0.0469759939685532
2025-10-01,4.83050012588501,4.84250020980835,4.7820000648498535,4.811500072479248,755.0,0.0162792006153554
2025-10-02,4.8979997634887695,4.918499946594238,4.84250020980835,4.84250020980835,1055.0,0.0412644421085414
2025-10-03,5.058000087738037,5.061999797821045,4.954999923706055,4.954999923706055,995.0,0.0701162364793951
2025-10-06,4.986999988555908,5.002500057220459,4.980500221252441,5.002500057220459,1007.0,0.02971319676369
2025-10-07,5.047999858856201,5.074999809265137,5.039500236511231,5.067500114440918,731.0,0.0493350905818886
2025-10-08,5.046000003814697,5.058499813079834,5.019000053405762,5.04449987411499,685.0,0.0436458429389722
2025-10-09,5.075500011444092,5.114999771118164,5.050000190734863,5.05649995803833,913.0,0.0355981342544523
2025-10-10,4.848499774932861,5.116000175476074,4.834000110626221,5.116000175476074,960.0,-0.042301833251652
2025-10-13,5.100500106811523,5.100500106811523,5.066999912261963,5.067999839782715,960.0,0.0225040708126185
2025-10-14,4.980500221252441,4.987500190734863,4.912499904632568,4.912499904632568,551.0,-0.0134617652517479
2025-10-15,4.9720001220703125,4.990499973297119,4.919000148773193,4.990499973297119,1056.0,-0.0147736527748348
2025-10-16,4.958000183105469,4.958000183105469,4.909999847412109,4.929500102996826,615.0,-0.0234225739528051
2025-10-17,4.93149995803833,4.959000110626221,4.93149995803833,4.954999923706055,686.0,0.0169738605604945
2025-10-20,4.998000144958496,5.003499984741211,4.984000205993652,4.984000205993652,560.0,-0.0203007336657584
2025-10-21,4.929999828338623,4.940000057220459,4.920000076293945,4.940000057220459,674.0,-0.0101913787919769
2025-10-22,4.960999965667725,4.9720001220703125,4.9045000076293945,4.90500020980835,613.0,-0.0022148718015381
2025-10-23,5.081999778747559,5.081999778747559,4.965499877929688,4.966000080108643,403.0,0.0247023708171666
2025-10-24,5.093500137329102,5.0945000648498535,5.09250020980835,5.093999862670898,368.0,0.0323220511066162
2025-10-27,5.140500068664551,5.19950008392334,5.10699987411499,5.1875,421.0,0.028112502942138
2025-10-28,5.140500068664551,5.142000198364258,5.079999923706055,5.079999923706055,670.0,0.0418114111233525
2025-10-29,5.233500003814697,5.233500003814697,5.198999881744385,5.19950008392334,2276.0,0.053472944643224
2025-10-30,5.078000068664551,5.184000015258789,5.0295000076293945,5.174499988555908,2249.0,-0.0007873445570275
2025-10-31,5.065499782562256,5.099500179290772,5.061500072479248,5.078499794006348,982.0,-0.0055124374232555
2025-11-03,5.046999931335449,5.088500022888184,5.027500152587891,5.0879998207092285,0.0,-0.0183563706050964
2025-11-04,4.926000118255615,4.939000129699707,4.91949987411499,4.91949987411499,590.0,-0.0426230406534348
2025-11-05,4.9629998207092285,4.96649980545044,4.959000110626221,4.959000110626221,606.0,-0.053069910561881
2025-11-06,4.945499897003174,4.9629998207092285,4.936500072479248,4.962500095367432,946.0,-0.0264394454330686
2025-11-07,4.938000202178955,4.945000171661377,4.935500144958496,4.944499969482422,599.0,-0.0254923747198885
2025-11-10,5.086999893188477,5.089499950408936,5.015999794006348,5.015999794006348,1048.0,0.0078942510905678
2025-11-11,5.048500061035156,5.048500061035156,5.041999816894531,5.042500019073486,685.0,0.0245638578472351
2025-11-12,5.089499950408936,5.126999855041504,5.037000179290772,5.043000221252441,656.0,0.0251692236866385
2025-11-13,5.087500095367432,5.104000091552734,5.038000106811523,5.099500179290772,795.0,0.0283085181427688
2025-11-14,5.049499988555908,5.051000118255615,5.048500061035156,5.051000118255615,780.0,0.0223287943516161
2025-11-17,5.0,5.002500057220459,4.997499942779541,4.998000144958496,699.0,-0.0172503324095697
2025-11-18,4.962500095367432,4.976500034332275,4.940000057220459,4.940000057220459,767.0,-0.0171815163210721
2025-11-19,5.007999897003174,5.010499954223633,5.00600004196167,5.010000228881836,1148.0,-0.0161429709351203
2025-11-20,4.959499835968018,4.998499870300293,4.940000057220459,4.980000019073486,969.0,-0.0254816733845418
2025-11-21,5.008500099182129,5.013000011444092,4.920000076293945,4.920000076293945,616.0,-0.0081527373456506
2025-11-24,4.961999893188477,4.974999904632568,4.956999778747559,4.973999977111816,1045.0,-0.0076290486903928
2025-11-25,4.999499797821045,5.002999782562256,4.994999885559082,5.002999782562256,41200.0,0.0074282017630041
2025-11-26,5.104499816894531,5.119999885559082,5.015999794006348,5.020500183105469,11335.0,0.0190858545242123
2025-11-27,5.104499816894531,5.119999885559082,5.015999794006348,5.020500183105469,11335.0,0.0190858545242123
2025-11-28,5.185500144958496,5.215000152587891,5.054999828338623,5.119500160217285,1349.0,0.044561400872623
2025-12-01,5.218999862670898,5.28000020980835,5.185999870300293,5.210000038146973,1396.0,0.0411692974755352
2025-12-02,5.160999774932861,5.227499961853027,5.1479997634887695,5.173999786376953,1740.0,0.0393214518136705
2025-12-03,5.308000087738037,5.35099983215332,5.162000179290772,5.162000179290772,1005.0,0.0598772660054264
2025-12-04,5.291500091552734,5.3125,5.232999801635742,5.308000087738037,1491.0,0.0359793090979404
2025-12-05,5.381999969482422,5.400000095367432,5.269499778747559,5.281000137329102,949.0,0.037193749632174
2025-12-08,5.364500045776367,5.376999855041504,5.316999912261963,5.373000144958496,621.0,0.0274973972798887
2025-12-09,5.240499973297119,5.33650016784668,5.236999988555908,5.33650016784668,440.0,0.0152865929752336
2025-12-10,5.2754998207092285,5.323999881744385,5.247499942779541,5.247499942779541,948.0,-0.0061417053848988
2025-12-11,5.427000045776367,5.438499927520752,5.328000068664551,5.334000110626221,990.0,0.025284726662707
2025-12-12,5.2835001945495605,5.435500144958496,5.210000038146973,5.423999786376953,1213.0,-0.0184712529133628
2025-12-15,5.338500022888184,5.409999847412109,5.273499965667725,5.273499965667725,1068.0,-0.0048584647042657
2025-12-16,5.287000179290772,5.306000232696533,5.269999980926514,5.269999980926514,798.0,0.0088341026323281
2025-12-17,5.363500118255615,5.368000030517578,5.315000057220459,5.315000057220459,1289.0,0.0165433414891054
2025-12-18,5.366499900817871,5.386000156402588,5.322000026702881,5.322000026702881,860.0,-0.0112105950584722
2025-12-19,5.439499855041504,5.468999862670898,5.425000190734863,5.431000232696533,703.0,0.0290983245087213
2025-12-22,5.4375,5.480000019073486,5.41949987411499,5.441500186920166,1789.0,0.0183746774912014
2025-12-23,5.47599983215332,5.524499893188477,5.422999858856201,5.435999870300293,724.0,0.0351238656099329
2025-12-24,5.498499870300293,5.564000129699707,5.46999979019165,5.5,1111.0,0.0248585350770894
2025-12-25,5.498499870300293,5.564000129699707,5.46999979019165,5.5,1111.0,0.0248585350770894
2025-12-26,5.766499996185303,5.78000020980835,5.609499931335449,5.609499931335449,876.0,0.0718894015646032
2025-12-29,5.490499973297119,5.78849983215332,5.490499973297119,5.78849983215332,2538.0,0.0093322029623929
2025-12-30,5.727499961853027,5.735499858856201,5.497499942779541,5.51200008392334,3056.0,0.0519597322703928
2025-12-31,5.630000114440918,5.64900016784668,5.624499797821045,5.632500171661377,1095.0,0.0277345857037097
2026-01-05,5.924499988555908,5.92549991607666,5.796500205993652,5.796500205993652,775.0,0.0270309833206733
2026-01-06,6.010499954223633,6.016499996185303,5.90749979019165,5.960000038146973,1480.0,0.0904886109539443
2026-01-07,5.809000015258789,5.9670000076293945,5.796500205993652,5.9670000076293945,1055.0,0.0141293129519498
2026-01-08,5.746500015258789,5.798999786376953,5.671999931335449,5.798999786376953,1385.0,0.0204815140034124
2026-01-09,5.855500221252441,5.855500221252441,5.855500221252441,5.855500221252441,965.0,0.037497386448259
2026-01-12,5.985000133514404,6.011499881744385,5.940999984741211,5.953499794006348,1078.0,0.010160067975105
2026-01-13,5.96999979019165,5.9710001945495605,5.959000110626221,5.965000152587891,1211.0,-0.0067610398853724
2026-01-14,6.008999824523926,6.019000053405762,5.978000164031982,6.0,1011.0,0.0338498745124363
2026-01-15,5.947999954223633,5.957499980926514,5.894000053405762,5.938000202178955,1068.0,0.0344640444198195
2026-01-16,5.78849983215332,5.790999889373779,5.75,5.78000020980835,868.0,-0.0115082666183898
2026-01-19,5.78849983215332,5.790999889373779,5.75,5.78000020980835,868.0,-0.0115082666183898
2026-01-20,5.7729997634887695,5.879499912261963,5.747000217437744,5.849500179290772,772.0,-0.0360645262078254
2026-01-21,5.729499816894531,5.827000141143799,5.727499961853027,5.802499771118164,744.0,-0.0411186573347355
2026-01-22,5.742499828338623,5.763999938964844,5.700500011444092,5.700500011444092,981.0,-0.0453636904616091
2026-01-23,5.910999774932861,5.914500236511231,5.754000186920166,5.783999919891357,767.0,-0.0062400371355664
2026-01-26,5.984000205993652,5.988999843597412,5.878499984741211,5.980000019073486,720.0,0.0332161134291786
2026-01-27,5.828499794006348,5.841000080108643,5.820499897003174,5.831999778747559,917.0,0.0095678069249862
2026-01-28,5.892499923706055,5.894499778747559,5.881499767303467,5.881499767303467,1681.0,0.0280521079545156
2026-01-29,6.17549991607666,6.507999897003174,6.131499767303467,6.1570000648498535,3804.0,0.0726952116182357
2026-01-30,5.896999835968018,6.1545000076293945,5.745999813079834,6.1545000076293945,1981.0,-0.0023712645640561
2026-02-02,5.801499843597412,5.859499931335449,5.568999767303467,5.739999771118164,1104.0,-0.030972797249777
2026-02-03,6.0625,6.07450008392334,5.869500160217285,5.874499797821045,699.0,0.0393626142283335
2026-02-04,5.826000213623047,6.078999996185303,5.826000213623047,6.059999942779541,831.0,-0.0113496476760811
2026-02-05,5.798999786376953,5.802999973297119,5.679999828338623,5.776999950408936,884.0,-0.0629043852498163
2026-02-06,5.863500118255615,5.864500045776367,5.650000095367432,5.650000095367432,421.0,-0.0056970041151167
2026-02-09,5.945000171661377,5.952499866485596,5.879499912261963,5.879499912261963,542.0,0.0244340811711896
2026-02-10,5.895999908447266,5.901000022888184,5.875500202178955,5.887499809265137,445.0,-0.0278481169045061
2026-02-11,5.948999881744385,5.952499866485596,5.922999858856201,5.922999858856201,653.0,0.0208924231231023
2026-02-12,5.770999908447266,5.972499847412109,5.75,5.972499847412109,1109.0,-0.004840092191838
2026-02-13,5.792500019073486,5.798999786376953,5.699999809265137,5.795499801635742,1584.0,-0.0121827344698909
2026-02-23,5.7729997634887695,5.880000114440918,5.750500202178955,5.880000114440918,764.0,-0.0033721455069024
2026-02-24,5.922999858856201,5.928500175476074,5.854000091552734,5.854000091552734,937.0,0.0502009118370113
2026-02-25,5.979499816894531,5.982999801635742,5.9704999923706055,5.9704999923706055,29280.0,0.0316003315677614
2026-02-26,5.947000026702881,6.000500202178955,5.914000034332275,5.992499828338623,7727.0,0.0371713611592452
2026-02-27,6.004499912261963,6.079999923706055,5.959499835968018,5.959499835968018,3035.0,0.0293206867807168
2026-03-02,5.894499778747559,6.0304999351501465,5.876999855041504,5.96649980545044,1695.0,0.0208278401043581
2026-03-03,5.773499965667725,5.943999767303467,5.71999979019165,5.909999847412109,1489.0,-0.0255645770017997
2026-03-04,5.855000019073486,5.889500141143799,5.789000034332275,5.790500164031982,736.0,-0.0210409214971992
2026-03-05,5.752999782562256,5.848999977111816,5.730000019073486,5.848999977111816,1705.0,-0.0331654751289844
2026-03-06,5.756999969482422,5.791999816894531,5.735499858856201,5.785999774932861,1171.0,-0.0420926731138327
2026-03-09,5.80049991607666,5.8460001945495605,5.630000114440918,5.7230000495910645,1061.0,-0.0160755689496097
2026-03-10,5.90399980545044,5.90749979019165,5.829500198364258,5.8445000648498535,737.0,0.0223515778827635
2026-03-11,5.8454999923706055,5.888500213623047,5.789500236511231,5.888500213623047,853.0,-0.0016238671477587
2026-03-12,5.82450008392334,5.852499961853027,5.77400016784668,5.852000236511231,636.0,0.0123517531807564
2026-03-13,5.714499950408936,5.791999816894531,5.628499984741211,5.729000091552734,546.0,-0.0074097047153161
2026-03-16,5.790500164031982,5.809500217437744,5.630000114440918,5.630000114440918,571.0,-0.0017254342949601
2026-03-17,5.726500034332275,5.748499870300293,5.699999809265137,5.742000102996826,703.0,-0.0305255244950426
2026-03-18,5.553999900817871,5.734000205993652,5.440000057220459,5.721499919891357,1985.0,-0.0511537621327383
2026-03-19,5.433000087738037,5.480500221252441,5.289500236511231,5.480000019073486,1355.0,-0.06958168954789
2026-03-20,5.34250020980835,5.514500141143799,5.26800012588501,5.514500141143799,1388.0,-0.0673130481946724
2026-03-23,5.439499855041504,5.5,5.421999931335449,5.452499866485596,1206.0,-0.0625315537403019
2026-03-24,5.422500133514404,5.5,5.375999927520752,5.393499851226807,1140.0,-0.0545475415097781
2026-03-25,5.52899980545044,5.53249979019165,5.493000030517578,5.53249979019165,811.0,-0.004511438858144
2026-03-26,5.446499824523926,5.477000236511231,5.425000190734863,5.463500022888184,547.0,0.0024816846037455
2026-03-27,5.4670000076293945,5.4670000076293945,5.4670000076293945,5.4670000076293945,4008.0,0.0230362738256656
2026-03-30,5.47599983215332,5.499000072479248,5.401000022888184,5.401000022888184,2377.0,0.0066877585451044
2026-03-31,5.587500095367432,5.627999782562256,5.483500003814697,5.483500003814697,1807.0,0.0299749886664949
2026-04-01,5.624000072479248,5.631499767303467,5.584000110626221,5.616499900817871,1430.0,0.0170362352271742
2026-04-02,5.563000202178955,5.613999843597412,5.548500061035156,5.548999786376953,0.0,0.0211643991144397
2026-04-03,5.563000202178955,5.613999843597412,5.548500061035156,5.548999786376953,0.0,0.0211643991144397
2026-04-06,5.583499908447266,5.624499797821045,5.567500114440918,5.624499797821045,638.0,0.0210857821982963
2026-04-07,5.54449987411499,5.567500114440918,5.54449987411499,5.567500114440918,542.0,0.0124315459317769
2026-04-08,5.759500026702881,5.763000011444092,5.758999824523926,5.759500026702881,650.0,0.0303186930130594
2026-04-09,5.748000144958496,5.748000144958496,5.727000236511231,5.727000236511231,2085.0,0.0218088260398688
2026-04-10,5.870500087738037,5.870500087738037,5.770500183105469,5.777500152587891,683.0,0.0538022565970438
2026-04-13,5.97599983215332,6.0,5.97599983215332,5.97599983215332,401.0,0.0679356162370276
2026-04-14,6.070499897003174,6.079500198364258,6.067999839782715,6.07450008392334,485.0,0.0906345343284651
2026-04-15,6.072000026702881,6.084000110626221,6.070000171661377,6.072999954223633,394.0,0.0528373744702931
2026-04-16,6.066500186920166,6.067999839782715,6.019999980926514,6.065000057220459,1007.0,0.0539298698859298
2026-04-17,6.103499889373779,6.105500221252441,6.077000141143799,6.101500034332275,842.0,0.0389225349689596
2026-04-20,6.035999774932861,6.054500102996826,5.980000019073486,5.980000019073486,1058.0,0.0099900838744146
2026-04-21,6.001500129699707,6.001500129699707,5.968500137329102,5.999499797821045,924.0,-0.0114314974406375
2026-04-22,6.119999885559082,6.119999885559082,6.11299991607666,6.115499973297119,1149.0,0.0078740333337016
2026-04-23,6.075500011444092,6.075500011444092,6.020999908447266,6.0229997634887695,957.0,0.0014824289285224
2026-04-24,6.023499965667725,6.023499965667725,5.980000019073486,5.980000019073486,788.0,-0.0131938789776223
2026-04-28,5.914500236511231,5.914500236511231,5.914500236511231,5.914500236511231,23966.0,-0.0146024566024505
2026-04-29,5.878499984741211,5.964000225067139,5.862500190734863,5.923500061035156,4555.0,-0.0402604530947736
