time,open,high,low,close,volume
2017-07-20 07:00:00,11.75,11.75,11.75,11.75,2000
2017-07-21 07:00:00,12.58,12.58,12.58,12.58,10010
2017-07-24 07:00:00,13.43,13.43,13.43,13.43,10
2017-07-25 07:00:00,14.36,14.36,14.36,14.36,10
2017-07-26 07:00:00,15.35,15.35,15.35,15.35,6020
2017-07-27 07:00:00,16.41,16.41,15.56,16.41,1078970
2017-07-28 07:00:00,17.41,17.54,17.34,17.54,360000
2017-07-31 07:00:00,18.74,18.74,18.74,18.74,220000
2017-08-01 07:00:00,20.05,20.05,20.05,20.05,551530
2017-08-02 07:00:00,21.42,21.42,19.19,19.87,703050
2017-08-03 07:00:00,19.87,19.87,18.5,18.5,353980
2017-08-04 07:00:00,19.19,19.77,18.5,19.74,194320
2017-08-07 07:00:00,20.49,20.49,19.33,19.74,124720
2017-08-08 07:00:00,19.19,19.33,18.57,18.57,245060
2017-08-09 07:00:00,18.5,18.98,17.3,18.98,675340
2017-08-10 07:00:00,18.98,18.98,17.75,17.89,86550
2017-08-11 07:00:00,17.13,18.5,17.13,18.5,152900
2017-08-14 07:00:00,18.5,18.68,17.54,18.13,161420
2017-08-15 07:00:00,17.89,17.89,16.86,17.27,391180
2017-08-16 07:00:00,17.68,17.68,17.2,17.48,106700
2017-08-17 07:00:00,17.48,17.61,17.34,17.34,80110
2017-08-18 07:00:00,17.34,17.34,17.0,17.13,67000
2017-08-21 07:00:00,17.1,17.65,17.06,17.61,135980
2017-08-22 07:00:00,17.61,17.61,17.24,17.41,16960
2017-08-23 07:00:00,17.13,17.41,17.13,17.27,38920
2017-08-24 07:00:00,17.27,17.27,17.06,17.13,22810
2017-08-25 07:00:00,17.13,17.54,17.13,17.41,158370
2017-08-28 07:00:00,17.13,17.72,17.06,17.68,161300
2017-08-29 07:00:00,17.82,17.82,17.34,17.68,62230
2017-08-30 07:00:00,17.61,17.61,17.13,17.34,114910
2017-08-31 07:00:00,17.24,17.51,16.93,17.13,225550
2017-09-01 07:00:00,17.13,17.51,17.06,17.48,161080
2017-09-05 07:00:00,17.78,17.78,17.27,17.48,126890
2017-09-06 07:00:00,17.17,17.34,17.13,17.2,521380
2017-09-07 07:00:00,17.27,17.34,17.13,17.34,172410
2017-09-08 07:00:00,17.41,18.09,17.37,17.75,253780
2017-09-11 07:00:00,18.16,18.43,17.48,17.82,320470
2017-09-12 07:00:00,17.37,18.02,17.37,17.82,482780
2017-09-13 07:00:00,18.33,18.5,17.61,18.16,585880
2017-09-14 07:00:00,18.64,19.19,18.37,18.57,607710
2017-09-15 07:00:00,18.85,19.02,18.4,18.4,696120
2017-09-18 07:00:00,18.4,18.54,18.02,18.16,475760
2017-09-19 07:00:00,18.02,18.16,17.75,17.82,1038800
2017-09-20 07:00:00,17.82,17.82,17.27,17.27,1205870
2017-09-21 07:00:00,17.27,17.54,17.27,17.48,1105750
2017-09-22 07:00:00,17.95,18.68,17.95,18.68,969900
2017-09-25 07:00:00,19.19,19.46,18.64,18.78,268030
2017-09-26 07:00:00,18.78,18.78,18.26,18.5,347490
2017-09-27 07:00:00,18.5,18.68,18.37,18.57,212930
2017-09-28 07:00:00,18.71,18.71,18.47,18.5,399530
2017-09-29 07:00:00,18.64,18.68,18.09,18.43,146050
2017-10-02 07:00:00,18.57,18.57,18.02,18.16,176220
2017-10-03 07:00:00,18.16,18.16,17.72,17.82,227080
2017-10-04 07:00:00,18.02,18.09,17.82,17.92,56960
2017-10-05 07:00:00,18.43,18.43,17.89,17.89,136710
2017-10-06 07:00:00,17.75,17.99,17.68,17.78,134870
2017-10-09 07:00:00,18.16,18.16,17.61,17.78,102920
2017-10-10 07:00:00,17.82,17.82,17.61,17.78,141910
2017-10-11 07:00:00,17.61,17.78,17.61,17.78,107260
2017-10-12 07:00:00,17.78,18.5,17.68,18.5,245820
2017-10-13 07:00:00,18.5,18.85,18.23,18.68,347950
2017-10-16 07:00:00,18.5,18.71,18.5,18.61,318450
2017-10-17 07:00:00,18.61,18.61,18.26,18.26,218340
2017-10-18 07:00:00,18.26,18.5,18.16,18.16,81190
2017-10-19 07:00:00,17.89,18.37,17.85,18.23,125880
2017-10-20 07:00:00,18.26,18.4,18.02,18.02,184910
2017-10-23 07:00:00,17.82,17.82,17.41,17.41,816130
2017-10-24 07:00:00,17.13,17.54,16.79,17.2,634590
2017-10-25 07:00:00,17.48,18.3,17.48,17.89,909870
2017-10-26 07:00:00,18.02,18.06,17.82,17.82,496990
2017-10-27 07:00:00,17.82,17.89,17.54,17.54,305970
2017-10-30 07:00:00,17.54,17.54,17.34,17.54,218990
2017-10-31 07:00:00,17.41,17.54,17.27,17.34,143460
2017-11-01 07:00:00,17.48,17.61,17.37,17.51,142450
2017-11-02 07:00:00,17.54,17.54,16.31,17.13,308420
2017-11-03 07:00:00,17.13,17.27,16.93,17.13,278550
2017-11-06 07:00:00,17.13,17.27,17.13,17.13,62350
2017-11-07 07:00:00,17.13,17.54,17.13,17.48,122000
2017-11-08 07:00:00,17.41,17.41,17.13,17.17,248710
2017-11-09 07:00:00,17.2,17.37,17.13,17.34,90240
2017-11-10 07:00:00,17.37,17.37,17.13,17.17,270440
2017-11-13 07:00:00,17.1,17.17,16.79,16.79,163100
2017-11-14 07:00:00,16.79,17.34,16.52,16.82,562720
2017-11-15 07:00:00,16.89,17.13,16.89,17.0,400170
2017-11-16 07:00:00,16.93,17.54,16.93,17.44,254430
2017-11-17 07:00:00,17.44,17.51,17.17,17.17,266190
2017-11-20 07:00:00,17.17,17.44,17.06,17.06,158930
2017-11-21 07:00:00,17.27,17.31,16.92,16.96,98690
2017-11-22 07:00:00,16.96,17.31,16.96,17.17,208710
2017-11-23 07:00:00,17.51,17.51,17.03,17.31,216190
2017-11-24 07:00:00,17.31,17.31,17.03,17.1,133290
2017-11-27 07:00:00,17.1,17.17,16.89,16.96,89850
2017-11-28 07:00:00,17.03,17.24,16.54,16.96,324720
2017-11-29 07:00:00,16.96,16.96,15.78,15.82,587020
2017-11-30 07:00:00,16.16,16.16,15.68,15.96,159140
2017-12-01 07:00:00,15.92,16.51,15.85,16.48,239280
2017-12-04 07:00:00,16.48,16.72,16.06,16.48,340630
2017-12-05 07:00:00,16.48,16.48,16.2,16.41,121990
2017-12-06 07:00:00,16.48,16.48,16.09,16.2,144070
2017-12-07 07:00:00,16.27,16.37,15.96,16.2,93600
2017-12-08 07:00:00,16.2,16.2,15.82,15.92,464320
2017-12-11 07:00:00,15.92,15.92,15.78,15.78,191290
2017-12-12 07:00:00,15.78,15.78,14.99,15.23,140320
2017-12-13 07:00:00,14.95,15.23,14.88,15.23,266020
2017-12-14 07:00:00,15.23,15.3,14.54,14.54,363340
2017-12-15 07:00:00,14.54,15.54,14.54,15.54,494780
2017-12-18 07:00:00,15.92,15.92,15.58,15.92,188120
2017-12-19 07:00:00,15.85,15.85,15.58,15.58,124010
2017-12-20 07:00:00,15.75,15.82,15.51,15.75,114030
2017-12-21 07:00:00,15.75,15.85,15.47,15.85,97660
2017-12-22 07:00:00,15.58,15.78,15.58,15.78,156870
2017-12-25 07:00:00,15.78,16.02,15.64,15.75,182590
2017-12-26 07:00:00,15.58,15.75,15.51,15.71,153420
2017-12-27 07:00:00,15.58,15.71,15.37,15.64,113030
2017-12-28 07:00:00,15.82,15.82,15.54,15.71,175190
2017-12-29 07:00:00,15.37,15.71,15.37,15.71,117160
2018-01-02 07:00:00,16.48,16.48,15.64,16.06,433820
2018-01-03 07:00:00,16.2,17.13,15.71,17.13,306380
2018-01-04 07:00:00,17.24,17.72,17.24,17.65,446070
2018-01-05 07:00:00,17.65,17.72,17.24,17.44,140980
2018-01-08 07:00:00,17.44,17.44,16.99,17.38,172230
2018-01-09 07:00:00,17.24,18.48,17.24,18.48,893460
2018-01-10 07:00:00,18.55,18.62,18.07,18.34,459990
2018-01-11 07:00:00,18.34,18.41,17.86,18.34,332540
2018-01-12 07:00:00,18.41,18.52,17.93,18.41,385660
2018-01-15 07:00:00,18.69,18.69,18.14,18.41,122590
2018-01-16 07:00:00,18.41,18.41,18.07,18.34,152260
2018-01-17 07:00:00,18.41,18.9,18.07,18.41,890000
2018-01-18 07:00:00,18.41,18.79,18.41,18.79,422930
2018-01-19 07:00:00,18.79,18.9,18.59,18.9,362190
2018-01-22 07:00:00,18.9,18.9,18.14,18.27,406590
2018-01-25 07:00:00,18.24,18.24,17.79,18.14,324870
2018-01-26 07:00:00,18.55,19.38,17.79,19.38,1681240
2018-01-29 07:00:00,20.0,20.0,18.9,19.62,480970
2018-01-30 07:00:00,19.38,19.73,19.31,19.66,206650
2018-01-31 07:00:00,19.52,19.59,19.04,19.38,427500
2018-02-01 07:00:00,19.38,19.52,18.9,19.35,234810
2018-02-02 07:00:00,19.24,19.31,18.97,19.18,106760
2018-02-05 07:00:00,19.18,19.18,18.34,18.34,358290
2018-02-06 07:00:00,17.09,18.48,17.09,18.38,509040
2018-02-07 07:00:00,18.52,18.87,18.24,18.87,95620
2018-02-08 07:00:00,18.73,18.83,18.52,18.73,343250
2018-02-09 07:00:00,18.73,18.73,17.43,18.73,338000
2018-02-12 07:00:00,18.87,19.22,18.73,19.22,226530
2018-02-13 07:00:00,19.53,19.53,18.94,19.08,222840
2018-02-21 07:00:00,19.22,19.22,18.87,19.04,77150
2018-02-22 07:00:00,18.87,18.87,18.52,18.87,120260
2018-02-23 07:00:00,18.8,19.18,18.59,19.18,121750
2018-02-26 07:00:00,19.22,19.57,18.87,19.5,559940
2018-02-27 07:00:00,19.57,19.88,19.36,19.53,94080
2018-02-28 07:00:00,19.57,19.64,19.43,19.43,179450
2018-03-01 07:00:00,19.43,19.43,18.9,19.08,203620
2018-03-02 07:00:00,19.08,19.15,18.94,18.97,48050
2018-03-05 07:00:00,19.01,19.01,18.52,18.52,113390
2018-03-06 07:00:00,18.31,18.8,18.17,18.8,531610
2018-03-07 07:00:00,18.87,19.43,18.31,19.43,482280
2018-03-08 07:00:00,19.43,19.92,18.9,19.92,1464480
2018-03-09 07:00:00,19.92,19.92,19.5,19.57,368170
2018-03-12 07:00:00,19.57,19.78,19.29,19.71,595470
2018-03-13 07:00:00,19.57,19.64,19.29,19.5,361030
2018-03-14 07:00:00,19.29,19.57,19.22,19.57,344170
2018-03-15 07:00:00,19.5,19.53,18.8,18.8,609290
2018-03-16 07:00:00,18.8,19.29,18.8,18.87,274870
2018-03-19 07:00:00,19.36,19.43,18.52,19.15,488820
2018-03-20 07:00:00,19.08,19.22,18.66,19.15,420380
2018-03-21 07:00:00,18.8,18.87,18.52,18.55,85480
2018-03-22 07:00:00,18.8,18.94,18.59,18.94,458380
2018-03-23 07:00:00,18.94,18.94,18.45,18.9,402890
2018-03-26 07:00:00,18.87,18.87,17.82,18.24,117250
2018-03-27 07:00:00,18.69,18.73,18.17,18.73,127690
2018-03-28 07:00:00,18.24,18.62,18.24,18.52,46310
2018-03-29 07:00:00,18.17,18.45,17.54,18.17,281850
2018-03-30 07:00:00,17.61,18.17,17.54,17.54,134130
2018-04-02 07:00:00,17.68,17.96,17.37,17.89,328280
2018-04-03 07:00:00,17.96,17.96,17.47,17.96,711610
2018-04-04 07:00:00,17.54,17.89,17.47,17.86,266880
2018-04-05 07:00:00,17.68,17.92,17.54,17.89,303800
2018-04-06 07:00:00,17.89,17.89,17.47,17.82,160440
2018-04-09 07:00:00,17.82,18.07,17.68,17.89,448430
2018-04-10 07:00:00,17.89,17.89,17.47,17.82,295190
2018-04-11 07:00:00,17.54,17.82,17.26,17.68,308430
2018-04-12 07:00:00,17.61,17.61,17.26,17.33,136240
2018-04-13 07:00:00,17.33,17.54,16.13,16.9,631590
2018-04-16 07:00:00,16.66,16.83,16.2,16.83,374960
2018-04-17 07:00:00,16.83,16.9,16.27,16.83,409470
2018-04-18 07:00:00,16.76,16.76,16.2,16.73,416460
2018-04-19 07:00:00,16.24,16.62,16.2,16.62,148630
2018-04-20 07:00:00,16.41,16.76,16.27,16.55,254040
2018-04-23 07:00:00,16.55,16.55,16.13,16.48,257210
2018-04-24 07:00:00,16.34,16.34,16.06,16.34,34550
2018-04-26 07:00:00,16.2,16.2,15.42,16.2,100790
2018-04-27 07:00:00,16.2,16.2,15.85,16.13,51420
2018-05-02 07:00:00,15.92,15.92,15.71,15.71,125060
2018-05-03 07:00:00,15.64,15.64,15.35,15.64,100700
2018-05-04 07:00:00,15.5,15.57,15.28,15.57,109460
2018-05-07 07:00:00,15.5,15.99,15.5,15.99,43040
2018-05-08 07:00:00,15.5,15.92,15.28,15.78,345030
2018-05-09 07:00:00,15.78,15.78,15.28,15.5,241940
2018-05-10 07:00:00,15.35,15.5,15.21,15.5,186090
2018-05-11 07:00:00,15.21,15.39,14.97,15.28,324360
2018-05-14 07:00:00,14.9,15.14,14.79,15.0,146510
2018-05-15 07:00:00,14.86,15.32,14.83,15.21,82830
2018-05-16 07:00:00,15.28,15.71,15.18,15.5,65300
2018-05-17 07:00:00,15.5,15.71,15.21,15.46,22550
2018-05-18 07:00:00,15.46,15.46,15.07,15.39,50000
2018-05-21 07:00:00,15.57,15.57,14.79,14.79,111150
2018-05-22 07:00:00,15.07,15.07,14.44,14.72,98990
2018-05-23 07:00:00,14.72,14.72,13.7,13.73,395680
2018-05-24 07:00:00,13.73,13.73,13.24,13.52,251110
2018-05-25 07:00:00,13.52,13.95,13.17,13.95,194020
2018-05-28 07:00:00,13.73,14.02,13.24,14.02,164950
2018-05-29 07:00:00,13.38,14.09,13.31,14.09,134940
2018-05-30 07:00:00,14.02,14.02,13.38,13.84,167050
2018-05-31 07:00:00,13.42,13.59,13.31,13.59,131510
2018-06-01 07:00:00,13.7,13.88,13.28,13.88,217060
2018-06-04 07:00:00,13.45,13.91,13.45,13.91,90070
2018-06-05 07:00:00,13.66,13.66,13.1,13.45,408540
2018-06-06 07:00:00,13.45,13.45,12.96,13.03,221700
2018-06-07 07:00:00,13.03,13.38,13.03,13.24,101180
2018-06-08 07:00:00,13.24,13.24,12.96,13.0,54130
2018-06-11 07:00:00,12.89,13.03,12.29,13.03,571510
2018-06-12 07:00:00,13.03,13.03,12.33,12.54,203750
2018-06-13 07:00:00,12.4,12.68,12.36,12.64,87390
2018-06-14 07:00:00,12.64,12.64,12.26,12.54,347350
2018-06-15 07:00:00,12.4,12.4,11.97,11.97,393620
2018-06-18 07:00:00,11.97,12.04,11.83,11.97,411820
2018-06-19 07:00:00,11.73,11.97,11.41,11.62,338520
2018-06-20 07:00:00,11.62,11.62,11.16,11.2,501770
2018-06-21 07:00:00,11.2,11.3,11.13,11.27,245070
2018-06-22 07:00:00,11.13,12.04,11.13,12.04,270060
2018-06-25 07:00:00,12.18,12.68,11.59,12.04,286950
2018-06-26 07:00:00,12.04,12.04,11.23,11.48,683300
2018-06-27 07:00:00,11.48,11.59,11.27,11.41,83660
2018-06-28 07:00:00,11.59,11.8,11.41,11.62,172680
2018-06-29 07:00:00,11.27,11.62,11.27,11.62,124880
2018-07-02 07:00:00,11.52,11.62,11.34,11.52,118070
2018-07-03 07:00:00,11.55,11.62,11.41,11.48,174340
2018-07-04 07:00:00,11.52,11.62,11.44,11.52,151620
2018-07-05 07:00:00,11.55,11.55,11.27,11.52,100860
2018-07-06 07:00:00,11.41,11.48,11.13,11.13,367160
2018-07-09 07:00:00,11.27,11.44,11.27,11.38,89420
2018-07-10 07:00:00,11.38,11.41,11.27,11.38,147740
2018-07-11 07:00:00,11.38,11.38,10.92,11.27,52440
2018-07-12 07:00:00,11.13,11.34,11.06,11.3,112600
2018-07-13 07:00:00,11.27,11.76,11.27,11.59,140270
2018-07-16 07:00:00,11.55,11.83,11.41,11.69,175870
2018-07-17 07:00:00,11.48,11.83,11.48,11.83,155260
2018-07-18 07:00:00,11.83,12.54,11.83,12.47,212150
2018-07-19 07:00:00,12.47,13.31,11.62,12.96,365000
2018-07-20 07:00:00,12.96,12.96,12.64,12.89,182340
2018-07-23 07:00:00,12.47,12.89,12.47,12.89,87000
2018-07-24 07:00:00,12.68,12.85,12.47,12.82,138540
2018-07-25 07:00:00,12.82,12.82,12.47,12.82,166870
2018-07-26 07:00:00,12.68,12.68,12.26,12.26,114000
2018-07-27 07:00:00,12.26,12.4,11.97,12.4,134680
2018-07-30 07:00:00,12.4,12.4,11.97,12.08,193720
2018-07-31 07:00:00,12.18,12.36,12.18,12.36,39070
2018-08-01 07:00:00,12.36,12.4,12.33,12.33,115940
2018-08-02 07:00:00,12.33,12.33,12.15,12.26,77040
2018-08-03 07:00:00,12.26,12.26,12.08,12.18,160270
2018-08-06 07:00:00,12.11,12.22,11.83,12.18,233060
2018-08-07 07:00:00,12.11,12.18,11.94,12.18,146380
2018-08-08 07:00:00,12.26,12.26,11.97,12.18,123320
2018-08-09 07:00:00,11.94,12.15,11.94,12.11,201160
2018-08-10 07:00:00,12.01,12.22,12.01,12.18,78690
2018-08-13 07:00:00,12.11,12.54,12.11,12.47,158170
2018-08-14 07:00:00,12.68,13.24,12.47,13.06,247220
2018-08-15 07:00:00,13.06,13.1,12.61,13.06,114370
2018-08-16 07:00:00,12.68,13.28,12.68,13.21,287280
2018-08-17 07:00:00,13.1,13.28,12.92,13.17,264990
2018-08-20 07:00:00,13.17,13.17,12.82,12.82,187860
2018-08-21 07:00:00,12.82,13.31,12.54,13.17,160890
2018-08-22 07:00:00,12.96,13.24,12.96,13.21,45770
2018-08-23 07:00:00,13.24,13.24,12.78,12.96,174430
2018-08-24 07:00:00,12.82,13.03,12.82,13.03,42440
2018-08-27 07:00:00,13.03,13.17,12.89,13.06,201170
2018-08-28 07:00:00,13.06,13.1,12.78,13.1,122150
2018-08-29 07:00:00,13.1,13.1,12.89,12.92,50780
2018-08-30 07:00:00,13.03,13.03,12.85,12.96,53950
2018-08-31 07:00:00,12.85,12.96,12.78,12.96,159070
2018-09-04 07:00:00,12.96,12.96,12.71,12.89,156640
2018-09-05 07:00:00,12.85,12.96,12.78,12.82,284040
2018-09-06 07:00:00,12.82,12.82,12.64,12.71,129100
2018-09-07 07:00:00,12.71,12.71,12.57,12.68,63610
2018-09-10 07:00:00,12.82,12.82,12.54,12.68,114990
2018-09-11 07:00:00,12.68,12.68,12.54,12.68,75230
2018-09-12 07:00:00,12.57,13.24,12.54,13.06,322890
2018-09-13 07:00:00,13.24,13.24,13.0,13.03,89580
2018-09-14 07:00:00,12.96,13.31,12.92,13.21,205800
2018-09-17 07:00:00,13.03,13.21,12.82,13.03,115230
2018-09-18 07:00:00,12.85,13.17,12.85,13.03,225470
2018-09-19 07:00:00,13.03,13.24,13.03,13.1,201800
2018-09-20 07:00:00,13.17,13.17,13.0,13.03,69140
2018-09-21 07:00:00,13.1,13.1,12.92,13.03,75650
2018-09-24 07:00:00,13.03,13.03,12.92,12.92,108990
2018-09-25 07:00:00,12.96,13.06,12.92,12.96,144840
2018-09-26 07:00:00,13.03,13.84,13.03,13.84,1029450
2018-09-27 07:00:00,14.16,14.37,13.73,13.73,190550
2018-09-28 07:00:00,13.73,14.23,13.73,14.09,359040
2018-10-01 07:00:00,14.09,14.33,13.77,13.88,158530
2018-10-02 07:00:00,13.8,13.95,13.59,13.73,161950
2018-10-03 07:00:00,13.73,14.33,13.59,14.33,501530
2018-10-04 07:00:00,14.33,14.33,14.09,14.12,180680
2018-10-05 07:00:00,14.09,14.09,13.8,13.88,265290
2018-10-08 07:00:00,13.8,13.88,13.52,13.8,184540
2018-10-09 07:00:00,13.8,14.09,13.73,13.98,247130
2018-10-10 07:00:00,14.23,14.23,13.77,13.77,99690
2018-10-11 07:00:00,13.52,13.52,13.17,13.21,564560
2018-10-12 07:00:00,12.96,13.66,12.92,13.59,218460
2018-10-15 07:00:00,13.59,13.7,13.38,13.45,58200
2018-10-16 07:00:00,13.38,13.66,13.38,13.66,220700
2018-10-17 07:00:00,13.77,13.88,13.63,13.88,121140
2018-10-18 07:00:00,13.91,13.95,13.8,13.88,47480
2018-10-19 07:00:00,13.73,13.88,13.66,13.88,57870
2018-10-22 07:00:00,13.88,13.98,13.8,13.95,157230
2018-10-23 07:00:00,13.98,14.44,13.8,14.09,273930
2018-10-24 07:00:00,14.09,14.37,13.88,14.05,76380
2018-10-25 07:00:00,13.66,13.88,13.38,13.88,109000
2018-10-26 07:00:00,13.95,13.95,13.73,13.8,147570
2018-10-29 07:00:00,13.59,13.77,13.56,13.77,60210
2018-10-30 07:00:00,13.59,13.8,13.56,13.77,39370
2018-10-31 07:00:00,13.59,13.77,13.52,13.73,109560
2018-11-01 07:00:00,13.66,13.77,13.59,13.63,36640
2018-11-02 07:00:00,13.56,14.09,13.56,14.02,273900
2018-11-05 07:00:00,14.02,14.02,13.84,14.02,74160
2018-11-06 07:00:00,14.09,14.76,14.09,14.72,671750
2018-11-07 07:00:00,15.0,15.0,14.47,14.62,219340
2018-11-08 07:00:00,14.65,15.28,14.65,15.04,365660
2018-11-09 07:00:00,15.04,15.07,14.47,14.51,374880
2018-11-12 07:00:00,14.3,14.62,14.3,14.51,89190
2018-11-13 07:00:00,14.26,14.93,14.26,14.79,184000
2018-11-14 07:00:00,14.79,15.46,14.79,15.39,461590
2018-11-15 07:00:00,15.39,16.2,15.39,15.5,435120
2018-11-16 07:00:00,15.5,15.88,15.5,15.85,283800
2018-11-19 07:00:00,15.92,16.27,15.92,16.16,401330
2018-11-20 07:00:00,16.16,16.16,15.78,16.16,374130
2018-11-21 07:00:00,15.88,16.52,15.88,16.41,131750
2018-11-22 07:00:00,16.48,16.59,16.06,16.27,217600
2018-11-23 07:00:00,15.88,16.34,15.88,16.06,172740
2018-11-26 07:00:00,16.06,16.73,16.06,16.41,351920
2018-11-27 07:00:00,16.41,16.66,16.27,16.34,183110
2018-11-28 07:00:00,16.27,16.34,15.99,16.13,262270
2018-11-29 07:00:00,16.13,16.2,16.06,16.13,109370
2018-11-30 07:00:00,16.13,16.48,16.09,16.27,189040
2018-12-03 07:00:00,16.27,16.69,16.24,16.62,208790
2018-12-04 07:00:00,16.76,16.76,16.48,16.52,83330
2018-12-05 07:00:00,16.59,16.62,16.45,16.55,208780
2018-12-06 07:00:00,16.55,17.36,16.55,17.26,546420
2018-12-07 07:00:00,17.19,17.29,17.11,17.26,83790
2018-12-10 07:00:00,17.19,17.89,17.15,17.71,359780
2018-12-11 07:00:00,17.82,17.82,17.36,17.47,188890
2018-12-12 07:00:00,17.61,17.68,17.33,17.61,64180
2018-12-13 07:00:00,17.47,17.64,17.4,17.61,70680
2018-12-14 07:00:00,17.61,17.61,17.19,17.4,107960
2018-12-17 07:00:00,17.26,17.75,16.97,17.61,183220
2018-12-18 07:00:00,17.61,17.92,17.33,17.82,251260
2018-12-19 07:00:00,17.82,17.89,17.64,17.82,163200
2018-12-20 07:00:00,17.82,17.96,17.75,17.86,158500
2018-12-21 07:00:00,17.75,17.82,17.54,17.54,272090
2018-12-24 07:00:00,17.61,17.82,17.47,17.61,175820
2018-12-25 07:00:00,17.47,17.61,17.26,17.61,273780
2018-12-26 07:00:00,17.78,17.82,17.57,17.61,147500
2018-12-27 07:00:00,18.12,18.12,17.68,17.75,269770
2018-12-28 07:00:00,17.75,17.97,17.1,17.83,94430
2019-01-02 07:00:00,17.75,17.75,16.74,16.74,149120
2019-01-03 07:00:00,16.74,17.17,16.3,16.81,312360
2019-01-04 07:00:00,17.36,17.36,16.23,16.88,39710
2019-01-07 07:00:00,16.23,16.99,16.23,16.85,67540
2019-01-08 07:00:00,16.85,17.21,16.74,16.81,90980
2019-01-09 07:00:00,16.81,17.17,16.81,16.85,64110
2019-01-10 07:00:00,16.85,17.17,16.85,17.1,119410
2019-01-11 07:00:00,17.68,17.68,17.03,17.1,101600
2019-01-14 07:00:00,17.46,17.46,16.85,17.1,44830
2019-01-15 07:00:00,17.1,17.39,17.1,17.25,33560
2019-01-16 07:00:00,17.21,17.97,17.17,17.72,165150
2019-01-17 07:00:00,17.72,17.97,17.46,17.68,73050
2019-01-18 07:00:00,17.64,18.12,17.61,17.9,153220
2019-01-21 07:00:00,17.9,18.26,17.75,17.97,100000
2019-01-22 07:00:00,18.08,18.08,17.79,17.97,55480
2019-01-23 07:00:00,17.83,17.97,17.43,17.83,192420
2019-01-24 07:00:00,17.61,17.68,17.5,17.54,207930
2019-01-25 07:00:00,17.61,17.9,17.61,17.61,96090
2019-01-28 07:00:00,17.75,17.75,17.17,17.54,27410
2019-01-29 07:00:00,17.03,17.54,17.03,17.03,71240
2019-01-30 07:00:00,17.03,17.39,17.03,17.39,65860
2019-01-31 07:00:00,17.1,17.39,17.1,17.36,25320
2019-02-01 07:00:00,17.25,17.39,17.21,17.39,65240
2019-02-11 07:00:00,17.39,17.61,17.25,17.61,143120
2019-02-12 07:00:00,17.5,18.12,17.5,18.12,138480
2019-02-13 07:00:00,18.26,19.35,18.19,19.13,770920
2019-02-14 07:00:00,19.13,19.2,18.44,18.48,539240
2019-02-15 07:00:00,18.26,18.77,18.12,18.26,415360
2019-02-18 07:00:00,18.19,18.4,17.54,18.12,3112080
2019-02-19 07:00:00,17.86,18.01,17.54,17.9,1480890
2019-02-20 07:00:00,17.9,17.9,17.39,17.39,4031510
2019-02-21 07:00:00,17.39,17.54,17.28,17.39,404390
2019-02-22 07:00:00,17.39,17.75,17.25,17.61,2405120
2019-02-25 07:00:00,17.68,17.79,17.54,17.68,2964940
2019-02-26 07:00:00,17.75,18.12,17.54,17.93,4799590
2019-02-27 07:00:00,18.04,18.44,17.57,18.44,7843150
2019-02-28 07:00:00,18.7,18.84,18.12,18.26,1094900
2019-03-01 07:00:00,18.33,18.4,17.9,18.4,2155630
2019-03-04 07:00:00,18.4,18.62,18.19,18.4,1676860
2019-03-05 07:00:00,18.48,19.02,18.33,18.62,2258020
2019-03-06 07:00:00,18.62,18.7,18.51,18.66,708930
2019-03-07 07:00:00,18.77,18.95,18.4,18.73,1729570
2019-03-08 07:00:00,18.59,19.13,18.4,18.84,1376490
2019-03-11 07:00:00,19.06,19.06,18.77,18.98,722440
2019-03-12 07:00:00,19.06,19.06,18.8,18.91,1226450
2019-03-13 07:00:00,18.91,18.91,18.77,18.84,1475330
2019-03-14 07:00:00,18.84,19.57,18.62,19.2,1848810
2019-03-15 07:00:00,19.27,19.93,19.06,19.71,1440870
2019-03-18 07:00:00,19.71,19.86,19.49,19.86,1507270
2019-03-19 07:00:00,19.78,20.22,19.75,20.0,1245160
2019-03-20 07:00:00,19.89,20.0,19.6,19.89,959430
2019-03-21 07:00:00,19.89,19.93,19.57,19.57,954810
2019-03-22 07:00:00,19.57,19.64,19.2,19.57,746200
2019-03-25 07:00:00,18.91,19.42,18.91,18.95,697020
2019-03-26 07:00:00,18.95,19.2,18.95,18.95,528880
2019-03-27 07:00:00,19.09,19.13,19.02,19.06,296360
2019-03-28 07:00:00,18.98,19.64,18.98,19.53,644600
2019-03-29 07:00:00,19.78,19.78,19.35,19.35,547300
2019-04-01 07:00:00,19.49,19.49,18.77,18.84,706460
2019-04-02 07:00:00,18.84,19.13,18.84,18.84,874460
2019-04-03 07:00:00,18.84,19.17,18.84,19.17,707670
2019-04-04 07:00:00,19.24,19.57,19.13,19.42,568780
2019-04-05 07:00:00,19.57,19.57,19.13,19.35,341570
2019-04-08 07:00:00,19.35,19.35,18.95,19.13,354960
2019-04-09 07:00:00,18.98,19.13,18.62,18.62,406370
2019-04-10 07:00:00,18.48,18.77,18.26,18.66,521170
2019-04-11 07:00:00,18.84,18.84,18.48,18.62,353460
2019-04-12 07:00:00,18.62,18.62,18.26,18.4,635550
2019-04-16 07:00:00,18.19,18.26,17.68,18.22,640050
2019-04-17 07:00:00,18.4,18.55,18.22,18.22,350440
2019-04-18 07:00:00,18.22,18.33,17.83,18.08,284770
2019-04-19 07:00:00,18.08,18.15,17.97,18.08,192270
2019-04-22 07:00:00,18.08,18.26,17.93,18.15,337720
2019-04-23 07:00:00,18.12,18.77,18.12,18.15,177730
2019-04-24 07:00:00,18.15,18.77,18.15,18.77,682160
2019-04-25 07:00:00,18.77,18.84,18.62,18.7,65500
2019-04-26 07:00:00,18.84,18.84,18.55,18.8,74810
2019-05-02 07:00:00,18.55,18.98,18.55,18.98,273240
2019-05-03 07:00:00,18.95,18.95,18.8,18.8,311840
2019-05-06 07:00:00,18.33,18.62,18.33,18.37,136230
2019-05-07 07:00:00,18.48,18.59,17.97,18.12,265460
2019-05-08 07:00:00,18.12,18.33,17.9,18.15,133760
2019-05-09 07:00:00,18.4,18.4,18.12,18.26,43010
2019-05-10 07:00:00,18.26,18.3,17.83,18.12,71930
2019-05-13 07:00:00,18.26,18.26,17.93,18.08,27090
2019-05-14 07:00:00,17.83,18.4,17.83,18.4,224900
2019-05-15 07:00:00,18.62,18.62,18.33,18.33,79940
2019-05-16 07:00:00,18.19,18.33,18.01,18.33,66050
2019-05-17 07:00:00,18.08,18.26,18.01,18.04,51370
2019-05-20 07:00:00,18.12,18.15,17.9,17.9,146880
2019-05-21 07:00:00,17.9,18.04,17.9,18.04,111400
2019-05-22 07:00:00,18.04,18.12,18.01,18.04,20660
2019-05-23 07:00:00,18.01,18.12,17.93,18.04,67150
2019-05-24 07:00:00,17.9,18.04,17.9,17.97,79000
2019-05-27 07:00:00,17.97,18.62,17.72,18.4,352670
2019-05-28 07:00:00,18.48,18.62,18.19,18.59,346140
2019-05-29 07:00:00,18.62,18.73,18.48,18.73,215210
2019-05-30 07:00:00,18.73,19.09,18.7,18.73,360130
2019-05-31 07:00:00,18.73,18.88,18.7,18.84,178220
2019-06-03 07:00:00,18.84,18.84,18.37,18.37,83770
2019-06-04 07:00:00,18.37,18.55,17.93,18.22,288140
2019-06-05 07:00:00,18.12,18.44,18.12,18.19,34380
2019-06-06 07:00:00,18.12,18.33,18.12,18.19,70300
2019-06-07 07:00:00,18.26,19.02,18.26,18.84,353180
2019-06-10 07:00:00,19.06,19.17,18.84,19.17,535450
2019-06-11 07:00:00,19.2,19.57,19.13,19.2,556660
2019-06-12 07:00:00,19.06,19.24,18.77,18.77,158550
2019-06-13 07:00:00,18.84,19.35,18.7,19.13,339110
2019-06-14 07:00:00,19.17,19.38,18.88,18.88,371520
2019-06-17 07:00:00,18.88,18.98,18.8,18.91,161030
2019-06-18 07:00:00,18.88,19.13,18.84,19.09,145430
2019-06-19 07:00:00,19.57,19.71,19.09,19.57,1166570
2019-06-20 07:00:00,19.57,19.57,19.27,19.46,242740
2019-06-21 07:00:00,19.46,19.53,19.27,19.35,152460
2019-06-24 07:00:00,19.49,19.49,18.95,19.06,440220
2019-06-25 07:00:00,19.2,19.35,19.06,19.17,236180
2019-06-26 07:00:00,18.98,19.24,18.98,19.06,118240
2019-06-27 07:00:00,18.98,19.24,18.98,18.98,368040
2019-06-28 07:00:00,18.98,19.06,18.91,19.06,96200
2019-07-01 07:00:00,19.06,19.27,18.98,19.09,194070
2019-07-02 07:00:00,19.09,19.6,19.06,19.49,851130
2019-07-03 07:00:00,19.49,19.53,19.38,19.49,320720
2019-07-04 07:00:00,19.42,20.14,19.42,20.14,1463820
2019-07-05 07:00:00,20.25,20.43,19.89,19.89,1011850
2019-07-08 07:00:00,19.93,20.22,19.71,19.93,482970
2019-07-09 07:00:00,19.86,20.25,19.86,20.18,437620
2019-07-10 07:00:00,20.14,20.54,20.14,20.4,551160
2019-07-11 07:00:00,20.43,20.54,20.33,20.47,539110
2019-07-12 07:00:00,20.47,20.51,20.0,20.04,854740
2019-07-15 07:00:00,19.96,20.22,19.86,20.22,420000
2019-07-16 07:00:00,20.29,20.29,19.96,19.96,258440
2019-07-17 07:00:00,20.0,20.04,19.93,19.93,251090
2019-07-18 07:00:00,19.93,20.4,19.93,20.4,455620
2019-07-19 07:00:00,20.4,20.87,20.4,20.8,761810
2019-07-22 07:00:00,20.4,20.76,20.4,20.65,261350
2019-07-23 07:00:00,20.72,20.72,20.43,20.51,219390
2019-07-24 07:00:00,20.36,20.83,20.29,20.51,315050
2019-07-25 07:00:00,20.8,21.01,20.0,20.0,932480
2019-07-26 07:00:00,19.96,20.43,19.49,19.67,1061430
2019-07-29 07:00:00,19.71,19.71,19.2,19.27,593560
2019-07-30 07:00:00,19.27,19.38,18.4,18.51,975730
2019-07-31 07:00:00,18.77,18.98,18.19,18.84,463870
2019-08-01 07:00:00,18.91,19.31,18.84,19.31,352250
2019-08-02 07:00:00,19.17,19.17,18.84,18.98,389740
2019-08-05 07:00:00,18.84,18.84,18.4,18.44,615320
2019-08-06 07:00:00,18.15,18.7,17.9,18.59,435420
2019-08-07 07:00:00,18.77,19.06,18.77,18.98,219230
2019-08-08 07:00:00,18.98,19.31,18.88,19.13,245890
2019-08-09 07:00:00,19.06,19.49,18.98,19.35,461790
2019-08-12 07:00:00,19.35,19.46,18.98,19.09,75230
2019-08-13 07:00:00,18.84,19.09,18.77,18.95,353130
2019-08-14 07:00:00,18.88,18.98,18.88,18.88,107870
2019-08-15 07:00:00,18.84,19.42,18.77,19.31,293860
2019-08-16 07:00:00,19.09,19.38,19.09,19.38,233960
2019-08-19 07:00:00,19.49,19.78,19.38,19.71,342420
2019-08-20 07:00:00,20.07,20.07,19.71,19.82,215300
2019-08-21 07:00:00,19.71,19.86,19.71,19.82,261530
2019-08-22 07:00:00,19.71,19.86,19.67,19.71,132620
2019-08-23 07:00:00,19.71,19.89,19.2,19.71,89260
2019-08-26 07:00:00,19.35,19.6,19.35,19.57,86570
2019-08-27 07:00:00,19.57,19.6,19.38,19.46,77610
2019-08-28 07:00:00,19.35,19.49,18.77,19.2,282270
2019-08-29 07:00:00,18.91,19.2,18.91,19.06,46910
2019-08-30 07:00:00,19.17,19.35,19.06,19.17,130350
2019-09-03 07:00:00,19.49,19.49,19.06,19.17,61160
2019-09-04 07:00:00,19.13,19.13,18.95,18.98,151830
2019-09-05 07:00:00,18.98,19.02,18.91,18.95,58720
2019-09-06 07:00:00,18.95,19.2,18.8,18.91,139910
2019-09-09 07:00:00,18.91,19.06,18.84,18.91,53140
2019-09-10 07:00:00,19.02,19.02,18.8,18.8,93340
2019-09-11 07:00:00,18.8,18.98,18.8,18.91,87630
2019-09-12 07:00:00,18.98,19.06,18.7,18.7,196770
2019-09-13 07:00:00,18.7,18.77,18.33,18.55,251170
2019-09-16 07:00:00,18.62,18.84,18.62,18.7,69870
2019-09-17 07:00:00,18.7,18.8,18.55,18.55,63500
2019-09-18 07:00:00,18.62,18.91,18.55,18.84,123550
2019-09-19 07:00:00,18.84,19.06,18.77,18.84,49190
2019-09-20 07:00:00,18.84,19.35,18.8,19.31,327240
2019-09-23 07:00:00,19.31,19.46,19.27,19.27,94240
2019-09-24 07:00:00,19.31,19.31,19.02,19.13,46870
2019-09-25 07:00:00,18.91,19.13,18.91,18.91,47410
2019-09-26 07:00:00,18.91,18.98,18.77,18.77,71130
2019-09-27 07:00:00,18.77,18.84,18.73,18.77,76010
2019-09-30 07:00:00,18.77,19.13,18.77,19.13,161210
2019-10-01 07:00:00,19.2,19.31,19.13,19.2,193490
2019-10-02 07:00:00,19.17,19.17,18.84,18.88,130440
2019-10-03 07:00:00,18.7,19.06,18.7,18.98,58670
2019-10-04 07:00:00,18.91,19.13,18.88,18.88,33920
2019-10-07 07:00:00,18.84,18.91,18.77,18.84,84250
2019-10-08 07:00:00,18.7,19.06,18.55,18.84,24840
2019-10-09 07:00:00,18.8,18.84,18.7,18.84,73840
2019-10-10 07:00:00,18.84,18.98,18.7,18.73,61670
2019-10-11 07:00:00,18.73,18.98,18.73,18.84,239710
2019-10-14 07:00:00,19.06,19.06,18.77,18.84,35400
2019-10-15 07:00:00,18.84,19.06,18.84,18.84,46320
2019-10-16 07:00:00,18.88,18.91,18.88,18.91,15590
2019-10-17 07:00:00,18.88,18.95,18.48,18.7,155840
2019-10-18 07:00:00,18.77,18.77,18.62,18.7,66500
2019-10-21 07:00:00,18.7,18.73,18.55,18.55,61410
2019-10-22 07:00:00,18.55,18.62,18.48,18.55,54150
2019-10-23 07:00:00,18.91,18.91,18.59,18.62,32040
2019-10-24 07:00:00,18.62,18.77,18.62,18.77,18260
2019-10-25 07:00:00,18.84,18.84,18.66,18.7,29000
2019-10-28 07:00:00,18.66,18.8,18.66,18.66,59930
2019-10-29 07:00:00,18.66,18.84,18.66,18.73,30980
2019-10-30 07:00:00,18.73,18.8,18.62,18.66,35980
2019-10-31 07:00:00,18.7,18.73,18.62,18.62,50700
2019-11-01 07:00:00,18.7,18.7,18.3,18.3,28430
2019-11-04 07:00:00,18.3,18.55,18.3,18.55,42740
2019-11-05 07:00:00,18.7,18.7,18.33,18.4,20700
2019-11-06 07:00:00,18.4,18.4,18.19,18.19,48680
2019-11-07 07:00:00,18.19,18.55,18.15,18.33,37940
2019-11-08 07:00:00,18.26,18.4,18.26,18.33,37930
2019-11-11 07:00:00,18.33,18.37,18.3,18.3,56940
2019-11-12 07:00:00,18.3,18.4,17.97,17.97,273740
2019-11-13 07:00:00,18.19,18.19,17.93,18.04,127310
2019-11-14 07:00:00,17.97,17.97,17.68,17.75,173700
2019-11-15 07:00:00,17.9,17.97,17.64,17.64,31600
2019-11-18 07:00:00,17.64,17.64,16.67,17.39,508430
2019-11-19 07:00:00,17.25,17.39,17.25,17.32,226090
2019-11-20 07:00:00,17.61,17.61,17.25,17.39,39950
2019-11-21 07:00:00,17.39,17.39,17.1,17.1,62830
2019-11-22 07:00:00,17.17,17.32,16.99,17.17,53870
2019-11-25 07:00:00,17.32,17.72,17.03,17.03,49920
2019-11-26 07:00:00,17.36,17.36,16.59,16.81,303910
2019-11-27 07:00:00,17.1,17.28,16.81,17.21,98530
2019-11-28 07:00:00,17.21,17.39,17.1,17.25,30040
2019-11-29 07:00:00,17.25,17.61,17.25,17.61,46150
2019-12-02 07:00:00,17.68,17.68,17.39,17.61,78500
2019-12-03 07:00:00,17.43,17.61,17.39,17.61,90740
2019-12-04 07:00:00,17.68,17.68,17.46,17.61,49830
2019-12-05 07:00:00,17.43,17.61,17.36,17.54,93490
2019-12-06 07:00:00,17.54,18.19,17.39,18.19,84640
2019-12-09 07:00:00,18.12,18.12,17.68,18.12,32640
2019-12-10 07:00:00,18.04,18.04,17.68,17.97,35590
2019-12-11 07:00:00,17.97,17.97,17.68,17.97,51360
2019-12-12 07:00:00,17.97,17.97,17.68,17.97,66180
2019-12-13 07:00:00,17.97,18.12,17.75,18.01,73340
2019-12-16 07:00:00,18.01,18.08,17.83,17.9,37120
2019-12-17 07:00:00,17.9,17.97,17.75,17.97,28770
2019-12-18 07:00:00,17.97,18.01,17.9,17.9,65410
2019-12-19 07:00:00,17.9,18.12,17.75,18.12,86240
2019-12-20 07:00:00,18.12,18.4,18.08,18.12,57240
2019-12-23 07:00:00,18.12,18.22,17.68,17.79,146990
2019-12-24 07:00:00,17.9,17.9,17.75,17.79,60660
2019-12-25 07:00:00,17.79,17.83,17.75,17.75,9320
2019-12-26 07:00:00,17.75,17.83,17.54,17.61,193410
2019-12-27 07:00:00,18.12,18.12,17.39,17.5,200250
2019-12-30 07:00:00,17.84,17.99,17.31,17.35,130570
2019-12-31 07:00:00,17.01,17.39,17.01,17.39,29980
2020-01-02 07:00:00,17.35,17.46,17.31,17.35,114410
2020-01-03 07:00:00,17.39,17.39,17.08,17.24,100340
2020-01-06 07:00:00,17.31,17.35,17.16,17.16,113870
2020-01-07 07:00:00,17.31,17.31,17.01,17.01,182440
2020-01-08 07:00:00,17.2,17.2,16.9,17.05,95080
2020-01-09 07:00:00,17.05,17.16,16.63,16.93,62710
2020-01-10 07:00:00,17.01,17.2,16.93,17.12,71350
2020-01-13 07:00:00,17.12,17.12,16.86,16.93,28480
2020-01-14 07:00:00,17.01,17.01,16.71,16.93,75660
2020-01-15 07:00:00,17.01,17.01,16.86,16.9,38820
2020-01-16 07:00:00,16.82,16.82,16.71,16.78,38710
2020-01-17 07:00:00,16.78,16.82,16.63,16.74,70080
2020-01-20 07:00:00,16.56,16.86,15.87,16.63,89570
2020-01-21 07:00:00,16.71,16.86,16.48,16.86,23310
2020-01-22 07:00:00,16.93,17.35,16.78,16.78,127540
2020-01-30 07:00:00,16.78,17.39,16.48,16.63,109900
2020-01-31 07:00:00,16.63,16.63,15.53,15.53,88180
2020-02-03 07:00:00,15.53,15.87,14.48,15.08,305310
2020-02-04 07:00:00,15.12,15.12,14.44,14.51,319570
2020-02-05 07:00:00,14.51,14.74,14.48,14.51,295200
2020-02-06 07:00:00,14.51,15.12,14.51,14.63,729180
2020-02-07 07:00:00,14.97,15.08,14.63,14.78,556870
2020-02-10 07:00:00,14.78,15.46,14.63,15.42,125220
2020-02-11 07:00:00,15.27,15.99,15.27,15.87,242380
2020-02-12 07:00:00,16.18,16.4,16.03,16.33,298230
2020-02-13 07:00:00,16.33,16.33,15.87,16.03,159890
2020-02-14 07:00:00,15.87,16.1,15.61,15.95,98900
2020-02-17 07:00:00,15.84,16.22,15.5,16.18,187730
2020-02-18 07:00:00,16.29,16.56,16.18,16.4,250130
2020-02-19 07:00:00,16.59,16.59,16.4,16.56,122580
2020-02-20 07:00:00,16.48,16.59,16.1,16.29,248130
2020-02-21 07:00:00,16.29,16.44,15.87,15.95,191700
2020-02-24 07:00:00,15.72,15.95,15.19,15.19,362630
2020-02-25 07:00:00,15.19,15.65,15.19,15.61,75480
2020-02-26 07:00:00,15.31,15.65,15.27,15.42,261260
2020-02-27 07:00:00,15.42,15.8,15.34,15.65,141730
2020-02-28 07:00:00,15.65,15.95,15.5,15.76,165430
2020-03-02 07:00:00,15.87,16.44,15.87,16.03,151350
2020-03-03 07:00:00,16.4,16.48,15.65,15.87,91630
2020-03-04 07:00:00,15.87,16.14,15.8,15.87,37200
2020-03-05 07:00:00,15.8,15.87,15.5,15.5,255710
2020-03-06 07:00:00,15.5,15.72,15.5,15.65,31380
2020-03-09 07:00:00,15.46,15.46,14.59,14.59,369510
2020-03-10 07:00:00,14.44,14.89,14.4,14.89,129970
2020-03-11 07:00:00,14.97,15.38,14.7,15.04,159470
2020-03-12 07:00:00,14.51,15.34,14.51,14.51,373020
2020-03-13 07:00:00,14.36,14.89,13.83,14.51,266490
2020-03-16 07:00:00,14.66,14.66,14.14,14.21,99310
2020-03-17 07:00:00,14.32,14.4,13.98,14.4,229020
2020-03-18 07:00:00,14.36,14.51,13.98,14.44,251610
2020-03-19 07:00:00,14.36,14.44,14.14,14.44,102430
2020-03-20 07:00:00,14.36,14.4,14.1,14.4,127160
2020-03-23 07:00:00,14.4,14.4,13.42,13.42,404970
2020-03-24 07:00:00,13.0,13.61,13.0,13.53,100110
2020-03-25 07:00:00,13.46,13.76,13.42,13.42,127590
2020-03-26 07:00:00,13.42,13.61,13.19,13.23,188040
2020-03-27 07:00:00,13.23,13.53,13.15,13.23,80590
2020-03-30 07:00:00,12.85,13.19,12.36,12.44,102080
2020-03-31 07:00:00,12.36,12.7,12.1,12.1,167850
2020-04-01 07:00:00,12.1,12.51,12.1,12.36,75300
2020-04-03 07:00:00,12.47,13.19,12.44,12.81,317710
2020-04-06 07:00:00,13.12,13.3,12.81,13.27,366610
2020-04-07 07:00:00,13.57,13.57,13.0,13.23,327190
2020-04-08 07:00:00,13.15,13.23,12.93,13.23,153190
2020-04-09 07:00:00,13.15,13.83,13.15,13.61,240500
2020-04-10 07:00:00,13.57,13.61,13.3,13.46,186080
2020-04-13 07:00:00,13.3,13.64,13.3,13.61,246930
2020-04-14 07:00:00,13.61,13.61,13.46,13.57,176090
2020-04-15 07:00:00,13.72,13.98,13.57,13.87,329290
2020-04-16 07:00:00,13.91,14.44,13.87,14.36,171760
2020-04-17 07:00:00,14.51,14.74,14.36,14.4,515700
2020-04-20 07:00:00,14.44,14.7,14.36,14.59,140840
2020-04-21 07:00:00,14.36,14.44,13.83,13.91,242660
2020-04-22 07:00:00,13.76,14.29,13.76,14.06,93170
2020-04-23 07:00:00,14.66,14.78,14.29,14.48,336290
2020-04-24 07:00:00,14.66,15.46,14.44,15.46,549700
2020-04-27 07:00:00,15.87,16.22,15.72,15.76,349510
2020-04-28 07:00:00,15.68,15.68,15.34,15.38,248600
2020-04-29 07:00:00,15.42,15.8,15.27,15.42,265180
2020-05-04 07:00:00,16.48,16.48,15.5,15.65,232560
2020-05-05 07:00:00,15.53,15.65,15.34,15.5,76770
2020-05-06 07:00:00,15.5,15.95,15.46,15.61,130980
2020-05-07 07:00:00,15.84,15.84,15.53,15.65,137830
2020-05-08 07:00:00,15.72,16.14,15.65,15.68,428270
2020-05-11 07:00:00,15.84,15.95,15.68,15.84,295000
2020-05-12 07:00:00,15.84,16.29,15.84,16.25,208830
2020-05-13 07:00:00,16.33,16.44,16.14,16.25,332540
2020-05-14 07:00:00,16.22,16.37,16.18,16.37,267590
2020-05-15 07:00:00,16.4,16.59,16.06,16.06,226160
2020-05-18 07:00:00,16.06,16.1,15.99,16.03,114420
2020-05-19 07:00:00,16.14,16.4,16.14,16.14,132790
2020-05-20 07:00:00,16.25,16.37,16.25,16.29,183470
2020-05-21 07:00:00,16.33,16.4,16.25,16.37,216650
2020-05-22 07:00:00,16.4,16.52,16.33,16.44,154390
2020-05-25 07:00:00,16.63,17.2,16.48,17.2,278820
2020-05-26 07:00:00,17.31,17.31,17.01,17.2,113150
2020-05-27 07:00:00,17.31,17.31,16.63,16.63,280940
2020-05-28 07:00:00,16.63,16.93,16.59,16.63,129550
2020-05-29 07:00:00,16.63,16.71,16.56,16.71,121200
2020-06-01 07:00:00,16.93,17.01,16.63,16.93,238920
2020-06-02 07:00:00,16.93,17.05,16.25,16.4,202730
2020-06-03 07:00:00,16.48,16.9,16.48,16.59,125270
2020-06-04 07:00:00,16.4,16.63,16.4,16.63,135870
2020-06-05 07:00:00,16.63,17.24,16.63,17.16,210090
2020-06-08 07:00:00,17.31,17.73,17.2,17.73,288460
2020-06-09 07:00:00,17.73,17.88,17.54,17.73,190240
2020-06-10 07:00:00,17.46,18.44,17.46,18.22,301140
2020-06-11 07:00:00,18.29,18.48,17.88,17.95,316170
2020-06-12 07:00:00,17.05,17.76,17.05,17.54,243990
2020-06-15 07:00:00,17.54,18.07,17.54,17.58,369720
2020-06-16 07:00:00,17.61,18.03,17.61,18.03,212360
2020-06-17 07:00:00,18.29,18.29,17.76,17.84,102040
2020-06-18 07:00:00,18.07,18.07,17.92,18.07,114270
2020-06-19 07:00:00,18.07,18.29,17.95,18.26,82980
2020-06-22 07:00:00,18.37,18.44,18.1,18.26,173190
2020-06-23 07:00:00,18.1,18.26,18.07,18.14,248100
2020-06-24 07:00:00,18.14,18.22,17.99,18.14,175630
2020-06-25 07:00:00,17.76,18.14,17.76,18.14,87440
2020-06-26 07:00:00,18.14,18.14,18.03,18.1,94300
2020-06-29 07:00:00,17.46,17.99,17.46,17.58,157760
2020-06-30 07:00:00,17.99,17.99,17.69,17.8,202580
2020-07-01 07:00:00,17.8,18.07,17.69,17.99,31970
2020-07-02 07:00:00,17.99,18.22,17.88,18.14,126680
2020-07-03 07:00:00,18.14,18.44,18.1,18.37,183010
2020-07-06 07:00:00,18.37,18.37,18.26,18.33,53550
2020-07-07 07:00:00,18.33,18.71,18.33,18.37,172640
2020-07-08 07:00:00,18.07,18.48,18.07,18.18,72140
2020-07-09 07:00:00,18.37,18.37,18.1,18.14,121730
2020-07-10 07:00:00,18.03,18.14,18.03,18.07,254370
2020-07-13 07:00:00,18.14,18.18,17.99,18.03,104640
2020-07-14 07:00:00,18.07,18.07,17.92,17.99,164910
2020-07-15 07:00:00,17.99,18.14,17.95,18.03,110140
2020-07-16 07:00:00,18.1,18.22,17.99,18.14,119920
2020-07-17 07:00:00,18.14,18.48,18.14,18.48,84650
2020-07-20 07:00:00,18.48,18.75,18.44,18.75,265210
2020-07-21 07:00:00,18.6,19.01,18.6,18.82,230150
2020-07-22 07:00:00,18.9,19.58,18.9,19.43,418150
2020-07-23 07:00:00,19.5,19.5,18.9,19.24,461440
2020-07-24 07:00:00,19.12,19.12,18.07,18.44,332140
2020-07-27 07:00:00,17.95,18.07,17.24,17.35,377770
2020-07-28 07:00:00,17.35,18.37,17.35,18.07,359630
2020-07-29 07:00:00,18.07,18.07,17.69,17.88,333090
2020-07-30 07:00:00,17.88,18.75,17.88,18.6,102980
2020-07-31 07:00:00,18.37,18.9,18.37,18.6,138690
2020-08-03 07:00:00,18.44,18.9,18.22,18.9,158040
2020-08-04 07:00:00,19.28,19.28,19.05,19.05,185590
2020-08-05 07:00:00,19.01,19.28,19.01,19.28,149830
2020-08-06 07:00:00,19.28,19.28,19.01,19.12,101370
2020-08-07 07:00:00,19.12,19.2,19.01,19.05,197460
2020-08-10 07:00:00,19.2,19.2,18.94,19.16,92370
2020-08-11 07:00:00,19.01,19.24,19.01,19.16,111050
2020-08-12 07:00:00,19.24,19.24,19.09,19.09,112820
2020-08-13 07:00:00,19.28,19.28,19.09,19.2,189090
2020-08-14 07:00:00,19.2,19.24,19.12,19.24,187930
2020-08-17 07:00:00,19.24,19.28,18.9,19.12,171250
2020-08-18 07:00:00,18.97,19.92,18.97,19.88,710610
2020-08-19 07:00:00,20.26,20.26,19.92,19.96,191040
2020-08-20 07:00:00,19.96,19.96,19.58,19.65,101390
2020-08-21 07:00:00,19.96,19.96,19.58,19.73,187670
2020-08-24 07:00:00,19.73,19.88,19.58,19.77,346340
2020-08-25 07:00:00,19.77,20.41,19.77,20.03,234430
2020-08-26 07:00:00,20.03,20.03,19.84,19.88,286470
2020-08-27 07:00:00,20.18,20.18,19.77,19.96,380400
2020-08-28 07:00:00,19.84,19.96,18.6,19.8,455770
2020-08-31 07:00:00,19.58,19.58,18.97,19.28,278880
2020-09-01 07:00:00,19.12,19.39,19.05,19.31,76410
2020-09-03 07:00:00,19.65,19.65,19.28,19.28,160470
2020-09-04 07:00:00,18.9,19.28,18.9,19.24,126060
2020-09-07 07:00:00,19.24,19.28,19.01,19.05,342630
2020-09-08 07:00:00,19.05,19.43,19.05,19.28,337990
2020-09-09 07:00:00,19.35,19.96,19.28,19.65,339290
2020-09-10 07:00:00,20.03,20.41,19.88,19.88,534030
2020-09-11 07:00:00,20.07,20.07,19.88,19.96,327870
2020-09-14 07:00:00,20.03,20.03,19.77,19.8,204730
2020-09-15 07:00:00,19.84,19.88,19.58,19.8,202010
2020-09-16 07:00:00,19.8,19.8,19.58,19.73,81860
2020-09-17 07:00:00,19.73,19.8,19.58,19.77,160360
2020-09-18 07:00:00,19.88,19.96,19.65,19.8,192790
2020-09-21 07:00:00,19.8,19.92,19.73,19.84,64990
2020-09-22 07:00:00,19.92,19.92,19.77,19.88,333050
2020-09-23 07:00:00,19.88,19.96,19.77,19.88,215000
2020-09-24 07:00:00,19.88,19.96,19.69,19.96,353740
2020-09-25 07:00:00,19.96,20.03,19.84,19.99,432650
2020-09-28 07:00:00,20.03,20.11,19.96,20.11,555350
2020-09-29 07:00:00,20.11,20.14,19.92,20.11,683380
2020-09-30 07:00:00,20.07,20.07,19.88,20.03,207170
2020-10-01 07:00:00,19.88,20.03,19.84,19.96,193830
2020-10-02 07:00:00,19.96,19.99,19.65,19.96,447560
2020-10-05 07:00:00,19.96,20.03,19.84,19.96,358720
2020-10-06 07:00:00,20.07,20.07,19.65,19.65,726140
2020-10-07 07:00:00,19.69,19.92,19.58,19.65,288350
2020-10-08 07:00:00,19.8,19.8,19.35,19.58,316200
2020-10-09 07:00:00,19.46,19.54,19.16,19.28,310840
2020-10-12 07:00:00,19.5,20.03,19.28,19.54,897120
2020-10-13 07:00:00,19.88,19.88,19.5,19.54,280100
2020-10-14 07:00:00,19.54,19.65,19.35,19.58,197230
2020-10-15 07:00:00,19.46,19.65,19.16,19.65,605530
2020-10-16 07:00:00,19.28,19.62,19.2,19.58,337890
2020-10-19 07:00:00,19.5,19.58,19.28,19.43,97280
2020-10-20 07:00:00,19.5,19.5,19.28,19.46,176740
2020-10-21 07:00:00,19.46,19.46,19.2,19.28,244210
2020-10-22 07:00:00,19.2,19.35,18.78,19.28,387600
2020-10-23 07:00:00,18.9,19.28,18.9,19.28,490940
2020-10-26 07:00:00,19.28,19.28,18.97,19.28,252290
2020-10-27 07:00:00,19.24,19.24,19.05,19.24,155690
2020-10-28 07:00:00,19.05,19.2,18.86,19.01,186420
2020-10-29 07:00:00,18.6,18.78,18.41,18.71,154050
2020-10-30 07:00:00,18.71,18.82,18.44,18.67,127060
2020-11-02 07:00:00,18.52,18.67,18.52,18.56,28430
2020-11-03 07:00:00,18.56,18.9,18.52,18.63,78620
2020-11-04 07:00:00,18.63,18.78,18.44,18.67,226170
2020-11-05 07:00:00,18.71,19.28,18.71,19.01,447680
2020-11-06 07:00:00,19.01,19.05,18.82,18.9,303800
2020-11-09 07:00:00,18.97,19.12,18.86,18.9,260870
2020-11-10 07:00:00,18.97,18.97,18.86,18.9,343210
2020-11-11 07:00:00,18.9,18.97,18.82,18.9,292020
2020-11-12 07:00:00,19.05,19.05,18.86,18.9,209620
2020-11-13 07:00:00,19.05,19.54,19.05,19.35,580700
2020-11-16 07:00:00,19.65,19.69,19.39,19.46,597700
2020-11-17 07:00:00,19.62,19.8,19.5,19.58,275940
2020-11-18 07:00:00,19.58,19.65,19.35,19.35,356850
2020-11-19 07:00:00,19.35,20.18,19.35,19.96,971180
2020-11-20 07:00:00,20.11,20.14,19.77,19.8,409600
2020-11-23 07:00:00,19.92,19.96,19.69,19.88,628630
2020-11-24 07:00:00,19.88,21.24,19.88,21.24,2614180
2020-11-25 07:00:00,22.0,22.6,21.92,22.3,1175650
2020-11-26 07:00:00,22.22,22.38,21.62,21.88,816010
2020-11-27 07:00:00,21.7,21.96,21.54,21.92,1064770
2020-11-30 07:00:00,22.3,23.43,22.0,23.43,1336040
2020-12-01 07:00:00,23.43,25.02,23.06,23.96,970500
2020-12-02 07:00:00,23.89,24.53,23.28,23.58,1011390
2020-12-03 07:00:00,23.58,24.19,23.36,23.81,1208280
2020-12-04 07:00:00,23.89,24.49,23.47,23.47,814750
2020-12-07 07:00:00,23.47,24.11,23.28,23.58,865710
2020-12-08 07:00:00,23.58,24.0,23.47,23.58,549070
2020-12-09 07:00:00,23.58,24.11,23.51,23.81,879960
2020-12-10 07:00:00,23.81,23.81,22.68,22.68,720780
2020-12-11 07:00:00,23.13,23.13,22.3,22.83,879170
2020-12-14 07:00:00,23.09,23.43,22.53,23.32,997270
2020-12-15 07:00:00,23.51,24.34,23.32,23.96,896280
2020-12-16 07:00:00,23.96,24.26,23.77,23.96,1109440
2020-12-17 07:00:00,23.89,23.96,23.43,23.47,677750
2020-12-18 07:00:00,23.47,24.42,23.17,24.11,1085220
2020-12-21 07:00:00,24.26,25.21,24.26,24.64,830150
2020-12-22 07:00:00,24.57,24.64,23.96,24.57,657390
2020-12-23 07:00:00,24.64,24.87,24.19,24.19,581250
2020-12-24 07:00:00,24.08,24.19,22.56,23.13,1068530
2020-12-25 07:00:00,23.13,23.43,22.64,23.32,707280
2020-12-28 07:00:00,23.36,23.74,23.09,23.24,701100
2020-12-29 07:00:00,23.24,24.42,23.13,23.89,623300
2020-12-30 07:00:00,24.19,25.55,23.89,25.55,2349100
2020-12-31 07:00:00,25.63,26.16,25.51,25.55,704370
2021-01-04 07:00:00,25.55,26.46,25.32,25.82,579600
2021-01-05 07:00:00,25.32,25.97,25.32,25.7,832200
2021-01-06 07:00:00,25.86,26.02,25.47,25.62,698800
2021-01-07 07:00:00,25.62,26.37,25.5,26.25,599300
2021-01-08 07:00:00,26.25,26.25,25.47,25.62,1278400
2021-01-11 07:00:00,25.54,25.62,23.9,24.92,1272100
2021-01-12 07:00:00,24.84,25.47,24.68,25.19,777800
2021-01-13 07:00:00,25.19,25.31,24.8,24.88,990700
2021-01-14 07:00:00,25.04,25.04,24.37,24.76,901700
2021-01-15 07:00:00,24.76,24.92,24.6,24.84,647400
2021-01-18 07:00:00,24.84,24.92,24.45,24.49,1052100
2021-01-19 07:00:00,24.49,24.49,22.8,23.04,1180700
2021-01-20 07:00:00,22.72,23.16,21.47,22.72,737100
2021-01-21 07:00:00,22.72,23.47,22.72,23.43,344300
2021-01-22 07:00:00,23.39,24.29,23.39,23.98,533900
2021-01-25 07:00:00,23.98,24.21,23.82,23.98,401000
2021-01-26 07:00:00,23.94,23.94,22.57,22.96,549000
2021-01-27 07:00:00,22.96,23.35,21.82,21.94,588700
2021-01-28 07:00:00,21.43,21.43,20.41,20.41,729700
2021-01-29 07:00:00,20.37,21.78,19.98,21.67,414600
2021-02-01 07:00:00,21.7,21.7,20.37,20.53,487000
2021-02-02 07:00:00,20.53,21.47,20.53,21.27,488500
2021-02-03 07:00:00,21.63,22.33,21.16,22.33,552700
2021-02-04 07:00:00,21.98,22.72,21.7,21.98,305800
2021-02-05 07:00:00,22.1,22.33,21.9,22.18,195000
2021-02-08 07:00:00,22.18,22.53,21.16,21.63,340800
2021-02-09 07:00:00,21.63,22.1,21.24,21.78,186200
2021-02-17 07:00:00,22.64,23.27,22.25,23.27,507000
2021-02-18 07:00:00,23.27,23.78,22.8,23.55,400200
2021-02-19 07:00:00,23.59,24.56,23.51,24.29,573300
2021-02-22 07:00:00,24.37,24.37,23.9,24.13,285200
2021-02-23 07:00:00,24.13,24.13,23.59,23.9,238700
2021-02-24 07:00:00,23.9,24.17,23.7,23.86,319400
2021-02-25 07:00:00,23.9,24.1,23.78,23.82,279700
2021-02-26 07:00:00,23.59,24.13,23.55,24.1,342800
2021-03-01 07:00:00,24.21,24.49,24.06,24.06,381000
2021-03-02 07:00:00,24.13,24.21,23.82,24.02,605200
2021-03-03 07:00:00,24.02,25.47,23.9,25.47,1795700
2021-03-04 07:00:00,25.78,25.78,24.53,24.84,395400
2021-03-05 07:00:00,24.6,25.23,24.1,25.0,288000
2021-03-08 07:00:00,25.0,25.31,24.84,25.07,735900
2021-03-09 07:00:00,25.07,25.78,24.29,25.54,1355500
2021-03-10 07:00:00,25.7,25.78,25.39,25.54,599900
2021-03-11 07:00:00,25.54,26.09,25.35,25.78,729000
2021-03-12 07:00:00,25.62,26.02,25.62,25.78,736900
2021-03-15 07:00:00,25.86,25.86,25.31,25.39,446400
2021-03-16 07:00:00,25.39,25.39,24.56,24.76,489800
2021-03-17 07:00:00,24.88,24.88,24.53,24.68,220600
2021-03-18 07:00:00,24.68,24.96,24.68,24.84,224600
2021-03-19 07:00:00,24.8,24.92,24.29,24.8,207100
2021-03-22 07:00:00,24.8,25.66,24.8,25.04,475000
2021-03-23 07:00:00,25.07,25.07,24.53,24.8,150100
2021-03-24 07:00:00,24.45,24.76,23.74,24.06,283200
2021-03-25 07:00:00,24.06,24.53,23.86,23.98,402000
2021-03-26 07:00:00,23.98,24.25,23.19,23.51,537200
2021-03-29 07:00:00,23.9,24.41,23.51,24.41,286000
2021-03-30 07:00:00,24.41,25.0,24.17,25.0,243800
2021-03-31 07:00:00,25.0,25.0,24.76,24.84,120100
2021-04-01 07:00:00,24.76,25.19,24.76,25.0,274300
2021-04-02 07:00:00,25.07,25.31,24.92,24.92,250200
2021-04-05 07:00:00,25.47,25.47,24.68,24.84,286000
2021-04-06 07:00:00,24.84,24.84,24.53,24.64,109300
2021-04-07 07:00:00,25.0,25.07,23.9,24.92,458900
2021-04-08 07:00:00,25.0,25.04,24.29,24.68,74500
2021-04-09 07:00:00,24.68,24.68,24.45,24.49,118000
2021-04-12 07:00:00,24.45,24.84,24.45,24.84,412700
2021-04-13 07:00:00,24.72,24.92,24.45,24.53,302800
2021-04-14 07:00:00,24.29,24.53,24.21,24.45,216500
2021-04-15 07:00:00,24.29,24.41,23.9,24.1,423400
2021-04-16 07:00:00,24.1,24.1,23.08,23.27,412800
2021-04-19 07:00:00,23.51,23.51,22.88,23.51,151200
2021-04-20 07:00:00,23.66,23.66,23.31,23.39,201200
2021-04-22 07:00:00,23.51,23.51,23.19,23.19,280100
2021-04-23 07:00:00,23.19,23.27,22.88,23.19,388200
2021-04-26 07:00:00,23.19,23.19,22.72,22.72,221300
2021-04-27 07:00:00,22.72,22.72,22.45,22.64,101700
2021-04-28 07:00:00,22.72,22.72,22.53,22.61,125400
2021-04-29 07:00:00,23.12,23.12,22.49,22.61,244300
2021-05-04 07:00:00,21.94,22.88,21.94,22.8,468800
2021-05-05 07:00:00,22.72,23.35,22.57,23.04,642500
2021-05-06 07:00:00,23.43,23.43,22.96,23.04,294400
2021-05-07 07:00:00,23.04,23.12,22.76,22.84,457300
2021-05-10 07:00:00,22.72,23.12,22.64,22.64,451600
2021-05-11 07:00:00,22.72,23.04,22.64,22.72,366100
2021-05-12 07:00:00,22.72,23.04,22.72,23.04,222300
2021-05-13 07:00:00,23.0,23.51,22.96,23.51,533900
2021-05-14 07:00:00,23.51,23.51,23.04,23.12,158900
2021-05-17 07:00:00,23.04,23.19,22.41,22.57,464900
2021-05-18 07:00:00,22.41,23.23,22.41,22.57,388500
2021-05-19 07:00:00,22.57,22.64,22.41,22.64,142800
2021-05-20 07:00:00,22.64,22.72,22.49,22.57,171100
2021-05-21 07:00:00,22.49,22.8,22.41,22.64,449100
2021-05-24 07:00:00,22.72,23.86,22.68,23.35,646200
2021-05-25 07:00:00,23.35,23.82,22.64,23.27,252700
2021-05-26 07:00:00,22.92,23.51,22.8,23.0,628200
2021-05-27 07:00:00,23.12,23.82,22.8,23.04,521800
2021-05-28 07:00:00,23.04,23.51,23.04,23.47,316800
2021-05-31 07:00:00,23.43,23.55,23.0,23.47,437300
2021-06-01 07:00:00,23.51,24.37,23.47,24.21,937500
2021-06-02 07:00:00,24.21,25.19,24.06,25.19,908800
2021-06-03 07:00:00,25.43,25.43,24.56,25.19,504900
2021-06-04 07:00:00,24.92,25.39,24.76,24.96,408900
2021-06-07 07:00:00,24.96,25.07,24.53,25.0,593100
2021-06-08 07:00:00,25.07,25.7,24.92,25.35,536800
2021-06-09 07:00:00,25.23,26.64,24.96,26.52,1113500
2021-06-10 07:00:00,26.56,26.6,26.02,26.02,621600
2021-06-11 07:00:00,26.02,26.8,26.02,26.25,248800
2021-06-14 07:00:00,26.25,26.92,26.13,26.92,682200
2021-06-15 07:00:00,27.03,28.29,27.03,27.97,1029100
2021-06-16 07:00:00,27.5,28.6,27.27,28.05,605400
2021-06-17 07:00:00,27.9,28.13,27.27,28.13,640600
2021-06-18 07:00:00,27.86,28.29,27.86,28.17,557100
2021-06-21 07:00:00,28.17,28.17,27.58,27.78,406500
2021-06-22 07:00:00,28.21,28.21,27.62,27.9,389300
2021-06-23 07:00:00,27.9,27.9,27.27,27.5,523200
2021-06-24 07:00:00,27.27,28.09,27.27,27.7,373900
2021-06-25 07:00:00,27.35,27.86,27.35,27.7,271300
2021-06-28 07:00:00,27.62,27.9,27.27,27.82,435000
2021-06-29 07:00:00,27.74,27.9,27.58,27.7,324000
2021-06-30 07:00:00,27.82,27.86,27.5,27.7,48800
2021-07-01 07:00:00,27.7,27.74,26.99,27.42,556800
2021-07-02 07:00:00,27.27,27.35,26.48,26.48,513400
2021-07-05 07:00:00,26.56,26.56,25.54,26.52,294700
2021-07-06 07:00:00,26.09,27.58,26.09,26.72,365400
2021-07-07 07:00:00,26.72,26.8,25.23,26.8,118100
2021-07-08 07:00:00,26.8,26.8,26.13,26.48,87000
2021-07-09 07:00:00,26.17,27.42,26.09,26.92,345600
2021-07-12 07:00:00,26.64,27.66,26.25,26.92,370300
2021-07-13 07:00:00,27.27,27.35,26.64,26.96,93000
2021-07-14 07:00:00,27.03,27.39,26.64,26.64,124500
2021-07-15 07:00:00,26.48,27.35,25.9,27.11,214700
2021-07-16 07:00:00,26.99,28.99,26.88,28.91,778500
2021-07-19 07:00:00,28.76,28.91,28.29,28.52,774800
2021-07-20 07:00:00,28.29,28.76,28.21,28.52,294100
2021-07-21 07:00:00,28.6,30.17,28.52,30.01,1530900
2021-07-22 07:00:00,30.21,30.48,29.78,30.09,607800
2021-07-23 07:00:00,30.09,30.21,29.7,29.7,523700
2021-07-26 07:00:00,29.19,30.36,28.99,30.21,971500
2021-07-27 07:00:00,30.48,30.48,29.5,29.54,714300
2021-07-28 07:00:00,29.03,29.54,28.6,28.6,892800
2021-07-29 07:00:00,28.6,28.99,28.25,28.91,419400
2021-07-30 07:00:00,28.84,29.15,28.56,28.8,620900
2021-08-02 07:00:00,28.6,29.78,28.29,29.7,1492500
2021-08-03 07:00:00,29.78,30.32,29.78,30.17,835100
2021-08-04 07:00:00,30.09,30.21,29.78,30.17,568500
2021-08-05 07:00:00,29.78,31.89,29.62,30.87,1316000
2021-08-06 07:00:00,31.03,31.03,29.97,29.97,611400
2021-08-09 07:00:00,29.85,30.36,29.78,30.05,693800
2021-08-10 07:00:00,30.05,30.8,29.97,30.32,880900
2021-08-11 07:00:00,30.72,30.8,30.01,30.01,811300
2021-08-12 07:00:00,30.01,30.01,28.99,29.42,764400
2021-08-13 07:00:00,28.99,29.42,28.99,29.27,637300
2021-08-16 07:00:00,29.23,30.21,29.23,30.17,805900
2021-08-17 07:00:00,30.17,30.4,29.46,29.54,396300
2021-08-18 07:00:00,29.62,30.25,29.31,29.62,411500
2021-08-19 07:00:00,29.38,30.21,29.38,30.09,718600
2021-08-20 07:00:00,30.17,30.4,29.23,29.38,730500
2021-08-23 07:00:00,28.99,29.93,28.99,29.85,630100
2021-08-24 07:00:00,29.93,29.93,29.19,29.62,457300
2021-08-25 07:00:00,29.46,29.62,28.99,29.46,405200
2021-08-26 07:00:00,29.66,31.5,29.07,31.5,2061200
2021-08-27 07:00:00,31.5,32.91,31.11,32.2,690300
2021-08-30 07:00:00,32.2,33.07,31.77,32.52,659900
2021-08-31 07:00:00,32.36,32.36,31.74,31.85,527100
2021-09-01 07:00:00,31.81,32.52,31.5,32.05,556300
2021-09-06 07:00:00,32.05,32.99,31.81,32.71,685500
2021-09-07 07:00:00,32.75,32.83,31.89,31.89,405700
2021-09-08 07:00:00,31.58,32.2,31.58,31.85,254800
2021-09-09 07:00:00,31.85,32.83,31.66,32.52,390800
2021-09-10 07:00:00,32.52,32.83,32.2,32.24,181700
2021-09-13 07:00:00,32.36,32.67,31.5,31.5,446000
2021-09-14 07:00:00,31.23,31.58,30.87,30.87,444000
2021-09-15 07:00:00,30.87,31.26,30.32,31.26,387500
2021-09-16 07:00:00,31.58,32.13,31.26,31.66,262500
2021-09-17 07:00:00,32.05,32.05,31.46,31.46,281200
2021-09-20 07:00:00,31.66,32.13,31.19,31.34,316700
2021-09-21 07:00:00,30.76,31.23,30.64,31.23,406200
2021-09-22 07:00:00,31.23,31.81,30.99,31.81,212100
2021-09-23 07:00:00,31.89,33.03,31.58,32.2,579800
2021-09-24 07:00:00,32.6,32.6,31.58,31.66,165300
2021-09-27 07:00:00,31.74,31.89,30.72,30.72,233000
2021-09-28 07:00:00,30.25,31.5,30.25,31.5,256400
2021-09-29 07:00:00,31.5,31.5,31.07,31.11,118000
2021-09-30 07:00:00,31.46,32.05,31.15,31.89,288000
2021-10-01 07:00:00,32.13,32.13,31.34,31.5,150800
2021-10-04 07:00:00,31.42,32.36,31.42,31.74,429800
2021-10-05 07:00:00,31.74,32.13,31.66,31.77,175100
2021-10-06 07:00:00,31.81,33.97,31.77,33.97,841100
2021-10-07 07:00:00,34.48,34.48,33.69,33.77,353700
2021-10-08 07:00:00,33.77,33.77,33.18,33.46,204100
2021-10-11 07:00:00,33.46,34.48,33.3,33.81,422100
2021-10-12 07:00:00,33.93,34.32,33.77,33.97,285200
2021-10-13 07:00:00,34.01,34.05,33.62,33.69,241800
2021-10-14 07:00:00,33.69,34.67,33.54,33.85,248900
2021-10-15 07:00:00,34.32,34.32,33.15,33.15,541000
2021-10-18 07:00:00,33.3,34.09,32.71,32.75,719200
2021-10-19 07:00:00,32.75,33.93,32.52,33.85,862000
2021-10-20 07:00:00,33.85,33.93,33.38,33.46,441600
2021-10-21 07:00:00,33.46,34.4,33.3,34.4,513900
2021-10-22 07:00:00,34.4,34.56,33.77,34.4,382200
2021-10-25 07:00:00,34.4,34.4,34.05,34.09,253900
2021-10-26 07:00:00,33.73,34.09,33.34,33.62,275700
2021-10-27 07:00:00,33.62,34.16,33.58,33.77,334300
2021-10-28 07:00:00,34.28,34.6,33.77,34.56,425200
2021-10-29 07:00:00,34.79,35.65,34.71,34.79,372300
2021-11-01 07:00:00,35.18,36.28,34.87,35.03,374800
2021-11-02 07:00:00,35.03,36.04,34.48,35.26,348200
2021-11-03 07:00:00,35.26,35.26,34.16,34.48,384600
2021-11-04 07:00:00,34.48,34.83,34.24,34.56,150600
2021-11-05 07:00:00,34.87,35.03,34.12,35.03,319900
2021-11-08 07:00:00,34.87,36.04,34.87,35.73,389400
2021-11-09 07:00:00,35.69,36.04,35.26,35.34,247100
2021-11-10 07:00:00,35.34,35.57,35.03,35.46,231200
2021-11-11 07:00:00,35.5,36.04,34.87,35.42,322400
2021-11-12 07:00:00,35.5,35.89,35.42,35.5,131000
2021-11-15 07:00:00,35.57,35.69,34.83,34.87,373800
2021-11-16 07:00:00,34.87,34.95,34.63,34.87,251200
2021-11-17 07:00:00,36.04,36.04,35.26,35.89,304500
2021-11-18 07:00:00,35.81,35.85,35.26,35.53,348900
2021-11-19 07:00:00,35.69,36.04,35.61,35.73,617300
2021-11-22 07:00:00,35.89,35.93,35.5,35.69,499300
2021-11-23 07:00:00,35.69,37.61,35.65,36.83,336600
2021-11-24 07:00:00,37.06,38.4,37.06,38.24,354400
2021-11-25 07:00:00,38.08,38.4,37.85,38.0,250200
2021-11-26 07:00:00,38.0,38.2,36.79,37.38,182200
2021-11-29 07:00:00,35.97,37.61,35.97,37.22,140200
2021-11-30 07:00:00,37.14,37.22,36.44,36.83,189400
2021-12-01 07:00:00,36.79,37.06,36.04,36.83,251400
2021-12-02 07:00:00,36.83,37.18,36.52,36.83,183400
2021-12-03 07:00:00,36.59,36.79,35.65,35.65,240000
2021-12-06 07:00:00,35.65,35.65,34.79,35.42,151200
2021-12-07 07:00:00,35.38,35.65,34.95,35.42,594800
2021-12-08 07:00:00,35.46,35.46,35.26,35.42,325200
2021-12-09 07:00:00,35.42,35.69,35.3,35.5,394100
2021-12-10 07:00:00,35.61,35.97,35.42,35.97,1650700
2021-12-13 07:00:00,36.44,37.06,36.12,37.02,1309600
2021-12-14 07:00:00,37.02,37.57,36.91,37.22,579800
2021-12-15 07:00:00,36.75,37.22,36.12,37.02,745100
2021-12-16 07:00:00,36.91,36.91,36.12,36.2,341300
2021-12-17 07:00:00,36.04,36.24,35.5,35.65,622800
2021-12-20 07:00:00,35.5,35.73,34.56,34.95,674600
2021-12-21 07:00:00,34.95,35.97,34.56,35.73,454100
2021-12-22 07:00:00,35.73,36.75,35.73,35.89,408900
2021-12-23 07:00:00,35.89,36.04,34.48,35.22,695000
2021-12-24 07:00:00,35.26,35.65,34.79,34.95,132700
2021-12-27 07:00:00,35.03,35.26,34.52,34.63,140300
2021-12-28 07:00:00,34.67,35.69,34.67,35.57,291300
2021-12-29 07:00:00,35.57,35.57,34.99,35.03,79900
2021-12-30 07:00:00,35.1,35.18,34.87,34.95,157800
2021-12-31 07:00:00,35.43,35.43,34.54,34.54,216100
2022-01-04 07:00:00,34.54,35.51,33.02,34.95,189200
2022-01-05 07:00:00,35.63,35.63,34.54,34.62,193900
2022-01-06 07:00:00,34.62,34.62,33.86,34.22,315500
2022-01-07 07:00:00,33.86,35.51,33.86,35.51,425200
2022-01-10 07:00:00,35.51,36.24,34.62,35.59,310300
2022-01-11 07:00:00,35.43,35.43,34.87,35.27,160100
2022-01-12 07:00:00,35.23,36.08,35.19,35.99,337900
2022-01-13 07:00:00,36.16,36.6,35.71,36.6,241700
2022-01-14 07:00:00,36.24,36.64,35.55,36.6,303900
2022-01-17 07:00:00,36.6,36.6,35.75,35.99,223100
2022-01-18 07:00:00,35.99,36.24,35.55,35.63,185100
2022-01-19 07:00:00,35.59,36.64,35.59,36.08,130900
2022-01-20 07:00:00,36.08,36.32,35.83,36.16,273600
2022-01-21 07:00:00,36.16,36.28,35.87,36.08,388500
2022-01-24 07:00:00,36.08,36.12,35.67,35.67,213300
2022-01-25 07:00:00,35.43,35.91,35.23,35.91,234600
2022-01-26 07:00:00,36.24,36.24,35.55,35.71,195700
2022-01-27 07:00:00,35.71,35.71,34.71,35.67,161200
2022-01-28 07:00:00,35.63,35.71,35.15,35.59,98200
2022-02-07 07:00:00,35.91,35.91,34.51,35.43,500800
2022-02-08 07:00:00,34.83,36.16,34.83,35.91,321000
2022-02-09 07:00:00,35.95,37.44,35.87,37.44,1013800
2022-02-10 07:00:00,37.28,38.25,37.2,38.25,758800
2022-02-11 07:00:00,37.85,38.25,37.68,37.77,190200
2022-02-14 07:00:00,37.4,38.89,37.04,38.53,595200
2022-02-15 07:00:00,38.53,38.65,38.17,38.57,279500
2022-02-16 07:00:00,38.57,38.81,38.41,38.49,303500
2022-02-17 07:00:00,38.49,38.57,37.77,38.49,211000
2022-02-18 07:00:00,38.33,38.53,37.85,38.33,231500
2022-02-21 07:00:00,38.41,40.99,38.41,40.99,1565800
2022-02-22 07:00:00,40.99,42.03,40.26,41.47,836700
2022-02-23 07:00:00,41.71,41.71,40.66,41.47,250600
2022-02-24 07:00:00,41.07,41.31,38.65,39.86,792700
2022-02-25 07:00:00,39.86,40.99,39.78,40.1,320100
2022-02-28 07:00:00,39.86,40.26,39.14,39.26,392400
2022-03-01 07:00:00,39.26,40.5,38.81,39.86,422200
2022-03-02 07:00:00,39.38,40.42,39.22,39.34,311300
2022-03-03 07:00:00,39.62,40.02,38.89,39.78,236300
2022-03-04 07:00:00,39.94,39.94,39.22,39.78,298200
2022-03-07 07:00:00,39.78,41.31,39.46,40.26,468200
2022-03-08 07:00:00,40.26,40.66,39.34,39.66,388600
2022-03-09 07:00:00,39.7,39.7,36.92,38.73,466500
2022-03-10 07:00:00,38.85,39.94,38.73,39.46,322900
2022-03-11 07:00:00,39.3,39.38,37.89,38.29,341500
2022-03-14 07:00:00,38.29,38.33,37.44,37.44,360400
2022-03-15 07:00:00,37.44,38.89,36.24,38.57,389000
2022-03-16 07:00:00,38.61,39.5,38.17,39.5,287000
2022-03-17 07:00:00,39.42,39.98,39.05,39.54,145000
2022-03-18 07:00:00,39.05,39.58,39.05,39.58,111600
2022-03-21 07:00:00,39.78,39.94,39.46,39.86,232500
2022-03-22 07:00:00,39.86,40.02,39.62,39.66,210700
2022-03-23 07:00:00,39.7,39.7,39.14,39.46,144800
2022-03-24 07:00:00,39.05,40.83,39.05,40.66,356400
2022-03-25 07:00:00,40.66,41.47,40.58,41.07,317300
2022-03-28 07:00:00,40.58,42.28,40.58,41.63,337400
2022-03-29 07:00:00,41.55,43.48,41.15,42.84,484500
2022-03-30 07:00:00,42.84,42.84,41.71,42.28,254800
2022-03-31 07:00:00,42.52,43.08,41.71,41.79,206800
2022-04-01 07:00:00,41.79,43.48,41.31,42.2,385700
2022-04-04 07:00:00,42.2,42.76,41.23,42.6,301400
2022-04-05 07:00:00,42.68,42.84,41.87,42.68,174100
2022-04-06 07:00:00,42.68,43.56,42.68,43.4,250900
2022-04-07 07:00:00,43.48,43.48,42.68,42.68,336700
2022-04-08 07:00:00,42.03,43.0,42.03,42.68,406300
2022-04-12 07:00:00,42.68,43.48,42.52,42.84,344700
2022-04-13 07:00:00,42.2,43.48,42.2,43.48,208600
2022-04-14 07:00:00,43.89,46.46,43.24,46.46,803600
2022-04-15 07:00:00,46.7,48.32,46.46,47.51,289600
2022-04-18 07:00:00,47.51,49.12,46.62,48.64,437100
2022-04-19 07:00:00,48.32,49.92,47.91,49.52,387500
2022-04-20 07:00:00,49.36,49.36,47.51,47.51,440200
2022-04-21 07:00:00,46.7,48.48,44.69,44.69,831300
2022-04-22 07:00:00,45.09,45.98,42.44,45.09,955400
2022-04-25 07:00:00,44.37,44.69,41.95,43.08,647500
2022-04-26 07:00:00,40.74,43.72,40.26,43.72,543100
2022-04-27 07:00:00,43.72,43.8,41.87,42.6,384700
2022-04-28 07:00:00,42.03,43.24,41.87,41.87,266700
2022-04-29 07:00:00,42.03,43.08,42.03,42.92,196900
2022-05-04 07:00:00,42.68,44.29,42.68,43.24,185100
2022-05-05 07:00:00,43.48,43.89,42.28,43.32,222000
2022-05-06 07:00:00,42.52,42.84,40.66,40.74,534600
2022-05-09 07:00:00,40.66,41.95,37.93,37.93,586700
2022-05-10 07:00:00,36.32,40.5,36.32,39.9,299800
2022-05-11 07:00:00,40.18,41.87,40.18,41.79,152000
2022-05-12 07:00:00,39.09,41.63,39.09,39.3,239000
2022-05-13 07:00:00,39.3,40.26,38.05,38.65,277400
2022-05-16 07:00:00,39.5,40.99,38.33,38.33,79900
2022-05-17 07:00:00,37.85,40.26,37.85,40.26,144400
2022-05-18 07:00:00,41.07,41.07,39.94,39.94,238400
2022-05-19 07:00:00,39.46,39.9,39.3,39.3,144300
2022-05-20 07:00:00,39.46,39.7,38.65,39.09,187000
2022-05-23 07:00:00,39.82,39.86,37.93,39.14,346100
2022-05-24 07:00:00,39.05,39.38,38.69,39.05,107700
2022-05-25 07:00:00,39.46,41.07,38.97,41.07,405500
2022-05-26 07:00:00,41.23,41.23,40.18,40.18,168800
2022-05-27 07:00:00,39.94,40.5,39.94,40.42,133400
2022-05-30 07:00:00,41.07,41.87,40.66,41.07,222600
2022-05-31 07:00:00,41.07,41.87,40.42,41.55,242200
2022-06-01 07:00:00,40.74,41.55,40.74,41.47,183600
2022-06-02 07:00:00,41.23,44.37,40.99,44.21,1334900
2022-06-03 07:00:00,43.48,44.53,43.4,44.53,452000
2022-06-06 07:00:00,45.01,45.9,44.05,44.37,632900
2022-06-07 07:00:00,43.4,45.5,43.16,45.34,807900
2022-06-08 07:00:00,45.58,46.3,45.01,46.3,628900
2022-06-09 07:00:00,46.06,46.38,45.09,45.34,407000
2022-06-10 07:00:00,45.01,45.5,42.68,42.68,517500
2022-06-13 07:00:00,39.86,41.87,39.86,39.94,461900
2022-06-14 07:00:00,39.94,41.39,39.94,40.74,202400
2022-06-15 07:00:00,40.58,41.47,38.65,40.34,278600
2022-06-16 07:00:00,41.39,42.52,40.42,41.23,516700
2022-06-17 07:00:00,40.91,43.72,40.91,43.4,490900
2022-06-20 07:00:00,43.4,45.09,42.11,42.76,414000
2022-06-21 07:00:00,41.95,43.8,39.94,40.99,372500
2022-06-22 07:00:00,41.07,41.15,39.78,39.86,386000
2022-06-23 07:00:00,39.46,41.71,38.73,41.71,339600
2022-06-24 07:00:00,42.52,42.52,41.23,41.23,137100
2022-06-27 07:00:00,41.23,41.47,39.98,41.07,214500
2022-06-28 07:00:00,41.07,42.11,40.34,41.23,194000
2022-06-29 07:00:00,41.87,42.28,41.23,41.79,172000
2022-06-30 07:00:00,41.55,43.08,41.07,41.07,370900
2022-07-01 07:00:00,41.07,41.79,40.1,41.15,181600
2022-07-04 07:00:00,41.23,41.95,39.94,41.23,125000
2022-07-05 07:00:00,41.23,41.23,39.86,39.86,525500
2022-07-06 07:00:00,39.86,40.42,38.73,39.14,368600
2022-07-07 07:00:00,39.22,39.86,39.05,39.7,187500
2022-07-08 07:00:00,39.74,40.42,39.46,39.78,101400
2022-07-11 07:00:00,39.78,40.02,38.25,38.33,312000
2022-07-12 07:00:00,38.25,39.05,38.25,39.05,211100
2022-07-13 07:00:00,39.05,39.86,38.89,39.86,100200
2022-07-14 07:00:00,39.82,39.86,39.22,39.38,53900
2022-07-15 07:00:00,39.38,39.62,39.01,39.3,135600
2022-07-18 07:00:00,39.46,39.5,38.41,38.57,313700
2022-07-19 07:00:00,38.57,39.14,38.41,38.81,153800
2022-07-20 07:00:00,38.81,39.42,38.57,39.22,143100
2022-07-21 07:00:00,39.3,39.7,38.09,38.81,166300
2022-07-22 07:00:00,39.17,39.22,38.53,38.65,124000
2022-07-25 07:00:00,38.65,38.73,38.17,38.25,162300
2022-07-26 07:00:00,38.25,38.57,37.85,38.01,139900
2022-07-27 07:00:00,37.85,38.77,37.77,38.41,150100
2022-07-28 07:00:00,38.65,38.97,38.65,38.89,143200
2022-07-29 07:00:00,38.77,39.01,38.41,38.41,130100
2022-08-01 07:00:00,38.25,38.89,38.05,38.37,289000
2022-08-02 07:00:00,38.37,39.17,38.33,38.89,200900
2022-08-03 07:00:00,39.05,39.62,38.93,39.42,282800
2022-08-04 07:00:00,39.62,39.62,38.65,39.3,224400
2022-08-05 07:00:00,39.3,40.1,38.97,39.78,189700
2022-08-08 07:00:00,39.78,40.22,39.05,39.42,151000
2022-08-09 07:00:00,39.42,39.94,39.05,39.5,233500
2022-08-10 07:00:00,39.86,40.02,39.46,39.82,203100
2022-08-11 07:00:00,39.98,40.1,39.46,39.46,292400
2022-08-12 07:00:00,39.46,39.54,39.17,39.3,111500
2022-08-15 07:00:00,39.3,39.58,39.22,39.3,169600
2022-08-16 07:00:00,39.3,39.54,39.05,39.26,129100
2022-08-17 07:00:00,39.26,39.34,38.93,38.93,166400
2022-08-18 07:00:00,38.81,38.89,38.53,38.65,191900
2022-08-19 07:00:00,38.37,38.81,38.29,38.61,135000
2022-08-22 07:00:00,38.61,38.93,38.09,38.53,162300
2022-08-23 07:00:00,38.49,39.05,38.25,38.81,110600
2022-08-24 07:00:00,39.17,39.17,38.49,38.65,258300
2022-08-25 07:00:00,38.85,41.07,38.81,41.07,975500
2022-08-26 07:00:00,40.66,41.07,40.34,40.66,179200
2022-08-29 07:00:00,39.86,40.34,39.14,39.46,341800
2022-08-30 07:00:00,39.78,41.31,39.46,40.34,457000
2022-08-31 07:00:00,40.26,40.99,40.26,40.5,222700
2022-09-05 07:00:00,40.26,40.66,40.06,40.22,123500
2022-09-06 07:00:00,40.26,40.83,39.78,39.94,251600
2022-09-07 07:00:00,39.7,39.94,39.01,39.01,255800
2022-09-08 07:00:00,39.01,39.14,38.65,38.89,216700
2022-09-09 07:00:00,38.89,39.7,38.89,39.7,243300
2022-09-12 07:00:00,39.78,40.66,39.78,40.58,344500
2022-09-13 07:00:00,40.66,40.74,40.22,40.66,318500
2022-09-14 07:00:00,39.94,40.58,39.94,40.26,83000
2022-09-15 07:00:00,40.22,41.87,39.98,41.87,908400
2022-09-16 07:00:00,42.44,42.44,40.83,40.99,301000
2022-09-19 07:00:00,40.74,41.31,39.7,39.86,346400
2022-09-20 07:00:00,40.66,40.66,39.86,40.58,147200
2022-09-21 07:00:00,40.66,41.23,40.34,40.5,143300
2022-09-22 07:00:00,40.5,40.5,39.3,40.42,237300
2022-09-23 07:00:00,40.5,41.31,40.18,41.31,375500
2022-09-26 07:00:00,41.07,41.07,39.86,39.9,413800
2022-09-27 07:00:00,40.34,40.5,39.54,39.94,203400
2022-09-28 07:00:00,39.98,40.26,39.46,39.94,236100
2022-09-29 07:00:00,40.42,40.42,39.54,39.54,317800
2022-09-30 07:00:00,39.46,39.46,37.04,39.46,475200
2022-10-03 07:00:00,39.14,39.46,36.72,36.76,326700
2022-10-04 07:00:00,36.92,37.77,36.8,37.77,281000
2022-10-05 07:00:00,37.77,38.65,37.44,37.85,87400
2022-10-06 07:00:00,37.85,37.85,35.43,35.43,478600
2022-10-07 07:00:00,35.27,35.27,32.98,32.98,519200
2022-10-10 07:00:00,32.85,34.22,31.16,33.5,213300
2022-10-11 07:00:00,33.58,33.62,32.93,33.02,190200
2022-10-12 07:00:00,33.02,34.06,32.73,33.42,58300
2022-10-13 07:00:00,33.5,34.22,33.42,34.22,155000
2022-10-14 07:00:00,34.62,34.62,34.22,34.22,67900
2022-10-17 07:00:00,34.06,34.62,33.34,34.38,81500
2022-10-18 07:00:00,34.46,35.59,34.46,35.35,99500
2022-10-19 07:00:00,35.39,37.04,35.39,36.84,161900
2022-10-20 07:00:00,36.28,37.12,36.28,36.56,123800
2022-10-21 07:00:00,36.56,36.56,34.3,35.03,161100
2022-10-24 07:00:00,35.03,35.03,33.58,33.58,129400
2022-10-25 07:00:00,33.42,34.62,33.42,34.62,98000
2022-10-26 07:00:00,34.62,34.91,34.26,34.87,69000
2022-10-27 07:00:00,34.62,36.24,34.62,36.12,56600
2022-10-28 07:00:00,35.43,36.2,35.43,36.08,67700
2022-10-31 07:00:00,35.59,36.64,35.03,36.64,103900
2022-11-01 07:00:00,36.08,36.8,35.83,35.91,84200
2022-11-02 07:00:00,36.24,36.24,35.43,35.43,79400
2022-11-03 07:00:00,35.43,35.43,34.1,35.11,168200
2022-11-04 07:00:00,34.62,34.62,33.58,34.22,164100
2022-11-07 07:00:00,34.62,34.62,33.26,33.26,139700
2022-11-08 07:00:00,33.26,33.42,33.18,33.26,111200
2022-11-09 07:00:00,33.26,34.62,33.14,34.3,134500
2022-11-10 07:00:00,34.3,34.51,31.97,31.97,320200
2022-11-11 07:00:00,32.21,33.78,31.97,32.21,127300
2022-11-14 07:00:00,31.4,31.65,29.96,30.12,229800
2022-11-15 07:00:00,28.83,29.63,28.02,28.02,662000
2022-11-16 07:00:00,27.02,28.59,26.09,28.34,312900
2022-11-17 07:00:00,29.03,30.32,29.03,30.32,84200
2022-11-18 07:00:00,31.0,31.0,29.79,30.6,130500
2022-11-21 07:00:00,30.6,32.09,30.6,30.92,77500
2022-11-22 07:00:00,31.36,32.21,30.92,32.21,155000
2022-11-23 07:00:00,32.77,33.5,32.37,33.02,68200
2022-11-24 07:00:00,33.02,33.1,32.61,32.93,108300
2022-11-25 07:00:00,32.93,34.87,32.69,34.62,78600
2022-11-28 07:00:00,34.14,35.83,33.82,35.03,149400
2022-11-29 07:00:00,35.43,35.43,33.82,34.54,58700
2022-11-30 07:00:00,34.51,35.43,34.22,35.43,96900
2022-12-01 07:00:00,36.08,36.56,34.26,35.03,75200
2022-12-02 07:00:00,33.82,35.43,33.82,35.03,59800
2022-12-05 07:00:00,35.11,35.43,34.62,35.03,35300
2022-12-06 07:00:00,35.03,35.03,33.98,34.51,46700
2022-12-07 07:00:00,34.06,34.62,34.06,34.14,44900
2022-12-08 07:00:00,34.14,35.15,33.86,34.18,37000
2022-12-09 07:00:00,35.39,35.43,34.58,35.43,170200
2022-12-12 07:00:00,35.43,37.52,35.43,37.04,216800
2022-12-13 07:00:00,37.68,38.25,36.24,38.21,182300
2022-12-14 07:00:00,37.97,37.97,37.04,37.2,38300
2022-12-15 07:00:00,37.2,38.33,37.16,38.17,109900
2022-12-16 07:00:00,37.85,39.38,37.81,39.34,175800
2022-12-19 07:00:00,39.05,39.62,37.2,37.2,181100
2022-12-20 07:00:00,38.17,38.25,37.2,38.25,58200
2022-12-21 07:00:00,38.65,38.97,37.6,38.93,44800
2022-12-22 07:00:00,37.89,39.38,37.44,38.65,21000
2022-12-23 07:00:00,38.49,38.49,37.65,38.45,32600
2022-12-26 07:00:00,38.45,38.57,37.85,38.53,57300
2022-12-27 07:00:00,35.91,38.53,35.91,38.41,32100
2022-12-28 07:00:00,38.25,38.49,36.32,38.45,30300
2022-12-29 07:00:00,37.85,38.81,37.68,38.73,50800
2022-12-30 07:00:00,38.97,39.86,38.93,39.86,96300
2023-01-03 07:00:00,39.78,39.82,39.14,39.62,33100
2023-01-04 07:00:00,39.62,39.82,38.49,39.62,33500
2023-01-05 07:00:00,39.62,39.82,39.46,39.62,17400
2023-01-06 07:00:00,39.62,39.62,38.45,38.61,38200
2023-01-09 07:00:00,38.89,38.89,38.01,38.01,29400
2023-01-10 07:00:00,38.49,38.49,37.6,37.85,47700
2023-01-11 07:00:00,38.09,38.17,37.85,38.17,93700
2023-01-12 07:00:00,38.49,38.49,37.81,37.85,40400
2023-01-13 07:00:00,37.44,38.21,37.44,37.68,18800
2023-01-16 07:00:00,38.61,38.61,35.35,37.12,192800
2023-01-17 07:00:00,37.85,38.65,36.56,36.72,191700
2023-01-18 07:00:00,37.08,38.05,36.56,36.84,80400
2023-01-19 07:00:00,37.77,37.77,36.64,36.64,100500
2023-01-27 07:00:00,37.85,38.01,36.72,37.04,197600
2023-01-30 07:00:00,38.12,39.44,37.95,39.36,407100
2023-01-31 07:00:00,39.78,39.78,38.95,39.2,198100
2023-02-01 07:00:00,39.2,39.2,38.95,38.95,99700
2023-02-02 07:00:00,38.86,39.11,38.53,38.95,100100
2023-02-03 07:00:00,39.11,39.11,38.16,38.78,28300
2023-02-06 07:00:00,38.82,38.95,38.28,38.57,22100
2023-02-07 07:00:00,38.57,38.62,38.28,38.53,29000
2023-02-08 07:00:00,38.53,38.66,38.12,38.53,54700
2023-02-09 07:00:00,38.53,39.11,38.53,38.95,78300
2023-02-10 07:00:00,38.95,39.36,38.78,38.86,20600
2023-02-13 07:00:00,38.53,38.86,37.62,37.62,163500
2023-02-14 07:00:00,38.04,38.95,38.04,38.53,47200
2023-02-15 07:00:00,38.04,38.82,37.95,38.62,50000
2023-02-16 07:00:00,38.78,38.78,38.04,38.62,36100
2023-02-17 07:00:00,38.86,38.86,37.29,38.7,37500
2023-02-20 07:00:00,38.7,38.7,38.12,38.53,32600
2023-02-21 07:00:00,38.66,38.91,38.12,38.49,38800
2023-02-22 07:00:00,38.49,38.95,38.12,38.78,82900
2023-02-23 07:00:00,38.62,38.95,37.7,38.2,71400
2023-02-24 07:00:00,38.78,38.78,37.79,38.08,19100
2023-02-27 07:00:00,36.92,37.5,36.21,36.88,30800
2023-02-28 07:00:00,37.37,37.46,36.88,37.04,57400
2023-03-01 07:00:00,36.46,37.46,36.46,37.21,15700
2023-03-02 07:00:00,36.71,37.16,36.71,36.92,25200
2023-03-03 07:00:00,36.96,37.29,36.79,36.79,140300
2023-03-06 07:00:00,36.79,36.96,36.79,36.88,13200
2023-03-07 07:00:00,36.58,36.88,36.58,36.67,12200
2023-03-08 07:00:00,36.46,36.88,36.38,36.88,62000
2023-03-09 07:00:00,36.88,36.92,36.75,36.88,10900
2023-03-10 07:00:00,37.04,37.12,36.88,37.04,56700
2023-03-13 07:00:00,37.04,37.08,36.46,36.79,25300
2023-03-14 07:00:00,36.71,36.71,36.46,36.54,29600
2023-03-15 07:00:00,36.63,37.04,36.63,36.63,21100
2023-03-16 07:00:00,36.63,36.79,36.63,36.79,8400
2023-03-17 07:00:00,36.79,36.79,36.79,36.79,3300
2023-03-20 07:00:00,36.79,37.0,36.46,36.46,12700
2023-03-21 07:00:00,36.79,36.79,36.42,36.54,13500
2023-03-22 07:00:00,36.54,36.54,36.21,36.25,39800
2023-03-23 07:00:00,36.21,36.3,36.01,36.25,21300
2023-03-24 07:00:00,36.3,36.38,36.13,36.13,14900
2023-03-27 07:00:00,36.13,36.13,35.59,35.59,54700
2023-03-28 07:00:00,35.59,36.58,35.59,36.34,38300
2023-03-29 07:00:00,36.34,36.34,35.8,35.8,22500
2023-03-30 07:00:00,35.88,36.05,35.3,35.3,70400
2023-03-31 07:00:00,35.63,35.72,35.38,35.38,26800
2023-04-03 07:00:00,35.63,35.8,35.47,35.47,53700
2023-04-04 07:00:00,35.55,35.8,35.47,35.51,22700
2023-04-05 07:00:00,35.51,35.88,35.51,35.55,65800
2023-04-06 07:00:00,35.63,35.72,35.47,35.55,37600
2023-04-07 07:00:00,35.55,35.59,35.42,35.47,16300
2023-04-10 07:00:00,35.38,35.72,35.3,35.47,36700
2023-04-11 07:00:00,35.47,35.55,35.3,35.51,26100
2023-04-12 07:00:00,35.47,35.88,35.47,35.88,86900
2023-04-13 07:00:00,35.8,35.92,35.63,35.88,35400
2023-04-14 07:00:00,35.72,35.88,35.63,35.76,45300
2023-04-17 07:00:00,35.88,35.88,35.51,35.55,38300
2023-04-18 07:00:00,35.3,35.59,35.3,35.47,12500
2023-04-19 07:00:00,35.67,36.63,35.63,36.34,155300
2023-04-20 07:00:00,36.34,36.46,35.8,36.3,37800
2023-04-21 07:00:00,36.13,38.12,36.13,37.21,217000
2023-04-24 07:00:00,37.21,37.66,36.63,37.21,53700
2023-04-25 07:00:00,37.29,37.62,36.05,37.21,131300
2023-04-26 07:00:00,37.21,37.33,36.83,36.83,61400
2023-04-27 07:00:00,37.29,37.29,36.71,37.29,96000
2023-04-28 07:00:00,37.62,37.62,35.63,35.63,67200
2023-05-04 07:00:00,35.72,37.29,35.72,37.12,92500
2023-05-05 07:00:00,37.12,37.16,36.46,37.16,84300
2023-05-08 07:00:00,37.16,37.7,37.16,37.7,237800
2023-05-09 07:00:00,37.87,38.12,37.62,38.12,109600
2023-05-10 07:00:00,38.37,38.95,37.95,38.95,144800
2023-05-11 07:00:00,39.2,39.2,38.62,38.86,52500
2023-05-12 07:00:00,38.86,38.91,38.45,38.86,51400
2023-05-15 07:00:00,38.86,39.11,38.08,38.91,97200
2023-05-16 07:00:00,38.91,38.95,38.28,38.78,143400
2023-05-17 07:00:00,38.33,38.95,38.33,38.95,87000
2023-05-18 07:00:00,38.91,38.95,38.7,38.91,197500
2023-05-19 07:00:00,38.95,38.95,38.12,38.53,40300
2023-05-22 07:00:00,38.86,38.86,37.37,38.62,23900
2023-05-23 07:00:00,38.53,38.66,37.7,38.45,28700
2023-05-24 07:00:00,38.45,38.62,37.79,37.79,87100
2023-05-25 07:00:00,37.33,38.37,37.29,37.58,37900
2023-05-26 07:00:00,37.58,37.58,37.0,37.29,85900
2023-05-29 07:00:00,38.08,38.08,37.21,37.29,72200
2023-05-30 07:00:00,37.29,37.29,37.04,37.21,130900
2023-05-31 07:00:00,37.21,37.29,37.0,37.25,95500
2023-06-01 07:00:00,37.25,37.33,37.08,37.21,47100
2023-06-02 07:00:00,37.29,37.29,36.71,36.71,122700
2023-06-05 07:00:00,36.88,37.29,36.42,36.63,160100
2023-06-06 07:00:00,36.67,36.79,36.42,36.42,145800
2023-06-07 07:00:00,36.42,36.63,35.72,36.09,218200
2023-06-08 07:00:00,36.13,37.04,36.13,36.71,163300
2023-06-09 07:00:00,37.0,37.25,36.79,37.21,107300
2023-06-12 07:00:00,37.21,37.7,37.21,37.66,107100
2023-06-13 07:00:00,37.7,37.7,36.88,37.0,136200
2023-06-14 07:00:00,37.0,37.04,36.75,36.88,77100
2023-06-15 07:00:00,36.83,37.46,36.79,37.12,75800
2023-06-16 07:00:00,37.21,37.29,36.96,37.12,66200
2023-06-19 07:00:00,37.12,37.12,36.46,36.5,43800
2023-06-20 07:00:00,36.79,36.79,36.46,36.71,30400
2023-06-21 07:00:00,36.46,37.0,36.46,36.79,41400
2023-06-22 07:00:00,36.79,36.88,36.63,36.79,30900
2023-06-23 07:00:00,36.88,37.46,36.71,36.71,43500
2023-06-26 07:00:00,36.71,36.71,36.5,36.71,51500
2023-06-27 07:00:00,36.71,36.75,36.5,36.54,41800
2023-06-28 07:00:00,36.54,36.71,36.54,36.63,49000
2023-06-29 07:00:00,36.88,36.88,36.38,36.42,51100
2023-06-30 07:00:00,36.42,36.63,36.38,36.46,45300
2023-07-03 07:00:00,36.46,36.63,36.25,36.25,68300
2023-07-04 07:00:00,36.25,36.5,36.25,36.38,66500
2023-07-05 07:00:00,36.38,36.63,36.34,36.34,53200
2023-07-06 07:00:00,36.38,36.46,36.05,36.05,43300
2023-07-07 07:00:00,36.01,36.25,35.88,36.05,60500
2023-07-10 07:00:00,36.05,36.71,35.96,36.3,186900
2023-07-11 07:00:00,36.63,37.7,36.63,37.41,200700
2023-07-12 07:00:00,37.41,37.46,36.67,36.96,161900
2023-07-13 07:00:00,36.96,37.29,36.88,37.08,135900
2023-07-14 07:00:00,37.12,37.5,37.08,37.21,73000
2023-07-17 07:00:00,37.25,37.37,37.0,37.29,231800
2023-07-18 07:00:00,37.62,38.45,37.62,38.37,244200
2023-07-19 07:00:00,38.37,38.37,37.79,37.79,184000
2023-07-20 07:00:00,37.7,38.2,37.7,37.7,134000
2023-07-21 07:00:00,37.7,38.53,37.37,38.12,226000
2023-07-24 07:00:00,38.53,38.62,37.95,38.12,285600
2023-07-25 07:00:00,38.12,38.28,37.95,38.12,144200
2023-07-26 07:00:00,38.12,38.28,37.91,37.99,113400
2023-07-27 07:00:00,37.99,38.66,37.99,38.49,165700
2023-07-28 07:00:00,38.12,38.53,38.12,38.16,150000
2023-07-31 07:00:00,38.12,38.41,37.91,37.95,248500
2023-08-01 07:00:00,37.95,38.62,37.83,38.12,499900
2023-08-02 07:00:00,38.12,38.2,37.75,37.75,276900
2023-08-03 07:00:00,38.04,38.49,37.79,38.24,221700
2023-08-04 07:00:00,38.41,38.41,37.79,38.28,166000
2023-08-07 07:00:00,38.33,38.37,37.99,38.37,115000
2023-08-08 07:00:00,38.45,38.45,37.87,38.12,350100
2023-08-09 07:00:00,38.28,39.44,38.04,39.36,319400
2023-08-10 07:00:00,39.36,39.36,38.12,38.12,351500
2023-08-11 07:00:00,38.12,38.78,38.08,38.12,216900
2023-08-14 07:00:00,38.12,38.45,38.12,38.16,57100
2023-08-15 07:00:00,38.12,38.78,38.12,38.37,130600
2023-08-16 07:00:00,38.53,38.66,38.28,38.66,128600
2023-08-17 07:00:00,38.86,38.86,38.37,38.37,115900
2023-08-18 07:00:00,38.16,38.33,37.46,38.04,347200
2023-08-21 07:00:00,37.79,38.7,37.37,38.04,165200
2023-08-22 07:00:00,38.04,38.2,37.46,38.12,122100
2023-08-23 07:00:00,37.79,38.12,37.5,38.12,125400
2023-08-24 07:00:00,38.16,38.45,37.79,38.41,123700
2023-08-25 07:00:00,38.49,38.49,37.99,38.28,47100
2023-08-28 07:00:00,38.28,39.36,38.16,39.03,110000
2023-08-29 07:00:00,39.03,39.44,38.7,39.4,82900
2023-08-30 07:00:00,39.78,40.85,39.57,40.6,243600
2023-08-31 07:00:00,40.69,41.02,40.02,41.02,254900
2023-09-05 07:00:00,40.98,41.1,40.11,40.73,323600
2023-09-06 07:00:00,40.6,40.6,40.11,40.11,108100
2023-09-07 07:00:00,40.36,40.36,39.36,39.36,220200
2023-09-08 07:00:00,40.02,40.02,39.32,39.61,109600
2023-09-11 07:00:00,39.73,39.86,39.44,39.61,157200
2023-09-12 07:00:00,39.61,39.61,38.99,39.2,157000
2023-09-13 07:00:00,39.28,39.36,38.78,38.95,302000
2023-09-14 07:00:00,38.86,39.11,38.41,39.07,355200
2023-09-15 07:00:00,39.07,39.2,38.53,38.82,166900
2023-09-18 07:00:00,38.78,38.95,38.28,38.37,293700
2023-09-19 07:00:00,38.37,39.36,38.37,38.95,162800
2023-09-20 07:00:00,38.95,39.61,38.7,39.28,134400
2023-09-21 07:00:00,39.53,39.53,39.03,39.15,147600
2023-09-22 07:00:00,39.07,39.07,38.53,38.62,277600
2023-09-25 07:00:00,38.53,39.2,38.12,38.12,204700
2023-09-26 07:00:00,38.12,38.41,37.95,38.12,119400
2023-09-27 07:00:00,37.91,38.12,37.91,38.12,300900
2023-09-28 07:00:00,38.12,38.53,38.04,38.04,57700
2023-09-29 07:00:00,38.12,38.45,38.12,38.28,94600
2023-10-02 07:00:00,38.12,38.37,38.12,38.28,115700
2023-10-03 07:00:00,38.28,39.61,38.12,38.7,194900
2023-10-04 07:00:00,38.12,38.95,38.12,38.49,86800
2023-10-05 07:00:00,38.53,38.62,38.2,38.33,24300
2023-10-06 07:00:00,38.33,38.95,38.28,38.45,61700
2023-10-09 07:00:00,38.37,38.53,38.08,38.37,665500
2023-10-10 07:00:00,38.37,38.53,38.2,38.28,242700
2023-10-11 07:00:00,38.2,38.28,37.87,38.12,84600
2023-10-12 07:00:00,38.12,38.28,37.7,37.7,88400
2023-10-13 07:00:00,37.7,38.04,37.29,37.91,255000
2023-10-16 07:00:00,37.95,38.2,37.29,37.54,367100
2023-10-17 07:00:00,37.54,38.12,37.29,37.29,194900
2023-10-18 07:00:00,37.7,37.95,36.54,37.29,358100
2023-10-19 07:00:00,37.29,37.29,37.04,37.16,325100
2023-10-20 07:00:00,36.13,38.12,36.13,37.7,182800
2023-10-23 07:00:00,37.29,37.66,37.21,37.66,30600
2023-10-24 07:00:00,37.25,38.12,37.12,37.21,157000
2023-10-25 07:00:00,37.21,37.29,37.0,37.29,74200
2023-10-26 07:00:00,37.21,38.08,34.76,36.88,222200
2023-10-27 07:00:00,36.3,38.08,35.96,36.54,467600
2023-10-30 07:00:00,36.54,38.04,36.05,36.75,205800
2023-10-31 07:00:00,36.75,38.12,36.05,36.05,361500
2023-11-01 07:00:00,37.46,37.46,36.05,36.09,12100
2023-11-02 07:00:00,36.13,36.38,35.63,36.17,106500
2023-11-03 07:00:00,36.88,36.88,35.8,36.46,29400
2023-11-06 07:00:00,36.83,36.83,35.63,35.88,197700
2023-11-07 07:00:00,35.67,36.3,35.63,35.96,106800
2023-11-08 07:00:00,35.72,36.38,35.63,36.3,132900
2023-11-09 07:00:00,36.34,36.46,35.8,36.05,86700
2023-11-10 07:00:00,35.88,36.09,35.72,36.01,140100
2023-11-13 07:00:00,36.38,36.46,35.63,36.21,73700
2023-11-14 07:00:00,36.3,36.42,36.05,36.34,35500
2023-11-15 07:00:00,36.46,36.5,36.3,36.46,174300
2023-11-16 07:00:00,36.46,36.46,36.09,36.46,24200
2023-11-17 07:00:00,36.46,36.46,35.96,35.96,42800
2023-11-20 07:00:00,35.96,35.96,35.63,35.84,70800
2023-11-21 07:00:00,35.92,35.92,35.55,35.84,86100
2023-11-22 07:00:00,35.67,35.84,35.63,35.8,39200
2023-11-23 07:00:00,35.8,35.8,34.89,35.38,72700
2023-11-24 07:00:00,35.38,35.47,34.64,34.97,62500
2023-11-27 07:00:00,34.93,35.3,34.76,35.26,103400
2023-11-28 07:00:00,35.63,35.63,35.3,35.55,48000
2023-11-29 07:00:00,35.63,35.72,35.34,35.34,56700
2023-11-30 07:00:00,35.34,36.05,34.89,34.97,88000
2023-12-01 07:00:00,35.14,35.55,35.14,35.34,9200
2023-12-04 07:00:00,35.34,35.63,35.14,35.34,203000
2023-12-05 07:00:00,35.34,35.63,35.26,35.38,29300
2023-12-06 07:00:00,35.47,35.63,35.26,35.63,53100
2023-12-07 07:00:00,35.38,35.63,34.56,34.97,248700
2023-12-08 07:00:00,34.97,35.47,34.89,35.05,87400
2023-12-11 07:00:00,35.14,35.14,34.76,35.01,160100
2023-12-12 07:00:00,34.97,34.97,34.72,34.8,117500
2023-12-13 07:00:00,34.72,34.89,34.47,34.72,89600
2023-12-14 07:00:00,34.72,34.72,34.39,34.47,80600
2023-12-15 07:00:00,34.47,34.47,34.18,34.39,59600
2023-12-18 07:00:00,34.39,34.39,33.1,33.64,293400
2023-12-19 07:00:00,33.64,34.06,33.31,33.56,68200
2023-12-20 07:00:00,33.56,33.89,33.31,33.68,59000
2023-12-21 07:00:00,33.6,33.98,33.19,33.48,174700
2023-12-22 07:00:00,33.48,33.56,33.15,33.19,92200
2023-12-25 07:00:00,33.31,33.44,33.15,33.15,156700
2023-12-26 07:00:00,33.15,33.48,32.9,32.98,203300
2023-12-27 07:00:00,33.15,33.56,33.15,33.35,309200
2023-12-28 07:00:00,33.48,34.14,33.35,33.85,144200
2023-12-29 07:00:00,33.85,34.14,33.81,34.14,166800
2024-01-02 07:00:00,34.14,34.26,33.56,33.73,194100
2024-01-03 07:00:00,33.73,33.89,33.68,33.81,137700
2024-01-04 07:00:00,33.93,34.06,33.77,33.81,139200
2024-01-05 07:00:00,33.81,33.85,33.56,33.64,127800
2024-01-08 07:00:00,33.64,33.89,33.6,33.81,110200
2024-01-09 07:00:00,33.89,34.64,33.68,34.51,237100
2024-01-10 07:00:00,34.51,35.38,34.51,35.22,342700
2024-01-11 07:00:00,35.55,35.55,34.8,35.05,129700
2024-01-12 07:00:00,35.18,35.18,34.18,34.22,162900
2024-01-15 07:00:00,34.26,34.64,33.81,33.89,115300
2024-01-16 07:00:00,34.35,34.35,33.93,34.14,41900
2024-01-17 07:00:00,34.39,34.39,33.73,33.98,162700
2024-01-18 07:00:00,33.98,34.1,33.81,34.1,32400
2024-01-19 07:00:00,34.14,34.22,34.06,34.14,109600
2024-01-22 07:00:00,34.14,34.64,34.14,34.56,132100
2024-01-23 07:00:00,34.72,34.72,34.14,34.47,173000
2024-01-24 07:00:00,34.51,34.64,34.18,34.64,134800
2024-01-25 07:00:00,34.47,34.68,34.47,34.64,121900
2024-01-26 07:00:00,34.56,34.76,34.56,34.76,63700
2024-01-29 07:00:00,34.76,34.97,34.72,34.72,223500
2024-01-30 07:00:00,34.72,35.42,34.64,35.42,198700
2024-01-31 07:00:00,35.55,35.55,35.22,35.38,148000
2024-02-01 07:00:00,35.38,35.47,35.05,35.47,122100
2024-02-02 07:00:00,35.47,35.59,35.22,35.55,155800
2024-02-05 07:00:00,35.59,35.59,35.14,35.3,216200
2024-02-06 07:00:00,35.22,35.47,35.09,35.42,244000
2024-02-07 07:00:00,35.42,35.47,35.3,35.42,46800
2024-02-15 07:00:00,35.47,35.55,35.34,35.42,181100
2024-02-16 07:00:00,35.26,36.46,35.26,36.46,243700
2024-02-19 07:00:00,36.46,36.46,36.05,36.05,80700
2024-02-20 07:00:00,36.05,36.3,35.88,36.01,63300
2024-02-21 07:00:00,35.88,36.46,35.63,36.42,186400
2024-02-22 07:00:00,36.42,36.42,35.88,35.88,138300
2024-02-23 07:00:00,35.88,36.13,35.8,35.8,178500
2024-02-26 07:00:00,35.76,35.96,35.22,35.76,156000
2024-02-27 07:00:00,35.47,35.76,35.26,35.59,117400
2024-02-28 07:00:00,35.59,35.63,35.38,35.55,129000
2024-02-29 07:00:00,35.63,35.63,35.22,35.63,226200
2024-03-01 07:00:00,35.63,35.63,35.22,35.22,276600
2024-03-04 07:00:00,35.3,36.05,35.22,35.51,501000
2024-03-05 07:00:00,35.55,35.63,35.47,35.59,343300
2024-03-06 07:00:00,35.63,36.17,35.47,35.8,285800
2024-03-07 07:00:00,35.8,36.88,35.8,36.46,938300
2024-03-08 07:00:00,36.46,36.54,36.09,36.54,323200
2024-03-11 07:00:00,36.46,36.54,36.3,36.46,198800
2024-03-12 07:00:00,36.17,36.46,35.96,36.25,207500
2024-03-13 07:00:00,36.46,36.46,35.88,36.05,285300
2024-03-14 07:00:00,36.05,36.79,35.96,36.21,587800
2024-03-15 07:00:00,36.21,36.42,35.96,36.38,183100
2024-03-18 07:00:00,36.3,36.46,35.14,35.18,400100
2024-03-19 07:00:00,35.18,35.63,35.01,35.55,79000
2024-03-20 07:00:00,35.55,35.55,35.22,35.3,89600
2024-03-21 07:00:00,35.59,35.88,35.38,35.63,176900
2024-03-22 07:00:00,35.63,35.96,35.55,35.8,230900
2024-03-25 07:00:00,35.96,36.63,35.67,36.34,213100
2024-03-26 07:00:00,36.05,36.92,36.05,36.88,276300
2024-03-27 07:00:00,36.88,37.29,36.58,36.96,173100
2024-03-28 07:00:00,36.96,37.25,36.67,36.67,115300
2024-03-29 07:00:00,36.67,37.66,36.5,37.29,365600
2024-04-01 07:00:00,36.96,37.46,36.83,37.25,131200
2024-04-02 07:00:00,37.25,37.29,36.75,37.12,57700
2024-04-03 07:00:00,37.46,37.46,36.63,36.71,110600
2024-04-04 07:00:00,36.71,37.12,36.3,36.38,118500
2024-04-05 07:00:00,36.38,36.79,35.96,36.42,291200
2024-04-08 07:00:00,36.42,36.42,36.05,36.05,77700
2024-04-09 07:00:00,35.88,36.09,35.59,35.63,129500
2024-04-10 07:00:00,35.67,35.96,35.3,35.59,233400
2024-04-11 07:00:00,35.14,35.67,35.14,35.51,33500
2024-04-12 07:00:00,35.88,36.3,35.34,35.88,168800
2024-04-15 07:00:00,35.88,35.88,34.8,34.84,241700
2024-04-16 07:00:00,35.14,35.14,34.51,34.8,245300
2024-04-17 07:00:00,34.72,34.8,33.77,34.43,316400
2024-04-19 07:00:00,33.98,34.68,33.81,34.39,180500
2024-04-22 07:00:00,34.8,35.67,34.39,34.89,169900
2024-04-23 07:00:00,35.47,36.05,34.97,35.67,489300
2024-04-24 07:00:00,36.01,36.01,35.22,35.67,125600
2024-04-25 07:00:00,35.67,36.25,35.26,35.3,378300
2024-04-26 07:00:00,36.17,36.17,34.84,34.84,349600
2024-05-02 07:00:00,34.97,35.96,34.97,35.63,115300
2024-05-03 07:00:00,35.67,36.96,35.67,36.67,571000
2024-05-06 07:00:00,36.79,36.88,36.5,36.83,269800
2024-05-07 07:00:00,36.88,38.08,36.75,38.04,877000
2024-05-08 07:00:00,37.7,38.2,37.21,37.62,601400
2024-05-09 07:00:00,37.62,37.79,37.08,37.21,382500
2024-05-10 07:00:00,37.21,37.21,36.71,36.79,324800
2024-05-13 07:00:00,36.88,38.04,36.67,37.62,868300
2024-05-14 07:00:00,37.62,37.87,37.54,37.7,218700
2024-05-15 07:00:00,37.7,40.19,37.7,39.03,878200
2024-05-16 07:00:00,39.2,39.24,38.7,39.07,538600
2024-05-17 07:00:00,40.06,40.06,39.35,39.35,694900
2024-05-20 07:00:00,39.54,39.54,38.65,38.74,730600
2024-05-21 07:00:00,38.74,39.64,38.65,39.17,496200
2024-05-22 07:00:00,39.17,39.73,39.07,39.21,662500
2024-05-23 07:00:00,39.02,41.06,39.02,40.35,907600
2024-05-24 07:00:00,39.78,40.44,39.26,39.69,612300
2024-05-27 07:00:00,39.69,39.83,39.21,39.45,376800
2024-05-28 07:00:00,39.45,39.78,39.12,39.12,541800
2024-05-29 07:00:00,39.21,40.35,38.93,39.21,500700
2024-05-30 07:00:00,39.59,40.16,39.54,40.16,1138000
2024-05-31 07:00:00,40.58,41.1,40.3,40.63,935500
2024-06-03 07:00:00,41.06,41.06,40.35,40.68,964900
2024-06-04 07:00:00,40.91,40.91,40.2,40.2,745100
2024-06-05 07:00:00,40.25,40.54,39.97,39.97,278100
2024-06-06 07:00:00,40.49,42.05,40.25,41.76,1488300
2024-06-07 07:00:00,41.58,42.24,41.58,41.58,366200
2024-06-10 07:00:00,41.58,42.71,41.2,42.19,320600
2024-06-11 07:00:00,42.47,42.66,42.24,42.47,503600
2024-06-12 07:00:00,42.47,43.65,42.05,43.46,707700
2024-06-13 07:00:00,43.65,43.94,43.28,43.84,593200
2024-06-14 07:00:00,43.84,44.13,42.1,42.1,397700
2024-06-17 07:00:00,41.58,43.09,41.58,42.94,534200
2024-06-18 07:00:00,42.94,43.37,42.85,42.9,267500
2024-06-19 07:00:00,42.9,43.28,42.52,42.66,265500
2024-06-20 07:00:00,42.38,43.13,42.33,42.66,120300
2024-06-21 07:00:00,42.52,42.94,42.38,42.52,471700
2024-06-24 07:00:00,42.52,43.18,41.76,41.86,497800
2024-06-25 07:00:00,41.91,42.62,41.91,42.47,214100
2024-06-26 07:00:00,42.47,44.32,42.47,44.27,539500
2024-06-27 07:00:00,44.36,44.41,43.89,44.22,374100
2024-06-28 07:00:00,43.8,43.94,42.85,43.18,272700
2024-07-01 07:00:00,42.52,42.9,42.33,42.76,285300
2024-07-02 07:00:00,42.99,43.28,42.52,42.85,225900
2024-07-03 07:00:00,42.85,43.51,42.85,43.18,355700
2024-07-04 07:00:00,42.99,43.56,42.62,43.09,293500
2024-07-05 07:00:00,43.37,43.37,42.33,42.57,239500
2024-07-08 07:00:00,42.47,42.71,41.53,42.14,703600
2024-07-09 07:00:00,42.14,42.14,41.76,42.0,326900
2024-07-10 07:00:00,41.76,42.28,41.58,41.76,499500
2024-07-11 07:00:00,41.76,42.43,41.48,41.48,406500
2024-07-12 07:00:00,41.48,41.76,40.72,41.1,349400
2024-07-15 07:00:00,41.1,41.95,41.1,41.58,136100
2024-07-16 07:00:00,41.95,41.95,41.2,41.43,158100
2024-07-17 07:00:00,41.43,41.58,39.69,39.78,579500
2024-07-18 07:00:00,40.02,40.16,39.59,40.16,373400
2024-07-19 07:00:00,40.06,40.82,39.73,40.72,249000
2024-07-22 07:00:00,41.06,41.06,39.21,39.92,343300
2024-07-23 07:00:00,39.92,39.92,37.8,39.59,322600
2024-07-24 07:00:00,39.59,40.2,39.21,40.02,183500
2024-07-25 07:00:00,39.64,39.97,39.5,39.97,97500
2024-07-26 07:00:00,39.97,40.63,39.88,40.58,202500
2024-07-29 07:00:00,40.35,40.63,39.69,40.3,206100
2024-07-30 07:00:00,40.16,40.3,39.59,39.59,154300
2024-07-31 07:00:00,39.69,40.2,38.84,40.2,276100
2024-08-01 07:00:00,40.2,40.2,38.93,39.21,300400
2024-08-02 07:00:00,38.84,40.25,38.84,40.16,202600
2024-08-05 07:00:00,39.21,39.69,38.55,38.74,312600
2024-08-06 07:00:00,38.79,40.16,38.74,39.69,260900
2024-08-07 07:00:00,39.88,40.91,39.69,40.63,540100
2024-08-08 07:00:00,40.63,40.63,39.69,39.78,218400
2024-08-09 07:00:00,40.3,40.58,39.69,39.78,151200
2024-08-12 07:00:00,39.78,40.06,39.78,39.88,53000
2024-08-13 07:00:00,39.92,40.06,39.59,39.64,167400
2024-08-14 07:00:00,40.2,40.58,39.88,40.35,228600
2024-08-15 07:00:00,40.39,40.39,39.69,39.92,198600
2024-08-16 07:00:00,40.16,41.86,39.92,41.86,1126400
2024-08-19 07:00:00,41.86,42.62,41.58,42.57,559400
2024-08-20 07:00:00,42.52,42.57,41.67,42.14,283900
2024-08-21 07:00:00,41.95,42.38,41.58,41.58,237000
2024-08-22 07:00:00,41.95,42.47,41.58,41.95,233100
2024-08-23 07:00:00,41.95,41.95,41.58,41.81,187200
2024-08-26 07:00:00,41.86,43.28,41.86,42.24,470200
2024-08-27 07:00:00,42.05,42.14,41.76,42.05,208500
2024-08-28 07:00:00,41.86,42.1,41.86,42.1,288800
2024-08-29 07:00:00,42.1,42.28,41.48,41.95,225400
2024-08-30 07:00:00,42.24,42.8,41.81,41.81,246000
2024-09-04 07:00:00,41.72,41.95,41.43,41.81,169600
2024-09-05 07:00:00,41.62,41.86,41.2,41.43,163600
2024-09-06 07:00:00,41.39,42.43,41.29,42.33,219600
2024-09-09 07:00:00,42.33,43.37,42.14,43.28,525900
2024-09-10 07:00:00,43.46,43.75,42.52,42.99,376700
2024-09-11 07:00:00,42.71,43.37,42.28,43.09,243700
2024-09-12 07:00:00,43.37,43.84,42.94,43.61,450800
2024-09-13 07:00:00,43.46,43.75,43.37,43.56,157900
2024-09-16 07:00:00,43.75,43.75,42.9,43.09,276000
2024-09-17 07:00:00,43.09,43.09,42.43,42.71,272900
2024-09-18 07:00:00,42.71,43.18,42.43,42.43,123100
2024-09-19 07:00:00,42.52,44.46,42.52,44.46,838500
2024-09-20 07:00:00,44.88,44.88,44.03,44.41,205000
2024-09-23 07:00:00,44.08,45.26,43.84,45.26,274200
2024-09-24 07:00:00,45.21,45.21,44.65,44.69,140900
2024-09-25 07:00:00,44.69,44.88,44.17,44.17,121800
2024-09-26 07:00:00,44.22,44.41,43.84,43.89,121300
2024-09-27 07:00:00,44.13,44.13,43.37,43.61,286800
2024-09-30 07:00:00,43.61,43.75,42.57,42.9,406600
2024-10-01 07:00:00,42.8,43.13,42.8,43.04,216000
2024-10-02 07:00:00,42.71,43.13,42.71,43.13,125300
2024-10-03 07:00:00,43.46,43.46,42.1,42.52,391100
2024-10-04 07:00:00,42.52,42.9,42.43,42.52,74800
2024-10-07 07:00:00,42.47,42.71,42.38,42.52,120200
2024-10-08 07:00:00,42.57,42.99,42.33,42.8,144700
2024-10-09 07:00:00,42.8,42.85,42.52,42.52,116400
2024-10-10 07:00:00,42.71,42.9,42.38,42.8,171300
2024-10-11 07:00:00,43.18,43.7,42.9,43.46,237600
2024-10-14 07:00:00,43.46,44.03,43.09,43.51,87200
2024-10-15 07:00:00,43.46,43.46,42.62,42.94,202500
2024-10-16 07:00:00,42.94,43.65,42.71,43.51,188000
2024-10-17 07:00:00,43.51,43.65,42.47,43.09,296700
2024-10-18 07:00:00,42.8,42.94,42.52,42.71,108600
2024-10-21 07:00:00,42.71,42.8,42.52,42.71,68600
2024-10-22 07:00:00,42.71,42.71,42.52,42.52,172000
2024-10-23 07:00:00,42.52,42.52,42.14,42.24,299000
2024-10-24 07:00:00,42.1,42.14,41.62,41.72,424600
2024-10-25 07:00:00,41.72,42.24,41.67,42.24,92300
2024-10-28 07:00:00,42.24,42.24,42.0,42.1,162700
2024-10-29 07:00:00,42.1,42.99,42.1,42.99,283500
2024-10-30 07:00:00,42.99,42.99,42.19,42.52,74700
2024-10-31 07:00:00,42.52,42.52,42.1,42.52,149200
2024-11-01 07:00:00,42.19,42.9,42.05,42.9,212900
2024-11-04 07:00:00,42.9,42.9,42.52,42.52,73300
2024-11-05 07:00:00,42.52,42.94,42.38,42.62,126200
2024-11-06 07:00:00,42.62,42.76,42.52,42.71,174400
2024-11-07 07:00:00,42.71,42.9,42.66,42.8,46300
2024-11-08 07:00:00,42.94,43.84,42.8,43.32,281200
2024-11-11 07:00:00,43.46,43.46,43.28,43.42,363600
2024-11-12 07:00:00,43.37,43.51,42.52,42.99,365600
2024-11-13 07:00:00,42.9,42.9,42.43,42.43,112300
2024-11-14 07:00:00,42.28,42.62,42.14,42.14,89700
2024-11-15 07:00:00,42.14,42.28,39.78,41.1,168100
2024-11-18 07:00:00,40.49,41.62,40.49,41.2,62600
2024-11-19 07:00:00,42.28,42.71,41.58,41.95,230100
2024-11-20 07:00:00,41.81,42.8,41.39,42.52,172400
2024-11-21 07:00:00,42.52,42.62,42.05,42.47,64100
2024-11-22 07:00:00,42.19,42.52,42.05,42.14,75900
2024-11-25 07:00:00,42.0,42.85,41.95,42.43,226100
2024-11-26 07:00:00,42.43,42.9,42.43,42.8,74800
2024-11-27 07:00:00,42.8,43.04,42.24,42.99,67600
2024-11-28 07:00:00,42.99,42.99,42.52,42.52,12700
2024-11-29 07:00:00,42.94,45.4,42.47,45.4,130900
2024-12-02 07:00:00,44.41,44.46,43.46,44.41,317900
2024-12-03 07:00:00,43.56,44.46,43.56,44.41,191600
2024-12-04 07:00:00,44.5,45.07,44.27,44.69,249500
2024-12-05 07:00:00,44.69,44.98,44.41,44.5,116700
2024-12-06 07:00:00,44.79,44.93,44.17,44.17,69000
2024-12-09 07:00:00,44.17,44.17,43.28,43.28,173000
2024-12-10 07:00:00,43.75,43.75,43.09,43.28,188600
2024-12-11 07:00:00,43.28,43.56,43.04,43.04,124500
2024-12-12 07:00:00,43.46,43.46,43.09,43.28,72500
2024-12-13 07:00:00,43.28,43.46,42.99,43.32,17500
2024-12-16 07:00:00,43.94,43.94,43.32,43.75,102800
2024-12-17 07:00:00,44.32,44.32,43.32,43.42,111700
2024-12-18 07:00:00,43.32,43.65,43.32,43.32,38900
2024-12-19 07:00:00,43.09,43.75,42.99,43.23,126300
2024-12-20 07:00:00,43.23,43.94,43.18,43.65,47700
2024-12-23 07:00:00,43.65,44.17,43.65,44.17,67900
2024-12-24 07:00:00,44.17,44.32,43.75,44.13,40800
2024-12-25 07:00:00,44.13,44.27,43.94,44.03,109600
2024-12-26 07:00:00,44.32,44.88,43.8,44.88,182400
2024-12-27 07:00:00,45.21,45.21,44.5,44.55,49800
2024-12-30 07:00:00,44.55,44.55,43.7,44.36,62700
2024-12-31 07:00:00,44.17,45.17,43.75,44.88,242600
2025-01-02 07:00:00,45.07,45.07,44.41,44.5,20200
2025-01-03 07:00:00,44.88,44.88,44.13,44.13,58100
2025-01-06 07:00:00,44.13,44.13,43.46,43.46,61300
2025-01-07 07:00:00,43.46,44.08,43.46,43.51,51500
2025-01-08 07:00:00,43.51,43.84,43.42,43.56,36500
2025-01-09 07:00:00,43.61,44.22,43.51,44.17,48500
2025-01-10 07:00:00,44.32,44.41,43.84,43.94,48100
2025-01-13 07:00:00,43.94,44.41,43.32,44.41,99500
2025-01-14 07:00:00,44.41,44.69,44.13,44.41,102000
2025-01-15 07:00:00,44.41,44.69,43.98,43.98,67000
2025-01-16 07:00:00,44.27,44.32,43.75,43.75,34000
2025-01-17 07:00:00,43.65,43.94,43.61,43.65,80100
2025-01-20 07:00:00,43.65,43.94,43.65,43.84,43700
2025-01-21 07:00:00,44.22,44.36,43.94,44.32,82300
2025-01-22 07:00:00,44.46,44.46,43.61,43.98,48000
2025-01-23 07:00:00,43.98,44.65,43.7,44.41,129400
2025-01-24 07:00:00,44.65,44.65,44.13,44.32,117800
2025-02-03 07:00:00,44.41,44.41,43.75,43.75,152500
2025-02-04 07:00:00,44.32,44.32,43.46,43.56,167200
2025-02-05 07:00:00,43.84,44.41,43.56,44.27,144900
2025-02-06 07:00:00,44.6,46.3,43.75,45.45,283600
2025-02-07 07:00:00,45.45,45.73,45.07,45.17,170900
2025-02-10 07:00:00,45.17,45.21,44.22,44.27,241500
2025-02-11 07:00:00,44.27,44.71,44.27,44.41,205400
2025-02-12 07:00:00,44.41,44.71,44.22,44.41,278800
2025-02-13 07:00:00,44.71,44.8,44.41,44.46,102300
2025-02-14 07:00:00,44.71,45.19,44.46,44.46,102900
2025-02-17 07:00:00,44.61,44.61,43.93,44.02,149100
2025-02-18 07:00:00,43.93,44.12,43.73,44.02,139500
2025-02-19 07:00:00,44.02,44.41,43.44,43.54,321200
2025-02-20 07:00:00,43.68,44.02,43.68,43.83,224500
2025-02-21 07:00:00,43.83,44.51,43.64,43.73,248300
2025-02-24 07:00:00,43.73,44.12,43.34,43.73,195800
2025-02-25 07:00:00,43.73,43.98,43.54,43.73,78500
2025-02-26 07:00:00,43.88,43.88,43.64,43.73,136700
2025-02-27 07:00:00,43.73,44.12,43.68,43.83,105000
2025-02-28 07:00:00,43.83,44.22,43.73,43.73,105500
2025-03-03 07:00:00,43.73,44.22,43.73,44.22,201000
2025-03-04 07:00:00,43.93,44.02,43.59,43.93,81600
2025-03-05 07:00:00,43.93,44.32,43.54,43.64,110400
2025-03-06 07:00:00,43.64,44.22,43.54,43.64,177300
2025-03-07 07:00:00,43.64,43.68,43.44,43.64,141300
2025-03-10 07:00:00,44.02,44.02,43.64,43.64,72700
2025-03-11 07:00:00,43.64,43.64,43.15,43.64,166800
2025-03-12 07:00:00,43.54,43.54,43.15,43.15,216900
2025-03-13 07:00:00,43.34,43.34,42.76,42.76,239900
2025-03-14 07:00:00,42.76,42.86,42.66,42.66,138400
2025-03-17 07:00:00,42.76,42.86,42.37,42.47,97800
2025-03-18 07:00:00,42.62,43.34,42.57,43.34,107900
2025-03-19 07:00:00,42.96,43.73,42.96,43.44,165300
2025-03-20 07:00:00,43.44,43.68,43.15,43.34,189200
2025-03-21 07:00:00,43.3,43.39,43.25,43.3,81400
2025-03-24 07:00:00,43.2,43.25,42.76,42.91,157300
2025-03-25 07:00:00,42.81,43.44,42.81,43.34,64500
2025-03-26 07:00:00,43.34,43.73,43.34,43.64,103700
2025-03-27 07:00:00,43.83,43.83,42.86,43.39,141300
2025-03-28 07:00:00,43.34,43.34,42.76,42.81,235600
2025-03-31 07:00:00,42.71,42.86,41.3,42.28,559200
2025-04-01 07:00:00,42.28,42.28,41.69,41.89,298600
2025-04-02 07:00:00,41.79,42.47,41.79,42.28,208900
2025-04-03 07:00:00,41.4,41.64,39.36,39.36,923400
2025-04-04 07:00:00,37.9,40.82,36.93,39.31,1130100
2025-04-08 07:00:00,38.83,39.85,38.0,38.49,2671000
2025-04-09 07:00:00,38.19,41.16,38.19,41.16,925900
2025-04-10 07:00:00,44.02,44.02,42.08,44.02,1280000
2025-04-11 07:00:00,44.02,44.02,42.76,43.05,243300
2025-04-14 07:00:00,43.05,44.02,42.96,43.2,375500
2025-04-15 07:00:00,43.1,43.73,42.91,43.15,198400
2025-04-16 07:00:00,43.15,44.02,43.0,43.73,285200
2025-04-17 07:00:00,43.49,43.88,43.49,43.83,148100
2025-04-18 07:00:00,43.73,43.93,43.54,43.78,149600
2025-04-21 07:00:00,43.49,43.93,42.76,43.73,130900
2025-04-22 07:00:00,43.59,44.22,43.15,43.73,243600
2025-04-23 07:00:00,43.73,44.02,43.25,43.73,192200
2025-04-24 07:00:00,43.73,45.0,43.3,44.71,459500
2025-04-25 07:00:00,45.14,46.55,45.0,45.68,490400
2025-04-28 07:00:00,45.68,46.5,45.19,46.26,345000
2025-04-29 07:00:00,46.5,47.52,45.97,47.52,302000
2025-05-05 07:00:00,47.52,50.83,47.04,50.83,1135800
2025-05-06 07:00:00,52.0,52.77,50.83,50.83,842600
2025-05-07 07:00:00,50.83,52.58,50.54,51.31,858000
2025-05-08 07:00:00,50.34,51.31,48.88,49.66,604700
2025-05-09 07:00:00,49.76,51.51,49.76,50.63,251800
2025-05-12 07:00:00,50.63,51.51,50.05,50.15,182300
2025-05-13 07:00:00,50.15,51.51,49.37,50.15,438900
2025-05-14 07:00:00,50.34,51.02,49.56,49.86,228000
2025-05-15 07:00:00,49.86,50.93,49.76,49.76,111300
2025-05-16 07:00:00,49.76,50.05,49.47,49.56,295500
2025-05-19 07:00:00,49.56,49.56,48.2,49.56,125000
2025-05-20 07:00:00,49.37,49.76,49.08,49.56,137600
2025-05-21 07:00:00,49.08,51.02,49.08,50.44,639400
2025-05-22 07:00:00,50.44,51.02,49.47,49.66,117800
2025-05-23 07:00:00,49.56,50.34,49.27,49.76,126000
2025-05-26 07:00:00,50.34,51.31,49.66,50.44,179800
2025-05-27 07:00:00,50.44,51.31,50.34,50.54,181800
2025-05-28 07:00:00,50.73,50.83,49.95,50.05,136700
2025-05-29 07:00:00,50.05,51.12,49.86,50.63,130600
2025-05-30 07:00:00,50.63,50.63,48.79,49.08,308300
2025-06-02 07:00:00,48.79,48.79,47.18,47.62,339100
2025-06-03 07:00:00,47.28,48.45,47.28,47.86,106300
2025-06-04 07:00:00,47.86,48.2,47.62,48.11,88700
2025-06-05 07:00:00,47.62,47.86,46.65,47.62,238500
2025-06-06 07:00:00,48.01,48.01,46.99,47.14,115500
2025-06-09 07:00:00,47.14,47.18,46.26,46.5,89000
2025-06-10 07:00:00,46.26,47.33,46.26,46.94,124600
2025-06-11 07:00:00,46.94,47.33,46.84,47.28,19200
2025-06-12 07:00:00,46.99,47.43,46.84,46.89,100600
2025-06-13 07:00:00,46.65,46.65,46.16,46.21,124800
2025-06-16 07:00:00,45.92,47.14,45.68,46.65,189300
2025-06-17 07:00:00,46.65,47.04,46.21,46.36,35300
2025-06-18 07:00:00,46.55,46.6,45.97,46.36,71100
2025-06-19 07:00:00,46.31,46.55,45.78,46.07,104300
2025-06-20 07:00:00,46.31,46.8,46.21,46.31,46100
2025-06-23 07:00:00,46.31,46.65,45.78,46.65,41200
2025-06-24 07:00:00,46.65,46.75,46.46,46.65,50100
2025-06-25 07:00:00,46.6,46.6,46.02,46.16,83700
2025-06-26 07:00:00,46.07,46.75,45.87,46.55,45300
2025-06-27 07:00:00,46.94,46.94,46.07,46.21,59800
2025-06-30 07:00:00,46.36,46.84,46.26,46.6,46500
2025-07-01 07:00:00,46.6,46.84,46.5,46.65,53600
2025-07-02 07:00:00,46.65,47.43,46.46,47.23,70900
2025-07-03 07:00:00,47.23,47.52,46.6,46.65,212700
2025-07-04 07:00:00,46.7,46.84,46.46,46.46,75900
2025-07-07 07:00:00,46.55,46.75,46.07,46.21,178000
2025-07-08 07:00:00,46.46,46.94,46.02,46.65,40500
2025-07-09 07:00:00,46.26,46.75,46.26,46.41,123500
2025-07-10 07:00:00,46.46,47.52,46.46,46.84,154600
2025-07-11 07:00:00,47.04,47.62,46.84,47.62,191200
2025-07-14 07:00:00,47.62,47.91,46.55,46.99,184000
2025-07-15 07:00:00,46.99,47.09,46.16,46.84,187400
2025-07-16 07:00:00,46.84,46.84,46.36,46.65,138700
2025-07-17 07:00:00,46.65,46.8,46.07,46.21,301800
2025-07-18 07:00:00,46.26,46.31,45.87,46.02,281000
2025-07-21 07:00:00,46.07,46.46,46.07,46.21,322000
2025-07-22 07:00:00,46.26,46.6,45.68,46.21,403700
2025-07-23 07:00:00,46.26,46.26,45.78,45.78,336600
2025-07-24 07:00:00,46.16,46.16,45.39,45.48,372800
2025-07-25 07:00:00,45.48,45.82,45.39,45.68,187700
2025-07-28 07:00:00,45.92,46.26,45.48,46.12,182300
2025-07-29 07:00:00,46.07,46.36,45.44,46.02,283100
2025-07-30 07:00:00,46.41,46.65,45.68,46.31,203000
2025-07-31 07:00:00,46.31,48.79,46.31,48.11,663200
2025-08-01 07:00:00,48.59,48.59,47.52,47.91,250300
2025-08-04 07:00:00,48.11,50.44,47.82,49.27,302500
2025-08-05 07:00:00,49.37,49.56,47.52,47.57,403100
2025-08-06 07:00:00,47.33,48.01,47.28,47.62,211100
2025-08-07 07:00:00,47.52,48.98,47.52,48.35,175800
2025-08-08 07:00:00,48.35,48.59,47.62,48.3,137200
2025-08-11 07:00:00,47.86,48.5,47.72,48.01,157000
2025-08-12 07:00:00,48.25,48.88,47.62,47.62,262700
2025-08-13 07:00:00,47.72,49.18,47.72,48.4,236800
2025-08-14 07:00:00,48.59,48.59,47.62,47.67,282900
2025-08-15 07:00:00,47.67,47.91,47.48,47.77,172100
2025-08-18 07:00:00,48.11,48.4,47.48,47.48,282300
2025-08-19 07:00:00,47.48,48.5,47.48,47.91,131200
2025-08-20 07:00:00,48.06,48.3,46.6,46.65,241100
2025-08-21 07:00:00,46.94,47.23,46.75,47.04,151600
2025-08-22 07:00:00,46.75,47.09,46.16,46.31,247100
2025-08-25 07:00:00,46.46,46.46,45.48,45.53,153400
2025-08-26 07:00:00,45.53,45.97,45.48,45.68,68900
2025-08-27 07:00:00,46.65,46.65,46.16,46.21,70200
2025-08-28 07:00:00,46.75,46.99,45.87,45.97,78100
2025-08-29 07:00:00,45.73,46.07,45.73,45.87,129500
2025-09-03 07:00:00,46.16,46.36,45.78,45.92,164100
2025-09-04 07:00:00,46.07,46.16,45.87,45.87,139100
2025-09-05 07:00:00,46.02,46.5,45.87,45.97,161500
2025-09-08 07:00:00,46.6,46.6,45.68,45.68,138700
2025-09-09 07:00:00,45.78,45.87,45.39,45.39,121100
2025-09-10 07:00:00,45.87,45.87,45.34,45.39,106200
2025-09-11 07:00:00,45.39,45.48,45.19,45.44,120000
2025-09-12 07:00:00,45.44,46.55,45.24,46.07,476700
2025-09-15 07:00:00,46.26,46.94,46.21,46.75,198600
2025-09-16 07:00:00,47.04,47.04,46.46,46.65,369600
2025-09-17 07:00:00,46.65,46.94,46.55,46.6,243000
2025-09-18 07:00:00,46.7,47.48,46.7,47.14,428000
2025-09-19 07:00:00,47.48,47.48,46.99,47.14,152300
2025-09-22 07:00:00,47.23,47.38,46.8,47.09,464700
2025-09-23 07:00:00,47.09,47.23,46.75,47.09,447300
2025-09-24 07:00:00,47.23,48.79,47.14,48.79,539100
2025-09-25 07:00:00,49.08,49.18,47.72,47.82,111400
2025-09-26 07:00:00,48.11,48.35,47.33,47.43,107300
2025-09-29 07:00:00,47.62,47.72,46.65,47.14,84100
2025-09-30 07:00:00,47.43,47.62,46.89,47.14,66300
2025-10-01 07:00:00,47.33,47.33,47.04,47.04,102900
2025-10-02 07:00:00,47.04,47.62,46.84,46.99,185400
2025-10-03 07:00:00,47.14,47.91,46.65,47.48,140100
2025-10-06 07:00:00,48.4,48.4,47.38,47.48,67200
2025-10-07 07:00:00,47.67,48.11,47.14,47.77,128000
2025-10-08 07:00:00,47.91,47.91,47.14,47.62,44400
2025-10-09 07:00:00,47.67,47.77,47.28,47.33,86100
2025-10-10 07:00:00,47.38,48.79,47.38,48.01,194800
2025-10-13 07:00:00,47.48,48.35,47.43,48.01,90300
2025-10-14 07:00:00,48.01,48.4,47.43,47.43,299300
2025-10-15 07:00:00,47.43,47.67,46.6,46.75,196200
2025-10-16 07:00:00,46.65,46.99,46.6,46.84,109000
2025-10-17 07:00:00,46.7,47.82,46.7,46.8,54500
2025-10-20 07:00:00,46.8,47.09,45.73,45.73,146900
2025-10-21 07:00:00,46.21,47.33,45.68,46.41,175000
2025-10-22 07:00:00,46.16,46.75,46.07,46.21,36800
2025-10-23 07:00:00,46.16,46.65,45.92,46.46,52400
2025-10-24 07:00:00,46.41,46.65,45.87,46.65,51300
2025-10-27 07:00:00,46.7,47.09,46.36,46.6,73400
2025-10-28 07:00:00,46.94,46.94,46.26,46.75,93200
2025-10-29 07:00:00,47.52,49.08,47.43,48.5,542800
2025-10-30 07:00:00,48.59,48.59,47.82,48.01,35700
2025-10-31 07:00:00,48.3,48.45,47.62,47.62,99100
2025-11-03 07:00:00,48.4,48.4,46.8,46.8,126000
2025-11-04 07:00:00,46.75,46.94,43.83,46.07,366500
2025-11-05 07:00:00,46.07,46.7,45.48,45.73,107700
2025-11-06 07:00:00,45.78,46.26,45.58,45.73,123600
2025-11-07 07:00:00,45.68,46.16,45.58,45.68,116200
2025-11-10 07:00:00,46.07,46.07,45.29,45.48,105600
2025-11-11 07:00:00,45.48,45.82,45.48,45.53,51400
2025-11-12 07:00:00,46.02,46.02,45.48,45.73,33400
2025-11-13 07:00:00,45.87,46.07,45.63,45.63,99900
2025-11-14 07:00:00,45.68,45.97,45.48,45.97,149000
2025-11-17 07:00:00,45.97,45.97,45.68,45.78,67700
2025-11-18 07:00:00,45.78,46.36,45.78,46.31,49400
2025-11-19 07:00:00,46.84,47.14,46.36,46.99,202200
2025-11-20 07:00:00,46.99,47.62,46.75,46.89,61600
2025-11-21 07:00:00,46.89,46.94,46.26,46.65,106700
2025-11-24 07:00:00,47.14,47.23,46.36,46.5,28600
2025-11-25 07:00:00,46.16,46.65,45.78,45.78,135900
2025-11-26 07:00:00,45.97,46.16,45.82,46.12,39000
2025-11-27 07:00:00,46.16,46.65,46.12,46.16,29800
2025-11-28 07:00:00,46.16,46.36,45.78,45.92,21900
2025-12-01 07:00:00,45.92,46.36,45.44,45.44,148900
2025-12-02 07:00:00,45.48,45.87,45.48,45.87,45000
2025-12-03 07:00:00,46.16,46.16,45.48,45.63,100900
2025-12-04 07:00:00,45.68,46.16,45.68,45.68,62000
2025-12-05 07:00:00,45.92,45.92,45.68,45.68,13800
2025-12-08 07:00:00,45.68,45.78,44.71,44.71,163300
2025-12-09 07:00:00,44.75,44.95,44.17,44.36,201500
2025-12-10 07:00:00,44.36,45.29,44.22,44.32,104000
2025-12-11 07:00:00,45.14,45.14,44.51,44.61,23100
2025-12-12 07:00:00,44.71,45.14,44.46,44.51,37900
2025-12-15 07:00:00,44.95,44.95,44.46,44.46,21700
2025-12-16 07:00:00,44.71,44.8,44.27,44.8,50300
2025-12-17 07:00:00,44.8,45.0,44.32,44.36,43000
2025-12-18 07:00:00,44.36,44.56,43.73,43.73,40800
2025-12-19 07:00:00,43.73,43.78,42.76,42.76,170500
2025-12-22 07:00:00,42.76,43.25,42.28,42.66,134700
2025-12-23 07:00:00,42.76,42.76,41.84,42.28,404000
2025-12-24 07:00:00,42.23,42.23,41.16,41.74,241100
2025-12-25 07:00:00,41.79,43.25,41.79,42.28,288500
2025-12-26 07:00:00,43.15,43.64,40.82,40.82,555300
2025-12-29 07:00:00,41.79,43.64,41.79,43.64,323600
2025-12-30 07:00:00,46.65,46.65,43.88,45.58,566700
2025-12-31 07:00:00,45.53,46.07,43.98,46.07,95800
2026-01-05 07:00:00,45.78,45.78,44.61,44.8,131700
2026-01-06 07:00:00,45.14,45.14,43.93,44.02,100300
2026-01-07 07:00:00,44.66,44.66,44.02,44.02,134600
2026-01-08 07:00:00,43.83,44.07,43.39,43.39,321700
2026-01-09 07:00:00,43.39,44.66,43.34,43.59,97400
2026-01-12 07:00:00,44.22,44.22,42.76,43.88,180200
2026-01-13 07:00:00,44.02,45.68,43.73,45.68,217500
2026-01-14 07:00:00,45.63,45.63,45.0,45.53,114000
2026-01-15 07:00:00,45.05,45.97,45.05,45.73,79200
2026-01-16 07:00:00,46.46,46.46,45.24,45.53,82900
2026-01-19 07:00:00,45.68,45.87,45.19,45.58,129100
2026-01-20 07:00:00,45.58,45.87,45.39,45.68,284300
2026-01-21 07:00:00,42.86,45.53,42.86,45.19,703200
2026-01-22 07:00:00,45.24,45.68,44.51,45.05,42400
2026-01-23 07:00:00,44.8,44.8,43.83,44.07,131400
2026-01-26 07:00:00,44.61,45.09,43.64,43.64,174600
2026-01-27 07:00:00,44.56,44.56,43.34,44.02,189300
2026-01-28 07:00:00,44.02,44.71,43.78,44.02,121000
2026-01-29 07:00:00,44.41,45.09,44.32,45.09,127300
2026-01-30 07:00:00,45.39,45.68,44.71,45.0,128800
2026-02-02 07:00:00,44.8,45.19,44.56,44.9,153900
2026-02-03 07:00:00,45.3,45.5,44.85,45.0,86300
2026-02-04 07:00:00,45.0,45.45,44.0,44.15,226800
2026-02-05 07:00:00,44.05,44.25,43.65,43.65,224100
2026-02-06 07:00:00,43.65,43.75,43.45,43.5,100500
2026-02-09 07:00:00,43.5,43.9,43.4,43.85,105600
2026-02-10 07:00:00,43.85,44.3,43.6,44.0,527900
2026-02-11 07:00:00,43.55,44.0,43.5,43.5,208600
2026-02-12 07:00:00,43.6,44.1,43.5,44.0,54800
2026-02-13 07:00:00,44.3,44.5,43.7,44.5,170600
2026-02-23 07:00:00,44.5,44.5,44.2,44.4,74100
2026-02-24 07:00:00,44.4,44.4,43.8,43.95,146600
2026-02-25 07:00:00,44.3,44.8,43.7,44.0,187900
2026-02-26 07:00:00,44.5,44.55,43.8,44.0,107800
2026-02-27 07:00:00,44.05,45.05,43.8,44.7,185700
2026-03-02 07:00:00,43.7,45.75,43.7,45.3,281100
2026-03-03 07:00:00,46.25,46.3,45.0,45.2,184600
2026-03-04 07:00:00,45.2,45.2,44.2,44.85,166800
2026-03-05 07:00:00,44.85,45.5,44.85,45.25,134000
2026-03-06 07:00:00,45.1,45.5,44.6,45.45,123400
2026-03-09 07:00:00,44.85,44.85,42.3,42.3,348500
2026-03-10 07:00:00,44.0,44.0,42.4,43.3,70100
2026-03-11 07:00:00,43.3,43.45,42.8,43.0,478600
2026-03-12 07:00:00,43.0,43.05,42.4,42.7,168900
2026-03-13 07:00:00,42.6,43.3,42.6,42.7,181500
2026-03-16 07:00:00,42.7,43.0,42.25,42.25,102400
2026-03-17 07:00:00,42.5,42.9,42.4,42.6,56000
2026-03-18 07:00:00,42.5,43.0,41.95,42.6,167000
2026-03-19 07:00:00,42.75,42.75,41.7,41.9,375200
2026-03-20 07:00:00,42.4,43.2,41.9,42.95,310900
2026-03-23 07:00:00,42.95,42.95,41.2,41.55,473700
2026-03-24 07:00:00,42.45,42.45,41.75,42.15,241400
2026-03-25 07:00:00,42.65,43.55,42.25,43.0,291500
2026-03-26 07:00:00,43.15,43.15,42.6,42.9,71000
2026-03-27 07:00:00,42.9,43.2,42.8,43.15,228200
2026-03-30 07:00:00,42.85,43.9,41.8,42.75,710300
2026-03-31 07:00:00,42.25,43.1,42.25,43.0,125600
2026-04-01 07:00:00,43.05,43.85,42.8,43.05,498200
2026-04-02 07:00:00,43.0,43.0,42.4,43.0,132900
2026-04-03 07:00:00,43.0,43.0,42.6,43.0,119800
2026-04-06 07:00:00,42.0,42.9,42.0,42.85,111800
2026-04-07 07:00:00,42.85,42.95,42.7,42.85,196600
2026-04-08 07:00:00,43.0,43.3,43.0,43.05,598300
2026-04-09 07:00:00,43.05,43.3,42.8,43.1,106200
2026-04-10 07:00:00,43.15,43.2,42.95,43.2,117800
2026-04-13 07:00:00,43.15,43.25,42.85,43.2,34000
2026-04-14 07:00:00,43.7,43.7,43.25,43.6,326800
2026-04-15 07:00:00,43.65,43.65,43.55,43.65,103900
2026-04-16 07:00:00,43.6,43.7,43.05,43.1,613200
2026-04-17 07:00:00,43.05,43.6,43.05,43.6,122800
2026-04-20 07:00:00,43.7,44.1,43.7,43.95,237400
2026-04-21 07:00:00,43.7,43.95,43.05,43.7,451400
2026-04-22 07:00:00,43.7,43.8,43.1,43.5,379600
2026-04-23 07:00:00,43.15,43.7,43.15,43.5,109400
2026-04-24 07:00:00,43.45,43.5,42.8,43.2,129000
2026-04-28 07:00:00,43.2,43.5,42.2,42.8,576900
2026-04-29 07:00:00,43.0,43.5,42.95,43.5,196400
