time,open,high,low,close,volume
2016-11-10 07:00:00,6.99,7.07,6.99,7.05,669330
2016-11-11 07:00:00,7.05,7.07,6.99,6.99,316350
2016-11-14 07:00:00,7.03,7.03,6.99,7.01,303890
2016-11-15 07:00:00,7.01,7.03,6.99,7.01,225170
2016-11-16 07:00:00,7.05,7.05,6.97,6.97,167420
2016-11-17 07:00:00,6.97,7.01,6.9,6.9,569800
2016-11-18 07:00:00,6.9,6.94,6.86,6.9,284580
2016-11-21 07:00:00,6.9,7.03,6.9,7.03,591420
2016-11-22 07:00:00,7.01,7.12,6.99,7.12,532560
2016-11-23 07:00:00,7.09,7.14,7.07,7.12,412630
2016-11-24 07:00:00,7.07,7.12,6.92,6.97,322620
2016-11-25 07:00:00,7.01,7.01,6.88,6.9,728280
2016-11-28 07:00:00,6.92,6.92,6.82,6.84,334410
2016-11-29 07:00:00,6.82,6.9,6.82,6.82,452340
2016-11-30 07:00:00,6.82,6.88,6.8,6.84,379010
2016-12-01 07:00:00,6.84,6.9,6.84,6.88,441510
2016-12-02 07:00:00,6.9,6.94,6.86,6.86,589230
2016-12-05 07:00:00,6.92,6.92,6.82,6.82,687550
2016-12-06 07:00:00,6.82,6.88,6.67,6.67,692140
2016-12-07 07:00:00,6.67,6.71,6.63,6.65,607910
2016-12-08 07:00:00,6.65,6.8,6.6,6.6,562000
2016-12-09 07:00:00,6.6,6.67,6.54,6.54,581760
2016-12-12 07:00:00,6.58,6.58,6.29,6.37,894390
2016-12-13 07:00:00,6.41,6.41,6.18,6.2,675590
2016-12-14 07:00:00,6.2,6.31,6.2,6.22,453960
2016-12-15 07:00:00,6.29,6.54,6.24,6.31,616860
2016-12-16 07:00:00,6.35,6.37,6.31,6.37,465860
2016-12-19 07:00:00,6.46,6.63,6.44,6.5,882180
2016-12-20 07:00:00,6.5,6.63,6.48,6.48,555100
2016-12-21 07:00:00,6.48,6.54,6.41,6.46,702700
2016-12-22 07:00:00,6.48,6.5,6.37,6.41,517150
2016-12-23 07:00:00,6.39,6.46,6.35,6.46,481330
2016-12-26 07:00:00,6.46,6.5,6.39,6.44,326280
2016-12-27 07:00:00,6.44,6.48,6.41,6.46,263280
2016-12-28 07:00:00,6.46,6.48,6.41,6.46,538430
2016-12-29 07:00:00,6.41,6.5,6.37,6.37,882870
2016-12-30 07:00:00,6.37,6.48,6.33,6.39,430500
2017-01-03 07:00:00,6.48,6.84,6.48,6.84,1008370
2017-01-04 07:00:00,6.94,7.05,6.84,6.97,1006570
2017-01-05 07:00:00,6.92,7.01,6.8,7.01,892010
2017-01-06 07:00:00,6.88,7.26,6.84,7.07,1151370
2017-01-09 07:00:00,7.22,7.35,7.14,7.26,1335810
2017-01-10 07:00:00,7.22,7.22,7.14,7.18,693510
2017-01-11 07:00:00,7.18,7.52,7.18,7.52,2008310
2017-01-12 07:00:00,7.52,7.56,7.39,7.48,739950
2017-01-13 07:00:00,7.48,7.48,7.33,7.35,623490
2017-01-16 07:00:00,7.53,7.53,7.3,7.3,815390
2017-01-17 07:00:00,7.44,7.81,7.42,7.81,3003990
2017-01-18 07:00:00,7.81,8.08,7.61,7.66,1624550
2017-01-19 07:00:00,7.57,7.81,7.57,7.81,1088370
2017-01-20 07:00:00,7.81,8.06,7.79,7.92,2339900
2017-01-23 07:00:00,7.92,8.43,7.9,8.1,2995710
2017-01-24 07:00:00,8.23,8.3,8.01,8.21,2109910
2017-01-25 07:00:00,8.19,8.3,8.01,8.21,2442780
2017-02-02 07:00:00,8.23,8.41,8.14,8.28,1314520
2017-02-03 07:00:00,8.28,8.37,8.06,8.17,2070490
2017-02-06 07:00:00,8.12,8.21,8.04,8.1,1384570
2017-02-07 07:00:00,8.08,8.26,8.01,8.04,3218470
2017-02-08 07:00:00,8.04,8.08,7.88,7.9,2904010
2017-02-09 07:00:00,7.95,8.06,7.95,7.99,1592330
2017-02-10 07:00:00,7.99,8.28,7.97,8.21,3566190
2017-02-13 07:00:00,8.21,8.26,8.12,8.19,1937220
2017-02-14 07:00:00,8.17,8.32,8.17,8.26,2680990
2017-02-15 07:00:00,8.26,8.59,8.26,8.54,4804180
2017-02-16 07:00:00,8.59,8.7,8.41,8.54,5808080
2017-02-17 07:00:00,8.5,8.54,8.35,8.37,2778190
2017-02-20 07:00:00,8.3,8.41,8.14,8.19,2694060
2017-02-21 07:00:00,8.28,8.35,8.1,8.1,2330830
2017-02-22 07:00:00,8.14,8.14,7.9,7.97,3853650
2017-02-23 07:00:00,8.01,8.04,7.75,7.92,2473690
2017-02-24 07:00:00,7.97,8.14,7.84,7.99,1407370
2017-02-27 07:00:00,7.92,8.17,7.9,8.1,1522540
2017-02-28 07:00:00,8.12,8.19,8.01,8.08,2586140
2017-03-01 07:00:00,8.06,8.08,7.86,7.97,1182670
2017-03-02 07:00:00,8.06,8.06,7.92,7.95,816410
2017-03-03 07:00:00,7.95,8.12,7.84,8.1,1754040
2017-03-06 07:00:00,8.19,8.28,8.1,8.14,1718240
2017-03-07 07:00:00,8.08,8.19,8.08,8.1,844680
2017-03-08 07:00:00,8.08,8.35,7.99,8.12,1972150
2017-03-09 07:00:00,8.12,8.28,8.12,8.14,1281380
2017-03-10 07:00:00,8.14,8.26,8.06,8.06,969700
2017-03-13 07:00:00,8.06,8.08,7.95,7.95,1059150
2017-03-14 07:00:00,7.92,8.01,7.88,7.92,1001120
2017-03-15 07:00:00,7.92,8.01,7.86,7.88,1048050
2017-03-16 07:00:00,7.92,8.01,7.88,7.9,886330
2017-03-17 07:00:00,7.97,8.1,7.97,7.99,696990
2017-03-20 07:00:00,8.06,8.14,7.97,8.1,1679060
2017-03-21 07:00:00,8.17,8.28,8.14,8.19,2470110
2017-03-22 07:00:00,8.28,8.37,8.12,8.12,2382120
2017-03-23 07:00:00,8.12,8.21,8.08,8.19,932740
2017-03-24 07:00:00,8.23,8.35,8.19,8.28,2471790
2017-03-27 07:00:00,8.37,8.52,8.28,8.32,1622690
2017-03-28 07:00:00,8.32,8.37,8.14,8.19,992200
2017-03-29 07:00:00,8.17,8.19,8.1,8.12,1098970
2017-03-30 07:00:00,8.14,8.23,8.12,8.12,992300
2017-03-31 07:00:00,8.17,8.17,7.97,8.01,1445170
2017-04-03 07:00:00,8.04,8.06,7.92,7.97,1573370
2017-04-04 07:00:00,8.01,8.04,7.95,7.95,775940
2017-04-05 07:00:00,7.99,8.04,7.92,7.97,798240
2017-04-07 07:00:00,7.95,8.01,7.9,7.97,681240
2017-04-10 07:00:00,7.97,8.04,7.92,7.92,447310
2017-04-11 07:00:00,7.92,8.04,7.86,8.01,1238960
2017-04-12 07:00:00,7.97,8.1,7.88,7.88,1144700
2017-04-13 07:00:00,7.92,7.99,7.86,7.86,954120
2017-04-14 07:00:00,7.79,7.86,7.7,7.75,1645800
2017-04-17 07:00:00,7.75,7.88,7.53,7.53,1623170
2017-04-18 07:00:00,7.53,7.66,7.5,7.66,1077960
2017-04-19 07:00:00,7.64,7.7,7.64,7.66,497490
2017-04-20 07:00:00,7.7,7.77,7.59,7.7,453700
2017-04-21 07:00:00,7.7,7.7,7.55,7.57,652400
2017-04-24 07:00:00,7.57,7.61,7.53,7.53,363620
2017-04-25 07:00:00,7.53,7.66,7.5,7.57,286970
2017-04-26 07:00:00,7.53,7.66,7.53,7.61,475310
2017-04-27 07:00:00,7.61,7.7,7.61,7.66,410720
2017-04-28 07:00:00,7.66,7.81,7.61,7.68,692930
2017-05-03 07:00:00,7.77,7.79,7.68,7.75,474500
2017-05-04 07:00:00,7.75,7.97,7.7,7.88,973500
2017-05-05 07:00:00,7.84,7.9,7.81,7.86,421560
2017-05-08 07:00:00,7.84,7.92,7.79,7.86,703620
2017-05-09 07:00:00,7.81,7.97,7.79,7.95,844220
2017-05-10 07:00:00,7.95,8.19,7.92,8.1,1931930
2017-05-11 07:00:00,8.14,8.14,8.01,8.01,641050
2017-05-12 07:00:00,7.97,8.17,7.97,8.04,703260
2017-05-15 07:00:00,8.04,8.06,7.9,8.01,1110290
2017-05-16 07:00:00,7.95,8.06,7.84,7.88,815770
2017-05-17 07:00:00,7.86,7.99,7.79,7.86,654830
2017-05-18 07:00:00,7.88,8.08,7.86,7.95,933490
2017-05-19 07:00:00,7.97,8.14,7.97,8.06,1091650
2017-05-22 07:00:00,8.19,8.61,8.1,8.5,5170640
2017-05-23 07:00:00,8.5,8.61,8.28,8.28,1965190
2017-05-24 07:00:00,8.32,8.61,8.19,8.52,2068710
2017-05-25 07:00:00,8.52,8.59,8.35,8.37,2220180
2017-05-26 07:00:00,8.37,8.5,8.32,8.37,1376370
2017-05-29 07:00:00,8.48,8.81,8.48,8.65,5590140
2017-05-30 07:00:00,8.65,8.72,8.37,8.37,2589230
2017-05-31 07:00:00,8.37,8.48,8.28,8.32,1058830
2017-06-01 07:00:00,8.32,8.46,8.26,8.26,1658360
2017-06-02 07:00:00,8.28,8.3,8.17,8.28,1569140
2017-06-05 07:00:00,8.41,8.46,8.3,8.32,968510
2017-06-06 07:00:00,8.35,8.52,8.28,8.5,1433850
2017-06-07 07:00:00,8.54,8.88,8.54,8.81,6095440
2017-06-08 07:00:00,8.76,8.81,8.59,8.65,1285490
2017-06-09 07:00:00,8.65,8.79,8.59,8.59,1210820
2017-06-12 07:00:00,8.63,8.72,8.54,8.63,1164340
2017-06-13 07:00:00,8.63,8.81,8.57,8.76,1257110
2017-06-14 07:00:00,8.85,9.05,8.85,8.96,3179340
2017-06-15 07:00:00,8.94,9.25,8.94,9.05,2805430
2017-06-16 07:00:00,8.96,9.12,8.96,9.03,982090
2017-06-19 07:00:00,9.1,9.21,9.03,9.16,1575050
2017-06-20 07:00:00,9.25,9.27,9.14,9.25,1962690
2017-06-21 07:00:00,9.25,9.25,8.81,8.96,2667760
2017-06-22 07:00:00,8.99,9.05,8.83,8.83,1834770
2017-06-23 07:00:00,8.81,8.85,8.7,8.85,1351710
2017-06-26 07:00:00,8.83,9.1,8.83,8.96,1228390
2017-06-27 07:00:00,8.99,9.03,8.85,8.85,1475230
2017-06-28 07:00:00,8.9,8.94,8.72,8.92,1301680
2017-06-29 07:00:00,8.85,9.07,8.85,8.92,1535240
2017-06-30 07:00:00,8.94,8.96,8.9,8.96,860890
2017-07-03 07:00:00,9.01,9.14,8.94,9.14,2640680
2017-07-04 07:00:00,9.16,9.16,8.96,9.01,708720
2017-07-05 07:00:00,9.01,9.07,8.96,9.03,1118490
2017-07-06 07:00:00,9.03,9.07,8.96,8.96,1606330
2017-07-07 07:00:00,8.99,9.07,8.81,8.81,1805000
2017-07-10 07:00:00,8.81,8.9,8.32,8.68,2645310
2017-07-11 07:00:00,8.63,8.72,8.5,8.68,1082800
2017-07-12 07:00:00,8.7,8.72,8.54,8.63,682010
2017-07-13 07:00:00,8.68,8.72,8.54,8.72,1014010
2017-07-14 07:00:00,8.72,8.76,8.54,8.57,904080
2017-07-17 07:00:00,8.57,8.59,8.23,8.32,2136590
2017-07-18 07:00:00,8.41,8.41,8.23,8.23,2311940
2017-07-19 07:00:00,8.35,8.37,8.28,8.37,1650820
2017-07-20 07:00:00,8.37,8.41,8.21,8.41,1705080
2017-07-21 07:00:00,8.41,8.52,8.23,8.23,1833150
2017-07-24 07:00:00,8.23,8.3,8.19,8.23,752680
2017-07-25 07:00:00,8.28,8.46,8.28,8.46,1131570
2017-07-26 07:00:00,8.52,8.7,8.46,8.61,2445580
2017-07-27 07:00:00,8.52,8.63,8.5,8.54,1928880
2017-07-28 07:00:00,8.54,8.74,8.52,8.63,2971010
2017-07-31 07:00:00,8.72,9.03,8.72,9.03,3214090
2017-08-01 07:00:00,9.03,9.03,8.85,8.85,2763120
2017-08-02 07:00:00,8.72,9.1,8.68,8.92,4382970
2017-08-03 07:00:00,8.96,9.12,8.9,8.92,5127760
2017-08-04 07:00:00,8.94,8.99,8.7,8.83,3531350
2017-08-07 07:00:00,8.88,8.9,8.74,8.83,2733760
2017-08-08 07:00:00,8.83,8.92,8.7,8.7,3342970
2017-08-09 07:00:00,8.63,8.68,8.28,8.32,4404510
2017-08-10 07:00:00,8.28,8.41,8.19,8.21,3819510
2017-08-11 07:00:00,8.26,8.41,8.19,8.41,2764010
2017-08-14 07:00:00,8.39,8.57,8.39,8.52,1354330
2017-08-15 07:00:00,8.52,8.57,8.41,8.43,1433540
2017-08-16 07:00:00,8.39,8.43,8.35,8.37,1198460
2017-08-17 07:00:00,8.35,8.41,8.21,8.21,1664970
2017-08-18 07:00:00,8.19,8.3,8.1,8.23,1447350
2017-08-21 07:00:00,8.23,8.28,8.19,8.21,982260
2017-08-22 07:00:00,8.21,8.21,8.08,8.08,1344850
2017-08-23 07:00:00,8.08,8.14,8.01,8.08,1722930
2017-08-24 07:00:00,8.1,8.39,8.08,8.37,2585570
2017-08-25 07:00:00,8.39,8.43,8.3,8.35,1455800
2017-08-28 07:00:00,8.35,8.37,8.26,8.35,1047150
2017-08-29 07:00:00,8.32,8.37,8.26,8.28,1485040
2017-08-30 07:00:00,8.23,8.28,8.21,8.21,624790
2017-08-31 07:00:00,8.26,8.5,8.23,8.43,2375340
2017-09-01 07:00:00,8.43,8.57,8.39,8.43,2074380
2017-09-05 07:00:00,8.41,8.43,8.32,8.37,855200
2017-09-06 07:00:00,8.37,8.37,8.26,8.3,1004380
2017-09-07 07:00:00,8.3,8.43,8.3,8.37,925180
2017-09-08 07:00:00,8.37,8.41,8.3,8.3,1102880
2017-09-11 07:00:00,8.3,8.35,8.19,8.21,1130490
2017-09-12 07:00:00,8.21,8.3,8.21,8.26,711660
2017-09-13 07:00:00,8.26,8.3,8.21,8.23,1068550
2017-09-14 07:00:00,8.23,8.32,8.23,8.3,1563930
2017-09-15 07:00:00,8.3,8.3,8.26,8.28,561770
2017-09-18 07:00:00,8.37,8.57,8.37,8.48,3083780
2017-09-19 07:00:00,8.43,8.63,8.43,8.54,2042660
2017-09-20 07:00:00,8.57,8.68,8.52,8.63,1592350
2017-09-21 07:00:00,8.59,8.76,8.59,8.76,2217490
2017-09-22 07:00:00,8.76,8.83,8.65,8.65,3031000
2017-09-25 07:00:00,8.65,8.68,8.57,8.59,1507280
2017-09-26 07:00:00,8.59,8.7,8.52,8.61,1487760
2017-09-27 07:00:00,8.75,8.75,8.61,8.61,1170000
2017-09-28 07:00:00,8.56,8.66,8.47,8.47,875410
2017-09-29 07:00:00,8.47,8.54,8.43,8.47,740690
2017-10-02 07:00:00,8.47,8.61,8.45,8.45,627190
2017-10-03 07:00:00,8.45,8.52,8.38,8.43,648210
2017-10-04 07:00:00,8.45,8.61,8.43,8.61,856890
2017-10-05 07:00:00,8.7,8.82,8.63,8.66,2000400
2017-10-06 07:00:00,8.59,8.77,8.59,8.75,1040800
2017-10-09 07:00:00,8.79,8.86,8.77,8.79,1696810
2017-10-10 07:00:00,8.75,8.77,8.68,8.75,1683150
2017-10-11 07:00:00,8.75,8.79,8.63,8.66,1764540
2017-10-12 07:00:00,8.66,8.7,8.63,8.63,617660
2017-10-13 07:00:00,8.63,8.7,8.56,8.7,601900
2017-10-16 07:00:00,8.7,8.79,8.7,8.77,1573280
2017-10-17 07:00:00,8.75,8.91,8.75,8.88,3031680
2017-10-18 07:00:00,8.98,9.09,8.88,8.93,3831330
2017-10-19 07:00:00,8.93,8.98,8.86,8.93,1161020
2017-10-20 07:00:00,8.91,9.0,8.84,8.91,1536340
2017-10-23 07:00:00,8.91,9.0,8.66,8.68,1928540
2017-10-24 07:00:00,8.61,8.72,8.61,8.63,932500
2017-10-25 07:00:00,8.68,8.77,8.63,8.75,1403530
2017-10-26 07:00:00,8.77,8.77,8.61,8.61,1340130
2017-10-27 07:00:00,8.59,8.75,8.59,8.75,757670
2017-10-30 07:00:00,8.82,8.88,8.68,8.68,2370310
2017-10-31 07:00:00,8.66,8.7,8.59,8.59,928260
2017-11-01 07:00:00,8.59,8.68,8.56,8.61,833680
2017-11-02 07:00:00,8.63,8.75,8.47,8.47,1511390
2017-11-03 07:00:00,8.47,8.59,8.43,8.59,1098240
2017-11-06 07:00:00,8.68,8.88,8.59,8.88,2844000
2017-11-07 07:00:00,8.84,9.04,8.84,8.93,3253350
2017-11-08 07:00:00,8.88,9.16,8.88,9.11,4277710
2017-11-09 07:00:00,9.11,9.14,8.95,9.02,1263570
2017-11-10 07:00:00,9.07,9.44,8.98,9.34,4956130
2017-11-13 07:00:00,9.44,9.44,9.27,9.34,3130510
2017-11-14 07:00:00,9.37,9.62,9.34,9.57,2725640
2017-11-15 07:00:00,9.53,9.57,9.46,9.53,2307390
2017-11-16 07:00:00,9.48,9.62,9.48,9.62,3825870
2017-11-17 07:00:00,9.66,9.71,9.41,9.44,3115450
2017-11-20 07:00:00,9.48,9.6,9.44,9.53,1631580
2017-11-21 07:00:00,9.62,9.89,9.57,9.71,5021360
2017-11-22 07:00:00,9.76,10.37,9.73,10.37,4538190
2017-11-23 07:00:00,10.58,11.04,10.44,10.85,4993910
2017-11-24 07:00:00,10.67,10.99,10.62,10.72,6220670
2017-11-27 07:00:00,10.67,10.76,10.6,10.72,3818950
2017-11-28 07:00:00,10.72,10.72,10.4,10.58,3515960
2017-11-29 07:00:00,10.58,11.04,10.56,11.04,6301250
2017-11-30 07:00:00,11.18,11.45,10.99,11.13,5558850
2017-12-01 07:00:00,11.13,11.18,10.97,11.02,2577080
2017-12-04 07:00:00,11.13,11.18,11.02,11.11,5980970
2017-12-05 07:00:00,11.11,11.22,10.74,10.76,4035460
2017-12-06 07:00:00,10.76,10.83,10.49,10.76,3331870
2017-12-07 07:00:00,10.76,10.81,10.49,10.67,1344350
2017-12-08 07:00:00,10.62,10.69,10.44,10.53,1735210
2017-12-11 07:00:00,10.35,10.49,9.8,9.8,2925210
2017-12-12 07:00:00,9.8,10.03,9.14,9.8,4351440
2017-12-13 07:00:00,9.89,9.89,9.55,9.55,1512990
2017-12-14 07:00:00,9.55,10.12,9.55,10.08,2318980
2017-12-15 07:00:00,9.94,10.17,9.94,10.03,2132900
2017-12-18 07:00:00,10.14,10.37,10.12,10.3,2289700
2017-12-19 07:00:00,10.4,10.4,10.08,10.1,2591650
2017-12-20 07:00:00,10.08,10.35,9.89,10.28,1899870
2017-12-21 07:00:00,10.35,10.35,10.12,10.12,1430880
2017-12-22 07:00:00,9.96,10.26,9.96,10.21,2121410
2017-12-25 07:00:00,10.24,10.3,10.08,10.17,923090
2017-12-26 07:00:00,10.26,10.62,10.17,10.6,3050860
2017-12-27 07:00:00,10.67,10.85,10.6,10.67,3245260
2017-12-28 07:00:00,10.76,11.11,10.62,11.11,2726960
2017-12-29 07:00:00,11.18,11.2,10.88,11.08,3806720
2018-01-02 07:00:00,11.08,11.45,10.92,11.43,3966440
2018-01-03 07:00:00,11.5,11.56,11.2,11.36,3941230
2018-01-04 07:00:00,11.36,11.77,11.29,11.77,4995490
2018-01-05 07:00:00,11.68,11.72,11.45,11.5,3071940
2018-01-08 07:00:00,11.5,11.86,11.43,11.77,5017740
2018-01-09 07:00:00,11.82,11.84,10.99,11.77,6561230
2018-01-10 07:00:00,11.72,12.0,11.54,11.68,9619750
2018-01-11 07:00:00,11.54,11.86,11.45,11.75,4187120
2018-01-12 07:00:00,11.72,12.07,11.66,11.72,5148990
2018-01-15 07:00:00,11.68,12.07,11.43,11.95,4812150
2018-01-16 07:00:00,11.95,12.34,11.95,12.18,7707220
2018-01-17 07:00:00,11.54,12.27,11.54,11.54,5012930
2018-01-18 07:00:00,11.45,11.68,11.08,11.68,4941490
2018-01-19 07:00:00,11.68,11.79,11.47,11.59,4243980
2018-01-22 07:00:00,11.72,11.86,11.63,11.79,2806440
2018-01-25 07:00:00,11.95,12.6,11.86,12.25,12632930
2018-01-26 07:00:00,12.55,12.71,12.3,12.5,8629440
2018-01-29 07:00:00,12.55,13.17,12.5,12.96,9535190
2018-01-30 07:00:00,12.6,12.92,12.5,12.85,6537380
2018-01-31 07:00:00,13.12,13.33,12.46,12.46,8587080
2018-02-01 07:00:00,12.69,13.01,12.41,12.48,7765160
2018-02-02 07:00:00,12.64,12.94,12.5,12.82,8967630
2018-02-05 07:00:00,12.6,12.82,11.93,11.93,7735310
2018-02-06 07:00:00,11.11,11.68,11.11,11.15,11384030
2018-02-07 07:00:00,11.68,11.93,11.5,11.79,5755430
2018-02-08 07:00:00,11.59,11.79,11.22,11.22,3171590
2018-02-09 07:00:00,10.58,11.31,10.56,11.22,4778760
2018-02-12 07:00:00,11.68,12.0,11.63,12.0,3613760
2018-02-13 07:00:00,12.37,12.46,12.18,12.46,4107030
2018-02-21 07:00:00,12.82,13.24,12.57,12.76,11195110
2018-02-22 07:00:00,12.6,13.53,12.6,13.12,18022260
2018-02-23 07:00:00,13.46,13.92,13.28,13.92,13718750
2018-02-26 07:00:00,14.29,14.47,13.92,14.06,15151800
2018-02-27 07:00:00,14.11,14.7,13.88,14.7,18420040
2018-02-28 07:00:00,14.43,15.69,14.43,15.39,18780330
2018-03-01 07:00:00,15.11,15.82,14.86,14.98,20611220
2018-03-02 07:00:00,14.61,15.25,14.56,14.98,16332340
2018-03-05 07:00:00,15.2,15.2,13.97,13.97,14397300
2018-03-06 07:00:00,14.34,14.79,14.06,14.79,8655290
2018-03-07 07:00:00,14.79,15.0,14.27,14.43,8743530
2018-03-08 07:00:00,14.29,14.7,14.29,14.52,4450530
2018-03-09 07:00:00,14.79,15.09,14.7,14.84,9019810
2018-03-12 07:00:00,15.2,15.48,15.11,15.32,9131840
2018-03-13 07:00:00,15.34,16.35,15.32,16.35,14039020
2018-03-14 07:00:00,16.49,16.76,16.17,16.28,8598930
2018-03-15 07:00:00,16.12,16.95,16.03,16.76,9348680
2018-03-16 07:00:00,16.95,17.04,16.56,16.81,7631290
2018-03-19 07:00:00,17.11,17.11,16.4,16.62,11655870
2018-03-20 07:00:00,16.42,16.72,16.4,16.49,9728470
2018-03-21 07:00:00,16.72,16.81,16.44,16.58,8752910
2018-03-22 07:00:00,16.67,16.69,16.26,16.4,9074600
2018-03-23 07:00:00,15.89,16.21,15.5,16.01,13238950
2018-03-26 07:00:00,15.94,16.4,15.85,16.4,7784740
2018-03-27 07:00:00,16.72,16.81,16.37,16.4,7589490
2018-03-28 07:00:00,16.21,16.44,16.08,16.12,4854050
2018-03-29 07:00:00,16.26,16.26,15.94,16.03,4348190
2018-03-30 07:00:00,16.03,16.05,15.6,15.85,5396860
2018-04-02 07:00:00,16.08,16.62,16.08,16.58,7508660
2018-04-03 07:00:00,16.58,16.72,16.44,16.62,5850150
2018-04-04 07:00:00,16.76,16.81,16.4,16.44,6987490
2018-04-05 07:00:00,16.58,16.58,16.26,16.3,4491490
2018-04-06 07:00:00,16.53,16.67,16.33,16.35,5822740
2018-04-09 07:00:00,16.44,17.27,16.3,17.27,12738930
2018-04-10 07:00:00,17.4,17.52,16.97,17.08,6795480
2018-04-11 07:00:00,17.18,17.31,16.35,16.35,9276770
2018-04-12 07:00:00,16.21,16.51,16.05,16.35,6157460
2018-04-13 07:00:00,16.49,16.53,15.64,15.66,8955730
2018-04-16 07:00:00,15.66,15.98,15.2,15.57,4681650
2018-04-17 07:00:00,15.62,15.94,15.41,15.94,3718370
2018-04-18 07:00:00,16.12,16.14,15.37,15.37,3917470
2018-04-19 07:00:00,15.34,15.37,14.38,14.47,9517160
2018-04-20 07:00:00,14.75,15.34,14.38,15.34,4349720
2018-04-23 07:00:00,15.34,15.48,14.29,14.29,5666300
2018-04-24 07:00:00,13.88,14.52,13.65,13.9,5706980
2018-04-26 07:00:00,13.9,13.97,12.94,12.94,8261420
2018-04-27 07:00:00,12.94,13.53,12.76,13.42,5541550
2018-05-02 07:00:00,13.6,13.6,12.48,12.48,5398180
2018-05-03 07:00:00,12.48,13.28,11.82,13.28,9431320
2018-05-04 07:00:00,13.37,13.46,12.96,13.05,4309260
2018-05-07 07:00:00,13.1,13.95,13.03,13.95,6311980
2018-05-08 07:00:00,13.76,14.34,13.74,13.92,8128930
2018-05-09 07:00:00,13.74,14.06,13.53,13.74,4247880
2018-05-10 07:00:00,13.65,13.83,12.82,12.82,7044560
2018-05-11 07:00:00,12.78,13.72,12.57,13.46,8676620
2018-05-14 07:00:00,13.67,13.69,13.33,13.51,3612060
2018-05-15 07:00:00,13.53,13.83,13.44,13.67,5313260
2018-05-16 07:00:00,13.6,13.67,13.19,13.33,6053700
2018-05-17 07:00:00,13.37,13.53,13.19,13.37,4363180
2018-05-18 07:00:00,13.51,13.58,12.89,13.49,5007410
2018-05-21 07:00:00,13.56,13.6,13.19,13.19,2892620
2018-05-22 07:00:00,12.92,13.17,12.37,12.41,6389160
2018-05-23 07:00:00,12.23,12.82,12.2,12.82,5200740
2018-05-24 07:00:00,12.82,12.92,12.41,12.53,2609650
2018-05-25 07:00:00,12.6,12.69,11.95,11.98,4572900
2018-05-28 07:00:00,11.68,11.86,11.15,11.15,7903690
2018-05-29 07:00:00,11.59,11.93,11.2,11.93,6822120
2018-05-30 07:00:00,11.91,12.2,11.7,11.75,4720830
2018-05-31 07:00:00,11.72,12.48,11.72,12.41,5455510
2018-06-01 07:00:00,12.27,12.89,12.23,12.57,7380970
2018-06-04 07:00:00,12.55,12.87,12.39,12.8,5865720
2018-06-05 07:00:00,12.8,13.14,12.73,13.01,7849780
2018-06-06 07:00:00,13.01,13.4,12.87,13.26,5455670
2018-06-07 07:00:00,13.33,13.33,12.96,12.98,5969420
2018-06-08 07:00:00,12.82,13.17,12.82,13.08,4767490
2018-06-11 07:00:00,12.92,13.17,12.85,12.85,4624690
2018-06-12 07:00:00,12.73,12.78,12.16,12.55,8799030
2018-06-13 07:00:00,12.55,12.71,12.39,12.57,2888490
2018-06-14 07:00:00,12.55,12.66,12.27,12.27,3232350
2018-06-15 07:00:00,12.14,12.46,12.04,12.41,2911510
2018-06-18 07:00:00,12.37,12.5,11.84,11.84,4602800
2018-06-19 07:00:00,11.68,11.7,11.02,11.63,8256400
2018-06-20 07:00:00,11.72,12.02,11.5,11.98,3539880
2018-06-21 07:00:00,11.95,12.0,11.59,11.61,2439860
2018-06-22 07:00:00,11.45,11.86,11.45,11.86,3017090
2018-06-25 07:00:00,12.09,12.25,12.0,12.07,3968730
2018-06-26 07:00:00,11.91,12.02,11.79,11.91,2269630
2018-06-27 07:00:00,11.93,12.04,11.45,11.45,2295230
2018-06-28 07:00:00,11.45,11.56,11.02,11.13,5529200
2018-06-29 07:00:00,11.27,11.38,11.04,11.11,3131100
2018-07-02 07:00:00,10.99,11.08,10.4,10.58,5922700
2018-07-03 07:00:00,10.58,10.67,9.85,9.85,12604080
2018-07-04 07:00:00,10.03,10.03,9.62,10.03,4173250
2018-07-05 07:00:00,9.94,10.03,9.37,9.39,5581570
2018-07-06 07:00:00,9.39,10.03,9.3,10.03,7482830
2018-07-09 07:00:00,10.33,10.49,10.08,10.12,5856660
2018-07-10 07:00:00,10.17,10.4,10.08,10.24,4742620
2018-07-11 07:00:00,9.85,9.98,9.55,9.57,6419960
2018-07-12 07:00:00,9.62,10.24,9.55,9.98,4607140
2018-07-13 07:00:00,10.26,10.53,10.19,10.35,5166290
2018-07-16 07:00:00,10.53,10.62,10.35,10.44,5097690
2018-07-17 07:00:00,10.35,11.04,10.24,10.99,9663380
2018-07-18 07:00:00,11.08,11.4,11.04,11.4,5547380
2018-07-19 07:00:00,11.22,11.43,11.13,11.18,6561280
2018-07-20 07:00:00,10.99,11.34,10.81,11.31,7175250
2018-07-23 07:00:00,11.22,11.45,10.81,10.81,4660480
2018-07-24 07:00:00,10.85,10.95,10.6,10.79,4694830
2018-07-25 07:00:00,10.95,10.95,10.44,10.44,4438080
2018-07-26 07:00:00,10.44,10.58,10.35,10.53,3833150
2018-07-27 07:00:00,10.67,10.9,10.51,10.72,3661800
2018-07-30 07:00:00,10.85,10.95,10.74,10.92,3005450
2018-07-31 07:00:00,10.9,11.08,10.74,10.81,5360140
2018-08-01 07:00:00,10.81,10.88,10.53,10.62,4143490
2018-08-02 07:00:00,10.53,10.6,10.35,10.51,4459080
2018-08-03 07:00:00,10.6,10.69,10.44,10.46,3338160
2018-08-06 07:00:00,10.44,10.67,10.35,10.46,3045600
2018-08-07 07:00:00,10.35,10.76,10.35,10.56,3590660
2018-08-08 07:00:00,10.6,10.97,10.58,10.97,5566440
2018-08-09 07:00:00,11.08,11.24,10.99,11.02,7031950
2018-08-10 07:00:00,10.95,11.13,10.9,11.11,4512160
2018-08-13 07:00:00,11.11,11.79,11.06,11.79,11399080
2018-08-14 07:00:00,11.82,11.93,11.59,11.59,5458820
2018-08-15 07:00:00,11.84,12.04,11.45,11.54,9774410
2018-08-16 07:00:00,11.36,12.04,11.22,11.98,11227630
2018-08-17 07:00:00,12.23,12.3,11.91,11.91,8647290
2018-08-20 07:00:00,11.88,12.02,11.77,11.77,5328040
2018-08-21 07:00:00,11.72,12.14,11.63,12.14,7109240
2018-08-22 07:00:00,12.16,12.27,11.93,12.02,6502340
2018-08-23 07:00:00,12.02,12.11,11.84,11.95,6138470
2018-08-24 07:00:00,11.93,12.18,11.7,11.95,8362470
2018-08-27 07:00:00,12.11,12.55,12.07,12.46,9437840
2018-08-28 07:00:00,12.5,12.57,12.41,12.48,6284270
2018-08-29 07:00:00,12.48,12.5,12.32,12.37,5534930
2018-08-30 07:00:00,12.37,12.8,12.32,12.64,7422130
2018-08-31 07:00:00,12.62,12.69,12.34,12.43,5595720
2018-09-04 07:00:00,12.34,12.41,11.86,11.86,8071290
2018-09-05 07:00:00,11.86,12.04,11.77,11.93,6678740
2018-09-06 07:00:00,11.95,12.02,11.77,11.86,3629360
2018-09-07 07:00:00,11.82,12.16,11.79,12.14,4308610
2018-09-10 07:00:00,12.11,12.18,11.95,12.0,2733190
2018-09-11 07:00:00,11.95,12.41,11.95,12.34,6257740
2018-09-12 07:00:00,12.43,12.46,12.14,12.14,4889210
2018-09-13 07:00:00,12.27,12.41,12.16,12.2,4491540
2018-09-14 07:00:00,12.32,12.53,12.27,12.34,6677120
2018-09-17 07:00:00,12.34,12.34,12.18,12.18,2912850
2018-09-18 07:00:00,12.14,12.32,12.02,12.32,3675180
2018-09-19 07:00:00,12.46,12.5,12.27,12.27,5157360
2018-09-20 07:00:00,12.32,12.57,12.23,12.57,5641050
2018-09-21 07:00:00,12.64,12.96,12.6,12.87,11683350
2018-09-24 07:00:00,12.87,12.96,12.73,12.82,4332530
2018-09-25 07:00:00,12.73,12.92,12.66,12.73,5786020
2018-09-26 07:00:00,12.71,12.92,12.66,12.66,5824170
2018-09-27 07:00:00,12.73,12.8,12.62,12.64,4772170
2018-09-28 07:00:00,12.69,12.87,12.62,12.62,6073370
2018-10-01 07:00:00,12.64,12.73,12.27,12.39,6461870
2018-10-02 07:00:00,12.39,12.57,12.2,12.41,7746060
2018-10-03 07:00:00,12.5,12.69,12.48,12.6,4127150
2018-10-04 07:00:00,12.76,12.78,12.62,12.69,3473930
2018-10-05 07:00:00,12.69,12.73,12.41,12.41,5198350
2018-10-08 07:00:00,12.32,12.48,12.27,12.3,4657990
2018-10-09 07:00:00,12.3,12.37,12.18,12.23,3336170
2018-10-10 07:00:00,12.27,12.3,12.07,12.11,3546520
2018-10-11 07:00:00,11.54,11.77,11.27,11.27,12082520
2018-10-12 07:00:00,11.08,11.63,11.04,11.63,5389190
2018-10-15 07:00:00,11.63,11.68,11.34,11.34,2884750
2018-10-16 07:00:00,11.36,11.52,11.31,11.52,2005520
2018-10-17 07:00:00,11.72,11.77,11.56,11.59,3206460
2018-10-18 07:00:00,11.45,11.68,11.38,11.38,3109490
2018-10-19 07:00:00,11.22,11.4,11.08,11.31,3112080
2018-10-22 07:00:00,11.4,11.45,11.2,11.2,2097350
2018-10-23 07:00:00,11.18,11.18,10.65,10.83,5920090
2018-10-24 07:00:00,10.83,10.97,10.62,10.62,3019740
2018-10-25 07:00:00,10.26,10.6,10.12,10.53,4766130
2018-10-26 07:00:00,10.72,10.72,10.3,10.3,1995490
2018-10-29 07:00:00,10.21,10.42,10.12,10.12,3684150
2018-10-30 07:00:00,10.12,10.33,10.08,10.17,2528950
2018-10-31 07:00:00,10.35,10.72,10.26,10.72,5805250
2018-11-01 07:00:00,10.76,10.79,10.44,10.46,2567210
2018-11-02 07:00:00,10.53,10.9,10.51,10.76,4558920
2018-11-05 07:00:00,10.62,10.79,10.6,10.76,2120240
2018-11-06 07:00:00,10.85,10.9,10.65,10.65,2694510
2018-11-07 07:00:00,10.65,10.76,10.46,10.65,2753710
2018-11-08 07:00:00,10.85,10.88,10.62,10.62,2690030
2018-11-09 07:00:00,10.49,10.65,10.33,10.35,3077020
2018-11-12 07:00:00,10.3,10.37,10.12,10.28,2365260
2018-11-13 07:00:00,10.08,10.26,10.08,10.08,3311180
2018-11-14 07:00:00,10.08,10.24,9.6,9.71,5671640
2018-11-15 07:00:00,9.71,9.94,9.62,9.73,3721830
2018-11-16 07:00:00,9.89,10.14,9.8,10.05,3063290
2018-11-19 07:00:00,10.14,10.56,10.05,10.56,5513170
2018-11-20 07:00:00,10.4,10.74,10.37,10.62,4890140
2018-11-21 07:00:00,10.44,10.76,10.42,10.67,3479650
2018-11-22 07:00:00,10.81,10.81,10.51,10.51,3322210
2018-11-23 07:00:00,10.46,10.58,10.28,10.28,3174400
2018-11-26 07:00:00,10.26,10.37,10.26,10.3,1762420
2018-11-27 07:00:00,10.4,10.46,10.14,10.21,2219900
2018-11-28 07:00:00,10.21,10.42,10.21,10.42,2457300
2018-11-29 07:00:00,10.51,10.62,10.4,10.46,4180120
2018-11-30 07:00:00,10.42,10.65,10.4,10.53,3545150
2018-12-03 07:00:00,10.81,11.08,10.76,11.06,6826140
2018-12-04 07:00:00,11.02,11.13,10.85,10.95,4049780
2018-12-05 07:00:00,10.76,11.18,10.76,11.04,5058040
2018-12-06 07:00:00,10.97,11.06,10.88,10.97,4251890
2018-12-07 07:00:00,11.02,11.18,10.97,11.02,4313800
2018-12-10 07:00:00,10.81,10.88,10.58,10.58,6683070
2018-12-11 07:00:00,10.58,10.72,10.56,10.67,3255860
2018-12-12 07:00:00,10.74,10.76,10.67,10.76,2314550
2018-12-13 07:00:00,10.79,10.85,10.6,10.6,4164600
2018-12-14 07:00:00,10.53,10.62,10.12,10.24,11320020
2018-12-17 07:00:00,10.08,10.14,9.89,9.91,5481050
2018-12-18 07:00:00,9.76,10.01,9.71,9.82,4927320
2018-12-19 07:00:00,9.78,9.82,9.14,9.34,11210140
2018-12-20 07:00:00,9.39,9.57,9.18,9.25,6187230
2018-12-21 07:00:00,9.21,9.55,9.18,9.55,3621750
2018-12-24 07:00:00,9.44,9.62,9.3,9.32,2764900
2018-12-25 07:00:00,9.07,9.11,8.77,9.02,4603010
2018-12-26 07:00:00,9.11,9.16,8.77,8.84,3119010
2018-12-27 07:00:00,9.16,9.18,8.86,8.86,3841050
2018-12-28 07:00:00,8.93,9.02,8.82,8.84,2310660
2019-01-02 07:00:00,8.82,8.91,8.7,8.7,2420340
2019-01-03 07:00:00,8.7,8.79,8.27,8.29,5513360
2019-01-04 07:00:00,8.27,8.5,8.11,8.4,3804290
2019-01-07 07:00:00,8.61,8.61,8.31,8.31,3982660
2019-01-08 07:00:00,8.36,8.36,8.15,8.2,5636280
2019-01-09 07:00:00,8.24,8.56,8.2,8.4,5954880
2019-01-10 07:00:00,8.43,8.77,8.38,8.63,7326460
2019-01-11 07:00:00,8.61,8.82,8.56,8.61,4025750
2019-01-14 07:00:00,8.52,8.72,8.5,8.61,4808180
2019-01-15 07:00:00,8.61,8.75,8.59,8.66,3074470
2019-01-16 07:00:00,8.7,8.75,8.52,8.56,3652310
2019-01-17 07:00:00,8.56,8.66,8.45,8.45,3172300
2019-01-18 07:00:00,8.52,8.52,8.34,8.34,3403750
2019-01-21 07:00:00,8.4,8.91,8.38,8.91,11448210
2019-01-22 07:00:00,9.02,9.21,8.91,8.95,9145450
2019-01-23 07:00:00,8.91,9.18,8.84,9.14,6937940
2019-01-24 07:00:00,9.16,9.39,9.11,9.37,8813040
2019-01-25 07:00:00,9.34,9.44,9.18,9.25,5976710
2019-01-28 07:00:00,9.25,9.37,9.21,9.32,4441160
2019-01-29 07:00:00,9.27,9.53,9.21,9.5,6598310
2019-01-30 07:00:00,9.5,9.55,9.37,9.37,2573630
2019-01-31 07:00:00,9.41,9.46,8.98,9.02,9039900
2019-02-01 07:00:00,8.93,9.23,8.93,9.21,3635060
2019-02-11 07:00:00,9.44,9.57,9.3,9.48,3647470
2019-02-12 07:00:00,9.48,9.73,9.44,9.55,7612990
2019-02-13 07:00:00,9.53,9.73,9.5,9.55,7588170
2019-02-14 07:00:00,9.57,9.66,9.53,9.55,5036130
2019-02-15 07:00:00,9.48,9.66,9.44,9.53,4246880
2019-02-18 07:00:00,9.57,9.71,9.53,9.57,6827190
2019-02-19 07:00:00,9.55,9.64,9.39,9.39,8892610
2019-02-20 07:00:00,9.39,9.57,9.37,9.44,5477410
2019-02-21 07:00:00,9.46,9.46,9.3,9.34,7146910
2019-02-22 07:00:00,9.34,9.71,9.25,9.66,13187550
2019-02-25 07:00:00,9.85,9.89,9.76,9.76,5931030
2019-02-26 07:00:00,9.73,9.82,9.62,9.78,6554030
2019-02-27 07:00:00,9.82,9.82,9.66,9.69,5029720
2019-02-28 07:00:00,9.69,9.73,9.46,9.53,8048820
2019-03-01 07:00:00,9.6,9.6,9.46,9.53,4475980
2019-03-04 07:00:00,9.57,9.78,9.55,9.71,6800970
2019-03-05 07:00:00,9.71,9.94,9.64,9.73,7944430
2019-03-06 07:00:00,9.76,9.8,9.66,9.76,3602700
2019-03-07 07:00:00,9.85,9.94,9.78,9.85,8034740
2019-03-08 07:00:00,9.76,9.85,9.69,9.71,5363050
2019-03-11 07:00:00,9.73,9.76,9.62,9.66,3180430
2019-03-12 07:00:00,9.76,10.12,9.62,10.12,9098570
2019-03-13 07:00:00,10.21,10.42,10.12,10.33,14616340
2019-03-14 07:00:00,10.3,10.42,10.24,10.3,5173620
2019-03-15 07:00:00,10.21,10.49,10.17,10.4,8573740
2019-03-18 07:00:00,10.49,10.74,10.46,10.72,10114160
2019-03-19 07:00:00,10.72,10.72,10.51,10.58,7499460
2019-03-20 07:00:00,10.49,10.6,10.33,10.53,9015900
2019-03-21 07:00:00,10.53,10.58,10.12,10.12,7177690
2019-03-22 07:00:00,10.24,10.35,10.1,10.3,6185060
2019-03-25 07:00:00,10.08,10.17,9.91,10.14,7191300
2019-03-26 07:00:00,10.28,10.37,10.17,10.24,2997150
2019-03-27 07:00:00,10.3,10.44,10.21,10.3,3367730
2019-03-28 07:00:00,10.21,10.42,10.21,10.37,2594400
2019-03-29 07:00:00,10.42,10.44,10.26,10.28,4161570
2019-04-01 07:00:00,10.33,10.33,10.14,10.19,2773610
2019-04-02 07:00:00,10.3,10.33,10.08,10.08,2530940
2019-04-03 07:00:00,10.01,10.05,9.89,9.98,5020300
2019-04-04 07:00:00,10.12,10.21,9.94,10.08,2028650
2019-04-05 07:00:00,10.12,10.19,10.03,10.03,2353340
2019-04-08 07:00:00,10.03,10.21,10.01,10.21,2617240
2019-04-09 07:00:00,10.26,10.35,10.14,10.14,3894020
2019-04-10 07:00:00,10.03,10.14,10.01,10.03,2240010
2019-04-11 07:00:00,10.03,10.19,10.01,10.05,2063740
2019-04-12 07:00:00,10.03,10.1,10.01,10.01,1535700
2019-04-16 07:00:00,9.89,9.94,9.76,9.87,3150240
2019-04-17 07:00:00,9.91,10.01,9.82,9.82,2156930
2019-04-18 07:00:00,9.78,9.85,9.57,9.62,3812000
2019-04-19 07:00:00,9.69,9.73,9.53,9.53,2009050
2019-04-22 07:00:00,9.53,9.62,9.37,9.39,2309880
2019-04-23 07:00:00,9.48,9.71,9.39,9.55,2447700
2019-04-24 07:00:00,9.66,9.87,9.62,9.8,2446780
2019-04-25 07:00:00,9.76,9.8,9.64,9.64,1295490
2019-04-26 07:00:00,9.64,9.76,9.62,9.73,1447680
2019-05-02 07:00:00,9.76,9.76,9.57,9.62,1919560
2019-05-03 07:00:00,9.57,9.69,9.55,9.57,1724730
2019-05-06 07:00:00,9.44,9.48,9.32,9.37,2472430
2019-05-07 07:00:00,9.39,9.53,9.27,9.34,1493980
2019-05-08 07:00:00,9.23,9.37,9.21,9.37,1787060
2019-05-09 07:00:00,9.34,9.44,9.18,9.21,1996910
2019-05-10 07:00:00,9.25,9.39,9.23,9.3,1696620
2019-05-13 07:00:00,9.34,9.55,9.3,9.37,1929660
2019-05-14 07:00:00,9.27,9.46,9.27,9.41,2101030
2019-05-15 07:00:00,9.46,9.69,9.46,9.69,3676840
2019-05-16 07:00:00,9.69,9.78,9.62,9.66,2446250
2019-05-17 07:00:00,9.66,9.78,9.62,9.71,2576280
2019-05-20 07:00:00,9.71,9.85,9.66,9.78,2854020
2019-05-21 07:00:00,9.78,9.85,9.71,9.73,2301740
2019-05-22 07:00:00,9.87,9.94,9.73,9.87,4998510
2019-05-23 07:00:00,9.85,9.89,9.76,9.85,1878120
2019-05-24 07:00:00,9.78,9.85,9.71,9.71,2200020
2019-05-27 07:00:00,9.69,9.73,9.62,9.71,1710820
2019-05-28 07:00:00,9.71,9.71,9.57,9.62,2024820
2019-05-29 07:00:00,9.57,9.6,9.46,9.46,2326330
2019-05-30 07:00:00,9.44,9.55,9.39,9.46,1569920
2019-05-31 07:00:00,9.5,9.5,9.3,9.3,2022410
2019-06-03 07:00:00,9.21,9.32,9.11,9.11,3077110
2019-06-04 07:00:00,9.16,9.25,9.11,9.16,2031330
2019-06-05 07:00:00,9.3,9.41,9.21,9.21,1915720
2019-06-06 07:00:00,9.21,9.32,9.14,9.3,1981740
2019-06-07 07:00:00,9.34,9.37,9.3,9.37,1389360
2019-06-10 07:00:00,9.48,9.5,9.37,9.39,2476670
2019-06-11 07:00:00,9.39,9.41,9.37,9.39,1143400
2019-06-12 07:00:00,9.37,9.39,9.27,9.27,1213370
2019-06-13 07:00:00,9.25,9.32,9.23,9.23,1334410
2019-06-14 07:00:00,9.27,9.44,9.23,9.3,2793720
2019-06-17 07:00:00,9.34,9.44,9.32,9.37,2429080
2019-06-18 07:00:00,9.39,9.44,9.27,9.27,1778110
2019-06-19 07:00:00,9.27,9.39,9.27,9.27,1428770
2019-06-20 07:00:00,9.27,9.62,9.25,9.62,5390770
2019-06-21 07:00:00,9.71,9.8,9.6,9.8,4663670
2019-06-24 07:00:00,9.78,9.85,9.69,9.8,3859260
2019-06-25 07:00:00,9.69,9.8,9.64,9.64,3629470
2019-06-26 07:00:00,9.6,9.78,9.57,9.57,3109850
2019-06-27 07:00:00,9.55,9.57,9.44,9.46,4239030
2019-06-28 07:00:00,9.48,9.5,8.93,8.93,4143360
2019-07-01 07:00:00,9.37,9.55,9.3,9.55,3636530
2019-07-02 07:00:00,9.62,9.69,9.5,9.53,2581680
2019-07-03 07:00:00,9.48,9.69,9.46,9.64,4071120
2019-07-04 07:00:00,9.69,9.73,9.6,9.69,2421940
2019-07-05 07:00:00,9.69,9.82,9.62,9.69,3183640
2019-07-08 07:00:00,9.69,9.69,9.5,9.57,3247610
2019-07-09 07:00:00,9.57,9.66,9.55,9.6,2437260
2019-07-10 07:00:00,9.62,9.76,9.62,9.62,2666090
2019-07-11 07:00:00,9.66,9.91,9.66,9.87,5419950
2019-07-12 07:00:00,9.89,9.96,9.78,9.82,3416020
2019-07-15 07:00:00,9.82,9.89,9.78,9.85,1998860
2019-07-16 07:00:00,9.85,9.96,9.85,9.94,5202320
2019-07-17 07:00:00,9.98,10.08,9.91,10.03,4406650
2019-07-18 07:00:00,9.94,10.03,9.91,9.91,2817020
2019-07-19 07:00:00,10.05,10.14,9.98,10.01,6736500
2019-07-22 07:00:00,10.01,10.1,9.87,9.89,3295120
2019-07-23 07:00:00,9.89,9.96,9.87,9.91,2923250
2019-07-24 07:00:00,9.96,9.98,9.73,9.73,3844740
2019-07-25 07:00:00,9.73,9.82,9.71,9.73,2757240
2019-07-26 07:00:00,9.78,9.8,9.71,9.71,2030860
2019-07-29 07:00:00,9.71,9.73,9.53,9.57,2591880
2019-07-30 07:00:00,9.66,9.69,9.48,9.48,2545270
2019-07-31 07:00:00,9.48,9.55,9.46,9.5,2200930
2019-08-01 07:00:00,9.53,9.53,9.3,9.34,2806750
2019-08-02 07:00:00,9.25,9.48,9.23,9.32,3314870
2019-08-05 07:00:00,9.37,9.37,9.27,9.32,2811330
2019-08-06 07:00:00,9.14,9.3,9.14,9.25,3546800
2019-08-07 07:00:00,9.25,9.34,9.18,9.25,1426570
2019-08-08 07:00:00,9.3,9.37,9.21,9.37,2257320
2019-08-09 07:00:00,9.37,9.48,9.32,9.39,2169710
2019-08-12 07:00:00,9.39,9.41,9.27,9.32,2294430
2019-08-13 07:00:00,9.25,9.44,9.23,9.44,2312360
2019-08-14 07:00:00,9.53,9.55,9.39,9.39,2708730
2019-08-15 07:00:00,9.21,9.34,9.21,9.34,2300810
2019-08-16 07:00:00,9.41,9.53,9.3,9.39,3255150
2019-08-19 07:00:00,9.44,9.53,9.39,9.39,1255700
2019-08-20 07:00:00,9.39,9.46,9.37,9.44,2188250
2019-08-21 07:00:00,9.44,9.6,9.39,9.5,4601730
2019-08-22 07:00:00,9.6,9.6,9.44,9.44,1977380
2019-08-23 07:00:00,9.44,9.48,9.39,9.39,1872130
2019-08-26 07:00:00,9.27,9.34,9.23,9.3,3443430
2019-08-27 07:00:00,9.37,9.39,9.25,9.3,1948770
2019-08-28 07:00:00,9.3,9.32,9.25,9.27,910800
2019-08-29 07:00:00,9.3,9.3,9.21,9.25,972120
2019-08-30 07:00:00,9.25,9.32,9.25,9.25,1443900
2019-09-03 07:00:00,9.25,9.3,9.14,9.14,1643850
2019-09-04 07:00:00,9.16,9.23,9.09,9.16,1681830
2019-09-05 07:00:00,9.23,9.25,9.14,9.14,1321560
2019-09-06 07:00:00,9.14,9.23,9.11,9.11,1224750
2019-09-09 07:00:00,9.11,9.18,9.11,9.14,1119280
2019-09-10 07:00:00,9.16,9.18,9.02,9.04,2170690
2019-09-11 07:00:00,9.07,9.09,9.02,9.07,1106570
2019-09-12 07:00:00,9.09,9.25,9.07,9.23,1076510
2019-09-13 07:00:00,9.23,9.57,9.18,9.55,6366050
2019-09-16 07:00:00,9.48,9.69,9.48,9.5,3335520
2019-09-17 07:00:00,9.46,9.53,9.44,9.5,1413640
2019-09-18 07:00:00,9.48,9.66,9.46,9.53,4935270
2019-09-19 07:00:00,9.55,9.76,9.55,9.73,4698360
2019-09-20 07:00:00,9.73,9.76,9.64,9.66,1829910
2019-09-23 07:00:00,9.66,9.73,9.62,9.62,2356580
2019-09-24 07:00:00,9.62,9.66,9.5,9.5,3494440
2019-09-25 07:00:00,9.48,9.57,9.46,9.53,1672570
2019-09-26 07:00:00,9.57,9.69,9.57,9.69,2309330
2019-09-27 07:00:00,9.69,9.76,9.69,9.69,2404330
2019-09-30 07:00:00,9.73,9.82,9.66,9.69,3543070
2019-10-01 07:00:00,9.76,9.76,9.64,9.76,2506360
2019-10-02 07:00:00,9.73,9.8,9.6,9.62,2310670
2019-10-03 07:00:00,9.55,9.62,9.5,9.62,2030560
2019-10-04 07:00:00,9.64,9.64,9.44,9.44,2187870
2019-10-07 07:00:00,9.46,9.5,9.41,9.41,1892500
2019-10-08 07:00:00,9.44,9.53,9.39,9.5,1145820
2019-10-09 07:00:00,9.53,9.82,9.53,9.76,6132090
2019-10-10 07:00:00,9.76,9.8,9.69,9.69,2285400
2019-10-11 07:00:00,9.69,9.78,9.69,9.69,1561780
2019-10-14 07:00:00,9.82,10.05,9.78,9.94,7099870
2019-10-15 07:00:00,9.94,9.98,9.89,9.94,2489320
2019-10-16 07:00:00,10.01,10.12,9.98,10.03,4123220
2019-10-17 07:00:00,10.01,10.08,9.98,10.03,3322020
2019-10-18 07:00:00,10.03,10.05,9.85,9.89,2938470
2019-10-21 07:00:00,9.85,9.89,9.73,9.73,3510490
2019-10-22 07:00:00,9.73,9.89,9.73,9.89,1925300
2019-10-23 07:00:00,9.89,9.98,9.78,9.82,1940210
2019-10-24 07:00:00,9.85,9.89,9.8,9.85,1579900
2019-10-25 07:00:00,9.85,10.08,9.8,10.08,4362760
2019-10-28 07:00:00,10.12,10.24,10.08,10.08,3023720
2019-10-29 07:00:00,10.12,10.28,10.08,10.1,3264130
2019-10-30 07:00:00,10.08,10.24,10.08,10.14,3029000
2019-10-31 07:00:00,10.21,10.26,10.08,10.08,2389060
2019-11-01 07:00:00,10.03,10.21,10.01,10.21,4250320
2019-11-04 07:00:00,10.26,10.42,10.24,10.28,5847460
2019-11-05 07:00:00,10.3,10.33,10.26,10.26,2659250
2019-11-06 07:00:00,10.26,10.35,10.21,10.21,3253010
2019-11-07 07:00:00,10.21,10.26,10.14,10.19,2959680
2019-11-08 07:00:00,10.26,10.3,10.19,10.21,2175750
2019-11-11 07:00:00,10.24,10.33,10.05,10.05,3877190
2019-11-12 07:00:00,10.05,10.14,10.03,10.08,2746490
2019-11-13 07:00:00,10.1,10.28,9.89,10.01,8802490
2019-11-14 07:00:00,9.98,9.98,9.89,9.89,2281670
2019-11-15 07:00:00,9.89,10.03,9.85,9.94,2515020
2019-11-18 07:00:00,9.91,9.91,9.8,9.8,5830220
2019-11-19 07:00:00,9.82,9.89,9.8,9.85,3701630
2019-11-20 07:00:00,9.85,9.87,9.76,9.76,2914790
2019-11-21 07:00:00,9.76,9.85,9.69,9.76,4749840
2019-11-22 07:00:00,9.8,9.82,9.53,9.66,4060050
2019-11-25 07:00:00,9.71,9.71,9.57,9.69,2228300
2019-11-26 07:00:00,9.73,9.73,9.64,9.71,2125800
2019-11-27 07:00:00,9.71,9.76,9.64,9.64,1670250
2019-11-28 07:00:00,9.64,9.64,9.37,9.37,3637750
2019-11-29 07:00:00,9.39,9.41,9.27,9.37,3157760
2019-12-02 07:00:00,9.34,9.37,9.07,9.07,3939590
2019-12-03 07:00:00,8.93,9.16,8.93,8.98,3746930
2019-12-04 07:00:00,9.02,9.39,8.95,9.37,3727730
2019-12-05 07:00:00,9.39,9.39,9.21,9.21,1382950
2019-12-06 07:00:00,9.18,9.32,9.18,9.3,1845310
2019-12-09 07:00:00,9.25,9.32,9.23,9.23,2198400
2019-12-10 07:00:00,9.25,9.25,9.14,9.18,2293020
2019-12-11 07:00:00,9.18,9.23,9.02,9.09,2570270
2019-12-12 07:00:00,9.11,9.27,9.11,9.23,1909480
2019-12-13 07:00:00,9.27,9.48,9.27,9.44,3962760
2019-12-16 07:00:00,9.44,9.44,9.3,9.3,1437460
2019-12-17 07:00:00,9.32,9.41,9.27,9.27,1689580
2019-12-18 07:00:00,9.25,9.34,9.23,9.23,1746820
2019-12-19 07:00:00,9.25,9.3,9.16,9.23,1339070
2019-12-20 07:00:00,9.23,9.37,9.21,9.32,1068060
2019-12-23 07:00:00,9.34,9.53,9.34,9.41,3308670
2019-12-24 07:00:00,9.46,9.46,9.34,9.44,1254620
2019-12-25 07:00:00,9.39,9.53,9.39,9.44,1381280
2019-12-26 07:00:00,9.44,9.48,9.37,9.44,2075490
2019-12-27 07:00:00,9.46,9.46,9.32,9.46,1589060
2019-12-30 07:00:00,9.48,9.66,9.46,9.64,4624920
2019-12-31 07:00:00,9.69,9.71,9.55,9.57,1742690
2020-01-02 07:00:00,9.57,9.96,9.55,9.85,4347610
2020-01-03 07:00:00,9.96,10.01,9.73,9.76,3626640
2020-01-06 07:00:00,9.71,9.94,9.66,9.78,3173480
2020-01-07 07:00:00,9.89,10.01,9.82,9.94,4163600
2020-01-08 07:00:00,9.87,10.14,9.76,9.91,9864300
2020-01-09 07:00:00,10.01,10.35,10.01,10.28,8592300
2020-01-10 07:00:00,10.3,10.99,10.3,10.79,14701830
2020-01-13 07:00:00,10.67,10.99,10.62,10.62,5317470
2020-01-14 07:00:00,10.65,10.9,10.62,10.76,7040780
2020-01-15 07:00:00,10.76,10.85,10.65,10.81,4364850
2020-01-16 07:00:00,10.85,11.43,10.83,11.4,8002680
2020-01-17 07:00:00,11.54,11.63,11.27,11.43,6412750
2020-01-20 07:00:00,11.4,11.59,11.34,11.5,4737420
2020-01-21 07:00:00,11.54,11.82,11.5,11.59,6063350
2020-01-22 07:00:00,11.59,11.79,11.47,11.72,4747210
2020-01-30 07:00:00,11.4,11.61,10.99,11.15,11319200
2020-01-31 07:00:00,11.27,11.56,11.18,11.18,11815850
2020-02-03 07:00:00,10.76,11.54,10.65,11.52,13869450
2020-02-04 07:00:00,11.63,12.32,11.61,12.32,14852770
2020-02-05 07:00:00,12.55,12.73,12.16,12.16,11732260
2020-02-06 07:00:00,12.23,12.87,12.07,12.71,10566600
2020-02-07 07:00:00,12.6,12.66,12.2,12.32,8960350
2020-02-10 07:00:00,12.02,12.5,12.0,12.18,6287560
2020-02-11 07:00:00,12.32,12.71,12.3,12.71,6762320
2020-02-12 07:00:00,13.03,13.03,12.46,12.46,10390830
2020-02-13 07:00:00,12.53,12.64,12.14,12.48,9485770
2020-02-14 07:00:00,12.53,12.53,12.23,12.27,6108570
2020-02-17 07:00:00,12.32,12.39,12.09,12.16,5818090
2020-02-18 07:00:00,12.23,12.48,12.18,12.23,7231540
2020-02-19 07:00:00,12.27,12.46,12.27,12.37,5895360
2020-02-20 07:00:00,12.53,12.69,12.2,12.32,9011120
2020-02-21 07:00:00,12.27,12.32,11.75,11.84,12049570
2020-02-24 07:00:00,11.5,11.63,11.15,11.18,12317180
2020-02-25 07:00:00,11.18,11.95,11.15,11.95,9764100
2020-02-26 07:00:00,11.7,12.0,11.63,11.82,6229210
2020-02-27 07:00:00,11.79,12.0,11.72,12.0,5524580
2020-02-28 07:00:00,11.68,11.93,11.45,11.79,7892390
2020-03-02 07:00:00,11.88,11.93,11.63,11.68,4873970
2020-03-03 07:00:00,12.0,12.34,11.88,12.11,9514110
2020-03-04 07:00:00,12.04,12.11,11.91,12.11,4587660
2020-03-05 07:00:00,12.27,12.3,11.98,11.98,5997630
2020-03-06 07:00:00,11.82,11.93,11.66,11.82,5353340
2020-03-09 07:00:00,11.04,11.31,10.99,10.99,10773760
2020-03-10 07:00:00,10.99,11.47,10.6,11.22,11071330
2020-03-11 07:00:00,11.36,11.45,10.46,10.62,8522410
2020-03-12 07:00:00,10.08,10.26,9.89,9.98,11314020
2020-03-13 07:00:00,9.39,10.26,9.3,10.05,10540670
2020-03-16 07:00:00,10.05,10.1,9.39,9.39,7506240
2020-03-17 07:00:00,9.16,9.71,8.88,9.62,7946050
2020-03-18 07:00:00,9.76,9.87,9.6,9.6,6424470
2020-03-19 07:00:00,9.39,9.44,9.09,9.21,4724410
2020-03-20 07:00:00,9.34,9.39,9.0,9.07,6426820
2020-03-23 07:00:00,8.61,8.7,8.45,8.45,6448830
2020-03-24 07:00:00,8.45,8.56,8.08,8.38,6361270
2020-03-25 07:00:00,8.7,8.95,8.61,8.95,7041040
2020-03-26 07:00:00,8.72,8.98,8.61,8.61,5121770
2020-03-27 07:00:00,8.72,8.75,8.56,8.7,6261510
2020-03-30 07:00:00,8.18,8.24,8.11,8.11,7331160
2020-03-31 07:00:00,8.24,8.47,7.6,7.88,6102570
2020-04-01 07:00:00,7.79,8.4,7.79,8.38,5514550
2020-04-03 07:00:00,8.52,8.7,8.47,8.61,4625590
2020-04-06 07:00:00,8.84,9.21,8.7,9.21,10557010
2020-04-07 07:00:00,9.25,9.27,8.98,9.09,7256090
2020-04-08 07:00:00,8.84,9.16,8.75,9.02,4637260
2020-04-09 07:00:00,9.16,9.32,9.07,9.07,7265280
2020-04-10 07:00:00,9.07,9.21,8.84,8.91,5700980
2020-04-13 07:00:00,8.88,9.16,8.82,8.98,4183300
2020-04-14 07:00:00,8.95,9.04,8.61,8.79,7389910
2020-04-15 07:00:00,8.79,9.14,8.79,9.09,6758040
2020-04-16 07:00:00,8.98,9.11,8.88,9.07,3710320
2020-04-17 07:00:00,9.39,9.39,9.16,9.21,8578720
2020-04-20 07:00:00,9.3,9.37,9.09,9.09,6291720
2020-04-21 07:00:00,9.0,9.04,8.59,8.61,9299890
2020-04-22 07:00:00,8.43,9.02,8.43,8.82,6363800
2020-04-23 07:00:00,8.93,9.02,8.79,8.79,2950110
2020-04-24 07:00:00,8.79,8.84,8.7,8.79,2871100
2020-04-27 07:00:00,8.88,8.88,8.63,8.63,4305890
2020-04-28 07:00:00,8.63,8.84,8.56,8.72,3942840
2020-04-29 07:00:00,9.16,9.16,8.75,9.16,9337270
2020-05-04 07:00:00,9.04,9.37,8.95,9.18,7526760
2020-05-05 07:00:00,9.18,9.23,9.0,9.09,2976380
2020-05-06 07:00:00,9.14,9.3,8.95,9.25,6890670
2020-05-07 07:00:00,9.25,9.46,9.21,9.34,7523830
2020-05-08 07:00:00,9.48,9.91,9.44,9.57,12666220
2020-05-11 07:00:00,9.73,9.87,9.57,9.73,7654090
2020-05-12 07:00:00,9.69,9.98,9.55,9.91,6576780
2020-05-13 07:00:00,9.8,10.05,9.69,9.91,6959000
2020-05-14 07:00:00,9.8,9.96,9.78,9.78,5828440
2020-05-15 07:00:00,9.87,9.89,9.55,9.57,7303040
2020-05-18 07:00:00,9.6,9.78,9.48,9.78,5204650
2020-05-19 07:00:00,10.08,10.28,9.98,10.21,11023040
2020-05-20 07:00:00,10.08,10.21,10.03,10.21,5342980
2020-05-21 07:00:00,10.24,10.65,10.21,10.51,10616250
2020-05-22 07:00:00,10.44,10.81,10.37,10.44,7637850
2020-05-25 07:00:00,10.49,10.69,10.4,10.56,6731270
2020-05-26 07:00:00,10.56,10.67,10.46,10.6,6282980
2020-05-27 07:00:00,10.67,10.74,10.26,10.26,8420990
2020-05-28 07:00:00,10.33,10.51,10.24,10.33,5936110
2020-05-29 07:00:00,10.28,10.4,10.28,10.3,3561630
2020-06-01 07:00:00,10.44,10.76,10.4,10.76,7120400
2020-06-02 07:00:00,10.9,11.13,10.72,10.74,9588410
2020-06-03 07:00:00,10.81,11.02,10.79,10.99,6901900
2020-06-04 07:00:00,11.08,11.4,11.04,11.29,8945730
2020-06-05 07:00:00,11.22,11.31,11.08,11.2,5424300
2020-06-08 07:00:00,11.38,11.54,11.27,11.4,7059480
2020-06-09 07:00:00,11.45,11.45,11.08,11.08,6702380
2020-06-10 07:00:00,11.08,11.45,11.04,11.29,8248360
2020-06-11 07:00:00,11.31,11.36,10.51,10.51,9257760
2020-06-12 07:00:00,10.12,10.67,10.12,10.67,7094300
2020-06-15 07:00:00,10.62,10.76,10.12,10.21,7929180
2020-06-16 07:00:00,10.53,10.65,10.4,10.65,4034460
2020-06-17 07:00:00,10.53,10.65,10.49,10.53,2469120
2020-06-18 07:00:00,10.4,10.62,10.4,10.49,1954210
2020-06-19 07:00:00,10.6,10.72,10.51,10.69,2865250
2020-06-22 07:00:00,10.67,10.85,10.65,10.74,2986770
2020-06-23 07:00:00,10.72,10.79,10.56,10.65,2896760
2020-06-24 07:00:00,10.72,10.79,10.4,10.44,3055390
2020-06-25 07:00:00,10.3,10.46,10.26,10.4,2550180
2020-06-26 07:00:00,10.53,10.56,10.26,10.33,2337220
2020-06-29 07:00:00,10.26,10.33,9.91,10.03,4603180
2020-06-30 07:00:00,10.19,10.26,9.8,9.87,2812450
2020-07-01 07:00:00,9.91,10.21,9.87,10.21,2104360
2020-07-02 07:00:00,10.26,10.3,10.12,10.21,1743240
2020-07-03 07:00:00,10.24,10.28,10.21,10.21,2149960
2020-07-06 07:00:00,10.35,10.67,10.28,10.56,4849180
2020-07-07 07:00:00,10.67,10.85,10.62,10.74,6656300
2020-07-08 07:00:00,10.74,10.99,10.67,10.83,5304630
2020-07-09 07:00:00,10.85,11.08,10.79,11.04,6047940
2020-07-10 07:00:00,10.99,11.06,10.79,10.9,4645000
2020-07-13 07:00:00,10.99,11.27,10.97,10.97,6127280
2020-07-14 07:00:00,10.97,11.13,10.9,11.02,4016980
2020-07-15 07:00:00,11.13,11.15,11.04,11.04,2637330
2020-07-16 07:00:00,10.99,11.04,10.85,11.04,3780830
2020-07-17 07:00:00,10.99,11.13,10.9,11.04,3452100
2020-07-20 07:00:00,11.04,11.04,10.88,10.9,2923970
2020-07-21 07:00:00,10.95,10.97,10.74,10.92,2745180
2020-07-22 07:00:00,10.97,10.97,10.69,10.69,2698500
2020-07-23 07:00:00,10.76,10.76,10.53,10.69,2989960
2020-07-24 07:00:00,10.56,10.65,9.98,10.19,8461420
2020-07-27 07:00:00,9.76,10.03,9.48,9.48,7535580
2020-07-28 07:00:00,9.69,9.98,9.62,9.94,4278520
2020-07-29 07:00:00,9.71,9.76,9.34,9.55,4708610
2020-07-30 07:00:00,9.64,9.82,9.62,9.78,2574820
2020-07-31 07:00:00,9.62,9.85,9.57,9.71,2928540
2020-08-03 07:00:00,9.71,9.98,9.69,9.96,2692490
2020-08-04 07:00:00,10.12,10.21,10.03,10.1,3115850
2020-08-05 07:00:00,10.12,10.4,10.08,10.37,4575550
2020-08-06 07:00:00,10.37,10.44,10.24,10.26,2859860
2020-08-07 07:00:00,10.35,10.49,10.28,10.42,3870640
2020-08-10 07:00:00,10.58,10.72,10.44,10.44,4070190
2020-08-11 07:00:00,10.65,10.67,10.44,10.62,3873130
2020-08-12 07:00:00,10.67,10.9,10.62,10.72,4361920
2020-08-13 07:00:00,10.9,10.95,10.85,10.88,5131270
2020-08-14 07:00:00,10.83,10.92,10.65,10.76,5238720
2020-08-17 07:00:00,10.65,10.79,10.6,10.76,2898140
2020-08-18 07:00:00,10.76,10.79,10.58,10.62,2681950
2020-08-19 07:00:00,10.62,10.76,10.6,10.67,2560050
2020-08-20 07:00:00,10.72,10.79,10.65,10.67,4210180
2020-08-21 07:00:00,10.76,11.18,10.76,11.13,9577820
2020-08-24 07:00:00,11.31,11.36,11.18,11.18,4407840
2020-08-25 07:00:00,11.24,11.38,11.18,11.31,5203350
2020-08-26 07:00:00,11.22,11.5,11.2,11.31,6796160
2020-08-27 07:00:00,11.27,11.47,11.27,11.34,3085280
2020-08-28 07:00:00,11.4,11.63,11.36,11.5,9589990
2020-08-31 07:00:00,11.77,12.0,11.54,11.77,7359810
2020-09-01 07:00:00,11.77,11.98,11.72,11.98,4773840
2020-09-03 07:00:00,12.07,12.18,11.84,11.88,8343610
2020-09-04 07:00:00,11.72,12.09,11.72,11.91,6578630
2020-09-07 07:00:00,11.95,11.98,11.45,11.45,8021370
2020-09-08 07:00:00,11.56,11.7,11.36,11.7,5505960
2020-09-09 07:00:00,11.5,11.68,11.47,11.59,3872280
2020-09-10 07:00:00,11.63,11.75,11.59,11.59,2655550
2020-09-11 07:00:00,11.52,11.77,11.52,11.72,3472470
2020-09-14 07:00:00,11.91,11.91,11.7,11.72,2823060
2020-09-15 07:00:00,11.75,11.79,11.63,11.63,3265100
2020-09-16 07:00:00,11.66,11.66,11.52,11.54,3970480
2020-09-17 07:00:00,11.59,11.75,11.56,11.59,3996280
2020-09-18 07:00:00,11.68,11.84,11.63,11.82,4213030
2020-09-21 07:00:00,11.91,11.98,11.72,11.79,5072680
2020-09-22 07:00:00,11.72,11.84,11.68,11.82,4239110
2020-09-23 07:00:00,11.88,12.18,11.86,12.02,6418220
2020-09-24 07:00:00,12.0,12.04,11.84,11.91,3582600
2020-09-25 07:00:00,11.95,12.0,11.77,12.0,4630970
2020-09-28 07:00:00,12.09,12.57,12.09,12.43,12014920
2020-09-29 07:00:00,12.55,12.55,12.18,12.18,5950290
2020-09-30 07:00:00,12.18,12.25,12.02,12.16,4764680
2020-10-01 07:00:00,12.3,12.37,12.16,12.18,5391110
2020-10-02 07:00:00,12.41,12.55,12.04,12.34,13241830
2020-10-05 07:00:00,12.6,12.66,12.48,12.6,5939210
2020-10-06 07:00:00,12.64,12.66,12.46,12.46,5909080
2020-10-07 07:00:00,12.41,12.71,12.37,12.37,8357770
2020-10-08 07:00:00,12.46,12.55,12.27,12.43,6514330
2020-10-09 07:00:00,12.46,12.73,12.46,12.66,10113630
2020-10-12 07:00:00,13.53,13.53,13.17,13.33,16827340
2020-10-13 07:00:00,13.28,14.2,13.17,13.99,10920290
2020-10-14 07:00:00,14.06,14.13,13.74,13.74,8338720
2020-10-15 07:00:00,13.83,13.97,13.74,13.76,10107170
2020-10-16 07:00:00,13.97,14.4,13.83,14.27,12956750
2020-10-19 07:00:00,14.7,14.86,14.61,14.72,9648680
2020-10-20 07:00:00,14.59,14.79,14.52,14.7,9963500
2020-10-21 07:00:00,14.75,14.86,14.22,14.22,9191450
2020-10-22 07:00:00,14.2,14.66,14.11,14.66,8715860
2020-10-23 07:00:00,14.75,14.77,14.47,14.56,6636530
2020-10-26 07:00:00,14.61,14.61,13.97,13.97,8904630
2020-10-27 07:00:00,13.97,14.24,13.85,14.08,11228060
2020-10-28 07:00:00,13.97,14.18,13.69,13.69,7936180
2020-10-29 07:00:00,13.6,13.83,13.33,13.33,11708930
2020-10-30 07:00:00,13.42,13.51,12.92,13.28,9099270
2020-11-02 07:00:00,13.42,13.92,13.37,13.92,5194990
2020-11-03 07:00:00,14.04,14.06,13.78,13.83,4957760
2020-11-04 07:00:00,13.88,14.2,13.78,14.01,7152600
2020-11-05 07:00:00,13.97,14.15,13.85,13.85,5810810
2020-11-06 07:00:00,13.88,14.04,13.83,13.85,5382100
2020-11-09 07:00:00,14.04,14.24,14.04,14.18,7890820
2020-11-10 07:00:00,14.29,14.4,14.01,14.01,8706210
2020-11-11 07:00:00,14.08,14.15,13.92,13.97,6063870
2020-11-12 07:00:00,14.01,14.31,14.01,14.2,5609690
2020-11-13 07:00:00,14.29,14.66,14.29,14.63,10712410
2020-11-16 07:00:00,14.86,14.98,14.56,14.61,15774840
2020-11-17 07:00:00,14.75,14.95,14.66,14.88,8707180
2020-11-18 07:00:00,14.88,15.07,14.82,15.0,7298690
2020-11-19 07:00:00,15.0,15.25,14.91,15.25,13599610
2020-11-20 07:00:00,15.27,15.32,15.09,15.2,7237750
2020-11-23 07:00:00,15.2,15.2,14.93,15.07,7136380
2020-11-24 07:00:00,15.18,15.18,14.88,15.0,8848310
2020-11-25 07:00:00,15.2,15.34,15.07,15.11,10715800
2020-11-26 07:00:00,15.11,15.69,15.09,15.6,11623080
2020-11-27 07:00:00,15.66,15.8,15.57,15.6,6224220
2020-11-30 07:00:00,15.6,15.66,15.34,15.34,11002280
2020-12-01 07:00:00,15.11,15.57,15.07,15.53,9713470
2020-12-02 07:00:00,15.53,15.66,15.39,15.46,8657370
2020-12-03 07:00:00,15.48,15.6,15.43,15.48,6256350
2020-12-04 07:00:00,15.57,15.98,15.53,15.89,18959210
2020-12-07 07:00:00,16.03,16.08,15.85,15.89,7312770
2020-12-08 07:00:00,15.89,15.92,15.71,15.8,8604990
2020-12-09 07:00:00,15.8,15.98,15.78,15.8,8148750
2020-12-10 07:00:00,15.8,15.98,15.57,15.57,10188750
2020-12-11 07:00:00,15.76,15.94,15.55,15.92,8093800
2020-12-14 07:00:00,16.17,16.3,15.98,16.21,10847590
2020-12-15 07:00:00,16.21,16.21,15.87,16.03,10988240
2020-12-16 07:00:00,16.08,16.26,16.08,16.21,7708110
2020-12-17 07:00:00,16.21,16.31,15.84,15.84,14327750
2020-12-18 07:00:00,15.93,16.07,15.84,16.07,5660480
2020-12-21 07:00:00,16.1,16.47,16.03,16.19,7880530
2020-12-22 07:00:00,16.31,16.44,16.14,16.17,6431410
2020-12-23 07:00:00,16.26,16.26,15.98,16.03,5748780
2020-12-24 07:00:00,16.03,16.17,14.96,15.77,8307780
2020-12-25 07:00:00,15.84,16.12,15.47,16.12,8006910
2020-12-28 07:00:00,16.26,16.35,15.89,15.93,6379650
2020-12-29 07:00:00,15.93,16.05,15.84,15.86,5009810
2020-12-30 07:00:00,15.96,16.24,15.86,15.96,5580940
2020-12-31 07:00:00,16.0,16.14,15.96,16.05,4513160
2021-01-04 07:00:00,16.26,16.72,16.21,16.49,14041500
2021-01-05 07:00:00,16.44,16.7,16.35,16.44,9215200
2021-01-06 07:00:00,16.72,17.58,16.58,17.58,15419900
2021-01-07 07:00:00,17.89,18.42,17.84,18.05,10679600
2021-01-08 07:00:00,18.35,18.35,17.89,17.98,8380100
2021-01-11 07:00:00,18.07,18.4,17.93,17.98,10911700
2021-01-12 07:00:00,17.98,18.07,17.7,17.89,9154200
2021-01-13 07:00:00,17.95,18.33,17.89,17.95,9063900
2021-01-14 07:00:00,18.12,18.28,17.89,18.19,8275700
2021-01-15 07:00:00,18.35,18.63,18.26,18.35,11321800
2021-01-18 07:00:00,18.4,18.51,17.93,17.93,7197000
2021-01-19 07:00:00,17.89,17.93,16.68,16.68,14466500
2021-01-20 07:00:00,16.72,16.91,15.7,16.56,11184000
2021-01-21 07:00:00,16.77,17.19,16.49,17.19,7568900
2021-01-22 07:00:00,17.16,17.79,17.05,17.47,11333200
2021-01-25 07:00:00,17.33,17.44,16.96,17.1,6580500
2021-01-26 07:00:00,16.96,16.98,16.03,16.03,8285900
2021-01-27 07:00:00,15.89,16.33,15.1,15.14,9544300
2021-01-28 07:00:00,14.28,14.82,14.1,14.1,13297400
2021-01-29 07:00:00,13.38,15.05,13.38,14.17,14819400
2021-02-01 07:00:00,14.77,15.14,14.63,14.87,12315100
2021-02-02 07:00:00,14.77,15.8,14.73,15.75,7767300
2021-02-03 07:00:00,16.03,16.38,15.8,16.21,10075600
2021-02-04 07:00:00,16.17,16.28,15.91,16.12,9413200
2021-02-05 07:00:00,16.24,16.63,16.14,16.63,8496700
2021-02-08 07:00:00,16.72,16.77,15.75,15.82,12845300
2021-02-09 07:00:00,16.0,16.47,15.8,16.44,8069900
2021-02-17 07:00:00,16.91,17.1,16.65,17.1,9896400
2021-02-18 07:00:00,17.05,17.21,16.86,17.1,10032300
2021-02-19 07:00:00,16.86,17.42,16.77,17.19,12154600
2021-02-22 07:00:00,17.19,17.68,17.1,17.19,11349900
2021-02-23 07:00:00,17.24,17.47,17.19,17.21,8347300
2021-02-24 07:00:00,17.4,17.72,17.21,17.42,14250600
2021-02-25 07:00:00,17.56,17.61,17.21,17.33,8490300
2021-02-26 07:00:00,17.07,17.35,16.96,17.3,8851000
2021-03-01 07:00:00,17.56,17.75,17.47,17.7,13954000
2021-03-02 07:00:00,17.89,17.93,17.65,17.65,7320600
2021-03-03 07:00:00,17.84,18.02,17.79,17.93,13074300
2021-03-04 07:00:00,18.12,18.12,17.42,17.79,10315800
2021-03-05 07:00:00,17.7,17.86,17.42,17.65,10156400
2021-03-08 07:00:00,17.84,17.93,17.44,17.61,7574900
2021-03-09 07:00:00,17.61,17.61,17.24,17.28,10113900
2021-03-10 07:00:00,17.3,17.56,17.21,17.44,7468500
2021-03-11 07:00:00,17.63,17.86,17.56,17.75,7639300
2021-03-12 07:00:00,17.82,17.89,17.63,17.63,6997500
2021-03-15 07:00:00,17.65,17.75,17.54,17.65,6762100
2021-03-16 07:00:00,17.72,17.75,17.49,17.51,7061600
2021-03-17 07:00:00,17.54,18.4,17.47,18.37,23685900
2021-03-18 07:00:00,19.14,19.26,18.68,18.81,16047000
2021-03-19 07:00:00,18.74,19.0,18.72,18.79,8287200
2021-03-22 07:00:00,19.02,19.4,18.81,19.09,20682100
2021-03-23 07:00:00,19.14,19.16,18.68,18.81,14649900
2021-03-24 07:00:00,18.58,18.79,18.07,18.12,18260600
2021-03-25 07:00:00,18.35,18.65,18.07,18.3,14674100
2021-03-26 07:00:00,18.26,18.49,17.56,18.14,16252400
2021-03-29 07:00:00,18.4,18.6,18.26,18.58,11589800
2021-03-30 07:00:00,18.72,18.95,18.51,18.77,11152600
2021-03-31 07:00:00,18.77,18.98,18.58,18.65,11841600
2021-04-01 07:00:00,18.72,19.21,18.72,19.07,18695800
2021-04-02 07:00:00,19.28,19.3,19.05,19.19,12198800
2021-04-05 07:00:00,19.51,19.65,19.28,19.51,16216000
2021-04-06 07:00:00,19.49,20.23,19.32,19.98,22526100
2021-04-07 07:00:00,19.98,20.35,19.88,19.98,12150700
2021-04-08 07:00:00,19.98,20.11,19.79,19.79,11652100
2021-04-09 07:00:00,19.74,19.84,19.65,19.74,14650600
2021-04-12 07:00:00,19.79,20.11,19.72,20.07,13503200
2021-04-13 07:00:00,20.21,20.21,19.51,19.53,15121500
2021-04-14 07:00:00,19.46,19.98,19.28,19.86,14310200
2021-04-15 07:00:00,19.93,19.98,19.51,19.6,13938300
2021-04-16 07:00:00,19.7,20.07,18.95,19.51,21441800
2021-04-19 07:00:00,19.6,19.74,19.19,19.74,16032000
2021-04-20 07:00:00,19.81,20.05,19.28,19.51,23241600
2021-04-22 07:00:00,19.4,19.49,18.19,18.19,21428500
2021-04-23 07:00:00,18.33,19.23,18.12,19.19,17558700
2021-04-26 07:00:00,19.19,19.19,18.42,18.44,12681700
2021-04-27 07:00:00,18.37,18.63,18.26,18.42,7161800
2021-04-28 07:00:00,18.4,18.79,18.37,18.47,7986500
2021-04-29 07:00:00,18.58,18.98,18.47,18.95,14195400
2021-05-04 07:00:00,18.6,19.98,18.6,19.98,25413700
2021-05-05 07:00:00,20.25,20.63,20.14,20.14,22165900
2021-05-06 07:00:00,19.98,20.3,19.84,19.93,19927200
2021-05-07 07:00:00,19.77,20.39,19.65,20.35,25587800
2021-05-10 07:00:00,20.9,20.95,20.67,20.81,25185800
2021-05-11 07:00:00,20.79,20.86,20.53,20.53,15717800
2021-05-12 07:00:00,20.39,20.9,20.37,20.9,19602800
2021-05-13 07:00:00,20.76,21.9,20.74,21.6,34020000
2021-05-14 07:00:00,21.83,22.04,21.67,21.83,17062600
2021-05-17 07:00:00,21.86,22.11,21.56,21.72,17025300
2021-05-18 07:00:00,21.67,21.81,21.46,21.62,17653600
2021-05-19 07:00:00,21.74,22.42,21.6,22.3,17470800
2021-05-20 07:00:00,22.6,22.72,22.32,22.72,14056500
2021-05-21 07:00:00,22.72,22.9,22.39,22.42,15853000
2021-05-24 07:00:00,22.67,23.97,22.58,23.78,30504900
2021-05-25 07:00:00,23.92,24.16,23.74,23.74,10875800
2021-05-26 07:00:00,23.78,24.06,23.6,23.92,13860100
2021-05-27 07:00:00,23.97,24.02,23.23,23.32,19716800
2021-05-28 07:00:00,23.51,23.83,23.27,23.78,16908700
2021-05-31 07:00:00,23.78,24.67,23.69,24.67,17663200
2021-06-01 07:00:00,24.85,25.04,24.39,24.44,10726300
2021-06-02 07:00:00,24.06,24.58,23.97,24.16,14835300
2021-06-03 07:00:00,24.62,25.18,24.16,24.9,17478700
2021-06-04 07:00:00,24.95,25.5,24.9,25.09,12980000
2021-06-07 07:00:00,24.95,24.99,23.69,24.16,17794800
2021-06-08 07:00:00,23.97,24.39,22.76,22.76,16100500
2021-06-09 07:00:00,23.0,23.69,22.53,23.46,14885700
2021-06-10 07:00:00,23.46,23.65,23.0,23.0,11556800
2021-06-11 07:00:00,23.23,24.58,23.04,24.58,17955900
2021-06-14 07:00:00,24.76,25.09,24.16,24.39,14106200
2021-06-15 07:00:00,24.39,24.62,24.06,24.2,16190500
2021-06-16 07:00:00,23.97,23.97,23.46,23.46,21380600
2021-06-17 07:00:00,23.0,23.69,22.95,23.46,17430700
2021-06-18 07:00:00,23.88,24.39,23.69,23.78,13217400
2021-06-21 07:00:00,23.55,23.92,23.23,23.37,11267800
2021-06-22 07:00:00,23.55,24.34,23.27,24.11,21910600
2021-06-23 07:00:00,24.25,24.85,24.11,24.48,16906300
2021-06-24 07:00:00,25.09,25.41,24.67,24.81,24594800
2021-06-25 07:00:00,24.71,24.99,24.34,24.99,14298400
2021-06-28 07:00:00,25.32,25.46,24.99,25.27,13909500
2021-06-29 07:00:00,25.27,25.41,24.85,25.04,18646000
2021-06-30 07:00:00,25.09,25.32,24.39,24.48,31366000
2021-07-01 07:00:00,24.48,24.76,24.11,24.34,29241200
2021-07-02 07:00:00,24.48,24.71,24.34,24.48,16549400
2021-07-05 07:00:00,24.48,24.62,23.92,24.2,19600400
2021-07-06 07:00:00,24.39,24.71,22.53,22.53,22943500
2021-07-07 07:00:00,23.25,23.49,22.53,23.4,26836900
2021-07-08 07:00:00,23.55,23.97,23.13,23.13,14109100
2021-07-09 07:00:00,22.89,23.25,22.17,22.53,18298100
2021-07-12 07:00:00,22.2,22.23,20.97,20.97,27996400
2021-07-13 07:00:00,21.27,21.54,20.25,20.73,11766000
2021-07-14 07:00:00,20.76,21.18,20.19,20.19,16349700
2021-07-15 07:00:00,20.25,21.24,20.13,20.97,15110200
2021-07-16 07:00:00,21.21,21.21,20.76,20.76,9668600
2021-07-19 07:00:00,20.07,20.34,19.32,19.32,20727100
2021-07-20 07:00:00,19.36,19.95,18.96,19.92,20034800
2021-07-21 07:00:00,20.04,20.28,19.6,19.68,9944500
2021-07-22 07:00:00,19.68,20.34,19.62,20.07,13304000
2021-07-23 07:00:00,19.86,20.19,19.48,19.48,16262300
2021-07-26 07:00:00,19.3,19.48,19.06,19.26,10150900
2021-07-27 07:00:00,19.48,19.98,19.42,19.48,15896500
2021-07-28 07:00:00,19.48,19.83,19.48,19.71,7149800
2021-07-29 07:00:00,19.95,20.46,19.89,20.31,17023000
2021-07-30 07:00:00,20.37,20.79,20.34,20.61,20779300
2021-08-02 07:00:00,20.25,20.49,20.16,20.22,25104900
2021-08-03 07:00:00,20.22,20.43,19.92,20.43,22282600
2021-08-04 07:00:00,20.55,20.64,20.31,20.37,15293800
2021-08-05 07:00:00,20.31,20.49,20.13,20.49,13354900
2021-08-06 07:00:00,20.58,20.91,20.43,20.46,18941900
2021-08-09 07:00:00,20.43,20.73,20.34,20.7,15498800
2021-08-10 07:00:00,20.94,20.94,20.64,20.76,12035700
2021-08-11 07:00:00,20.76,21.03,20.55,20.55,17304500
2021-08-12 07:00:00,20.67,20.82,20.55,20.61,13117700
2021-08-13 07:00:00,20.61,20.73,20.19,20.55,12211300
2021-08-16 07:00:00,20.55,21.24,20.43,21.03,21662500
2021-08-17 07:00:00,21.21,21.27,20.7,20.73,11928200
2021-08-18 07:00:00,20.79,20.85,20.55,20.67,11145200
2021-08-19 07:00:00,20.58,20.67,20.46,20.55,11372200
2021-08-20 07:00:00,20.55,20.82,19.18,19.6,23431900
2021-08-23 07:00:00,19.6,20.04,19.57,19.6,19696000
2021-08-24 07:00:00,19.71,19.89,19.57,19.62,11178500
2021-08-25 07:00:00,19.6,19.65,19.0,19.26,18206800
2021-08-26 07:00:00,19.36,19.6,18.64,18.7,21097200
2021-08-27 07:00:00,18.4,18.7,18.04,18.67,19888900
2021-08-30 07:00:00,18.82,19.36,18.76,19.36,13238800
2021-08-31 07:00:00,19.48,19.5,19.06,19.06,12240800
2021-09-01 07:00:00,19.06,19.36,18.93,19.2,15294300
2021-09-06 07:00:00,19.2,19.36,19.06,19.2,11552700
2021-09-07 07:00:00,19.26,19.74,19.26,19.57,10817600
2021-09-08 07:00:00,19.65,19.8,19.18,19.26,8356000
2021-09-09 07:00:00,19.26,19.42,19.24,19.42,7646900
2021-09-10 07:00:00,19.48,19.6,19.36,19.36,6653200
2021-09-13 07:00:00,19.32,19.39,19.06,19.08,8458400
2021-09-14 07:00:00,19.11,19.2,18.7,18.7,8996700
2021-09-15 07:00:00,18.58,18.88,18.58,18.67,7128400
2021-09-16 07:00:00,18.88,19.2,18.82,18.96,6372600
2021-09-17 07:00:00,19.02,19.26,19.0,19.06,6833300
2021-09-20 07:00:00,19.36,19.36,19.08,19.08,8741100
2021-09-21 07:00:00,18.88,19.0,18.76,18.88,8136200
2021-09-22 07:00:00,18.82,18.9,18.67,18.79,7714100
2021-09-23 07:00:00,18.88,19.11,18.82,18.93,8174400
2021-09-24 07:00:00,19.0,19.11,18.93,19.0,6347500
2021-09-27 07:00:00,19.06,19.11,18.58,18.58,7758400
2021-09-28 07:00:00,18.46,18.61,18.4,18.55,6725900
2021-09-29 07:00:00,18.55,18.58,18.19,18.22,10281500
2021-09-30 07:00:00,18.22,18.49,18.22,18.22,6717000
2021-10-01 07:00:00,18.22,18.31,17.8,17.83,12094000
2021-10-04 07:00:00,17.74,17.8,17.2,17.2,20181900
2021-10-05 07:00:00,17.38,17.71,17.38,17.68,8712300
2021-10-06 07:00:00,17.83,17.86,17.41,17.56,6885600
2021-10-07 07:00:00,17.62,17.77,17.53,17.59,7918400
2021-10-08 07:00:00,17.68,17.77,17.59,17.65,6603500
2021-10-11 07:00:00,17.74,18.58,17.74,18.58,16940800
2021-10-12 07:00:00,18.67,18.88,18.43,18.46,10815800
2021-10-13 07:00:00,18.46,18.76,18.4,18.4,7013200
2021-10-14 07:00:00,18.4,18.52,18.28,18.34,8529700
2021-10-15 07:00:00,18.4,18.55,18.28,18.37,8245800
2021-10-18 07:00:00,18.43,18.49,18.07,18.1,9758400
2021-10-19 07:00:00,18.22,18.31,18.1,18.16,6920900
2021-10-20 07:00:00,18.22,18.22,17.71,17.98,9264000
2021-10-21 07:00:00,18.01,18.04,17.83,17.83,7367500
2021-10-22 07:00:00,17.86,17.92,17.77,17.77,4273800
2021-10-25 07:00:00,17.77,18.07,17.59,17.92,8168800
2021-10-26 07:00:00,17.92,18.16,17.8,17.92,5963000
2021-10-27 07:00:00,18.1,18.7,17.95,18.64,19607500
2021-10-28 07:00:00,18.79,18.82,18.58,18.76,14396300
2021-10-29 07:00:00,18.88,19.02,18.73,18.88,13017400
2021-11-01 07:00:00,19.06,19.42,18.93,19.3,17976000
2021-11-02 07:00:00,19.3,19.54,19.2,19.42,11821700
2021-11-03 07:00:00,19.48,19.92,19.39,19.77,20780600
2021-11-04 07:00:00,19.89,19.89,19.5,19.54,11372800
2021-11-05 07:00:00,19.62,19.65,19.3,19.6,10491300
2021-11-08 07:00:00,19.6,19.74,19.18,19.65,11218800
2021-11-09 07:00:00,19.74,19.98,19.62,19.74,15592100
2021-11-10 07:00:00,19.77,19.83,19.48,19.48,8512900
2021-11-11 07:00:00,19.42,19.48,18.88,19.14,14020000
2021-11-12 07:00:00,19.02,19.6,18.93,19.6,10871900
2021-11-15 07:00:00,19.77,19.86,19.32,19.48,9553400
2021-11-16 07:00:00,19.36,19.62,19.3,19.42,8840900
2021-11-17 07:00:00,19.44,19.48,19.26,19.32,6723600
2021-11-18 07:00:00,19.32,19.48,19.11,19.26,9932800
2021-11-19 07:00:00,19.3,19.89,19.26,19.65,21682100
2021-11-22 07:00:00,19.8,20.88,19.77,20.67,27853200
2021-11-23 07:00:00,20.64,20.64,20.19,20.43,9854300
2021-11-24 07:00:00,20.49,21.21,20.4,21.21,25476800
2021-11-25 07:00:00,21.45,21.45,21.0,21.06,14250500
2021-11-26 07:00:00,21.09,21.24,20.43,20.55,15203800
2021-11-29 07:00:00,20.1,20.79,20.1,20.52,13763700
2021-11-30 07:00:00,20.97,21.03,19.95,20.1,11067800
2021-12-01 07:00:00,20.1,20.37,19.92,20.37,9082700
2021-12-02 07:00:00,20.61,20.82,20.25,20.25,7856200
2021-12-03 07:00:00,20.49,20.49,19.77,19.77,9828100
2021-12-06 07:00:00,19.77,19.98,18.93,19.24,12851200
2021-12-07 07:00:00,19.48,19.71,19.39,19.6,6319600
2021-12-08 07:00:00,19.74,19.92,19.6,19.77,6394700
2021-12-09 07:00:00,19.77,20.22,19.71,20.22,5943400
2021-12-10 07:00:00,20.25,20.49,20.07,20.1,5905600
2021-12-13 07:00:00,20.31,20.43,20.07,20.07,8116600
2021-12-14 07:00:00,20.26,20.29,19.86,19.89,7281800
2021-12-15 07:00:00,19.89,20.07,19.77,19.8,5399900
2021-12-16 07:00:00,19.92,20.07,19.77,19.95,6675900
2021-12-17 07:00:00,19.95,20.38,19.83,20.23,8037200
2021-12-20 07:00:00,20.2,20.26,19.89,19.92,4919500
2021-12-21 07:00:00,19.89,20.07,19.64,19.64,6860700
2021-12-22 07:00:00,19.8,19.8,19.37,19.43,9342300
2021-12-23 07:00:00,19.46,19.77,19.06,19.77,8936500
2021-12-24 07:00:00,19.61,20.26,19.55,20.2,6638300
2021-12-27 07:00:00,20.26,20.53,20.17,20.5,8106900
2021-12-28 07:00:00,20.56,21.02,20.5,20.81,13587500
2021-12-29 07:00:00,20.87,21.15,20.81,20.96,10226000
2021-12-30 07:00:00,20.93,21.12,20.75,20.75,6289300
2021-12-31 07:00:00,20.87,21.42,20.81,20.81,13259300
2022-01-04 07:00:00,21.15,21.46,21.0,21.33,12031300
2022-01-05 07:00:00,21.49,21.61,21.3,21.33,10443800
2022-01-06 07:00:00,21.18,21.21,20.78,20.87,11753800
2022-01-07 07:00:00,20.87,21.15,20.32,20.38,12412400
2022-01-10 07:00:00,20.44,20.66,20.29,20.44,8306400
2022-01-11 07:00:00,20.56,20.69,20.1,20.26,7061400
2022-01-12 07:00:00,20.26,21.0,19.8,20.96,12781800
2022-01-13 07:00:00,21.12,22.22,20.96,21.58,35122100
2022-01-14 07:00:00,21.49,21.98,21.24,21.76,9258500
2022-01-17 07:00:00,21.85,22.56,21.06,21.49,27495800
2022-01-18 07:00:00,21.3,21.88,21.0,21.21,15069400
2022-01-19 07:00:00,21.42,21.58,20.72,20.75,9741800
2022-01-20 07:00:00,20.56,21.76,20.32,21.55,13774600
2022-01-21 07:00:00,21.55,22.41,21.36,21.82,15424600
2022-01-24 07:00:00,21.79,22.38,21.7,21.88,17475400
2022-01-25 07:00:00,21.85,22.71,21.85,22.71,18851200
2022-01-26 07:00:00,23.02,23.45,22.74,23.11,21981300
2022-01-27 07:00:00,22.81,23.11,22.53,22.65,11740400
2022-01-28 07:00:00,22.59,22.96,22.53,22.65,8727700
2022-02-07 07:00:00,22.96,22.96,22.28,22.28,14883200
2022-02-08 07:00:00,22.22,22.71,22.13,22.41,9097100
2022-02-09 07:00:00,22.41,22.78,22.32,22.32,9201900
2022-02-10 07:00:00,22.34,22.65,22.16,22.56,8989600
2022-02-11 07:00:00,22.62,22.9,22.59,22.59,10407100
2022-02-14 07:00:00,22.32,22.41,21.24,21.24,15118300
2022-02-15 07:00:00,21.36,21.61,21.18,21.46,13310400
2022-02-16 07:00:00,21.67,21.73,21.21,21.27,7858400
2022-02-17 07:00:00,21.33,21.58,21.27,21.42,5945600
2022-02-18 07:00:00,21.27,21.46,21.21,21.24,8303800
2022-02-21 07:00:00,21.24,21.39,20.75,21.12,12018600
2022-02-22 07:00:00,20.87,21.3,20.72,21.24,9003800
2022-02-23 07:00:00,21.42,21.58,21.3,21.39,6729000
2022-02-24 07:00:00,21.24,21.3,20.32,20.78,16477000
2022-02-25 07:00:00,20.93,21.06,20.69,20.78,10212900
2022-02-28 07:00:00,20.78,20.78,20.35,20.35,12721000
2022-03-01 07:00:00,20.44,20.63,20.35,20.44,7737300
2022-03-02 07:00:00,20.38,20.41,19.58,19.64,20423400
2022-03-03 07:00:00,19.71,20.01,19.68,20.01,6542200
2022-03-04 07:00:00,20.04,20.23,19.89,20.1,5933800
2022-03-07 07:00:00,19.71,19.95,19.71,19.74,9901400
2022-03-08 07:00:00,19.64,19.92,19.61,19.68,7175000
2022-03-09 07:00:00,19.71,19.86,19.46,19.64,5732700
2022-03-10 07:00:00,19.95,20.07,19.71,19.71,3810500
2022-03-11 07:00:00,19.71,19.89,19.68,19.8,3733000
2022-03-14 07:00:00,19.83,19.89,19.52,19.58,4982400
2022-03-15 07:00:00,19.61,19.8,19.55,19.61,3683000
2022-03-16 07:00:00,19.8,19.86,19.64,19.64,4339000
2022-03-17 07:00:00,19.83,20.23,19.77,20.07,8350900
2022-03-18 07:00:00,20.2,20.38,20.14,20.14,4224200
2022-03-21 07:00:00,20.14,20.23,19.98,20.17,3447300
2022-03-22 07:00:00,20.14,20.41,20.14,20.26,6091300
2022-03-23 07:00:00,20.26,20.53,20.17,20.17,4020700
2022-03-24 07:00:00,20.14,20.2,19.98,19.98,4490100
2022-03-25 07:00:00,19.95,20.07,19.71,19.77,5555200
2022-03-28 07:00:00,19.77,19.98,19.52,19.52,6380700
2022-03-29 07:00:00,19.64,19.71,19.58,19.64,2982900
2022-03-30 07:00:00,19.58,19.98,19.55,19.68,5038200
2022-03-31 07:00:00,19.71,20.01,19.71,19.92,4793800
2022-04-01 07:00:00,19.95,20.35,19.92,20.29,8660000
2022-04-04 07:00:00,20.5,20.5,20.17,20.17,6673500
2022-04-05 07:00:00,19.95,20.14,19.86,19.86,6075100
2022-04-06 07:00:00,19.71,20.04,19.71,20.01,5774800
2022-04-07 07:00:00,20.07,20.26,19.86,19.98,6080300
2022-04-08 07:00:00,19.95,19.98,19.68,19.68,5331500
2022-04-12 07:00:00,19.74,19.77,19.03,19.03,5690000
2022-04-13 07:00:00,19.15,19.43,19.15,19.34,4187400
2022-04-14 07:00:00,19.34,19.58,19.12,19.15,2929200
2022-04-15 07:00:00,19.31,19.31,18.97,19.03,5073900
2022-04-18 07:00:00,18.97,18.97,17.92,17.92,8403800
2022-04-19 07:00:00,18.11,18.36,17.65,17.65,4637100
2022-04-20 07:00:00,17.65,17.99,17.53,17.62,4259300
2022-04-21 07:00:00,17.56,18.11,17.43,17.8,5307000
2022-04-22 07:00:00,18.08,18.17,17.74,18.05,3585200
2022-04-25 07:00:00,18.02,18.02,16.79,16.79,6285600
2022-04-26 07:00:00,16.58,17.04,15.65,16.97,5977600
2022-04-27 07:00:00,16.97,17.37,16.88,17.37,3380800
2022-04-28 07:00:00,17.37,17.46,17.16,17.31,2072300
2022-04-29 07:00:00,17.1,17.4,17.04,17.04,5947200
2022-05-04 07:00:00,17.04,17.19,16.51,16.58,4604700
2022-05-05 07:00:00,16.82,17.13,16.58,17.13,4604600
2022-05-06 07:00:00,16.76,17.13,16.58,16.58,2335600
2022-05-09 07:00:00,16.39,16.45,15.44,15.44,5432800
2022-05-10 07:00:00,14.73,15.53,14.73,15.47,6494400
2022-05-11 07:00:00,15.56,16.51,15.47,16.39,5667100
2022-05-12 07:00:00,15.99,16.33,15.26,15.35,6370800
2022-05-13 07:00:00,15.35,15.44,14.43,14.67,8034400
2022-05-16 07:00:00,15.35,15.56,15.04,15.07,5223400
2022-05-17 07:00:00,14.98,16.11,14.98,16.11,5909200
2022-05-18 07:00:00,16.3,16.73,16.14,16.33,6426500
2022-05-19 07:00:00,15.96,16.21,15.84,16.02,4270100
2022-05-20 07:00:00,16.02,16.24,15.87,15.9,5051800
2022-05-23 07:00:00,15.93,16.08,15.35,15.35,4208800
2022-05-24 07:00:00,15.35,15.96,15.35,15.96,4449100
2022-05-25 07:00:00,15.96,16.58,15.96,16.51,4502000
2022-05-26 07:00:00,16.73,16.73,16.3,16.39,3780600
2022-05-27 07:00:00,16.58,16.73,16.39,16.58,3929200
2022-05-30 07:00:00,16.6,16.82,16.58,16.76,2818400
2022-05-31 07:00:00,16.6,17.16,16.58,17.13,6057500
2022-06-01 07:00:00,16.91,17.19,16.88,17.04,4137200
2022-06-02 07:00:00,17.04,17.19,16.76,17.04,4391900
2022-06-03 07:00:00,16.82,16.94,16.48,16.82,2219500
2022-06-06 07:00:00,16.82,17.04,16.7,16.7,3756100
2022-06-07 07:00:00,16.7,16.82,16.27,16.82,2889500
2022-06-08 07:00:00,16.82,17.25,16.76,17.0,5333400
2022-06-09 07:00:00,17.13,17.13,16.88,17.0,2574700
2022-06-10 07:00:00,16.88,16.94,16.64,16.64,3096400
2022-06-13 07:00:00,16.27,16.33,15.5,15.5,6906600
2022-06-14 07:00:00,15.35,15.81,15.16,15.5,2866700
2022-06-15 07:00:00,15.35,15.59,14.76,15.04,3205400
2022-06-16 07:00:00,15.22,15.47,15.04,15.16,2216700
2022-06-17 07:00:00,14.73,14.82,14.15,14.46,3151800
2022-06-20 07:00:00,14.36,14.64,13.87,13.87,4733900
2022-06-21 07:00:00,13.81,14.46,13.81,14.15,4588400
2022-06-22 07:00:00,14.33,14.73,14.33,14.49,2772500
2022-06-23 07:00:00,14.43,15.5,14.43,15.5,4669100
2022-06-24 07:00:00,15.5,15.65,15.16,15.19,2945000
2022-06-27 07:00:00,15.19,15.75,15.16,15.72,3897800
2022-06-28 07:00:00,15.65,16.79,15.32,16.39,8843000
2022-06-29 07:00:00,16.3,16.58,16.3,16.48,3769100
2022-06-30 07:00:00,16.45,16.54,16.02,16.05,2996800
2022-07-01 07:00:00,16.08,16.58,15.68,16.54,3534400
2022-07-04 07:00:00,16.67,16.67,16.33,16.33,4009200
2022-07-05 07:00:00,16.3,16.88,16.3,16.58,4934900
2022-07-06 07:00:00,16.11,16.51,15.84,15.87,4211400
2022-07-07 07:00:00,15.9,16.45,15.84,16.14,3333500
2022-07-08 07:00:00,16.27,16.36,15.81,15.9,2655300
2022-07-11 07:00:00,15.87,15.87,15.62,15.65,2432300
2022-07-12 07:00:00,15.65,15.96,15.59,15.78,3615500
2022-07-13 07:00:00,15.81,16.54,15.81,16.3,3868900
2022-07-14 07:00:00,16.27,16.7,16.14,16.58,5262300
2022-07-15 07:00:00,16.7,16.88,16.58,16.58,7024300
2022-07-18 07:00:00,16.64,16.7,16.51,16.51,3476500
2022-07-19 07:00:00,16.42,16.51,16.14,16.3,2702900
2022-07-20 07:00:00,16.54,16.79,16.33,16.6,4316400
2022-07-21 07:00:00,16.6,16.88,16.6,16.88,4824700
2022-07-22 07:00:00,16.94,16.97,16.51,16.51,3253000
2022-07-25 07:00:00,16.42,16.64,16.33,16.33,2220100
2022-07-26 07:00:00,16.48,16.51,16.27,16.3,2166000
2022-07-27 07:00:00,16.21,16.58,16.11,16.58,1598200
2022-07-28 07:00:00,16.7,17.31,16.58,16.94,9197200
2022-07-29 07:00:00,17.04,17.19,16.7,16.7,5464700
2022-08-01 07:00:00,16.91,17.62,16.91,17.62,8637900
2022-08-02 07:00:00,17.56,17.77,17.4,17.56,4570600
2022-08-03 07:00:00,17.43,17.96,17.37,17.86,6140900
2022-08-04 07:00:00,17.92,17.99,17.65,17.71,5240900
2022-08-05 07:00:00,17.74,17.86,17.62,17.8,2954300
2022-08-08 07:00:00,17.83,17.96,17.71,17.8,3121700
2022-08-09 07:00:00,17.83,17.86,17.59,17.68,3507800
2022-08-10 07:00:00,17.56,17.71,17.4,17.46,3664500
2022-08-11 07:00:00,17.65,17.8,17.43,17.5,4325400
2022-08-12 07:00:00,17.53,17.62,17.43,17.59,1821500
2022-08-15 07:00:00,17.71,18.08,17.68,18.08,6225200
2022-08-16 07:00:00,18.08,18.11,17.86,17.92,3835600
2022-08-17 07:00:00,17.99,18.08,17.86,17.86,3662100
2022-08-18 07:00:00,17.86,17.9,17.65,17.65,3643900
2022-08-19 07:00:00,17.59,17.83,17.31,17.34,4899700
2022-08-22 07:00:00,17.34,17.43,17.1,17.19,5539300
2022-08-23 07:00:00,17.07,17.28,16.97,17.19,4282500
2022-08-24 07:00:00,17.4,17.53,17.28,17.31,3127900
2022-08-25 07:00:00,17.4,17.62,17.25,17.62,4170600
2022-08-26 07:00:00,17.74,17.74,17.4,17.46,3915700
2022-08-29 07:00:00,17.28,17.31,16.94,17.13,4119900
2022-08-30 07:00:00,17.13,17.53,17.13,17.43,3595400
2022-08-31 07:00:00,17.37,17.5,17.13,17.34,2075300
2022-09-05 07:00:00,17.34,17.4,17.13,17.16,1755800
2022-09-06 07:00:00,17.13,17.59,17.13,17.34,3020400
2022-09-07 07:00:00,17.34,17.43,16.79,16.79,4257500
2022-09-08 07:00:00,16.88,16.94,16.48,16.48,3659100
2022-09-09 07:00:00,16.54,16.7,16.18,16.48,1820400
2022-09-12 07:00:00,16.58,16.73,16.58,16.6,1603900
2022-09-13 07:00:00,16.64,16.97,16.6,16.88,2408900
2022-09-14 07:00:00,16.58,16.7,16.51,16.58,2113200
2022-09-15 07:00:00,16.58,16.76,16.51,16.51,1275100
2022-09-16 07:00:00,16.33,16.51,16.08,16.08,1983400
2022-09-19 07:00:00,15.93,16.05,15.5,15.65,2347600
2022-09-20 07:00:00,15.72,15.96,15.72,15.96,2001200
2022-09-21 07:00:00,15.9,15.93,15.65,15.68,1250900
2022-09-22 07:00:00,15.53,15.72,15.35,15.59,3206900
2022-09-23 07:00:00,15.59,15.72,15.35,15.35,1588100
2022-09-26 07:00:00,15.16,15.16,14.27,14.43,6442500
2022-09-27 07:00:00,14.43,14.67,14.3,14.4,2446800
2022-09-28 07:00:00,14.36,14.58,14.3,14.3,2714800
2022-09-29 07:00:00,14.46,14.67,13.87,13.87,3417400
2022-09-30 07:00:00,13.9,14.27,13.78,14.24,5377300
2022-10-03 07:00:00,13.94,14.12,13.26,13.26,5690400
2022-10-04 07:00:00,13.5,13.94,12.58,12.74,5635700
2022-10-05 07:00:00,13.08,13.63,13.08,13.5,4275300
2022-10-06 07:00:00,13.5,13.66,13.04,13.14,4256200
2022-10-07 07:00:00,13.08,13.08,12.25,12.25,8381600
2022-10-10 07:00:00,12.09,12.86,11.97,12.71,4923200
2022-10-11 07:00:00,12.71,12.74,11.97,12.16,5492200
2022-10-12 07:00:00,12.28,12.98,12.22,12.98,4719200
2022-10-13 07:00:00,13.08,13.75,12.98,13.75,6243400
2022-10-14 07:00:00,14.03,14.09,13.78,13.94,5662200
2022-10-17 07:00:00,13.87,13.97,13.44,13.84,4715300
2022-10-18 07:00:00,14.06,14.36,14.03,14.12,3895400
2022-10-19 07:00:00,14.12,14.33,13.84,14.24,4115800
2022-10-20 07:00:00,14.24,14.55,13.9,14.27,3878500
2022-10-21 07:00:00,14.27,14.27,13.29,13.29,6658600
2022-10-24 07:00:00,13.32,13.5,12.77,12.89,4945000
2022-10-25 07:00:00,13.01,13.78,12.86,13.78,8645300
2022-10-26 07:00:00,13.78,14.24,13.72,13.75,3449600
2022-10-27 07:00:00,13.97,14.7,13.81,14.7,8005600
2022-10-28 07:00:00,14.92,15.29,14.73,14.76,7631500
2022-10-31 07:00:00,14.92,15.13,14.33,15.1,10121500
2022-11-01 07:00:00,15.16,15.62,14.98,15.01,8831500
2022-11-02 07:00:00,14.76,15.07,14.64,14.73,5390300
2022-11-03 07:00:00,14.46,14.8,14.43,14.49,7489200
2022-11-04 07:00:00,14.36,15.04,13.5,15.04,13957000
2022-11-07 07:00:00,14.92,15.04,14.15,14.33,7033100
2022-11-08 07:00:00,14.12,14.82,14.12,14.64,6274600
2022-11-09 07:00:00,14.8,15.26,14.73,15.01,10208700
2022-11-10 07:00:00,14.8,14.92,13.97,13.97,9623300
2022-11-11 07:00:00,14.58,14.92,14.36,14.49,9790500
2022-11-14 07:00:00,14.24,14.95,13.97,14.67,9034900
2022-11-15 07:00:00,14.49,14.67,13.66,14.36,10692800
2022-11-16 07:00:00,13.69,15.29,13.66,15.22,13029200
2022-11-17 07:00:00,15.35,15.84,15.13,15.35,11677400
2022-11-18 07:00:00,15.07,15.35,14.43,15.16,11616200
2022-11-21 07:00:00,15.16,15.22,14.8,14.8,5680300
2022-11-22 07:00:00,14.67,15.29,14.43,14.67,7649900
2022-11-23 07:00:00,14.67,15.19,14.61,14.98,5920300
2022-11-24 07:00:00,14.89,15.1,14.61,15.1,4141700
2022-11-25 07:00:00,15.29,15.84,15.13,15.84,14164700
2022-11-28 07:00:00,16.02,16.85,16.02,16.76,11090400
2022-11-29 07:00:00,16.58,16.82,16.02,16.82,9674400
2022-11-30 07:00:00,16.6,17.19,16.36,16.73,6374800
2022-12-01 07:00:00,16.79,17.0,15.96,16.05,10765700
2022-12-02 07:00:00,16.14,17.16,15.99,17.16,8942500
2022-12-05 07:00:00,17.5,17.56,17.07,17.56,7687500
2022-12-06 07:00:00,17.25,17.56,16.48,16.58,7661900
2022-12-07 07:00:00,16.51,17.07,16.42,16.79,4099300
2022-12-08 07:00:00,16.94,17.74,16.82,17.07,5282700
2022-12-09 07:00:00,17.07,17.22,16.6,17.22,4989800
2022-12-12 07:00:00,17.19,17.31,16.85,16.85,3851100
2022-12-13 07:00:00,16.76,17.31,16.64,17.28,3912200
2022-12-14 07:00:00,17.43,17.46,17.1,17.13,2422900
2022-12-15 07:00:00,17.13,17.34,17.13,17.34,3529300
2022-12-16 07:00:00,17.04,17.34,17.04,17.22,3220100
2022-12-19 07:00:00,17.19,17.5,16.91,16.91,5166900
2022-12-20 07:00:00,16.91,17.19,16.33,17.19,6578800
2022-12-21 07:00:00,17.19,17.19,16.58,16.88,3061700
2022-12-22 07:00:00,16.88,17.28,16.88,16.94,3346000
2022-12-23 07:00:00,16.88,17.16,16.76,16.97,2821500
2022-12-26 07:00:00,16.97,17.0,15.96,15.99,2958900
2022-12-27 07:00:00,16.02,16.42,15.96,16.33,2592900
2022-12-28 07:00:00,16.33,16.7,16.14,16.67,1890200
2022-12-29 07:00:00,16.64,16.88,16.51,16.58,1718100
2022-12-30 07:00:00,16.58,16.79,16.42,16.73,1394100
2023-01-03 07:00:00,16.79,17.19,16.73,17.19,3477200
2023-01-04 07:00:00,17.19,17.74,17.13,17.5,5783700
2023-01-05 07:00:00,17.5,17.65,17.34,17.5,2113300
2023-01-06 07:00:00,17.5,17.96,17.22,17.56,6735200
2023-01-09 07:00:00,17.62,17.86,17.62,17.86,4251600
2023-01-10 07:00:00,17.92,17.92,17.53,17.53,3055300
2023-01-11 07:00:00,17.56,17.9,17.56,17.86,3425200
2023-01-12 07:00:00,17.86,17.92,17.65,17.74,2471500
2023-01-13 07:00:00,17.86,17.92,17.43,17.86,2974400
2023-01-16 07:00:00,17.86,18.42,17.74,18.42,5345500
2023-01-17 07:00:00,18.48,18.82,18.48,18.78,3475900
2023-01-18 07:00:00,18.78,18.94,18.66,18.88,3204700
2023-01-19 07:00:00,18.85,19.09,18.51,19.09,5008400
2023-01-27 07:00:00,19.09,19.18,18.54,18.63,3426200
2023-01-30 07:00:00,18.42,18.51,18.23,18.26,3739500
2023-01-31 07:00:00,18.23,18.72,18.11,18.72,3448000
2023-02-01 07:00:00,18.72,18.82,17.5,17.8,4346000
2023-02-02 07:00:00,17.8,18.08,17.62,17.92,3143700
2023-02-03 07:00:00,17.92,18.05,17.83,17.83,3617300
2023-02-06 07:00:00,17.68,18.36,17.53,18.36,2630000
2023-02-07 07:00:00,18.29,18.54,17.9,17.92,3254700
2023-02-08 07:00:00,17.96,18.54,17.92,18.36,3158400
2023-02-09 07:00:00,18.36,18.54,18.05,18.05,2699300
2023-02-10 07:00:00,18.05,18.29,17.86,17.86,2103300
2023-02-13 07:00:00,17.71,17.99,17.68,17.9,2133600
2023-02-14 07:00:00,17.99,18.05,17.62,17.62,1752200
2023-02-15 07:00:00,17.62,18.02,17.56,17.74,1473700
2023-02-16 07:00:00,17.83,18.39,17.77,18.23,2901100
2023-02-17 07:00:00,18.23,18.36,18.05,18.2,2237100
2023-02-20 07:00:00,18.32,18.69,18.23,18.69,4573900
2023-02-21 07:00:00,18.66,18.72,18.32,18.32,2955300
2023-02-22 07:00:00,18.17,18.23,17.74,17.74,3944800
2023-02-23 07:00:00,17.5,17.8,17.37,17.8,4083200
2023-02-24 07:00:00,17.74,17.74,17.34,17.34,2188200
2023-02-27 07:00:00,17.31,17.31,16.85,16.91,1748800
2023-02-28 07:00:00,17.07,17.19,16.82,16.82,1275600
2023-03-01 07:00:00,16.79,17.34,16.64,17.34,2168600
2023-03-02 07:00:00,17.37,17.4,17.04,17.07,1829900
2023-03-03 07:00:00,17.19,17.19,16.85,17.07,1748100
2023-03-06 07:00:00,17.1,17.65,17.1,17.4,3193600
2023-03-07 07:00:00,17.4,17.8,17.4,17.8,2882600
2023-03-08 07:00:00,17.5,18.11,17.46,18.05,3416500
2023-03-09 07:00:00,18.05,18.23,17.96,18.05,2363600
2023-03-10 07:00:00,17.96,17.96,17.62,17.92,1614000
2023-03-13 07:00:00,17.59,18.05,17.56,17.99,1859400
2023-03-14 07:00:00,17.96,17.96,17.4,17.8,2143800
2023-03-15 07:00:00,17.99,18.17,17.83,18.11,2796300
2023-03-16 07:00:00,17.8,17.92,17.5,17.77,2150600
2023-03-17 07:00:00,17.83,17.99,17.68,17.8,1136900
2023-03-20 07:00:00,17.77,17.77,17.19,17.19,1611400
2023-03-21 07:00:00,17.56,17.56,17.19,17.37,1056300
2023-03-22 07:00:00,17.46,17.62,17.31,17.5,1379500
2023-03-23 07:00:00,17.31,17.62,17.25,17.62,1606100
2023-03-24 07:00:00,17.62,17.71,17.37,17.5,2539100
2023-03-27 07:00:00,17.5,17.74,17.37,17.65,1392700
2023-03-28 07:00:00,17.65,17.8,17.65,17.74,1898500
2023-03-29 07:00:00,17.68,17.83,17.68,17.8,1729300
2023-03-30 07:00:00,17.86,17.92,17.68,17.8,1446300
2023-03-31 07:00:00,17.74,17.92,17.62,17.92,2331800
2023-04-03 07:00:00,18.11,18.45,18.05,18.39,3732300
2023-04-04 07:00:00,18.39,18.39,18.14,18.2,2220100
2023-04-05 07:00:00,18.2,18.48,18.02,18.42,3438900
2023-04-06 07:00:00,18.42,18.42,18.14,18.14,1930300
2023-04-07 07:00:00,18.11,18.14,17.99,18.11,1541600
2023-04-10 07:00:00,18.11,18.23,17.99,18.02,1849500
2023-04-11 07:00:00,18.08,18.17,17.92,18.17,1160200
2023-04-12 07:00:00,18.23,18.23,18.05,18.11,1372800
2023-04-13 07:00:00,18.05,18.11,17.86,18.05,1310900
2023-04-14 07:00:00,18.08,18.11,17.86,17.86,1512400
2023-04-17 07:00:00,17.86,17.99,17.68,17.92,1298300
2023-04-18 07:00:00,17.92,17.99,17.8,17.86,1177200
2023-04-19 07:00:00,17.83,17.9,17.59,17.62,1613300
2023-04-20 07:00:00,17.59,17.65,17.43,17.65,1328400
2023-04-21 07:00:00,17.5,17.65,17.5,17.56,935900
2023-04-24 07:00:00,17.53,17.92,17.31,17.74,2652900
2023-04-25 07:00:00,17.8,17.8,17.5,17.5,1280600
2023-04-26 07:00:00,17.5,17.68,17.16,17.43,3781400
2023-04-27 07:00:00,17.43,17.62,17.4,17.4,1978300
2023-04-28 07:00:00,17.5,17.71,17.5,17.71,4375900
2023-05-04 07:00:00,17.56,17.56,17.31,17.34,2094900
2023-05-05 07:00:00,17.34,17.37,17.07,17.1,3720400
2023-05-08 07:00:00,17.19,17.22,17.1,17.13,3291900
2023-05-09 07:00:00,17.22,17.34,17.19,17.19,2869400
2023-05-10 07:00:00,17.22,17.34,17.16,17.34,5544200
2023-05-11 07:00:00,17.43,17.46,17.34,17.4,2978300
2023-05-12 07:00:00,17.4,17.43,17.28,17.43,3865800
2023-05-15 07:00:00,17.5,17.59,17.25,17.25,6832500
2023-05-16 07:00:00,17.31,17.34,17.16,17.16,3037900
2023-05-17 07:00:00,17.19,17.25,16.88,16.88,5242300
2023-05-18 07:00:00,17.0,17.13,16.88,17.04,4644700
2023-05-19 07:00:00,17.13,17.31,16.97,17.19,2085300
2023-05-22 07:00:00,17.19,17.31,17.16,17.16,3067100
2023-05-23 07:00:00,17.25,17.25,17.0,17.13,4048500
2023-05-24 07:00:00,17.19,17.19,16.94,17.04,3821700
2023-05-25 07:00:00,16.97,17.07,16.91,16.94,3099700
2023-05-26 07:00:00,16.94,17.07,16.88,17.07,1781900
2023-05-29 07:00:00,17.07,17.28,17.07,17.19,2860900
2023-05-30 07:00:00,17.25,17.28,17.13,17.22,2948100
2023-05-31 07:00:00,17.22,17.22,17.07,17.19,2714900
2023-06-01 07:00:00,17.19,17.25,17.1,17.16,2395200
2023-06-02 07:00:00,17.22,17.65,17.19,17.59,8931900
2023-06-05 07:00:00,17.74,17.83,17.59,17.65,4445800
2023-06-06 07:00:00,17.71,17.8,17.56,17.62,5306600
2023-06-07 07:00:00,17.71,17.92,17.65,17.74,6346700
2023-06-08 07:00:00,17.74,17.8,17.53,17.53,5165700
2023-06-09 07:00:00,17.53,17.59,17.25,17.4,6111000
2023-06-12 07:00:00,17.43,17.46,17.1,17.43,5634400
2023-06-13 07:00:00,17.4,17.46,17.31,17.37,3213200
2023-06-14 07:00:00,17.46,17.92,17.46,17.62,8423300
2023-06-15 07:00:00,17.62,18.02,17.62,17.8,7183600
2023-06-16 07:00:00,17.83,17.92,17.5,17.5,7432700
2023-06-19 07:00:00,17.53,17.71,17.53,17.56,3404700
2023-06-20 07:00:00,17.59,17.92,17.53,17.92,2781600
2023-06-21 07:00:00,17.86,17.99,17.71,17.9,4570200
2023-06-22 07:00:00,17.99,18.2,17.92,18.08,5102500
2023-06-23 07:00:00,18.11,18.14,17.9,17.96,4983700
2023-06-26 07:00:00,17.83,18.08,17.74,17.96,6462100
2023-06-27 07:00:00,17.99,18.02,17.8,18.02,3656100
2023-06-28 07:00:00,18.05,18.54,18.02,18.42,8631900
2023-06-29 07:00:00,18.42,18.48,18.11,18.36,5201200
2023-06-30 07:00:00,18.23,18.26,18.02,18.11,5601900
2023-07-03 07:00:00,18.11,18.17,17.92,17.96,3179400
2023-07-04 07:00:00,17.9,18.11,17.83,18.08,5105500
2023-07-05 07:00:00,18.14,18.23,18.02,18.14,3596500
2023-07-06 07:00:00,18.14,18.17,17.71,18.02,6343400
2023-07-07 07:00:00,17.96,18.17,17.83,18.17,3913600
2023-07-10 07:00:00,18.26,18.29,18.11,18.23,6962300
2023-07-11 07:00:00,18.39,18.78,18.39,18.6,14508800
2023-07-12 07:00:00,18.6,18.66,18.29,18.42,6313800
2023-07-13 07:00:00,18.54,18.54,18.32,18.42,5302700
2023-07-14 07:00:00,18.42,18.54,18.05,18.36,7967000
2023-07-17 07:00:00,18.36,18.39,18.14,18.23,6581700
2023-07-18 07:00:00,18.23,18.42,18.23,18.32,4570900
2023-07-19 07:00:00,18.42,18.45,18.11,18.36,6740400
2023-07-20 07:00:00,18.36,18.36,18.14,18.2,4593800
2023-07-21 07:00:00,18.2,18.29,18.11,18.23,5537400
2023-07-24 07:00:00,18.36,18.48,18.26,18.32,5164400
2023-07-25 07:00:00,18.39,18.6,18.32,18.36,6091900
2023-07-26 07:00:00,18.39,18.45,18.23,18.29,5544100
2023-07-27 07:00:00,18.32,18.36,17.99,18.02,7921500
2023-07-28 07:00:00,18.05,18.11,17.99,18.11,5219800
2023-07-31 07:00:00,18.36,18.42,18.17,18.42,5765900
2023-08-01 07:00:00,18.54,18.91,18.48,18.66,14243700
2023-08-02 07:00:00,18.72,19.12,18.72,19.06,13339400
2023-08-03 07:00:00,19.0,19.09,18.85,18.97,8078000
2023-08-04 07:00:00,19.03,19.03,18.82,19.03,7557300
2023-08-07 07:00:00,19.31,20.01,19.18,20.01,13001900
2023-08-08 07:00:00,20.17,20.17,19.83,20.01,8764800
2023-08-09 07:00:00,19.95,20.01,19.68,19.95,8014100
2023-08-10 07:00:00,19.95,20.04,19.4,19.43,7995700
2023-08-11 07:00:00,19.49,19.74,19.21,19.71,6909000
2023-08-14 07:00:00,19.71,19.89,19.46,19.83,6370100
2023-08-15 07:00:00,19.83,19.89,19.68,19.89,5240600
2023-08-16 07:00:00,19.77,20.07,19.58,19.86,6372500
2023-08-17 07:00:00,19.89,20.2,19.8,20.01,9762600
2023-08-18 07:00:00,19.83,19.92,18.85,18.85,13696200
2023-08-21 07:00:00,18.97,19.83,18.78,19.64,9913500
2023-08-22 07:00:00,19.64,19.68,18.97,19.37,5795100
2023-08-23 07:00:00,19.43,19.49,19.06,19.21,4377400
2023-08-24 07:00:00,19.34,19.58,19.09,19.49,5036900
2023-08-25 07:00:00,19.49,19.49,19.06,19.12,8626800
2023-08-28 07:00:00,19.06,19.21,19.03,19.12,5411300
2023-08-29 07:00:00,19.28,19.52,19.18,19.18,3726400
2023-08-30 07:00:00,19.31,19.71,19.31,19.71,7395200
2023-08-31 07:00:00,19.74,20.01,19.74,19.92,5272800
2023-09-05 07:00:00,19.95,20.26,19.95,20.04,5968600
2023-09-06 07:00:00,20.07,20.1,19.8,20.04,4463900
2023-09-07 07:00:00,20.07,20.44,20.04,20.04,7773500
2023-09-08 07:00:00,20.07,20.07,19.83,19.83,3674400
2023-09-11 07:00:00,19.95,20.1,19.52,19.58,7492500
2023-09-12 07:00:00,19.64,19.83,19.49,19.83,3929100
2023-09-13 07:00:00,19.83,20.1,19.61,19.98,7999400
2023-09-14 07:00:00,20.1,20.66,20.1,20.38,14125200
2023-09-15 07:00:00,20.32,20.56,20.04,20.1,6484800
2023-09-18 07:00:00,20.1,20.1,19.52,19.68,8699100
2023-09-19 07:00:00,19.68,19.8,19.37,19.71,4883200
2023-09-20 07:00:00,19.71,19.86,19.49,19.68,6669400
2023-09-21 07:00:00,19.71,19.74,19.46,19.46,5997300
2023-09-22 07:00:00,19.34,19.49,19.03,19.43,8222000
2023-09-25 07:00:00,19.31,19.46,18.29,18.29,6721400
2023-09-26 07:00:00,18.36,18.94,18.26,18.6,5255800
2023-09-27 07:00:00,18.66,19.03,18.42,19.03,3648100
2023-09-28 07:00:00,18.85,19.03,17.71,18.94,7874400
2023-09-29 07:00:00,18.75,19.06,18.45,18.45,5350700
2023-10-02 07:00:00,18.48,18.63,17.16,18.39,5334700
2023-10-03 07:00:00,18.11,18.11,17.65,17.86,7705100
2023-10-04 07:00:00,17.62,17.86,17.56,17.74,3077200
2023-10-05 07:00:00,17.83,17.9,17.25,17.25,4884500
2023-10-06 07:00:00,17.5,17.65,17.1,17.62,3154500
2023-10-09 07:00:00,17.59,17.92,17.59,17.9,1901900
2023-10-10 07:00:00,18.02,18.14,17.92,17.99,2970400
2023-10-11 07:00:00,17.99,18.11,17.83,18.11,1759400
2023-10-12 07:00:00,18.23,18.26,18.02,18.17,2092400
2023-10-13 07:00:00,17.99,18.17,17.8,17.99,1457500
2023-10-16 07:00:00,17.96,17.99,17.68,17.68,2025200
2023-10-17 07:00:00,17.8,17.9,17.56,17.56,1650400
2023-10-18 07:00:00,17.56,17.68,17.22,17.4,2125400
2023-10-19 07:00:00,17.4,17.56,17.19,17.56,1810200
2023-10-20 07:00:00,17.46,18.26,17.13,18.05,3602000
2023-10-23 07:00:00,18.05,18.05,17.68,17.99,1587400
2023-10-24 07:00:00,17.99,18.11,17.83,18.11,2467900
2023-10-25 07:00:00,17.99,18.11,17.77,17.8,1749000
2023-10-26 07:00:00,17.4,17.53,16.91,17.4,5974000
2023-10-27 07:00:00,17.4,17.46,17.04,17.31,2901000
2023-10-30 07:00:00,16.97,17.31,16.97,16.97,1730500
2023-10-31 07:00:00,17.04,17.19,16.94,17.0,2833300
2023-11-01 07:00:00,17.07,17.07,16.76,16.82,3039100
2023-11-02 07:00:00,16.94,17.5,16.94,17.34,2371900
2023-11-03 07:00:00,17.43,17.46,17.19,17.19,3559600
2023-11-06 07:00:00,17.4,17.62,17.4,17.53,2337400
2023-11-07 07:00:00,17.43,17.62,17.37,17.53,2277600
2023-11-08 07:00:00,17.56,17.96,17.34,17.96,2934800
2023-11-09 07:00:00,18.02,18.26,17.92,18.11,4606900
2023-11-10 07:00:00,17.96,18.05,17.77,18.05,3477700
2023-11-13 07:00:00,17.99,18.14,17.92,18.05,3129500
2023-11-14 07:00:00,18.32,18.48,18.17,18.29,3732500
2023-11-15 07:00:00,18.48,18.78,18.48,18.54,5373200
2023-11-16 07:00:00,18.39,18.6,18.36,18.57,2244100
2023-11-17 07:00:00,18.54,18.6,18.08,18.23,4281100
2023-11-20 07:00:00,17.92,18.26,17.86,18.14,2168700
2023-11-21 07:00:00,18.32,18.32,18.05,18.05,1837700
2023-11-22 07:00:00,18.11,18.23,18.02,18.17,1850000
2023-11-23 07:00:00,18.26,18.26,17.92,17.92,1913600
2023-11-24 07:00:00,17.92,18.17,17.62,18.17,3088400
2023-11-27 07:00:00,18.2,18.2,17.86,18.05,1431700
2023-11-28 07:00:00,17.99,17.99,17.71,17.99,2068800
2023-11-29 07:00:00,17.99,18.14,17.92,18.05,2549800
2023-11-30 07:00:00,18.05,18.32,17.94,18.05,2651700
2023-12-01 07:00:00,18.15,18.15,17.84,18.05,1962600
2023-12-04 07:00:00,18.15,18.25,18.01,18.22,7638100
2023-12-05 07:00:00,18.25,18.32,18.18,18.18,2549300
2023-12-06 07:00:00,18.18,18.32,18.18,18.29,3205700
2023-12-07 07:00:00,18.36,18.6,18.22,18.46,5656600
2023-12-08 07:00:00,18.53,18.6,18.32,18.46,3718900
2023-12-11 07:00:00,18.49,18.56,18.32,18.43,2203100
2023-12-12 07:00:00,18.46,18.53,18.32,18.53,3346200
2023-12-13 07:00:00,18.63,18.77,18.32,18.36,3629800
2023-12-14 07:00:00,18.49,18.49,18.15,18.36,3873600
2023-12-15 07:00:00,18.18,18.43,18.08,18.32,3969300
2023-12-18 07:00:00,18.18,18.32,17.88,17.88,3836500
2023-12-19 07:00:00,17.91,18.18,17.81,18.18,2308300
2023-12-20 07:00:00,18.05,18.25,17.98,18.22,2388300
2023-12-21 07:00:00,18.12,18.25,18.01,18.22,2581300
2023-12-22 07:00:00,18.18,18.25,18.08,18.15,2169200
2023-12-25 07:00:00,18.22,18.46,18.18,18.46,4083500
2023-12-26 07:00:00,18.43,18.49,18.39,18.39,3247900
2023-12-27 07:00:00,18.39,18.46,18.36,18.43,3008900
2023-12-28 07:00:00,18.43,18.6,18.36,18.6,2983700
2023-12-29 07:00:00,18.67,18.77,18.6,18.6,4655000
2024-01-02 07:00:00,18.63,18.7,18.56,18.67,3300000
2024-01-03 07:00:00,18.67,18.94,18.56,18.94,3123600
2024-01-04 07:00:00,18.98,20.24,18.91,19.63,14693100
2024-01-05 07:00:00,19.73,20.0,19.7,19.9,8765200
2024-01-08 07:00:00,20.24,20.45,19.93,20.28,12113500
2024-01-09 07:00:00,20.31,20.69,20.11,20.59,14351600
2024-01-10 07:00:00,20.59,21.38,20.48,21.27,13924900
2024-01-11 07:00:00,21.34,21.62,20.86,21.27,9746100
2024-01-12 07:00:00,21.14,21.86,21.0,21.62,17184500
2024-01-15 07:00:00,21.65,21.75,21.27,21.55,6951700
2024-01-16 07:00:00,21.31,21.55,21.14,21.55,7442400
2024-01-17 07:00:00,21.31,21.62,21.27,21.38,6739800
2024-01-18 07:00:00,21.38,21.68,21.2,21.62,8842000
2024-01-19 07:00:00,21.75,22.37,21.58,22.37,14108300
2024-01-22 07:00:00,22.34,22.41,21.92,22.41,8679800
2024-01-23 07:00:00,22.41,22.51,21.89,22.1,9136000
2024-01-24 07:00:00,21.92,22.23,21.89,21.96,4997700
2024-01-25 07:00:00,21.96,22.03,21.68,21.99,5164700
2024-01-26 07:00:00,22.03,22.13,21.92,22.03,3676400
2024-01-29 07:00:00,22.03,22.47,21.96,22.17,5875800
2024-01-30 07:00:00,22.2,22.27,21.99,22.1,3741900
2024-01-31 07:00:00,22.27,22.3,21.48,21.68,11925100
2024-02-01 07:00:00,21.58,22.03,21.58,21.99,5126100
2024-02-02 07:00:00,21.96,22.06,21.65,21.75,4536600
2024-02-05 07:00:00,21.79,23.26,21.79,23.26,21679700
2024-02-06 07:00:00,23.33,23.64,23.23,23.61,8645600
2024-02-07 07:00:00,23.61,24.91,23.61,24.36,13534000
2024-02-15 07:00:00,24.43,24.57,24.02,24.02,8849700
2024-02-16 07:00:00,24.22,24.22,23.78,24.19,7504900
2024-02-19 07:00:00,24.09,24.36,23.68,24.29,10677500
2024-02-20 07:00:00,24.22,24.43,23.81,24.16,6832100
2024-02-21 07:00:00,24.19,24.84,24.05,24.4,10391600
2024-02-22 07:00:00,24.5,24.53,24.19,24.5,7056000
2024-02-23 07:00:00,24.57,25.49,24.02,24.16,25763100
2024-02-26 07:00:00,24.16,24.6,24.09,24.46,6391800
2024-02-27 07:00:00,24.5,24.91,24.33,24.81,9066000
2024-02-28 07:00:00,24.98,25.01,24.46,24.67,9809600
2024-02-29 07:00:00,24.84,24.91,24.16,24.4,12798100
2024-03-01 07:00:00,24.5,24.5,24.02,24.43,9179700
2024-03-04 07:00:00,24.43,25.32,24.12,24.7,17569600
2024-03-05 07:00:00,24.7,25.01,24.53,25.01,7378300
2024-03-06 07:00:00,24.98,25.36,24.46,24.77,11114900
2024-03-07 07:00:00,24.7,24.74,24.33,24.57,8882900
2024-03-08 07:00:00,24.57,24.6,23.68,23.68,20828300
2024-03-11 07:00:00,23.68,23.85,23.26,23.44,7842600
2024-03-12 07:00:00,23.33,23.74,23.3,23.68,6760600
2024-03-13 07:00:00,23.74,24.12,23.47,24.12,6141800
2024-03-14 07:00:00,24.16,24.16,23.47,23.64,7010100
2024-03-15 07:00:00,23.61,24.29,23.3,23.85,9586500
2024-03-18 07:00:00,23.85,24.02,22.2,22.85,11387200
2024-03-19 07:00:00,22.92,23.2,22.61,22.85,7149600
2024-03-20 07:00:00,22.78,23.68,22.65,23.57,9484900
2024-03-21 07:00:00,23.74,23.95,23.37,23.95,9087700
2024-03-22 07:00:00,24.09,24.98,24.02,24.5,15958000
2024-03-25 07:00:00,24.36,24.5,23.68,23.81,9577000
2024-03-26 07:00:00,23.85,24.29,23.78,24.16,3801300
2024-03-27 07:00:00,24.02,24.36,23.88,24.36,5066600
2024-03-28 07:00:00,24.64,24.64,24.22,24.53,7031500
2024-03-29 07:00:00,24.53,24.53,24.12,24.4,4490100
2024-04-01 07:00:00,24.29,24.29,23.85,24.02,7918200
2024-04-02 07:00:00,23.68,24.16,23.4,24.02,6979000
2024-04-03 07:00:00,23.95,24.02,23.26,23.37,9109200
2024-04-04 07:00:00,23.47,23.54,22.99,23.02,7104500
2024-04-05 07:00:00,22.78,23.06,22.72,22.78,9834200
2024-04-08 07:00:00,22.85,23.5,22.61,22.99,12007900
2024-04-09 07:00:00,23.26,23.5,23.02,23.5,5238500
2024-04-10 07:00:00,23.57,23.57,23.09,23.09,4301500
2024-04-11 07:00:00,22.85,23.13,22.82,23.13,4179700
2024-04-12 07:00:00,23.2,24.74,23.09,24.64,23775200
2024-04-15 07:00:00,24.57,24.91,22.92,22.96,29292700
2024-04-16 07:00:00,23.26,23.37,22.51,23.37,15414300
2024-04-17 07:00:00,23.5,23.5,22.41,22.44,19095700
2024-04-19 07:00:00,22.03,22.47,21.44,21.68,13040500
2024-04-22 07:00:00,21.99,22.23,21.75,22.17,7768100
2024-04-23 07:00:00,22.13,22.3,21.38,21.62,10689200
2024-04-24 07:00:00,21.96,22.61,21.75,22.61,9012800
2024-04-25 07:00:00,22.54,22.65,22.13,22.65,4863800
2024-04-26 07:00:00,22.34,22.75,22.06,22.51,8972900
2024-05-02 07:00:00,22.51,22.51,21.96,22.2,6361000
2024-05-03 07:00:00,22.27,22.54,22.06,22.23,6160500
2024-05-06 07:00:00,22.37,22.82,22.2,22.78,7627200
2024-05-07 07:00:00,22.78,22.82,22.51,22.51,4941700
2024-05-08 07:00:00,22.41,22.65,22.2,22.37,8398000
2024-05-09 07:00:00,22.51,22.92,22.27,22.58,7196700
2024-05-10 07:00:00,22.75,22.75,22.34,22.54,4656700
2024-05-13 07:00:00,22.54,22.54,22.13,22.17,7004000
2024-05-14 07:00:00,22.23,22.44,22.13,22.17,5643900
2024-05-15 07:00:00,22.27,22.65,22.13,22.2,7928800
2024-05-16 07:00:00,22.51,23.13,22.34,22.78,14193700
2024-05-17 07:00:00,22.89,22.92,22.58,22.72,5948500
2024-05-20 07:00:00,22.85,23.26,22.68,22.89,12148300
2024-05-21 07:00:00,22.96,23.4,22.89,23.09,6079100
2024-05-22 07:00:00,23.23,23.26,22.44,22.65,11642900
2024-05-23 07:00:00,22.61,22.82,22.37,22.82,5573500
2024-05-24 07:00:00,22.72,23.26,22.17,22.3,13921600
2024-05-27 07:00:00,22.44,22.44,22.03,22.23,8217500
2024-05-28 07:00:00,22.27,22.3,21.75,22.1,24685700
2024-05-29 07:00:00,22.1,22.1,21.72,21.72,15631900
2024-05-30 07:00:00,21.51,22.03,21.51,21.82,9617600
2024-05-31 07:00:00,21.82,22.1,21.82,21.89,6190100
2024-06-03 07:00:00,22.13,22.51,21.99,22.37,9928600
2024-06-04 07:00:00,22.44,22.61,22.27,22.51,8842900
2024-06-05 07:00:00,22.58,22.61,22.23,22.23,8383500
2024-06-06 07:00:00,22.3,22.44,22.2,22.37,7437100
2024-06-07 07:00:00,22.51,22.58,22.41,22.51,4307200
2024-06-10 07:00:00,22.61,23.3,22.58,22.99,13316000
2024-06-11 07:00:00,23.3,23.3,22.75,22.78,10714500
2024-06-12 07:00:00,22.82,23.09,22.54,22.99,7591300
2024-06-13 07:00:00,23.33,23.44,22.99,23.26,14006900
2024-06-14 07:00:00,23.26,23.3,22.51,22.51,10429800
2024-06-17 07:00:00,22.51,22.61,22.17,22.47,8417900
2024-06-18 07:00:00,22.47,22.54,22.2,22.2,7746400
2024-06-19 07:00:00,22.23,22.34,21.92,22.3,6704200
2024-06-20 07:00:00,22.17,22.34,21.96,22.1,7044100
2024-06-21 07:00:00,22.23,22.27,22.06,22.1,4903100
2024-06-24 07:00:00,22.1,22.2,21.65,21.72,8439100
2024-06-25 07:00:00,21.89,21.89,21.58,21.68,5413400
2024-06-26 07:00:00,21.68,21.72,21.31,21.48,6556300
2024-06-27 07:00:00,21.48,21.55,21.38,21.48,4084600
2024-06-28 07:00:00,21.48,21.58,21.27,21.27,4521600
2024-07-01 07:00:00,21.17,21.96,21.17,21.96,3924600
2024-07-02 07:00:00,21.96,22.2,21.89,22.17,5122200
2024-07-03 07:00:00,22.2,22.3,21.99,22.2,3316100
2024-07-04 07:00:00,22.23,22.3,21.99,22.17,2526600
2024-07-05 07:00:00,22.2,22.54,22.03,22.44,5590000
2024-07-08 07:00:00,22.47,22.47,22.17,22.37,3851700
2024-07-09 07:00:00,22.37,22.51,22.23,22.44,4731800
2024-07-10 07:00:00,22.44,22.54,22.23,22.23,5205400
2024-07-11 07:00:00,22.3,22.37,22.1,22.1,3867400
2024-07-12 07:00:00,22.1,22.17,21.89,21.96,3874000
2024-07-15 07:00:00,21.99,22.1,21.96,22.03,2451000
2024-07-16 07:00:00,22.06,22.54,22.03,22.3,6589100
2024-07-17 07:00:00,22.44,23.2,22.34,22.65,22598600
2024-07-18 07:00:00,22.85,22.96,22.47,22.96,8111000
2024-07-19 07:00:00,22.82,23.2,22.47,22.92,10147600
2024-07-22 07:00:00,22.78,23.4,22.75,23.09,15868100
2024-07-23 07:00:00,23.13,23.13,21.99,22.23,9825700
2024-07-24 07:00:00,22.2,22.3,21.75,22.1,10316300
2024-07-25 07:00:00,21.96,21.96,21.55,21.65,6106000
2024-07-26 07:00:00,21.65,22.06,21.65,21.99,3281100
2024-07-29 07:00:00,22.06,22.2,22.03,22.03,3120200
2024-07-30 07:00:00,21.96,22.03,21.82,21.96,4284300
2024-07-31 07:00:00,21.96,22.17,21.82,21.96,6542400
2024-08-01 07:00:00,21.96,22.27,21.48,21.58,8811100
2024-08-02 07:00:00,21.31,21.65,20.76,21.65,10408500
2024-08-05 07:00:00,21.2,21.24,20.59,20.69,10630500
2024-08-06 07:00:00,20.93,21.0,20.55,20.96,4871100
2024-08-07 07:00:00,21.03,21.03,20.62,20.72,3892500
2024-08-08 07:00:00,20.72,20.9,20.62,20.72,5155000
2024-08-09 07:00:00,20.83,21.62,20.83,21.62,7179900
2024-08-12 07:00:00,21.65,21.79,21.41,21.75,3052300
2024-08-13 07:00:00,21.86,21.86,21.51,21.86,3764400
2024-08-14 07:00:00,21.86,21.96,21.68,21.82,4668000
2024-08-15 07:00:00,21.82,21.92,21.58,21.86,4421800
2024-08-16 07:00:00,21.86,22.3,21.82,22.3,7856100
2024-08-19 07:00:00,22.3,22.44,22.2,22.41,5863100
2024-08-20 07:00:00,22.41,22.89,22.37,22.78,10766100
2024-08-21 07:00:00,22.82,23.47,22.65,23.47,27480100
2024-08-22 07:00:00,23.57,24.02,23.54,23.74,11485500
2024-08-23 07:00:00,23.61,23.98,23.44,23.98,9860800
2024-08-26 07:00:00,24.02,24.02,23.61,23.74,9584400
2024-08-27 07:00:00,23.74,24.02,23.5,23.92,11698100
2024-08-28 07:00:00,23.95,23.98,23.68,23.95,5938900
2024-08-29 07:00:00,23.98,24.26,23.68,24.02,12531200
2024-08-30 07:00:00,24.02,24.09,23.78,24.05,8124100
2024-09-04 07:00:00,23.74,24.22,23.64,24.22,10446800
2024-09-05 07:00:00,24.16,24.36,23.74,24.02,8504400
2024-09-06 07:00:00,23.88,24.36,23.74,24.36,9157300
2024-09-09 07:00:00,24.16,24.33,24.02,24.33,5375600
2024-09-10 07:00:00,24.29,24.4,23.88,23.98,7474100
2024-09-11 07:00:00,23.98,24.09,23.64,23.98,5494300
2024-09-12 07:00:00,24.19,24.19,23.81,24.02,4999600
2024-09-13 07:00:00,23.88,24.02,23.78,23.95,3439800
2024-09-16 07:00:00,23.98,23.98,23.68,23.78,5810800
2024-09-17 07:00:00,23.71,23.98,23.57,23.98,5230100
2024-09-18 07:00:00,23.98,24.91,23.88,24.5,17487600
2024-09-19 07:00:00,24.53,24.84,24.43,24.7,5835500
2024-09-20 07:00:00,24.74,25.15,24.67,24.7,13164300
2024-09-23 07:00:00,24.67,24.91,24.46,24.64,4440300
2024-09-24 07:00:00,24.64,24.84,24.46,24.74,5546400
2024-09-25 07:00:00,25.05,25.12,24.7,24.7,9797800
2024-09-26 07:00:00,24.7,25.01,24.33,24.98,22830200
2024-09-27 07:00:00,25.01,25.77,25.01,25.39,15617800
2024-09-30 07:00:00,25.32,25.53,25.15,25.36,4842500
2024-10-01 07:00:00,25.36,25.46,24.94,25.05,12315100
2024-10-02 07:00:00,24.81,25.01,24.67,24.7,11271900
2024-10-03 07:00:00,24.7,25.22,24.64,24.84,9111600
2024-10-04 07:00:00,24.81,24.81,24.43,24.43,8545600
2024-10-07 07:00:00,24.64,24.67,24.36,24.57,5298700
2024-10-08 07:00:00,24.57,24.81,24.4,24.53,6638700
2024-10-09 07:00:00,24.57,25.12,24.5,24.77,9143500
2024-10-10 07:00:00,25.01,25.15,24.74,24.81,6226000
2024-10-11 07:00:00,24.88,24.91,24.57,24.88,4217800
2024-10-14 07:00:00,24.98,25.01,24.74,24.74,4041500
2024-10-15 07:00:00,24.88,25.25,24.77,24.81,10587200
2024-10-16 07:00:00,24.77,25.01,24.64,24.91,3778300
2024-10-17 07:00:00,25.05,25.08,24.74,25.08,6200700
2024-10-18 07:00:00,25.25,25.32,24.88,24.88,7054400
2024-10-21 07:00:00,24.77,24.94,24.36,24.36,8242100
2024-10-22 07:00:00,24.36,24.46,23.88,24.02,9519000
2024-10-23 07:00:00,24.02,24.12,23.85,24.05,4488500
2024-10-24 07:00:00,24.02,24.12,23.37,23.92,6405900
2024-10-25 07:00:00,23.85,23.88,23.68,23.74,4448300
2024-10-28 07:00:00,23.78,23.88,23.71,23.81,2288100
2024-10-29 07:00:00,23.81,23.98,23.81,23.98,2890000
2024-10-30 07:00:00,23.95,24.02,23.68,23.85,2626400
2024-10-31 07:00:00,23.95,24.53,23.88,24.5,8400500
2024-11-01 07:00:00,24.4,24.67,24.36,24.43,7983200
2024-11-04 07:00:00,24.4,24.67,24.26,24.5,5247600
2024-11-05 07:00:00,24.36,24.5,24.05,24.05,4093100
2024-11-06 07:00:00,24.16,24.64,24.09,24.64,3543500
2024-11-07 07:00:00,24.64,24.81,24.43,24.43,3822400
2024-11-08 07:00:00,24.5,24.7,23.88,24.02,4916300
2024-11-11 07:00:00,24.02,24.02,23.23,23.98,16325500
2024-11-12 07:00:00,23.88,23.92,23.47,23.68,3342200
2024-11-13 07:00:00,23.64,23.68,23.3,23.57,4244200
2024-11-14 07:00:00,23.54,23.54,23.06,23.06,5270200
2024-11-15 07:00:00,23.06,23.06,22.51,22.72,8350400
2024-11-18 07:00:00,22.72,23.09,22.44,22.85,4072900
2024-11-19 07:00:00,22.99,23.06,22.65,22.89,5280700
2024-11-20 07:00:00,22.68,23.33,22.68,23.33,6494000
2024-11-21 07:00:00,23.33,24.02,23.06,24.02,7810800
2024-11-22 07:00:00,23.95,24.16,23.81,24.02,6181600
2024-11-25 07:00:00,23.98,24.09,23.81,24.09,3824500
2024-11-26 07:00:00,24.02,24.26,23.95,24.22,4538800
2024-11-27 07:00:00,24.09,24.22,23.98,24.12,2761100
2024-11-28 07:00:00,24.22,24.29,23.98,24.29,3289800
2024-11-29 07:00:00,24.36,24.6,24.19,24.53,5142400
2024-12-02 07:00:00,24.64,24.7,24.5,24.6,4468300
2024-12-03 07:00:00,24.67,24.67,24.33,24.64,5261300
2024-12-04 07:00:00,24.43,24.5,24.22,24.22,4137800
2024-12-05 07:00:00,24.22,25.05,24.05,24.98,10395100
2024-12-06 07:00:00,25.05,25.15,24.88,24.88,5625800
2024-12-09 07:00:00,24.81,25.05,24.74,25.01,4392500
2024-12-10 07:00:00,25.01,25.05,24.77,24.94,3293400
2024-12-11 07:00:00,24.91,25.12,24.84,24.94,4390000
2024-12-12 07:00:00,24.98,25.25,24.84,24.91,5010500
2024-12-13 07:00:00,24.81,25.05,24.77,24.94,4180300
2024-12-16 07:00:00,24.94,25.18,24.84,24.88,2866500
2024-12-17 07:00:00,24.88,24.94,24.74,24.88,3429900
2024-12-18 07:00:00,24.84,24.98,24.57,24.88,2933300
2024-12-19 07:00:00,24.6,24.84,24.43,24.84,6319500
2024-12-20 07:00:00,24.7,24.81,24.5,24.81,3418200
2024-12-23 07:00:00,24.84,24.91,24.77,24.88,3097200
2024-12-24 07:00:00,24.77,24.84,24.64,24.84,2831100
2024-12-25 07:00:00,24.84,26.56,24.84,26.21,25190700
2024-12-26 07:00:00,26.35,26.35,26.08,26.21,4847100
2024-12-27 07:00:00,26.32,26.63,26.08,26.63,9539300
2024-12-30 07:00:00,26.42,26.7,26.32,26.7,7210600
2024-12-31 07:00:00,26.49,26.56,25.94,25.94,5449700
2025-01-02 07:00:00,26.08,26.28,25.8,26.15,5742600
2025-01-03 07:00:00,25.94,26.08,25.53,25.53,10284500
2025-01-06 07:00:00,25.56,25.84,25.42,25.53,6045300
2025-01-07 07:00:00,25.73,26.08,25.49,25.7,6267400
2025-01-08 07:00:00,25.66,26.01,25.56,25.94,3664700
2025-01-09 07:00:00,25.94,26.01,25.56,25.66,4056700
2025-01-10 07:00:00,25.66,26.21,25.53,25.73,7501000
2025-01-13 07:00:00,25.53,25.87,24.84,25.87,9377500
2025-01-14 07:00:00,25.7,26.01,25.32,25.36,3716700
2025-01-15 07:00:00,25.39,25.46,25.12,25.22,4980700
2025-01-16 07:00:00,25.29,25.53,24.98,25.25,6641100
2025-01-17 07:00:00,25.25,25.53,25.12,25.53,3948300
2025-01-20 07:00:00,25.56,25.87,25.49,25.6,4400000
2025-01-21 07:00:00,25.7,25.94,25.42,25.6,5502600
2025-01-22 07:00:00,25.8,25.8,25.56,25.6,4497700
2025-01-23 07:00:00,25.66,26.21,25.6,26.15,7583800
2025-01-24 07:00:00,26.15,26.18,25.91,26.08,5047600
2025-02-03 07:00:00,26.25,26.49,25.94,26.11,8325900
2025-02-04 07:00:00,26.25,27.28,26.11,27.04,14538400
2025-02-05 07:00:00,27.21,27.24,26.83,27.0,6686000
2025-02-06 07:00:00,27.04,27.35,26.9,27.11,6527700
2025-02-07 07:00:00,27.11,28.27,26.94,28.0,14973700
2025-02-10 07:00:00,28.0,28.2,27.48,27.66,9535800
2025-02-11 07:00:00,27.69,28.07,27.55,27.93,7621400
2025-02-12 07:00:00,27.93,28.0,27.72,27.79,4835000
2025-02-13 07:00:00,27.66,28.34,27.66,28.03,6945200
2025-02-14 07:00:00,28.14,28.38,27.79,27.83,5515600
2025-02-17 07:00:00,27.79,27.9,27.55,27.55,5951900
2025-02-18 07:00:00,27.55,28.14,27.48,27.66,6539300
2025-02-19 07:00:00,27.83,28.1,27.76,27.79,6136000
2025-02-20 07:00:00,28.17,28.17,27.76,28.03,5265200
2025-02-21 07:00:00,28.03,28.48,27.79,28.48,7710600
2025-02-24 07:00:00,28.48,28.79,28.38,28.75,6764800
2025-02-25 07:00:00,28.79,28.89,28.41,28.72,5728900
2025-02-26 07:00:00,28.68,28.68,28.2,28.38,9430900
2025-02-27 07:00:00,28.31,28.51,28.03,28.48,6079700
2025-02-28 07:00:00,28.34,28.55,28.14,28.48,5529300
2025-03-03 07:00:00,28.27,28.31,28.03,28.31,7674500
2025-03-04 07:00:00,28.14,28.68,28.0,28.55,7443800
2025-03-05 07:00:00,28.55,28.99,28.24,28.27,7812100
2025-03-06 07:00:00,28.41,28.65,28.27,28.58,5639200
2025-03-07 07:00:00,28.62,29.1,28.58,29.1,10858900
2025-03-10 07:00:00,29.3,29.3,28.89,29.13,9163000
2025-03-11 07:00:00,28.82,29.23,28.68,29.23,6943500
2025-03-12 07:00:00,29.37,29.71,29.03,29.27,9350500
2025-03-13 07:00:00,29.3,29.3,28.92,29.03,7914900
2025-03-14 07:00:00,28.86,29.03,28.68,29.03,7787700
2025-03-17 07:00:00,29.03,29.23,28.96,29.23,3459900
2025-03-18 07:00:00,29.44,29.44,28.79,28.82,5406700
2025-03-19 07:00:00,28.75,28.82,28.41,28.51,8668600
2025-03-20 07:00:00,28.51,28.68,28.14,28.55,8810000
2025-03-21 07:00:00,28.55,28.58,28.17,28.58,7361100
2025-03-24 07:00:00,28.41,28.68,28.2,28.68,6851700
2025-03-25 07:00:00,28.79,29.03,28.62,29.03,5036300
2025-03-26 07:00:00,28.99,29.13,28.55,28.65,5469500
2025-03-27 07:00:00,28.41,28.65,28.31,28.55,3508800
2025-03-28 07:00:00,28.48,28.51,28.24,28.38,4092900
2025-03-31 07:00:00,28.27,28.44,28.07,28.44,4619700
2025-04-01 07:00:00,28.58,28.72,28.17,28.72,4737500
2025-04-02 07:00:00,28.79,29.03,28.62,28.79,5575900
2025-04-03 07:00:00,27.93,27.93,26.8,26.8,19835700
2025-04-04 07:00:00,24.94,26.56,24.94,26.56,17693000
2025-04-08 07:00:00,24.77,26.21,24.7,24.7,18688600
2025-04-09 07:00:00,23.2,25.39,23.2,23.2,17505900
2025-04-10 07:00:00,24.81,24.81,24.81,24.81,2907100
2025-04-11 07:00:00,25.39,26.42,25.08,26.35,20246200
2025-04-14 07:00:00,26.49,26.49,25.97,26.28,9750200
2025-04-15 07:00:00,25.94,26.08,25.53,25.91,10253700
2025-04-16 07:00:00,25.91,26.15,25.53,25.53,6581500
2025-04-17 07:00:00,25.39,25.63,25.15,25.56,8698900
2025-04-18 07:00:00,25.97,26.11,25.7,25.7,8510000
2025-04-21 07:00:00,25.77,25.97,25.18,25.56,10033700
2025-04-22 07:00:00,25.32,25.49,23.78,25.46,15064300
2025-04-23 07:00:00,25.66,25.84,25.39,25.6,6705500
2025-04-24 07:00:00,25.7,25.7,25.29,25.66,6793100
2025-04-25 07:00:00,25.53,25.73,25.42,25.49,6465300
2025-04-28 07:00:00,25.56,25.56,25.18,25.29,5105100
2025-04-29 07:00:00,25.22,25.53,25.18,25.53,4933700
2025-05-05 07:00:00,25.6,25.73,25.42,25.63,3621800
2025-05-06 07:00:00,25.63,25.97,25.53,25.8,7236200
2025-05-07 07:00:00,25.73,25.77,25.49,25.7,6127600
2025-05-08 07:00:00,25.66,25.8,25.53,25.77,7941300
2025-05-09 07:00:00,25.84,25.94,25.66,25.7,6244100
2025-05-12 07:00:00,25.73,26.04,25.7,25.97,8966900
2025-05-13 07:00:00,26.15,27.04,26.15,27.04,15748400
2025-05-14 07:00:00,27.07,27.18,26.83,27.18,9319800
2025-05-15 07:00:00,27.18,27.55,26.94,27.28,9780500
2025-05-16 07:00:00,27.31,27.31,26.76,26.76,6562600
2025-05-19 07:00:00,26.59,26.9,26.46,26.83,7238400
2025-05-20 07:00:00,26.56,27.11,26.56,27.11,6572100
2025-05-21 07:00:00,26.97,27.72,26.97,27.07,8638000
2025-05-22 07:00:00,27.0,27.11,26.52,26.66,7061000
2025-05-23 07:00:00,26.66,26.76,26.49,26.63,4339900
2025-05-26 07:00:00,26.59,26.94,26.08,26.94,7007300
2025-05-27 07:00:00,26.94,27.18,26.76,27.18,7752400
2025-05-28 07:00:00,27.24,27.28,26.83,27.14,5580900
2025-05-29 07:00:00,27.07,27.11,26.7,26.7,7448200
2025-05-30 07:00:00,26.87,26.87,26.21,26.28,7680600
2025-06-02 07:00:00,26.25,26.52,26.04,26.35,4412100
2025-06-03 07:00:00,26.52,26.59,26.35,26.46,4295200
2025-06-04 07:00:00,26.56,26.7,26.39,26.42,4155400
2025-06-05 07:00:00,26.42,26.59,26.08,26.46,4332000
2025-06-06 07:00:00,26.39,26.39,26.11,26.21,3467900
2025-06-09 07:00:00,26.21,26.25,26.01,26.08,3172600
2025-06-10 07:00:00,26.08,26.21,25.97,25.97,4647300
2025-06-11 07:00:00,26.08,26.08,25.77,26.08,5975400
2025-06-12 07:00:00,26.11,26.46,26.01,26.42,8242800
2025-06-13 07:00:00,26.35,27.96,26.18,27.38,23868500
2025-06-16 07:00:00,27.42,27.66,27.38,27.66,6086700
2025-06-17 07:00:00,27.76,27.76,27.31,27.69,7871100
2025-06-18 07:00:00,27.59,27.72,27.42,27.55,5524700
2025-06-19 07:00:00,27.59,28.17,27.48,27.93,10136000
2025-06-20 07:00:00,28.0,28.68,27.9,28.34,12449200
2025-06-23 07:00:00,28.1,28.38,27.83,28.38,4848400
2025-06-24 07:00:00,28.51,28.68,28.38,28.51,9812700
2025-06-25 07:00:00,28.62,28.82,28.48,28.62,8585000
2025-06-26 07:00:00,28.68,28.75,28.34,28.75,6038700
2025-06-27 07:00:00,28.82,28.92,28.51,28.79,5913500
2025-06-30 07:00:00,28.82,28.82,28.51,28.75,5913500
2025-07-01 07:00:00,28.62,28.82,28.51,28.75,4088100
2025-07-02 07:00:00,28.72,28.89,28.68,28.75,4277400
2025-07-03 07:00:00,28.72,29.34,28.68,29.16,10203700
2025-07-04 07:00:00,29.3,29.37,28.96,29.3,4477100
2025-07-07 07:00:00,29.51,30.47,29.47,30.47,11497400
2025-07-08 07:00:00,30.54,30.61,30.23,30.47,3982800
2025-07-09 07:00:00,30.47,31.02,30.4,30.88,7568100
2025-07-10 07:00:00,30.81,30.88,30.4,30.88,6547000
2025-07-11 07:00:00,30.85,30.85,30.57,30.61,5736700
2025-07-14 07:00:00,30.54,30.57,29.99,30.4,12064300
2025-07-15 07:00:00,30.4,30.78,30.26,30.3,7167000
2025-07-16 07:00:00,30.3,30.85,30.13,30.85,5688900
2025-07-17 07:00:00,30.81,30.98,30.61,30.88,7521100
2025-07-18 07:00:00,30.88,31.26,30.57,30.92,8291000
2025-07-21 07:00:00,31.29,31.4,30.68,31.02,6559900
2025-07-22 07:00:00,31.02,31.29,30.68,31.29,4817800
2025-07-23 07:00:00,31.36,31.46,30.74,31.33,6335800
2025-07-24 07:00:00,31.33,31.53,31.02,31.36,5070900
2025-07-25 07:00:00,31.43,31.7,31.19,31.29,5534900
2025-07-28 07:00:00,31.22,31.57,31.16,31.29,10570000
2025-07-29 07:00:00,31.43,31.6,30.06,30.06,14733900
2025-07-30 07:00:00,30.2,32.15,30.09,31.7,22468200
2025-07-31 07:00:00,32.6,32.6,30.92,31.5,19391700
2025-08-01 07:00:00,31.57,31.57,30.3,30.4,16224400
2025-08-04 07:00:00,30.2,31.4,29.92,31.33,9698200
2025-08-05 07:00:00,31.53,33.45,31.29,31.91,24076700
2025-08-06 07:00:00,32.39,32.77,31.94,32.6,9566100
2025-08-07 07:00:00,32.94,32.94,32.22,32.84,9156800
2025-08-08 07:00:00,32.9,32.94,32.12,32.73,12368000
2025-08-11 07:00:00,32.8,32.84,32.36,32.6,8862900
2025-08-12 07:00:00,32.6,33.25,32.25,32.94,14358400
2025-08-13 07:00:00,33.01,34.04,32.36,34.04,17697600
2025-08-14 07:00:00,34.45,35.07,34.04,34.45,18688000
2025-08-15 07:00:00,34.86,34.93,33.49,33.63,15808500
2025-08-18 07:00:00,33.66,33.9,33.08,33.28,12393300
2025-08-19 07:00:00,33.56,34.17,33.52,34.04,11749300
2025-08-20 07:00:00,34.07,35.68,33.69,34.72,15736000
2025-08-21 07:00:00,35.2,36.16,35.0,35.55,17837200
2025-08-22 07:00:00,35.34,36.65,34.24,34.93,24276800
2025-08-25 07:00:00,35.34,35.41,33.49,33.69,15712700
2025-08-26 07:00:00,33.32,35.14,33.28,35.14,9948500
2025-08-27 07:00:00,35.68,36.51,34.86,35.07,18567600
2025-08-28 07:00:00,35.14,35.55,34.59,35.41,8229700
2025-08-29 07:00:00,35.62,35.62,34.93,35.2,12260700
2025-09-03 07:00:00,35.07,35.14,34.59,34.72,10168900
2025-09-04 07:00:00,34.72,35.55,34.59,35.0,9019200
2025-09-05 07:00:00,35.14,35.41,34.52,34.52,11199800
2025-09-08 07:00:00,34.31,34.38,33.66,33.97,14767400
2025-09-09 07:00:00,33.97,34.17,33.52,34.04,7573900
2025-09-10 07:00:00,34.04,35.27,34.04,34.66,11991700
2025-09-11 07:00:00,34.45,34.72,33.52,34.72,6899500
2025-09-12 07:00:00,34.79,35.27,34.59,34.59,8089000
2025-09-15 07:00:00,34.72,35.41,34.28,35.41,12875800
2025-09-16 07:00:00,35.68,36.44,35.55,36.03,18522800
2025-09-17 07:00:00,36.03,36.03,35.27,35.27,7654000
2025-09-18 07:00:00,35.34,35.41,34.72,35.14,8197900
2025-09-19 07:00:00,35.07,35.27,34.52,35.14,8134800
2025-09-22 07:00:00,34.79,34.93,33.66,33.83,11674200
2025-09-23 07:00:00,33.97,34.31,33.9,34.31,4299500
2025-09-24 07:00:00,34.11,34.66,33.83,34.66,5150700
2025-09-25 07:00:00,34.66,34.86,34.38,34.52,4692600
2025-09-26 07:00:00,34.52,35.41,34.28,34.79,10287000
2025-09-29 07:00:00,34.79,35.14,34.59,35.0,4392900
2025-09-30 07:00:00,34.86,35.0,34.31,34.86,6496500
2025-10-01 07:00:00,35.0,35.62,34.59,35.34,7104100
2025-10-02 07:00:00,35.55,35.96,35.14,35.34,8398200
2025-10-03 07:00:00,35.2,35.27,34.52,34.86,7606900
2025-10-06 07:00:00,35.2,36.16,35.0,35.96,9569400
2025-10-07 07:00:00,36.23,36.23,35.41,35.41,6054100
2025-10-08 07:00:00,35.82,36.65,35.68,36.3,11976900
2025-10-09 07:00:00,36.3,37.74,36.1,37.74,21543800
2025-10-10 07:00:00,38.22,38.77,37.67,37.88,13398000
2025-10-13 07:00:00,37.54,38.64,37.47,38.43,10943600
2025-10-14 07:00:00,38.64,38.64,37.6,37.6,13689600
2025-10-15 07:00:00,37.67,38.15,37.39,37.88,8091900
2025-10-16 07:00:00,37.95,38.02,36.98,37.18,10973700
2025-10-17 07:00:00,37.12,37.46,36.08,36.08,17820200
2025-10-20 07:00:00,36.49,36.91,33.73,33.8,25108500
2025-10-21 07:00:00,33.87,34.84,33.8,34.52,13428900
2025-10-22 07:00:00,34.9,34.9,33.52,34.9,11664700
2025-10-23 07:00:00,34.56,34.84,34.28,34.35,8497000
2025-10-24 07:00:00,34.11,34.49,33.18,34.42,11649500
2025-10-27 07:00:00,34.42,34.46,33.59,33.59,5362100
2025-10-28 07:00:00,33.56,33.87,33.0,33.87,6253500
2025-10-29 07:00:00,34.01,34.77,33.9,34.32,6411600
2025-10-30 07:00:00,34.42,34.46,33.94,34.01,4840500
2025-10-31 07:00:00,34.46,34.9,33.87,33.87,8858400
2025-11-03 07:00:00,34.08,34.28,33.52,33.52,5620800
2025-11-04 07:00:00,33.35,34.56,33.07,34.52,7379300
2025-11-05 07:00:00,34.42,35.66,34.21,35.46,10623400
2025-11-06 07:00:00,35.39,35.39,34.63,35.32,7255500
2025-11-07 07:00:00,34.9,35.39,33.49,33.87,13056800
2025-11-10 07:00:00,33.66,33.87,32.94,33.18,7671700
2025-11-11 07:00:00,33.28,33.52,32.48,33.52,8811100
2025-11-12 07:00:00,33.52,34.21,33.25,34.01,6635000
2025-11-13 07:00:00,33.97,33.97,33.45,33.76,5628500
2025-11-14 07:00:00,33.52,33.59,33.21,33.56,6523600
2025-11-17 07:00:00,33.7,33.83,33.42,33.76,5014800
2025-11-18 07:00:00,33.8,34.25,33.76,34.14,5458400
2025-11-19 07:00:00,34.14,34.14,33.7,34.11,5019700
2025-11-20 07:00:00,34.08,34.08,33.63,33.94,4543200
2025-11-21 07:00:00,33.59,34.01,33.38,33.94,6520900
2025-11-24 07:00:00,33.94,34.01,33.7,33.73,3617800
2025-11-25 07:00:00,33.66,33.83,33.28,33.28,5568500
2025-11-26 07:00:00,33.38,33.8,33.11,33.8,7071200
2025-11-27 07:00:00,33.87,34.28,33.73,33.76,7632300
2025-11-28 07:00:00,33.63,33.87,33.32,33.87,4673400
2025-12-01 07:00:00,33.8,33.83,33.45,33.45,2739600
2025-12-02 07:00:00,33.83,34.01,33.45,33.9,8947700
2025-12-03 07:00:00,34.21,36.22,34.21,35.94,22667700
2025-12-04 07:00:00,36.08,36.36,35.73,35.94,7554000
2025-12-05 07:00:00,36.01,36.08,35.39,35.6,6459700
2025-12-08 07:00:00,35.53,35.53,34.97,35.32,6112900
2025-12-09 07:00:00,35.18,35.18,34.52,34.63,9538100
2025-12-10 07:00:00,34.84,35.11,34.63,34.9,3867500
2025-12-11 07:00:00,35.04,35.04,34.56,34.63,4553200
2025-12-12 07:00:00,34.77,34.97,34.21,34.21,8014400
2025-12-15 07:00:00,34.28,34.39,33.9,34.35,5440100
2025-12-16 07:00:00,34.56,35.25,33.9,35.25,15094400
2025-12-17 07:00:00,35.5,35.55,34.35,34.7,10665100
2025-12-18 07:00:00,34.7,34.75,33.95,34.35,5822900
2025-12-19 07:00:00,34.35,34.6,34.05,34.45,7234100
2025-12-22 07:00:00,34.5,35.25,34.3,35.15,11776100
2025-12-23 07:00:00,35.3,35.55,34.65,35.0,9893700
2025-12-24 07:00:00,35.0,35.3,34.7,35.3,9502300
2025-12-25 07:00:00,35.4,36.45,35.0,35.0,13969300
2025-12-26 07:00:00,34.9,35.25,34.25,35.2,10622300
2025-12-29 07:00:00,35.0,35.35,34.9,35.3,7192400
2025-12-30 07:00:00,35.35,35.95,35.2,35.65,8456300
2025-12-31 07:00:00,35.7,35.8,35.4,35.75,7920700
2026-01-05 07:00:00,35.8,36.1,34.55,35.5,10427300
2026-01-06 07:00:00,35.4,36.2,34.8,36.2,14857900
2026-01-07 07:00:00,36.4,37.5,36.35,37.45,22144400
2026-01-08 07:00:00,37.55,39.5,37.1,38.2,31939500
2026-01-09 07:00:00,39.0,40.85,38.7,40.75,38922900
2026-01-12 07:00:00,42.0,43.5,41.35,41.5,37246900
2026-01-13 07:00:00,41.5,42.35,40.0,41.3,32378300
2026-01-14 07:00:00,40.8,43.25,40.65,41.45,30568900
2026-01-15 07:00:00,40.5,41.0,39.6,40.0,28177000
2026-01-16 07:00:00,40.7,41.55,39.5,39.6,21678400
2026-01-19 07:00:00,39.65,40.35,39.55,40.0,13549500
2026-01-20 07:00:00,40.45,40.6,39.65,39.65,18904200
2026-01-21 07:00:00,39.55,40.55,39.0,40.2,20390200
2026-01-22 07:00:00,40.4,41.3,39.85,39.9,21656100
2026-01-23 07:00:00,40.0,40.05,38.85,39.0,17979800
2026-01-26 07:00:00,39.05,39.15,38.05,38.2,17221600
2026-01-27 07:00:00,38.2,38.65,38.1,38.25,12601700
2026-01-28 07:00:00,38.35,39.65,38.3,38.4,15308300
2026-01-29 07:00:00,38.5,38.9,38.1,38.3,10027200
2026-01-30 07:00:00,38.2,39.0,37.8,38.75,28474900
2026-02-02 07:00:00,38.8,39.8,38.7,39.35,23383000
2026-02-03 07:00:00,39.75,40.3,39.3,39.7,23670600
2026-02-04 07:00:00,39.9,39.9,39.15,39.6,18233300
2026-02-05 07:00:00,39.65,39.7,38.6,38.6,16072100
2026-02-06 07:00:00,38.2,38.35,37.4,37.4,24838700
2026-02-09 07:00:00,37.7,37.85,36.8,37.1,9918300
2026-02-10 07:00:00,37.5,37.6,36.65,37.1,12648100
2026-02-11 07:00:00,37.45,38.25,37.3,37.9,13723100
2026-02-12 07:00:00,38.3,38.3,37.75,38.0,8656700
2026-02-13 07:00:00,38.0,38.6,37.7,38.6,9259700
2026-02-23 07:00:00,38.95,39.0,38.55,38.7,8379600
2026-02-24 07:00:00,38.55,38.7,38.05,38.2,12133300
2026-02-25 07:00:00,38.35,39.1,38.2,38.5,10573600
2026-02-26 07:00:00,38.55,38.75,38.05,38.5,11489400
2026-02-27 07:00:00,38.45,38.45,38.05,38.25,8888400
2026-03-02 07:00:00,37.5,37.85,36.85,36.85,25730000
2026-03-03 07:00:00,36.8,37.3,35.9,35.9,21254700
2026-03-04 07:00:00,35.75,36.7,35.45,36.4,19451000
2026-03-05 07:00:00,37.0,37.1,36.2,36.2,8015700
2026-03-06 07:00:00,35.9,36.3,35.65,35.65,8532000
2026-03-09 07:00:00,33.2,33.5,33.2,33.2,17770800
2026-03-10 07:00:00,34.2,35.15,33.6,35.05,24975700
2026-03-11 07:00:00,35.0,35.6,34.7,35.1,12877000
2026-03-12 07:00:00,34.8,34.9,34.25,34.3,12913700
2026-03-13 07:00:00,34.3,34.5,33.95,34.0,8278900
2026-03-16 07:00:00,34.05,34.5,34.0,34.15,5159300
2026-03-17 07:00:00,34.45,34.8,34.4,34.4,7184200
2026-03-18 07:00:00,34.6,35.75,34.6,35.0,12546300
2026-03-19 07:00:00,34.5,34.8,34.3,34.65,7530900
2026-03-20 07:00:00,34.55,34.6,33.6,33.6,10708700
2026-03-23 07:00:00,33.2,33.2,32.0,32.5,13238000
2026-03-24 07:00:00,33.3,33.95,33.1,33.55,6410500
2026-03-25 07:00:00,33.75,34.1,33.7,34.05,6241100
2026-03-26 07:00:00,34.05,34.1,33.45,33.8,5738200
2026-03-27 07:00:00,33.7,35.0,33.6,34.8,12073500
2026-03-30 07:00:00,34.1,34.75,33.9,34.05,6061900
2026-03-31 07:00:00,34.4,34.65,34.1,34.6,7394400
2026-04-01 07:00:00,35.2,35.3,34.65,34.75,8257700
2026-04-02 07:00:00,34.45,34.55,34.1,34.3,6251200
2026-04-03 07:00:00,34.4,34.5,33.8,33.8,8626800
2026-04-06 07:00:00,33.75,34.05,33.55,33.7,6070500
2026-04-07 07:00:00,33.75,33.85,33.5,33.7,4955000
2026-04-08 07:00:00,34.8,35.5,34.3,35.5,13337900
2026-04-09 07:00:00,35.05,35.3,34.8,35.0,6309300
2026-04-10 07:00:00,35.25,35.8,35.0,35.0,8029500
2026-04-13 07:00:00,34.8,35.0,34.55,34.8,4304400
2026-04-14 07:00:00,35.1,35.15,34.8,34.9,5465100
2026-04-15 07:00:00,35.2,35.3,34.85,35.05,5586500
2026-04-16 07:00:00,35.15,35.15,34.5,34.6,5773800
2026-04-17 07:00:00,34.7,34.9,34.55,34.85,3775800
2026-04-20 07:00:00,34.95,35.3,34.9,35.1,6020100
2026-04-21 07:00:00,35.3,35.45,34.85,34.85,5807100
2026-04-22 07:00:00,34.9,35.1,34.8,34.9,3997500
2026-04-23 07:00:00,34.8,36.8,34.8,35.5,22296200
2026-04-24 07:00:00,35.6,35.7,35.0,35.0,4783100
2026-04-28 07:00:00,35.3,35.35,34.7,34.8,6945200
2026-04-29 07:00:00,35.0,35.1,34.75,34.95,6648700
