time,open,high,low,close,volume
2016-11-10 07:00:00,7.19,7.21,7.18,7.21,111550
2016-11-11 07:00:00,7.21,7.21,7.15,7.19,133220
2016-11-14 07:00:00,7.16,7.19,7.11,7.14,404960
2016-11-15 07:00:00,7.25,7.37,7.25,7.28,752260
2016-11-16 07:00:00,7.36,7.38,7.32,7.36,1270490
2016-11-17 07:00:00,7.37,7.37,7.32,7.32,973840
2016-11-18 07:00:00,7.33,7.34,7.27,7.27,444940
2016-11-21 07:00:00,7.36,7.36,7.27,7.28,537850
2016-11-22 07:00:00,7.32,7.32,7.28,7.29,332610
2016-11-23 07:00:00,7.32,7.33,7.2,7.2,1028320
2016-11-24 07:00:00,7.2,7.27,7.2,7.27,424140
2016-11-25 07:00:00,7.24,7.27,7.21,7.21,367850
2016-11-28 07:00:00,7.27,7.27,7.2,7.21,679060
2016-11-29 07:00:00,7.24,7.27,7.05,7.06,722320
2016-11-30 07:00:00,7.07,7.1,7.05,7.07,462100
2016-12-01 07:00:00,7.07,7.14,6.8,6.8,1125920
2016-12-02 07:00:00,6.8,6.85,6.57,6.63,1761040
2016-12-05 07:00:00,6.63,6.77,6.63,6.63,700490
2016-12-06 07:00:00,6.63,6.67,6.56,6.6,638900
2016-12-07 07:00:00,6.63,6.63,6.53,6.53,470120
2016-12-08 07:00:00,6.54,6.54,6.36,6.38,583980
2016-12-09 07:00:00,6.38,6.43,6.24,6.29,1079550
2016-12-12 07:00:00,6.29,6.33,6.26,6.32,661960
2016-12-13 07:00:00,6.32,6.32,6.21,6.22,720960
2016-12-14 07:00:00,6.22,6.32,6.22,6.29,669380
2016-12-15 07:00:00,6.32,6.49,6.29,6.4,559230
2016-12-16 07:00:00,6.43,6.47,6.4,6.42,1250850
2016-12-19 07:00:00,6.49,6.56,6.46,6.47,475910
2016-12-20 07:00:00,6.49,6.54,6.38,6.43,485430
2016-12-21 07:00:00,6.4,6.45,6.38,6.4,387510
2016-12-22 07:00:00,6.39,6.46,6.39,6.42,494070
2016-12-23 07:00:00,6.43,6.43,6.36,6.36,579940
2016-12-26 07:00:00,6.43,6.43,6.36,6.38,474830
2016-12-27 07:00:00,6.39,6.39,6.35,6.35,432810
2016-12-28 07:00:00,6.35,6.4,6.31,6.31,584940
2016-12-29 07:00:00,6.31,6.32,6.29,6.32,413280
2016-12-30 07:00:00,6.33,6.33,6.24,6.25,797200
2017-01-03 07:00:00,6.25,6.28,6.21,6.22,447100
2017-01-04 07:00:00,6.22,6.29,6.22,6.29,257180
2017-01-05 07:00:00,6.29,6.29,6.22,6.25,405010
2017-01-06 07:00:00,6.25,6.25,6.15,6.17,934680
2017-01-09 07:00:00,6.18,6.32,6.17,6.29,1041690
2017-01-10 07:00:00,6.32,6.52,6.32,6.45,766510
2017-01-11 07:00:00,6.43,6.43,6.35,6.4,399900
2017-01-12 07:00:00,6.43,6.81,6.42,6.81,2135570
2017-01-13 07:00:00,6.82,7.1,6.81,6.96,1219860
2017-01-16 07:00:00,6.96,7.09,6.82,6.82,714520
2017-01-17 07:00:00,6.71,6.82,6.66,6.67,909570
2017-01-18 07:00:00,6.6,6.81,6.6,6.68,323510
2017-01-19 07:00:00,6.66,6.71,6.6,6.6,752010
2017-01-20 07:00:00,6.6,6.71,6.6,6.6,643780
2017-01-23 07:00:00,6.66,6.66,6.57,6.6,306980
2017-01-24 07:00:00,6.6,6.7,6.6,6.68,434180
2017-01-25 07:00:00,6.68,6.8,6.68,6.75,338670
2017-02-02 07:00:00,6.81,6.84,6.74,6.74,411050
2017-02-03 07:00:00,6.77,6.88,6.74,6.74,1443880
2017-02-06 07:00:00,6.81,6.89,6.81,6.88,921100
2017-02-07 07:00:00,6.85,6.87,6.78,6.8,1144780
2017-02-08 07:00:00,6.85,7.05,6.84,6.99,1305360
2017-02-09 07:00:00,7.05,7.27,7.05,7.2,1489460
2017-02-10 07:00:00,7.2,7.27,7.14,7.17,817740
2017-02-13 07:00:00,7.17,7.24,7.16,7.19,1289320
2017-02-14 07:00:00,7.21,7.21,7.1,7.14,1092110
2017-02-15 07:00:00,7.13,7.14,7.09,7.09,458660
2017-02-16 07:00:00,7.09,7.17,6.98,6.98,829380
2017-02-17 07:00:00,6.95,6.95,6.7,6.82,1854990
2017-02-20 07:00:00,6.82,6.88,6.74,6.84,928140
2017-02-21 07:00:00,6.85,6.87,6.8,6.8,867700
2017-02-22 07:00:00,6.75,6.8,6.73,6.74,1215940
2017-02-23 07:00:00,6.74,6.91,6.74,6.87,851550
2017-02-24 07:00:00,6.85,6.85,6.8,6.81,418810
2017-02-27 07:00:00,6.8,6.92,6.77,6.89,742880
2017-02-28 07:00:00,6.88,6.91,6.82,6.82,341870
2017-03-01 07:00:00,6.92,7.17,6.87,6.99,2050450
2017-03-02 07:00:00,6.96,6.98,6.88,6.89,754240
2017-03-03 07:00:00,6.85,7.02,6.84,7.02,1592710
2017-03-06 07:00:00,7.02,7.12,6.96,7.02,1570940
2017-03-07 07:00:00,6.99,7.05,6.94,6.94,1046890
2017-03-08 07:00:00,6.94,6.98,6.88,6.94,1093970
2017-03-09 07:00:00,6.95,6.95,6.91,6.95,1024350
2017-03-10 07:00:00,6.94,6.94,6.82,6.82,1020330
2017-03-13 07:00:00,6.8,6.81,6.75,6.8,752930
2017-03-14 07:00:00,6.8,6.87,6.8,6.82,540900
2017-03-15 07:00:00,6.85,6.85,6.77,6.77,494990
2017-03-16 07:00:00,6.77,6.82,6.74,6.82,1087600
2017-03-17 07:00:00,6.82,6.85,6.75,6.75,3121320
2017-03-20 07:00:00,6.78,6.84,6.75,6.81,957740
2017-03-21 07:00:00,6.81,6.85,6.81,6.82,669200
2017-03-22 07:00:00,6.82,6.82,6.75,6.75,864670
2017-03-23 07:00:00,6.75,6.85,6.75,6.75,891570
2017-03-24 07:00:00,6.77,6.8,6.73,6.74,775910
2017-03-27 07:00:00,6.74,6.78,6.71,6.78,710680
2017-03-28 07:00:00,6.8,6.8,6.75,6.77,516760
2017-03-29 07:00:00,6.78,6.8,6.73,6.75,604130
2017-03-30 07:00:00,6.73,6.75,6.66,6.66,878580
2017-03-31 07:00:00,6.66,6.78,6.63,6.78,780560
2017-04-03 07:00:00,6.71,6.75,6.68,6.7,820510
2017-04-04 07:00:00,6.71,6.73,6.68,6.7,768180
2017-04-05 07:00:00,6.68,6.7,6.57,6.57,1181640
2017-04-07 07:00:00,6.57,6.66,6.56,6.64,330000
2017-04-10 07:00:00,6.64,6.66,6.6,6.6,267100
2017-04-11 07:00:00,6.59,6.6,6.56,6.56,457040
2017-04-12 07:00:00,6.57,6.57,6.49,6.49,752000
2017-04-13 07:00:00,6.46,6.46,6.39,6.39,938770
2017-04-14 07:00:00,6.39,6.39,6.32,6.33,607340
2017-04-17 07:00:00,6.33,6.4,6.33,6.38,318820
2017-04-18 07:00:00,6.38,6.46,6.26,6.46,1102060
2017-04-19 07:00:00,6.46,6.91,6.46,6.91,2747340
2017-04-20 07:00:00,6.96,6.99,6.71,6.71,1322730
2017-04-21 07:00:00,6.66,6.7,6.56,6.57,632280
2017-04-24 07:00:00,6.49,6.52,6.38,6.38,1101510
2017-04-25 07:00:00,6.33,6.56,6.33,6.43,549050
2017-04-26 07:00:00,6.49,6.71,6.45,6.66,1013700
2017-04-27 07:00:00,6.59,6.78,6.59,6.6,1518660
2017-04-28 07:00:00,6.56,6.61,6.52,6.57,662880
2017-05-03 07:00:00,6.57,6.66,6.54,6.59,824400
2017-05-04 07:00:00,6.6,6.6,6.46,6.52,1236770
2017-05-05 07:00:00,6.47,6.54,6.46,6.5,398050
2017-05-08 07:00:00,6.5,6.67,6.5,6.63,685290
2017-05-09 07:00:00,6.6,6.66,6.59,6.59,505960
2017-05-10 07:00:00,6.57,6.7,6.57,6.64,943350
2017-05-11 07:00:00,6.66,6.77,6.66,6.74,1419380
2017-05-12 07:00:00,6.75,6.75,6.67,6.71,709090
2017-05-15 07:00:00,6.74,6.74,6.61,6.66,822400
2017-05-16 07:00:00,6.68,6.75,6.63,6.66,724140
2017-05-17 07:00:00,6.78,6.8,6.66,6.67,533500
2017-05-18 07:00:00,6.68,6.71,6.63,6.63,699210
2017-05-19 07:00:00,6.85,6.86,6.67,6.72,1267540
2017-05-22 07:00:00,6.72,6.72,6.63,6.63,1284440
2017-05-23 07:00:00,6.61,6.66,6.6,6.6,431180
2017-05-24 07:00:00,6.6,6.6,6.5,6.57,1281360
2017-05-25 07:00:00,6.57,6.57,6.53,6.54,671400
2017-05-26 07:00:00,6.54,6.6,6.53,6.55,509260
2017-05-29 07:00:00,6.57,6.64,6.55,6.58,705140
2017-05-30 07:00:00,6.6,6.6,6.55,6.55,723000
2017-05-31 07:00:00,6.55,6.73,6.54,6.72,1844650
2017-06-01 07:00:00,6.72,6.83,6.66,6.67,776860
2017-06-02 07:00:00,6.66,6.67,6.58,6.58,622720
2017-06-05 07:00:00,6.64,6.64,6.58,6.58,612820
2017-06-06 07:00:00,6.58,6.6,6.57,6.57,717610
2017-06-07 07:00:00,6.63,6.64,6.57,6.57,753600
2017-06-08 07:00:00,6.58,6.7,6.57,6.63,999640
2017-06-09 07:00:00,6.64,6.64,6.58,6.6,562000
2017-06-12 07:00:00,6.57,6.61,6.57,6.6,1132440
2017-06-13 07:00:00,6.6,6.76,6.6,6.74,3010770
2017-06-14 07:00:00,6.74,6.8,6.69,6.74,843080
2017-06-15 07:00:00,6.74,6.74,6.64,6.7,973650
2017-06-16 07:00:00,6.67,6.67,6.6,6.6,1790280
2017-06-19 07:00:00,6.64,6.66,6.6,6.63,940390
2017-06-20 07:00:00,6.64,6.66,6.61,6.63,626120
2017-06-21 07:00:00,6.64,6.64,6.55,6.57,1101290
2017-06-22 07:00:00,6.58,6.63,6.58,6.63,716720
2017-06-23 07:00:00,6.67,6.74,6.67,6.7,1105100
2017-06-26 07:00:00,6.7,6.7,6.66,6.67,573150
2017-06-27 07:00:00,6.67,6.82,6.67,6.73,2769080
2017-06-28 07:00:00,6.73,6.74,6.69,6.7,773470
2017-06-29 07:00:00,6.69,6.76,6.69,6.74,1072690
2017-06-30 07:00:00,6.74,6.98,6.74,6.86,3931200
2017-07-03 07:00:00,6.92,6.95,6.86,6.93,1154780
2017-07-04 07:00:00,6.93,6.95,6.74,6.89,953270
2017-07-05 07:00:00,6.83,6.9,6.83,6.89,994620
2017-07-06 07:00:00,6.9,6.96,6.9,6.95,1423830
2017-07-07 07:00:00,6.95,7.02,6.82,6.83,1598450
2017-07-10 07:00:00,6.83,6.89,6.76,6.8,801260
2017-07-11 07:00:00,6.8,6.88,6.79,6.88,1099220
2017-07-12 07:00:00,6.89,7.08,6.85,7.05,2897710
2017-07-13 07:00:00,7.14,7.14,7.04,7.04,911440
2017-07-14 07:00:00,7.04,7.07,6.98,7.01,1148340
2017-07-17 07:00:00,7.01,7.01,6.79,6.9,1876250
2017-07-18 07:00:00,6.83,6.92,6.77,6.83,1617990
2017-07-19 07:00:00,6.83,6.86,6.77,6.77,607690
2017-07-20 07:00:00,6.76,6.76,6.7,6.74,659990
2017-07-21 07:00:00,6.74,6.79,6.69,6.69,664550
2017-07-24 07:00:00,6.69,6.74,6.67,6.74,473810
2017-07-25 07:00:00,6.72,6.77,6.69,6.76,536380
2017-07-26 07:00:00,6.77,6.83,6.74,6.82,843150
2017-07-27 07:00:00,6.83,6.83,6.77,6.77,756810
2017-07-28 07:00:00,6.74,6.77,6.72,6.77,432220
2017-07-31 07:00:00,6.77,6.8,6.72,6.74,845730
2017-08-01 07:00:00,6.77,6.86,6.77,6.86,1083350
2017-08-02 07:00:00,6.83,6.85,6.76,6.77,822810
2017-08-03 07:00:00,6.77,6.8,6.72,6.77,335370
2017-08-04 07:00:00,6.79,6.79,6.74,6.76,282350
2017-08-07 07:00:00,6.95,6.98,6.85,6.86,884810
2017-08-08 07:00:00,6.86,6.86,6.76,6.77,798560
2017-08-09 07:00:00,6.76,6.8,6.7,6.72,829530
2017-08-10 07:00:00,6.72,6.76,6.7,6.74,358810
2017-08-11 07:00:00,6.74,6.74,6.69,6.7,560350
2017-08-14 07:00:00,6.69,6.72,6.69,6.72,375290
2017-08-15 07:00:00,6.74,6.76,6.72,6.76,845470
2017-08-16 07:00:00,6.82,6.93,6.82,6.86,2483210
2017-08-17 07:00:00,6.86,6.92,6.83,6.83,491670
2017-08-18 07:00:00,6.83,6.86,6.82,6.83,566530
2017-08-21 07:00:00,6.83,6.88,6.82,6.83,902750
2017-08-22 07:00:00,6.83,6.85,6.76,6.8,277540
2017-08-23 07:00:00,6.8,6.8,6.73,6.77,676540
2017-08-24 07:00:00,6.77,6.82,6.74,6.79,263550
2017-08-25 07:00:00,6.79,6.8,6.77,6.79,462480
2017-08-28 07:00:00,6.8,6.8,6.74,6.76,487780
2017-08-29 07:00:00,6.76,6.77,6.72,6.72,722090
2017-08-30 07:00:00,6.77,6.77,6.73,6.73,440190
2017-08-31 07:00:00,6.74,6.83,6.73,6.83,800840
2017-09-01 07:00:00,6.83,6.85,6.79,6.82,659450
2017-09-05 07:00:00,6.82,6.83,6.74,6.82,387670
2017-09-06 07:00:00,6.77,6.82,6.77,6.8,352230
2017-09-07 07:00:00,6.8,6.83,6.76,6.76,887350
2017-09-08 07:00:00,6.74,6.76,6.72,6.74,966890
2017-09-11 07:00:00,6.77,6.77,6.7,6.72,326160
2017-09-12 07:00:00,6.69,6.73,6.63,6.64,797510
2017-09-13 07:00:00,6.64,6.69,6.6,6.61,897920
2017-09-14 07:00:00,6.61,6.8,6.6,6.72,1782710
2017-09-15 07:00:00,6.72,6.72,6.64,6.64,428670
2017-09-18 07:00:00,6.63,6.69,6.63,6.67,277720
2017-09-19 07:00:00,6.67,6.67,6.63,6.64,519700
2017-09-20 07:00:00,6.7,6.74,6.66,6.74,570510
2017-09-21 07:00:00,6.74,6.74,6.69,6.69,258860
2017-09-22 07:00:00,6.74,6.74,6.64,6.69,342270
2017-09-25 07:00:00,6.69,6.72,6.63,6.64,328020
2017-09-26 07:00:00,6.66,6.66,6.61,6.61,969800
2017-09-27 07:00:00,6.64,6.64,6.61,6.63,728070
2017-09-28 07:00:00,6.63,6.72,6.63,6.69,455180
2017-09-29 07:00:00,6.69,6.69,6.61,6.64,223520
2017-10-02 07:00:00,6.67,6.72,6.64,6.67,331920
2017-10-03 07:00:00,6.69,6.7,6.66,6.67,325100
2017-10-04 07:00:00,6.67,6.67,6.64,6.66,233630
2017-10-05 07:00:00,6.66,6.66,6.63,6.64,317130
2017-10-06 07:00:00,6.64,6.64,6.61,6.63,358460
2017-10-09 07:00:00,6.64,6.66,6.6,6.66,419570
2017-10-10 07:00:00,6.66,6.66,6.61,6.63,267550
2017-10-11 07:00:00,6.63,6.63,6.61,6.63,643020
2017-10-12 07:00:00,6.63,6.63,6.6,6.6,288190
2017-10-13 07:00:00,6.6,6.6,6.57,6.57,586280
2017-10-16 07:00:00,6.57,6.57,6.54,6.54,380720
2017-10-17 07:00:00,6.54,6.54,6.48,6.51,575300
2017-10-18 07:00:00,6.45,6.51,6.42,6.42,526710
2017-10-19 07:00:00,6.42,6.48,6.42,6.44,265690
2017-10-20 07:00:00,6.45,6.45,6.39,6.44,350140
2017-10-23 07:00:00,6.42,6.42,6.38,6.41,264400
2017-10-24 07:00:00,6.39,6.39,6.34,6.36,596120
2017-10-25 07:00:00,6.35,6.36,6.28,6.32,621540
2017-10-26 07:00:00,6.32,6.32,6.19,6.22,461520
2017-10-27 07:00:00,6.22,6.26,6.2,6.26,266330
2017-10-30 07:00:00,6.25,6.28,6.23,6.23,437210
2017-10-31 07:00:00,6.22,6.26,6.2,6.22,502230
2017-11-01 07:00:00,6.22,6.22,6.1,6.1,311940
2017-11-02 07:00:00,6.1,6.16,6.09,6.1,233420
2017-11-03 07:00:00,6.09,6.1,6.01,6.01,584270
2017-11-06 07:00:00,6.01,6.1,5.91,5.91,394440
2017-11-07 07:00:00,5.96,5.96,5.88,5.88,644870
2017-11-08 07:00:00,5.9,6.07,5.9,5.96,677760
2017-11-09 07:00:00,5.99,6.06,5.96,6.01,461900
2017-11-10 07:00:00,6.01,6.03,5.97,6.03,254250
2017-11-13 07:00:00,6.03,6.1,6.01,6.07,582130
2017-11-14 07:00:00,6.07,6.09,5.97,5.99,313910
2017-11-15 07:00:00,5.96,6.03,5.96,6.01,308380
2017-11-16 07:00:00,6.01,6.2,5.97,6.2,646690
2017-11-17 07:00:00,6.2,6.28,6.07,6.13,457360
2017-11-20 07:00:00,6.16,6.19,6.1,6.15,239530
2017-11-21 07:00:00,6.12,6.13,6.0,6.07,379780
2017-11-22 07:00:00,6.07,6.19,6.04,6.19,356320
2017-11-23 07:00:00,6.13,6.28,6.13,6.17,558300
2017-11-24 07:00:00,6.16,6.16,6.07,6.13,595220
2017-11-27 07:00:00,6.12,6.17,6.07,6.17,361570
2017-11-28 07:00:00,6.19,6.19,6.06,6.12,419160
2017-11-29 07:00:00,6.13,6.36,6.1,6.19,940320
2017-11-30 07:00:00,6.28,6.32,6.25,6.28,485630
2017-12-01 07:00:00,6.28,6.34,6.23,6.31,300910
2017-12-04 07:00:00,6.31,6.38,6.25,6.31,453480
2017-12-05 07:00:00,6.34,6.36,6.28,6.31,496360
2017-12-06 07:00:00,6.32,6.32,6.17,6.23,406870
2017-12-07 07:00:00,6.23,6.25,6.13,6.16,302990
2017-12-08 07:00:00,6.16,6.23,6.16,6.22,265320
2017-12-11 07:00:00,6.22,6.22,6.13,6.16,318170
2017-12-12 07:00:00,6.19,6.2,6.07,6.13,327000
2017-12-13 07:00:00,6.16,6.25,6.13,6.22,865280
2017-12-14 07:00:00,6.22,6.26,6.2,6.22,295190
2017-12-15 07:00:00,6.29,6.42,6.25,6.26,3920520
2017-12-18 07:00:00,6.39,6.48,6.34,6.42,822850
2017-12-19 07:00:00,6.48,6.61,6.44,6.57,1257610
2017-12-20 07:00:00,6.54,6.55,6.42,6.44,1451560
2017-12-21 07:00:00,6.56,6.56,6.41,6.47,1181160
2017-12-22 07:00:00,6.56,6.64,6.41,6.42,728520
2017-12-25 07:00:00,6.38,6.38,6.21,6.25,794400
2017-12-26 07:00:00,6.25,6.36,6.19,6.24,695200
2017-12-27 07:00:00,6.25,6.36,6.24,6.29,423340
2017-12-28 07:00:00,6.32,6.48,6.32,6.47,915120
2017-12-29 07:00:00,6.47,6.64,6.44,6.56,1605410
2018-01-02 07:00:00,6.56,6.61,6.5,6.61,610980
2018-01-03 07:00:00,6.59,6.77,6.59,6.77,1381300
2018-01-04 07:00:00,6.83,6.83,6.7,6.79,890430
2018-01-05 07:00:00,6.8,6.8,6.65,6.65,864980
2018-01-08 07:00:00,6.68,6.68,6.59,6.64,723200
2018-01-09 07:00:00,6.58,6.77,6.58,6.68,932250
2018-01-10 07:00:00,6.68,6.83,6.68,6.8,1034910
2018-01-11 07:00:00,6.8,6.8,6.7,6.74,834970
2018-01-12 07:00:00,6.64,6.74,6.64,6.64,955630
2018-01-15 07:00:00,6.65,6.77,6.65,6.77,1215700
2018-01-16 07:00:00,7.05,7.09,6.83,7.05,2839600
2018-01-17 07:00:00,6.93,7.08,6.93,6.93,1101730
2018-01-18 07:00:00,6.93,7.05,6.82,7.05,1362280
2018-01-19 07:00:00,7.02,7.12,6.91,6.99,1590490
2018-01-22 07:00:00,6.99,7.48,6.91,7.05,1357250
2018-01-25 07:00:00,7.05,7.48,7.05,7.48,4522270
2018-01-26 07:00:00,7.54,7.9,7.38,7.81,3278230
2018-01-29 07:00:00,7.81,8.12,7.81,7.93,2095370
2018-01-30 07:00:00,7.7,7.98,7.63,7.96,3080120
2018-01-31 07:00:00,7.84,7.9,7.41,7.44,2985590
2018-02-01 07:00:00,7.26,7.41,7.02,7.31,1828260
2018-02-02 07:00:00,7.31,7.6,7.11,7.6,988890
2018-02-05 07:00:00,7.57,7.57,7.08,7.14,1305140
2018-02-06 07:00:00,6.71,7.23,6.65,7.14,2095200
2018-02-07 07:00:00,7.17,7.34,7.12,7.17,1069990
2018-02-08 07:00:00,7.15,7.15,6.85,6.86,446110
2018-02-09 07:00:00,6.41,6.77,6.41,6.62,1165030
2018-02-12 07:00:00,6.74,6.74,6.48,6.7,1040250
2018-02-13 07:00:00,6.76,6.76,6.61,6.62,703930
2018-02-21 07:00:00,6.71,7.02,6.65,7.02,931250
2018-02-22 07:00:00,7.02,7.31,7.02,7.26,2009820
2018-02-23 07:00:00,7.32,7.38,7.14,7.28,803040
2018-02-26 07:00:00,7.29,7.4,7.2,7.2,1253330
2018-02-27 07:00:00,7.2,7.32,7.15,7.29,684320
2018-02-28 07:00:00,7.26,7.32,7.15,7.17,1101100
2018-03-01 07:00:00,7.09,7.19,6.88,6.88,1016680
2018-03-02 07:00:00,6.77,6.93,6.65,6.9,1668240
2018-03-05 07:00:00,6.9,6.96,6.77,6.77,508910
2018-03-06 07:00:00,6.77,7.17,6.68,6.96,988260
2018-03-07 07:00:00,7.02,7.15,6.93,6.96,967980
2018-03-08 07:00:00,6.96,7.15,6.96,7.09,947800
2018-03-09 07:00:00,7.15,7.15,6.91,6.96,732340
2018-03-12 07:00:00,6.96,7.02,6.85,6.86,487000
2018-03-13 07:00:00,6.86,6.88,6.8,6.88,520840
2018-03-14 07:00:00,6.88,7.19,6.86,7.15,1374920
2018-03-15 07:00:00,7.15,7.15,7.02,7.06,649730
2018-03-16 07:00:00,7.06,7.23,6.97,7.08,1017740
2018-03-19 07:00:00,7.14,7.14,6.96,6.96,982740
2018-03-20 07:00:00,6.96,6.99,6.85,6.86,733370
2018-03-21 07:00:00,6.9,6.99,6.82,6.96,659150
2018-03-22 07:00:00,6.99,7.05,6.96,6.97,554870
2018-03-23 07:00:00,6.86,6.97,6.82,6.97,699710
2018-03-26 07:00:00,6.96,6.96,6.83,6.83,359470
2018-03-27 07:00:00,6.83,6.96,6.73,6.74,893100
2018-03-28 07:00:00,6.74,6.8,6.71,6.71,247390
2018-03-29 07:00:00,6.8,6.8,6.58,6.7,1048030
2018-03-30 07:00:00,6.7,6.71,6.62,6.71,243630
2018-04-02 07:00:00,6.74,6.8,6.64,6.64,803710
2018-04-03 07:00:00,6.62,6.64,6.5,6.51,1322130
2018-04-04 07:00:00,6.56,6.58,6.48,6.5,473830
2018-04-05 07:00:00,6.48,6.53,6.48,6.5,415520
2018-04-06 07:00:00,6.53,6.53,6.47,6.48,505550
2018-04-09 07:00:00,6.48,6.51,6.48,6.5,557760
2018-04-10 07:00:00,6.5,6.71,6.5,6.62,1321190
2018-04-11 07:00:00,6.62,6.62,6.48,6.5,569600
2018-04-12 07:00:00,6.5,6.58,6.5,6.53,292830
2018-04-13 07:00:00,6.53,6.53,6.35,6.38,1007390
2018-04-16 07:00:00,6.38,6.42,6.32,6.32,515740
2018-04-17 07:00:00,6.32,6.35,6.24,6.25,538280
2018-04-18 07:00:00,6.25,6.35,6.15,6.15,445210
2018-04-19 07:00:00,6.19,6.22,6.09,6.09,891290
2018-04-20 07:00:00,6.07,6.19,6.07,6.13,335430
2018-04-23 07:00:00,6.13,6.16,5.8,5.8,600860
2018-04-24 07:00:00,5.74,6.0,5.74,5.84,373410
2018-04-26 07:00:00,5.86,5.93,5.78,5.83,748970
2018-04-27 07:00:00,5.83,5.84,5.75,5.83,782950
2018-05-02 07:00:00,5.86,5.86,5.67,5.67,905520
2018-05-03 07:00:00,5.64,5.66,5.49,5.54,1021150
2018-05-04 07:00:00,5.54,5.61,5.54,5.58,988760
2018-05-07 07:00:00,5.61,5.64,5.58,5.64,283730
2018-05-08 07:00:00,5.64,5.64,5.61,5.64,521020
2018-05-09 07:00:00,5.64,5.75,5.6,5.71,438000
2018-05-10 07:00:00,5.74,5.92,5.67,5.83,1028590
2018-05-11 07:00:00,5.77,5.89,5.71,5.86,408580
2018-05-14 07:00:00,5.83,5.92,5.78,5.92,517520
2018-05-15 07:00:00,5.93,6.15,5.86,6.07,1173780
2018-05-16 07:00:00,6.07,6.07,5.89,5.89,502980
2018-05-17 07:00:00,5.89,5.98,5.87,5.89,634490
2018-05-18 07:00:00,5.87,5.95,5.77,5.8,711320
2018-05-21 07:00:00,5.89,5.92,5.77,5.77,427900
2018-05-22 07:00:00,5.61,5.83,5.49,5.67,369290
2018-05-23 07:00:00,5.71,5.72,5.52,5.6,660550
2018-05-24 07:00:00,5.67,5.67,5.23,5.34,1720290
2018-05-25 07:00:00,5.28,5.39,5.14,5.22,671720
2018-05-28 07:00:00,5.34,5.34,4.91,5.03,613080
2018-05-29 07:00:00,5.0,5.16,4.99,5.03,1238480
2018-05-30 07:00:00,5.03,5.08,4.99,5.03,1753870
2018-05-31 07:00:00,5.03,5.08,5.02,5.06,1755480
2018-06-01 07:00:00,5.16,5.25,5.08,5.16,939660
2018-06-04 07:00:00,5.19,5.4,5.19,5.37,1565320
2018-06-05 07:00:00,5.39,5.54,5.37,5.52,1331040
2018-06-06 07:00:00,5.52,5.52,5.43,5.48,1076390
2018-06-07 07:00:00,5.55,5.83,5.55,5.8,1295600
2018-06-08 07:00:00,5.8,5.89,5.71,5.81,1149950
2018-06-11 07:00:00,5.8,5.84,5.64,5.81,715080
2018-06-12 07:00:00,5.75,5.75,5.48,5.63,1255740
2018-06-13 07:00:00,5.58,5.67,5.55,5.63,370620
2018-06-14 07:00:00,5.68,5.74,5.65,5.68,363520
2018-06-15 07:00:00,5.66,5.68,5.56,5.56,734040
2018-06-18 07:00:00,5.56,5.63,5.45,5.45,424250
2018-06-19 07:00:00,5.34,5.44,5.27,5.31,624180
2018-06-20 07:00:00,5.36,5.44,5.32,5.44,419770
2018-06-21 07:00:00,5.48,5.48,5.36,5.39,503300
2018-06-22 07:00:00,5.39,5.5,5.36,5.45,1274320
2018-06-25 07:00:00,5.81,5.81,5.55,5.69,751270
2018-06-26 07:00:00,5.65,5.69,5.53,5.58,437090
2018-06-27 07:00:00,5.58,5.66,5.56,5.58,630240
2018-06-28 07:00:00,5.58,5.65,5.52,5.52,1232990
2018-06-29 07:00:00,5.48,5.58,5.47,5.55,291300
2018-07-02 07:00:00,5.52,5.52,5.39,5.42,723800
2018-07-03 07:00:00,5.42,5.47,5.36,5.36,826640
2018-07-04 07:00:00,5.36,5.37,5.29,5.36,576470
2018-07-05 07:00:00,5.42,5.42,5.32,5.34,505420
2018-07-06 07:00:00,5.34,5.37,5.27,5.36,532580
2018-07-09 07:00:00,5.39,5.44,5.36,5.42,246710
2018-07-10 07:00:00,5.42,5.61,5.42,5.6,547550
2018-07-11 07:00:00,5.58,5.58,5.37,5.37,1211530
2018-07-12 07:00:00,5.36,5.53,5.36,5.39,868670
2018-07-13 07:00:00,5.39,5.5,5.39,5.5,421010
2018-07-16 07:00:00,5.52,5.56,5.5,5.53,474690
2018-07-17 07:00:00,5.55,5.56,5.48,5.56,359130
2018-07-18 07:00:00,5.6,5.74,5.55,5.71,862190
2018-07-19 07:00:00,5.74,5.77,5.66,5.68,716790
2018-07-20 07:00:00,5.65,5.68,5.6,5.61,815750
2018-07-23 07:00:00,5.69,5.76,5.6,5.74,536810
2018-07-24 07:00:00,5.74,5.77,5.68,5.74,404140
2018-07-25 07:00:00,5.71,6.03,5.71,5.84,2981650
2018-07-26 07:00:00,5.9,5.92,5.65,5.79,1283220
2018-07-27 07:00:00,5.79,5.82,5.71,5.74,208890
2018-07-30 07:00:00,5.86,5.86,5.74,5.84,471720
2018-07-31 07:00:00,5.84,6.02,5.84,5.95,982400
2018-08-01 07:00:00,5.95,5.97,5.87,5.87,547100
2018-08-02 07:00:00,5.84,5.89,5.77,5.86,335660
2018-08-03 07:00:00,5.87,5.87,5.79,5.82,399260
2018-08-06 07:00:00,5.82,6.0,5.82,5.95,948410
2018-08-07 07:00:00,5.94,5.94,5.86,5.9,96350
2018-08-08 07:00:00,5.86,5.94,5.86,5.9,398450
2018-08-09 07:00:00,5.9,5.9,5.84,5.84,476270
2018-08-10 07:00:00,5.84,5.87,5.68,5.74,507800
2018-08-13 07:00:00,5.74,5.81,5.66,5.68,548380
2018-08-14 07:00:00,5.68,5.86,5.65,5.86,597880
2018-08-15 07:00:00,5.87,5.87,5.74,5.76,219520
2018-08-16 07:00:00,5.76,5.84,5.71,5.84,398220
2018-08-17 07:00:00,5.84,5.86,5.74,5.77,331290
2018-08-20 07:00:00,5.77,5.81,5.74,5.77,281090
2018-08-21 07:00:00,5.74,5.81,5.73,5.74,288430
2018-08-22 07:00:00,5.74,5.82,5.74,5.74,528560
2018-08-23 07:00:00,5.74,5.77,5.73,5.74,311010
2018-08-24 07:00:00,5.73,5.74,5.71,5.73,156780
2018-08-27 07:00:00,5.74,5.74,5.65,5.65,941300
2018-08-28 07:00:00,5.65,5.69,5.63,5.65,585070
2018-08-29 07:00:00,5.6,5.61,5.53,5.53,531690
2018-08-30 07:00:00,5.61,5.61,5.48,5.52,597100
2018-08-31 07:00:00,5.52,5.66,5.52,5.66,373960
2018-09-04 07:00:00,5.71,5.76,5.68,5.71,354520
2018-09-05 07:00:00,5.68,5.69,5.58,5.61,208810
2018-09-06 07:00:00,5.61,5.61,5.52,5.52,212610
2018-09-07 07:00:00,5.52,5.65,5.52,5.65,272120
2018-09-10 07:00:00,5.6,5.65,5.56,5.65,63430
2018-09-11 07:00:00,5.55,5.65,5.55,5.61,151130
2018-09-12 07:00:00,5.61,5.68,5.58,5.63,412060
2018-09-13 07:00:00,5.61,5.66,5.6,5.6,57430
2018-09-14 07:00:00,5.66,5.66,5.6,5.6,145410
2018-09-17 07:00:00,5.6,5.66,5.55,5.65,235800
2018-09-18 07:00:00,5.65,5.66,5.61,5.61,258280
2018-09-19 07:00:00,5.65,5.71,5.63,5.66,363460
2018-09-20 07:00:00,5.69,5.84,5.68,5.84,738570
2018-09-21 07:00:00,5.86,5.86,5.77,5.79,690960
2018-09-24 07:00:00,5.84,5.92,5.79,5.9,729170
2018-09-25 07:00:00,5.92,6.0,5.87,5.97,682230
2018-09-26 07:00:00,5.97,6.37,5.94,6.29,2083370
2018-09-27 07:00:00,6.23,6.5,6.19,6.31,708530
2018-09-28 07:00:00,6.19,6.32,6.19,6.26,580530
2018-10-01 07:00:00,6.29,6.5,6.27,6.39,1669050
2018-10-02 07:00:00,6.34,6.44,6.26,6.29,654850
2018-10-03 07:00:00,6.29,6.29,6.16,6.19,681970
2018-10-04 07:00:00,6.29,6.29,6.16,6.23,566490
2018-10-05 07:00:00,6.15,6.21,6.11,6.11,823130
2018-10-08 07:00:00,6.06,6.06,5.9,6.0,1655660
2018-10-09 07:00:00,5.94,6.06,5.94,5.97,188780
2018-10-10 07:00:00,5.97,6.0,5.9,5.94,427860
2018-10-11 07:00:00,5.81,5.81,5.65,5.69,1366020
2018-10-12 07:00:00,5.66,5.9,5.65,5.81,774880
2018-10-15 07:00:00,5.82,5.82,5.6,5.65,364820
2018-10-16 07:00:00,5.77,5.9,5.68,5.81,261500
2018-10-17 07:00:00,5.92,5.92,5.81,5.84,325250
2018-10-18 07:00:00,5.84,5.87,5.81,5.81,266960
2018-10-19 07:00:00,5.81,5.97,5.74,5.81,701200
2018-10-22 07:00:00,5.81,5.87,5.79,5.81,302600
2018-10-23 07:00:00,5.84,5.84,5.71,5.77,385500
2018-10-24 07:00:00,5.77,5.81,5.63,5.69,481790
2018-10-25 07:00:00,5.55,5.71,5.52,5.65,334680
2018-10-26 07:00:00,5.74,5.84,5.68,5.81,388550
2018-10-29 07:00:00,5.81,5.84,5.76,5.81,1079660
2018-10-30 07:00:00,5.76,5.94,5.73,5.87,560860
2018-10-31 07:00:00,5.9,6.08,5.9,6.06,543980
2018-11-01 07:00:00,6.06,6.06,5.97,5.97,224520
2018-11-02 07:00:00,5.97,6.11,5.95,6.06,318810
2018-11-05 07:00:00,6.0,6.06,5.9,6.06,715770
2018-11-06 07:00:00,6.0,6.11,6.0,6.03,238070
2018-11-07 07:00:00,5.97,6.06,5.97,6.06,242960
2018-11-08 07:00:00,6.1,6.11,6.0,6.05,204590
2018-11-09 07:00:00,5.97,6.05,5.95,5.95,310090
2018-11-12 07:00:00,5.94,5.97,5.9,5.95,264200
2018-11-13 07:00:00,5.94,6.03,5.89,6.03,364210
2018-11-14 07:00:00,6.11,6.23,6.06,6.06,688160
2018-11-15 07:00:00,6.13,6.19,6.08,6.16,553790
2018-11-16 07:00:00,6.13,6.16,6.1,6.1,157220
2018-11-19 07:00:00,6.1,6.18,6.03,6.13,141340
2018-11-20 07:00:00,6.13,6.4,6.06,6.32,1124500
2018-11-21 07:00:00,6.32,6.45,6.29,6.4,1278540
2018-11-22 07:00:00,6.45,6.45,6.32,6.42,278620
2018-11-23 07:00:00,6.36,6.55,6.31,6.44,885570
2018-11-26 07:00:00,6.39,6.48,6.39,6.39,330770
2018-11-27 07:00:00,6.39,6.68,6.36,6.68,942990
2018-11-28 07:00:00,6.68,6.71,6.56,6.68,416450
2018-11-29 07:00:00,6.68,6.94,6.61,6.82,1031240
2018-11-30 07:00:00,6.82,7.0,6.71,6.97,721080
2018-12-03 07:00:00,6.97,7.1,6.89,7.0,603230
2018-12-04 07:00:00,7.08,7.15,6.95,7.0,544290
2018-12-05 07:00:00,6.87,6.98,6.84,6.84,340050
2018-12-06 07:00:00,6.73,7.03,6.56,7.03,827920
2018-12-07 07:00:00,7.03,7.03,6.77,6.77,441720
2018-12-10 07:00:00,6.65,6.94,6.65,6.71,612710
2018-12-11 07:00:00,6.71,6.87,6.71,6.77,271550
2018-12-12 07:00:00,6.74,6.87,6.74,6.77,334460
2018-12-13 07:00:00,6.84,6.84,6.66,6.73,254310
2018-12-14 07:00:00,6.73,7.0,6.71,6.9,745420
2018-12-17 07:00:00,6.9,6.9,6.76,6.76,183050
2018-12-18 07:00:00,6.76,6.81,6.65,6.76,383560
2018-12-19 07:00:00,6.76,6.81,6.68,6.77,292460
2018-12-20 07:00:00,6.69,7.03,6.69,7.02,542450
2018-12-21 07:00:00,6.94,7.03,6.89,6.94,492080
2018-12-24 07:00:00,6.97,7.15,6.97,7.1,1146110
2018-12-25 07:00:00,7.0,7.34,6.97,7.34,964050
2018-12-26 07:00:00,7.26,7.42,7.26,7.32,445510
2018-12-27 07:00:00,7.36,7.4,7.26,7.29,419210
2018-12-28 07:00:00,7.27,7.29,7.18,7.19,343280
2019-01-02 07:00:00,7.13,7.24,7.0,7.1,432250
2019-01-03 07:00:00,7.06,7.16,6.77,6.77,738890
2019-01-04 07:00:00,6.74,6.97,6.61,6.97,683510
2019-01-07 07:00:00,6.9,7.06,6.9,7.03,228190
2019-01-08 07:00:00,7.03,7.03,6.84,6.89,156460
2019-01-09 07:00:00,6.94,6.97,6.89,6.9,257190
2019-01-10 07:00:00,6.77,7.0,6.77,6.95,614940
2019-01-11 07:00:00,6.95,6.95,6.81,6.89,311560
2019-01-14 07:00:00,6.84,6.92,6.82,6.87,241320
2019-01-15 07:00:00,6.9,7.1,6.84,7.1,743000
2019-01-16 07:00:00,7.16,7.19,7.06,7.13,291560
2019-01-17 07:00:00,7.13,7.4,7.13,7.34,1264490
2019-01-18 07:00:00,7.32,7.48,7.26,7.48,757200
2019-01-21 07:00:00,7.42,7.42,7.27,7.27,443150
2019-01-22 07:00:00,7.27,7.45,7.21,7.36,687000
2019-01-23 07:00:00,7.36,7.4,7.29,7.37,468580
2019-01-24 07:00:00,7.37,7.37,7.21,7.27,549340
2019-01-25 07:00:00,7.27,7.27,7.06,7.06,553560
2019-01-28 07:00:00,7.03,7.23,7.0,7.16,257550
2019-01-29 07:00:00,7.16,7.39,7.02,7.39,610910
2019-01-30 07:00:00,7.39,7.39,7.26,7.32,138830
2019-01-31 07:00:00,7.32,7.42,7.29,7.32,695140
2019-02-01 07:00:00,7.26,7.32,7.19,7.23,357420
2019-02-11 07:00:00,7.26,7.29,7.19,7.27,368970
2019-02-12 07:00:00,7.27,7.29,7.23,7.29,753200
2019-02-13 07:00:00,7.42,7.61,7.32,7.56,1422570
2019-02-14 07:00:00,7.58,7.65,7.52,7.52,656110
2019-02-15 07:00:00,7.52,7.52,7.39,7.42,1027640
2019-02-18 07:00:00,7.39,7.42,7.31,7.32,770710
2019-02-19 07:00:00,7.32,7.52,7.32,7.39,1193410
2019-02-20 07:00:00,7.36,7.42,7.34,7.39,591800
2019-02-21 07:00:00,7.36,7.39,6.9,7.06,1295960
2019-02-22 07:00:00,7.06,7.06,6.69,6.74,1910900
2019-02-25 07:00:00,6.74,6.97,6.74,6.77,510760
2019-02-26 07:00:00,6.84,6.84,6.68,6.73,581280
2019-02-27 07:00:00,6.83,6.83,6.73,6.74,622870
2019-02-28 07:00:00,6.74,6.89,6.74,6.74,496750
2019-03-01 07:00:00,6.87,6.87,6.73,6.76,169600
2019-03-04 07:00:00,6.76,6.81,6.71,6.76,458130
2019-03-05 07:00:00,6.76,6.87,6.74,6.87,533880
2019-03-06 07:00:00,6.91,6.91,6.83,6.91,122570
2019-03-07 07:00:00,6.91,6.92,6.78,6.81,410470
2019-03-08 07:00:00,6.74,6.81,6.71,6.74,271050
2019-03-11 07:00:00,6.78,6.79,6.73,6.74,249210
2019-03-12 07:00:00,6.74,6.86,6.74,6.86,334680
2019-03-13 07:00:00,6.87,6.91,6.78,6.78,405210
2019-03-14 07:00:00,6.78,6.81,6.74,6.74,325250
2019-03-15 07:00:00,6.78,6.79,6.66,6.66,471830
2019-03-18 07:00:00,6.68,6.78,6.68,6.76,437670
2019-03-19 07:00:00,6.71,6.73,6.59,6.63,517420
2019-03-20 07:00:00,6.63,6.68,6.59,6.68,268210
2019-03-21 07:00:00,6.71,6.71,6.54,6.61,323220
2019-03-22 07:00:00,6.61,6.68,6.58,6.61,228440
2019-03-25 07:00:00,6.48,6.59,6.48,6.54,599930
2019-03-26 07:00:00,6.54,6.56,6.51,6.56,226520
2019-03-27 07:00:00,6.56,6.58,6.53,6.54,114070
2019-03-28 07:00:00,6.56,6.56,6.31,6.36,543230
2019-03-29 07:00:00,6.36,6.48,6.35,6.48,529750
2019-04-01 07:00:00,6.45,6.48,6.36,6.46,185990
2019-04-02 07:00:00,6.46,6.46,6.35,6.36,110820
2019-04-03 07:00:00,6.35,6.38,6.33,6.35,159210
2019-04-04 07:00:00,6.35,6.35,6.18,6.21,540170
2019-04-05 07:00:00,6.21,6.21,6.11,6.15,312790
2019-04-08 07:00:00,6.15,6.31,6.15,6.26,184270
2019-04-09 07:00:00,6.28,6.28,6.15,6.15,210460
2019-04-10 07:00:00,6.15,6.15,6.02,6.02,350220
2019-04-11 07:00:00,6.08,6.11,6.0,6.02,138330
2019-04-12 07:00:00,6.07,6.07,6.0,6.05,214390
2019-04-16 07:00:00,6.05,6.05,5.92,5.98,416160
2019-04-17 07:00:00,6.02,6.02,5.95,5.97,138850
2019-04-18 07:00:00,5.93,5.97,5.8,5.8,360340
2019-04-19 07:00:00,5.8,5.8,5.73,5.8,286000
2019-04-22 07:00:00,5.82,5.82,5.64,5.64,237300
2019-04-23 07:00:00,5.64,5.9,5.64,5.85,473710
2019-04-24 07:00:00,5.85,5.98,5.85,5.95,216350
2019-04-25 07:00:00,5.95,5.98,5.88,5.97,78770
2019-04-26 07:00:00,5.92,5.95,5.88,5.95,139400
2019-05-02 07:00:00,5.98,6.0,5.88,5.97,268140
2019-05-03 07:00:00,5.98,6.0,5.95,6.0,283250
2019-05-06 07:00:00,5.95,5.95,5.85,5.85,136840
2019-05-07 07:00:00,5.85,5.97,5.75,5.95,367380
2019-05-08 07:00:00,5.95,5.95,5.78,5.78,189830
2019-05-09 07:00:00,5.8,5.92,5.8,5.82,98300
2019-05-10 07:00:00,5.93,5.93,5.85,5.92,127320
2019-05-13 07:00:00,5.78,5.92,5.78,5.85,121080
2019-05-14 07:00:00,5.85,5.93,5.78,5.83,271900
2019-05-15 07:00:00,5.83,5.92,5.83,5.92,135460
2019-05-16 07:00:00,5.88,5.95,5.88,5.9,138200
2019-05-17 07:00:00,5.88,5.92,5.8,5.8,254780
2019-05-20 07:00:00,5.8,5.85,5.8,5.8,216940
2019-05-21 07:00:00,5.85,5.9,5.83,5.83,201580
2019-05-22 07:00:00,5.8,5.87,5.8,5.8,119030
2019-05-23 07:00:00,5.8,6.13,5.78,6.13,779960
2019-05-24 07:00:00,6.11,6.2,6.02,6.13,720410
2019-05-27 07:00:00,6.13,6.16,6.08,6.15,180500
2019-05-28 07:00:00,6.11,6.16,5.98,6.03,426470
2019-05-29 07:00:00,6.08,6.16,6.02,6.13,293070
2019-05-30 07:00:00,6.15,6.15,6.03,6.03,241650
2019-05-31 07:00:00,6.07,6.13,5.9,5.9,607600
2019-06-03 07:00:00,5.9,6.03,5.82,5.95,696080
2019-06-04 07:00:00,5.95,6.02,5.82,5.9,338540
2019-06-05 07:00:00,6.05,6.05,5.95,6.02,380980
2019-06-06 07:00:00,6.02,6.05,5.85,5.95,191910
2019-06-07 07:00:00,5.98,6.0,5.92,5.97,124440
2019-06-10 07:00:00,6.02,6.05,5.92,6.02,283670
2019-06-11 07:00:00,6.02,6.02,5.88,5.88,169120
2019-06-12 07:00:00,5.88,5.97,5.77,5.85,798250
2019-06-13 07:00:00,5.99,5.99,5.85,5.9,944940
2019-06-14 07:00:00,5.92,5.95,5.78,5.83,285710
2019-06-17 07:00:00,5.82,5.82,5.6,5.61,471760
2019-06-18 07:00:00,5.61,5.66,5.6,5.63,115500
2019-06-19 07:00:00,5.53,5.65,5.53,5.53,432050
2019-06-20 07:00:00,5.58,5.58,5.51,5.54,1328720
2019-06-21 07:00:00,5.54,5.54,5.43,5.44,6145890
2019-06-24 07:00:00,5.54,5.58,5.46,5.54,399080
2019-06-25 07:00:00,5.51,5.51,5.46,5.48,532780
2019-06-26 07:00:00,5.44,5.46,5.32,5.32,1411060
2019-06-27 07:00:00,5.32,5.34,4.98,5.1,2126990
2019-06-28 07:00:00,5.1,5.17,5.0,5.15,961810
2019-07-01 07:00:00,5.19,5.37,5.17,5.37,626660
2019-07-02 07:00:00,5.34,5.34,5.25,5.29,536810
2019-07-03 07:00:00,5.27,5.27,5.19,5.19,381370
2019-07-04 07:00:00,5.19,5.31,5.19,5.31,469950
2019-07-05 07:00:00,5.31,5.32,5.24,5.25,487520
2019-07-08 07:00:00,5.27,5.27,5.2,5.25,658990
2019-07-09 07:00:00,5.25,5.31,5.24,5.27,461940
2019-07-10 07:00:00,5.27,5.36,5.27,5.32,385470
2019-07-11 07:00:00,5.36,5.36,5.27,5.27,369600
2019-07-12 07:00:00,5.27,5.31,5.25,5.25,451710
2019-07-15 07:00:00,5.25,5.25,5.22,5.22,495720
2019-07-16 07:00:00,5.24,5.27,5.2,5.22,290140
2019-07-17 07:00:00,5.22,5.25,5.19,5.2,307260
2019-07-18 07:00:00,5.2,5.2,5.15,5.17,151460
2019-07-19 07:00:00,5.19,5.2,5.15,5.15,407720
2019-07-22 07:00:00,5.15,5.2,5.14,5.15,212360
2019-07-23 07:00:00,5.15,5.19,5.14,5.14,315400
2019-07-24 07:00:00,5.14,5.17,5.08,5.1,284980
2019-07-25 07:00:00,5.1,5.14,5.07,5.07,144870
2019-07-26 07:00:00,5.07,5.1,5.0,5.0,319660
2019-07-29 07:00:00,5.03,5.12,5.03,5.07,297450
2019-07-30 07:00:00,5.07,5.07,4.93,4.93,400860
2019-07-31 07:00:00,4.97,4.97,4.83,4.9,270530
2019-08-01 07:00:00,4.93,4.97,4.88,4.88,261860
2019-08-02 07:00:00,4.86,4.86,4.74,4.76,511540
2019-08-05 07:00:00,4.76,4.76,4.63,4.64,576630
2019-08-06 07:00:00,4.59,4.68,4.56,4.64,264100
2019-08-07 07:00:00,4.64,4.66,4.61,4.61,253780
2019-08-08 07:00:00,4.61,4.69,4.57,4.68,560900
2019-08-09 07:00:00,4.73,4.85,4.68,4.78,539440
2019-08-12 07:00:00,4.76,4.9,4.74,4.9,359900
2019-08-13 07:00:00,4.9,4.9,4.76,4.76,679260
2019-08-14 07:00:00,4.85,4.85,4.71,4.71,545760
2019-08-15 07:00:00,4.69,4.73,4.68,4.71,374460
2019-08-16 07:00:00,4.71,4.76,4.66,4.69,432780
2019-08-19 07:00:00,4.76,4.8,4.68,4.68,316080
2019-08-20 07:00:00,4.69,4.73,4.66,4.68,392900
2019-08-21 07:00:00,4.68,4.69,4.64,4.64,375510
2019-08-22 07:00:00,4.64,4.73,4.61,4.64,487350
2019-08-23 07:00:00,4.64,4.73,4.64,4.71,352360
2019-08-26 07:00:00,4.68,4.69,4.59,4.63,692800
2019-08-27 07:00:00,4.66,4.66,4.57,4.57,537660
2019-08-28 07:00:00,4.57,4.59,4.49,4.51,650140
2019-08-29 07:00:00,4.51,4.57,4.51,4.57,242740
2019-08-30 07:00:00,4.57,4.66,4.57,4.66,426770
2019-09-03 07:00:00,4.63,4.66,4.59,4.64,274860
2019-09-04 07:00:00,4.63,4.64,4.59,4.64,257430
2019-09-05 07:00:00,4.63,4.63,4.57,4.59,291640
2019-09-06 07:00:00,4.59,4.61,4.54,4.54,324510
2019-09-09 07:00:00,4.54,4.59,4.54,4.54,246300
2019-09-10 07:00:00,4.54,4.56,4.49,4.49,346930
2019-09-11 07:00:00,4.52,4.52,4.29,4.34,482000
2019-09-12 07:00:00,4.37,4.44,4.37,4.4,469320
2019-09-13 07:00:00,4.42,4.44,4.4,4.42,254330
2019-09-16 07:00:00,4.42,4.46,4.4,4.44,461000
2019-09-17 07:00:00,4.42,4.44,4.42,4.42,205920
2019-09-18 07:00:00,4.44,4.52,4.44,4.49,327120
2019-09-19 07:00:00,4.51,4.51,4.47,4.47,167040
2019-09-20 07:00:00,4.47,4.54,4.47,4.52,246120
2019-09-23 07:00:00,4.54,4.54,4.47,4.47,134100
2019-09-24 07:00:00,4.51,4.51,4.44,4.44,217440
2019-09-25 07:00:00,4.44,4.47,4.44,4.44,199170
2019-09-26 07:00:00,4.46,4.63,4.44,4.63,966230
2019-09-27 07:00:00,4.63,4.64,4.59,4.61,380470
2019-09-30 07:00:00,4.63,4.64,4.52,4.54,496130
2019-10-01 07:00:00,4.52,4.61,4.52,4.61,274320
2019-10-02 07:00:00,4.61,4.61,4.52,4.52,569220
2019-10-03 07:00:00,4.52,4.57,4.49,4.57,277460
2019-10-04 07:00:00,4.56,4.83,4.56,4.81,1179420
2019-10-07 07:00:00,4.81,4.88,4.8,4.83,593390
2019-10-08 07:00:00,4.83,4.97,4.78,4.97,723160
2019-10-09 07:00:00,4.97,5.03,4.88,5.02,494870
2019-10-10 07:00:00,5.02,5.03,4.91,4.91,469380
2019-10-11 07:00:00,4.91,4.98,4.9,4.91,228830
2019-10-14 07:00:00,4.91,5.0,4.91,4.97,232400
2019-10-15 07:00:00,4.93,5.2,4.93,5.2,1247170
2019-10-16 07:00:00,5.17,5.24,5.1,5.14,454170
2019-10-17 07:00:00,5.17,5.2,5.03,5.03,534700
2019-10-18 07:00:00,5.03,5.14,5.03,5.08,291600
2019-10-21 07:00:00,5.07,5.1,4.97,4.98,323090
2019-10-22 07:00:00,4.93,4.93,4.71,4.8,913380
2019-10-23 07:00:00,4.8,4.9,4.76,4.9,316450
2019-10-24 07:00:00,4.93,4.93,4.86,4.88,169340
2019-10-25 07:00:00,4.86,4.88,4.78,4.78,253730
2019-10-28 07:00:00,4.78,4.86,4.76,4.76,214860
2019-10-29 07:00:00,4.76,4.86,4.74,4.83,287340
2019-10-30 07:00:00,4.83,4.85,4.76,4.76,219260
2019-10-31 07:00:00,4.76,4.8,4.63,4.64,566720
2019-11-01 07:00:00,4.64,4.73,4.64,4.73,183190
2019-11-04 07:00:00,4.73,4.73,4.63,4.64,351270
2019-11-05 07:00:00,4.64,4.66,4.56,4.64,427410
2019-11-06 07:00:00,4.63,4.68,4.59,4.68,144700
2019-11-07 07:00:00,4.68,4.74,4.66,4.69,217560
2019-11-08 07:00:00,4.73,4.73,4.64,4.68,241580
2019-11-11 07:00:00,4.66,4.69,4.64,4.66,136200
2019-11-12 07:00:00,4.66,4.83,4.64,4.83,396970
2019-11-13 07:00:00,4.9,4.9,4.74,4.76,306730
2019-11-14 07:00:00,4.76,4.83,4.73,4.78,301100
2019-11-15 07:00:00,4.81,4.81,4.74,4.76,310270
2019-11-18 07:00:00,4.76,4.78,4.71,4.74,85310
2019-11-19 07:00:00,4.73,4.76,4.59,4.66,270210
2019-11-20 07:00:00,4.63,4.73,4.63,4.66,119040
2019-11-21 07:00:00,4.63,4.68,4.44,4.44,289670
2019-11-22 07:00:00,4.46,4.63,4.46,4.47,337910
2019-11-25 07:00:00,4.47,4.51,4.46,4.51,286170
2019-11-26 07:00:00,4.51,4.52,4.35,4.35,684460
2019-11-27 07:00:00,4.35,4.49,4.35,4.44,213400
2019-11-28 07:00:00,4.47,4.47,4.39,4.39,134230
2019-11-29 07:00:00,4.39,4.42,4.37,4.4,114550
2019-12-02 07:00:00,4.42,4.46,4.35,4.35,168660
2019-12-03 07:00:00,4.35,4.42,4.3,4.35,325510
2019-12-04 07:00:00,4.4,4.42,4.34,4.35,150990
2019-12-05 07:00:00,4.37,4.39,4.35,4.35,109340
2019-12-06 07:00:00,4.35,4.46,4.34,4.46,130040
2019-12-09 07:00:00,4.46,4.63,4.46,4.56,465740
2019-12-10 07:00:00,4.57,4.57,4.46,4.46,160530
2019-12-11 07:00:00,4.46,4.52,4.4,4.49,127350
2019-12-12 07:00:00,4.46,4.49,4.4,4.49,174910
2019-12-13 07:00:00,4.52,4.56,4.49,4.52,311070
2019-12-16 07:00:00,4.52,4.59,4.52,4.59,176560
2019-12-17 07:00:00,4.63,4.64,4.57,4.57,258090
2019-12-18 07:00:00,4.57,4.57,4.47,4.49,214050
2019-12-19 07:00:00,4.49,4.49,4.39,4.39,313000
2019-12-20 07:00:00,4.39,4.44,4.39,4.4,209760
2019-12-23 07:00:00,4.42,4.44,4.39,4.42,254960
2019-12-24 07:00:00,4.46,4.57,4.46,4.57,273110
2019-12-25 07:00:00,4.57,4.57,4.52,4.56,109800
2019-12-26 07:00:00,4.54,4.56,4.46,4.54,314600
2019-12-27 07:00:00,4.52,4.54,4.46,4.49,299540
2019-12-30 07:00:00,4.49,4.49,4.4,4.44,391190
2019-12-31 07:00:00,4.44,4.47,4.4,4.4,210190
2020-01-02 07:00:00,4.44,4.46,4.37,4.4,285280
2020-01-03 07:00:00,4.39,4.46,4.34,4.35,379590
2020-01-06 07:00:00,4.32,4.35,4.32,4.32,334320
2020-01-07 07:00:00,4.3,4.32,4.27,4.27,256060
2020-01-08 07:00:00,4.25,4.3,4.2,4.25,308760
2020-01-09 07:00:00,4.27,4.42,4.25,4.42,109420
2020-01-10 07:00:00,4.32,4.4,4.32,4.34,121630
2020-01-13 07:00:00,4.42,4.42,4.35,4.39,233240
2020-01-14 07:00:00,4.42,4.42,4.32,4.35,427120
2020-01-15 07:00:00,4.42,4.42,4.3,4.34,279990
2020-01-16 07:00:00,4.34,4.35,4.25,4.25,305870
2020-01-17 07:00:00,4.25,4.27,4.22,4.25,142700
2020-01-20 07:00:00,4.27,4.32,4.23,4.29,239160
2020-01-21 07:00:00,4.23,4.32,4.23,4.3,268570
2020-01-22 07:00:00,4.32,4.34,4.25,4.29,282360
2020-01-30 07:00:00,4.27,4.29,4.23,4.23,387190
2020-01-31 07:00:00,4.23,4.25,3.95,3.95,1236470
2020-02-03 07:00:00,3.88,3.91,3.67,3.79,606680
2020-02-04 07:00:00,3.86,4.01,3.78,3.93,404240
2020-02-05 07:00:00,3.93,3.96,3.83,3.88,373200
2020-02-06 07:00:00,3.91,4.0,3.83,3.98,324530
2020-02-07 07:00:00,3.98,4.03,3.93,4.0,216040
2020-02-10 07:00:00,4.0,4.0,3.91,3.96,133730
2020-02-11 07:00:00,3.91,4.0,3.91,3.98,114060
2020-02-12 07:00:00,3.98,4.1,3.98,4.1,313360
2020-02-13 07:00:00,4.1,4.12,4.03,4.08,150190
2020-02-14 07:00:00,4.08,4.12,4.03,4.05,200990
2020-02-17 07:00:00,4.05,4.1,4.05,4.05,112390
2020-02-18 07:00:00,4.08,4.13,4.05,4.08,204090
2020-02-19 07:00:00,4.1,4.15,4.08,4.15,247490
2020-02-20 07:00:00,4.15,4.35,4.12,4.3,570380
2020-02-21 07:00:00,4.3,4.32,4.22,4.22,219270
2020-02-24 07:00:00,4.15,4.18,4.01,4.03,380280
2020-02-25 07:00:00,4.0,4.08,4.0,4.05,168850
2020-02-26 07:00:00,4.08,4.08,4.03,4.06,143120
2020-02-27 07:00:00,4.06,4.1,4.05,4.1,172590
2020-02-28 07:00:00,4.1,4.1,4.01,4.03,175940
2020-03-02 07:00:00,4.03,4.1,4.03,4.08,170650
2020-03-03 07:00:00,4.13,4.22,4.08,4.22,393670
2020-03-04 07:00:00,4.22,4.46,4.15,4.34,1332460
2020-03-05 07:00:00,4.42,4.42,4.29,4.29,583400
2020-03-06 07:00:00,4.29,4.3,4.18,4.23,429230
2020-03-09 07:00:00,3.95,4.15,3.95,3.95,1185490
2020-03-10 07:00:00,3.93,4.17,3.93,4.13,1173300
2020-03-11 07:00:00,4.13,4.15,3.88,4.01,1060630
2020-03-12 07:00:00,3.74,3.91,3.74,3.79,2577980
2020-03-13 07:00:00,3.71,3.86,3.54,3.86,1056700
2020-03-16 07:00:00,3.84,3.88,3.74,3.76,574850
2020-03-17 07:00:00,3.71,3.95,3.64,3.95,871600
2020-03-18 07:00:00,3.93,4.13,3.91,4.03,809770
2020-03-19 07:00:00,3.98,4.2,3.88,4.1,1086000
2020-03-20 07:00:00,4.1,4.15,3.98,3.98,557310
2020-03-23 07:00:00,3.95,3.95,3.76,3.76,918170
2020-03-24 07:00:00,3.76,3.89,3.76,3.88,457940
2020-03-25 07:00:00,3.93,4.01,3.93,3.95,261260
2020-03-26 07:00:00,3.95,3.96,3.88,3.93,331340
2020-03-27 07:00:00,3.96,4.05,3.91,3.96,405990
2020-03-30 07:00:00,3.98,3.98,3.84,3.88,1026330
2020-03-31 07:00:00,3.96,4.03,3.88,3.89,585260
2020-04-01 07:00:00,3.96,4.17,3.96,4.17,1259170
2020-04-03 07:00:00,4.25,4.3,4.17,4.22,1465460
2020-04-06 07:00:00,4.25,4.42,4.25,4.37,1343650
2020-04-07 07:00:00,4.35,4.37,4.15,4.25,1802340
2020-04-08 07:00:00,4.18,4.54,4.13,4.54,2225670
2020-04-09 07:00:00,4.73,4.81,4.63,4.66,3303220
2020-04-10 07:00:00,4.69,4.74,4.56,4.66,1602940
2020-04-13 07:00:00,4.68,4.9,4.64,4.71,2779820
2020-04-14 07:00:00,4.68,4.88,4.59,4.85,2079080
2020-04-15 07:00:00,4.9,4.93,4.81,4.81,1980480
2020-04-16 07:00:00,4.78,4.86,4.71,4.74,1947290
2020-04-17 07:00:00,4.81,4.85,4.68,4.73,2300970
2020-04-20 07:00:00,4.74,5.05,4.71,5.05,4050220
2020-04-21 07:00:00,5.1,5.37,5.02,5.03,7312460
2020-04-22 07:00:00,5.03,5.34,4.97,5.34,3461780
2020-04-23 07:00:00,5.41,5.43,5.2,5.2,2091490
2020-04-24 07:00:00,5.15,5.17,5.03,5.1,2668200
2020-04-27 07:00:00,5.24,5.24,4.8,4.89,6169550
2020-04-28 07:00:00,4.96,5.1,4.96,5.08,1603560
2020-04-29 07:00:00,5.03,5.21,5.01,5.03,1520640
2020-05-04 07:00:00,4.93,4.96,4.75,4.79,2696350
2020-05-05 07:00:00,4.75,4.86,4.7,4.71,2616090
2020-05-06 07:00:00,4.75,4.91,4.75,4.91,1757070
2020-05-07 07:00:00,4.93,4.96,4.87,4.89,1297920
2020-05-08 07:00:00,4.89,4.94,4.86,4.86,3134380
2020-05-11 07:00:00,4.87,4.93,4.82,4.87,2108920
2020-05-12 07:00:00,4.93,5.19,4.87,5.19,4958340
2020-05-13 07:00:00,5.17,5.19,5.03,5.1,2369590
2020-05-14 07:00:00,5.01,5.07,4.94,4.94,2626800
2020-05-15 07:00:00,4.93,4.98,4.8,4.8,4457340
2020-05-18 07:00:00,4.8,4.86,4.71,4.82,2594900
2020-05-19 07:00:00,4.89,4.91,4.8,4.8,2046710
2020-05-20 07:00:00,4.82,5.08,4.77,5.01,5573910
2020-05-21 07:00:00,5.07,5.07,4.96,4.96,2199500
2020-05-22 07:00:00,4.94,5.17,4.93,5.1,4124110
2020-05-25 07:00:00,5.12,5.45,5.12,5.38,6977860
2020-05-26 07:00:00,5.42,5.42,5.26,5.3,3081230
2020-05-27 07:00:00,5.31,5.51,5.24,5.24,5350350
2020-05-28 07:00:00,5.26,5.35,5.17,5.24,3472090
2020-05-29 07:00:00,5.26,5.31,5.21,5.21,1924780
2020-06-01 07:00:00,5.23,5.4,5.21,5.3,3311060
2020-06-02 07:00:00,5.31,5.31,5.07,5.07,4314070
2020-06-03 07:00:00,5.07,5.15,5.03,5.15,3381930
2020-06-04 07:00:00,5.15,5.19,5.08,5.14,3482410
2020-06-05 07:00:00,5.12,5.26,5.12,5.23,2600560
2020-06-08 07:00:00,5.24,5.33,5.17,5.19,5604850
2020-06-09 07:00:00,5.23,5.3,5.17,5.23,3878210
2020-06-10 07:00:00,5.23,5.31,5.14,5.26,3546900
2020-06-11 07:00:00,5.28,5.42,4.93,4.93,6437700
2020-06-12 07:00:00,4.84,5.05,4.8,5.01,3830890
2020-06-15 07:00:00,5.03,5.07,4.79,4.84,3451540
2020-06-16 07:00:00,4.89,5.08,4.84,5.03,3429930
2020-06-17 07:00:00,5.03,5.05,4.89,4.93,1783170
2020-06-18 07:00:00,4.89,5.03,4.87,4.96,1633880
2020-06-19 07:00:00,4.96,5.08,4.96,5.05,1992290
2020-06-22 07:00:00,5.1,5.4,5.08,5.4,8819740
2020-06-23 07:00:00,5.52,5.56,5.26,5.38,5608660
2020-06-24 07:00:00,5.45,5.45,5.24,5.28,3234460
2020-06-25 07:00:00,5.17,5.44,5.17,5.37,3777280
2020-06-26 07:00:00,5.4,5.44,5.17,5.21,2548920
2020-06-29 07:00:00,5.17,5.19,4.96,5.03,3694090
2020-06-30 07:00:00,5.1,5.12,4.86,4.93,3015790
2020-07-01 07:00:00,4.98,5.1,4.93,5.07,1345930
2020-07-02 07:00:00,5.07,5.08,4.94,5.03,1517700
2020-07-03 07:00:00,5.03,5.08,5.03,5.05,1331860
2020-07-06 07:00:00,5.07,5.15,5.05,5.12,1585170
2020-07-07 07:00:00,5.17,5.17,5.05,5.05,2239960
2020-07-08 07:00:00,5.05,5.15,5.01,5.08,1375260
2020-07-09 07:00:00,5.14,5.14,5.08,5.14,1487460
2020-07-10 07:00:00,5.1,5.26,5.1,5.15,2521320
2020-07-13 07:00:00,5.17,5.24,5.14,5.15,1878320
2020-07-14 07:00:00,5.15,5.26,5.14,5.24,1854230
2020-07-15 07:00:00,5.28,5.31,5.17,5.17,2195480
2020-07-16 07:00:00,5.17,5.24,5.15,5.19,1444960
2020-07-17 07:00:00,5.23,5.23,5.14,5.14,1704340
2020-07-20 07:00:00,5.14,5.17,5.07,5.07,1512120
2020-07-21 07:00:00,5.15,5.19,5.07,5.15,2366640
2020-07-22 07:00:00,5.28,5.33,5.19,5.26,3907150
2020-07-23 07:00:00,5.28,5.28,5.15,5.23,1318400
2020-07-24 07:00:00,5.19,5.21,4.87,5.01,4038360
2020-07-27 07:00:00,4.87,4.91,4.68,4.68,5665380
2020-07-28 07:00:00,4.75,5.0,4.73,4.96,2488040
2020-07-29 07:00:00,4.86,4.89,4.66,4.79,2693800
2020-07-30 07:00:00,4.79,4.91,4.79,4.82,1444480
2020-07-31 07:00:00,4.75,4.87,4.71,4.8,1439080
2020-08-03 07:00:00,4.84,5.0,4.84,4.98,2076880
2020-08-04 07:00:00,5.01,5.05,4.96,5.03,3088220
2020-08-05 07:00:00,5.11,5.16,5.03,5.11,2775350
2020-08-06 07:00:00,5.09,5.11,5.03,5.03,1511120
2020-08-07 07:00:00,5.03,5.11,5.01,5.01,1729860
2020-08-10 07:00:00,5.03,5.11,5.03,5.05,2367340
2020-08-11 07:00:00,5.11,5.23,5.01,5.2,4241480
2020-08-12 07:00:00,5.22,5.23,5.11,5.11,1904270
2020-08-13 07:00:00,5.14,5.35,5.12,5.31,5666410
2020-08-14 07:00:00,5.29,5.31,5.16,5.18,2606540
2020-08-17 07:00:00,5.18,5.22,5.12,5.2,1468440
2020-08-18 07:00:00,5.22,5.29,5.22,5.27,2330360
2020-08-19 07:00:00,5.29,5.35,5.25,5.31,3536880
2020-08-20 07:00:00,5.31,5.35,5.25,5.33,2422930
2020-08-21 07:00:00,5.35,5.7,5.35,5.7,13078230
2020-08-24 07:00:00,5.85,5.99,5.81,5.86,6231560
2020-08-25 07:00:00,5.88,5.94,5.75,5.77,4271140
2020-08-26 07:00:00,5.75,5.96,5.73,5.92,5306620
2020-08-27 07:00:00,5.92,6.07,5.88,5.92,3063130
2020-08-28 07:00:00,5.96,5.97,5.83,5.83,3981400
2020-08-31 07:00:00,5.83,6.23,5.77,6.1,5730320
2020-09-01 07:00:00,6.1,6.14,6.07,6.12,2088800
2020-09-03 07:00:00,6.16,6.16,5.96,5.99,3154350
2020-09-04 07:00:00,5.88,5.99,5.85,5.94,2903650
2020-09-07 07:00:00,5.94,6.16,5.94,5.94,3921790
2020-09-08 07:00:00,5.97,6.09,5.92,6.01,2604730
2020-09-09 07:00:00,5.97,6.27,5.94,6.27,5604600
2020-09-10 07:00:00,6.33,6.34,6.22,6.23,2423220
2020-09-11 07:00:00,6.2,6.38,6.16,6.23,2560200
2020-09-14 07:00:00,6.29,6.36,6.23,6.34,4446480
2020-09-15 07:00:00,6.4,6.46,6.31,6.33,3393940
2020-09-16 07:00:00,6.29,6.33,6.22,6.25,3399870
2020-09-17 07:00:00,6.25,6.29,6.2,6.23,2302160
2020-09-18 07:00:00,6.22,6.27,6.22,6.25,2316090
2020-09-21 07:00:00,6.25,6.27,6.05,6.07,6257410
2020-09-22 07:00:00,6.01,6.22,5.97,6.14,2652130
2020-09-23 07:00:00,6.14,6.2,6.12,6.16,2689570
2020-09-24 07:00:00,6.12,6.2,6.1,6.2,1881000
2020-09-25 07:00:00,6.2,6.22,6.14,6.2,2014630
2020-09-28 07:00:00,6.23,6.57,6.23,6.51,6452610
2020-09-29 07:00:00,6.59,6.7,6.36,6.38,4524490
2020-09-30 07:00:00,6.44,6.64,6.34,6.59,4360380
2020-10-01 07:00:00,6.62,6.64,6.55,6.59,3095040
2020-10-02 07:00:00,6.59,6.6,6.14,6.38,6038760
2020-10-05 07:00:00,6.47,6.49,6.36,6.4,2539610
2020-10-06 07:00:00,6.46,6.47,6.33,6.34,2029420
2020-10-07 07:00:00,6.29,6.42,6.29,6.31,2367880
2020-10-08 07:00:00,6.34,6.57,6.33,6.51,5228360
2020-10-09 07:00:00,6.53,6.57,6.42,6.44,2300460
2020-10-12 07:00:00,6.55,6.55,6.36,6.36,2253890
2020-10-13 07:00:00,6.36,6.38,6.29,6.33,2235410
2020-10-14 07:00:00,6.33,6.38,6.18,6.23,3203490
2020-10-15 07:00:00,6.25,6.4,6.16,6.33,2235330
2020-10-16 07:00:00,6.31,6.46,6.23,6.29,2184250
2020-10-19 07:00:00,6.33,6.34,6.23,6.23,1882060
2020-10-20 07:00:00,6.23,6.36,6.22,6.33,1573100
2020-10-21 07:00:00,6.4,6.42,6.27,6.27,2423220
2020-10-22 07:00:00,6.27,6.29,6.22,6.27,854420
2020-10-23 07:00:00,6.33,6.44,6.31,6.36,2186110
2020-10-26 07:00:00,6.38,6.4,6.27,6.27,1381570
2020-10-27 07:00:00,6.25,6.27,6.22,6.22,1617260
2020-10-28 07:00:00,6.22,6.22,5.92,5.92,3140770
2020-10-29 07:00:00,5.88,6.03,5.85,5.88,2240880
2020-10-30 07:00:00,5.99,6.03,5.92,6.01,1318960
2020-11-02 07:00:00,6.1,6.36,6.09,6.34,3124640
2020-11-03 07:00:00,6.33,6.34,6.25,6.29,1633200
2020-11-04 07:00:00,6.31,6.34,6.22,6.29,1027070
2020-11-05 07:00:00,6.27,6.49,6.27,6.33,4146270
2020-11-06 07:00:00,6.34,6.42,6.27,6.34,1756660
2020-11-09 07:00:00,6.38,6.62,6.38,6.57,5108120
2020-11-10 07:00:00,6.53,6.53,6.38,6.46,4411150
2020-11-11 07:00:00,6.46,6.51,6.4,6.44,2815470
2020-11-12 07:00:00,6.44,6.55,6.33,6.53,2939880
2020-11-13 07:00:00,6.51,6.73,6.47,6.59,5159630
2020-11-16 07:00:00,6.59,6.6,6.44,6.47,3446640
2020-11-17 07:00:00,6.47,6.53,6.42,6.51,2956680
2020-11-18 07:00:00,6.49,6.51,6.42,6.42,4251600
2020-11-19 07:00:00,6.4,6.47,6.36,6.4,2159800
2020-11-20 07:00:00,6.4,6.44,6.34,6.36,2411810
2020-11-23 07:00:00,6.33,6.42,6.33,6.34,1846000
2020-11-24 07:00:00,6.36,6.55,6.33,6.55,3886880
2020-11-25 07:00:00,6.55,6.57,6.42,6.44,1752370
2020-11-26 07:00:00,6.46,6.46,6.36,6.4,1223680
2020-11-27 07:00:00,6.42,6.44,6.38,6.44,1012000
2020-11-30 07:00:00,6.44,6.44,6.33,6.34,1624000
2020-12-01 07:00:00,6.29,6.36,6.22,6.34,2315280
2020-12-02 07:00:00,6.34,6.46,6.31,6.36,2314690
2020-12-03 07:00:00,6.36,6.4,6.34,6.4,1506670
2020-12-04 07:00:00,6.4,6.47,6.36,6.38,2333940
2020-12-07 07:00:00,6.4,6.46,6.38,6.42,1904340
2020-12-08 07:00:00,6.47,6.71,6.46,6.71,10265090
2020-12-09 07:00:00,6.71,6.73,6.6,6.64,3497880
2020-12-10 07:00:00,6.66,6.73,6.55,6.57,3549010
2020-12-11 07:00:00,6.57,6.6,6.36,6.6,3295350
2020-12-14 07:00:00,6.66,6.66,6.57,6.6,2729010
2020-12-15 07:00:00,6.59,6.84,6.55,6.66,6257370
2020-12-16 07:00:00,6.73,6.77,6.64,6.66,2820700
2020-12-17 07:00:00,6.66,6.75,6.59,6.59,3434880
2020-12-18 07:00:00,6.62,6.66,6.55,6.66,3447300
2020-12-21 07:00:00,6.73,6.84,6.7,6.77,3760880
2020-12-22 07:00:00,6.81,7.23,6.73,7.23,7849440
2020-12-23 07:00:00,7.33,7.36,6.94,6.94,3412460
2020-12-24 07:00:00,7.03,7.1,6.51,6.83,4338560
2020-12-25 07:00:00,6.71,7.03,6.7,6.92,3646600
2020-12-28 07:00:00,7.03,7.03,6.83,6.92,2473140
2020-12-29 07:00:00,6.86,7.03,6.86,6.92,3759310
2020-12-30 07:00:00,6.94,7.12,6.9,6.92,3888910
2020-12-31 07:00:00,6.96,6.97,6.9,6.96,1982190
2021-01-04 07:00:00,6.99,7.2,6.96,7.1,3489700
2021-01-05 07:00:00,7.07,7.14,7.03,7.05,2342100
2021-01-06 07:00:00,7.08,7.1,6.96,6.97,4503300
2021-01-07 07:00:00,7.01,7.08,6.96,7.07,3685800
2021-01-08 07:00:00,7.14,7.21,7.07,7.14,3434400
2021-01-11 07:00:00,7.18,7.29,7.16,7.21,3042300
2021-01-12 07:00:00,7.21,7.21,7.12,7.21,2925800
2021-01-13 07:00:00,7.25,7.36,7.14,7.21,4866900
2021-01-14 07:00:00,7.25,7.29,7.16,7.25,2210800
2021-01-15 07:00:00,7.31,7.34,7.2,7.27,3227700
2021-01-18 07:00:00,7.29,7.58,7.25,7.44,4297400
2021-01-19 07:00:00,7.44,7.44,6.92,6.92,3352000
2021-01-20 07:00:00,6.96,6.99,6.47,6.94,2156900
2021-01-21 07:00:00,7.03,7.14,6.9,7.12,1783900
2021-01-22 07:00:00,7.12,7.21,7.05,7.1,2477900
2021-01-25 07:00:00,7.22,7.26,7.08,7.1,1515800
2021-01-26 07:00:00,7.1,7.1,6.74,6.76,2063200
2021-01-27 07:00:00,6.64,6.76,6.34,6.37,2288800
2021-01-28 07:00:00,5.97,6.11,5.93,5.93,3168900
2021-01-29 07:00:00,5.53,6.18,5.53,6.09,3089600
2021-02-01 07:00:00,6.07,6.12,5.76,5.87,2078000
2021-02-02 07:00:00,5.72,5.87,5.66,5.8,3243700
2021-02-03 07:00:00,5.87,6.14,5.87,6.12,1938200
2021-02-04 07:00:00,6.12,6.24,6.07,6.12,1470100
2021-02-05 07:00:00,6.18,6.26,6.14,6.26,1462300
2021-02-08 07:00:00,6.3,6.3,5.99,6.11,1554600
2021-02-09 07:00:00,6.07,6.14,6.05,6.12,1312300
2021-02-17 07:00:00,6.18,6.32,6.07,6.28,1839600
2021-02-18 07:00:00,6.3,6.7,6.24,6.68,4090100
2021-02-19 07:00:00,6.64,6.93,6.62,6.7,2289500
2021-02-22 07:00:00,6.68,6.8,6.6,6.66,1974500
2021-02-23 07:00:00,6.6,6.66,6.51,6.62,1686700
2021-02-24 07:00:00,6.68,6.68,6.43,6.49,1993900
2021-02-25 07:00:00,6.53,6.57,6.41,6.49,1263400
2021-02-26 07:00:00,6.45,6.49,6.34,6.47,1483000
2021-03-01 07:00:00,6.51,6.78,6.49,6.72,2506700
2021-03-02 07:00:00,6.89,7.1,6.74,7.03,5360100
2021-03-03 07:00:00,7.03,7.22,6.91,7.08,3625700
2021-03-04 07:00:00,7.12,7.41,7.12,7.18,5484700
2021-03-05 07:00:00,7.18,7.45,6.99,7.37,4752300
2021-03-08 07:00:00,7.43,7.47,7.1,7.22,4179600
2021-03-09 07:00:00,7.22,7.37,7.14,7.3,2514600
2021-03-10 07:00:00,7.31,7.41,7.31,7.33,2522300
2021-03-11 07:00:00,7.37,7.41,7.3,7.37,2702800
2021-03-12 07:00:00,7.41,7.45,7.24,7.28,3318100
2021-03-15 07:00:00,7.28,7.35,7.16,7.22,2481800
2021-03-16 07:00:00,7.22,7.26,7.16,7.18,1889000
2021-03-17 07:00:00,7.22,7.56,7.22,7.54,5521200
2021-03-18 07:00:00,7.64,7.64,7.53,7.53,3096900
2021-03-19 07:00:00,7.53,7.54,7.45,7.53,2149400
2021-03-22 07:00:00,7.45,7.51,7.37,7.49,2220600
2021-03-23 07:00:00,7.49,7.58,7.33,7.53,2364500
2021-03-24 07:00:00,7.49,7.53,7.33,7.45,2869600
2021-03-25 07:00:00,7.43,7.47,7.3,7.43,1481100
2021-03-26 07:00:00,7.33,7.45,7.18,7.41,2198400
2021-03-29 07:00:00,7.41,7.51,7.37,7.49,1920000
2021-03-30 07:00:00,7.49,7.54,7.41,7.43,1251000
2021-03-31 07:00:00,7.43,7.64,7.41,7.62,2919100
2021-04-01 07:00:00,7.62,7.93,7.62,7.89,3786300
2021-04-02 07:00:00,7.87,7.87,7.7,7.81,1928100
2021-04-05 07:00:00,8.01,8.01,7.58,7.76,1966300
2021-04-06 07:00:00,7.76,7.91,7.62,7.83,2213900
2021-04-07 07:00:00,7.85,7.91,7.83,7.91,1358400
2021-04-08 07:00:00,7.95,7.95,7.76,7.87,1043600
2021-04-09 07:00:00,7.83,7.83,7.68,7.79,1225700
2021-04-12 07:00:00,7.87,7.87,7.72,7.83,1925800
2021-04-13 07:00:00,7.83,7.83,7.6,7.64,1945500
2021-04-14 07:00:00,7.56,7.66,7.37,7.64,1270700
2021-04-15 07:00:00,7.72,7.76,7.41,7.43,1741400
2021-04-16 07:00:00,7.35,7.45,7.26,7.3,1288400
2021-04-19 07:00:00,7.3,7.37,7.14,7.26,1253500
2021-04-20 07:00:00,7.28,7.45,7.28,7.37,1142900
2021-04-22 07:00:00,7.37,7.37,7.14,7.18,1781900
2021-04-23 07:00:00,7.18,7.24,6.68,7.24,1663900
2021-04-26 07:00:00,7.39,7.39,7.03,7.14,645500
2021-04-27 07:00:00,7.14,7.31,7.06,7.14,997000
2021-04-28 07:00:00,7.18,7.35,7.1,7.3,1513800
2021-04-29 07:00:00,7.33,7.39,7.24,7.31,903000
2021-05-04 07:00:00,7.1,7.22,7.06,7.18,853200
2021-05-05 07:00:00,7.18,7.3,7.12,7.26,1086800
2021-05-06 07:00:00,7.3,7.3,7.05,7.05,783800
2021-05-07 07:00:00,7.03,7.05,6.82,7.01,1907400
2021-05-10 07:00:00,6.78,7.01,6.78,7.01,1191600
2021-05-11 07:00:00,7.01,7.18,6.93,7.06,988200
2021-05-12 07:00:00,7.06,7.06,6.91,7.03,1031100
2021-05-13 07:00:00,7.03,7.12,6.99,7.03,629400
2021-05-14 07:00:00,7.18,7.49,7.08,7.43,2608100
2021-05-17 07:00:00,7.47,7.47,7.18,7.22,1055500
2021-05-18 07:00:00,7.12,7.26,7.12,7.12,469300
2021-05-19 07:00:00,7.08,7.1,6.93,6.99,1523100
2021-05-20 07:00:00,6.97,7.1,6.97,6.99,633600
2021-05-21 07:00:00,6.99,7.22,6.97,7.1,694900
2021-05-24 07:00:00,7.14,7.28,7.08,7.28,1337800
2021-05-25 07:00:00,7.26,7.47,7.24,7.3,1295300
2021-05-26 07:00:00,7.3,7.3,7.18,7.22,515900
2021-05-27 07:00:00,7.22,7.33,7.03,7.1,1201100
2021-05-28 07:00:00,7.1,7.35,7.06,7.3,1641600
2021-05-31 07:00:00,7.22,7.26,7.1,7.26,753900
2021-06-01 07:00:00,7.28,7.33,7.22,7.22,755900
2021-06-02 07:00:00,7.1,7.56,7.1,7.56,2261300
2021-06-03 07:00:00,7.68,7.72,7.53,7.64,2618700
2021-06-04 07:00:00,7.66,7.68,7.53,7.64,1837700
2021-06-07 07:00:00,7.6,7.68,7.49,7.54,1568700
2021-06-08 07:00:00,7.6,8.06,7.6,7.79,4606200
2021-06-09 07:00:00,7.79,7.87,7.66,7.74,1488300
2021-06-10 07:00:00,7.83,8.26,7.68,8.26,4181100
2021-06-11 07:00:00,8.26,8.45,8.06,8.14,2314600
2021-06-14 07:00:00,8.14,8.41,8.12,8.2,1934500
2021-06-15 07:00:00,8.18,8.35,8.06,8.18,2721400
2021-06-16 07:00:00,8.1,8.33,8.1,8.18,2113000
2021-06-17 07:00:00,8.1,8.33,8.1,8.31,2841800
2021-06-18 07:00:00,8.39,8.89,8.37,8.75,5284500
2021-06-21 07:00:00,8.83,9.1,8.64,8.87,3586300
2021-06-22 07:00:00,8.87,8.91,8.7,8.75,2192200
2021-06-23 07:00:00,8.75,8.89,8.52,8.62,2471700
2021-06-24 07:00:00,8.58,8.64,8.43,8.56,1888100
2021-06-25 07:00:00,8.52,8.77,8.41,8.72,2263600
2021-06-28 07:00:00,8.83,8.97,8.72,8.77,1965800
2021-06-29 07:00:00,8.81,8.97,8.75,8.79,2665000
2021-06-30 07:00:00,8.83,9.25,8.79,9.14,5923300
2021-07-01 07:00:00,9.14,9.43,9.12,9.14,3151100
2021-07-02 07:00:00,9.16,9.27,9.08,9.08,3567800
2021-07-05 07:00:00,9.18,9.18,8.82,8.88,2692600
2021-07-06 07:00:00,8.82,9.04,8.27,8.27,1859000
2021-07-07 07:00:00,8.63,8.63,7.99,8.51,2902100
2021-07-08 07:00:00,8.43,8.53,8.19,8.21,1211500
2021-07-09 07:00:00,8.11,8.27,7.91,8.07,1404400
2021-07-12 07:00:00,7.93,7.99,7.52,7.83,4293500
2021-07-13 07:00:00,7.68,8.13,7.68,8.13,1131800
2021-07-14 07:00:00,8.11,8.21,7.74,7.93,894700
2021-07-15 07:00:00,7.87,8.17,7.83,8.17,640100
2021-07-16 07:00:00,8.17,8.49,8.11,8.43,1614000
2021-07-19 07:00:00,8.27,8.37,8.03,8.23,1320000
2021-07-20 07:00:00,8.23,8.63,8.23,8.63,1369100
2021-07-21 07:00:00,8.78,8.78,8.53,8.57,944100
2021-07-22 07:00:00,8.57,8.84,8.57,8.74,1770300
2021-07-23 07:00:00,8.74,8.86,8.7,8.72,2175600
2021-07-26 07:00:00,8.67,9.1,8.63,9.08,2335600
2021-07-27 07:00:00,9.28,9.3,9.06,9.1,1927700
2021-07-28 07:00:00,9.0,9.26,9.0,9.22,1703600
2021-07-29 07:00:00,9.28,9.61,9.26,9.61,4743400
2021-07-30 07:00:00,9.73,10.29,9.69,10.11,8000800
2021-08-02 07:00:00,10.11,10.72,10.11,10.52,5542500
2021-08-03 07:00:00,10.58,10.82,10.33,10.74,7099400
2021-08-04 07:00:00,10.6,10.84,10.51,10.76,5152400
2021-08-05 07:00:00,10.68,11.43,10.64,11.4,4124800
2021-08-06 07:00:00,11.47,11.79,11.3,11.47,4981300
2021-08-09 07:00:00,11.65,12.27,11.55,12.27,8015400
2021-08-10 07:00:00,13.02,13.12,12.58,12.9,9790100
2021-08-11 07:00:00,13.06,13.79,12.66,13.79,7270900
2021-08-12 07:00:00,13.79,14.24,12.86,12.86,10204800
2021-08-13 07:00:00,12.66,13.75,12.6,13.75,9577200
2021-08-16 07:00:00,14.24,14.7,14.05,14.46,7220600
2021-08-17 07:00:00,14.13,14.4,13.89,14.24,6014900
2021-08-18 07:00:00,14.09,14.5,13.65,13.77,7525800
2021-08-19 07:00:00,13.65,14.13,13.59,13.81,4817700
2021-08-20 07:00:00,13.85,14.4,13.65,14.3,9542100
2021-08-23 07:00:00,14.4,15.04,14.4,14.72,6643500
2021-08-24 07:00:00,14.52,14.68,13.85,14.01,6226400
2021-08-25 07:00:00,14.05,14.05,13.08,13.41,7656900
2021-08-26 07:00:00,13.49,14.34,13.49,14.17,6734900
2021-08-27 07:00:00,13.97,14.56,13.87,14.56,5808400
2021-08-30 07:00:00,14.96,14.96,14.36,14.38,7393800
2021-08-31 07:00:00,14.28,14.76,14.05,14.56,6775800
2021-09-01 07:00:00,14.44,15.15,14.4,14.84,8548600
2021-09-06 07:00:00,14.88,14.96,14.48,14.48,6951900
2021-09-07 07:00:00,14.32,14.56,13.87,13.99,7771900
2021-09-08 07:00:00,13.83,14.2,13.71,14.05,4368000
2021-09-09 07:00:00,14.2,14.24,14.01,14.09,2716900
2021-09-10 07:00:00,14.09,14.13,13.81,13.85,6150900
2021-09-13 07:00:00,13.89,14.4,13.87,14.09,4432300
2021-09-14 07:00:00,14.28,14.56,14.09,14.13,3670500
2021-09-15 07:00:00,13.97,14.13,13.89,13.99,3195100
2021-09-16 07:00:00,13.93,14.17,13.77,13.83,3657300
2021-09-17 07:00:00,13.83,14.17,13.45,14.13,11303900
2021-09-20 07:00:00,14.44,14.62,14.05,14.05,5145100
2021-09-21 07:00:00,13.81,14.01,13.59,13.91,4537700
2021-09-22 07:00:00,14.05,14.05,13.71,13.79,2911100
2021-09-23 07:00:00,13.85,14.05,13.77,13.79,3354700
2021-09-24 07:00:00,13.79,13.89,13.29,13.65,5511500
2021-09-27 07:00:00,13.65,13.65,12.74,12.74,5305900
2021-09-28 07:00:00,12.66,13.26,12.46,13.12,3914600
2021-09-29 07:00:00,13.12,14.03,12.78,14.03,7117400
2021-09-30 07:00:00,14.2,14.78,13.99,14.56,9381100
2021-10-01 07:00:00,14.56,15.43,14.54,15.08,12260100
2021-10-04 07:00:00,15.33,15.41,14.84,14.84,8054600
2021-10-05 07:00:00,14.84,15.33,14.6,15.04,7890200
2021-10-06 07:00:00,15.04,15.23,14.8,15.09,7333900
2021-10-07 07:00:00,15.11,15.81,14.96,15.19,7376200
2021-10-08 07:00:00,15.11,15.29,14.48,14.8,9543900
2021-10-11 07:00:00,14.82,15.02,14.58,14.86,4275300
2021-10-12 07:00:00,15.0,15.33,14.88,15.15,5904400
2021-10-13 07:00:00,15.11,16.02,15.08,15.91,12850600
2021-10-14 07:00:00,16.14,17.01,15.97,16.62,10724500
2021-10-15 07:00:00,16.8,17.33,16.44,16.92,8957600
2021-10-18 07:00:00,17.01,17.19,16.42,16.42,10210500
2021-10-19 07:00:00,16.42,17.53,16.22,17.53,8902900
2021-10-20 07:00:00,17.59,18.34,17.53,18.08,7893100
2021-10-21 07:00:00,18.2,18.74,17.75,18.6,6285300
2021-10-22 07:00:00,18.95,18.95,18.04,18.42,7917600
2021-10-25 07:00:00,18.2,18.42,17.73,17.83,8791500
2021-10-26 07:00:00,17.77,18.48,17.45,18.48,5582800
2021-10-27 07:00:00,18.6,18.72,18.18,18.36,5005300
2021-10-28 07:00:00,18.4,19.53,18.2,19.39,8436800
2021-10-29 07:00:00,19.35,19.7,19.19,19.39,5079400
2021-11-01 07:00:00,19.66,20.22,19.39,19.7,4737900
2021-11-02 07:00:00,19.57,20.18,19.27,19.47,9239100
2021-11-03 07:00:00,19.47,19.53,18.2,18.2,10027400
2021-11-04 07:00:00,18.38,18.99,18.28,18.62,3952200
2021-11-05 07:00:00,18.87,19.9,18.56,19.9,8500600
2021-11-08 07:00:00,20.38,21.09,20.14,20.58,6109400
2021-11-09 07:00:00,20.61,20.73,20.22,20.69,4133300
2021-11-10 07:00:00,20.77,21.45,20.69,21.37,5575900
2021-11-11 07:00:00,21.37,21.6,20.81,20.89,5410400
2021-11-12 07:00:00,20.93,21.13,20.58,20.81,3721600
2021-11-15 07:00:00,20.89,21.37,20.22,20.81,6838100
2021-11-16 07:00:00,20.97,21.33,20.5,20.77,4700500
2021-11-17 07:00:00,20.85,20.89,20.38,20.38,4191300
2021-11-18 07:00:00,20.18,20.38,18.95,19.23,16042200
2021-11-19 07:00:00,18.99,19.74,17.88,18.2,9735100
2021-11-22 07:00:00,18.44,18.79,18.08,18.4,3914400
2021-11-23 07:00:00,18.4,19.51,18.26,19.51,4240900
2021-11-24 07:00:00,19.51,19.63,19.01,19.19,3671700
2021-11-25 07:00:00,19.27,19.7,19.11,19.39,3613900
2021-11-26 07:00:00,19.7,20.18,19.39,19.9,5857100
2021-11-29 07:00:00,19.59,19.74,19.23,19.35,2831800
2021-11-30 07:00:00,19.39,20.3,19.39,19.94,6417800
2021-12-01 07:00:00,19.94,20.89,19.94,20.65,5896500
2021-12-02 07:00:00,20.69,21.09,19.68,19.68,6238500
2021-12-03 07:00:00,19.82,19.98,18.79,18.91,6858700
2021-12-06 07:00:00,18.72,18.91,17.61,17.9,6583900
2021-12-07 07:00:00,18.24,18.72,17.84,18.72,3217500
2021-12-08 07:00:00,18.91,19.19,18.7,18.91,2391200
2021-12-09 07:00:00,18.87,19.39,18.75,19.39,2252900
2021-12-10 07:00:00,19.39,20.38,19.35,19.98,5532400
2021-12-13 07:00:00,20.34,20.34,19.63,19.78,2640500
2021-12-14 07:00:00,19.7,20.61,19.45,19.98,5880100
2021-12-15 07:00:00,20.34,20.5,19.98,20.18,4622800
2021-12-16 07:00:00,20.34,20.34,19.57,19.7,4110600
2021-12-17 07:00:00,19.61,20.14,19.35,19.74,6057700
2021-12-20 07:00:00,19.86,20.26,19.59,19.94,3200700
2021-12-21 07:00:00,20.14,21.33,19.98,21.33,12385600
2021-12-22 07:00:00,21.76,21.88,21.25,21.37,5134200
2021-12-23 07:00:00,21.37,22.43,21.13,21.96,7339000
2021-12-24 07:00:00,21.96,22.36,21.41,21.68,4394800
2021-12-27 07:00:00,21.72,21.96,20.38,20.81,6832300
2021-12-28 07:00:00,20.73,21.21,20.61,20.69,4339900
2021-12-29 07:00:00,21.09,21.33,19.39,19.39,9863700
2021-12-30 07:00:00,19.66,20.14,19.03,19.94,5228400
2021-12-31 07:00:00,20.18,20.18,19.59,19.78,2563000
2022-01-04 07:00:00,19.98,20.18,19.55,20.1,4220300
2022-01-05 07:00:00,20.02,20.42,19.7,19.78,4448000
2022-01-06 07:00:00,19.59,20.06,19.31,19.31,5541200
2022-01-07 07:00:00,19.27,19.39,18.4,18.54,10346300
2022-01-10 07:00:00,18.58,18.79,17.27,17.27,7776800
2022-01-11 07:00:00,17.09,17.92,16.62,17.21,5696000
2022-01-12 07:00:00,17.21,17.61,16.86,17.61,3015600
2022-01-13 07:00:00,17.81,18.2,17.09,17.09,2289400
2022-01-14 07:00:00,17.01,17.09,15.91,15.91,6703500
2022-01-17 07:00:00,16.18,16.42,15.51,15.51,4549700
2022-01-18 07:00:00,15.39,16.58,15.39,16.58,4211700
2022-01-19 07:00:00,16.97,17.21,16.82,17.01,2849300
2022-01-20 07:00:00,16.97,17.21,16.66,17.11,1925000
2022-01-21 07:00:00,17.21,17.21,16.68,16.93,2136300
2022-01-24 07:00:00,16.62,16.64,15.77,15.77,3196500
2022-01-25 07:00:00,15.43,16.42,15.43,16.38,1922500
2022-01-26 07:00:00,16.58,16.74,16.04,16.14,1914700
2022-01-27 07:00:00,16.31,17.08,16.27,16.75,1695300
2022-01-28 07:00:00,16.71,17.0,16.29,16.31,1491000
2022-02-07 07:00:00,16.49,17.36,16.49,17.3,2031500
2022-02-08 07:00:00,17.36,18.09,17.04,17.93,3137100
2022-02-09 07:00:00,17.93,18.19,17.64,17.77,3177000
2022-02-10 07:00:00,17.79,18.41,17.52,18.25,5243100
2022-02-11 07:00:00,18.44,19.27,18.33,18.84,6095000
2022-02-14 07:00:00,18.54,19.27,18.46,18.54,5031200
2022-02-15 07:00:00,18.66,19.23,18.46,18.9,4069400
2022-02-16 07:00:00,19.15,19.71,19.02,19.63,8143200
2022-02-17 07:00:00,19.79,19.92,19.39,19.47,4501500
2022-02-18 07:00:00,19.35,19.96,19.27,19.92,6731000
2022-02-21 07:00:00,19.92,20.16,19.55,19.71,4643600
2022-02-22 07:00:00,19.33,19.69,19.02,19.23,5677100
2022-02-23 07:00:00,19.51,20.56,19.47,20.56,10169800
2022-02-24 07:00:00,20.61,21.98,20.22,21.98,15093300
2022-02-25 07:00:00,22.31,22.88,21.86,21.86,9414700
2022-02-28 07:00:00,22.19,23.36,22.15,23.36,9675300
2022-03-01 07:00:00,24.05,24.34,22.96,23.04,10746500
2022-03-02 07:00:00,23.4,24.26,23.12,24.26,10714600
2022-03-03 07:00:00,24.34,24.86,23.85,24.17,8369800
2022-03-04 07:00:00,23.93,24.62,23.69,24.46,7395400
2022-03-07 07:00:00,25.51,26.16,24.9,26.16,6731700
2022-03-08 07:00:00,26.2,26.97,24.74,25.15,11062100
2022-03-09 07:00:00,25.88,26.89,24.82,26.49,10118200
2022-03-10 07:00:00,25.88,26.73,25.43,25.92,6601400
2022-03-11 07:00:00,26.57,27.58,26.16,26.93,8553200
2022-03-14 07:00:00,26.97,27.42,25.07,25.07,10672000
2022-03-15 07:00:00,24.74,25.35,24.13,25.27,7936600
2022-03-16 07:00:00,25.59,26.16,25.35,25.59,3156800
2022-03-17 07:00:00,25.96,25.96,23.81,24.54,13573300
2022-03-18 07:00:00,24.74,25.68,24.34,25.35,6687600
2022-03-21 07:00:00,25.39,25.63,25.03,25.31,3803600
2022-03-22 07:00:00,25.35,26.77,25.23,26.77,8379700
2022-03-23 07:00:00,27.18,28.19,27.01,27.99,7553700
2022-03-24 07:00:00,28.6,28.76,27.38,28.15,4910600
2022-03-25 07:00:00,28.11,29.98,27.58,29.49,7016700
2022-03-28 07:00:00,29.12,30.1,29.12,29.98,5319000
2022-03-29 07:00:00,29.93,30.34,29.24,29.73,4702000
2022-03-30 07:00:00,29.41,29.53,27.66,27.66,15002200
2022-03-31 07:00:00,28.07,28.39,26.97,27.14,5127900
2022-04-01 07:00:00,27.18,28.72,27.14,27.99,4700200
2022-04-04 07:00:00,27.95,27.95,26.04,26.04,11969200
2022-04-05 07:00:00,25.96,26.65,25.59,26.45,5170700
2022-04-06 07:00:00,26.0,26.37,24.95,25.19,5947300
2022-04-07 07:00:00,25.35,26.24,24.46,26.24,5884900
2022-04-08 07:00:00,26.28,26.61,25.55,25.88,3528600
2022-04-12 07:00:00,26.12,26.81,25.88,26.45,4903100
2022-04-13 07:00:00,26.37,27.58,25.76,27.58,5556100
2022-04-14 07:00:00,27.99,29.49,27.78,29.29,9816700
2022-04-15 07:00:00,29.29,29.73,28.03,28.68,6357800
2022-04-18 07:00:00,28.39,29.53,28.19,29.2,6491400
2022-04-19 07:00:00,29.41,31.23,28.96,30.46,9418800
2022-04-20 07:00:00,30.3,30.99,28.39,28.39,5910100
2022-04-21 07:00:00,29.24,29.89,28.47,29.04,8267100
2022-04-22 07:00:00,29.41,29.41,27.01,27.01,12352700
2022-04-25 07:00:00,26.16,26.81,25.15,25.15,5932800
2022-04-26 07:00:00,23.44,26.73,23.4,26.73,7237300
2022-04-27 07:00:00,25.76,26.32,24.9,26.16,5159000
2022-04-28 07:00:00,26.37,27.54,25.96,26.93,4237100
2022-04-29 07:00:00,26.49,28.19,26.45,27.34,4929900
2022-05-04 07:00:00,26.93,26.97,25.43,25.43,6464400
2022-05-05 07:00:00,25.76,26.57,25.19,25.59,4961800
2022-05-06 07:00:00,25.11,26.37,24.86,25.84,4265200
2022-05-09 07:00:00,25.35,25.55,24.05,24.05,4769400
2022-05-10 07:00:00,22.43,23.4,22.39,22.39,9501200
2022-05-11 07:00:00,22.71,23.61,22.55,23.2,3496300
2022-05-12 07:00:00,23.12,23.4,21.58,21.58,3427600
2022-05-13 07:00:00,20.4,21.25,20.08,20.08,3607300
2022-05-16 07:00:00,20.69,21.05,18.68,18.68,6444400
2022-05-17 07:00:00,17.4,19.98,17.38,19.98,5944000
2022-05-18 07:00:00,20.56,21.34,20.28,21.25,4471800
2022-05-19 07:00:00,20.32,22.47,20.28,21.7,6276600
2022-05-20 07:00:00,21.46,23.0,21.25,22.51,5810800
2022-05-23 07:00:00,22.67,22.96,21.66,22.31,4430900
2022-05-24 07:00:00,22.11,22.8,21.7,22.31,4745200
2022-05-25 07:00:00,22.31,23.85,21.82,23.85,5246100
2022-05-26 07:00:00,23.93,24.3,22.55,22.92,4441100
2022-05-27 07:00:00,23.04,23.53,22.39,23.04,4613700
2022-05-30 07:00:00,23.2,23.32,22.8,22.92,2140500
2022-05-31 07:00:00,22.76,24.5,22.71,24.17,8187000
2022-06-01 07:00:00,24.17,25.76,23.89,25.11,5691800
2022-06-02 07:00:00,25.55,25.59,24.54,24.95,4070600
2022-06-03 07:00:00,25.35,26.32,25.03,25.92,5944800
2022-06-06 07:00:00,25.96,27.7,25.19,27.38,7920200
2022-06-07 07:00:00,27.18,27.78,25.51,27.38,7217000
2022-06-08 07:00:00,27.38,28.19,26.53,27.1,6082600
2022-06-09 07:00:00,27.1,27.58,26.65,27.14,3534300
2022-06-10 07:00:00,26.81,27.5,25.27,25.27,5975200
2022-06-13 07:00:00,23.61,24.54,23.53,23.53,6195100
2022-06-14 07:00:00,22.11,25.03,22.11,24.5,5919400
2022-06-15 07:00:00,24.7,25.47,22.96,24.95,4564900
2022-06-16 07:00:00,25.11,26.37,24.82,25.51,3941800
2022-06-17 07:00:00,24.62,25.8,24.38,25.55,5065400
2022-06-20 07:00:00,25.39,25.96,23.77,24.17,6851300
2022-06-21 07:00:00,23.77,24.09,22.51,22.51,4318800
2022-06-22 07:00:00,22.51,22.67,20.97,20.97,3967900
2022-06-23 07:00:00,19.81,21.5,19.81,21.5,3756000
2022-06-24 07:00:00,21.9,22.19,21.29,21.42,1542600
2022-06-27 07:00:00,21.78,21.94,19.94,19.94,4299900
2022-06-28 07:00:00,19.55,20.65,18.86,19.83,5629500
2022-06-29 07:00:00,20.2,20.69,19.06,20.28,3255800
2022-06-30 07:00:00,20.52,21.01,20.4,20.69,2908900
2022-07-01 07:00:00,20.2,20.69,19.43,20.06,2277000
2022-07-04 07:00:00,20.28,20.56,19.88,20.2,1946500
2022-07-05 07:00:00,20.16,20.2,18.8,18.8,4493000
2022-07-06 07:00:00,18.25,18.7,17.52,17.52,3439200
2022-07-07 07:00:00,17.62,18.21,17.3,17.85,2472500
2022-07-08 07:00:00,18.46,18.9,18.46,18.82,3270600
2022-07-11 07:00:00,18.86,19.21,18.72,18.8,3002100
2022-07-12 07:00:00,18.8,19.27,18.72,19.27,1989800
2022-07-13 07:00:00,19.31,19.53,19.15,19.25,2540300
2022-07-14 07:00:00,19.15,20.52,19.06,20.48,3278500
2022-07-15 07:00:00,20.77,20.81,20.16,20.44,2921400
2022-07-18 07:00:00,20.81,20.81,20.44,20.61,3877600
2022-07-19 07:00:00,20.61,20.85,20.24,20.56,4850800
2022-07-20 07:00:00,20.87,21.36,20.65,21.36,2350700
2022-07-21 07:00:00,21.14,21.8,20.96,21.14,2665200
2022-07-22 07:00:00,21.23,21.49,20.26,20.26,2875000
2022-07-25 07:00:00,19.29,20.04,19.29,19.38,2681600
2022-07-26 07:00:00,19.64,20.26,19.4,19.84,1691200
2022-07-27 07:00:00,19.84,20.43,19.84,20.43,1106400
2022-07-28 07:00:00,20.7,20.78,20.48,20.67,2883800
2022-07-29 07:00:00,20.7,20.81,19.62,19.64,5197900
2022-08-01 07:00:00,20.12,20.12,19.75,20.01,1905100
2022-08-02 07:00:00,20.23,20.65,20.01,20.48,1840500
2022-08-03 07:00:00,20.19,21.36,20.1,21.29,4525000
2022-08-04 07:00:00,21.36,21.51,20.87,20.92,2255000
2022-08-05 07:00:00,20.81,21.01,20.52,20.92,2124900
2022-08-08 07:00:00,20.96,21.49,20.89,21.4,3355000
2022-08-09 07:00:00,21.67,21.8,21.31,21.45,2476800
2022-08-10 07:00:00,21.4,21.4,20.92,20.92,2307200
2022-08-11 07:00:00,21.14,21.23,20.52,20.52,2406500
2022-08-12 07:00:00,20.7,20.85,20.43,20.65,1380800
2022-08-15 07:00:00,20.78,21.36,20.78,21.09,1784600
2022-08-16 07:00:00,21.09,21.34,20.92,21.05,2250000
2022-08-17 07:00:00,21.23,21.23,20.7,20.78,2163900
2022-08-18 07:00:00,20.72,21.12,20.72,20.87,1805200
2022-08-19 07:00:00,20.94,21.09,20.56,20.65,1537500
2022-08-22 07:00:00,20.61,20.74,20.08,20.17,2117100
2022-08-23 07:00:00,19.99,20.43,19.9,20.37,2403900
2022-08-24 07:00:00,20.76,21.36,20.48,21.05,3754700
2022-08-25 07:00:00,21.31,22.5,21.18,22.5,5963300
2022-08-26 07:00:00,22.9,23.34,22.5,22.68,4631100
2022-08-29 07:00:00,22.9,24.22,22.72,24.22,7768000
2022-08-30 07:00:00,24.88,24.88,23.96,24.09,4078600
2022-08-31 07:00:00,24.09,24.44,23.82,24.0,3989600
2022-09-05 07:00:00,24.18,24.92,24.0,24.22,4240100
2022-09-06 07:00:00,24.31,24.66,23.34,23.34,5485200
2022-09-07 07:00:00,22.9,23.65,22.24,22.55,5621900
2022-09-08 07:00:00,22.9,23.43,22.19,22.9,4184100
2022-09-09 07:00:00,23.16,23.65,22.5,23.65,3327800
2022-09-12 07:00:00,23.87,24.22,23.03,23.12,3736400
2022-09-13 07:00:00,23.38,23.52,22.77,23.16,3545300
2022-09-14 07:00:00,22.81,23.07,22.63,22.81,3225400
2022-09-15 07:00:00,23.16,23.82,23.07,23.21,2750300
2022-09-16 07:00:00,23.16,23.29,22.59,22.94,2562100
2022-09-19 07:00:00,22.9,22.9,21.36,21.36,5283800
2022-09-20 07:00:00,21.8,22.15,20.89,22.11,3015900
2022-09-21 07:00:00,21.8,22.11,21.62,21.73,1618700
2022-09-22 07:00:00,21.58,22.28,21.47,22.11,2851300
2022-09-23 07:00:00,22.15,22.59,21.8,21.8,2631500
2022-09-26 07:00:00,21.16,21.53,20.28,20.48,4144600
2022-09-27 07:00:00,20.89,21.07,20.5,20.65,2417100
2022-09-28 07:00:00,20.7,21.07,20.5,20.83,2106800
2022-09-29 07:00:00,21.07,21.31,19.51,19.84,2644000
2022-09-30 07:00:00,19.84,21.09,19.16,20.63,4030800
2022-10-03 07:00:00,20.56,20.61,19.2,19.2,3473200
2022-10-04 07:00:00,19.57,19.57,17.88,18.27,3654900
2022-10-05 07:00:00,18.45,19.49,18.27,19.09,3465500
2022-10-06 07:00:00,19.57,19.57,18.72,18.8,3340100
2022-10-07 07:00:00,18.94,18.94,17.5,18.05,5491700
2022-10-10 07:00:00,17.92,19.31,17.92,19.31,2303200
2022-10-11 07:00:00,19.38,20.08,19.11,19.16,4369700
2022-10-12 07:00:00,19.29,20.48,19.29,20.48,3419600
2022-10-13 07:00:00,20.59,20.7,20.19,20.52,2933900
2022-10-14 07:00:00,21.09,21.25,20.78,20.92,2930400
2022-10-17 07:00:00,20.76,21.58,20.48,21.58,3284000
2022-10-18 07:00:00,21.93,21.93,21.01,21.2,3089800
2022-10-19 07:00:00,21.14,21.45,20.89,21.14,1888400
2022-10-20 07:00:00,21.18,21.29,20.3,20.7,2284700
2022-10-21 07:00:00,20.7,20.81,19.27,19.33,3393900
2022-10-24 07:00:00,19.46,19.93,18.5,18.5,2354500
2022-10-25 07:00:00,18.76,19.77,18.27,19.77,3341300
2022-10-26 07:00:00,20.04,20.04,19.2,19.6,1225600
2022-10-27 07:00:00,19.6,20.26,19.29,20.26,3588400
2022-10-28 07:00:00,20.56,20.56,19.6,19.6,2606200
2022-10-31 07:00:00,19.6,19.73,18.74,19.07,2854600
2022-11-01 07:00:00,19.38,19.75,19.22,19.22,1665000
2022-11-02 07:00:00,19.38,19.38,17.92,18.16,4504300
2022-11-03 07:00:00,18.05,18.74,18.05,18.5,1772400
2022-11-04 07:00:00,18.41,18.72,17.81,18.01,1774600
2022-11-07 07:00:00,18.1,18.43,17.92,18.01,1925200
2022-11-08 07:00:00,18.19,18.45,17.9,18.34,1293300
2022-11-09 07:00:00,18.72,18.94,18.45,18.5,2386700
2022-11-10 07:00:00,18.5,18.5,17.22,17.22,3946100
2022-11-11 07:00:00,17.83,17.92,17.44,17.53,2263300
2022-11-14 07:00:00,16.73,17.17,16.32,16.34,3660600
2022-11-15 07:00:00,15.46,15.5,15.21,15.21,1025700
2022-11-16 07:00:00,14.16,16.27,14.16,16.27,4993100
2022-11-17 07:00:00,16.69,17.26,16.45,16.6,1390300
2022-11-18 07:00:00,16.62,16.65,15.46,16.29,2901700
2022-11-21 07:00:00,16.34,16.54,15.63,15.85,1670700
2022-11-22 07:00:00,15.68,16.43,15.46,15.85,2292200
2022-11-23 07:00:00,15.85,16.23,15.59,15.96,1259800
2022-11-24 07:00:00,15.85,16.1,15.68,16.07,1180900
2022-11-25 07:00:00,16.29,16.56,16.14,16.56,1454900
2022-11-28 07:00:00,16.91,17.44,16.69,17.2,2434300
2022-11-29 07:00:00,17.39,17.97,17.02,17.83,2441500
2022-11-30 07:00:00,18.19,18.19,17.61,18.01,1836500
2022-12-01 07:00:00,18.14,18.21,17.15,17.31,3348800
2022-12-02 07:00:00,17.17,18.36,16.78,18.19,3175800
2022-12-05 07:00:00,18.27,18.94,17.86,18.08,2183500
2022-12-06 07:00:00,17.92,19.33,17.5,18.63,4228500
2022-12-07 07:00:00,18.63,19.16,18.32,18.72,1879500
2022-12-08 07:00:00,19.6,19.6,18.63,18.96,2703000
2022-12-09 07:00:00,19.13,19.31,18.72,18.91,1014700
2022-12-12 07:00:00,18.91,19.35,18.72,18.94,1724200
2022-12-13 07:00:00,18.94,19.38,18.63,19.16,1106500
2022-12-14 07:00:00,19.38,19.95,19.18,19.38,2048200
2022-12-15 07:00:00,19.38,19.57,19.02,19.38,976900
2022-12-16 07:00:00,18.85,19.35,18.85,19.07,1773100
2022-12-19 07:00:00,19.11,19.38,18.96,19.07,1078000
2022-12-20 07:00:00,19.07,19.6,18.3,19.6,3168100
2022-12-21 07:00:00,19.6,19.6,18.85,19.33,893300
2022-12-22 07:00:00,19.42,19.42,18.74,19.24,765400
2022-12-23 07:00:00,18.94,19.24,18.8,19.02,724100
2022-12-26 07:00:00,18.8,19.0,18.08,18.43,1261900
2022-12-27 07:00:00,18.43,18.94,18.23,18.94,1210300
2022-12-28 07:00:00,19.29,19.29,18.74,19.05,1167600
2022-12-29 07:00:00,18.96,19.02,18.76,18.94,775900
2022-12-30 07:00:00,18.94,18.94,18.72,18.91,1030000
2023-01-03 07:00:00,18.94,19.38,18.72,19.18,1990000
2023-01-04 07:00:00,19.18,20.1,19.18,19.82,4066300
2023-01-05 07:00:00,20.04,20.08,19.51,19.64,1552300
2023-01-06 07:00:00,19.77,19.77,18.67,18.67,3220200
2023-01-09 07:00:00,18.76,18.89,18.47,18.54,1512400
2023-01-10 07:00:00,18.58,18.58,18.25,18.54,1278300
2023-01-11 07:00:00,18.69,18.69,18.34,18.34,1253700
2023-01-12 07:00:00,18.5,18.5,17.88,17.99,1561000
2023-01-13 07:00:00,18.05,18.32,18.01,18.1,749600
2023-01-16 07:00:00,18.1,18.45,18.05,18.05,1083000
2023-01-17 07:00:00,18.23,18.5,18.1,18.5,1214600
2023-01-18 07:00:00,18.52,18.69,18.45,18.58,1167800
2023-01-19 07:00:00,18.58,18.72,18.47,18.61,1020800
2023-01-27 07:00:00,18.89,18.91,18.63,18.63,1160900
2023-01-30 07:00:00,18.76,19.16,18.52,19.05,1817500
2023-01-31 07:00:00,19.11,19.6,19.05,19.24,2508300
2023-02-01 07:00:00,19.53,19.53,18.34,18.56,3267500
2023-02-02 07:00:00,18.63,18.87,18.56,18.76,1502900
2023-02-03 07:00:00,18.76,19.05,18.76,18.85,1472500
2023-02-06 07:00:00,19.02,19.2,18.89,18.98,3071500
2023-02-07 07:00:00,19.07,19.13,18.65,18.78,1187000
2023-02-08 07:00:00,18.87,19.02,18.47,19.02,2954700
2023-02-09 07:00:00,19.05,19.18,18.76,18.76,1137800
2023-02-10 07:00:00,18.85,18.85,18.45,18.45,1323900
2023-02-13 07:00:00,18.74,19.09,18.47,18.74,2854700
2023-02-14 07:00:00,18.89,18.94,18.72,18.76,1169600
2023-02-15 07:00:00,18.8,19.02,18.8,19.0,2309800
2023-02-16 07:00:00,19.05,19.29,18.88,18.93,1777800
2023-02-17 07:00:00,18.95,18.98,18.44,18.47,1635600
2023-02-20 07:00:00,18.27,18.64,18.2,18.64,2744200
2023-02-21 07:00:00,18.78,18.83,18.2,18.2,2920800
2023-02-22 07:00:00,17.96,18.06,17.52,17.52,2824800
2023-02-23 07:00:00,17.52,17.72,16.74,16.99,2520600
2023-02-24 07:00:00,17.21,17.52,17.01,17.38,1908000
2023-02-27 07:00:00,16.99,17.38,16.91,16.91,925000
2023-02-28 07:00:00,17.21,17.21,16.38,16.99,1857100
2023-03-01 07:00:00,16.74,16.94,16.57,16.91,1069200
2023-03-02 07:00:00,16.96,17.11,16.89,16.91,942000
2023-03-03 07:00:00,17.06,17.06,16.6,16.84,1118600
2023-03-06 07:00:00,16.99,16.99,16.57,16.65,1115600
2023-03-07 07:00:00,16.74,16.79,16.36,16.5,1172700
2023-03-08 07:00:00,16.4,16.5,16.26,16.5,837900
2023-03-09 07:00:00,16.5,16.6,16.43,16.57,1185000
2023-03-10 07:00:00,16.5,17.01,16.5,16.74,1401300
2023-03-13 07:00:00,16.62,16.82,16.53,16.57,913900
2023-03-14 07:00:00,16.62,16.67,16.02,16.11,1458700
2023-03-15 07:00:00,16.45,16.45,16.16,16.4,1033200
2023-03-16 07:00:00,16.38,16.38,16.02,16.07,979900
2023-03-17 07:00:00,16.16,16.45,16.09,16.45,1982300
2023-03-20 07:00:00,16.33,16.38,16.04,16.26,853300
2023-03-21 07:00:00,16.38,16.4,16.11,16.31,1019400
2023-03-22 07:00:00,16.4,16.5,16.33,16.33,1602300
2023-03-23 07:00:00,16.31,16.48,16.21,16.48,1170600
2023-03-24 07:00:00,16.55,16.55,16.36,16.36,810600
2023-03-27 07:00:00,16.36,16.48,16.33,16.4,1023800
2023-03-28 07:00:00,16.43,16.5,16.26,16.31,1239600
2023-03-29 07:00:00,16.36,16.4,16.23,16.33,791000
2023-03-30 07:00:00,16.4,16.5,16.31,16.33,886400
2023-03-31 07:00:00,16.33,16.4,16.09,16.16,1228700
2023-04-03 07:00:00,16.26,16.65,16.26,16.62,2313100
2023-04-04 07:00:00,16.65,17.13,16.55,16.87,2700500
2023-04-05 07:00:00,16.84,17.13,16.77,17.04,1957000
2023-04-06 07:00:00,17.04,18.22,17.04,17.96,6151100
2023-04-07 07:00:00,17.52,17.91,17.23,17.42,2916200
2023-04-10 07:00:00,17.47,17.57,16.5,16.82,3713500
2023-04-11 07:00:00,16.99,16.99,16.6,16.84,1761500
2023-04-12 07:00:00,16.94,17.21,16.82,16.87,1852100
2023-04-13 07:00:00,16.99,17.16,16.89,17.06,2416500
2023-04-14 07:00:00,17.13,17.38,16.65,16.65,2142200
2023-04-17 07:00:00,16.5,16.74,16.5,16.6,1157500
2023-04-18 07:00:00,16.6,16.7,16.5,16.65,935500
2023-04-19 07:00:00,16.65,16.74,16.5,16.65,1159500
2023-04-20 07:00:00,16.65,16.74,16.55,16.55,806300
2023-04-21 07:00:00,16.6,16.65,16.31,16.36,1815600
2023-04-24 07:00:00,16.45,16.45,16.09,16.09,1268000
2023-04-25 07:00:00,16.09,16.26,16.02,16.07,1292500
2023-04-26 07:00:00,16.02,16.07,15.6,15.77,1779300
2023-04-27 07:00:00,15.99,16.55,15.82,16.33,1375300
2023-04-28 07:00:00,16.33,16.45,16.31,16.31,1187000
2023-05-04 07:00:00,16.26,16.33,15.92,15.92,1489600
2023-05-05 07:00:00,15.82,16.02,15.82,15.87,733900
2023-05-08 07:00:00,15.9,16.23,15.82,15.99,1490400
2023-05-09 07:00:00,16.16,16.16,15.99,16.02,667900
2023-05-10 07:00:00,16.16,16.16,15.97,15.99,1394200
2023-05-11 07:00:00,16.02,16.43,16.02,16.21,2278900
2023-05-12 07:00:00,16.33,16.33,16.07,16.16,1509200
2023-05-15 07:00:00,16.26,16.31,16.02,16.07,1240400
2023-05-16 07:00:00,16.09,16.11,15.8,15.87,2603800
2023-05-17 07:00:00,15.87,16.09,15.82,16.02,1748500
2023-05-18 07:00:00,16.04,16.07,15.87,15.92,799600
2023-05-19 07:00:00,15.87,15.94,15.6,15.6,2566300
2023-05-22 07:00:00,15.43,15.48,15.09,15.19,4563600
2023-05-23 07:00:00,15.41,15.7,15.34,15.46,2601000
2023-05-24 07:00:00,15.58,15.58,15.19,15.19,2034700
2023-05-25 07:00:00,15.19,15.26,15.07,15.14,1787500
2023-05-26 07:00:00,15.19,15.46,15.19,15.29,1122500
2023-05-29 07:00:00,15.31,15.43,15.22,15.22,2424500
2023-05-30 07:00:00,15.22,15.58,15.22,15.53,2617600
2023-05-31 07:00:00,15.58,15.63,15.43,15.48,1837700
2023-06-01 07:00:00,15.46,15.53,15.29,15.34,1933600
2023-06-02 07:00:00,15.43,15.7,15.34,15.65,4359500
2023-06-05 07:00:00,15.87,16.21,15.8,16.07,3293800
2023-06-06 07:00:00,16.09,16.26,15.87,15.92,2527000
2023-06-07 07:00:00,16.07,16.26,15.97,16.11,3420000
2023-06-08 07:00:00,16.36,16.43,15.97,15.97,3550700
2023-06-09 07:00:00,15.87,16.19,15.87,16.16,2694200
2023-06-12 07:00:00,16.38,16.4,16.04,16.21,2402300
2023-06-13 07:00:00,16.33,16.38,16.07,16.16,2403400
2023-06-14 07:00:00,16.31,16.31,16.02,16.02,2045100
2023-06-15 07:00:00,16.02,16.11,15.8,15.82,2917600
2023-06-16 07:00:00,15.94,16.11,15.8,15.82,3072300
2023-06-19 07:00:00,15.82,16.04,15.82,15.87,1627800
2023-06-20 07:00:00,15.87,15.99,15.87,15.99,901300
2023-06-21 07:00:00,16.02,16.23,15.97,16.11,1950500
2023-06-22 07:00:00,16.26,16.67,16.11,16.67,5591500
2023-06-23 07:00:00,16.7,16.72,16.43,16.67,3081200
2023-06-26 07:00:00,16.74,17.16,16.67,17.04,5796800
2023-06-27 07:00:00,17.13,17.18,16.91,17.04,2911400
2023-06-28 07:00:00,17.18,17.47,16.99,17.28,3618500
2023-06-29 07:00:00,17.38,17.38,16.91,16.91,3815500
2023-06-30 07:00:00,16.89,17.04,16.82,16.87,1941300
2023-07-03 07:00:00,17.47,17.67,17.25,17.3,3607700
2023-07-04 07:00:00,17.3,17.35,17.08,17.16,2705700
2023-07-05 07:00:00,17.23,17.5,17.23,17.28,2758000
2023-07-06 07:00:00,17.33,17.38,16.91,17.01,3046300
2023-07-07 07:00:00,16.99,17.33,16.94,17.23,2256000
2023-07-10 07:00:00,17.4,17.86,17.33,17.67,5528300
2023-07-11 07:00:00,17.86,18.01,17.67,17.72,2814800
2023-07-12 07:00:00,17.89,18.1,17.64,17.93,4663200
2023-07-13 07:00:00,18.03,18.27,17.96,18.01,2533300
2023-07-14 07:00:00,18.01,18.1,17.67,17.91,3576900
2023-07-17 07:00:00,17.91,17.98,17.72,17.79,2594600
2023-07-18 07:00:00,17.96,18.13,17.81,17.98,2981800
2023-07-19 07:00:00,18.2,18.2,17.81,17.81,2568900
2023-07-20 07:00:00,17.84,17.91,17.79,17.81,2218200
2023-07-21 07:00:00,17.84,18.2,17.84,18.15,2829600
2023-07-24 07:00:00,18.2,18.25,18.01,18.15,2646500
2023-07-25 07:00:00,18.18,18.61,18.1,18.37,3949300
2023-07-26 07:00:00,18.47,18.59,18.35,18.42,2356700
2023-07-27 07:00:00,18.52,18.54,18.1,18.25,3055200
2023-07-28 07:00:00,18.37,18.73,18.2,18.73,4677000
2023-07-31 07:00:00,19.2,19.39,19.05,19.17,5360000
2023-08-01 07:00:00,19.32,19.39,19.0,19.0,3580200
2023-08-02 07:00:00,19.0,19.07,18.78,19.0,2819800
2023-08-03 07:00:00,18.88,19.07,18.73,18.73,3358900
2023-08-04 07:00:00,18.78,19.39,18.78,19.07,2574000
2023-08-07 07:00:00,19.07,19.22,18.83,18.93,2591300
2023-08-08 07:00:00,18.93,19.27,18.9,19.2,3367400
2023-08-09 07:00:00,19.2,19.27,18.9,18.93,2134700
2023-08-10 07:00:00,18.98,19.17,18.88,18.95,2155800
2023-08-11 07:00:00,19.15,19.39,18.98,19.37,3591800
2023-08-14 07:00:00,19.54,20.26,19.41,19.9,4454000
2023-08-15 07:00:00,19.95,20.38,19.95,20.14,2702000
2023-08-16 07:00:00,20.26,20.26,19.9,20.14,2985700
2023-08-17 07:00:00,20.14,20.14,19.9,19.9,3234200
2023-08-18 07:00:00,19.9,19.9,18.69,18.95,5646800
2023-08-21 07:00:00,18.98,19.41,18.88,19.39,4000000
2023-08-22 07:00:00,19.47,19.68,18.21,19.07,2654600
2023-08-23 07:00:00,19.26,19.26,18.45,18.47,2999200
2023-08-24 07:00:00,18.52,18.68,18.29,18.68,3368200
2023-08-25 07:00:00,18.68,18.79,18.39,18.42,4245500
2023-08-28 07:00:00,18.63,19.28,18.58,19.02,4769600
2023-08-29 07:00:00,19.18,19.18,18.68,18.86,3970100
2023-08-30 07:00:00,18.94,19.1,18.76,18.97,3383300
2023-08-31 07:00:00,19.05,19.52,18.97,19.39,5562200
2023-09-05 07:00:00,19.6,19.76,19.47,19.6,2537100
2023-09-06 07:00:00,19.94,20.12,19.78,19.86,4786700
2023-09-07 07:00:00,19.97,20.23,19.73,19.86,5368600
2023-09-08 07:00:00,20.89,21.23,20.73,21.23,5629300
2023-09-11 07:00:00,21.51,21.93,21.23,21.23,7149200
2023-09-12 07:00:00,21.2,21.23,20.75,21.1,5948100
2023-09-13 07:00:00,21.23,21.51,20.36,20.6,6266400
2023-09-14 07:00:00,20.52,20.99,20.44,20.6,4678200
2023-09-15 07:00:00,20.68,20.99,20.47,20.54,2735400
2023-09-18 07:00:00,20.57,20.65,20.05,20.18,3221300
2023-09-19 07:00:00,20.41,20.73,19.94,20.52,3304200
2023-09-20 07:00:00,20.65,21.04,20.6,20.73,2833400
2023-09-21 07:00:00,20.75,20.86,20.33,20.33,3408200
2023-09-22 07:00:00,19.99,20.23,19.42,19.65,5138500
2023-09-25 07:00:00,19.73,19.99,18.68,18.86,3337400
2023-09-26 07:00:00,18.94,19.28,18.63,18.89,3064300
2023-09-27 07:00:00,18.89,19.31,18.68,19.31,2599400
2023-09-28 07:00:00,19.42,19.57,19.26,19.42,2699100
2023-09-29 07:00:00,19.7,19.73,19.28,19.36,2484100
2023-10-02 07:00:00,19.68,20.02,19.63,19.84,2758700
2023-10-03 07:00:00,19.57,20.2,19.36,19.94,4374100
2023-10-04 07:00:00,19.57,21.15,19.57,20.62,6665800
2023-10-05 07:00:00,20.73,20.96,20.26,20.26,2705300
2023-10-06 07:00:00,20.47,20.47,19.63,19.97,4005000
2023-10-09 07:00:00,19.97,21.02,19.97,20.73,4739100
2023-10-10 07:00:00,20.96,20.96,20.18,20.31,4360800
2023-10-11 07:00:00,20.31,20.62,20.15,20.62,3649300
2023-10-12 07:00:00,20.65,20.81,20.31,20.44,2948200
2023-10-13 07:00:00,20.36,20.78,20.23,20.78,4010900
2023-10-16 07:00:00,20.89,21.51,20.65,21.15,6841700
2023-10-17 07:00:00,21.23,21.25,20.05,20.05,3904200
2023-10-18 07:00:00,20.15,20.2,18.79,18.89,7040300
2023-10-19 07:00:00,18.89,19.18,18.63,18.73,2539500
2023-10-20 07:00:00,18.68,19.05,18.26,19.05,2609200
2023-10-23 07:00:00,19.05,19.05,18.37,18.5,1865000
2023-10-24 07:00:00,18.73,18.73,17.87,18.26,3267700
2023-10-25 07:00:00,18.1,18.21,17.68,17.68,4398700
2023-10-26 07:00:00,17.47,17.53,16.45,16.58,5465800
2023-10-27 07:00:00,16.56,17.21,16.03,16.74,2892200
2023-10-30 07:00:00,16.74,16.79,16.01,16.01,1326100
2023-10-31 07:00:00,16.01,16.11,14.9,14.9,3828900
2023-11-01 07:00:00,15.19,15.45,14.93,15.14,2234900
2023-11-02 07:00:00,15.61,16.19,15.48,16.19,2455600
2023-11-03 07:00:00,16.77,16.95,16.42,16.58,4041100
2023-11-06 07:00:00,16.77,16.79,16.45,16.69,1451300
2023-11-07 07:00:00,16.69,17.11,16.27,16.45,3861700
2023-11-08 07:00:00,16.42,17.37,16.37,17.24,2655500
2023-11-09 07:00:00,17.32,17.63,17.19,17.24,2762000
2023-11-10 07:00:00,16.95,17.29,16.9,16.95,2776400
2023-11-13 07:00:00,16.98,17.19,16.74,16.84,2207600
2023-11-14 07:00:00,17.13,17.16,16.9,17.08,1420200
2023-11-15 07:00:00,17.32,17.42,17.08,17.21,2380300
2023-11-16 07:00:00,17.21,17.84,17.05,17.79,3768700
2023-11-17 07:00:00,17.89,17.89,17.21,17.32,2894300
2023-11-20 07:00:00,17.0,17.34,17.0,17.26,1906900
2023-11-21 07:00:00,17.42,17.53,17.29,17.53,1157800
2023-11-22 07:00:00,17.53,17.79,17.42,17.61,1687900
2023-11-23 07:00:00,17.84,17.84,17.05,17.05,2713600
2023-11-24 07:00:00,17.05,17.21,16.58,17.21,2425800
2023-11-27 07:00:00,17.21,17.32,16.95,17.13,945800
2023-11-28 07:00:00,17.13,17.13,16.74,16.95,1323400
2023-11-29 07:00:00,17.21,17.21,16.98,17.11,1001400
2023-11-30 07:00:00,17.21,17.29,17.0,17.29,1388100
2023-12-01 07:00:00,17.29,17.5,17.19,17.42,1680700
2023-12-04 07:00:00,17.42,17.92,17.42,17.84,3149500
2023-12-05 07:00:00,18.05,18.05,17.55,17.63,2162000
2023-12-06 07:00:00,17.74,17.84,17.63,17.84,1845500
2023-12-07 07:00:00,17.89,17.97,17.45,17.63,2420600
2023-12-08 07:00:00,17.63,17.82,17.58,17.68,1304700
2023-12-11 07:00:00,17.68,17.71,17.53,17.71,811600
2023-12-12 07:00:00,17.76,17.92,17.71,17.89,2037400
2023-12-13 07:00:00,18.05,18.1,17.63,17.63,1919100
2023-12-14 07:00:00,17.79,17.79,17.37,17.42,901800
2023-12-15 07:00:00,17.42,17.55,17.19,17.19,1538100
2023-12-18 07:00:00,17.21,17.34,17.05,17.21,803000
2023-12-19 07:00:00,17.24,17.34,17.11,17.21,709800
2023-12-20 07:00:00,17.32,17.34,17.16,17.16,948500
2023-12-21 07:00:00,17.21,17.24,17.13,17.19,689000
2023-12-22 07:00:00,17.29,17.29,17.05,17.08,1527300
2023-12-25 07:00:00,17.05,17.29,17.05,17.26,789500
2023-12-26 07:00:00,17.24,17.47,17.24,17.37,876400
2023-12-27 07:00:00,17.47,17.53,17.37,17.53,1512100
2023-12-28 07:00:00,17.53,17.55,17.4,17.4,963700
2023-12-29 07:00:00,17.4,17.55,17.4,17.47,1051900
2024-01-02 07:00:00,17.42,17.95,17.42,17.84,3943700
2024-01-03 07:00:00,17.82,17.87,17.68,17.82,1530200
2024-01-04 07:00:00,17.84,18.18,17.79,17.79,3034600
2024-01-05 07:00:00,17.79,17.87,17.5,17.76,1618100
2024-01-08 07:00:00,17.76,17.87,17.63,17.63,2176500
2024-01-09 07:00:00,17.63,18.0,17.4,17.79,4027500
2024-01-10 07:00:00,17.92,17.97,17.55,17.61,2351600
2024-01-11 07:00:00,17.74,17.84,17.53,17.61,1763900
2024-01-12 07:00:00,17.45,17.55,17.11,17.19,3698100
2024-01-15 07:00:00,17.16,17.37,17.16,17.16,644600
2024-01-16 07:00:00,17.19,17.32,17.11,17.32,960000
2024-01-17 07:00:00,17.37,17.45,17.32,17.45,1062400
2024-01-18 07:00:00,17.5,17.55,17.4,17.45,982200
2024-01-19 07:00:00,17.47,17.58,17.32,17.34,1704800
2024-01-22 07:00:00,17.4,17.42,17.21,17.24,1200500
2024-01-23 07:00:00,17.26,17.29,17.05,17.16,1940500
2024-01-24 07:00:00,17.19,17.32,17.11,17.13,1110000
2024-01-25 07:00:00,17.16,17.16,16.92,16.98,1607900
2024-01-26 07:00:00,16.98,17.29,16.98,17.16,1200400
2024-01-29 07:00:00,17.4,17.84,17.4,17.61,2585500
2024-01-30 07:00:00,17.63,17.68,17.47,17.58,878800
2024-01-31 07:00:00,17.58,17.58,17.19,17.19,1778300
2024-02-01 07:00:00,17.16,17.42,17.05,17.37,1018200
2024-02-02 07:00:00,17.37,17.58,17.32,17.32,1295400
2024-02-05 07:00:00,17.32,17.5,17.26,17.47,1228100
2024-02-06 07:00:00,17.47,17.71,17.45,17.47,1629300
2024-02-07 07:00:00,17.58,17.97,17.58,17.79,2706100
2024-02-15 07:00:00,17.89,18.0,17.79,17.84,2084500
2024-02-16 07:00:00,17.84,18.03,17.76,17.89,2530300
2024-02-19 07:00:00,17.92,18.63,17.84,18.34,5087300
2024-02-20 07:00:00,18.39,18.39,18.16,18.24,1794300
2024-02-21 07:00:00,18.24,18.55,18.18,18.37,3142600
2024-02-22 07:00:00,18.37,18.42,18.1,18.16,1892400
2024-02-23 07:00:00,18.16,18.29,17.58,17.63,4009700
2024-02-26 07:00:00,17.74,18.1,17.5,17.97,1815700
2024-02-27 07:00:00,18.03,18.16,17.95,18.13,1812600
2024-02-28 07:00:00,18.31,18.71,18.13,18.31,5364100
2024-02-29 07:00:00,18.52,18.52,18.16,18.24,1755600
2024-03-01 07:00:00,18.24,18.52,18.13,18.42,2764300
2024-03-04 07:00:00,18.63,18.63,18.34,18.47,3266900
2024-03-05 07:00:00,18.47,18.79,18.42,18.52,2971000
2024-03-06 07:00:00,18.52,18.55,18.21,18.29,2395400
2024-03-07 07:00:00,18.37,18.86,18.21,18.58,4298700
2024-03-08 07:00:00,18.63,19.0,18.5,18.63,5498200
2024-03-11 07:00:00,18.68,19.05,18.52,18.86,4378900
2024-03-12 07:00:00,18.86,18.86,18.6,18.63,2793900
2024-03-13 07:00:00,18.73,19.65,18.63,19.31,8410600
2024-03-14 07:00:00,19.42,19.42,19.0,19.1,4980400
2024-03-15 07:00:00,19.1,19.39,18.79,19.1,3197200
2024-03-18 07:00:00,19.21,19.26,17.84,18.24,7123800
2024-03-19 07:00:00,18.26,18.47,18.13,18.26,1735300
2024-03-20 07:00:00,18.29,18.45,18.24,18.45,1419500
2024-03-21 07:00:00,18.63,18.66,18.45,18.63,2197600
2024-03-22 07:00:00,18.68,18.76,18.45,18.63,2542900
2024-03-25 07:00:00,18.73,18.92,18.37,18.47,2794700
2024-03-26 07:00:00,18.52,18.89,18.16,18.89,1935000
2024-03-27 07:00:00,18.92,18.97,18.76,18.81,1712400
2024-03-28 07:00:00,18.89,19.18,18.71,19.02,3377900
2024-03-29 07:00:00,19.07,19.13,18.79,18.79,2088600
2024-04-01 07:00:00,18.84,18.94,18.52,18.66,3236400
2024-04-02 07:00:00,18.66,18.79,18.37,18.79,2844900
2024-04-03 07:00:00,18.84,19.63,18.84,19.15,10329000
2024-04-04 07:00:00,19.31,19.36,18.94,18.97,2581600
2024-04-05 07:00:00,18.84,18.94,18.58,18.58,2739900
2024-04-08 07:00:00,18.58,18.63,18.21,18.21,3060400
2024-04-09 07:00:00,18.26,18.45,18.16,18.45,1689000
2024-04-10 07:00:00,18.58,18.58,18.21,18.21,1880500
2024-04-11 07:00:00,18.08,18.21,18.0,18.08,1797200
2024-04-12 07:00:00,18.1,18.24,18.05,18.21,1782100
2024-04-15 07:00:00,18.26,18.58,17.0,17.0,3412700
2024-04-16 07:00:00,17.05,17.32,16.79,17.19,2868300
2024-04-17 07:00:00,17.32,17.4,17.05,17.05,1430400
2024-04-19 07:00:00,16.82,16.9,16.29,16.37,2934100
2024-04-22 07:00:00,16.79,16.79,16.48,16.58,1096400
2024-04-23 07:00:00,16.58,16.77,16.35,16.42,864700
2024-04-24 07:00:00,16.74,16.84,16.53,16.77,1980600
2024-04-25 07:00:00,16.77,16.77,16.4,16.4,1760300
2024-04-26 07:00:00,16.4,16.61,16.35,16.58,1355700
2024-05-02 07:00:00,16.74,17.13,16.58,17.08,1795900
2024-05-03 07:00:00,17.26,17.29,16.84,16.98,983500
2024-05-06 07:00:00,17.05,17.45,17.05,17.45,1561900
2024-05-07 07:00:00,17.53,17.82,17.42,17.61,1915600
2024-05-08 07:00:00,17.4,18.05,17.32,17.89,2624300
2024-05-09 07:00:00,18.05,18.16,17.71,17.79,2592900
2024-05-10 07:00:00,17.76,17.79,17.53,17.79,1668700
2024-05-13 07:00:00,17.79,17.79,17.4,17.53,1345100
2024-05-14 07:00:00,17.58,17.68,17.42,17.68,1184700
2024-05-15 07:00:00,17.82,18.26,17.71,18.21,4024400
2024-05-16 07:00:00,18.26,18.52,18.13,18.37,2743500
2024-05-17 07:00:00,18.37,18.52,18.29,18.42,2587100
2024-05-20 07:00:00,18.58,18.84,18.34,18.39,3332100
2024-05-21 07:00:00,18.42,19.21,18.26,18.81,5576100
2024-05-22 07:00:00,19.05,19.05,18.76,18.89,3420600
2024-05-23 07:00:00,18.89,19.57,18.79,19.42,5436900
2024-05-24 07:00:00,19.23,19.34,18.31,18.66,5484200
2024-05-27 07:00:00,18.66,19.26,18.58,19.0,2142200
2024-05-28 07:00:00,19.0,19.15,18.89,19.0,2492400
2024-05-29 07:00:00,19.05,19.47,18.92,19.1,4195000
2024-05-30 07:00:00,18.84,19.05,18.66,18.89,2581800
2024-05-31 07:00:00,18.79,19.1,18.79,18.89,1436600
2024-06-03 07:00:00,19.1,20.2,18.97,20.2,13768000
2024-06-04 07:00:00,20.41,20.68,20.2,20.26,5153400
2024-06-05 07:00:00,20.36,20.54,20.2,20.39,5927500
2024-06-06 07:00:00,20.47,20.57,19.94,20.2,5550400
2024-06-07 07:00:00,20.28,20.96,20.2,20.44,5794400
2024-06-10 07:00:00,20.41,20.52,20.15,20.36,3966000
2024-06-11 07:00:00,20.49,20.81,20.33,20.47,5527800
2024-06-12 07:00:00,20.47,20.62,20.23,20.39,3571700
2024-06-13 07:00:00,20.49,20.68,20.31,20.36,4061700
2024-06-14 07:00:00,20.36,20.57,19.31,19.31,8169000
2024-06-17 07:00:00,19.31,19.78,19.26,19.57,4130100
2024-06-18 07:00:00,19.89,19.94,19.57,19.63,3374900
2024-06-19 07:00:00,19.68,20.49,19.65,19.81,5526700
2024-06-20 07:00:00,19.84,19.94,19.36,19.57,3530000
2024-06-21 07:00:00,19.73,19.99,19.57,19.6,3414400
2024-06-24 07:00:00,19.52,19.68,18.63,18.71,5453800
2024-06-25 07:00:00,18.81,19.1,18.58,19.1,2434400
2024-06-26 07:00:00,19.15,19.31,18.79,19.31,2029100
2024-06-27 07:00:00,19.31,19.89,19.26,19.42,2675700
2024-06-28 07:00:00,19.42,19.44,18.79,18.94,2903300
2024-07-01 07:00:00,19.0,19.05,18.73,19.0,1246600
2024-07-02 07:00:00,19.15,19.52,19.1,19.1,1656300
2024-07-03 07:00:00,19.31,19.65,19.1,19.44,2435700
2024-07-04 07:00:00,19.57,19.6,19.13,19.42,2017200
2024-07-05 07:00:00,19.44,19.78,19.44,19.65,4335700
2024-07-08 07:00:00,19.84,20.68,19.84,20.39,7802200
2024-07-09 07:00:00,20.52,20.73,20.18,20.2,5045800
2024-07-10 07:00:00,20.31,20.54,19.91,19.91,6043600
2024-07-11 07:00:00,20.15,20.15,19.52,19.6,4763800
2024-07-12 07:00:00,19.6,19.84,19.52,19.65,2011600
2024-07-15 07:00:00,19.73,19.97,19.63,19.7,1727200
2024-07-16 07:00:00,19.73,19.78,19.42,19.44,2150300
2024-07-17 07:00:00,19.57,19.57,18.1,18.47,6821100
2024-07-18 07:00:00,18.63,18.84,18.42,18.84,2462100
2024-07-19 07:00:00,18.84,19.0,18.5,18.63,1619100
2024-07-22 07:00:00,18.63,18.63,18.16,18.26,2923000
2024-07-23 07:00:00,18.29,18.47,18.13,18.13,1665600
2024-07-24 07:00:00,18.0,18.58,17.84,18.26,2399500
2024-07-25 07:00:00,18.29,18.37,18.05,18.37,664200
2024-07-26 07:00:00,18.34,18.58,18.34,18.52,908700
2024-07-29 07:00:00,18.58,19.0,18.58,18.86,2305200
2024-07-30 07:00:00,18.94,18.94,18.55,18.6,1123700
2024-07-31 07:00:00,18.66,18.84,18.45,18.52,1484200
2024-08-01 07:00:00,18.71,18.81,17.95,18.08,3896300
2024-08-02 07:00:00,17.95,18.37,17.84,18.37,1593900
2024-08-05 07:00:00,17.87,18.21,17.16,17.16,3324700
2024-08-06 07:00:00,17.32,17.79,17.16,17.66,2188900
2024-08-07 07:00:00,17.84,18.31,17.66,18.26,1898400
2024-08-08 07:00:00,18.21,18.5,18.05,18.24,1844900
2024-08-09 07:00:00,18.45,18.84,18.37,18.76,3201800
2024-08-12 07:00:00,19.0,19.1,18.79,18.89,2697600
2024-08-13 07:00:00,19.0,19.05,18.71,18.79,2586100
2024-08-14 07:00:00,19.0,19.23,18.89,18.94,2515300
2024-08-15 07:00:00,19.0,19.0,18.71,18.89,1837000
2024-08-16 07:00:00,19.0,19.49,18.89,19.47,5725800
2024-08-19 07:00:00,19.73,20.05,19.52,20.05,5863900
2024-08-20 07:00:00,20.1,20.31,19.97,20.05,8496700
2024-08-21 07:00:00,20.18,20.18,19.99,20.05,3938700
2024-08-22 07:00:00,19.93,20.1,19.6,19.71,3401800
2024-08-23 07:00:00,19.69,19.88,19.57,19.77,2147800
2024-08-26 07:00:00,19.88,19.88,19.33,19.33,4322600
2024-08-27 07:00:00,19.35,19.63,19.33,19.38,2920200
2024-08-28 07:00:00,19.38,19.49,19.22,19.22,1849400
2024-08-29 07:00:00,19.24,19.44,19.16,19.24,1857600
2024-08-30 07:00:00,19.27,19.55,19.27,19.3,1616800
2024-09-04 07:00:00,19.27,19.44,19.1,19.44,2110300
2024-09-05 07:00:00,19.52,19.55,19.1,19.24,1762300
2024-09-06 07:00:00,19.27,19.91,19.19,19.91,4405300
2024-09-09 07:00:00,19.74,19.85,19.33,19.63,2587100
2024-09-10 07:00:00,19.77,19.77,19.33,19.35,2856900
2024-09-11 07:00:00,19.33,19.49,19.1,19.33,2404900
2024-09-12 07:00:00,19.38,19.85,19.38,19.49,3080500
2024-09-13 07:00:00,19.57,19.8,19.44,19.66,2351100
2024-09-16 07:00:00,19.8,20.16,19.77,19.77,6637900
2024-09-17 07:00:00,19.77,19.82,19.6,19.82,1801000
2024-09-18 07:00:00,19.93,19.93,19.63,19.69,2508400
2024-09-19 07:00:00,19.74,19.8,19.49,19.71,2339800
2024-09-20 07:00:00,19.82,20.02,19.57,19.66,3219600
2024-09-23 07:00:00,19.71,19.99,19.6,19.71,2308400
2024-09-24 07:00:00,19.77,19.8,19.63,19.71,1477000
2024-09-25 07:00:00,19.77,20.13,19.71,19.99,7227100
2024-09-26 07:00:00,20.16,20.27,19.85,19.93,3918700
2024-09-27 07:00:00,20.02,20.02,19.77,19.93,2975500
2024-09-30 07:00:00,19.93,19.99,19.69,19.71,3172000
2024-10-01 07:00:00,19.77,19.93,19.69,19.69,3226000
2024-10-02 07:00:00,19.71,19.91,19.66,19.74,2604300
2024-10-03 07:00:00,19.85,19.85,19.3,19.46,4531600
2024-10-04 07:00:00,19.49,19.66,19.38,19.44,1956200
2024-10-07 07:00:00,19.52,19.55,19.3,19.38,2015400
2024-10-08 07:00:00,19.44,19.46,19.1,19.27,3273300
2024-10-09 07:00:00,19.33,19.55,19.27,19.55,1675600
2024-10-10 07:00:00,19.46,19.69,19.33,19.33,2497700
2024-10-11 07:00:00,19.38,19.49,19.33,19.49,794900
2024-10-14 07:00:00,19.6,19.6,19.3,19.38,1883600
2024-10-15 07:00:00,19.44,19.46,19.13,19.19,1498500
2024-10-16 07:00:00,19.35,19.35,18.83,18.91,2935700
2024-10-17 07:00:00,19.02,19.1,18.77,19.1,1455700
2024-10-18 07:00:00,19.13,19.24,18.99,19.05,1437300
2024-10-21 07:00:00,19.1,19.1,18.88,18.88,796500
2024-10-22 07:00:00,18.88,19.08,18.74,18.88,1346900
2024-10-23 07:00:00,18.77,18.91,18.74,18.86,1147900
2024-10-24 07:00:00,18.86,19.1,18.83,18.86,1564500
2024-10-25 07:00:00,18.94,19.08,18.86,18.86,881800
2024-10-28 07:00:00,18.86,18.97,18.8,18.94,722500
2024-10-29 07:00:00,18.97,19.38,18.97,19.35,2915100
2024-10-30 07:00:00,19.35,19.35,19.1,19.16,1106900
2024-10-31 07:00:00,19.16,19.22,18.99,19.13,1038500
2024-11-01 07:00:00,19.05,19.05,18.72,18.77,3353200
2024-11-04 07:00:00,18.69,18.8,18.38,18.52,1856000
2024-11-05 07:00:00,18.61,18.69,18.44,18.52,723600
2024-11-06 07:00:00,18.55,18.86,18.55,18.8,972900
2024-11-07 07:00:00,18.88,18.88,18.66,18.66,930400
2024-11-08 07:00:00,18.66,18.74,18.5,18.55,2217000
2024-11-11 07:00:00,18.61,18.77,18.47,18.69,1536000
2024-11-12 07:00:00,18.77,19.05,18.74,18.74,1797800
2024-11-13 07:00:00,18.8,19.02,18.61,18.86,1624600
2024-11-14 07:00:00,18.77,19.02,18.77,18.91,3113300
2024-11-15 07:00:00,18.83,18.99,18.66,18.66,1753800
2024-11-18 07:00:00,18.61,18.77,18.41,18.69,1299300
2024-11-19 07:00:00,18.69,18.77,18.55,18.55,935700
2024-11-20 07:00:00,18.55,18.83,18.27,18.72,1688600
2024-11-21 07:00:00,18.74,19.3,18.61,19.3,3209700
2024-11-22 07:00:00,19.3,19.71,19.22,19.66,5767900
2024-11-25 07:00:00,19.66,19.74,19.49,19.6,3941400
2024-11-26 07:00:00,19.66,20.21,19.66,20.13,8413000
2024-11-27 07:00:00,20.27,20.29,19.52,19.66,6489700
2024-11-28 07:00:00,19.71,19.8,19.41,19.49,2514100
2024-11-29 07:00:00,19.49,19.8,19.38,19.57,3649100
2024-12-02 07:00:00,19.71,19.8,19.3,19.74,4019400
2024-12-03 07:00:00,19.77,20.05,19.6,19.85,3602700
2024-12-04 07:00:00,19.88,20.16,19.57,19.82,8028300
2024-12-05 07:00:00,19.71,20.1,19.71,20.1,3529100
2024-12-06 07:00:00,20.13,20.88,20.13,20.21,8734000
2024-12-09 07:00:00,20.21,20.32,19.96,20.02,4063900
2024-12-10 07:00:00,20.02,20.07,19.74,19.88,3545300
2024-12-11 07:00:00,19.96,19.96,19.63,19.74,2658600
2024-12-12 07:00:00,19.77,19.82,19.6,19.63,2102900
2024-12-13 07:00:00,19.6,19.8,19.52,19.55,1740100
2024-12-16 07:00:00,19.55,19.66,19.41,19.52,2021800
2024-12-17 07:00:00,19.57,19.6,19.35,19.44,1772600
2024-12-18 07:00:00,19.44,19.57,19.24,19.52,2540600
2024-12-19 07:00:00,19.35,19.71,19.27,19.49,2378800
2024-12-20 07:00:00,19.6,19.6,19.41,19.44,1578800
2024-12-23 07:00:00,19.49,19.6,19.38,19.57,1813000
2024-12-24 07:00:00,19.6,19.85,19.46,19.69,3096800
2024-12-25 07:00:00,19.8,19.82,19.55,19.6,2538400
2024-12-26 07:00:00,19.6,19.63,19.49,19.49,1850700
2024-12-27 07:00:00,19.57,20.05,19.41,19.71,4326900
2024-12-30 07:00:00,19.77,19.93,19.63,19.63,2026200
2024-12-31 07:00:00,19.57,19.71,19.38,19.38,2228400
2025-01-02 07:00:00,19.44,19.63,19.44,19.6,1109400
2025-01-03 07:00:00,19.6,19.88,19.52,19.69,3355200
2025-01-06 07:00:00,19.71,19.8,19.16,19.38,2287800
2025-01-07 07:00:00,19.38,19.46,18.94,19.05,2434200
2025-01-08 07:00:00,18.94,19.16,18.86,19.13,1513900
2025-01-09 07:00:00,19.13,19.16,18.88,18.91,642300
2025-01-10 07:00:00,18.91,19.05,18.55,18.55,2039100
2025-01-13 07:00:00,18.5,18.88,18.44,18.88,1586800
2025-01-14 07:00:00,18.99,19.08,18.83,18.83,630800
2025-01-15 07:00:00,18.94,18.97,18.8,18.83,623900
2025-01-16 07:00:00,18.94,19.05,18.88,18.88,710100
2025-01-17 07:00:00,18.97,19.1,18.88,18.99,709200
2025-01-20 07:00:00,18.97,19.1,18.91,18.99,574600
2025-01-21 07:00:00,18.88,19.05,18.8,18.83,744500
2025-01-22 07:00:00,18.86,18.88,18.55,18.55,873000
2025-01-23 07:00:00,18.63,19.33,18.63,19.05,1355500
2025-01-24 07:00:00,19.05,19.44,19.05,19.16,1293500
2025-02-03 07:00:00,19.19,19.55,19.05,19.35,1758200
2025-02-04 07:00:00,19.49,19.63,19.35,19.44,2470700
2025-02-05 07:00:00,19.6,19.69,19.44,19.49,2556200
2025-02-06 07:00:00,19.52,19.8,19.46,19.6,1698500
2025-02-07 07:00:00,19.63,19.66,19.3,19.33,2342900
2025-02-10 07:00:00,19.38,19.44,19.05,19.05,2480800
2025-02-11 07:00:00,19.05,19.24,19.05,19.22,1388700
2025-02-12 07:00:00,19.27,19.49,19.22,19.27,2758500
2025-02-13 07:00:00,19.35,20.27,19.33,20.18,9295500
2025-02-14 07:00:00,20.27,20.38,20.02,20.02,4345900
2025-02-17 07:00:00,20.13,20.57,20.07,20.1,5293400
2025-02-18 07:00:00,20.1,20.16,19.93,20.02,3471100
2025-02-19 07:00:00,20.05,20.43,19.99,20.32,5750700
2025-02-20 07:00:00,20.32,20.71,20.24,20.6,7164600
2025-02-21 07:00:00,20.57,20.68,20.43,20.6,3810800
2025-02-24 07:00:00,20.54,20.6,20.16,20.38,4823200
2025-02-25 07:00:00,20.49,20.93,20.32,20.54,5846500
2025-02-26 07:00:00,20.77,20.93,20.54,20.57,2751100
2025-02-27 07:00:00,20.57,20.57,20.21,20.46,3457600
2025-02-28 07:00:00,20.43,20.54,20.27,20.32,2574300
2025-03-03 07:00:00,20.43,20.65,20.32,20.41,2073600
2025-03-04 07:00:00,20.32,20.52,20.18,20.41,3302800
2025-03-05 07:00:00,20.41,20.46,20.1,20.1,3364100
2025-03-06 07:00:00,20.16,20.21,19.96,20.18,3370500
2025-03-07 07:00:00,20.21,20.77,20.18,20.41,5379700
2025-03-10 07:00:00,20.49,20.49,20.21,20.32,2233800
2025-03-11 07:00:00,20.21,20.65,20.21,20.35,4708500
2025-03-12 07:00:00,20.43,20.43,20.18,20.21,2629600
2025-03-13 07:00:00,20.24,20.27,19.71,19.74,5778600
2025-03-14 07:00:00,19.77,19.91,19.69,19.74,2652900
2025-03-17 07:00:00,19.88,19.88,19.57,19.77,2047500
2025-03-18 07:00:00,19.8,19.91,19.77,19.77,1394900
2025-03-19 07:00:00,19.77,20.05,19.74,19.77,1654200
2025-03-20 07:00:00,19.77,19.88,19.66,19.71,1204200
2025-03-21 07:00:00,19.88,19.88,19.6,19.63,1500100
2025-03-24 07:00:00,19.66,19.69,19.44,19.49,1388800
2025-03-25 07:00:00,19.57,19.63,19.44,19.52,1606900
2025-03-26 07:00:00,19.57,19.8,19.44,19.6,1539700
2025-03-27 07:00:00,19.57,19.74,19.49,19.52,945700
2025-03-28 07:00:00,19.77,19.99,19.57,19.57,2503600
2025-03-31 07:00:00,19.55,19.57,19.22,19.24,2854000
2025-04-01 07:00:00,19.55,19.63,19.35,19.46,2141100
2025-04-02 07:00:00,19.66,19.82,19.52,19.55,1315000
2025-04-03 07:00:00,18.86,19.1,18.19,18.19,5661100
2025-04-04 07:00:00,16.94,17.69,16.94,17.55,3803400
2025-04-08 07:00:00,16.61,17.11,16.34,16.34,3492000
2025-04-09 07:00:00,15.2,16.39,15.2,15.42,5482600
2025-04-10 07:00:00,16.47,16.47,16.47,16.47,86000
2025-04-11 07:00:00,17.61,17.61,16.97,17.61,4703900
2025-04-14 07:00:00,17.72,18.72,17.66,18.55,3924200
2025-04-15 07:00:00,18.55,18.55,18.0,18.14,2645700
2025-04-16 07:00:00,18.0,18.25,17.89,17.97,1869900
2025-04-17 07:00:00,17.89,18.02,17.72,17.97,1464600
2025-04-18 07:00:00,18.0,18.5,18.0,18.22,2246700
2025-04-21 07:00:00,18.27,18.41,18.05,18.27,1048800
2025-04-22 07:00:00,18.11,18.33,17.0,17.72,3936500
2025-04-23 07:00:00,18.19,18.19,17.86,17.94,893300
2025-04-24 07:00:00,18.05,18.25,17.94,18.0,2014200
2025-04-25 07:00:00,18.14,18.19,17.97,18.0,1020400
2025-04-28 07:00:00,18.02,18.38,18.02,18.22,1254100
2025-04-29 07:00:00,18.05,18.33,18.05,18.11,1193000
2025-05-05 07:00:00,18.22,19.05,18.22,18.88,3269300
2025-05-06 07:00:00,18.88,19.05,18.55,18.55,2113500
2025-05-07 07:00:00,18.61,19.02,18.61,18.77,1831500
2025-05-08 07:00:00,18.8,19.05,18.61,18.94,2240200
2025-05-09 07:00:00,18.86,18.94,18.72,18.77,789500
2025-05-12 07:00:00,18.77,18.8,18.58,18.77,1210100
2025-05-13 07:00:00,18.99,18.99,18.74,18.77,1382700
2025-05-14 07:00:00,18.83,19.08,18.66,18.91,1760900
2025-05-15 07:00:00,18.94,19.1,18.8,18.97,1651800
2025-05-16 07:00:00,19.08,19.16,18.74,18.74,1766100
2025-05-19 07:00:00,18.74,18.88,18.52,18.61,2032500
2025-05-20 07:00:00,18.52,18.72,18.52,18.69,1285500
2025-05-21 07:00:00,18.72,18.72,18.38,18.5,1495300
2025-05-22 07:00:00,18.44,18.77,18.41,18.5,2867700
2025-05-23 07:00:00,18.47,18.88,18.41,18.61,2370200
2025-05-26 07:00:00,18.66,18.99,18.27,18.99,2885600
2025-05-27 07:00:00,19.02,19.16,18.69,18.8,2996700
2025-05-28 07:00:00,18.97,18.99,18.72,18.83,2261700
2025-05-29 07:00:00,18.94,18.94,18.61,18.66,2345300
2025-05-30 07:00:00,18.66,18.83,18.44,18.47,3685500
2025-06-02 07:00:00,18.47,18.63,18.25,18.52,3326800
2025-06-03 07:00:00,18.55,18.97,18.55,18.91,4316200
2025-06-04 07:00:00,18.97,18.99,18.72,18.77,2103900
2025-06-05 07:00:00,18.77,18.91,18.72,18.72,1850800
2025-06-06 07:00:00,18.83,18.83,18.61,18.61,2016500
2025-06-09 07:00:00,18.61,18.88,18.55,18.72,1663900
2025-06-10 07:00:00,18.72,19.52,18.69,19.3,6956700
2025-06-11 07:00:00,19.35,19.44,19.1,19.22,1790300
2025-06-12 07:00:00,19.22,19.66,19.22,19.44,4630300
2025-06-13 07:00:00,19.46,19.85,19.35,19.71,7252900
2025-06-16 07:00:00,20.07,20.43,20.05,20.13,5960300
2025-06-17 07:00:00,20.21,21.32,19.91,21.24,11403700
2025-06-18 07:00:00,21.35,21.51,20.96,21.21,7106800
2025-06-19 07:00:00,21.32,21.71,21.1,21.43,6383300
2025-06-20 07:00:00,21.43,21.46,21.18,21.24,3109600
2025-06-23 07:00:00,21.43,21.82,20.88,21.1,8392600
2025-06-24 07:00:00,20.88,21.13,20.77,21.1,5136300
2025-06-25 07:00:00,20.99,21.01,20.77,20.77,4741000
2025-06-26 07:00:00,20.79,21.1,20.74,21.04,3502000
2025-06-27 07:00:00,21.21,21.21,20.88,20.93,2585700
2025-06-30 07:00:00,20.99,21.37,20.99,21.32,3893000
2025-07-01 07:00:00,21.43,21.68,21.1,21.26,3709200
2025-07-02 07:00:00,21.21,21.71,21.21,21.49,4452300
2025-07-03 07:00:00,21.49,21.68,21.15,21.32,5405300
2025-07-04 07:00:00,21.37,21.54,21.18,21.29,3448900
2025-07-07 07:00:00,21.65,22.04,21.4,21.49,5379200
2025-07-08 07:00:00,21.62,21.65,21.37,21.54,2548900
2025-07-09 07:00:00,21.71,21.76,21.37,21.43,4151400
2025-07-10 07:00:00,21.57,21.6,21.4,21.43,2734300
2025-07-11 07:00:00,21.57,21.73,21.35,21.4,5590300
2025-07-14 07:00:00,21.57,21.65,21.37,21.6,6603900
2025-07-15 07:00:00,21.88,22.43,21.6,21.91,5943600
2025-07-16 07:00:00,22.23,22.29,22.0,22.06,4628300
2025-07-17 07:00:00,22.26,22.4,22.09,22.23,4792400
2025-07-18 07:00:00,22.29,22.34,22.03,22.09,3806800
2025-07-21 07:00:00,22.46,23.09,22.32,22.89,9827900
2025-07-22 07:00:00,23.12,23.32,23.06,23.27,5509800
2025-07-23 07:00:00,23.44,24.42,23.32,24.07,6676500
2025-07-24 07:00:00,24.07,24.13,23.64,23.64,4807800
2025-07-25 07:00:00,23.81,24.04,23.58,23.78,3955700
2025-07-28 07:00:00,24.04,24.1,23.76,23.93,5218500
2025-07-29 07:00:00,23.96,24.45,22.81,22.81,9726200
2025-07-30 07:00:00,23.32,23.9,23.04,23.9,6860500
2025-07-31 07:00:00,24.19,24.45,23.44,23.61,6752400
2025-08-01 07:00:00,23.9,24.13,23.32,23.87,4491400
2025-08-04 07:00:00,24.1,24.45,24.07,24.13,5955600
2025-08-05 07:00:00,24.19,24.36,23.61,23.78,7873900
2025-08-06 07:00:00,23.96,25.31,23.87,24.85,9912400
2025-08-07 07:00:00,26.55,26.55,26.55,26.55,4009700
2025-08-08 07:00:00,28.4,28.4,28.4,28.4,3222500
2025-08-11 07:00:00,29.9,29.9,27.8,28.15,17689700
2025-08-12 07:00:00,28.2,28.95,28.2,28.8,7544600
2025-08-13 07:00:00,28.8,28.95,28.5,28.65,5413300
2025-08-14 07:00:00,28.9,28.95,28.15,28.25,7251400
2025-08-15 07:00:00,28.3,28.8,28.05,28.1,4437700
2025-08-18 07:00:00,28.1,29.8,28.0,28.7,8891000
2025-08-19 07:00:00,28.75,28.9,28.2,28.25,5878400
2025-08-20 07:00:00,28.25,28.4,26.55,27.5,7342100
2025-08-21 07:00:00,27.5,27.9,27.15,27.3,4317600
2025-08-22 07:00:00,26.9,27.5,26.25,26.3,5505500
2025-08-25 07:00:00,26.6,27.05,26.0,26.0,3347500
2025-08-26 07:00:00,26.05,26.9,26.05,26.75,2217800
2025-08-27 07:00:00,27.1,27.1,26.6,26.75,3369400
2025-08-28 07:00:00,26.85,27.0,26.65,26.65,2034200
2025-08-29 07:00:00,26.95,27.2,26.7,26.7,2754200
2025-09-03 07:00:00,26.7,27.2,26.4,26.65,4596400
2025-09-04 07:00:00,26.7,26.95,26.65,26.95,4256900
2025-09-05 07:00:00,27.2,28.1,27.15,27.3,7748800
2025-09-08 07:00:00,27.3,27.65,26.45,26.5,4295700
2025-09-09 07:00:00,26.7,26.7,26.05,26.4,3508400
2025-09-10 07:00:00,26.5,26.65,26.15,26.35,2106200
2025-09-11 07:00:00,26.4,26.45,25.75,26.25,2626000
2025-09-12 07:00:00,26.45,26.85,26.3,26.65,2044100
2025-09-15 07:00:00,26.75,27.4,26.65,27.4,4718700
2025-09-16 07:00:00,27.65,27.8,27.4,27.5,5022900
2025-09-17 07:00:00,27.5,27.7,26.9,26.9,2971700
2025-09-18 07:00:00,26.8,27.1,26.45,26.55,2143400
2025-09-19 07:00:00,26.55,26.8,25.8,25.8,4849600
2025-09-22 07:00:00,26.15,26.35,25.85,25.85,2092400
2025-09-23 07:00:00,26.1,26.2,25.85,26.0,947800
2025-09-24 07:00:00,26.0,26.35,25.85,26.2,1562500
2025-09-25 07:00:00,26.35,26.8,26.3,26.65,1561800
2025-09-26 07:00:00,26.7,26.8,26.25,26.25,1637100
2025-09-29 07:00:00,26.3,26.3,26.0,26.0,1571800
2025-09-30 07:00:00,25.7,25.75,24.85,25.1,11670200
2025-10-01 07:00:00,25.1,25.3,24.95,25.0,3948800
2025-10-02 07:00:00,25.1,25.25,23.85,23.85,8470100
2025-10-03 07:00:00,23.85,24.4,23.85,24.05,4978000
2025-10-06 07:00:00,24.25,24.65,24.1,24.6,4820500
2025-10-07 07:00:00,24.9,24.9,24.05,24.05,3732000
2025-10-08 07:00:00,24.5,24.5,24.0,24.1,2837700
2025-10-09 07:00:00,24.2,24.35,24.05,24.1,3656900
2025-10-10 07:00:00,24.4,24.7,24.15,24.45,3968300
2025-10-13 07:00:00,24.4,24.4,23.95,24.2,4652700
2025-10-14 07:00:00,24.2,24.4,23.9,23.95,5768100
2025-10-15 07:00:00,24.0,24.05,23.35,23.4,8837200
2025-10-16 07:00:00,23.55,23.85,23.25,23.85,3904900
2025-10-17 07:00:00,23.9,23.95,23.15,23.15,6057500
2025-10-20 07:00:00,23.15,23.65,22.1,22.15,5348900
2025-10-21 07:00:00,22.25,23.2,22.2,23.2,5032800
2025-10-22 07:00:00,23.2,23.5,22.9,23.5,3775800
2025-10-23 07:00:00,23.5,23.65,23.1,23.3,1656700
2025-10-24 07:00:00,23.3,23.4,22.85,23.0,1801100
2025-10-27 07:00:00,23.2,23.85,22.95,23.6,5454500
2025-10-28 07:00:00,23.6,23.7,23.3,23.7,3230900
2025-10-29 07:00:00,24.0,24.25,23.85,23.95,4503900
2025-10-30 07:00:00,24.0,24.2,23.85,24.0,2785500
2025-10-31 07:00:00,24.0,24.45,23.95,24.0,5212400
2025-11-03 07:00:00,24.05,24.15,23.2,23.2,3766100
2025-11-04 07:00:00,23.2,23.7,22.6,23.7,4559900
2025-11-05 07:00:00,23.9,24.95,23.7,24.9,12026900
2025-11-06 07:00:00,24.95,24.95,24.4,24.45,3929000
2025-11-07 07:00:00,24.45,24.75,23.5,23.65,5475700
2025-11-10 07:00:00,23.7,23.9,23.3,23.3,3612600
2025-11-11 07:00:00,23.45,23.6,23.05,23.2,2725000
2025-11-12 07:00:00,23.5,23.65,23.3,23.6,2172200
2025-11-13 07:00:00,23.85,24.65,23.75,23.95,5923200
2025-11-14 07:00:00,23.85,24.1,23.75,23.85,2410900
2025-11-17 07:00:00,24.05,24.45,23.85,24.35,3941500
2025-11-18 07:00:00,24.5,24.5,23.95,24.15,3464800
2025-11-19 07:00:00,24.15,25.15,24.15,24.45,11481000
2025-11-20 07:00:00,24.7,24.7,24.1,24.25,2784500
2025-11-21 07:00:00,24.25,24.25,23.5,23.6,6398300
2025-11-24 07:00:00,23.6,23.75,23.15,23.15,5263200
2025-11-25 07:00:00,23.2,23.4,22.95,23.1,4045000
2025-11-26 07:00:00,23.15,23.6,23.15,23.45,1873200
2025-11-27 07:00:00,23.6,23.6,23.3,23.3,1743100
2025-11-28 07:00:00,23.35,23.55,23.1,23.1,2699800
2025-12-01 07:00:00,23.15,23.3,23.1,23.1,2050700
2025-12-02 07:00:00,23.1,23.25,22.9,23.0,3064400
2025-12-03 07:00:00,23.2,23.4,23.1,23.3,1881600
2025-12-04 07:00:00,23.35,23.55,23.3,23.55,2472500
2025-12-05 07:00:00,23.6,23.6,23.2,23.2,2101500
2025-12-08 07:00:00,23.15,23.25,23.05,23.15,1642500
2025-12-09 07:00:00,23.15,23.15,22.55,22.7,4175400
2025-12-10 07:00:00,22.9,22.95,22.65,22.65,2123600
2025-12-11 07:00:00,22.7,22.9,22.5,22.6,1091200
2025-12-12 07:00:00,22.6,22.8,22.0,22.0,3431900
2025-12-15 07:00:00,22.1,22.2,21.6,21.95,2669500
2025-12-16 07:00:00,22.1,22.5,21.55,22.35,2186300
2025-12-17 07:00:00,22.5,22.55,22.15,22.25,1844700
2025-12-18 07:00:00,22.25,22.3,22.1,22.25,900500
2025-12-19 07:00:00,22.3,22.5,22.0,22.5,2647200
2025-12-22 07:00:00,22.5,22.75,22.4,22.55,1808600
2025-12-23 07:00:00,22.7,22.7,22.2,22.2,1948300
2025-12-24 07:00:00,22.2,22.45,22.1,22.35,1498700
2025-12-25 07:00:00,22.35,22.6,22.15,22.15,1699500
2025-12-26 07:00:00,22.05,22.3,21.75,22.1,2237400
2025-12-29 07:00:00,22.45,22.95,22.2,22.7,3716400
2025-12-30 07:00:00,22.7,22.75,22.4,22.4,1881500
2025-12-31 07:00:00,22.4,22.6,22.25,22.25,1429700
2026-01-05 07:00:00,22.5,22.9,22.2,22.5,4704800
2026-01-06 07:00:00,22.65,23.1,22.65,22.85,4493900
2026-01-07 07:00:00,23.0,23.6,22.8,23.45,5731500
2026-01-08 07:00:00,23.85,24.1,23.4,23.5,7920400
2026-01-09 07:00:00,23.45,23.95,23.45,23.75,6041200
2026-01-12 07:00:00,23.85,24.7,23.85,24.3,8618100
2026-01-13 07:00:00,24.4,24.65,23.75,24.4,8015500
2026-01-14 07:00:00,24.65,25.5,24.2,24.9,12596300
2026-01-15 07:00:00,24.95,24.95,24.3,24.3,5419400
2026-01-16 07:00:00,24.4,24.5,24.0,24.1,4680200
2026-01-19 07:00:00,24.2,24.45,24.0,24.2,2722200
2026-01-20 07:00:00,24.3,24.7,24.15,24.3,4862900
2026-01-21 07:00:00,24.15,24.7,24.1,24.65,7793300
2026-01-22 07:00:00,24.8,26.35,24.8,25.85,18893400
2026-01-23 07:00:00,25.85,25.85,24.4,24.55,6074700
2026-01-26 07:00:00,24.55,24.6,22.85,23.0,11076900
2026-01-27 07:00:00,23.1,23.7,23.05,23.3,3200400
2026-01-28 07:00:00,23.6,23.9,23.4,23.6,3524900
2026-01-29 07:00:00,23.85,24.05,23.4,23.9,3282800
2026-01-30 07:00:00,24.25,24.25,23.85,23.95,4599700
2026-02-02 07:00:00,24.1,24.5,23.9,24.45,5514200
2026-02-03 07:00:00,24.65,25.45,24.5,24.7,9295200
2026-02-04 07:00:00,24.85,25.15,24.6,25.0,5946500
2026-02-05 07:00:00,25.35,25.75,25.0,25.0,10423200
2026-02-06 07:00:00,24.75,25.1,24.15,24.7,6412400
2026-02-09 07:00:00,24.9,25.45,24.4,25.35,6154200
2026-02-10 07:00:00,25.4,25.45,24.6,25.1,6919400
2026-02-11 07:00:00,25.1,25.55,24.8,25.25,5130300
2026-02-12 07:00:00,25.25,25.4,25.0,25.0,3259800
2026-02-13 07:00:00,25.05,25.3,24.95,25.0,4495300
2026-02-23 07:00:00,25.3,25.8,25.15,25.4,5447000
2026-02-24 07:00:00,25.65,27.15,25.5,26.9,22734000
2026-02-25 07:00:00,27.1,27.2,26.6,26.8,9320500
2026-02-26 07:00:00,27.0,27.05,26.35,26.5,8774600
2026-02-27 07:00:00,26.75,28.0,26.7,27.6,18937700
2026-03-02 07:00:00,29.5,29.5,29.0,29.5,17288600
2026-03-03 07:00:00,31.5,31.5,29.6,31.35,21491100
2026-03-04 07:00:00,32.5,32.5,29.35,30.6,27509400
2026-03-05 07:00:00,30.95,31.6,29.6,30.5,19382300
2026-03-06 07:00:00,31.05,31.5,30.5,31.15,15649900
2026-03-09 07:00:00,33.3,33.3,29.9,29.95,39829000
2026-03-10 07:00:00,30.2,32.0,30.0,31.3,16556300
2026-03-11 07:00:00,31.3,31.85,29.9,31.8,13819800
2026-03-12 07:00:00,32.35,34.0,32.35,34.0,22324700
2026-03-13 07:00:00,35.0,35.8,32.5,33.2,17041900
2026-03-16 07:00:00,33.2,33.3,30.9,30.9,11431200
2026-03-17 07:00:00,30.0,30.5,28.75,28.75,26655800
2026-03-18 07:00:00,29.0,30.75,28.85,30.75,7434500
2026-03-19 07:00:00,31.65,31.7,29.75,30.75,10387100
2026-03-20 07:00:00,30.8,30.85,28.7,28.85,9134100
2026-03-23 07:00:00,28.7,29.9,28.0,28.7,8107900
2026-03-24 07:00:00,29.75,29.75,28.45,28.8,4313800
2026-03-25 07:00:00,29.0,29.9,28.7,29.4,5732000
2026-03-26 07:00:00,29.4,31.2,28.5,31.1,12313800
2026-03-27 07:00:00,31.3,31.85,30.65,30.8,9590700
2026-03-30 07:00:00,30.95,31.7,30.8,30.85,7216500
2026-03-31 07:00:00,31.0,31.0,29.3,29.85,10183900
2026-04-01 07:00:00,30.0,30.05,28.8,28.9,8083700
2026-04-02 07:00:00,29.15,29.55,28.65,29.5,3658700
2026-04-03 07:00:00,29.55,29.65,28.8,28.8,3194800
2026-04-06 07:00:00,28.75,29.0,27.6,27.6,5406800
2026-04-07 07:00:00,28.05,28.55,27.75,27.95,3635800
2026-04-08 07:00:00,28.6,28.9,27.9,28.9,4350500
2026-04-09 07:00:00,28.75,29.45,28.4,28.5,3240000
2026-04-10 07:00:00,28.6,29.65,28.4,29.1,5892100
2026-04-13 07:00:00,29.3,29.7,29.3,29.3,3874500
2026-04-14 07:00:00,29.5,29.5,28.65,28.7,4443700
2026-04-15 07:00:00,28.8,29.0,28.3,28.35,4142400
2026-04-16 07:00:00,28.55,28.9,28.25,28.65,2675300
2026-04-17 07:00:00,28.65,29.45,28.5,28.9,5571000
2026-04-20 07:00:00,29.1,29.15,28.5,28.6,2164100
2026-04-21 07:00:00,28.7,28.75,28.2,28.2,3078500
2026-04-22 07:00:00,28.2,28.6,27.9,28.0,2836500
2026-04-23 07:00:00,28.1,28.25,26.65,27.0,6983300
2026-04-24 07:00:00,27.05,27.45,26.3,26.45,5565000
2026-04-28 07:00:00,26.55,26.95,25.5,25.65,5514300
2026-04-29 07:00:00,25.65,26.8,25.5,26.5,5017400
