time,open,high,low,close,volume
2016-11-10 07:00:00,2.21,2.33,2.09,2.19,54600
2016-11-11 07:00:00,2.2,2.2,2.15,2.19,36200
2016-11-14 07:00:00,2.17,2.2,2.16,2.18,31110
2016-11-15 07:00:00,2.17,2.29,2.17,2.21,152120
2016-11-16 07:00:00,2.29,2.29,2.21,2.27,66530
2016-11-17 07:00:00,2.31,2.33,2.21,2.27,56490
2016-11-18 07:00:00,2.31,2.31,2.21,2.27,19800
2016-11-21 07:00:00,2.27,2.31,2.21,2.26,116170
2016-11-22 07:00:00,2.21,2.27,2.21,2.25,61070
2016-11-23 07:00:00,2.25,2.25,2.19,2.21,146790
2016-11-24 07:00:00,2.22,2.22,2.18,2.18,59520
2016-11-25 07:00:00,2.19,2.21,2.17,2.2,100260
2016-11-28 07:00:00,2.2,2.21,2.18,2.21,160570
2016-11-29 07:00:00,2.2,2.21,2.17,2.2,30960
2016-11-30 07:00:00,2.22,2.32,2.2,2.32,100950
2016-12-01 07:00:00,2.29,2.32,2.25,2.27,53290
2016-12-02 07:00:00,2.32,2.32,2.24,2.27,34560
2016-12-05 07:00:00,2.32,2.32,2.24,2.28,6740
2016-12-06 07:00:00,2.28,2.28,2.23,2.26,99480
2016-12-07 07:00:00,2.24,2.26,2.22,2.26,58330
2016-12-08 07:00:00,2.28,2.28,2.22,2.24,30460
2016-12-09 07:00:00,2.24,2.26,2.22,2.24,40990
2016-12-12 07:00:00,2.24,2.24,2.21,2.23,24710
2016-12-13 07:00:00,2.19,2.22,2.15,2.21,104240
2016-12-14 07:00:00,2.18,2.21,2.14,2.21,162620
2016-12-15 07:00:00,2.21,2.21,2.19,2.21,3350
2016-12-16 07:00:00,2.21,2.21,2.18,2.21,21810
2016-12-19 07:00:00,2.22,2.22,2.18,2.22,23390
2016-12-20 07:00:00,2.24,2.24,2.24,2.24,4800
2016-12-21 07:00:00,2.24,2.24,2.23,2.24,9980
2016-12-22 07:00:00,2.22,2.23,2.17,2.23,24550
2016-12-23 07:00:00,2.16,2.23,2.13,2.23,57790
2016-12-26 07:00:00,2.23,2.23,2.14,2.23,32910
2016-12-27 07:00:00,2.23,2.23,2.16,2.23,28170
2016-12-28 07:00:00,2.23,2.23,2.23,2.23,23200
2016-12-29 07:00:00,2.16,2.23,2.14,2.23,63710
2016-12-30 07:00:00,2.2,2.2,2.16,2.2,22010
2017-01-03 07:00:00,2.21,2.22,2.1,2.1,65290
2017-01-04 07:00:00,2.08,2.15,2.08,2.15,97650
2017-01-05 07:00:00,2.15,2.16,2.12,2.12,77300
2017-01-06 07:00:00,2.12,2.17,2.12,2.17,100250
2017-01-09 07:00:00,2.17,2.2,2.15,2.2,71850
2017-01-10 07:00:00,2.16,2.2,2.16,2.18,102090
2017-01-11 07:00:00,2.16,2.2,2.16,2.2,59060
2017-01-12 07:00:00,2.22,2.22,2.18,2.22,25990
2017-01-13 07:00:00,2.21,2.22,2.21,2.22,30510
2017-01-16 07:00:00,2.18,2.23,2.18,2.22,51090
2017-01-17 07:00:00,2.2,2.22,2.18,2.22,49490
2017-01-18 07:00:00,2.19,2.22,2.16,2.21,41980
2017-01-19 07:00:00,2.11,2.22,2.11,2.21,51110
2017-01-20 07:00:00,2.18,2.22,2.18,2.22,46440
2017-01-23 07:00:00,2.22,2.22,2.18,2.2,66180
2017-01-24 07:00:00,2.2,2.2,2.16,2.2,25230
2017-01-25 07:00:00,2.14,2.23,2.14,2.22,35010
2017-02-02 07:00:00,2.22,2.22,2.13,2.22,14690
2017-02-03 07:00:00,2.16,2.22,2.14,2.2,66100
2017-02-06 07:00:00,2.2,2.2,2.17,2.18,39060
2017-02-07 07:00:00,2.16,2.2,2.16,2.2,12090
2017-02-08 07:00:00,2.16,2.2,2.16,2.2,8860
2017-02-09 07:00:00,2.16,2.2,2.16,2.2,7280
2017-02-10 07:00:00,2.17,2.2,2.17,2.2,3200
2017-02-13 07:00:00,2.2,2.2,2.16,2.17,32440
2017-02-14 07:00:00,2.17,2.17,2.17,2.17,2000
2017-02-15 07:00:00,2.17,2.19,2.16,2.18,33920
2017-02-16 07:00:00,2.18,2.22,2.16,2.18,24350
2017-02-17 07:00:00,2.18,2.18,2.14,2.14,18070
2017-02-20 07:00:00,2.1,2.19,2.1,2.17,20570
2017-02-21 07:00:00,2.18,2.18,2.16,2.17,76430
2017-02-22 07:00:00,2.17,2.24,2.17,2.2,67370
2017-02-23 07:00:00,2.23,2.23,2.19,2.19,21200
2017-02-24 07:00:00,2.16,2.21,2.16,2.2,61630
2017-02-27 07:00:00,2.18,2.22,2.16,2.22,18660
2017-02-28 07:00:00,2.22,2.23,2.18,2.22,14170
2017-03-01 07:00:00,2.22,2.22,2.17,2.18,27910
2017-03-02 07:00:00,2.18,2.21,2.14,2.18,60970
2017-03-03 07:00:00,2.2,2.2,2.08,2.16,24060
2017-03-06 07:00:00,2.17,2.17,2.15,2.15,43360
2017-03-07 07:00:00,2.19,2.19,2.15,2.18,22340
2017-03-08 07:00:00,2.18,2.24,2.17,2.22,37680
2017-03-09 07:00:00,2.29,2.32,2.23,2.3,201060
2017-03-10 07:00:00,2.36,2.36,2.28,2.32,46260
2017-03-13 07:00:00,2.24,2.3,2.24,2.29,37600
2017-03-14 07:00:00,2.3,2.3,2.2,2.24,64940
2017-03-15 07:00:00,2.19,2.24,2.19,2.21,39410
2017-03-16 07:00:00,2.18,2.21,2.18,2.2,59780
2017-03-17 07:00:00,2.2,2.24,2.19,2.23,33270
2017-03-20 07:00:00,2.23,2.24,2.2,2.23,8700
2017-03-21 07:00:00,2.2,2.28,2.2,2.23,115470
2017-03-22 07:00:00,2.23,2.24,2.2,2.2,117530
2017-03-23 07:00:00,2.22,2.22,2.18,2.2,93150
2017-03-24 07:00:00,2.2,2.22,2.19,2.19,286980
2017-03-27 07:00:00,2.2,2.26,2.2,2.24,198200
2017-03-28 07:00:00,2.28,2.28,2.21,2.24,43210
2017-03-29 07:00:00,2.24,2.26,2.23,2.24,70900
2017-03-30 07:00:00,2.22,2.24,2.22,2.23,44670
2017-03-31 07:00:00,2.24,2.24,2.21,2.23,19530
2017-04-03 07:00:00,2.23,2.23,2.21,2.21,64940
2017-04-04 07:00:00,2.21,2.23,2.2,2.23,89200
2017-04-05 07:00:00,2.22,2.28,2.22,2.26,75740
2017-04-07 07:00:00,2.28,2.28,2.23,2.23,70220
2017-04-10 07:00:00,2.24,2.24,2.21,2.22,28110
2017-04-11 07:00:00,2.21,2.21,2.2,2.2,92150
2017-04-12 07:00:00,2.24,2.24,2.19,2.19,126080
2017-04-13 07:00:00,2.2,2.2,2.18,2.18,55350
2017-04-14 07:00:00,2.2,2.2,2.16,2.2,203240
2017-04-17 07:00:00,2.2,2.2,2.16,2.16,23610
2017-04-18 07:00:00,2.16,2.18,2.16,2.16,49800
2017-04-19 07:00:00,2.22,2.22,2.16,2.2,20320
2017-04-20 07:00:00,2.18,2.2,2.14,2.16,185780
2017-04-21 07:00:00,2.1,2.16,2.1,2.15,119230
2017-04-24 07:00:00,2.14,2.16,2.1,2.14,148100
2017-04-25 07:00:00,2.16,2.16,2.12,2.16,49900
2017-04-26 07:00:00,2.18,2.22,2.16,2.18,135580
2017-04-27 07:00:00,2.18,2.22,2.1,2.18,146300
2017-04-28 07:00:00,2.14,2.19,2.11,2.19,79490
2017-05-03 07:00:00,2.18,2.2,2.17,2.19,68840
2017-05-04 07:00:00,2.18,2.34,2.18,2.32,322150
2017-05-05 07:00:00,2.34,2.34,2.27,2.32,158170
2017-05-08 07:00:00,2.34,2.47,2.32,2.47,332580
2017-05-09 07:00:00,2.54,2.56,2.34,2.4,172970
2017-05-10 07:00:00,2.42,2.42,2.36,2.39,135830
2017-05-11 07:00:00,2.37,2.44,2.32,2.41,107330
2017-05-12 07:00:00,2.4,2.58,2.34,2.56,545920
2017-05-15 07:00:00,2.63,2.74,2.63,2.74,553990
2017-05-16 07:00:00,2.74,2.81,2.67,2.67,178410
2017-05-17 07:00:00,2.67,2.67,2.54,2.6,178280
2017-05-18 07:00:00,2.54,2.58,2.47,2.47,291860
2017-05-19 07:00:00,2.47,2.63,2.47,2.62,147400
2017-05-22 07:00:00,2.62,2.69,2.58,2.58,199620
2017-05-23 07:00:00,2.58,2.58,2.48,2.49,135730
2017-05-24 07:00:00,2.49,2.53,2.49,2.49,137520
2017-05-25 07:00:00,2.49,2.6,2.46,2.54,46100
2017-05-26 07:00:00,2.65,2.69,2.54,2.65,132500
2017-05-29 07:00:00,2.67,2.67,2.62,2.66,92570
2017-05-30 07:00:00,2.69,2.69,2.54,2.56,119540
2017-05-31 07:00:00,2.6,2.69,2.56,2.67,173610
2017-06-01 07:00:00,2.63,2.69,2.63,2.68,67500
2017-06-02 07:00:00,2.71,2.71,2.6,2.65,99970
2017-06-05 07:00:00,2.65,2.67,2.6,2.64,85060
2017-06-06 07:00:00,2.65,2.69,2.63,2.63,145260
2017-06-07 07:00:00,2.6,2.69,2.6,2.6,151490
2017-06-08 07:00:00,2.67,2.67,2.63,2.65,149500
2017-06-09 07:00:00,2.65,2.71,2.65,2.67,94550
2017-06-12 07:00:00,2.65,2.73,2.65,2.69,138990
2017-06-13 07:00:00,2.67,2.87,2.67,2.87,614170
2017-06-14 07:00:00,2.89,2.97,2.87,2.97,635510
2017-06-15 07:00:00,3.04,3.04,2.88,2.93,370220
2017-06-16 07:00:00,2.93,3.06,2.93,3.04,553620
2017-06-19 07:00:00,3.15,3.17,2.88,2.97,878890
2017-06-20 07:00:00,2.97,3.06,2.93,2.93,690240
2017-06-21 07:00:00,2.93,2.95,2.9,2.93,189920
2017-06-22 07:00:00,2.93,2.96,2.91,2.92,384190
2017-06-23 07:00:00,2.91,2.96,2.88,2.91,213940
2017-06-26 07:00:00,2.91,3.1,2.91,3.1,940490
2017-06-27 07:00:00,3.17,3.28,3.15,3.23,620380
2017-06-28 07:00:00,3.23,3.26,3.12,3.19,252030
2017-06-29 07:00:00,3.19,3.41,3.17,3.34,1664500
2017-06-30 07:00:00,3.43,3.43,3.3,3.32,283380
2017-07-03 07:00:00,3.35,3.55,3.29,3.41,684940
2017-07-04 07:00:00,3.41,3.48,3.33,3.41,313570
2017-07-05 07:00:00,3.35,3.43,3.34,3.38,580790
2017-07-06 07:00:00,3.36,3.41,3.35,3.38,213080
2017-07-07 07:00:00,3.34,3.34,3.17,3.19,709930
2017-07-10 07:00:00,3.21,3.26,3.15,3.17,639030
2017-07-11 07:00:00,3.17,3.23,3.12,3.12,534300
2017-07-12 07:00:00,3.19,3.19,3.12,3.17,156290
2017-07-13 07:00:00,3.14,3.32,3.03,3.17,1163660
2017-07-14 07:00:00,3.17,3.27,3.08,3.12,743380
2017-07-17 07:00:00,3.12,3.17,3.04,3.04,418560
2017-07-18 07:00:00,3.06,3.15,3.04,3.08,283280
2017-07-19 07:00:00,3.12,3.15,3.04,3.04,418980
2017-07-20 07:00:00,3.04,3.06,2.96,3.02,185700
2017-07-21 07:00:00,3.02,3.14,3.0,3.04,540250
2017-07-24 07:00:00,3.06,3.14,3.06,3.14,348080
2017-07-25 07:00:00,3.19,3.2,3.14,3.19,302200
2017-07-26 07:00:00,3.23,3.41,3.22,3.41,603240
2017-07-27 07:00:00,3.5,3.5,3.36,3.41,220290
2017-07-28 07:00:00,3.41,3.61,3.36,3.54,1233670
2017-07-31 07:00:00,3.5,3.54,3.45,3.48,325450
2017-08-01 07:00:00,3.45,3.5,3.45,3.5,254390
2017-08-02 07:00:00,3.41,3.5,3.39,3.47,516260
2017-08-03 07:00:00,3.5,3.72,3.5,3.61,959570
2017-08-04 07:00:00,3.72,3.72,3.56,3.57,337500
2017-08-07 07:00:00,3.57,3.61,3.5,3.61,139280
2017-08-08 07:00:00,3.62,3.62,3.43,3.47,632920
2017-08-09 07:00:00,3.5,3.58,3.28,3.41,816280
2017-08-10 07:00:00,3.45,3.47,3.41,3.45,271120
2017-08-11 07:00:00,3.41,3.61,3.41,3.51,354230
2017-08-14 07:00:00,3.52,3.56,3.47,3.54,494820
2017-08-15 07:00:00,3.57,3.57,3.5,3.52,618000
2017-08-16 07:00:00,3.52,3.52,3.46,3.52,226350
2017-08-17 07:00:00,3.52,3.57,3.5,3.52,228520
2017-08-18 07:00:00,3.52,3.72,3.52,3.58,777690
2017-08-21 07:00:00,3.61,3.82,3.61,3.82,817830
2017-08-22 07:00:00,3.82,3.96,3.72,3.76,758190
2017-08-23 07:00:00,3.76,3.8,3.74,3.79,517120
2017-08-24 07:00:00,3.78,3.79,3.72,3.79,547660
2017-08-25 07:00:00,3.87,3.91,3.79,3.82,834000
2017-08-28 07:00:00,3.87,3.87,3.72,3.78,547730
2017-08-29 07:00:00,3.78,3.82,3.67,3.76,584490
2017-08-30 07:00:00,3.76,3.77,3.69,3.7,518810
2017-08-31 07:00:00,3.72,3.85,3.72,3.79,623480
2017-09-01 07:00:00,3.89,3.89,3.78,3.85,377000
2017-09-05 07:00:00,3.82,3.93,3.82,3.87,485790
2017-09-06 07:00:00,3.87,3.93,3.73,3.85,924720
2017-09-07 07:00:00,3.87,3.87,3.72,3.74,674910
2017-09-08 07:00:00,3.74,3.8,3.73,3.74,448920
2017-09-11 07:00:00,3.72,3.76,3.65,3.65,588820
2017-09-12 07:00:00,3.58,3.7,3.58,3.67,412040
2017-09-13 07:00:00,3.64,3.72,3.64,3.66,422240
2017-09-14 07:00:00,3.67,3.68,3.63,3.63,423780
2017-09-15 07:00:00,3.61,3.66,3.44,3.66,402160
2017-09-18 07:00:00,3.66,3.82,3.66,3.82,424850
2017-09-19 07:00:00,3.74,3.8,3.74,3.77,520170
2017-09-20 07:00:00,3.77,3.79,3.75,3.77,419030
2017-09-21 07:00:00,3.77,3.79,3.75,3.78,466160
2017-09-22 07:00:00,3.8,3.96,3.78,3.91,788380
2017-09-25 07:00:00,3.93,3.99,3.86,3.97,460290
2017-09-26 07:00:00,3.91,4.13,3.89,4.03,836260
2017-09-27 07:00:00,4.03,4.08,3.97,4.03,706350
2017-09-28 07:00:00,4.03,4.08,3.91,4.03,909940
2017-09-29 07:00:00,4.0,4.03,3.91,3.93,508810
2017-10-02 07:00:00,3.93,4.0,3.8,3.8,607420
2017-10-03 07:00:00,3.8,3.92,3.74,3.86,346350
2017-10-04 07:00:00,3.91,3.91,3.87,3.9,312580
2017-10-05 07:00:00,3.91,3.91,3.86,3.87,372640
2017-10-06 07:00:00,3.87,3.89,3.78,3.85,559350
2017-10-09 07:00:00,3.85,3.96,3.8,3.96,634710
2017-10-10 07:00:00,3.96,4.01,3.93,3.93,699400
2017-10-11 07:00:00,3.93,4.0,3.92,3.94,608330
2017-10-12 07:00:00,3.94,4.01,3.91,3.98,449570
2017-10-13 07:00:00,4.0,4.09,3.96,4.02,457500
2017-10-16 07:00:00,4.02,4.02,3.98,3.98,454360
2017-10-17 07:00:00,3.98,4.01,3.96,3.97,415610
2017-10-18 07:00:00,3.97,3.97,3.9,3.97,601160
2017-10-19 07:00:00,3.93,3.93,3.87,3.87,149510
2017-10-20 07:00:00,3.87,3.93,3.82,3.87,114980
2017-10-23 07:00:00,3.82,3.87,3.62,3.86,699230
2017-10-24 07:00:00,3.86,3.93,3.8,3.92,642890
2017-10-25 07:00:00,3.93,3.93,3.87,3.89,395010
2017-10-26 07:00:00,3.89,3.92,3.8,3.85,348140
2017-10-27 07:00:00,3.85,3.87,3.81,3.87,316140
2017-10-30 07:00:00,3.91,3.91,3.8,3.87,217830
2017-10-31 07:00:00,3.81,3.84,3.76,3.84,90080
2017-11-01 07:00:00,3.85,3.85,3.72,3.8,127800
2017-11-02 07:00:00,3.8,3.8,3.67,3.76,397270
2017-11-03 07:00:00,3.72,3.76,3.69,3.69,266110
2017-11-06 07:00:00,3.63,3.69,3.54,3.61,269290
2017-11-07 07:00:00,3.63,3.78,3.57,3.72,623240
2017-11-08 07:00:00,3.76,3.76,3.67,3.67,390000
2017-11-09 07:00:00,3.67,3.73,3.63,3.63,199730
2017-11-10 07:00:00,3.61,3.69,3.61,3.68,315690
2017-11-13 07:00:00,3.7,3.72,3.63,3.64,248810
2017-11-14 07:00:00,3.65,3.69,3.61,3.63,243930
2017-11-15 07:00:00,3.63,3.65,3.58,3.63,214810
2017-11-16 07:00:00,3.64,3.85,3.63,3.85,1044250
2017-11-17 07:00:00,3.87,3.91,3.85,3.85,569890
2017-11-20 07:00:00,3.85,3.89,3.78,3.85,583320
2017-11-21 07:00:00,3.78,3.85,3.72,3.78,250920
2017-11-22 07:00:00,3.78,3.78,3.69,3.75,197300
2017-11-23 07:00:00,3.74,3.75,3.64,3.72,300640
2017-11-24 07:00:00,3.72,3.76,3.63,3.74,390520
2017-11-27 07:00:00,3.74,3.8,3.65,3.74,588710
2017-11-28 07:00:00,3.74,3.75,3.67,3.75,399830
2017-11-29 07:00:00,3.75,3.76,3.67,3.74,270590
2017-11-30 07:00:00,3.72,3.72,3.64,3.65,386040
2017-12-01 07:00:00,3.67,3.67,3.41,3.65,477240
2017-12-04 07:00:00,3.65,3.69,3.56,3.66,245060
2017-12-05 07:00:00,3.66,3.66,3.56,3.61,128170
2017-12-06 07:00:00,3.61,3.61,3.54,3.58,81340
2017-12-07 07:00:00,3.58,3.6,3.5,3.58,111770
2017-12-08 07:00:00,3.58,3.58,3.55,3.58,60250
2017-12-11 07:00:00,3.58,3.58,3.5,3.58,66590
2017-12-12 07:00:00,3.52,3.57,3.41,3.56,241280
2017-12-13 07:00:00,3.54,3.54,3.5,3.54,211420
2017-12-14 07:00:00,3.54,3.56,3.47,3.54,238230
2017-12-15 07:00:00,3.54,3.56,3.5,3.54,135060
2017-12-18 07:00:00,3.54,3.72,3.47,3.69,732440
2017-12-19 07:00:00,3.69,3.7,3.61,3.65,205620
2017-12-20 07:00:00,3.65,3.72,3.65,3.72,528900
2017-12-21 07:00:00,3.72,3.72,3.63,3.65,175670
2017-12-22 07:00:00,3.65,3.67,3.55,3.67,356970
2017-12-25 07:00:00,3.65,3.69,3.65,3.67,246380
2017-12-26 07:00:00,3.67,3.67,3.61,3.67,419900
2017-12-27 07:00:00,3.61,3.74,3.61,3.69,415080
2017-12-28 07:00:00,3.67,3.67,3.61,3.61,71540
2017-12-29 07:00:00,3.65,3.66,3.56,3.6,198670
2018-01-02 07:00:00,3.6,3.6,3.53,3.53,73580
2018-01-03 07:00:00,3.53,3.56,3.52,3.53,71970
2018-01-04 07:00:00,3.53,3.54,3.5,3.5,123790
2018-01-05 07:00:00,3.53,3.53,3.41,3.5,130200
2018-01-08 07:00:00,3.45,3.5,3.39,3.41,158850
2018-01-09 07:00:00,3.44,3.44,3.26,3.28,482150
2018-01-10 07:00:00,3.28,3.39,3.21,3.39,343170
2018-01-11 07:00:00,3.39,3.52,3.28,3.42,379680
2018-01-12 07:00:00,3.36,3.42,3.33,3.36,51530
2018-01-15 07:00:00,3.33,3.33,3.28,3.31,132700
2018-01-16 07:00:00,3.27,3.29,3.21,3.27,144230
2018-01-17 07:00:00,3.22,3.28,3.22,3.22,136540
2018-01-18 07:00:00,3.22,3.28,3.21,3.28,227390
2018-01-19 07:00:00,3.3,3.32,3.21,3.32,175780
2018-01-22 07:00:00,3.33,3.33,3.21,3.28,239630
2018-01-25 07:00:00,3.23,3.32,3.19,3.27,436050
2018-01-26 07:00:00,3.23,3.27,3.21,3.27,316710
2018-01-29 07:00:00,3.28,3.28,3.17,3.23,317850
2018-01-30 07:00:00,3.21,3.22,3.12,3.21,128930
2018-01-31 07:00:00,3.17,3.34,3.17,3.31,506990
2018-02-01 07:00:00,3.31,3.32,3.24,3.32,154890
2018-02-02 07:00:00,3.28,3.32,3.23,3.32,118460
2018-02-05 07:00:00,3.32,3.32,3.1,3.23,198410
2018-02-06 07:00:00,3.04,3.18,3.02,3.1,383330
2018-02-07 07:00:00,3.11,3.23,3.08,3.08,231850
2018-02-08 07:00:00,3.08,3.08,2.95,2.95,272130
2018-02-09 07:00:00,2.95,2.95,2.82,2.95,263190
2018-02-12 07:00:00,2.99,3.15,2.95,3.15,169060
2018-02-13 07:00:00,3.21,3.23,3.15,3.19,353340
2018-02-21 07:00:00,3.28,3.28,3.14,3.21,99040
2018-02-22 07:00:00,3.17,3.19,3.08,3.15,179440
2018-02-23 07:00:00,3.15,3.19,3.08,3.17,439510
2018-02-26 07:00:00,3.17,3.17,3.04,3.12,157080
2018-02-27 07:00:00,3.08,3.1,2.99,2.99,140860
2018-02-28 07:00:00,3.02,3.04,2.98,3.04,334160
2018-03-01 07:00:00,2.97,3.04,2.86,3.02,262270
2018-03-02 07:00:00,2.91,3.03,2.91,3.02,142400
2018-03-05 07:00:00,3.02,3.02,2.94,2.94,292250
2018-03-06 07:00:00,2.86,2.95,2.86,2.95,139970
2018-03-07 07:00:00,2.95,2.95,2.8,2.88,299740
2018-03-08 07:00:00,2.88,2.95,2.88,2.91,72770
2018-03-09 07:00:00,2.88,2.93,2.86,2.93,121570
2018-03-12 07:00:00,2.95,3.1,2.95,3.06,162180
2018-03-13 07:00:00,3.02,3.02,2.99,3.02,95890
2018-03-14 07:00:00,3.05,3.06,2.99,3.02,339330
2018-03-15 07:00:00,2.97,3.04,2.97,3.04,601620
2018-03-16 07:00:00,3.05,3.19,3.05,3.11,247480
2018-03-19 07:00:00,3.15,3.2,3.15,3.17,534250
2018-03-20 07:00:00,3.17,3.18,3.15,3.15,842010
2018-03-21 07:00:00,3.18,3.32,3.17,3.21,535510
2018-03-22 07:00:00,3.23,3.26,3.17,3.21,621980
2018-03-23 07:00:00,3.11,3.19,3.11,3.19,83900
2018-03-26 07:00:00,3.12,3.2,3.12,3.19,201810
2018-03-27 07:00:00,3.19,3.23,3.14,3.14,95330
2018-03-28 07:00:00,3.12,3.18,3.1,3.14,48030
2018-03-29 07:00:00,3.14,3.19,3.14,3.17,169690
2018-03-30 07:00:00,3.22,3.39,3.22,3.39,652600
2018-04-02 07:00:00,3.5,3.58,3.41,3.56,785980
2018-04-03 07:00:00,3.57,3.72,3.51,3.65,1046750
2018-04-04 07:00:00,3.65,3.78,3.61,3.69,675990
2018-04-05 07:00:00,3.77,3.89,3.69,3.78,902940
2018-04-06 07:00:00,3.82,3.89,3.78,3.85,566780
2018-04-09 07:00:00,3.85,3.93,3.77,3.89,834830
2018-04-10 07:00:00,3.89,3.93,3.73,3.82,611810
2018-04-11 07:00:00,3.82,3.91,3.79,3.82,449800
2018-04-12 07:00:00,3.8,3.96,3.78,3.93,749760
2018-04-13 07:00:00,3.98,4.06,3.94,4.01,1226350
2018-04-16 07:00:00,3.93,4.01,3.93,3.93,284930
2018-04-17 07:00:00,3.93,3.93,3.82,3.93,454510
2018-04-18 07:00:00,3.91,3.91,3.8,3.8,367150
2018-04-19 07:00:00,3.76,3.76,3.7,3.76,701270
2018-04-20 07:00:00,3.72,3.85,3.72,3.85,618980
2018-04-23 07:00:00,3.85,4.0,3.85,3.85,384860
2018-04-24 07:00:00,3.8,3.87,3.8,3.85,215020
2018-04-26 07:00:00,3.82,3.87,3.7,3.76,352950
2018-04-27 07:00:00,3.68,3.8,3.63,3.8,267520
2018-05-02 07:00:00,3.82,3.87,3.76,3.78,201150
2018-05-03 07:00:00,3.76,3.76,3.67,3.72,464840
2018-05-04 07:00:00,3.72,3.77,3.69,3.77,364960
2018-05-07 07:00:00,3.73,3.77,3.69,3.76,284630
2018-05-08 07:00:00,3.78,3.78,3.52,3.52,582720
2018-05-09 07:00:00,3.56,3.65,3.53,3.54,613670
2018-05-10 07:00:00,3.54,3.54,3.3,3.32,802240
2018-05-11 07:00:00,3.32,3.39,3.26,3.35,163970
2018-05-14 07:00:00,3.35,3.41,3.32,3.4,89120
2018-05-15 07:00:00,3.42,3.63,3.42,3.6,315910
2018-05-16 07:00:00,3.58,3.62,3.56,3.58,120410
2018-05-17 07:00:00,3.52,3.78,3.52,3.72,130730
2018-05-18 07:00:00,3.62,3.74,3.62,3.72,112950
2018-05-21 07:00:00,3.68,3.73,3.67,3.69,44760
2018-05-22 07:00:00,3.62,3.7,3.54,3.56,189290
2018-05-23 07:00:00,3.6,3.64,3.52,3.56,248810
2018-05-24 07:00:00,3.54,3.64,3.54,3.62,76730
2018-05-25 07:00:00,3.56,3.63,3.54,3.54,143060
2018-05-28 07:00:00,3.5,3.58,3.3,3.35,281780
2018-05-29 07:00:00,3.32,3.58,3.32,3.54,159640
2018-05-30 07:00:00,3.43,3.54,3.43,3.54,27800
2018-05-31 07:00:00,3.45,3.58,3.45,3.58,87970
2018-06-01 07:00:00,3.5,3.63,3.5,3.54,149650
2018-06-04 07:00:00,3.5,3.55,3.48,3.5,220660
2018-06-05 07:00:00,3.5,3.54,3.46,3.54,147940
2018-06-06 07:00:00,3.53,3.76,3.51,3.76,473880
2018-06-07 07:00:00,3.78,3.8,3.65,3.65,187840
2018-06-08 07:00:00,3.61,3.67,3.61,3.67,95340
2018-06-11 07:00:00,3.64,3.67,3.61,3.64,135780
2018-06-12 07:00:00,3.61,3.61,3.5,3.56,270980
2018-06-13 07:00:00,3.56,3.69,3.54,3.68,483090
2018-06-14 07:00:00,3.69,3.74,3.57,3.65,40980
2018-06-15 07:00:00,3.63,3.67,3.58,3.61,123610
2018-06-18 07:00:00,3.58,3.61,3.47,3.5,671080
2018-06-19 07:00:00,3.43,3.5,3.3,3.48,395630
2018-06-20 07:00:00,3.42,3.51,3.42,3.5,122190
2018-06-21 07:00:00,3.43,3.52,3.43,3.48,21400
2018-06-22 07:00:00,3.43,3.54,3.43,3.54,176930
2018-06-25 07:00:00,3.54,3.56,3.5,3.56,425250
2018-06-26 07:00:00,3.45,3.56,3.45,3.52,160640
2018-06-27 07:00:00,3.56,3.65,3.56,3.59,155790
2018-06-28 07:00:00,3.59,3.59,3.42,3.56,19130
2018-06-29 07:00:00,3.42,3.54,3.42,3.49,47240
2018-07-02 07:00:00,3.43,3.49,3.25,3.32,109470
2018-07-03 07:00:00,3.32,3.41,3.2,3.25,222530
2018-07-04 07:00:00,3.25,3.3,3.13,3.3,126380
2018-07-05 07:00:00,3.3,3.3,3.13,3.22,135710
2018-07-06 07:00:00,3.1,3.29,3.1,3.26,116080
2018-07-09 07:00:00,3.26,3.26,3.13,3.22,99690
2018-07-10 07:00:00,3.13,3.2,3.08,3.12,194240
2018-07-11 07:00:00,3.09,3.09,2.91,3.0,281910
2018-07-12 07:00:00,2.93,3.02,2.86,2.93,292910
2018-07-13 07:00:00,2.97,3.12,2.93,3.05,329220
2018-07-16 07:00:00,3.05,3.08,2.98,3.08,10050
2018-07-17 07:00:00,2.98,3.09,2.97,3.08,63070
2018-07-18 07:00:00,3.1,3.25,3.05,3.25,79910
2018-07-19 07:00:00,3.18,3.25,3.15,3.22,69220
2018-07-20 07:00:00,3.15,3.2,3.08,3.12,42740
2018-07-23 07:00:00,3.16,3.18,2.93,3.0,145930
2018-07-24 07:00:00,3.03,3.13,3.03,3.05,229730
2018-07-25 07:00:00,3.1,3.14,3.07,3.07,147960
2018-07-26 07:00:00,3.08,3.27,3.07,3.27,428170
2018-07-27 07:00:00,3.3,3.4,3.3,3.31,185200
2018-07-30 07:00:00,3.32,3.42,3.27,3.4,81380
2018-07-31 07:00:00,3.35,3.47,3.34,3.47,245620
2018-08-01 07:00:00,3.42,3.49,3.42,3.47,285950
2018-08-02 07:00:00,3.42,3.44,3.4,3.42,230490
2018-08-03 07:00:00,3.4,3.42,3.27,3.29,107240
2018-08-06 07:00:00,3.2,3.32,3.2,3.29,73080
2018-08-07 07:00:00,3.25,3.29,3.2,3.2,55990
2018-08-08 07:00:00,3.2,3.27,3.2,3.21,74240
2018-08-09 07:00:00,3.21,3.29,3.21,3.29,71540
2018-08-10 07:00:00,3.21,3.29,3.2,3.25,134420
2018-08-13 07:00:00,3.2,3.25,3.18,3.18,155520
2018-08-14 07:00:00,3.18,3.25,3.18,3.22,56700
2018-08-15 07:00:00,3.2,3.21,3.15,3.18,130530
2018-08-16 07:00:00,3.18,3.18,3.1,3.18,156560
2018-08-17 07:00:00,3.18,3.21,3.18,3.18,110280
2018-08-20 07:00:00,3.13,3.18,3.1,3.18,81540
2018-08-21 07:00:00,3.15,3.25,3.12,3.18,79990
2018-08-22 07:00:00,3.18,3.31,3.18,3.21,61530
2018-08-23 07:00:00,3.2,3.29,3.19,3.21,12110
2018-08-24 07:00:00,3.2,3.22,3.2,3.2,75780
2018-08-27 07:00:00,3.2,3.22,3.15,3.18,88620
2018-08-28 07:00:00,3.15,3.2,3.13,3.18,99000
2018-08-29 07:00:00,3.18,3.2,3.1,3.2,91270
2018-08-30 07:00:00,3.15,3.21,3.13,3.2,65870
2018-08-31 07:00:00,3.2,3.2,3.14,3.18,57050
2018-09-04 07:00:00,3.15,3.2,3.15,3.18,75730
2018-09-05 07:00:00,3.18,3.21,3.15,3.18,101270
2018-09-06 07:00:00,3.16,3.18,3.15,3.16,56400
2018-09-07 07:00:00,3.15,3.16,3.15,3.16,30000
2018-09-10 07:00:00,3.16,3.18,3.15,3.16,31610
2018-09-11 07:00:00,3.16,3.16,3.14,3.16,121730
2018-09-12 07:00:00,3.16,3.19,3.15,3.19,158100
2018-09-13 07:00:00,3.2,3.41,3.2,3.31,218800
2018-09-14 07:00:00,3.3,3.37,3.3,3.35,133720
2018-09-17 07:00:00,3.34,3.35,3.27,3.3,81380
2018-09-18 07:00:00,3.27,3.32,3.25,3.32,131340
2018-09-19 07:00:00,3.32,3.34,3.27,3.27,83860
2018-09-20 07:00:00,3.27,3.32,3.25,3.27,98560
2018-09-21 07:00:00,3.3,3.38,3.3,3.37,259340
2018-09-24 07:00:00,3.37,3.4,3.34,3.37,169340
2018-09-25 07:00:00,3.37,3.54,3.37,3.49,299320
2018-09-26 07:00:00,3.49,3.6,3.49,3.53,147950
2018-09-27 07:00:00,3.53,3.54,3.49,3.52,115330
2018-09-28 07:00:00,3.51,3.53,3.48,3.48,367060
2018-10-01 07:00:00,3.47,3.48,3.41,3.42,182310
2018-10-02 07:00:00,3.37,3.41,3.37,3.41,42400
2018-10-03 07:00:00,3.37,3.41,3.31,3.34,135010
2018-10-04 07:00:00,3.34,3.44,3.34,3.42,142650
2018-10-05 07:00:00,3.41,3.42,3.37,3.37,76300
2018-10-08 07:00:00,3.4,3.42,3.35,3.42,414920
2018-10-09 07:00:00,3.44,3.49,3.42,3.44,136520
2018-10-10 07:00:00,3.42,3.44,3.38,3.43,49390
2018-10-11 07:00:00,3.32,3.38,3.27,3.32,230090
2018-10-12 07:00:00,3.29,3.35,3.29,3.32,95200
2018-10-15 07:00:00,3.29,3.35,3.29,3.32,88130
2018-10-16 07:00:00,3.31,3.37,3.3,3.37,78320
2018-10-17 07:00:00,3.35,3.4,3.35,3.38,21420
2018-10-18 07:00:00,3.37,3.4,3.35,3.4,10780
2018-10-19 07:00:00,3.37,3.37,3.34,3.37,37700
2018-10-22 07:00:00,3.37,3.4,3.32,3.36,63790
2018-10-23 07:00:00,3.31,3.36,3.3,3.32,105070
2018-10-24 07:00:00,3.3,3.32,3.27,3.27,112760
2018-10-25 07:00:00,3.18,3.22,3.05,3.22,175350
2018-10-26 07:00:00,3.19,3.2,3.13,3.16,113880
2018-10-29 07:00:00,3.07,3.18,3.05,3.16,98450
2018-10-30 07:00:00,3.14,3.2,3.09,3.16,31440
2018-10-31 07:00:00,3.13,3.18,3.08,3.15,125100
2018-11-01 07:00:00,3.14,3.15,3.12,3.15,60230
2018-11-02 07:00:00,3.13,3.22,3.13,3.22,98280
2018-11-05 07:00:00,3.18,3.36,3.18,3.3,110680
2018-11-06 07:00:00,3.25,3.3,3.25,3.3,13630
2018-11-07 07:00:00,3.26,3.42,3.25,3.4,188070
2018-11-08 07:00:00,3.42,3.47,3.37,3.4,162260
2018-11-09 07:00:00,3.43,3.43,3.35,3.4,40690
2018-11-12 07:00:00,3.34,3.4,3.34,3.38,43110
2018-11-13 07:00:00,3.34,3.4,3.34,3.38,89520
2018-11-14 07:00:00,3.36,3.38,3.36,3.38,49050
2018-11-15 07:00:00,3.36,3.38,3.36,3.38,10610
2018-11-16 07:00:00,3.38,3.42,3.35,3.42,44190
2018-11-19 07:00:00,3.37,3.42,3.37,3.41,29640
2018-11-20 07:00:00,3.41,3.42,3.38,3.41,21030
2018-11-21 07:00:00,3.41,3.41,3.35,3.41,33570
2018-11-22 07:00:00,3.36,3.41,3.36,3.4,25630
2018-11-23 07:00:00,3.4,3.4,3.37,3.37,9800
2018-11-26 07:00:00,3.37,3.4,3.36,3.36,26700
2018-11-27 07:00:00,3.36,3.41,3.36,3.37,70830
2018-11-28 07:00:00,3.37,3.4,3.36,3.4,23430
2018-11-29 07:00:00,3.37,3.41,3.37,3.4,58360
2018-11-30 07:00:00,3.4,3.4,3.38,3.4,12880
2018-12-03 07:00:00,3.4,3.54,3.37,3.51,278070
2018-12-04 07:00:00,3.51,3.54,3.46,3.48,79250
2018-12-05 07:00:00,3.44,3.48,3.41,3.44,42410
2018-12-06 07:00:00,3.44,3.64,3.44,3.57,329820
2018-12-07 07:00:00,3.58,3.66,3.57,3.59,188320
2018-12-10 07:00:00,3.59,3.62,3.54,3.59,59010
2018-12-11 07:00:00,3.56,3.57,3.48,3.53,81970
2018-12-12 07:00:00,3.49,3.54,3.44,3.47,54330
2018-12-13 07:00:00,3.49,3.54,3.48,3.49,54960
2018-12-14 07:00:00,3.49,3.54,3.46,3.46,78600
2018-12-17 07:00:00,3.46,3.47,3.42,3.42,63350
2018-12-18 07:00:00,3.4,3.49,3.4,3.42,29930
2018-12-19 07:00:00,3.42,3.44,3.41,3.43,25390
2018-12-20 07:00:00,3.43,3.47,3.4,3.43,44470
2018-12-21 07:00:00,3.43,3.52,3.4,3.51,81900
2018-12-24 07:00:00,3.51,3.54,3.44,3.51,55530
2018-12-25 07:00:00,3.4,3.49,3.37,3.44,100440
2018-12-26 07:00:00,3.42,3.49,3.42,3.44,28630
2018-12-27 07:00:00,3.44,3.47,3.42,3.46,71190
2018-12-28 07:00:00,3.44,3.49,3.42,3.42,29760
2019-01-02 07:00:00,3.43,3.47,3.42,3.47,13950
2019-01-03 07:00:00,3.42,3.47,3.4,3.46,51570
2019-01-04 07:00:00,3.42,3.46,3.42,3.44,46990
2019-01-07 07:00:00,3.42,3.47,3.4,3.42,39600
2019-01-08 07:00:00,3.44,3.49,3.42,3.47,35990
2019-01-09 07:00:00,3.49,3.57,3.49,3.54,154260
2019-01-10 07:00:00,3.54,3.54,3.46,3.46,114170
2019-01-11 07:00:00,3.46,3.54,3.44,3.53,117220
2019-01-14 07:00:00,3.53,3.65,3.52,3.58,208960
2019-01-15 07:00:00,3.57,3.66,3.57,3.63,300560
2019-01-16 07:00:00,3.62,3.65,3.59,3.63,63150
2019-01-17 07:00:00,3.63,3.64,3.52,3.52,324210
2019-01-18 07:00:00,3.52,3.57,3.47,3.52,147810
2019-01-21 07:00:00,3.48,3.52,3.44,3.49,91750
2019-01-22 07:00:00,3.49,3.52,3.44,3.47,79210
2019-01-23 07:00:00,3.48,3.56,3.48,3.49,34200
2019-01-24 07:00:00,3.49,3.54,3.47,3.47,32950
2019-01-25 07:00:00,3.47,3.49,3.44,3.48,83410
2019-01-28 07:00:00,3.48,3.49,3.37,3.42,113690
2019-01-29 07:00:00,3.38,3.47,3.38,3.46,56840
2019-01-30 07:00:00,3.47,3.47,3.38,3.42,28390
2019-01-31 07:00:00,3.42,3.44,3.37,3.43,30290
2019-02-01 07:00:00,3.47,3.47,3.38,3.47,7080
2019-02-11 07:00:00,3.47,3.54,3.44,3.53,60840
2019-02-12 07:00:00,3.53,3.54,3.48,3.52,66550
2019-02-13 07:00:00,3.51,3.53,3.44,3.52,135100
2019-02-14 07:00:00,3.49,3.53,3.49,3.52,28460
2019-02-15 07:00:00,3.49,3.56,3.49,3.53,107940
2019-02-18 07:00:00,3.53,3.57,3.53,3.54,74710
2019-02-19 07:00:00,3.51,3.56,3.48,3.49,72360
2019-02-20 07:00:00,3.47,3.53,3.47,3.47,100580
2019-02-21 07:00:00,3.44,3.49,3.42,3.46,111310
2019-02-22 07:00:00,3.46,3.47,3.4,3.44,107080
2019-02-25 07:00:00,3.42,3.46,3.42,3.46,119660
2019-02-26 07:00:00,3.46,3.46,3.42,3.44,39690
2019-02-27 07:00:00,3.42,3.49,3.42,3.47,206950
2019-02-28 07:00:00,3.47,3.47,3.42,3.44,89530
2019-03-01 07:00:00,3.44,3.47,3.42,3.47,112910
2019-03-04 07:00:00,3.47,3.57,3.47,3.51,161600
2019-03-05 07:00:00,3.47,3.54,3.47,3.51,56110
2019-03-06 07:00:00,3.47,3.52,3.46,3.49,117310
2019-03-07 07:00:00,3.49,3.52,3.47,3.48,97740
2019-03-08 07:00:00,3.47,3.51,3.47,3.49,98040
2019-03-11 07:00:00,3.49,3.74,3.48,3.74,757620
2019-03-12 07:00:00,3.88,4.0,3.84,3.9,850780
2019-03-13 07:00:00,3.88,3.91,3.8,3.84,186090
2019-03-14 07:00:00,3.84,3.96,3.81,3.93,805290
2019-03-15 07:00:00,3.93,3.93,3.85,3.91,326740
2019-03-18 07:00:00,3.88,3.98,3.88,3.98,424700
2019-03-19 07:00:00,3.98,4.0,3.92,3.93,505760
2019-03-20 07:00:00,3.91,3.91,3.86,3.88,154330
2019-03-21 07:00:00,3.88,4.15,3.86,4.01,1085130
2019-03-22 07:00:00,4.01,4.03,3.96,3.98,440440
2019-03-25 07:00:00,3.91,3.93,3.79,3.9,222400
2019-03-26 07:00:00,3.9,3.96,3.85,3.86,276760
2019-03-27 07:00:00,3.86,3.91,3.86,3.87,187620
2019-03-28 07:00:00,3.87,3.87,3.8,3.82,227390
2019-03-29 07:00:00,3.81,3.9,3.81,3.86,159370
2019-04-01 07:00:00,3.86,4.01,3.84,3.98,337070
2019-04-02 07:00:00,3.98,4.2,3.98,4.15,1653340
2019-04-03 07:00:00,4.13,4.19,4.09,4.09,337230
2019-04-04 07:00:00,4.09,4.32,4.09,4.28,1236920
2019-04-05 07:00:00,4.28,4.32,4.2,4.26,519260
2019-04-08 07:00:00,4.26,4.26,4.18,4.25,710620
2019-04-09 07:00:00,4.32,4.4,3.98,3.98,1144790
2019-04-10 07:00:00,4.03,4.12,4.01,4.08,620340
2019-04-11 07:00:00,4.06,4.1,4.02,4.03,261420
2019-04-12 07:00:00,4.03,4.15,4.02,4.14,556410
2019-04-16 07:00:00,4.1,4.15,4.08,4.14,214270
2019-04-17 07:00:00,4.14,4.15,3.86,3.86,1409840
2019-04-18 07:00:00,3.84,3.86,3.66,3.74,617570
2019-04-19 07:00:00,3.69,3.81,3.69,3.8,120300
2019-04-22 07:00:00,3.79,3.79,3.66,3.71,276080
2019-04-23 07:00:00,3.76,3.81,3.75,3.76,371860
2019-04-24 07:00:00,3.74,3.8,3.73,3.76,391000
2019-04-25 07:00:00,3.74,3.8,3.73,3.74,283920
2019-04-26 07:00:00,3.71,3.76,3.66,3.66,278570
2019-05-02 07:00:00,3.66,3.74,3.66,3.73,238270
2019-05-03 07:00:00,3.73,3.75,3.7,3.7,168660
2019-05-06 07:00:00,3.64,3.71,3.62,3.63,266960
2019-05-07 07:00:00,3.63,3.66,3.58,3.58,295000
2019-05-08 07:00:00,3.57,3.62,3.54,3.58,102040
2019-05-09 07:00:00,3.58,3.64,3.42,3.52,408120
2019-05-10 07:00:00,3.53,3.59,3.52,3.59,137080
2019-05-13 07:00:00,3.59,3.84,3.59,3.84,452930
2019-05-14 07:00:00,3.79,3.93,3.76,3.91,197000
2019-05-15 07:00:00,3.91,3.98,3.87,3.9,296100
2019-05-16 07:00:00,3.85,3.91,3.84,3.84,133180
2019-05-17 07:00:00,3.84,4.03,3.81,4.0,655670
2019-05-20 07:00:00,4.03,4.04,3.92,4.01,193000
2019-05-21 07:00:00,3.98,4.13,3.98,4.1,261560
2019-05-22 07:00:00,4.0,4.13,4.0,4.0,335110
2019-05-23 07:00:00,3.98,4.13,3.98,4.1,223820
2019-05-24 07:00:00,4.08,4.14,4.03,4.03,269540
2019-05-27 07:00:00,3.98,4.1,3.98,4.06,160590
2019-05-28 07:00:00,4.06,4.08,4.03,4.04,324640
2019-05-29 07:00:00,4.03,4.18,4.03,4.12,738360
2019-05-30 07:00:00,4.12,4.15,4.09,4.13,141640
2019-05-31 07:00:00,4.13,4.15,3.98,3.98,265250
2019-06-03 07:00:00,3.91,4.06,3.84,3.86,593320
2019-06-04 07:00:00,3.86,3.98,3.86,3.91,258460
2019-06-05 07:00:00,4.16,4.16,3.88,4.05,170860
2019-06-06 07:00:00,3.99,4.08,3.99,4.05,68160
2019-06-07 07:00:00,4.08,4.33,4.05,4.29,329510
2019-06-10 07:00:00,4.3,4.36,4.28,4.32,217770
2019-06-11 07:00:00,4.33,4.33,4.28,4.29,220140
2019-06-12 07:00:00,4.29,4.3,4.16,4.18,183030
2019-06-13 07:00:00,4.13,4.25,4.13,4.18,202350
2019-06-14 07:00:00,4.18,4.22,4.11,4.11,286140
2019-06-17 07:00:00,4.19,4.22,4.09,4.22,204320
2019-06-18 07:00:00,4.2,4.22,4.15,4.16,79640
2019-06-19 07:00:00,4.2,4.28,4.18,4.2,254010
2019-06-20 07:00:00,4.19,4.39,4.19,4.33,600660
2019-06-21 07:00:00,4.33,4.42,4.29,4.29,197740
2019-06-24 07:00:00,4.29,4.42,4.28,4.29,294580
2019-06-25 07:00:00,4.29,4.34,4.26,4.28,131500
2019-06-26 07:00:00,4.22,4.3,4.22,4.28,135370
2019-06-27 07:00:00,4.22,4.28,4.16,4.2,310550
2019-06-28 07:00:00,4.19,4.23,4.16,4.19,191570
2019-07-01 07:00:00,4.19,4.26,4.16,4.22,333870
2019-07-02 07:00:00,4.22,4.33,4.2,4.3,300360
2019-07-03 07:00:00,4.28,4.39,4.28,4.36,444400
2019-07-04 07:00:00,4.36,4.36,4.3,4.36,244060
2019-07-05 07:00:00,4.34,4.37,4.33,4.33,325190
2019-07-08 07:00:00,4.3,4.34,4.25,4.26,221070
2019-07-09 07:00:00,4.26,4.33,4.26,4.3,209730
2019-07-10 07:00:00,4.3,4.33,4.3,4.3,154450
2019-07-11 07:00:00,4.3,4.33,4.25,4.26,307440
2019-07-12 07:00:00,4.26,4.3,4.25,4.26,211210
2019-07-15 07:00:00,4.26,4.29,4.22,4.26,362980
2019-07-16 07:00:00,4.25,4.26,4.16,4.19,465640
2019-07-17 07:00:00,4.16,4.39,4.16,4.3,369700
2019-07-18 07:00:00,4.28,4.33,4.26,4.28,174420
2019-07-19 07:00:00,4.26,4.33,4.25,4.25,167940
2019-07-22 07:00:00,4.22,4.25,4.2,4.22,173530
2019-07-23 07:00:00,4.25,4.46,4.23,4.42,727520
2019-07-24 07:00:00,4.44,4.64,4.4,4.56,661760
2019-07-25 07:00:00,4.56,4.58,4.51,4.57,282490
2019-07-26 07:00:00,4.6,4.6,4.47,4.54,413320
2019-07-29 07:00:00,4.5,4.7,4.5,4.58,1055580
2019-07-30 07:00:00,4.57,4.63,4.44,4.44,542470
2019-07-31 07:00:00,4.42,4.49,4.39,4.49,254680
2019-08-01 07:00:00,4.44,4.63,4.44,4.63,922400
2019-08-02 07:00:00,4.63,4.67,4.56,4.61,852350
2019-08-05 07:00:00,4.57,4.86,4.57,4.75,1091310
2019-08-06 07:00:00,4.67,4.91,4.67,4.89,1136430
2019-08-07 07:00:00,4.67,5.15,4.86,5.15,1311430
2019-08-08 07:00:00,5.15,5.43,5.15,5.36,1475420
2019-08-09 07:00:00,5.36,5.37,5.24,5.24,887660
2019-08-12 07:00:00,5.29,5.54,5.26,5.54,788160
2019-08-13 07:00:00,5.54,5.74,5.36,5.48,834910
2019-08-14 07:00:00,5.48,5.62,5.34,5.36,577330
2019-08-15 07:00:00,5.3,5.37,5.24,5.37,619880
2019-08-16 07:00:00,5.37,5.55,5.37,5.41,470750
2019-08-19 07:00:00,5.44,5.78,5.44,5.78,1433000
2019-08-20 07:00:00,5.91,5.93,5.78,5.88,1089980
2019-08-21 07:00:00,5.88,5.91,5.76,5.86,527330
2019-08-22 07:00:00,5.82,6.1,5.82,6.06,820470
2019-08-23 07:00:00,6.06,6.19,6.02,6.16,684140
2019-08-26 07:00:00,6.19,6.33,6.13,6.33,982400
2019-08-27 07:00:00,6.47,6.54,6.3,6.36,1214520
2019-08-28 07:00:00,6.36,6.47,6.13,6.13,822560
2019-08-29 07:00:00,6.07,6.33,6.07,6.17,1018030
2019-08-30 07:00:00,6.17,6.3,5.75,5.75,2101380
2019-09-03 07:00:00,5.62,5.88,5.41,5.72,1087700
2019-09-04 07:00:00,5.62,6.02,5.62,5.99,741450
2019-09-05 07:00:00,6.05,6.07,5.79,5.85,473090
2019-09-06 07:00:00,5.82,6.03,5.78,5.88,497610
2019-09-09 07:00:00,5.88,6.0,5.88,5.98,349430
2019-09-10 07:00:00,5.98,6.05,5.57,5.74,1860410
2019-09-11 07:00:00,5.76,5.86,5.68,5.74,456360
2019-09-12 07:00:00,5.82,5.82,5.71,5.75,657190
2019-09-13 07:00:00,5.75,5.99,5.75,5.99,490350
2019-09-16 07:00:00,6.07,6.27,5.99,6.23,675480
2019-09-17 07:00:00,6.23,6.33,6.13,6.24,469310
2019-09-18 07:00:00,6.22,6.24,6.07,6.13,438350
2019-09-19 07:00:00,6.13,6.19,6.09,6.13,238230
2019-09-20 07:00:00,6.14,6.3,6.14,6.17,398050
2019-09-23 07:00:00,6.19,6.22,5.91,5.91,765500
2019-09-24 07:00:00,5.91,6.0,5.85,5.85,403570
2019-09-25 07:00:00,5.76,5.93,5.76,5.91,196840
2019-09-26 07:00:00,5.91,6.09,5.85,5.85,285920
2019-09-27 07:00:00,5.85,5.96,5.82,5.82,265410
2019-09-30 07:00:00,5.82,5.93,5.76,5.93,339550
2019-10-01 07:00:00,5.93,6.34,5.93,6.34,1415430
2019-10-02 07:00:00,6.41,6.52,6.33,6.33,778920
2019-10-03 07:00:00,6.24,6.75,6.2,6.74,1517470
2019-10-04 07:00:00,6.74,6.79,6.65,6.66,562440
2019-10-07 07:00:00,6.66,6.83,6.52,6.52,957670
2019-10-08 07:00:00,6.47,6.69,6.44,6.69,800180
2019-10-09 07:00:00,6.62,6.89,6.62,6.71,785290
2019-10-10 07:00:00,6.71,6.71,6.55,6.6,426950
2019-10-11 07:00:00,6.6,6.61,6.34,6.36,953680
2019-10-14 07:00:00,6.38,6.38,5.92,6.03,2176590
2019-10-15 07:00:00,5.98,6.17,5.98,6.13,516240
2019-10-16 07:00:00,6.17,6.27,6.1,6.27,379760
2019-10-17 07:00:00,6.27,6.27,6.13,6.24,300810
2019-10-18 07:00:00,6.24,6.24,6.06,6.07,492670
2019-10-21 07:00:00,6.02,6.1,5.99,6.07,417940
2019-10-22 07:00:00,6.07,6.19,6.05,6.17,317820
2019-10-23 07:00:00,6.14,6.36,6.14,6.22,730250
2019-10-24 07:00:00,6.22,6.33,6.17,6.26,350410
2019-10-25 07:00:00,6.26,6.4,6.24,6.27,274990
2019-10-28 07:00:00,6.24,6.37,6.24,6.37,277700
2019-10-29 07:00:00,6.4,6.43,6.26,6.27,861950
2019-10-30 07:00:00,6.27,6.33,6.19,6.27,266440
2019-10-31 07:00:00,6.27,6.34,6.19,6.19,360770
2019-11-01 07:00:00,6.19,6.24,6.13,6.17,306250
2019-11-04 07:00:00,6.19,6.24,6.17,6.17,206520
2019-11-05 07:00:00,6.19,6.55,6.17,6.44,851920
2019-11-06 07:00:00,6.4,6.52,6.4,6.4,205240
2019-11-07 07:00:00,6.4,6.51,6.4,6.43,545070
2019-11-08 07:00:00,6.44,6.47,6.4,6.44,377600
2019-11-11 07:00:00,6.44,6.64,6.44,6.55,940920
2019-11-12 07:00:00,6.55,6.66,6.48,6.58,616270
2019-11-13 07:00:00,6.58,6.61,6.52,6.54,226920
2019-11-14 07:00:00,6.51,6.6,6.5,6.58,336450
2019-11-15 07:00:00,6.58,6.72,6.55,6.64,497000
2019-11-18 07:00:00,6.64,6.66,6.51,6.55,214170
2019-11-19 07:00:00,6.55,6.55,6.44,6.55,240190
2019-11-20 07:00:00,6.52,6.54,6.38,6.38,335380
2019-11-21 07:00:00,6.4,6.52,6.36,6.44,364690
2019-11-22 07:00:00,6.47,6.51,6.19,6.19,559740
2019-11-25 07:00:00,6.19,6.33,6.19,6.23,424610
2019-11-26 07:00:00,6.23,6.36,6.23,6.33,232060
2019-11-27 07:00:00,6.33,6.43,6.33,6.33,383000
2019-11-28 07:00:00,6.3,6.38,6.19,6.3,309250
2019-11-29 07:00:00,6.3,6.37,6.24,6.31,122260
2019-12-02 07:00:00,6.3,6.3,6.19,6.2,339690
2019-12-03 07:00:00,6.2,6.23,5.91,5.91,469970
2019-12-04 07:00:00,5.95,6.13,5.95,6.07,382300
2019-12-05 07:00:00,6.07,6.33,6.07,6.22,498630
2019-12-06 07:00:00,6.22,6.33,6.19,6.27,98910
2019-12-09 07:00:00,6.23,6.3,6.23,6.26,123610
2019-12-10 07:00:00,6.26,6.27,6.13,6.22,200530
2019-12-11 07:00:00,6.28,6.28,6.1,6.19,121190
2019-12-12 07:00:00,6.13,6.22,6.13,6.17,166280
2019-12-13 07:00:00,6.16,6.37,6.16,6.33,258450
2019-12-16 07:00:00,6.31,6.5,6.24,6.5,572640
2019-12-17 07:00:00,6.44,6.58,6.44,6.5,204540
2019-12-18 07:00:00,6.43,6.64,6.43,6.55,427560
2019-12-19 07:00:00,6.55,6.61,6.43,6.52,310660
2019-12-20 07:00:00,6.47,6.58,6.44,6.48,271150
2019-12-23 07:00:00,6.57,6.69,6.51,6.52,656630
2019-12-24 07:00:00,6.52,6.58,6.48,6.52,153940
2019-12-25 07:00:00,6.51,6.97,6.51,6.96,1754430
2019-12-26 07:00:00,7.0,7.0,6.89,6.92,412550
2019-12-27 07:00:00,6.92,7.09,6.88,6.89,413690
2019-12-30 07:00:00,6.86,6.97,6.64,6.72,968420
2019-12-31 07:00:00,6.66,6.72,6.52,6.69,460990
2020-01-02 07:00:00,6.66,6.9,6.66,6.89,467470
2020-01-03 07:00:00,6.89,6.9,6.76,6.89,529730
2020-01-06 07:00:00,6.89,7.12,6.61,6.61,967330
2020-01-07 07:00:00,6.66,6.83,6.64,6.76,562870
2020-01-08 07:00:00,6.75,6.75,6.3,6.36,951370
2020-01-09 07:00:00,6.44,6.51,6.41,6.48,457660
2020-01-10 07:00:00,6.5,6.55,6.22,6.22,771780
2020-01-13 07:00:00,6.13,6.26,6.05,6.19,597710
2020-01-14 07:00:00,6.19,6.38,6.19,6.33,325390
2020-01-15 07:00:00,6.33,6.45,6.31,6.33,146430
2020-01-16 07:00:00,6.36,6.37,6.31,6.33,240250
2020-01-17 07:00:00,6.22,6.33,6.14,6.22,297060
2020-01-20 07:00:00,6.22,6.22,6.05,6.07,392600
2020-01-21 07:00:00,6.07,6.26,6.07,6.26,173540
2020-01-22 07:00:00,6.2,6.37,6.2,6.34,196100
2020-01-30 07:00:00,6.22,6.33,6.1,6.12,231350
2020-01-31 07:00:00,5.96,6.1,5.85,5.91,778990
2020-02-03 07:00:00,5.51,5.6,5.5,5.5,1139950
2020-02-04 07:00:00,5.4,5.57,5.4,5.55,250170
2020-02-05 07:00:00,5.57,5.84,5.55,5.67,360280
2020-02-06 07:00:00,5.67,5.82,5.57,5.82,223420
2020-02-07 07:00:00,5.84,5.85,5.71,5.79,102010
2020-02-10 07:00:00,5.79,5.89,5.71,5.79,100320
2020-02-11 07:00:00,5.79,6.0,5.79,6.0,306620
2020-02-12 07:00:00,6.0,6.22,6.0,6.12,191280
2020-02-13 07:00:00,6.19,6.28,6.1,6.12,347490
2020-02-14 07:00:00,6.12,6.13,6.07,6.09,183280
2020-02-17 07:00:00,6.12,6.26,6.1,6.13,284010
2020-02-18 07:00:00,6.13,6.19,6.06,6.13,200900
2020-02-19 07:00:00,6.14,6.24,6.13,6.23,216950
2020-02-20 07:00:00,6.23,6.36,6.2,6.31,424110
2020-02-21 07:00:00,6.36,6.36,6.19,6.19,323640
2020-02-24 07:00:00,6.03,6.03,5.76,5.76,683600
2020-02-25 07:00:00,5.57,5.91,5.57,5.91,412710
2020-02-26 07:00:00,5.71,5.89,5.71,5.76,215870
2020-02-27 07:00:00,5.68,5.79,5.68,5.79,227180
2020-02-28 07:00:00,5.72,5.72,5.43,5.58,573610
2020-03-02 07:00:00,5.6,5.6,5.46,5.5,420280
2020-03-03 07:00:00,5.54,5.62,5.48,5.5,386660
2020-03-04 07:00:00,5.46,5.74,5.46,5.68,500720
2020-03-05 07:00:00,5.68,5.85,5.65,5.65,361060
2020-03-06 07:00:00,5.6,5.68,5.54,5.65,245200
2020-03-09 07:00:00,5.26,5.32,5.26,5.26,535360
2020-03-10 07:00:00,4.89,5.22,4.89,4.98,852860
2020-03-11 07:00:00,5.05,5.06,4.64,4.64,1025390
2020-03-12 07:00:00,4.32,4.33,4.32,4.32,321140
2020-03-13 07:00:00,4.02,4.32,4.02,4.3,2517810
2020-03-16 07:00:00,4.22,4.34,4.08,4.12,1183860
2020-03-17 07:00:00,4.11,4.4,3.88,4.39,1606640
2020-03-18 07:00:00,4.39,4.47,4.33,4.39,695070
2020-03-19 07:00:00,4.39,4.39,4.13,4.3,521350
2020-03-20 07:00:00,4.25,4.37,4.22,4.36,553730
2020-03-23 07:00:00,4.22,4.28,4.06,4.06,2202570
2020-03-24 07:00:00,4.16,4.3,4.06,4.3,462940
2020-03-25 07:00:00,4.36,4.58,4.3,4.53,916650
2020-03-26 07:00:00,4.53,4.53,4.33,4.42,533240
2020-03-27 07:00:00,4.42,4.47,4.3,4.42,328100
2020-03-30 07:00:00,4.15,4.29,4.13,4.28,458240
2020-03-31 07:00:00,4.42,4.42,4.08,4.26,290060
2020-04-01 07:00:00,4.28,4.37,4.28,4.36,195140
2020-04-03 07:00:00,4.43,4.43,4.36,4.4,323390
2020-04-06 07:00:00,4.5,4.6,4.42,4.58,508260
2020-04-07 07:00:00,4.58,4.6,4.47,4.58,366990
2020-04-08 07:00:00,4.46,4.56,4.46,4.5,261300
2020-04-09 07:00:00,4.5,4.74,4.46,4.61,498750
2020-04-10 07:00:00,4.58,4.68,4.51,4.6,405740
2020-04-13 07:00:00,4.51,4.65,4.51,4.64,470180
2020-04-14 07:00:00,4.64,4.68,4.51,4.64,518130
2020-04-15 07:00:00,4.61,4.75,4.57,4.75,650420
2020-04-16 07:00:00,4.7,5.01,4.7,4.88,820820
2020-04-17 07:00:00,4.95,5.03,4.84,4.84,795300
2020-04-20 07:00:00,4.8,4.89,4.71,4.71,771470
2020-04-21 07:00:00,4.6,4.64,4.39,4.51,1030210
2020-04-22 07:00:00,4.37,4.67,4.37,4.67,264740
2020-04-23 07:00:00,4.71,4.71,4.54,4.57,320990
2020-04-24 07:00:00,4.57,4.63,4.53,4.58,185030
2020-04-27 07:00:00,4.75,4.85,4.68,4.72,877340
2020-04-28 07:00:00,4.77,4.77,4.65,4.74,202710
2020-04-29 07:00:00,4.75,4.8,4.68,4.75,553730
2020-05-04 07:00:00,4.7,4.75,4.64,4.67,363050
2020-05-05 07:00:00,4.67,4.74,4.64,4.72,163940
2020-05-06 07:00:00,4.72,4.96,4.72,4.92,1118770
2020-05-07 07:00:00,4.98,4.98,4.86,4.92,593830
2020-05-08 07:00:00,4.92,4.96,4.78,4.84,760200
2020-05-11 07:00:00,4.85,4.88,4.81,4.85,574810
2020-05-12 07:00:00,4.86,5.03,4.85,4.96,1095810
2020-05-13 07:00:00,4.95,5.12,4.89,5.01,1222930
2020-05-14 07:00:00,4.99,5.03,4.93,4.95,656830
2020-05-15 07:00:00,4.99,5.1,4.93,5.01,1014430
2020-05-18 07:00:00,5.06,5.19,5.03,5.16,1510960
2020-05-19 07:00:00,5.34,5.5,5.19,5.3,2114950
2020-05-20 07:00:00,5.26,5.33,5.18,5.27,879440
2020-05-21 07:00:00,5.32,5.33,5.24,5.24,996060
2020-05-22 07:00:00,5.24,5.24,4.95,4.96,2061170
2020-05-25 07:00:00,4.98,5.18,4.96,5.18,794210
2020-05-26 07:00:00,5.29,5.29,5.12,5.18,562180
2020-05-27 07:00:00,5.22,5.22,5.1,5.13,786880
2020-05-28 07:00:00,5.23,5.33,5.13,5.21,895150
2020-05-29 07:00:00,5.28,5.31,5.16,5.16,735010
2020-06-01 07:00:00,5.16,5.26,5.16,5.16,534410
2020-06-02 07:00:00,5.2,5.26,5.12,5.12,1051760
2020-06-03 07:00:00,5.12,5.13,5.05,5.12,771810
2020-06-04 07:00:00,5.16,5.16,5.08,5.12,421560
2020-06-05 07:00:00,5.12,5.29,5.05,5.29,1105080
2020-06-08 07:00:00,5.39,5.55,5.37,5.42,1284730
2020-06-09 07:00:00,5.49,5.49,5.37,5.37,687350
2020-06-10 07:00:00,5.33,5.55,5.24,5.47,1358930
2020-06-11 07:00:00,5.52,5.62,5.2,5.2,2160210
2020-06-12 07:00:00,5.0,5.29,5.0,5.24,759510
2020-06-15 07:00:00,5.24,5.41,5.1,5.2,879270
2020-06-16 07:00:00,5.29,5.29,5.2,5.26,454390
2020-06-17 07:00:00,5.24,5.28,5.16,5.2,240130
2020-06-18 07:00:00,5.16,5.23,5.13,5.23,271290
2020-06-19 07:00:00,5.24,5.49,5.23,5.42,1272320
2020-06-22 07:00:00,5.49,5.49,5.36,5.36,709720
2020-06-23 07:00:00,5.36,5.39,5.29,5.36,392850
2020-06-24 07:00:00,5.33,5.42,5.23,5.23,660610
2020-06-25 07:00:00,5.16,5.26,5.15,5.24,724890
2020-06-26 07:00:00,5.26,5.26,5.18,5.2,313240
2020-06-29 07:00:00,5.13,5.16,4.97,5.05,1023970
2020-06-30 07:00:00,5.05,5.1,4.81,4.91,676350
2020-07-01 07:00:00,4.94,5.07,4.91,5.07,207510
2020-07-02 07:00:00,5.07,5.15,4.97,5.04,164800
2020-07-03 07:00:00,5.0,5.05,5.0,5.04,212240
2020-07-06 07:00:00,5.07,5.08,5.04,5.05,236230
2020-07-07 07:00:00,5.07,5.2,5.04,5.13,476760
2020-07-08 07:00:00,5.13,5.16,5.08,5.13,185190
2020-07-09 07:00:00,5.13,5.36,5.12,5.29,1271790
2020-07-10 07:00:00,5.26,5.29,5.13,5.18,412110
2020-07-13 07:00:00,5.18,5.26,5.16,5.2,320770
2020-07-14 07:00:00,5.2,5.21,5.15,5.2,327770
2020-07-15 07:00:00,5.2,5.36,5.2,5.29,1285950
2020-07-16 07:00:00,5.33,5.36,5.24,5.28,360530
2020-07-17 07:00:00,5.29,5.36,5.26,5.33,802570
2020-07-20 07:00:00,5.33,5.36,5.28,5.29,907430
2020-07-21 07:00:00,5.29,5.36,5.23,5.36,675280
2020-07-22 07:00:00,5.36,5.41,5.31,5.31,546920
2020-07-23 07:00:00,5.28,5.33,5.2,5.31,557430
2020-07-24 07:00:00,5.29,5.29,5.0,5.05,1724450
2020-07-27 07:00:00,4.84,5.02,4.74,4.74,1591960
2020-07-28 07:00:00,4.94,4.99,4.76,4.97,640710
2020-07-29 07:00:00,4.84,4.89,4.78,4.87,800190
2020-07-30 07:00:00,4.87,4.97,4.87,4.94,193120
2020-07-31 07:00:00,4.81,4.94,4.81,4.91,380470
2020-08-03 07:00:00,4.91,5.02,4.89,4.99,678970
2020-08-04 07:00:00,5.07,5.1,5.0,5.04,609390
2020-08-05 07:00:00,5.1,5.15,5.04,5.15,1042580
2020-08-06 07:00:00,5.12,5.16,5.1,5.13,585320
2020-08-07 07:00:00,5.13,5.31,5.1,5.31,1222420
2020-08-10 07:00:00,5.33,5.37,5.24,5.24,830610
2020-08-11 07:00:00,5.29,5.31,5.16,5.31,430570
2020-08-12 07:00:00,5.34,5.36,5.26,5.36,911050
2020-08-13 07:00:00,5.36,5.66,5.36,5.63,3561500
2020-08-14 07:00:00,5.63,5.78,5.55,5.55,1666790
2020-08-17 07:00:00,5.62,5.91,5.62,5.88,2325430
2020-08-18 07:00:00,5.88,5.94,5.75,5.78,898670
2020-08-19 07:00:00,5.78,5.97,5.73,5.88,1241150
2020-08-20 07:00:00,5.84,5.91,5.73,5.81,960200
2020-08-21 07:00:00,5.81,5.91,5.76,5.81,1088460
2020-08-24 07:00:00,5.88,5.88,5.81,5.88,1102010
2020-08-25 07:00:00,5.94,6.12,5.88,5.97,1550320
2020-08-26 07:00:00,5.97,6.04,5.92,5.99,825910
2020-08-27 07:00:00,6.0,6.08,5.96,6.05,836610
2020-08-28 07:00:00,6.05,6.07,5.91,5.91,1042000
2020-08-31 07:00:00,5.91,5.94,5.68,5.75,2004610
2020-09-01 07:00:00,5.78,5.88,5.68,5.79,485590
2020-09-03 07:00:00,5.88,5.88,5.75,5.83,701930
2020-09-04 07:00:00,5.75,5.97,5.71,5.92,1266260
2020-09-07 07:00:00,5.94,6.02,5.89,5.89,1194170
2020-09-08 07:00:00,5.89,5.96,5.83,5.91,705770
2020-09-09 07:00:00,5.86,6.07,5.84,6.0,1415920
2020-09-10 07:00:00,6.05,6.29,6.0,6.1,1964810
2020-09-11 07:00:00,6.16,6.31,6.1,6.28,1375170
2020-09-14 07:00:00,6.34,6.62,6.34,6.47,2346340
2020-09-15 07:00:00,6.58,6.88,6.52,6.76,2497470
2020-09-16 07:00:00,6.78,6.8,6.65,6.78,830580
2020-09-17 07:00:00,6.78,7.0,6.68,6.94,1458140
2020-09-18 07:00:00,6.94,7.02,6.78,6.78,1376680
2020-09-21 07:00:00,6.86,6.92,6.62,6.67,1788640
2020-09-22 07:00:00,6.67,6.91,6.67,6.84,1241230
2020-09-23 07:00:00,6.91,7.02,6.78,6.84,939140
2020-09-24 07:00:00,6.8,6.88,6.73,6.84,581650
2020-09-25 07:00:00,6.91,6.91,6.71,6.71,1142800
2020-09-28 07:00:00,6.71,6.84,6.71,6.8,585470
2020-09-29 07:00:00,6.84,7.26,6.83,7.2,2552880
2020-09-30 07:00:00,7.3,7.34,7.12,7.28,1269410
2020-10-01 07:00:00,7.38,7.49,7.33,7.39,937930
2020-10-02 07:00:00,7.46,7.49,7.1,7.42,2013300
2020-10-05 07:00:00,7.52,7.59,7.33,7.38,1506670
2020-10-06 07:00:00,7.39,7.41,7.28,7.34,1197710
2020-10-07 07:00:00,7.33,7.54,7.33,7.36,1194520
2020-10-08 07:00:00,7.39,7.46,7.3,7.39,791020
2020-10-09 07:00:00,7.49,7.84,7.44,7.75,1719110
2020-10-12 07:00:00,7.83,7.83,7.55,7.75,1123600
2020-10-13 07:00:00,7.68,7.73,7.55,7.63,710170
2020-10-14 07:00:00,7.63,7.67,7.5,7.54,1085190
2020-10-15 07:00:00,7.52,7.62,7.02,7.13,1722140
2020-10-16 07:00:00,7.25,7.25,6.97,7.1,1114260
2020-10-19 07:00:00,7.05,7.41,7.05,7.36,726210
2020-10-20 07:00:00,7.36,7.55,7.34,7.39,500990
2020-10-21 07:00:00,7.42,7.42,7.2,7.2,538150
2020-10-22 07:00:00,7.23,7.31,7.13,7.23,337590
2020-10-23 07:00:00,7.1,7.36,7.1,7.17,619560
2020-10-26 07:00:00,7.26,7.31,7.1,7.1,670410
2020-10-27 07:00:00,7.1,7.23,6.94,7.05,570880
2020-10-28 07:00:00,7.05,7.1,6.91,6.94,818280
2020-10-29 07:00:00,6.81,6.97,6.81,6.94,438020
2020-10-30 07:00:00,7.04,7.42,6.99,7.31,1290260
2020-11-02 07:00:00,7.39,7.42,7.31,7.33,378390
2020-11-03 07:00:00,7.34,7.67,7.34,7.62,1171300
2020-11-04 07:00:00,7.63,7.63,7.08,7.52,755370
2020-11-05 07:00:00,7.55,7.68,7.44,7.57,505690
2020-11-06 07:00:00,7.59,7.83,7.57,7.7,1280140
2020-11-09 07:00:00,7.7,8.07,7.68,8.07,1296510
2020-11-10 07:00:00,8.23,8.23,7.97,7.99,970500
2020-11-11 07:00:00,8.02,8.02,7.81,7.94,735900
2020-11-12 07:00:00,8.02,8.12,7.91,8.07,1039360
2020-11-13 07:00:00,8.07,8.15,8.04,8.09,560950
2020-11-16 07:00:00,8.05,8.22,7.99,8.07,881970
2020-11-17 07:00:00,8.09,8.38,8.07,8.34,854840
2020-11-18 07:00:00,8.33,8.46,8.23,8.34,547090
2020-11-19 07:00:00,8.34,8.34,8.26,8.31,417720
2020-11-20 07:00:00,8.31,8.39,8.25,8.39,636900
2020-11-23 07:00:00,8.49,8.68,8.39,8.55,702830
2020-11-24 07:00:00,8.49,8.64,8.43,8.57,840610
2020-11-25 07:00:00,8.59,8.62,8.39,8.41,683950
2020-11-26 07:00:00,8.39,8.43,8.2,8.23,1268800
2020-11-27 07:00:00,8.25,8.39,8.25,8.39,661770
2020-11-30 07:00:00,8.46,8.55,8.39,8.39,640420
2020-12-01 07:00:00,8.22,8.54,8.22,8.46,595840
2020-12-02 07:00:00,8.49,8.89,8.39,8.76,1492360
2020-12-03 07:00:00,8.78,8.94,8.76,8.93,799380
2020-12-04 07:00:00,9.01,9.23,8.93,9.18,1332280
2020-12-07 07:00:00,9.14,9.68,9.14,9.59,1396280
2020-12-08 07:00:00,9.59,10.2,9.52,10.04,1174090
2020-12-09 07:00:00,10.1,10.12,9.88,9.91,1005850
2020-12-10 07:00:00,9.85,10.15,9.85,9.91,722890
2020-12-11 07:00:00,9.88,10.3,9.85,10.2,597950
2020-12-14 07:00:00,10.41,10.65,10.33,10.39,554080
2020-12-15 07:00:00,10.3,10.43,10.22,10.26,651500
2020-12-16 07:00:00,10.33,10.68,10.33,10.59,344190
2020-12-17 07:00:00,10.43,10.57,10.23,10.39,1493090
2020-12-18 07:00:00,10.43,11.12,10.43,11.12,1540250
2020-12-21 07:00:00,11.36,11.9,11.36,11.9,495140
2020-12-22 07:00:00,12.52,12.54,12.02,12.41,901230
2020-12-23 07:00:00,12.3,12.48,11.96,12.01,913160
2020-12-24 07:00:00,12.01,12.02,11.17,11.67,2778290
2020-12-25 07:00:00,11.56,11.93,11.49,11.83,1112030
2020-12-28 07:00:00,11.81,12.43,11.78,12.17,939950
2020-12-29 07:00:00,12.33,12.46,12.1,12.23,665650
2020-12-30 07:00:00,12.17,12.43,11.85,12.01,723090
2020-12-31 07:00:00,12.04,12.04,11.62,11.93,1314310
2021-01-04 07:00:00,11.88,12.57,11.88,12.27,1113900
2021-01-05 07:00:00,12.27,13.12,12.27,13.02,1455600
2021-01-06 07:00:00,13.52,13.52,12.93,12.98,934900
2021-01-07 07:00:00,12.96,12.99,12.62,12.91,1116700
2021-01-08 07:00:00,12.91,12.99,12.7,12.75,1021300
2021-01-11 07:00:00,12.91,12.91,12.2,12.27,1677600
2021-01-12 07:00:00,12.27,12.72,11.94,12.64,1297600
2021-01-13 07:00:00,12.65,12.75,12.28,12.52,851000
2021-01-14 07:00:00,12.52,12.59,12.28,12.49,613600
2021-01-15 07:00:00,12.59,12.75,12.44,12.49,1078600
2021-01-18 07:00:00,12.62,13.07,12.43,12.82,1624900
2021-01-19 07:00:00,12.82,12.91,11.93,11.98,967500
2021-01-20 07:00:00,11.98,12.2,11.15,11.91,1080200
2021-01-21 07:00:00,12.17,12.73,11.94,12.73,1251900
2021-01-22 07:00:00,13.27,13.43,12.93,13.19,1587900
2021-01-25 07:00:00,13.19,13.49,13.09,13.12,1203900
2021-01-26 07:00:00,13.04,13.14,12.27,12.85,1055400
2021-01-27 07:00:00,12.64,12.7,12.1,12.33,1616800
2021-01-28 07:00:00,11.52,11.93,11.48,11.48,1201500
2021-01-29 07:00:00,10.68,11.86,10.68,11.48,1020400
2021-02-01 07:00:00,11.3,11.77,11.04,11.17,876200
2021-02-02 07:00:00,11.3,11.85,10.98,11.85,808400
2021-02-03 07:00:00,11.94,12.59,11.94,12.52,496900
2021-02-04 07:00:00,12.38,12.88,12.36,12.65,498300
2021-02-05 07:00:00,12.59,12.91,12.59,12.88,788900
2021-02-08 07:00:00,12.91,13.38,12.43,12.72,820100
2021-02-09 07:00:00,12.72,13.01,12.59,12.91,633800
2021-02-17 07:00:00,13.17,13.82,13.07,13.82,1525800
2021-02-18 07:00:00,14.04,14.53,13.85,14.3,893000
2021-02-19 07:00:00,14.3,14.38,13.99,14.06,1197700
2021-02-22 07:00:00,14.06,14.24,13.49,13.85,1191400
2021-02-23 07:00:00,13.78,13.88,13.54,13.75,1286800
2021-02-24 07:00:00,13.75,14.01,13.4,13.56,1192200
2021-02-25 07:00:00,13.72,13.85,13.35,13.43,1388900
2021-02-26 07:00:00,13.23,13.43,13.15,13.3,1753700
2021-03-01 07:00:00,13.3,13.65,13.23,13.62,1049600
2021-03-02 07:00:00,13.85,13.85,13.46,13.59,736100
2021-03-03 07:00:00,13.62,13.75,13.56,13.7,925600
2021-03-04 07:00:00,13.74,14.27,13.72,13.88,1591200
2021-03-05 07:00:00,13.82,14.07,13.67,13.93,733700
2021-03-08 07:00:00,14.36,14.4,13.98,14.14,955700
2021-03-09 07:00:00,14.14,14.78,13.82,14.53,1563900
2021-03-10 07:00:00,14.69,15.17,14.69,14.72,1183500
2021-03-11 07:00:00,14.72,14.91,14.56,14.72,1052500
2021-03-12 07:00:00,14.85,14.88,14.59,14.69,997800
2021-03-15 07:00:00,14.59,14.78,14.28,14.33,2146900
2021-03-16 07:00:00,14.36,14.46,14.09,14.25,1461500
2021-03-17 07:00:00,14.33,14.69,14.27,14.66,1426600
2021-03-18 07:00:00,15.11,15.11,14.69,14.69,792500
2021-03-19 07:00:00,14.82,14.82,14.61,14.64,672200
2021-03-22 07:00:00,14.64,15.11,14.62,14.75,1019900
2021-03-23 07:00:00,14.75,14.82,14.24,14.38,706500
2021-03-24 07:00:00,14.2,14.46,13.88,14.04,1123200
2021-03-25 07:00:00,14.07,14.2,13.86,14.04,1276100
2021-03-26 07:00:00,14.04,14.11,13.72,14.02,893500
2021-03-29 07:00:00,14.04,14.07,13.59,13.82,1295400
2021-03-30 07:00:00,13.82,14.11,13.78,13.91,420500
2021-03-31 07:00:00,14.04,14.04,13.56,13.91,401100
2021-04-01 07:00:00,14.01,14.27,13.91,14.27,588300
2021-04-02 07:00:00,14.33,14.85,14.33,14.56,727100
2021-04-05 07:00:00,14.69,14.72,14.3,14.43,334900
2021-04-06 07:00:00,14.36,14.43,14.27,14.33,284700
2021-04-07 07:00:00,14.36,14.75,14.3,14.46,584500
2021-04-08 07:00:00,14.59,14.59,14.3,14.4,416800
2021-04-09 07:00:00,14.43,14.43,14.22,14.27,641100
2021-04-12 07:00:00,14.4,14.4,14.04,14.14,745700
2021-04-13 07:00:00,14.2,14.2,13.69,13.86,720700
2021-04-14 07:00:00,13.85,14.38,13.72,14.14,547000
2021-04-15 07:00:00,14.06,14.2,13.75,13.86,381000
2021-04-16 07:00:00,13.78,14.02,13.4,13.59,576900
2021-04-19 07:00:00,13.72,13.88,13.27,13.72,734000
2021-04-20 07:00:00,13.72,13.82,13.51,13.56,417500
2021-04-22 07:00:00,13.56,14.04,13.23,13.23,648100
2021-04-23 07:00:00,13.23,13.41,12.94,13.3,393000
2021-04-26 07:00:00,13.3,13.3,12.38,12.65,620700
2021-04-27 07:00:00,12.62,12.78,12.33,12.36,349400
2021-04-28 07:00:00,12.43,12.52,12.33,12.4,362700
2021-04-29 07:00:00,12.4,12.75,12.4,12.75,793200
2021-05-04 07:00:00,12.65,13.1,12.52,13.01,439700
2021-05-05 07:00:00,13.04,13.32,13.04,13.23,359400
2021-05-06 07:00:00,13.23,13.23,12.98,13.02,342500
2021-05-07 07:00:00,13.07,13.17,12.75,12.91,538200
2021-05-10 07:00:00,12.65,12.8,12.43,12.56,696800
2021-05-11 07:00:00,12.62,13.33,12.27,13.01,1075100
2021-05-12 07:00:00,13.01,13.3,12.91,12.94,494900
2021-05-13 07:00:00,12.91,13.01,12.8,12.82,362100
2021-05-14 07:00:00,12.75,12.82,12.6,12.62,556500
2021-05-17 07:00:00,12.59,12.62,12.4,12.43,400900
2021-05-18 07:00:00,12.43,12.43,12.2,12.33,560600
2021-05-19 07:00:00,12.54,13.19,12.52,13.19,1096100
2021-05-20 07:00:00,13.88,14.04,13.56,14.01,2211000
2021-05-21 07:00:00,14.14,14.72,14.14,14.62,1546000
2021-05-24 07:00:00,14.85,15.11,14.8,14.85,1151800
2021-05-25 07:00:00,14.78,15.88,14.72,15.78,2973500
2021-05-26 07:00:00,16.27,16.46,15.78,16.12,1540900
2021-05-27 07:00:00,16.46,16.75,15.98,16.14,1190900
2021-05-28 07:00:00,16.14,16.62,15.88,16.43,1373200
2021-05-31 07:00:00,16.43,16.98,16.11,16.91,1660200
2021-06-01 07:00:00,17.04,17.24,16.95,16.95,575500
2021-06-02 07:00:00,16.59,17.11,16.59,16.91,649100
2021-06-03 07:00:00,16.98,17.24,16.78,17.14,1166400
2021-06-04 07:00:00,17.24,17.27,16.85,17.14,780900
2021-06-07 07:00:00,17.11,17.43,16.46,17.04,1110900
2021-06-08 07:00:00,17.11,17.24,16.5,16.59,1159200
2021-06-09 07:00:00,16.56,17.27,16.3,16.95,1107800
2021-06-10 07:00:00,17.11,18.11,17.11,18.11,1716500
2021-06-11 07:00:00,18.66,19.27,18.66,18.88,966100
2021-06-14 07:00:00,19.21,20.01,19.05,19.88,979100
2021-06-15 07:00:00,19.95,20.66,19.76,20.3,1101600
2021-06-16 07:00:00,20.56,20.76,20.17,20.34,1014600
2021-06-17 07:00:00,20.27,20.46,20.08,20.3,812300
2021-06-18 07:00:00,20.3,20.56,20.27,20.34,839200
2021-06-21 07:00:00,20.34,21.3,20.27,20.76,1075500
2021-06-22 07:00:00,20.98,21.11,20.59,20.79,618700
2021-06-23 07:00:00,20.92,21.05,20.66,20.79,781300
2021-06-24 07:00:00,20.79,20.85,20.63,20.79,1384900
2021-06-25 07:00:00,20.88,20.98,20.79,20.92,1339400
2021-06-28 07:00:00,22.17,22.17,20.92,21.4,889300
2021-06-29 07:00:00,21.4,21.4,20.15,20.35,1262100
2021-06-30 07:00:00,20.31,20.96,20.15,20.92,1122200
2021-07-01 07:00:00,21.2,21.56,21.0,21.44,862500
2021-07-02 07:00:00,21.44,21.44,21.04,21.04,690700
2021-07-05 07:00:00,20.96,20.96,20.35,20.39,1015700
2021-07-06 07:00:00,20.23,20.72,18.98,18.98,831600
2021-07-07 07:00:00,19.55,20.19,18.98,19.97,1118900
2021-07-08 07:00:00,20.35,21.04,20.03,20.27,641100
2021-07-09 07:00:00,20.35,20.88,20.07,20.35,873000
2021-07-12 07:00:00,20.64,20.64,19.34,20.15,1342200
2021-07-13 07:00:00,20.11,20.35,19.75,20.15,395700
2021-07-14 07:00:00,20.15,20.35,19.59,19.75,508100
2021-07-15 07:00:00,19.71,20.11,19.71,19.97,354400
2021-07-16 07:00:00,20.03,21.36,20.03,21.36,1497700
2021-07-19 07:00:00,21.2,22.85,21.2,22.53,1874400
2021-07-20 07:00:00,22.77,23.82,22.65,23.05,709000
2021-07-21 07:00:00,22.89,23.5,22.61,23.05,585200
2021-07-22 07:00:00,22.97,23.66,22.93,23.58,772400
2021-07-23 07:00:00,23.58,23.98,23.42,23.42,691400
2021-07-26 07:00:00,23.38,23.98,23.3,23.62,1058100
2021-07-27 07:00:00,23.9,23.94,23.17,23.38,989400
2021-07-28 07:00:00,23.25,23.5,22.37,22.61,1660000
2021-07-29 07:00:00,22.65,24.18,22.0,24.18,1711700
2021-07-30 07:00:00,24.58,24.95,23.94,24.02,843000
2021-08-02 07:00:00,23.78,24.66,23.78,24.1,970700
2021-08-03 07:00:00,24.1,25.39,23.98,24.7,1275700
2021-08-04 07:00:00,24.99,25.07,24.38,24.5,863700
2021-08-05 07:00:00,24.46,24.99,24.38,24.99,731400
2021-08-06 07:00:00,24.99,25.79,24.58,24.99,1377200
2021-08-09 07:00:00,24.99,25.75,24.95,25.67,1361300
2021-08-10 07:00:00,25.79,26.4,25.67,25.87,1115500
2021-08-11 07:00:00,26.0,26.16,25.39,25.39,947300
2021-08-12 07:00:00,25.35,25.91,25.23,25.23,711600
2021-08-13 07:00:00,25.03,26.8,24.5,26.8,2486700
2021-08-16 07:00:00,27.0,27.12,26.68,26.72,612900
2021-08-17 07:00:00,26.6,26.92,26.04,26.2,663200
2021-08-18 07:00:00,26.0,26.6,25.87,26.16,559200
2021-08-19 07:00:00,26.2,26.6,26.12,26.32,445400
2021-08-20 07:00:00,26.32,26.56,24.99,25.79,993000
2021-08-23 07:00:00,25.67,25.79,25.07,25.19,1085300
2021-08-24 07:00:00,25.19,26.28,24.83,24.99,1048100
2021-08-25 07:00:00,25.59,25.79,24.99,25.79,524000
2021-08-26 07:00:00,25.87,26.0,25.59,25.59,384200
2021-08-27 07:00:00,25.27,26.12,25.27,26.0,900300
2021-08-30 07:00:00,26.2,26.4,26.08,26.2,567600
2021-08-31 07:00:00,26.24,27.16,26.24,26.56,1435800
2021-09-01 07:00:00,26.8,26.88,26.6,26.6,457400
2021-09-06 07:00:00,26.76,27.36,26.76,27.12,992900
2021-09-07 07:00:00,27.12,27.12,26.2,26.2,1041100
2021-09-08 07:00:00,26.2,26.6,26.0,26.24,656300
2021-09-09 07:00:00,26.24,26.48,26.16,26.4,455000
2021-09-10 07:00:00,26.4,26.8,26.28,26.56,478500
2021-09-13 07:00:00,26.56,26.6,26.2,26.2,402900
2021-09-14 07:00:00,26.16,26.56,26.0,26.16,405800
2021-09-15 07:00:00,26.16,26.24,26.0,26.0,456400
2021-09-16 07:00:00,26.0,26.36,25.87,26.2,564000
2021-09-17 07:00:00,26.4,27.53,26.4,27.0,1190300
2021-09-20 07:00:00,27.81,27.81,27.24,27.49,1001200
2021-09-21 07:00:00,27.32,29.38,27.0,29.38,2292000
2021-09-22 07:00:00,29.42,30.06,29.38,29.42,760000
2021-09-23 07:00:00,29.46,29.86,28.61,29.1,469600
2021-09-24 07:00:00,28.7,29.34,28.7,28.82,636100
2021-09-27 07:00:00,28.94,28.94,28.01,28.17,935500
2021-09-28 07:00:00,28.01,28.98,27.93,28.98,417900
2021-09-29 07:00:00,29.02,29.1,28.61,28.9,368700
2021-09-30 07:00:00,28.74,30.23,28.74,29.66,498300
2021-10-01 07:00:00,30.02,30.71,29.7,30.51,615200
2021-10-04 07:00:00,30.91,30.99,30.63,30.71,440200
2021-10-05 07:00:00,31.03,32.44,30.63,32.28,722500
2021-10-06 07:00:00,33.45,33.85,32.48,33.85,854800
2021-10-07 07:00:00,33.49,35.95,33.49,35.47,923300
2021-10-08 07:00:00,36.23,36.23,34.26,34.26,1336200
2021-10-11 07:00:00,34.3,35.06,34.26,34.26,778300
2021-10-12 07:00:00,34.5,36.47,34.42,36.47,867000
2021-10-13 07:00:00,36.72,37.88,36.72,37.64,593700
2021-10-14 07:00:00,38.57,38.57,37.28,37.88,783600
2021-10-15 07:00:00,37.92,38.85,37.68,37.88,511300
2021-10-18 07:00:00,37.92,38.65,37.88,38.08,557600
2021-10-19 07:00:00,38.08,38.21,37.68,38.13,359100
2021-10-20 07:00:00,38.57,38.57,37.12,38.13,826700
2021-10-21 07:00:00,38.08,39.9,37.76,38.73,826300
2021-10-22 07:00:00,39.29,39.29,38.04,38.17,946900
2021-10-25 07:00:00,38.33,39.7,38.08,39.09,623200
2021-10-26 07:00:00,39.29,39.29,38.49,38.73,499900
2021-10-27 07:00:00,39.13,40.3,39.09,40.3,743200
2021-10-28 07:00:00,41.11,42.32,41.11,42.12,452200
2021-10-29 07:00:00,44.13,44.13,42.52,42.96,616700
2021-11-01 07:00:00,43.53,43.73,41.95,43.08,662700
2021-11-02 07:00:00,43.61,43.61,42.72,43.4,939800
2021-11-03 07:00:00,43.53,45.34,40.38,40.38,2004200
2021-11-04 07:00:00,39.9,41.51,38.89,39.98,1178900
2021-11-05 07:00:00,41.07,41.07,39.9,39.98,777200
2021-11-08 07:00:00,39.98,40.7,39.17,39.98,683100
2021-11-09 07:00:00,40.3,42.76,39.98,42.76,973500
2021-11-10 07:00:00,44.01,45.54,43.85,44.01,622300
2021-11-11 07:00:00,45.14,46.35,43.97,45.94,740800
2021-11-12 07:00:00,47.92,47.92,44.74,46.35,393500
2021-11-15 07:00:00,46.35,46.35,43.12,43.12,922400
2021-11-16 07:00:00,42.32,43.53,41.15,42.12,1356500
2021-11-17 07:00:00,42.52,43.93,42.12,43.77,522400
2021-11-18 07:00:00,43.97,44.33,42.32,42.36,481500
2021-11-19 07:00:00,42.4,43.12,39.5,40.3,929500
2021-11-22 07:00:00,40.3,40.87,37.48,37.48,1017400
2021-11-23 07:00:00,34.86,38.65,34.86,38.65,1001600
2021-11-24 07:00:00,40.3,40.3,37.16,37.52,476900
2021-11-25 07:00:00,36.72,38.65,36.72,37.64,739900
2021-11-26 07:00:00,38.21,38.21,36.27,36.88,622400
2021-11-29 07:00:00,36.19,36.88,36.19,36.35,633900
2021-11-30 07:00:00,36.96,38.08,36.27,36.67,433000
2021-12-01 07:00:00,36.67,37.28,36.67,36.88,222700
2021-12-02 07:00:00,37.08,39.46,37.08,39.46,542000
2021-12-03 07:00:00,40.3,42.2,40.18,41.71,1275100
2021-12-06 07:00:00,41.71,41.71,38.81,38.89,513900
2021-12-07 07:00:00,39.5,41.59,38.69,41.59,769400
2021-12-08 07:00:00,42.72,43.93,41.91,41.91,980700
2021-12-09 07:00:00,41.35,43.53,41.35,42.12,277100
2021-12-10 07:00:00,42.72,43.49,41.91,42.28,429200
2021-12-13 07:00:00,42.32,43.12,42.0,42.64,643400
2021-12-14 07:00:00,43.2,43.45,42.32,42.64,412800
2021-12-15 07:00:00,42.4,42.4,40.26,40.7,1007900
2021-12-16 07:00:00,41.15,41.15,39.5,40.74,935500
2021-12-17 07:00:00,41.51,42.92,41.11,42.24,775800
2021-12-20 07:00:00,42.72,42.72,40.7,40.74,515300
2021-12-21 07:00:00,40.26,41.11,39.82,40.95,883000
2021-12-22 07:00:00,40.83,41.31,39.82,39.82,706400
2021-12-23 07:00:00,39.74,39.74,37.08,37.08,1575100
2021-12-24 07:00:00,37.68,38.21,37.48,37.48,652600
2021-12-27 07:00:00,37.52,38.89,37.32,37.48,327700
2021-12-28 07:00:00,38.21,38.61,37.48,38.21,448100
2021-12-29 07:00:00,38.37,38.61,37.48,37.52,233400
2021-12-30 07:00:00,37.72,38.53,37.56,38.25,354600
2021-12-31 07:00:00,38.25,38.49,37.8,38.29,265500
2022-01-04 07:00:00,38.69,40.7,38.65,40.46,708800
2022-01-05 07:00:00,42.52,42.68,40.83,41.11,555300
2022-01-06 07:00:00,41.87,42.76,41.07,41.51,1006900
2022-01-07 07:00:00,41.91,41.91,40.3,41.47,736500
2022-01-10 07:00:00,41.71,41.91,39.29,39.29,1028400
2022-01-11 07:00:00,39.09,41.11,38.69,40.1,622300
2022-01-12 07:00:00,40.1,40.14,37.36,38.29,741800
2022-01-13 07:00:00,39.09,39.82,38.29,38.29,699500
2022-01-14 07:00:00,38.08,39.09,37.56,38.65,376800
2022-01-17 07:00:00,39.29,39.29,35.95,35.95,707700
2022-01-18 07:00:00,34.3,35.67,33.45,33.45,1071000
2022-01-19 07:00:00,31.15,32.24,31.11,31.11,1435000
2022-01-20 07:00:00,29.82,33.29,29.82,33.29,689100
2022-01-21 07:00:00,35.59,35.59,34.82,35.59,627200
2022-01-24 07:00:00,35.3,35.75,33.13,33.13,609900
2022-01-25 07:00:00,32.04,34.06,32.04,33.69,548100
2022-01-26 07:00:00,33.85,34.14,32.16,32.16,401600
2022-01-27 07:00:00,32.56,32.56,30.63,31.64,415300
2022-01-28 07:00:00,31.72,32.24,30.91,31.84,382200
2022-02-07 07:00:00,32.65,33.25,32.04,32.24,334700
2022-02-08 07:00:00,32.28,32.36,29.98,29.98,849800
2022-02-09 07:00:00,29.02,32.08,28.21,31.84,885200
2022-02-10 07:00:00,32.6,33.01,31.4,31.92,415200
2022-02-11 07:00:00,31.4,31.76,31.03,31.64,295500
2022-02-14 07:00:00,31.03,32.04,30.63,31.36,551600
2022-02-15 07:00:00,31.36,32.2,31.03,31.72,482600
2022-02-16 07:00:00,32.24,32.85,32.04,32.77,794000
2022-02-17 07:00:00,33.25,33.25,32.24,32.56,487600
2022-02-18 07:00:00,32.44,33.05,32.24,33.01,466000
2022-02-21 07:00:00,33.01,35.3,32.85,35.3,833400
2022-02-22 07:00:00,34.3,37.44,34.26,36.23,1244400
2022-02-23 07:00:00,36.23,36.96,36.19,36.59,468300
2022-02-24 07:00:00,36.59,36.64,34.06,35.87,1147200
2022-02-25 07:00:00,36.35,36.35,35.47,35.47,482500
2022-02-28 07:00:00,35.06,35.75,34.66,35.42,256500
2022-03-01 07:00:00,35.06,37.88,34.7,37.88,1322400
2022-03-02 07:00:00,38.69,38.69,37.68,38.13,782700
2022-03-03 07:00:00,38.41,39.01,38.17,38.57,476500
2022-03-04 07:00:00,38.53,40.3,38.21,39.74,708900
2022-03-07 07:00:00,39.5,40.3,39.09,39.74,474300
2022-03-08 07:00:00,39.05,39.7,37.88,38.25,848500
2022-03-09 07:00:00,37.52,39.17,37.08,38.29,1035600
2022-03-10 07:00:00,39.29,40.95,38.85,40.95,1456300
2022-03-11 07:00:00,41.87,42.88,40.7,40.7,1017000
2022-03-14 07:00:00,40.7,43.45,40.5,42.72,1323500
2022-03-15 07:00:00,43.12,43.73,42.08,42.36,587400
2022-03-16 07:00:00,42.72,43.89,42.24,42.52,782700
2022-03-17 07:00:00,43.12,43.12,41.39,41.71,648900
2022-03-18 07:00:00,41.91,42.72,41.47,41.75,343100
2022-03-21 07:00:00,41.75,42.76,41.75,42.48,453200
2022-03-22 07:00:00,42.8,44.29,42.48,42.56,1050000
2022-03-23 07:00:00,42.6,42.92,41.71,41.79,699300
2022-03-24 07:00:00,41.91,42.72,41.51,42.4,653100
2022-03-25 07:00:00,42.4,43.04,41.91,41.91,390500
2022-03-28 07:00:00,41.15,41.83,39.42,40.62,1389300
2022-03-29 07:00:00,40.95,42.32,40.79,42.04,551400
2022-03-30 07:00:00,41.71,44.25,41.51,42.12,1082700
2022-03-31 07:00:00,42.12,42.88,41.51,41.51,494100
2022-04-01 07:00:00,41.55,41.75,41.11,41.11,514800
2022-04-04 07:00:00,41.47,43.12,40.7,41.71,754500
2022-04-05 07:00:00,41.71,43.04,41.55,42.32,597200
2022-04-06 07:00:00,41.95,43.12,41.07,41.51,819400
2022-04-07 07:00:00,41.51,41.51,40.7,41.47,931200
2022-04-08 07:00:00,41.19,41.87,40.58,40.79,636000
2022-04-12 07:00:00,40.3,40.83,37.96,37.96,995800
2022-04-13 07:00:00,37.88,38.57,36.07,38.33,777900
2022-04-14 07:00:00,39.09,39.09,37.24,37.92,379200
2022-04-15 07:00:00,37.8,38.08,36.76,36.76,406200
2022-04-18 07:00:00,36.64,37.24,34.66,35.02,788200
2022-04-19 07:00:00,35.06,36.15,34.26,34.86,559900
2022-04-20 07:00:00,34.3,35.42,32.48,32.48,526100
2022-04-21 07:00:00,31.03,32.2,30.23,30.23,1458200
2022-04-22 07:00:00,30.23,30.83,28.13,28.13,1272700
2022-04-25 07:00:00,28.17,28.21,26.2,26.2,1397500
2022-04-26 07:00:00,24.38,28.01,24.38,28.01,3007800
2022-04-27 07:00:00,28.01,29.94,27.0,29.82,765200
2022-04-28 07:00:00,29.42,30.02,28.21,28.25,759000
2022-04-29 07:00:00,27.69,30.02,27.61,29.74,821100
2022-05-04 07:00:00,29.46,29.7,28.25,28.53,733700
2022-05-05 07:00:00,29.02,29.02,26.56,27.0,1204200
2022-05-06 07:00:00,25.79,26.96,25.15,25.15,834300
2022-05-09 07:00:00,23.74,24.14,23.42,23.42,970800
2022-05-10 07:00:00,21.8,22.53,21.8,21.8,3449900
2022-05-11 07:00:00,22.77,23.3,22.17,23.3,1042600
2022-05-12 07:00:00,23.86,24.79,21.68,21.68,1371800
2022-05-13 07:00:00,21.68,22.13,20.19,20.19,2006600
2022-05-16 07:00:00,20.96,21.6,20.07,20.23,1639800
2022-05-17 07:00:00,20.19,21.64,20.15,21.64,925400
2022-05-18 07:00:00,22.17,23.13,22.17,22.41,1283500
2022-05-19 07:00:00,21.92,22.85,21.52,22.61,1079700
2022-05-20 07:00:00,22.77,23.98,22.61,23.7,808700
2022-05-23 07:00:00,24.18,24.18,22.04,22.04,1601300
2022-05-24 07:00:00,22.17,23.38,21.36,23.38,1171500
2022-05-25 07:00:00,23.46,24.79,23.3,24.54,1204500
2022-05-26 07:00:00,24.58,25.59,24.42,25.11,1032800
2022-05-27 07:00:00,25.31,25.59,24.99,25.19,911200
2022-05-30 07:00:00,25.39,25.59,24.91,25.19,883000
2022-05-31 07:00:00,24.99,25.23,24.38,24.58,1031200
2022-06-01 07:00:00,24.58,24.99,23.9,24.58,755700
2022-06-02 07:00:00,24.58,25.15,23.98,23.98,735200
2022-06-03 07:00:00,23.98,24.26,23.42,24.26,668200
2022-06-06 07:00:00,24.5,24.54,22.97,22.97,626800
2022-06-07 07:00:00,22.57,23.58,21.56,22.65,1118500
2022-06-08 07:00:00,23.05,24.22,22.81,24.22,778400
2022-06-09 07:00:00,24.38,25.19,24.26,24.58,514200
2022-06-10 07:00:00,24.3,24.79,23.78,23.9,516600
2022-06-13 07:00:00,22.57,23.25,22.25,22.25,1199600
2022-06-14 07:00:00,21.2,22.49,21.2,21.48,778500
2022-06-15 07:00:00,21.52,21.76,19.99,19.99,1827300
2022-06-16 07:00:00,21.36,21.36,18.6,18.6,1193500
2022-06-17 07:00:00,17.45,18.14,17.31,17.31,2415200
2022-06-20 07:00:00,17.13,17.53,16.1,16.1,2112000
2022-06-21 07:00:00,15.87,17.13,14.99,14.99,2118900
2022-06-22 07:00:00,15.02,16.02,14.72,16.02,1903400
2022-06-23 07:00:00,16.63,17.13,16.38,17.13,1178500
2022-06-24 07:00:00,17.44,18.32,17.26,18.32,1846200
2022-06-27 07:00:00,18.14,19.3,17.99,18.9,1827100
2022-06-28 07:00:00,18.9,19.6,18.39,19.05,1555000
2022-06-29 07:00:00,19.05,19.5,18.44,19.33,1450800
2022-06-30 07:00:00,19.35,19.45,18.44,18.65,1156800
2022-07-01 07:00:00,18.49,19.6,17.36,18.8,1731500
2022-07-04 07:00:00,19.0,19.2,18.24,18.49,600400
2022-07-05 07:00:00,18.75,18.75,17.54,17.86,539000
2022-07-06 07:00:00,17.39,18.39,17.13,17.24,1097300
2022-07-07 07:00:00,17.54,17.71,17.16,17.34,642200
2022-07-08 07:00:00,17.66,18.55,17.64,18.55,798700
2022-07-11 07:00:00,18.75,19.6,18.55,19.2,2269700
2022-07-12 07:00:00,19.3,20.54,19.2,20.54,1434100
2022-07-13 07:00:00,20.81,21.39,20.51,20.94,1801400
2022-07-14 07:00:00,20.86,21.32,20.59,20.91,1519300
2022-07-15 07:00:00,21.37,21.69,21.04,21.06,1383300
2022-07-18 07:00:00,21.19,21.52,20.06,20.59,1944700
2022-07-19 07:00:00,20.56,21.12,20.08,20.81,1690300
2022-07-20 07:00:00,21.42,22.25,20.96,22.25,1793400
2022-07-21 07:00:00,22.3,23.08,22.0,22.0,1886000
2022-07-22 07:00:00,21.82,22.07,21.67,21.72,1251900
2022-07-25 07:00:00,21.32,21.92,20.99,21.57,1642000
2022-07-26 07:00:00,21.44,22.0,21.44,21.54,762100
2022-07-27 07:00:00,21.39,22.93,21.22,22.93,1921400
2022-07-28 07:00:00,23.43,24.34,23.21,23.33,2553800
2022-07-29 07:00:00,23.36,23.43,23.03,23.43,1305100
2022-08-01 07:00:00,23.58,24.16,23.36,23.61,1664600
2022-08-02 07:00:00,23.61,23.91,23.53,23.58,1473600
2022-08-03 07:00:00,23.63,24.44,23.18,24.34,1659700
2022-08-04 07:00:00,24.69,24.69,23.81,23.99,1526100
2022-08-05 07:00:00,23.94,25.2,23.76,24.77,1453700
2022-08-08 07:00:00,24.84,25.15,24.24,24.39,1361800
2022-08-09 07:00:00,24.24,24.77,24.21,24.49,1171800
2022-08-10 07:00:00,24.49,25.1,24.29,24.79,1219500
2022-08-11 07:00:00,25.02,25.15,23.63,23.79,2124800
2022-08-12 07:00:00,23.84,24.06,23.68,23.84,1489300
2022-08-15 07:00:00,24.11,24.79,23.79,24.54,1415900
2022-08-16 07:00:00,24.59,24.94,24.34,24.64,795100
2022-08-17 07:00:00,24.79,26.36,24.74,26.36,4701500
2022-08-18 07:00:00,26.36,26.96,26.05,26.26,2243900
2022-08-19 07:00:00,26.26,27.62,26.26,26.81,2165500
2022-08-22 07:00:00,26.76,27.62,26.26,27.11,2600300
2022-08-23 07:00:00,26.76,27.62,26.61,27.56,1636900
2022-08-24 07:00:00,27.67,27.87,27.21,27.21,1778100
2022-08-25 07:00:00,27.31,27.72,26.71,27.16,1700100
2022-08-26 07:00:00,27.21,27.67,26.71,26.81,1881300
2022-08-29 07:00:00,26.26,27.56,25.45,27.56,4204100
2022-08-30 07:00:00,27.87,28.37,27.46,27.56,1458800
2022-08-31 07:00:00,27.21,27.82,27.06,27.46,1208900
2022-09-05 07:00:00,27.46,28.42,27.21,28.22,2577000
2022-09-06 07:00:00,28.22,28.62,27.97,28.17,951500
2022-09-07 07:00:00,28.22,28.22,26.2,26.2,3356500
2022-09-08 07:00:00,26.26,26.46,24.39,24.39,4416600
2022-09-09 07:00:00,24.39,25.65,22.9,25.65,3837900
2022-09-12 07:00:00,25.7,25.95,24.94,24.94,1091200
2022-09-13 07:00:00,24.97,25.2,24.29,25.02,1320300
2022-09-14 07:00:00,24.64,25.6,24.34,25.25,1492900
2022-09-15 07:00:00,25.35,25.55,25.04,25.2,832900
2022-09-16 07:00:00,25.2,25.2,23.74,23.74,1305300
2022-09-19 07:00:00,23.43,23.63,22.1,22.1,3226600
2022-09-20 07:00:00,22.55,22.55,20.76,22.1,1919100
2022-09-21 07:00:00,21.72,22.42,21.72,21.95,608100
2022-09-22 07:00:00,21.52,22.5,21.27,22.17,1186600
2022-09-23 07:00:00,22.17,22.42,21.37,21.37,933700
2022-09-26 07:00:00,20.11,21.12,19.88,19.88,1954300
2022-09-27 07:00:00,19.96,20.16,19.05,19.15,1870500
2022-09-28 07:00:00,19.1,20.48,18.75,20.48,3040100
2022-09-29 07:00:00,21.12,21.12,19.07,19.07,1443000
2022-09-30 07:00:00,19.25,20.38,18.14,20.38,2671000
2022-10-03 07:00:00,20.18,20.91,19.4,19.45,1805300
2022-10-04 07:00:00,20.11,20.56,19.33,20.13,2553400
2022-10-05 07:00:00,20.86,21.52,20.64,21.52,1437600
2022-10-06 07:00:00,21.77,22.42,20.64,20.64,3543500
2022-10-07 07:00:00,20.16,22.07,19.9,21.42,3303300
2022-10-10 07:00:00,21.16,21.92,20.91,21.16,2259400
2022-10-11 07:00:00,21.06,21.37,19.7,19.7,1851100
2022-10-12 07:00:00,18.34,19.96,18.34,18.34,5796400
2022-10-13 07:00:00,18.34,19.07,17.18,17.24,2918800
2022-10-14 07:00:00,17.74,18.42,17.13,18.42,2506300
2022-10-17 07:00:00,18.65,18.95,18.04,18.47,1495700
2022-10-18 07:00:00,18.75,19.65,18.47,18.7,2089500
2022-10-19 07:00:00,18.65,19.0,18.14,18.14,1405300
2022-10-20 07:00:00,17.99,18.39,17.31,17.39,1830300
2022-10-21 07:00:00,17.54,17.54,16.18,16.18,2823700
2022-10-24 07:00:00,15.52,16.08,15.07,15.07,1499300
2022-10-25 07:00:00,14.04,15.07,14.04,14.04,4980200
2022-10-26 07:00:00,13.25,14.01,13.08,13.15,7326200
2022-10-27 07:00:00,13.1,14.06,13.1,14.06,1822400
2022-10-28 07:00:00,14.41,15.04,14.16,14.21,2952100
2022-10-31 07:00:00,14.26,14.36,13.25,14.21,2407400
2022-11-01 07:00:00,14.36,15.19,14.31,15.19,2406300
2022-11-02 07:00:00,15.45,16.25,15.22,16.23,4319100
2022-11-03 07:00:00,15.62,17.18,15.62,17.03,4123900
2022-11-04 07:00:00,16.76,16.98,15.85,16.13,4658500
2022-11-07 07:00:00,15.87,16.0,15.02,15.02,3919400
2022-11-08 07:00:00,14.06,15.47,14.06,14.74,1325600
2022-11-09 07:00:00,15.14,15.75,15.12,15.75,1735400
2022-11-10 07:00:00,15.6,16.63,14.87,15.37,5055000
2022-11-11 07:00:00,15.77,16.05,14.97,15.52,3074400
2022-11-14 07:00:00,14.56,15.7,14.44,15.4,2771200
2022-11-15 07:00:00,15.34,15.34,14.34,14.34,2122900
2022-11-16 07:00:00,13.35,15.32,13.35,15.32,6356900
2022-11-17 07:00:00,15.72,16.08,15.32,15.55,2990200
2022-11-18 07:00:00,15.14,16.63,15.12,16.63,3518700
2022-11-21 07:00:00,17.24,17.24,16.63,16.76,1366600
2022-11-22 07:00:00,16.63,17.92,16.38,16.38,2842900
2022-11-23 07:00:00,15.92,16.68,15.67,15.67,1336200
2022-11-24 07:00:00,15.7,16.45,15.14,16.43,1181100
2022-11-25 07:00:00,16.88,17.54,16.7,17.54,1289400
2022-11-28 07:00:00,18.09,18.37,16.63,17.39,1947100
2022-11-29 07:00:00,17.54,18.6,17.06,18.6,2347300
2022-11-30 07:00:00,18.9,19.15,18.14,18.65,1838700
2022-12-01 07:00:00,19.15,19.63,17.66,18.04,2378000
2022-12-02 07:00:00,17.79,19.3,17.59,19.3,1697500
2022-12-05 07:00:00,19.65,19.65,18.19,18.19,1755300
2022-12-06 07:00:00,17.84,18.39,16.93,16.93,3571300
2022-12-07 07:00:00,16.83,16.88,15.75,15.75,1717300
2022-12-08 07:00:00,15.9,16.83,15.9,16.83,1299700
2022-12-09 07:00:00,17.13,17.36,16.4,16.63,763900
2022-12-12 07:00:00,16.88,17.64,15.87,15.87,856800
2022-12-13 07:00:00,15.92,16.66,15.67,16.63,865700
2022-12-14 07:00:00,16.91,17.34,16.66,17.18,566300
2022-12-15 07:00:00,17.24,17.94,17.24,17.94,1628900
2022-12-16 07:00:00,17.94,18.09,17.54,17.81,704900
2022-12-19 07:00:00,18.09,18.09,16.58,16.58,1626800
2022-12-20 07:00:00,16.38,16.73,15.52,16.13,1533200
2022-12-21 07:00:00,16.18,16.35,15.02,15.04,954700
2022-12-22 07:00:00,15.42,15.42,14.61,15.07,654200
2022-12-23 07:00:00,15.02,15.72,14.92,15.37,577000
2022-12-26 07:00:00,15.37,15.42,14.31,14.31,778800
2022-12-27 07:00:00,14.11,15.02,14.01,15.02,590600
2022-12-28 07:00:00,15.17,15.27,14.89,15.22,313400
2022-12-29 07:00:00,15.19,15.62,14.89,14.89,376100
2022-12-30 07:00:00,15.09,15.12,14.56,14.56,181400
2023-01-03 07:00:00,14.87,15.57,14.61,15.57,713000
2023-01-04 07:00:00,16.02,16.02,15.52,15.57,457400
2023-01-05 07:00:00,15.57,15.62,15.22,15.52,333100
2023-01-06 07:00:00,16.02,16.53,15.62,16.02,1415300
2023-01-09 07:00:00,16.13,16.23,15.62,15.87,374700
2023-01-10 07:00:00,16.0,16.0,15.37,15.52,359900
2023-01-11 07:00:00,15.52,15.87,15.37,15.45,426200
2023-01-12 07:00:00,15.6,15.7,15.12,15.62,514000
2023-01-13 07:00:00,15.62,15.72,15.32,15.32,447300
2023-01-16 07:00:00,15.34,15.52,14.94,15.02,420100
2023-01-17 07:00:00,14.92,15.67,14.92,15.47,598900
2023-01-18 07:00:00,15.52,16.13,15.52,15.95,832500
2023-01-19 07:00:00,16.05,16.15,15.82,15.98,706300
2023-01-27 07:00:00,16.13,16.23,15.72,15.72,767300
2023-01-30 07:00:00,15.82,16.81,15.6,16.81,2329800
2023-01-31 07:00:00,17.08,17.39,16.58,17.24,2453600
2023-02-01 07:00:00,17.39,17.39,16.05,16.05,2578800
2023-02-02 07:00:00,16.13,16.28,15.32,15.47,1198400
2023-02-03 07:00:00,15.52,15.82,15.37,15.42,734200
2023-02-06 07:00:00,15.42,15.87,15.37,15.72,476100
2023-02-07 07:00:00,15.75,15.92,15.17,15.19,699200
2023-02-08 07:00:00,15.19,15.42,14.59,15.19,942000
2023-02-09 07:00:00,15.19,15.24,14.82,14.82,367600
2023-02-10 07:00:00,14.82,15.04,14.56,14.69,581100
2023-02-13 07:00:00,14.51,14.51,13.76,13.81,1224100
2023-02-14 07:00:00,14.08,14.66,13.81,14.66,836200
2023-02-15 07:00:00,14.61,15.27,14.46,15.04,726900
2023-02-16 07:00:00,15.07,15.22,14.94,15.22,404700
2023-02-17 07:00:00,15.07,15.72,15.07,15.09,481400
2023-02-20 07:00:00,14.92,15.87,14.92,15.87,1397000
2023-02-21 07:00:00,16.02,16.28,15.57,15.57,1013200
2023-02-22 07:00:00,15.37,15.52,14.87,14.87,943600
2023-02-23 07:00:00,14.82,15.37,14.72,15.37,993600
2023-02-24 07:00:00,15.5,15.5,15.07,15.14,340700
2023-02-27 07:00:00,14.82,15.32,14.76,15.04,935000
2023-02-28 07:00:00,15.12,15.34,15.04,15.17,465400
2023-03-01 07:00:00,15.09,15.32,14.82,15.29,680300
2023-03-02 07:00:00,15.34,15.47,15.17,15.27,529400
2023-03-03 07:00:00,15.32,15.32,14.87,14.92,478400
2023-03-06 07:00:00,15.32,15.72,15.04,15.04,1128800
2023-03-07 07:00:00,15.24,15.4,15.02,15.4,837800
2023-03-08 07:00:00,15.37,15.62,15.12,15.4,875100
2023-03-09 07:00:00,15.52,16.18,15.47,16.02,1499800
2023-03-10 07:00:00,15.82,16.02,15.65,15.72,1054400
2023-03-13 07:00:00,15.57,15.98,15.57,15.67,779100
2023-03-14 07:00:00,15.67,15.67,14.87,15.04,1465000
2023-03-15 07:00:00,15.37,15.85,15.27,15.7,725900
2023-03-16 07:00:00,15.27,15.55,15.27,15.29,492100
2023-03-17 07:00:00,15.52,15.55,15.24,15.27,553000
2023-03-20 07:00:00,15.27,15.42,15.07,15.07,986000
2023-03-21 07:00:00,15.12,15.32,15.07,15.27,736600
2023-03-22 07:00:00,15.4,15.82,15.32,15.55,896200
2023-03-23 07:00:00,15.27,15.77,15.27,15.67,457400
2023-03-24 07:00:00,15.8,15.85,15.62,15.67,701600
2023-03-27 07:00:00,15.75,15.85,15.67,15.75,489500
2023-03-28 07:00:00,15.87,16.13,15.62,15.62,1317500
2023-03-29 07:00:00,15.67,15.77,15.6,15.65,387000
2023-03-30 07:00:00,15.82,15.9,15.62,15.62,611700
2023-03-31 07:00:00,15.7,16.35,15.57,16.15,1187700
2023-04-03 07:00:00,16.63,17.08,16.45,16.68,2434200
2023-04-04 07:00:00,16.88,16.93,16.48,16.86,1490900
2023-04-05 07:00:00,16.91,17.03,16.58,16.88,1220700
2023-04-06 07:00:00,16.91,17.51,16.13,16.33,1793000
2023-04-07 07:00:00,16.38,16.6,15.98,16.48,895800
2023-04-10 07:00:00,16.78,16.88,15.98,16.13,1344800
2023-04-11 07:00:00,16.0,16.38,15.82,16.38,862000
2023-04-12 07:00:00,16.58,17.51,16.38,17.51,3173200
2023-04-13 07:00:00,17.76,18.02,17.49,17.56,1899700
2023-04-14 07:00:00,17.56,17.59,16.35,16.35,2557300
2023-04-17 07:00:00,16.35,16.68,16.13,16.58,1420500
2023-04-18 07:00:00,16.58,17.13,16.48,16.91,1070000
2023-04-19 07:00:00,16.98,17.03,16.38,16.4,883200
2023-04-20 07:00:00,16.6,16.78,16.43,16.63,590400
2023-04-21 07:00:00,16.86,16.86,16.4,16.48,750800
2023-04-24 07:00:00,16.23,16.78,16.18,16.48,862600
2023-04-25 07:00:00,16.73,16.98,16.43,16.73,1119500
2023-04-26 07:00:00,16.58,17.24,16.58,17.24,1148900
2023-04-27 07:00:00,17.34,17.64,17.28,17.36,1587500
2023-04-28 07:00:00,17.49,17.89,17.24,17.61,1820200
2023-05-04 07:00:00,17.36,17.79,17.18,17.26,1170800
2023-05-05 07:00:00,17.26,17.46,16.93,17.13,1419900
2023-05-08 07:00:00,17.26,17.71,17.13,17.59,1184100
2023-05-09 07:00:00,17.66,17.66,17.28,17.44,510200
2023-05-10 07:00:00,17.59,17.99,17.46,17.66,1417900
2023-05-11 07:00:00,17.81,18.07,17.56,17.71,925500
2023-05-12 07:00:00,17.74,17.76,17.36,17.56,1184900
2023-05-15 07:00:00,17.64,18.24,17.64,17.89,1595100
2023-05-16 07:00:00,17.89,17.94,17.56,17.64,822400
2023-05-17 07:00:00,17.64,17.81,17.13,17.16,913100
2023-05-18 07:00:00,17.34,17.44,17.03,17.03,799400
2023-05-19 07:00:00,17.08,17.36,16.88,17.36,979700
2023-05-22 07:00:00,17.44,17.66,17.34,17.59,774700
2023-05-23 07:00:00,17.61,17.61,17.24,17.28,794200
2023-05-24 07:00:00,17.34,17.54,17.26,17.28,881100
2023-05-25 07:00:00,17.06,17.44,17.03,17.28,685600
2023-05-26 07:00:00,17.54,17.89,17.39,17.54,1402600
2023-05-29 07:00:00,17.89,17.89,17.59,17.69,804300
2023-05-30 07:00:00,17.86,18.6,17.86,18.24,2024200
2023-05-31 07:00:00,18.34,18.75,18.17,18.44,1471100
2023-06-01 07:00:00,18.44,18.7,18.37,18.42,888700
2023-06-02 07:00:00,18.62,18.67,18.19,18.27,977600
2023-06-05 07:00:00,18.39,18.42,17.84,17.99,1332300
2023-06-06 07:00:00,17.99,18.39,17.76,18.24,1124100
2023-06-07 07:00:00,18.44,18.62,18.14,18.34,1074800
2023-06-08 07:00:00,18.44,18.87,18.29,18.29,1425000
2023-06-09 07:00:00,18.29,18.8,18.17,18.65,1205200
2023-06-12 07:00:00,18.7,18.72,18.32,18.57,664600
2023-06-13 07:00:00,18.57,18.9,18.44,18.47,786600
2023-06-14 07:00:00,18.49,18.62,18.14,18.14,1374300
2023-06-15 07:00:00,18.22,18.24,17.94,17.99,866700
2023-06-16 07:00:00,18.34,19.09,18.27,18.59,1021100
2023-06-19 07:00:00,18.62,18.84,18.3,18.34,529800
2023-06-20 07:00:00,18.46,18.65,18.27,18.65,712400
2023-06-21 07:00:00,18.9,18.9,18.59,18.75,543500
2023-06-22 07:00:00,18.9,19.31,18.9,19.06,1433800
2023-06-23 07:00:00,19.06,19.09,18.84,18.87,1045600
2023-06-26 07:00:00,18.87,18.87,18.27,18.43,1544400
2023-06-27 07:00:00,18.46,18.65,18.4,18.4,559400
2023-06-28 07:00:00,18.53,18.65,18.34,18.34,594900
2023-06-29 07:00:00,18.34,18.34,17.93,17.93,804200
2023-06-30 07:00:00,17.93,17.96,17.61,17.64,859400
2023-07-03 07:00:00,17.83,18.08,17.45,18.08,515500
2023-07-04 07:00:00,17.96,18.21,17.83,18.12,459500
2023-07-05 07:00:00,18.34,18.34,18.02,18.02,770000
2023-07-06 07:00:00,17.96,18.02,17.64,17.83,367200
2023-07-07 07:00:00,17.64,17.93,17.45,17.9,558900
2023-07-10 07:00:00,17.93,18.27,17.9,18.27,854000
2023-07-11 07:00:00,18.4,18.46,18.15,18.21,998900
2023-07-12 07:00:00,18.21,18.4,17.99,18.4,756100
2023-07-13 07:00:00,18.65,19.66,18.62,19.66,4170600
2023-07-14 07:00:00,19.91,21.02,19.85,21.02,3108700
2023-07-17 07:00:00,20.98,22.06,20.86,21.58,2394800
2023-07-18 07:00:00,21.52,23.06,21.17,23.06,3249400
2023-07-19 07:00:00,23.57,23.91,22.68,23.0,2146100
2023-07-20 07:00:00,23.0,24.61,22.75,24.54,2773500
2023-07-21 07:00:00,24.54,25.08,24.1,24.48,2117400
2023-07-24 07:00:00,24.58,24.98,23.98,24.54,2845100
2023-07-25 07:00:00,24.7,25.11,24.23,24.64,2955800
2023-07-26 07:00:00,24.45,24.95,24.39,24.48,2682700
2023-07-27 07:00:00,24.42,26.06,24.26,24.83,12732900
2023-07-28 07:00:00,24.8,24.83,24.26,24.32,4830300
2023-07-31 07:00:00,24.13,24.32,23.06,23.28,9712700
2023-08-01 07:00:00,23.57,24.36,23.32,23.32,6743800
2023-08-02 07:00:00,23.5,23.82,23.35,23.44,4836600
2023-08-03 07:00:00,23.44,24.04,23.22,23.32,8506900
2023-08-04 07:00:00,23.63,23.85,23.28,23.76,7419700
2023-08-07 07:00:00,24.04,24.42,23.13,23.19,12712300
2023-08-08 07:00:00,23.19,23.38,22.43,22.43,12278100
2023-08-09 07:00:00,22.24,23.19,22.12,22.75,6369400
2023-08-10 07:00:00,22.9,23.1,22.56,22.72,4533100
2023-08-11 07:00:00,22.72,23.25,22.37,23.25,5675700
2023-08-14 07:00:00,23.63,24.2,23.32,23.69,7980100
2023-08-15 07:00:00,23.94,23.94,23.32,23.32,4775600
2023-08-16 07:00:00,23.32,23.69,23.13,23.5,4435200
2023-08-17 07:00:00,23.5,23.82,23.06,23.06,4742300
2023-08-18 07:00:00,22.87,22.97,21.46,21.46,7044600
2023-08-21 07:00:00,20.98,21.33,20.23,20.42,4962600
2023-08-22 07:00:00,20.48,20.92,19.53,20.86,4635600
2023-08-23 07:00:00,20.98,21.17,20.48,20.48,2452500
2023-08-24 07:00:00,20.54,21.68,20.54,21.55,4507500
2023-08-25 07:00:00,21.55,21.58,21.11,21.17,3409200
2023-08-28 07:00:00,21.42,21.93,21.2,21.61,2726000
2023-08-29 07:00:00,21.74,22.65,21.74,22.18,5695200
2023-08-30 07:00:00,22.21,23.0,22.15,22.81,5032700
2023-08-31 07:00:00,23.0,23.06,22.65,22.87,3480100
2023-09-05 07:00:00,23.25,23.25,22.72,22.81,3502200
2023-09-06 07:00:00,22.81,23.94,22.46,23.94,8293400
2023-09-07 07:00:00,23.98,24.26,23.32,23.63,5583700
2023-09-08 07:00:00,23.5,24.2,23.47,23.82,4247200
2023-09-11 07:00:00,23.94,24.01,22.5,22.5,6323800
2023-09-12 07:00:00,22.5,23.44,22.37,23.44,3516000
2023-09-13 07:00:00,23.69,24.23,23.0,23.32,6033100
2023-09-14 07:00:00,23.32,23.32,22.53,22.53,4764500
2023-09-15 07:00:00,22.56,22.84,22.12,22.4,3393700
2023-09-18 07:00:00,22.37,22.4,21.42,21.58,3649500
2023-09-19 07:00:00,21.74,21.83,20.92,21.11,3566000
2023-09-20 07:00:00,21.39,22.56,21.24,22.56,2674900
2023-09-21 07:00:00,22.62,23.06,22.28,22.37,2856100
2023-09-22 07:00:00,21.46,22.06,20.83,21.11,4121100
2023-09-25 07:00:00,21.08,21.42,19.66,19.66,3365000
2023-09-26 07:00:00,19.28,20.42,18.72,18.72,3038200
2023-09-27 07:00:00,18.72,20.01,18.4,20.01,2877700
2023-09-28 07:00:00,19.85,19.98,19.38,19.6,1733500
2023-09-29 07:00:00,19.91,20.1,19.41,19.41,1650500
2023-10-02 07:00:00,19.41,19.85,19.41,19.53,949300
2023-10-03 07:00:00,19.25,19.34,18.18,18.18,4475000
2023-10-04 07:00:00,17.96,19.25,17.9,18.84,3071500
2023-10-05 07:00:00,18.97,19.16,18.46,18.81,1857200
2023-10-06 07:00:00,18.81,19.53,18.78,19.53,2238100
2023-10-09 07:00:00,19.53,19.82,19.28,19.69,1441000
2023-10-10 07:00:00,19.85,19.98,19.16,19.16,2417300
2023-10-11 07:00:00,19.22,19.47,18.81,19.47,1796400
2023-10-12 07:00:00,19.72,20.13,19.53,19.76,3085000
2023-10-13 07:00:00,19.28,20.23,19.16,20.1,2514400
2023-10-16 07:00:00,20.16,20.39,19.6,19.6,2357900
2023-10-17 07:00:00,19.63,20.04,18.72,18.72,2238700
2023-10-18 07:00:00,18.9,19.06,17.42,17.68,4074300
2023-10-19 07:00:00,17.71,18.53,17.71,17.96,3177000
2023-10-20 07:00:00,18.12,19.19,17.96,19.19,2536500
2023-10-23 07:00:00,18.97,19.69,18.97,19.34,2890000
2023-10-24 07:00:00,19.53,19.98,19.16,19.98,1744000
2023-10-25 07:00:00,20.04,20.2,19.28,19.53,1900000
2023-10-26 07:00:00,19.22,19.22,18.18,18.84,5504300
2023-10-27 07:00:00,18.9,19.94,18.72,19.85,2076800
2023-10-30 07:00:00,19.82,20.13,19.38,19.38,1957200
2023-10-31 07:00:00,19.6,19.91,18.56,18.72,2288300
2023-11-01 07:00:00,18.9,19.22,18.53,19.22,2178500
2023-11-02 07:00:00,19.5,20.54,19.34,20.54,3722100
2023-11-03 07:00:00,20.73,20.76,20.16,20.48,2536900
2023-11-06 07:00:00,20.73,20.73,20.2,20.6,2689600
2023-11-07 07:00:00,20.35,20.92,20.29,20.35,2026200
2023-11-08 07:00:00,20.35,21.77,20.32,21.77,5252500
2023-11-09 07:00:00,21.8,22.31,21.55,21.55,7016600
2023-11-10 07:00:00,21.42,22.09,21.3,21.3,5487400
2023-11-13 07:00:00,21.36,21.83,20.92,21.39,3392100
2023-11-14 07:00:00,21.74,22.06,21.33,21.55,2535200
2023-11-15 07:00:00,22.09,22.09,21.27,21.3,3432300
2023-11-16 07:00:00,21.3,22.18,21.11,22.18,4914100
2023-11-17 07:00:00,22.24,22.28,21.3,21.49,5598400
2023-11-20 07:00:00,20.95,21.64,20.95,21.42,3003500
2023-11-21 07:00:00,21.64,21.8,21.52,21.74,3573000
2023-11-22 07:00:00,21.74,22.94,21.46,22.94,13991500
2023-11-23 07:00:00,23.03,23.13,21.36,21.36,5158500
2023-11-24 07:00:00,21.68,21.68,20.29,21.42,6903800
2023-11-27 07:00:00,21.42,21.64,20.8,20.8,2988600
2023-11-28 07:00:00,20.73,20.89,20.07,20.6,3815100
2023-11-29 07:00:00,20.8,21.08,20.67,20.92,2457000
2023-11-30 07:00:00,20.98,21.3,20.51,20.51,2856800
2023-12-01 07:00:00,20.7,20.95,20.2,20.76,2289200
2023-12-04 07:00:00,21.05,21.9,20.89,21.55,3952600
2023-12-05 07:00:00,21.64,21.74,21.42,21.55,2746700
2023-12-06 07:00:00,21.52,22.02,21.49,21.93,3237500
2023-12-07 07:00:00,22.18,22.21,20.8,21.24,5650200
2023-12-08 07:00:00,21.39,21.42,20.83,21.02,2337600
2023-12-11 07:00:00,21.17,21.17,20.83,20.92,1631300
2023-12-12 07:00:00,20.92,21.14,20.89,20.98,1334600
2023-12-13 07:00:00,21.11,21.24,20.51,20.51,2144800
2023-12-14 07:00:00,20.76,20.76,20.04,20.04,2738300
2023-12-15 07:00:00,20.04,20.48,19.91,20.1,1885500
2023-12-18 07:00:00,20.1,20.42,19.98,20.04,1071300
2023-12-19 07:00:00,20.29,20.29,19.94,20.29,1222200
2023-12-20 07:00:00,20.32,20.7,20.29,20.29,1010300
2023-12-21 07:00:00,20.29,20.45,20.1,20.35,1095600
2023-12-22 07:00:00,20.35,20.67,20.29,20.35,1530900
2023-12-25 07:00:00,20.35,20.7,20.26,20.6,1560000
2023-12-26 07:00:00,20.7,20.92,20.67,20.76,1621800
2023-12-27 07:00:00,20.8,20.95,20.73,20.76,2215500
2023-12-28 07:00:00,20.73,20.89,20.57,20.57,1542900
2023-12-29 07:00:00,20.67,20.8,20.54,20.57,1897500
2024-01-02 07:00:00,20.76,20.76,20.23,20.26,2304000
2024-01-03 07:00:00,20.26,20.48,20.2,20.45,1316900
2024-01-04 07:00:00,20.48,20.92,20.45,20.57,3240500
2024-01-05 07:00:00,20.57,20.95,20.57,20.73,1924600
2024-01-08 07:00:00,20.83,21.24,20.83,20.86,3094900
2024-01-09 07:00:00,20.98,20.98,20.57,20.57,2041900
2024-01-10 07:00:00,20.51,20.7,20.1,20.2,2750400
2024-01-11 07:00:00,20.29,20.35,20.07,20.1,1535600
2024-01-12 07:00:00,19.85,19.98,19.22,19.34,4822700
2024-01-15 07:00:00,19.72,19.72,19.09,19.09,1353600
2024-01-16 07:00:00,19.09,19.34,18.97,19.34,1198000
2024-01-17 07:00:00,19.53,19.76,19.41,19.57,848500
2024-01-18 07:00:00,19.72,20.04,19.53,19.72,1488400
2024-01-19 07:00:00,19.88,19.88,19.5,19.53,1109100
2024-01-22 07:00:00,19.88,19.88,19.34,19.76,1378700
2024-01-23 07:00:00,19.79,19.79,19.47,19.47,883900
2024-01-24 07:00:00,19.44,19.6,19.31,19.31,1176900
2024-01-25 07:00:00,19.31,19.47,19.28,19.41,524800
2024-01-26 07:00:00,19.5,19.79,19.44,19.53,790600
2024-01-29 07:00:00,19.53,19.66,19.38,19.38,716600
2024-01-30 07:00:00,19.34,19.57,19.34,19.44,552100
2024-01-31 07:00:00,19.47,19.69,19.22,19.47,1891000
2024-02-01 07:00:00,19.47,19.69,19.47,19.6,940400
2024-02-02 07:00:00,19.72,20.2,19.69,19.69,2359100
2024-02-05 07:00:00,19.69,19.72,19.5,19.53,1066300
2024-02-06 07:00:00,19.66,19.69,19.47,19.47,1138400
2024-02-07 07:00:00,19.47,19.6,19.34,19.34,1490400
2024-02-15 07:00:00,19.53,19.57,19.31,19.5,1494300
2024-02-16 07:00:00,19.6,20.04,19.57,19.76,2629400
2024-02-19 07:00:00,19.79,19.85,19.53,19.72,1348300
2024-02-20 07:00:00,19.85,20.29,19.72,20.07,3590900
2024-02-21 07:00:00,20.2,20.29,19.91,19.98,1804600
2024-02-22 07:00:00,19.98,20.1,19.72,19.72,1643600
2024-02-23 07:00:00,19.79,19.85,19.16,19.16,3674200
2024-02-26 07:00:00,19.22,19.38,19.03,19.28,1335400
2024-02-27 07:00:00,19.41,19.63,19.25,19.53,1540600
2024-02-28 07:00:00,19.69,19.69,19.38,19.41,1126800
2024-02-29 07:00:00,19.69,19.69,19.34,19.47,2850500
2024-03-01 07:00:00,19.53,19.6,19.38,19.57,1720500
2024-03-04 07:00:00,19.88,20.35,19.88,20.04,5157900
2024-03-05 07:00:00,20.1,20.1,19.85,19.98,1565300
2024-03-06 07:00:00,20.1,20.13,19.57,19.69,2379800
2024-03-07 07:00:00,19.63,19.72,19.44,19.6,2280600
2024-03-08 07:00:00,19.63,19.85,19.28,19.28,2868500
2024-03-11 07:00:00,19.22,19.53,17.96,19.03,2622000
2024-03-12 07:00:00,19.09,19.16,18.78,18.9,2385800
2024-03-13 07:00:00,18.94,19.34,18.84,19.25,2677300
2024-03-14 07:00:00,19.47,19.72,19.34,19.66,3044400
2024-03-15 07:00:00,19.85,21.02,19.6,21.02,15086400
2024-03-18 07:00:00,21.55,22.18,20.73,21.74,10379000
2024-03-19 07:00:00,21.8,21.93,21.05,21.11,6042500
2024-03-20 07:00:00,21.14,21.87,20.8,21.58,6242500
2024-03-21 07:00:00,21.8,22.18,21.36,21.87,6266400
2024-03-22 07:00:00,22.15,22.21,21.55,21.93,7098600
2024-03-25 07:00:00,21.93,22.37,21.24,21.3,5885900
2024-03-26 07:00:00,21.3,21.87,21.05,21.74,3564700
2024-03-27 07:00:00,21.8,22.37,21.74,21.93,4537800
2024-03-28 07:00:00,22.06,22.12,21.58,21.71,2904200
2024-03-29 07:00:00,21.8,22.4,21.55,22.02,5746200
2024-04-01 07:00:00,22.02,22.43,21.87,22.31,4894600
2024-04-02 07:00:00,22.15,22.4,21.9,22.18,3551700
2024-04-03 07:00:00,22.18,22.4,21.42,21.42,6347600
2024-04-04 07:00:00,21.33,21.74,21.14,21.36,4016600
2024-04-05 07:00:00,21.11,21.58,20.8,20.8,4640500
2024-04-08 07:00:00,20.8,20.92,20.51,20.57,3010900
2024-04-09 07:00:00,20.57,20.92,20.29,20.89,2287700
2024-04-10 07:00:00,21.08,21.08,20.51,20.51,1478200
2024-04-11 07:00:00,20.13,20.7,20.04,20.35,2726900
2024-04-12 07:00:00,20.64,20.76,20.45,20.6,2123400
2024-04-15 07:00:00,20.6,20.92,19.19,19.22,5668800
2024-04-16 07:00:00,19.47,19.69,18.87,19.66,5270300
2024-04-17 07:00:00,19.69,19.79,19.22,19.41,1968900
2024-04-19 07:00:00,18.9,19.16,18.3,18.3,4585200
2024-04-22 07:00:00,18.72,19.41,18.59,19.28,2876700
2024-04-23 07:00:00,19.28,19.34,18.75,19.03,1820600
2024-04-24 07:00:00,19.22,19.91,19.12,19.47,2308300
2024-04-25 07:00:00,19.22,19.41,18.81,19.41,3759000
2024-04-26 07:00:00,19.51,19.78,19.24,19.24,1506300
2024-05-02 07:00:00,19.24,19.44,18.7,19.04,973900
2024-05-03 07:00:00,19.34,19.34,18.87,18.97,988500
2024-05-06 07:00:00,19.04,19.48,19.04,19.48,1293100
2024-05-07 07:00:00,19.58,19.68,19.41,19.44,920100
2024-05-08 07:00:00,19.24,20.05,19.04,19.81,1493000
2024-05-09 07:00:00,19.98,20.05,19.54,19.58,815800
2024-05-10 07:00:00,19.58,19.78,19.34,19.51,782900
2024-05-13 07:00:00,19.54,19.75,19.34,19.54,960900
2024-05-14 07:00:00,19.61,19.75,19.54,19.58,722800
2024-05-15 07:00:00,19.58,19.81,19.54,19.78,900000
2024-05-16 07:00:00,19.98,20.22,19.78,19.81,1532700
2024-05-17 07:00:00,19.78,20.93,19.78,20.76,3336800
2024-05-20 07:00:00,20.93,20.93,20.52,20.79,1640100
2024-05-21 07:00:00,20.83,20.89,20.39,20.72,2431400
2024-05-22 07:00:00,20.93,22.14,20.93,22.14,7620500
2024-05-23 07:00:00,22.34,22.88,21.91,22.14,5702000
2024-05-24 07:00:00,22.14,22.68,20.62,20.86,6908000
2024-05-27 07:00:00,20.83,21.0,20.59,20.72,2872500
2024-05-28 07:00:00,20.93,21.87,20.79,21.74,4071000
2024-05-29 07:00:00,21.94,21.94,21.03,21.1,3094700
2024-05-30 07:00:00,20.93,21.74,20.76,21.74,4177800
2024-05-31 07:00:00,21.94,21.94,21.4,21.4,2784400
2024-06-03 07:00:00,21.87,22.58,21.6,21.74,8148300
2024-06-04 07:00:00,21.87,21.87,21.4,21.43,2993200
2024-06-05 07:00:00,21.5,21.87,21.26,21.26,4480300
2024-06-06 07:00:00,21.47,21.47,20.89,20.93,3105400
2024-06-07 07:00:00,21.06,21.2,20.83,20.93,2247000
2024-06-10 07:00:00,21.03,21.3,20.66,21.13,3569900
2024-06-11 07:00:00,21.33,21.33,20.76,20.93,1613300
2024-06-12 07:00:00,20.93,21.26,20.76,21.26,2360700
2024-06-13 07:00:00,21.43,21.74,21.3,21.5,3379500
2024-06-14 07:00:00,21.54,21.57,20.59,20.59,3239100
2024-06-17 07:00:00,20.59,20.79,20.29,20.32,2412900
2024-06-18 07:00:00,20.35,20.79,20.25,20.32,1578700
2024-06-19 07:00:00,20.32,20.45,20.02,20.12,2038700
2024-06-20 07:00:00,20.32,20.32,19.61,19.78,1671600
2024-06-21 07:00:00,19.78,19.95,19.61,19.61,1719600
2024-06-24 07:00:00,19.58,19.95,18.83,18.9,3264500
2024-06-25 07:00:00,19.04,19.92,19.0,19.81,2406600
2024-06-26 07:00:00,19.95,19.95,19.44,19.85,917100
2024-06-27 07:00:00,19.58,20.12,19.58,19.85,1166500
2024-06-28 07:00:00,19.78,19.85,18.97,19.48,1229800
2024-07-01 07:00:00,19.51,20.05,19.48,19.88,1202500
2024-07-02 07:00:00,20.18,20.18,19.81,20.02,798500
2024-07-03 07:00:00,19.95,20.25,19.92,19.98,1009100
2024-07-04 07:00:00,19.98,20.12,19.92,19.98,1515600
2024-07-05 07:00:00,19.98,20.08,19.78,19.78,1447900
2024-07-08 07:00:00,19.98,19.98,19.58,19.58,1318200
2024-07-09 07:00:00,19.58,19.78,19.58,19.71,1273700
2024-07-10 07:00:00,19.71,20.18,19.71,19.98,1749800
2024-07-11 07:00:00,20.12,20.89,20.12,20.52,3617600
2024-07-12 07:00:00,20.66,20.76,20.22,20.35,1162300
2024-07-15 07:00:00,20.35,20.42,20.02,20.05,1469300
2024-07-16 07:00:00,20.05,20.42,20.02,20.02,1528800
2024-07-17 07:00:00,20.22,20.22,18.83,19.04,3183900
2024-07-18 07:00:00,19.04,19.54,18.97,19.51,1265700
2024-07-19 07:00:00,19.51,19.51,19.07,19.1,1322400
2024-07-22 07:00:00,18.9,19.17,18.26,18.7,1943400
2024-07-23 07:00:00,18.6,19.04,18.43,18.56,1074400
2024-07-24 07:00:00,18.7,19.34,18.29,19.1,1305500
2024-07-25 07:00:00,18.97,19.24,18.87,19.14,771300
2024-07-26 07:00:00,18.94,19.27,18.94,19.1,688400
2024-07-29 07:00:00,19.24,19.44,19.07,19.07,641400
2024-07-30 07:00:00,19.07,19.24,18.94,19.21,940400
2024-07-31 07:00:00,19.27,19.44,18.97,19.17,920200
2024-08-01 07:00:00,19.21,19.24,18.09,18.43,1850100
2024-08-02 07:00:00,18.23,18.73,18.16,18.7,1372300
2024-08-05 07:00:00,17.55,18.56,17.45,17.48,2388100
2024-08-06 07:00:00,17.55,17.89,16.91,17.89,1207800
2024-08-07 07:00:00,17.89,18.19,17.62,18.09,652200
2024-08-08 07:00:00,18.02,18.43,17.79,18.02,1231100
2024-08-09 07:00:00,18.13,18.43,17.96,18.33,917000
2024-08-12 07:00:00,18.33,18.33,18.09,18.16,414900
2024-08-13 07:00:00,18.23,18.53,18.06,18.36,795400
2024-08-14 07:00:00,18.5,18.5,18.19,18.29,528400
2024-08-15 07:00:00,18.19,18.23,17.92,18.06,402100
2024-08-16 07:00:00,18.09,19.31,18.09,19.31,3240500
2024-08-19 07:00:00,19.58,19.58,19.27,19.31,817500
2024-08-20 07:00:00,19.27,20.02,19.24,19.68,2248500
2024-08-21 07:00:00,19.85,19.85,19.37,19.48,983600
2024-08-22 07:00:00,19.48,19.71,19.34,19.51,1039500
2024-08-23 07:00:00,19.31,19.64,19.27,19.51,890700
2024-08-26 07:00:00,19.54,19.71,19.1,19.14,1307300
2024-08-27 07:00:00,19.17,19.81,19.1,19.81,2232500
2024-08-28 07:00:00,19.81,19.85,19.27,19.51,1694500
2024-08-29 07:00:00,19.58,19.58,19.24,19.31,583200
2024-08-30 07:00:00,19.37,19.37,19.1,19.21,894600
2024-09-04 07:00:00,18.9,19.27,18.9,19.24,778700
2024-09-05 07:00:00,19.27,19.41,19.0,19.07,882600
2024-09-06 07:00:00,19.0,19.1,18.87,19.0,742200
2024-09-09 07:00:00,19.0,19.31,18.87,18.97,535500
2024-09-10 07:00:00,19.04,19.1,18.77,18.87,815200
2024-09-11 07:00:00,18.87,18.9,18.33,18.73,911900
2024-09-12 07:00:00,18.94,18.94,18.67,18.67,399700
2024-09-13 07:00:00,18.83,19.0,18.67,18.87,925600
2024-09-16 07:00:00,18.91,19.18,18.64,18.67,738300
2024-09-17 07:00:00,18.64,19.02,18.48,19.02,697400
2024-09-18 07:00:00,19.14,19.14,18.91,18.91,622500
2024-09-19 07:00:00,19.18,19.22,18.98,19.1,702900
2024-09-20 07:00:00,19.57,19.76,19.3,19.3,1399600
2024-09-23 07:00:00,19.22,19.37,19.18,19.18,443300
2024-09-24 07:00:00,19.02,19.45,19.02,19.3,883700
2024-09-25 07:00:00,19.41,20.62,19.33,20.62,5590700
2024-09-26 07:00:00,20.73,20.85,20.42,20.42,2007000
2024-09-27 07:00:00,20.73,21.24,20.42,20.73,4645200
2024-09-30 07:00:00,20.73,21.0,20.5,20.93,3020800
2024-10-01 07:00:00,20.96,21.2,20.5,20.54,3571700
2024-10-02 07:00:00,20.5,20.69,20.23,20.23,2610600
2024-10-03 07:00:00,20.27,20.38,19.57,19.76,4064300
2024-10-04 07:00:00,19.8,20.07,19.64,19.72,1424300
2024-10-07 07:00:00,19.88,20.03,19.72,20.03,1159700
2024-10-08 07:00:00,19.99,20.07,19.3,19.37,3304200
2024-10-09 07:00:00,19.57,19.76,19.41,19.72,1498700
2024-10-10 07:00:00,19.88,19.92,19.57,19.57,1046300
2024-10-11 07:00:00,19.57,20.34,19.53,20.23,3088100
2024-10-14 07:00:00,20.38,20.38,20.07,20.15,1218500
2024-10-15 07:00:00,20.19,20.54,19.64,19.84,2392400
2024-10-16 07:00:00,19.92,19.92,19.49,19.64,1125500
2024-10-17 07:00:00,19.57,20.81,19.49,20.5,3125500
2024-10-18 07:00:00,20.5,20.5,20.03,20.03,1545800
2024-10-21 07:00:00,20.11,20.69,20.03,20.34,2748600
2024-10-22 07:00:00,20.3,21.51,20.15,21.12,8897500
2024-10-23 07:00:00,21.24,21.66,20.85,21.31,4701500
2024-10-24 07:00:00,21.43,21.43,21.0,21.0,3400900
2024-10-25 07:00:00,21.0,21.51,20.96,21.12,5115300
2024-10-28 07:00:00,21.31,21.43,21.04,21.16,2423200
2024-10-29 07:00:00,21.31,21.47,20.19,20.42,6958800
2024-10-30 07:00:00,20.42,20.69,20.23,20.5,2280100
2024-10-31 07:00:00,20.54,20.54,20.23,20.23,1730500
2024-11-01 07:00:00,20.03,20.5,19.95,20.07,2738900
2024-11-04 07:00:00,20.11,20.15,19.57,19.57,3129900
2024-11-05 07:00:00,19.53,19.95,19.53,19.72,1622200
2024-11-06 07:00:00,19.8,20.07,19.68,20.03,1904300
2024-11-07 07:00:00,20.19,20.5,19.99,20.19,2670800
2024-11-08 07:00:00,20.19,20.27,19.88,19.88,1574100
2024-11-11 07:00:00,19.88,19.88,19.49,19.68,2665300
2024-11-12 07:00:00,19.72,20.03,19.64,19.72,1407300
2024-11-13 07:00:00,19.72,20.3,19.49,20.27,3355700
2024-11-14 07:00:00,20.27,20.3,19.68,19.68,1800200
2024-11-15 07:00:00,19.64,19.8,19.02,19.02,3806600
2024-11-18 07:00:00,19.06,19.45,18.64,19.1,1674100
2024-11-19 07:00:00,19.02,19.41,18.71,18.71,1173000
2024-11-20 07:00:00,18.75,19.88,18.67,19.18,2928400
2024-11-21 07:00:00,19.18,19.41,19.02,19.3,694100
2024-11-22 07:00:00,19.3,19.45,19.1,19.14,1122300
2024-11-25 07:00:00,19.14,19.64,19.1,19.41,1897100
2024-11-26 07:00:00,19.41,20.58,19.41,19.88,3847400
2024-11-27 07:00:00,19.95,20.03,19.53,19.88,1077600
2024-11-28 07:00:00,20.19,20.19,19.61,19.72,1352200
2024-11-29 07:00:00,19.64,20.03,19.64,19.8,894500
2024-12-02 07:00:00,19.88,19.99,19.64,19.64,996900
2024-12-03 07:00:00,19.64,20.03,19.61,19.64,1610700
2024-12-04 07:00:00,19.88,20.27,19.61,19.95,3870000
2024-12-05 07:00:00,19.95,21.08,19.8,20.96,8464500
2024-12-06 07:00:00,20.96,20.96,20.62,20.62,3018700
2024-12-09 07:00:00,20.62,20.96,20.62,20.69,3709700
2024-12-10 07:00:00,20.77,21.24,20.65,20.73,9564900
2024-12-11 07:00:00,20.73,20.85,20.34,20.46,2834800
2024-12-12 07:00:00,20.54,20.73,20.19,20.27,3013900
2024-12-13 07:00:00,20.27,20.58,20.19,20.3,1825800
2024-12-16 07:00:00,20.42,20.5,20.3,20.42,1220100
2024-12-17 07:00:00,20.5,20.77,20.38,20.42,2042600
2024-12-18 07:00:00,20.38,20.54,20.38,20.54,1206000
2024-12-19 07:00:00,20.23,20.96,19.95,20.23,4862900
2024-12-20 07:00:00,20.23,20.46,20.19,20.3,1161800
2024-12-23 07:00:00,20.34,20.58,20.27,20.27,1249400
2024-12-24 07:00:00,20.3,20.34,19.49,19.64,5677000
2024-12-25 07:00:00,19.8,19.95,19.61,19.68,1994200
2024-12-26 07:00:00,19.68,19.84,19.61,19.68,1463700
2024-12-27 07:00:00,19.68,19.72,19.41,19.53,2254900
2024-12-30 07:00:00,19.41,19.72,19.41,19.68,1090000
2024-12-31 07:00:00,19.84,19.84,19.45,19.45,865600
2025-01-02 07:00:00,19.49,19.64,19.41,19.49,1216700
2025-01-03 07:00:00,19.53,19.88,19.41,19.53,2327800
2025-01-06 07:00:00,19.53,19.61,18.83,19.18,1919100
2025-01-07 07:00:00,19.18,19.33,18.91,18.91,2387700
2025-01-08 07:00:00,18.79,19.22,18.79,19.14,1361700
2025-01-09 07:00:00,19.14,19.22,18.98,18.98,670200
2025-01-10 07:00:00,18.98,19.06,18.25,18.25,1745400
2025-01-13 07:00:00,18.25,18.52,18.09,18.36,1770200
2025-01-14 07:00:00,18.48,18.48,18.01,18.13,914400
2025-01-15 07:00:00,18.25,18.48,18.13,18.48,1139500
2025-01-16 07:00:00,18.56,18.67,18.48,18.48,1062900
2025-01-17 07:00:00,18.71,18.98,18.52,18.87,1762700
2025-01-20 07:00:00,18.95,18.95,18.67,18.79,1062600
2025-01-21 07:00:00,18.87,18.87,18.67,18.79,956800
2025-01-22 07:00:00,18.75,18.83,18.67,18.67,1505700
2025-01-23 07:00:00,18.79,18.95,18.71,18.79,738300
2025-01-24 07:00:00,18.79,19.02,18.75,18.75,1013200
2025-02-03 07:00:00,18.64,18.75,18.56,18.71,1433000
2025-02-04 07:00:00,18.75,19.18,18.71,18.98,1199800
2025-02-05 07:00:00,19.06,19.61,19.02,19.1,2068700
2025-02-06 07:00:00,19.1,19.18,18.87,18.95,752500
2025-02-07 07:00:00,18.91,19.06,18.87,18.87,1127700
2025-02-10 07:00:00,18.91,18.91,18.64,18.67,3144600
2025-02-11 07:00:00,18.67,18.75,18.6,18.67,1261700
2025-02-12 07:00:00,18.79,18.95,18.67,18.67,1055900
2025-02-13 07:00:00,18.67,18.75,18.64,18.67,722300
2025-02-14 07:00:00,18.79,18.98,18.67,18.71,1214800
2025-02-17 07:00:00,18.79,18.98,18.71,18.75,996200
2025-02-18 07:00:00,18.75,19.22,18.75,18.87,1616800
2025-02-19 07:00:00,18.87,19.3,18.87,19.14,1477200
2025-02-20 07:00:00,19.3,19.33,18.87,18.87,1703800
2025-02-21 07:00:00,18.91,18.98,18.79,18.87,1113300
2025-02-24 07:00:00,18.83,18.95,18.75,18.87,1382800
2025-02-25 07:00:00,18.98,19.22,18.87,19.06,2128300
2025-02-26 07:00:00,19.1,19.1,18.87,18.87,824800
2025-02-27 07:00:00,18.87,19.37,18.87,19.37,2526700
2025-02-28 07:00:00,19.41,19.57,19.18,19.18,2282000
2025-03-03 07:00:00,19.37,19.57,19.22,19.3,2124500
2025-03-04 07:00:00,19.3,20.07,19.26,19.76,5433000
2025-03-05 07:00:00,19.8,19.8,19.26,19.26,1609700
2025-03-06 07:00:00,19.33,19.84,19.22,19.84,2039800
2025-03-07 07:00:00,19.88,20.15,19.64,19.64,4647200
2025-03-10 07:00:00,19.64,20.3,19.53,20.19,6166500
2025-03-11 07:00:00,19.8,20.27,19.8,20.27,2138300
2025-03-12 07:00:00,20.34,20.34,19.84,19.88,2569300
2025-03-13 07:00:00,19.95,20.07,19.26,19.26,2980900
2025-03-14 07:00:00,19.1,19.92,19.1,19.49,3258500
2025-03-17 07:00:00,19.92,20.85,19.8,20.85,7439900
2025-03-18 07:00:00,21.35,21.43,20.81,20.89,6757600
2025-03-19 07:00:00,20.58,21.31,20.38,21.08,6080400
2025-03-20 07:00:00,21.28,21.28,20.42,20.73,3898400
2025-03-21 07:00:00,20.77,21.28,20.54,20.73,4592000
2025-03-24 07:00:00,20.65,20.89,20.03,20.5,4912500
2025-03-25 07:00:00,20.62,21.12,20.34,20.81,4449900
2025-03-26 07:00:00,20.73,20.93,20.3,20.46,3101500
2025-03-27 07:00:00,20.54,21.35,20.42,20.73,7626500
2025-03-28 07:00:00,20.96,20.96,20.62,20.77,2632000
2025-03-31 07:00:00,20.81,22.21,20.58,21.43,17665700
2025-04-01 07:00:00,21.66,21.66,21.08,21.51,2615300
2025-04-02 07:00:00,21.66,21.97,21.35,21.66,5774700
2025-04-03 07:00:00,20.81,20.96,20.15,20.15,9506000
2025-04-04 07:00:00,18.75,19.37,18.75,18.75,9874000
2025-04-08 07:00:00,17.47,18.52,17.47,17.47,2020700
2025-04-09 07:00:00,16.27,16.54,16.27,16.27,3848700
2025-04-10 07:00:00,17.39,17.39,17.39,17.39,939700
2025-04-11 07:00:00,16.46,18.17,16.19,17.86,14134200
2025-04-14 07:00:00,18.25,18.79,17.78,18.21,3559200
2025-04-15 07:00:00,17.78,18.25,17.0,17.08,5729300
2025-04-16 07:00:00,17.12,17.63,17.0,17.39,3610900
2025-04-17 07:00:00,17.16,17.74,17.12,17.63,1889100
2025-04-18 07:00:00,17.78,18.09,17.16,17.35,4757800
2025-04-21 07:00:00,17.35,17.86,17.24,17.43,3950800
2025-04-22 07:00:00,17.28,17.35,16.23,16.31,8324700
2025-04-23 07:00:00,16.77,17.04,16.07,16.85,3744100
2025-04-24 07:00:00,16.81,17.28,16.77,17.0,3660000
2025-04-25 07:00:00,17.24,17.28,16.66,16.73,2324900
2025-04-28 07:00:00,16.85,16.97,16.66,16.81,1860100
2025-04-29 07:00:00,16.97,17.04,16.54,16.81,2191900
2025-05-05 07:00:00,17.04,17.47,16.81,17.32,3335000
2025-05-06 07:00:00,17.32,17.74,17.16,17.2,3152700
2025-05-07 07:00:00,17.16,18.25,17.16,18.17,6420200
2025-05-08 07:00:00,18.25,18.25,17.86,17.94,2149700
2025-05-09 07:00:00,18.01,18.01,17.66,17.74,2665300
2025-05-12 07:00:00,17.86,18.01,17.59,18.01,2691000
2025-05-13 07:00:00,18.29,18.29,17.94,18.05,2684100
2025-05-14 07:00:00,18.01,18.25,17.9,18.17,3426600
2025-05-15 07:00:00,18.29,18.6,18.25,18.48,4895100
2025-05-16 07:00:00,18.48,18.52,18.09,18.13,3386000
2025-05-19 07:00:00,17.98,18.32,17.9,18.01,2349400
2025-05-20 07:00:00,18.17,18.17,17.9,17.98,2227500
2025-05-21 07:00:00,18.01,18.13,17.66,18.01,4058400
2025-05-22 07:00:00,18.01,18.4,17.78,17.94,3443600
2025-05-23 07:00:00,17.94,18.09,17.63,17.7,2613000
2025-05-26 07:00:00,17.86,18.17,17.04,18.09,3284600
2025-05-27 07:00:00,18.25,19.14,18.21,18.87,8068200
2025-05-28 07:00:00,19.18,19.22,18.52,18.64,4358300
2025-05-29 07:00:00,18.67,19.92,18.56,19.88,8554800
2025-05-30 07:00:00,19.88,20.03,19.37,19.68,5118900
2025-06-02 07:00:00,19.68,20.93,19.68,20.03,5640700
2025-06-03 07:00:00,20.19,20.19,19.64,19.8,4915100
2025-06-04 07:00:00,19.88,20.38,19.72,20.19,9366200
2025-06-05 07:00:00,20.19,20.27,19.88,19.95,3959100
2025-06-06 07:00:00,19.95,19.99,19.49,19.53,4242800
2025-06-09 07:00:00,19.53,20.15,19.53,19.64,4827400
2025-06-10 07:00:00,19.64,19.8,19.37,19.37,2520000
2025-06-11 07:00:00,19.49,19.8,19.18,19.53,3003500
2025-06-12 07:00:00,19.57,19.92,19.45,19.64,2509900
2025-06-13 07:00:00,19.22,19.41,18.64,19.02,8468300
2025-06-16 07:00:00,19.02,19.37,18.91,19.33,2022800
2025-06-17 07:00:00,19.33,19.84,19.26,19.68,4875500
2025-06-18 07:00:00,19.68,19.92,19.41,19.53,2933700
2025-06-19 07:00:00,19.53,19.72,19.26,19.61,2871200
2025-06-20 07:00:00,19.64,19.95,19.49,19.57,2921100
2025-06-23 07:00:00,19.37,19.57,19.14,19.41,2360700
2025-06-24 07:00:00,19.72,19.88,19.61,19.64,4074400
2025-06-25 07:00:00,19.64,19.95,19.49,19.49,3087900
2025-06-26 07:00:00,19.49,19.57,19.26,19.33,2400900
2025-06-27 07:00:00,19.45,19.84,19.3,19.33,3365300
2025-06-30 07:00:00,19.49,20.34,19.37,19.99,7277400
2025-07-01 07:00:00,20.11,20.11,19.53,19.64,3948900
2025-07-02 07:00:00,19.68,19.76,19.45,19.76,2473900
2025-07-03 07:00:00,20.11,20.11,19.45,19.76,6360100
2025-07-04 07:00:00,19.92,20.5,19.88,19.99,8420700
2025-07-07 07:00:00,20.23,20.54,19.95,20.46,9175400
2025-07-08 07:00:00,20.62,20.73,20.34,20.54,5803800
2025-07-09 07:00:00,20.73,20.89,20.34,20.5,8228200
2025-07-10 07:00:00,20.58,20.96,20.46,20.5,4586600
2025-07-11 07:00:00,20.5,20.54,20.07,20.15,7212100
2025-07-14 07:00:00,20.15,21.55,19.68,21.55,11393800
2025-07-15 07:00:00,22.09,23.02,21.86,23.02,17721400
2025-07-16 07:00:00,23.26,23.49,22.94,23.1,7443000
2025-07-17 07:00:00,23.22,24.46,23.06,23.6,9265000
2025-07-18 07:00:00,23.84,24.23,23.1,23.29,7872400
2025-07-21 07:00:00,23.37,24.58,22.98,23.49,9126500
2025-07-22 07:00:00,23.37,24.69,23.37,23.99,7645000
2025-07-23 07:00:00,24.26,25.0,23.76,25.0,11403400
2025-07-24 07:00:00,25.24,25.93,24.85,25.58,7471400
2025-07-25 07:00:00,25.9,25.97,25.16,25.62,7909800
2025-07-28 07:00:00,26.01,27.18,25.7,26.98,6521900
2025-07-29 07:00:00,27.1,27.1,25.12,25.12,16740800
2025-07-30 07:00:00,25.16,25.62,24.54,25.39,8846100
2025-07-31 07:00:00,25.62,27.14,24.77,27.14,12249200
2025-08-01 07:00:00,28.3,28.3,27.37,27.76,8272400
2025-08-04 07:00:00,27.25,29.12,27.22,27.88,6524800
2025-08-05 07:00:00,27.95,29.12,25.93,27.18,12991800
2025-08-06 07:00:00,27.49,27.56,27.06,27.56,5064500
2025-08-07 07:00:00,27.64,28.34,27.6,27.84,3687000
2025-08-08 07:00:00,27.84,28.73,27.02,28.03,10551900
2025-08-11 07:00:00,28.03,28.96,27.64,28.07,7444300
2025-08-12 07:00:00,28.11,29.2,27.29,28.92,10200000
2025-08-13 07:00:00,28.88,29.74,28.34,28.77,5765000
2025-08-14 07:00:00,29.08,29.51,28.34,28.81,7345600
2025-08-15 07:00:00,29.16,29.16,27.95,28.19,7276900
2025-08-18 07:00:00,28.11,28.73,27.33,28.57,7016600
2025-08-19 07:00:00,28.88,30.55,28.54,30.13,14276500
2025-08-20 07:00:00,29.51,29.89,28.03,28.46,8811400
2025-08-21 07:00:00,28.5,28.61,27.33,27.33,10654500
2025-08-22 07:00:00,26.63,27.02,25.47,25.9,11482600
2025-08-25 07:00:00,26.4,26.56,25.74,25.9,4175800
2025-08-26 07:00:00,25.82,27.18,25.82,27.18,3786100
2025-08-27 07:00:00,27.45,28.73,26.9,27.56,7906700
2025-08-28 07:00:00,27.72,27.76,27.02,27.56,2628800
2025-08-29 07:00:00,27.84,28.42,27.6,27.64,4194500
2025-09-03 07:00:00,27.56,29.08,27.56,28.73,5411700
2025-09-04 07:00:00,29.12,30.4,28.88,29.04,5987700
2025-09-05 07:00:00,29.39,29.66,27.91,27.91,6323100
2025-09-08 07:00:00,27.33,27.76,26.01,26.09,10388200
2025-09-09 07:00:00,26.17,26.94,25.86,26.83,3918000
2025-09-10 07:00:00,27.02,27.02,26.32,26.56,2175700
2025-09-11 07:00:00,26.44,27.25,25.62,27.25,5897300
2025-09-12 07:00:00,27.33,27.8,27.02,27.25,2826300
2025-09-15 07:00:00,27.49,27.68,27.1,27.56,2382100
2025-09-16 07:00:00,27.8,27.88,27.02,27.18,3877600
2025-09-17 07:00:00,26.94,27.18,26.63,26.67,2181800
2025-09-18 07:00:00,26.67,27.1,26.28,27.06,3502800
2025-09-19 07:00:00,27.29,27.72,27.1,27.37,3379400
2025-09-22 07:00:00,27.56,28.26,27.29,27.8,6982500
2025-09-23 07:00:00,27.95,27.95,27.22,27.29,2386300
2025-09-24 07:00:00,27.29,28.61,27.02,28.61,5836300
2025-09-25 07:00:00,28.73,29.04,28.42,28.5,4268300
2025-09-26 07:00:00,28.5,29.7,28.26,28.77,7699500
2025-09-29 07:00:00,28.77,29.12,28.03,28.57,3216800
2025-09-30 07:00:00,28.57,28.57,26.79,28.22,6656800
2025-10-01 07:00:00,28.19,28.22,27.6,27.95,2726100
2025-10-02 07:00:00,28.07,28.19,26.79,26.79,3497000
2025-10-03 07:00:00,26.4,26.71,25.74,25.74,4940900
2025-10-06 07:00:00,26.09,27.33,26.01,27.18,2318500
2025-10-07 07:00:00,27.29,27.29,26.59,26.94,2420400
2025-10-08 07:00:00,27.18,27.56,26.44,27.56,3517500
2025-10-09 07:00:00,27.72,28.34,27.45,28.34,3729100
2025-10-10 07:00:00,28.65,29.12,28.34,28.61,4857000
2025-10-13 07:00:00,28.19,30.59,28.03,30.59,16297200
2025-10-14 07:00:00,31.29,31.84,30.83,31.21,6471300
2025-10-15 07:00:00,31.06,32.46,30.79,31.99,5952900
2025-10-16 07:00:00,32.53,32.81,31.91,32.61,4662900
2025-10-17 07:00:00,32.61,32.84,31.84,31.84,5709500
2025-10-20 07:00:00,31.45,32.53,29.62,29.62,11435600
2025-10-21 07:00:00,28.88,29.27,27.64,27.95,13995900
2025-10-22 07:00:00,28.34,28.81,27.1,28.81,6672400
2025-10-23 07:00:00,28.88,29.12,27.64,27.8,6052300
2025-10-24 07:00:00,27.64,27.84,26.9,27.25,4859400
2025-10-27 07:00:00,27.41,27.53,25.66,25.66,6500200
2025-10-28 07:00:00,25.55,26.48,25.55,26.48,4779000
2025-10-29 07:00:00,26.75,26.83,26.36,26.4,3714900
2025-10-30 07:00:00,26.56,27.33,26.44,26.63,4030800
2025-10-31 07:00:00,26.56,26.94,26.09,26.13,2299800
2025-11-03 07:00:00,26.17,26.4,24.3,24.3,6064200
2025-11-04 07:00:00,23.8,25.97,23.29,25.97,6602500
2025-11-05 07:00:00,25.86,25.9,25.12,25.35,1716600
2025-11-06 07:00:00,25.24,26.05,24.77,25.62,3778900
2025-11-07 07:00:00,25.55,25.78,24.85,24.85,2656800
2025-11-10 07:00:00,24.69,24.96,24.07,24.58,4812700
2025-11-11 07:00:00,24.31,24.49,22.88,23.4,6627200
2025-11-12 07:00:00,23.49,24.49,23.49,24.14,2887300
2025-11-13 07:00:00,24.27,24.53,23.88,23.92,2272200
2025-11-14 07:00:00,24.05,24.66,23.88,24.36,2774400
2025-11-17 07:00:00,24.58,25.44,24.58,25.1,2705700
2025-11-18 07:00:00,25.1,25.18,24.58,24.75,2446200
2025-11-19 07:00:00,24.66,25.14,24.31,24.36,2400600
2025-11-20 07:00:00,24.36,24.53,23.97,24.27,1309800
2025-11-21 07:00:00,24.18,24.36,23.84,24.27,1338900
2025-11-24 07:00:00,24.31,24.49,24.23,24.27,931900
2025-11-25 07:00:00,24.31,24.44,23.27,23.27,2110300
2025-11-26 07:00:00,23.58,24.31,23.27,24.05,1941800
2025-11-27 07:00:00,24.14,24.27,23.75,23.79,996600
2025-11-28 07:00:00,23.75,24.18,23.49,23.7,1091300
2025-12-01 07:00:00,23.97,23.97,23.23,23.23,1971900
2025-12-02 07:00:00,23.1,23.31,22.62,23.31,2186900
2025-12-03 07:00:00,23.36,23.7,23.31,23.58,1836600
2025-12-04 07:00:00,23.66,24.1,23.62,23.88,1584200
2025-12-05 07:00:00,23.88,23.92,23.36,23.36,1305800
2025-12-08 07:00:00,23.31,23.36,22.62,22.7,2879400
2025-12-09 07:00:00,22.7,22.79,21.79,22.01,3056600
2025-12-10 07:00:00,22.01,22.4,21.75,21.75,1599300
2025-12-11 07:00:00,22.44,22.44,21.75,21.75,1073000
2025-12-12 07:00:00,21.75,22.1,20.62,20.88,3477500
2025-12-15 07:00:00,20.66,21.18,20.53,20.75,2161800
2025-12-16 07:00:00,20.88,21.96,20.18,21.31,3516900
2025-12-17 07:00:00,21.57,21.57,20.88,20.88,1092500
2025-12-18 07:00:00,20.92,21.01,20.53,20.7,1403700
2025-12-19 07:00:00,20.75,21.14,20.62,20.96,2378800
2025-12-22 07:00:00,21.18,21.53,21.01,21.4,3855200
2025-12-23 07:00:00,21.57,21.62,20.96,21.1,2467200
2025-12-24 07:00:00,21.05,21.4,20.92,21.14,3098900
2025-12-25 07:00:00,21.18,21.23,20.44,20.44,3570000
2025-12-26 07:00:00,20.27,20.57,19.49,19.83,4164500
2025-12-29 07:00:00,19.83,20.31,19.83,20.1,1932700
2025-12-30 07:00:00,20.14,20.27,19.75,19.75,1881500
2025-12-31 07:00:00,19.88,20.1,19.75,19.75,2288700
2026-01-05 07:00:00,19.88,20.05,19.05,19.36,2837800
2026-01-06 07:00:00,19.36,19.53,18.7,18.92,3477700
2026-01-07 07:00:00,19.14,19.31,18.79,19.14,2420200
2026-01-08 07:00:00,19.23,19.66,18.88,18.96,2997800
2026-01-09 07:00:00,18.96,18.96,17.83,17.96,6737000
2026-01-12 07:00:00,17.96,19.14,17.48,18.88,5006600
2026-01-13 07:00:00,19.27,19.4,18.96,19.05,4214500
2026-01-14 07:00:00,18.79,19.18,18.31,18.36,6277800
2026-01-15 07:00:00,18.36,19.05,18.36,18.75,3989900
2026-01-16 07:00:00,19.05,19.05,18.44,18.53,3448600
2026-01-19 07:00:00,18.57,18.88,18.44,18.57,2313600
2026-01-20 07:00:00,18.79,18.83,18.4,18.4,3042600
2026-01-21 07:00:00,18.49,18.96,18.31,18.57,4538100
2026-01-22 07:00:00,18.79,19.83,18.53,19.83,5372000
2026-01-23 07:00:00,20.01,20.01,18.96,18.96,5809700
2026-01-26 07:00:00,19.05,19.1,18.09,18.23,4253300
2026-01-27 07:00:00,18.27,18.49,18.14,18.27,2462900
2026-01-28 07:00:00,18.27,19.1,17.83,18.7,4901400
2026-01-29 07:00:00,18.92,19.23,18.57,18.57,2543100
2026-01-30 07:00:00,18.79,19.27,18.7,18.88,4243100
2026-02-02 07:00:00,18.88,19.18,18.49,18.7,2614000
2026-02-03 07:00:00,18.79,19.01,18.7,18.83,2552200
2026-02-04 07:00:00,18.79,19.23,18.66,19.05,3751900
2026-02-05 07:00:00,19.14,19.79,19.14,19.18,5525200
2026-02-06 07:00:00,18.96,18.96,18.27,18.31,3337000
2026-02-09 07:00:00,18.49,18.62,18.18,18.23,1645400
2026-02-10 07:00:00,18.27,18.44,17.83,18.01,2426900
2026-02-11 07:00:00,18.01,19.01,18.01,18.7,3071200
2026-02-12 07:00:00,18.62,18.88,18.49,18.57,1025800
2026-02-13 07:00:00,18.57,18.66,18.49,18.53,1471000
2026-02-23 07:00:00,18.66,18.92,18.44,18.92,2060500
2026-02-24 07:00:00,18.88,19.14,18.7,18.79,2267100
2026-02-25 07:00:00,18.83,18.92,18.44,18.49,3123300
2026-02-26 07:00:00,18.49,18.66,18.44,18.57,1846200
2026-02-27 07:00:00,18.53,18.53,18.01,18.18,4645400
2026-03-02 07:00:00,17.22,17.75,16.92,16.92,5852900
2026-03-03 07:00:00,16.7,17.22,16.4,16.61,4798600
2026-03-04 07:00:00,16.53,16.79,15.66,16.09,5114500
2026-03-05 07:00:00,16.44,16.66,16.09,16.14,2235700
2026-03-06 07:00:00,16.09,16.48,16.05,16.18,2283900
2026-03-09 07:00:00,15.05,15.57,15.05,15.05,2010700
2026-03-10 07:00:00,14.79,15.18,14.35,14.88,6370400
2026-03-11 07:00:00,14.88,15.75,14.57,15.4,3428500
2026-03-12 07:00:00,15.35,15.83,15.14,15.48,2614200
2026-03-13 07:00:00,15.66,16.05,15.53,15.66,3839800
2026-03-16 07:00:00,16.05,16.14,15.7,15.96,2760500
2026-03-17 07:00:00,15.96,16.01,15.44,15.53,1880300
2026-03-18 07:00:00,15.53,15.75,15.18,15.4,1643000
2026-03-19 07:00:00,15.18,15.83,15.18,15.48,2126700
2026-03-20 07:00:00,15.48,15.75,15.22,15.22,1509700
2026-03-23 07:00:00,15.01,15.14,14.18,14.18,3049300
2026-03-24 07:00:00,14.48,15.14,14.4,14.96,3225900
2026-03-25 07:00:00,14.96,15.83,14.96,15.62,3521300
2026-03-26 07:00:00,15.75,15.75,15.27,15.44,2393500
2026-03-27 07:00:00,15.31,16.48,15.31,16.48,6515900
2026-03-30 07:00:00,15.96,16.88,15.96,16.57,4830300
2026-03-31 07:00:00,16.61,16.75,16.18,16.31,3317700
2026-04-01 07:00:00,16.7,16.7,16.27,16.27,2621800
2026-04-02 07:00:00,16.05,16.4,16.01,16.09,2407800
2026-04-03 07:00:00,16.27,16.31,16.01,16.09,2001800
2026-04-06 07:00:00,16.01,16.18,15.57,15.57,1996400
2026-04-07 07:00:00,15.62,15.88,15.27,15.57,1347300
2026-04-08 07:00:00,16.05,16.53,15.88,16.44,3630200
2026-04-09 07:00:00,16.31,17.14,16.14,16.7,6718900
2026-04-10 07:00:00,17.01,17.14,16.57,16.61,3053500
2026-04-13 07:00:00,16.22,17.05,16.22,16.57,3045500
2026-04-14 07:00:00,16.75,16.88,16.44,16.44,2370800
2026-04-15 07:00:00,16.53,16.92,16.4,16.4,3396700
2026-04-16 07:00:00,16.4,16.48,15.96,16.35,2839700
2026-04-17 07:00:00,16.48,16.57,16.14,16.14,1570900
2026-04-20 07:00:00,16.18,16.57,16.01,16.27,1633600
2026-04-21 07:00:00,16.27,16.4,16.09,16.09,1550600
2026-04-22 07:00:00,16.22,16.22,15.96,16.05,1892900
2026-04-23 07:00:00,16.27,16.75,16.09,16.27,3931500
2026-04-24 07:00:00,16.48,16.48,16.05,16.27,1872500
2026-04-28 07:00:00,16.48,16.57,16.01,16.14,1872800
2026-04-29 07:00:00,16.14,16.7,16.05,16.61,3177500
