time,open,high,low,close,volume
2016-11-10 07:00:00,13.01,13.01,12.58,12.79,18350
2016-11-11 07:00:00,12.79,12.79,12.58,12.58,9780
2016-11-14 07:00:00,12.58,12.64,12.47,12.58,11140
2016-11-15 07:00:00,12.47,12.58,12.37,12.58,8130
2016-11-16 07:00:00,12.56,12.56,12.37,12.37,15840
2016-11-17 07:00:00,12.37,12.37,12.22,12.37,9430
2016-11-18 07:00:00,12.37,12.37,12.07,12.16,19930
2016-11-21 07:00:00,12.16,12.16,11.73,11.73,25690
2016-11-22 07:00:00,11.73,11.94,11.73,11.92,24350
2016-11-23 07:00:00,11.92,11.94,11.73,11.94,20800
2016-11-24 07:00:00,11.88,12.77,11.88,12.5,62710
2016-11-25 07:00:00,12.56,12.56,12.16,12.16,14850
2016-11-28 07:00:00,12.41,12.41,12.16,12.18,12130
2016-11-29 07:00:00,12.37,12.37,12.16,12.32,15280
2016-11-30 07:00:00,12.16,12.35,12.16,12.16,15610
2016-12-01 07:00:00,12.16,12.3,12.16,12.16,15860
2016-12-02 07:00:00,12.2,12.32,12.16,12.16,20530
2016-12-05 07:00:00,12.26,12.26,12.16,12.16,16160
2016-12-06 07:00:00,12.32,12.32,12.16,12.2,16180
2016-12-07 07:00:00,12.35,12.35,12.16,12.16,10730
2016-12-08 07:00:00,12.26,12.26,12.16,12.16,38430
2016-12-09 07:00:00,12.2,12.26,12.13,12.26,43430
2016-12-12 07:00:00,12.26,12.26,12.05,12.16,5700
2016-12-13 07:00:00,12.16,12.16,12.0,12.11,5930
2016-12-14 07:00:00,12.16,12.24,12.05,12.16,50690
2016-12-15 07:00:00,12.16,12.16,12.0,12.03,18780
2016-12-16 07:00:00,12.52,12.52,12.16,12.18,6120
2016-12-19 07:00:00,12.18,12.52,12.18,12.38,24220
2016-12-20 07:00:00,12.56,12.63,12.52,12.56,35210
2016-12-21 07:00:00,12.38,12.59,12.38,12.52,10180
2016-12-22 07:00:00,12.56,12.59,12.52,12.59,1770
2016-12-23 07:00:00,12.59,12.59,12.3,12.41,2520
2016-12-26 07:00:00,12.63,12.63,12.3,12.59,19250
2016-12-27 07:00:00,12.54,12.59,12.43,12.52,24360
2016-12-28 07:00:00,12.52,12.52,12.52,12.52,26470
2016-12-29 07:00:00,12.52,12.54,12.41,12.52,9320
2016-12-30 07:00:00,12.63,12.63,12.3,12.5,17910
2017-01-03 07:00:00,12.34,12.34,12.16,12.3,11740
2017-01-04 07:00:00,12.3,12.3,11.51,12.07,34290
2017-01-05 07:00:00,11.94,11.94,11.74,11.85,16240
2017-01-06 07:00:00,11.76,11.76,11.18,11.4,33260
2017-01-09 07:00:00,11.62,11.74,11.4,11.6,33270
2017-01-10 07:00:00,11.62,11.65,11.4,11.62,20620
2017-01-11 07:00:00,11.69,11.69,11.62,11.62,10990
2017-01-12 07:00:00,11.62,11.62,11.58,11.62,16890
2017-01-13 07:00:00,11.62,11.65,11.62,11.62,16670
2017-01-16 07:00:00,11.62,11.67,11.62,11.62,27520
2017-01-17 07:00:00,11.65,11.69,11.62,11.69,32740
2017-01-18 07:00:00,11.71,12.03,11.71,11.94,30320
2017-01-19 07:00:00,11.85,11.94,11.78,11.85,16920
2017-01-20 07:00:00,11.85,11.98,11.85,11.96,23930
2017-01-23 07:00:00,11.87,12.3,11.87,12.07,23650
2017-01-24 07:00:00,12.18,12.41,12.18,12.18,17900
2017-01-25 07:00:00,12.03,12.52,12.03,12.5,26370
2017-02-02 07:00:00,12.5,12.52,12.3,12.41,14270
2017-02-03 07:00:00,12.41,12.43,12.32,12.43,13110
2017-02-06 07:00:00,12.47,12.52,12.38,12.52,12390
2017-02-07 07:00:00,12.52,13.14,12.52,13.1,31520
2017-02-08 07:00:00,13.19,13.52,13.14,13.39,38010
2017-02-09 07:00:00,13.64,13.64,13.26,13.39,27440
2017-02-10 07:00:00,13.23,13.37,13.08,13.19,6720
2017-02-13 07:00:00,13.08,13.41,12.85,13.41,27130
2017-02-14 07:00:00,13.19,13.41,13.14,13.19,34470
2017-02-15 07:00:00,13.3,13.3,13.08,13.19,39070
2017-02-16 07:00:00,13.19,13.23,13.1,13.1,49710
2017-02-17 07:00:00,13.1,13.3,12.97,13.3,5330
2017-02-20 07:00:00,13.3,13.3,13.1,13.1,17610
2017-02-21 07:00:00,13.1,13.1,12.97,12.99,21130
2017-02-22 07:00:00,13.08,13.08,12.85,12.97,14690
2017-02-23 07:00:00,12.97,12.97,12.97,12.97,7430
2017-02-24 07:00:00,12.97,13.06,12.74,12.97,15860
2017-02-27 07:00:00,12.97,12.97,12.63,12.74,24960
2017-02-28 07:00:00,12.52,12.94,12.52,12.94,8010
2017-03-01 07:00:00,12.74,12.74,12.63,12.74,860
2017-03-02 07:00:00,12.74,12.88,12.74,12.88,11520
2017-03-03 07:00:00,12.88,12.88,12.74,12.81,7360
2017-03-06 07:00:00,12.85,12.85,12.7,12.81,11340
2017-03-07 07:00:00,12.72,12.81,12.7,12.81,16470
2017-03-08 07:00:00,12.85,13.55,12.81,13.52,144850
2017-03-09 07:00:00,13.61,13.61,13.41,13.41,30560
2017-03-10 07:00:00,13.41,13.46,13.41,13.41,18580
2017-03-13 07:00:00,13.3,13.5,12.97,13.41,32880
2017-03-14 07:00:00,13.41,13.75,13.3,13.64,46920
2017-03-15 07:00:00,13.84,13.84,13.44,13.46,9600
2017-03-16 07:00:00,13.48,13.59,13.3,13.46,22400
2017-03-17 07:00:00,13.64,13.64,13.23,13.52,15960
2017-03-20 07:00:00,13.75,13.75,13.52,13.73,34660
2017-03-21 07:00:00,13.46,13.64,13.46,13.64,12580
2017-03-22 07:00:00,13.41,13.64,13.17,13.41,21470
2017-03-23 07:00:00,13.08,13.5,13.08,13.46,156550
2017-03-24 07:00:00,13.86,13.86,13.59,13.59,19510
2017-03-27 07:00:00,13.79,13.86,13.59,13.84,106110
2017-03-28 07:00:00,13.97,13.97,13.75,13.82,18740
2017-03-29 07:00:00,13.82,14.2,13.82,13.97,40960
2017-03-30 07:00:00,13.97,14.53,13.95,14.53,291920
2017-03-31 07:00:00,14.64,15.16,14.64,14.93,137730
2017-04-03 07:00:00,14.98,14.98,14.53,14.58,19550
2017-04-04 07:00:00,14.84,14.84,14.49,14.66,125250
2017-04-05 07:00:00,14.75,14.75,14.49,14.6,165960
2017-04-07 07:00:00,14.31,14.53,13.75,14.42,107730
2017-04-10 07:00:00,13.88,14.42,13.88,14.37,186900
2017-04-11 07:00:00,14.2,14.71,14.08,14.53,103800
2017-04-12 07:00:00,14.58,14.6,14.04,14.04,66280
2017-04-13 07:00:00,14.04,14.2,13.86,13.86,10150
2017-04-14 07:00:00,13.75,13.97,13.66,13.77,17780
2017-04-17 07:00:00,13.86,13.86,13.41,13.41,23740
2017-04-18 07:00:00,13.66,13.66,13.23,13.61,8850
2017-04-19 07:00:00,13.64,13.64,13.55,13.64,5050
2017-04-20 07:00:00,13.64,13.75,13.55,13.61,2990
2017-04-21 07:00:00,13.64,13.75,13.55,13.7,4920
2017-04-24 07:00:00,13.86,14.08,13.41,13.41,16900
2017-04-25 07:00:00,13.41,13.55,13.3,13.3,2600
2017-04-26 07:00:00,13.3,13.64,13.3,13.41,8330
2017-04-27 07:00:00,13.23,13.79,13.23,13.41,14450
2017-04-28 07:00:00,13.86,13.86,13.64,13.73,6940
2017-05-03 07:00:00,13.41,13.64,13.41,13.52,6240
2017-05-04 07:00:00,13.64,13.79,13.52,13.64,12640
2017-05-05 07:00:00,13.41,13.64,13.41,13.44,2810
2017-05-08 07:00:00,13.41,13.55,13.41,13.44,8050
2017-05-09 07:00:00,13.23,13.44,13.23,13.37,6170
2017-05-10 07:00:00,13.37,13.5,13.37,13.48,17880
2017-05-11 07:00:00,13.64,13.75,13.48,13.55,19150
2017-05-12 07:00:00,13.55,13.55,13.35,13.41,31180
2017-05-15 07:00:00,13.41,13.73,13.39,13.48,14330
2017-05-16 07:00:00,13.64,13.75,13.52,13.64,16230
2017-05-17 07:00:00,13.7,13.95,13.7,13.84,11760
2017-05-18 07:00:00,14.04,14.04,13.64,13.64,21370
2017-05-19 07:00:00,13.75,13.86,13.75,13.84,18220
2017-05-22 07:00:00,13.84,13.97,13.68,13.86,17820
2017-05-23 07:00:00,13.82,13.93,13.7,13.84,12070
2017-05-24 07:00:00,14.46,14.46,14.11,14.11,25490
2017-05-25 07:00:00,14.11,14.13,13.89,14.08,29500
2017-05-26 07:00:00,13.86,14.18,13.86,14.13,18520
2017-05-29 07:00:00,14.13,14.18,14.06,14.06,21000
2017-05-30 07:00:00,13.96,14.08,13.96,13.99,27190
2017-05-31 07:00:00,14.04,14.16,14.01,14.13,11850
2017-06-01 07:00:00,14.06,14.21,14.04,14.06,14740
2017-06-02 07:00:00,14.06,14.13,14.06,14.13,12420
2017-06-05 07:00:00,14.13,14.13,13.86,14.13,21400
2017-06-06 07:00:00,14.08,14.11,14.04,14.08,24390
2017-06-07 07:00:00,14.08,14.08,13.86,14.08,15830
2017-06-08 07:00:00,14.18,14.83,14.08,14.63,35190
2017-06-09 07:00:00,14.58,14.7,14.58,14.58,12470
2017-06-12 07:00:00,14.83,14.83,14.48,14.68,11860
2017-06-13 07:00:00,14.33,14.58,14.33,14.55,12890
2017-06-14 07:00:00,14.41,14.5,14.33,14.46,8540
2017-06-15 07:00:00,14.43,14.83,14.43,14.46,23020
2017-06-16 07:00:00,14.58,15.44,14.55,15.44,158710
2017-06-19 07:00:00,15.57,15.57,15.32,15.44,36280
2017-06-20 07:00:00,15.42,15.44,15.39,15.39,14270
2017-06-21 07:00:00,15.22,15.69,15.22,15.44,68820
2017-06-22 07:00:00,15.44,16.26,15.44,16.09,39290
2017-06-23 07:00:00,15.86,16.68,15.86,16.41,52140
2017-06-26 07:00:00,16.41,16.53,16.06,16.06,38450
2017-06-27 07:00:00,16.06,16.18,15.94,16.01,32020
2017-06-28 07:00:00,16.01,16.09,15.86,16.01,25060
2017-06-29 07:00:00,15.94,15.99,15.91,15.94,23000
2017-06-30 07:00:00,15.91,15.94,15.57,15.69,35720
2017-07-03 07:00:00,15.69,15.84,14.95,15.69,18130
2017-07-04 07:00:00,15.69,15.69,15.57,15.62,17240
2017-07-05 07:00:00,15.69,15.69,15.57,15.57,16320
2017-07-06 07:00:00,15.94,15.94,15.69,15.94,34470
2017-07-07 07:00:00,15.94,15.94,15.81,15.81,14220
2017-07-10 07:00:00,15.81,15.81,15.57,15.81,33330
2017-07-11 07:00:00,16.28,16.28,15.81,15.94,28970
2017-07-12 07:00:00,16.06,16.06,15.81,16.04,5350
2017-07-13 07:00:00,15.94,16.06,15.69,16.04,15830
2017-07-14 07:00:00,15.99,15.99,15.79,15.84,32290
2017-07-17 07:00:00,15.69,15.84,15.59,15.81,10040
2017-07-18 07:00:00,15.81,15.81,15.47,15.81,28870
2017-07-19 07:00:00,16.06,16.9,16.04,16.9,189410
2017-07-20 07:00:00,17.05,17.54,17.05,17.37,50940
2017-07-21 07:00:00,17.37,18.04,17.3,17.35,48060
2017-07-24 07:00:00,17.32,17.32,16.33,16.85,40850
2017-07-25 07:00:00,16.56,17.05,16.56,16.68,28100
2017-07-26 07:00:00,16.68,17.1,16.56,17.02,34120
2017-07-27 07:00:00,16.85,17.3,16.8,17.17,18250
2017-07-28 07:00:00,17.17,17.17,16.68,16.73,46600
2017-07-31 07:00:00,16.56,16.73,16.51,16.56,51510
2017-08-01 07:00:00,16.56,17.05,16.56,17.02,21980
2017-08-02 07:00:00,16.8,16.8,16.58,16.65,6730
2017-08-03 07:00:00,16.7,16.7,16.56,16.6,28390
2017-08-04 07:00:00,16.58,17.3,16.58,16.85,70160
2017-08-07 07:00:00,17.05,17.07,16.8,16.93,21740
2017-08-08 07:00:00,16.93,16.95,16.73,16.75,16390
2017-08-09 07:00:00,16.75,16.75,16.58,16.65,17280
2017-08-10 07:00:00,16.58,16.73,16.58,16.6,13560
2017-08-11 07:00:00,16.56,16.93,16.56,16.8,20890
2017-08-14 07:00:00,16.8,17.0,16.6,16.93,7750
2017-08-15 07:00:00,16.8,17.0,16.8,16.8,7530
2017-08-16 07:00:00,16.93,16.93,16.8,16.8,21010
2017-08-17 07:00:00,16.8,16.9,16.8,16.8,6060
2017-08-18 07:00:00,16.8,16.98,16.7,16.7,5260
2017-08-21 07:00:00,16.7,16.93,16.7,16.88,11290
2017-08-22 07:00:00,16.8,17.0,16.8,16.9,8240
2017-08-23 07:00:00,16.9,16.93,16.8,16.8,6620
2017-08-24 07:00:00,16.8,16.88,16.75,16.88,4010
2017-08-25 07:00:00,16.83,16.85,16.68,16.68,9030
2017-08-28 07:00:00,16.8,16.8,16.68,16.73,7000
2017-08-29 07:00:00,16.73,16.8,16.58,16.65,10520
2017-08-30 07:00:00,16.65,16.68,16.58,16.68,2340
2017-08-31 07:00:00,16.68,16.8,16.63,16.65,9360
2017-09-01 07:00:00,16.65,16.93,16.56,16.9,10570
2017-09-05 07:00:00,16.93,16.93,16.83,16.9,13070
2017-09-06 07:00:00,16.9,16.9,16.68,16.75,6570
2017-09-07 07:00:00,16.75,16.75,16.56,16.75,21820
2017-09-08 07:00:00,16.6,16.6,16.18,16.31,34660
2017-09-11 07:00:00,16.36,16.43,16.06,16.06,18940
2017-09-12 07:00:00,16.06,16.06,15.74,15.96,10990
2017-09-13 07:00:00,15.84,16.06,15.84,15.86,10540
2017-09-14 07:00:00,16.06,16.28,15.94,16.11,27020
2017-09-15 07:00:00,16.11,16.28,15.32,15.57,245330
2017-09-18 07:00:00,15.57,15.57,15.27,15.34,49210
2017-09-19 07:00:00,16.04,16.04,15.32,15.57,47000
2017-09-20 07:00:00,15.69,15.79,15.57,15.57,16080
2017-09-21 07:00:00,15.57,15.76,15.49,15.76,15220
2017-09-22 07:00:00,15.57,15.76,15.47,15.49,7320
2017-09-25 07:00:00,15.32,15.57,15.32,15.44,68090
2017-09-26 07:00:00,15.54,15.54,15.27,15.39,110410
2017-09-27 07:00:00,15.39,15.39,15.25,15.39,27900
2017-09-28 07:00:00,15.32,15.39,15.27,15.39,6330
2017-09-29 07:00:00,15.27,15.57,15.27,15.57,33990
2017-10-02 07:00:00,15.57,15.62,15.39,15.59,7030
2017-10-03 07:00:00,15.57,15.69,15.44,15.69,12750
2017-10-04 07:00:00,15.44,15.74,15.44,15.57,5560
2017-10-05 07:00:00,15.52,15.67,15.52,15.67,1230
2017-10-06 07:00:00,15.76,15.76,15.47,15.47,6430
2017-10-09 07:00:00,15.47,15.57,15.47,15.47,7720
2017-10-10 07:00:00,15.47,15.49,15.47,15.47,12210
2017-10-11 07:00:00,15.47,15.52,15.44,15.44,18450
2017-10-12 07:00:00,15.39,15.49,15.37,15.49,4130
2017-10-13 07:00:00,15.39,15.57,15.39,15.47,1630
2017-10-16 07:00:00,15.44,15.89,15.42,15.69,26210
2017-10-17 07:00:00,15.69,15.79,15.69,15.69,6850
2017-10-18 07:00:00,15.69,15.69,15.69,15.69,4220
2017-10-19 07:00:00,15.69,16.43,15.57,16.28,28600
2017-10-20 07:00:00,16.04,16.06,15.79,15.79,18740
2017-10-23 07:00:00,15.86,15.94,15.57,15.59,16930
2017-10-24 07:00:00,15.57,15.69,15.44,15.57,11240
2017-10-25 07:00:00,15.57,15.69,15.57,15.69,12040
2017-10-26 07:00:00,15.57,15.79,15.39,15.64,12410
2017-10-27 07:00:00,15.42,15.74,15.42,15.69,2300
2017-10-30 07:00:00,15.57,15.57,15.34,15.39,20920
2017-10-31 07:00:00,15.22,15.44,15.22,15.39,8470
2017-11-01 07:00:00,15.39,15.47,15.39,15.44,6510
2017-11-02 07:00:00,15.52,15.52,15.39,15.44,14850
2017-11-03 07:00:00,15.32,15.44,15.27,15.44,17420
2017-11-06 07:00:00,15.32,15.62,15.32,15.62,17310
2017-11-07 07:00:00,15.69,15.69,15.54,15.69,4080
2017-11-08 07:00:00,15.44,15.69,15.44,15.57,4780
2017-11-09 07:00:00,15.69,15.69,15.54,15.54,11550
2017-11-10 07:00:00,15.57,15.57,15.39,15.54,4200
2017-11-13 07:00:00,15.54,15.69,15.44,15.69,16820
2017-11-14 07:00:00,15.69,16.04,15.59,15.59,23570
2017-11-15 07:00:00,16.04,16.68,15.69,16.68,119270
2017-11-16 07:00:00,16.68,16.93,16.63,16.8,66190
2017-11-17 07:00:00,16.8,17.3,16.46,17.3,67530
2017-11-20 07:00:00,17.42,18.38,17.3,17.67,131320
2017-11-21 07:00:00,18.04,18.04,16.56,16.85,73670
2017-11-22 07:00:00,16.8,17.3,16.8,17.17,24790
2017-11-23 07:00:00,16.95,16.95,16.7,16.78,21070
2017-11-24 07:00:00,16.56,16.78,16.51,16.78,22880
2017-11-27 07:00:00,16.78,16.8,16.33,16.43,23790
2017-11-28 07:00:00,16.56,16.8,16.43,16.56,19520
2017-11-29 07:00:00,16.43,16.86,16.43,16.63,8150
2017-11-30 07:00:00,16.73,16.9,16.56,16.63,15470
2017-12-01 07:00:00,16.43,16.63,16.43,16.51,19020
2017-12-04 07:00:00,16.51,16.61,16.51,16.61,27590
2017-12-05 07:00:00,16.61,16.61,16.51,16.51,10750
2017-12-06 07:00:00,16.43,16.61,16.31,16.51,6200
2017-12-07 07:00:00,16.66,16.66,16.43,16.56,17270
2017-12-08 07:00:00,16.61,16.68,16.58,16.63,15580
2017-12-11 07:00:00,16.48,16.61,16.43,16.43,4930
2017-12-12 07:00:00,16.48,16.48,15.81,15.93,27360
2017-12-13 07:00:00,16.43,16.43,15.93,16.18,22350
2017-12-14 07:00:00,16.18,16.18,16.06,16.18,24010
2017-12-15 07:00:00,16.18,16.56,16.18,16.56,19410
2017-12-18 07:00:00,16.56,16.58,16.31,16.53,17380
2017-12-19 07:00:00,16.31,16.51,16.31,16.48,9540
2017-12-20 07:00:00,16.43,16.48,16.31,16.43,9930
2017-12-21 07:00:00,16.26,16.31,16.26,16.26,13850
2017-12-22 07:00:00,16.31,16.56,16.31,16.48,9910
2017-12-25 07:00:00,16.48,16.63,16.18,16.43,5720
2017-12-26 07:00:00,16.56,16.56,16.18,16.23,8920
2017-12-27 07:00:00,16.23,16.38,16.18,16.38,5900
2017-12-28 07:00:00,16.18,16.41,16.18,16.41,6440
2017-12-29 07:00:00,16.41,16.46,16.18,16.43,8230
2018-01-02 07:00:00,16.06,16.31,16.06,16.31,4770
2018-01-03 07:00:00,16.48,16.48,16.18,16.43,41890
2018-01-04 07:00:00,16.43,16.48,16.43,16.43,29740
2018-01-05 07:00:00,16.43,16.46,16.31,16.31,9630
2018-01-08 07:00:00,16.18,16.38,16.18,16.38,5110
2018-01-09 07:00:00,16.38,16.41,16.31,16.36,21060
2018-01-10 07:00:00,16.36,16.56,16.36,16.51,34110
2018-01-11 07:00:00,16.51,16.51,16.36,16.43,12710
2018-01-12 07:00:00,16.43,16.56,16.36,16.43,31050
2018-01-15 07:00:00,16.48,17.03,16.43,17.03,28510
2018-01-16 07:00:00,16.88,17.15,16.68,16.88,7820
2018-01-17 07:00:00,16.68,16.8,16.68,16.68,1210
2018-01-18 07:00:00,16.68,16.68,16.31,16.68,9360
2018-01-19 07:00:00,16.78,16.78,16.68,16.73,19910
2018-01-22 07:00:00,16.33,16.68,16.18,16.28,25060
2018-01-25 07:00:00,16.43,16.43,16.03,16.03,62660
2018-01-26 07:00:00,16.03,16.31,16.03,16.31,8400
2018-01-29 07:00:00,16.18,16.31,15.96,16.18,25830
2018-01-30 07:00:00,15.39,16.18,15.39,16.08,42780
2018-01-31 07:00:00,16.18,16.18,15.44,16.06,28190
2018-02-01 07:00:00,16.18,16.18,15.93,16.16,6860
2018-02-02 07:00:00,15.93,15.93,15.81,15.93,13890
2018-02-05 07:00:00,15.68,15.81,15.44,15.44,9350
2018-02-06 07:00:00,15.44,15.44,14.69,15.29,31900
2018-02-07 07:00:00,15.93,15.93,15.68,15.68,11980
2018-02-08 07:00:00,15.31,15.64,15.31,15.41,13580
2018-02-09 07:00:00,14.56,15.49,14.56,15.31,6570
2018-02-12 07:00:00,15.68,15.68,15.44,15.58,11190
2018-02-13 07:00:00,15.58,15.68,15.58,15.68,14050
2018-02-21 07:00:00,15.56,15.68,15.56,15.68,22970
2018-02-22 07:00:00,15.68,15.81,15.68,15.68,18430
2018-02-23 07:00:00,15.86,15.86,15.58,15.58,9020
2018-02-26 07:00:00,15.58,15.58,15.39,15.44,53980
2018-02-27 07:00:00,15.44,15.81,15.19,15.81,37640
2018-02-28 07:00:00,15.78,15.78,15.41,15.78,22290
2018-03-01 07:00:00,15.78,15.93,15.68,15.91,9830
2018-03-02 07:00:00,15.91,15.91,15.81,15.88,8920
2018-03-05 07:00:00,16.01,16.01,15.81,15.81,20640
2018-03-06 07:00:00,15.86,15.86,15.81,15.86,22920
2018-03-07 07:00:00,15.86,15.86,15.74,15.81,29360
2018-03-08 07:00:00,15.81,15.81,15.81,15.81,15130
2018-03-09 07:00:00,15.81,15.81,15.78,15.78,17210
2018-03-12 07:00:00,15.71,15.81,15.56,15.81,17410
2018-03-13 07:00:00,15.68,15.68,15.68,15.68,12500
2018-03-14 07:00:00,15.44,15.71,15.44,15.68,11460
2018-03-15 07:00:00,15.68,15.81,15.56,15.58,7410
2018-03-16 07:00:00,15.74,15.81,15.68,15.81,11000
2018-03-19 07:00:00,15.93,15.93,15.68,15.68,11910
2018-03-20 07:00:00,15.68,15.81,15.68,15.78,4400
2018-03-21 07:00:00,16.01,16.01,15.78,15.78,21330
2018-03-22 07:00:00,15.86,15.86,15.78,15.81,6790
2018-03-23 07:00:00,15.56,15.91,15.56,15.88,2760
2018-03-26 07:00:00,15.81,15.88,15.81,15.81,11630
2018-03-27 07:00:00,15.68,15.83,15.68,15.81,27500
2018-03-28 07:00:00,15.64,15.68,15.61,15.68,6050
2018-03-29 07:00:00,15.81,15.81,15.68,15.68,8280
2018-03-30 07:00:00,15.68,15.68,15.68,15.68,2210
2018-04-02 07:00:00,15.68,15.88,15.61,15.68,14690
2018-04-03 07:00:00,15.68,15.71,15.68,15.68,16900
2018-04-04 07:00:00,15.81,15.81,15.76,15.76,1190
2018-04-05 07:00:00,15.81,15.81,15.64,15.64,4550
2018-04-06 07:00:00,15.68,15.78,15.66,15.68,2910
2018-04-09 07:00:00,15.81,15.81,15.68,15.81,40620
2018-04-10 07:00:00,15.81,15.81,15.58,15.58,29130
2018-04-11 07:00:00,15.68,15.71,15.58,15.68,8520
2018-04-12 07:00:00,15.93,15.93,15.46,15.66,29440
2018-04-13 07:00:00,16.18,16.18,15.66,15.66,11880
2018-04-16 07:00:00,15.81,15.81,15.66,15.66,3460
2018-04-17 07:00:00,15.66,15.81,15.66,15.66,10610
2018-04-18 07:00:00,15.56,15.68,15.56,15.56,6310
2018-04-19 07:00:00,15.56,15.68,15.56,15.66,3870
2018-04-20 07:00:00,15.68,15.68,15.58,15.68,1580
2018-04-23 07:00:00,15.76,15.81,15.66,15.68,16810
2018-04-24 07:00:00,15.51,15.68,15.44,15.44,20870
2018-04-26 07:00:00,15.64,15.64,15.21,15.21,8760
2018-04-27 07:00:00,15.19,15.66,15.19,15.66,3030
2018-05-02 07:00:00,15.44,15.68,15.21,15.44,7190
2018-05-03 07:00:00,15.44,15.44,15.19,15.24,35050
2018-05-04 07:00:00,15.68,15.68,15.31,15.34,22730
2018-05-07 07:00:00,15.61,15.64,15.34,15.34,16530
2018-05-08 07:00:00,15.34,15.61,15.31,15.34,71030
2018-05-09 07:00:00,15.44,15.44,15.31,15.31,64520
2018-05-10 07:00:00,15.31,15.44,15.31,15.31,41560
2018-05-11 07:00:00,15.44,15.44,15.31,15.31,4110
2018-05-14 07:00:00,15.44,15.61,15.44,15.58,23100
2018-05-15 07:00:00,15.58,15.58,15.58,15.58,30
2018-05-16 07:00:00,15.56,15.56,15.31,15.56,1360
2018-05-17 07:00:00,15.44,15.58,15.31,15.34,30480
2018-05-18 07:00:00,15.34,15.61,15.24,15.61,5530
2018-05-21 07:00:00,15.58,15.58,15.31,15.31,4130
2018-05-22 07:00:00,15.61,15.61,15.24,15.56,18210
2018-05-23 07:00:00,15.56,15.56,15.19,15.19,9590
2018-05-24 07:00:00,15.31,15.31,15.19,15.19,6380
2018-05-25 07:00:00,15.31,15.31,15.19,15.19,810
2018-05-28 07:00:00,15.29,15.29,14.14,14.14,27220
2018-05-29 07:00:00,14.14,15.11,13.2,15.11,1443440
2018-05-30 07:00:00,14.94,15.11,14.49,14.49,2670
2018-05-31 07:00:00,14.49,15.19,14.49,15.19,9970
2018-06-01 07:00:00,15.14,15.19,14.94,14.99,2920
2018-06-04 07:00:00,15.76,15.76,15.36,15.48,3920
2018-06-05 07:00:00,16.48,16.48,15.9,15.9,6440
2018-06-06 07:00:00,15.9,15.9,15.9,15.9,2890
2018-06-07 07:00:00,15.9,16.05,15.79,15.79,11510
2018-06-08 07:00:00,15.73,15.73,15.7,15.73,7300
2018-06-11 07:00:00,15.62,15.76,15.62,15.76,17510
2018-06-12 07:00:00,15.04,15.22,15.04,15.19,2600
2018-06-13 07:00:00,15.48,15.62,15.48,15.48,3750
2018-06-14 07:00:00,16.05,16.05,15.48,15.48,2440
2018-06-15 07:00:00,15.48,15.48,15.25,15.33,600
2018-06-18 07:00:00,14.76,15.48,14.76,15.16,28410
2018-06-19 07:00:00,15.04,15.76,14.73,15.19,26080
2018-06-20 07:00:00,15.56,15.56,15.16,15.16,430
2018-06-21 07:00:00,14.96,16.05,14.7,15.42,28900
2018-06-22 07:00:00,14.84,15.19,14.84,14.9,1340
2018-06-25 07:00:00,15.22,15.22,15.19,15.19,110
2018-06-26 07:00:00,15.16,15.19,14.9,15.19,9070
2018-06-27 07:00:00,15.33,15.33,15.07,15.07,7780
2018-06-28 07:00:00,15.19,15.19,14.18,14.18,3510
2018-06-29 07:00:00,14.36,15.04,14.31,15.04,18340
2018-07-02 07:00:00,15.36,15.9,15.36,15.9,10000
2018-07-03 07:00:00,15.45,15.45,14.82,14.82,1550
2018-07-04 07:00:00,14.82,14.99,14.36,14.99,670
2018-07-05 07:00:00,14.67,14.82,14.62,14.82,640
2018-07-06 07:00:00,14.82,14.9,14.82,14.9,1010
2018-07-09 07:00:00,14.62,14.9,14.62,14.9,12580
2018-07-10 07:00:00,14.9,14.9,14.62,14.67,3170
2018-07-11 07:00:00,14.87,15.04,14.62,15.04,19270
2018-07-12 07:00:00,15.48,15.48,14.62,15.16,56560
2018-07-13 07:00:00,14.21,15.16,14.21,15.16,18650
2018-07-16 07:00:00,15.04,15.04,14.76,14.79,190
2018-07-17 07:00:00,15.16,15.16,14.64,14.87,12200
2018-07-18 07:00:00,14.64,14.87,14.53,14.53,7340
2018-07-19 07:00:00,14.87,14.9,14.62,14.9,4200
2018-07-20 07:00:00,14.9,15.48,14.62,14.9,16050
2018-07-23 07:00:00,14.47,14.9,14.36,14.9,3310
2018-07-24 07:00:00,14.24,14.9,14.24,14.9,4730
2018-07-25 07:00:00,15.19,15.19,14.62,14.62,570
2018-07-26 07:00:00,15.19,15.19,14.62,14.62,44800
2018-07-27 07:00:00,14.87,14.87,14.33,14.79,13970
2018-07-30 07:00:00,14.79,14.9,14.5,14.9,2970
2018-07-31 07:00:00,14.64,14.9,14.62,14.9,11230
2018-08-01 07:00:00,14.9,14.9,14.62,14.62,2230
2018-08-02 07:00:00,14.62,15.04,14.62,15.04,24690
2018-08-03 07:00:00,15.04,15.48,14.9,15.25,29230
2018-08-06 07:00:00,15.19,15.19,14.9,14.9,5980
2018-08-07 07:00:00,14.9,14.9,14.67,14.9,13080
2018-08-08 07:00:00,14.76,14.9,14.76,14.79,1600
2018-08-09 07:00:00,14.9,14.9,14.82,14.84,3570
2018-08-10 07:00:00,15.13,15.13,14.64,14.64,4930
2018-08-13 07:00:00,14.64,14.76,14.64,14.64,15820
2018-08-14 07:00:00,14.47,14.76,14.36,14.76,5500
2018-08-15 07:00:00,14.5,14.9,14.5,14.9,2010
2018-08-16 07:00:00,15.04,15.48,14.9,14.9,23900
2018-08-17 07:00:00,14.9,14.9,14.59,14.9,3150
2018-08-20 07:00:00,14.67,15.04,14.67,14.9,13400
2018-08-21 07:00:00,14.9,14.9,14.7,14.7,130
2018-08-22 07:00:00,14.7,14.9,14.7,14.76,530
2018-08-23 07:00:00,14.9,14.9,14.84,14.9,6160
2018-08-24 07:00:00,14.9,14.9,14.9,14.9,6500
2018-08-27 07:00:00,14.73,14.9,14.7,14.9,7090
2018-08-28 07:00:00,14.73,14.9,14.73,14.9,6570
2018-08-29 07:00:00,14.9,14.9,14.87,14.9,53070
2018-08-30 07:00:00,15.16,15.19,14.79,14.79,8070
2018-08-31 07:00:00,14.73,15.02,14.7,15.02,1280
2018-09-04 07:00:00,14.96,15.04,14.96,15.02,1790
2018-09-05 07:00:00,15.19,15.48,14.9,14.9,75190
2018-09-06 07:00:00,14.9,14.9,14.87,14.9,5890
2018-09-07 07:00:00,15.02,15.02,15.02,15.02,10
2018-09-10 07:00:00,15.02,15.02,14.84,14.9,11250
2018-09-11 07:00:00,15.02,15.02,14.96,14.96,2810
2018-09-12 07:00:00,14.96,15.39,14.96,15.04,35340
2018-09-13 07:00:00,14.67,14.96,14.67,14.96,6640
2018-09-14 07:00:00,14.96,15.04,14.9,14.9,30310
2018-09-17 07:00:00,14.82,14.9,14.7,14.9,32910
2018-09-18 07:00:00,14.76,14.9,14.76,14.9,3540
2018-09-19 07:00:00,15.02,15.48,15.02,15.19,41040
2018-09-20 07:00:00,14.9,15.04,14.87,15.04,113060
2018-09-21 07:00:00,15.42,15.48,14.9,15.16,40060
2018-09-24 07:00:00,15.19,15.19,14.9,14.9,54640
2018-09-25 07:00:00,15.16,15.16,15.04,15.04,310
2018-09-26 07:00:00,15.19,15.19,14.96,15.04,4100
2018-09-27 07:00:00,15.04,15.42,15.04,15.33,119450
2018-09-28 07:00:00,15.33,15.33,14.9,14.9,226890
2018-10-01 07:00:00,14.9,15.48,14.9,15.39,33560
2018-10-02 07:00:00,15.19,15.62,15.19,15.53,43950
2018-10-03 07:00:00,15.53,15.53,15.19,15.33,16970
2018-10-04 07:00:00,15.22,15.27,15.19,15.27,4130
2018-10-05 07:00:00,15.19,15.22,15.16,15.19,13820
2018-10-08 07:00:00,15.1,15.25,15.04,15.25,4310
2018-10-09 07:00:00,15.19,15.45,15.19,15.45,11020
2018-10-10 07:00:00,15.27,15.27,15.27,15.27,6000
2018-10-11 07:00:00,15.04,15.04,14.76,14.9,64850
2018-10-12 07:00:00,15.25,15.25,14.9,15.19,3090
2018-10-15 07:00:00,15.19,15.19,15.19,15.19,10
2018-10-16 07:00:00,15.04,15.19,15.04,15.19,3790
2018-10-17 07:00:00,15.16,15.45,14.82,15.16,20030
2018-10-22 07:00:00,14.9,14.96,14.9,14.9,9880
2018-10-23 07:00:00,14.82,15.04,14.64,15.04,24180
2018-10-24 07:00:00,14.76,14.9,14.73,14.9,3050
2018-10-25 07:00:00,15.27,15.27,14.3,14.9,31570
2018-10-26 07:00:00,14.62,15.16,14.62,14.9,20010
2018-10-29 07:00:00,14.62,14.87,14.44,14.87,31410
2018-10-30 07:00:00,14.82,14.87,14.42,14.76,24060
2018-10-31 07:00:00,14.87,14.9,14.87,14.9,10010
2018-11-01 07:00:00,14.5,14.9,14.5,14.9,4760
2018-11-02 07:00:00,14.62,14.62,14.62,14.62,2450
2018-11-05 07:00:00,14.5,14.5,14.5,14.5,270
2018-11-06 07:00:00,14.62,14.87,14.62,14.87,80
2018-11-07 07:00:00,14.87,14.87,14.53,14.53,200
2018-11-08 07:00:00,14.53,14.67,14.53,14.67,2330
2018-11-09 07:00:00,14.36,14.62,14.36,14.62,270
2018-11-12 07:00:00,14.62,14.62,14.44,14.44,2420
2018-11-13 07:00:00,14.47,14.5,14.47,14.47,18340
2018-11-14 07:00:00,14.73,14.76,14.47,14.47,410
2018-11-15 07:00:00,14.47,14.62,14.47,14.62,1930
2018-11-16 07:00:00,14.62,14.62,14.62,14.62,200
2018-11-19 07:00:00,14.62,14.62,14.47,14.5,7440
2018-11-20 07:00:00,14.73,14.73,14.62,14.62,1910
2018-11-21 07:00:00,14.47,14.64,14.42,14.59,4710
2018-11-22 07:00:00,14.42,14.59,14.42,14.59,3660
2018-11-23 07:00:00,14.39,14.59,14.39,14.47,31010
2018-11-26 07:00:00,14.56,14.56,14.47,14.47,4020
2018-11-27 07:00:00,14.47,14.62,14.47,14.47,17050
2018-11-28 07:00:00,14.56,14.87,14.56,14.62,31910
2018-11-29 07:00:00,14.62,15.04,14.62,15.04,31210
2018-11-30 07:00:00,15.04,15.42,15.04,15.42,23800
2018-12-03 07:00:00,15.33,16.05,15.33,16.05,67010
2018-12-04 07:00:00,16.05,16.05,15.16,16.05,16110
2018-12-05 07:00:00,15.99,15.99,15.22,15.25,50
2018-12-06 07:00:00,15.27,15.76,15.27,15.76,4760
2018-12-07 07:00:00,15.3,16.05,15.27,16.05,6750
2018-12-10 07:00:00,16.02,16.02,15.68,15.7,620
2018-12-11 07:00:00,15.73,16.05,15.73,16.05,12890
2018-12-12 07:00:00,16.02,16.19,16.02,16.16,15350
2018-12-13 07:00:00,16.16,16.34,16.05,16.34,27320
2018-12-14 07:00:00,16.05,16.56,16.05,16.56,18020
2018-12-17 07:00:00,16.56,16.59,16.34,16.59,8990
2018-12-18 07:00:00,16.59,16.62,16.59,16.62,15010
2018-12-19 07:00:00,16.48,16.62,16.11,16.62,17080
2018-12-20 07:00:00,16.59,16.88,16.59,16.88,20000
2018-12-21 07:00:00,16.62,17.17,16.62,17.17,16420
2018-12-24 07:00:00,16.76,17.31,16.76,17.31,9130
2018-12-25 07:00:00,16.76,17.31,16.76,17.31,8390
2018-12-26 07:00:00,17.2,17.28,17.14,17.28,13480
2018-12-27 07:00:00,16.76,17.28,16.76,17.22,45580
2018-12-28 07:00:00,16.91,17.45,16.91,17.45,164070
2019-01-02 07:00:00,17.45,17.45,17.05,17.2,6540
2019-01-03 07:00:00,16.79,17.11,16.62,17.11,7520
2019-01-04 07:00:00,17.11,17.11,16.25,16.62,25560
2019-01-07 07:00:00,16.05,16.62,15.62,16.62,7040
2019-01-08 07:00:00,15.62,16.62,15.62,16.62,16630
2019-01-09 07:00:00,15.76,16.34,15.5,16.34,11000
2019-01-10 07:00:00,15.56,15.62,15.48,15.48,3050
2019-01-11 07:00:00,15.48,15.5,15.22,15.22,5190
2019-01-14 07:00:00,15.25,15.27,14.62,15.19,12160
2019-01-15 07:00:00,15.19,15.19,14.5,14.64,11690
2019-01-16 07:00:00,14.64,14.9,14.36,14.7,11280
2019-01-17 07:00:00,14.44,14.44,14.44,14.44,3000
2019-01-18 07:00:00,14.44,14.87,14.33,14.87,9150
2019-01-21 07:00:00,14.62,14.62,14.27,14.3,7530
2019-01-22 07:00:00,14.39,14.39,14.3,14.33,2550
2019-01-23 07:00:00,14.87,15.33,14.27,14.33,5510
2019-01-24 07:00:00,14.33,14.33,14.3,14.3,8810
2019-01-25 07:00:00,14.33,14.33,14.27,14.27,1230
2019-01-28 07:00:00,14.27,14.33,14.27,14.33,1730
2019-01-29 07:00:00,14.56,14.56,14.26,14.33,1260
2019-01-30 07:00:00,14.36,14.36,14.31,14.33,7330
2019-01-31 07:00:00,14.33,14.33,14.3,14.3,1620
2019-02-01 07:00:00,14.29,14.47,14.27,14.47,240
2019-02-11 07:00:00,14.47,14.5,14.47,14.47,2400
2019-02-12 07:00:00,14.47,14.5,14.33,14.33,8250
2019-02-13 07:00:00,14.18,14.36,14.18,14.33,2890
2019-02-14 07:00:00,14.33,14.36,14.24,14.27,4390
2019-02-15 07:00:00,14.33,14.33,14.27,14.27,670
2019-02-18 07:00:00,14.47,14.47,14.27,14.33,6620
2019-02-19 07:00:00,14.62,14.9,14.33,14.33,26750
2019-02-20 07:00:00,14.36,14.36,14.3,14.3,14910
2019-02-21 07:00:00,14.59,14.59,14.3,14.3,9420
2019-02-22 07:00:00,14.3,14.59,14.3,14.33,12240
2019-02-25 07:00:00,14.33,14.5,14.27,14.33,12000
2019-02-26 07:00:00,14.04,14.47,14.01,14.04,22620
2019-02-27 07:00:00,14.17,14.24,13.98,14.24,2520
2019-02-28 07:00:00,14.33,14.33,14.24,14.24,2090
2019-03-01 07:00:00,14.24,14.87,14.21,14.87,8190
2019-03-04 07:00:00,14.87,14.87,14.5,14.5,25180
2019-03-05 07:00:00,14.59,14.73,14.42,14.73,25580
2019-03-06 07:00:00,14.73,14.84,14.42,14.62,12960
2019-03-07 07:00:00,14.62,14.7,14.42,14.42,34050
2019-03-08 07:00:00,14.47,14.59,14.39,14.44,54340
2019-03-11 07:00:00,14.5,14.5,14.36,14.39,20350
2019-03-12 07:00:00,14.44,14.53,14.39,14.39,25540
2019-03-13 07:00:00,14.36,14.9,14.33,14.53,115010
2019-03-14 07:00:00,14.82,15.16,14.62,15.04,25350
2019-03-15 07:00:00,15.04,15.1,14.9,15.04,18690
2019-03-18 07:00:00,15.04,15.04,14.76,14.76,22090
2019-03-19 07:00:00,14.93,14.93,14.64,14.9,16740
2019-03-20 07:00:00,14.9,14.9,14.67,14.9,5380
2019-03-21 07:00:00,14.9,14.9,14.62,14.76,18800
2019-03-22 07:00:00,14.76,14.9,14.7,14.9,31240
2019-03-25 07:00:00,14.76,14.76,14.53,14.67,6760
2019-03-26 07:00:00,14.5,14.67,14.5,14.53,6440
2019-03-27 07:00:00,14.42,14.79,14.33,14.79,21620
2019-03-28 07:00:00,14.79,15.19,14.47,15.19,51930
2019-03-29 07:00:00,15.53,15.53,15.13,15.19,33330
2019-04-01 07:00:00,15.22,15.22,14.76,14.76,11300
2019-04-02 07:00:00,14.79,14.93,14.76,14.76,7340
2019-04-03 07:00:00,14.76,15.04,14.53,14.53,26020
2019-04-04 07:00:00,14.53,14.56,14.53,14.56,820
2019-04-05 07:00:00,14.56,14.62,14.53,14.53,20980
2019-04-08 07:00:00,14.53,14.79,14.53,14.73,4120
2019-04-09 07:00:00,14.9,14.9,14.56,14.56,8940
2019-04-10 07:00:00,14.62,14.62,14.5,14.53,12810
2019-04-11 07:00:00,14.53,14.67,14.53,14.67,2640
2019-04-12 07:00:00,14.7,14.7,14.56,14.67,1560
2019-04-16 07:00:00,14.67,14.67,14.53,14.56,160
2019-04-17 07:00:00,14.47,14.7,14.33,14.7,13670
2019-04-18 07:00:00,14.62,14.62,14.47,14.62,9720
2019-04-19 07:00:00,14.62,14.62,14.47,14.62,6710
2019-04-22 07:00:00,14.47,14.73,14.47,14.73,6860
2019-04-23 07:00:00,14.73,14.76,14.73,14.76,8520
2019-04-24 07:00:00,14.73,14.87,14.62,14.87,12650
2019-04-25 07:00:00,14.87,14.87,14.62,14.87,12350
2019-04-26 07:00:00,14.87,14.99,14.59,14.87,13490
2019-05-02 07:00:00,14.87,14.87,14.64,14.64,1480
2019-05-03 07:00:00,14.62,14.64,14.62,14.62,4610
2019-05-06 07:00:00,14.36,14.47,14.36,14.47,7380
2019-05-07 07:00:00,14.47,14.87,14.47,14.76,28900
2019-05-08 07:00:00,14.73,15.04,14.47,15.04,40210
2019-05-09 07:00:00,14.87,14.87,14.62,14.64,2450
2019-05-10 07:00:00,14.62,15.02,14.56,15.02,580
2019-05-13 07:00:00,15.16,15.16,14.59,14.59,4680
2019-05-14 07:00:00,14.62,14.62,14.62,14.62,18220
2019-05-15 07:00:00,14.62,14.62,14.59,14.62,5730
2019-05-16 07:00:00,14.62,14.76,14.5,14.5,5480
2019-05-17 07:00:00,14.5,14.5,14.5,14.5,2750
2019-05-20 07:00:00,14.5,14.62,14.47,14.62,16240
2019-05-21 07:00:00,14.73,14.76,14.42,14.47,6860
2019-05-22 07:00:00,14.47,14.53,14.33,14.5,28700
2019-05-23 07:00:00,14.5,14.76,14.33,14.76,29940
2019-05-24 07:00:00,14.62,14.64,14.39,14.39,4290
2019-05-27 07:00:00,14.47,14.76,14.47,14.76,17450
2019-05-28 07:00:00,14.62,14.87,14.62,14.76,8780
2019-05-29 07:00:00,14.53,14.7,14.44,14.7,22910
2019-05-30 07:00:00,14.73,14.73,14.44,14.67,32200
2019-05-31 07:00:00,14.64,14.76,14.62,14.73,14280
2019-06-03 07:00:00,14.73,14.73,14.42,14.42,11560
2019-06-04 07:00:00,14.67,14.67,14.42,14.42,8220
2019-06-05 07:00:00,14.62,14.62,14.33,14.36,13670
2019-06-06 07:00:00,14.36,14.36,14.21,14.3,11010
2019-06-07 07:00:00,14.3,14.62,14.3,14.62,15250
2019-06-10 07:00:00,14.62,14.62,14.39,14.59,4340
2019-06-11 07:00:00,14.59,14.59,14.33,14.56,18250
2019-06-12 07:00:00,14.53,14.56,14.3,14.33,51360
2019-06-13 07:00:00,14.81,14.81,14.33,14.48,23730
2019-06-14 07:00:00,14.48,14.57,14.48,14.57,6600
2019-06-17 07:00:00,14.42,14.48,14.36,14.45,460
2019-06-18 07:00:00,14.33,14.51,14.24,14.45,35150
2019-06-19 07:00:00,14.3,14.51,14.3,14.3,5330
2019-06-20 07:00:00,14.33,14.33,14.27,14.27,4450
2019-06-21 07:00:00,14.27,14.33,14.18,14.33,8140
2019-06-24 07:00:00,14.33,14.33,14.18,14.19,4210
2019-06-25 07:00:00,14.18,14.18,14.03,14.03,5750
2019-06-26 07:00:00,14.33,14.33,14.33,14.33,100
2019-06-27 07:00:00,14.3,14.3,14.0,14.28,1600
2019-06-28 07:00:00,14.24,14.27,14.03,14.12,3440
2019-07-01 07:00:00,14.12,14.12,13.91,13.94,6750
2019-07-02 07:00:00,13.91,13.91,13.76,13.79,2800
2019-07-03 07:00:00,13.79,13.97,13.79,13.85,260
2019-07-04 07:00:00,13.94,14.15,13.79,14.15,8570
2019-07-05 07:00:00,14.21,14.21,14.21,14.21,19500
2019-07-08 07:00:00,14.21,14.33,14.03,14.3,6280
2019-07-09 07:00:00,14.3,14.33,14.27,14.33,14100
2019-07-10 07:00:00,14.31,14.33,14.27,14.33,17100
2019-07-11 07:00:00,14.33,14.33,14.27,14.33,30760
2019-07-12 07:00:00,14.27,14.3,14.18,14.3,6300
2019-07-15 07:00:00,14.27,14.3,14.24,14.3,3180
2019-07-16 07:00:00,14.3,14.33,14.21,14.3,4170
2019-07-17 07:00:00,14.31,14.33,14.18,14.33,25540
2019-07-18 07:00:00,14.18,14.33,14.18,14.33,5130
2019-07-19 07:00:00,14.33,14.33,14.18,14.33,20120
2019-07-22 07:00:00,14.33,14.33,13.97,14.03,17320
2019-07-23 07:00:00,13.97,14.18,13.88,14.18,11000
2019-07-24 07:00:00,14.18,14.27,14.03,14.27,3200
2019-07-25 07:00:00,14.27,14.3,14.27,14.3,6270
2019-07-26 07:00:00,14.3,14.33,14.03,14.33,15120
2019-07-29 07:00:00,14.3,14.3,14.18,14.3,6320
2019-07-30 07:00:00,14.04,14.3,13.97,14.3,12570
2019-07-31 07:00:00,14.03,14.93,14.03,14.93,16070
2019-08-01 07:00:00,14.93,14.93,14.27,14.57,6440
2019-08-02 07:00:00,14.27,14.33,13.88,14.33,16160
2019-08-05 07:00:00,14.33,14.33,14.1,14.3,2380
2019-08-06 07:00:00,14.33,14.33,14.04,14.33,3880
2019-08-07 07:00:00,14.33,14.33,14.15,14.33,19730
2019-08-08 07:00:00,14.08,14.3,14.06,14.3,11930
2019-08-09 07:00:00,14.3,14.3,14.3,14.3,1670
2019-08-12 07:00:00,14.3,14.33,13.91,14.3,11540
2019-08-13 07:00:00,14.3,14.3,14.27,14.3,12740
2019-08-14 07:00:00,14.27,14.3,14.03,14.3,5150
2019-08-15 07:00:00,14.3,14.3,14.06,14.3,3230
2019-08-16 07:00:00,14.27,14.33,14.27,14.3,16200
2019-08-19 07:00:00,14.18,14.3,14.18,14.3,3390
2019-08-20 07:00:00,14.3,14.33,14.18,14.33,50630
2019-08-21 07:00:00,14.3,14.48,14.3,14.33,21220
2019-08-22 07:00:00,14.33,14.39,14.3,14.33,30910
2019-08-23 07:00:00,14.33,14.33,14.33,14.33,3600
2019-08-26 07:00:00,14.33,14.33,14.18,14.33,15030
2019-08-27 07:00:00,14.33,14.33,14.33,14.33,15510
2019-08-28 07:00:00,14.63,14.63,14.33,14.33,1540
2019-08-29 07:00:00,14.3,14.3,14.27,14.3,13660
2019-08-30 07:00:00,14.33,14.33,14.27,14.33,39330
2019-09-03 07:00:00,14.09,14.33,14.09,14.33,13150
2019-09-04 07:00:00,14.09,14.33,14.24,14.31,18340
2019-09-05 07:00:00,14.33,14.33,14.3,14.33,16010
2019-09-06 07:00:00,14.33,14.33,14.3,14.33,11600
2019-09-09 07:00:00,14.33,14.33,14.3,14.33,20080
2019-09-10 07:00:00,14.3,14.33,14.09,14.33,2890
2019-09-11 07:00:00,14.33,14.33,14.3,14.3,13350
2019-09-12 07:00:00,14.27,14.31,14.27,14.31,3030
2019-09-13 07:00:00,14.31,14.36,14.31,14.31,12360
2019-09-16 07:00:00,14.33,14.33,14.31,14.31,3500
2019-09-17 07:00:00,14.31,14.31,14.3,14.31,8090
2019-09-18 07:00:00,14.3,14.3,14.06,14.3,2840
2019-09-19 07:00:00,14.27,14.33,14.27,14.33,71490
2019-09-20 07:00:00,14.33,14.33,14.27,14.27,13220
2019-09-23 07:00:00,14.55,14.55,14.27,14.3,7670
2019-09-24 07:00:00,14.3,14.3,14.18,14.3,4800
2019-09-25 07:00:00,14.3,14.3,14.27,14.3,16830
2019-09-26 07:00:00,14.3,14.33,14.24,14.31,32000
2019-09-27 07:00:00,14.31,14.87,14.31,14.84,80760
2019-09-30 07:00:00,15.64,15.64,14.91,14.93,7960
2019-10-01 07:00:00,14.9,14.9,14.63,14.63,3450
2019-10-02 07:00:00,14.63,14.63,14.48,14.51,3930
2019-10-03 07:00:00,14.48,14.49,14.27,14.45,11830
2019-10-04 07:00:00,14.45,14.81,14.27,14.63,57760
2019-10-07 07:00:00,14.88,15.08,14.88,14.93,14560
2019-10-08 07:00:00,15.04,15.08,14.9,14.9,12600
2019-10-09 07:00:00,14.93,15.52,14.9,14.93,69840
2019-10-10 07:00:00,14.93,14.93,14.54,14.54,710
2019-10-11 07:00:00,14.9,14.9,14.63,14.63,150
2019-10-14 07:00:00,14.63,14.87,14.51,14.78,3710
2019-10-15 07:00:00,14.54,14.54,14.54,14.54,100
2019-10-16 07:00:00,14.55,14.55,14.48,14.51,2910
2019-10-17 07:00:00,14.51,14.51,14.51,14.51,980
2019-10-18 07:00:00,14.51,15.34,14.51,14.99,960
2019-10-21 07:00:00,14.63,14.63,14.63,14.63,1420
2019-10-22 07:00:00,14.93,14.93,14.48,14.48,3470
2019-10-23 07:00:00,14.36,14.36,14.33,14.33,9000
2019-10-24 07:00:00,14.33,14.48,14.33,14.36,23000
2019-10-25 07:00:00,14.43,14.63,14.42,14.63,8600
2019-10-28 07:00:00,14.48,14.48,14.48,14.48,250
2019-10-29 07:00:00,14.48,14.54,14.48,14.49,3730
2019-10-30 07:00:00,14.73,14.73,14.48,14.48,5000
2019-10-31 07:00:00,14.48,14.76,14.48,14.76,1920
2019-11-01 07:00:00,14.76,14.76,14.49,14.51,620
2019-11-04 07:00:00,14.72,14.72,14.49,14.49,4040
2019-11-05 07:00:00,14.49,14.63,14.48,14.63,3520
2019-11-06 07:00:00,14.75,14.75,14.63,14.63,2860
2019-11-08 07:00:00,14.63,14.63,14.51,14.63,4850
2019-11-11 07:00:00,14.63,14.66,14.63,14.63,21600
2019-11-12 07:00:00,14.63,14.63,14.63,14.63,5340
2019-11-13 07:00:00,14.63,14.78,14.54,14.64,2570
2019-11-14 07:00:00,14.67,14.93,14.67,14.72,4700
2019-11-15 07:00:00,14.91,15.46,14.75,14.78,20180
2019-11-18 07:00:00,14.78,15.22,14.78,15.22,50910
2019-11-19 07:00:00,15.22,16.12,15.22,16.12,78030
2019-11-20 07:00:00,16.12,16.36,16.12,16.36,39510
2019-11-21 07:00:00,16.36,16.93,16.36,16.69,71120
2019-11-22 07:00:00,16.3,16.69,16.12,16.12,62080
2019-11-25 07:00:00,16.12,16.18,16.0,16.0,19170
2019-11-26 07:00:00,15.91,15.91,15.82,15.82,5480
2019-11-27 07:00:00,15.55,16.09,15.55,16.09,7550
2019-11-28 07:00:00,16.12,16.9,16.09,16.3,25440
2019-11-29 07:00:00,16.42,16.42,16.12,16.27,6850
2019-12-02 07:00:00,16.12,16.42,16.12,16.27,11790
2019-12-03 07:00:00,16.12,16.21,15.94,15.94,25480
2019-12-04 07:00:00,16.12,16.12,15.91,16.06,4160
2019-12-05 07:00:00,15.97,16.0,15.43,15.43,24660
2019-12-06 07:00:00,15.52,15.82,15.4,15.82,11340
2019-12-09 07:00:00,15.82,16.0,15.79,15.82,24540
2019-12-10 07:00:00,15.82,15.82,15.58,15.82,10220
2019-12-11 07:00:00,15.91,16.06,15.82,15.82,4130
2019-12-12 07:00:00,15.82,15.82,15.52,15.82,12380
2019-12-13 07:00:00,15.82,15.82,15.58,15.58,2360
2019-12-16 07:00:00,15.67,15.67,15.58,15.58,2900
2019-12-17 07:00:00,15.46,15.82,15.37,15.64,15110
2019-12-18 07:00:00,15.64,15.76,15.37,15.64,6570
2019-12-19 07:00:00,15.64,15.64,15.64,15.64,640
2019-12-20 07:00:00,15.43,15.52,15.22,15.22,9370
2019-12-23 07:00:00,15.22,15.22,14.93,14.93,8850
2019-12-24 07:00:00,14.93,14.93,14.63,14.93,4110
2019-12-25 07:00:00,14.91,14.91,14.33,14.54,8110
2019-12-26 07:00:00,15.14,15.14,14.57,14.63,1580
2019-12-27 07:00:00,14.4,14.63,14.18,14.57,10730
2019-12-30 07:00:00,14.6,14.66,14.42,14.42,12090
2019-12-31 07:00:00,14.33,14.54,14.33,14.33,19290
2020-01-02 07:00:00,14.85,14.85,14.39,14.39,1010
2020-01-03 07:00:00,15.04,15.04,14.33,14.33,7120
2020-01-06 07:00:00,14.39,14.63,14.33,14.63,6090
2020-01-07 07:00:00,14.49,14.49,14.45,14.48,4450
2020-01-08 07:00:00,14.48,14.58,14.42,14.45,8080
2020-01-09 07:00:00,14.48,14.61,14.34,14.61,7910
2020-01-10 07:00:00,14.87,14.88,14.75,14.79,11700
2020-01-13 07:00:00,14.55,14.75,14.37,14.75,1340
2020-01-14 07:00:00,14.64,14.79,14.63,14.78,7830
2020-01-15 07:00:00,14.78,14.78,14.63,14.63,1150
2020-01-16 07:00:00,14.61,14.63,14.48,14.63,3530
2020-01-17 07:00:00,14.63,14.67,14.43,14.67,6570
2020-01-20 07:00:00,14.88,14.93,14.63,14.63,12470
2020-01-21 07:00:00,14.63,14.84,14.63,14.78,8820
2020-01-22 07:00:00,15.16,15.16,14.64,14.93,20850
2020-01-30 07:00:00,15.46,15.49,14.99,15.31,27830
2020-01-31 07:00:00,15.64,16.36,15.58,16.36,188860
2020-02-03 07:00:00,16.99,17.49,16.72,16.72,339630
2020-02-04 07:00:00,16.15,16.42,15.82,16.21,59520
2020-02-05 07:00:00,15.85,15.85,15.1,15.82,91670
2020-02-06 07:00:00,15.58,15.67,15.28,15.43,149490
2020-02-07 07:00:00,15.37,16.12,15.37,15.97,44400
2020-02-10 07:00:00,16.27,16.75,16.21,16.36,125560
2020-02-11 07:00:00,16.6,17.02,16.12,16.75,146190
2020-02-12 07:00:00,16.75,17.25,16.75,17.14,152500
2020-02-13 07:00:00,17.31,17.91,17.16,17.16,162660
2020-02-14 07:00:00,17.16,17.31,17.1,17.25,118140
2020-02-17 07:00:00,17.49,17.49,16.78,16.99,58580
2020-02-18 07:00:00,16.99,18.15,16.99,18.15,388490
2020-02-19 07:00:00,19.37,19.37,18.15,18.33,258560
2020-02-20 07:00:00,18.21,18.51,17.76,18.06,101900
2020-02-21 07:00:00,18.06,18.69,17.85,18.48,238990
2020-02-24 07:00:00,18.51,18.96,17.91,18.51,212140
2020-02-25 07:00:00,18.51,18.51,18.09,18.09,125700
2020-02-26 07:00:00,18.09,18.51,17.94,17.94,113300
2020-02-27 07:00:00,17.64,17.94,17.31,17.46,163120
2020-02-28 07:00:00,17.46,17.79,17.14,17.4,80550
2020-03-02 07:00:00,17.25,17.67,17.25,17.31,44050
2020-03-03 07:00:00,17.79,17.79,17.28,17.52,72150
2020-03-04 07:00:00,17.52,17.52,17.28,17.4,53900
2020-03-05 07:00:00,17.79,18.48,17.79,18.12,157980
2020-03-06 07:00:00,17.97,18.66,17.97,18.27,98960
2020-03-09 07:00:00,17.88,18.06,17.02,17.02,132120
2020-03-10 07:00:00,16.87,18.03,16.72,17.37,84320
2020-03-11 07:00:00,17.67,17.76,16.87,17.61,146550
2020-03-12 07:00:00,17.31,17.31,16.39,16.39,183080
2020-03-13 07:00:00,15.25,16.69,15.25,16.57,82690
2020-03-16 07:00:00,16.57,16.72,15.46,15.46,72470
2020-03-17 07:00:00,15.46,16.09,15.46,15.85,54810
2020-03-18 07:00:00,16.12,16.36,15.61,15.61,53740
2020-03-19 07:00:00,15.52,15.52,15.08,15.22,72440
2020-03-20 07:00:00,15.22,15.52,15.22,15.28,34840
2020-03-23 07:00:00,14.93,14.93,14.22,14.22,156470
2020-03-24 07:00:00,13.45,14.03,13.24,13.24,194710
2020-03-25 07:00:00,13.43,13.7,12.87,13.7,132060
2020-03-26 07:00:00,13.7,13.7,13.02,13.02,114630
2020-03-27 07:00:00,13.02,13.22,12.54,12.55,129450
2020-03-30 07:00:00,12.55,12.55,11.69,12.55,154740
2020-03-31 07:00:00,12.09,13.28,11.79,12.66,74830
2020-04-01 07:00:00,12.66,13.08,11.94,12.85,14150
2020-04-03 07:00:00,12.85,13.22,12.85,13.22,36730
2020-04-06 07:00:00,13.28,14.02,13.28,14.02,76050
2020-04-07 07:00:00,14.18,14.18,13.73,14.15,58660
2020-04-08 07:00:00,14.15,14.39,13.88,14.33,41450
2020-04-09 07:00:00,14.33,14.75,14.33,14.57,36600
2020-04-10 07:00:00,14.57,14.63,14.33,14.57,56600
2020-04-13 07:00:00,14.63,15.22,14.63,15.08,103910
2020-04-14 07:00:00,15.08,15.08,14.72,15.08,63770
2020-04-15 07:00:00,15.08,15.22,14.99,15.14,29770
2020-04-16 07:00:00,15.1,15.22,14.93,15.16,49520
2020-04-17 07:00:00,15.43,16.09,15.22,16.0,72160
2020-04-20 07:00:00,16.42,17.02,16.42,16.42,164070
2020-04-21 07:00:00,16.42,16.45,15.52,15.82,67150
2020-04-22 07:00:00,15.97,15.97,15.52,15.82,46020
2020-04-23 07:00:00,16.09,16.39,16.0,16.06,23230
2020-04-24 07:00:00,16.06,16.12,15.88,15.97,24340
2020-04-27 07:00:00,15.82,16.12,15.82,15.82,26420
2020-04-28 07:00:00,16.18,16.18,15.85,16.0,15710
2020-04-29 07:00:00,15.97,16.24,15.97,15.97,22050
2020-05-04 07:00:00,15.97,15.97,15.4,15.55,21280
2020-05-05 07:00:00,15.67,15.82,15.67,15.67,25010
2020-05-06 07:00:00,15.67,15.82,15.55,15.76,16990
2020-05-07 07:00:00,15.58,15.91,15.58,15.82,32880
2020-05-08 07:00:00,15.94,15.94,15.7,15.82,36410
2020-05-11 07:00:00,16.12,16.42,15.82,16.12,100540
2020-05-12 07:00:00,16.39,16.39,16.09,16.15,18360
2020-05-13 07:00:00,16.12,16.27,16.06,16.18,18770
2020-05-14 07:00:00,16.39,16.78,16.33,16.75,120200
2020-05-15 07:00:00,16.75,17.02,16.72,16.72,95100
2020-05-18 07:00:00,16.72,16.72,16.42,16.66,43020
2020-05-19 07:00:00,16.72,16.72,16.12,16.12,43860
2020-05-20 07:00:00,16.42,16.42,16.0,16.12,18810
2020-05-21 07:00:00,16.33,16.33,15.97,15.97,62930
2020-05-22 07:00:00,15.82,16.03,15.79,15.79,70410
2020-05-25 07:00:00,15.85,16.12,15.85,16.09,8090
2020-05-26 07:00:00,16.33,16.33,15.88,16.12,42510
2020-05-27 07:00:00,16.39,16.39,15.91,15.94,88690
2020-05-28 07:00:00,16.27,16.27,15.88,16.12,18290
2020-05-29 07:00:00,16.24,16.24,16.12,16.18,21260
2020-06-01 07:00:00,16.36,17.02,16.3,16.75,136070
2020-06-02 07:00:00,16.96,17.76,16.96,17.16,146890
2020-06-03 07:00:00,17.31,17.88,17.16,17.85,115670
2020-06-04 07:00:00,17.91,18.48,17.76,18.0,118380
2020-06-05 07:00:00,17.94,17.94,17.02,17.88,93910
2020-06-08 07:00:00,17.88,17.88,17.46,17.55,91910
2020-06-09 07:00:00,17.55,17.76,17.22,17.46,61940
2020-06-10 07:00:00,17.55,17.61,17.2,17.43,18730
2020-06-11 07:00:00,17.43,17.43,16.78,16.78,66480
2020-06-12 07:00:00,15.82,17.02,15.82,16.54,91180
2020-06-15 07:00:00,16.54,17.05,16.15,16.42,37190
2020-06-16 07:00:00,16.72,16.87,16.45,16.72,9080
2020-06-17 07:00:00,16.57,16.72,16.54,16.72,14260
2020-06-18 07:00:00,16.42,16.66,16.3,16.57,8020
2020-06-19 07:00:00,16.72,16.72,16.48,16.57,22250
2020-06-22 07:00:00,16.54,16.87,16.54,16.81,11850
2020-06-23 07:00:00,16.81,17.31,16.57,17.31,40610
2020-06-24 07:00:00,17.61,17.61,17.22,17.52,77240
2020-06-25 07:00:00,17.46,17.52,17.31,17.31,57070
2020-06-26 07:00:00,17.46,17.55,17.16,17.31,14340
2020-06-29 07:00:00,17.31,17.31,16.72,16.9,32220
2020-06-30 07:00:00,16.9,16.93,16.72,16.87,33170
2020-07-01 07:00:00,16.87,17.16,16.72,17.02,21590
2020-07-02 07:00:00,17.25,17.31,17.05,17.28,34000
2020-07-03 07:00:00,17.49,17.55,17.25,17.55,42440
2020-07-06 07:00:00,17.55,17.58,17.43,17.43,33890
2020-07-07 07:00:00,17.55,17.55,17.31,17.31,67780
2020-07-08 07:00:00,17.31,17.46,17.31,17.31,38020
2020-07-09 07:00:00,17.4,17.43,17.31,17.43,60090
2020-07-10 07:00:00,17.34,17.55,17.34,17.46,91490
2020-07-13 07:00:00,17.46,17.73,17.31,17.67,164500
2020-07-14 07:00:00,18.54,18.54,18.14,18.26,156750
2020-07-15 07:00:00,18.26,18.5,18.26,18.3,46760
2020-07-16 07:00:00,18.34,18.34,17.04,17.95,73390
2020-07-17 07:00:00,17.95,18.38,17.51,17.95,129400
2020-07-20 07:00:00,18.38,18.38,18.05,18.14,71490
2020-07-21 07:00:00,18.22,18.22,18.07,18.14,34800
2020-07-22 07:00:00,18.14,18.14,17.75,17.79,39780
2020-07-23 07:00:00,17.79,18.07,17.55,17.75,33970
2020-07-24 07:00:00,17.79,17.79,16.57,16.76,141700
2020-07-27 07:00:00,16.41,16.76,15.62,15.64,90560
2020-07-28 07:00:00,15.66,16.73,15.66,16.73,70740
2020-07-29 07:00:00,16.96,16.98,15.78,16.45,44340
2020-07-30 07:00:00,16.21,16.96,16.21,16.57,22290
2020-07-31 07:00:00,16.96,17.12,16.59,17.04,87940
2020-08-03 07:00:00,17.36,17.36,17.04,17.34,100200
2020-08-04 07:00:00,17.51,17.75,17.36,17.55,36450
2020-08-05 07:00:00,17.55,17.71,17.24,17.43,68860
2020-08-06 07:00:00,17.59,17.59,17.24,17.36,84320
2020-08-07 07:00:00,17.36,17.38,17.22,17.34,40730
2020-08-10 07:00:00,17.36,17.45,17.26,17.32,58970
2020-08-11 07:00:00,17.32,17.36,17.26,17.32,59010
2020-08-12 07:00:00,17.36,17.36,17.2,17.2,46360
2020-08-13 07:00:00,17.2,17.3,17.14,17.28,85540
2020-08-14 07:00:00,17.32,18.09,17.2,17.87,302650
2020-08-17 07:00:00,17.91,18.42,17.63,18.32,169720
2020-08-18 07:00:00,18.32,18.54,18.14,18.32,164510
2020-08-19 07:00:00,18.3,18.46,18.03,18.34,132670
2020-08-20 07:00:00,18.18,18.3,17.99,18.11,136740
2020-08-21 07:00:00,18.03,19.33,18.03,18.82,348630
2020-08-24 07:00:00,18.82,19.21,18.82,19.05,138140
2020-08-25 07:00:00,19.05,19.13,18.86,18.99,123700
2020-08-26 07:00:00,18.99,19.53,18.86,18.97,157570
2020-08-27 07:00:00,18.97,19.13,18.82,18.97,103080
2020-08-28 07:00:00,19.05,19.25,18.97,19.09,139640
2020-08-31 07:00:00,19.09,19.09,18.56,18.68,163960
2020-09-01 07:00:00,18.62,18.74,18.5,18.64,61730
2020-09-03 07:00:00,18.74,18.74,18.58,18.64,68050
2020-09-04 07:00:00,18.38,18.74,18.38,18.64,107870
2020-09-07 07:00:00,18.66,18.86,18.66,18.74,79630
2020-09-08 07:00:00,18.82,18.93,18.62,18.93,68090
2020-09-09 07:00:00,18.82,18.86,18.7,18.8,64340
2020-09-10 07:00:00,18.93,18.93,18.76,18.8,57230
2020-09-11 07:00:00,18.62,18.8,18.62,18.78,51800
2020-09-14 07:00:00,18.78,19.13,18.7,18.99,153170
2020-09-15 07:00:00,18.99,19.7,18.99,19.53,370180
2020-09-16 07:00:00,19.53,19.53,19.33,19.49,71240
2020-09-17 07:00:00,19.47,19.92,19.33,19.49,148280
2020-09-18 07:00:00,19.68,19.68,19.39,19.39,125260
2020-09-21 07:00:00,19.64,19.64,19.37,19.37,121580
2020-09-22 07:00:00,19.37,19.41,18.99,19.15,162980
2020-09-23 07:00:00,19.15,19.29,18.99,19.09,94880
2020-09-24 07:00:00,19.09,19.11,18.99,18.99,69100
2020-09-25 07:00:00,18.99,19.01,18.78,18.93,133200
2020-09-28 07:00:00,18.93,19.13,18.9,19.01,75170
2020-09-29 07:00:00,19.07,19.07,18.86,18.86,71530
2020-09-30 07:00:00,18.86,18.93,18.74,18.93,52360
2020-10-01 07:00:00,19.03,19.09,18.86,18.95,74270
2020-10-02 07:00:00,18.95,18.95,18.7,18.88,93350
2020-10-05 07:00:00,19.05,19.05,18.82,18.88,40910
2020-10-06 07:00:00,18.97,18.97,18.82,18.93,52400
2020-10-07 07:00:00,18.93,18.93,18.78,18.82,58530
2020-10-08 07:00:00,18.82,18.92,18.78,18.82,60040
2020-10-09 07:00:00,18.9,18.9,18.74,18.74,37910
2020-10-12 07:00:00,18.74,18.82,18.66,18.66,40340
2020-10-13 07:00:00,18.62,19.05,18.62,18.86,102620
2020-10-14 07:00:00,18.9,18.93,18.72,18.78,53940
2020-10-15 07:00:00,18.9,18.9,18.62,18.74,51270
2020-10-16 07:00:00,18.82,18.82,18.42,18.66,101730
2020-10-19 07:00:00,18.54,18.74,18.54,18.58,49190
2020-10-20 07:00:00,18.58,18.62,18.3,18.42,74960
2020-10-21 07:00:00,18.44,18.64,18.34,18.44,41250
2020-10-22 07:00:00,18.44,18.44,18.26,18.3,21380
2020-10-23 07:00:00,18.38,18.42,18.18,18.38,48410
2020-10-26 07:00:00,18.54,18.54,18.22,18.4,34610
2020-10-27 07:00:00,18.38,18.42,18.22,18.4,32450
2020-10-28 07:00:00,18.38,18.7,18.26,18.26,46570
2020-10-29 07:00:00,18.48,19.53,18.18,19.33,448010
2020-10-30 07:00:00,19.68,19.68,18.93,19.37,150910
2020-11-02 07:00:00,19.37,19.64,19.37,19.55,206300
2020-11-03 07:00:00,19.53,19.62,19.45,19.53,125160
2020-11-04 07:00:00,19.37,19.57,19.33,19.51,168200
2020-11-05 07:00:00,19.53,19.53,19.31,19.35,97830
2020-11-06 07:00:00,19.35,20.04,19.35,19.92,209690
2020-11-09 07:00:00,20.04,20.83,19.92,20.71,289100
2020-11-10 07:00:00,20.87,21.02,20.79,20.91,143050
2020-11-11 07:00:00,20.87,21.3,20.75,21.02,239340
2020-11-12 07:00:00,21.14,21.14,20.39,20.59,298410
2020-11-13 07:00:00,20.59,21.02,20.43,20.71,91520
2020-11-16 07:00:00,20.67,20.71,19.76,19.96,157440
2020-11-17 07:00:00,20.04,20.35,20.04,20.35,47130
2020-11-18 07:00:00,20.63,20.63,20.04,20.39,134080
2020-11-19 07:00:00,20.47,20.51,20.2,20.51,27100
2020-11-20 07:00:00,20.63,20.63,20.32,20.51,83920
2020-11-23 07:00:00,20.51,20.67,20.32,20.43,41310
2020-11-24 07:00:00,20.59,20.59,20.28,20.28,64510
2020-11-25 07:00:00,20.51,21.66,20.32,21.66,366280
2020-11-26 07:00:00,21.89,22.09,21.34,21.62,70380
2020-11-27 07:00:00,21.89,22.05,21.66,21.78,53000
2020-11-30 07:00:00,21.7,21.7,21.22,21.22,65300
2020-12-01 07:00:00,20.63,21.3,20.63,21.22,91130
2020-12-02 07:00:00,21.81,22.37,21.34,22.13,163500
2020-12-03 07:00:00,22.17,22.29,21.7,21.89,74800
2020-12-04 07:00:00,21.89,22.05,21.7,21.85,63650
2020-12-07 07:00:00,21.78,22.01,21.78,21.89,50100
2020-12-08 07:00:00,21.89,21.89,21.5,21.7,65120
2020-12-09 07:00:00,21.7,21.85,21.54,21.7,87110
2020-12-10 07:00:00,21.7,21.7,21.38,21.62,77940
2020-12-11 07:00:00,21.62,22.05,21.42,22.05,121050
2020-12-14 07:00:00,22.29,22.56,21.93,22.41,163870
2020-12-15 07:00:00,22.44,22.52,22.17,22.17,60810
2020-12-16 07:00:00,22.17,22.48,22.17,22.25,61810
2020-12-17 07:00:00,22.25,22.44,21.85,22.05,60580
2020-12-18 07:00:00,21.93,22.09,21.93,22.01,53820
2020-12-21 07:00:00,22.01,22.21,21.89,21.93,77590
2020-12-22 07:00:00,22.05,22.05,21.78,21.93,96370
2020-12-23 07:00:00,22.05,22.44,21.81,22.09,81010
2020-12-24 07:00:00,22.41,22.41,21.54,21.85,34370
2020-12-25 07:00:00,21.85,22.25,21.78,22.17,37680
2020-12-28 07:00:00,21.93,22.29,21.89,21.89,97110
2020-12-29 07:00:00,22.13,22.13,21.85,21.97,62860
2020-12-30 07:00:00,22.09,22.09,21.89,22.01,48610
2020-12-31 07:00:00,22.09,22.29,22.01,22.21,85560
2021-01-04 07:00:00,22.29,23.27,22.29,22.88,149500
2021-01-05 07:00:00,23.0,23.0,22.8,22.8,51900
2021-01-06 07:00:00,23.04,23.04,22.8,22.88,60000
2021-01-07 07:00:00,23.0,23.0,22.68,22.84,42500
2021-01-08 07:00:00,22.84,23.0,22.84,22.84,45800
2021-01-11 07:00:00,22.84,23.04,22.68,22.88,42800
2021-01-12 07:00:00,23.08,23.67,23.0,23.47,74300
2021-01-13 07:00:00,23.59,23.59,23.08,23.12,35800
2021-01-14 07:00:00,23.12,23.16,22.17,23.16,98800
2021-01-15 07:00:00,23.16,23.27,22.92,22.96,19700
2021-01-18 07:00:00,23.2,23.2,22.68,22.68,59400
2021-01-19 07:00:00,22.68,22.72,21.34,21.7,63900
2021-01-20 07:00:00,21.7,22.05,21.5,21.78,53800
2021-01-21 07:00:00,22.48,22.48,21.7,22.01,44400
2021-01-22 07:00:00,22.37,22.48,22.05,22.33,41200
2021-01-25 07:00:00,22.48,22.72,21.93,22.68,38300
2021-01-26 07:00:00,23.08,23.47,22.09,23.08,119000
2021-01-27 07:00:00,22.88,23.16,22.37,22.37,27600
2021-01-28 07:00:00,22.21,22.21,20.83,20.83,128900
2021-01-29 07:00:00,20.2,22.25,20.2,22.21,37000
2021-02-01 07:00:00,21.7,22.25,21.38,21.38,28800
2021-02-02 07:00:00,21.62,21.66,21.14,21.42,12100
2021-02-03 07:00:00,21.46,21.89,21.42,21.62,28800
2021-02-04 07:00:00,22.37,22.37,21.3,21.97,20000
2021-02-05 07:00:00,22.33,22.33,21.85,22.09,5400
2021-02-08 07:00:00,22.44,22.44,21.81,21.81,12200
2021-02-09 07:00:00,21.85,22.09,21.1,22.09,32000
2021-02-17 07:00:00,22.44,22.48,21.89,22.37,61400
2021-02-18 07:00:00,23.12,23.9,22.68,23.9,290000
2021-02-19 07:00:00,25.44,25.56,24.85,25.21,140900
2021-02-22 07:00:00,25.21,25.21,24.77,24.85,97200
2021-02-23 07:00:00,24.85,24.85,24.06,24.34,94700
2021-02-24 07:00:00,24.34,24.65,24.1,24.22,87600
2021-02-25 07:00:00,24.22,24.97,24.22,24.85,96300
2021-02-26 07:00:00,24.77,25.64,24.18,25.09,64400
2021-03-01 07:00:00,25.25,25.25,24.97,25.17,68900
2021-03-02 07:00:00,25.25,25.32,24.65,24.65,81100
2021-03-03 07:00:00,24.85,25.17,24.69,25.05,76700
2021-03-04 07:00:00,25.32,25.32,24.85,24.85,50000
2021-03-05 07:00:00,24.65,25.32,24.65,25.13,75200
2021-03-08 07:00:00,25.8,26.43,25.17,26.04,129300
2021-03-09 07:00:00,26.04,26.43,25.68,25.84,39800
2021-03-10 07:00:00,25.88,26.43,25.64,26.43,67400
2021-03-11 07:00:00,26.51,27.61,26.43,27.61,69800
2021-03-12 07:00:00,27.61,27.61,26.82,27.42,64700
2021-03-15 07:00:00,27.53,29.11,27.53,29.07,201200
2021-03-16 07:00:00,29.07,29.07,28.05,28.44,44300
2021-03-17 07:00:00,28.6,28.64,28.05,28.6,114700
2021-03-18 07:00:00,28.76,28.8,28.4,28.6,54800
2021-03-19 07:00:00,28.6,28.8,28.09,28.8,41400
2021-03-22 07:00:00,28.99,29.03,28.68,28.72,84200
2021-03-23 07:00:00,28.72,28.88,28.64,28.68,88800
2021-03-24 07:00:00,28.68,28.72,28.56,28.64,50500
2021-03-25 07:00:00,28.72,28.8,28.64,28.68,62800
2021-03-26 07:00:00,28.76,28.99,28.64,28.95,58100
2021-03-29 07:00:00,29.98,29.98,29.19,29.23,62500
2021-03-30 07:00:00,29.31,29.58,29.07,29.07,10000
2021-03-31 07:00:00,28.56,29.11,28.56,28.99,40400
2021-04-01 07:00:00,28.99,29.07,28.8,28.99,42800
2021-04-02 07:00:00,28.99,28.99,28.01,28.48,1045900
2021-04-05 07:00:00,28.6,29.27,28.48,29.19,29800
2021-04-06 07:00:00,29.23,29.23,28.6,28.8,30800
2021-04-07 07:00:00,29.11,29.11,28.52,28.8,58100
2021-04-08 07:00:00,29.15,29.15,28.52,28.64,52900
2021-04-09 07:00:00,28.64,28.88,28.64,28.64,107500
2021-04-12 07:00:00,28.76,29.39,28.36,28.68,112500
2021-04-13 07:00:00,28.68,28.68,28.36,28.4,41800
2021-04-14 07:00:00,28.56,28.56,28.36,28.4,38100
2021-04-15 07:00:00,28.6,28.6,28.36,28.4,20500
2021-04-16 07:00:00,28.4,28.52,27.61,28.01,32000
2021-04-19 07:00:00,28.36,28.8,28.09,28.4,19700
2021-04-20 07:00:00,27.61,28.6,27.61,28.6,86700
2021-04-22 07:00:00,28.4,28.6,27.65,28.01,85700
2021-04-23 07:00:00,28.01,28.4,28.01,28.05,58000
2021-04-26 07:00:00,28.05,28.4,28.01,28.12,27100
2021-04-27 07:00:00,28.4,28.68,28.2,28.4,245800
2021-04-28 07:00:00,28.8,28.8,28.4,28.6,75100
2021-04-29 07:00:00,28.76,28.76,28.4,28.64,65400
2021-05-04 07:00:00,27.61,28.64,27.61,28.6,103100
2021-05-05 07:00:00,28.76,28.76,28.44,28.6,57300
2021-05-06 07:00:00,28.6,28.64,28.6,28.64,62100
2021-05-07 07:00:00,28.44,28.6,28.44,28.6,17400
2021-05-10 07:00:00,28.6,28.64,28.6,28.64,38000
2021-05-11 07:00:00,28.68,28.68,28.6,28.6,37500
2021-05-12 07:00:00,28.64,28.99,28.64,28.8,32900
2021-05-13 07:00:00,28.4,28.99,28.4,28.8,23300
2021-05-14 07:00:00,28.8,28.8,28.44,28.72,17500
2021-05-17 07:00:00,28.72,28.8,28.6,28.68,12800
2021-05-18 07:00:00,28.76,28.76,28.01,28.01,59100
2021-05-19 07:00:00,28.6,28.64,28.01,28.4,41700
2021-05-20 07:00:00,28.2,28.4,28.05,28.05,61600
2021-05-21 07:00:00,28.6,28.64,28.4,28.6,71100
2021-05-24 07:00:00,28.6,28.64,28.48,28.6,37000
2021-05-25 07:00:00,28.6,28.76,28.6,28.6,64000
2021-05-26 07:00:00,28.6,28.68,28.56,28.64,46900
2021-05-27 07:00:00,28.64,28.72,28.44,28.6,43300
2021-05-28 07:00:00,28.44,28.68,28.4,28.68,28600
2021-05-31 07:00:00,28.68,28.76,28.68,28.68,21700
2021-06-01 07:00:00,28.6,28.68,28.6,28.68,30300
2021-06-02 07:00:00,28.56,28.91,28.56,28.91,31400
2021-06-03 07:00:00,28.95,29.07,28.72,28.99,45800
2021-06-04 07:00:00,28.99,30.18,28.99,29.78,5500
2021-06-07 07:00:00,29.9,30.22,29.78,29.78,17200
2021-06-08 07:00:00,30.18,30.18,29.78,29.78,23900
2021-06-09 07:00:00,29.31,29.98,29.31,29.98,25300
2021-06-10 07:00:00,29.94,29.94,28.99,28.99,48600
2021-06-11 07:00:00,29.19,29.98,29.19,29.98,34200
2021-06-14 07:00:00,30.02,30.02,29.98,29.98,19700
2021-06-15 07:00:00,30.02,30.3,29.98,30.3,42500
2021-06-16 07:00:00,30.57,32.15,30.57,31.56,31800
2021-06-17 07:00:00,31.95,32.35,31.56,32.03,20700
2021-06-18 07:00:00,32.03,32.03,31.36,31.64,18700
2021-06-21 07:00:00,30.49,31.56,30.49,31.56,32600
2021-06-22 07:00:00,31.16,31.6,30.77,31.56,33700
2021-06-23 07:00:00,32.56,32.56,31.36,31.76,43500
2021-06-24 07:00:00,32.12,32.36,31.76,32.36,32900
2021-06-25 07:00:00,31.36,32.36,31.36,32.36,7600
2021-06-28 07:00:00,31.76,31.96,31.36,31.96,8700
2021-06-29 07:00:00,32.0,32.0,31.36,31.92,3000
2021-06-30 07:00:00,32.12,32.12,31.36,32.08,14100
2021-07-01 07:00:00,32.08,32.08,31.96,31.96,5100
2021-07-02 07:00:00,31.36,31.36,29.75,30.75,9400
2021-07-05 07:00:00,30.75,30.75,29.14,29.14,40900
2021-07-06 07:00:00,28.94,30.75,28.94,30.15,13100
2021-07-07 07:00:00,30.11,30.15,30.07,30.07,13400
2021-07-08 07:00:00,30.07,30.11,30.07,30.07,8700
2021-07-09 07:00:00,30.47,30.47,30.07,30.07,8300
2021-07-12 07:00:00,30.07,30.07,28.22,28.22,12500
2021-07-13 07:00:00,29.35,29.35,28.26,28.3,6600
2021-07-14 07:00:00,28.3,29.35,28.3,29.35,1600
2021-07-15 07:00:00,29.31,29.35,29.27,29.35,2800
2021-07-16 07:00:00,30.55,30.55,28.94,29.1,5300
2021-07-19 07:00:00,30.15,30.15,29.55,29.55,7700
2021-07-20 07:00:00,28.74,29.31,28.14,29.31,3800
2021-07-21 07:00:00,29.31,29.31,29.31,29.31,2700
2021-07-22 07:00:00,29.19,29.19,28.34,28.78,8100
2021-07-23 07:00:00,28.54,29.1,28.54,28.58,1700
2021-07-26 07:00:00,28.58,29.1,28.54,29.1,1300
2021-07-27 07:00:00,29.1,29.1,28.94,28.94,1500
2021-07-28 07:00:00,28.94,28.94,28.94,28.94,2300
2021-07-29 07:00:00,28.94,28.94,28.54,28.94,7700
2021-07-30 07:00:00,29.1,29.14,28.74,29.14,7300
2021-08-02 07:00:00,29.06,29.06,28.54,28.54,8000
2021-08-03 07:00:00,28.54,28.58,28.54,28.58,10700
2021-08-04 07:00:00,28.58,28.94,28.54,28.82,4500
2021-08-05 07:00:00,28.54,28.62,28.54,28.58,11500
2021-08-06 07:00:00,28.58,28.94,28.5,28.5,7400
2021-08-09 07:00:00,28.5,28.74,28.46,28.7,5700
2021-08-10 07:00:00,28.7,28.7,28.14,28.34,15200
2021-08-11 07:00:00,28.34,28.54,28.34,28.34,4100
2021-08-12 07:00:00,28.54,28.7,28.02,28.02,14800
2021-08-13 07:00:00,28.18,28.34,27.38,27.62,13100
2021-08-16 07:00:00,28.14,28.7,27.78,27.82,20900
2021-08-17 07:00:00,28.94,28.94,27.86,27.94,18800
2021-08-18 07:00:00,28.34,28.5,28.14,28.38,4000
2021-08-19 07:00:00,28.54,28.94,28.38,28.38,21000
2021-08-20 07:00:00,28.38,28.54,27.62,27.78,23300
2021-08-23 07:00:00,29.1,29.1,27.78,27.78,11200
2021-08-24 07:00:00,27.78,28.5,27.38,27.38,16600
2021-08-25 07:00:00,27.74,28.14,27.38,27.42,12200
2021-08-26 07:00:00,27.42,27.66,27.42,27.58,6700
2021-08-27 07:00:00,28.02,29.47,27.58,29.47,97700
2021-08-30 07:00:00,31.44,31.44,29.83,30.95,68800
2021-08-31 07:00:00,31.32,31.32,29.75,29.79,29800
2021-09-01 07:00:00,29.35,29.75,29.14,29.19,28200
2021-09-06 07:00:00,29.14,29.14,27.98,28.22,57700
2021-09-07 07:00:00,28.58,28.94,27.94,28.46,32400
2021-09-08 07:00:00,28.7,28.7,28.38,28.38,6800
2021-09-09 07:00:00,28.34,28.74,28.34,28.74,20900
2021-09-10 07:00:00,28.74,28.74,28.38,28.42,18400
2021-09-13 07:00:00,28.34,28.54,28.14,28.34,18700
2021-09-14 07:00:00,27.86,28.5,27.86,28.22,13000
2021-09-15 07:00:00,28.22,28.74,28.22,28.46,25300
2021-09-16 07:00:00,28.74,28.94,28.46,28.78,17500
2021-09-17 07:00:00,28.82,29.02,28.82,29.02,12500
2021-09-20 07:00:00,29.06,29.75,28.94,28.94,18800
2021-09-21 07:00:00,28.78,29.02,28.78,28.98,12900
2021-09-22 07:00:00,29.02,29.35,29.02,29.06,8400
2021-09-23 07:00:00,29.06,29.35,29.02,29.06,11400
2021-09-24 07:00:00,28.98,29.1,28.98,29.1,4800
2021-09-27 07:00:00,29.1,29.75,29.1,29.35,25600
2021-09-28 07:00:00,29.35,29.35,29.35,29.35,13100
2021-09-29 07:00:00,29.35,29.71,29.31,29.31,9000
2021-09-30 07:00:00,29.35,29.35,29.27,29.35,15600
2021-10-01 07:00:00,29.23,29.55,29.23,29.35,3700
2021-10-04 07:00:00,29.27,29.35,29.14,29.35,10200
2021-10-05 07:00:00,29.35,29.35,29.14,29.19,24900
2021-10-06 07:00:00,29.35,29.75,29.23,29.55,16300
2021-10-07 07:00:00,29.43,29.55,29.43,29.55,8900
2021-10-08 07:00:00,29.55,29.75,29.43,29.75,12300
2021-10-11 07:00:00,29.67,29.75,29.67,29.75,5300
2021-10-12 07:00:00,29.71,29.75,29.14,29.75,36200
2021-10-13 07:00:00,29.75,29.75,29.35,29.75,25400
2021-10-14 07:00:00,29.19,29.75,29.19,29.19,19500
2021-10-15 07:00:00,30.03,30.03,29.27,29.43,12200
2021-10-18 07:00:00,29.55,30.11,29.55,30.11,30300
2021-10-19 07:00:00,29.87,30.27,29.87,30.15,24000
2021-10-20 07:00:00,30.11,30.15,29.87,29.99,8500
2021-10-21 07:00:00,29.99,29.99,29.83,29.99,10100
2021-10-22 07:00:00,29.83,29.83,29.71,29.71,4600
2021-10-25 07:00:00,29.43,29.47,29.43,29.47,2700
2021-10-26 07:00:00,29.39,29.47,29.35,29.47,4100
2021-10-27 07:00:00,29.27,29.75,29.27,29.55,4300
2021-10-28 07:00:00,29.55,29.95,29.39,29.43,2000
2021-10-29 07:00:00,29.51,29.71,29.51,29.67,4300
2021-11-01 07:00:00,29.67,30.15,29.67,29.75,6500
2021-11-02 07:00:00,30.11,30.51,29.99,30.51,31000
2021-11-03 07:00:00,30.51,30.51,30.15,30.15,6700
2021-11-04 07:00:00,30.15,30.15,29.95,30.15,29700
2021-11-05 07:00:00,30.15,30.35,30.15,30.31,17900
2021-11-08 07:00:00,30.35,30.39,29.99,30.27,32700
2021-11-09 07:00:00,30.19,30.27,29.99,30.27,13900
2021-11-10 07:00:00,30.31,30.31,30.23,30.27,6100
2021-11-11 07:00:00,30.31,30.31,30.19,30.27,8100
2021-11-12 07:00:00,30.19,30.27,29.75,29.75,10500
2021-11-15 07:00:00,29.75,29.75,29.59,29.67,10200
2021-11-16 07:00:00,29.75,30.15,29.75,30.15,5400
2021-11-17 07:00:00,30.35,30.35,29.95,30.15,6100
2021-11-18 07:00:00,29.67,30.11,29.67,30.11,5100
2021-11-19 07:00:00,29.59,30.11,29.59,30.11,300
2021-11-22 07:00:00,29.59,30.11,29.55,29.75,2300
2021-11-23 07:00:00,29.14,29.75,28.14,29.19,4000
2021-11-24 07:00:00,29.83,29.87,29.59,29.75,17600
2021-11-25 07:00:00,29.79,30.07,29.79,29.83,31900
2021-11-26 07:00:00,29.95,29.95,29.14,29.14,21800
2021-11-29 07:00:00,29.19,29.35,29.19,29.35,500
2021-11-30 07:00:00,30.23,30.23,29.39,29.39,1600
2021-12-01 07:00:00,29.71,29.75,29.19,29.19,27000
2021-12-02 07:00:00,29.63,30.35,29.63,29.79,8900
2021-12-03 07:00:00,30.15,30.39,30.15,30.19,37000
2021-12-06 07:00:00,30.19,30.75,30.15,30.59,26000
2021-12-07 07:00:00,31.12,31.12,30.63,30.95,5300
2021-12-08 07:00:00,30.91,30.95,30.63,30.95,3300
2021-12-09 07:00:00,30.95,30.95,30.63,30.63,10400
2021-12-10 07:00:00,30.67,30.75,30.63,30.75,11700
2021-12-13 07:00:00,29.99,31.48,29.99,31.16,13500
2021-12-14 07:00:00,31.16,31.16,30.75,31.16,1400
2021-12-15 07:00:00,31.36,31.48,31.2,31.2,4600
2021-12-16 07:00:00,31.24,31.32,31.2,31.2,1600
2021-12-17 07:00:00,31.2,31.24,30.43,31.24,2500
2021-12-20 07:00:00,30.59,30.59,30.15,30.23,12400
2021-12-21 07:00:00,31.36,31.36,30.35,30.43,1600
2021-12-22 07:00:00,30.43,31.36,30.43,30.95,9100
2021-12-23 07:00:00,31.32,31.32,30.59,31.16,3900
2021-12-24 07:00:00,30.51,30.59,30.51,30.59,600
2021-12-27 07:00:00,30.75,30.75,30.59,30.63,5400
2021-12-28 07:00:00,30.55,30.55,30.55,30.55,6400
2021-12-29 07:00:00,30.55,30.95,30.55,30.59,6200
2021-12-30 07:00:00,31.32,31.32,30.55,30.95,1800
2021-12-31 07:00:00,30.91,31.28,30.91,31.28,10300
2022-01-04 07:00:00,31.2,31.2,30.59,30.59,700
2022-01-05 07:00:00,30.59,30.83,30.59,30.67,6400
2022-01-06 07:00:00,30.67,30.67,30.67,30.67,2600
2022-01-07 07:00:00,30.55,30.63,30.55,30.59,7200
2022-01-10 07:00:00,30.63,30.71,30.63,30.63,5700
2022-01-11 07:00:00,30.63,30.91,30.63,30.91,8400
2022-01-12 07:00:00,30.91,30.91,30.55,30.55,34000
2022-01-13 07:00:00,31.36,31.36,30.59,30.67,13300
2022-01-14 07:00:00,30.63,30.79,30.63,30.79,2500
2022-01-17 07:00:00,30.83,30.83,30.63,30.67,2900
2022-01-18 07:00:00,30.79,31.0,30.79,30.95,20600
2022-01-19 07:00:00,31.16,31.16,30.79,30.79,2400
2022-01-21 07:00:00,30.95,30.95,30.95,30.95,4000
2022-01-24 07:00:00,30.75,30.95,30.75,30.75,14700
2022-01-25 07:00:00,30.95,30.95,30.95,30.95,5500
2022-01-26 07:00:00,30.95,30.95,30.83,30.83,1100
2022-01-27 07:00:00,30.83,31.12,30.83,31.12,400
2022-01-28 07:00:00,30.79,31.36,30.75,30.95,8600
2022-02-07 07:00:00,31.36,32.08,30.95,32.08,8400
2022-02-08 07:00:00,31.36,32.12,31.16,31.6,5700
2022-02-09 07:00:00,31.6,32.92,31.2,32.92,61800
2022-02-10 07:00:00,31.36,34.73,31.36,34.73,87600
2022-02-11 07:00:00,34.69,34.73,32.32,32.32,14300
2022-02-14 07:00:00,33.73,33.73,31.8,31.8,1500
2022-02-15 07:00:00,34.01,34.01,31.76,33.73,41900
2022-02-16 07:00:00,33.65,33.65,32.96,32.96,900
2022-02-17 07:00:00,31.76,32.36,31.76,32.32,5300
2022-02-18 07:00:00,32.96,32.96,32.0,32.96,300
2022-02-21 07:00:00,32.96,32.96,31.84,31.92,19300
2022-02-22 07:00:00,32.56,32.56,31.96,31.96,6300
2022-02-23 07:00:00,31.96,32.36,31.96,32.12,4500
2022-02-24 07:00:00,32.12,32.52,31.96,31.96,1000
2022-02-25 07:00:00,30.67,32.56,30.67,32.08,1000
2022-02-28 07:00:00,31.36,32.16,31.36,31.56,7500
2022-03-01 07:00:00,31.76,32.96,31.48,32.76,6100
2022-03-02 07:00:00,31.32,32.64,31.32,31.68,800
2022-03-03 07:00:00,31.68,31.68,31.68,31.68,600
2022-03-04 07:00:00,32.16,32.16,31.48,31.56,4000
2022-03-07 07:00:00,31.48,31.48,31.48,31.48,600
2022-03-08 07:00:00,31.48,32.04,31.48,31.48,6800
2022-03-09 07:00:00,31.24,31.24,29.75,31.08,12400
2022-03-10 07:00:00,31.36,31.36,31.16,31.16,7200
2022-03-11 07:00:00,31.0,31.0,30.35,30.55,25200
2022-03-14 07:00:00,30.31,30.31,29.75,30.15,9400
2022-03-15 07:00:00,30.15,30.91,30.15,30.15,1400
2022-03-16 07:00:00,30.15,30.15,30.15,30.15,8400
2022-03-17 07:00:00,30.07,30.11,30.07,30.11,1700
2022-03-18 07:00:00,29.35,30.15,29.35,30.11,900
2022-03-21 07:00:00,30.11,30.55,30.11,30.15,2300
2022-03-22 07:00:00,30.15,30.15,29.95,30.11,6800
2022-03-23 07:00:00,30.55,30.55,29.79,29.87,5100
2022-03-24 07:00:00,30.07,30.11,30.07,30.11,500
2022-03-25 07:00:00,30.11,30.11,29.99,29.99,2800
2022-03-28 07:00:00,29.99,30.07,29.99,29.99,2400
2022-03-29 07:00:00,30.15,30.35,30.11,30.11,8000
2022-03-30 07:00:00,30.15,30.27,30.15,30.15,12000
2022-03-31 07:00:00,30.19,30.19,30.15,30.15,10100
2022-04-01 07:00:00,30.19,30.19,30.19,30.19,1500
2022-04-04 07:00:00,30.19,30.43,30.15,30.43,11000
2022-04-05 07:00:00,30.43,30.59,30.19,30.35,10400
2022-04-06 07:00:00,30.23,30.83,30.23,30.79,700
2022-04-07 07:00:00,30.79,30.79,30.15,30.15,9300
2022-04-08 07:00:00,30.15,30.15,29.83,30.07,1200
2022-04-12 07:00:00,29.75,29.79,29.75,29.75,12600
2022-04-13 07:00:00,29.79,29.95,29.75,29.95,5600
2022-04-14 07:00:00,29.95,29.95,29.91,29.91,400
2022-04-15 07:00:00,29.55,29.87,29.55,29.87,4300
2022-04-18 07:00:00,29.87,29.87,29.75,29.75,4700
2022-04-19 07:00:00,29.75,29.75,29.55,29.55,13100
2022-04-20 07:00:00,29.87,30.75,29.55,29.55,14700
2022-04-21 07:00:00,29.51,29.51,29.35,29.43,9700
2022-04-22 07:00:00,29.43,30.11,29.39,30.11,6100
2022-04-25 07:00:00,30.11,30.11,29.43,30.07,3800
2022-04-26 07:00:00,29.23,29.99,29.23,29.99,700
2022-04-27 07:00:00,29.19,29.95,29.14,29.95,600
2022-04-28 07:00:00,29.27,29.75,29.23,29.75,500
2022-04-29 07:00:00,29.71,29.71,29.35,29.71,700
2022-05-04 07:00:00,29.71,29.71,27.66,28.94,50700
2022-05-05 07:00:00,28.82,28.82,28.34,28.34,5100
2022-05-06 07:00:00,26.61,28.94,26.61,28.78,1700
2022-05-09 07:00:00,28.14,28.14,27.58,27.58,9700
2022-05-10 07:00:00,27.62,27.62,26.53,26.93,23600
2022-05-11 07:00:00,27.38,27.42,26.93,26.93,1900
2022-05-12 07:00:00,27.02,27.02,26.73,26.77,9300
2022-05-13 07:00:00,26.73,26.93,25.0,25.04,19800
2022-05-16 07:00:00,25.08,25.08,25.04,25.04,4400
2022-05-17 07:00:00,25.04,26.53,23.76,26.53,2100
2022-05-18 07:00:00,26.13,26.37,26.13,26.33,5100
2022-05-19 07:00:00,26.33,26.77,25.81,26.69,2100
2022-05-20 07:00:00,26.69,26.69,26.69,26.69,100
2022-05-23 07:00:00,26.61,26.69,26.57,26.57,2300
2022-05-24 07:00:00,27.02,27.06,27.02,27.02,1000
2022-05-25 07:00:00,27.55,27.55,27.18,27.55,1900
2022-05-26 07:00:00,27.55,27.55,27.55,27.55,1000
2022-05-27 07:00:00,27.55,28.7,27.55,28.66,400
2022-05-30 07:00:00,28.37,28.37,27.55,27.55,1000
2022-05-31 07:00:00,27.55,27.92,27.55,27.92,300
2022-06-01 07:00:00,28.33,28.33,27.22,27.22,600
2022-06-02 07:00:00,27.22,28.66,27.22,27.22,1200
2022-06-03 07:00:00,27.14,27.14,27.14,27.14,100
2022-06-06 07:00:00,26.81,27.14,26.69,26.73,6900
2022-06-07 07:00:00,26.56,26.73,26.32,26.73,400
2022-06-08 07:00:00,27.76,27.76,26.32,27.76,300
2022-06-09 07:00:00,26.73,27.02,26.23,27.02,4500
2022-06-10 07:00:00,27.02,27.02,26.19,26.19,2000
2022-06-13 07:00:00,26.73,28.0,24.71,25.25,2200
2022-06-14 07:00:00,24.71,26.97,24.67,26.97,5800
2022-06-15 07:00:00,28.33,28.37,25.12,27.55,1100
2022-06-16 07:00:00,25.7,28.33,25.66,27.1,1800
2022-06-17 07:00:00,26.85,26.89,25.21,25.45,1900
2022-06-20 07:00:00,25.86,26.69,25.45,26.28,1400
2022-06-21 07:00:00,25.33,26.28,25.29,25.33,2700
2022-06-22 07:00:00,25.33,25.82,25.08,25.49,3500
2022-06-23 07:00:00,24.88,25.66,24.88,24.88,2400
2022-06-24 07:00:00,24.88,24.88,24.26,24.26,5500
2022-06-27 07:00:00,24.26,24.3,24.1,24.18,11300
2022-06-28 07:00:00,24.59,24.63,24.55,24.63,3900
2022-06-29 07:00:00,24.67,24.67,24.63,24.63,300
2022-06-30 07:00:00,25.0,25.0,23.85,24.46,9400
2022-07-01 07:00:00,23.52,24.88,23.44,24.42,8600
2022-07-04 07:00:00,24.42,24.84,24.26,24.26,1200
2022-07-05 07:00:00,23.89,24.26,23.85,24.26,2100
2022-07-06 07:00:00,24.67,24.67,24.26,24.3,6600
2022-07-07 07:00:00,24.26,24.3,24.26,24.26,1300
2022-07-08 07:00:00,24.26,24.3,24.26,24.3,5700
2022-07-11 07:00:00,24.26,24.46,24.26,24.46,1400
2022-07-12 07:00:00,24.46,24.67,24.46,24.67,1100
2022-07-13 07:00:00,24.67,24.88,24.67,24.88,3200
2022-07-14 07:00:00,24.71,25.49,24.71,25.49,18600
2022-07-15 07:00:00,26.73,26.73,26.64,26.64,1800
2022-07-18 07:00:00,25.53,27.14,25.53,27.14,2200
2022-07-19 07:00:00,27.14,27.14,27.14,27.14,200
2022-07-20 07:00:00,25.62,26.93,25.62,25.66,2100
2022-07-21 07:00:00,26.07,26.07,25.9,25.9,2100
2022-07-22 07:00:00,27.1,27.1,27.1,27.1,200
2022-07-25 07:00:00,26.11,26.11,26.11,26.11,200
2022-07-26 07:00:00,26.73,27.92,26.73,27.92,6700
2022-07-27 07:00:00,27.55,27.55,26.11,26.11,1100
2022-07-28 07:00:00,26.52,27.34,26.52,27.34,3400
2022-08-01 07:00:00,27.34,27.34,27.34,27.34,100
2022-08-02 07:00:00,25.9,26.32,25.9,26.32,1200
2022-08-03 07:00:00,26.32,26.64,26.32,26.64,900
2022-08-04 07:00:00,26.32,26.32,26.32,26.32,100
2022-08-08 07:00:00,25.16,25.16,25.12,25.12,300
2022-08-09 07:00:00,25.29,25.29,25.21,25.29,3000
2022-08-10 07:00:00,25.41,25.49,25.41,25.49,4500
2022-08-11 07:00:00,25.49,25.53,25.49,25.53,9100
2022-08-12 07:00:00,25.49,25.53,25.49,25.53,1500
2022-08-16 07:00:00,25.58,25.58,25.53,25.53,400
2022-08-17 07:00:00,25.58,26.07,25.53,26.07,5000
2022-08-18 07:00:00,25.86,25.86,25.82,25.82,1200
2022-08-22 07:00:00,27.06,27.06,25.82,26.69,1700
2022-08-23 07:00:00,25.21,26.44,25.21,26.44,4900
2022-08-24 07:00:00,26.4,26.4,26.32,26.32,500
2022-08-25 07:00:00,25.74,25.78,25.7,25.7,5100
2022-08-26 07:00:00,25.78,26.28,25.78,26.28,2400
2022-08-29 07:00:00,25.49,25.66,25.49,25.66,1900
2022-08-30 07:00:00,25.66,25.66,25.66,25.66,1000
2022-08-31 07:00:00,25.82,25.86,25.58,25.86,1400
2022-09-05 07:00:00,25.86,25.86,25.08,25.12,5600
2022-09-06 07:00:00,25.86,25.86,25.29,25.29,300
2022-09-07 07:00:00,25.86,25.86,25.29,25.29,700
2022-09-08 07:00:00,25.29,25.45,25.29,25.41,1300
2022-09-09 07:00:00,25.86,25.86,25.45,25.45,800
2022-09-12 07:00:00,25.49,25.86,25.49,25.86,4200
2022-09-13 07:00:00,25.9,26.11,25.9,26.11,11000
2022-09-14 07:00:00,26.28,26.32,25.9,25.9,300
2022-09-15 07:00:00,25.9,25.95,25.7,25.7,4900
2022-09-16 07:00:00,25.74,26.11,25.74,26.11,300
2022-09-19 07:00:00,26.11,26.11,25.08,25.08,3600
2022-09-20 07:00:00,25.49,25.95,25.49,25.9,3200
2022-09-21 07:00:00,25.9,25.9,25.7,25.7,1400
2022-09-22 07:00:00,25.49,25.49,25.29,25.49,3100
2022-09-23 07:00:00,25.49,25.49,25.45,25.45,2800
2022-09-26 07:00:00,25.45,25.49,25.29,25.29,5700
2022-09-27 07:00:00,25.29,25.33,25.29,25.29,10300
2022-09-28 07:00:00,25.29,26.19,25.29,26.19,19900
2022-09-29 07:00:00,25.95,25.99,25.49,25.49,400
2022-09-30 07:00:00,25.29,25.53,25.29,25.49,15100
2022-10-03 07:00:00,25.04,25.49,25.04,25.49,9000
2022-10-04 07:00:00,25.49,25.49,25.49,25.49,7500
2022-10-05 07:00:00,25.45,25.49,25.41,25.49,3800
2022-10-06 07:00:00,25.08,25.08,25.08,25.08,100
2022-10-10 07:00:00,25.49,25.49,24.88,24.88,400
2022-10-11 07:00:00,24.84,24.84,24.84,24.84,200
2022-10-12 07:00:00,24.79,24.84,24.46,24.67,900
2022-10-13 07:00:00,24.26,25.08,24.05,24.05,10000
2022-10-14 07:00:00,23.85,23.93,23.64,23.64,10200
2022-10-17 07:00:00,23.44,23.48,23.03,23.48,4700
2022-10-18 07:00:00,23.64,24.05,23.52,23.52,5100
2022-10-19 07:00:00,23.23,23.64,23.23,23.64,9200
2022-10-20 07:00:00,23.64,23.64,23.64,23.64,1800
2022-10-21 07:00:00,23.15,23.64,23.15,23.64,1900
2022-10-24 07:00:00,23.31,23.44,22.82,23.44,5500
2022-10-25 07:00:00,22.41,23.44,22.0,23.03,3800
2022-10-26 07:00:00,23.03,23.11,23.03,23.03,9300
2022-10-27 07:00:00,23.03,23.03,21.96,22.78,4400
2022-10-28 07:00:00,22.78,22.78,22.7,22.78,600
2022-10-31 07:00:00,22.78,22.78,21.88,21.88,3000
2022-11-01 07:00:00,21.79,21.79,21.79,21.79,5200
2022-11-02 07:00:00,21.79,22.24,21.79,22.24,3400
2022-11-03 07:00:00,22.08,22.2,21.79,22.2,6700
2022-11-04 07:00:00,21.38,21.38,21.18,21.18,9500
2022-11-07 07:00:00,21.38,21.38,20.97,20.97,1500
2022-11-08 07:00:00,20.15,20.56,20.15,20.15,3000
2022-11-09 07:00:00,20.15,20.15,20.15,20.15,9100
2022-11-10 07:00:00,19.74,20.15,19.12,19.12,6100
2022-11-11 07:00:00,18.5,19.94,18.5,19.33,8600
2022-11-14 07:00:00,18.13,19.37,18.13,19.0,7700
2022-11-15 07:00:00,19.3,19.7,19.12,19.12,13100
2022-11-16 07:00:00,17.89,19.94,17.89,19.94,10800
2022-11-17 07:00:00,19.94,21.3,19.94,21.3,26400
2022-11-18 07:00:00,22.04,22.04,21.01,21.79,2600
2022-11-21 07:00:00,21.79,22.41,21.59,21.63,14000
2022-11-22 07:00:00,20.97,20.97,20.76,20.76,2000
2022-11-23 07:00:00,20.56,21.79,20.56,21.79,2100
2022-11-24 07:00:00,22.2,22.2,21.18,22.08,700
2022-11-25 07:00:00,21.79,21.79,21.79,21.79,1500
2022-11-28 07:00:00,21.79,22.82,21.79,22.82,15500
2022-11-29 07:00:00,21.79,23.44,21.79,23.44,8200
2022-11-30 07:00:00,23.4,24.46,23.36,24.46,9300
2022-12-01 07:00:00,25.04,25.04,23.44,24.67,1800
2022-12-02 07:00:00,24.26,25.7,23.07,25.7,13200
2022-12-05 07:00:00,25.7,26.52,25.7,26.52,4100
2022-12-06 07:00:00,26.32,28.17,24.67,26.56,50100
2022-12-07 07:00:00,26.48,26.48,25.08,26.48,300
2022-12-08 07:00:00,25.62,26.48,25.62,26.48,900
2022-12-09 07:00:00,25.08,26.11,25.08,26.11,1400
2022-12-12 07:00:00,24.67,25.7,24.67,25.7,600
2022-12-13 07:00:00,25.82,25.82,25.82,25.82,100
2022-12-14 07:00:00,24.67,25.7,24.67,25.7,2300
2022-12-15 07:00:00,25.66,25.74,25.49,25.74,5500
2022-12-16 07:00:00,24.67,25.7,24.67,25.66,300
2022-12-19 07:00:00,25.37,25.37,25.37,25.37,200
2022-12-20 07:00:00,24.67,26.11,24.46,25.9,6400
2022-12-21 07:00:00,25.7,25.7,25.66,25.66,500
2022-12-22 07:00:00,24.67,24.67,24.67,24.67,1400
2022-12-23 07:00:00,23.19,24.67,23.11,24.26,5700
2022-12-27 07:00:00,24.63,24.63,24.63,24.63,100
2022-12-29 07:00:00,23.64,24.67,23.64,24.67,2100
2022-12-30 07:00:00,24.67,25.9,24.67,24.75,4100
2023-01-04 07:00:00,23.64,24.75,23.44,24.75,15700
2023-01-05 07:00:00,23.44,24.71,23.44,23.44,10300
2023-01-06 07:00:00,24.46,24.46,23.44,23.44,11500
2023-01-09 07:00:00,23.44,23.44,23.19,23.19,4700
2023-01-10 07:00:00,23.19,23.19,23.19,23.19,400
2023-01-11 07:00:00,23.31,23.31,22.86,22.86,400
2023-01-12 07:00:00,22.86,22.86,22.29,22.86,3300
2023-01-13 07:00:00,23.77,24.26,23.64,23.64,500
2023-01-16 07:00:00,23.64,23.64,23.64,23.64,13200
2023-01-17 07:00:00,23.6,23.64,23.6,23.64,2800
2023-01-18 07:00:00,23.64,23.64,23.64,23.64,10000
2023-01-19 07:00:00,23.64,23.64,23.64,23.64,1200
2023-01-27 07:00:00,23.64,23.64,23.52,23.52,2100
2023-01-30 07:00:00,23.56,23.85,23.52,23.81,3300
2023-01-31 07:00:00,24.3,24.3,23.64,23.64,3000
2023-02-01 07:00:00,23.64,23.64,23.52,23.64,5900
2023-02-06 07:00:00,22.82,23.4,22.66,23.4,1400
2023-02-07 07:00:00,23.64,23.64,22.82,23.03,6200
2023-02-08 07:00:00,23.4,23.4,23.4,23.4,100
2023-02-09 07:00:00,23.03,23.23,23.03,23.03,18300
2023-02-10 07:00:00,22.98,23.44,22.98,23.44,3500
2023-02-13 07:00:00,23.23,23.44,23.23,23.4,500
2023-02-14 07:00:00,23.4,23.4,22.94,23.36,700
2023-02-15 07:00:00,23.23,23.23,23.23,23.23,100
2023-02-16 07:00:00,22.29,22.98,22.29,22.41,5600
2023-02-17 07:00:00,22.98,22.98,21.92,21.92,8600
2023-02-20 07:00:00,22.2,22.2,21.92,21.92,46600
2023-02-21 07:00:00,21.92,21.92,20.56,21.71,18100
2023-02-22 07:00:00,22.62,22.62,21.01,21.01,2200
2023-02-23 07:00:00,20.6,21.01,19.98,20.68,37300
2023-02-24 07:00:00,21.05,21.05,20.97,20.97,1800
2023-02-27 07:00:00,20.97,20.97,20.35,20.56,5600
2023-02-28 07:00:00,20.56,20.64,20.52,20.56,1200
2023-03-01 07:00:00,20.56,20.72,20.52,20.56,11100
2023-03-02 07:00:00,20.56,20.56,20.15,20.54,7300
2023-03-03 07:00:00,20.52,20.68,20.52,20.54,7600
2023-03-06 07:00:00,20.56,20.56,19.94,20.15,7000
2023-03-07 07:00:00,20.23,20.48,20.15,20.15,3900
2023-03-08 07:00:00,20.48,20.48,20.48,20.48,100
2023-03-09 07:00:00,20.15,20.35,20.0,20.35,4500
2023-03-10 07:00:00,20.07,20.27,19.96,20.15,5400
2023-03-13 07:00:00,20.56,21.05,20.15,20.15,4300
2023-03-14 07:00:00,20.31,20.31,20.02,20.02,2300
2023-03-15 07:00:00,20.0,20.4,20.0,20.02,2000
2023-03-16 07:00:00,19.35,20.15,19.35,20.15,4400
2023-03-17 07:00:00,20.15,20.48,20.15,20.15,7400
2023-03-20 07:00:00,20.33,20.33,20.33,20.33,300
2023-03-21 07:00:00,20.31,20.72,20.15,20.72,4000
2023-03-22 07:00:00,21.14,21.14,20.23,20.56,3200
2023-03-23 07:00:00,20.56,20.76,19.33,20.56,2900
2023-03-24 07:00:00,19.94,20.52,19.94,20.52,2200
2023-03-27 07:00:00,20.02,20.46,19.74,20.46,2100
2023-03-28 07:00:00,20.48,20.48,20.02,20.02,500
2023-03-29 07:00:00,19.76,19.94,19.74,19.8,1900
2023-03-30 07:00:00,19.8,20.15,19.66,19.72,10500
2023-03-31 07:00:00,19.53,19.72,19.35,19.35,3100
2023-04-03 07:00:00,19.37,20.07,19.33,19.33,23200
2023-04-04 07:00:00,19.74,19.74,19.33,19.41,18400
2023-04-05 07:00:00,19.43,19.63,19.39,19.63,1600
2023-04-06 07:00:00,19.74,19.74,19.47,19.61,4800
2023-04-07 07:00:00,19.9,19.9,19.55,19.7,2600
2023-04-10 07:00:00,19.94,19.94,19.68,19.9,5000
2023-04-11 07:00:00,19.92,20.35,19.92,20.15,7300
2023-04-12 07:00:00,20.17,20.35,20.15,20.19,4800
2023-04-13 07:00:00,20.35,20.35,20.19,20.19,36600
2023-04-14 07:00:00,20.19,20.56,20.19,20.23,5400
2023-04-17 07:00:00,20.35,20.35,20.23,20.23,2000
2023-04-18 07:00:00,20.35,20.97,20.35,20.76,8000
2023-04-19 07:00:00,20.76,21.05,20.37,20.97,6200
2023-04-20 07:00:00,21.14,21.14,20.97,20.97,1500
2023-04-21 07:00:00,21.01,22.41,20.97,22.41,27700
2023-04-24 07:00:00,22.37,22.45,21.83,22.29,9900
2023-04-25 07:00:00,21.5,22.2,20.76,22.12,9000
2023-04-26 07:00:00,21.09,21.75,21.01,21.3,6200
2023-04-27 07:00:00,21.75,21.79,21.34,21.75,800
2023-04-28 07:00:00,21.79,21.79,21.01,21.34,4700
2023-05-04 07:00:00,21.34,22.62,21.34,22.57,12600
2023-05-05 07:00:00,22.49,22.74,22.04,22.57,6400
2023-05-08 07:00:00,22.62,22.86,22.57,22.74,12500
2023-05-09 07:00:00,23.03,23.23,22.86,22.86,39600
2023-05-10 07:00:00,22.82,23.03,22.78,22.86,21400
2023-05-11 07:00:00,22.82,23.15,22.7,23.15,3700
2023-05-12 07:00:00,23.03,23.15,22.82,22.82,5200
2023-05-15 07:00:00,22.9,23.44,22.9,22.98,6500
2023-05-16 07:00:00,22.98,23.03,22.82,23.03,12300
2023-05-17 07:00:00,22.98,23.36,22.62,23.03,6700
2023-05-18 07:00:00,22.74,23.31,22.62,23.03,3600
2023-05-19 07:00:00,22.62,22.86,22.62,22.86,1700
2023-05-22 07:00:00,22.86,23.03,22.41,22.86,1500
2023-05-24 07:00:00,22.41,22.74,22.41,22.57,400
2023-05-25 07:00:00,23.03,23.03,21.96,21.96,7100
2023-05-26 07:00:00,22.0,22.45,21.79,22.37,5300
2023-05-29 07:00:00,21.92,22.62,21.79,22.62,2800
2023-05-30 07:00:00,22.62,22.78,22.2,22.2,1600
2023-05-31 07:00:00,22.78,22.78,22.24,22.62,1600
2023-06-01 07:00:00,22.62,22.74,22.45,22.74,7900
2023-06-02 07:00:00,22.74,23.03,22.74,22.98,5000
2023-06-05 07:00:00,22.98,23.44,22.82,23.03,14600
2023-06-06 07:00:00,23.31,23.31,22.74,22.94,15400
2023-06-07 07:00:00,22.74,23.15,22.62,22.82,9300
2023-06-08 07:00:00,23.03,24.14,23.03,23.81,20400
2023-06-09 07:00:00,24.05,25.08,23.81,25.08,38600
2023-06-12 07:00:00,25.08,25.08,24.46,24.67,6200
2023-06-13 07:00:00,24.67,25.08,24.26,24.55,14700
2023-06-14 07:00:00,23.6,24.67,23.6,24.55,2900
2023-06-15 07:00:00,24.67,25.08,24.67,24.67,1000
2023-06-16 07:00:00,24.67,24.88,24.55,24.59,7200
2023-06-20 07:00:00,25.08,25.08,24.38,24.59,13300
2023-06-21 07:00:00,24.38,24.59,24.05,24.51,23500
2023-06-22 07:00:00,23.93,24.51,23.89,24.51,2700
2023-06-23 07:00:00,24.46,24.46,23.97,23.97,10200
2023-06-26 07:00:00,24.05,24.38,23.97,24.38,6400
2023-06-27 07:00:00,24.38,24.67,24.05,24.67,4200
2023-06-28 07:00:00,24.67,24.67,24.55,24.55,4200
2023-06-29 07:00:00,24.51,24.67,24.42,24.67,1300
2023-06-30 07:00:00,24.67,25.49,24.67,25.08,23100
2023-07-03 07:00:00,26.11,26.11,25.08,25.86,23600
2023-07-04 07:00:00,25.86,26.73,25.86,26.07,2600
2023-07-05 07:00:00,25.49,25.9,25.37,25.37,4700
2023-07-06 07:00:00,24.92,25.7,24.92,25.7,5200
2023-07-07 07:00:00,25.49,26.73,25.08,26.28,25500
2023-07-10 07:00:00,25.7,26.28,25.7,26.19,4400
2023-07-11 07:00:00,26.19,26.19,25.99,26.11,13700
2023-07-12 07:00:00,26.11,26.52,25.49,26.52,42200
2023-07-13 07:00:00,26.52,26.69,26.23,26.52,7700
2023-07-14 07:00:00,26.52,26.64,26.19,26.32,8500
2023-07-17 07:00:00,26.32,26.32,25.7,25.7,23900
2023-07-18 07:00:00,25.9,27.47,25.7,27.47,105300
2023-07-19 07:00:00,28.78,29.36,28.37,29.36,200900
2023-07-20 07:00:00,29.6,30.43,29.52,29.52,78800
2023-07-21 07:00:00,29.48,29.48,28.58,28.95,78800
2023-07-24 07:00:00,28.95,30.84,28.95,29.73,90900
2023-07-25 07:00:00,30.02,30.43,29.6,30.02,15100
2023-07-26 07:00:00,29.81,30.43,29.4,29.44,29200
2023-07-27 07:00:00,29.48,29.77,29.24,29.24,20400
2023-07-28 07:00:00,29.24,29.44,28.82,29.24,20800
2023-07-31 07:00:00,29.28,29.44,29.07,29.32,13600
2023-08-01 07:00:00,28.95,29.81,28.7,28.7,79200
2023-08-02 07:00:00,28.7,28.78,28.37,28.7,25600
2023-08-03 07:00:00,27.96,28.45,27.96,28.37,19500
2023-08-04 07:00:00,28.37,28.37,27.63,28.08,21500
2023-08-07 07:00:00,27.84,28.08,27.47,27.92,15000
2023-08-08 07:00:00,27.92,29.32,27.92,28.74,12500
2023-08-09 07:00:00,28.74,28.78,28.37,28.45,41300
2023-08-10 07:00:00,28.37,28.7,28.17,28.17,16200
2023-08-11 07:00:00,28.0,28.17,27.96,28.08,10500
2023-08-14 07:00:00,27.96,28.17,27.96,28.17,3700
2023-08-15 07:00:00,27.8,29.44,27.8,29.44,24600
2023-08-16 07:00:00,29.19,29.19,28.7,28.7,10600
2023-08-17 07:00:00,28.58,29.03,28.5,28.62,13300
2023-08-18 07:00:00,27.96,28.62,27.47,27.96,17200
2023-08-21 07:00:00,27.96,28.0,27.96,28.0,4000
2023-08-22 07:00:00,28.0,28.0,27.14,28.0,7300
2023-08-23 07:00:00,28.04,28.17,27.55,28.08,10900
2023-08-24 07:00:00,27.96,28.17,27.8,27.96,4700
2023-08-25 07:00:00,27.96,27.96,27.76,27.8,12800
2023-08-28 07:00:00,27.8,28.33,27.76,28.33,6000
2023-08-29 07:00:00,28.33,28.33,27.84,28.33,20400
2023-08-30 07:00:00,28.29,28.29,27.88,28.25,18100
2023-08-31 07:00:00,28.33,28.37,27.96,28.29,10700
2023-09-05 07:00:00,28.29,28.58,28.29,28.58,18100
2023-09-06 07:00:00,28.58,29.52,28.58,29.19,27500
2023-09-07 07:00:00,29.19,29.19,28.86,29.19,12400
2023-09-08 07:00:00,28.91,29.19,28.33,28.66,19000
2023-09-11 07:00:00,28.66,28.91,28.66,28.7,16100
2023-09-12 07:00:00,28.78,28.99,28.62,28.91,5900
2023-09-13 07:00:00,29.19,29.6,28.82,29.03,26200
2023-09-14 07:00:00,29.28,29.52,28.95,29.19,28000
2023-09-15 07:00:00,29.48,29.48,29.24,29.36,12000
2023-09-18 07:00:00,29.36,30.39,29.36,29.6,11400
2023-09-19 07:00:00,29.6,30.22,29.4,29.56,23800
2023-09-20 07:00:00,29.93,29.93,29.44,29.6,13300
2023-09-21 07:00:00,29.6,29.81,29.19,29.24,12000
2023-09-22 07:00:00,29.56,29.56,28.41,28.66,24800
2023-09-25 07:00:00,28.62,28.78,27.63,28.0,34800
2023-09-26 07:00:00,28.0,28.17,27.8,28.04,10300
2023-09-27 07:00:00,28.17,28.17,27.3,27.88,27200
2023-09-28 07:00:00,27.88,27.88,27.18,27.55,6400
2023-09-29 07:00:00,27.92,27.96,27.55,27.96,8000
2023-10-02 07:00:00,28.78,28.78,28.37,28.7,30300
2023-10-03 07:00:00,28.78,29.19,28.25,28.78,24400
2023-10-04 07:00:00,28.91,28.91,28.37,28.58,17300
2023-10-05 07:00:00,28.05,28.93,28.05,28.05,21300
2023-10-06 07:00:00,27.39,28.36,27.39,28.31,16300
2023-10-09 07:00:00,28.31,28.49,28.31,28.49,7700
2023-10-10 07:00:00,28.93,28.93,28.36,28.49,21800
2023-10-11 07:00:00,28.05,28.49,28.05,28.36,24500
2023-10-12 07:00:00,28.27,28.49,28.23,28.49,23600
2023-10-13 07:00:00,28.14,28.45,28.05,28.45,14300
2023-10-16 07:00:00,28.1,28.4,28.1,28.27,11900
2023-10-17 07:00:00,28.4,28.49,27.74,27.74,17900
2023-10-18 07:00:00,27.74,27.92,27.18,27.18,8000
2023-10-19 07:00:00,27.39,28.01,26.74,27.39,31500
2023-10-20 07:00:00,26.96,27.57,26.52,26.74,31900
2023-10-23 07:00:00,26.74,26.74,26.3,26.39,6800
2023-10-24 07:00:00,26.47,26.74,26.39,26.52,8900
2023-10-25 07:00:00,26.39,26.74,26.3,26.69,5900
2023-10-26 07:00:00,26.47,26.47,24.85,25.38,32300
2023-10-27 07:00:00,25.42,25.42,24.98,25.29,11600
2023-10-30 07:00:00,24.98,25.33,24.9,25.25,6000
2023-10-31 07:00:00,25.29,25.29,24.54,25.12,18300
2023-11-01 07:00:00,24.19,25.07,24.19,24.98,2800
2023-11-02 07:00:00,24.98,26.08,24.98,25.86,16000
2023-11-03 07:00:00,25.86,26.08,25.68,25.68,2100
2023-11-06 07:00:00,25.86,26.17,25.64,25.64,10200
2023-11-07 07:00:00,25.42,25.64,25.2,25.42,7300
2023-11-08 07:00:00,25.42,25.42,25.2,25.38,14400
2023-11-09 07:00:00,25.38,25.6,25.03,25.42,11400
2023-11-10 07:00:00,24.98,25.38,24.98,25.25,4700
2023-11-13 07:00:00,24.9,25.25,24.33,24.54,14000
2023-11-14 07:00:00,24.98,24.98,24.5,24.5,12800
2023-11-15 07:00:00,24.5,25.29,24.5,24.68,13100
2023-11-16 07:00:00,24.68,24.72,24.33,24.68,13100
2023-11-17 07:00:00,24.68,24.9,24.54,24.63,7800
2023-11-20 07:00:00,24.59,24.59,24.37,24.37,6200
2023-11-21 07:00:00,24.5,24.5,24.24,24.28,12000
2023-11-22 07:00:00,24.33,24.37,24.11,24.24,24300
2023-11-23 07:00:00,24.15,24.76,24.15,24.5,32300
2023-11-24 07:00:00,24.59,24.59,24.19,24.19,3900
2023-11-27 07:00:00,24.19,24.59,24.11,24.11,18000
2023-11-28 07:00:00,24.11,24.37,22.84,24.02,36600
2023-11-29 07:00:00,24.15,24.33,23.62,24.15,3100
2023-11-30 07:00:00,24.11,24.46,23.93,24.02,7600
2023-12-01 07:00:00,24.11,24.11,23.89,24.02,9000
2023-12-04 07:00:00,23.98,24.33,23.84,24.24,24800
2023-12-05 07:00:00,24.19,24.19,23.93,24.11,10200
2023-12-06 07:00:00,24.11,24.19,24.06,24.19,26600
2023-12-07 07:00:00,24.06,24.5,24.06,24.19,29200
2023-12-08 07:00:00,24.19,24.19,23.89,24.19,6300
2023-12-11 07:00:00,24.5,24.5,24.02,24.19,4500
2023-12-12 07:00:00,24.11,24.33,24.11,24.33,17400
2023-12-13 07:00:00,24.19,25.03,24.19,24.76,41000
2023-12-14 07:00:00,24.76,25.42,24.76,25.2,30800
2023-12-15 07:00:00,25.42,25.42,25.16,25.38,16100
2023-12-18 07:00:00,25.33,25.33,24.98,24.98,9300
2023-12-19 07:00:00,24.98,24.98,24.72,24.98,1100
2023-12-20 07:00:00,24.72,25.07,24.54,25.07,15800
2023-12-21 07:00:00,24.98,24.98,24.5,24.76,26000
2023-12-22 07:00:00,24.68,24.98,24.63,24.98,14600
2023-12-25 07:00:00,24.98,24.98,24.5,24.98,16300
2023-12-26 07:00:00,24.9,24.9,24.54,24.85,25800
2023-12-27 07:00:00,24.63,24.85,24.5,24.5,9400
2023-12-28 07:00:00,24.54,24.76,24.5,24.54,7300
2023-12-29 07:00:00,24.54,24.81,24.54,24.81,4200
2024-01-02 07:00:00,24.85,25.16,24.76,24.98,12300
2024-01-03 07:00:00,24.94,26.52,24.9,25.95,130500
2024-01-04 07:00:00,26.3,27.09,26.3,26.91,56200
2024-01-05 07:00:00,27.0,27.0,26.3,26.74,43800
2024-01-08 07:00:00,26.43,26.96,26.43,26.96,13600
2024-01-09 07:00:00,26.74,27.35,26.39,26.87,35400
2024-01-10 07:00:00,26.87,27.18,26.39,27.09,33600
2024-01-11 07:00:00,27.13,27.61,26.82,27.35,106400
2024-01-12 07:00:00,27.48,27.48,26.91,27.0,27000
2024-01-15 07:00:00,27.18,27.57,26.87,27.44,21500
2024-01-16 07:00:00,27.39,27.79,27.39,27.61,66000
2024-01-17 07:00:00,27.61,27.79,27.31,27.57,5400
2024-01-18 07:00:00,27.26,28.18,27.18,27.96,46700
2024-01-19 07:00:00,27.79,28.14,27.26,27.96,35900
2024-01-22 07:00:00,28.05,28.05,26.3,27.74,15500
2024-01-23 07:00:00,26.69,27.61,26.69,27.48,66300
2024-01-24 07:00:00,27.48,27.48,27.22,27.22,7800
2024-01-25 07:00:00,27.48,27.48,27.22,27.44,7100
2024-01-26 07:00:00,27.22,27.44,26.87,27.39,69200
2024-01-29 07:00:00,27.52,27.52,27.04,27.04,23200
2024-01-30 07:00:00,27.18,27.18,26.74,27.09,14500
2024-01-31 07:00:00,26.74,26.82,26.65,26.78,11400
2024-02-01 07:00:00,25.95,27.18,25.95,27.18,23300
2024-02-02 07:00:00,27.18,27.26,27.0,27.0,18500
2024-02-05 07:00:00,27.0,27.26,26.96,27.26,8300
2024-02-06 07:00:00,27.18,27.83,27.0,27.74,32900
2024-02-07 07:00:00,27.83,27.83,27.22,27.61,9100
2024-02-15 07:00:00,27.26,28.01,27.26,27.61,18200
2024-02-16 07:00:00,27.61,27.61,27.18,27.57,23200
2024-02-19 07:00:00,27.61,28.49,27.39,28.49,172900
2024-02-20 07:00:00,28.49,28.8,28.49,28.8,19300
2024-02-21 07:00:00,28.8,29.15,28.45,28.45,44800
2024-02-22 07:00:00,28.49,28.71,28.45,28.66,14700
2024-02-23 07:00:00,28.93,28.93,28.49,28.71,21900
2024-02-26 07:00:00,28.23,28.58,28.23,28.58,29500
2024-02-27 07:00:00,28.62,29.1,28.49,29.02,47300
2024-02-28 07:00:00,29.02,29.1,29.02,29.06,14500
2024-02-29 07:00:00,28.58,29.1,28.49,29.02,6900
2024-03-01 07:00:00,28.88,29.28,28.71,29.28,10000
2024-03-04 07:00:00,29.32,29.63,29.19,29.28,24900
2024-03-05 07:00:00,29.54,29.54,29.02,29.1,9600
2024-03-06 07:00:00,29.06,29.24,28.84,29.1,16300
2024-03-07 07:00:00,29.15,29.15,28.75,28.84,17300
2024-03-08 07:00:00,29.15,29.15,28.53,28.8,15500
2024-03-11 07:00:00,28.75,28.93,28.62,28.75,11100
2024-03-12 07:00:00,28.75,28.93,28.49,28.49,18500
2024-03-13 07:00:00,28.4,29.06,28.4,29.02,28700
2024-03-14 07:00:00,29.02,29.19,28.97,29.19,7800
2024-03-15 07:00:00,29.02,29.19,28.93,29.19,20300
2024-03-18 07:00:00,29.19,29.19,28.49,28.88,38400
2024-03-19 07:00:00,29.24,29.8,28.62,29.58,60200
2024-03-20 07:00:00,29.58,30.24,29.58,29.94,56900
2024-03-21 07:00:00,29.98,30.55,29.98,30.33,54200
2024-03-22 07:00:00,30.46,30.46,29.98,30.37,18800
2024-03-25 07:00:00,29.89,30.33,29.76,29.76,28500
2024-03-26 07:00:00,29.63,30.16,29.15,29.54,17200
2024-03-27 07:00:00,29.5,29.8,29.5,29.8,17800
2024-03-28 07:00:00,29.8,30.37,29.8,29.8,7600
2024-03-29 07:00:00,29.89,30.29,29.72,30.11,16100
2024-04-01 07:00:00,30.07,30.24,29.37,29.58,16200
2024-04-02 07:00:00,29.37,29.76,29.37,29.58,16800
2024-04-03 07:00:00,29.45,29.76,29.45,29.58,28800
2024-04-04 07:00:00,29.37,29.63,29.37,29.54,23000
2024-04-05 07:00:00,29.54,29.58,29.15,29.5,16300
2024-04-08 07:00:00,29.28,29.76,29.28,29.72,29700
2024-04-09 07:00:00,29.8,29.8,29.67,29.8,31200
2024-04-10 07:00:00,29.76,29.98,29.67,29.72,22200
2024-04-11 07:00:00,29.8,29.8,29.63,29.63,13900
2024-04-12 07:00:00,29.89,30.86,29.8,30.81,71200
2024-04-15 07:00:00,30.72,30.77,29.98,30.42,48400
2024-04-16 07:00:00,30.02,30.46,30.02,30.37,35800
2024-04-17 07:00:00,31.3,31.3,30.68,31.12,48500
2024-04-19 07:00:00,31.08,31.08,30.37,30.37,17600
2024-04-22 07:00:00,29.85,29.85,28.27,28.75,268200
2024-04-23 07:00:00,28.75,28.75,28.18,28.45,49800
2024-04-24 07:00:00,28.14,29.37,28.1,28.66,54700
2024-04-25 07:00:00,28.71,28.71,28.27,28.53,34900
2024-04-26 07:00:00,28.53,28.53,28.23,28.27,24200
2024-05-02 07:00:00,28.27,28.53,28.27,28.53,19100
2024-05-03 07:00:00,28.49,28.71,28.4,28.53,12600
2024-05-06 07:00:00,28.53,28.88,28.53,28.58,29500
2024-05-07 07:00:00,28.66,29.37,28.66,29.19,19400
2024-05-08 07:00:00,29.19,29.32,28.97,29.19,12100
2024-05-09 07:00:00,29.15,29.32,29.1,29.28,10700
2024-05-10 07:00:00,29.28,29.28,28.93,29.15,14100
2024-05-13 07:00:00,29.28,29.45,28.93,29.15,25400
2024-05-14 07:00:00,29.15,29.15,28.58,28.84,15300
2024-05-15 07:00:00,28.84,29.15,28.75,29.06,34600
2024-05-16 07:00:00,29.06,29.37,29.06,29.37,22200
2024-05-17 07:00:00,29.37,29.37,29.19,29.19,7700
2024-05-20 07:00:00,29.19,29.32,29.1,29.1,8500
2024-05-21 07:00:00,28.97,29.19,28.88,29.19,24700
2024-05-22 07:00:00,29.19,29.19,28.84,29.06,4800
2024-05-23 07:00:00,29.19,30.68,29.02,30.59,63800
2024-05-24 07:00:00,30.29,30.29,29.37,29.58,30000
2024-05-27 07:00:00,29.58,29.8,29.15,29.63,14300
2024-05-28 07:00:00,30.59,30.59,29.37,29.63,9400
2024-05-29 07:00:00,29.63,29.98,29.58,29.98,27600
2024-05-30 07:00:00,29.8,29.85,29.63,29.8,12200
2024-05-31 07:00:00,29.8,29.85,29.72,29.85,4300
2024-06-03 07:00:00,29.85,30.24,29.85,30.2,23900
2024-06-04 07:00:00,30.2,30.24,30.07,30.2,8800
2024-06-05 07:00:00,30.16,30.2,29.8,29.98,11900
2024-06-06 07:00:00,29.94,30.46,29.94,30.37,56600
2024-06-07 07:00:00,30.33,30.37,30.16,30.16,5700
2024-06-10 07:00:00,30.16,30.68,29.58,30.55,38900
2024-06-11 07:00:00,30.64,31.43,30.42,30.99,86700
2024-06-12 07:00:00,30.99,31.03,30.94,30.99,33900
2024-06-13 07:00:00,31.03,31.56,30.72,31.38,65200
2024-06-14 07:00:00,31.43,31.43,30.86,30.86,15800
2024-06-17 07:00:00,30.86,31.08,30.51,30.68,22800
2024-06-18 07:00:00,30.68,30.9,30.68,30.72,11400
2024-06-19 07:00:00,30.77,31.51,30.77,31.51,80500
2024-06-20 07:00:00,31.95,32.61,31.56,32.61,122300
2024-06-21 07:00:00,32.04,33.05,32.0,32.0,42300
2024-06-24 07:00:00,31.95,32.43,31.91,32.0,89600
2024-06-25 07:00:00,32.39,32.87,32.0,32.52,76500
2024-06-26 07:00:00,32.87,33.05,32.7,33.05,99900
2024-06-27 07:00:00,33.05,33.27,32.83,32.87,35500
2024-06-28 07:00:00,32.87,33.49,32.65,33.0,153100
2024-07-01 07:00:00,33.31,33.31,32.43,32.7,79200
2024-07-02 07:00:00,32.74,32.96,32.65,32.92,61400
2024-07-03 07:00:00,32.87,33.09,32.78,32.92,15800
2024-07-04 07:00:00,33.22,33.22,32.74,32.92,22500
2024-07-05 07:00:00,32.92,33.09,32.78,32.87,47600
2024-07-08 07:00:00,33.09,33.75,33.09,33.62,113700
2024-07-09 07:00:00,33.66,35.33,33.4,35.33,234200
2024-07-10 07:00:00,35.63,35.94,35.06,35.72,114200
2024-07-11 07:00:00,35.77,38.21,35.77,38.16,207000
2024-07-12 07:00:00,38.84,40.5,38.6,39.82,160000
2024-07-15 07:00:00,39.72,42.6,39.33,42.6,291500
2024-07-16 07:00:00,43.29,45.58,43.29,45.58,82200
2024-07-17 07:00:00,48.75,48.75,42.41,42.41,394000
2024-07-18 07:00:00,41.48,42.36,40.5,41.48,132000
2024-07-19 07:00:00,41.43,41.48,39.04,39.72,163800
2024-07-22 07:00:00,38.65,40.02,37.58,39.53,203100
2024-07-23 07:00:00,38.65,40.99,38.65,40.11,83300
2024-07-24 07:00:00,40.02,40.65,39.67,40.06,81100
2024-07-25 07:00:00,40.02,40.02,39.53,39.58,44900
2024-07-26 07:00:00,40.5,41.63,39.77,41.63,226800
2024-07-29 07:00:00,41.77,43.82,41.77,41.97,67800
2024-07-30 07:00:00,42.46,42.46,40.5,40.5,56100
2024-07-31 07:00:00,40.94,40.94,39.77,39.97,71500
2024-08-01 07:00:00,39.97,40.65,38.36,38.8,149300
2024-08-02 07:00:00,38.55,40.99,38.55,39.77,221100
2024-08-05 07:00:00,39.04,40.5,38.94,39.48,111500
2024-08-06 07:00:00,39.92,40.21,39.19,40.11,36600
2024-08-07 07:00:00,40.41,40.94,40.11,40.41,53500
2024-08-08 07:00:00,40.5,40.5,39.58,40.26,50800
2024-08-09 07:00:00,40.02,40.41,39.82,40.11,42400
2024-08-12 07:00:00,40.31,42.21,40.31,41.14,71900
2024-08-13 07:00:00,41.19,41.24,40.5,40.99,39800
2024-08-14 07:00:00,41.72,42.07,40.99,41.43,68600
2024-08-15 07:00:00,41.24,41.97,41.24,41.33,63800
2024-08-16 07:00:00,41.97,42.9,41.48,42.46,109500
2024-08-19 07:00:00,42.46,43.38,42.31,42.94,76000
2024-08-20 07:00:00,42.26,43.63,42.26,43.09,107000
2024-08-21 07:00:00,43.04,43.04,42.07,42.11,92400
2024-08-22 07:00:00,42.02,42.31,41.48,42.07,77700
2024-08-23 07:00:00,42.07,42.07,41.28,41.68,43100
2024-08-26 07:00:00,41.68,41.68,41.04,41.48,42500
2024-08-27 07:00:00,41.04,41.48,40.75,41.38,27800
2024-08-28 07:00:00,41.04,41.48,40.99,41.19,42400
2024-08-29 07:00:00,41.19,41.92,40.99,41.77,46400
2024-08-30 07:00:00,41.77,43.29,41.48,42.85,105400
2024-09-04 07:00:00,43.24,45.82,42.9,45.82,342000
2024-09-05 07:00:00,45.92,46.36,44.55,44.55,81100
2024-09-06 07:00:00,45.63,47.34,44.9,47.34,197500
2024-09-09 07:00:00,47.58,48.51,46.85,46.95,167000
2024-09-10 07:00:00,46.95,47.24,45.24,45.38,150100
2024-09-11 07:00:00,44.9,46.07,44.9,45.43,87000
2024-09-12 07:00:00,45.82,46.36,45.29,45.87,56700
2024-09-13 07:00:00,45.87,45.87,45.19,45.87,68000
2024-09-16 07:00:00,45.48,45.87,44.9,45.38,145000
2024-09-17 07:00:00,46.75,48.56,45.97,48.56,618500
2024-09-18 07:00:00,49.68,51.92,49.68,51.92,484800
2024-09-19 07:00:00,53.58,55.14,50.65,51.14,380100
2024-09-20 07:00:00,51.14,51.24,49.68,50.07,229500
2024-09-23 07:00:00,50.26,51.04,49.97,50.56,97200
2024-09-24 07:00:00,50.56,50.75,49.78,50.56,128200
2024-09-25 07:00:00,50.56,50.75,48.9,49.09,179400
2024-09-26 07:00:00,49.09,50.07,49.0,49.0,99800
2024-09-27 07:00:00,49.09,49.78,48.36,49.09,133900
2024-09-30 07:00:00,49.09,49.48,48.6,48.8,94500
2024-10-01 07:00:00,49.09,49.29,48.75,48.9,93100
2024-10-02 07:00:00,49.0,50.26,48.6,49.48,113100
2024-10-03 07:00:00,49.48,49.48,48.31,48.7,105900
2024-10-04 07:00:00,48.75,48.75,47.82,47.82,63700
2024-10-07 07:00:00,47.82,48.6,46.56,47.04,95700
2024-10-08 07:00:00,47.04,47.04,45.48,46.6,73100
2024-10-09 07:00:00,46.51,46.6,45.87,45.97,101800
2024-10-10 07:00:00,45.97,48.7,45.92,46.85,58000
2024-10-11 07:00:00,46.95,47.82,46.56,46.85,43100
2024-10-14 07:00:00,46.85,47.48,45.87,45.97,67700
2024-10-15 07:00:00,45.73,46.8,45.68,45.68,40700
2024-10-16 07:00:00,45.68,46.31,45.63,45.77,24100
2024-10-17 07:00:00,45.87,46.31,45.68,45.87,40400
2024-10-18 07:00:00,46.36,46.36,45.38,45.73,63000
2024-10-21 07:00:00,44.99,45.19,43.24,43.38,292000
2024-10-22 07:00:00,42.94,43.33,41.33,41.58,246300
2024-10-23 07:00:00,41.97,42.75,41.58,42.26,99900
2024-10-24 07:00:00,42.31,44.51,42.11,43.92,161100
2024-10-25 07:00:00,44.9,45.24,43.68,43.68,102500
2024-10-28 07:00:00,43.68,44.75,42.99,43.63,53800
2024-10-29 07:00:00,43.63,43.63,43.14,43.33,97300
2024-10-30 07:00:00,43.14,44.31,42.94,44.12,114200
2024-10-31 07:00:00,44.51,44.55,43.53,43.92,63400
2024-11-01 07:00:00,43.82,44.16,43.33,43.92,62300
2024-11-04 07:00:00,43.92,43.92,42.94,43.24,82400
2024-11-05 07:00:00,43.24,43.33,42.9,43.24,58700
2024-11-06 07:00:00,43.24,43.63,42.94,43.19,64600
2024-11-07 07:00:00,43.33,43.82,42.94,43.53,83700
2024-11-08 07:00:00,42.94,43.43,42.75,42.94,80700
2024-11-11 07:00:00,42.94,42.94,41.68,42.85,199100
2024-11-12 07:00:00,42.8,42.8,41.77,42.21,223300
2024-11-13 07:00:00,42.16,42.16,41.68,41.77,66600
2024-11-14 07:00:00,41.72,42.26,41.48,41.77,55700
2024-11-15 07:00:00,41.68,42.16,41.28,41.28,78500
2024-11-18 07:00:00,41.28,41.28,40.36,40.8,78700
2024-11-19 07:00:00,40.8,41.19,40.8,40.8,62600
2024-11-20 07:00:00,40.89,40.89,40.21,40.8,112200
2024-11-21 07:00:00,40.8,41.14,40.31,40.41,37400
2024-11-22 07:00:00,40.41,40.6,40.21,40.36,152200
2024-11-25 07:00:00,40.36,43.14,40.36,42.94,222500
2024-11-26 07:00:00,42.94,44.02,42.26,42.65,100000
2024-11-27 07:00:00,42.65,42.65,41.97,42.16,43300
2024-11-28 07:00:00,42.02,44.41,42.02,43.77,338700
2024-11-29 07:00:00,44.26,44.99,43.77,43.77,267700
2024-12-02 07:00:00,44.65,44.65,43.92,44.41,137500
2024-12-03 07:00:00,44.36,47.48,44.07,47.48,793400
2024-12-04 07:00:00,47.82,49.78,45.87,46.85,431300
2024-12-05 07:00:00,46.85,48.02,45.73,47.04,285300
2024-12-06 07:00:00,46.46,46.85,45.19,45.29,390700
2024-12-09 07:00:00,45.77,46.51,45.34,45.92,327100
2024-12-10 07:00:00,45.87,47.82,45.87,46.99,450000
2024-12-11 07:00:00,47.34,47.43,46.16,46.85,183000
2024-12-12 07:00:00,47.24,49.58,46.26,48.31,554600
2024-12-13 07:00:00,48.21,49.0,46.99,47.48,308400
2024-12-16 07:00:00,47.34,47.87,46.26,46.41,143800
2024-12-17 07:00:00,46.75,47.24,46.36,46.85,162000
2024-12-18 07:00:00,47.48,47.48,46.85,46.85,125600
2024-12-19 07:00:00,46.46,47.24,46.16,46.56,216100
2024-12-20 07:00:00,46.65,47.14,46.21,47.14,209300
2024-12-23 07:00:00,47.82,48.6,47.53,47.58,485600
2024-12-24 07:00:00,47.82,47.82,47.14,47.34,133400
2024-12-25 07:00:00,47.34,48.31,46.26,46.36,454500
2024-12-26 07:00:00,46.36,47.29,46.36,47.29,163800
2024-12-27 07:00:00,47.53,47.53,46.41,46.56,119000
2024-12-30 07:00:00,46.6,46.7,45.87,46.12,130400
2024-12-31 07:00:00,46.21,46.26,45.77,45.87,100400
2025-01-02 07:00:00,45.87,46.41,45.38,46.21,75300
2025-01-03 07:00:00,45.92,46.21,45.19,45.19,104500
2025-01-06 07:00:00,45.19,45.68,42.07,42.46,214800
2025-01-07 07:00:00,43.19,43.48,42.8,43.14,134800
2025-01-08 07:00:00,43.29,43.68,42.94,42.99,73500
2025-01-09 07:00:00,42.99,43.24,42.46,42.5,83400
2025-01-10 07:00:00,42.55,43.43,42.36,42.65,94500
2025-01-13 07:00:00,42.16,42.85,41.48,42.65,102900
2025-01-14 07:00:00,42.65,43.43,41.68,41.97,82800
2025-01-15 07:00:00,41.97,42.5,41.87,42.26,48500
2025-01-16 07:00:00,43.04,43.04,42.46,42.46,34100
2025-01-17 07:00:00,42.46,44.41,41.97,43.24,119200
2025-01-20 07:00:00,43.24,43.92,43.24,43.82,92200
2025-01-21 07:00:00,43.92,44.12,42.85,43.29,102500
2025-01-22 07:00:00,43.87,44.9,43.33,44.12,146600
2025-01-23 07:00:00,44.51,44.51,42.94,43.72,46700
2025-01-24 07:00:00,43.72,43.72,42.94,43.14,75600
2025-02-03 07:00:00,42.94,43.53,42.65,43.53,50300
2025-02-04 07:00:00,43.53,44.26,43.53,44.12,86100
2025-02-05 07:00:00,44.55,44.55,42.94,43.92,104600
2025-02-06 07:00:00,44.26,45.87,43.72,45.87,204300
2025-02-07 07:00:00,45.82,47.14,45.63,46.12,253100
2025-02-10 07:00:00,46.12,46.16,44.99,45.34,162400
2025-02-11 07:00:00,45.38,48.51,45.38,47.43,966900
2025-02-12 07:00:00,47.63,47.73,46.65,46.85,118100
2025-02-13 07:00:00,46.95,47.63,46.51,46.75,243300
2025-02-14 07:00:00,47.34,47.73,46.51,46.95,300000
2025-02-17 07:00:00,47.14,49.29,47.14,47.63,526500
2025-02-18 07:00:00,47.82,48.21,47.38,47.68,137900
2025-02-19 07:00:00,47.53,48.8,45.87,46.85,564700
2025-02-20 07:00:00,46.7,48.12,46.46,48.07,213700
2025-02-21 07:00:00,48.26,48.56,47.24,47.34,188700
2025-02-24 07:00:00,47.34,47.43,46.51,46.95,193000
2025-02-25 07:00:00,46.95,47.29,46.41,46.6,149400
2025-02-26 07:00:00,46.6,47.34,46.6,46.85,192900
2025-02-27 07:00:00,46.85,47.14,46.51,46.75,99400
2025-02-28 07:00:00,46.8,46.8,45.97,46.75,159700
2025-03-03 07:00:00,47.24,47.24,46.21,46.26,187300
2025-03-04 07:00:00,46.16,46.26,45.77,45.92,175900
2025-03-05 07:00:00,45.87,46.07,45.09,45.14,277000
2025-03-06 07:00:00,45.14,45.68,44.7,45.48,69700
2025-03-07 07:00:00,45.58,45.97,45.43,45.48,113300
2025-03-10 07:00:00,45.48,45.58,44.8,44.85,162100
2025-03-11 07:00:00,45.19,45.73,44.12,45.48,189600
2025-03-12 07:00:00,45.82,47.82,45.38,47.73,506600
2025-03-13 07:00:00,48.31,48.31,47.04,47.04,302500
2025-03-14 07:00:00,47.04,47.38,46.9,47.04,185200
2025-03-17 07:00:00,47.04,47.04,45.87,46.26,172100
2025-03-18 07:00:00,46.46,46.85,45.68,46.85,97700
2025-03-19 07:00:00,47.43,50.07,47.04,50.07,1270500
2025-03-20 07:00:00,51.24,51.24,49.58,50.75,407400
2025-03-21 07:00:00,51.24,52.02,50.36,50.36,373400
2025-03-24 07:00:00,50.36,50.36,46.85,46.85,1114500
2025-03-25 07:00:00,46.02,46.26,43.97,44.07,966400
2025-03-26 07:00:00,44.12,45.24,44.12,44.51,229800
2025-03-27 07:00:00,44.51,44.8,44.21,44.55,94400
2025-03-28 07:00:00,44.51,44.75,44.41,44.46,150600
2025-03-31 07:00:00,43.82,44.26,43.43,43.48,194600
2025-04-01 07:00:00,43.58,44.65,43.58,43.92,98100
2025-04-02 07:00:00,44.02,44.7,43.92,44.16,79900
2025-04-03 07:00:00,42.94,43.82,41.09,41.09,373000
2025-04-04 07:00:00,38.26,41.09,38.26,40.65,212500
2025-04-08 07:00:00,39.04,40.02,37.82,37.82,276900
2025-04-09 07:00:00,36.11,40.46,35.23,38.5,232900
2025-04-10 07:00:00,41.19,41.19,41.19,41.19,9600
2025-04-11 07:00:00,41.97,43.24,41.19,42.9,260700
2025-04-14 07:00:00,42.94,43.43,41.97,42.85,170100
2025-04-15 07:00:00,42.85,42.85,41.77,42.02,69300
2025-04-16 07:00:00,41.19,42.26,41.19,41.87,61700
2025-04-17 07:00:00,41.48,42.11,41.09,42.02,50500
2025-04-18 07:00:00,42.46,42.75,41.97,42.41,53700
2025-04-21 07:00:00,42.16,42.85,42.16,42.41,26400
2025-04-22 07:00:00,42.85,42.85,40.02,40.99,117600
2025-04-23 07:00:00,42.75,42.75,41.63,41.87,41100
2025-04-24 07:00:00,41.97,42.99,41.97,42.55,45700
2025-04-25 07:00:00,42.6,42.6,41.77,41.77,46400
2025-04-28 07:00:00,41.97,42.16,41.58,41.97,56100
2025-04-29 07:00:00,41.97,42.02,41.77,41.97,20400
2025-05-05 07:00:00,42.85,42.85,41.82,42.46,24300
2025-05-06 07:00:00,41.97,42.65,41.97,42.46,48300
2025-05-07 07:00:00,42.46,44.07,42.46,43.33,134900
2025-05-08 07:00:00,43.43,46.21,43.43,45.87,370100
2025-05-09 07:00:00,45.58,48.12,45.58,48.12,621500
2025-05-12 07:00:00,48.8,48.8,47.78,48.17,268000
2025-05-13 07:00:00,47.73,47.97,46.16,46.36,309000
2025-05-14 07:00:00,46.56,47.68,46.56,46.85,95100
2025-05-15 07:00:00,46.12,48.26,46.12,48.02,212900
2025-05-16 07:00:00,47.82,47.82,47.19,47.24,76800
2025-05-19 07:00:00,46.9,49.48,46.85,48.75,301900
2025-05-20 07:00:00,48.8,49.38,48.31,48.31,294500
2025-05-21 07:00:00,49.09,49.29,48.02,49.0,202500
2025-05-22 07:00:00,49.0,50.26,48.17,49.38,379800
2025-05-23 07:00:00,50.75,52.8,50.07,50.75,707400
2025-05-26 07:00:00,51.73,53.39,51.44,53.39,1262400
2025-05-27 07:00:00,53.39,53.48,51.44,51.53,306600
2025-05-28 07:00:00,51.24,51.24,49.58,49.97,550500
2025-05-29 07:00:00,50.46,51.53,50.17,51.14,190600
2025-05-30 07:00:00,51.14,51.92,50.46,50.75,169600
2025-06-02 07:00:00,51.24,51.34,50.46,51.24,196900
2025-06-03 07:00:00,51.53,51.53,50.56,50.75,131500
2025-06-04 07:00:00,50.75,50.85,50.26,50.46,250900
2025-06-05 07:00:00,50.46,50.85,50.46,50.75,213300
2025-06-06 07:00:00,50.85,50.95,50.36,50.95,174000
2025-06-09 07:00:00,50.55,50.75,49.37,49.67,200600
2025-06-10 07:00:00,49.76,50.36,49.47,49.96,72200
2025-06-11 07:00:00,49.76,50.45,49.67,49.76,69000
2025-06-12 07:00:00,50.26,50.26,49.67,50.16,51800
2025-06-13 07:00:00,49.96,50.26,49.67,49.67,119500
2025-06-16 07:00:00,49.67,51.24,49.67,50.85,115800
2025-06-17 07:00:00,50.95,51.54,50.36,50.85,66900
2025-06-18 07:00:00,50.85,50.85,50.16,50.55,63100
2025-06-19 07:00:00,50.55,50.55,49.76,50.55,52200
2025-06-20 07:00:00,50.36,51.05,50.36,50.85,65000
2025-06-23 07:00:00,49.86,50.45,49.86,50.36,62500
2025-06-24 07:00:00,50.55,50.75,50.16,50.55,34600
2025-06-25 07:00:00,50.55,50.55,50.16,50.45,39100
2025-06-26 07:00:00,50.85,50.85,49.96,50.36,44800
2025-06-27 07:00:00,49.96,50.65,49.96,50.65,77700
2025-06-30 07:00:00,51.14,51.24,50.45,50.85,43700
2025-07-01 07:00:00,50.45,50.85,50.45,50.85,70900
2025-07-02 07:00:00,51.24,53.21,51.14,51.24,282000
2025-07-03 07:00:00,51.24,52.03,50.65,50.85,121200
2025-07-04 07:00:00,51.14,51.24,50.55,51.24,94900
2025-07-07 07:00:00,51.54,52.03,51.05,51.24,93900
2025-07-08 07:00:00,51.24,51.93,51.05,51.44,116500
2025-07-09 07:00:00,51.14,53.02,51.14,51.83,252800
2025-07-10 07:00:00,52.23,53.02,51.54,51.93,72400
2025-07-11 07:00:00,52.03,52.03,51.05,51.14,145300
2025-07-14 07:00:00,51.24,51.64,50.95,51.05,97000
2025-07-15 07:00:00,51.54,51.54,50.75,51.14,250200
2025-07-16 07:00:00,51.14,51.24,50.95,51.05,130900
2025-07-17 07:00:00,51.14,51.14,50.85,51.05,189900
2025-07-18 07:00:00,51.34,51.34,50.75,50.95,169300
2025-07-21 07:00:00,51.64,52.42,51.05,51.24,272400
2025-07-22 07:00:00,51.24,51.83,51.05,51.44,112000
2025-07-23 07:00:00,51.44,52.33,51.24,51.24,168200
2025-07-24 07:00:00,51.74,51.74,51.05,51.24,173100
2025-07-25 07:00:00,51.05,51.24,50.95,51.14,118900
2025-07-28 07:00:00,51.34,51.74,50.95,51.14,145500
2025-07-29 07:00:00,51.14,51.24,50.26,50.26,337200
2025-07-30 07:00:00,50.75,50.75,49.76,49.76,180000
2025-07-31 07:00:00,49.76,51.24,49.57,51.24,154000
2025-08-01 07:00:00,51.74,52.72,51.05,51.93,233000
2025-08-04 07:00:00,51.74,53.9,51.74,53.51,458100
2025-08-05 07:00:00,54.1,54.1,52.42,53.02,163100
2025-08-06 07:00:00,52.62,52.92,51.44,51.83,144600
2025-08-07 07:00:00,51.93,52.23,51.44,51.64,72000
2025-08-08 07:00:00,51.54,53.21,51.34,53.12,259000
2025-08-11 07:00:00,53.21,53.51,52.23,52.33,60100
2025-08-12 07:00:00,52.62,52.92,51.83,52.23,62700
2025-08-13 07:00:00,52.72,54.1,51.83,53.8,455200
2025-08-14 07:00:00,54.2,54.3,52.92,53.21,82200
2025-08-15 07:00:00,52.82,54.89,52.52,54.2,974900
2025-08-18 07:00:00,54.3,54.79,53.02,54.1,128100
2025-08-19 07:00:00,54.1,55.68,53.12,53.51,184500
2025-08-20 07:00:00,53.51,53.51,51.05,52.03,323700
2025-08-21 07:00:00,52.03,53.51,51.34,53.21,317500
2025-08-22 07:00:00,53.12,53.12,51.74,52.42,38100
2025-08-25 07:00:00,52.42,53.21,51.14,51.93,166200
2025-08-26 07:00:00,51.34,51.93,51.34,51.83,52200
2025-08-27 07:00:00,51.83,53.12,51.64,51.74,94000
2025-08-28 07:00:00,51.74,52.23,51.54,51.54,51400
2025-08-29 07:00:00,51.54,53.21,50.75,53.02,248100
2025-09-03 07:00:00,51.34,54.1,51.34,53.9,127500
2025-09-04 07:00:00,53.31,54.2,52.33,53.9,103500
2025-09-05 07:00:00,53.9,53.9,52.82,53.02,33200
2025-09-08 07:00:00,53.61,54.69,52.03,54.59,210100
2025-09-09 07:00:00,55.09,55.09,53.61,54.1,39300
2025-09-10 07:00:00,54.2,54.69,53.61,53.71,74600
2025-09-11 07:00:00,53.9,55.09,53.61,53.61,209400
2025-09-12 07:00:00,53.61,54.1,53.41,53.71,65200
2025-09-15 07:00:00,53.71,54.2,53.21,53.8,71500
2025-09-16 07:00:00,53.8,53.8,52.42,52.52,118300
2025-09-17 07:00:00,52.33,53.21,52.33,53.21,24300
2025-09-18 07:00:00,52.52,53.21,52.23,52.33,34900
2025-09-19 07:00:00,52.33,52.72,52.33,52.62,8500
2025-09-22 07:00:00,52.92,52.92,51.93,52.42,51300
2025-09-23 07:00:00,52.42,52.52,52.13,52.52,10300
2025-09-24 07:00:00,52.23,52.42,51.93,52.33,18900
2025-09-25 07:00:00,52.23,52.72,52.03,52.42,22500
2025-09-26 07:00:00,52.42,52.42,51.83,52.23,50300
2025-09-29 07:00:00,52.23,52.33,51.83,51.93,22600
2025-09-30 07:00:00,51.93,52.13,51.44,52.13,60900
2025-10-01 07:00:00,52.13,52.33,51.74,52.23,21400
2025-10-02 07:00:00,51.93,52.03,51.64,51.74,31400
2025-10-03 07:00:00,51.44,52.13,51.44,51.74,10900
2025-10-06 07:00:00,51.74,52.03,51.64,51.64,25100
2025-10-07 07:00:00,51.64,51.64,51.44,51.64,20100
2025-10-08 07:00:00,51.64,51.83,51.34,51.34,34900
2025-10-09 07:00:00,51.93,51.93,50.45,51.24,50900
2025-10-10 07:00:00,51.24,51.24,50.45,51.14,41600
2025-10-13 07:00:00,51.14,51.14,50.06,50.26,42100
2025-10-14 07:00:00,50.26,51.14,49.76,49.96,59200
2025-10-15 07:00:00,49.96,50.26,49.96,50.26,24000
2025-10-16 07:00:00,50.26,50.26,49.67,49.86,17900
2025-10-17 07:00:00,49.86,50.55,49.57,49.86,28700
2025-10-20 07:00:00,49.86,49.86,47.3,47.3,71000
2025-10-21 07:00:00,47.6,49.27,47.6,48.78,37800
2025-10-22 07:00:00,48.78,49.67,48.53,49.02,21900
2025-10-23 07:00:00,48.93,49.27,48.19,48.78,16100
2025-10-24 07:00:00,48.78,48.78,46.32,48.29,63300
2025-10-27 07:00:00,48.58,48.58,47.3,48.24,30800
2025-10-28 07:00:00,48.24,48.48,46.81,48.24,69200
2025-10-29 07:00:00,48.24,48.29,48.04,48.09,31200
2025-10-30 07:00:00,48.04,48.04,46.66,47.84,111000
2025-10-31 07:00:00,47.79,49.37,47.3,49.37,54400
2025-11-03 07:00:00,49.27,49.27,46.81,48.78,61400
2025-11-04 07:00:00,48.29,48.68,47.89,48.24,38400
2025-11-05 07:00:00,48.29,48.29,47.5,48.14,41200
2025-11-06 07:00:00,48.29,48.78,48.14,48.73,16600
2025-11-07 07:00:00,48.68,48.68,47.79,47.94,37200
2025-11-10 07:00:00,48.38,48.78,48.29,48.58,62000
2025-11-11 07:00:00,48.73,48.78,48.29,48.53,22900
2025-11-12 07:00:00,48.53,49.02,48.29,48.73,14600
2025-11-13 07:00:00,49.08,49.08,47.3,47.3,110900
2025-11-14 07:00:00,47.6,48.29,47.6,47.99,17400
2025-11-17 07:00:00,47.99,48.09,46.76,47.6,211700
2025-11-18 07:00:00,47.3,47.7,47.3,47.7,14900
2025-11-19 07:00:00,47.7,47.74,46.32,46.56,152600
2025-11-20 07:00:00,46.56,46.91,46.51,46.56,85100
2025-11-21 07:00:00,46.56,46.56,45.28,45.43,128100
2025-11-24 07:00:00,45.43,46.66,45.43,46.61,33800
2025-11-25 07:00:00,46.61,46.81,45.53,46.32,157600
2025-11-26 07:00:00,45.82,46.76,45.82,46.71,21800
2025-11-27 07:00:00,46.71,47.1,46.32,46.81,103200
2025-11-28 07:00:00,46.81,47.06,46.81,46.91,24400
2025-12-01 07:00:00,46.81,48.58,45.63,48.58,188000
2025-12-02 07:00:00,48.73,49.86,48.73,49.67,97800
2025-12-03 07:00:00,50.06,50.06,48.78,49.37,77100
2025-12-04 07:00:00,49.37,49.37,48.88,49.37,33800
2025-12-05 07:00:00,49.37,49.67,48.98,49.47,51100
2025-12-08 07:00:00,49.27,49.47,47.89,48.48,265500
2025-12-09 07:00:00,48.68,48.93,48.04,48.38,58600
2025-12-10 07:00:00,48.38,48.38,47.79,47.99,61500
2025-12-11 07:00:00,47.35,48.78,47.3,48.29,21700
2025-12-12 07:00:00,48.29,48.29,47.5,47.89,6800
2025-12-15 07:00:00,47.3,47.84,47.3,47.84,34000
2025-12-16 07:00:00,47.89,48.29,47.4,48.29,34100
2025-12-17 07:00:00,48.58,49.27,47.45,48.88,70300
2025-12-18 07:00:00,48.58,48.83,47.79,48.78,13500
2025-12-19 07:00:00,48.19,49.76,47.89,49.17,99600
2025-12-22 07:00:00,49.17,49.76,49.17,49.57,52100
2025-12-23 07:00:00,49.57,49.76,49.27,49.47,60900
2025-12-24 07:00:00,48.38,49.37,48.38,49.37,7300
2025-12-25 07:00:00,49.27,49.86,49.27,49.86,34500
2025-12-26 07:00:00,49.86,49.86,48.48,49.76,71800
2025-12-29 07:00:00,49.67,49.96,49.27,49.96,34000
2025-12-30 07:00:00,49.96,51.64,49.96,50.95,103500
2025-12-31 07:00:00,50.95,52.42,50.95,51.74,96300
2026-01-05 07:00:00,51.74,51.74,50.85,51.34,69500
2026-01-06 07:00:00,51.34,51.54,49.76,51.05,31400
2026-01-07 07:00:00,50.55,51.74,50.45,51.74,90300
2026-01-08 07:00:00,51.64,52.03,51.24,51.74,36500
2026-01-09 07:00:00,51.54,51.83,51.24,51.74,43800
2026-01-12 07:00:00,51.54,51.93,51.44,51.54,61400
2026-01-13 07:00:00,51.34,52.82,51.34,52.33,88100
2026-01-14 07:00:00,52.33,52.82,52.33,52.42,47900
2026-01-15 07:00:00,52.42,52.92,52.23,52.92,57700
2026-01-16 07:00:00,53.51,53.8,53.21,53.41,56600
2026-01-19 07:00:00,53.71,54.2,53.61,53.71,28100
2026-01-20 07:00:00,54.1,54.1,52.82,52.82,61100
2026-01-21 07:00:00,52.82,53.12,52.82,52.82,83800
2026-01-22 07:00:00,53.61,53.61,52.72,52.82,31000
2026-01-23 07:00:00,52.62,53.21,52.62,52.92,86600
2026-01-26 07:00:00,52.82,53.21,52.82,53.12,27500
2026-01-27 07:00:00,52.23,52.92,52.23,52.92,23200
2026-01-28 07:00:00,52.92,53.02,52.82,53.02,31600
2026-01-29 07:00:00,52.82,53.02,52.82,53.02,47900
2026-01-30 07:00:00,53.02,53.51,53.02,53.41,51500
2026-02-02 07:00:00,53.31,53.41,52.62,53.21,32300
2026-02-03 07:00:00,53.21,53.51,53.02,53.31,39800
2026-02-04 07:00:00,53.21,53.41,53.21,53.31,28900
2026-02-05 07:00:00,53.31,53.51,53.31,53.41,14600
2026-02-06 07:00:00,53.31,53.51,52.82,53.31,100400
2026-02-09 07:00:00,52.92,53.31,52.92,53.21,11300
2026-02-10 07:00:00,52.92,53.21,52.72,53.02,44100
2026-02-11 07:00:00,52.82,53.12,52.72,53.12,38800
2026-02-12 07:00:00,53.12,53.12,52.72,53.02,25800
2026-02-13 07:00:00,52.33,52.72,52.33,52.62,16800
2026-02-23 07:00:00,52.23,53.21,52.23,52.92,28300
2026-02-24 07:00:00,52.92,53.41,52.92,53.12,44000
2026-02-25 07:00:00,53.12,53.31,53.12,53.12,19600
2026-02-26 07:00:00,53.02,53.41,53.02,53.12,11300
2026-02-27 07:00:00,53.12,53.41,53.12,53.21,44700
2026-03-02 07:00:00,52.23,53.41,51.44,53.21,10300
2026-03-03 07:00:00,53.21,53.41,53.02,53.21,22000
2026-03-04 07:00:00,53.21,53.41,52.82,53.41,179600
2026-03-05 07:00:00,53.51,53.51,53.31,53.51,28000
2026-03-06 07:00:00,53.71,53.71,53.12,53.12,26800
2026-03-09 07:00:00,52.13,53.61,52.13,52.92,186900
2026-03-10 07:00:00,52.92,56.17,52.92,55.58,187900
2026-03-11 07:00:00,56.07,56.17,55.58,55.87,267600
2026-03-12 07:00:00,55.87,55.97,54.59,55.28,50700
2026-03-13 07:00:00,54.89,55.87,54.2,54.2,77000
2026-03-16 07:00:00,54.3,55.87,54.3,54.79,113900
2026-03-17 07:00:00,55.68,55.68,54.79,55.28,35200
2026-03-18 07:00:00,54.79,55.18,54.2,54.3,51000
2026-03-19 07:00:00,54.4,54.5,54.2,54.2,31500
2026-03-20 07:00:00,53.9,54.59,53.51,53.71,70000
2026-03-23 07:00:00,53.71,53.9,52.92,53.61,90700
2026-03-24 07:00:00,53.9,54.2,53.61,54.2,14100
2026-03-25 07:00:00,54.2,54.5,53.41,54.4,46500
2026-03-26 07:00:00,54.59,54.59,53.71,53.71,25600
2026-03-27 07:00:00,53.61,54.0,53.61,54.0,17600
2026-03-30 07:00:00,53.8,54.2,53.31,54.2,123000
2026-03-31 07:00:00,54.2,54.5,53.9,53.9,11800
2026-04-01 07:00:00,54.0,54.99,54.0,54.89,48900
2026-04-02 07:00:00,54.89,54.89,54.59,54.79,12200
2026-04-03 07:00:00,55.09,55.09,54.5,54.89,25400
2026-04-06 07:00:00,55.18,55.18,54.5,54.89,17700
2026-04-07 07:00:00,54.79,54.79,54.4,54.69,12700
2026-04-08 07:00:00,55.18,55.18,54.3,54.79,30400
2026-04-09 07:00:00,55.78,55.78,54.69,54.79,30600
2026-04-10 07:00:00,54.89,54.89,54.69,54.69,24200
2026-04-13 07:00:00,54.5,55.18,54.5,55.09,34700
2026-04-14 07:00:00,55.09,55.48,55.09,55.18,29200
2026-04-15 07:00:00,55.38,55.38,54.99,55.09,28200
2026-04-16 07:00:00,55.38,55.38,54.2,55.09,35800
2026-04-17 07:00:00,54.69,55.38,54.69,55.38,24500
2026-04-20 07:00:00,55.58,55.58,54.69,55.18,32700
2026-04-21 07:00:00,55.18,55.18,54.3,54.3,6200
2026-04-22 07:00:00,54.0,54.0,50.55,50.55,59200
2026-04-23 07:00:00,50.55,50.55,49.02,49.08,29200
2026-04-24 07:00:00,47.3,48.43,47.3,47.65,31300
2026-04-28 07:00:00,46.32,47.25,46.32,46.81,18300
2026-04-29 07:00:00,46.32,50.06,45.92,50.06,31100
