time,open,high,low,close,volume
2016-11-10 07:00:00,18.17,18.4,17.89,18.0,233850
2016-11-11 07:00:00,18.0,18.29,17.83,18.08,105990
2016-11-14 07:00:00,17.94,18.39,17.94,17.94,198830
2016-11-15 07:00:00,18.0,18.06,17.67,17.74,162860
2016-11-16 07:00:00,17.73,17.75,17.47,17.49,160290
2016-11-17 07:00:00,17.49,18.02,17.49,17.77,150580
2016-11-18 07:00:00,17.61,18.0,17.61,17.83,69310
2016-11-21 07:00:00,17.87,18.05,17.83,17.89,47690
2016-11-22 07:00:00,17.84,18.79,17.84,18.79,273000
2016-11-23 07:00:00,18.74,18.86,18.29,18.51,241160
2016-11-24 07:00:00,18.51,18.74,18.51,18.53,68530
2016-11-25 07:00:00,18.54,18.74,18.29,18.63,107770
2016-11-28 07:00:00,18.57,18.91,18.57,18.57,286650
2016-11-29 07:00:00,18.74,18.74,18.57,18.63,112320
2016-11-30 07:00:00,18.63,18.86,18.51,18.86,196420
2016-12-01 07:00:00,18.86,19.14,18.86,18.91,249290
2016-12-02 07:00:00,19.05,19.05,18.86,18.86,167130
2016-12-05 07:00:00,18.74,18.74,17.94,17.94,249980
2016-12-06 07:00:00,17.94,18.27,17.54,17.6,298940
2016-12-07 07:00:00,17.54,17.7,17.15,17.62,180290
2016-12-08 07:00:00,17.93,17.93,17.54,17.71,97210
2016-12-09 07:00:00,17.71,17.83,17.6,17.71,81800
2016-12-12 07:00:00,17.77,17.77,17.44,17.44,84390
2016-12-13 07:00:00,17.39,17.54,17.27,17.44,84180
2016-12-14 07:00:00,17.37,17.71,17.37,17.71,71500
2016-12-15 07:00:00,17.81,17.81,17.58,17.58,110950
2016-12-16 07:00:00,17.49,17.63,17.43,17.53,52320
2016-12-19 07:00:00,17.83,18.11,16.91,17.26,1394910
2016-12-20 07:00:00,17.14,17.67,17.04,17.67,292650
2016-12-21 07:00:00,17.67,17.82,17.6,17.79,156770
2016-12-22 07:00:00,17.71,17.79,17.55,17.71,249980
2016-12-23 07:00:00,17.73,17.81,17.66,17.69,198200
2016-12-26 07:00:00,17.71,18.16,17.71,18.16,280350
2016-12-27 07:00:00,18.16,18.4,18.07,18.23,252970
2016-12-28 07:00:00,18.23,18.23,18.07,18.19,141150
2016-12-29 07:00:00,18.17,18.29,18.0,18.17,319690
2016-12-30 07:00:00,17.93,18.06,17.77,17.83,739330
2017-01-03 07:00:00,17.83,17.94,17.71,17.91,127640
2017-01-04 07:00:00,17.91,18.03,17.84,17.98,75090
2017-01-05 07:00:00,17.98,18.03,17.94,18.03,116930
2017-01-06 07:00:00,18.02,18.16,17.94,18.03,210050
2017-01-09 07:00:00,18.06,18.06,17.89,17.91,126740
2017-01-10 07:00:00,17.85,18.1,17.73,17.97,180070
2017-01-11 07:00:00,18.0,18.29,18.0,18.29,348450
2017-01-12 07:00:00,18.29,18.56,18.29,18.29,205680
2017-01-13 07:00:00,18.29,18.32,18.18,18.23,84390
2017-01-16 07:00:00,18.17,18.29,18.11,18.11,83590
2017-01-17 07:00:00,18.06,18.11,18.0,18.06,106820
2017-01-18 07:00:00,18.07,18.13,18.06,18.06,82110
2017-01-19 07:00:00,18.17,18.17,18.0,18.0,37760
2017-01-20 07:00:00,17.95,18.29,17.95,18.23,74860
2017-01-23 07:00:00,18.27,18.27,18.0,18.09,62600
2017-01-24 07:00:00,18.09,18.17,18.06,18.17,120870
2017-01-25 07:00:00,18.17,18.29,18.11,18.29,82160
2017-02-02 07:00:00,18.4,19.31,18.3,19.31,422570
2017-02-03 07:00:00,19.31,19.53,19.1,19.2,122970
2017-02-06 07:00:00,19.2,19.53,19.04,19.49,249400
2017-02-07 07:00:00,19.43,19.53,19.37,19.47,200400
2017-02-08 07:00:00,19.43,19.47,19.09,19.29,204010
2017-02-09 07:00:00,19.29,19.3,18.89,19.09,249940
2017-02-10 07:00:00,19.09,19.37,19.09,19.23,131350
2017-02-13 07:00:00,19.31,19.87,19.31,19.79,399340
2017-02-14 07:00:00,19.86,19.87,19.66,19.66,113620
2017-02-15 07:00:00,19.66,19.86,19.54,19.77,112270
2017-02-16 07:00:00,19.74,20.34,19.74,19.77,224120
2017-02-17 07:00:00,19.77,20.06,19.51,19.66,438000
2017-02-20 07:00:00,19.66,19.66,19.2,19.2,213330
2017-02-21 07:00:00,19.2,19.43,19.2,19.26,114080
2017-02-22 07:00:00,19.31,19.37,18.91,18.98,203790
2017-02-23 07:00:00,18.97,19.09,18.69,18.89,242260
2017-02-24 07:00:00,18.74,18.97,18.51,18.97,189820
2017-02-27 07:00:00,19.37,19.77,19.2,19.27,338060
2017-02-28 07:00:00,19.2,19.31,19.1,19.1,115880
2017-03-01 07:00:00,19.09,19.09,18.96,19.03,104490
2017-03-02 07:00:00,18.98,19.31,18.97,19.09,100290
2017-03-03 07:00:00,19.09,19.11,18.97,19.01,106870
2017-03-06 07:00:00,19.09,19.14,18.97,19.01,95580
2017-03-07 07:00:00,19.01,19.23,18.86,19.19,116510
2017-03-08 07:00:00,19.3,19.7,19.2,19.41,278100
2017-03-09 07:00:00,19.41,19.43,19.28,19.31,41170
2017-03-10 07:00:00,19.31,19.41,19.27,19.31,54480
2017-03-13 07:00:00,19.49,19.63,19.37,19.41,223660
2017-03-14 07:00:00,19.43,19.66,19.43,19.66,242660
2017-03-15 07:00:00,19.77,19.99,19.73,19.89,357810
2017-03-16 07:00:00,20.17,20.19,19.49,19.54,349140
2017-03-17 07:00:00,19.54,19.7,19.31,19.62,236840
2017-03-20 07:00:00,19.77,19.77,19.55,19.63,91340
2017-03-21 07:00:00,19.61,19.75,19.61,19.7,141970
2017-03-22 07:00:00,19.62,19.66,19.31,19.34,254390
2017-03-23 07:00:00,19.34,19.42,19.18,19.26,175150
2017-03-24 07:00:00,19.37,19.41,19.26,19.28,105010
2017-03-27 07:00:00,19.28,19.43,18.95,18.97,356790
2017-03-28 07:00:00,18.97,19.18,18.86,18.97,131620
2017-03-29 07:00:00,18.97,19.22,18.8,19.14,309790
2017-03-30 07:00:00,18.99,19.28,18.99,19.26,142470
2017-03-31 07:00:00,19.1,19.35,19.1,19.23,62910
2017-04-03 07:00:00,19.31,19.31,19.04,19.14,155160
2017-04-04 07:00:00,19.14,19.14,18.98,19.03,98080
2017-04-05 07:00:00,19.03,19.13,19.03,19.09,57020
2017-04-07 07:00:00,19.09,19.12,18.97,19.09,54260
2017-04-10 07:00:00,19.09,19.09,18.97,18.98,69450
2017-04-11 07:00:00,18.99,19.27,18.99,19.27,88220
2017-04-12 07:00:00,19.23,19.53,19.21,19.31,160680
2017-04-13 07:00:00,19.37,19.51,19.37,19.43,86350
2017-04-14 07:00:00,19.43,19.44,19.11,19.11,126310
2017-04-17 07:00:00,19.09,19.2,18.86,18.86,206180
2017-04-18 07:00:00,18.86,18.86,18.42,18.63,177340
2017-04-19 07:00:00,18.63,19.09,18.63,19.09,98260
2017-04-20 07:00:00,19.09,19.09,18.97,18.97,40210
2017-04-21 07:00:00,18.97,19.13,18.97,19.03,55150
2017-04-24 07:00:00,19.07,19.2,18.97,18.97,150250
2017-04-25 07:00:00,18.86,18.97,18.59,18.69,73220
2017-04-26 07:00:00,18.69,19.01,18.69,18.75,145010
2017-04-27 07:00:00,18.86,19.07,18.75,19.06,76780
2017-04-28 07:00:00,19.07,19.09,18.97,19.09,102600
2017-05-03 07:00:00,18.97,19.37,18.97,19.27,73610
2017-05-04 07:00:00,19.31,19.66,19.31,19.63,225890
2017-05-05 07:00:00,19.66,19.77,19.54,19.66,142540
2017-05-08 07:00:00,19.66,19.69,19.42,19.53,67420
2017-05-09 07:00:00,19.44,19.71,19.44,19.71,199170
2017-05-10 07:00:00,19.89,20.01,19.73,19.73,260390
2017-05-11 07:00:00,19.77,19.94,19.66,19.77,121850
2017-05-12 07:00:00,19.83,19.91,19.66,19.89,183350
2017-05-15 07:00:00,19.93,21.03,19.93,20.96,448540
2017-05-16 07:00:00,20.97,20.97,20.58,20.65,261360
2017-05-17 07:00:00,20.69,20.87,20.42,20.57,185390
2017-05-18 07:00:00,20.57,20.8,20.46,20.61,201390
2017-05-19 07:00:00,20.63,20.77,20.61,20.74,303350
2017-05-22 07:00:00,21.89,21.89,20.97,21.02,695190
2017-05-23 07:00:00,21.09,21.89,21.02,21.78,418500
2017-05-24 07:00:00,21.89,23.3,21.89,22.79,844050
2017-05-25 07:00:00,22.82,23.28,22.56,22.66,419610
2017-05-26 07:00:00,22.47,22.59,22.31,22.36,244610
2017-05-29 07:00:00,22.36,22.54,21.71,21.71,399320
2017-05-30 07:00:00,21.55,21.78,21.32,21.5,358640
2017-05-31 07:00:00,21.39,22.01,21.39,21.55,185320
2017-06-01 07:00:00,21.55,22.08,21.55,22.08,215340
2017-06-02 07:00:00,22.36,22.36,21.85,22.01,124580
2017-06-05 07:00:00,21.89,22.06,21.76,21.89,146690
2017-06-06 07:00:00,21.89,22.24,21.78,22.17,258430
2017-06-07 07:00:00,22.17,22.4,22.01,22.36,359430
2017-06-08 07:00:00,22.47,22.7,22.31,22.59,290590
2017-06-09 07:00:00,22.59,22.75,22.36,22.42,139610
2017-06-12 07:00:00,22.42,22.52,22.19,22.24,120460
2017-06-13 07:00:00,22.13,22.29,21.85,21.89,228320
2017-06-14 07:00:00,21.89,22.01,21.78,22.01,215100
2017-06-15 07:00:00,22.01,22.19,21.99,22.06,166790
2017-06-16 07:00:00,22.13,22.13,21.89,21.94,176730
2017-06-19 07:00:00,21.89,21.99,21.85,21.92,171770
2017-06-20 07:00:00,21.94,22.59,21.92,22.36,420950
2017-06-21 07:00:00,22.47,22.56,22.26,22.52,314390
2017-06-22 07:00:00,22.52,23.28,22.52,23.28,398150
2017-06-23 07:00:00,23.74,24.29,23.32,23.72,596460
2017-06-26 07:00:00,23.97,23.97,23.49,23.74,321990
2017-06-27 07:00:00,23.74,23.74,23.28,23.35,272110
2017-06-28 07:00:00,23.05,23.28,22.82,23.16,1111060
2017-06-29 07:00:00,23.16,23.51,23.07,23.28,404540
2017-06-30 07:00:00,23.49,23.97,23.46,23.72,519720
2017-07-03 07:00:00,23.69,24.04,23.62,23.69,554410
2017-07-04 07:00:00,23.62,24.08,23.55,23.85,333370
2017-07-05 07:00:00,23.97,23.97,23.67,23.67,247230
2017-07-06 07:00:00,23.67,23.74,23.51,23.67,357610
2017-07-07 07:00:00,23.65,23.83,23.65,23.74,352070
2017-07-10 07:00:00,23.74,23.74,23.05,23.39,317010
2017-07-11 07:00:00,23.39,23.51,23.16,23.39,282370
2017-07-12 07:00:00,23.39,23.65,23.28,23.62,201330
2017-07-13 07:00:00,23.72,23.72,23.42,23.65,162470
2017-07-14 07:00:00,23.62,23.65,23.51,23.51,150230
2017-07-17 07:00:00,23.51,24.18,23.51,23.78,566470
2017-07-18 07:00:00,23.62,23.69,23.39,23.55,156360
2017-07-19 07:00:00,23.55,23.6,23.39,23.53,195430
2017-07-20 07:00:00,23.51,23.51,23.05,23.16,421830
2017-07-21 07:00:00,23.16,23.28,22.24,22.36,744800
2017-07-24 07:00:00,22.36,22.75,22.36,22.49,334540
2017-07-25 07:00:00,22.59,22.77,22.54,22.72,219850
2017-07-26 07:00:00,22.72,23.28,22.72,23.05,218910
2017-07-27 07:00:00,23.05,23.16,22.84,22.93,207900
2017-07-28 07:00:00,22.93,23.28,22.93,23.28,256490
2017-07-31 07:00:00,23.28,23.35,23.05,23.16,230400
2017-08-01 07:00:00,23.16,23.28,22.84,22.93,187240
2017-08-02 07:00:00,22.86,23.16,22.84,22.93,183370
2017-08-03 07:00:00,22.84,23.25,22.84,23.07,327450
2017-08-04 07:00:00,23.51,24.55,23.39,24.55,975130
2017-08-07 07:00:00,24.89,25.33,24.68,25.17,992150
2017-08-08 07:00:00,25.12,25.14,24.59,24.66,401650
2017-08-09 07:00:00,24.43,24.45,23.97,24.04,642160
2017-08-10 07:00:00,23.97,24.34,23.74,24.25,314170
2017-08-11 07:00:00,24.2,24.55,24.13,24.38,357440
2017-08-14 07:00:00,24.43,24.71,24.31,24.55,229930
2017-08-15 07:00:00,24.55,25.01,24.55,24.73,384890
2017-08-16 07:00:00,24.78,25.01,24.71,24.75,266480
2017-08-17 07:00:00,24.66,24.75,24.34,24.34,434080
2017-08-18 07:00:00,24.34,24.61,24.08,24.34,319960
2017-08-21 07:00:00,24.34,24.48,24.25,24.43,278040
2017-08-22 07:00:00,24.48,24.59,24.22,24.22,199310
2017-08-23 07:00:00,24.22,24.31,23.95,23.97,452770
2017-08-24 07:00:00,23.97,24.34,23.95,24.29,444160
2017-08-25 07:00:00,24.31,24.41,24.11,24.34,275330
2017-08-28 07:00:00,24.38,24.41,24.22,24.41,385200
2017-08-29 07:00:00,24.5,24.89,24.48,24.68,509890
2017-08-30 07:00:00,24.66,25.35,24.64,25.24,1158810
2017-08-31 07:00:00,25.24,25.33,25.17,25.21,361660
2017-09-01 07:00:00,25.24,25.31,25.12,25.21,492190
2017-09-05 07:00:00,25.21,25.24,24.89,24.89,418240
2017-09-06 07:00:00,24.87,25.12,24.84,24.89,268760
2017-09-07 07:00:00,25.01,25.19,24.96,24.98,254140
2017-09-08 07:00:00,25.01,25.31,25.01,25.24,317800
2017-09-11 07:00:00,25.33,25.93,25.33,25.47,829940
2017-09-12 07:00:00,25.49,25.81,25.47,25.81,307880
2017-09-13 07:00:00,26.02,26.57,26.02,26.39,873330
2017-09-14 07:00:00,26.5,26.71,26.3,26.39,383810
2017-09-15 07:00:00,26.3,26.46,26.09,26.23,299400
2017-09-18 07:00:00,26.16,26.48,26.04,26.32,365170
2017-09-19 07:00:00,26.32,26.46,26.11,26.2,384620
2017-09-20 07:00:00,26.27,26.34,26.18,26.27,234100
2017-09-21 07:00:00,26.27,26.48,26.27,26.3,221340
2017-09-22 07:00:00,26.3,26.94,26.3,26.94,879430
2017-09-25 07:00:00,26.97,27.52,26.97,27.2,552100
2017-09-26 07:00:00,27.2,27.4,26.97,26.99,412600
2017-09-27 07:00:00,26.97,27.08,26.5,26.5,465320
2017-09-28 07:00:00,26.62,26.97,26.48,26.57,606770
2017-09-29 07:00:00,26.73,26.9,26.69,26.8,190250
2017-10-02 07:00:00,26.8,27.17,26.8,27.03,300420
2017-10-03 07:00:00,27.03,27.36,26.99,27.2,552510
2017-10-04 07:00:00,27.2,27.5,27.13,27.2,316560
2017-10-05 07:00:00,27.4,27.4,26.97,26.97,339310
2017-10-06 07:00:00,27.03,27.15,26.94,27.08,276260
2017-10-09 07:00:00,27.1,27.43,27.1,27.43,391870
2017-10-10 07:00:00,27.43,28.46,27.43,28.46,847320
2017-10-11 07:00:00,28.46,28.62,28.16,28.16,516070
2017-10-12 07:00:00,28.33,28.46,28.21,28.35,522850
2017-10-13 07:00:00,28.35,28.81,28.35,28.81,539360
2017-10-16 07:00:00,28.92,29.39,28.92,29.39,468240
2017-10-17 07:00:00,29.39,29.5,29.15,29.41,438880
2017-10-18 07:00:00,29.41,30.01,29.29,29.62,789940
2017-10-19 07:00:00,29.62,30.42,29.62,30.42,643740
2017-10-20 07:00:00,30.72,31.07,29.34,29.39,1759640
2017-10-23 07:00:00,29.27,29.36,28.92,28.92,886300
2017-10-24 07:00:00,28.79,29.5,28.79,29.5,806950
2017-10-25 07:00:00,29.62,30.26,29.62,30.26,586890
2017-10-26 07:00:00,30.65,30.65,29.62,30.03,906180
2017-10-27 07:00:00,29.98,30.19,29.8,30.19,498290
2017-10-30 07:00:00,30.51,30.51,29.73,29.92,586820
2017-10-31 07:00:00,29.85,29.92,29.62,29.62,380140
2017-11-01 07:00:00,29.71,29.71,29.15,29.25,613970
2017-11-02 07:00:00,29.15,29.25,27.45,27.66,1823520
2017-11-03 07:00:00,27.66,28.92,27.66,28.92,596960
2017-11-06 07:00:00,29.11,29.59,29.04,29.27,407030
2017-11-07 07:00:00,29.29,29.36,29.02,29.11,404420
2017-11-08 07:00:00,29.11,29.5,29.11,29.5,500630
2017-11-09 07:00:00,29.5,30.08,29.5,29.73,963520
2017-11-10 07:00:00,29.73,30.03,29.41,29.71,595520
2017-11-13 07:00:00,29.71,29.71,29.34,29.5,543700
2017-11-14 07:00:00,29.73,31.11,29.62,31.0,2057700
2017-11-15 07:00:00,31.0,31.48,30.77,30.77,715210
2017-11-16 07:00:00,30.77,31.18,30.65,31.0,589230
2017-11-17 07:00:00,31.11,31.23,30.68,30.88,682340
2017-11-20 07:00:00,30.88,31.46,30.74,31.46,767100
2017-11-21 07:00:00,31.46,31.94,31.46,31.46,965780
2017-11-22 07:00:00,31.46,31.85,31.21,31.69,813520
2017-11-23 07:00:00,31.81,31.94,31.34,31.53,680450
2017-11-24 07:00:00,31.41,31.57,31.25,31.48,540170
2017-11-27 07:00:00,31.53,31.64,30.31,30.65,1430020
2017-11-28 07:00:00,30.61,30.95,30.26,30.56,493330
2017-11-29 07:00:00,30.65,31.04,30.58,31.0,380520
2017-11-30 07:00:00,31.21,31.23,30.91,31.11,453750
2017-12-01 07:00:00,31.02,31.34,30.88,31.32,437480
2017-12-04 07:00:00,31.23,31.55,31.14,31.39,552520
2017-12-05 07:00:00,31.39,31.46,30.58,30.58,481740
2017-12-06 07:00:00,30.58,30.63,29.75,29.89,1041660
2017-12-07 07:00:00,30.19,30.26,29.66,29.66,529330
2017-12-08 07:00:00,29.66,30.01,29.55,29.73,370230
2017-12-11 07:00:00,29.27,29.68,29.11,29.32,565050
2017-12-12 07:00:00,29.34,29.71,28.35,29.15,788930
2017-12-13 07:00:00,29.15,29.36,28.6,28.6,425000
2017-12-14 07:00:00,28.58,29.85,28.58,29.85,512900
2017-12-15 07:00:00,29.96,30.54,29.78,30.42,410030
2017-12-18 07:00:00,30.42,30.74,30.33,30.42,386750
2017-12-19 07:00:00,30.42,30.95,30.21,30.88,710570
2017-12-20 07:00:00,30.88,30.88,30.42,30.65,607890
2017-12-21 07:00:00,29.96,30.42,29.85,29.85,891390
2017-12-22 07:00:00,29.75,30.54,29.75,30.42,462180
2017-12-25 07:00:00,30.35,30.42,30.03,30.19,422830
2017-12-26 07:00:00,30.19,30.58,30.19,30.42,314940
2017-12-27 07:00:00,30.42,30.49,29.85,29.96,601920
2017-12-28 07:00:00,29.96,30.31,29.96,30.15,843070
2017-12-29 07:00:00,30.17,30.7,30.15,30.19,2556830
2018-01-02 07:00:00,30.19,30.54,30.19,30.42,566400
2018-01-03 07:00:00,30.47,31.16,30.42,31.02,1132510
2018-01-04 07:00:00,30.91,31.21,30.88,31.09,678710
2018-01-05 07:00:00,31.11,31.11,30.61,30.74,733030
2018-01-08 07:00:00,30.54,30.65,30.19,30.26,752020
2018-01-09 07:00:00,30.26,30.42,29.94,30.31,854350
2018-01-10 07:00:00,30.31,30.65,30.19,30.58,726350
2018-01-11 07:00:00,30.31,30.54,30.31,30.4,432890
2018-01-12 07:00:00,30.01,30.4,29.98,30.01,761010
2018-01-15 07:00:00,30.01,30.1,29.96,30.08,426390
2018-01-16 07:00:00,30.17,30.31,29.96,30.17,502050
2018-01-17 07:00:00,29.5,30.17,29.5,29.5,699560
2018-01-18 07:00:00,29.39,29.85,29.04,29.85,472240
2018-01-19 07:00:00,29.85,29.85,29.25,29.39,374620
2018-01-22 07:00:00,29.41,30.31,29.34,29.62,328910
2018-01-25 07:00:00,29.73,30.08,29.29,29.73,735390
2018-01-26 07:00:00,29.85,29.92,29.32,29.32,282470
2018-01-29 07:00:00,29.32,29.32,27.96,28.53,1019580
2018-01-30 07:00:00,28.81,29.25,28.51,29.02,429120
2018-01-31 07:00:00,29.02,29.02,28.58,28.92,418280
2018-02-01 07:00:00,28.81,30.93,28.51,30.93,467000
2018-02-02 07:00:00,29.85,29.96,29.18,29.18,852600
2018-02-05 07:00:00,29.04,29.04,28.12,28.46,695700
2018-02-06 07:00:00,27.66,27.77,26.62,27.43,1006780
2018-02-07 07:00:00,28.09,28.33,27.77,27.77,458750
2018-02-08 07:00:00,28.0,28.0,27.08,27.36,331600
2018-02-09 07:00:00,26.5,26.5,25.58,25.81,895800
2018-02-12 07:00:00,26.5,26.5,25.7,26.25,570900
2018-02-13 07:00:00,26.27,27.77,26.27,27.66,192920
2018-02-21 07:00:00,27.89,28.42,27.89,28.35,200190
2018-02-22 07:00:00,28.12,28.33,27.43,27.43,303130
2018-02-23 07:00:00,27.54,27.68,27.45,27.61,207380
2018-02-26 07:00:00,27.66,28.23,27.61,27.89,478400
2018-02-27 07:00:00,28.12,29.04,27.66,29.04,746580
2018-02-28 07:00:00,28.81,28.92,28.46,28.58,351460
2018-03-01 07:00:00,28.35,28.58,28.0,28.23,277590
2018-03-02 07:00:00,27.89,28.07,27.59,28.0,690310
2018-03-05 07:00:00,28.12,28.21,27.5,27.54,768540
2018-03-06 07:00:00,27.54,27.56,26.5,26.97,609300
2018-03-07 07:00:00,26.73,26.73,26.2,26.3,619200
2018-03-08 07:00:00,26.32,26.73,26.32,26.53,243880
2018-03-09 07:00:00,26.73,26.85,26.5,26.76,244020
2018-03-12 07:00:00,26.76,27.15,26.76,26.97,192120
2018-03-13 07:00:00,26.97,26.99,26.62,26.73,219390
2018-03-14 07:00:00,26.97,27.13,26.5,26.5,250220
2018-03-15 07:00:00,26.5,26.5,26.16,26.16,349720
2018-03-16 07:00:00,26.73,26.73,25.58,26.14,481790
2018-03-19 07:00:00,26.85,27.2,26.73,26.97,527170
2018-03-20 07:00:00,27.13,27.89,26.99,27.66,673160
2018-03-21 07:00:00,28.12,28.28,27.66,27.66,433980
2018-03-22 07:00:00,27.66,28.03,27.2,27.22,293790
2018-03-23 07:00:00,26.5,27.2,26.3,26.78,278400
2018-03-26 07:00:00,26.5,27.29,26.5,26.5,224100
2018-03-27 07:00:00,26.5,26.83,26.27,26.27,341730
2018-03-28 07:00:00,26.27,26.48,26.09,26.09,314920
2018-03-29 07:00:00,26.27,26.39,25.77,26.07,351580
2018-03-30 07:00:00,26.04,26.25,26.0,26.0,183280
2018-04-02 07:00:00,26.0,26.07,25.35,25.37,767210
2018-04-03 07:00:00,25.37,25.37,23.74,23.74,1076000
2018-04-04 07:00:00,23.74,24.59,23.74,24.18,511510
2018-04-05 07:00:00,24.31,24.84,24.29,24.29,215460
2018-04-06 07:00:00,24.29,24.78,24.15,24.27,265350
2018-04-09 07:00:00,24.38,24.43,23.81,23.83,306530
2018-04-10 07:00:00,23.83,23.85,23.28,23.28,506380
2018-04-11 07:00:00,23.28,23.62,23.0,23.0,525250
2018-04-12 07:00:00,23.05,23.85,23.0,23.85,495810
2018-04-13 07:00:00,24.2,24.29,23.97,24.29,542420
2018-04-16 07:00:00,24.43,24.55,24.2,24.43,343280
2018-04-17 07:00:00,24.48,24.55,24.2,24.25,244320
2018-04-18 07:00:00,24.2,24.25,23.74,23.74,206100
2018-04-19 07:00:00,23.83,23.83,22.59,22.59,314620
2018-04-20 07:00:00,23.05,23.53,22.82,23.53,338220
2018-04-23 07:00:00,24.2,25.08,24.18,24.66,685820
2018-04-24 07:00:00,24.54,24.87,24.43,24.59,220980
2018-04-26 07:00:00,24.54,24.66,23.4,23.45,338620
2018-04-27 07:00:00,23.5,23.96,23.03,23.73,330400
2018-05-02 07:00:00,23.73,24.66,23.61,23.61,254610
2018-05-03 07:00:00,23.73,23.73,23.31,23.64,258960
2018-05-04 07:00:00,23.73,23.96,23.57,23.61,184450
2018-05-07 07:00:00,23.61,25.15,23.61,25.13,597020
2018-05-08 07:00:00,25.31,25.31,24.47,24.57,297750
2018-05-09 07:00:00,24.43,24.89,24.38,24.64,262950
2018-05-10 07:00:00,24.54,24.64,23.26,23.26,530300
2018-05-11 07:00:00,23.24,23.96,23.24,23.96,310160
2018-05-14 07:00:00,24.2,24.54,23.87,24.43,273900
2018-05-15 07:00:00,24.43,25.01,24.31,24.85,474040
2018-05-16 07:00:00,24.66,24.85,24.33,24.43,201990
2018-05-17 07:00:00,24.31,24.52,24.01,24.01,309370
2018-05-18 07:00:00,23.96,24.66,23.75,24.66,301160
2018-05-21 07:00:00,25.36,26.06,25.13,25.66,1188460
2018-05-22 07:00:00,25.61,25.68,24.82,25.36,423890
2018-05-23 07:00:00,25.36,26.29,25.06,26.29,872610
2018-05-24 07:00:00,26.5,26.71,26.1,26.45,681070
2018-05-25 07:00:00,26.43,26.52,25.59,25.59,611380
2018-05-28 07:00:00,25.13,25.36,23.8,23.8,1155930
2018-05-29 07:00:00,23.8,24.89,23.5,24.43,551780
2018-05-30 07:00:00,24.43,24.66,23.8,23.96,440950
2018-05-31 07:00:00,23.96,24.71,23.8,24.71,340200
2018-06-01 07:00:00,24.66,25.36,24.33,25.36,607160
2018-06-04 07:00:00,25.36,25.94,25.13,25.36,528750
2018-06-05 07:00:00,25.36,25.87,25.24,25.8,550980
2018-06-06 07:00:00,25.82,27.57,25.8,27.57,1622250
2018-06-07 07:00:00,27.55,27.64,27.01,27.08,586210
2018-06-08 07:00:00,26.99,28.36,26.87,28.15,1050630
2018-06-11 07:00:00,27.8,28.85,27.64,28.55,863640
2018-06-12 07:00:00,27.99,28.27,27.13,27.94,1008440
2018-06-13 07:00:00,28.15,28.57,27.94,28.52,697380
2018-06-14 07:00:00,28.38,29.31,28.38,28.62,790730
2018-06-15 07:00:00,28.62,29.01,28.2,28.8,481440
2018-06-18 07:00:00,28.82,29.2,27.45,27.45,1070590
2018-06-19 07:00:00,26.87,27.31,25.54,26.75,1911210
2018-06-20 07:00:00,26.78,27.2,26.52,26.94,411110
2018-06-21 07:00:00,27.15,27.34,26.52,26.52,516060
2018-06-22 07:00:00,26.52,27.2,26.13,27.2,476580
2018-06-25 07:00:00,27.92,28.59,27.92,28.13,705100
2018-06-26 07:00:00,27.75,28.1,27.41,27.92,441230
2018-06-27 07:00:00,27.92,28.43,27.45,27.45,817170
2018-06-28 07:00:00,27.13,27.43,26.54,26.68,638030
2018-06-29 07:00:00,26.75,27.1,26.52,26.52,491140
2018-07-02 07:00:00,26.29,26.29,24.89,24.89,1026590
2018-07-03 07:00:00,24.92,25.24,23.29,23.29,1075280
2018-07-04 07:00:00,23.68,24.31,23.17,24.31,779570
2018-07-05 07:00:00,24.31,24.43,23.26,23.66,558520
2018-07-06 07:00:00,23.73,25.13,23.33,24.78,567910
2018-07-09 07:00:00,24.89,25.24,24.2,24.43,328540
2018-07-10 07:00:00,24.33,24.78,24.2,24.4,301970
2018-07-11 07:00:00,23.73,24.2,23.26,23.5,488530
2018-07-12 07:00:00,23.31,24.43,23.31,23.73,286890
2018-07-13 07:00:00,24.29,24.64,23.99,24.43,325760
2018-07-16 07:00:00,24.75,25.31,24.66,24.94,401950
2018-07-17 07:00:00,24.89,26.06,24.59,26.06,824160
2018-07-18 07:00:00,26.06,26.48,25.92,26.29,460950
2018-07-19 07:00:00,26.48,26.99,26.06,26.82,862370
2018-07-20 07:00:00,26.52,26.52,25.85,26.41,928360
2018-07-23 07:00:00,26.29,27.1,26.27,26.5,763720
2018-07-24 07:00:00,26.36,26.68,25.85,26.15,511920
2018-07-25 07:00:00,26.15,26.43,25.71,25.71,499320
2018-07-26 07:00:00,25.71,26.03,25.13,25.59,435230
2018-07-27 07:00:00,25.59,26.52,25.59,26.48,701950
2018-07-30 07:00:00,26.5,26.99,26.5,26.99,596030
2018-07-31 07:00:00,27.1,27.34,26.87,27.17,568610
2018-08-01 07:00:00,27.34,27.36,26.41,26.43,627780
2018-08-02 07:00:00,26.27,26.48,25.96,26.48,613430
2018-08-03 07:00:00,26.52,26.8,26.17,26.17,447190
2018-08-06 07:00:00,26.17,26.29,25.82,25.82,363260
2018-08-07 07:00:00,25.82,26.08,25.59,25.82,435930
2018-08-08 07:00:00,25.82,26.61,25.82,26.5,340650
2018-08-09 07:00:00,26.52,26.8,26.43,26.61,431240
2018-08-10 07:00:00,26.61,26.96,26.5,26.85,684860
2018-08-13 07:00:00,26.75,26.75,26.45,26.57,422090
2018-08-14 07:00:00,26.75,27.43,26.75,27.38,1034100
2018-08-15 07:00:00,27.45,27.82,26.94,26.99,785450
2018-08-16 07:00:00,26.8,27.66,26.78,27.66,801100
2018-08-17 07:00:00,27.8,28.03,27.48,27.48,647260
2018-08-20 07:00:00,27.57,28.22,27.48,28.15,812330
2018-08-21 07:00:00,28.15,28.5,28.1,28.38,612430
2018-08-22 07:00:00,28.5,28.5,28.08,28.31,423640
2018-08-23 07:00:00,28.31,28.38,28.1,28.36,461070
2018-08-24 07:00:00,28.24,28.34,27.92,28.15,569900
2018-08-27 07:00:00,28.22,28.87,28.1,28.71,709210
2018-08-28 07:00:00,28.85,28.85,28.45,28.62,628850
2018-08-29 07:00:00,28.62,28.73,28.41,28.45,241030
2018-08-30 07:00:00,28.45,28.71,28.38,28.62,459170
2018-08-31 07:00:00,28.78,28.78,27.92,27.92,722760
2018-09-04 07:00:00,27.92,28.13,27.55,27.55,698900
2018-09-05 07:00:00,27.55,27.68,26.99,27.06,749310
2018-09-06 07:00:00,27.31,27.38,27.06,27.08,535920
2018-09-07 07:00:00,27.01,27.43,27.01,27.29,285090
2018-09-10 07:00:00,27.29,27.55,27.22,27.31,364420
2018-09-11 07:00:00,27.5,28.03,27.31,28.03,688570
2018-09-12 07:00:00,28.15,28.45,28.1,28.13,699630
2018-09-13 07:00:00,28.15,28.62,28.1,28.27,662640
2018-09-14 07:00:00,28.38,28.57,28.29,28.38,261860
2018-09-17 07:00:00,28.27,28.38,27.92,28.03,409860
2018-09-18 07:00:00,27.89,28.38,27.68,28.38,327290
2018-09-19 07:00:00,28.62,28.62,28.1,28.36,368460
2018-09-20 07:00:00,28.36,28.5,28.17,28.27,323370
2018-09-21 07:00:00,28.36,29.31,28.27,29.31,1257670
2018-09-24 07:00:00,29.31,29.66,29.31,29.48,572820
2018-09-25 07:00:00,29.48,29.48,29.2,29.38,498320
2018-09-26 07:00:00,29.31,29.5,29.08,29.08,650080
2018-09-27 07:00:00,29.15,29.78,28.89,29.78,770310
2018-09-28 07:00:00,29.9,30.22,29.59,29.59,642710
2018-10-01 07:00:00,29.55,29.76,29.45,29.55,489970
2018-10-02 07:00:00,29.55,29.85,29.48,29.55,486880
2018-10-03 07:00:00,29.52,29.8,29.48,29.8,473490
2018-10-04 07:00:00,29.85,30.24,29.85,29.99,467720
2018-10-05 07:00:00,30.01,30.24,29.43,29.43,605250
2018-10-08 07:00:00,29.43,30.01,29.38,29.78,660700
2018-10-09 07:00:00,29.8,30.38,29.8,30.13,823360
2018-10-10 07:00:00,30.24,30.48,30.08,30.48,576480
2018-10-11 07:00:00,30.01,30.01,28.96,28.96,1579640
2018-10-12 07:00:00,28.87,29.66,28.87,29.66,617790
2018-10-15 07:00:00,29.69,29.69,29.08,29.2,803450
2018-10-16 07:00:00,29.08,29.64,29.08,29.64,298340
2018-10-17 07:00:00,29.78,30.13,29.69,29.78,360430
2018-10-18 07:00:00,29.85,29.9,29.38,29.43,389170
2018-10-19 07:00:00,29.2,29.38,28.94,29.1,467910
2018-10-22 07:00:00,29.31,29.41,29.01,29.01,271340
2018-10-23 07:00:00,28.85,28.85,27.45,27.8,832020
2018-10-24 07:00:00,27.8,28.17,27.1,27.1,508800
2018-10-25 07:00:00,25.71,26.87,25.71,26.29,590330
2018-10-26 07:00:00,26.75,26.8,25.13,25.13,849040
2018-10-29 07:00:00,25.13,25.45,24.33,24.36,941930
2018-10-30 07:00:00,24.43,25.27,24.36,24.92,580920
2018-10-31 07:00:00,25.15,26.24,25.15,26.24,383980
2018-11-01 07:00:00,26.29,26.41,25.59,25.71,499610
2018-11-02 07:00:00,26.27,26.41,25.82,26.17,504810
2018-11-05 07:00:00,25.92,26.03,25.47,25.92,293080
2018-11-06 07:00:00,26.17,26.17,25.71,25.92,218730
2018-11-07 07:00:00,26.17,26.38,25.82,26.06,643430
2018-11-08 07:00:00,25.82,26.06,25.2,25.59,604530
2018-11-09 07:00:00,25.59,26.06,24.66,24.66,477280
2018-11-12 07:00:00,24.66,25.71,24.66,25.59,304040
2018-11-13 07:00:00,25.17,25.36,25.01,25.06,317270
2018-11-14 07:00:00,25.1,25.4,24.96,24.96,158520
2018-11-15 07:00:00,25.13,25.43,24.89,24.89,292820
2018-11-16 07:00:00,25.13,25.59,24.89,24.94,631250
2018-11-19 07:00:00,25.5,26.27,25.5,26.27,674870
2018-11-20 07:00:00,26.27,26.27,25.99,26.15,205300
2018-11-21 07:00:00,25.81,26.37,25.81,26.3,342490
2018-11-22 07:00:00,26.61,26.8,26.55,26.61,284960
2018-11-23 07:00:00,26.61,26.68,26.06,26.06,275770
2018-11-26 07:00:00,26.06,26.55,26.06,26.37,243680
2018-11-27 07:00:00,26.52,26.58,26.15,26.18,170510
2018-11-28 07:00:00,26.21,26.34,26.12,26.24,177110
2018-11-29 07:00:00,26.37,26.52,26.21,26.37,301730
2018-11-30 07:00:00,26.24,26.4,26.06,26.21,319650
2018-12-03 07:00:00,26.52,27.3,26.37,27.3,881770
2018-12-04 07:00:00,27.45,27.51,27.2,27.3,350360
2018-12-05 07:00:00,27.08,27.7,26.96,27.55,391320
2018-12-06 07:00:00,27.3,27.76,27.14,27.27,485380
2018-12-07 07:00:00,27.27,27.61,27.27,27.48,498460
2018-12-10 07:00:00,27.48,27.48,27.2,27.3,381370
2018-12-11 07:00:00,27.3,27.42,27.14,27.24,362460
2018-12-12 07:00:00,27.3,28.04,27.3,27.76,483230
2018-12-13 07:00:00,27.95,27.95,27.55,27.61,442940
2018-12-14 07:00:00,27.55,27.55,27.24,27.27,666410
2018-12-17 07:00:00,26.99,27.14,26.37,26.37,944150
2018-12-18 07:00:00,25.75,26.46,25.75,26.46,771090
2018-12-19 07:00:00,26.52,26.65,26.24,26.61,370690
2018-12-20 07:00:00,26.37,26.61,26.27,26.52,342770
2018-12-21 07:00:00,26.37,27.11,26.03,26.99,926110
2018-12-24 07:00:00,26.99,27.14,26.83,26.83,318090
2018-12-25 07:00:00,26.37,26.77,26.09,26.49,554610
2018-12-26 07:00:00,26.61,26.77,26.43,26.49,342390
2018-12-27 07:00:00,26.96,26.99,26.58,26.8,662910
2018-12-28 07:00:00,26.8,26.99,26.24,26.99,1051360
2019-01-02 07:00:00,26.99,26.99,26.52,26.52,351730
2019-01-03 07:00:00,26.52,26.58,25.75,25.75,703060
2019-01-04 07:00:00,25.75,25.96,25.44,25.93,432170
2019-01-07 07:00:00,26.06,26.52,25.99,26.37,398000
2019-01-08 07:00:00,26.37,26.37,26.06,26.06,172180
2019-01-09 07:00:00,26.06,26.58,26.06,26.49,440950
2019-01-10 07:00:00,26.49,26.68,26.27,26.68,285290
2019-01-11 07:00:00,26.68,26.68,26.37,26.37,360780
2019-01-14 07:00:00,26.37,26.37,26.06,26.37,454580
2019-01-15 07:00:00,26.37,26.58,26.15,26.58,871010
2019-01-16 07:00:00,26.52,26.92,26.46,26.46,1761330
2019-01-17 07:00:00,26.68,26.68,26.43,26.46,457130
2019-01-18 07:00:00,26.43,26.52,26.18,26.18,195210
2019-01-21 07:00:00,26.18,26.24,25.9,25.96,440920
2019-01-22 07:00:00,25.99,26.21,25.96,25.99,141590
2019-01-23 07:00:00,25.99,26.06,25.9,25.93,176570
2019-01-24 07:00:00,25.93,26.03,25.84,25.93,147770
2019-01-25 07:00:00,25.93,26.03,25.81,25.81,223510
2019-01-28 07:00:00,25.81,26.12,25.81,25.93,270250
2019-01-29 07:00:00,25.93,26.52,25.72,26.52,461840
2019-01-30 07:00:00,26.21,26.3,25.93,25.93,263110
2019-01-31 07:00:00,26.06,26.21,25.75,25.75,206030
2019-02-01 07:00:00,25.96,26.12,25.72,25.75,420360
2019-02-11 07:00:00,25.9,26.24,25.9,26.24,355460
2019-02-12 07:00:00,26.24,26.46,26.24,26.24,343450
2019-02-13 07:00:00,26.24,26.74,26.24,26.74,1212540
2019-02-14 07:00:00,26.74,26.8,26.52,26.58,668840
2019-02-15 07:00:00,26.58,26.77,26.46,26.71,717740
2019-02-18 07:00:00,26.83,26.86,26.65,26.71,455150
2019-02-19 07:00:00,26.71,27.2,26.71,26.99,1911250
2019-02-20 07:00:00,26.99,27.17,26.96,27.02,592890
2019-02-21 07:00:00,27.02,27.27,27.02,27.27,781820
2019-02-22 07:00:00,27.2,27.82,27.02,27.61,1190030
2019-02-25 07:00:00,27.92,28.29,27.76,27.79,1273860
2019-02-26 07:00:00,27.86,27.86,27.36,27.45,797730
2019-02-27 07:00:00,27.58,27.73,27.24,27.36,575710
2019-02-28 07:00:00,27.36,27.51,26.92,26.92,1160450
2019-03-01 07:00:00,27.17,27.27,26.99,27.14,431190
2019-03-04 07:00:00,27.45,27.73,27.08,27.61,769420
2019-03-05 07:00:00,27.61,27.92,27.24,27.24,706580
2019-03-06 07:00:00,27.3,27.39,27.08,27.33,536430
2019-03-07 07:00:00,27.45,27.45,27.17,27.2,458460
2019-03-08 07:00:00,26.99,27.11,26.8,26.86,830580
2019-03-11 07:00:00,26.96,27.27,26.96,27.11,358070
2019-03-12 07:00:00,27.3,27.45,27.24,27.45,667370
2019-03-13 07:00:00,27.45,27.92,27.45,27.73,1079120
2019-03-14 07:00:00,27.76,27.76,27.45,27.61,530270
2019-03-15 07:00:00,27.61,27.7,27.39,27.48,456820
2019-03-18 07:00:00,27.48,27.7,27.45,27.67,722860
2019-03-19 07:00:00,27.7,28.23,27.58,27.64,1161490
2019-03-20 07:00:00,27.45,27.7,27.3,27.45,431600
2019-03-21 07:00:00,27.45,27.64,27.27,27.27,706020
2019-03-22 07:00:00,27.27,27.33,26.99,27.05,671770
2019-03-25 07:00:00,26.83,26.83,25.99,25.99,1163400
2019-03-26 07:00:00,26.37,26.43,26.03,26.09,588520
2019-03-27 07:00:00,26.21,26.34,26.18,26.18,207810
2019-03-28 07:00:00,26.21,26.27,26.09,26.18,352840
2019-03-29 07:00:00,26.24,26.43,26.21,26.3,285550
2019-04-01 07:00:00,26.3,26.4,26.06,26.09,484640
2019-04-02 07:00:00,26.34,26.4,26.09,26.09,287660
2019-04-03 07:00:00,26.21,26.21,25.96,25.99,235540
2019-04-04 07:00:00,25.99,26.15,25.87,25.9,317500
2019-04-05 07:00:00,25.62,26.15,25.62,26.09,354560
2019-04-08 07:00:00,26.21,26.21,25.9,26.06,186580
2019-04-09 07:00:00,26.06,26.09,25.81,25.96,275970
2019-04-10 07:00:00,25.87,25.93,25.5,25.68,401860
2019-04-11 07:00:00,25.59,25.78,25.5,25.59,222580
2019-04-12 07:00:00,25.59,25.68,25.4,25.59,349720
2019-04-16 07:00:00,25.37,25.5,25.25,25.34,454000
2019-04-17 07:00:00,25.34,25.47,25.25,25.37,343330
2019-04-18 07:00:00,25.37,25.44,25.0,25.25,378380
2019-04-19 07:00:00,25.28,25.53,25.25,25.5,242750
2019-04-22 07:00:00,25.62,25.87,25.59,25.75,359660
2019-04-23 07:00:00,25.75,25.81,25.56,25.68,205300
2019-04-24 07:00:00,25.68,25.87,25.65,25.75,318360
2019-04-25 07:00:00,25.84,26.06,25.75,25.9,273010
2019-04-26 07:00:00,25.9,26.37,25.84,26.34,729640
2019-05-02 07:00:00,26.46,26.8,26.46,26.68,558270
2019-05-03 07:00:00,26.68,26.68,26.4,26.65,383610
2019-05-06 07:00:00,26.37,26.37,25.9,25.99,406200
2019-05-07 07:00:00,26.09,26.21,25.9,26.03,292510
2019-05-08 07:00:00,25.75,26.03,25.59,25.9,339560
2019-05-09 07:00:00,25.87,26.21,25.84,26.09,381100
2019-05-10 07:00:00,26.09,26.4,26.06,26.37,343700
2019-05-13 07:00:00,26.34,26.49,26.06,26.43,266140
2019-05-14 07:00:00,26.37,26.58,26.24,26.52,511320
2019-05-15 07:00:00,26.65,27.08,26.61,26.99,772070
2019-05-16 07:00:00,26.99,27.11,26.68,26.68,341020
2019-05-17 07:00:00,26.68,26.99,26.68,26.83,298530
2019-05-20 07:00:00,26.89,27.48,26.89,27.39,899010
2019-05-21 07:00:00,27.42,27.64,27.27,27.36,943500
2019-05-22 07:00:00,27.45,27.76,27.36,27.45,673140
2019-05-23 07:00:00,27.77,27.77,27.45,27.64,575790
2019-05-24 07:00:00,27.52,28.18,27.42,27.99,1173580
2019-05-27 07:00:00,27.93,28.02,27.55,27.67,539410
2019-05-28 07:00:00,27.61,27.89,27.61,27.83,511870
2019-05-29 07:00:00,27.83,27.93,27.58,27.61,910660
2019-05-30 07:00:00,27.61,27.77,27.48,27.64,394320
2019-05-31 07:00:00,27.64,27.67,27.14,27.17,626570
2019-06-03 07:00:00,27.14,27.14,26.54,26.82,549540
2019-06-04 07:00:00,26.95,27.14,26.69,27.14,224080
2019-06-05 07:00:00,27.33,27.55,27.29,27.33,290690
2019-06-06 07:00:00,27.45,27.45,27.14,27.29,383430
2019-06-07 07:00:00,27.36,27.86,27.36,27.86,656210
2019-06-10 07:00:00,27.89,28.24,27.86,27.96,726010
2019-06-11 07:00:00,28.08,28.56,28.05,28.27,1050580
2019-06-12 07:00:00,28.4,28.71,28.24,28.62,948660
2019-06-13 07:00:00,28.65,28.65,28.15,28.21,762860
2019-06-14 07:00:00,28.34,28.34,28.05,28.11,645930
2019-06-17 07:00:00,28.08,28.15,27.61,27.7,767010
2019-06-18 07:00:00,27.74,27.89,27.67,27.86,409820
2019-06-19 07:00:00,27.96,28.24,27.89,27.96,378510
2019-06-20 07:00:00,28.08,28.9,28.02,28.62,1146920
2019-06-21 07:00:00,28.65,29.0,28.65,28.71,516880
2019-06-24 07:00:00,29.0,29.19,28.62,28.84,774060
2019-06-25 07:00:00,28.84,28.97,28.59,28.97,489060
2019-06-26 07:00:00,28.97,29.44,28.78,29.28,761460
2019-06-27 07:00:00,29.06,29.28,28.65,28.71,761170
2019-06-28 07:00:00,28.78,29.28,28.65,29.28,714920
2019-07-01 07:00:00,29.5,29.91,29.44,29.88,938140
2019-07-02 07:00:00,29.95,30.23,29.79,30.13,1129010
2019-07-03 07:00:00,30.01,30.29,29.98,30.17,855880
2019-07-04 07:00:00,30.29,30.48,30.1,30.13,648430
2019-07-05 07:00:00,30.04,30.2,29.95,30.1,618980
2019-07-08 07:00:00,29.98,30.07,29.69,29.76,716580
2019-07-09 07:00:00,29.85,30.61,29.63,30.61,962970
2019-07-10 07:00:00,30.7,31.4,30.7,31.05,1046150
2019-07-11 07:00:00,31.08,31.33,30.92,30.92,703060
2019-07-12 07:00:00,30.92,31.3,30.64,30.95,708120
2019-07-15 07:00:00,30.92,32.19,30.95,31.93,1558100
2019-07-16 07:00:00,31.93,32.41,31.87,32.25,716650
2019-07-17 07:00:00,32.25,32.37,32.03,32.06,598590
2019-07-18 07:00:00,32.03,32.78,31.84,32.78,1109730
2019-07-19 07:00:00,32.97,33.45,32.82,33.42,1097520
2019-07-22 07:00:00,33.45,33.92,33.2,33.61,859840
2019-07-23 07:00:00,33.61,34.36,33.54,34.36,897670
2019-07-24 07:00:00,34.39,34.62,33.89,33.89,778010
2019-07-25 07:00:00,33.89,34.24,33.61,34.05,918260
2019-07-26 07:00:00,34.08,34.24,33.38,33.67,1174450
2019-07-29 07:00:00,33.83,33.83,32.78,33.45,1919130
2019-07-30 07:00:00,33.29,33.76,32.72,32.72,1014250
2019-07-31 07:00:00,32.56,33.76,32.56,33.7,684050
2019-08-01 07:00:00,33.54,34.24,33.32,34.24,875760
2019-08-02 07:00:00,33.92,34.24,33.76,34.08,799720
2019-08-05 07:00:00,34.08,35.15,33.98,34.55,1309220
2019-08-06 07:00:00,33.73,34.96,33.73,34.71,990630
2019-08-07 07:00:00,33.73,36.04,34.71,35.97,1280730
2019-08-08 07:00:00,36.13,36.29,35.56,35.66,862840
2019-08-09 07:00:00,35.78,36.57,35.62,36.57,673570
2019-08-12 07:00:00,36.57,37.23,36.16,36.92,714330
2019-08-13 07:00:00,36.76,37.36,36.29,37.17,911770
2019-08-14 07:00:00,37.42,37.71,37.3,37.52,726650
2019-08-15 07:00:00,37.17,37.87,36.86,37.87,926680
2019-08-16 07:00:00,38.12,38.62,37.01,37.01,1469190
2019-08-19 07:00:00,37.17,37.49,36.38,37.2,1147930
2019-08-20 07:00:00,37.3,37.87,37.23,37.87,539450
2019-08-21 07:00:00,37.87,38.46,37.64,37.96,817580
2019-08-22 07:00:00,38.02,38.02,37.08,37.08,1036330
2019-08-23 07:00:00,37.08,37.23,36.29,36.76,1033040
2019-08-26 07:00:00,36.35,37.2,36.35,36.73,1035590
2019-08-27 07:00:00,37.01,37.08,35.18,35.97,1894440
2019-08-28 07:00:00,35.97,35.97,35.44,35.91,598140
2019-08-29 07:00:00,35.91,36.29,35.69,36.29,339460
2019-08-30 07:00:00,36.29,36.98,36.29,36.89,646070
2019-09-03 07:00:00,37.01,37.33,36.92,37.11,672220
2019-09-04 07:00:00,37.01,37.36,36.98,37.2,478350
2019-09-05 07:00:00,37.23,37.23,36.29,36.67,873420
2019-09-06 07:00:00,36.67,37.04,36.35,36.92,446190
2019-09-09 07:00:00,36.76,37.08,36.63,36.63,268270
2019-09-10 07:00:00,36.92,36.92,36.13,36.26,526620
2019-09-11 07:00:00,36.22,36.32,35.56,36.32,699470
2019-09-12 07:00:00,36.57,36.98,36.22,36.86,849030
2019-09-13 07:00:00,37.08,38.62,37.08,38.62,2604620
2019-09-16 07:00:00,38.72,39.38,38.69,38.97,1105630
2019-09-17 07:00:00,38.94,38.97,38.5,38.94,433580
2019-09-18 07:00:00,38.84,39.29,38.37,38.5,837380
2019-09-19 07:00:00,38.65,39.51,38.4,39.51,535580
2019-09-20 07:00:00,39.73,40.33,39.13,39.92,626230
2019-09-23 07:00:00,39.76,40.07,38.97,39.13,706560
2019-09-24 07:00:00,38.72,39.32,38.5,38.5,796020
2019-09-25 07:00:00,38.53,39.6,38.34,39.6,640200
2019-09-26 07:00:00,39.73,39.92,39.29,39.76,454270
2019-09-27 07:00:00,39.92,40.64,39.76,40.39,1283330
2019-09-30 07:00:00,40.71,40.86,39.76,39.79,678780
2019-10-01 07:00:00,39.79,40.33,39.79,40.23,581240
2019-10-02 07:00:00,40.23,40.29,39.51,39.51,697640
2019-10-03 07:00:00,39.16,39.51,39.13,39.47,905190
2019-10-04 07:00:00,39.7,39.7,38.81,38.81,612110
2019-10-07 07:00:00,38.81,39.03,38.18,38.18,868850
2019-10-08 07:00:00,38.18,38.81,38.05,38.81,617490
2019-10-09 07:00:00,38.94,39.1,38.69,39.0,258380
2019-10-10 07:00:00,39.0,39.22,38.72,39.0,309090
2019-10-11 07:00:00,39.03,39.06,38.72,38.94,226390
2019-10-14 07:00:00,38.97,39.6,38.81,39.35,557790
2019-10-15 07:00:00,39.35,39.73,39.29,39.6,330130
2019-10-16 07:00:00,39.76,39.92,39.44,39.47,332150
2019-10-17 07:00:00,39.44,39.44,38.72,38.78,752150
2019-10-18 07:00:00,38.91,39.0,38.59,38.78,340930
2019-10-21 07:00:00,38.97,39.1,38.5,38.78,420540
2019-10-22 07:00:00,38.81,38.84,38.43,38.84,283110
2019-10-23 07:00:00,38.65,39.25,38.53,38.87,267910
2019-10-24 07:00:00,38.87,40.23,38.87,40.23,1551290
2019-10-25 07:00:00,40.33,40.39,40.01,40.36,619560
2019-10-28 07:00:00,40.39,40.74,40.2,40.26,791430
2019-10-29 07:00:00,40.26,40.52,40.07,40.07,451930
2019-10-30 07:00:00,39.85,39.98,39.32,39.41,1273880
2019-10-31 07:00:00,39.41,39.76,39.32,39.32,547280
2019-11-01 07:00:00,39.32,39.7,38.75,39.51,804110
2019-11-04 07:00:00,39.57,39.95,39.0,39.79,1419590
2019-11-05 07:00:00,39.95,40.01,39.6,39.63,694310
2019-11-06 07:00:00,39.63,39.66,39.19,39.32,675510
2019-11-07 07:00:00,39.54,39.73,39.35,39.54,454070
2019-11-08 07:00:00,39.57,39.57,38.94,39.32,791810
2019-11-11 07:00:00,39.38,39.38,38.46,38.46,1074710
2019-11-12 07:00:00,38.46,38.75,38.31,38.59,535490
2019-11-13 07:00:00,38.59,38.72,37.55,37.83,1487180
2019-11-14 07:00:00,37.83,38.09,36.6,36.86,1564490
2019-11-15 07:00:00,36.92,37.39,36.86,37.39,477380
2019-11-18 07:00:00,37.42,37.71,37.08,37.17,342430
2019-11-19 07:00:00,37.23,37.55,37.14,37.55,297210
2019-11-20 07:00:00,37.55,37.55,36.82,36.95,352350
2019-11-21 07:00:00,36.92,36.92,35.81,35.81,1214570
2019-11-22 07:00:00,36.29,36.29,34.96,35.34,871800
2019-11-25 07:00:00,35.56,35.59,34.11,35.34,619110
2019-11-26 07:00:00,35.78,35.97,35.56,35.81,587670
2019-11-27 07:00:00,35.88,36.04,35.62,35.72,255150
2019-11-28 07:00:00,35.09,35.4,34.36,34.39,1280490
2019-11-29 07:00:00,34.39,34.39,33.64,34.39,913420
2019-12-02 07:00:00,34.52,34.65,34.2,34.2,642170
2019-12-03 07:00:00,34.08,34.52,33.7,34.46,593720
2019-12-04 07:00:00,34.39,35.66,34.27,35.66,574630
2019-12-05 07:00:00,35.72,35.81,34.9,34.9,544700
2019-12-06 07:00:00,34.9,35.03,34.71,34.96,468980
2019-12-09 07:00:00,34.96,35.21,34.71,34.99,526010
2019-12-10 07:00:00,34.99,35.15,34.71,35.03,412000
2019-12-11 07:00:00,34.87,35.66,34.8,35.66,314710
2019-12-12 07:00:00,35.66,35.81,35.56,35.78,366190
2019-12-13 07:00:00,35.81,36.19,35.44,35.66,467610
2019-12-16 07:00:00,35.34,35.72,35.18,35.72,444410
2019-12-17 07:00:00,35.91,36.13,35.69,35.75,448230
2019-12-18 07:00:00,35.69,35.85,34.62,34.71,1148130
2019-12-19 07:00:00,34.65,34.96,34.24,34.71,379310
2019-12-20 07:00:00,34.96,35.28,34.77,34.93,356760
2019-12-23 07:00:00,35.25,35.4,35.03,35.03,425780
2019-12-24 07:00:00,35.09,35.28,34.9,35.12,374750
2019-12-25 07:00:00,35.21,35.94,35.12,35.94,547470
2019-12-26 07:00:00,35.94,35.94,35.37,35.75,615240
2019-12-27 07:00:00,35.66,35.81,35.5,35.81,488240
2019-12-30 07:00:00,35.81,36.13,35.72,35.97,616460
2019-12-31 07:00:00,35.97,36.26,35.97,35.97,604050
2020-01-02 07:00:00,35.97,36.92,35.88,36.92,716290
2020-01-03 07:00:00,36.92,37.14,36.35,36.38,791020
2020-01-06 07:00:00,36.22,36.41,35.97,36.19,389250
2020-01-07 07:00:00,36.19,36.48,35.75,36.48,648230
2020-01-08 07:00:00,35.97,36.29,35.59,35.59,742390
2020-01-09 07:00:00,35.94,36.29,35.78,36.13,318070
2020-01-10 07:00:00,36.16,36.48,36.07,36.32,412180
2020-01-13 07:00:00,36.13,36.38,36.0,36.13,288240
2020-01-14 07:00:00,36.22,36.22,35.91,35.94,320810
2020-01-15 07:00:00,35.94,36.04,35.88,35.97,293160
2020-01-16 07:00:00,35.97,36.6,35.94,36.41,521080
2020-01-17 07:00:00,36.41,36.67,36.41,36.63,435030
2020-01-20 07:00:00,36.45,37.42,36.45,37.42,1463940
2020-01-21 07:00:00,37.42,38.02,37.36,37.87,692200
2020-01-22 07:00:00,37.74,37.9,37.39,37.61,460240
2020-01-30 07:00:00,36.6,36.95,35.66,35.97,1315710
2020-01-31 07:00:00,35.66,36.16,34.87,34.96,1434750
2020-02-03 07:00:00,34.14,34.68,32.82,34.33,1949930
2020-02-04 07:00:00,34.39,34.87,33.57,34.05,905300
2020-02-05 07:00:00,34.08,34.62,34.08,34.08,805800
2020-02-06 07:00:00,34.08,34.8,34.08,34.55,785620
2020-02-07 07:00:00,34.49,34.49,34.02,34.3,628350
2020-02-10 07:00:00,33.61,33.92,33.38,33.38,702790
2020-02-11 07:00:00,33.45,33.7,33.45,33.61,396130
2020-02-12 07:00:00,33.67,34.52,33.67,34.39,569230
2020-02-13 07:00:00,34.05,34.39,34.05,34.08,412040
2020-02-14 07:00:00,33.76,33.98,33.42,33.79,415290
2020-02-17 07:00:00,33.83,33.92,33.51,33.92,384490
2020-02-18 07:00:00,33.92,34.43,33.76,34.36,568750
2020-02-19 07:00:00,34.52,34.87,34.36,34.87,672440
2020-02-20 07:00:00,35.03,35.15,34.77,34.9,451760
2020-02-21 07:00:00,34.9,35.34,34.65,34.9,901890
2020-02-24 07:00:00,34.08,34.36,33.35,33.51,1556120
2020-02-25 07:00:00,33.2,33.76,33.2,33.76,692650
2020-02-26 07:00:00,33.45,34.05,33.29,33.51,1083030
2020-02-27 07:00:00,33.51,34.2,33.51,34.2,2144240
2020-02-28 07:00:00,33.45,33.83,32.97,33.61,1295250
2020-03-02 07:00:00,33.61,33.83,33.42,33.61,474160
2020-03-03 07:00:00,34.02,34.02,33.54,33.57,679500
2020-03-04 07:00:00,33.42,33.45,33.01,33.45,680740
2020-03-05 07:00:00,33.45,33.64,32.97,33.29,673150
2020-03-06 07:00:00,32.94,33.07,32.0,32.53,827890
2020-03-09 07:00:00,30.26,31.08,30.26,30.26,1051190
2020-03-10 07:00:00,28.68,29.98,28.46,29.63,1429660
2020-03-11 07:00:00,29.66,29.82,27.58,27.58,1584730
2020-03-12 07:00:00,25.65,25.65,25.65,25.65,527930
2020-03-13 07:00:00,23.89,27.14,23.89,24.93,3610700
2020-03-16 07:00:00,24.3,24.99,23.35,23.98,1526810
2020-03-17 07:00:00,22.88,24.61,22.59,24.39,1252010
2020-03-18 07:00:00,24.55,25.4,24.3,24.86,1406630
2020-03-19 07:00:00,24.3,24.52,23.54,23.86,1132320
2020-03-20 07:00:00,23.92,24.36,23.63,24.36,1095330
2020-03-23 07:00:00,23.1,23.67,22.66,22.66,1361560
2020-03-24 07:00:00,22.66,22.66,21.08,21.71,1567590
2020-03-25 07:00:00,22.09,23.03,21.77,23.03,1417730
2020-03-26 07:00:00,22.81,22.81,21.46,21.46,2123850
2020-03-27 07:00:00,20.6,20.83,19.97,19.97,2498890
2020-03-30 07:00:00,18.59,20.51,18.59,18.77,1861200
2020-03-31 07:00:00,19.25,19.78,17.77,18.59,1868280
2020-04-01 07:00:00,18.52,19.63,18.43,19.31,1604700
2020-04-03 07:00:00,19.85,20.64,19.66,20.64,1653030
2020-04-06 07:00:00,22.06,22.06,22.06,22.06,486160
2020-04-07 07:00:00,23.57,23.57,22.37,23.54,5818790
2020-04-08 07:00:00,22.97,23.54,22.56,23.35,2044140
2020-04-09 07:00:00,23.67,23.76,23.03,23.03,1610080
2020-04-10 07:00:00,22.59,23.0,22.28,22.62,1235340
2020-04-13 07:00:00,22.72,24.2,22.72,23.67,2206590
2020-04-14 07:00:00,23.73,23.92,23.16,23.6,1035610
2020-04-15 07:00:00,23.98,24.68,23.86,24.23,1555700
2020-04-16 07:00:00,23.98,24.3,23.79,24.27,1460130
2020-04-17 07:00:00,24.58,25.87,24.45,25.87,2474360
2020-04-20 07:00:00,26.51,26.85,25.97,26.6,2181870
2020-04-21 07:00:00,25.91,26.32,24.8,25.05,2583970
2020-04-22 07:00:00,24.33,26.19,24.33,25.87,1796100
2020-04-23 07:00:00,26.82,26.82,25.87,26.35,1345230
2020-04-24 07:00:00,26.35,26.35,25.62,26.19,1028080
2020-04-27 07:00:00,26.47,26.47,25.62,25.94,1120700
2020-04-28 07:00:00,25.72,25.84,25.37,25.53,899940
2020-04-29 07:00:00,25.78,25.97,24.93,25.78,1175430
2020-05-04 07:00:00,25.72,25.72,25.05,25.05,917320
2020-05-05 07:00:00,25.18,25.43,24.86,25.02,522280
2020-05-06 07:00:00,25.24,25.62,24.93,25.62,846520
2020-05-07 07:00:00,25.81,26.06,25.72,26.06,1207270
2020-05-08 07:00:00,26.19,27.11,26.19,26.44,2361840
2020-05-11 07:00:00,26.82,27.01,26.44,26.82,1257030
2020-05-12 07:00:00,26.76,26.76,26.03,26.28,1938080
2020-05-13 07:00:00,25.87,26.54,25.59,26.47,1673920
2020-05-14 07:00:00,25.87,26.44,25.87,26.19,1040460
2020-05-15 07:00:00,26.25,26.44,25.87,25.91,1106330
2020-05-18 07:00:00,25.87,27.01,25.87,26.98,2183740
2020-05-19 07:00:00,27.61,27.67,27.29,27.52,1674810
2020-05-20 07:00:00,27.17,27.36,27.04,27.29,1101050
2020-05-21 07:00:00,27.33,27.86,27.2,27.45,1539610
2020-05-22 07:00:00,27.45,27.48,26.82,26.82,1475820
2020-05-25 07:00:00,26.82,27.45,26.57,27.17,1135520
2020-05-26 07:00:00,27.2,27.39,27.01,27.29,1175440
2020-05-27 07:00:00,27.42,27.58,26.76,26.76,1320900
2020-05-28 07:00:00,26.82,27.04,26.66,26.73,950520
2020-05-29 07:00:00,26.69,26.82,26.54,26.69,849500
2020-06-01 07:00:00,26.69,27.17,26.69,27.14,819630
2020-06-02 07:00:00,27.17,27.39,26.92,26.92,1110350
2020-06-03 07:00:00,26.98,27.07,26.88,26.95,861720
2020-06-04 07:00:00,27.01,27.45,26.92,26.98,1014100
2020-06-05 07:00:00,26.98,27.2,26.85,27.17,744280
2020-06-08 07:00:00,27.61,28.81,27.39,28.43,3691120
2020-06-09 07:00:00,28.65,28.65,27.96,27.99,1115180
2020-06-10 07:00:00,27.93,28.4,27.48,28.21,1009890
2020-06-11 07:00:00,28.24,28.24,26.25,26.25,2775660
2020-06-12 07:00:00,25.94,27.14,25.56,27.14,2515300
2020-06-15 07:00:00,27.07,27.07,25.84,26.03,1132400
2020-06-16 07:00:00,26.51,26.69,26.25,26.63,704020
2020-06-17 07:00:00,26.79,26.79,26.19,26.44,770150
2020-06-18 07:00:00,26.19,26.44,26.16,26.44,360010
2020-06-19 07:00:00,26.51,26.98,26.41,26.66,859830
2020-06-22 07:00:00,26.88,27.39,26.69,27.11,941430
2020-06-23 07:00:00,27.11,27.26,26.92,26.92,801600
2020-06-24 07:00:00,26.98,27.23,26.51,26.82,715470
2020-06-25 07:00:00,26.51,26.66,26.35,26.38,783410
2020-06-26 07:00:00,26.51,26.73,26.32,26.57,449460
2020-06-29 07:00:00,26.22,26.35,25.53,25.72,1096590
2020-06-30 07:00:00,25.97,26.03,25.24,25.5,744080
2020-07-01 07:00:00,25.5,25.87,25.5,25.87,311490
2020-07-02 07:00:00,25.75,25.97,25.56,25.81,327720
2020-07-03 07:00:00,25.81,25.84,25.69,25.78,356420
2020-07-06 07:00:00,25.84,26.44,25.81,26.35,620180
2020-07-07 07:00:00,26.47,26.73,26.41,26.41,621630
2020-07-08 07:00:00,26.41,26.51,26.16,26.38,285150
2020-07-09 07:00:00,26.38,26.6,26.35,26.51,521490
2020-07-10 07:00:00,26.47,26.51,26.13,26.16,564660
2020-07-13 07:00:00,26.25,26.41,26.0,26.13,403750
2020-07-14 07:00:00,26.13,26.16,25.94,26.16,365780
2020-07-15 07:00:00,26.32,26.79,26.22,26.69,1049820
2020-07-16 07:00:00,26.66,26.76,26.51,26.76,495500
2020-07-17 07:00:00,26.73,26.76,26.51,26.51,379820
2020-07-20 07:00:00,26.47,26.51,26.25,26.28,253640
2020-07-21 07:00:00,26.28,26.44,26.19,26.41,413460
2020-07-22 07:00:00,26.47,26.51,26.1,26.25,363710
2020-07-23 07:00:00,26.25,26.35,26.1,26.19,420560
2020-07-24 07:00:00,26.1,26.16,24.36,24.99,1796300
2020-07-27 07:00:00,23.35,24.01,23.26,23.26,2981180
2020-07-28 07:00:00,23.76,24.04,23.26,23.98,1280900
2020-07-29 07:00:00,23.35,23.48,22.5,23.03,1436620
2020-07-30 07:00:00,23.07,23.44,22.97,23.44,603300
2020-07-31 07:00:00,22.88,23.57,22.88,23.51,799400
2020-08-03 07:00:00,23.41,24.11,23.19,23.98,655840
2020-08-04 07:00:00,24.27,24.71,24.14,24.3,841660
2020-08-05 07:00:00,24.3,25.05,24.14,24.99,734940
2020-08-06 07:00:00,25.09,25.18,24.71,25.02,554590
2020-08-07 07:00:00,24.96,25.05,24.61,24.8,607040
2020-08-10 07:00:00,24.93,25.34,24.93,24.93,629890
2020-08-11 07:00:00,25.18,25.18,24.86,25.09,394720
2020-08-12 07:00:00,25.12,25.21,24.93,25.18,451860
2020-08-13 07:00:00,25.27,25.97,25.24,25.94,915350
2020-08-14 07:00:00,26.0,26.44,25.91,26.22,992180
2020-08-17 07:00:00,26.22,26.22,25.53,25.94,824290
2020-08-18 07:00:00,25.87,25.91,25.5,25.69,554060
2020-08-19 07:00:00,25.65,25.87,25.65,25.81,382850
2020-08-20 07:00:00,25.81,25.91,25.5,25.78,1018420
2020-08-21 07:00:00,25.81,26.03,25.72,25.87,690220
2020-08-24 07:00:00,26.25,26.76,26.16,26.54,1064730
2020-08-25 07:00:00,26.66,27.83,26.66,27.64,2247120
2020-08-26 07:00:00,27.55,28.02,27.45,27.55,883390
2020-08-27 07:00:00,27.55,28.05,27.55,28.05,955520
2020-08-28 07:00:00,28.43,29.66,28.4,29.28,1994640
2020-08-31 07:00:00,29.28,29.76,29.03,29.47,954930
2020-09-01 07:00:00,29.47,29.98,29.38,29.6,996140
2020-09-03 07:00:00,29.6,30.13,29.35,29.91,1060240
2020-09-04 07:00:00,29.38,29.72,29.31,29.69,1015720
2020-09-07 07:00:00,29.66,29.72,28.49,28.49,1491040
2020-09-08 07:00:00,28.71,29.41,28.56,29.38,1000020
2020-09-09 07:00:00,29.03,29.6,28.87,29.47,631980
2020-09-10 07:00:00,29.66,29.76,29.47,29.63,744120
2020-09-11 07:00:00,29.63,29.63,29.28,29.47,436320
2020-09-14 07:00:00,29.6,29.63,29.25,29.35,546560
2020-09-15 07:00:00,29.35,29.5,29.19,29.31,786060
2020-09-16 07:00:00,29.31,30.13,29.16,29.85,1100860
2020-09-17 07:00:00,29.85,29.95,29.41,29.72,592380
2020-09-18 07:00:00,29.72,29.91,29.66,29.82,615740
2020-09-21 07:00:00,30.13,31.14,29.88,31.05,2152280
2020-09-22 07:00:00,31.05,31.49,30.64,31.43,1503000
2020-09-23 07:00:00,31.52,32.5,31.49,32.15,1053980
2020-09-24 07:00:00,31.84,32.12,31.55,31.93,1230990
2020-09-25 07:00:00,31.9,31.93,31.43,31.71,1038360
2020-09-28 07:00:00,32.06,32.5,31.71,32.5,634880
2020-09-29 07:00:00,33.07,33.54,32.66,32.66,1230990
2020-09-30 07:00:00,32.97,33.13,32.37,32.91,1088450
2020-10-01 07:00:00,32.91,33.16,32.91,33.13,779470
2020-10-02 07:00:00,33.13,33.26,31.49,32.82,1326080
2020-10-05 07:00:00,32.82,33.23,32.66,32.82,588560
2020-10-06 07:00:00,33.13,33.42,32.97,33.2,1075760
2020-10-07 07:00:00,33.2,34.05,32.82,33.95,959640
2020-10-08 07:00:00,34.08,34.55,33.98,34.55,871660
2020-10-09 07:00:00,34.71,34.87,34.24,34.39,575370
2020-10-12 07:00:00,34.39,34.49,33.61,33.92,941210
2020-10-13 07:00:00,33.92,33.92,33.38,33.51,815720
2020-10-14 07:00:00,33.48,34.39,33.01,34.39,1081330
2020-10-15 07:00:00,34.39,34.55,33.76,34.52,880570
2020-10-16 07:00:00,34.55,34.55,33.92,34.2,546060
2020-10-19 07:00:00,34.36,34.36,33.92,34.17,480220
2020-10-20 07:00:00,33.92,34.17,33.5,34.17,977350
2020-10-21 07:00:00,34.24,34.72,33.76,33.85,766740
2020-10-22 07:00:00,33.66,34.72,33.66,34.72,607760
2020-10-23 07:00:00,34.88,35.36,34.52,35.2,1218320
2020-10-26 07:00:00,35.2,36.0,35.04,35.2,1054600
2020-10-27 07:00:00,35.2,35.74,35.16,35.2,606700
2020-10-28 07:00:00,34.91,35.13,33.6,33.6,1452750
2020-10-29 07:00:00,32.83,33.53,32.57,32.73,1564150
2020-10-30 07:00:00,33.02,33.88,32.57,33.5,1426480
2020-11-02 07:00:00,33.5,34.24,33.5,34.04,439540
2020-11-03 07:00:00,34.56,34.56,33.98,34.3,486030
2020-11-04 07:00:00,34.3,34.33,33.92,34.17,531610
2020-11-05 07:00:00,34.17,34.72,34.14,34.17,671040
2020-11-06 07:00:00,34.24,34.24,32.64,33.6,805140
2020-11-09 07:00:00,33.92,34.08,33.69,33.82,886500
2020-11-10 07:00:00,34.49,34.49,33.82,33.92,902230
2020-11-11 07:00:00,33.98,34.84,33.95,34.56,1514900
2020-11-12 07:00:00,34.88,35.55,34.62,35.55,1682560
2020-11-13 07:00:00,35.52,35.9,35.36,35.55,678270
2020-11-16 07:00:00,35.77,36.22,34.81,35.1,1692540
2020-11-17 07:00:00,35.1,35.84,35.0,35.84,966390
2020-11-18 07:00:00,35.74,35.96,35.32,35.39,778050
2020-11-19 07:00:00,35.68,35.84,35.07,35.84,1434630
2020-11-20 07:00:00,35.87,35.93,35.45,35.45,599730
2020-11-23 07:00:00,35.45,36.48,35.39,36.22,1506160
2020-11-24 07:00:00,36.44,36.44,35.52,35.84,1303450
2020-11-25 07:00:00,36.35,36.35,35.58,35.84,824020
2020-11-26 07:00:00,35.84,36.22,35.84,36.09,826280
2020-11-27 07:00:00,36.16,37.05,36.09,36.96,1680140
2020-11-30 07:00:00,37.6,37.6,37.02,37.12,1427120
2020-12-01 07:00:00,36.22,37.12,36.22,37.12,1358430
2020-12-02 07:00:00,36.83,36.83,36.25,36.48,1707050
2020-12-03 07:00:00,36.44,36.7,36.09,36.7,1224080
2020-12-04 07:00:00,36.6,36.73,36.32,36.44,768070
2020-12-07 07:00:00,36.28,36.92,36.28,36.57,671610
2020-12-08 07:00:00,36.51,36.99,36.41,36.64,959210
2020-12-09 07:00:00,36.54,36.83,36.44,36.8,984430
2020-12-10 07:00:00,36.8,36.96,36.41,36.41,1122020
2020-12-11 07:00:00,36.41,36.67,36.16,36.57,813340
2020-12-14 07:00:00,36.89,37.08,36.7,37.02,989600
2020-12-15 07:00:00,36.86,37.53,36.8,36.89,1455570
2020-12-16 07:00:00,37.12,37.12,36.86,36.96,910670
2020-12-17 07:00:00,36.96,36.99,36.32,36.32,1496400
2020-12-18 07:00:00,36.32,36.8,36.16,36.8,1086810
2020-12-21 07:00:00,36.8,37.37,36.7,37.18,1158010
2020-12-22 07:00:00,37.18,38.4,36.92,38.36,2236430
2020-12-23 07:00:00,38.43,38.81,37.79,37.79,995990
2020-12-24 07:00:00,37.79,38.24,36.8,37.34,1132960
2020-12-25 07:00:00,37.12,38.08,37.05,37.92,1008790
2020-12-28 07:00:00,37.95,38.27,37.44,37.53,933380
2020-12-29 07:00:00,37.53,37.76,37.47,37.5,702300
2020-12-30 07:00:00,37.5,38.04,37.44,37.53,860030
2020-12-31 07:00:00,37.53,38.24,37.53,38.04,891550
2021-01-04 07:00:00,38.24,38.59,38.17,38.59,1147400
2021-01-05 07:00:00,38.4,39.23,38.27,39.0,967500
2021-01-06 07:00:00,39.36,39.36,38.62,38.81,995500
2021-01-07 07:00:00,38.56,38.78,38.3,38.65,1118100
2021-01-08 07:00:00,38.65,39.32,38.65,38.97,1277600
2021-01-11 07:00:00,39.04,40.44,39.04,40.38,1504500
2021-01-12 07:00:00,40.38,40.44,39.96,40.38,1352600
2021-01-13 07:00:00,40.38,40.83,40.35,40.38,1101300
2021-01-14 07:00:00,40.38,41.05,40.32,40.92,1433000
2021-01-15 07:00:00,40.96,41.05,40.73,40.89,845000
2021-01-18 07:00:00,40.89,40.96,40.38,40.44,768800
2021-01-19 07:00:00,40.22,40.44,37.76,38.4,1659900
2021-01-20 07:00:00,38.72,39.29,37.12,39.29,1682900
2021-01-21 07:00:00,39.84,40.28,39.29,40.0,1034000
2021-01-22 07:00:00,40.0,40.76,39.93,40.7,1422700
2021-01-25 07:00:00,40.73,42.36,40.7,42.24,2134100
2021-01-26 07:00:00,42.52,42.72,41.63,42.24,1356200
2021-01-27 07:00:00,42.08,43.16,41.95,42.72,2106900
2021-01-28 07:00:00,40.16,41.66,39.74,39.74,1843300
2021-01-29 07:00:00,39.52,42.46,38.08,42.46,2812400
2021-02-01 07:00:00,41.6,41.88,39.52,39.58,2508200
2021-02-02 07:00:00,39.36,41.05,38.56,40.96,1400700
2021-02-03 07:00:00,40.96,41.37,39.71,40.8,1798800
2021-02-04 07:00:00,40.8,41.88,40.16,41.12,1597800
2021-02-05 07:00:00,41.12,42.01,40.96,41.76,1479700
2021-02-08 07:00:00,41.6,41.69,40.25,41.12,1952500
2021-02-09 07:00:00,40.96,41.6,40.32,41.44,1326800
2021-02-17 07:00:00,41.76,44.16,41.76,44.16,2121400
2021-02-18 07:00:00,44.16,44.76,43.55,44.64,1550600
2021-02-19 07:00:00,44.19,44.48,43.84,44.03,727200
2021-02-22 07:00:00,43.84,44.12,43.26,43.84,996100
2021-02-23 07:00:00,43.68,44.41,42.56,43.58,1867800
2021-02-24 07:00:00,43.84,44.0,42.72,42.81,1009200
2021-02-25 07:00:00,43.2,43.45,42.59,43.42,659600
2021-02-26 07:00:00,42.72,43.42,42.59,43.2,1163300
2021-03-01 07:00:00,43.84,43.84,42.88,43.13,1200200
2021-03-02 07:00:00,43.36,43.58,43.04,43.45,571000
2021-03-03 07:00:00,43.77,43.84,43.45,43.58,755600
2021-03-04 07:00:00,43.64,43.74,41.6,42.49,893000
2021-03-05 07:00:00,42.33,42.36,41.72,42.3,844200
2021-03-08 07:00:00,42.3,42.65,41.82,41.85,750000
2021-03-09 07:00:00,41.6,41.6,40.92,40.99,1485600
2021-03-10 07:00:00,41.28,41.82,40.64,41.76,724600
2021-03-11 07:00:00,42.3,42.52,42.08,42.4,513500
2021-03-12 07:00:00,42.56,42.56,41.76,41.95,414300
2021-03-15 07:00:00,41.95,42.84,41.79,42.46,766800
2021-03-16 07:00:00,42.46,42.72,42.11,42.62,605800
2021-03-17 07:00:00,42.72,42.72,42.49,42.49,521000
2021-03-18 07:00:00,42.72,42.81,40.0,42.75,914000
2021-03-19 07:00:00,42.56,42.72,42.24,42.56,376700
2021-03-22 07:00:00,42.49,42.56,42.08,42.2,377300
2021-03-23 07:00:00,41.92,42.24,41.6,41.92,625000
2021-03-24 07:00:00,41.44,41.88,40.99,41.56,528300
2021-03-25 07:00:00,41.44,41.85,41.18,41.21,506500
2021-03-26 07:00:00,41.12,41.6,40.0,41.6,585900
2021-03-29 07:00:00,41.72,42.2,41.34,41.63,870000
2021-03-30 07:00:00,41.63,41.88,41.28,41.4,318600
2021-03-31 07:00:00,41.4,41.76,41.15,41.5,326800
2021-04-01 07:00:00,41.6,43.04,41.12,42.97,1239000
2021-04-02 07:00:00,43.48,43.52,42.97,43.13,796700
2021-04-05 07:00:00,43.52,43.52,42.78,42.91,364100
2021-04-06 07:00:00,42.72,43.36,42.52,42.65,1035200
2021-04-07 07:00:00,42.43,43.04,42.27,43.04,327200
2021-04-08 07:00:00,43.04,43.04,42.72,42.88,310500
2021-04-09 07:00:00,42.88,42.88,42.49,42.65,464700
2021-04-12 07:00:00,42.65,43.2,42.56,43.16,852600
2021-04-13 07:00:00,43.26,44.03,42.94,43.16,1232700
2021-04-14 07:00:00,42.72,43.32,42.72,43.32,472400
2021-04-15 07:00:00,43.39,43.8,42.78,42.78,1036700
2021-04-16 07:00:00,42.24,43.26,42.24,42.88,781400
2021-04-19 07:00:00,43.2,43.96,42.4,43.96,1203800
2021-04-20 07:00:00,44.48,46.08,44.32,45.6,2184800
2021-04-22 07:00:00,45.6,47.36,44.83,45.6,2536100
2021-04-23 07:00:00,45.44,47.2,44.96,47.2,2198500
2021-04-26 07:00:00,47.16,47.16,45.6,45.6,1271300
2021-04-27 07:00:00,45.6,46.08,44.96,45.4,818300
2021-04-28 07:00:00,44.8,45.28,44.48,44.8,994100
2021-04-29 07:00:00,44.64,45.18,44.19,45.08,662300
2021-05-04 07:00:00,44.32,44.76,44.16,44.6,730900
2021-05-05 07:00:00,44.6,45.79,44.54,45.08,1124900
2021-05-06 07:00:00,45.08,45.76,44.92,45.44,923300
2021-05-07 07:00:00,45.12,45.69,44.76,44.86,923400
2021-05-10 07:00:00,44.8,44.8,44.0,44.19,1744900
2021-05-11 07:00:00,44.0,44.8,43.96,44.0,1382900
2021-05-12 07:00:00,44.0,44.64,43.96,44.64,830000
2021-05-13 07:00:00,44.32,44.96,44.32,44.8,986800
2021-05-14 07:00:00,44.96,45.92,44.86,45.6,818500
2021-05-17 07:00:00,45.92,46.08,45.08,45.28,535700
2021-05-18 07:00:00,45.28,45.44,45.02,45.34,594800
2021-05-19 07:00:00,45.12,45.44,44.96,45.34,599700
2021-05-20 07:00:00,45.02,48.0,45.02,48.0,1409800
2021-05-21 07:00:00,47.0,47.36,46.4,46.52,979600
2021-05-24 07:00:00,46.4,46.88,46.11,46.72,539500
2021-05-25 07:00:00,46.72,46.88,46.4,46.72,789800
2021-05-26 07:00:00,46.72,46.78,46.24,46.36,781800
2021-05-27 07:00:00,46.36,46.4,45.44,45.56,848200
2021-05-28 07:00:00,45.56,45.82,45.31,45.66,743300
2021-05-31 07:00:00,44.8,45.28,44.32,44.32,1269800
2021-06-01 07:00:00,44.0,44.16,43.2,43.68,1074000
2021-06-02 07:00:00,43.52,44.8,43.48,44.41,579400
2021-06-03 07:00:00,44.73,44.73,43.84,44.48,593700
2021-06-04 07:00:00,44.48,44.48,43.84,44.0,617400
2021-06-07 07:00:00,44.0,44.03,43.29,43.55,684700
2021-06-08 07:00:00,43.52,44.16,43.42,43.52,715300
2021-06-09 07:00:00,43.52,44.0,43.2,43.64,739900
2021-06-10 07:00:00,43.2,43.84,43.2,43.29,679100
2021-06-11 07:00:00,43.26,43.84,43.23,43.84,830800
2021-06-14 07:00:00,44.16,44.41,43.77,44.19,740900
2021-06-15 07:00:00,44.19,44.48,44.0,44.12,437500
2021-06-16 07:00:00,44.09,44.09,43.68,43.84,499600
2021-06-17 07:00:00,43.68,46.04,43.52,44.48,1284500
2021-06-18 07:00:00,44.96,45.28,44.8,45.12,384900
2021-06-21 07:00:00,44.99,46.68,44.99,46.65,1179900
2021-06-22 07:00:00,46.72,46.78,44.64,46.72,736900
2021-06-23 07:00:00,46.46,46.56,46.08,46.08,443700
2021-06-24 07:00:00,46.04,46.72,46.01,46.08,394400
2021-06-25 07:00:00,46.08,46.4,45.92,45.98,717200
2021-06-28 07:00:00,46.24,46.72,45.98,46.56,669700
2021-06-29 07:00:00,46.56,47.2,46.4,47.04,556700
2021-06-30 07:00:00,47.04,49.24,47.04,48.64,1221500
2021-07-01 07:00:00,48.64,48.8,48.16,48.35,727200
2021-07-02 07:00:00,48.32,50.24,48.32,50.17,964000
2021-07-05 07:00:00,51.52,53.44,51.52,53.28,1355400
2021-07-06 07:00:00,53.92,54.62,49.6,49.6,790100
2021-07-07 07:00:00,51.2,53.05,49.6,53.05,1457700
2021-07-08 07:00:00,55.04,56.06,53.6,55.19,1585700
2021-07-09 07:00:00,55.07,57.56,54.97,56.47,1012200
2021-07-12 07:00:00,56.31,57.24,52.8,56.51,1907000
2021-07-13 07:00:00,57.05,57.05,55.04,55.99,651400
2021-07-14 07:00:00,55.35,55.64,52.6,53.28,1384700
2021-07-15 07:00:00,52.76,54.72,52.16,53.47,1104100
2021-07-16 07:00:00,53.79,53.92,53.12,53.79,679400
2021-07-19 07:00:00,51.61,52.16,50.08,50.08,1868000
2021-07-20 07:00:00,50.56,52.67,50.08,52.67,1053200
2021-07-21 07:00:00,53.12,53.31,51.87,52.28,520200
2021-07-22 07:00:00,52.0,53.88,51.77,52.86,982100
2021-07-23 07:00:00,52.19,52.86,51.52,51.74,1223900
2021-07-26 07:00:00,51.32,51.52,50.52,51.29,1139800
2021-07-27 07:00:00,51.84,51.84,50.24,50.56,1477400
2021-07-28 07:00:00,50.49,51.36,49.95,50.27,455700
2021-07-29 07:00:00,51.13,52.09,49.92,52.09,1317800
2021-07-30 07:00:00,51.68,52.76,51.04,52.51,1779200
2021-08-02 07:00:00,52.48,55.19,52.32,54.36,1632800
2021-08-03 07:00:00,54.36,54.4,53.76,54.36,868900
2021-08-04 07:00:00,54.43,54.68,53.92,54.4,829400
2021-08-05 07:00:00,54.27,55.77,54.08,55.35,989800
2021-08-06 07:00:00,55.35,56.15,54.88,54.88,1032700
2021-08-09 07:00:00,54.72,55.74,54.24,55.61,638000
2021-08-10 07:00:00,55.67,55.74,54.91,55.64,882000
2021-08-11 07:00:00,55.67,57.37,55.23,55.99,1670800
2021-08-12 07:00:00,55.51,55.99,54.4,54.4,1172100
2021-08-13 07:00:00,54.24,54.72,53.56,54.72,1116800
2021-08-16 07:00:00,54.88,55.04,53.76,54.43,1029800
2021-08-17 07:00:00,54.36,54.43,53.72,54.36,1104300
2021-08-18 07:00:00,54.08,55.51,53.95,55.19,864600
2021-08-19 07:00:00,55.19,55.19,54.24,55.19,785700
2021-08-20 07:00:00,55.04,55.04,52.48,52.48,2037300
2021-08-23 07:00:00,52.16,52.48,50.56,50.59,1619300
2021-08-24 07:00:00,50.81,51.96,50.59,51.36,1060900
2021-08-25 07:00:00,51.52,52.48,51.23,51.68,600100
2021-08-26 07:00:00,52.44,52.6,51.71,51.84,616200
2021-08-27 07:00:00,51.9,52.76,51.9,52.64,1336200
2021-08-30 07:00:00,53.5,54.08,53.26,53.26,1266900
2021-08-31 07:00:00,53.45,53.45,52.97,53.45,629100
2021-09-01 07:00:00,53.12,53.45,52.44,53.07,670400
2021-09-06 07:00:00,53.45,53.5,53.21,53.45,1121700
2021-09-07 07:00:00,53.65,53.69,52.97,53.12,894000
2021-09-08 07:00:00,53.12,53.65,52.97,53.65,684800
2021-09-09 07:00:00,53.84,57.26,53.65,57.26,2544800
2021-09-10 07:00:00,57.31,57.45,56.39,57.26,922100
2021-09-13 07:00:00,57.26,60.2,57.21,60.2,2267600
2021-09-14 07:00:00,59.71,60.1,58.8,59.96,1073100
2021-09-15 07:00:00,59.47,60.2,59.14,60.0,728800
2021-09-16 07:00:00,59.96,59.96,59.14,59.52,778300
2021-09-17 07:00:00,59.52,59.71,58.85,59.23,919200
2021-09-20 07:00:00,60.15,61.16,58.46,59.23,1370300
2021-09-21 07:00:00,58.32,60.44,58.32,59.62,1328400
2021-09-22 07:00:00,59.71,60.87,59.67,60.53,1293000
2021-09-23 07:00:00,60.92,64.24,60.92,63.57,2591600
2021-09-24 07:00:00,63.66,64.53,62.65,62.84,1318800
2021-09-27 07:00:00,62.12,62.12,60.68,60.68,3738200
2021-09-28 07:00:00,60.0,61.16,59.67,61.01,1344700
2021-09-29 07:00:00,61.06,61.88,61.06,61.54,1208800
2021-09-30 07:00:00,61.54,62.12,61.01,61.54,1044400
2021-10-01 07:00:00,61.16,61.54,60.68,60.77,1086600
2021-10-04 07:00:00,60.2,60.77,59.38,60.77,2190000
2021-10-05 07:00:00,60.68,61.06,60.24,61.06,939300
2021-10-06 07:00:00,61.01,62.6,60.87,61.79,1692400
2021-10-07 07:00:00,61.3,61.79,61.3,61.64,966000
2021-10-08 07:00:00,61.4,62.36,61.3,62.03,1503700
2021-10-11 07:00:00,62.07,62.46,61.4,62.36,1749700
2021-10-12 07:00:00,62.36,63.95,62.36,63.62,2282000
2021-10-13 07:00:00,63.71,64.63,63.62,64.48,1892600
2021-10-14 07:00:00,64.53,64.92,63.57,64.29,1925700
2021-10-15 07:00:00,64.29,64.39,63.57,63.76,827400
2021-10-18 07:00:00,63.66,64.0,62.94,62.94,1467200
2021-10-19 07:00:00,62.56,63.09,62.17,62.46,1151000
2021-10-20 07:00:00,62.56,63.09,61.64,62.22,1333900
2021-10-21 07:00:00,62.22,62.6,61.16,61.16,1471700
2021-10-22 07:00:00,61.79,61.83,61.21,61.45,925700
2021-10-25 07:00:00,61.64,62.51,61.64,61.83,926200
2021-10-26 07:00:00,61.64,61.64,61.11,61.64,992900
2021-10-27 07:00:00,61.64,64.0,61.64,63.57,2063400
2021-10-28 07:00:00,63.23,63.81,61.88,63.57,1189400
2021-10-29 07:00:00,63.33,63.52,63.04,63.28,1344400
2021-11-01 07:00:00,63.33,63.47,62.12,62.6,1140200
2021-11-02 07:00:00,61.88,62.56,61.88,62.07,866800
2021-11-03 07:00:00,62.07,62.6,61.4,62.03,1405000
2021-11-04 07:00:00,61.88,62.89,61.64,62.56,950100
2021-11-05 07:00:00,64.05,64.05,63.09,63.57,1635800
2021-11-08 07:00:00,63.57,64.05,63.37,63.37,1126300
2021-11-09 07:00:00,63.47,63.57,62.6,62.6,1048900
2021-11-10 07:00:00,62.6,63.33,62.36,63.33,765400
2021-11-11 07:00:00,63.33,65.49,62.84,65.01,4441400
2021-11-12 07:00:00,65.49,65.49,64.48,65.49,1184800
2021-11-15 07:00:00,65.64,67.37,65.64,67.13,2631500
2021-11-16 07:00:00,66.46,66.94,65.49,66.41,1490600
2021-11-17 07:00:00,66.31,66.46,65.59,66.41,862200
2021-11-18 07:00:00,66.6,68.14,65.88,66.94,2132400
2021-11-19 07:00:00,67.42,67.9,65.49,66.94,1378000
2021-11-22 07:00:00,67.42,67.61,66.46,66.75,1115100
2021-11-23 07:00:00,66.75,69.35,66.5,68.86,1926200
2021-11-24 07:00:00,68.86,69.35,68.05,69.35,1487500
2021-11-25 07:00:00,69.39,69.83,68.62,69.83,845700
2021-11-26 07:00:00,69.73,70.07,68.14,68.14,1262400
2021-11-29 07:00:00,66.89,67.76,66.17,66.22,2370000
2021-11-30 07:00:00,66.7,67.37,65.93,66.89,1089100
2021-12-01 07:00:00,65.73,67.42,65.54,66.89,1496400
2021-12-02 07:00:00,66.84,66.84,65.88,65.97,615900
2021-12-03 07:00:00,65.64,65.97,64.29,64.29,1052100
2021-12-06 07:00:00,64.29,64.29,61.11,63.28,1673200
2021-12-07 07:00:00,63.28,64.29,63.28,64.29,663600
2021-12-08 07:00:00,64.34,65.01,64.05,64.48,688700
2021-12-09 07:00:00,64.48,65.01,64.29,64.53,692300
2021-12-10 07:00:00,64.1,64.96,64.05,64.58,707100
2021-12-13 07:00:00,64.72,64.96,64.53,64.96,645900
2021-12-14 07:00:00,64.87,65.49,64.29,65.2,664800
2021-12-15 07:00:00,65.2,65.49,64.53,65.44,601100
2021-12-16 07:00:00,65.49,65.49,64.34,64.34,809500
2021-12-17 07:00:00,64.34,65.01,64.1,64.77,735100
2021-12-20 07:00:00,64.29,64.82,63.81,64.05,792900
2021-12-21 07:00:00,64.05,64.05,63.62,64.05,473600
2021-12-22 07:00:00,64.34,65.97,64.24,64.92,1300200
2021-12-23 07:00:00,64.92,65.4,63.47,64.34,933200
2021-12-24 07:00:00,64.34,64.82,63.81,64.82,560900
2021-12-27 07:00:00,64.87,65.2,64.05,64.96,723100
2021-12-28 07:00:00,65.25,65.4,64.1,65.4,745000
2021-12-29 07:00:00,64.82,65.49,64.58,64.72,637000
2021-12-30 07:00:00,64.77,65.2,64.53,64.67,832700
2021-12-31 07:00:00,64.67,65.44,64.24,65.44,1128900
2022-01-04 07:00:00,65.44,67.03,64.96,66.36,1327900
2022-01-05 07:00:00,66.36,67.08,66.02,66.02,1178700
2022-01-06 07:00:00,66.02,66.84,65.73,66.22,771100
2022-01-07 07:00:00,66.22,66.22,65.25,65.25,921200
2022-01-10 07:00:00,65.25,65.25,64.05,64.05,927000
2022-01-11 07:00:00,64.05,64.77,63.42,63.47,773400
2022-01-12 07:00:00,63.47,65.49,62.6,65.49,928600
2022-01-13 07:00:00,65.73,65.73,63.57,65.25,925000
2022-01-14 07:00:00,65.01,65.01,64.14,64.53,468400
2022-01-17 07:00:00,64.05,64.48,62.6,62.6,817400
2022-01-18 07:00:00,62.12,63.57,61.93,62.65,816200
2022-01-19 07:00:00,62.7,64.53,62.6,64.29,954800
2022-01-20 07:00:00,64.05,64.53,63.62,64.53,896900
2022-01-21 07:00:00,64.53,64.53,63.23,64.14,655100
2022-01-24 07:00:00,63.66,64.14,62.56,62.56,867600
2022-01-25 07:00:00,62.51,63.09,61.45,63.09,802500
2022-01-26 07:00:00,63.09,63.52,62.12,63.52,954300
2022-01-27 07:00:00,63.04,63.71,62.22,63.33,530600
2022-01-28 07:00:00,63.23,63.81,62.46,63.81,716300
2022-02-07 07:00:00,64.05,65.35,64.05,64.48,932400
2022-02-08 07:00:00,64.48,65.88,64.48,65.64,1450000
2022-02-09 07:00:00,65.64,66.22,65.49,65.97,1207000
2022-02-10 07:00:00,65.97,66.07,64.77,65.64,902700
2022-02-11 07:00:00,65.01,65.49,65.01,65.16,541500
2022-02-14 07:00:00,64.48,65.01,63.57,63.57,957300
2022-02-15 07:00:00,63.9,64.48,63.33,64.19,572400
2022-02-16 07:00:00,64.63,64.63,63.37,64.0,562000
2022-02-17 07:00:00,63.57,64.77,63.52,64.77,1031400
2022-02-18 07:00:00,63.62,64.53,63.62,64.53,467800
2022-02-21 07:00:00,63.81,64.96,63.81,64.48,612100
2022-02-22 07:00:00,64.05,67.03,63.76,66.31,3272600
2022-02-23 07:00:00,66.31,67.71,65.93,66.36,1609600
2022-02-24 07:00:00,65.97,66.31,65.25,65.88,1174200
2022-02-25 07:00:00,65.93,67.32,65.49,66.26,2690300
2022-02-28 07:00:00,65.73,66.46,65.25,65.49,1802000
2022-03-01 07:00:00,65.93,65.97,65.06,65.49,1210200
2022-03-02 07:00:00,65.4,65.4,64.53,64.77,1670200
2022-03-03 07:00:00,65.01,65.73,64.34,65.73,1057800
2022-03-04 07:00:00,65.73,65.78,64.82,65.4,1073200
2022-03-07 07:00:00,64.77,65.01,64.53,64.63,1144500
2022-03-08 07:00:00,64.53,64.77,63.76,64.63,1996900
2022-03-09 07:00:00,64.58,64.58,63.81,64.43,1148900
2022-03-10 07:00:00,64.53,64.53,63.86,64.29,883000
2022-03-11 07:00:00,64.24,64.24,63.57,64.05,653000
2022-03-14 07:00:00,63.62,63.95,62.36,63.42,1226700
2022-03-15 07:00:00,62.94,63.28,62.12,63.28,1005300
2022-03-16 07:00:00,63.18,63.57,62.6,63.28,1054600
2022-03-17 07:00:00,63.47,63.57,62.99,62.99,691400
2022-03-18 07:00:00,62.99,63.47,62.99,63.37,791100
2022-03-21 07:00:00,63.57,64.96,63.33,64.96,921700
2022-03-22 07:00:00,65.01,65.49,64.34,65.11,1046000
2022-03-23 07:00:00,64.87,65.69,64.82,65.01,794300
2022-03-24 07:00:00,65.01,65.01,64.05,64.53,913200
2022-03-25 07:00:00,64.87,67.61,64.39,66.89,3782700
2022-03-28 07:00:00,67.03,69.39,66.89,69.35,3833100
2022-03-29 07:00:00,70.07,71.9,69.35,70.55,2341100
2022-03-30 07:00:00,70.07,70.74,67.47,69.54,1692600
2022-03-31 07:00:00,69.35,71.51,68.62,70.21,1798700
2022-04-01 07:00:00,71.03,75.12,70.84,75.12,4130400
2022-04-04 07:00:00,76.33,76.42,74.64,74.64,1401900
2022-04-05 07:00:00,73.92,75.41,73.68,74.74,1260100
2022-04-06 07:00:00,74.16,78.01,73.87,76.47,2980900
2022-04-07 07:00:00,76.95,77.1,73.97,74.64,3100900
2022-04-08 07:00:00,74.64,74.64,72.24,72.24,2207100
2022-04-12 07:00:00,72.24,73.54,70.31,73.54,2644500
2022-04-13 07:00:00,72.72,75.61,72.48,75.22,3406000
2022-04-14 07:00:00,75.22,78.4,74.64,76.81,2925900
2022-04-15 07:00:00,75.85,77.97,75.7,77.15,2339800
2022-04-18 07:00:00,77.53,78.01,76.62,77.15,2616900
2022-04-19 07:00:00,76.91,77.58,74.64,75.12,3285000
2022-04-20 07:00:00,74.69,76.76,74.07,75.12,1900700
2022-04-21 07:00:00,74.26,75.85,74.02,74.88,2304500
2022-04-22 07:00:00,75.41,75.61,69.88,75.03,4049300
2022-04-25 07:00:00,74.16,74.79,69.78,69.78,3711100
2022-04-26 07:00:00,67.9,72.67,66.94,71.66,2718900
2022-04-27 07:00:00,70.31,71.03,68.86,70.89,1718600
2022-04-28 07:00:00,71.03,71.75,69.73,69.83,1526100
2022-04-29 07:00:00,69.92,72.24,69.92,71.85,1739800
2022-05-04 07:00:00,72.24,72.96,71.51,71.99,1151100
2022-05-05 07:00:00,72.48,72.48,69.88,71.95,1168700
2022-05-06 07:00:00,70.55,71.71,70.36,70.6,1085500
2022-05-09 07:00:00,69.44,69.49,65.69,65.69,2693800
2022-05-10 07:00:00,65.01,67.47,64.05,67.47,1818800
2022-05-11 07:00:00,67.52,67.9,66.07,67.9,1167000
2022-05-12 07:00:00,67.37,67.37,64.72,64.72,1705600
2022-05-13 07:00:00,64.72,65.06,60.24,60.24,2746800
2022-05-16 07:00:00,63.81,63.81,58.37,59.23,1334500
2022-05-17 07:00:00,60.15,63.37,58.75,63.37,1055800
2022-05-18 07:00:00,63.42,64.39,62.51,64.29,805600
2022-05-19 07:00:00,62.6,64.29,62.27,64.05,839200
2022-05-20 07:00:00,63.81,65.4,63.57,64.53,869200
2022-05-23 07:00:00,65.01,65.01,62.6,62.99,542100
2022-05-24 07:00:00,63.04,64.05,62.51,64.05,577700
2022-05-25 07:00:00,64.72,68.14,64.53,66.94,1558000
2022-05-26 07:00:00,67.42,67.66,65.49,66.94,716100
2022-05-27 07:00:00,67.03,70.74,67.03,70.65,2550700
2022-05-30 07:00:00,70.65,71.03,69.06,69.92,1262200
2022-05-31 07:00:00,69.92,69.92,68.86,69.78,739500
2022-06-01 07:00:00,69.78,70.79,69.35,70.07,1058700
2022-06-02 07:00:00,70.55,72.48,70.07,71.13,1806000
2022-06-03 07:00:00,71.13,74.31,71.13,73.78,1668100
2022-06-06 07:00:00,74.16,75.37,74.16,74.5,1887900
2022-06-07 07:00:00,74.64,74.64,72.22,74.16,1845100
2022-06-08 07:00:00,74.79,76.53,74.35,74.35,2076800
2022-06-09 07:00:00,74.35,75.13,73.34,74.06,1131100
2022-06-10 07:00:00,74.64,75.13,72.7,72.7,1940500
2022-06-13 07:00:00,70.28,71.49,67.86,67.86,3229000
2022-06-14 07:00:00,67.13,69.94,66.89,69.55,1606100
2022-06-15 07:00:00,70.28,71.59,69.8,71.59,2560200
2022-06-16 07:00:00,76.53,76.53,75.17,76.53,6038900
2022-06-17 07:00:00,76.53,76.53,73.92,75.27,3500500
2022-06-20 07:00:00,75.56,75.56,71.3,71.59,4483400
2022-06-21 07:00:00,72.66,73.43,68.78,71.2,3368300
2022-06-22 07:00:00,73.24,73.24,67.04,67.62,3815800
2022-06-23 07:00:00,67.81,71.2,67.62,70.23,4908000
2022-06-24 07:00:00,71.2,71.2,69.17,69.65,2716400
2022-06-27 07:00:00,69.46,70.23,68.88,69.27,3160200
2022-06-28 07:00:00,68.78,70.62,68.78,70.52,4121400
2022-06-29 07:00:00,70.52,71.69,68.88,70.72,3154200
2022-06-30 07:00:00,70.82,70.82,68.97,69.27,2401100
2022-07-01 07:00:00,69.36,69.36,66.65,68.1,3285200
2022-07-04 07:00:00,67.81,67.91,64.52,65.68,5181500
2022-07-05 07:00:00,65.68,65.68,62.0,63.45,3983400
2022-07-06 07:00:00,63.45,64.23,62.0,62.0,2398000
2022-07-07 07:00:00,62.1,62.97,61.9,62.0,1590000
2022-07-08 07:00:00,62.68,64.42,62.39,62.97,2586800
2022-07-11 07:00:00,62.77,62.87,62.0,62.48,1370100
2022-07-12 07:00:00,62.77,62.77,62.0,62.39,1606300
2022-07-13 07:00:00,62.0,62.19,59.97,61.61,3099000
2022-07-14 07:00:00,60.93,62.0,60.35,60.64,2134700
2022-07-15 07:00:00,60.84,61.22,59.58,59.58,3080300
2022-07-18 07:00:00,59.58,60.93,58.32,59.09,2540800
2022-07-19 07:00:00,59.29,59.29,57.64,58.12,2118000
2022-07-20 07:00:00,57.35,61.03,56.38,59.29,7377800
2022-07-21 07:00:00,59.29,62.48,59.29,62.1,5004300
2022-07-22 07:00:00,62.87,64.71,62.19,62.48,5454700
2022-07-25 07:00:00,62.77,63.74,60.74,61.32,4019200
2022-07-26 07:00:00,61.9,61.9,60.84,61.03,1808800
2022-07-27 07:00:00,58.22,61.03,58.22,60.16,1866300
2022-07-28 07:00:00,61.03,61.03,60.06,60.06,1950500
2022-07-29 07:00:00,60.45,60.45,59.09,59.09,3375000
2022-08-01 07:00:00,59.09,59.97,58.12,59.38,3256100
2022-08-02 07:00:00,59.87,60.55,59.38,60.06,2121500
2022-08-03 07:00:00,60.06,60.26,59.38,59.87,2660300
2022-08-04 07:00:00,60.26,61.03,60.16,60.74,4344000
2022-08-05 07:00:00,60.93,61.52,60.64,60.74,2712000
2022-08-08 07:00:00,60.74,60.93,60.35,60.93,2490100
2022-08-09 07:00:00,61.13,61.61,60.93,61.32,2806100
2022-08-10 07:00:00,61.32,62.29,61.03,61.61,1974900
2022-08-11 07:00:00,62.0,62.19,60.55,61.03,2719100
2022-08-12 07:00:00,60.93,61.71,60.26,61.03,2419300
2022-08-15 07:00:00,61.32,62.97,61.03,62.97,4433600
2022-08-16 07:00:00,62.97,64.91,62.97,63.94,3910700
2022-08-17 07:00:00,63.94,64.32,62.97,62.97,2518800
2022-08-18 07:00:00,62.97,63.74,61.9,62.48,4073800
2022-08-19 07:00:00,62.48,63.36,61.13,62.1,2276400
2022-08-22 07:00:00,62.58,64.81,62.48,64.42,5855600
2022-08-23 07:00:00,63.84,65.68,63.84,64.81,4014500
2022-08-24 07:00:00,64.81,65.1,64.23,64.71,2219300
2022-08-25 07:00:00,65.58,66.55,65.2,66.26,5153200
2022-08-26 07:00:00,66.55,70.82,66.55,69.94,10847500
2022-08-29 07:00:00,69.56,71.69,68.49,71.69,7689600
2022-08-30 07:00:00,72.17,72.66,70.62,71.01,4227200
2022-08-31 07:00:00,70.23,71.69,70.23,71.69,4620000
2022-09-05 07:00:00,71.59,71.59,70.23,70.23,2694200
2022-09-06 07:00:00,70.33,71.01,70.14,70.62,2599300
2022-09-07 07:00:00,70.33,70.52,68.39,68.49,5672100
2022-09-08 07:00:00,69.27,70.04,68.3,69.27,3748300
2022-09-09 07:00:00,69.75,70.14,68.59,69.75,2784800
2022-09-12 07:00:00,69.94,73.04,69.85,71.69,7347100
2022-09-13 07:00:00,71.69,72.07,71.01,71.78,1957900
2022-09-14 07:00:00,70.43,71.59,70.33,71.4,3704500
2022-09-15 07:00:00,71.4,72.46,71.11,71.59,3182500
2022-09-16 07:00:00,71.11,71.4,69.17,69.75,4279700
2022-09-19 07:00:00,69.75,70.52,66.94,68.3,4171600
2022-09-20 07:00:00,68.68,69.75,67.04,69.46,3380900
2022-09-21 07:00:00,68.78,68.78,67.81,67.81,3106200
2022-09-22 07:00:00,66.94,68.59,66.17,67.91,4254200
2022-09-23 07:00:00,67.91,67.91,66.46,67.23,2717600
2022-09-26 07:00:00,65.68,66.07,63.55,65.87,5240200
2022-09-27 07:00:00,65.29,65.87,64.71,65.0,1536300
2022-09-28 07:00:00,64.03,64.91,62.97,62.97,2724500
2022-09-29 07:00:00,64.42,64.42,61.71,62.0,2545200
2022-09-30 07:00:00,61.71,62.19,59.77,62.0,4371100
2022-10-03 07:00:00,60.93,60.93,57.74,57.74,4026100
2022-10-04 07:00:00,59.29,59.38,58.22,59.09,4024500
2022-10-05 07:00:00,59.09,61.13,59.09,60.26,2124200
2022-10-06 07:00:00,60.26,60.35,56.19,56.19,3170300
2022-10-07 07:00:00,54.73,56.09,52.31,52.31,5573700
2022-10-10 07:00:00,51.44,55.51,51.34,55.32,3911600
2022-10-11 07:00:00,55.32,55.8,52.41,53.67,2333500
2022-10-12 07:00:00,53.77,56.96,53.77,55.7,2886100
2022-10-13 07:00:00,55.22,56.38,54.73,55.8,1531100
2022-10-14 07:00:00,56.19,58.42,56.19,58.03,2989900
2022-10-17 07:00:00,57.74,57.74,55.99,57.06,2674800
2022-10-18 07:00:00,58.03,58.61,56.77,57.16,2054300
2022-10-19 07:00:00,57.35,57.64,56.48,57.16,1407400
2022-10-20 07:00:00,56.38,57.16,56.09,56.57,1811200
2022-10-21 07:00:00,56.48,56.48,52.7,52.7,4238200
2022-10-24 07:00:00,52.8,53.28,49.02,49.02,4828000
2022-10-25 07:00:00,49.12,52.31,47.47,50.37,4400700
2022-10-26 07:00:00,50.47,50.86,49.02,50.28,1528200
2022-10-27 07:00:00,49.7,52.22,49.7,51.63,2990400
2022-10-28 07:00:00,51.83,52.7,51.15,51.54,1802000
2022-10-31 07:00:00,50.76,51.25,47.95,49.99,3903900
2022-11-01 07:00:00,50.37,50.86,48.53,48.53,1999200
2022-11-02 07:00:00,48.44,48.73,45.34,46.5,4317000
2022-11-03 07:00:00,47.47,48.73,46.6,47.95,2600000
2022-11-04 07:00:00,46.06,46.5,44.61,44.61,5742900
2022-11-07 07:00:00,44.56,45.1,41.51,41.51,5344200
2022-11-08 07:00:00,41.51,44.17,40.01,43.21,4117000
2022-11-09 07:00:00,43.59,45.0,43.16,44.08,2156900
2022-11-10 07:00:00,43.55,43.55,41.03,41.03,3670600
2022-11-11 07:00:00,42.04,43.01,41.66,41.66,3565100
2022-11-14 07:00:00,40.69,41.41,39.14,39.38,3514300
2022-11-15 07:00:00,37.01,38.27,36.67,36.67,2983600
2022-11-16 07:00:00,34.15,39.19,34.15,39.19,8555200
2022-11-17 07:00:00,40.45,41.56,39.52,40.49,2857700
2022-11-18 07:00:00,39.72,40.93,38.65,40.83,4367700
2022-11-21 07:00:00,40.64,40.64,39.38,39.38,1762800
2022-11-22 07:00:00,38.94,40.3,38.6,38.94,3707900
2022-11-23 07:00:00,39.04,39.62,38.85,39.23,1510200
2022-11-24 07:00:00,37.97,37.97,36.52,36.52,7862600
2022-11-25 07:00:00,36.38,37.1,35.36,36.62,2595300
2022-11-28 07:00:00,37.1,39.14,37.1,38.9,4322000
2022-11-29 07:00:00,39.23,41.46,39.23,41.46,5268600
2022-11-30 07:00:00,42.24,43.59,41.66,42.72,3777700
2022-12-01 07:00:00,43.59,44.17,41.41,42.67,5855800
2022-12-02 07:00:00,42.04,45.53,42.04,45.53,6464800
2022-12-05 07:00:00,45.58,47.32,45.58,46.11,4146000
2022-12-06 07:00:00,45.72,45.72,42.96,42.96,4093900
2022-12-07 07:00:00,42.96,43.59,42.14,43.45,2930100
2022-12-08 07:00:00,44.37,45.53,43.79,44.56,2626500
2022-12-09 07:00:00,44.56,45.14,43.93,44.76,1675300
2022-12-12 07:00:00,44.76,45.82,43.59,44.47,3474400
2022-12-13 07:00:00,44.32,44.95,43.01,44.95,1956200
2022-12-14 07:00:00,45.82,45.82,44.37,45.0,2187800
2022-12-15 07:00:00,45.0,46.02,44.71,45.53,2539400
2022-12-16 07:00:00,45.29,46.45,44.47,46.35,3003400
2022-12-19 07:00:00,46.11,47.27,45.68,45.68,3782800
2022-12-20 07:00:00,45.14,45.39,42.82,45.05,3352500
2022-12-21 07:00:00,45.05,45.29,42.96,44.95,2052300
2022-12-22 07:00:00,44.9,45.24,43.88,45.05,1519800
2022-12-23 07:00:00,45.05,45.05,44.13,44.37,1584400
2022-12-26 07:00:00,44.08,44.32,41.27,41.27,2559500
2022-12-27 07:00:00,40.2,42.43,40.2,42.43,2324700
2022-12-28 07:00:00,41.66,41.85,40.59,41.66,1389600
2022-12-29 07:00:00,41.17,41.56,40.78,41.56,1212100
2022-12-30 07:00:00,41.46,41.66,40.74,41.56,1652400
2023-01-03 07:00:00,41.46,42.62,41.17,42.58,1998900
2023-01-04 07:00:00,41.75,42.92,41.75,42.14,1872700
2023-01-05 07:00:00,42.53,42.62,41.95,42.24,1102800
2023-01-06 07:00:00,42.24,42.48,41.8,41.8,1507500
2023-01-09 07:00:00,41.8,41.95,40.69,40.69,2663500
2023-01-10 07:00:00,40.69,41.27,40.59,40.88,1424300
2023-01-11 07:00:00,40.98,41.85,40.98,41.22,1461200
2023-01-12 07:00:00,41.22,41.66,40.74,40.78,986100
2023-01-13 07:00:00,41.07,41.32,40.74,40.74,1087500
2023-01-16 07:00:00,40.74,40.98,40.4,40.59,1408900
2023-01-17 07:00:00,41.07,42.04,40.88,41.7,2760600
2023-01-18 07:00:00,42.14,43.79,41.9,43.55,3686900
2023-01-19 07:00:00,43.55,44.66,43.35,44.17,3493900
2023-01-27 07:00:00,44.95,45.43,44.47,44.47,2479800
2023-01-30 07:00:00,44.47,45.34,43.98,44.76,3206700
2023-01-31 07:00:00,44.47,45.05,43.93,45.05,2723800
2023-02-01 07:00:00,44.76,45.68,44.27,45.63,7835500
2023-02-02 07:00:00,45.48,48.34,44.85,48.34,4860800
2023-02-03 07:00:00,46.55,47.08,46.31,46.31,6219600
2023-02-06 07:00:00,45.53,45.72,44.27,45.68,2653000
2023-02-07 07:00:00,45.19,46.5,44.27,44.27,2018900
2023-02-08 07:00:00,44.27,44.56,43.11,43.11,1647000
2023-02-09 07:00:00,43.01,44.03,42.62,42.62,1472800
2023-02-10 07:00:00,42.62,43.06,40.78,40.78,2032500
2023-02-13 07:00:00,40.78,41.17,40.2,41.17,1726000
2023-02-14 07:00:00,41.46,41.66,41.07,41.17,803200
2023-02-15 07:00:00,41.17,42.14,41.17,41.41,1084700
2023-02-16 07:00:00,41.85,42.14,41.46,41.95,944200
2023-02-17 07:00:00,41.95,41.95,41.51,41.9,959100
2023-02-20 07:00:00,41.85,42.92,41.41,42.92,1874700
2023-02-21 07:00:00,43.01,43.84,43.01,43.11,1405600
2023-02-22 07:00:00,42.62,43.11,41.66,41.66,1644500
2023-02-23 07:00:00,41.46,41.66,40.69,41.66,1313900
2023-02-24 07:00:00,41.17,41.61,40.3,40.78,1625600
2023-02-27 07:00:00,39.72,40.59,39.23,39.23,1974700
2023-02-28 07:00:00,39.23,39.91,38.6,38.75,1567900
2023-03-01 07:00:00,38.75,39.72,38.02,39.52,1520500
2023-03-02 07:00:00,39.52,39.72,38.75,39.04,868900
2023-03-03 07:00:00,39.04,39.33,38.17,38.17,1857500
2023-03-06 07:00:00,38.7,39.23,38.17,38.17,1474200
2023-03-07 07:00:00,38.75,38.94,37.97,38.46,1585700
2023-03-08 07:00:00,37.78,38.31,37.44,38.17,2029100
2023-03-09 07:00:00,38.36,39.28,38.31,38.75,2116000
2023-03-10 07:00:00,38.65,38.85,38.17,38.51,1573000
2023-03-13 07:00:00,38.51,38.75,38.17,38.17,1349100
2023-03-14 07:00:00,38.07,38.36,37.1,37.39,1611600
2023-03-15 07:00:00,38.36,38.85,38.17,38.75,1899200
2023-03-16 07:00:00,38.75,38.75,37.59,38.17,1665000
2023-03-17 07:00:00,38.65,38.65,37.64,38.17,953800
2023-03-20 07:00:00,37.78,38.17,36.86,36.91,2298600
2023-03-21 07:00:00,37.59,37.59,36.33,37.3,1411300
2023-03-22 07:00:00,37.44,37.44,36.76,36.76,1507000
2023-03-23 07:00:00,36.42,36.76,36.33,36.62,1238600
2023-03-24 07:00:00,36.42,37.01,36.42,36.76,1729500
2023-03-27 07:00:00,36.81,37.25,36.67,36.91,2465100
2023-03-28 07:00:00,37.01,38.07,36.91,37.88,4198400
2023-03-29 07:00:00,38.02,38.12,37.49,37.49,1830200
2023-03-30 07:00:00,37.59,37.97,36.96,37.39,2665800
2023-03-31 07:00:00,37.35,37.73,37.05,37.35,1815500
2023-04-03 07:00:00,37.78,37.97,37.49,37.78,2112100
2023-04-04 07:00:00,37.88,38.7,37.83,38.56,3133300
2023-04-05 07:00:00,38.56,38.6,38.27,38.51,1735900
2023-04-06 07:00:00,38.75,38.75,37.83,37.88,1971300
2023-04-07 07:00:00,37.64,37.83,37.3,37.78,2032200
2023-04-10 07:00:00,37.97,39.86,37.97,39.72,5829400
2023-04-11 07:00:00,39.72,39.72,38.94,39.43,2852300
2023-04-12 07:00:00,39.23,40.4,39.23,39.48,3970800
2023-04-13 07:00:00,39.72,40.01,39.38,39.77,3135000
2023-04-14 07:00:00,39.96,40.11,38.75,38.75,2679300
2023-04-17 07:00:00,38.6,38.75,38.31,38.6,1406900
2023-04-18 07:00:00,39.28,39.48,38.7,38.7,2755700
2023-04-19 07:00:00,38.8,40.01,38.75,39.23,2949400
2023-04-20 07:00:00,39.23,39.23,38.65,39.14,1416200
2023-04-21 07:00:00,39.14,39.14,38.07,38.07,2811100
2023-04-24 07:00:00,37.97,38.07,37.05,37.2,3211100
2023-04-25 07:00:00,37.39,37.59,36.33,36.52,2735300
2023-04-26 07:00:00,36.52,37.2,36.47,37.2,1835600
2023-04-27 07:00:00,37.3,37.44,36.96,37.44,1286400
2023-04-28 07:00:00,37.44,37.97,37.39,37.97,2517300
2023-05-04 07:00:00,36.91,37.68,36.72,36.72,2462500
2023-05-05 07:00:00,36.72,36.91,36.47,36.62,1173200
2023-05-08 07:00:00,36.62,37.05,36.62,36.67,1273100
2023-05-09 07:00:00,36.67,37.15,36.67,36.76,931100
2023-05-10 07:00:00,36.86,37.78,36.72,37.78,2354900
2023-05-11 07:00:00,37.93,38.12,37.35,37.49,1659900
2023-05-12 07:00:00,37.54,37.88,37.01,37.78,2033800
2023-05-15 07:00:00,37.93,38.17,37.64,37.68,2782400
2023-05-16 07:00:00,37.68,37.73,37.01,37.25,2129700
2023-05-17 07:00:00,37.25,37.44,36.76,36.96,1326900
2023-05-18 07:00:00,37.35,37.49,36.91,36.91,1747600
2023-05-19 07:00:00,36.91,37.1,36.62,37.1,1643100
2023-05-22 07:00:00,37.15,37.44,36.86,37.35,1523200
2023-05-23 07:00:00,37.44,37.59,37.01,37.05,1467700
2023-05-24 07:00:00,37.2,37.25,36.72,36.76,1246300
2023-05-25 07:00:00,36.76,37.2,36.62,36.81,1477500
2023-05-26 07:00:00,36.86,37.2,36.81,37.01,882500
2023-05-29 07:00:00,37.25,37.49,36.96,37.49,2263500
2023-05-30 07:00:00,37.64,38.56,37.64,38.17,4818400
2023-05-31 07:00:00,38.07,38.22,37.73,37.97,1975100
2023-06-01 07:00:00,38.12,38.27,37.49,38.07,2907500
2023-06-02 07:00:00,38.22,39.57,37.97,39.52,5707900
2023-06-05 07:00:00,39.72,40.3,39.52,39.91,6617800
2023-06-06 07:00:00,39.91,40.74,39.77,40.49,4665200
2023-06-07 07:00:00,40.49,40.64,39.77,40.49,4745100
2023-06-08 07:00:00,40.69,40.69,39.33,39.38,4513900
2023-06-09 07:00:00,39.72,40.11,39.23,40.11,4124000
2023-06-12 07:00:00,40.35,41.66,40.2,41.66,7248100
2023-06-13 07:00:00,42.04,42.04,41.27,41.66,3399100
2023-06-14 07:00:00,41.66,41.66,40.74,40.74,3321400
2023-06-15 07:00:00,40.74,41.07,40.15,40.4,2810300
2023-06-16 07:00:00,40.64,40.98,39.86,40.06,4410000
2023-06-19 07:00:00,40.06,40.4,39.82,40.2,2063100
2023-06-20 07:00:00,40.3,41.17,40.3,41.17,2476500
2023-06-21 07:00:00,41.17,41.37,40.88,41.37,2565900
2023-06-22 07:00:00,41.51,42.29,41.03,41.7,4105500
2023-06-23 07:00:00,41.7,41.85,41.37,41.56,2158100
2023-06-26 07:00:00,42.19,43.11,41.27,42.96,5457500
2023-06-27 07:00:00,42.96,43.5,42.38,42.82,2478000
2023-06-28 07:00:00,42.82,43.06,41.85,42.53,3989700
2023-06-29 07:00:00,42.14,42.53,41.37,41.37,3289500
2023-06-30 07:00:00,41.37,42.53,41.17,41.95,3505400
2023-07-03 07:00:00,42.09,42.29,41.46,41.66,1799500
2023-07-04 07:00:00,41.56,42.29,41.32,41.9,4437300
2023-07-05 07:00:00,42.09,43.06,42.0,42.0,7263000
2023-07-06 07:00:00,42.04,42.38,41.51,41.85,4541700
2023-07-07 07:00:00,41.7,44.08,41.7,44.08,7401500
2023-07-10 07:00:00,44.61,46.26,44.37,46.26,10232900
2023-07-11 07:00:00,46.11,47.27,45.87,47.27,8177100
2023-07-12 07:00:00,46.84,47.76,46.69,47.61,4791400
2023-07-13 07:00:00,47.66,48.34,47.61,47.81,4813500
2023-07-14 07:00:00,47.81,47.9,46.98,47.9,5904700
2023-07-17 07:00:00,47.95,48.29,47.13,47.13,2785300
2023-07-18 07:00:00,46.89,47.08,46.26,46.55,4613000
2023-07-19 07:00:00,46.89,47.42,46.45,46.98,3483900
2023-07-20 07:00:00,46.89,47.95,46.89,47.57,5454300
2023-07-21 07:00:00,47.57,50.86,47.42,50.86,11731700
2023-07-24 07:00:00,51.34,52.8,50.37,52.8,4072400
2023-07-25 07:00:00,52.8,52.8,51.25,51.92,4429400
2023-07-26 07:00:00,51.92,52.51,50.37,50.96,5446900
2023-07-27 07:00:00,51.25,53.3,51.05,52.91,5823100
2023-07-28 07:00:00,52.72,53.69,52.03,53.3,3871700
2023-07-31 07:00:00,52.81,53.01,51.44,52.52,7864600
2023-08-01 07:00:00,52.91,52.91,50.56,50.56,7531800
2023-08-02 07:00:00,50.56,51.35,50.47,50.56,5318300
2023-08-03 07:00:00,50.66,52.52,50.27,51.54,7997000
2023-08-04 07:00:00,51.84,52.03,51.15,51.84,7529400
2023-08-07 07:00:00,52.52,53.69,52.13,52.62,6494400
2023-08-08 07:00:00,52.81,53.11,52.23,52.42,5735000
2023-08-09 07:00:00,52.23,52.23,50.86,51.44,8966000
2023-08-10 07:00:00,51.84,51.84,50.56,50.86,4979900
2023-08-11 07:00:00,51.05,52.13,49.88,52.13,6318800
2023-08-14 07:00:00,52.72,53.11,51.44,53.01,9615900
2023-08-15 07:00:00,53.4,54.67,52.81,52.81,8379700
2023-08-16 07:00:00,52.81,53.11,51.84,52.62,5141100
2023-08-17 07:00:00,52.91,53.99,52.23,52.72,7226900
2023-08-18 07:00:00,52.72,52.72,49.1,49.1,14262600
2023-08-21 07:00:00,48.9,49.39,47.68,47.92,7064800
2023-08-22 07:00:00,48.02,49.1,46.31,48.9,10145800
2023-08-23 07:00:00,49.59,49.59,48.12,48.61,4957900
2023-08-24 07:00:00,48.61,49.68,48.61,49.2,5727600
2023-08-25 07:00:00,49.2,50.27,48.9,49.39,7139000
2023-08-28 07:00:00,49.78,50.76,49.29,50.56,8495500
2023-08-29 07:00:00,50.66,52.03,50.37,51.74,8303900
2023-08-30 07:00:00,51.84,53.3,51.74,52.62,7312500
2023-08-31 07:00:00,52.81,53.21,52.33,52.62,5206100
2023-09-05 07:00:00,52.62,54.28,52.23,53.11,8353500
2023-09-06 07:00:00,53.11,54.38,52.62,53.79,5121300
2023-09-07 07:00:00,53.99,54.57,53.11,53.79,5993300
2023-09-08 07:00:00,53.3,55.26,53.3,54.28,7805800
2023-09-11 07:00:00,54.57,54.97,52.62,53.3,8457600
2023-09-12 07:00:00,53.3,54.57,52.81,54.57,4794300
2023-09-13 07:00:00,54.87,58.0,54.28,56.24,16051000
2023-09-14 07:00:00,56.43,57.22,55.85,56.04,8439000
2023-09-15 07:00:00,56.24,56.24,54.18,54.67,7838900
2023-09-18 07:00:00,54.38,54.38,52.91,53.79,6610200
2023-09-19 07:00:00,53.89,54.28,51.84,54.28,8835900
2023-09-20 07:00:00,53.89,54.97,53.4,54.57,6834800
2023-09-21 07:00:00,54.57,54.57,53.01,53.01,9500900
2023-09-22 07:00:00,51.93,52.23,50.17,50.96,11804800
2023-09-25 07:00:00,50.47,51.84,48.8,49.88,7693400
2023-09-26 07:00:00,49.98,50.56,49.39,50.37,8271400
2023-09-27 07:00:00,49.98,50.86,49.1,50.86,4904400
2023-09-28 07:00:00,51.74,53.5,51.35,51.84,8909300
2023-09-29 07:00:00,52.62,52.62,51.44,51.44,4945900
2023-10-02 07:00:00,51.44,51.84,50.66,50.76,4207600
2023-10-03 07:00:00,50.37,50.37,47.24,47.92,8976200
2023-10-04 07:00:00,46.95,48.9,46.95,48.12,4826800
2023-10-05 07:00:00,48.8,48.8,45.97,45.97,6348200
2023-10-06 07:00:00,45.87,47.43,45.28,47.24,5188100
2023-10-09 07:00:00,47.29,47.83,46.6,46.9,6457800
2023-10-10 07:00:00,47.34,48.36,47.34,47.78,4821300
2023-10-11 07:00:00,47.92,48.22,47.53,48.22,3478300
2023-10-12 07:00:00,48.22,48.41,47.14,47.34,13700700
2023-10-13 07:00:00,47.43,48.41,47.39,48.41,9845400
2023-10-16 07:00:00,48.41,49.59,47.53,47.53,8502700
2023-10-17 07:00:00,47.83,47.83,45.28,45.28,7887900
2023-10-18 07:00:00,45.77,45.97,42.69,43.72,11414600
2023-10-19 07:00:00,43.23,43.72,42.06,42.06,8072300
2023-10-20 07:00:00,42.06,44.01,42.06,43.72,7022500
2023-10-23 07:00:00,43.72,43.87,41.66,42.06,8575600
2023-10-24 07:00:00,42.15,42.64,40.83,42.06,8218500
2023-10-25 07:00:00,42.06,43.23,42.06,42.54,4769400
2023-10-26 07:00:00,41.27,41.47,39.61,41.08,15050000
2023-10-27 07:00:00,41.37,41.57,40.49,41.08,4691100
2023-10-30 07:00:00,40.2,40.83,39.61,39.61,4251000
2023-10-31 07:00:00,39.51,39.81,36.87,36.87,13210100
2023-11-01 07:00:00,36.19,36.87,34.33,34.33,21092800
2023-11-02 07:00:00,35.11,36.58,32.86,36.19,21181700
2023-11-03 07:00:00,36.68,38.34,36.19,38.09,12409700
2023-11-06 07:00:00,38.14,38.14,36.77,37.21,12639800
2023-11-07 07:00:00,37.07,38.58,36.68,37.36,10423200
2023-11-08 07:00:00,37.07,38.73,35.89,38.73,19608000
2023-11-09 07:00:00,39.61,40.44,39.02,39.42,12143300
2023-11-10 07:00:00,38.88,39.42,38.14,38.53,11053600
2023-11-13 07:00:00,38.68,39.42,38.19,39.12,9192300
2023-11-14 07:00:00,40.1,41.18,39.9,40.59,15235500
2023-11-15 07:00:00,41.47,41.57,40.44,40.98,10338300
2023-11-16 07:00:00,40.59,40.69,39.81,40.59,10534200
2023-11-17 07:00:00,40.59,41.57,39.76,40.49,10996900
2023-11-20 07:00:00,39.27,40.74,39.27,39.66,7558500
2023-11-21 07:00:00,40.59,40.59,39.71,40.0,5778700
2023-11-22 07:00:00,39.9,39.95,38.44,38.93,14503500
2023-11-23 07:00:00,39.12,39.42,36.48,36.48,8073600
2023-11-24 07:00:00,37.07,37.7,36.33,37.7,11181000
2023-11-27 07:00:00,37.65,37.7,37.17,37.17,5269900
2023-11-28 07:00:00,37.21,37.31,36.53,37.17,6131600
2023-11-29 07:00:00,37.31,38.58,37.31,37.95,8518200
2023-11-30 07:00:00,38.0,38.24,37.65,37.65,4030900
2023-12-01 07:00:00,37.9,38.14,37.21,37.9,4161100
2023-12-04 07:00:00,38.05,39.56,37.95,39.07,10597400
2023-12-05 07:00:00,39.07,39.22,38.83,39.12,6197600
2023-12-06 07:00:00,39.12,40.15,39.07,40.05,9053800
2023-12-07 07:00:00,40.15,40.2,38.63,39.95,10595000
2023-12-08 07:00:00,39.9,42.06,39.51,41.66,16804000
2023-12-11 07:00:00,41.66,41.71,40.98,41.57,6207500
2023-12-12 07:00:00,41.57,41.66,41.18,41.57,5956500
2023-12-13 07:00:00,41.86,42.64,40.64,40.78,10863600
2023-12-14 07:00:00,41.18,41.37,40.49,40.69,6544400
2023-12-15 07:00:00,40.69,40.69,39.61,39.86,9350200
2023-12-18 07:00:00,40.05,40.05,38.63,38.73,8699600
2023-12-19 07:00:00,38.63,40.0,38.34,39.76,5738900
2023-12-20 07:00:00,39.76,41.47,39.61,41.47,12451800
2023-12-21 07:00:00,41.27,41.76,40.93,41.71,7205700
2023-12-22 07:00:00,41.52,41.71,41.08,41.42,6074600
2023-12-25 07:00:00,41.42,42.74,41.42,41.71,8477900
2023-12-26 07:00:00,41.62,42.2,41.42,41.76,6768400
2023-12-27 07:00:00,41.76,42.1,41.62,41.91,5243000
2023-12-28 07:00:00,41.91,42.3,41.86,42.1,6371500
2023-12-29 07:00:00,42.25,42.35,41.71,41.86,4181100
2024-01-02 07:00:00,42.15,42.35,41.22,41.52,7140400
2024-01-03 07:00:00,41.47,42.5,41.08,42.25,6083900
2024-01-04 07:00:00,42.25,42.84,42.06,42.25,8516100
2024-01-05 07:00:00,42.25,43.13,42.06,42.89,9042100
2024-01-08 07:00:00,43.33,43.33,42.25,42.25,6213200
2024-01-09 07:00:00,42.2,42.25,41.47,41.76,9017100
2024-01-10 07:00:00,41.76,41.96,40.98,41.32,6770700
2024-01-11 07:00:00,41.32,42.2,41.27,41.52,4992900
2024-01-12 07:00:00,40.93,41.66,40.88,40.98,7139700
2024-01-15 07:00:00,41.62,42.35,41.32,41.96,8986100
2024-01-16 07:00:00,41.96,43.43,41.86,43.33,17419100
2024-01-17 07:00:00,43.33,44.6,43.33,43.91,12486000
2024-01-18 07:00:00,43.91,44.84,43.62,44.84,8902000
2024-01-19 07:00:00,44.99,45.67,44.31,45.04,10717800
2024-01-22 07:00:00,45.09,45.28,44.16,45.14,7235900
2024-01-23 07:00:00,45.14,45.14,44.26,44.4,6100600
2024-01-24 07:00:00,44.21,44.45,43.38,43.43,9683400
2024-01-25 07:00:00,43.28,44.21,43.13,44.21,7530100
2024-01-26 07:00:00,44.01,44.5,43.77,43.91,3781900
2024-01-29 07:00:00,43.96,44.16,43.52,43.62,4128300
2024-01-30 07:00:00,43.62,44.45,43.52,44.4,7138200
2024-01-31 07:00:00,44.7,44.89,43.67,44.01,8743600
2024-02-01 07:00:00,44.01,45.67,44.01,45.19,11303100
2024-02-02 07:00:00,45.48,46.36,45.09,46.36,11946800
2024-02-05 07:00:00,46.46,46.55,45.77,46.36,7536900
2024-02-06 07:00:00,46.46,46.46,45.77,45.97,5404000
2024-02-07 07:00:00,45.92,46.02,45.43,45.58,5707100
2024-02-15 07:00:00,45.92,45.97,44.84,44.84,9340100
2024-02-16 07:00:00,45.38,45.58,44.79,45.28,5001500
2024-02-19 07:00:00,45.48,46.16,45.14,45.77,7504700
2024-02-20 07:00:00,45.92,45.92,44.99,45.77,7870400
2024-02-21 07:00:00,45.67,45.67,44.99,45.09,6479800
2024-02-22 07:00:00,45.28,45.28,44.21,44.31,11202700
2024-02-23 07:00:00,44.31,44.55,42.98,43.03,17637600
2024-02-26 07:00:00,43.03,43.52,42.1,43.38,13530900
2024-02-27 07:00:00,43.72,44.21,43.43,43.77,9636200
2024-02-28 07:00:00,44.01,44.84,43.77,44.31,13790900
2024-02-29 07:00:00,45.38,45.97,44.99,45.19,13891900
2024-03-01 07:00:00,45.53,46.26,45.09,45.58,15362500
2024-03-04 07:00:00,45.58,46.9,45.58,46.36,16593900
2024-03-05 07:00:00,46.55,48.9,46.46,48.9,22380300
2024-03-06 07:00:00,48.9,49.2,47.24,47.63,15082600
2024-03-07 07:00:00,47.63,48.17,47.04,47.92,9439900
2024-03-08 07:00:00,48.17,48.17,45.97,46.7,20599700
2024-03-11 07:00:00,46.46,47.24,45.23,45.38,13804500
2024-03-12 07:00:00,45.14,46.85,45.04,45.72,16650100
2024-03-13 07:00:00,45.77,47.63,45.77,47.48,8934000
2024-03-14 07:00:00,47.73,47.92,46.07,46.21,13304100
2024-03-15 07:00:00,46.21,46.65,45.53,46.31,8865700
2024-03-18 07:00:00,46.16,46.9,44.65,44.89,12153200
2024-03-19 07:00:00,44.99,45.38,44.35,44.5,8063800
2024-03-20 07:00:00,44.6,47.58,44.6,46.95,20639900
2024-03-21 07:00:00,47.43,47.88,46.95,47.43,9096600
2024-03-22 07:00:00,47.63,48.32,46.95,48.02,12080800
2024-03-25 07:00:00,47.92,49.2,47.24,47.24,10366400
2024-03-26 07:00:00,47.24,47.83,46.75,47.58,7523200
2024-03-27 07:00:00,47.73,50.27,47.48,49.59,12737300
2024-03-28 07:00:00,49.68,51.05,49.29,49.88,11651700
2024-03-29 07:00:00,49.88,50.86,49.68,49.98,11812000
2024-04-01 07:00:00,49.68,51.44,49.59,50.27,13699100
2024-04-02 07:00:00,49.88,50.47,48.85,50.47,12311500
2024-04-03 07:00:00,49.88,50.08,48.8,49.1,14384300
2024-04-04 07:00:00,48.9,49.59,47.92,49.59,13048500
2024-04-05 07:00:00,48.9,50.37,48.36,49.88,8145300
2024-04-08 07:00:00,49.88,49.88,48.71,48.9,6085000
2024-04-09 07:00:00,48.9,51.93,48.71,51.64,19487100
2024-04-10 07:00:00,51.74,52.03,50.56,50.86,10159900
2024-04-11 07:00:00,50.08,51.64,50.08,51.15,6968900
2024-04-12 07:00:00,51.15,51.44,50.47,50.86,6665600
2024-04-15 07:00:00,50.56,50.86,48.41,48.8,16505200
2024-04-16 07:00:00,48.41,48.9,47.63,48.8,11616300
2024-04-17 07:00:00,49.29,49.29,47.88,48.32,6951200
2024-04-19 07:00:00,48.17,48.22,46.99,47.14,9473100
2024-04-22 07:00:00,48.12,48.32,47.09,47.53,12292300
2024-04-23 07:00:00,48.02,49.2,47.58,48.71,18043000
2024-04-24 07:00:00,49.1,51.15,48.76,51.15,11530800
2024-04-25 07:00:00,50.96,52.62,50.27,52.62,19317400
2024-04-26 07:00:00,52.33,53.79,51.84,53.69,11864700
2024-05-02 07:00:00,54.77,55.55,53.5,54.38,21954900
2024-05-03 07:00:00,54.48,55.94,53.79,54.48,29616700
2024-05-06 07:00:00,54.87,57.51,54.57,57.02,11257200
2024-05-07 07:00:00,57.51,58.19,56.24,58.0,9460000
2024-05-08 07:00:00,57.31,58.0,56.92,57.8,8126500
2024-05-09 07:00:00,57.7,57.9,57.12,57.61,10475400
2024-05-10 07:00:00,57.51,57.7,56.14,57.61,9750700
2024-05-13 07:00:00,57.61,57.61,56.73,57.02,7241900
2024-05-14 07:00:00,57.22,59.66,56.73,58.78,16222000
2024-05-15 07:00:00,59.27,60.74,58.68,59.46,13069600
2024-05-16 07:00:00,59.56,59.76,58.39,58.58,12942100
2024-05-17 07:00:00,58.49,58.98,57.7,58.29,8962800
2024-05-20 07:00:00,58.68,60.25,58.19,58.68,9202200
2024-05-21 07:00:00,59.27,59.95,58.68,59.17,4730800
2024-05-22 07:00:00,59.27,60.25,58.29,59.66,8945300
2024-05-23 07:00:00,59.37,60.64,58.68,60.64,8859900
2024-05-24 07:00:00,59.86,60.35,57.61,59.17,13646200
2024-05-27 07:00:00,58.78,59.17,57.9,58.68,6367800
2024-05-28 07:00:00,59.07,61.42,58.78,60.15,9931000
2024-05-29 07:00:00,60.25,60.64,59.17,59.17,6883200
2024-05-30 07:00:00,58.58,61.42,57.9,61.42,14761100
2024-05-31 07:00:00,61.42,62.99,61.03,62.2,10260200
2024-06-03 07:00:00,62.5,62.69,61.81,62.59,8257800
2024-06-04 07:00:00,62.59,62.79,61.71,62.4,6569500
2024-06-05 07:00:00,61.62,61.91,60.25,60.64,13778200
2024-06-06 07:00:00,60.64,61.13,60.25,60.54,7071800
2024-06-07 07:00:00,60.93,61.42,60.44,60.74,4298200
2024-06-10 07:00:00,60.83,61.91,60.64,61.62,4849000
2024-06-11 07:00:00,61.91,62.01,60.44,60.93,6438600
2024-06-12 07:00:00,61.23,62.5,60.64,62.01,5024800
2024-06-13 07:00:00,62.3,62.99,61.71,62.59,7862300
2024-06-14 07:00:00,62.59,62.79,61.62,61.62,8119800
2024-06-17 07:00:00,61.42,61.42,59.66,60.64,9503600
2024-06-18 07:00:00,60.74,61.13,59.76,60.83,7174700
2024-06-19 07:00:00,60.54,62.3,60.25,61.91,7686100
2024-06-20 07:00:00,61.81,62.11,61.13,62.11,5638200
2024-06-21 07:00:00,61.62,63.28,61.03,62.11,7135200
2024-06-24 07:00:00,62.11,62.11,60.15,60.64,11379200
2024-06-25 07:00:00,60.64,61.32,60.25,60.64,6381000
2024-06-26 07:00:00,61.13,61.81,59.95,61.23,8185600
2024-06-27 07:00:00,60.64,62.2,60.64,62.01,8297600
2024-06-28 07:00:00,62.2,62.2,60.73,61.51,6187200
2024-07-01 07:00:00,61.71,64.87,61.12,64.87,21785800
2024-07-02 07:00:00,64.87,65.06,63.78,65.06,9245500
2024-07-03 07:00:00,64.97,65.46,64.18,64.57,7436000
2024-07-04 07:00:00,64.77,65.36,63.98,64.18,5861500
2024-07-05 07:00:00,64.28,64.87,64.08,64.67,7939400
2024-07-08 07:00:00,64.67,66.44,64.67,66.05,10448700
2024-07-09 07:00:00,66.25,66.25,65.36,65.85,7977800
2024-07-10 07:00:00,65.75,65.85,64.28,64.28,10907100
2024-07-11 07:00:00,64.47,64.77,63.68,63.88,8302000
2024-07-12 07:00:00,63.88,64.47,63.19,63.88,8736600
2024-07-15 07:00:00,63.98,64.08,63.19,63.39,3694800
2024-07-16 07:00:00,63.68,64.37,63.19,63.19,7680700
2024-07-17 07:00:00,63.78,63.78,61.32,62.6,16982000
2024-07-18 07:00:00,62.6,64.08,62.5,64.08,7938100
2024-07-19 07:00:00,64.08,65.36,63.78,64.67,12007200
2024-07-22 07:00:00,64.28,64.47,62.9,64.37,5883400
2024-07-23 07:00:00,64.08,64.08,61.12,61.61,9198000
2024-07-24 07:00:00,60.73,61.12,57.77,60.53,15062500
2024-07-25 07:00:00,59.15,60.13,58.85,60.13,4903300
2024-07-26 07:00:00,59.64,60.13,59.54,60.13,4384000
2024-07-29 07:00:00,60.53,61.51,60.23,61.12,5340200
2024-07-30 07:00:00,61.12,62.3,61.02,62.11,5470300
2024-07-31 07:00:00,62.99,63.59,62.6,62.9,10333100
2024-08-01 07:00:00,62.9,62.9,60.63,61.22,10605900
2024-08-02 07:00:00,60.13,62.01,59.84,62.01,7605200
2024-08-05 07:00:00,60.63,61.42,59.44,60.73,11577700
2024-08-06 07:00:00,60.92,61.42,59.74,61.42,6419700
2024-08-07 07:00:00,61.42,61.61,60.63,61.42,4794900
2024-08-08 07:00:00,61.12,62.01,61.02,61.51,5791600
2024-08-09 07:00:00,61.81,64.87,61.61,64.67,17518100
2024-08-12 07:00:00,64.97,65.85,64.67,65.66,11011200
2024-08-13 07:00:00,65.85,66.25,64.57,65.75,9391000
2024-08-14 07:00:00,65.85,66.05,64.87,65.66,6293000
2024-08-15 07:00:00,65.36,65.46,64.37,64.97,7146900
2024-08-16 07:00:00,65.06,68.51,64.97,68.02,18518500
2024-08-19 07:00:00,68.02,68.71,67.63,68.02,6418900
2024-08-20 07:00:00,68.02,68.51,67.33,68.51,8137200
2024-08-21 07:00:00,68.42,69.2,67.92,68.81,8947700
2024-08-22 07:00:00,68.71,69.2,68.12,69.01,5281400
2024-08-23 07:00:00,69.01,69.2,68.32,69.01,4425700
2024-08-26 07:00:00,69.01,69.8,68.61,68.81,5961000
2024-08-27 07:00:00,68.42,68.81,66.84,68.81,14475100
2024-08-28 07:00:00,68.71,68.71,67.73,68.42,6602000
2024-08-29 07:00:00,67.92,68.42,67.63,68.12,4226000
2024-08-30 07:00:00,68.12,68.81,67.73,68.81,5295100
2024-09-04 07:00:00,67.73,68.71,67.23,68.12,4462400
2024-09-05 07:00:00,67.82,67.92,66.64,66.94,8478300
2024-09-06 07:00:00,66.64,67.04,65.85,67.04,8345500
2024-09-09 07:00:00,66.74,67.04,66.25,66.54,3677000
2024-09-10 07:00:00,66.54,67.73,66.54,66.84,6456200
2024-09-11 07:00:00,66.84,66.94,66.15,66.84,6804000
2024-09-12 07:00:00,67.04,67.04,66.25,66.54,3872500
2024-09-13 07:00:00,66.25,66.54,65.56,66.25,7126500
2024-09-16 07:00:00,65.95,66.05,65.06,65.16,5295500
2024-09-17 07:00:00,65.26,65.85,64.57,65.85,8761200
2024-09-18 07:00:00,65.95,67.63,65.85,67.23,10676700
2024-09-19 07:00:00,67.53,67.53,66.74,67.23,5280600
2024-09-20 07:00:00,67.63,67.73,67.04,67.04,5016600
2024-09-23 07:00:00,67.04,67.04,65.85,66.35,5047700
2024-09-24 07:00:00,66.54,67.82,66.54,67.13,6640500
2024-09-25 07:00:00,67.53,67.73,67.04,67.73,5446300
2024-09-26 07:00:00,67.82,68.51,67.33,67.33,7182600
2024-09-27 07:00:00,67.63,67.63,65.85,66.54,13131500
2024-09-30 07:00:00,66.54,67.13,65.95,67.13,5927100
2024-10-01 07:00:00,67.33,67.73,66.84,66.84,9995700
2024-10-02 07:00:00,66.54,66.94,66.05,66.44,7157400
2024-10-03 07:00:00,66.44,66.44,64.87,65.36,14743000
2024-10-04 07:00:00,65.56,65.85,65.26,65.46,5272300
2024-10-07 07:00:00,65.75,66.15,64.97,65.36,5548200
2024-10-08 07:00:00,65.75,65.75,64.08,64.28,11008100
2024-10-09 07:00:00,64.08,64.37,62.7,63.29,20847000
2024-10-10 07:00:00,63.59,64.47,63.19,64.08,8668600
2024-10-11 07:00:00,64.08,64.37,62.6,63.59,10009100
2024-10-14 07:00:00,63.98,64.08,62.7,62.7,8405400
2024-10-15 07:00:00,62.99,63.88,62.8,63.49,12469800
2024-10-16 07:00:00,63.49,64.77,63.39,64.57,13710200
2024-10-17 07:00:00,64.87,64.87,64.28,64.87,6628300
2024-10-18 07:00:00,64.97,65.16,64.28,64.77,6162200
2024-10-21 07:00:00,64.37,65.06,63.98,64.87,4333000
2024-10-22 07:00:00,65.36,65.85,64.57,65.36,9781100
2024-10-23 07:00:00,65.16,65.36,64.18,64.77,6100300
2024-10-24 07:00:00,64.47,65.06,63.98,64.47,4641700
2024-10-25 07:00:00,64.47,65.06,64.08,64.57,4951300
2024-10-28 07:00:00,64.57,64.67,63.98,64.57,3958700
2024-10-29 07:00:00,64.67,65.56,64.47,65.56,9538500
2024-10-30 07:00:00,65.56,65.56,64.77,65.06,8927400
2024-10-31 07:00:00,65.06,65.56,64.67,65.56,6146200
2024-11-01 07:00:00,64.97,65.16,64.57,65.06,21332900
2024-11-04 07:00:00,64.97,64.97,63.78,64.18,9363400
2024-11-05 07:00:00,63.98,64.67,63.88,64.67,5272300
2024-11-06 07:00:00,64.77,64.77,64.08,64.67,5415900
2024-11-07 07:00:00,64.87,64.87,63.88,64.47,5244200
2024-11-08 07:00:00,64.47,64.47,63.59,64.08,4698600
2024-11-11 07:00:00,63.59,64.08,62.01,62.11,9390500
2024-11-12 07:00:00,62.2,62.3,59.94,59.94,10600700
2024-11-13 07:00:00,59.94,61.42,59.44,61.02,7232500
2024-11-14 07:00:00,60.63,60.73,59.84,60.43,4481400
2024-11-15 07:00:00,59.94,60.23,58.95,59.05,6648600
2024-11-18 07:00:00,59.05,59.05,56.29,58.06,12080100
2024-11-19 07:00:00,58.16,58.16,56.68,56.68,5338500
2024-11-20 07:00:00,56.39,57.28,55.21,55.99,9752900
2024-11-21 07:00:00,56.19,58.06,55.7,57.87,8166800
2024-11-22 07:00:00,57.87,58.56,57.57,58.16,5804700
2024-11-25 07:00:00,57.97,58.46,57.77,58.16,4568500
2024-11-26 07:00:00,58.46,59.25,58.16,59.15,4370400
2024-11-27 07:00:00,59.05,60.04,58.66,59.35,4937400
2024-11-28 07:00:00,59.44,59.74,58.85,59.15,3774500
2024-11-29 07:00:00,59.15,59.64,58.06,59.64,5587400
2024-12-02 07:00:00,59.84,59.84,59.05,59.54,2789900
2024-12-03 07:00:00,59.25,59.44,58.75,58.95,4019600
2024-12-04 07:00:00,58.56,58.95,57.18,57.28,8857200
2024-12-05 07:00:00,57.57,60.33,57.28,60.13,8615300
2024-12-06 07:00:00,59.94,61.02,59.64,60.23,7825300
2024-12-09 07:00:00,60.73,60.73,59.94,60.23,4410300
2024-12-10 07:00:00,60.23,60.33,59.64,59.94,4226800
2024-12-11 07:00:00,59.84,59.94,59.05,59.15,4821400
2024-12-12 07:00:00,59.44,59.64,59.05,59.15,3772900
2024-12-13 07:00:00,58.95,60.43,58.75,60.13,5596800
2024-12-16 07:00:00,60.13,60.53,59.35,60.13,3621300
2024-12-17 07:00:00,60.13,60.13,59.35,59.44,3676200
2024-12-18 07:00:00,59.35,59.64,59.05,59.35,4076200
2024-12-19 07:00:00,58.95,59.05,58.56,58.95,7103100
2024-12-20 07:00:00,59.15,59.94,58.75,59.74,3751400
2024-12-23 07:00:00,59.74,60.23,59.64,60.13,5538600
2024-12-24 07:00:00,60.33,60.43,59.84,60.43,3062600
2024-12-25 07:00:00,60.43,61.42,60.43,61.32,6300500
2024-12-26 07:00:00,61.51,61.51,59.64,60.63,6554700
2024-12-27 07:00:00,59.74,60.73,59.54,60.53,6947200
2024-12-30 07:00:00,59.64,60.33,59.64,60.13,4178100
2024-12-31 07:00:00,60.04,60.13,59.64,60.13,4520300
2025-01-02 07:00:00,60.04,60.33,59.44,59.74,3969400
2025-01-03 07:00:00,59.74,59.84,57.77,57.77,6604400
2025-01-06 07:00:00,57.57,58.46,56.19,56.19,5409900
2025-01-07 07:00:00,56.49,56.98,55.6,56.29,5532900
2025-01-08 07:00:00,56.29,57.28,55.7,57.28,3068200
2025-01-09 07:00:00,57.18,57.18,56.68,56.88,1738300
2025-01-10 07:00:00,56.68,57.18,56.09,56.68,3594100
2025-01-13 07:00:00,55.8,56.88,55.7,56.49,3791900
2025-01-14 07:00:00,56.49,56.68,55.8,56.39,2917600
2025-01-15 07:00:00,56.59,57.08,55.99,56.49,3242300
2025-01-16 07:00:00,56.39,57.18,56.19,56.98,3794300
2025-01-17 07:00:00,56.49,56.98,56.39,56.88,2697800
2025-01-20 07:00:00,56.88,57.08,56.49,56.68,2216200
2025-01-21 07:00:00,56.88,57.37,56.39,56.88,3419600
2025-01-22 07:00:00,57.08,57.18,56.59,56.59,3103000
2025-01-23 07:00:00,56.49,58.66,56.49,58.36,5657500
2025-01-24 07:00:00,58.36,59.25,57.77,59.25,6757300
2025-02-03 07:00:00,58.16,58.75,57.67,58.75,5157500
2025-02-04 07:00:00,59.05,59.05,58.16,58.75,3638100
2025-02-05 07:00:00,58.75,58.95,58.26,58.56,2780100
2025-02-06 07:00:00,58.66,58.75,57.87,58.26,4148800
2025-02-07 07:00:00,58.06,58.16,56.98,58.06,6955900
2025-02-10 07:00:00,57.47,57.47,56.59,56.59,5927400
2025-02-11 07:00:00,56.59,56.59,55.6,55.6,5986000
2025-02-12 07:00:00,55.99,56.49,55.6,55.6,4848400
2025-02-13 07:00:00,55.21,55.21,54.02,54.02,11353700
2025-02-14 07:00:00,54.32,54.52,53.04,54.42,11169000
2025-02-17 07:00:00,54.42,54.42,53.33,53.33,5933200
2025-02-18 07:00:00,53.23,54.22,53.04,53.73,4497600
2025-02-19 07:00:00,53.92,55.3,53.63,55.01,7547500
2025-02-20 07:00:00,55.11,55.9,54.91,55.9,6194500
2025-02-21 07:00:00,55.99,57.47,55.8,57.28,10123600
2025-02-24 07:00:00,57.28,57.67,56.49,57.57,6243200
2025-02-25 07:00:00,57.28,57.57,56.59,57.47,7929200
2025-02-26 07:00:00,57.47,58.26,56.98,57.87,4977600
2025-02-27 07:00:00,57.87,57.97,57.37,57.77,3222900
2025-02-28 07:00:00,57.18,57.87,56.98,57.47,5283200
2025-03-03 07:00:00,57.37,58.26,56.98,57.97,5938000
2025-03-04 07:00:00,57.87,59.05,57.57,58.66,6414100
2025-03-05 07:00:00,58.95,59.35,58.46,58.75,7188800
2025-03-06 07:00:00,58.95,61.02,58.75,61.02,13451900
2025-03-07 07:00:00,60.92,61.12,60.43,61.02,5404100
2025-03-10 07:00:00,61.12,61.42,60.53,61.32,8125200
2025-03-11 07:00:00,60.53,62.3,60.53,62.11,9576900
2025-03-12 07:00:00,62.11,62.11,61.02,61.81,8817600
2025-03-13 07:00:00,61.81,61.91,60.33,60.63,7327800
2025-03-14 07:00:00,60.63,61.42,60.33,60.63,8759800
2025-03-17 07:00:00,60.82,61.12,60.53,61.12,3541900
2025-03-18 07:00:00,61.32,61.61,60.53,60.92,5349100
2025-03-19 07:00:00,60.33,60.53,58.16,58.66,13416400
2025-03-20 07:00:00,58.95,59.15,58.16,59.15,4063500
2025-03-21 07:00:00,59.15,59.44,58.56,59.44,3129500
2025-03-24 07:00:00,58.95,59.44,58.66,59.44,2855200
2025-03-25 07:00:00,59.54,60.43,59.05,59.64,5513700
2025-03-26 07:00:00,59.74,60.33,59.64,59.94,2416100
2025-03-27 07:00:00,59.94,59.94,59.15,59.54,3190000
2025-03-28 07:00:00,59.25,59.84,58.06,58.95,7228900
2025-03-31 07:00:00,58.16,58.36,57.28,58.16,6534800
2025-04-01 07:00:00,57.77,58.06,56.88,57.77,5640900
2025-04-02 07:00:00,57.77,58.85,57.18,57.97,7441200
2025-04-03 07:00:00,54.32,55.5,53.92,53.92,14956500
2025-04-04 07:00:00,50.18,52.74,50.18,52.05,28985900
2025-04-08 07:00:00,48.5,49.29,48.45,48.45,11930200
2025-04-09 07:00:00,45.1,48.5,45.1,45.59,20206600
2025-04-10 07:00:00,48.75,48.75,48.75,48.75,411300
2025-04-11 07:00:00,50.28,52.15,49.88,52.15,12779000
2025-04-14 07:00:00,54.22,55.8,53.53,55.8,15361600
2025-04-15 07:00:00,55.21,56.78,54.32,56.29,12059800
2025-04-16 07:00:00,55.8,56.88,54.81,55.99,9252400
2025-04-17 07:00:00,55.11,55.99,54.81,55.99,5398300
2025-04-18 07:00:00,56.09,56.78,55.4,55.4,6353500
2025-04-21 07:00:00,55.5,55.8,54.52,54.81,4632900
2025-04-22 07:00:00,54.61,56.49,51.26,56.49,16304400
2025-04-23 07:00:00,57.67,58.46,57.37,57.97,8393400
2025-04-24 07:00:00,57.97,59.05,57.57,58.85,7681300
2025-04-25 07:00:00,58.66,59.64,58.56,59.64,10315100
2025-04-28 07:00:00,60.04,61.12,58.75,60.04,7707900
2025-04-29 07:00:00,59.94,60.23,59.64,59.94,5701400
2025-05-05 07:00:00,59.94,60.53,59.15,60.13,5099700
2025-05-06 07:00:00,60.13,60.33,59.25,59.64,4110300
2025-05-07 07:00:00,59.05,59.64,58.26,59.25,7742800
2025-05-08 07:00:00,59.25,59.44,58.06,59.44,9463100
2025-05-09 07:00:00,59.44,60.13,59.25,59.54,4780000
2025-05-12 07:00:00,59.84,60.04,59.25,59.94,6434100
2025-05-13 07:00:00,60.33,62.8,60.13,62.6,17084400
2025-05-14 07:00:00,62.9,63.39,62.7,63.09,9926500
2025-05-15 07:00:00,63.09,63.68,62.11,63.39,9777600
2025-05-16 07:00:00,62.9,63.59,62.6,62.9,5354600
2025-05-19 07:00:00,62.6,63.49,62.2,62.8,6532900
2025-05-20 07:00:00,62.6,64.28,62.4,63.78,11898400
2025-05-21 07:00:00,63.98,63.98,62.7,63.39,6780600
2025-05-22 07:00:00,62.99,63.88,62.7,63.39,8712800
2025-05-23 07:00:00,63.29,63.39,62.4,63.29,7274000
2025-05-26 07:00:00,63.29,64.08,61.51,63.59,7017400
2025-05-27 07:00:00,63.88,63.98,62.6,63.39,8162000
2025-05-28 07:00:00,63.39,64.57,63.09,63.49,10272900
2025-05-29 07:00:00,63.59,63.68,62.5,63.39,7333000
2025-05-30 07:00:00,62.9,62.99,61.22,61.22,12817900
2025-06-02 07:00:00,61.12,61.12,59.15,60.13,14330200
2025-06-03 07:00:00,60.13,61.91,60.13,61.51,6563500
2025-06-04 07:00:00,61.91,61.91,60.23,60.43,6679500
2025-06-05 07:00:00,60.13,61.32,60.13,60.82,5366600
2025-06-06 07:00:00,60.33,60.43,59.54,59.64,6292000
2025-06-09 07:00:00,59.64,59.84,59.05,59.64,7249100
2025-06-10 07:00:00,60.13,62.01,59.74,60.63,10555000
2025-06-11 07:00:00,60.63,61.32,60.63,61.02,4240600
2025-06-12 07:00:00,61.61,62.6,61.22,62.6,10592900
2025-06-13 07:00:00,61.81,62.5,60.92,62.3,8830700
2025-06-16 07:00:00,62.11,63.39,61.71,63.39,8355900
2025-06-17 07:00:00,63.49,63.59,62.9,63.49,5183800
2025-06-18 07:00:00,63.39,64.37,62.7,62.8,7677600
2025-06-19 07:00:00,62.7,63.39,62.2,63.09,7897700
2025-06-20 07:00:00,63.09,63.68,62.8,63.19,4814200
2025-06-23 07:00:00,62.99,64.08,62.3,64.08,7778400
2025-06-24 07:00:00,64.87,64.97,63.98,63.98,8021100
2025-06-25 07:00:00,63.88,64.28,63.59,64.08,6367900
2025-06-26 07:00:00,64.08,64.37,63.29,63.59,5205000
2025-06-27 07:00:00,63.78,65.36,63.68,64.87,11065400
2025-06-30 07:00:00,65.26,65.36,64.47,64.57,5031900
2025-07-01 07:00:00,64.57,64.87,63.39,63.59,7109600
2025-07-02 07:00:00,63.59,64.18,63.39,63.88,5786300
2025-07-03 07:00:00,63.78,65.66,63.78,64.47,12680700
2025-07-04 07:00:00,64.97,65.56,64.57,65.36,6182500
2025-07-07 07:00:00,65.66,65.85,64.87,65.56,6683300
2025-07-08 07:00:00,65.66,66.35,65.06,66.25,8520700
2025-07-09 07:00:00,66.54,66.74,65.85,66.74,7522700
2025-07-10 07:00:00,67.04,67.43,66.35,67.04,6943600
2025-07-11 07:00:00,67.04,67.13,66.35,66.94,5780200
2025-07-14 07:00:00,66.94,68.02,65.46,68.02,8671000
2025-07-15 07:00:00,68.42,70.39,68.32,68.32,10076100
2025-07-16 07:00:00,68.22,69.01,67.53,69.01,6383800
2025-07-17 07:00:00,68.81,69.8,68.61,69.5,6844300
2025-07-18 07:00:00,69.5,70.98,68.71,69.7,7740900
2025-07-21 07:00:00,69.99,69.99,68.22,69.01,7601100
2025-07-22 07:00:00,69.01,69.4,68.02,69.4,7908200
2025-07-23 07:00:00,69.8,69.99,69.01,69.5,7547700
2025-07-24 07:00:00,70.0,70.0,68.8,69.5,6607100
2025-07-25 07:00:00,69.5,71.1,69.2,70.1,6469000
2025-07-28 07:00:00,70.6,71.0,69.6,70.2,9571200
2025-07-29 07:00:00,70.2,70.2,66.4,66.6,18358200
2025-07-30 07:00:00,67.5,67.9,66.1,67.1,13161600
2025-07-31 07:00:00,67.2,67.8,65.2,65.3,14552200
2025-08-01 07:00:00,65.4,66.7,65.2,65.2,8228000
2025-08-04 07:00:00,65.2,67.0,65.2,67.0,8211500
2025-08-05 07:00:00,67.3,69.5,66.0,69.3,15697200
2025-08-06 07:00:00,68.9,72.4,68.5,72.4,18002400
2025-08-07 07:00:00,72.7,72.8,71.6,72.4,8095800
2025-08-08 07:00:00,72.6,72.8,70.5,72.0,11116900
2025-08-11 07:00:00,72.0,73.7,71.7,72.1,10677600
2025-08-12 07:00:00,72.3,72.5,71.0,72.2,7809000
2025-08-13 07:00:00,72.5,72.5,70.0,70.9,11739600
2025-08-14 07:00:00,71.0,71.9,70.1,71.9,9930500
2025-08-15 07:00:00,72.0,72.3,69.8,70.5,9112800
2025-08-18 07:00:00,70.6,71.0,69.2,70.0,8199100
2025-08-19 07:00:00,70.0,70.0,68.0,68.0,14132300
2025-08-20 07:00:00,68.5,70.7,68.1,69.4,11461600
2025-08-21 07:00:00,69.4,71.6,69.2,71.0,12495000
2025-08-22 07:00:00,69.9,70.6,68.4,70.3,10901700
2025-08-25 07:00:00,70.3,70.6,68.6,68.8,6387100
2025-08-26 07:00:00,69.0,73.6,68.6,73.6,16810900
2025-08-27 07:00:00,75.0,76.6,74.6,75.0,12565000
2025-08-28 07:00:00,75.0,77.3,74.5,77.3,11875600
2025-08-29 07:00:00,78.0,78.2,76.6,78.0,9402500
2025-09-03 07:00:00,76.9,77.6,75.7,75.8,8068800
2025-09-04 07:00:00,76.0,77.5,73.9,77.5,12031500
2025-09-05 07:00:00,78.0,78.3,75.0,75.0,9769500
2025-09-08 07:00:00,74.5,76.8,74.0,74.0,13715000
2025-09-09 07:00:00,74.6,76.0,73.7,76.0,6933700
2025-09-10 07:00:00,75.6,76.3,74.5,75.5,7770800
2025-09-11 07:00:00,75.4,79.4,74.0,78.8,18120100
2025-09-12 07:00:00,78.8,79.4,77.8,79.0,7900100
2025-09-15 07:00:00,79.0,79.6,78.1,79.5,8395500
2025-09-16 07:00:00,79.6,81.4,78.9,80.3,8927700
2025-09-17 07:00:00,79.8,81.1,78.0,78.0,8298600
2025-09-18 07:00:00,78.0,78.5,76.7,78.5,8718800
2025-09-19 07:00:00,78.5,78.9,77.4,78.6,4279300
2025-09-22 07:00:00,77.9,77.9,76.0,76.5,8126100
2025-09-23 07:00:00,76.8,78.2,76.3,77.8,4466900
2025-09-24 07:00:00,77.7,79.2,77.1,79.2,4391900
2025-09-25 07:00:00,78.8,79.0,78.1,79.0,5302400
2025-09-26 07:00:00,78.3,79.1,77.9,77.9,4081700
2025-09-29 07:00:00,77.9,77.9,76.6,77.0,6021900
2025-09-30 07:00:00,76.8,77.8,76.2,77.7,7817600
2025-10-01 07:00:00,77.5,78.3,77.2,77.7,4989600
2025-10-02 07:00:00,77.8,78.5,76.9,77.1,4725900
2025-10-03 07:00:00,77.0,77.4,75.4,77.0,9671700
2025-10-06 07:00:00,78.4,78.7,77.2,77.6,9452100
2025-10-07 07:00:00,78.0,79.5,77.5,78.0,7199900
2025-10-08 07:00:00,79.0,81.3,78.5,80.8,17337700
2025-10-09 07:00:00,80.8,81.9,80.5,81.5,7782900
2025-10-10 07:00:00,81.4,82.0,80.6,82.0,7593200
2025-10-13 07:00:00,81.2,83.0,81.0,83.0,7962500
2025-10-14 07:00:00,83.9,85.0,82.4,84.2,12093100
2025-10-15 07:00:00,84.0,84.7,83.0,83.3,5687400
2025-10-16 07:00:00,83.3,84.8,83.0,84.5,6629400
2025-10-17 07:00:00,84.8,85.9,83.8,84.5,9880500
2025-10-20 07:00:00,87.0,87.9,79.8,80.9,14226400
2025-10-21 07:00:00,82.3,83.0,80.5,83.0,12062300
2025-10-22 07:00:00,83.0,84.5,81.6,84.5,8203100
2025-10-23 07:00:00,86.0,86.8,84.6,85.7,9156600
2025-10-24 07:00:00,85.5,85.9,82.8,85.7,9652900
2025-10-27 07:00:00,85.7,85.7,81.0,81.0,9884200
2025-10-28 07:00:00,80.9,84.4,80.4,84.2,8277300
2025-10-29 07:00:00,83.0,84.4,83.0,84.1,5076100
2025-10-30 07:00:00,84.2,84.4,83.5,83.9,5652200
2025-10-31 07:00:00,83.9,84.0,82.0,82.6,6453200
2025-11-03 07:00:00,83.0,83.3,81.0,81.0,6146600
2025-11-04 07:00:00,80.9,82.0,78.5,81.8,13681700
2025-11-05 07:00:00,81.5,81.5,80.1,80.2,4679900
2025-11-06 07:00:00,80.3,81.0,78.8,80.3,4495500
2025-11-07 07:00:00,79.6,80.5,75.5,76.5,8643300
2025-11-10 07:00:00,76.3,79.3,76.3,76.8,7274200
2025-11-11 07:00:00,77.5,79.1,77.5,78.0,5881500
2025-11-12 07:00:00,78.0,80.5,77.9,80.5,5083400
2025-11-13 07:00:00,80.1,80.5,79.5,80.1,3798700
2025-11-14 07:00:00,79.2,82.0,79.2,81.4,3951700
2025-11-17 07:00:00,81.2,82.4,81.2,82.4,4514700
2025-11-18 07:00:00,82.5,83.2,81.9,83.0,4417900
2025-11-19 07:00:00,83.0,83.2,81.6,82.4,6064700
2025-11-20 07:00:00,82.3,82.3,80.8,81.0,5080700
2025-11-21 07:00:00,80.4,80.4,78.1,80.0,8331600
2025-11-24 07:00:00,80.3,80.4,79.2,79.3,4147400
2025-11-25 07:00:00,79.0,79.8,78.5,78.5,4223700
2025-11-26 07:00:00,78.5,80.2,78.5,80.2,4735000
2025-11-27 07:00:00,80.0,80.1,79.5,80.0,3506200
2025-11-28 07:00:00,80.0,80.1,79.2,79.9,3026700
2025-12-01 07:00:00,79.7,80.1,79.5,80.0,2955600
2025-12-02 07:00:00,79.8,80.1,79.3,80.0,3953000
2025-12-03 07:00:00,80.2,85.5,80.2,84.7,15177100
2025-12-04 07:00:00,85.0,86.2,84.6,85.8,7082600
2025-12-05 07:00:00,85.7,85.7,84.1,85.1,6818100
2025-12-08 07:00:00,84.3,85.1,83.5,84.9,4614500
2025-12-09 07:00:00,84.5,84.5,82.5,84.0,6672700
2025-12-10 07:00:00,83.2,84.4,82.5,83.0,4887900
2025-12-11 07:00:00,83.0,83.6,82.3,82.3,3015900
2025-12-12 07:00:00,82.3,82.3,78.5,78.5,8896500
2025-12-15 07:00:00,78.4,79.2,77.6,77.7,5323900
2025-12-16 07:00:00,77.8,82.0,77.5,82.0,7552000
2025-12-17 07:00:00,81.9,83.0,80.8,81.9,4829800
2025-12-18 07:00:00,81.3,81.6,80.5,81.6,3495200
2025-12-19 07:00:00,81.5,83.0,81.3,82.9,5439900
2025-12-22 07:00:00,82.7,85.0,82.7,85.0,7856400
2025-12-23 07:00:00,85.0,88.0,84.9,87.5,13817800
2025-12-24 07:00:00,87.6,88.0,87.0,88.0,6357400
2025-12-25 07:00:00,88.0,90.0,86.0,86.0,8091600
2025-12-26 07:00:00,84.2,87.0,82.6,87.0,9310200
2025-12-29 07:00:00,86.2,87.7,86.1,87.1,6228800
2025-12-30 07:00:00,87.0,88.5,86.6,88.5,7753100
2025-12-31 07:00:00,88.0,88.4,87.6,88.4,4804600
2026-01-05 07:00:00,87.9,88.2,85.8,87.4,5947300
2026-01-06 07:00:00,86.8,89.3,86.8,88.8,6390700
2026-01-07 07:00:00,89.0,89.9,88.3,89.8,4998000
2026-01-08 07:00:00,89.8,89.8,86.2,87.5,10543900
2026-01-09 07:00:00,86.4,87.5,85.6,86.0,6472200
2026-01-12 07:00:00,86.0,87.5,85.0,87.5,8471500
2026-01-13 07:00:00,87.5,88.7,86.2,87.1,6657100
2026-01-14 07:00:00,87.1,87.3,85.1,86.0,6951400
2026-01-15 07:00:00,85.0,86.9,84.0,84.0,7636600
2026-01-16 07:00:00,83.8,87.4,83.8,87.0,7671600
2026-01-19 07:00:00,87.4,87.4,85.5,86.7,3055300
2026-01-20 07:00:00,86.7,88.3,86.0,86.0,6841300
2026-01-21 07:00:00,85.9,85.9,84.4,85.4,5383600
2026-01-22 07:00:00,85.0,86.6,85.0,86.5,5450600
2026-01-23 07:00:00,86.6,87.7,85.8,85.8,6722800
2026-01-26 07:00:00,85.8,85.9,83.9,84.1,6030600
2026-01-27 07:00:00,84.2,85.8,84.0,85.0,5418600
2026-01-28 07:00:00,84.9,85.8,84.3,85.5,6085200
2026-01-29 07:00:00,85.7,89.5,85.3,89.5,15892000
2026-01-30 07:00:00,90.0,93.4,89.8,92.9,20845900
2026-02-02 07:00:00,93.1,93.9,90.5,93.7,13866200
2026-02-03 07:00:00,94.4,94.4,91.5,91.5,10130300
2026-02-04 07:00:00,91.5,91.9,90.6,91.8,7656400
2026-02-05 07:00:00,91.7,91.8,90.2,90.2,5643400
2026-02-06 07:00:00,89.7,89.9,86.0,88.4,13814700
2026-02-09 07:00:00,89.0,90.0,88.5,89.3,5452400
2026-02-10 07:00:00,89.7,89.7,87.8,89.3,5950600
2026-02-11 07:00:00,89.5,91.9,89.3,91.9,8987000
2026-02-12 07:00:00,92.5,93.9,91.1,92.9,7890300
2026-02-13 07:00:00,91.9,93.2,91.5,92.8,5511500
2026-02-23 07:00:00,92.9,93.1,91.1,92.0,5003100
2026-02-24 07:00:00,91.6,92.2,90.5,92.2,6601300
2026-02-25 07:00:00,92.2,94.1,92.0,93.0,8132700
2026-02-26 07:00:00,93.0,94.3,92.5,93.6,5011100
2026-02-27 07:00:00,93.7,93.9,92.6,93.1,5224300
2026-03-02 07:00:00,91.8,92.2,90.0,90.0,10738700
2026-03-03 07:00:00,90.2,91.2,86.9,88.2,13370000
2026-03-04 07:00:00,87.1,88.8,83.8,88.8,13414100
2026-03-05 07:00:00,88.9,89.0,85.2,85.2,11270500
2026-03-06 07:00:00,84.8,84.8,81.7,82.7,13359400
2026-03-09 07:00:00,77.0,77.0,77.0,77.0,4983800
2026-03-10 07:00:00,79.0,81.8,77.4,81.0,21042400
2026-03-11 07:00:00,81.0,86.6,80.5,86.5,17339300
2026-03-12 07:00:00,84.0,86.5,83.1,84.6,10104500
2026-03-13 07:00:00,84.5,84.5,82.0,82.0,6260000
2026-03-16 07:00:00,81.9,82.2,80.4,80.6,5282300
2026-03-17 07:00:00,81.5,83.8,81.5,82.7,3811100
2026-03-18 07:00:00,82.8,84.3,82.4,83.7,4304400
2026-03-19 07:00:00,82.0,82.6,81.4,82.4,7916000
2026-03-20 07:00:00,82.1,82.1,79.7,79.7,6488600
2026-03-23 07:00:00,78.0,78.1,74.2,74.2,17473900
2026-03-24 07:00:00,76.6,76.8,75.0,76.0,7903300
2026-03-25 07:00:00,77.0,79.5,76.8,79.2,7550200
2026-03-26 07:00:00,78.0,78.9,77.4,78.5,7066800
2026-03-27 07:00:00,78.6,81.8,78.2,81.0,7595000
2026-03-30 07:00:00,78.9,80.8,78.6,80.8,6027600
2026-03-31 07:00:00,80.8,82.1,80.5,81.8,6582900
2026-04-01 07:00:00,83.0,83.9,81.8,82.4,5736600
2026-04-02 07:00:00,81.8,81.8,80.0,81.8,5675700
2026-04-03 07:00:00,81.5,81.5,79.2,79.3,6903100
2026-04-06 07:00:00,78.3,79.3,77.6,78.3,6411000
2026-04-07 07:00:00,78.4,78.8,76.6,78.0,3806200
2026-04-08 07:00:00,80.6,82.0,79.9,81.9,10192500
2026-04-09 07:00:00,80.9,82.0,80.7,80.7,3649300
2026-04-10 07:00:00,81.3,82.2,81.0,81.5,4667000
2026-04-13 07:00:00,80.8,81.3,79.8,81.3,4806700
2026-04-14 07:00:00,82.1,82.7,81.4,81.6,4600700
2026-04-15 07:00:00,82.0,82.0,80.0,80.0,3798700
2026-04-16 07:00:00,80.2,82.0,80.2,81.3,5775900
2026-04-17 07:00:00,82.6,86.9,82.5,86.9,15089000
2026-04-20 07:00:00,87.5,88.5,86.4,87.3,10168300
2026-04-21 07:00:00,87.4,87.4,85.6,85.6,7226400
2026-04-22 07:00:00,85.4,86.4,84.8,86.4,9172200
2026-04-23 07:00:00,86.4,86.8,84.3,84.5,5417100
2026-04-24 07:00:00,84.5,85.2,83.5,83.5,4634400
2026-04-28 07:00:00,83.7,85.9,83.7,85.6,5380700
2026-04-29 07:00:00,85.0,85.7,84.0,84.0,4897200
