time,open,high,low,close,volume
2016-11-10 07:00:00,17.89,17.89,17.17,17.77,7040
2016-11-11 07:00:00,17.93,17.93,17.93,17.93,1800
2016-11-14 07:00:00,17.57,18.05,17.17,17.89,20790
2016-11-15 07:00:00,17.81,17.83,17.17,17.65,4210
2016-11-16 07:00:00,17.65,17.77,17.17,17.77,3420
2016-11-17 07:00:00,17.57,17.57,17.21,17.21,200
2016-11-18 07:00:00,17.21,17.57,17.17,17.57,6910
2016-11-21 07:00:00,17.61,17.61,17.21,17.21,810
2016-11-22 07:00:00,17.49,17.49,16.77,17.45,9520
2016-11-23 07:00:00,17.45,17.53,17.45,17.53,11890
2016-11-24 07:00:00,17.53,17.53,16.77,17.53,3400
2016-11-25 07:00:00,17.45,17.53,16.93,16.93,11010
2016-11-28 07:00:00,17.41,17.41,17.17,17.17,15210
2016-11-29 07:00:00,17.13,17.17,17.13,17.17,4090
2016-11-30 07:00:00,16.77,17.17,16.77,17.17,17100
2016-12-01 07:00:00,17.13,17.15,17.13,17.15,1900
2016-12-02 07:00:00,17.17,17.17,16.97,16.97,368420
2016-12-05 07:00:00,16.97,16.97,16.57,16.97,6080
2016-12-06 07:00:00,16.77,17.03,16.77,17.03,7800
2016-12-07 07:00:00,17.09,17.09,15.97,15.97,150
2016-12-08 07:00:00,16.21,16.97,16.21,16.97,25000
2016-12-09 07:00:00,17.17,17.17,16.05,16.97,10460
2016-12-12 07:00:00,15.97,16.97,15.97,16.97,1050
2016-12-13 07:00:00,15.97,15.97,15.97,15.97,300
2016-12-14 07:00:00,17.03,17.03,16.97,16.97,1300
2016-12-15 07:00:00,16.97,16.97,16.97,16.97,510
2016-12-16 07:00:00,16.99,18.09,16.99,18.09,1720
2016-12-19 07:00:00,17.77,17.77,17.77,17.77,900
2016-12-20 07:00:00,17.69,17.69,17.57,17.57,5700
2016-12-21 07:00:00,17.49,17.49,17.49,17.49,6000
2016-12-22 07:00:00,17.49,17.49,16.57,16.81,9700
2016-12-23 07:00:00,16.81,17.13,16.77,17.13,1970
2016-12-26 07:00:00,17.13,17.13,16.77,17.09,11530
2016-12-27 07:00:00,16.97,16.97,16.97,16.97,710
2016-12-28 07:00:00,17.17,17.17,17.17,17.17,5000
2016-12-29 07:00:00,17.13,17.13,17.13,17.13,5100
2016-12-30 07:00:00,16.77,17.09,16.05,17.09,28380
2017-01-03 07:00:00,17.33,17.33,16.77,16.97,2520
2017-01-04 07:00:00,16.57,17.17,16.57,17.13,12810
2017-01-05 07:00:00,16.37,17.09,16.37,17.09,7460
2017-01-06 07:00:00,17.09,17.09,16.89,17.09,3550
2017-01-09 07:00:00,16.77,16.77,16.49,16.49,14400
2017-01-10 07:00:00,17.13,17.13,16.49,16.49,180
2017-01-11 07:00:00,16.77,16.77,16.37,16.37,12410
2017-01-12 07:00:00,16.37,16.85,16.37,16.37,12570
2017-01-13 07:00:00,16.01,16.33,15.97,16.33,27850
2017-01-16 07:00:00,15.97,15.97,15.97,15.97,17540
2017-01-17 07:00:00,15.97,15.97,15.57,15.97,43570
2017-01-18 07:00:00,15.97,16.37,15.57,15.97,23700
2017-01-19 07:00:00,15.97,15.97,15.97,15.97,480
2017-01-20 07:00:00,15.57,15.97,15.57,15.97,16710
2017-01-23 07:00:00,15.97,16.01,15.97,15.97,4500
2017-01-24 07:00:00,16.29,16.29,15.97,15.97,2100
2017-01-25 07:00:00,16.73,16.73,16.73,16.73,2000
2017-02-02 07:00:00,16.73,16.97,16.73,16.81,6620
2017-02-03 07:00:00,16.81,16.97,16.09,16.97,10870
2017-02-06 07:00:00,16.97,16.97,16.97,16.97,3000
2017-02-07 07:00:00,16.93,16.97,16.93,16.97,5500
2017-02-08 07:00:00,16.97,16.97,16.61,16.97,9000
2017-02-09 07:00:00,16.77,16.93,16.77,16.77,5500
2017-02-10 07:00:00,16.41,16.93,16.37,16.93,3850
2017-02-13 07:00:00,16.93,16.93,16.17,16.93,3980
2017-02-14 07:00:00,16.93,16.93,16.89,16.89,1490
2017-02-15 07:00:00,16.89,16.89,16.09,16.89,7160
2017-02-16 07:00:00,16.45,16.89,16.37,16.77,5990
2017-02-17 07:00:00,16.97,16.97,16.97,16.97,2200
2017-02-20 07:00:00,16.97,16.97,16.77,16.77,700
2017-02-21 07:00:00,16.73,16.77,16.07,16.77,7740
2017-02-22 07:00:00,16.77,17.93,16.19,17.93,12530
2017-02-23 07:00:00,16.97,17.93,16.97,17.57,25280
2017-02-24 07:00:00,17.53,17.53,17.53,17.53,170
2017-02-27 07:00:00,17.53,17.53,16.77,17.53,2240
2017-02-28 07:00:00,17.53,17.53,16.85,17.33,6030
2017-03-01 07:00:00,17.53,17.53,16.77,16.77,8370
2017-03-02 07:00:00,16.33,17.89,16.33,17.77,3010
2017-03-03 07:00:00,17.77,17.77,17.31,17.37,5940
2017-03-06 07:00:00,17.17,17.37,17.17,17.33,4780
2017-03-07 07:00:00,17.17,17.31,17.17,17.31,3010
2017-03-08 07:00:00,17.31,17.31,17.17,17.31,4170
2017-03-09 07:00:00,17.31,17.33,16.77,17.31,7830
2017-03-10 07:00:00,17.33,17.37,16.81,17.37,66140
2017-03-13 07:00:00,17.37,17.37,17.37,17.37,1080
2017-03-14 07:00:00,16.39,17.37,16.39,17.33,6210
2017-03-15 07:00:00,17.33,17.37,16.79,17.33,4380
2017-03-16 07:00:00,16.81,17.33,16.81,17.31,920
2017-03-17 07:00:00,16.77,17.31,16.77,17.31,2720
2017-03-20 07:00:00,17.31,17.37,17.27,17.37,2100
2017-03-21 07:00:00,17.35,17.35,17.35,17.35,1090
2017-03-22 07:00:00,17.35,17.35,17.31,17.35,1500
2017-03-23 07:00:00,17.33,17.35,17.31,17.33,13970
2017-03-24 07:00:00,17.33,17.33,16.97,17.33,3910
2017-03-27 07:00:00,16.85,17.29,16.85,17.27,20370
2017-03-28 07:00:00,17.17,17.29,17.17,17.21,22500
2017-03-29 07:00:00,16.97,17.17,16.97,17.17,1730
2017-03-30 07:00:00,17.15,17.17,16.81,17.17,1970
2017-03-31 07:00:00,16.81,17.17,16.81,17.17,2900
2017-04-03 07:00:00,17.17,17.17,16.37,17.17,2400
2017-04-04 07:00:00,16.89,17.01,15.97,16.77,9700
2017-04-05 07:00:00,16.77,17.09,16.77,17.09,2100
2017-04-07 07:00:00,16.85,16.85,16.85,16.85,400
2017-04-10 07:00:00,16.81,16.85,16.79,16.79,5450
2017-04-11 07:00:00,16.97,17.01,16.79,16.97,8730
2017-04-12 07:00:00,17.01,17.01,16.91,17.01,4730
2017-04-13 07:00:00,16.77,17.01,16.77,17.01,380
2017-04-14 07:00:00,16.65,16.77,15.97,16.57,12480
2017-04-17 07:00:00,16.57,16.57,16.21,16.21,5100
2017-04-18 07:00:00,16.77,16.97,16.19,16.77,22020
2017-04-19 07:00:00,16.75,16.77,16.75,16.77,7520
2017-04-20 07:00:00,16.77,16.77,16.77,16.77,2500
2017-04-21 07:00:00,16.77,16.77,16.29,16.29,12000
2017-04-24 07:00:00,16.17,17.37,16.09,17.17,2300
2017-04-25 07:00:00,17.17,17.17,17.11,17.11,230
2017-04-26 07:00:00,17.03,17.05,16.77,16.97,2780
2017-04-27 07:00:00,16.95,16.97,16.77,16.91,2990
2017-04-28 07:00:00,16.93,16.93,16.89,16.89,240
2017-05-03 07:00:00,16.57,16.89,16.57,16.89,2780
2017-05-04 07:00:00,16.77,16.77,16.05,16.77,4700
2017-05-05 07:00:00,16.73,16.77,16.73,16.77,2810
2017-05-08 07:00:00,16.97,16.97,16.97,16.97,1500
2017-05-09 07:00:00,16.87,16.87,16.19,16.29,2880
2017-05-10 07:00:00,16.89,16.89,16.29,16.77,900
2017-05-11 07:00:00,16.77,16.77,16.21,16.77,1520
2017-05-12 07:00:00,16.17,16.77,16.17,16.77,500
2017-05-15 07:00:00,16.37,16.37,15.97,16.37,5100
2017-05-16 07:00:00,16.37,16.37,16.37,16.37,340
2017-05-17 07:00:00,16.37,16.37,16.01,16.37,2340
2017-05-18 07:00:00,16.37,16.37,16.37,16.37,2760
2017-05-19 07:00:00,16.37,16.37,16.37,16.37,2000
2017-05-22 07:00:00,16.37,16.37,16.37,16.37,9600
2017-05-23 07:00:00,16.41,16.41,15.99,15.99,200
2017-05-24 07:00:00,16.17,16.37,15.97,16.37,10890
2017-05-25 07:00:00,16.77,17.13,16.37,16.37,9300
2017-05-26 07:00:00,16.37,16.37,16.37,16.37,2000
2017-05-29 07:00:00,16.37,16.37,16.37,16.37,740
2017-05-30 07:00:00,16.01,16.37,16.01,16.37,3100
2017-05-31 07:00:00,15.97,16.37,15.97,16.37,4480
2017-06-01 07:00:00,16.37,16.41,16.17,16.37,1110
2017-06-02 07:00:00,16.37,16.75,16.17,16.17,310
2017-06-05 07:00:00,16.49,16.49,16.37,16.49,1000
2017-06-06 07:00:00,16.53,16.53,16.01,16.45,420
2017-06-07 07:00:00,15.99,16.45,15.99,16.45,900
2017-06-08 07:00:00,16.77,16.77,16.77,16.77,50
2017-06-09 07:00:00,16.37,16.37,15.97,16.17,10020
2017-06-12 07:00:00,15.81,16.29,15.81,15.97,8160
2017-06-13 07:00:00,16.73,16.73,16.73,16.73,10
2017-06-14 07:00:00,16.17,16.17,16.17,16.17,2010
2017-06-15 07:00:00,16.15,16.15,15.97,16.13,710
2017-06-16 07:00:00,15.97,15.97,15.97,15.97,100
2017-06-19 07:00:00,15.97,16.37,15.97,15.97,22740
2017-06-20 07:00:00,15.81,16.77,15.81,16.01,1900
2017-06-21 07:00:00,16.05,16.49,15.97,15.97,4610
2017-06-22 07:00:00,15.97,16.33,15.97,15.99,8910
2017-06-23 07:00:00,16.01,16.37,15.19,16.37,10950
2017-06-26 07:00:00,16.57,16.57,16.01,16.57,820
2017-06-27 07:00:00,16.73,16.73,16.69,16.69,260
2017-06-28 07:00:00,16.37,16.37,16.09,16.09,520
2017-06-29 07:00:00,16.57,16.57,16.53,16.53,190
2017-06-30 07:00:00,16.53,16.53,15.45,15.99,5600
2017-07-03 07:00:00,16.77,17.09,16.21,16.21,5140
2017-07-04 07:00:00,16.45,16.45,16.21,16.43,2310
2017-07-05 07:00:00,17.37,17.37,16.73,16.77,5960
2017-07-06 07:00:00,16.97,16.97,16.43,16.43,3890
2017-07-07 07:00:00,16.37,16.37,16.21,16.37,4150
2017-07-10 07:00:00,16.37,16.37,16.17,16.17,3790
2017-07-11 07:00:00,16.17,16.37,16.17,16.17,2570
2017-07-12 07:00:00,16.17,16.17,16.17,16.17,3770
2017-07-13 07:00:00,16.17,16.17,15.97,15.97,7500
2017-07-14 07:00:00,15.97,15.97,15.97,15.97,4510
2017-07-17 07:00:00,16.98,17.07,15.88,16.75,5690
2017-07-18 07:00:00,16.29,16.29,16.29,16.29,7420
2017-07-19 07:00:00,16.29,17.21,15.6,16.75,740
2017-07-20 07:00:00,16.06,16.48,16.06,16.48,1520
2017-07-21 07:00:00,16.52,16.52,16.06,16.45,800
2017-07-24 07:00:00,16.48,16.48,16.41,16.41,740
2017-07-25 07:00:00,16.41,16.41,16.41,16.41,1100
2017-07-26 07:00:00,16.52,16.52,16.52,16.52,2000
2017-07-27 07:00:00,16.11,16.52,16.11,16.52,3170
2017-07-28 07:00:00,16.29,16.52,16.29,16.52,820
2017-07-31 07:00:00,16.57,16.57,16.06,16.52,5490
2017-08-01 07:00:00,16.52,16.52,16.52,16.52,140
2017-08-02 07:00:00,16.06,16.75,16.06,16.75,10480
2017-08-03 07:00:00,16.75,17.12,16.09,16.75,30490
2017-08-04 07:00:00,16.75,16.75,16.75,16.75,10250
2017-08-07 07:00:00,16.52,16.75,16.52,16.52,8100
2017-08-08 07:00:00,16.82,16.82,16.43,16.48,101110
2017-08-09 07:00:00,16.09,16.52,16.06,16.43,42540
2017-08-10 07:00:00,16.29,16.48,15.76,15.76,153940
2017-08-11 07:00:00,16.48,16.87,16.48,16.8,2480
2017-08-14 07:00:00,16.8,16.8,16.52,16.52,1090
2017-08-15 07:00:00,16.5,16.52,16.5,16.52,1260
2017-08-16 07:00:00,16.52,16.52,16.11,16.13,2390
2017-08-17 07:00:00,16.89,16.89,15.9,15.9,330
2017-08-18 07:00:00,15.65,16.52,15.65,16.52,2990
2017-08-21 07:00:00,16.66,16.66,16.59,16.59,1560
2017-08-22 07:00:00,16.59,16.59,16.32,16.52,11140
2017-08-23 07:00:00,16.5,17.67,16.09,16.52,3740
2017-08-24 07:00:00,17.44,17.44,16.52,16.75,1060
2017-08-25 07:00:00,16.52,16.84,16.52,16.52,2500
2017-08-28 07:00:00,16.52,16.75,16.52,16.75,1570
2017-08-29 07:00:00,16.8,16.8,16.75,16.8,2620
2017-08-30 07:00:00,16.8,17.62,16.34,17.37,7460
2017-08-31 07:00:00,17.39,17.39,17.39,17.39,1200
2017-09-01 07:00:00,17.35,17.44,16.8,17.44,4510
2017-09-05 07:00:00,16.89,17.67,16.84,16.84,8590
2017-09-06 07:00:00,17.44,17.44,16.84,17.39,4960
2017-09-07 07:00:00,17.26,17.44,17.26,17.44,2200
2017-09-08 07:00:00,17.58,17.58,17.44,17.44,1700
2017-09-11 07:00:00,16.93,17.44,16.93,17.44,10010
2017-09-12 07:00:00,17.44,17.44,17.44,17.44,7510
2017-09-13 07:00:00,17.44,17.44,16.84,17.39,20270
2017-09-14 07:00:00,17.39,17.49,17.39,17.44,20880
2017-09-15 07:00:00,17.44,17.44,17.44,17.44,3620
2017-09-18 07:00:00,18.31,18.31,17.44,17.44,110
2017-09-19 07:00:00,17.81,17.81,17.0,17.07,2460
2017-09-20 07:00:00,17.42,17.42,16.98,17.21,4290
2017-09-21 07:00:00,17.07,17.12,16.98,17.12,8150
2017-09-22 07:00:00,16.98,16.98,16.89,16.98,7430
2017-09-25 07:00:00,16.57,16.98,16.57,16.98,8530
2017-09-26 07:00:00,16.75,16.98,16.75,16.98,240
2017-09-27 07:00:00,17.39,17.39,17.16,17.16,160
2017-09-28 07:00:00,16.75,17.16,16.75,17.12,5550
2017-09-29 07:00:00,16.98,16.98,16.06,16.89,30270
2017-10-02 07:00:00,16.89,16.89,16.89,16.89,100
2017-10-03 07:00:00,16.87,16.89,16.84,16.89,2110
2017-10-04 07:00:00,16.52,16.75,16.52,16.52,13210
2017-10-05 07:00:00,16.82,16.82,16.06,16.52,12020
2017-10-06 07:00:00,16.52,16.52,16.52,16.52,210
2017-10-10 07:00:00,16.52,16.52,16.06,16.29,20790
2017-10-11 07:00:00,16.52,16.52,16.06,16.06,11730
2017-10-12 07:00:00,16.48,16.48,16.06,16.48,5640
2017-10-13 07:00:00,16.06,16.11,16.06,16.06,3590
2017-10-16 07:00:00,16.02,16.02,15.83,16.02,21210
2017-10-17 07:00:00,15.74,16.02,15.74,15.83,11210
2017-10-18 07:00:00,15.83,16.04,15.7,16.04,40910
2017-10-19 07:00:00,16.06,16.06,15.74,16.02,5940
2017-10-20 07:00:00,15.74,16.02,15.7,16.02,17170
2017-10-23 07:00:00,15.6,15.83,15.6,15.7,3160
2017-10-24 07:00:00,15.6,15.74,15.6,15.6,25750
2017-10-25 07:00:00,15.6,15.6,15.6,15.6,5110
2017-10-26 07:00:00,15.6,15.6,15.42,15.6,20630
2017-10-27 07:00:00,15.97,15.97,15.38,15.6,41600
2017-10-30 07:00:00,15.6,15.6,15.42,15.42,16550
2017-10-31 07:00:00,14.34,15.6,14.34,15.56,10610
2017-11-01 07:00:00,15.97,15.97,15.6,15.6,1260
2017-11-03 07:00:00,15.6,15.6,15.6,15.6,30
2017-11-06 07:00:00,14.94,16.02,14.94,16.02,5740
2017-11-07 07:00:00,15.6,15.93,15.6,15.93,2060
2017-11-08 07:00:00,15.6,15.83,15.6,15.83,1800
2017-11-09 07:00:00,16.02,16.02,16.02,16.02,2000
2017-11-10 07:00:00,16.02,16.02,15.14,15.6,4420
2017-11-13 07:00:00,15.17,15.6,15.17,15.6,8460
2017-11-14 07:00:00,15.6,15.6,15.6,15.6,10080
2017-11-15 07:00:00,15.6,15.6,15.19,15.19,4140
2017-11-16 07:00:00,15.6,15.83,15.38,15.6,25790
2017-11-17 07:00:00,15.6,15.6,15.17,15.38,15860
2017-11-20 07:00:00,15.38,15.6,15.24,15.38,20380
2017-11-21 07:00:00,15.38,15.6,15.38,15.38,43010
2017-11-22 07:00:00,15.93,15.93,15.38,15.38,6060
2017-11-23 07:00:00,15.6,15.6,15.38,15.6,28640
2017-11-24 07:00:00,15.7,15.7,15.4,15.4,5660
2017-11-27 07:00:00,15.6,15.6,15.6,15.6,1860
2017-11-28 07:00:00,15.88,16.06,15.56,15.93,270
2017-11-29 07:00:00,15.6,15.88,15.6,15.88,2870
2017-11-30 07:00:00,15.88,15.88,15.83,15.83,3220
2017-12-01 07:00:00,16.89,16.89,15.83,15.83,7690
2017-12-04 07:00:00,16.06,16.48,16.06,16.06,19200
2017-12-05 07:00:00,16.06,16.2,16.06,16.06,7940
2017-12-06 07:00:00,16.06,16.52,16.06,16.29,26700
2017-12-07 07:00:00,16.52,16.89,16.06,16.06,15940
2017-12-08 07:00:00,16.06,16.06,16.06,16.06,1300
2017-12-11 07:00:00,16.48,16.48,15.24,15.6,36860
2017-12-12 07:00:00,15.6,15.6,15.19,15.56,20220
2017-12-13 07:00:00,15.56,15.56,15.47,15.47,180
2017-12-14 07:00:00,15.21,15.47,15.21,15.47,4380
2017-12-15 07:00:00,15.6,15.6,15.38,15.6,27620
2017-12-18 07:00:00,15.28,15.51,15.24,15.51,13220
2017-12-19 07:00:00,15.44,15.44,15.38,15.42,1380
2017-12-20 07:00:00,15.14,15.38,15.14,15.19,8780
2017-12-21 07:00:00,15.28,16.06,15.28,15.56,12650
2017-12-22 07:00:00,15.6,15.6,15.6,15.6,1000
2017-12-25 07:00:00,15.24,15.54,15.24,15.54,250
2017-12-26 07:00:00,15.14,16.06,15.05,15.14,28390
2017-12-27 07:00:00,15.28,15.56,15.24,15.42,29070
2017-12-28 07:00:00,16.5,16.5,15.42,16.5,163740
2017-12-29 07:00:00,17.62,17.62,16.52,16.52,120100
2018-01-02 07:00:00,16.52,17.37,16.52,17.37,78070
2018-01-03 07:00:00,17.37,18.57,17.21,18.57,110360
2018-01-04 07:00:00,18.63,19.85,18.63,19.85,212400
2018-01-05 07:00:00,21.11,21.23,20.1,20.65,164610
2018-01-08 07:00:00,21.07,21.98,20.65,20.7,134990
2018-01-09 07:00:00,20.7,20.84,20.19,20.52,115360
2018-01-10 07:00:00,21.48,21.48,20.61,20.74,88900
2018-01-11 07:00:00,21.11,21.34,20.65,20.7,144450
2018-01-12 07:00:00,20.65,21.07,20.65,20.65,143330
2018-01-15 07:00:00,20.65,20.65,20.29,20.65,128790
2018-01-16 07:00:00,20.63,20.7,20.47,20.63,134550
2018-01-17 07:00:00,21.07,21.57,20.65,21.07,237550
2018-01-18 07:00:00,21.11,22.21,21.11,21.85,292010
2018-01-19 07:00:00,22.49,22.9,22.26,22.67,483970
2018-01-22 07:00:00,22.95,23.41,22.44,22.67,284400
2018-01-25 07:00:00,22.72,22.95,22.3,22.67,173770
2018-01-26 07:00:00,22.95,23.87,22.58,22.72,130760
2018-01-29 07:00:00,22.72,22.81,22.42,22.49,110410
2018-01-30 07:00:00,23.04,23.04,22.26,22.9,138160
2018-01-31 07:00:00,22.95,22.95,22.26,22.26,92870
2018-02-01 07:00:00,22.49,22.49,21.57,22.03,98970
2018-02-02 07:00:00,22.03,22.4,21.8,22.08,64850
2018-02-05 07:00:00,22.81,22.81,20.65,22.03,116670
2018-02-06 07:00:00,20.49,22.72,20.49,22.08,304950
2018-02-07 07:00:00,22.72,23.41,22.54,23.41,224590
2018-02-08 07:00:00,23.41,23.64,23.18,23.22,188550
2018-02-09 07:00:00,22.95,23.32,22.86,23.13,125590
2018-02-12 07:00:00,23.87,23.87,23.36,23.41,84260
2018-02-13 07:00:00,23.82,23.82,23.22,23.41,145790
2018-02-21 07:00:00,23.87,25.01,23.77,25.01,713110
2018-02-22 07:00:00,25.47,26.53,25.47,26.07,177990
2018-02-23 07:00:00,26.53,27.17,26.39,27.17,140980
2018-02-26 07:00:00,27.08,28.23,26.57,27.77,580310
2018-02-27 07:00:00,27.77,28.5,27.63,28.23,205300
2018-02-28 07:00:00,28.23,29.37,27.86,29.1,186700
2018-03-01 07:00:00,29.1,30.29,28.91,30.02,309520
2018-03-02 07:00:00,30.52,31.62,29.83,31.26,437590
2018-03-05 07:00:00,31.44,31.9,29.83,30.75,346650
2018-03-06 07:00:00,30.75,31.67,29.83,31.67,235700
2018-03-07 07:00:00,32.03,32.03,30.29,30.75,169750
2018-03-08 07:00:00,30.75,31.44,30.52,31.35,115470
2018-03-09 07:00:00,31.67,31.8,31.21,31.39,201810
2018-03-12 07:00:00,31.67,31.67,31.21,31.21,151680
2018-03-13 07:00:00,30.75,31.21,30.11,30.24,302100
2018-03-14 07:00:00,30.24,30.61,29.42,30.06,115000
2018-03-15 07:00:00,29.14,30.43,29.14,29.74,82040
2018-03-16 07:00:00,30.52,30.75,30.29,30.66,162730
2018-03-19 07:00:00,30.89,31.67,30.29,31.21,126920
2018-03-20 07:00:00,31.3,31.44,30.93,30.93,134030
2018-03-21 07:00:00,30.93,31.44,30.89,30.89,79200
2018-03-22 07:00:00,31.12,31.12,30.57,30.75,102030
2018-03-23 07:00:00,29.01,30.57,29.01,29.83,99290
2018-03-26 07:00:00,29.83,30.02,29.6,29.92,98800
2018-03-27 07:00:00,30.7,30.7,29.37,29.92,109240
2018-03-28 07:00:00,29.42,29.88,29.37,29.83,69370
2018-03-29 07:00:00,29.46,29.83,29.19,29.79,73880
2018-03-30 07:00:00,29.42,30.24,29.37,29.79,31710
2018-04-02 07:00:00,29.79,30.29,29.79,29.83,45450
2018-04-03 07:00:00,29.83,31.9,29.56,31.9,448800
2018-04-04 07:00:00,33.78,33.92,32.59,33.04,260860
2018-04-05 07:00:00,33.5,33.5,32.59,33.04,95450
2018-04-06 07:00:00,33.14,34.19,33.14,33.32,395180
2018-04-09 07:00:00,33.5,33.5,31.02,31.35,336690
2018-04-10 07:00:00,30.98,31.9,29.19,31.9,1928560
2018-04-11 07:00:00,30.52,31.9,30.29,30.75,340860
2018-04-12 07:00:00,30.75,30.75,28.91,30.66,144670
2018-04-13 07:00:00,30.75,30.75,29.83,30.29,153660
2018-04-16 07:00:00,30.29,30.29,29.42,30.06,104750
2018-04-17 07:00:00,29.83,30.84,29.83,30.11,110980
2018-04-18 07:00:00,30.11,30.61,29.51,29.83,111050
2018-04-19 07:00:00,29.14,30.11,29.14,29.37,106080
2018-04-20 07:00:00,29.79,29.83,28.91,29.37,100030
2018-04-23 07:00:00,28.96,30.98,27.63,29.69,336210
2018-04-24 07:00:00,30.2,30.2,29.37,29.83,131270
2018-04-26 07:00:00,30.15,30.29,28.91,29.37,125880
2018-04-27 07:00:00,28.36,30.06,28.36,30.06,111310
2018-05-02 07:00:00,30.57,30.57,29.83,30.06,101690
2018-05-03 07:00:00,29.83,30.06,29.01,29.74,94070
2018-05-04 07:00:00,29.97,30.02,29.37,29.6,23110
2018-05-07 07:00:00,29.6,29.79,29.28,29.65,24880
2018-05-08 07:00:00,29.79,29.79,28.91,29.37,71400
2018-05-09 07:00:00,29.51,29.51,28.91,29.37,47830
2018-05-10 07:00:00,28.91,29.37,28.78,29.14,35340
2018-05-11 07:00:00,29.14,29.14,28.0,28.68,146890
2018-05-14 07:00:00,28.68,28.82,28.0,28.68,72510
2018-05-15 07:00:00,29.14,29.14,28.68,28.82,64740
2018-05-16 07:00:00,28.91,28.91,28.68,28.91,21380
2018-05-17 07:00:00,29.37,29.37,28.73,28.91,72960
2018-05-18 07:00:00,29.1,29.1,28.68,28.78,72190
2018-05-21 07:00:00,28.78,28.87,28.55,28.78,10980
2018-05-22 07:00:00,28.46,28.78,27.77,28.46,76700
2018-05-23 07:00:00,27.77,28.41,27.54,27.54,81070
2018-05-24 07:00:00,28.0,28.0,27.31,27.54,20240
2018-05-25 07:00:00,27.54,27.54,27.08,27.49,62910
2018-05-28 07:00:00,26.62,27.44,25.61,25.61,120150
2018-05-29 07:00:00,25.61,26.62,25.47,25.98,36970
2018-05-30 07:00:00,26.44,26.44,25.93,26.34,18990
2018-05-31 07:00:00,26.39,26.85,25.75,26.8,30560
2018-06-01 07:00:00,26.8,28.64,26.8,28.64,113910
2018-06-04 07:00:00,29.79,30.15,28.91,29.28,62240
2018-06-05 07:00:00,29.42,30.2,28.46,29.28,44790
2018-06-06 07:00:00,29.33,29.33,28.46,28.96,46410
2018-06-07 07:00:00,28.96,28.96,28.36,28.96,66290
2018-06-08 07:00:00,28.36,29.83,28.36,29.37,75540
2018-06-11 07:00:00,29.74,31.21,28.91,30.43,51150
2018-06-12 07:00:00,30.43,30.43,28.91,29.83,38380
2018-06-13 07:00:00,29.79,30.47,29.65,30.06,117100
2018-06-14 07:00:00,30.06,30.29,29.33,30.06,43830
2018-06-15 07:00:00,29.74,29.83,29.37,29.46,45710
2018-06-18 07:00:00,29.14,29.46,28.46,28.91,37360
2018-06-19 07:00:00,28.91,29.37,26.9,27.54,30950
2018-06-20 07:00:00,28.78,28.78,27.54,27.54,19580
2018-06-21 07:00:00,28.32,28.32,27.22,27.54,13100
2018-06-22 07:00:00,27.54,27.9,27.08,27.31,27790
2018-06-25 07:00:00,28.0,28.13,27.77,27.95,23290
2018-06-26 07:00:00,27.54,27.95,27.35,27.95,16340
2018-06-27 07:00:00,28.41,28.41,27.4,27.77,9640
2018-06-28 07:00:00,27.68,27.68,26.8,27.49,18460
2018-06-29 07:00:00,27.68,27.68,26.71,27.49,16120
2018-07-02 07:00:00,27.54,27.54,25.7,26.85,32150
2018-07-03 07:00:00,26.85,26.85,25.7,26.02,31760
2018-07-04 07:00:00,26.62,26.62,24.23,26.02,14950
2018-07-05 07:00:00,26.3,26.3,24.23,25.24,193770
2018-07-06 07:00:00,25.61,26.07,24.78,25.52,37750
2018-07-09 07:00:00,24.83,26.16,23.91,25.52,44450
2018-07-10 07:00:00,25.52,25.66,24.88,25.52,50020
2018-07-11 07:00:00,24.55,25.24,24.55,24.78,28540
2018-07-12 07:00:00,24.69,24.78,24.32,24.78,23170
2018-07-13 07:00:00,24.78,25.43,24.32,25.2,13930
2018-07-16 07:00:00,24.42,25.66,24.42,25.2,8840
2018-07-17 07:00:00,25.24,25.24,24.55,24.55,24120
2018-07-18 07:00:00,25.15,25.43,24.78,25.43,38840
2018-07-19 07:00:00,25.47,25.7,25.06,25.24,17410
2018-07-20 07:00:00,25.61,25.61,24.69,25.2,13760
2018-07-23 07:00:00,24.78,25.24,24.37,25.01,31420
2018-07-24 07:00:00,25.2,25.2,24.32,24.97,9070
2018-07-25 07:00:00,24.97,24.97,24.74,24.78,16750
2018-07-26 07:00:00,24.97,24.97,24.19,24.78,30080
2018-07-27 07:00:00,25.15,25.15,24.32,24.78,15720
2018-07-30 07:00:00,24.78,25.01,24.46,24.78,26990
2018-07-31 07:00:00,25.24,25.24,24.32,24.78,28410
2018-08-01 07:00:00,25.24,26.48,24.32,26.48,209910
2018-08-02 07:00:00,26.8,27.4,26.48,26.94,123380
2018-08-03 07:00:00,26.94,27.03,26.44,26.53,20100
2018-08-06 07:00:00,26.53,26.53,25.24,26.3,25960
2018-08-07 07:00:00,25.61,26.39,25.56,26.16,29410
2018-08-08 07:00:00,26.16,26.16,25.61,26.11,56760
2018-08-09 07:00:00,26.99,26.99,25.7,26.57,41210
2018-08-10 07:00:00,26.57,26.62,25.88,26.53,15240
2018-08-13 07:00:00,26.94,26.94,26.02,26.53,46320
2018-08-14 07:00:00,26.62,26.62,26.25,26.44,37880
2018-08-15 07:00:00,26.62,26.62,26.25,26.48,34050
2018-08-16 07:00:00,26.48,26.53,25.88,26.48,40350
2018-08-17 07:00:00,26.62,26.62,26.11,26.53,32920
2018-08-20 07:00:00,26.94,27.54,26.66,27.35,69140
2018-08-21 07:00:00,26.62,27.26,26.62,26.66,30160
2018-08-22 07:00:00,26.66,27.35,26.48,26.48,72520
2018-08-23 07:00:00,27.03,27.03,26.3,26.85,12320
2018-08-24 07:00:00,26.25,26.85,26.25,26.85,47570
2018-08-27 07:00:00,27.31,27.31,26.39,26.71,16500
2018-08-28 07:00:00,26.8,26.8,26.34,26.62,20230
2018-08-29 07:00:00,26.25,26.62,26.21,26.3,14380
2018-08-30 07:00:00,26.3,26.39,26.02,26.39,29420
2018-08-31 07:00:00,25.93,26.62,25.88,26.44,42850
2018-09-04 07:00:00,25.7,26.71,25.47,26.53,91860
2018-09-05 07:00:00,26.53,26.53,25.7,26.48,16330
2018-09-06 07:00:00,25.7,26.53,25.7,26.39,51090
2018-09-07 07:00:00,26.3,26.39,25.88,26.39,14290
2018-09-10 07:00:00,26.39,26.39,26.07,26.39,5430
2018-09-11 07:00:00,26.34,26.53,26.3,26.39,58260
2018-09-12 07:00:00,26.39,27.08,26.39,26.99,30970
2018-09-13 07:00:00,27.26,27.26,26.57,26.85,45430
2018-09-14 07:00:00,26.66,26.85,26.62,26.8,25570
2018-09-17 07:00:00,26.62,26.62,26.39,26.57,17630
2018-09-18 07:00:00,26.16,26.71,26.16,26.62,18730
2018-09-19 07:00:00,26.94,27.77,26.62,27.49,236580
2018-09-20 07:00:00,28.46,28.46,27.49,27.49,193640
2018-09-21 07:00:00,27.54,27.54,26.85,27.31,35420
2018-09-24 07:00:00,27.08,27.31,26.3,26.3,143630
2018-09-25 07:00:00,26.16,27.03,26.02,26.85,188230
2018-09-26 07:00:00,27.03,27.03,26.39,26.71,111450
2018-09-27 07:00:00,26.62,27.08,26.3,26.3,127310
2018-09-28 07:00:00,26.62,26.66,26.16,26.16,156950
2018-10-01 07:00:00,26.16,26.39,25.7,25.7,79190
2018-10-02 07:00:00,25.7,26.07,25.47,25.56,72460
2018-10-03 07:00:00,25.47,25.7,24.83,24.83,211910
2018-10-04 07:00:00,24.78,25.15,24.6,24.78,153160
2018-10-05 07:00:00,25.47,25.47,24.69,24.74,100090
2018-10-08 07:00:00,24.74,25.24,24.69,25.2,52720
2018-10-09 07:00:00,25.24,25.47,25.15,25.33,29420
2018-10-10 07:00:00,25.15,25.15,24.51,24.69,123380
2018-10-11 07:00:00,24.32,24.32,22.99,23.22,249170
2018-10-12 07:00:00,22.3,24.83,22.3,24.83,100430
2018-10-15 07:00:00,24.78,24.78,23.82,24.1,45060
2018-10-16 07:00:00,24.1,24.23,22.49,24.05,7980
2018-10-17 07:00:00,24.05,24.23,22.99,23.96,27240
2018-10-18 07:00:00,24.0,24.0,23.22,23.73,45450
2018-10-19 07:00:00,23.73,23.73,22.99,23.5,47440
2018-10-22 07:00:00,23.77,23.77,22.99,23.41,65640
2018-10-23 07:00:00,23.18,23.41,22.72,22.95,47000
2018-10-24 07:00:00,23.32,23.32,22.67,22.72,46920
2018-10-25 07:00:00,22.49,22.49,21.14,22.49,80730
2018-10-26 07:00:00,22.03,22.58,21.8,22.08,36400
2018-10-29 07:00:00,22.26,22.26,21.85,22.08,33260
2018-10-30 07:00:00,21.11,22.3,21.11,22.03,37980
2018-10-31 07:00:00,22.03,22.86,22.03,22.03,18390
2018-11-01 07:00:00,22.03,22.03,21.16,21.16,39370
2018-11-02 07:00:00,21.16,21.16,19.96,20.52,71680
2018-11-05 07:00:00,20.52,21.25,20.52,21.2,37330
2018-11-06 07:00:00,21.34,21.34,20.93,21.2,35680
2018-11-07 07:00:00,21.48,21.48,21.09,21.2,24580
2018-11-08 07:00:00,21.2,21.57,21.02,21.57,122540
2018-11-09 07:00:00,21.59,21.8,21.11,21.2,76250
2018-11-12 07:00:00,21.2,21.2,20.65,20.65,19760
2018-11-13 07:00:00,20.42,20.88,20.19,20.61,52570
2018-11-14 07:00:00,20.65,20.81,20.19,20.56,43060
2018-11-15 07:00:00,20.15,20.56,19.5,19.83,88140
2018-11-16 07:00:00,19.96,20.01,19.55,19.55,59520
2018-11-19 07:00:00,20.06,20.06,19.55,19.6,27180
2018-11-20 07:00:00,19.6,19.74,19.41,19.64,42550
2018-11-21 07:00:00,19.55,19.64,19.37,19.64,17400
2018-11-22 07:00:00,19.64,19.92,19.6,19.74,9590
2018-11-23 07:00:00,20.15,20.15,19.55,19.55,12450
2018-11-26 07:00:00,19.55,19.87,19.5,19.5,34310
2018-11-27 07:00:00,19.74,19.74,19.32,19.32,16030
2018-11-28 07:00:00,19.32,19.64,19.18,19.32,17560
2018-11-29 07:00:00,19.18,19.74,19.18,19.18,30220
2018-11-30 07:00:00,19.18,19.5,19.05,19.37,14290
2018-12-03 07:00:00,19.92,19.92,19.23,19.55,18650
2018-12-04 07:00:00,19.64,19.64,19.46,19.5,35420
2018-12-05 07:00:00,19.64,19.64,19.23,19.55,20680
2018-12-06 07:00:00,19.64,20.74,19.55,20.29,59510
2018-12-07 07:00:00,20.65,20.84,20.29,20.74,83710
2018-12-10 07:00:00,20.74,21.02,20.74,21.02,23380
2018-12-11 07:00:00,21.11,21.25,20.74,20.97,15100
2018-12-12 07:00:00,20.97,20.97,19.55,20.74,34440
2018-12-13 07:00:00,20.88,21.07,20.47,20.84,42850
2018-12-14 07:00:00,20.84,21.02,20.42,20.84,125350
2018-12-17 07:00:00,20.84,20.84,20.33,20.74,123930
2018-12-18 07:00:00,19.78,20.56,19.78,20.4,25470
2018-12-19 07:00:00,19.92,20.42,19.92,20.42,102150
2018-12-20 07:00:00,20.61,21.2,20.52,20.74,171930
2018-12-21 07:00:00,20.74,21.02,20.65,20.88,30820
2018-12-24 07:00:00,20.97,20.97,20.24,20.7,16230
2018-12-25 07:00:00,20.56,20.65,19.5,20.61,80140
2018-12-26 07:00:00,20.61,20.65,20.01,20.61,34480
2018-12-27 07:00:00,21.02,21.02,19.78,19.78,29570
2018-12-28 07:00:00,19.96,20.45,19.74,19.96,58310
2019-01-02 07:00:00,19.96,19.96,19.39,19.96,39520
2019-01-03 07:00:00,19.46,19.96,19.41,19.83,32280
2019-01-04 07:00:00,19.83,19.96,19.28,19.74,26060
2019-01-07 07:00:00,19.41,20.42,19.28,20.19,120020
2019-01-08 07:00:00,20.29,20.29,19.64,19.96,6460
2019-01-09 07:00:00,20.06,20.06,19.64,19.96,4830
2019-01-10 07:00:00,19.96,19.96,19.6,19.74,13040
2019-01-11 07:00:00,19.74,19.83,19.48,19.74,31460
2019-01-14 07:00:00,19.74,19.74,19.46,19.74,8670
2019-01-15 07:00:00,19.5,19.92,19.37,19.46,14920
2019-01-16 07:00:00,19.8,19.87,19.5,19.87,8880
2019-01-17 07:00:00,19.87,19.87,19.55,19.83,2530
2019-01-18 07:00:00,19.55,19.74,19.5,19.74,29940
2019-01-21 07:00:00,19.85,20.15,19.69,20.12,28590
2019-01-22 07:00:00,20.12,20.19,19.74,20.12,9690
2019-01-23 07:00:00,20.1,21.3,20.1,20.84,68210
2019-01-24 07:00:00,20.84,20.88,20.56,20.56,23480
2019-01-25 07:00:00,20.79,21.11,20.56,20.65,49040
2019-01-28 07:00:00,20.97,21.94,20.65,21.8,101410
2019-01-29 07:00:00,21.8,22.08,20.56,21.66,164510
2019-01-30 07:00:00,21.78,21.78,20.42,20.97,90060
2019-01-31 07:00:00,22.35,22.35,21.26,21.43,34830
2019-02-01 07:00:00,21.43,22.01,20.92,21.43,21570
2019-02-11 07:00:00,21.43,22.35,20.92,21.46,36940
2019-02-12 07:00:00,21.26,21.69,21.26,21.46,26520
2019-02-13 07:00:00,21.46,21.72,21.2,21.55,28880
2019-02-14 07:00:00,21.6,22.29,21.49,22.29,103640
2019-02-15 07:00:00,22.46,22.69,22.29,22.58,111890
2019-02-18 07:00:00,22.41,22.92,22.06,22.52,87990
2019-02-19 07:00:00,22.24,22.41,21.78,22.06,135200
2019-02-20 07:00:00,21.6,22.29,21.6,21.83,24110
2019-02-21 07:00:00,21.78,21.78,21.2,21.43,55240
2019-02-22 07:00:00,21.43,21.69,20.92,21.6,92170
2019-02-25 07:00:00,21.72,22.01,20.92,21.6,190460
2019-02-26 07:00:00,21.09,21.6,20.74,21.38,102980
2019-02-27 07:00:00,20.8,21.38,20.8,21.32,48610
2019-02-28 07:00:00,20.97,21.32,20.69,21.12,85350
2019-03-01 07:00:00,21.18,21.18,20.63,20.92,45120
2019-03-04 07:00:00,20.69,21.03,20.69,20.97,49080
2019-03-05 07:00:00,20.92,21.32,20.74,21.09,91340
2019-03-06 07:00:00,21.2,21.78,21.09,21.66,53150
2019-03-07 07:00:00,21.78,21.95,21.4,21.6,31090
2019-03-08 07:00:00,21.2,21.49,21.15,21.2,33110
2019-03-11 07:00:00,21.2,21.32,20.97,21.2,25090
2019-03-12 07:00:00,21.15,21.2,21.09,21.2,36830
2019-03-13 07:00:00,21.06,21.2,21.03,21.18,40670
2019-03-14 07:00:00,21.03,21.38,20.97,21.09,53740
2019-03-15 07:00:00,21.09,21.18,20.69,21.03,60360
2019-03-18 07:00:00,21.2,21.38,21.09,21.15,30400
2019-03-19 07:00:00,21.32,22.01,21.15,22.01,199800
2019-03-20 07:00:00,22.01,22.64,21.95,22.35,192010
2019-03-21 07:00:00,22.52,22.72,22.29,22.29,146700
2019-03-22 07:00:00,22.06,22.06,21.55,21.66,77280
2019-03-25 07:00:00,21.58,21.58,20.92,21.43,66410
2019-03-26 07:00:00,21.43,21.49,21.06,21.49,39830
2019-03-27 07:00:00,21.66,21.66,21.2,21.2,34840
2019-03-28 07:00:00,21.2,21.38,21.12,21.38,11490
2019-03-29 07:00:00,21.23,21.49,21.2,21.38,10690
2019-04-01 07:00:00,21.2,21.78,21.2,21.2,24200
2019-04-02 07:00:00,21.38,21.72,21.2,21.38,38160
2019-04-03 07:00:00,21.38,21.66,21.03,21.35,32450
2019-04-04 07:00:00,21.35,21.6,21.2,21.43,78130
2019-04-05 07:00:00,21.43,21.6,20.8,21.35,163630
2019-04-08 07:00:00,21.2,22.84,21.03,21.95,187910
2019-04-09 07:00:00,21.95,22.35,21.55,21.55,105890
2019-04-10 07:00:00,21.35,22.18,21.26,21.89,97230
2019-04-11 07:00:00,22.03,22.18,21.83,21.89,52030
2019-04-12 07:00:00,21.89,21.89,21.55,21.55,38810
2019-04-16 07:00:00,21.55,21.55,21.2,21.55,73830
2019-04-17 07:00:00,21.38,21.63,21.06,21.2,56480
2019-04-18 07:00:00,21.2,21.4,20.63,20.63,82510
2019-04-19 07:00:00,20.94,21.06,20.63,20.83,32170
2019-04-22 07:00:00,20.83,20.83,19.97,19.97,134470
2019-04-23 07:00:00,19.57,20.2,19.57,20.11,25640
2019-04-24 07:00:00,20.26,20.43,20.26,20.4,26050
2019-04-25 07:00:00,20.46,20.46,20.11,20.29,15260
2019-04-26 07:00:00,20.34,20.34,20.09,20.09,17470
2019-05-02 07:00:00,20.34,20.34,19.89,20.11,33610
2019-05-03 07:00:00,20.03,20.06,19.86,19.94,7150
2019-05-06 07:00:00,19.54,20.06,19.54,19.77,28900
2019-05-07 07:00:00,19.77,20.0,19.48,19.77,25200
2019-05-08 07:00:00,19.48,19.66,19.43,19.66,21500
2019-05-09 07:00:00,19.71,19.71,19.37,19.48,16390
2019-05-10 07:00:00,19.48,19.91,19.31,19.48,22030
2019-05-13 07:00:00,19.48,19.77,19.48,19.48,29650
2019-05-14 07:00:00,19.48,19.48,19.37,19.48,38530
2019-05-15 07:00:00,19.48,19.77,19.37,19.77,28000
2019-05-16 07:00:00,20.09,20.09,19.71,19.77,9870
2019-05-17 07:00:00,19.66,19.77,19.31,19.68,31250
2019-05-20 07:00:00,19.48,19.8,19.48,19.71,48770
2019-05-21 07:00:00,19.68,19.71,19.54,19.71,29130
2019-05-22 07:00:00,19.03,19.83,19.03,19.03,73040
2019-05-23 07:00:00,19.03,19.03,18.28,18.28,91620
2019-05-24 07:00:00,18.11,18.11,17.48,17.59,148470
2019-05-27 07:00:00,17.76,17.88,17.36,17.71,52570
2019-05-28 07:00:00,17.71,17.76,17.59,17.71,23540
2019-05-29 07:00:00,17.91,17.91,17.25,17.59,52180
2019-05-30 07:00:00,17.48,17.59,17.02,17.48,97640
2019-05-31 07:00:00,17.48,17.48,17.11,17.19,68800
2019-06-03 07:00:00,17.19,17.36,16.9,17.19,74500
2019-06-04 07:00:00,17.14,17.19,16.79,16.79,46400
2019-06-05 07:00:00,16.79,16.9,16.39,16.65,42620
2019-06-06 07:00:00,16.85,16.85,16.22,16.62,30010
2019-06-07 07:00:00,16.62,16.73,16.33,16.73,39520
2019-06-10 07:00:00,16.73,17.02,16.73,16.9,14340
2019-06-11 07:00:00,16.62,17.02,16.62,16.93,21280
2019-06-12 07:00:00,16.9,16.93,16.73,16.9,23890
2019-06-13 07:00:00,17.08,17.08,16.76,16.88,22660
2019-06-14 07:00:00,17.08,17.08,16.65,16.88,13940
2019-06-17 07:00:00,16.96,17.19,16.39,16.73,74390
2019-06-18 07:00:00,16.76,16.76,16.05,16.05,49840
2019-06-19 07:00:00,16.5,16.59,16.1,16.5,118400
2019-06-20 07:00:00,16.56,16.56,16.39,16.53,44270
2019-06-21 07:00:00,16.68,16.79,16.56,16.68,27090
2019-06-24 07:00:00,16.85,16.85,16.45,16.62,23190
2019-06-25 07:00:00,16.79,16.79,16.62,16.62,18820
2019-06-26 07:00:00,16.62,16.7,16.62,16.62,25910
2019-06-27 07:00:00,16.62,16.73,16.62,16.62,32560
2019-06-28 07:00:00,16.62,16.68,16.45,16.62,19730
2019-07-01 07:00:00,16.68,16.68,16.39,16.65,25760
2019-07-02 07:00:00,16.73,16.73,16.65,16.65,5330
2019-07-03 07:00:00,16.62,16.68,16.62,16.68,9550
2019-07-04 07:00:00,16.68,16.7,16.62,16.62,14890
2019-07-05 07:00:00,16.65,16.96,16.65,16.79,23910
2019-07-08 07:00:00,16.82,16.85,16.79,16.85,5590
2019-07-09 07:00:00,16.96,16.96,16.79,16.9,7210
2019-07-10 07:00:00,16.9,16.96,16.73,16.76,16220
2019-07-11 07:00:00,16.76,16.85,16.56,16.62,15980
2019-07-12 07:00:00,16.73,16.73,16.62,16.73,26230
2019-07-15 07:00:00,16.73,16.9,16.62,16.85,29820
2019-07-16 07:00:00,17.08,18.02,17.08,18.02,61780
2019-07-17 07:00:00,18.8,18.8,18.4,18.48,77960
2019-07-18 07:00:00,18.48,18.57,18.11,18.34,32830
2019-07-19 07:00:00,18.45,18.45,18.11,18.22,37490
2019-07-22 07:00:00,18.22,18.22,17.76,18.11,27890
2019-07-23 07:00:00,18.22,18.28,17.85,18.11,54470
2019-07-24 07:00:00,18.11,18.17,17.48,17.48,47550
2019-07-25 07:00:00,18.05,18.05,17.65,17.71,9500
2019-07-26 07:00:00,17.59,17.82,17.54,17.54,15940
2019-07-29 07:00:00,18.05,18.05,17.31,17.54,28290
2019-07-30 07:00:00,17.54,17.54,17.39,17.48,29070
2019-07-31 07:00:00,17.48,17.48,17.22,17.48,27900
2019-08-01 07:00:00,17.62,17.68,17.48,17.68,16110
2019-08-02 07:00:00,17.65,17.79,17.36,17.36,32270
2019-08-05 07:00:00,17.48,17.48,17.19,17.31,17760
2019-08-06 07:00:00,16.68,17.31,16.62,17.19,44090
2019-08-07 07:00:00,16.68,17.25,16.9,17.19,23480
2019-08-08 07:00:00,16.9,17.19,16.9,17.19,43850
2019-08-09 07:00:00,17.19,17.25,16.9,17.19,35860
2019-08-12 07:00:00,17.19,17.19,16.79,17.08,46770
2019-08-13 07:00:00,16.73,17.14,16.73,17.08,36640
2019-08-14 07:00:00,17.19,17.19,17.02,17.08,9250
2019-08-15 07:00:00,17.08,17.08,16.68,16.9,11970
2019-08-16 07:00:00,16.93,16.96,16.79,16.79,13480
2019-08-19 07:00:00,16.68,16.9,16.68,16.85,11440
2019-08-20 07:00:00,16.85,16.85,16.62,16.79,37350
2019-08-21 07:00:00,16.9,16.9,16.62,16.73,26920
2019-08-22 07:00:00,16.85,16.85,16.33,16.73,13220
2019-08-23 07:00:00,16.82,16.82,16.56,16.79,14730
2019-08-26 07:00:00,16.76,16.79,16.62,16.68,11100
2019-08-27 07:00:00,16.79,16.79,16.62,16.73,8590
2019-08-28 07:00:00,16.73,16.73,16.48,16.62,9600
2019-08-29 07:00:00,16.39,16.62,16.39,16.62,11500
2019-08-30 07:00:00,16.62,16.82,16.45,16.68,13590
2019-09-03 07:00:00,16.45,16.62,16.45,16.62,7780
2019-09-04 07:00:00,16.45,16.62,16.33,16.59,14700
2019-09-05 07:00:00,16.59,16.62,16.59,16.59,10240
2019-09-06 07:00:00,16.59,16.62,16.36,16.59,8380
2019-09-09 07:00:00,16.39,16.62,16.33,16.33,9350
2019-09-10 07:00:00,16.33,16.39,16.22,16.39,4870
2019-09-11 07:00:00,16.42,16.45,16.22,16.45,11650
2019-09-12 07:00:00,16.16,16.5,16.16,16.45,14710
2019-09-13 07:00:00,16.39,16.53,16.22,16.45,8690
2019-09-16 07:00:00,16.5,16.62,16.45,16.62,14710
2019-09-17 07:00:00,16.56,16.82,16.5,16.62,6370
2019-09-18 07:00:00,16.76,16.76,16.45,16.59,13420
2019-09-19 07:00:00,16.39,16.62,16.33,16.62,17790
2019-09-20 07:00:00,16.73,16.73,16.5,16.62,3560
2019-09-23 07:00:00,16.62,16.62,16.56,16.62,9250
2019-09-24 07:00:00,16.56,16.59,16.16,16.56,12270
2019-09-25 07:00:00,16.56,16.59,16.33,16.56,8950
2019-09-26 07:00:00,16.56,16.62,16.5,16.62,10130
2019-09-27 07:00:00,16.62,16.85,16.56,16.85,13120
2019-09-30 07:00:00,16.62,16.9,16.62,16.85,10310
2019-10-01 07:00:00,16.85,16.85,16.62,16.62,6000
2019-10-02 07:00:00,16.62,16.62,16.33,16.62,2640
2019-10-03 07:00:00,16.39,16.79,16.39,16.62,13980
2019-10-04 07:00:00,16.62,16.68,16.56,16.62,15240
2019-10-07 07:00:00,16.88,16.88,16.62,16.62,310
2019-10-08 07:00:00,16.82,16.82,16.62,16.62,14650
2019-10-09 07:00:00,16.62,16.68,16.33,16.62,7700
2019-10-10 07:00:00,16.62,16.62,16.62,16.62,4420
2019-10-11 07:00:00,16.42,16.73,16.33,16.62,8200
2019-10-14 07:00:00,16.62,16.62,16.45,16.62,4540
2019-10-15 07:00:00,16.62,16.68,16.45,16.62,15610
2019-10-16 07:00:00,16.62,16.62,16.48,16.62,14860
2019-10-17 07:00:00,16.56,16.56,16.45,16.56,9750
2019-10-18 07:00:00,16.73,16.73,16.53,16.62,8620
2019-10-21 07:00:00,16.73,16.73,16.56,16.62,13330
2019-10-22 07:00:00,16.62,16.62,16.48,16.62,17590
2019-10-23 07:00:00,16.56,16.62,16.56,16.62,10730
2019-10-24 07:00:00,16.62,16.62,16.53,16.62,8620
2019-10-25 07:00:00,16.39,16.62,16.39,16.62,7290
2019-10-28 07:00:00,16.62,16.62,16.53,16.62,27950
2019-10-29 07:00:00,16.68,16.68,16.62,16.62,25710
2019-10-30 07:00:00,16.73,16.85,16.62,16.62,9960
2019-10-31 07:00:00,16.62,16.85,16.56,16.79,10890
2019-11-01 07:00:00,16.68,16.82,16.68,16.73,5910
2019-11-04 07:00:00,16.62,16.73,16.62,16.62,18070
2019-11-05 07:00:00,16.48,16.73,16.48,16.62,4510
2019-11-06 07:00:00,16.62,16.62,16.53,16.62,18560
2019-11-07 07:00:00,16.68,16.68,16.33,16.62,15530
2019-11-08 07:00:00,16.56,16.62,16.45,16.5,12280
2019-11-11 07:00:00,16.62,16.62,16.42,16.42,15850
2019-11-12 07:00:00,16.45,16.59,16.39,16.56,9090
2019-11-13 07:00:00,16.45,16.62,16.45,16.62,6140
2019-11-14 07:00:00,16.62,16.62,16.5,16.59,4790
2019-11-15 07:00:00,16.59,16.59,16.36,16.56,7350
2019-11-18 07:00:00,16.56,16.56,16.45,16.56,10930
2019-11-19 07:00:00,16.56,16.56,16.36,16.56,12290
2019-11-20 07:00:00,16.56,16.56,16.39,16.56,3360
2019-11-21 07:00:00,16.56,16.56,16.45,16.56,12300
2019-11-22 07:00:00,16.56,16.56,16.48,16.48,6250
2019-11-25 07:00:00,16.45,16.5,16.45,16.48,8060
2019-11-26 07:00:00,16.45,16.45,16.36,16.42,6280
2019-11-27 07:00:00,16.13,16.39,16.13,16.39,14000
2019-11-28 07:00:00,16.36,16.39,16.33,16.33,12450
2019-11-29 07:00:00,16.33,16.33,16.05,16.33,26770
2019-12-02 07:00:00,16.33,16.33,16.05,16.05,18880
2019-12-03 07:00:00,16.22,16.22,15.47,16.05,52630
2019-12-04 07:00:00,16.05,16.16,16.05,16.16,44000
2019-12-05 07:00:00,16.05,16.16,16.05,16.05,11340
2019-12-06 07:00:00,16.05,16.33,16.05,16.22,9900
2019-12-09 07:00:00,16.22,16.22,16.1,16.16,9850
2019-12-10 07:00:00,16.27,16.27,16.05,16.16,4600
2019-12-11 07:00:00,16.16,16.3,16.1,16.3,10840
2019-12-12 07:00:00,16.36,16.36,16.1,16.27,25770
2019-12-13 07:00:00,16.27,16.27,16.22,16.25,26980
2019-12-16 07:00:00,16.1,16.16,16.05,16.16,12280
2019-12-17 07:00:00,15.87,16.16,15.87,16.16,16980
2019-12-18 07:00:00,16.05,16.16,15.82,16.05,396720
2019-12-19 07:00:00,16.05,16.1,16.02,16.05,15140
2019-12-20 07:00:00,16.16,16.16,16.05,16.16,6650
2019-12-23 07:00:00,16.1,16.22,15.84,16.16,10640
2019-12-24 07:00:00,16.16,16.16,16.05,16.1,13660
2019-12-25 07:00:00,16.1,16.1,16.02,16.05,16950
2019-12-26 07:00:00,16.1,16.1,15.93,15.93,11960
2019-12-27 07:00:00,16.05,16.05,15.99,16.02,12200
2019-12-30 07:00:00,16.05,16.05,16.05,16.05,8000
2019-12-31 07:00:00,16.05,16.05,15.82,16.05,9400
2020-01-02 07:00:00,16.05,16.13,16.05,16.05,10170
2020-01-03 07:00:00,16.1,16.1,15.82,16.05,27030
2020-01-06 07:00:00,15.56,16.1,15.56,16.05,6350
2020-01-07 07:00:00,15.93,16.05,15.93,16.05,8550
2020-01-08 07:00:00,15.99,16.05,15.56,16.02,33090
2020-01-09 07:00:00,16.05,16.07,15.99,16.05,16080
2020-01-10 07:00:00,16.05,16.1,15.99,16.05,17460
2020-01-13 07:00:00,16.05,16.05,15.87,15.87,24920
2020-01-14 07:00:00,15.96,16.05,15.82,16.05,13660
2020-01-15 07:00:00,16.05,16.33,16.05,16.33,1610
2020-01-16 07:00:00,16.05,16.3,16.05,16.3,640
2020-01-17 07:00:00,16.1,16.13,15.93,16.05,1150
2020-01-20 07:00:00,16.05,16.19,15.99,16.05,10280
2020-01-21 07:00:00,16.19,16.19,15.93,15.93,1100
2020-01-22 07:00:00,16.05,16.05,15.87,15.93,11110
2020-01-30 07:00:00,16.27,16.27,15.9,15.99,24390
2020-01-31 07:00:00,16.31,16.31,14.88,15.95,21320
2020-02-03 07:00:00,16.06,16.06,14.88,15.74,32760
2020-02-04 07:00:00,15.74,15.77,15.74,15.74,5210
2020-02-05 07:00:00,15.74,15.74,15.6,15.74,13700
2020-02-06 07:00:00,15.74,15.74,15.67,15.74,14760
2020-02-07 07:00:00,15.6,15.74,15.52,15.67,13000
2020-02-10 07:00:00,15.67,15.74,15.67,15.74,2610
2020-02-11 07:00:00,15.67,15.74,15.06,15.74,12540
2020-02-12 07:00:00,15.74,15.74,15.45,15.74,5210
2020-02-13 07:00:00,15.74,15.74,15.67,15.67,7650
2020-02-14 07:00:00,15.67,15.67,15.52,15.63,10090
2020-02-17 07:00:00,15.67,15.67,15.52,15.63,6620
2020-02-18 07:00:00,15.63,15.63,15.52,15.6,7730
2020-02-19 07:00:00,15.6,15.67,15.45,15.6,4350
2020-02-20 07:00:00,15.49,15.6,15.42,15.6,12090
2020-02-21 07:00:00,15.42,15.6,15.38,15.6,23290
2020-02-24 07:00:00,15.56,15.56,15.38,15.38,7530
2020-02-25 07:00:00,15.24,15.45,15.24,15.38,4970
2020-02-26 07:00:00,15.17,15.31,15.17,15.31,3410
2020-02-27 07:00:00,15.45,15.52,15.06,15.52,7010
2020-02-28 07:00:00,15.06,15.38,14.77,14.77,20050
2020-03-02 07:00:00,14.45,14.7,14.45,14.59,4860
2020-03-03 07:00:00,14.59,15.02,14.31,14.34,14330
2020-03-04 07:00:00,14.34,14.59,14.31,14.31,2180
2020-03-05 07:00:00,14.45,14.45,14.31,14.45,12560
2020-03-06 07:00:00,14.45,14.66,14.31,14.52,8360
2020-03-09 07:00:00,14.31,14.31,13.52,13.66,57690
2020-03-10 07:00:00,12.95,13.81,12.95,13.66,21800
2020-03-11 07:00:00,13.66,13.66,13.23,13.23,16530
2020-03-12 07:00:00,12.95,12.95,12.34,12.73,61570
2020-03-13 07:00:00,12.16,12.3,11.88,12.23,131190
2020-03-16 07:00:00,12.38,13.06,12.38,13.06,53640
2020-03-17 07:00:00,13.06,13.95,13.06,13.95,57610
2020-03-18 07:00:00,13.95,14.92,13.95,14.92,117470
2020-03-19 07:00:00,14.88,14.88,13.95,14.31,80780
2020-03-20 07:00:00,13.81,14.16,13.74,14.16,29090
2020-03-23 07:00:00,13.23,13.27,13.2,13.2,28860
2020-03-24 07:00:00,12.3,14.09,12.3,14.09,228010
2020-03-25 07:00:00,14.66,14.66,14.13,14.16,85790
2020-03-26 07:00:00,14.31,14.63,14.09,14.09,98280
2020-03-27 07:00:00,13.95,14.16,13.81,14.13,59220
2020-03-30 07:00:00,13.16,13.81,13.16,13.63,51330
2020-03-31 07:00:00,13.74,14.16,13.34,13.95,108640
2020-04-01 07:00:00,13.95,14.45,13.95,14.24,162170
2020-04-03 07:00:00,14.31,14.88,14.24,14.45,62070
2020-04-06 07:00:00,14.59,15.17,14.59,15.17,117170
2020-04-07 07:00:00,15.31,16.1,15.17,16.02,221470
2020-04-08 07:00:00,16.1,16.45,15.88,16.31,354440
2020-04-09 07:00:00,16.7,16.7,16.27,16.31,490410
2020-04-10 07:00:00,16.35,16.45,15.67,16.24,250800
2020-04-13 07:00:00,16.1,16.42,16.1,16.31,313520
2020-04-14 07:00:00,16.31,16.52,16.31,16.38,684400
2020-04-15 07:00:00,16.52,16.81,16.42,16.45,639850
2020-04-16 07:00:00,16.67,16.74,16.38,16.45,509740
2020-04-17 07:00:00,16.45,16.6,16.24,16.35,722200
2020-04-20 07:00:00,16.35,16.45,15.95,16.38,409430
2020-04-21 07:00:00,16.1,16.52,15.74,16.31,640330
2020-04-22 07:00:00,15.95,16.45,15.95,16.31,506190
2020-04-23 07:00:00,15.95,16.52,15.95,16.38,796430
2020-04-24 07:00:00,16.38,16.45,16.2,16.38,590340
2020-04-27 07:00:00,16.31,16.42,16.17,16.17,774710
2020-04-28 07:00:00,16.02,16.52,15.74,16.31,409180
2020-04-29 07:00:00,16.45,16.45,16.1,16.45,196610
2020-05-04 07:00:00,16.38,16.45,16.1,16.45,30140
2020-05-05 07:00:00,16.38,16.52,16.38,16.38,30570
2020-05-06 07:00:00,16.45,17.53,16.45,17.53,170190
2020-05-07 07:00:00,18.6,18.6,17.67,18.21,51430
2020-05-08 07:00:00,17.53,18.46,17.28,17.6,44120
2020-05-11 07:00:00,16.95,17.45,16.77,16.95,26320
2020-05-12 07:00:00,16.95,17.17,16.88,16.92,27890
2020-05-13 07:00:00,16.81,16.81,16.1,16.38,44060
2020-05-14 07:00:00,16.38,16.6,16.1,16.45,35740
2020-05-15 07:00:00,16.7,16.81,16.31,16.45,20510
2020-05-18 07:00:00,16.45,16.45,16.1,16.42,30280
2020-05-19 07:00:00,16.42,16.67,16.35,16.35,18510
2020-05-20 07:00:00,16.24,16.38,15.95,16.02,45790
2020-05-21 07:00:00,16.06,16.1,15.74,15.74,38970
2020-05-22 07:00:00,15.74,16.02,15.67,15.67,29270
2020-05-25 07:00:00,15.7,16.45,15.7,16.45,26170
2020-05-26 07:00:00,16.45,16.45,16.02,16.1,18970
2020-05-27 07:00:00,15.88,16.1,15.67,15.67,67800
2020-05-28 07:00:00,15.45,15.99,14.66,15.99,20490
2020-05-29 07:00:00,15.99,15.99,15.27,15.74,24650
2020-06-01 07:00:00,15.74,15.99,15.38,15.67,52770
2020-06-02 07:00:00,15.67,15.95,15.67,15.67,70570
2020-06-03 07:00:00,15.67,15.74,15.38,15.6,19230
2020-06-04 07:00:00,15.67,15.81,15.56,15.56,27670
2020-06-05 07:00:00,15.56,15.56,15.09,15.52,92190
2020-06-08 07:00:00,15.74,15.74,15.52,15.67,74080
2020-06-09 07:00:00,15.42,15.74,15.42,15.45,29630
2020-06-10 07:00:00,15.74,15.74,15.34,15.52,28910
2020-06-11 07:00:00,15.34,15.52,15.02,15.02,38120
2020-06-12 07:00:00,14.02,15.38,14.02,15.38,40540
2020-06-15 07:00:00,15.38,15.38,14.59,15.02,40200
2020-06-16 07:00:00,15.31,15.31,14.74,15.02,18930
2020-06-17 07:00:00,14.59,15.17,14.59,15.02,40470
2020-06-18 07:00:00,15.02,15.09,14.74,15.09,53270
2020-06-19 07:00:00,15.38,15.38,14.95,15.24,17660
2020-06-22 07:00:00,15.09,15.24,14.95,15.17,29620
2020-06-23 07:00:00,15.17,15.17,14.95,15.02,30260
2020-06-24 07:00:00,15.02,15.31,14.99,14.99,23560
2020-06-25 07:00:00,14.31,14.92,14.31,14.88,44510
2020-06-26 07:00:00,14.92,15.09,14.88,14.92,12620
2020-06-29 07:00:00,14.56,14.59,14.16,14.31,37200
2020-06-30 07:00:00,14.31,14.31,14.2,14.2,26360
2020-07-01 07:00:00,13.74,14.31,13.74,14.31,23190
2020-07-02 07:00:00,14.31,14.31,14.2,14.24,8450
2020-07-03 07:00:00,14.59,14.66,14.31,14.31,11720
2020-07-06 07:00:00,14.52,14.66,14.31,14.66,9700
2020-07-07 07:00:00,14.66,14.66,14.49,14.49,25500
2020-07-08 07:00:00,14.63,14.66,14.38,14.42,11120
2020-07-09 07:00:00,14.38,14.66,14.31,14.66,27620
2020-07-10 07:00:00,14.66,14.66,14.42,14.56,8980
2020-07-13 07:00:00,14.31,14.52,14.31,14.38,18520
2020-07-14 07:00:00,14.38,14.45,14.31,14.45,6500
2020-07-15 07:00:00,14.45,14.45,14.31,14.31,26440
2020-07-16 07:00:00,14.31,14.56,14.31,14.31,14810
2020-07-17 07:00:00,14.45,14.45,14.31,14.38,8540
2020-07-20 07:00:00,14.38,14.38,14.24,14.31,8750
2020-07-21 07:00:00,14.31,14.49,14.24,14.31,8230
2020-07-22 07:00:00,14.38,14.49,14.31,14.42,23720
2020-07-23 07:00:00,14.31,14.31,14.31,14.31,620
2020-07-24 07:00:00,14.42,14.42,13.31,13.91,47600
2020-07-27 07:00:00,13.02,13.59,12.95,13.23,58150
2020-07-28 07:00:00,12.66,13.52,12.66,13.31,15050
2020-07-29 07:00:00,12.95,12.98,12.8,12.88,7670
2020-07-30 07:00:00,13.02,13.23,12.98,12.98,5830
2020-07-31 07:00:00,12.98,13.06,12.3,12.56,10280
2020-08-03 07:00:00,12.56,13.38,12.56,13.31,5880
2020-08-04 07:00:00,13.59,13.59,13.38,13.59,9480
2020-08-05 07:00:00,13.52,13.74,13.52,13.52,8980
2020-08-06 07:00:00,13.66,13.74,13.45,13.59,4810
2020-08-07 07:00:00,13.23,13.31,13.23,13.23,60290
2020-08-10 07:00:00,13.59,13.7,13.52,13.7,9730
2020-08-11 07:00:00,13.7,13.7,13.52,13.59,9910
2020-08-12 07:00:00,13.66,13.66,13.52,13.59,1830
2020-08-13 07:00:00,13.59,13.59,13.45,13.59,8580
2020-08-14 07:00:00,13.59,13.63,13.45,13.52,11510
2020-08-17 07:00:00,13.66,13.66,13.31,13.45,8780
2020-08-18 07:00:00,13.74,13.74,13.59,13.59,6460
2020-08-19 07:00:00,13.59,13.66,13.52,13.66,23690
2020-08-20 07:00:00,13.63,13.66,13.59,13.59,32790
2020-08-21 07:00:00,13.59,13.66,13.45,13.66,15640
2020-08-24 07:00:00,13.59,13.84,13.59,13.66,34890
2020-08-25 07:00:00,13.66,14.38,13.66,14.38,28310
2020-08-26 07:00:00,14.38,14.38,14.24,14.27,18130
2020-08-27 07:00:00,14.16,14.38,14.16,14.27,12640
2020-08-28 07:00:00,14.31,15.02,14.31,14.77,58480
2020-08-31 07:00:00,14.02,14.95,14.02,14.81,36170
2020-09-01 07:00:00,14.81,14.81,14.66,14.66,6680
2020-09-03 07:00:00,14.66,14.88,14.66,14.66,55460
2020-09-04 07:00:00,14.66,14.74,14.45,14.66,73190
2020-09-07 07:00:00,14.81,14.95,14.31,14.52,49890
2020-09-08 07:00:00,14.52,15.52,14.52,15.52,724050
2020-09-09 07:00:00,16.6,16.6,16.2,16.2,632640
2020-09-10 07:00:00,16.31,16.45,15.7,16.02,147340
2020-09-11 07:00:00,15.52,15.88,15.52,15.52,457040
2020-09-14 07:00:00,15.52,15.74,15.09,15.74,488520
2020-09-15 07:00:00,16.35,16.35,15.45,15.52,233590
2020-09-16 07:00:00,15.67,15.67,15.31,15.31,188240
2020-09-17 07:00:00,15.31,15.38,14.81,15.02,297960
2020-09-18 07:00:00,14.88,15.02,14.66,14.74,310780
2020-09-21 07:00:00,14.77,15.45,14.77,15.24,163150
2020-09-22 07:00:00,14.88,15.24,14.88,14.95,166010
2020-09-23 07:00:00,15.09,15.09,14.77,14.81,398150
2020-09-24 07:00:00,14.95,14.95,14.74,14.74,94170
2020-09-25 07:00:00,14.74,14.88,14.42,14.56,174230
2020-09-28 07:00:00,14.56,14.7,14.27,14.27,228820
2020-09-29 07:00:00,14.38,14.77,14.27,14.56,137130
2020-09-30 07:00:00,14.59,14.59,14.42,14.56,38710
2020-10-01 07:00:00,14.42,14.7,14.42,14.66,102710
2020-10-02 07:00:00,14.66,14.7,14.24,14.45,98240
2020-10-05 07:00:00,14.45,14.66,14.42,14.63,69770
2020-10-06 07:00:00,14.99,15.2,14.74,15.17,233750
2020-10-07 07:00:00,15.24,15.38,15.02,15.02,183230
2020-10-08 07:00:00,15.17,15.17,14.81,14.88,69430
2020-10-09 07:00:00,14.88,14.95,14.81,14.88,51570
2020-10-12 07:00:00,14.84,14.84,14.52,14.7,103350
2020-10-13 07:00:00,14.66,15.38,14.52,15.17,212430
2020-10-14 07:00:00,15.17,15.24,14.92,15.09,118830
2020-10-15 07:00:00,15.06,15.06,14.74,14.74,158540
2020-10-16 07:00:00,14.59,14.81,14.38,14.38,222140
2020-10-19 07:00:00,14.38,14.63,14.24,14.38,129360
2020-10-20 07:00:00,14.38,14.38,14.24,14.34,103460
2020-10-21 07:00:00,14.2,14.59,14.2,14.45,38280
2020-10-22 07:00:00,14.45,14.45,14.27,14.45,29880
2020-10-23 07:00:00,14.45,14.45,14.31,14.38,50730
2020-10-26 07:00:00,14.38,14.38,14.2,14.2,103140
2020-10-27 07:00:00,14.2,14.31,14.02,14.16,67760
2020-10-28 07:00:00,14.24,14.24,13.45,13.48,198040
2020-10-29 07:00:00,13.38,13.38,12.88,13.2,179420
2020-10-30 07:00:00,13.23,13.38,13.2,13.23,61270
2020-11-02 07:00:00,13.45,13.88,13.45,13.52,55680
2020-11-03 07:00:00,13.56,13.77,13.56,13.66,31310
2020-11-04 07:00:00,13.66,13.95,13.52,13.88,27840
2020-11-05 07:00:00,13.88,14.02,13.59,13.66,35750
2020-11-06 07:00:00,13.66,14.24,13.59,13.7,67760
2020-11-09 07:00:00,13.7,13.77,13.59,13.66,44250
2020-11-10 07:00:00,13.74,13.81,13.59,13.59,189510
2020-11-11 07:00:00,13.59,13.74,13.59,13.59,60940
2020-11-12 07:00:00,13.63,13.81,13.63,13.74,13900
2020-11-13 07:00:00,13.74,13.81,13.66,13.74,110900
2020-11-16 07:00:00,13.81,14.31,13.81,14.16,184450
2020-11-17 07:00:00,14.16,14.38,14.16,14.24,64820
2020-11-18 07:00:00,14.24,14.63,14.24,14.52,184690
2020-11-19 07:00:00,14.52,14.63,14.38,14.56,114340
2020-11-20 07:00:00,14.56,14.59,14.38,14.59,73880
2020-11-23 07:00:00,14.59,15.31,14.38,15.17,352750
2020-11-24 07:00:00,15.24,15.34,15.09,15.24,188470
2020-11-25 07:00:00,15.24,15.38,15.2,15.31,176220
2020-11-26 07:00:00,15.06,15.52,15.06,15.31,134360
2020-11-27 07:00:00,15.31,15.31,15.06,15.09,105520
2020-11-30 07:00:00,15.09,15.17,14.74,14.74,110460
2020-12-01 07:00:00,14.56,14.95,14.34,14.95,80100
2020-12-02 07:00:00,14.81,15.09,14.52,14.81,46820
2020-12-03 07:00:00,14.74,14.95,14.66,14.74,374410
2020-12-04 07:00:00,14.74,15.38,14.74,14.81,1685020
2020-12-07 07:00:00,15.02,15.38,14.74,15.02,900280
2020-12-08 07:00:00,15.02,16.06,14.88,16.06,1929250
2020-12-09 07:00:00,16.99,17.03,16.45,16.52,1192910
2020-12-10 07:00:00,16.38,16.88,16.24,16.24,1260610
2020-12-11 07:00:00,16.06,16.24,15.7,15.95,1809460
2020-12-14 07:00:00,15.99,16.88,15.99,16.42,1593410
2020-12-15 07:00:00,16.74,16.81,16.45,16.6,2321680
2020-12-16 07:00:00,16.67,17.74,16.67,17.74,5177740
2020-12-17 07:00:00,17.88,18.85,17.88,18.1,1557300
2020-12-18 07:00:00,18.24,19.35,18.1,19.35,1540870
2020-12-21 07:00:00,19.39,19.96,18.85,19.74,2640130
2020-12-22 07:00:00,19.67,20.82,19.46,20.57,2008340
2020-12-23 07:00:00,20.46,20.82,19.74,19.85,1661190
2020-12-24 07:00:00,20.0,20.0,18.6,19.35,1476500
2020-12-25 07:00:00,19.6,20.67,19.35,20.67,1875470
2020-12-28 07:00:00,21.82,22.1,21.18,22.1,2075070
2020-12-29 07:00:00,22.32,23.64,22.32,23.64,1852630
2020-12-30 07:00:00,23.64,23.82,23.04,23.25,1384000
2020-12-31 07:00:00,23.11,24.86,22.57,24.82,2316730
2021-01-04 07:00:00,25.32,26.47,24.68,24.68,1397000
2021-01-05 07:00:00,24.32,25.11,24.32,24.47,1631000
2021-01-06 07:00:00,24.68,24.75,23.61,24.47,2639800
2021-01-07 07:00:00,24.54,25.36,23.82,24.54,1988300
2021-01-08 07:00:00,24.86,25.11,24.11,24.32,1172700
2021-01-11 07:00:00,24.32,24.97,23.96,24.36,2127500
2021-01-12 07:00:00,24.39,24.47,23.96,24.36,1250300
2021-01-13 07:00:00,24.68,25.25,24.54,24.75,2434300
2021-01-14 07:00:00,24.82,26.25,24.75,25.57,2542500
2021-01-15 07:00:00,26.18,26.18,25.22,25.25,1131800
2021-01-18 07:00:00,25.25,25.25,23.96,24.39,1636000
2021-01-19 07:00:00,24.32,24.32,22.71,22.71,1628500
2021-01-20 07:00:00,22.75,22.75,21.14,22.18,2242100
2021-01-21 07:00:00,22.89,23.46,22.32,22.53,1842500
2021-01-22 07:00:00,22.89,23.04,22.18,22.46,1059200
2021-01-25 07:00:00,22.18,22.68,21.53,22.18,823500
2021-01-26 07:00:00,22.18,22.18,20.64,21.1,917200
2021-01-27 07:00:00,20.46,21.39,19.64,19.64,1130400
2021-01-28 07:00:00,18.28,18.28,18.28,18.28,591000
2021-01-29 07:00:00,17.03,18.64,17.03,18.24,1619600
2021-02-01 07:00:00,17.88,18.28,16.99,16.99,1314600
2021-02-02 07:00:00,16.81,17.6,16.38,17.45,1012000
2021-02-03 07:00:00,17.82,18.66,17.53,18.66,1175700
2021-02-04 07:00:00,18.84,19.57,18.33,18.99,1003400
2021-02-05 07:00:00,18.99,19.21,18.62,19.21,550800
2021-02-08 07:00:00,19.21,19.21,17.89,17.97,968700
2021-02-09 07:00:00,17.89,18.62,17.89,18.62,693200
2021-02-17 07:00:00,18.62,19.24,18.62,19.24,778900
2021-02-18 07:00:00,19.24,20.16,19.02,19.61,919600
2021-02-19 07:00:00,19.57,20.96,19.24,20.96,2077700
2021-02-22 07:00:00,20.96,21.84,20.82,20.96,1167600
2021-02-23 07:00:00,21.03,21.03,20.3,20.67,851300
2021-02-24 07:00:00,20.67,20.67,19.35,19.94,1461200
2021-02-25 07:00:00,19.94,20.08,19.35,19.72,871900
2021-02-26 07:00:00,19.24,19.94,19.21,19.72,677200
2021-03-01 07:00:00,20.01,20.67,19.72,20.52,840600
2021-03-02 07:00:00,20.67,20.78,20.01,20.16,567600
2021-03-03 07:00:00,20.16,20.56,19.94,20.16,615400
2021-03-04 07:00:00,20.16,20.45,18.77,19.57,644200
2021-03-05 07:00:00,19.35,19.54,18.77,19.17,831200
2021-03-08 07:00:00,19.5,19.72,18.99,19.24,706100
2021-03-09 07:00:00,19.24,20.3,18.99,20.01,1318900
2021-03-10 07:00:00,20.08,20.6,20.08,20.38,1279700
2021-03-11 07:00:00,20.74,21.03,20.41,20.56,1133500
2021-03-12 07:00:00,20.52,20.6,20.01,20.08,1028300
2021-03-15 07:00:00,20.16,20.52,19.72,20.12,655700
2021-03-16 07:00:00,20.12,20.23,19.57,20.08,800200
2021-03-17 07:00:00,20.16,20.52,20.08,20.41,966100
2021-03-18 07:00:00,20.74,21.84,20.52,21.84,3730500
2021-03-19 07:00:00,21.84,22.57,21.62,22.06,1568300
2021-03-22 07:00:00,22.28,22.28,21.4,21.73,1247700
2021-03-23 07:00:00,21.47,21.62,20.82,21.0,1595500
2021-03-24 07:00:00,20.45,21.0,19.72,20.3,1253700
2021-03-25 07:00:00,20.16,20.74,20.08,20.34,823400
2021-03-26 07:00:00,20.3,20.45,18.99,20.08,840000
2021-03-29 07:00:00,20.08,20.45,19.86,20.45,894700
2021-03-30 07:00:00,20.45,20.82,20.3,20.45,634700
2021-03-31 07:00:00,20.45,21.14,20.3,20.67,889500
2021-04-01 07:00:00,20.74,21.18,20.67,21.0,882800
2021-04-02 07:00:00,21.54,21.54,20.92,21.0,708800
2021-04-05 07:00:00,21.18,21.47,20.6,20.63,735800
2021-04-06 07:00:00,20.52,21.03,20.34,21.03,849200
2021-04-07 07:00:00,20.89,21.03,20.6,21.03,381800
2021-04-08 07:00:00,21.03,21.54,21.03,21.4,1493700
2021-04-09 07:00:00,21.51,22.2,21.4,21.98,2126100
2021-04-12 07:00:00,22.49,22.64,21.98,22.28,1837100
2021-04-16 07:00:00,22.64,22.93,20.23,20.6,2494518
2021-04-19 07:00:00,20.6,20.67,19.43,20.45,917150
2021-04-20 07:00:00,20.45,20.82,19.94,19.94,854045
2021-04-22 07:00:00,19.72,20.3,17.97,18.7,1284713
2021-04-23 07:00:00,18.7,19.43,18.18,19.43,899804
2021-04-26 07:00:00,19.5,19.57,18.26,18.26,572726
2021-04-27 07:00:00,18.4,18.92,17.89,18.92,565260
2021-04-28 07:00:00,18.7,18.92,18.4,18.7,371782
2021-04-29 07:00:00,18.7,19.35,18.48,18.62,354202
2021-05-04 07:00:00,18.62,18.62,17.53,18.18,413428
2021-05-05 07:00:00,18.4,18.77,18.04,18.33,875326
2021-05-06 07:00:00,18.33,18.99,18.33,18.33,705365
2021-05-07 07:00:00,18.33,18.7,17.89,18.11,623348
2021-05-10 07:00:00,18.11,18.7,17.53,17.97,1024433
2021-05-11 07:00:00,18.18,18.55,17.97,18.04,838400
2021-05-12 07:00:00,18.04,18.18,17.82,18.11,755127
2021-05-13 07:00:00,18.26,19.35,18.26,18.99,1850479
2021-05-14 07:00:00,18.99,19.94,18.99,19.28,1067726
2021-05-17 07:00:00,19.14,19.65,18.48,18.48,802450
2021-05-18 07:00:00,18.48,18.62,17.89,18.11,630444
2021-05-19 07:00:00,18.11,18.11,17.67,17.67,819366
2021-05-20 07:00:00,17.6,18.11,17.53,17.82,636944
2021-05-21 07:00:00,17.89,18.48,17.82,18.11,644377
2021-05-24 07:00:00,18.11,18.77,18.04,18.48,1031766
2021-05-25 07:00:00,18.62,18.77,18.26,18.26,595219
2021-05-26 07:00:00,18.26,18.62,18.04,18.18,631015
2021-05-27 07:00:00,18.18,18.33,17.89,17.89,758622
2021-05-28 07:00:00,17.89,18.33,17.75,18.18,912184
2021-05-31 07:00:00,17.97,19.35,17.82,18.92,1545980
2021-06-01 07:00:00,19.06,19.21,18.4,18.55,831203
2021-06-02 07:00:00,18.55,20.01,18.55,19.94,2989612
2021-06-03 07:00:00,19.94,20.67,19.65,19.86,1635319
2021-06-04 07:00:00,19.86,20.08,19.5,19.72,1387489
2021-06-07 07:00:00,20.08,20.82,19.72,20.74,3020695
2021-06-08 07:00:00,20.74,21.18,19.21,19.21,1297564
2021-06-09 07:00:00,19.21,20.01,18.99,19.79,1276222
2021-06-10 07:00:00,19.79,20.01,18.99,19.5,1292278
2021-06-11 07:00:00,19.5,19.94,19.5,19.65,1382205
2021-06-14 07:00:00,19.65,20.08,19.5,19.65,1109331
2021-06-15 07:00:00,19.65,20.38,19.57,19.94,1734040
2021-06-16 07:00:00,19.94,21.4,19.94,21.03,4055417
2021-06-17 07:00:00,21.03,21.54,20.45,21.47,2727937
2021-06-18 07:00:00,21.47,22.49,21.33,21.47,2686822
2021-06-21 07:00:00,21.47,21.76,20.89,21.03,2383771
2021-06-22 07:00:00,21.03,21.33,20.67,21.11,2343879
2021-06-23 07:00:00,21.11,21.33,19.72,20.52,1925396
2021-06-24 07:00:00,20.45,20.45,19.72,19.86,1701702
2021-06-25 07:00:00,19.86,20.45,19.5,20.38,1548418
2021-06-28 07:00:00,20.38,20.82,20.3,20.67,1514075
2021-06-29 07:00:00,20.67,20.82,20.23,20.38,1190899
2021-06-30 07:00:00,20.3,20.3,19.79,19.79,938189
2021-07-01 07:00:00,19.79,20.23,19.57,19.86,1245455
2021-07-02 07:00:00,19.86,20.08,19.5,19.57,1580551
2021-07-05 07:00:00,19.5,19.79,19.21,19.43,1255925
2021-07-06 07:00:00,19.5,19.57,17.67,17.67,2807261
2021-07-07 07:00:00,17.67,18.4,17.38,17.97,1311470
2021-07-08 07:00:00,17.97,18.18,17.6,17.6,941065
2021-07-09 07:00:00,17.89,17.89,16.73,17.53,1334181
2021-07-12 07:00:00,17.53,17.53,15.78,16.65,1993289
2021-07-13 07:00:00,16.65,16.94,16.21,16.58,649735
2021-07-14 07:00:00,16.73,17.09,16.07,16.94,882608
2021-07-15 07:00:00,16.87,17.82,16.73,17.75,940448
2021-07-16 07:00:00,17.75,17.89,17.45,17.89,571840
2021-07-19 07:00:00,17.89,17.89,16.21,17.16,1120859
2021-07-20 07:00:00,17.16,17.45,16.58,17.45,518985
2021-07-21 07:00:00,17.45,17.6,17.24,17.45,369943
2021-07-22 07:00:00,17.45,18.04,17.38,18.04,838082
2021-07-23 07:00:00,18.04,19.43,17.89,18.7,2445582
2021-07-26 07:00:00,18.7,19.65,18.26,19.57,1433542
2021-07-27 07:00:00,19.65,20.08,19.28,19.57,1499659
2021-07-28 07:00:00,19.57,19.94,18.84,19.5,1134510
2021-07-29 07:00:00,19.65,19.65,19.06,19.28,731310
2021-07-30 07:00:00,19.5,19.79,18.7,18.84,2316015
2021-08-02 07:00:00,18.84,19.5,18.62,18.7,1417509
2021-08-03 07:00:00,18.7,18.92,18.4,18.62,1101055
2021-08-04 07:00:00,18.62,18.84,18.33,18.48,1174782
2021-08-05 07:00:00,18.48,19.35,18.33,19.35,2033780
2021-08-06 07:00:00,19.35,20.89,18.99,20.3,4375345
2021-08-09 07:00:00,20.38,21.18,20.16,21.03,3403865
2021-08-10 07:00:00,21.11,21.76,20.82,21.47,3977950
2021-08-11 07:00:00,21.18,21.54,20.82,21.11,3633278
2021-08-12 07:00:00,21.11,23.15,20.82,22.64,4586681
2021-08-13 07:00:00,22.64,24.03,22.13,23.52,3442324
2021-08-16 07:00:00,23.52,24.03,22.64,23.59,2353153
2021-08-17 07:00:00,23.59,23.66,22.28,22.42,4144192
2021-08-18 07:00:00,22.42,23.22,22.13,22.42,2597169
2021-08-19 07:00:00,22.42,23.22,22.42,23.15,1535509
2021-08-20 07:00:00,23.01,23.15,20.89,21.25,4445660
2021-08-23 07:00:00,21.25,21.54,19.21,19.79,3010115
2021-08-24 07:00:00,19.72,20.3,18.99,19.65,2466665
2021-08-25 07:00:00,19.65,20.74,19.43,20.6,1254030
2021-08-26 07:00:00,20.6,20.96,20.08,20.16,1327862
2021-08-27 07:00:00,20.16,20.82,19.79,20.6,2080866
2021-09-07 07:00:00,21.54,21.98,21.25,21.44,3629400
2021-09-08 07:00:00,21.84,21.84,21.11,21.18,1255800
2021-09-09 07:00:00,21.4,21.4,20.96,21.29,1142200
2021-09-10 07:00:00,21.33,22.28,21.18,21.84,2975600
2021-09-13 07:00:00,21.69,21.8,21.11,21.14,1337600
2021-09-14 07:00:00,20.96,21.36,20.67,20.82,1049800
2021-09-15 07:00:00,20.67,21.54,20.41,21.14,1539100
2021-09-16 07:00:00,21.14,21.29,20.89,21.0,876000
2021-09-17 07:00:00,21.03,21.62,21.0,21.33,1667900
2021-09-20 07:00:00,21.58,21.62,20.67,20.67,1419500
2021-09-21 07:00:00,20.23,20.45,19.79,20.23,2990400
2021-09-22 07:00:00,20.23,21.07,19.83,20.56,1950500
2021-09-23 07:00:00,20.6,21.0,20.45,20.6,1206700
2021-09-24 07:00:00,20.45,20.63,20.23,20.45,1015700
2021-09-27 07:00:00,20.63,20.63,19.86,19.86,1134300
2021-09-28 07:00:00,19.57,20.16,19.5,19.98,1048800
2021-09-29 07:00:00,20.01,20.27,19.72,20.27,753800
2021-09-30 07:00:00,20.38,20.82,20.3,20.45,771100
2021-10-01 07:00:00,20.45,20.56,20.23,20.34,872000
2021-10-04 07:00:00,20.34,21.0,20.08,20.56,1510600
2021-10-05 07:00:00,20.85,20.96,20.6,20.63,1148100
2021-10-06 07:00:00,20.82,21.03,20.74,20.96,1204400
2021-10-07 07:00:00,21.18,22.42,21.0,22.42,8133400
2021-10-08 07:00:00,22.82,22.82,21.91,22.24,3021900
2021-10-11 07:00:00,22.38,22.64,21.76,22.13,2353300
2021-10-12 07:00:00,21.91,22.06,21.62,21.69,3672200
2021-10-13 07:00:00,21.84,22.42,21.69,21.76,3544200
2021-10-14 07:00:00,21.84,22.97,21.84,22.86,6920800
2021-10-15 07:00:00,22.93,23.7,22.64,23.26,7551800
2021-10-18 07:00:00,23.37,23.37,22.79,22.93,2995400
2021-10-19 07:00:00,22.64,22.71,21.91,22.24,4597700
2021-10-20 07:00:00,22.13,22.38,21.69,22.35,3273100
2021-10-21 07:00:00,22.38,22.49,21.87,22.35,2959900
2021-10-22 07:00:00,22.28,22.42,21.87,21.91,4508600
2021-10-25 07:00:00,21.91,22.42,21.84,21.91,3467700
2021-10-26 07:00:00,21.91,22.35,21.69,21.91,2451800
2021-10-27 07:00:00,21.98,22.24,21.54,21.91,5858300
2021-10-28 07:00:00,22.13,23.44,21.84,23.44,8175700
2021-10-29 07:00:00,23.74,24.39,23.26,23.66,7771200
2021-11-01 07:00:00,23.66,24.68,23.41,24.06,8127000
2021-11-02 07:00:00,23.59,24.58,23.48,24.25,6253200
2021-11-03 07:00:00,24.25,24.61,23.08,23.08,8674800
2021-11-04 07:00:00,22.64,24.25,22.2,24.1,21049900
2021-11-05 07:00:00,24.83,25.05,24.5,24.98,8537800
2021-11-08 07:00:00,25.2,25.93,24.76,25.16,7043900
2021-11-09 07:00:00,24.9,26.66,24.76,26.51,17759400
2021-11-10 07:00:00,27.1,28.34,26.77,28.26,11432200
2021-11-11 07:00:00,28.19,28.67,27.02,27.75,8840200
2021-11-12 07:00:00,27.46,28.19,27.02,28.19,10267200
2021-11-15 07:00:00,28.48,28.74,27.31,27.79,8054300
2021-11-16 07:00:00,27.31,27.75,26.73,27.02,10386400
2021-11-17 07:00:00,27.02,27.75,26.95,27.31,6695700
2021-11-18 07:00:00,27.31,29.21,27.31,29.21,12504200
2021-11-19 07:00:00,30.6,30.82,27.75,29.65,14209400
2021-11-22 07:00:00,29.29,30.24,27.79,27.9,8682500
2021-11-23 07:00:00,27.9,29.83,27.75,29.83,9770700
2021-11-24 07:00:00,30.53,31.77,29.94,30.34,9436800
2021-11-25 07:00:00,30.38,30.67,28.92,30.16,6744600
2021-11-26 07:00:00,30.16,30.16,29.25,29.36,8053000
2021-11-29 07:00:00,28.7,29.94,28.63,29.76,6065500
2021-11-30 07:00:00,30.16,30.89,29.29,29.5,6988500
2021-12-01 07:00:00,29.5,29.8,29.07,29.47,5021900
2021-12-02 07:00:00,29.8,30.6,29.47,30.16,6763900
2021-12-03 07:00:00,30.38,30.67,28.48,28.48,5889900
2021-12-06 07:00:00,28.48,29.03,26.51,26.58,8704400
2021-12-07 07:00:00,27.2,27.72,26.62,27.46,5075300
2021-12-08 07:00:00,27.72,27.75,27.24,27.28,2601200
2021-12-09 07:00:00,27.02,28.63,26.95,28.41,5189700
2021-12-10 07:00:00,28.48,28.63,27.83,27.9,3138300
2021-12-13 07:00:00,28.12,28.3,27.83,27.83,2785600
2021-12-14 07:00:00,27.83,28.04,27.46,27.46,3914900
2021-12-15 07:00:00,27.46,28.12,27.1,27.39,3278500
2021-12-16 07:00:00,27.5,27.61,26.95,27.02,3633000
2021-12-17 07:00:00,27.46,27.94,26.95,27.53,4617500
2021-12-20 07:00:00,27.75,28.7,27.68,28.45,5627900
2021-12-21 07:00:00,28.45,29.36,27.97,28.7,4643200
2021-12-22 07:00:00,28.99,29.25,28.34,28.34,5261100
2021-12-23 07:00:00,28.15,28.34,26.58,27.13,4810700
2021-12-24 07:00:00,27.2,27.75,27.2,27.39,2312500
2021-12-27 07:00:00,27.53,27.61,27.02,27.39,2357000
2021-12-28 07:00:00,27.42,28.04,27.42,27.64,3439200
2021-12-29 07:00:00,27.72,28.19,27.39,27.39,1838400
2021-12-30 07:00:00,27.39,28.37,27.39,28.08,2755800
2021-12-31 07:00:00,28.48,28.85,28.08,28.12,3991700
2022-01-04 07:00:00,28.15,28.81,28.15,28.63,3954200
2022-01-05 07:00:00,28.92,29.58,28.34,29.58,8062400
2022-01-06 07:00:00,29.87,30.09,29.21,29.21,4759600
2022-01-07 07:00:00,29.5,29.72,28.85,28.92,4697400
2022-01-10 07:00:00,28.92,28.92,27.53,27.53,7390200
2022-01-11 07:00:00,27.53,27.9,26.15,26.15,5301700
2022-01-12 07:00:00,25.78,26.4,24.68,25.56,7076100
2022-01-13 07:00:00,26.11,26.15,24.87,24.87,3572600
2022-01-14 07:00:00,24.47,24.94,24.32,24.54,3210000
2022-01-17 07:00:00,24.54,24.98,22.82,22.82,4755900
2022-01-18 07:00:00,22.24,22.75,21.33,21.91,4693600
2022-01-19 07:00:00,21.84,22.49,21.69,22.24,2155000
2022-01-20 07:00:00,22.24,23.3,21.91,22.86,1530100
2022-01-21 07:00:00,22.57,22.93,22.31,22.46,2065400
2022-01-24 07:00:00,22.46,22.46,20.89,20.89,3540200
2022-01-25 07:00:00,20.45,21.33,20.38,21.33,2436400
2022-01-26 07:00:00,21.47,21.69,20.89,21.22,1944000
2022-01-27 07:00:00,21.22,21.54,20.89,21.18,1213400
2022-01-28 07:00:00,21.25,21.29,20.82,21.18,1563400
2022-02-07 07:00:00,21.84,22.06,21.62,21.8,1435900
2022-02-08 07:00:00,21.8,22.79,21.76,22.49,1492200
2022-02-09 07:00:00,22.64,23.01,22.06,22.64,1107800
2022-02-10 07:00:00,22.75,22.79,22.38,22.53,1369300
2022-02-11 07:00:00,22.42,22.71,22.35,22.6,1436000
2022-02-14 07:00:00,22.28,22.49,21.98,21.98,1273700
2022-02-15 07:00:00,22.06,22.28,21.76,22.17,1051600
2022-02-16 07:00:00,22.28,23.3,22.28,23.3,2779400
2022-02-17 07:00:00,23.33,23.66,23.15,23.3,1776500
2022-02-18 07:00:00,23.04,23.44,22.93,23.12,1552200
2022-02-21 07:00:00,23.04,23.74,22.93,23.48,2941400
2022-02-22 07:00:00,23.04,24.06,23.04,23.63,2918800
2022-02-23 07:00:00,23.84,23.96,23.59,23.66,2532700
2022-02-24 07:00:00,23.52,23.92,22.13,23.01,3640100
2022-02-25 07:00:00,23.37,23.84,23.04,23.26,2675700
2022-02-28 07:00:00,23.59,24.43,23.37,24.06,3996800
2022-03-01 07:00:00,24.28,24.28,23.81,23.88,1719000
2022-03-02 07:00:00,23.74,24.14,23.55,23.59,2392900
2022-03-03 07:00:00,23.66,24.68,23.19,24.17,5012800
2022-03-04 07:00:00,24.47,24.47,24.1,24.1,1935300
2022-03-07 07:00:00,24.32,24.98,24.14,24.83,4739500
2022-03-08 07:00:00,24.72,25.16,24.1,24.1,3772300
2022-03-09 07:00:00,24.47,24.5,23.59,23.88,3052900
2022-03-10 07:00:00,24.1,24.43,23.77,23.77,2629900
2022-03-11 07:00:00,23.66,24.03,23.08,23.12,3002700
2022-03-14 07:00:00,23.01,23.22,22.13,22.38,2778600
2022-03-15 07:00:00,22.38,22.64,22.2,22.46,1635500
2022-03-16 07:00:00,22.64,22.79,22.49,22.49,1173300
2022-03-17 07:00:00,22.75,22.86,22.35,22.68,1692900
2022-03-18 07:00:00,22.64,23.15,22.6,22.75,1417800
2022-03-21 07:00:00,22.75,23.22,22.75,22.9,1505600
2022-03-22 07:00:00,23.01,23.26,22.86,23.08,2101700
2022-03-23 07:00:00,23.08,23.81,23.08,23.3,2085100
2022-03-24 07:00:00,23.3,23.74,23.22,23.3,1647700
2022-03-25 07:00:00,23.3,23.66,23.3,23.3,1665800
2022-03-28 07:00:00,23.22,23.74,23.01,23.66,3429400
2022-03-29 07:00:00,23.74,24.65,23.66,24.21,3624900
2022-03-30 07:00:00,24.1,24.39,23.52,23.52,2468500
2022-03-31 07:00:00,23.66,23.66,23.15,23.19,1664800
2022-04-01 07:00:00,22.75,23.44,22.71,23.3,2509000
2022-04-04 07:00:00,23.37,23.59,22.86,23.41,1994200
2022-04-05 07:00:00,23.3,23.74,23.3,23.44,1746000
2022-04-06 07:00:00,23.22,23.55,23.04,23.04,2211700
2022-04-07 07:00:00,23.41,23.63,23.04,23.08,2414000
2022-04-08 07:00:00,23.08,23.3,22.13,22.13,2307800
2022-04-12 07:00:00,22.28,22.49,21.18,21.44,2069900
2022-04-13 07:00:00,21.47,21.76,21.03,21.76,1518200
2022-04-14 07:00:00,21.87,22.17,21.62,21.62,1171000
2022-04-15 07:00:00,21.84,21.98,21.33,21.44,1400500
2022-04-18 07:00:00,21.44,21.65,20.49,20.6,1991800
2022-04-19 07:00:00,20.96,21.14,19.72,19.72,2116300
2022-04-20 07:00:00,19.43,19.94,19.21,19.21,2763900
2022-04-21 07:00:00,18.99,19.72,17.93,18.92,3007900
2022-04-22 07:00:00,19.32,19.57,18.26,18.62,1364200
2022-04-25 07:00:00,18.55,18.92,17.34,17.34,3110300
2022-04-26 07:00:00,16.91,18.26,16.73,18.26,2190600
2022-04-27 07:00:00,18.26,18.55,18.0,18.48,922800
2022-04-28 07:00:00,18.48,18.51,18.11,18.3,929800
2022-04-29 07:00:00,18.33,18.99,18.15,18.7,1238900
2022-05-04 07:00:00,18.99,19.68,18.73,19.43,1266700
2022-05-05 07:00:00,19.43,19.68,18.84,19.06,1402300
2022-05-06 07:00:00,18.62,19.1,18.18,18.18,1158800
2022-05-09 07:00:00,18.11,18.11,16.94,16.94,2372500
2022-05-10 07:00:00,16.07,17.53,16.03,17.31,1760900
2022-05-11 07:00:00,17.45,17.53,17.16,17.38,1099700
2022-05-12 07:00:00,17.16,17.31,16.18,16.18,1723400
2022-05-13 07:00:00,16.21,16.29,15.04,15.04,1973300
2022-05-16 07:00:00,15.34,15.7,14.32,14.32,1489600
2022-05-17 07:00:00,14.17,15.3,14.17,15.3,1817800
2022-05-18 07:00:00,15.63,15.99,15.3,15.34,874500
2022-05-19 07:00:00,14.75,15.7,14.75,15.34,1029000
2022-05-20 07:00:00,15.34,15.78,15.19,15.56,1307400
2022-05-23 07:00:00,15.88,15.92,14.64,15.23,1107300
2022-05-24 07:00:00,15.23,15.34,14.75,15.26,928200
2022-05-25 07:00:00,15.3,15.96,15.23,15.92,1685600
2022-05-26 07:00:00,16.36,16.4,16.03,16.21,1169300
2022-05-27 07:00:00,16.43,17.16,16.4,17.02,2051900
2022-05-30 07:00:00,17.09,17.38,16.94,16.94,1217300
2022-05-31 07:00:00,16.8,16.98,16.61,16.69,1137300
2022-06-01 07:00:00,16.4,17.09,16.4,16.98,1605600
2022-06-02 07:00:00,17.13,17.49,16.69,16.76,1610800
2022-06-03 07:00:00,16.8,16.8,16.36,16.54,1049000
2022-06-06 07:00:00,16.58,17.2,16.47,16.65,1552500
2022-06-07 07:00:00,16.73,17.78,16.73,17.78,4775300
2022-06-08 07:00:00,18.48,19.02,18.4,19.02,1805100
2022-06-09 07:00:00,19.35,19.61,18.62,18.7,2990500
2022-06-10 07:00:00,18.48,19.14,18.4,18.48,3348400
2022-06-13 07:00:00,17.82,18.11,17.2,17.31,3396900
2022-06-14 07:00:00,17.2,18.04,17.09,17.71,2436100
2022-06-15 07:00:00,17.97,18.15,17.02,17.45,2145300
2022-06-16 07:00:00,17.97,18.04,17.24,17.24,2066200
2022-06-17 07:00:00,16.8,17.02,16.03,16.03,3194000
2022-06-20 07:00:00,15.85,15.88,14.94,14.94,2991300
2022-06-21 07:00:00,14.46,15.3,14.02,14.17,2015000
2022-06-22 07:00:00,14.32,14.83,14.32,14.32,1366700
2022-06-23 07:00:00,14.61,15.12,14.46,15.08,927000
2022-06-24 07:00:00,15.34,15.52,15.04,15.04,1278400
2022-06-27 07:00:00,15.3,15.45,15.01,15.45,1189300
2022-06-28 07:00:00,15.34,15.81,15.34,15.41,1481700
2022-06-29 07:00:00,15.26,15.63,14.97,15.3,1393500
2022-06-30 07:00:00,15.45,15.92,15.08,15.12,1448800
2022-07-01 07:00:00,15.12,15.3,14.46,15.04,1401100
2022-07-04 07:00:00,15.12,15.59,15.12,15.26,1076100
2022-07-05 07:00:00,15.15,15.41,14.61,14.68,1217900
2022-07-06 07:00:00,14.61,14.97,14.46,14.46,1049500
2022-07-07 07:00:00,14.57,14.61,14.24,14.46,843900
2022-07-08 07:00:00,14.83,15.15,14.61,14.97,756000
2022-07-11 07:00:00,14.83,15.41,14.83,15.04,1066700
2022-07-12 07:00:00,15.12,15.92,15.12,15.92,2098100
2022-07-13 07:00:00,15.81,16.32,15.7,15.85,1410200
2022-07-14 07:00:00,15.7,16.07,15.63,16.03,1417800
2022-07-15 07:00:00,16.03,16.54,15.88,16.18,2197700
2022-07-18 07:00:00,16.29,16.94,16.29,16.36,1219900
2022-07-19 07:00:00,16.29,16.65,16.21,16.32,1051700
2022-07-20 07:00:00,16.51,16.73,16.43,16.58,1464600
2022-07-21 07:00:00,16.58,16.73,16.25,16.29,1102500
2022-07-22 07:00:00,16.36,16.65,16.29,16.29,1004300
2022-07-25 07:00:00,16.18,16.43,15.85,15.85,1106900
2022-07-26 07:00:00,15.78,15.99,15.74,15.78,610300
2022-07-27 07:00:00,15.7,16.32,15.63,16.32,974600
2022-07-28 07:00:00,16.65,17.02,16.51,16.69,2426900
2022-07-29 07:00:00,17.02,17.02,16.65,16.69,1295300
2022-08-01 07:00:00,17.02,17.31,16.87,17.31,1749500
2022-08-02 07:00:00,17.31,17.67,17.24,17.53,2401500
2022-08-03 07:00:00,17.42,17.57,17.31,17.53,1756100
2022-08-04 07:00:00,17.6,17.89,17.31,17.42,1453700
2022-08-05 07:00:00,17.38,17.53,17.24,17.42,946700
2022-08-08 07:00:00,17.53,17.67,17.27,17.57,1124200
2022-08-09 07:00:00,17.6,18.18,17.57,17.97,2685100
2022-08-10 07:00:00,17.82,17.97,17.6,17.75,1041500
2022-08-11 07:00:00,17.97,17.97,16.98,17.24,1977400
2022-08-12 07:00:00,17.16,17.45,16.94,17.31,1493200
2022-08-15 07:00:00,17.49,17.6,17.27,17.34,974300
2022-08-16 07:00:00,17.38,17.42,17.24,17.27,953400
2022-08-17 07:00:00,17.24,17.49,17.05,17.16,1409200
2022-08-18 07:00:00,17.02,17.42,16.98,17.09,989700
2022-08-19 07:00:00,17.13,17.42,16.61,16.61,1488300
2022-08-22 07:00:00,16.54,16.73,16.43,16.58,863700
2022-08-23 07:00:00,16.43,16.94,16.43,16.94,862900
2022-08-24 07:00:00,16.94,18.11,16.94,18.11,4464100
2022-08-25 07:00:00,18.4,18.73,18.0,18.0,2509300
2022-08-26 07:00:00,18.11,18.18,17.6,17.67,1895700
2022-08-29 07:00:00,17.2,18.26,16.73,18.26,3864300
2022-08-30 07:00:00,18.55,18.92,18.18,18.22,3418800
2022-08-31 07:00:00,18.4,18.59,18.18,18.55,2610400
2022-09-05 07:00:00,18.73,19.21,18.55,19.14,3652300
2022-09-06 07:00:00,19.02,19.32,18.84,18.84,2342900
2022-09-07 07:00:00,18.77,18.88,17.75,17.93,3649400
2022-09-08 07:00:00,18.04,18.18,17.45,17.45,2457200
2022-09-09 07:00:00,17.64,17.89,17.31,17.89,1564700
2022-09-12 07:00:00,18.26,18.7,18.18,18.3,2979400
2022-09-13 07:00:00,18.55,19.57,18.55,19.43,6495900
2022-09-14 07:00:00,19.21,19.65,18.95,19.43,3640800
2022-09-15 07:00:00,19.68,19.86,19.17,19.28,2003700
2022-09-16 07:00:00,19.21,19.94,19.14,19.43,4166100
2022-09-19 07:00:00,19.54,20.19,19.14,19.43,5359100
2022-09-20 07:00:00,19.65,19.83,18.26,19.02,4807000
2022-09-21 07:00:00,18.84,19.46,18.55,18.95,2292500
2022-09-22 07:00:00,19.17,19.65,19.14,19.35,3056100
2022-09-23 07:00:00,19.54,19.86,18.99,18.99,2699200
2022-09-26 07:00:00,18.7,19.35,18.3,18.92,5065400
2022-09-27 07:00:00,19.06,19.24,18.66,18.66,1668200
2022-09-28 07:00:00,18.55,18.62,17.38,17.38,6055200
2022-09-29 07:00:00,17.42,17.64,16.18,16.18,3819800
2022-09-30 07:00:00,15.88,16.47,15.15,16.29,3191500
2022-10-03 07:00:00,16.36,16.36,15.15,15.15,2222900
2022-10-04 07:00:00,15.34,15.48,14.61,14.86,2741800
2022-10-05 07:00:00,15.26,15.59,15.19,15.48,1295400
2022-10-06 07:00:00,15.48,15.7,14.53,14.53,1567600
2022-10-07 07:00:00,14.28,14.46,13.55,13.55,2756000
2022-10-10 07:00:00,13.58,14.2,13.07,13.91,2095300
2022-10-11 07:00:00,13.91,14.13,12.96,12.96,2804400
2022-10-12 07:00:00,13.15,13.8,13.07,13.66,1822600
2022-10-13 07:00:00,13.66,13.91,13.44,13.88,1126700
2022-10-14 07:00:00,14.46,14.68,14.1,14.35,1817400
2022-10-17 07:00:00,14.24,14.35,13.62,14.28,1710100
2022-10-18 07:00:00,14.42,14.64,14.28,14.32,1832600
2022-10-19 07:00:00,14.46,14.46,14.02,14.1,844400
2022-10-20 07:00:00,14.1,14.28,13.91,14.02,1658600
2022-10-21 07:00:00,14.02,14.02,13.07,13.07,2414100
2022-10-24 07:00:00,13.07,13.4,12.42,12.42,2487400
2022-10-25 07:00:00,12.56,13.11,11.98,12.78,2026900
2022-10-26 07:00:00,12.78,13.66,12.78,13.15,2413000
2022-10-27 07:00:00,13.15,13.84,13.11,13.84,1515000
2022-10-28 07:00:00,14.06,14.06,13.36,13.36,1527800
2022-10-31 07:00:00,13.44,13.66,12.89,13.29,1531200
2022-11-01 07:00:00,13.51,13.77,13.36,13.58,1144200
2022-11-02 07:00:00,13.73,14.2,13.62,13.73,2247400
2022-11-03 07:00:00,13.69,14.06,13.58,13.8,1692900
2022-11-04 07:00:00,13.73,13.8,12.96,13.18,1916100
2022-11-07 07:00:00,13.22,13.29,12.27,12.27,2174600
2022-11-08 07:00:00,12.2,12.64,11.76,12.64,1383200
2022-11-09 07:00:00,12.71,12.96,12.49,12.49,1116200
2022-11-10 07:00:00,12.34,12.42,11.65,11.65,2116700
2022-11-11 07:00:00,11.8,11.9,10.84,10.84,3114200
2022-11-14 07:00:00,10.12,10.22,10.12,10.12,2584300
2022-11-15 07:00:00,9.42,9.86,9.42,9.42,3006100
2022-11-16 07:00:00,8.76,10.08,8.76,10.08,5785300
2022-11-17 07:00:00,10.37,10.55,10.01,10.48,2076400
2022-11-18 07:00:00,10.22,10.59,9.75,10.12,6681200
2022-11-21 07:00:00,10.26,10.81,10.19,10.48,2676200
2022-11-22 07:00:00,10.48,10.96,10.22,10.22,2632900
2022-11-23 07:00:00,10.22,10.37,9.53,9.57,2565300
2022-11-24 07:00:00,9.57,9.82,9.24,9.6,2104300
2022-11-25 07:00:00,9.79,10.26,9.79,10.26,2005900
2022-11-28 07:00:00,10.66,10.96,10.59,10.96,3111000
2022-11-29 07:00:00,11.03,11.28,10.59,11.25,4114000
2022-11-30 07:00:00,11.47,11.47,11.03,11.32,3235200
2022-12-01 07:00:00,11.58,11.94,11.14,11.25,3734900
2022-12-02 07:00:00,11.06,11.76,10.92,11.76,3028600
2022-12-05 07:00:00,12.09,12.2,11.8,11.98,4167900
2022-12-06 07:00:00,11.76,12.64,11.47,11.76,5724600
2022-12-07 07:00:00,11.65,12.05,11.14,11.17,2807000
2022-12-08 07:00:00,11.36,11.8,11.25,11.36,2618800
2022-12-09 07:00:00,11.5,11.54,11.03,11.47,1845100
2022-12-12 07:00:00,11.68,12.05,11.32,11.47,3076600
2022-12-13 07:00:00,11.47,11.68,11.17,11.68,1967700
2022-12-14 07:00:00,11.94,12.12,11.8,12.05,2929400
2022-12-15 07:00:00,12.01,12.71,12.01,12.23,2924600
2022-12-16 07:00:00,12.05,12.42,11.94,12.16,2006500
2022-12-19 07:00:00,12.16,12.56,12.16,12.2,3474600
2022-12-20 07:00:00,12.05,12.16,11.61,11.83,3076400
2022-12-21 07:00:00,11.94,11.94,11.21,11.47,2204800
2022-12-22 07:00:00,11.61,11.68,11.32,11.5,867500
2022-12-23 07:00:00,11.47,11.54,11.32,11.43,591600
2022-12-26 07:00:00,11.43,11.5,10.66,10.66,1744200
2022-12-27 07:00:00,10.59,11.17,10.48,11.17,1533300
2022-12-28 07:00:00,11.28,11.28,10.96,11.1,827600
2022-12-29 07:00:00,11.03,11.21,10.96,10.99,918900
2022-12-30 07:00:00,10.99,11.1,10.92,10.92,894800
2023-01-03 07:00:00,10.92,11.61,10.92,11.61,1332800
2023-01-04 07:00:00,11.65,11.87,11.58,11.58,1118000
2023-01-05 07:00:00,11.54,11.98,11.54,11.72,1400500
2023-01-06 07:00:00,11.76,12.05,11.68,11.72,1799400
2023-01-09 07:00:00,11.83,12.05,11.68,11.76,1495400
2023-01-10 07:00:00,11.72,11.9,11.61,11.87,1273200
2023-01-11 07:00:00,11.9,12.2,11.9,12.12,1697100
2023-01-12 07:00:00,12.09,12.38,11.94,12.05,1601700
2023-01-13 07:00:00,12.2,12.2,11.76,11.8,1419800
2023-01-16 07:00:00,11.83,11.98,11.68,11.83,950100
2023-01-17 07:00:00,11.83,12.09,11.83,12.01,1781000
2023-01-18 07:00:00,12.05,12.56,12.01,12.42,3644700
2023-01-19 07:00:00,12.34,12.49,12.2,12.34,1510300
2023-01-27 07:00:00,12.42,12.71,12.34,12.52,2423000
2023-01-30 07:00:00,12.56,13.07,12.38,12.64,2641600
2023-01-31 07:00:00,12.64,12.71,12.42,12.71,1754600
2023-02-01 07:00:00,12.82,13.0,11.94,11.94,4044700
2023-02-02 07:00:00,12.05,12.23,11.68,11.94,1906400
2023-02-03 07:00:00,11.98,12.09,11.68,11.76,1154100
2023-02-06 07:00:00,11.68,11.98,11.65,11.87,846900
2023-02-07 07:00:00,11.98,11.98,11.43,11.47,1724200
2023-02-08 07:00:00,11.58,11.61,11.32,11.54,897800
2023-02-09 07:00:00,11.47,11.9,11.47,11.8,1044400
2023-02-10 07:00:00,11.9,12.09,11.61,11.61,850000
2023-02-13 07:00:00,11.36,11.54,10.96,11.25,1642000
2023-02-14 07:00:00,11.25,11.43,11.1,11.17,479600
2023-02-15 07:00:00,11.14,11.54,11.14,11.32,908300
2023-02-16 07:00:00,11.47,11.76,11.32,11.68,774300
2023-02-17 07:00:00,11.65,11.9,11.58,11.58,727300
2023-02-20 07:00:00,11.83,12.05,11.68,12.05,1208500
2023-02-21 07:00:00,12.16,12.2,11.83,11.87,1476900
2023-02-22 07:00:00,11.72,12.23,11.58,11.76,2076400
2023-02-23 07:00:00,11.76,12.01,11.5,11.87,1217200
2023-02-24 07:00:00,11.98,11.98,11.68,11.76,1086700
2023-02-27 07:00:00,11.54,11.72,11.39,11.39,948200
2023-02-28 07:00:00,11.61,11.61,11.28,11.39,955400
2023-03-01 07:00:00,11.39,11.61,11.28,11.61,958400
2023-03-02 07:00:00,11.61,11.87,11.61,11.87,1244900
2023-03-03 07:00:00,11.94,12.01,11.72,11.72,829000
2023-03-06 07:00:00,11.83,11.98,11.72,11.72,1408600
2023-03-07 07:00:00,11.83,11.87,11.65,11.72,780600
2023-03-08 07:00:00,11.61,11.83,11.5,11.83,853300
2023-03-09 07:00:00,11.98,12.27,11.87,12.2,3051200
2023-03-10 07:00:00,12.05,12.34,12.05,12.27,1827400
2023-03-13 07:00:00,12.05,12.2,11.98,12.12,1544700
2023-03-14 07:00:00,12.12,12.16,11.47,11.61,2645900
2023-03-15 07:00:00,11.87,12.09,11.8,12.05,1697400
2023-03-16 07:00:00,11.83,11.98,11.76,11.8,887300
2023-03-17 07:00:00,11.98,11.98,11.76,11.9,1175400
2023-03-20 07:00:00,11.87,11.9,11.58,11.58,1194500
2023-03-21 07:00:00,11.68,11.76,11.5,11.61,1081400
2023-03-22 07:00:00,11.76,11.83,11.68,11.68,538600
2023-03-23 07:00:00,11.61,11.98,11.58,11.9,1304100
2023-03-24 07:00:00,11.94,12.01,11.83,11.94,1133300
2023-03-27 07:00:00,11.98,12.27,11.94,12.12,1243300
2023-03-28 07:00:00,12.27,12.31,12.12,12.16,1692400
2023-03-29 07:00:00,12.2,12.2,11.98,12.01,1092200
2023-03-30 07:00:00,12.16,12.27,12.09,12.23,1690600
2023-03-31 07:00:00,12.27,12.27,12.16,12.2,788100
2023-04-03 07:00:00,12.31,12.71,12.31,12.67,3019700
2023-04-04 07:00:00,12.67,12.74,12.6,12.67,1475000
2023-04-05 07:00:00,12.71,12.85,12.64,12.71,1631600
2023-04-06 07:00:00,12.78,12.93,12.42,12.67,3293100
2023-04-07 07:00:00,12.67,12.78,12.49,12.78,1797100
2023-04-10 07:00:00,13.11,13.22,12.85,13.0,2247600
2023-04-11 07:00:00,13.22,13.29,12.93,13.18,2102600
2023-04-12 07:00:00,13.22,13.22,12.93,13.0,1464100
2023-04-13 07:00:00,13.0,13.11,12.85,12.96,1597300
2023-04-14 07:00:00,13.0,13.62,13.0,13.26,3374700
2023-04-17 07:00:00,13.15,13.55,13.15,13.33,1349000
2023-04-18 07:00:00,13.33,13.36,13.18,13.26,991800
2023-04-19 07:00:00,13.36,13.36,13.11,13.33,1382200
2023-04-20 07:00:00,13.44,13.88,13.33,13.44,2202500
2023-04-21 07:00:00,13.48,13.51,13.18,13.22,1016200
2023-04-24 07:00:00,13.36,13.48,13.04,13.15,992500
2023-04-25 07:00:00,13.15,13.26,12.89,12.89,1116000
2023-04-26 07:00:00,12.89,13.29,12.82,13.29,1212800
2023-04-27 07:00:00,13.48,13.84,13.44,13.55,1817700
2023-04-28 07:00:00,13.66,13.69,13.44,13.58,1242300
2023-05-04 07:00:00,13.4,13.44,13.26,13.26,1133400
2023-05-05 07:00:00,13.22,13.4,13.15,13.29,1189700
2023-05-08 07:00:00,13.48,13.51,13.29,13.51,872400
2023-05-09 07:00:00,13.62,13.62,13.33,13.51,660700
2023-05-10 07:00:00,13.51,13.51,13.36,13.4,1135300
2023-05-11 07:00:00,13.4,13.51,13.36,13.36,916100
2023-05-12 07:00:00,13.36,13.44,13.22,13.29,1567600
2023-05-15 07:00:00,13.48,13.48,13.07,13.15,1375100
2023-05-16 07:00:00,13.15,13.36,13.07,13.36,1371200
2023-05-17 07:00:00,13.36,13.36,13.0,13.0,727100
2023-05-18 07:00:00,13.15,13.22,12.85,12.85,901800
2023-05-19 07:00:00,12.85,13.07,12.85,12.93,903400
2023-05-22 07:00:00,12.96,13.15,12.93,13.0,1266500
2023-05-23 07:00:00,13.0,13.18,13.0,13.04,708800
2023-05-24 07:00:00,13.11,13.15,12.89,12.93,842800
2023-05-25 07:00:00,13.0,13.26,12.89,13.22,1918500
2023-05-26 07:00:00,13.26,13.33,13.07,13.07,1419500
2023-05-29 07:00:00,13.29,13.29,13.15,13.26,1327300
2023-05-30 07:00:00,13.29,13.48,13.26,13.33,1772400
2023-05-31 07:00:00,13.36,13.51,13.36,13.44,1611800
2023-06-01 07:00:00,13.44,13.66,13.36,13.4,1737500
2023-06-02 07:00:00,13.51,13.55,13.36,13.44,1524500
2023-06-05 07:00:00,13.58,13.69,13.33,13.62,2780000
2023-06-06 07:00:00,13.73,13.99,13.66,13.91,3497600
2023-06-07 07:00:00,13.91,13.99,13.69,13.8,1929200
2023-06-08 07:00:00,13.88,14.02,13.29,13.4,2673100
2023-06-09 07:00:00,13.44,13.51,13.22,13.48,2181200
2023-06-12 07:00:00,13.58,13.58,13.26,13.44,1286900
2023-06-13 07:00:00,13.51,13.62,13.36,13.44,1326800
2023-06-14 07:00:00,13.48,13.69,13.4,13.58,2251600
2023-06-15 07:00:00,13.44,13.95,13.44,13.8,2610800
2023-06-16 07:00:00,13.88,14.02,13.66,13.66,2594900
2023-06-19 07:00:00,13.69,13.73,13.51,13.51,972700
2023-06-20 07:00:00,13.58,13.62,13.51,13.62,825200
2023-06-21 07:00:00,13.73,13.95,13.51,13.95,2651400
2023-06-22 07:00:00,14.13,14.35,14.02,14.28,3376100
2023-06-23 07:00:00,14.24,14.83,14.24,14.68,4033300
2023-06-26 07:00:00,14.68,14.75,14.24,14.57,3056600
2023-06-27 07:00:00,14.64,14.68,14.35,14.5,1176800
2023-06-28 07:00:00,14.5,14.68,14.39,14.42,1089700
2023-06-29 07:00:00,14.42,15.04,14.35,14.64,3098600
2023-06-30 07:00:00,14.61,14.75,14.39,14.39,1080300
2023-07-03 07:00:00,14.61,14.9,14.5,14.79,1106600
2023-07-04 07:00:00,14.86,15.19,14.72,15.04,2381600
2023-07-05 07:00:00,15.12,15.19,14.79,14.97,2232400
2023-07-06 07:00:00,15.04,15.04,14.53,14.61,1856000
2023-07-07 07:00:00,14.61,14.9,14.46,14.9,1589300
2023-07-10 07:00:00,14.97,15.04,14.72,14.86,1484800
2023-07-11 07:00:00,15.12,15.23,15.04,15.19,2115000
2023-07-12 07:00:00,15.37,15.37,15.08,15.15,1929300
2023-07-13 07:00:00,15.19,15.26,15.08,15.19,1451200
2023-07-14 07:00:00,15.41,15.41,15.19,15.34,2362200
2023-07-17 07:00:00,15.63,15.7,15.34,15.48,1851000
2023-07-18 07:00:00,15.56,15.59,15.26,15.41,1606600
2023-07-19 07:00:00,15.41,15.63,15.26,15.59,2324400
2023-07-20 07:00:00,15.59,15.63,15.37,15.48,729500
2023-07-21 07:00:00,15.63,15.81,15.59,15.7,2058200
2023-07-24 07:00:00,16.73,16.8,16.43,16.73,3428500
2023-07-25 07:00:00,17.02,17.13,16.65,16.8,3956200
2023-07-26 07:00:00,16.87,16.91,16.51,16.54,2263800
2023-07-27 07:00:00,16.8,16.8,16.03,16.18,4403600
2023-07-28 07:00:00,16.21,16.4,16.1,16.4,2107100
2023-07-31 07:00:00,17.45,17.53,16.8,16.94,3346500
2023-08-01 07:00:00,17.02,17.05,16.51,16.69,2952300
2023-08-02 07:00:00,16.58,17.09,16.54,17.09,3011400
2023-08-03 07:00:00,17.16,17.16,16.76,16.94,2725500
2023-08-04 07:00:00,17.02,17.09,16.94,16.98,1449600
2023-08-07 07:00:00,17.31,17.45,17.05,17.16,2058500
2023-08-08 07:00:00,17.31,17.38,17.05,17.24,2595100
2023-08-09 07:00:00,17.24,17.27,17.02,17.13,1538200
2023-08-10 07:00:00,17.13,17.2,16.8,16.87,1718800
2023-08-11 07:00:00,16.87,16.87,16.32,16.76,1849700
2023-08-14 07:00:00,16.76,16.91,16.73,16.76,1194600
2023-08-15 07:00:00,16.94,17.13,16.8,16.94,1195200
2023-08-16 07:00:00,17.09,17.2,16.87,16.98,1156600
2023-08-17 07:00:00,16.83,16.91,16.58,16.58,1609500
2023-08-18 07:00:00,16.36,16.43,15.45,15.45,3421900
2023-08-21 07:00:00,15.45,15.56,14.75,15.56,2100300
2023-08-22 07:00:00,15.48,15.59,14.86,15.26,1677100
2023-08-23 07:00:00,15.37,15.48,15.04,15.04,946800
2023-08-24 07:00:00,15.12,15.41,15.08,15.37,1259800
2023-08-25 07:00:00,15.37,15.78,15.19,15.45,1312700
2023-08-28 07:00:00,15.7,15.7,15.37,15.52,1018300
2023-08-29 07:00:00,15.67,15.78,15.45,15.56,2028700
2023-08-30 07:00:00,15.56,15.85,15.37,15.85,2273200
2023-08-31 07:00:00,15.92,16.07,15.81,16.03,1910400
2023-09-05 07:00:00,16.1,16.36,15.96,16.1,1965700
2023-09-06 07:00:00,16.1,16.14,15.81,15.92,2345000
2023-09-07 07:00:00,15.96,16.54,15.96,16.43,3093300
2023-09-08 07:00:00,16.73,16.76,16.43,16.65,2087800
2023-09-11 07:00:00,16.8,16.8,16.14,16.14,2906800
2023-09-12 07:00:00,16.1,16.43,15.96,16.4,1534500
2023-09-13 07:00:00,16.43,16.54,16.18,16.32,1651700
2023-09-14 07:00:00,16.36,16.4,15.92,16.07,1894000
2023-09-15 07:00:00,16.36,16.36,15.92,15.96,919800
2023-09-18 07:00:00,15.92,15.92,15.45,15.59,1203900
2023-09-19 07:00:00,15.74,15.74,15.34,15.48,1131000
2023-09-20 07:00:00,15.67,16.32,15.52,16.1,2256600
2023-09-21 07:00:00,16.14,16.58,16.03,16.51,3433600
2023-09-22 07:00:00,16.21,16.51,15.88,16.21,2870200
2023-09-25 07:00:00,16.21,16.8,15.41,16.07,3523600
2023-09-26 07:00:00,15.88,15.92,14.97,15.26,2657000
2023-09-27 07:00:00,15.15,15.34,14.53,15.15,1948000
2023-09-28 07:00:00,15.15,15.23,14.57,14.68,1995500
2023-09-29 07:00:00,14.97,15.12,14.75,14.86,910100
2023-10-02 07:00:00,15.04,15.15,14.86,14.97,914500
2023-10-03 07:00:00,14.68,14.94,14.02,14.02,1950800
2023-10-04 07:00:00,13.91,14.35,13.8,14.2,1085300
2023-10-05 07:00:00,14.42,14.42,13.91,13.91,984500
2023-10-06 07:00:00,13.95,14.46,13.88,14.35,858600
2023-10-09 07:00:00,14.39,14.53,14.24,14.35,980900
2023-10-10 07:00:00,14.53,14.94,14.5,14.64,2029600
2023-10-11 07:00:00,14.68,14.83,14.64,14.75,1076300
2023-10-12 07:00:00,14.9,15.01,14.64,14.79,2118500
2023-10-13 07:00:00,14.64,14.83,14.57,14.72,1208400
2023-10-16 07:00:00,14.83,14.9,14.64,14.86,1011400
2023-10-17 07:00:00,14.97,15.15,14.61,14.61,1623700
2023-10-18 07:00:00,14.64,14.64,13.62,13.91,1675100
2023-10-19 07:00:00,13.91,14.1,13.69,13.73,1069500
2023-10-20 07:00:00,13.73,14.1,13.29,14.1,796800
2023-10-23 07:00:00,14.06,14.13,13.69,13.84,381900
2023-10-24 07:00:00,13.99,14.1,13.73,13.99,299300
2023-10-25 07:00:00,14.1,14.17,13.91,13.99,838000
2023-10-26 07:00:00,13.58,13.66,13.04,13.04,1999600
2023-10-27 07:00:00,13.04,13.26,12.38,13.11,871300
2023-10-30 07:00:00,13.07,13.18,12.82,13.04,433300
2023-10-31 07:00:00,12.96,13.33,12.45,12.78,1485000
2023-11-01 07:00:00,12.82,13.07,12.45,12.93,777800
2023-11-02 07:00:00,13.07,13.48,13.0,13.36,1608800
2023-11-03 07:00:00,13.51,13.55,13.15,13.29,918200
2023-11-06 07:00:00,13.29,13.58,13.29,13.51,1317400
2023-11-07 07:00:00,13.48,13.55,13.22,13.22,846100
2023-11-08 07:00:00,13.33,13.99,13.18,13.77,1506100
2023-11-09 07:00:00,13.8,14.17,13.77,13.99,1904800
2023-11-10 07:00:00,13.88,14.24,13.84,13.91,1360300
2023-11-13 07:00:00,13.91,14.13,13.91,14.06,1590600
2023-11-14 07:00:00,14.17,14.24,13.88,14.17,1456300
2023-11-15 07:00:00,14.28,14.42,14.13,14.32,1961000
2023-11-16 07:00:00,14.32,14.32,14.1,14.24,597400
2023-11-17 07:00:00,14.24,14.32,13.77,13.95,1282900
2023-11-20 07:00:00,13.84,13.99,13.58,13.77,819500
2023-11-21 07:00:00,13.95,14.06,13.84,14.02,907100
2023-11-22 07:00:00,14.02,14.17,13.99,14.13,923700
2023-11-23 07:00:00,14.13,14.32,14.06,14.06,1409900
2023-11-24 07:00:00,14.06,14.06,13.66,14.06,958400
2023-11-27 07:00:00,13.99,14.02,13.73,13.77,430800
2023-11-28 07:00:00,13.77,13.84,13.58,13.77,490000
2023-11-29 07:00:00,13.77,13.99,13.77,13.88,685900
2023-11-30 07:00:00,13.95,13.99,13.77,13.88,1084900
2023-12-01 07:00:00,13.88,13.91,13.77,13.88,531000
2023-12-04 07:00:00,14.02,14.35,13.95,14.28,1471100
2023-12-05 07:00:00,14.32,14.39,14.17,14.2,874900
2023-12-06 07:00:00,14.24,14.86,14.2,14.86,2664800
2023-12-07 07:00:00,14.86,14.9,14.42,14.61,2369700
2023-12-08 07:00:00,14.61,14.83,14.57,14.64,1350400
2023-12-11 07:00:00,14.64,14.75,14.57,14.61,937400
2023-12-12 07:00:00,14.75,14.75,14.57,14.68,1376500
2023-12-13 07:00:00,14.68,14.94,14.39,14.53,1399500
2023-12-14 07:00:00,14.61,14.64,14.32,14.39,1014200
2023-12-15 07:00:00,14.42,14.46,14.1,14.13,805500
2023-12-18 07:00:00,14.17,14.2,13.88,13.88,716600
2023-12-19 07:00:00,13.88,13.99,13.73,13.95,664000
2023-12-20 07:00:00,13.99,14.17,13.99,14.1,532400
2023-12-21 07:00:00,14.1,14.28,13.99,14.17,532000
2023-12-22 07:00:00,14.2,14.28,14.02,14.24,694900
2023-12-25 07:00:00,14.1,14.68,14.1,14.61,1514000
2023-12-26 07:00:00,14.64,14.72,14.5,14.57,654700
2023-12-27 07:00:00,14.61,14.64,14.53,14.53,601400
2023-12-28 07:00:00,14.53,14.75,14.32,14.75,1330000
2023-12-29 07:00:00,14.83,14.83,14.61,14.75,541300
2024-01-02 07:00:00,14.79,14.9,14.68,14.9,1155400
2024-01-03 07:00:00,14.83,15.08,14.83,15.04,1556600
2024-01-04 07:00:00,15.04,15.52,15.01,15.26,2049200
2024-01-05 07:00:00,15.3,15.34,15.04,15.34,1249000
2024-01-08 07:00:00,15.41,15.45,15.19,15.3,1048100
2024-01-09 07:00:00,15.23,15.3,15.01,15.23,1167900
2024-01-10 07:00:00,15.23,15.37,15.08,15.26,1568900
2024-01-11 07:00:00,15.23,15.37,15.12,15.37,985000
2024-01-12 07:00:00,15.04,15.26,14.79,15.08,2394500
2024-01-15 07:00:00,15.12,15.15,14.97,14.97,397700
2024-01-16 07:00:00,14.9,14.94,14.72,14.94,884700
2024-01-17 07:00:00,14.97,15.08,14.86,14.86,807000
2024-01-18 07:00:00,14.9,15.01,14.83,14.9,1030100
2024-01-19 07:00:00,15.01,15.34,14.97,15.01,921200
2024-01-22 07:00:00,15.08,15.12,14.97,15.01,668900
2024-01-23 07:00:00,15.12,15.12,14.86,14.86,658700
2024-01-24 07:00:00,14.86,14.9,14.75,14.75,480400
2024-01-25 07:00:00,14.75,14.79,14.68,14.75,635600
2024-01-26 07:00:00,14.79,15.45,14.68,15.26,3224600
2024-01-29 07:00:00,15.45,15.63,15.41,15.48,2120000
2024-01-30 07:00:00,15.48,15.96,15.45,15.85,2901900
2024-01-31 07:00:00,15.85,15.85,15.45,15.45,2105700
2024-02-01 07:00:00,15.48,16.51,15.45,16.51,5121600
2024-02-02 07:00:00,16.76,16.76,16.36,16.4,1411800
2024-02-05 07:00:00,16.4,16.87,16.4,16.65,2125800
2024-02-06 07:00:00,16.69,16.8,16.43,16.43,1462300
2024-02-07 07:00:00,16.61,17.02,16.58,16.69,2349100
2024-02-15 07:00:00,16.69,16.91,16.65,16.91,2010800
2024-02-16 07:00:00,16.91,17.16,16.58,16.91,1868700
2024-02-19 07:00:00,16.91,17.05,16.54,17.02,3012900
2024-02-20 07:00:00,17.09,17.13,16.69,16.69,1863600
2024-02-21 07:00:00,16.8,16.8,16.47,16.69,1953500
2024-02-22 07:00:00,16.73,16.76,16.54,16.65,1027900
2024-02-23 07:00:00,16.65,17.67,16.65,16.94,8066400
2024-02-26 07:00:00,17.31,17.57,17.05,17.45,2700200
2024-02-27 07:00:00,17.64,17.78,17.34,17.53,2699800
2024-02-28 07:00:00,17.53,17.53,16.98,17.02,3509100
2024-02-29 07:00:00,17.13,17.34,16.51,17.13,5155100
2024-03-01 07:00:00,17.16,17.45,16.91,17.16,1734400
2024-03-04 07:00:00,17.38,17.38,17.13,17.24,2296200
2024-03-05 07:00:00,17.24,17.24,16.8,16.98,2404400
2024-03-06 07:00:00,16.94,17.16,16.65,16.69,2269300
2024-03-07 07:00:00,16.8,17.42,16.61,17.38,3650200
2024-03-08 07:00:00,17.38,18.18,17.13,18.08,5758500
2024-03-11 07:00:00,18.0,18.04,17.16,17.27,3997300
2024-03-12 07:00:00,17.16,17.34,17.05,17.34,3219500
2024-03-13 07:00:00,17.24,17.82,17.24,17.75,3344800
2024-03-14 07:00:00,17.78,18.0,17.38,17.45,3659000
2024-03-15 07:00:00,17.49,18.18,17.27,18.0,3522500
2024-03-18 07:00:00,18.0,18.15,16.83,17.53,4150200
2024-03-19 07:00:00,17.53,17.57,17.02,17.2,2028100
2024-03-20 07:00:00,17.2,17.53,16.91,17.45,2035900
2024-03-21 07:00:00,17.53,17.67,17.38,17.53,1547000
2024-03-22 07:00:00,17.6,17.75,17.42,17.57,1786200
2024-03-25 07:00:00,17.53,17.82,17.34,17.49,1755600
2024-03-26 07:00:00,17.49,17.53,17.2,17.42,1296000
2024-03-27 07:00:00,17.53,17.93,17.49,17.57,1369100
2024-03-28 07:00:00,17.75,18.44,17.57,18.33,4239400
2024-03-29 07:00:00,18.33,18.37,18.04,18.15,1262100
2024-04-01 07:00:00,18.15,18.18,17.78,18.18,1839800
2024-04-02 07:00:00,17.86,18.37,17.78,18.37,2737200
2024-04-03 07:00:00,18.26,18.33,17.71,17.82,1954300
2024-04-04 07:00:00,17.75,18.08,17.6,17.97,1723100
2024-04-05 07:00:00,17.64,17.75,17.24,17.45,2052700
2024-04-08 07:00:00,17.38,17.71,17.24,17.45,1790000
2024-04-09 07:00:00,17.38,17.53,17.2,17.53,814700
2024-04-10 07:00:00,17.6,17.6,17.34,17.34,864300
2024-04-11 07:00:00,17.13,17.27,16.98,17.05,1862700
2024-04-12 07:00:00,17.16,17.27,17.05,17.27,822100
2024-04-15 07:00:00,17.09,17.27,16.07,16.07,2040400
2024-04-16 07:00:00,16.07,16.07,15.45,15.78,1981500
2024-04-17 07:00:00,15.85,15.96,15.59,15.74,1424800
2024-04-19 07:00:00,15.59,15.59,14.94,14.94,1744400
2024-04-22 07:00:00,15.23,15.48,15.08,15.45,767400
2024-04-23 07:00:00,15.56,15.56,15.04,15.04,801600
2024-04-24 07:00:00,15.3,15.63,15.12,15.56,989700
2024-04-25 07:00:00,15.41,15.78,15.37,15.56,679100
2024-04-26 07:00:00,15.26,15.7,15.26,15.56,699200
2024-05-02 07:00:00,15.63,15.92,15.63,15.92,1034900
2024-05-03 07:00:00,16.21,16.21,15.78,15.96,652500
2024-05-06 07:00:00,16.14,16.4,15.92,16.32,1283300
2024-05-07 07:00:00,16.36,16.69,16.29,16.29,1363100
2024-05-08 07:00:00,16.1,16.51,15.92,16.36,1117200
2024-05-09 07:00:00,16.36,16.73,16.32,16.36,1104100
2024-05-10 07:00:00,16.4,16.58,16.18,16.36,924500
2024-05-13 07:00:00,16.47,17.16,16.4,17.02,1846900
2024-05-14 07:00:00,17.13,17.13,16.8,17.02,586600
2024-05-15 07:00:00,16.94,17.24,16.91,16.94,1033500
2024-05-16 07:00:00,17.09,17.13,16.91,17.02,944900
2024-05-17 07:00:00,17.02,17.42,17.02,17.24,1188900
2024-05-20 07:00:00,17.38,17.45,17.16,17.2,1350500
2024-05-21 07:00:00,17.2,17.24,16.91,17.09,1233100
2024-05-22 07:00:00,17.09,17.38,17.02,17.16,1424000
2024-05-23 07:00:00,17.02,17.2,16.73,17.16,1406200
2024-05-24 07:00:00,17.16,17.42,16.8,17.42,3550700
2024-05-27 07:00:00,17.53,17.82,17.38,17.45,1797500
2024-05-28 07:00:00,17.53,17.82,17.42,17.42,1561000
2024-05-29 07:00:00,17.42,17.71,17.16,17.38,1523100
2024-05-30 07:00:00,17.16,17.2,16.83,17.09,2127300
2024-05-31 07:00:00,17.2,17.27,17.05,17.13,911900
2024-06-03 07:00:00,17.38,17.75,17.31,17.53,2013900
2024-06-04 07:00:00,17.67,17.67,17.45,17.49,803200
2024-06-05 07:00:00,17.53,17.78,17.49,17.57,1813900
2024-06-06 07:00:00,17.6,18.08,17.57,17.86,2563900
2024-06-07 07:00:00,17.89,17.97,17.57,17.64,723900
2024-06-10 07:00:00,17.64,17.75,17.34,17.45,1411700
2024-06-11 07:00:00,17.49,17.49,16.98,17.31,2792000
2024-06-12 07:00:00,17.31,17.49,17.09,17.49,983300
2024-06-13 07:00:00,17.57,17.57,17.34,17.45,911700
2024-06-14 07:00:00,17.45,17.49,16.94,16.94,1686400
2024-06-17 07:00:00,17.16,17.24,16.94,17.16,870600
2024-06-18 07:00:00,17.2,17.97,17.16,17.93,3206800
2024-06-19 07:00:00,17.97,18.15,17.67,17.93,1823300
2024-06-20 07:00:00,17.97,18.4,17.6,18.4,2776000
2024-06-21 07:00:00,18.26,18.77,18.08,18.48,2313500
2024-06-24 07:00:00,18.51,18.59,17.38,17.53,2133500
2024-06-25 07:00:00,17.6,17.75,17.45,17.64,775600
2024-06-26 07:00:00,17.75,17.94,17.53,17.94,1018200
2024-06-27 07:00:00,17.97,18.61,17.94,18.35,2202400
2024-06-28 07:00:00,18.35,18.35,17.56,17.9,948400
2024-07-01 07:00:00,17.9,17.9,17.41,17.75,794700
2024-07-02 07:00:00,17.9,17.9,17.6,17.71,836400
2024-07-03 07:00:00,17.71,17.9,17.56,17.9,669300
2024-07-04 07:00:00,17.9,18.16,17.56,17.9,874300
2024-07-05 07:00:00,17.79,17.97,17.71,17.94,1002600
2024-07-08 07:00:00,18.01,18.35,17.75,17.97,1407000
2024-07-09 07:00:00,18.08,18.83,17.97,18.57,3783200
2024-07-10 07:00:00,18.64,18.79,18.35,18.57,1210900
2024-07-11 07:00:00,18.57,19.09,18.5,18.94,2996900
2024-07-12 07:00:00,18.94,18.98,18.64,18.68,1301500
2024-07-15 07:00:00,18.68,18.87,18.42,18.64,863300
2024-07-16 07:00:00,18.87,18.87,18.57,18.79,1085300
2024-07-17 07:00:00,18.79,18.87,17.6,17.94,2341800
2024-07-18 07:00:00,18.08,18.12,17.68,18.12,1370900
2024-07-19 07:00:00,17.94,18.12,17.56,17.56,1510400
2024-07-22 07:00:00,17.56,17.68,17.08,17.23,1769500
2024-07-23 07:00:00,17.23,17.38,16.56,16.56,1084900
2024-07-24 07:00:00,16.48,16.93,16.41,16.78,898900
2024-07-25 07:00:00,16.74,16.74,16.26,16.56,1582100
2024-07-26 07:00:00,16.93,17.45,16.85,17.23,1248000
2024-07-29 07:00:00,17.45,17.45,17.15,17.3,481000
2024-07-30 07:00:00,17.38,17.38,16.89,17.12,956600
2024-07-31 07:00:00,17.12,17.26,17.0,17.04,547100
2024-08-01 07:00:00,17.04,17.08,16.41,16.44,1184200
2024-08-02 07:00:00,16.41,16.7,15.96,16.7,2642900
2024-08-05 07:00:00,16.41,16.44,15.55,15.66,1667900
2024-08-06 07:00:00,15.92,16.18,15.51,16.15,1177800
2024-08-07 07:00:00,16.18,16.37,15.85,16.37,474700
2024-08-08 07:00:00,16.37,16.41,16.03,16.33,713200
2024-08-09 07:00:00,16.41,16.63,16.3,16.52,671800
2024-08-12 07:00:00,16.52,16.74,16.41,16.63,510800
2024-08-13 07:00:00,16.48,16.7,16.33,16.7,494300
2024-08-14 07:00:00,16.7,16.82,16.44,16.78,664700
2024-08-15 07:00:00,16.78,16.78,16.52,16.74,327500
2024-08-16 07:00:00,16.63,17.15,16.63,17.12,1270600
2024-08-19 07:00:00,17.12,17.23,16.97,17.15,396300
2024-08-20 07:00:00,17.15,17.41,17.0,17.26,1009900
2024-08-21 07:00:00,17.15,17.38,17.15,17.26,615300
2024-08-22 07:00:00,17.23,17.3,17.12,17.23,414200
2024-08-23 07:00:00,17.15,17.19,16.89,17.15,679100
2024-08-26 07:00:00,17.3,17.3,17.08,17.15,737600
2024-08-27 07:00:00,17.12,17.15,16.93,16.97,362100
2024-08-28 07:00:00,16.97,17.08,16.89,17.0,429600
2024-08-29 07:00:00,17.0,17.04,16.85,16.89,465800
2024-08-30 07:00:00,16.89,17.04,16.89,17.04,274600
2024-09-04 07:00:00,16.93,16.97,16.74,16.97,541800
2024-09-05 07:00:00,16.97,17.15,16.82,17.0,474900
2024-09-06 07:00:00,16.82,16.93,16.74,16.89,371200
2024-09-09 07:00:00,16.82,16.93,16.7,16.74,296300
2024-09-10 07:00:00,16.74,17.6,16.74,17.19,2958400
2024-09-11 07:00:00,17.3,17.64,17.15,17.53,2601700
2024-09-12 07:00:00,17.82,17.82,17.45,17.53,1415400
2024-09-13 07:00:00,17.56,17.6,17.41,17.56,1085000
2024-09-16 07:00:00,17.68,17.9,17.45,17.49,1767200
2024-09-17 07:00:00,17.41,17.6,17.38,17.56,1460900
2024-09-18 07:00:00,17.64,17.71,17.41,17.53,1144300
2024-09-19 07:00:00,17.6,17.64,17.45,17.64,922700
2024-09-20 07:00:00,17.82,17.82,17.45,17.64,2042600
2024-09-23 07:00:00,17.64,17.82,17.45,17.75,966600
2024-09-24 07:00:00,17.68,17.79,17.64,17.71,634500
2024-09-25 07:00:00,17.71,18.01,17.68,17.97,2546200
2024-09-26 07:00:00,17.97,17.97,17.71,17.71,963800
2024-09-27 07:00:00,17.68,17.82,17.49,17.6,1193100
2024-09-30 07:00:00,17.53,17.68,17.45,17.6,1115600
2024-10-01 07:00:00,17.6,17.75,17.6,17.64,779200
2024-10-02 07:00:00,17.6,17.6,17.41,17.41,859100
2024-10-03 07:00:00,17.41,17.6,17.12,17.19,982800
2024-10-04 07:00:00,17.19,17.34,17.12,17.23,943900
2024-10-07 07:00:00,17.34,17.56,17.23,17.49,796900
2024-10-08 07:00:00,17.45,17.9,17.41,17.79,1219700
2024-10-09 07:00:00,17.9,17.9,17.71,17.82,726400
2024-10-10 07:00:00,17.9,18.5,17.82,18.27,3702900
2024-10-11 07:00:00,18.27,18.38,18.08,18.2,1023600
2024-10-14 07:00:00,18.16,18.38,18.01,18.23,861900
2024-10-15 07:00:00,18.27,18.5,18.12,18.35,1670000
2024-10-16 07:00:00,18.38,18.72,18.2,18.38,2663500
2024-10-17 07:00:00,18.5,18.5,18.16,18.46,700100
2024-10-18 07:00:00,18.5,18.5,18.01,18.27,1003100
2024-10-21 07:00:00,18.08,18.23,17.71,17.71,2862200
2024-10-22 07:00:00,17.79,17.79,17.56,17.71,1075300
2024-10-23 07:00:00,18.05,18.12,17.6,17.68,3667900
2024-10-24 07:00:00,17.68,17.79,17.53,17.53,983900
2024-10-25 07:00:00,17.64,17.68,17.45,17.6,556100
2024-10-28 07:00:00,17.6,17.79,17.53,17.75,469500
2024-10-29 07:00:00,17.82,18.05,17.75,18.05,1018500
2024-10-30 07:00:00,18.05,18.31,17.9,18.23,1497700
2024-10-31 07:00:00,18.23,18.27,18.08,18.23,407300
2024-11-01 07:00:00,18.16,18.46,18.08,18.27,1193600
2024-11-04 07:00:00,18.35,18.35,17.97,18.01,794800
2024-11-05 07:00:00,18.08,18.08,17.75,17.9,917900
2024-11-06 07:00:00,17.9,18.16,17.82,18.12,1101100
2024-11-07 07:00:00,18.16,18.16,17.86,17.86,1456100
2024-11-08 07:00:00,17.86,17.94,17.75,17.9,859600
2024-11-11 07:00:00,17.9,17.9,17.53,17.68,1249200
2024-11-12 07:00:00,17.64,17.71,17.45,17.6,1033900
2024-11-13 07:00:00,17.49,17.56,17.23,17.38,1079900
2024-11-14 07:00:00,17.38,17.41,16.82,16.93,1509000
2024-11-15 07:00:00,16.85,17.0,16.74,16.78,871700
2024-11-18 07:00:00,16.78,16.93,16.56,16.85,711800
2024-11-19 07:00:00,16.93,16.93,16.63,16.63,372600
2024-11-20 07:00:00,16.59,16.82,16.44,16.67,903000
2024-11-21 07:00:00,16.67,16.78,16.63,16.74,373500
2024-11-22 07:00:00,16.74,17.04,16.63,16.93,1499800
2024-11-25 07:00:00,17.0,17.0,16.67,16.7,1409500
2024-11-26 07:00:00,16.78,16.89,16.7,16.85,878700
2024-11-27 07:00:00,16.89,17.0,16.82,16.97,479600
2024-11-28 07:00:00,17.04,17.04,16.78,16.85,483800
2024-11-29 07:00:00,16.82,17.0,16.78,16.97,405700
2024-12-02 07:00:00,17.0,17.04,16.82,16.89,624300
2024-12-03 07:00:00,16.85,16.97,16.78,16.85,503400
2024-12-04 07:00:00,16.78,16.93,16.74,16.74,480600
2024-12-05 07:00:00,16.74,17.3,16.48,17.04,1713800
2024-12-06 07:00:00,17.08,17.15,16.85,16.93,635900
2024-12-09 07:00:00,16.93,16.93,16.74,16.78,1267000
2024-12-10 07:00:00,16.85,17.34,16.74,17.26,3058300
2024-12-11 07:00:00,17.26,17.3,17.12,17.15,737000
2024-12-12 07:00:00,17.15,17.19,17.0,17.0,816900
2024-12-13 07:00:00,16.93,17.23,16.85,17.12,1385600
2024-12-16 07:00:00,17.12,17.26,16.93,17.0,988700
2024-12-17 07:00:00,17.12,17.19,17.04,17.08,573600
2024-12-18 07:00:00,17.04,17.71,17.04,17.68,2464400
2024-12-19 07:00:00,17.45,17.6,17.38,17.53,1753900
2024-12-20 07:00:00,17.49,17.79,17.45,17.6,1384700
2024-12-23 07:00:00,17.64,17.71,17.6,17.71,885500
2024-12-24 07:00:00,17.75,17.75,17.49,17.6,1105500
2024-12-25 07:00:00,17.64,17.9,17.56,17.71,2377800
2024-12-26 07:00:00,17.79,17.82,17.56,17.56,870800
2024-12-27 07:00:00,17.56,17.71,17.49,17.56,1157200
2024-12-30 07:00:00,17.64,17.94,17.56,17.79,1392100
2024-12-31 07:00:00,17.79,17.79,17.6,17.71,702300
2025-01-02 07:00:00,17.71,17.79,17.6,17.75,615700
2025-01-03 07:00:00,17.71,17.71,17.41,17.41,1145300
2025-01-06 07:00:00,17.49,17.49,17.19,17.26,1312800
2025-01-07 07:00:00,17.26,17.41,17.23,17.3,1011000
2025-01-08 07:00:00,17.34,18.23,17.26,18.05,1986900
2025-01-09 07:00:00,18.12,18.42,17.97,18.27,2727500
2025-01-10 07:00:00,18.31,18.35,17.68,17.68,1193400
2025-01-13 07:00:00,17.6,18.08,17.56,17.97,1372700
2025-01-14 07:00:00,18.12,18.12,17.86,17.86,664400
2025-01-15 07:00:00,17.86,18.94,17.82,18.68,2530700
2025-01-16 07:00:00,18.79,18.79,18.5,18.64,692100
2025-01-17 07:00:00,18.53,19.17,18.53,18.94,1455400
2025-01-20 07:00:00,19.13,19.32,18.79,18.83,1337000
2025-01-21 07:00:00,18.94,19.06,18.42,18.68,1234000
2025-01-22 07:00:00,18.72,18.79,18.35,18.35,968700
2025-01-23 07:00:00,18.61,18.98,18.57,18.83,1062000
2025-01-24 07:00:00,18.87,19.17,18.72,18.72,1117100
2025-02-03 07:00:00,18.76,19.28,18.72,19.02,1469300
2025-02-04 07:00:00,19.06,20.32,19.06,19.99,4985100
2025-02-05 07:00:00,20.06,20.06,19.76,19.99,832400
2025-02-06 07:00:00,20.14,20.17,19.65,19.84,1550000
2025-02-07 07:00:00,19.84,20.47,19.69,19.99,2093100
2025-02-10 07:00:00,19.8,19.95,19.58,19.73,1809000
2025-02-11 07:00:00,19.69,19.95,19.69,19.91,1011600
2025-02-12 07:00:00,19.99,20.47,19.61,19.84,1793700
2025-02-13 07:00:00,19.76,20.51,19.73,20.51,1900300
2025-02-14 07:00:00,20.7,20.7,20.17,20.17,1391500
2025-02-17 07:00:00,20.17,20.25,19.91,20.02,1664600
2025-02-18 07:00:00,19.91,20.36,19.8,20.32,1982800
2025-02-19 07:00:00,20.32,21.1,20.32,20.88,3251700
2025-02-20 07:00:00,20.88,21.1,20.7,20.88,1715500
2025-02-21 07:00:00,20.84,21.03,20.73,21.03,859800
2025-02-24 07:00:00,21.03,21.1,20.7,20.99,1203300
2025-02-25 07:00:00,21.03,21.22,20.58,20.96,1309300
2025-02-26 07:00:00,20.92,21.26,20.77,21.1,1100200
2025-02-27 07:00:00,21.03,21.18,20.81,21.18,961200
2025-02-28 07:00:00,21.22,21.78,20.88,21.07,1404500
2025-03-03 07:00:00,21.07,21.07,20.51,20.7,1832700
2025-03-04 07:00:00,20.66,20.96,20.4,20.96,1827900
2025-03-05 07:00:00,21.14,21.14,20.7,20.92,866700
2025-03-06 07:00:00,20.92,21.18,20.88,21.14,1122400
2025-03-07 07:00:00,21.18,21.55,20.99,20.99,1662900
2025-03-10 07:00:00,20.99,21.07,20.62,20.62,1407100
2025-03-11 07:00:00,20.21,20.43,19.54,19.99,4528300
2025-03-12 07:00:00,19.99,20.36,19.73,20.36,1771700
2025-03-13 07:00:00,20.36,20.43,19.8,19.84,1593500
2025-03-14 07:00:00,19.84,19.99,19.76,19.76,1010600
2025-03-17 07:00:00,19.99,19.99,19.69,19.73,814300
2025-03-18 07:00:00,19.8,20.1,19.8,19.91,788400
2025-03-19 07:00:00,19.88,20.06,19.76,20.02,865300
2025-03-20 07:00:00,20.06,20.14,19.8,20.06,589500
2025-03-21 07:00:00,20.14,20.4,19.99,20.1,979500
2025-03-24 07:00:00,20.1,20.21,19.84,20.21,474900
2025-03-25 07:00:00,20.36,20.36,19.99,20.17,759300
2025-03-26 07:00:00,20.14,20.17,19.99,20.06,575000
2025-03-27 07:00:00,20.17,20.17,19.99,19.99,229800
2025-03-28 07:00:00,19.99,20.28,19.76,19.99,961500
2025-03-31 07:00:00,19.95,20.02,19.65,19.99,673100
2025-04-01 07:00:00,19.99,20.1,19.88,19.99,289500
2025-04-02 07:00:00,19.99,20.58,19.99,20.21,1267200
2025-04-03 07:00:00,19.35,19.54,18.83,18.83,2925500
2025-04-04 07:00:00,17.53,17.64,17.53,17.53,4464900
2025-04-08 07:00:00,16.41,16.78,16.33,16.33,2065500
2025-04-09 07:00:00,15.21,16.33,15.21,15.36,3557400
2025-04-10 07:00:00,16.41,16.41,16.37,16.41,607600
2025-04-11 07:00:00,16.85,17.53,16.48,17.15,2568500
2025-04-14 07:00:00,17.49,17.49,16.89,17.0,1313300
2025-04-15 07:00:00,16.89,17.6,16.7,17.19,1779300
2025-04-16 07:00:00,17.15,17.6,17.04,17.23,1526100
2025-04-17 07:00:00,17.23,17.49,16.97,17.49,791300
2025-04-18 07:00:00,17.56,17.6,17.23,17.45,1114700
2025-04-21 07:00:00,17.49,17.49,17.04,17.3,847700
2025-04-22 07:00:00,17.23,17.23,16.11,16.78,1588200
2025-04-23 07:00:00,17.08,17.08,15.66,16.67,810300
2025-04-24 07:00:00,16.85,17.3,16.7,16.97,672000
2025-04-25 07:00:00,17.08,17.19,16.85,17.04,402900
2025-04-28 07:00:00,17.41,17.41,17.04,17.04,324400
2025-04-29 07:00:00,17.04,17.19,16.97,17.04,333400
2025-05-05 07:00:00,17.3,17.3,16.97,17.15,424400
2025-05-06 07:00:00,17.23,17.75,17.19,17.19,887900
2025-05-07 07:00:00,17.19,17.82,17.15,17.6,905900
2025-05-08 07:00:00,17.75,17.79,17.41,17.6,444400
2025-05-09 07:00:00,17.6,17.71,17.41,17.41,438200
2025-05-12 07:00:00,17.53,17.71,17.38,17.71,510900
2025-05-13 07:00:00,17.82,18.2,17.82,18.12,1092900
2025-05-14 07:00:00,18.12,18.12,17.79,17.86,945300
2025-05-15 07:00:00,17.86,18.12,17.75,17.9,625700
2025-05-16 07:00:00,17.97,17.97,17.68,17.71,806300
2025-05-19 07:00:00,17.53,17.68,17.38,17.45,632800
2025-05-20 07:00:00,17.45,17.64,17.34,17.56,519000
2025-05-21 07:00:00,17.6,17.75,17.56,17.71,694800
2025-05-22 07:00:00,17.68,17.82,17.53,17.75,700100
2025-05-23 07:00:00,17.82,18.98,17.53,18.83,2627400
2025-05-26 07:00:00,18.94,19.58,18.57,19.58,1534600
2025-05-27 07:00:00,19.69,20.47,19.54,20.1,3751600
2025-05-28 07:00:00,20.17,20.47,19.91,19.95,1132100
2025-05-29 07:00:00,20.02,20.28,19.84,19.95,918900
2025-05-30 07:00:00,19.99,20.36,19.91,20.28,1581400
2025-06-02 07:00:00,20.28,21.26,20.28,21.14,3261700
2025-06-03 07:00:00,21.14,21.14,20.77,20.88,1490400
2025-06-04 07:00:00,20.96,21.07,20.7,20.88,1122200
2025-06-05 07:00:00,20.77,21.22,20.51,20.88,2106900
2025-06-06 07:00:00,20.66,20.88,20.51,20.55,1028900
2025-06-09 07:00:00,20.21,20.4,19.17,19.39,2623300
2025-06-10 07:00:00,19.39,20.02,19.2,19.95,1425900
2025-06-11 07:00:00,19.95,19.95,19.54,19.84,769300
2025-06-12 07:00:00,19.84,19.99,19.65,19.99,1007100
2025-06-13 07:00:00,19.65,19.99,19.32,19.99,2155600
2025-06-16 07:00:00,19.54,20.25,19.54,20.17,1325000
2025-06-17 07:00:00,20.06,20.43,20.06,20.1,1144600
2025-06-18 07:00:00,20.17,20.17,19.8,19.88,1727700
2025-06-19 07:00:00,19.76,19.84,19.58,19.76,741400
2025-06-20 07:00:00,19.76,20.14,19.69,20.14,911900
2025-06-23 07:00:00,19.88,20.1,19.84,20.1,667100
2025-06-24 07:00:00,20.21,20.36,19.95,20.25,1210800
2025-06-25 07:00:00,20.28,20.4,20.06,20.06,933400
2025-06-26 07:00:00,19.99,20.06,19.88,19.91,782600
2025-06-27 07:00:00,19.95,20.73,19.91,20.1,1099100
2025-06-30 07:00:00,20.14,20.88,19.99,20.73,2117600
2025-07-01 07:00:00,20.84,20.84,20.4,20.47,578000
2025-07-02 07:00:00,20.47,21.89,20.47,21.89,7063400
2025-07-03 07:00:00,21.7,22.04,21.26,21.29,2568900
2025-07-04 07:00:00,21.37,21.52,20.96,21.07,2186700
2025-07-07 07:00:00,21.33,21.33,20.84,21.1,2165200
2025-07-08 07:00:00,21.26,21.74,21.22,21.37,1781800
2025-07-09 07:00:00,21.4,21.7,21.18,21.44,1787800
2025-07-10 07:00:00,21.33,22.08,21.33,21.55,2044400
2025-07-11 07:00:00,21.59,21.66,21.1,21.52,1845700
2025-07-14 07:00:00,21.33,22.6,21.22,22.3,2877700
2025-07-15 07:00:00,22.3,22.78,22.0,22.19,1809000
2025-07-16 07:00:00,22.0,22.67,22.0,22.37,1264500
2025-07-17 07:00:00,22.45,22.75,22.3,22.45,3122200
2025-07-18 07:00:00,22.67,23.19,22.45,22.67,1948000
2025-07-21 07:00:00,22.97,23.01,22.63,22.67,1415100
2025-07-22 07:00:00,22.75,24.24,22.6,24.24,6693800
2025-07-23 07:00:00,24.31,24.54,23.94,24.24,2102600
2025-07-24 07:00:00,24.35,25.36,24.35,25.32,2673300
2025-07-25 07:00:00,25.5,25.92,24.87,25.13,2603400
2025-07-28 07:00:00,25.62,25.62,24.95,25.06,2522600
2025-07-29 07:00:00,24.98,25.5,23.86,24.61,2989800
2025-07-30 07:00:00,24.83,25.1,24.31,25.06,1013200
2025-07-31 07:00:00,25.21,25.73,24.46,25.36,1370200
2025-08-01 07:00:00,25.36,26.33,24.91,25.84,2899900
2025-08-04 07:00:00,25.8,26.1,25.47,26.1,1294000
2025-08-05 07:00:00,26.06,26.06,24.39,25.66,3784300
2025-08-06 07:00:00,25.58,26.21,24.76,25.92,2608100
2025-08-07 07:00:00,26.14,26.29,25.47,26.03,2531700
2025-08-08 07:00:00,26.1,26.1,25.58,25.99,1794500
2025-08-11 07:00:00,25.99,26.06,25.58,26.03,1197600
2025-08-12 07:00:00,26.33,26.55,25.92,26.03,2549700
2025-08-13 07:00:00,26.03,26.44,25.5,25.73,2103100
2025-08-14 07:00:00,25.73,26.36,25.13,25.17,4572100
2025-08-15 07:00:00,25.21,25.28,24.24,24.61,3044500
2025-08-18 07:00:00,24.91,25.54,24.76,25.21,1163600
2025-08-19 07:00:00,25.24,25.5,25.02,25.21,1603300
2025-08-20 07:00:00,25.32,25.32,23.86,24.24,2754500
2025-08-21 07:00:00,24.09,24.24,22.93,23.08,4757500
2025-08-22 07:00:00,22.75,23.49,22.6,23.42,1378900
2025-08-25 07:00:00,23.42,23.6,23.19,23.46,1301000
2025-08-26 07:00:00,23.53,23.86,23.42,23.86,1395800
2025-08-27 07:00:00,24.24,25.5,24.13,25.5,6092800
2025-08-28 07:00:00,25.73,25.81,25.35,25.54,1230100
2025-08-29 07:00:00,25.5,25.85,24.75,25.05,1589500
2025-09-03 07:00:00,24.9,25.81,24.79,25.81,925500
2025-09-04 07:00:00,25.85,25.96,25.28,25.28,1549300
2025-09-05 07:00:00,25.43,25.66,24.82,24.82,1458600
2025-09-08 07:00:00,24.45,24.79,23.46,23.46,1012700
2025-09-09 07:00:00,23.54,24.22,23.42,24.22,695500
2025-09-10 07:00:00,24.22,25.16,23.73,25.16,1817600
2025-09-11 07:00:00,25.16,25.35,24.37,25.01,1176900
2025-09-12 07:00:00,25.09,25.43,24.82,25.28,1919700
2025-09-15 07:00:00,25.43,26.87,25.35,26.75,5357400
2025-09-16 07:00:00,26.87,26.94,26.19,26.26,1329700
2025-09-17 07:00:00,26.26,26.34,24.98,25.2,2098600
2025-09-18 07:00:00,25.2,25.28,25.01,25.09,1072900
2025-09-19 07:00:00,25.09,25.2,24.71,25.2,1216700
2025-09-22 07:00:00,25.24,25.54,24.67,25.2,2248000
2025-09-23 07:00:00,25.2,25.32,24.82,25.2,774300
2025-09-24 07:00:00,25.13,25.54,24.82,25.54,899300
2025-09-25 07:00:00,25.66,25.66,25.16,25.28,906500
2025-09-26 07:00:00,25.5,25.5,23.99,24.52,3486500
2025-09-29 07:00:00,24.52,24.52,24.03,24.14,539100
2025-09-30 07:00:00,24.14,24.22,23.46,23.88,993900
2025-10-01 07:00:00,23.88,24.07,23.65,23.69,652800
2025-10-02 07:00:00,23.61,24.37,23.58,24.07,840900
2025-10-03 07:00:00,23.88,24.37,23.88,24.22,555000
2025-10-06 07:00:00,24.22,24.45,23.99,23.99,662900
2025-10-07 07:00:00,24.56,24.56,23.61,23.65,861200
2025-10-08 07:00:00,23.84,24.03,23.54,23.54,722100
2025-10-09 07:00:00,23.58,23.76,23.31,23.39,1018600
2025-10-10 07:00:00,23.84,23.88,23.42,23.69,811200
2025-10-13 07:00:00,23.27,23.84,23.24,23.84,634000
2025-10-14 07:00:00,23.84,24.03,23.35,23.35,1232800
2025-10-15 07:00:00,23.2,23.99,23.2,23.54,765400
2025-10-16 07:00:00,23.46,23.99,23.46,23.73,1193800
2025-10-17 07:00:00,23.76,24.22,23.76,24.1,1620600
2025-10-20 07:00:00,24.1,24.1,22.44,22.44,2340200
2025-10-21 07:00:00,22.7,22.7,21.95,22.4,1356300
2025-10-22 07:00:00,22.36,22.82,21.65,22.7,1147600
2025-10-23 07:00:00,22.36,22.82,22.36,22.63,337900
2025-10-24 07:00:00,22.4,23.27,22.4,23.27,1027900
2025-10-27 07:00:00,23.27,23.39,22.89,23.31,1177800
2025-10-28 07:00:00,23.42,23.54,23.12,23.54,1010000
2025-10-29 07:00:00,23.58,23.8,23.42,23.61,574900
2025-10-30 07:00:00,23.65,23.73,23.31,23.69,545800
2025-10-31 07:00:00,23.69,23.69,23.39,23.61,581700
2025-11-03 07:00:00,23.46,23.76,22.97,23.61,1494900
2025-11-04 07:00:00,23.58,23.84,23.16,23.73,1503800
2025-11-05 07:00:00,23.92,24.75,23.76,24.33,2490400
2025-11-06 07:00:00,24.6,24.6,23.99,24.22,908400
2025-11-07 07:00:00,24.18,24.22,22.63,22.89,1097400
2025-11-10 07:00:00,22.89,23.27,22.78,22.93,1048700
2025-11-11 07:00:00,22.93,22.93,22.29,22.86,1053700
2025-11-12 07:00:00,22.7,23.16,22.4,22.52,900500
2025-11-13 07:00:00,22.63,22.89,21.61,21.72,1428100
2025-11-14 07:00:00,21.91,22.06,21.68,21.76,691600
2025-11-17 07:00:00,21.99,22.1,21.84,21.99,701300
2025-11-18 07:00:00,21.99,22.14,21.8,21.8,808400
2025-11-19 07:00:00,21.95,21.95,21.19,21.19,1352500
2025-11-20 07:00:00,21.23,21.42,20.74,21.08,1366400
2025-11-21 07:00:00,20.93,21.08,20.78,20.81,452700
2025-11-24 07:00:00,20.81,21.12,20.74,20.78,549000
2025-11-25 07:00:00,20.93,20.93,19.34,20.13,1687000
2025-11-26 07:00:00,19.98,20.74,19.98,20.74,913900
2025-11-27 07:00:00,20.89,21.15,20.47,20.96,924900
2025-11-28 07:00:00,20.96,21.23,20.81,20.89,917700
2025-12-01 07:00:00,21.04,21.42,20.96,21.15,657100
2025-12-02 07:00:00,21.04,21.08,20.59,21.04,614400
2025-12-03 07:00:00,21.04,21.19,21.0,21.19,605000
2025-12-04 07:00:00,21.38,21.53,21.23,21.42,668800
2025-12-05 07:00:00,21.49,21.49,20.96,21.04,616200
2025-12-08 07:00:00,20.96,21.42,20.59,20.62,757600
2025-12-09 07:00:00,20.74,21.19,20.74,20.78,890900
2025-12-10 07:00:00,21.12,21.34,20.89,21.3,472300
2025-12-11 07:00:00,21.49,21.49,20.93,21.08,518200
2025-12-12 07:00:00,21.12,21.76,20.93,21.27,1772800
2025-12-15 07:00:00,21.27,21.34,21.12,21.34,508800
2025-12-16 07:00:00,21.53,21.53,21.04,21.38,648600
2025-12-17 07:00:00,21.38,21.65,21.15,21.53,451400
2025-12-18 07:00:00,21.49,21.53,21.27,21.27,257800
2025-12-19 07:00:00,21.49,21.49,21.0,21.27,417300
2025-12-22 07:00:00,21.27,21.27,20.93,21.27,455900
2025-12-23 07:00:00,21.27,21.49,21.04,21.27,518700
2025-12-24 07:00:00,21.12,21.42,21.08,21.3,480800
2025-12-25 07:00:00,21.3,21.65,21.12,21.42,1040100
2025-12-26 07:00:00,21.19,21.27,20.85,21.04,850800
2025-12-29 07:00:00,21.0,21.15,20.66,20.81,521000
2025-12-30 07:00:00,21.0,21.04,20.66,20.89,355500
2025-12-31 07:00:00,21.0,21.0,20.66,20.66,228600
2026-01-05 07:00:00,20.66,20.81,20.13,20.36,617000
2026-01-06 07:00:00,20.36,20.36,19.72,20.21,921500
2026-01-07 07:00:00,20.24,20.7,20.17,20.55,677200
2026-01-08 07:00:00,20.55,20.81,20.24,20.32,1358200
2026-01-09 07:00:00,20.17,20.55,20.17,20.21,1512100
2026-01-12 07:00:00,20.36,20.81,20.36,20.81,1243800
2026-01-13 07:00:00,21.0,21.23,20.81,20.89,1362500
2026-01-14 07:00:00,21.04,21.3,20.89,20.93,1064600
2026-01-15 07:00:00,21.23,21.65,21.0,21.34,1261400
2026-01-16 07:00:00,21.65,21.72,21.19,21.34,1769700
2026-01-19 07:00:00,21.34,21.57,21.19,21.27,994800
2026-01-20 07:00:00,21.27,22.33,21.23,22.1,1766600
2026-01-21 07:00:00,21.99,22.1,21.53,21.87,826000
2026-01-22 07:00:00,21.87,22.18,21.68,21.87,472600
2026-01-23 07:00:00,21.87,22.14,21.65,21.95,822700
2026-01-26 07:00:00,21.87,22.25,21.65,22.02,1436500
2026-01-27 07:00:00,22.25,22.86,22.18,22.59,2491800
2026-01-28 07:00:00,22.7,22.7,22.14,22.29,607000
2026-01-29 07:00:00,22.29,22.48,21.99,22.48,1253500
2026-01-30 07:00:00,22.48,22.78,22.29,22.55,776900
2026-02-02 07:00:00,22.52,22.82,22.21,22.7,1177400
2026-02-03 07:00:00,22.78,23.76,22.59,23.76,2099000
2026-02-04 07:00:00,23.88,25.24,23.46,23.76,1305100
2026-02-05 07:00:00,23.76,23.84,23.08,23.42,714800
2026-02-06 07:00:00,23.08,23.16,22.67,22.86,857500
2026-02-09 07:00:00,22.7,23.12,22.44,23.12,557900
2026-02-10 07:00:00,23.27,24.03,23.08,23.61,2362700
2026-02-11 07:00:00,23.61,23.92,21.99,23.35,1503800
2026-02-12 07:00:00,23.39,24.03,23.39,23.99,1449800
2026-02-13 07:00:00,24.1,24.14,23.65,23.92,352100
2026-02-23 07:00:00,24.22,24.64,24.1,24.22,1131500
2026-02-24 07:00:00,24.26,24.6,24.14,24.41,1325600
2026-02-25 07:00:00,24.56,24.67,24.18,24.37,976000
2026-02-26 07:00:00,24.37,24.6,24.22,24.3,667400
2026-02-27 07:00:00,24.26,24.98,24.03,24.98,1649500
2026-03-02 07:00:00,24.48,26.6,24.26,26.11,4161900
2026-03-03 07:00:00,26.22,26.22,25.43,25.5,1149700
2026-03-04 07:00:00,25.35,26.49,24.6,25.96,3189000
2026-03-05 07:00:00,26.45,26.45,25.43,25.47,1568900
2026-03-06 07:00:00,25.16,25.47,24.82,25.43,1232900
2026-03-09 07:00:00,23.88,24.6,23.65,23.65,1830200
2026-03-10 07:00:00,23.92,24.26,23.16,24.18,1242100
2026-03-11 07:00:00,24.18,24.82,24.07,24.56,752400
2026-03-12 07:00:00,24.52,24.71,24.1,24.14,907300
2026-03-13 07:00:00,24.07,24.48,23.8,24.37,781900
2026-03-16 07:00:00,24.37,24.86,24.18,24.56,620400
2026-03-17 07:00:00,24.79,24.79,24.33,24.52,915000
2026-03-18 07:00:00,24.52,24.64,24.3,24.52,560300
2026-03-19 07:00:00,23.92,24.37,22.82,22.82,1398600
2026-03-20 07:00:00,22.59,22.67,21.23,21.38,2971500
2026-03-23 07:00:00,21.27,21.72,21.19,21.19,712100
2026-03-24 07:00:00,21.72,21.72,21.19,21.19,584400
2026-03-25 07:00:00,21.49,21.87,21.3,21.76,947300
2026-03-26 07:00:00,21.87,22.21,21.76,22.1,445400
2026-03-27 07:00:00,23.05,23.35,22.7,22.82,1160900
2026-03-30 07:00:00,22.44,24.41,22.44,24.03,2199000
2026-03-31 07:00:00,24.14,24.48,23.88,23.99,525300
2026-04-01 07:00:00,24.07,24.79,23.92,24.1,1317000
2026-04-02 07:00:00,23.92,24.26,23.73,23.95,561800
2026-04-03 07:00:00,23.95,24.07,23.24,23.8,697400
2026-04-06 07:00:00,23.76,23.8,23.27,23.76,641600
2026-04-07 07:00:00,23.39,23.84,23.39,23.73,197000
2026-04-08 07:00:00,24.07,24.48,23.95,24.14,613100
2026-04-09 07:00:00,24.14,24.82,23.08,24.45,1580400
2026-04-10 07:00:00,24.48,24.98,24.14,24.45,408300
2026-04-13 07:00:00,24.45,24.45,23.84,24.03,378000
2026-04-14 07:00:00,24.07,24.18,23.69,23.73,642000
2026-04-15 07:00:00,23.84,24.22,23.69,23.69,276700
2026-04-16 07:00:00,23.92,23.92,23.46,23.73,513700
2026-04-17 07:00:00,23.95,24.9,23.76,24.22,1317500
2026-04-20 07:00:00,24.86,24.98,24.45,24.45,1156500
2026-04-21 07:00:00,24.79,24.82,24.37,24.71,1322700
2026-04-22 07:00:00,25.01,25.24,24.41,24.56,1365900
2026-04-23 07:00:00,24.6,24.67,24.03,24.1,877200
2026-04-24 07:00:00,24.14,24.52,23.73,24.07,451300
2026-04-28 07:00:00,24.1,24.37,23.76,23.92,317800
2026-04-29 07:00:00,23.73,23.92,23.69,23.84,368900
