time,open,high,low,close,volume
2017-04-21 07:00:00,36.45,36.45,32.36,34.41,4820970
2017-04-24 07:00:00,34.41,34.83,33.77,34.05,1757390
2017-04-25 07:00:00,33.84,34.05,31.7,31.77,2533550
2017-04-26 07:00:00,30.32,31.31,30.32,31.03,1743790
2017-04-27 07:00:00,31.03,32.29,31.03,32.29,825430
2017-04-28 07:00:00,32.44,33.07,32.44,32.82,781910
2017-05-03 07:00:00,32.82,32.93,32.36,32.89,521490
2017-05-04 07:00:00,32.89,33.42,32.86,33.42,2947740
2017-05-05 07:00:00,33.14,33.42,33.07,33.14,1274310
2017-05-08 07:00:00,33.07,33.42,32.79,33.42,1414880
2017-05-09 07:00:00,33.42,33.42,33.0,33.0,864620
2017-05-10 07:00:00,33.0,33.35,33.0,33.14,2706150
2017-05-11 07:00:00,33.14,34.97,33.14,34.19,3351200
2017-05-12 07:00:00,34.19,34.41,34.05,34.19,1272460
2017-05-15 07:00:00,33.95,34.62,33.77,34.26,2429190
2017-05-16 07:00:00,34.55,36.59,34.26,35.95,3627190
2017-05-17 07:00:00,35.88,36.59,35.53,35.88,1642560
2017-05-18 07:00:00,35.74,37.29,35.74,37.29,3077950
2017-05-19 07:00:00,37.85,39.89,37.5,39.89,4369030
2017-05-22 07:00:00,42.07,42.64,41.51,42.64,3062670
2017-05-23 07:00:00,42.92,45.38,42.64,42.64,2839240
2017-05-24 07:00:00,42.64,42.71,40.46,41.51,1789900
2017-05-25 07:00:00,41.51,42.29,41.23,41.51,684100
2017-05-26 07:00:00,40.95,41.44,40.53,40.88,1237030
2017-05-29 07:00:00,40.81,42.57,40.81,42.29,967250
2017-05-30 07:00:00,42.29,43.69,42.29,42.92,1067000
2017-05-31 07:00:00,43.27,43.41,42.5,43.06,714650
2017-06-01 07:00:00,43.06,43.48,43.06,43.06,522880
2017-06-02 07:00:00,42.71,43.06,42.0,42.0,1244790
2017-06-05 07:00:00,42.0,43.48,41.65,42.99,665100
2017-06-06 07:00:00,42.99,43.27,42.78,43.27,554760
2017-06-07 07:00:00,43.2,43.48,42.92,42.99,626820
2017-06-08 07:00:00,42.99,43.13,42.78,42.99,325680
2017-06-09 07:00:00,42.92,44.61,42.92,44.04,1104760
2017-06-12 07:00:00,44.04,45.38,43.83,44.33,830860
2017-06-13 07:00:00,44.47,44.82,44.11,44.33,422580
2017-06-14 07:00:00,44.19,44.33,43.55,44.33,848170
2017-06-15 07:00:00,43.97,44.54,43.69,44.19,546160
2017-06-16 07:00:00,43.9,44.33,43.83,43.9,369590
2017-06-19 07:00:00,43.83,44.89,43.83,44.89,797760
2017-06-20 07:00:00,45.03,46.01,44.96,46.01,1506260
2017-06-21 07:00:00,46.08,47.14,45.31,47.07,980190
2017-06-22 07:00:00,47.56,49.11,47.49,48.9,1121960
2017-06-23 07:00:00,49.04,50.66,48.97,50.24,1825360
2017-06-26 07:00:00,50.66,51.57,50.1,50.52,1137940
2017-06-27 07:00:00,50.17,50.38,48.41,48.41,1547410
2017-06-28 07:00:00,48.13,49.04,47.35,48.27,1212630
2017-06-29 07:00:00,48.41,49.39,47.77,48.9,980940
2017-06-30 07:00:00,49.18,49.32,48.55,48.55,846590
2017-07-03 07:00:00,48.76,48.97,48.2,48.48,1235890
2017-07-04 07:00:00,48.13,48.27,47.28,47.63,983220
2017-07-05 07:00:00,47.56,48.83,47.35,48.41,493040
2017-07-06 07:00:00,48.41,50.1,47.84,49.95,1697930
2017-07-07 07:00:00,49.74,49.95,48.83,48.9,1345800
2017-07-10 07:00:00,48.2,48.83,47.98,48.41,1149130
2017-07-11 07:00:00,48.41,48.41,47.84,48.41,669300
2017-07-12 07:00:00,49.04,49.11,48.41,48.41,905250
2017-07-13 07:00:00,48.55,49.39,48.55,49.39,1069020
2017-07-14 07:00:00,49.81,49.95,49.25,49.25,766980
2017-07-17 07:00:00,49.25,49.53,48.27,48.34,613290
2017-07-18 07:00:00,48.05,48.69,47.98,48.48,796070
2017-07-19 07:00:00,48.41,49.18,48.41,48.76,998340
2017-07-20 07:00:00,48.9,49.05,47.88,48.03,583230
2017-07-21 07:00:00,48.03,48.39,47.88,48.03,615940
2017-07-24 07:00:00,47.29,48.03,46.19,46.19,1064220
2017-07-25 07:00:00,45.46,47.66,44.73,47.59,1548220
2017-07-26 07:00:00,47.81,47.81,47.15,47.37,328670
2017-07-27 07:00:00,47.0,47.0,46.05,46.05,883020
2017-07-28 07:00:00,45.97,47.07,45.53,47.07,505210
2017-07-31 07:00:00,46.93,46.93,46.05,46.05,291180
2017-08-01 07:00:00,45.61,46.71,45.61,46.19,420960
2017-08-02 07:00:00,46.05,46.56,45.53,46.34,347480
2017-08-03 07:00:00,46.19,46.34,45.97,46.19,331860
2017-08-04 07:00:00,46.05,46.85,45.97,46.63,515090
2017-08-07 07:00:00,46.63,48.98,46.56,48.98,1648590
2017-08-08 07:00:00,48.98,50.59,48.98,49.49,1347990
2017-08-09 07:00:00,49.49,49.86,48.03,48.25,699190
2017-08-10 07:00:00,47.66,48.39,47.51,47.81,283290
2017-08-11 07:00:00,47.66,48.32,47.07,47.29,186140
2017-08-14 07:00:00,47.29,48.54,47.07,48.39,264910
2017-08-15 07:00:00,48.61,48.61,48.03,48.61,269720
2017-08-16 07:00:00,48.61,48.9,48.03,48.47,578890
2017-08-17 07:00:00,48.47,48.61,48.25,48.25,202030
2017-08-18 07:00:00,48.25,48.69,48.17,48.47,287630
2017-08-21 07:00:00,49.12,49.78,48.98,49.34,1445250
2017-08-22 07:00:00,49.64,49.71,48.61,48.9,211800
2017-08-23 07:00:00,48.61,48.98,48.54,48.9,103940
2017-08-24 07:00:00,48.83,49.71,48.69,49.56,865230
2017-08-25 07:00:00,49.56,50.15,49.34,49.49,501000
2017-08-28 07:00:00,49.49,50.22,49.34,50.08,939860
2017-08-29 07:00:00,49.93,50.37,49.71,49.86,544800
2017-08-30 07:00:00,49.64,49.86,49.12,49.12,357560
2017-08-31 07:00:00,49.12,49.64,48.83,48.98,403980
2017-09-01 07:00:00,48.98,49.2,48.54,48.98,237100
2017-09-05 07:00:00,49.49,49.78,49.05,49.12,807400
2017-09-06 07:00:00,49.12,49.34,48.76,49.12,525730
2017-09-07 07:00:00,49.12,49.34,48.98,48.98,580970
2017-09-08 07:00:00,48.98,49.78,48.76,49.05,743570
2017-09-11 07:00:00,49.56,49.56,49.05,49.12,484390
2017-09-12 07:00:00,49.05,49.49,49.05,49.49,647000
2017-09-13 07:00:00,49.64,50.74,49.49,50.37,2785080
2017-09-14 07:00:00,50.37,50.74,50.15,50.15,709380
2017-09-15 07:00:00,50.08,50.15,49.64,50.08,3548190
2017-09-18 07:00:00,49.78,49.86,48.69,48.69,1266740
2017-09-19 07:00:00,48.54,48.83,45.39,47.81,1325010
2017-09-20 07:00:00,47.81,47.81,46.71,46.93,1065660
2017-09-21 07:00:00,46.49,47.66,46.49,47.07,479010
2017-09-22 07:00:00,47.07,47.51,47.07,47.37,340680
2017-09-25 07:00:00,47.37,47.73,47.22,47.59,358140
2017-09-26 07:00:00,47.66,47.88,47.22,47.22,648770
2017-09-27 07:00:00,47.29,47.51,47.22,47.51,252960
2017-09-28 07:00:00,47.51,47.51,46.78,46.85,442750
2017-09-29 07:00:00,46.85,46.85,46.05,46.27,611130
2017-10-02 07:00:00,45.83,46.27,45.46,45.46,331260
2017-10-03 07:00:00,45.39,45.97,43.63,44.14,459660
2017-10-04 07:00:00,44.21,44.51,43.7,44.29,332820
2017-10-05 07:00:00,44.29,45.75,44.29,45.02,254450
2017-10-06 07:00:00,45.02,45.68,44.95,45.24,129560
2017-10-09 07:00:00,45.09,45.09,44.36,44.87,174990
2017-10-10 07:00:00,44.73,45.31,44.43,45.31,213840
2017-10-11 07:00:00,45.46,45.46,45.24,45.31,226180
2017-10-12 07:00:00,45.31,45.31,44.51,44.65,276780
2017-10-13 07:00:00,44.43,44.65,44.29,44.65,360640
2017-10-16 07:00:00,44.43,44.87,44.21,44.65,258220
2017-10-17 07:00:00,44.43,45.46,44.43,45.46,398400
2017-10-18 07:00:00,45.46,46.41,45.17,46.05,516960
2017-10-19 07:00:00,46.05,46.56,45.83,46.41,416860
2017-10-20 07:00:00,46.41,46.93,46.19,46.41,326490
2017-10-23 07:00:00,46.05,46.19,45.46,45.75,228920
2017-10-24 07:00:00,45.53,46.12,44.58,45.61,298110
2017-10-25 07:00:00,45.61,45.68,44.36,45.61,101350
2017-10-26 07:00:00,45.68,45.68,44.58,45.46,150610
2017-10-27 07:00:00,45.46,45.9,45.24,45.9,265120
2017-10-30 07:00:00,46.19,46.34,45.46,45.46,475770
2017-10-31 07:00:00,45.46,45.46,44.73,44.87,205440
2017-11-01 07:00:00,45.09,45.09,43.99,44.58,386030
2017-11-02 07:00:00,44.07,44.58,41.65,41.65,708070
2017-11-03 07:00:00,41.65,42.53,41.57,41.94,356150
2017-11-06 07:00:00,41.87,42.01,39.23,40.18,590070
2017-11-07 07:00:00,39.3,41.72,39.3,41.06,417220
2017-11-08 07:00:00,40.99,41.72,40.99,41.72,197170
2017-11-09 07:00:00,41.72,42.82,41.35,42.67,399080
2017-11-10 07:00:00,42.53,42.67,41.87,42.53,147190
2017-11-13 07:00:00,42.16,42.16,39.59,40.62,580360
2017-11-14 07:00:00,40.33,41.06,39.67,40.55,462250
2017-11-15 07:00:00,40.84,42.16,40.77,41.72,445550
2017-11-16 07:00:00,41.72,42.16,41.65,41.94,260240
2017-11-17 07:00:00,41.79,41.79,40.77,40.77,486410
2017-11-20 07:00:00,41.28,42.23,41.28,42.09,578810
2017-11-21 07:00:00,42.38,45.02,42.38,44.36,1242580
2017-11-22 07:00:00,44.36,45.75,43.99,45.39,536080
2017-11-23 07:00:00,45.39,45.46,44.29,44.36,569880
2017-11-24 07:00:00,44.36,44.43,43.33,44.14,485810
2017-11-27 07:00:00,43.85,45.24,43.63,44.73,599940
2017-11-28 07:00:00,44.73,44.8,43.85,44.07,387960
2017-11-29 07:00:00,44.07,45.53,43.7,45.31,1305540
2017-11-30 07:00:00,45.46,45.97,45.39,45.46,714320
2017-12-01 07:00:00,45.46,47.81,45.46,47.81,1338940
2017-12-04 07:00:00,47.81,48.69,47.29,48.54,750070
2017-12-05 07:00:00,48.47,49.78,48.03,48.76,1170480
2017-12-06 07:00:00,48.39,49.34,47.66,48.39,710670
2017-12-07 07:00:00,48.39,48.76,46.85,47.22,661200
2017-12-08 07:00:00,47.44,49.05,46.63,48.32,533660
2017-12-11 07:00:00,47.29,48.25,47.22,47.22,306410
2017-12-12 07:00:00,47.15,47.95,44.73,47.0,778430
2017-12-13 07:00:00,47.66,47.66,45.39,45.68,649540
2017-12-14 07:00:00,45.68,47.59,45.46,47.51,370260
2017-12-15 07:00:00,47.51,47.66,47.0,47.66,340040
2017-12-18 07:00:00,47.66,48.61,47.66,48.32,428870
2017-12-19 07:00:00,48.03,49.78,47.88,49.12,1286100
2017-12-20 07:00:00,49.42,51.98,49.42,51.32,2730440
2017-12-21 07:00:00,51.32,52.06,50.74,51.1,923560
2017-12-22 07:00:00,51.1,51.1,50.0,50.59,894560
2017-12-25 07:00:00,50.81,52.72,50.44,52.72,1751990
2017-12-26 07:00:00,52.72,53.89,52.72,53.67,1344510
2017-12-27 07:00:00,54.26,54.48,52.79,53.67,1163520
2017-12-28 07:00:00,53.52,54.62,52.94,54.26,1381580
2017-12-29 07:00:00,54.18,56.09,53.52,54.99,1458000
2018-01-02 07:00:00,55.14,56.09,54.18,54.99,1142760
2018-01-03 07:00:00,55.06,55.58,54.48,55.14,1096830
2018-01-04 07:00:00,55.28,57.63,55.28,57.63,1439440
2018-01-05 07:00:00,57.41,58.22,56.6,57.92,1368060
2018-01-08 07:00:00,57.63,61.81,57.63,61.59,1164450
2018-01-09 07:00:00,61.59,62.32,60.49,60.93,1278870
2018-01-10 07:00:00,60.93,63.06,60.86,62.32,1428940
2018-01-11 07:00:00,61.96,65.11,61.37,64.67,1057380
2018-01-12 07:00:00,63.57,66.87,63.06,63.57,1928010
2018-01-15 07:00:00,63.57,66.72,63.06,66.36,1470780
2018-01-16 07:00:00,66.72,67.97,65.18,66.72,1556760
2018-01-17 07:00:00,63.2,67.68,63.2,63.2,1459300
2018-01-18 07:00:00,62.32,64.01,60.12,63.64,2552170
2018-01-19 07:00:00,64.16,67.38,63.64,67.38,2791600
2018-01-22 07:00:00,67.38,69.21,65.99,68.26,1527840
2018-01-25 07:00:00,69.07,70.02,68.04,68.26,2924920
2018-01-26 07:00:00,68.85,69.07,65.99,68.19,1662110
2018-01-29 07:00:00,68.19,68.19,66.43,67.31,1706230
2018-01-30 07:00:00,65.99,66.65,63.64,65.62,1593930
2018-01-31 07:00:00,64.52,68.19,62.4,64.89,1946140
2018-02-01 07:00:00,65.11,65.99,64.38,64.96,723200
2018-02-02 07:00:00,63.79,64.96,63.35,64.38,992010
2018-02-05 07:00:00,64.08,64.08,59.9,59.9,1590460
2018-02-06 07:00:00,55.72,58.66,55.72,55.72,1071710
2018-02-07 07:00:00,58.73,58.8,56.9,58.58,1566120
2018-02-08 07:00:00,57.56,58.07,56.46,56.53,459780
2018-02-09 07:00:00,53.52,54.84,52.64,53.6,770290
2018-02-12 07:00:00,53.6,57.12,53.6,57.12,750900
2018-02-13 07:00:00,57.92,58.14,57.19,57.34,546150
2018-02-21 07:00:00,58.8,59.24,57.7,58.44,803170
2018-02-22 07:00:00,57.92,58.58,55.72,56.82,622310
2018-02-23 07:00:00,57.48,60.78,57.34,60.78,2058340
2018-02-26 07:00:00,62.32,65.04,62.32,64.89,2159560
2018-02-27 07:00:00,65.62,65.62,63.42,64.45,845450
2018-02-28 07:00:00,63.06,66.72,63.06,65.92,1820920
2018-03-01 07:00:00,65.11,65.84,63.13,63.94,1258110
2018-03-02 07:00:00,63.06,63.79,62.54,63.79,849060
2018-03-05 07:00:00,64.16,64.89,60.93,60.93,1014150
2018-03-06 07:00:00,61.96,63.79,60.86,63.5,838820
2018-03-07 07:00:00,63.13,63.5,60.86,61.08,833790
2018-03-08 07:00:00,61.08,62.47,60.49,62.32,676110
2018-03-09 07:00:00,62.62,63.06,61.44,61.59,552480
2018-03-12 07:00:00,62.54,62.54,60.42,60.42,507620
2018-03-13 07:00:00,60.78,61.08,58.44,59.76,932770
2018-03-14 07:00:00,59.9,60.86,59.54,59.54,511470
2018-03-15 07:00:00,59.39,60.12,58.88,59.46,665400
2018-03-16 07:00:00,59.54,62.4,59.54,60.86,2039440
2018-03-19 07:00:00,62.32,63.42,61.96,63.28,1156350
2018-03-20 07:00:00,63.06,63.94,62.69,62.69,922890
2018-03-21 07:00:00,63.2,64.3,62.76,63.72,1797680
2018-03-22 07:00:00,64.52,65.11,63.64,63.72,1293360
2018-03-23 07:00:00,62.32,63.35,61.52,62.4,1182670
2018-03-26 07:00:00,62.4,63.06,60.86,60.86,1121370
2018-03-27 07:00:00,61.22,61.59,58.88,60.12,1269680
2018-03-28 07:00:00,59.46,61.37,59.1,60.78,500520
2018-03-29 07:00:00,60.78,61.08,59.83,60.34,374820
2018-03-30 07:00:00,60.78,61.52,59.76,61.37,501160
2018-04-02 07:00:00,61.3,62.54,61.08,62.25,770760
2018-04-03 07:00:00,61.96,62.62,60.78,60.86,778980
2018-04-04 07:00:00,60.86,61.22,60.05,60.49,937700
2018-04-05 07:00:00,60.49,60.86,59.54,59.68,532380
2018-04-06 07:00:00,60.12,60.86,59.24,60.86,891780
2018-04-09 07:00:00,60.86,61.96,60.71,61.15,761600
2018-04-10 07:00:00,60.78,61.15,59.61,60.86,557070
2018-04-11 07:00:00,60.93,61.52,57.92,57.92,1006130
2018-04-12 07:00:00,57.92,58.66,56.97,58.66,950990
2018-04-13 07:00:00,58.66,59.24,54.99,56.09,948810
2018-04-16 07:00:00,56.09,56.38,54.99,56.24,557830
2018-04-17 07:00:00,56.24,56.38,53.82,54.26,692890
2018-04-18 07:00:00,54.26,54.77,51.91,52.64,1160450
2018-04-19 07:00:00,52.64,52.64,48.98,48.98,1255730
2018-04-20 07:00:00,48.98,50.88,48.39,50.88,733140
2018-04-23 07:00:00,51.32,52.06,47.37,47.37,683680
2018-04-24 07:00:00,45.9,46.93,44.07,45.46,1222150
2018-04-26 07:00:00,46.12,46.12,42.31,42.31,909200
2018-04-27 07:00:00,42.31,45.24,42.23,45.24,1112190
2018-05-02 07:00:00,46.56,48.39,46.19,48.39,837650
2018-05-03 07:00:00,48.39,50.22,46.93,48.54,788130
2018-05-04 07:00:00,48.39,48.54,47.29,47.95,632690
2018-05-07 07:00:00,47.66,49.05,47.29,48.76,492350
2018-05-08 07:00:00,48.47,50.44,48.47,50.0,643400
2018-05-09 07:00:00,50.44,50.74,48.98,49.64,615370
2018-05-10 07:00:00,49.86,49.86,46.93,46.93,552890
2018-05-11 07:00:00,46.93,47.59,45.46,46.93,672780
2018-05-14 07:00:00,47.95,48.47,47.0,48.39,408200
2018-05-15 07:00:00,48.39,51.76,48.39,51.76,1275590
2018-05-16 07:00:00,52.06,52.06,50.22,50.59,728550
2018-05-17 07:00:00,50.3,50.81,49.86,49.86,852580
2018-05-18 07:00:00,49.27,50.59,47.66,50.59,825630
2018-05-21 07:00:00,50.66,50.66,48.39,48.39,542820
2018-05-22 07:00:00,47.29,48.39,45.02,45.46,955310
2018-05-23 07:00:00,44.73,46.41,44.14,46.41,614660
2018-05-24 07:00:00,46.63,47.29,45.46,46.19,382870
2018-05-25 07:00:00,46.19,46.56,43.63,43.63,618290
2018-05-28 07:00:00,43.26,43.26,41.06,41.06,976740
2018-05-29 07:00:00,41.79,43.92,41.35,43.92,678390
2018-05-30 07:00:00,43.63,44.36,42.89,42.89,490400
2018-05-31 07:00:00,42.53,45.83,42.53,45.46,849930
2018-06-01 07:00:00,46.12,46.19,44.65,45.83,686660
2018-06-04 07:00:00,45.83,46.56,45.17,46.05,386910
2018-06-05 07:00:00,46.05,48.76,46.05,48.1,765440
2018-06-06 07:00:00,48.39,49.49,47.51,49.27,547500
2018-06-07 07:00:00,49.12,49.42,48.39,49.05,637220
2018-06-08 07:00:00,48.98,50.22,48.25,50.0,781580
2018-06-11 07:00:00,48.76,50.15,48.54,48.61,584970
2018-06-12 07:00:00,47.66,48.39,45.61,47.51,927160
2018-06-13 07:00:00,47.59,49.12,47.29,49.12,496570
2018-06-14 07:00:00,49.12,50.08,48.9,48.9,594110
2018-06-15 07:00:00,48.69,49.34,48.17,49.34,476310
2018-06-18 07:00:00,48.98,49.27,47.29,47.29,517670
2018-06-19 07:00:00,46.56,46.93,43.99,45.83,1282720
2018-06-20 07:00:00,46.12,46.85,45.09,46.85,305680
2018-06-21 07:00:00,46.78,46.78,45.83,45.9,259740
2018-06-22 07:00:00,45.83,46.49,45.39,46.49,308340
2018-06-25 07:00:00,48.33,48.33,47.33,47.41,383240
2018-06-26 07:00:00,47.02,47.02,46.18,46.64,221360
2018-06-27 07:00:00,46.95,47.72,46.02,46.02,331450
2018-06-28 07:00:00,45.79,46.02,44.64,45.41,410520
2018-06-29 07:00:00,45.41,46.1,45.02,45.02,149200
2018-07-02 07:00:00,44.95,45.18,43.02,45.02,488920
2018-07-03 07:00:00,45.02,45.02,42.33,42.41,446650
2018-07-04 07:00:00,43.25,43.48,41.71,42.79,319770
2018-07-05 07:00:00,43.1,43.1,40.64,40.64,498150
2018-07-06 07:00:00,40.79,43.18,39.87,41.87,683880
2018-07-09 07:00:00,42.71,43.79,42.33,42.33,358880
2018-07-10 07:00:00,42.33,43.48,42.33,42.33,301320
2018-07-11 07:00:00,40.41,41.56,40.1,41.56,406410
2018-07-12 07:00:00,40.64,42.1,40.64,41.17,139300
2018-07-13 07:00:00,41.56,42.18,41.41,41.56,266960
2018-07-16 07:00:00,41.56,42.33,41.17,41.87,227950
2018-07-17 07:00:00,41.48,42.25,40.79,41.56,308540
2018-07-18 07:00:00,42.18,43.87,42.02,43.87,771000
2018-07-19 07:00:00,44.25,44.79,43.71,44.33,408530
2018-07-20 07:00:00,43.56,44.18,43.18,43.18,480790
2018-07-23 07:00:00,43.48,45.1,43.1,44.02,628000
2018-07-24 07:00:00,43.87,44.48,43.33,43.87,376550
2018-07-25 07:00:00,44.18,44.64,43.79,43.79,436720
2018-07-26 07:00:00,43.71,43.71,42.87,43.1,407460
2018-07-27 07:00:00,43.1,44.1,43.1,43.64,287950
2018-07-30 07:00:00,44.18,44.64,43.95,44.64,668090
2018-07-31 07:00:00,44.64,47.64,44.41,46.56,1559950
2018-08-01 07:00:00,46.95,48.18,46.64,47.18,747160
2018-08-02 07:00:00,47.33,47.56,46.72,47.49,951560
2018-08-03 07:00:00,47.72,49.26,47.72,48.18,1312750
2018-08-06 07:00:00,48.18,49.56,47.56,49.18,701070
2018-08-07 07:00:00,49.18,49.26,48.02,48.18,763020
2018-08-08 07:00:00,48.64,49.1,48.18,48.49,560540
2018-08-09 07:00:00,49.18,49.49,47.72,48.41,848730
2018-08-10 07:00:00,48.41,49.18,47.79,49.18,665110
2018-08-13 07:00:00,49.18,51.18,48.49,51.18,1369790
2018-08-14 07:00:00,50.87,50.95,50.1,50.49,628640
2018-08-15 07:00:00,50.49,50.56,48.26,48.33,733050
2018-08-16 07:00:00,47.41,50.03,46.95,49.72,1441710
2018-08-17 07:00:00,49.95,50.18,49.26,49.41,530720
2018-08-20 07:00:00,49.26,51.18,49.26,50.41,1133600
2018-08-21 07:00:00,50.18,51.1,49.87,50.64,753180
2018-08-22 07:00:00,51.18,51.56,50.41,50.49,681810
2018-08-23 07:00:00,50.87,51.26,50.33,50.72,535200
2018-08-24 07:00:00,50.41,52.57,50.41,52.33,2117990
2018-08-27 07:00:00,52.33,53.34,52.33,52.95,893630
2018-08-28 07:00:00,52.95,53.41,52.41,53.1,859970
2018-08-29 07:00:00,53.1,53.1,51.56,51.8,1403870
2018-08-30 07:00:00,51.95,52.95,51.33,52.95,971010
2018-08-31 07:00:00,53.1,53.64,52.18,52.18,465030
2018-09-04 07:00:00,52.18,52.95,51.72,51.87,735330
2018-09-05 07:00:00,51.64,52.26,51.03,51.56,1307880
2018-09-06 07:00:00,51.41,52.03,51.26,51.64,924700
2018-09-07 07:00:00,51.49,52.26,51.41,52.18,592540
2018-09-10 07:00:00,52.18,54.1,52.18,53.49,1877740
2018-09-11 07:00:00,53.49,54.1,53.26,53.87,734210
2018-09-12 07:00:00,54.64,55.34,54.1,54.64,1294740
2018-09-13 07:00:00,54.49,55.34,53.49,53.72,1349440
2018-09-14 07:00:00,53.41,54.41,53.03,54.34,1147060
2018-09-17 07:00:00,53.87,55.34,53.57,54.8,871820
2018-09-18 07:00:00,54.26,55.03,53.95,54.95,613920
2018-09-19 07:00:00,55.41,55.64,54.41,54.41,887800
2018-09-20 07:00:00,54.72,54.95,54.34,54.87,701700
2018-09-21 07:00:00,55.11,55.18,54.26,54.49,1786260
2018-09-24 07:00:00,54.87,56.26,54.64,56.18,1223920
2018-09-25 07:00:00,56.41,56.88,56.11,56.26,842810
2018-09-26 07:00:00,56.26,56.26,55.41,55.41,1070320
2018-09-27 07:00:00,55.41,55.8,55.03,55.49,786580
2018-09-28 07:00:00,55.41,55.95,54.64,54.64,798310
2018-10-01 07:00:00,54.64,55.87,54.57,55.11,905790
2018-10-02 07:00:00,55.49,55.72,54.26,54.64,640350
2018-10-03 07:00:00,54.64,54.72,54.26,54.41,461970
2018-10-04 07:00:00,55.18,55.18,54.41,55.03,501260
2018-10-05 07:00:00,54.64,54.95,53.1,53.1,761890
2018-10-08 07:00:00,52.95,53.1,51.18,51.41,1448090
2018-10-09 07:00:00,51.95,52.1,51.56,51.64,547390
2018-10-10 07:00:00,52.1,52.1,51.41,51.56,431240
2018-10-11 07:00:00,48.1,50.03,48.02,48.41,1631410
2018-10-12 07:00:00,47.72,49.56,47.72,49.41,808250
2018-10-15 07:00:00,49.56,49.56,47.72,48.26,556180
2018-10-16 07:00:00,48.26,49.1,48.1,48.79,392600
2018-10-17 07:00:00,49.64,49.95,48.56,48.79,832180
2018-10-18 07:00:00,48.79,48.87,47.79,48.49,208850
2018-10-19 07:00:00,47.79,48.02,46.79,47.72,480870
2018-10-22 07:00:00,47.72,48.33,46.49,46.49,458870
2018-10-23 07:00:00,46.56,46.56,43.79,44.64,753750
2018-10-24 07:00:00,44.18,45.02,42.95,42.95,669070
2018-10-25 07:00:00,41.1,44.1,41.1,44.1,1015970
2018-10-26 07:00:00,45.33,45.33,44.41,44.41,746900
2018-10-29 07:00:00,43.87,44.41,43.41,43.87,368560
2018-10-30 07:00:00,43.1,44.95,43.02,44.02,521300
2018-10-31 07:00:00,44.41,45.95,44.41,45.79,758610
2018-11-01 07:00:00,45.64,46.18,44.64,44.72,420040
2018-11-02 07:00:00,45.02,46.79,44.95,46.25,653960
2018-11-05 07:00:00,45.79,47.25,45.48,46.95,515190
2018-11-06 07:00:00,47.33,47.49,46.41,46.41,542890
2018-11-07 07:00:00,46.41,46.56,45.18,45.79,681890
2018-11-08 07:00:00,46.18,46.41,45.72,45.72,363900
2018-11-09 07:00:00,45.79,45.87,43.87,43.87,630020
2018-11-12 07:00:00,43.56,44.56,42.87,44.48,410770
2018-11-13 07:00:00,43.48,44.1,43.41,43.48,333320
2018-11-14 07:00:00,43.18,43.87,42.18,42.33,787180
2018-11-15 07:00:00,43.1,43.18,42.18,42.33,481290
2018-11-16 07:00:00,43.1,43.71,42.71,43.41,412310
2018-11-19 07:00:00,44.02,45.41,43.95,45.41,461690
2018-11-20 07:00:00,44.79,45.41,44.64,45.02,374070
2018-11-21 07:00:00,43.87,44.79,43.87,44.64,341850
2018-11-22 07:00:00,45.18,45.18,44.41,44.64,280490
2018-11-23 07:00:00,44.64,45.72,44.33,44.79,482860
2018-11-26 07:00:00,44.72,44.72,44.25,44.72,188040
2018-11-27 07:00:00,44.79,45.25,44.33,44.72,262840
2018-11-28 07:00:00,44.64,44.95,44.33,44.87,214830
2018-11-29 07:00:00,45.33,45.33,44.18,44.18,318590
2018-11-30 07:00:00,44.18,44.64,44.02,44.64,210900
2018-12-03 07:00:00,45.56,47.1,45.1,46.95,992630
2018-12-04 07:00:00,46.95,47.49,46.41,46.72,603600
2018-12-05 07:00:00,46.33,47.64,45.95,46.79,853640
2018-12-06 07:00:00,46.95,47.25,46.1,46.56,496010
2018-12-07 07:00:00,46.56,47.18,46.56,47.02,379550
2018-12-10 07:00:00,47.18,47.56,46.95,47.25,508290
2018-12-11 07:00:00,47.18,47.33,46.64,46.87,279840
2018-12-12 07:00:00,47.25,47.25,46.79,47.1,314290
2018-12-13 07:00:00,47.18,47.64,46.95,46.95,402150
2018-12-14 07:00:00,46.95,47.41,46.1,46.18,643270
2018-12-17 07:00:00,46.02,46.1,43.87,43.87,612200
2018-12-18 07:00:00,43.79,44.25,43.25,43.71,766910
2018-12-19 07:00:00,43.33,43.71,42.71,42.95,749450
2018-12-20 07:00:00,42.71,43.48,42.71,43.02,303240
2018-12-21 07:00:00,42.95,43.95,42.33,43.95,400060
2018-12-24 07:00:00,43.87,43.95,43.33,43.56,241060
2018-12-25 07:00:00,43.1,43.1,42.1,42.56,594180
2018-12-26 07:00:00,42.56,43.1,42.48,42.48,185570
2018-12-27 07:00:00,43.71,43.71,43.1,43.25,254840
2018-12-28 07:00:00,43.25,43.41,40.79,40.79,580760
2019-01-02 07:00:00,41.56,42.71,41.56,41.87,380020
2019-01-03 07:00:00,41.87,42.33,40.41,41.25,450490
2019-01-04 07:00:00,40.79,42.48,40.79,42.25,302070
2019-01-07 07:00:00,42.71,42.87,42.41,42.48,187920
2019-01-08 07:00:00,42.71,42.71,41.02,41.64,352050
2019-01-09 07:00:00,42.25,42.48,41.56,41.71,343920
2019-01-10 07:00:00,42.18,42.56,41.87,42.41,280830
2019-01-11 07:00:00,42.64,43.1,42.33,42.56,337760
2019-01-14 07:00:00,42.56,42.71,41.64,42.25,125040
2019-01-15 07:00:00,42.25,42.95,42.02,42.56,230330
2019-01-16 07:00:00,43.1,43.33,42.64,42.71,252480
2019-01-17 07:00:00,42.71,42.87,42.1,42.1,197100
2019-01-18 07:00:00,42.1,42.48,41.87,41.87,188280
2019-01-21 07:00:00,42.33,43.02,41.79,42.56,273200
2019-01-22 07:00:00,42.33,42.33,41.1,41.17,729490
2019-01-23 07:00:00,40.79,41.48,40.79,40.94,486420
2019-01-24 07:00:00,40.94,41.41,40.87,40.94,653530
2019-01-25 07:00:00,40.94,41.48,40.94,41.41,169160
2019-01-28 07:00:00,41.56,41.71,41.1,41.17,516670
2019-01-29 07:00:00,41.1,41.25,40.87,41.17,311730
2019-01-30 07:00:00,41.17,41.33,41.02,41.02,452470
2019-01-31 07:00:00,41.56,42.02,41.02,41.48,911200
2019-02-01 07:00:00,41.25,41.71,41.17,41.17,1199400
2019-02-11 07:00:00,41.94,42.79,41.71,42.79,746520
2019-02-12 07:00:00,43.1,43.33,42.64,42.87,957300
2019-02-13 07:00:00,42.87,44.1,42.87,43.95,1941970
2019-02-14 07:00:00,43.87,44.18,43.56,43.64,1004440
2019-02-15 07:00:00,43.64,44.33,43.48,43.64,1351010
2019-02-18 07:00:00,43.87,45.41,43.87,45.41,2268090
2019-02-19 07:00:00,45.25,45.41,44.25,44.41,1293550
2019-02-20 07:00:00,44.41,44.41,43.56,43.71,927820
2019-02-21 07:00:00,43.79,44.95,43.79,44.87,1723040
2019-02-22 07:00:00,44.48,45.41,44.48,45.02,1129680
2019-02-25 07:00:00,45.41,45.72,45.1,45.1,1366700
2019-02-26 07:00:00,44.95,45.02,43.87,43.87,1456500
2019-02-27 07:00:00,44.25,44.33,43.41,43.64,1784860
2019-02-28 07:00:00,43.87,44.25,43.33,43.48,2532900
2019-03-01 07:00:00,43.87,45.18,43.48,45.1,2076360
2019-03-04 07:00:00,45.1,46.79,45.1,46.49,3433740
2019-03-05 07:00:00,46.1,46.64,45.48,45.72,2693520
2019-03-06 07:00:00,45.79,47.33,45.72,47.33,3156200
2019-03-07 07:00:00,47.33,47.72,46.87,46.95,1802470
2019-03-08 07:00:00,46.49,47.33,46.33,46.56,2534770
2019-03-11 07:00:00,46.56,46.72,46.02,46.49,2131290
2019-03-12 07:00:00,47.1,47.72,46.79,47.72,2858810
2019-03-13 07:00:00,47.72,48.33,47.41,47.56,2346380
2019-03-14 07:00:00,48.1,48.1,46.95,47.1,1532650
2019-03-15 07:00:00,47.1,48.18,46.87,48.02,2274270
2019-03-18 07:00:00,48.02,48.72,47.49,48.1,1714570
2019-03-19 07:00:00,48.1,48.33,47.56,47.79,1816150
2019-03-20 07:00:00,47.49,47.72,46.79,47.49,1699650
2019-03-21 07:00:00,47.72,47.87,44.64,45.79,2115260
2019-03-22 07:00:00,46.1,46.1,45.33,45.41,1606140
2019-03-25 07:00:00,44.56,45.02,44.18,44.64,1861980
2019-03-26 07:00:00,45.33,45.33,44.25,44.41,1212450
2019-03-27 07:00:00,45.33,45.41,44.64,45.25,621860
2019-03-28 07:00:00,44.95,45.95,44.64,45.79,836530
2019-03-29 07:00:00,45.79,46.18,45.64,45.72,1256540
2019-04-01 07:00:00,45.95,46.95,45.95,46.95,1200470
2019-04-02 07:00:00,47.33,47.49,46.33,46.41,655270
2019-04-03 07:00:00,46.41,47.02,46.33,46.79,829910
2019-04-04 07:00:00,46.79,47.02,46.64,46.79,608720
2019-04-05 07:00:00,46.79,47.33,46.64,47.25,773290
2019-04-08 07:00:00,47.72,48.26,47.33,48.18,1412570
2019-04-09 07:00:00,48.49,48.49,47.56,47.56,1635520
2019-04-10 07:00:00,47.18,47.56,46.72,46.95,830410
2019-04-11 07:00:00,47.18,47.18,46.64,46.79,607620
2019-04-12 07:00:00,46.56,47.02,46.41,46.95,424050
2019-04-16 07:00:00,46.33,47.1,46.33,46.95,775260
2019-04-17 07:00:00,47.18,47.79,47.02,47.02,1350850
2019-04-18 07:00:00,46.95,47.1,46.02,46.56,538860
2019-04-19 07:00:00,46.64,46.95,46.49,46.72,457310
2019-04-22 07:00:00,46.64,47.1,46.33,46.56,488510
2019-04-23 07:00:00,46.56,47.41,46.56,47.18,757150
2019-04-24 07:00:00,47.25,47.64,47.25,47.56,790290
2019-04-25 07:00:00,47.1,47.49,47.1,47.33,354690
2019-04-26 07:00:00,47.18,48.02,47.18,47.95,1410390
2019-05-02 07:00:00,48.33,48.33,47.72,48.1,443010
2019-05-03 07:00:00,48.1,48.1,47.41,47.41,332640
2019-05-06 07:00:00,46.79,47.18,46.56,46.95,1048040
2019-05-07 07:00:00,47.18,47.49,46.95,47.1,417000
2019-05-08 07:00:00,46.95,47.18,46.56,46.87,415580
2019-05-09 07:00:00,46.87,47.1,46.56,46.64,536070
2019-05-10 07:00:00,47.02,47.49,46.72,47.18,327390
2019-05-13 07:00:00,47.33,47.33,46.79,46.79,257440
2019-05-14 07:00:00,46.79,48.02,46.79,48.02,1070900
2019-05-15 07:00:00,48.26,50.03,48.26,49.56,1828520
2019-05-16 07:00:00,49.56,50.03,49.26,49.56,837330
2019-05-17 07:00:00,49.87,50.41,49.56,49.87,768370
2019-05-20 07:00:00,49.87,51.18,49.64,50.95,1066800
2019-05-21 07:00:00,50.95,51.03,50.18,50.49,736610
2019-05-22 07:00:00,51.03,51.18,50.49,51.03,988930
2019-05-23 07:00:00,50.8,51.95,50.18,51.95,1139760
2019-05-24 07:00:00,51.18,51.56,50.41,50.8,1466210
2019-05-27 07:00:00,50.8,51.1,50.56,50.8,653220
2019-05-28 07:00:00,51.1,51.87,50.72,51.87,760700
2019-05-29 07:00:00,51.64,51.64,51.18,51.41,534840
2019-05-30 07:00:00,52.05,52.21,51.73,51.89,701090
2019-05-31 07:00:00,51.65,51.73,50.37,50.53,1037660
2019-06-03 07:00:00,48.05,50.05,48.05,49.09,1010070
2019-06-04 07:00:00,49.65,49.81,49.09,49.81,385590
2019-06-05 07:00:00,50.45,50.45,49.57,49.65,289450
2019-06-06 07:00:00,48.45,49.89,48.45,49.41,347040
2019-06-07 07:00:00,50.05,50.05,48.93,49.97,329820
2019-06-10 07:00:00,49.97,50.53,49.81,49.97,277790
2019-06-11 07:00:00,49.73,50.37,49.73,49.97,371780
2019-06-12 07:00:00,49.97,49.97,49.49,49.49,276490
2019-06-13 07:00:00,49.09,49.65,49.01,49.25,188640
2019-06-14 07:00:00,49.57,49.73,49.17,49.17,138480
2019-06-17 07:00:00,49.65,49.65,48.93,49.09,204660
2019-06-18 07:00:00,48.93,49.25,48.61,48.85,210760
2019-06-19 07:00:00,49.25,49.65,49.01,49.25,207820
2019-06-20 07:00:00,49.57,51.17,49.25,50.85,839620
2019-06-21 07:00:00,50.45,51.25,50.21,50.45,501900
2019-06-24 07:00:00,50.45,50.45,49.81,50.05,489060
2019-06-25 07:00:00,49.97,49.97,49.41,49.57,589610
2019-06-26 07:00:00,49.57,50.37,49.57,50.29,296970
2019-06-27 07:00:00,50.13,50.37,49.57,49.57,217100
2019-06-28 07:00:00,49.89,50.05,47.65,47.65,597200
2019-07-01 07:00:00,49.65,50.69,49.33,50.69,784510
2019-07-02 07:00:00,50.77,51.49,50.69,51.41,2425770
2019-07-03 07:00:00,51.33,51.57,51.09,51.25,1463210
2019-07-04 07:00:00,51.25,51.57,51.17,51.49,1755450
2019-07-05 07:00:00,51.73,51.81,51.49,51.65,2258300
2019-07-08 07:00:00,51.89,51.89,51.09,51.17,1660650
2019-07-09 07:00:00,51.17,51.33,50.85,51.25,1514430
2019-07-10 07:00:00,51.17,51.41,51.09,51.25,1606680
2019-07-11 07:00:00,51.33,51.81,51.33,51.73,920080
2019-07-12 07:00:00,51.89,51.89,51.57,51.65,3474210
2019-07-15 07:00:00,51.89,51.97,51.65,51.73,446330
2019-07-16 07:00:00,51.65,51.73,51.33,51.49,2151300
2019-07-17 07:00:00,51.57,51.73,51.33,51.49,2686790
2019-07-18 07:00:00,51.49,51.57,51.33,51.41,2228450
2019-07-19 07:00:00,51.41,51.57,51.33,51.33,1465170
2019-07-22 07:00:00,51.25,51.65,51.09,51.41,1367300
2019-07-23 07:00:00,51.41,51.65,51.33,51.41,1450530
2019-07-24 07:00:00,51.65,53.01,51.65,52.85,2628590
2019-07-25 07:00:00,53.25,53.25,52.37,52.61,1070900
2019-07-26 07:00:00,52.61,53.17,52.45,52.69,859570
2019-07-29 07:00:00,52.61,52.61,51.41,51.81,1297120
2019-07-30 07:00:00,51.81,52.37,51.57,51.73,878760
2019-07-31 07:00:00,51.73,52.45,51.73,52.45,1004830
2019-08-01 07:00:00,52.21,52.45,51.89,52.05,525830
2019-08-02 07:00:00,51.33,52.29,50.85,52.05,960480
2019-08-05 07:00:00,52.05,52.05,50.53,50.53,1319140
2019-08-06 07:00:00,49.25,49.97,49.01,49.09,1304750
2019-08-07 07:00:00,49.25,49.97,49.01,49.65,797090
2019-08-08 07:00:00,49.25,50.13,49.17,49.81,457730
2019-08-09 07:00:00,49.81,50.05,49.65,49.81,347730
2019-08-12 07:00:00,49.81,50.05,49.49,49.97,383980
2019-08-13 07:00:00,49.97,50.85,49.65,50.61,691380
2019-08-14 07:00:00,50.69,50.93,49.97,49.97,267530
2019-08-15 07:00:00,48.93,49.57,48.85,49.25,462000
2019-08-16 07:00:00,49.25,49.97,49.25,49.97,399760
2019-08-19 07:00:00,49.97,50.45,49.97,50.13,150370
2019-08-20 07:00:00,50.13,50.21,49.89,50.05,689610
2019-08-21 07:00:00,50.05,50.61,49.97,50.13,562620
2019-08-22 07:00:00,50.29,50.29,50.05,50.13,125060
2019-08-23 07:00:00,50.37,50.37,49.49,49.65,192970
2019-08-26 07:00:00,49.17,49.25,48.45,48.69,594700
2019-08-27 07:00:00,48.85,49.09,48.45,49.01,569790
2019-08-28 07:00:00,49.33,49.33,48.69,48.85,279140
2019-08-29 07:00:00,49.01,49.01,48.61,48.85,401390
2019-08-30 07:00:00,49.01,49.49,48.93,49.25,266590
2019-09-03 07:00:00,49.17,49.33,48.61,48.61,191130
2019-09-04 07:00:00,49.17,48.69,47.97,48.61,339310
2019-09-05 07:00:00,48.69,49.01,48.61,48.85,203850
2019-09-06 07:00:00,49.01,49.01,48.53,48.53,121490
2019-09-09 07:00:00,48.53,49.73,48.45,49.57,384500
2019-09-10 07:00:00,49.57,50.37,49.57,49.65,512930
2019-09-11 07:00:00,49.73,49.89,48.77,49.25,151290
2019-09-12 07:00:00,49.57,49.65,49.09,49.25,124610
2019-09-13 07:00:00,48.85,49.89,48.85,49.49,183100
2019-09-16 07:00:00,50.45,50.61,49.89,50.13,485880
2019-09-17 07:00:00,50.21,50.29,49.65,50.05,143200
2019-09-18 07:00:00,49.97,49.97,49.01,49.09,405970
2019-09-19 07:00:00,49.09,49.25,48.77,48.93,216260
2019-09-20 07:00:00,48.93,49.25,48.93,49.01,312880
2019-09-23 07:00:00,49.01,49.49,49.01,49.33,283030
2019-09-24 07:00:00,49.33,49.33,48.77,48.77,356990
2019-09-25 07:00:00,48.77,48.77,48.21,48.21,426000
2019-09-26 07:00:00,48.21,48.53,48.05,48.53,353370
2019-09-27 07:00:00,48.37,49.01,48.29,48.45,338900
2019-09-30 07:00:00,48.69,48.77,48.29,48.45,328980
2019-10-01 07:00:00,48.45,48.77,48.21,48.53,259680
2019-10-02 07:00:00,48.53,48.69,48.13,48.13,318030
2019-10-03 07:00:00,48.05,48.13,47.33,48.05,286780
2019-10-04 07:00:00,47.65,47.65,46.45,46.45,1596720
2019-10-07 07:00:00,46.45,47.09,46.45,46.61,514690
2019-10-08 07:00:00,46.61,46.77,46.37,46.69,350280
2019-10-09 07:00:00,46.61,46.61,46.21,46.29,391020
2019-10-10 07:00:00,46.21,46.61,45.57,45.57,559760
2019-10-11 07:00:00,45.65,46.85,45.65,46.85,485200
2019-10-14 07:00:00,47.25,47.41,46.93,46.93,242490
2019-10-15 07:00:00,46.93,47.09,46.85,46.93,184230
2019-10-16 07:00:00,46.93,47.01,46.45,46.53,267570
2019-10-17 07:00:00,46.53,46.85,45.97,46.13,251210
2019-10-18 07:00:00,46.45,46.61,46.21,46.37,132570
2019-10-21 07:00:00,45.89,46.37,45.89,46.05,127700
2019-10-22 07:00:00,45.89,46.29,45.89,46.05,113800
2019-10-23 07:00:00,46.13,46.45,45.73,45.81,158830
2019-10-24 07:00:00,45.81,46.05,45.81,46.05,91820
2019-10-25 07:00:00,46.29,46.29,46.05,46.29,79760
2019-10-28 07:00:00,46.13,46.69,46.13,46.45,176010
2019-10-29 07:00:00,46.29,46.93,46.29,46.69,221780
2019-10-30 07:00:00,46.61,47.89,46.53,47.49,440360
2019-10-31 07:00:00,47.49,47.65,47.17,47.49,173690
2019-11-01 07:00:00,47.25,47.65,46.85,47.57,217150
2019-11-04 07:00:00,47.65,48.21,47.65,47.73,415000
2019-11-05 07:00:00,47.81,47.97,47.65,47.81,185570
2019-11-06 07:00:00,47.81,47.81,47.41,47.41,103730
2019-11-07 07:00:00,47.57,47.57,47.09,47.17,265630
2019-11-08 07:00:00,47.09,47.41,47.09,47.25,207400
2019-11-11 07:00:00,47.25,47.57,47.09,47.33,152130
2019-11-12 07:00:00,47.33,48.13,47.25,47.73,695520
2019-11-13 07:00:00,47.89,48.13,47.65,47.73,470780
2019-11-14 07:00:00,47.73,48.45,47.73,48.13,467570
2019-11-15 07:00:00,48.13,48.21,47.97,47.97,253570
2019-11-18 07:00:00,48.61,48.61,47.41,47.41,205630
2019-11-19 07:00:00,47.73,48.05,47.41,48.05,219050
2019-11-20 07:00:00,47.81,48.05,47.65,47.81,306300
2019-11-21 07:00:00,47.81,47.97,47.57,47.81,130770
2019-11-22 07:00:00,47.65,47.81,46.61,46.77,321550
2019-11-25 07:00:00,46.77,47.33,46.77,47.25,271420
2019-11-26 07:00:00,47.49,47.81,47.33,47.41,198130
2019-11-27 07:00:00,47.49,47.57,46.93,46.93,147990
2019-11-28 07:00:00,47.09,47.33,46.29,46.45,133830
2019-11-29 07:00:00,46.61,46.85,45.97,46.13,96980
2019-12-02 07:00:00,46.29,46.53,45.41,45.41,136100
2019-12-03 07:00:00,45.41,45.41,44.76,44.76,225720
2019-12-04 07:00:00,44.76,45.65,44.68,45.65,113620
2019-12-05 07:00:00,45.65,45.65,45.08,45.08,88040
2019-12-06 07:00:00,45.57,45.57,45.08,45.16,19860
2019-12-09 07:00:00,45.16,45.57,45.08,45.08,81150
2019-12-10 07:00:00,45.08,45.08,43.48,44.52,222890
2019-12-11 07:00:00,44.68,44.68,43.48,43.8,208350
2019-12-12 07:00:00,43.88,44.36,43.88,44.2,125260
2019-12-13 07:00:00,44.28,44.6,44.2,44.36,127970
2019-12-16 07:00:00,44.76,45.0,44.44,45.0,120880
2019-12-17 07:00:00,45.0,45.08,44.44,44.52,67180
2019-12-18 07:00:00,44.28,44.52,44.28,44.52,121920
2019-12-19 07:00:00,44.84,44.92,44.12,44.36,60710
2019-12-20 07:00:00,44.36,45.57,44.36,45.57,205110
2019-12-23 07:00:00,45.57,45.89,44.84,44.92,155940
2019-12-24 07:00:00,44.92,45.41,44.92,44.92,88060
2019-12-25 07:00:00,45.57,45.57,44.76,44.92,113790
2019-12-26 07:00:00,44.76,44.92,44.68,44.76,73400
2019-12-27 07:00:00,44.68,45.32,44.52,45.16,68050
2019-12-30 07:00:00,45.41,45.41,44.76,44.84,102990
2019-12-31 07:00:00,45.16,45.16,44.44,44.84,75980
2020-01-02 07:00:00,44.92,45.73,44.36,45.24,380760
2020-01-03 07:00:00,45.32,46.53,45.32,45.73,586600
2020-01-06 07:00:00,46.45,46.45,45.73,45.89,497990
2020-01-07 07:00:00,46.05,46.05,45.16,45.24,290780
2020-01-08 07:00:00,45.65,45.65,44.52,44.6,237220
2020-01-09 07:00:00,44.6,45.08,44.6,45.0,128140
2020-01-10 07:00:00,45.0,45.24,44.6,44.6,135340
2020-01-13 07:00:00,44.6,45.0,44.52,44.76,166780
2020-01-14 07:00:00,44.68,44.68,44.2,44.44,94530
2020-01-15 07:00:00,44.44,44.44,43.8,44.36,176290
2020-01-16 07:00:00,44.44,44.92,44.2,44.6,176180
2020-01-17 07:00:00,44.84,45.49,44.84,45.0,128190
2020-01-20 07:00:00,45.0,45.16,44.6,44.84,265570
2020-01-21 07:00:00,45.16,45.65,45.08,45.57,605240
2020-01-22 07:00:00,45.57,46.21,45.57,45.89,392620
2020-01-30 07:00:00,44.84,45.49,44.36,44.36,314560
2020-01-31 07:00:00,44.6,44.6,42.44,42.44,672920
2020-02-03 07:00:00,39.68,41.16,39.48,40.84,594560
2020-02-04 07:00:00,41.48,41.64,40.04,40.6,578180
2020-02-05 07:00:00,40.68,41.64,40.68,41.24,186410
2020-02-06 07:00:00,41.24,41.88,41.0,41.64,547380
2020-02-07 07:00:00,41.88,42.04,41.4,41.48,345610
2020-02-10 07:00:00,41.08,41.48,40.6,41.32,357180
2020-02-11 07:00:00,41.32,42.28,41.24,42.28,427820
2020-02-12 07:00:00,42.28,42.52,42.28,42.36,637550
2020-02-13 07:00:00,42.28,43.08,42.28,42.68,506100
2020-02-14 07:00:00,42.68,43.0,42.6,42.68,612290
2020-02-17 07:00:00,42.68,42.76,42.2,42.52,371440
2020-02-18 07:00:00,42.44,42.44,42.12,42.28,254370
2020-02-19 07:00:00,42.36,42.68,42.28,42.36,337410
2020-02-20 07:00:00,42.68,42.84,42.52,42.6,292760
2020-02-21 07:00:00,42.76,42.76,42.28,42.28,288010
2020-02-24 07:00:00,41.24,41.64,40.28,40.52,441450
2020-02-25 07:00:00,40.36,40.84,40.12,40.68,282590
2020-02-26 07:00:00,40.6,40.6,40.12,40.12,290260
2020-02-27 07:00:00,40.12,41.0,40.12,41.0,238530
2020-02-28 07:00:00,40.2,41.72,40.2,41.32,290640
2020-03-02 07:00:00,41.32,41.32,40.68,40.68,135280
2020-03-03 07:00:00,40.84,41.24,40.28,40.28,241940
2020-03-04 07:00:00,40.28,40.52,40.2,40.28,149030
2020-03-05 07:00:00,40.6,40.68,40.28,40.28,165440
2020-03-06 07:00:00,40.2,40.2,39.72,39.8,167080
2020-03-09 07:00:00,37.04,38.44,37.04,37.04,262470
2020-03-10 07:00:00,34.47,36.04,34.47,35.07,518640
2020-03-11 07:00:00,35.88,35.88,32.63,32.75,385470
2020-03-12 07:00:00,32.03,32.03,30.47,30.47,465400
2020-03-13 07:00:00,28.35,30.43,28.35,28.95,845640
2020-03-16 07:00:00,29.07,30.59,29.07,29.47,632180
2020-03-17 07:00:00,29.63,31.51,29.23,31.51,535980
2020-03-18 07:00:00,32.75,33.71,32.03,33.71,880510
2020-03-19 07:00:00,33.39,33.47,32.11,32.11,510280
2020-03-20 07:00:00,32.83,33.23,32.11,32.51,381290
2020-03-23 07:00:00,31.31,31.71,30.27,30.27,585750
2020-03-24 07:00:00,30.27,30.35,28.35,30.03,1147220
2020-03-25 07:00:00,30.83,32.11,30.83,32.11,469810
2020-03-26 07:00:00,32.03,32.83,31.23,31.59,418920
2020-03-27 07:00:00,31.23,31.71,30.51,31.63,713230
2020-03-30 07:00:00,29.61,31.59,29.61,30.2,728950
2020-03-31 07:00:00,30.37,31.59,29.94,30.79,383160
2020-04-01 07:00:00,30.79,32.9,30.37,32.81,595360
2020-04-03 07:00:00,33.91,34.08,33.15,33.66,851510
2020-04-06 07:00:00,34.41,34.63,33.66,33.82,1924660
2020-04-07 07:00:00,32.98,33.23,32.14,32.77,1194700
2020-04-08 07:00:00,32.39,32.73,32.05,32.39,941540
2020-04-09 07:00:00,32.9,34.58,32.9,33.74,1936030
2020-04-10 07:00:00,33.82,35.01,33.4,34.37,1638300
2020-04-13 07:00:00,34.5,34.92,34.04,34.04,1328310
2020-04-14 07:00:00,34.04,34.04,32.9,33.4,1122090
2020-04-15 07:00:00,33.4,34.12,33.02,33.66,1210150
2020-04-16 07:00:00,33.74,34.92,33.61,34.58,1953570
2020-04-17 07:00:00,35.09,35.13,34.54,34.92,1594470
2020-04-20 07:00:00,34.92,37.2,34.92,37.03,2466850
2020-04-21 07:00:00,35.01,36.19,34.46,34.46,2649020
2020-04-22 07:00:00,32.9,34.41,32.73,34.33,1125610
2020-04-23 07:00:00,35.09,35.09,34.16,34.33,1233190
2020-04-24 07:00:00,34.58,35.01,34.25,34.88,1094050
2020-04-27 07:00:00,34.88,34.88,33.87,33.91,1102230
2020-04-28 07:00:00,33.91,34.16,32.94,33.49,1226410
2020-04-29 07:00:00,33.99,34.25,33.49,33.99,707440
2020-05-04 07:00:00,34.88,34.88,33.74,33.82,883050
2020-05-05 07:00:00,33.32,34.29,33.32,34.08,545090
2020-05-06 07:00:00,34.75,35.68,34.5,35.38,1700870
2020-05-07 07:00:00,35.43,35.76,35.09,35.47,1269830
2020-05-08 07:00:00,35.6,37.92,35.6,36.95,2375610
2020-05-11 07:00:00,37.37,37.54,36.82,37.37,1344010
2020-05-12 07:00:00,37.37,38.8,36.61,38.42,1799500
2020-05-13 07:00:00,38.42,39.22,37.62,38.51,1755200
2020-05-14 07:00:00,38.46,38.63,37.83,38.46,995730
2020-05-15 07:00:00,38.72,38.76,37.54,37.54,1240110
2020-05-18 07:00:00,37.54,38.38,37.54,38.25,851610
2020-05-19 07:00:00,40.07,40.07,39.05,39.48,1378600
2020-05-20 07:00:00,38.89,39.52,38.89,39.52,738990
2020-05-21 07:00:00,39.64,40.07,39.22,39.64,1019750
2020-05-22 07:00:00,39.56,39.56,38.97,39.14,795930
2020-05-25 07:00:00,39.14,39.48,38.38,39.1,625220
2020-05-26 07:00:00,39.64,39.64,39.14,39.56,626270
2020-05-27 07:00:00,39.64,40.19,39.56,39.56,958690
2020-05-28 07:00:00,39.56,39.64,39.27,39.48,458950
2020-05-29 07:00:00,39.48,39.52,38.84,38.93,806010
2020-06-01 07:00:00,38.93,39.39,38.93,39.05,817190
2020-06-02 07:00:00,39.48,39.73,38.93,39.14,1306180
2020-06-03 07:00:00,39.56,39.64,39.22,39.39,508870
2020-06-04 07:00:00,39.64,39.98,39.56,39.77,868580
2020-06-05 07:00:00,39.81,39.81,38.3,39.64,586880
2020-06-08 07:00:00,39.98,40.57,39.9,40.49,1541960
2020-06-09 07:00:00,40.49,40.57,39.98,40.15,670760
2020-06-10 07:00:00,40.15,40.24,39.31,40.24,690860
2020-06-11 07:00:00,40.49,40.49,37.45,37.45,997810
2020-06-12 07:00:00,36.19,38.13,36.19,38.13,1063220
2020-06-15 07:00:00,38.38,38.38,36.95,37.11,638070
2020-06-16 07:00:00,37.2,38.13,37.2,37.37,1056690
2020-06-17 07:00:00,37.37,38.67,37.37,38.59,2149680
2020-06-18 07:00:00,38.46,39.81,38.46,39.39,1266690
2020-06-19 07:00:00,39.81,39.81,38.72,38.8,1795970
2020-06-22 07:00:00,38.8,39.05,38.04,38.8,1997120
2020-06-23 07:00:00,38.72,39.22,38.04,39.01,2106770
2020-06-24 07:00:00,39.01,39.01,38.3,38.72,1882350
2020-06-25 07:00:00,38.3,38.72,37.79,38.67,1579880
2020-06-26 07:00:00,38.8,38.97,38.21,38.63,1794130
2020-06-29 07:00:00,38.51,38.51,37.33,37.54,2141710
2020-06-30 07:00:00,37.54,38.13,37.11,37.54,1473030
2020-07-01 07:00:00,37.62,38.13,37.11,38.04,1510610
2020-07-02 07:00:00,38.3,38.46,37.49,38.38,1347150
2020-07-03 07:00:00,38.38,38.97,38.13,38.76,599290
2020-07-06 07:00:00,38.76,39.22,38.59,39.14,810350
2020-07-07 07:00:00,39.48,39.48,38.8,39.22,583010
2020-07-08 07:00:00,39.22,39.22,38.8,39.22,467240
2020-07-09 07:00:00,39.22,39.39,38.97,39.27,678930
2020-07-10 07:00:00,39.14,39.22,38.93,39.1,340000
2020-07-13 07:00:00,39.05,39.22,39.01,39.14,580920
2020-07-14 07:00:00,39.05,39.14,38.59,39.14,425960
2020-07-15 07:00:00,39.22,39.31,39.01,39.18,468770
2020-07-16 07:00:00,39.31,39.9,39.31,39.52,878460
2020-07-17 07:00:00,39.52,40.74,39.48,40.07,1335770
2020-07-20 07:00:00,39.73,39.86,39.1,39.14,574960
2020-07-21 07:00:00,39.18,39.22,38.42,38.72,439810
2020-07-22 07:00:00,39.14,39.14,37.96,38.21,720410
2020-07-23 07:00:00,38.21,38.93,38.0,38.8,368860
2020-07-24 07:00:00,38.63,38.8,37.07,38.3,876920
2020-07-27 07:00:00,35.85,37.03,35.64,35.64,1119400
2020-07-28 07:00:00,35.68,37.96,35.51,36.78,552420
2020-07-29 07:00:00,36.27,36.69,34.63,35.05,399820
2020-07-30 07:00:00,35.43,35.85,35.26,35.6,173730
2020-07-31 07:00:00,35.26,35.93,34.58,35.6,359580
2020-08-03 07:00:00,35.43,37.24,35.43,36.9,528550
2020-08-04 07:00:00,36.9,37.54,36.35,37.54,382000
2020-08-05 07:00:00,37.28,37.79,37.2,37.49,234150
2020-08-06 07:00:00,37.45,37.79,37.16,37.62,432920
2020-08-07 07:00:00,37.62,37.7,37.37,37.62,221640
2020-08-10 07:00:00,37.62,38.3,37.62,38.13,310330
2020-08-11 07:00:00,38.13,38.59,38.08,38.55,549990
2020-08-12 07:00:00,38.55,39.22,38.55,39.22,660600
2020-08-13 07:00:00,39.22,39.64,39.1,39.31,380300
2020-08-14 07:00:00,38.97,39.35,38.93,39.31,509440
2020-08-17 07:00:00,39.01,39.22,38.76,38.97,225870
2020-08-18 07:00:00,39.01,39.01,38.76,38.84,88390
2020-08-19 07:00:00,38.84,39.64,38.72,39.64,562910
2020-08-20 07:00:00,39.64,39.77,39.05,39.1,429540
2020-08-21 07:00:00,39.1,39.52,39.1,39.27,548520
2020-08-24 07:00:00,39.56,40.99,39.56,40.91,1037310
2020-08-25 07:00:00,41.33,42.6,41.33,42.51,1227490
2020-08-26 07:00:00,42.51,43.44,42.51,43.36,1298440
2020-08-27 07:00:00,43.36,44.71,43.36,44.54,3326890
2020-08-28 07:00:00,44.54,44.71,43.86,44.12,3804130
2020-08-31 07:00:00,43.95,44.79,43.86,44.28,3631670
2020-09-01 07:00:00,44.71,44.71,43.95,44.62,2076920
2020-09-03 07:00:00,44.97,45.22,44.19,44.79,2055830
2020-09-04 07:00:00,43.85,44.79,43.59,44.36,2920060
2020-09-07 07:00:00,44.28,44.62,43.68,43.93,2220460
2020-09-08 07:00:00,44.28,44.54,43.68,44.02,1444420
2020-09-09 07:00:00,43.68,43.85,43.42,43.76,1610170
2020-09-10 07:00:00,43.93,44.02,42.99,43.07,1510640
2020-09-11 07:00:00,43.07,43.25,42.73,42.73,1431590
2020-09-14 07:00:00,42.9,42.99,42.69,42.82,1309320
2020-09-15 07:00:00,42.82,42.9,42.13,42.56,1658590
2020-09-16 07:00:00,42.73,43.68,42.73,43.68,221840
2020-09-17 07:00:00,43.85,43.93,42.86,42.99,210810
2020-09-18 07:00:00,42.99,43.5,42.99,43.33,518560
2020-09-21 07:00:00,43.76,43.76,43.25,43.59,473020
2020-09-22 07:00:00,43.59,43.59,43.16,43.33,170700
2020-09-23 07:00:00,43.33,44.45,43.16,44.36,583370
2020-09-24 07:00:00,44.45,44.54,43.85,44.45,273970
2020-09-25 07:00:00,44.28,44.45,43.76,44.36,178820
2020-09-28 07:00:00,44.45,44.45,43.85,44.11,177110
2020-09-29 07:00:00,44.02,44.36,43.5,43.5,244710
2020-09-30 07:00:00,43.5,43.68,42.99,43.25,178430
2020-10-01 07:00:00,43.85,43.85,43.42,43.68,145990
2020-10-02 07:00:00,43.5,43.68,43.16,43.5,232550
2020-10-05 07:00:00,43.5,43.59,43.16,43.16,256340
2020-10-06 07:00:00,43.68,43.68,43.07,43.16,245460
2020-10-07 07:00:00,42.99,43.25,42.9,42.9,485060
2020-10-08 07:00:00,42.99,43.16,42.82,42.82,137770
2020-10-09 07:00:00,42.82,43.16,42.77,42.77,218150
2020-10-12 07:00:00,42.82,42.99,42.34,42.43,282010
2020-10-13 07:00:00,42.39,42.9,42.34,42.43,167150
2020-10-14 07:00:00,42.43,42.56,42.3,42.56,678810
2020-10-15 07:00:00,42.9,43.5,42.82,42.82,460270
2020-10-16 07:00:00,42.64,43.16,42.64,42.94,251320
2020-10-19 07:00:00,42.99,42.99,42.39,42.43,678150
2020-10-20 07:00:00,42.13,42.56,41.83,42.21,571730
2020-10-21 07:00:00,42.21,42.56,41.87,42.04,287910
2020-10-22 07:00:00,42.13,42.47,41.74,42.47,179460
2020-10-23 07:00:00,42.73,42.73,42.21,42.56,238360
2020-10-26 07:00:00,42.56,42.99,42.3,42.99,266000
2020-10-27 07:00:00,42.56,42.99,42.39,42.47,163610
2020-10-28 07:00:00,41.96,42.3,40.84,40.84,247080
2020-10-29 07:00:00,40.67,41.7,40.58,41.44,211090
2020-10-30 07:00:00,41.44,42.13,40.49,42.13,523960
2020-11-02 07:00:00,41.7,41.87,41.48,41.57,122440
2020-11-03 07:00:00,41.87,41.96,41.53,41.53,80450
2020-11-04 07:00:00,41.61,42.26,41.61,41.96,199140
2020-11-05 07:00:00,42.04,42.26,41.87,41.87,255810
2020-11-06 07:00:00,41.91,41.96,41.27,41.53,147850
2020-11-09 07:00:00,41.53,41.87,41.53,41.7,266160
2020-11-10 07:00:00,42.9,42.9,38.82,42.0,1107700
2020-11-11 07:00:00,42.13,42.64,41.57,42.0,512860
2020-11-12 07:00:00,42.0,42.21,41.66,41.78,356940
2020-11-13 07:00:00,41.53,41.96,41.31,41.96,459050
2020-11-16 07:00:00,42.13,42.39,41.4,41.4,896740
2020-11-17 07:00:00,41.61,41.78,41.4,41.61,468290
2020-11-18 07:00:00,41.78,41.91,41.57,41.61,485750
2020-11-19 07:00:00,41.87,44.19,41.78,43.59,1877310
2020-11-20 07:00:00,43.76,43.93,43.5,43.5,705480
2020-11-23 07:00:00,43.59,44.11,42.9,43.59,776920
2020-11-24 07:00:00,43.68,43.76,42.64,43.16,886820
2020-11-25 07:00:00,43.85,43.85,43.16,43.33,694950
2020-11-26 07:00:00,43.25,44.88,43.16,44.19,1630020
2020-11-27 07:00:00,44.19,44.62,43.76,44.11,627770
2020-11-30 07:00:00,44.19,44.36,43.68,43.68,515420
2020-12-01 07:00:00,42.99,43.68,42.56,43.5,907360
2020-12-02 07:00:00,43.5,44.19,42.99,43.76,632830
2020-12-03 07:00:00,44.11,44.11,43.25,43.5,688180
2020-12-04 07:00:00,43.76,44.36,43.5,43.68,901290
2020-12-07 07:00:00,44.19,44.19,43.85,44.11,534840
2020-12-08 07:00:00,44.11,44.19,43.5,43.59,768990
2020-12-09 07:00:00,43.76,45.57,43.59,44.97,1540750
2020-12-10 07:00:00,44.97,45.57,44.36,44.36,906890
2020-12-11 07:00:00,45.14,45.57,44.45,45.57,1131390
2020-12-14 07:00:00,45.82,46.86,45.74,46.86,1162870
2020-12-15 07:00:00,46.43,47.29,46.0,46.34,1249090
2020-12-16 07:00:00,46.25,46.43,46.0,46.17,651030
2020-12-17 07:00:00,45.91,46.17,44.54,44.97,1365140
2020-12-18 07:00:00,44.97,46.25,44.97,46.25,839990
2020-12-21 07:00:00,46.43,46.51,45.74,46.43,838750
2020-12-22 07:00:00,45.74,46.25,45.57,45.74,640360
2020-12-23 07:00:00,45.65,46.68,45.65,45.65,866960
2020-12-24 07:00:00,45.91,46.25,42.56,45.31,833500
2020-12-25 07:00:00,45.4,45.74,44.71,45.65,394190
2020-12-28 07:00:00,46.25,47.63,45.65,47.11,1758050
2020-12-29 07:00:00,47.29,47.89,46.51,47.03,1165010
2020-12-30 07:00:00,47.2,47.72,46.86,47.2,456950
2020-12-31 07:00:00,46.94,47.29,46.86,46.94,566460
2021-01-04 07:00:00,47.29,48.06,46.94,47.2,1330000
2021-01-05 07:00:00,47.29,47.8,46.94,47.37,746800
2021-01-06 07:00:00,48.06,48.75,47.46,47.54,691800
2021-01-07 07:00:00,47.72,48.4,47.46,47.8,755500
2021-01-08 07:00:00,48.23,49.61,47.97,48.32,1314800
2021-01-11 07:00:00,49.78,50.3,48.92,49.26,1140700
2021-01-12 07:00:00,49.35,49.78,48.83,49.26,656300
2021-01-13 07:00:00,49.78,49.87,48.92,49.01,792700
2021-01-14 07:00:00,48.66,49.18,48.15,48.32,1187700
2021-01-15 07:00:00,48.32,48.66,47.54,48.15,1236000
2021-01-18 07:00:00,48.15,49.18,47.72,48.23,1240800
2021-01-19 07:00:00,48.58,48.58,45.14,45.57,805900
2021-01-20 07:00:00,45.74,46.43,44.71,45.82,1368100
2021-01-21 07:00:00,46.68,47.29,46.0,47.2,961300
2021-01-22 07:00:00,47.29,47.97,46.68,46.68,990800
2021-01-25 07:00:00,47.11,47.11,46.34,46.34,906400
2021-01-26 07:00:00,46.34,46.86,44.79,45.22,1198900
2021-01-27 07:00:00,45.22,45.48,43.5,43.59,1168700
2021-01-28 07:00:00,41.87,42.82,40.58,40.58,1593800
2021-01-29 07:00:00,39.12,43.42,39.12,42.13,734900
2021-02-01 07:00:00,42.13,42.99,41.35,41.7,693200
2021-02-02 07:00:00,41.7,43.07,41.44,42.73,1078600
2021-02-03 07:00:00,42.9,44.02,42.9,43.42,707800
2021-02-04 07:00:00,43.85,44.11,43.25,44.11,364700
2021-02-05 07:00:00,44.11,44.88,44.11,44.88,570400
2021-02-08 07:00:00,45.4,46.43,43.07,44.71,2088700
2021-02-09 07:00:00,44.28,45.65,43.68,45.57,1327100
2021-02-17 07:00:00,46.68,47.97,45.65,47.89,1271200
2021-02-18 07:00:00,48.06,48.4,47.72,48.23,1304600
2021-02-19 07:00:00,47.8,48.4,47.46,48.32,1466000
2021-02-22 07:00:00,48.32,49.87,48.23,49.18,2133700
2021-02-23 07:00:00,49.78,49.78,48.4,48.83,1314000
2021-02-24 07:00:00,49.87,49.87,48.4,49.26,1965900
2021-02-25 07:00:00,49.87,50.73,49.26,50.21,2473000
2021-02-26 07:00:00,49.01,50.04,49.01,50.04,1319300
2021-03-01 07:00:00,50.12,50.81,50.04,50.73,5292000
2021-03-02 07:00:00,51.16,51.24,50.3,50.38,3858000
2021-03-03 07:00:00,50.38,50.47,49.95,50.3,4286300
2021-03-04 07:00:00,50.3,50.64,48.15,49.69,4348500
2021-03-05 07:00:00,49.95,50.3,49.44,49.87,4894700
2021-03-08 07:00:00,50.9,50.9,49.78,50.21,3852200
2021-03-09 07:00:00,49.87,49.87,48.58,48.66,4097200
2021-03-10 07:00:00,48.58,48.66,47.8,47.97,4298000
2021-03-11 07:00:00,48.23,49.01,47.54,47.8,2905500
2021-03-12 07:00:00,48.32,48.58,47.8,47.8,2127200
2021-03-15 07:00:00,47.46,49.87,47.46,49.09,4551600
2021-03-16 07:00:00,49.01,49.87,48.32,49.69,4964600
2021-03-17 07:00:00,49.18,49.78,49.18,49.69,4739600
2021-03-18 07:00:00,49.69,49.78,49.44,49.61,3442900
2021-03-19 07:00:00,48.75,49.01,47.8,48.4,4493400
2021-03-22 07:00:00,48.4,48.83,48.15,48.15,963700
2021-03-23 07:00:00,48.15,49.52,47.97,49.18,1753800
2021-03-24 07:00:00,48.83,48.83,48.15,48.4,1694900
2021-03-25 07:00:00,48.23,48.58,47.97,48.32,889500
2021-03-26 07:00:00,48.06,48.15,45.57,48.06,1148200
2021-03-29 07:00:00,48.58,48.66,47.8,47.8,662600
2021-03-30 07:00:00,47.8,48.23,47.63,47.72,969300
2021-03-31 07:00:00,47.72,48.75,47.37,47.37,935900
2021-04-01 07:00:00,47.37,48.49,47.37,48.4,679900
2021-04-02 07:00:00,48.66,49.01,48.49,48.58,1046700
2021-04-05 07:00:00,49.44,49.44,47.8,48.06,1662400
2021-04-06 07:00:00,47.63,48.15,47.54,47.97,1105900
2021-04-07 07:00:00,47.72,47.97,47.54,47.97,1256900
2021-04-08 07:00:00,48.15,48.4,47.8,48.06,740900
2021-04-09 07:00:00,48.06,48.4,47.89,48.06,749700
2021-04-12 07:00:00,47.72,48.15,47.72,48.06,1616600
2021-04-13 07:00:00,48.15,48.23,47.2,47.2,1443600
2021-04-14 07:00:00,47.2,47.72,46.77,47.46,844600
2021-04-15 07:00:00,47.8,48.32,46.25,46.77,2122700
2021-04-16 07:00:00,46.94,46.94,44.71,45.4,1472100
2021-04-19 07:00:00,45.4,45.74,45.14,45.14,1408700
2021-04-20 07:00:00,45.57,46.43,45.14,45.48,1359900
2021-04-22 07:00:00,44.79,45.48,43.85,43.85,1485700
2021-04-23 07:00:00,43.85,44.19,43.33,43.85,2184900
2021-04-26 07:00:00,44.71,44.71,42.69,42.94,1127800
2021-04-27 07:00:00,42.94,42.99,41.78,41.78,2050800
2021-04-28 07:00:00,41.96,43.16,41.87,42.99,1396000
2021-04-29 07:00:00,43.42,43.5,42.64,43.25,1037100
2021-05-04 07:00:00,42.99,42.99,42.13,42.69,1098200
2021-05-05 07:00:00,43.42,44.88,43.16,43.76,1453500
2021-05-06 07:00:00,42.56,44.54,42.56,43.68,1035200
2021-05-07 07:00:00,43.5,43.76,43.07,43.59,1861800
2021-05-10 07:00:00,43.68,46.0,43.59,45.82,2939400
2021-05-11 07:00:00,46.0,46.17,45.57,45.57,1711900
2021-05-12 07:00:00,45.4,46.08,45.4,45.82,2193100
2021-05-13 07:00:00,45.91,46.68,45.74,46.43,2040100
2021-05-14 07:00:00,46.6,47.2,46.43,47.11,2380600
2021-05-17 07:00:00,47.72,47.8,46.34,46.43,2314100
2021-05-18 07:00:00,46.43,46.77,46.0,46.43,2399700
2021-05-19 07:00:00,46.86,47.54,46.51,46.6,2808800
2021-05-20 07:00:00,46.94,47.11,46.0,46.77,1480900
2021-05-21 07:00:00,46.68,49.35,46.25,49.35,2248400
2021-05-24 07:00:00,48.66,48.66,47.8,48.4,3111800
2021-05-25 07:00:00,48.4,48.49,47.8,48.32,3987700
2021-05-26 07:00:00,48.15,48.15,47.37,47.54,4817200
2021-05-27 07:00:00,47.29,47.46,46.25,46.34,4228500
2021-05-28 07:00:00,46.86,47.29,46.25,47.11,4141900
2021-05-31 07:00:00,46.6,47.29,46.51,46.94,4350300
2021-06-01 07:00:00,47.29,47.8,46.86,47.03,2062500
2021-06-02 07:00:00,47.29,48.15,47.03,47.46,4807300
2021-06-03 07:00:00,48.06,48.06,47.37,47.63,4369300
2021-06-04 07:00:00,47.63,49.44,46.94,49.18,5913000
2021-06-07 07:00:00,49.69,49.87,47.29,48.66,6463900
2021-06-08 07:00:00,48.15,48.49,46.94,47.03,5831000
2021-06-09 07:00:00,46.94,47.2,45.65,46.25,4049700
2021-06-10 07:00:00,46.17,46.25,44.88,45.14,3102600
2021-06-11 07:00:00,45.57,46.6,45.22,46.43,5131500
2021-06-14 07:00:00,47.11,47.63,46.51,47.29,6387700
2021-06-15 07:00:00,47.2,47.72,46.43,47.11,7003300
2021-06-16 07:00:00,47.37,48.83,47.37,48.15,4148100
2021-06-17 07:00:00,47.72,49.09,47.29,48.75,3096600
2021-06-18 07:00:00,48.58,48.92,48.32,48.58,2319300
2021-06-21 07:00:00,49.09,50.81,48.92,50.38,6573200
2021-06-22 07:00:00,50.98,51.16,50.3,50.38,3673900
2021-06-23 07:00:00,50.47,50.64,49.42,49.59,2790000
2021-06-24 07:00:00,49.33,49.94,48.8,49.15,2592500
2021-06-25 07:00:00,49.15,49.94,48.89,49.59,1839500
2021-06-28 07:00:00,50.47,50.47,49.77,50.12,2439700
2021-06-29 07:00:00,49.68,50.03,48.71,49.33,2488400
2021-06-30 07:00:00,49.07,49.5,48.1,48.1,2339900
2021-07-01 07:00:00,48.19,49.15,47.4,48.71,2307300
2021-07-02 07:00:00,49.33,49.42,48.54,48.63,1266800
2021-07-05 07:00:00,48.63,48.89,47.22,47.84,2150300
2021-07-06 07:00:00,48.71,48.71,45.38,45.38,1650600
2021-07-07 07:00:00,45.38,46.7,44.76,46.7,2287100
2021-07-08 07:00:00,45.73,46.52,45.55,45.91,1593300
2021-07-09 07:00:00,45.47,46.43,43.71,44.59,2491500
2021-07-12 07:00:00,44.85,44.85,42.39,43.58,2701900
2021-07-13 07:00:00,43.89,44.94,43.75,44.76,1200100
2021-07-14 07:00:00,45.03,45.47,43.97,44.68,1160000
2021-07-15 07:00:00,44.06,45.12,43.97,44.68,1030800
2021-07-16 07:00:00,44.76,45.2,44.68,44.85,1041300
2021-07-19 07:00:00,43.45,43.97,42.57,43.01,1312400
2021-07-20 07:00:00,42.83,43.36,41.96,43.32,1878300
2021-07-21 07:00:00,43.89,44.33,43.67,43.89,1131300
2021-07-22 07:00:00,43.89,44.94,43.89,44.68,784100
2021-07-23 07:00:00,44.41,44.68,43.97,44.06,1002500
2021-07-26 07:00:00,43.54,43.89,43.27,43.8,1069300
2021-07-27 07:00:00,44.33,44.68,43.89,44.15,975000
2021-07-28 07:00:00,44.06,44.59,43.89,44.33,464600
2021-07-29 07:00:00,44.33,44.76,43.84,44.76,1719000
2021-07-30 07:00:00,44.94,45.38,44.59,45.03,1306000
2021-08-02 07:00:00,45.2,45.64,44.85,45.2,872300
2021-08-03 07:00:00,45.2,45.29,44.68,44.94,1243400
2021-08-04 07:00:00,45.2,46.43,44.76,45.91,2070900
2021-08-05 07:00:00,45.99,46.43,45.55,45.99,806900
2021-08-06 07:00:00,46.34,46.78,46.17,46.43,1720900
2021-08-09 07:00:00,46.17,46.61,45.64,46.43,1710100
2021-08-10 07:00:00,46.34,47.31,46.08,47.22,4106100
2021-08-11 07:00:00,47.22,47.49,46.87,46.87,2800700
2021-08-12 07:00:00,46.52,47.13,46.52,46.52,2153600
2021-08-13 07:00:00,46.17,46.52,45.55,46.43,2831900
2021-08-16 07:00:00,46.26,46.26,44.76,45.73,1051300
2021-08-17 07:00:00,45.82,46.08,45.29,45.29,1354100
2021-08-18 07:00:00,45.29,45.55,45.03,45.29,1016100
2021-08-19 07:00:00,45.29,45.47,44.85,45.2,1008500
2021-08-20 07:00:00,45.38,45.38,43.45,43.54,1982900
2021-08-23 07:00:00,43.36,43.8,42.57,42.57,1795400
2021-08-24 07:00:00,43.01,43.27,42.57,42.83,1279500
2021-08-25 07:00:00,43.14,43.75,43.01,43.49,1156100
2021-08-26 07:00:00,43.58,43.97,42.75,42.75,754100
2021-08-27 07:00:00,42.61,43.45,42.61,43.45,797100
2021-08-30 07:00:00,43.8,43.97,43.36,43.49,831900
2021-08-31 07:00:00,43.89,43.89,43.45,43.62,1101500
2021-09-01 07:00:00,43.71,44.85,43.62,44.59,1320900
2021-09-06 07:00:00,44.94,45.55,44.59,44.85,1375400
2021-09-07 07:00:00,44.85,45.12,43.97,44.24,1205400
2021-09-08 07:00:00,44.24,44.33,43.27,43.27,915600
2021-09-09 07:00:00,43.45,44.59,43.45,44.41,746700
2021-09-10 07:00:00,44.68,44.76,44.33,44.33,702400
2021-09-13 07:00:00,44.59,44.85,44.15,44.15,1201200
2021-09-14 07:00:00,44.59,44.59,43.97,43.97,648500
2021-09-15 07:00:00,43.97,44.68,43.97,44.68,847800
2021-09-16 07:00:00,45.03,45.47,44.59,44.76,1014800
2021-09-17 07:00:00,45.03,45.03,44.5,44.5,893600
2021-09-20 07:00:00,44.5,45.03,43.89,43.89,1142300
2021-09-21 07:00:00,43.45,43.89,43.27,43.54,981600
2021-09-22 07:00:00,43.71,44.41,43.54,43.97,553000
2021-09-23 07:00:00,44.33,44.68,43.89,44.06,919700
2021-09-24 07:00:00,44.33,44.68,43.75,43.89,951000
2021-09-27 07:00:00,44.41,44.68,43.97,43.97,1496700
2021-09-28 07:00:00,44.06,45.29,43.97,44.85,2247200
2021-09-29 07:00:00,45.12,46.08,44.76,45.64,2210600
2021-09-30 07:00:00,45.91,45.99,45.2,45.29,969100
2021-10-01 07:00:00,45.03,45.91,44.94,45.55,2380900
2021-10-04 07:00:00,46.52,47.57,46.34,47.22,3732500
2021-10-05 07:00:00,47.84,47.84,47.05,47.31,1392800
2021-10-06 07:00:00,47.57,47.84,46.96,47.31,1460000
2021-10-07 07:00:00,46.96,47.84,46.08,47.4,2783100
2021-10-08 07:00:00,47.66,47.66,46.96,47.31,975300
2021-10-11 07:00:00,48.54,48.54,47.75,48.19,1873000
2021-10-12 07:00:00,48.19,48.63,47.57,48.28,2970900
2021-10-13 07:00:00,48.01,48.36,47.22,47.22,1768800
2021-10-14 07:00:00,47.31,47.66,47.13,47.31,1634100
2021-10-15 07:00:00,47.66,47.66,46.87,47.05,1830000
2021-10-18 07:00:00,47.22,48.19,47.13,47.75,2103700
2021-10-19 07:00:00,47.66,48.36,47.4,48.1,1198600
2021-10-20 07:00:00,48.19,48.19,46.7,47.31,1183600
2021-10-21 07:00:00,47.75,47.75,46.96,46.96,1128500
2021-10-22 07:00:00,46.96,47.31,46.26,46.43,1576000
2021-10-25 07:00:00,46.87,48.1,46.52,47.49,1068200
2021-10-26 07:00:00,48.1,48.98,47.66,47.92,2374600
2021-10-27 07:00:00,48.45,48.54,47.92,48.54,2086200
2021-10-28 07:00:00,48.36,48.54,47.92,48.1,1387500
2021-10-29 07:00:00,48.1,48.36,47.49,47.49,2289600
2021-11-01 07:00:00,47.31,48.1,47.13,47.31,1823500
2021-11-02 07:00:00,47.4,48.1,47.31,47.66,1890500
2021-11-03 07:00:00,47.84,48.01,46.52,46.52,1957500
2021-11-04 07:00:00,46.52,46.96,46.08,46.26,1526500
2021-11-05 07:00:00,46.43,48.28,46.43,47.31,2295000
2021-11-08 07:00:00,47.84,48.71,47.66,48.01,2207100
2021-11-09 07:00:00,47.92,48.1,47.57,47.84,1074200
2021-11-10 07:00:00,48.45,51.17,48.1,51.17,7387900
2021-11-11 07:00:00,52.75,53.1,51.52,52.49,5714300
2021-11-12 07:00:00,52.58,52.66,51.35,52.66,2450800
2021-11-15 07:00:00,52.75,54.24,51.96,52.75,3128700
2021-11-16 07:00:00,52.49,53.01,51.61,51.61,2612300
2021-11-17 07:00:00,51.43,54.51,51.35,54.51,4711400
2021-11-18 07:00:00,54.59,54.77,53.37,53.54,2574800
2021-11-19 07:00:00,54.24,54.24,49.94,52.14,5024900
2021-11-22 07:00:00,51.17,51.7,48.8,49.07,3031200
2021-11-23 07:00:00,49.07,50.03,48.8,50.03,2507800
2021-11-24 07:00:00,50.64,51.17,49.68,50.03,2281600
2021-11-25 07:00:00,50.29,51.79,50.03,50.91,2036100
2021-11-26 07:00:00,50.91,51.35,49.68,49.86,2760500
2021-11-29 07:00:00,48.63,48.63,47.4,48.19,2717900
2021-11-30 07:00:00,48.71,49.77,47.49,47.49,2727300
2021-12-01 07:00:00,47.4,48.36,47.4,47.66,1844900
2021-12-02 07:00:00,47.66,49.07,47.66,48.71,1186100
2021-12-03 07:00:00,48.71,48.71,46.78,46.78,1645400
2021-12-06 07:00:00,46.87,47.22,44.85,45.38,2038600
2021-12-07 07:00:00,45.99,46.96,45.73,46.96,989900
2021-12-08 07:00:00,47.4,48.1,47.13,47.22,1106400
2021-12-09 07:00:00,46.96,47.75,46.96,47.49,1421300
2021-12-10 07:00:00,47.22,47.31,46.52,46.78,1440600
2021-12-13 07:00:00,46.87,47.57,46.78,47.13,1316300
2021-12-14 07:00:00,47.13,48.1,46.96,47.84,1045000
2021-12-15 07:00:00,47.75,48.89,47.4,47.92,1358400
2021-12-16 07:00:00,48.1,48.36,47.66,48.19,1206700
2021-12-17 07:00:00,48.19,48.36,47.66,47.66,1023600
2021-12-20 07:00:00,47.57,47.57,46.17,46.52,1492900
2021-12-21 07:00:00,46.52,46.87,46.17,46.52,858300
2021-12-22 07:00:00,46.78,47.22,46.34,46.34,884600
2021-12-23 07:00:00,46.52,47.22,45.47,46.34,1667200
2021-12-24 07:00:00,46.87,47.31,46.43,46.52,597000
2021-12-27 07:00:00,46.78,47.49,46.7,47.49,972100
2021-12-28 07:00:00,48.01,48.01,47.13,47.22,888300
2021-12-29 07:00:00,47.31,47.57,47.13,47.4,668600
2021-12-30 07:00:00,47.75,48.1,47.4,47.4,551000
2021-12-31 07:00:00,47.49,47.92,47.13,47.31,872900
2022-01-04 07:00:00,47.75,49.5,47.4,49.07,2734500
2022-01-05 07:00:00,49.15,50.12,48.8,48.89,1640600
2022-01-06 07:00:00,48.89,49.77,48.45,48.71,1242900
2022-01-07 07:00:00,49.07,49.77,48.89,49.42,1521100
2022-01-10 07:00:00,49.77,49.94,48.28,48.28,1504200
2022-01-11 07:00:00,48.19,48.54,47.4,47.49,1115000
2022-01-12 07:00:00,49.15,49.15,47.13,48.1,1388500
2022-01-13 07:00:00,48.28,48.71,47.49,47.57,1055200
2022-01-14 07:00:00,47.4,48.28,47.13,48.28,884000
2022-01-17 07:00:00,49.15,49.59,46.96,47.05,1814400
2022-01-18 07:00:00,46.78,47.75,46.43,47.4,1129000
2022-01-19 07:00:00,47.84,47.92,47.13,47.49,1004200
2022-01-20 07:00:00,47.49,47.84,46.96,47.49,669600
2022-01-21 07:00:00,47.49,48.45,46.96,48.1,1281700
2022-01-24 07:00:00,48.1,48.98,47.66,47.66,1088400
2022-01-25 07:00:00,47.49,47.84,47.05,47.75,977300
2022-01-26 07:00:00,48.1,50.21,47.57,50.03,4913800
2022-01-27 07:00:00,50.91,50.91,50.03,50.03,1932200
2022-01-28 07:00:00,50.03,50.47,48.8,49.24,1430900
2022-02-07 07:00:00,50.21,52.66,49.77,51.52,3957700
2022-02-08 07:00:00,51.0,52.05,51.0,51.61,1986900
2022-02-09 07:00:00,51.61,53.45,51.08,52.14,2814400
2022-02-10 07:00:00,52.58,53.28,52.14,53.1,3213700
2022-02-11 07:00:00,53.37,53.45,52.05,52.14,2724600
2022-02-14 07:00:00,52.84,54.33,52.49,52.84,3147700
2022-02-15 07:00:00,52.93,53.01,51.17,51.79,2402200
2022-02-16 07:00:00,51.17,51.87,50.64,51.79,1851300
2022-02-17 07:00:00,51.52,53.28,51.08,52.66,2257800
2022-02-18 07:00:00,52.4,53.01,52.05,52.49,1749200
2022-02-21 07:00:00,53.19,53.28,52.49,52.58,2326000
2022-02-22 07:00:00,53.19,55.74,52.66,54.42,5660600
2022-02-23 07:00:00,54.95,56.53,54.77,54.86,4311700
2022-02-24 07:00:00,54.95,57.84,54.42,55.65,5798300
2022-02-25 07:00:00,55.38,55.91,53.98,54.77,3042900
2022-02-28 07:00:00,55.3,55.74,54.51,54.68,2428900
2022-03-01 07:00:00,54.77,55.12,53.54,53.8,3577800
2022-03-02 07:00:00,55.3,56.26,53.98,53.98,5368100
2022-03-03 07:00:00,54.77,55.65,53.89,55.12,3080600
2022-03-04 07:00:00,54.59,54.77,53.63,53.63,2848300
2022-03-07 07:00:00,55.12,56.35,54.24,55.56,6674300
2022-03-08 07:00:00,54.86,55.3,53.8,53.8,2878000
2022-03-09 07:00:00,54.42,56.09,53.8,55.3,3721600
2022-03-10 07:00:00,54.42,54.42,53.45,53.8,2906400
2022-03-11 07:00:00,53.8,54.16,50.47,50.91,5639500
2022-03-14 07:00:00,50.47,50.91,48.98,49.07,3858900
2022-03-15 07:00:00,48.54,49.94,47.84,49.15,2592000
2022-03-16 07:00:00,49.5,49.59,48.63,49.33,1634500
2022-03-17 07:00:00,49.5,49.5,48.8,48.98,1490400
2022-03-18 07:00:00,49.5,49.86,49.07,49.07,1514600
2022-03-21 07:00:00,49.15,49.86,48.89,49.15,1400300
2022-03-22 07:00:00,49.68,50.38,49.59,49.86,1998000
2022-03-23 07:00:00,49.86,50.03,49.15,49.15,1522600
2022-03-24 07:00:00,49.77,49.77,49.07,49.15,1447000
2022-03-25 07:00:00,49.15,50.03,48.89,49.15,1417700
2022-03-28 07:00:00,49.15,49.86,48.8,49.15,1764000
2022-03-29 07:00:00,49.07,49.68,49.07,49.5,1594000
2022-03-30 07:00:00,49.33,49.42,48.28,48.28,2248900
2022-03-31 07:00:00,48.28,48.8,47.75,48.45,1938200
2022-04-01 07:00:00,48.28,48.8,47.84,48.36,1340600
2022-04-04 07:00:00,48.63,49.5,48.54,49.33,1692600
2022-04-05 07:00:00,49.5,49.94,49.24,49.24,926100
2022-04-06 07:00:00,48.89,49.42,48.8,49.15,1262500
2022-04-07 07:00:00,49.15,50.38,48.98,49.68,3131500
2022-04-08 07:00:00,49.68,50.29,49.33,49.33,1558900
2022-04-12 07:00:00,49.33,49.33,47.92,47.92,1465200
2022-04-13 07:00:00,48.1,48.28,47.31,48.01,1274500
2022-04-14 07:00:00,48.19,48.63,47.75,48.01,1030400
2022-04-15 07:00:00,48.1,48.89,47.84,48.01,1178200
2022-04-18 07:00:00,48.01,48.71,46.43,46.43,1985100
2022-04-19 07:00:00,46.7,47.4,44.76,44.76,1352700
2022-04-20 07:00:00,44.76,45.91,44.59,45.03,1732500
2022-04-21 07:00:00,45.12,45.38,43.97,44.15,2002500
2022-04-22 07:00:00,44.33,44.76,42.83,43.97,2090300
2022-04-25 07:00:00,44.06,44.24,40.9,40.9,2303200
2022-04-26 07:00:00,39.5,41.96,39.15,41.96,2044300
2022-04-27 07:00:00,41.96,42.39,41.08,42.39,593900
2022-04-28 07:00:00,42.48,42.48,41.69,41.96,609700
2022-04-29 07:00:00,41.87,42.57,41.6,42.13,871300
2022-05-04 07:00:00,42.13,43.27,42.13,42.7,779900
2022-05-05 07:00:00,43.1,43.45,41.56,41.78,1542400
2022-05-06 07:00:00,40.81,41.25,40.2,40.2,1026300
2022-05-09 07:00:00,40.16,40.16,37.39,37.39,2497600
2022-05-10 07:00:00,35.37,37.74,35.37,37.48,1181500
2022-05-11 07:00:00,37.79,37.79,36.34,36.43,1273100
2022-05-12 07:00:00,36.43,37.08,33.88,33.88,2073500
2022-05-13 07:00:00,33.88,34.23,32.52,32.78,2015800
2022-05-16 07:00:00,33.62,35.07,33.62,34.32,1598100
2022-05-17 07:00:00,34.32,36.69,34.32,36.69,1495800
2022-05-18 07:00:00,36.95,36.95,36.12,36.34,1216200
2022-05-19 07:00:00,35.28,36.16,35.28,35.55,1367000
2022-05-20 07:00:00,35.64,36.6,35.5,35.55,1106000
2022-05-23 07:00:00,35.99,35.99,35.15,35.33,1090900
2022-05-24 07:00:00,35.55,35.55,34.32,35.11,770900
2022-05-25 07:00:00,35.64,36.43,35.11,36.34,1234100
2022-05-26 07:00:00,36.56,38.01,36.34,37.35,1650500
2022-05-27 07:00:00,37.44,37.7,37.3,37.39,1051000
2022-05-30 07:00:00,37.65,38.27,37.57,38.09,1268600
2022-05-31 07:00:00,38.01,39.41,37.7,38.62,2119400
2022-06-01 07:00:00,38.62,39.37,38.53,39.06,1321500
2022-06-02 07:00:00,38.62,38.97,38.18,38.18,1442600
2022-06-03 07:00:00,38.27,38.88,37.92,38.18,1338800
2022-06-06 07:00:00,38.8,39.67,38.8,39.41,1695100
2022-06-07 07:00:00,39.41,41.12,38.44,40.99,1631000
2022-06-08 07:00:00,41.38,42.04,41.08,41.12,2041700
2022-06-09 07:00:00,41.08,41.38,40.81,41.17,814300
2022-06-10 07:00:00,40.55,40.99,39.5,39.5,1655600
2022-06-13 07:00:00,38.09,39.1,36.86,36.86,1678400
2022-06-14 07:00:00,36.86,38.44,36.82,37.83,1377300
2022-06-15 07:00:00,38.18,38.4,35.99,35.99,930800
2022-06-16 07:00:00,37.04,37.22,36.69,36.91,817400
2022-06-17 07:00:00,35.64,36.86,35.64,36.78,1109100
2022-06-20 07:00:00,36.51,36.51,34.45,34.45,1238300
2022-06-21 07:00:00,34.45,35.55,33.79,34.23,533000
2022-06-22 07:00:00,35.46,35.46,34.32,34.67,516600
2022-06-23 07:00:00,34.67,36.07,34.28,35.72,394200
2022-06-24 07:00:00,35.86,36.25,35.55,35.81,524800
2022-06-27 07:00:00,35.99,36.43,35.64,36.43,556400
2022-06-28 07:00:00,36.51,37.13,36.25,36.69,561600
2022-06-29 07:00:00,36.25,36.69,35.86,35.99,437200
2022-06-30 07:00:00,35.9,36.25,35.2,35.37,636800
2022-07-01 07:00:00,35.11,35.72,34.58,35.64,539300
2022-07-04 07:00:00,36.07,36.16,35.37,35.42,212300
2022-07-05 07:00:00,35.81,35.86,35.11,35.24,313200
2022-07-06 07:00:00,34.41,35.2,33.53,33.53,571200
2022-07-07 07:00:00,34.93,34.93,33.53,34.23,419400
2022-07-08 07:00:00,34.58,34.98,34.06,34.54,253600
2022-07-11 07:00:00,34.63,35.2,34.41,34.67,317000
2022-07-12 07:00:00,34.76,35.5,34.76,35.46,455900
2022-07-13 07:00:00,35.33,35.46,34.89,35.07,363900
2022-07-14 07:00:00,35.02,35.46,34.89,35.2,218100
2022-07-15 07:00:00,35.24,35.24,34.89,34.93,349400
2022-07-18 07:00:00,35.46,35.64,35.11,35.33,402900
2022-07-19 07:00:00,35.5,36.95,35.46,36.95,1069900
2022-07-20 07:00:00,37.96,38.27,37.04,37.61,914800
2022-07-21 07:00:00,37.3,37.48,36.86,37.17,396100
2022-07-22 07:00:00,36.86,37.22,36.69,36.69,471800
2022-07-25 07:00:00,36.69,36.69,35.72,36.07,470100
2022-07-26 07:00:00,36.25,36.51,35.81,35.86,247700
2022-07-27 07:00:00,35.86,36.34,35.37,36.25,350200
2022-07-28 07:00:00,36.51,36.86,36.29,36.43,694400
2022-07-29 07:00:00,36.47,36.47,36.07,36.07,443300
2022-08-01 07:00:00,35.55,36.69,35.24,36.69,1113400
2022-08-02 07:00:00,36.12,36.29,35.94,35.99,1275500
2022-08-03 07:00:00,35.86,36.38,35.72,35.9,1442600
2022-08-04 07:00:00,36.21,37.13,35.99,36.95,1511100
2022-08-05 07:00:00,36.51,37.13,36.43,36.56,1453000
2022-08-08 07:00:00,36.6,37.35,36.6,37.26,1603600
2022-08-09 07:00:00,37.57,37.96,36.91,36.95,1639000
2022-08-10 07:00:00,36.91,36.95,36.51,36.82,1192600
2022-08-11 07:00:00,37.3,37.3,36.43,36.73,1382000
2022-08-12 07:00:00,36.56,37.22,36.56,36.82,690900
2022-08-15 07:00:00,36.86,37.22,36.65,36.95,1526200
2022-08-16 07:00:00,36.78,37.96,36.78,37.96,2545400
2022-08-17 07:00:00,38.18,38.18,37.39,37.44,1560700
2022-08-18 07:00:00,37.39,37.52,37.0,37.22,1375600
2022-08-19 07:00:00,37.22,38.09,37.13,37.48,1495800
2022-08-22 07:00:00,37.22,37.92,37.08,37.17,988200
2022-08-23 07:00:00,37.08,38.71,36.95,38.62,3993800
2022-08-24 07:00:00,38.8,38.97,38.36,38.44,1409200
2022-08-25 07:00:00,38.53,38.97,38.4,38.53,946800
2022-08-26 07:00:00,38.53,38.8,38.05,38.18,1933400
2022-08-29 07:00:00,37.44,37.87,36.6,37.65,2361900
2022-08-30 07:00:00,37.92,38.18,37.04,37.08,1821500
2022-08-31 07:00:00,36.86,37.26,36.86,37.04,1095000
2022-09-05 07:00:00,36.95,37.39,36.78,36.78,1257000
2022-09-06 07:00:00,37.13,37.13,36.43,36.43,1498300
2022-09-07 07:00:00,36.38,36.38,35.11,35.11,2462800
2022-09-08 07:00:00,35.28,35.46,34.85,34.93,1169900
2022-09-09 07:00:00,35.11,35.28,34.85,35.28,650000
2022-09-12 07:00:00,35.37,35.99,35.33,35.33,467200
2022-09-13 07:00:00,35.46,35.55,35.11,35.2,538200
2022-09-14 07:00:00,34.58,34.93,34.41,34.58,1068200
2022-09-15 07:00:00,34.71,34.93,34.49,34.49,724000
2022-09-16 07:00:00,34.49,34.67,34.23,34.36,692900
2022-09-19 07:00:00,34.36,34.63,33.27,33.35,1122400
2022-09-20 07:00:00,33.57,33.62,32.91,33.35,1325700
2022-09-21 07:00:00,33.31,33.62,33.09,33.27,699500
2022-09-22 07:00:00,33.0,33.31,32.48,32.96,1460000
2022-09-23 07:00:00,32.96,33.05,32.56,32.65,1750100
2022-09-26 07:00:00,32.3,32.39,31.33,31.69,1477500
2022-09-27 07:00:00,31.73,31.99,30.9,31.07,1338700
2022-09-28 07:00:00,30.59,31.07,30.54,30.63,718100
2022-09-29 07:00:00,30.9,31.42,30.15,30.15,945300
2022-09-30 07:00:00,29.58,29.89,28.48,28.88,2003200
2022-10-03 07:00:00,28.88,30.15,28.39,28.39,1340100
2022-10-04 07:00:00,28.7,29.23,28.09,28.09,1241000
2022-10-05 07:00:00,28.44,29.23,28.44,28.97,987500
2022-10-06 07:00:00,29.23,29.4,28.26,28.26,899200
2022-10-07 07:00:00,28.26,28.7,27.47,27.91,1371800
2022-10-10 07:00:00,28.09,29.67,27.82,29.4,1485100
2022-10-11 07:00:00,29.54,30.11,28.97,28.97,1433300
2022-10-12 07:00:00,29.23,30.06,28.79,29.76,1434300
2022-10-13 07:00:00,29.84,29.84,29.23,29.58,513400
2022-10-14 07:00:00,29.93,30.06,29.45,29.58,1056100
2022-10-17 07:00:00,29.49,29.54,28.7,28.88,880400
2022-10-18 07:00:00,29.05,29.58,29.05,29.18,626300
2022-10-19 07:00:00,29.67,29.67,29.01,29.18,651300
2022-10-20 07:00:00,29.49,29.8,29.05,29.4,932400
2022-10-21 07:00:00,29.58,29.58,27.65,27.65,1845900
2022-10-24 07:00:00,27.74,28.26,25.72,25.72,1452100
2022-10-25 07:00:00,25.54,25.98,23.96,24.58,1631100
2022-10-26 07:00:00,24.36,24.97,24.23,24.36,627300
2022-10-27 07:00:00,24.58,25.63,24.49,25.54,668500
2022-10-28 07:00:00,25.89,25.98,25.19,25.45,593800
2022-10-31 07:00:00,25.45,25.45,24.36,25.02,855100
2022-11-01 07:00:00,25.45,25.89,25.41,25.54,787900
2022-11-02 07:00:00,25.63,26.07,25.59,25.72,579400
2022-11-03 07:00:00,25.41,25.94,25.37,25.67,595500
2022-11-04 07:00:00,25.67,25.67,25.06,25.28,1051200
2022-11-07 07:00:00,25.45,25.89,25.02,25.32,686300
2022-11-08 07:00:00,25.19,25.89,24.84,25.85,757800
2022-11-09 07:00:00,26.35,26.63,25.99,26.44,666500
2022-11-10 07:00:00,26.08,26.44,24.71,24.71,1090300
2022-11-11 07:00:00,25.07,25.35,24.66,24.89,528600
2022-11-14 07:00:00,24.61,24.71,23.33,24.25,793600
2022-11-15 07:00:00,23.33,23.79,22.56,22.56,1349000
2022-11-16 07:00:00,21.0,23.88,21.0,23.79,2378400
2022-11-17 07:00:00,23.79,24.2,23.42,23.47,1225600
2022-11-18 07:00:00,23.42,23.88,22.1,22.97,1124000
2022-11-21 07:00:00,22.56,23.56,22.56,23.15,781900
2022-11-22 07:00:00,23.15,24.43,22.97,23.97,1832900
2022-11-23 07:00:00,23.97,25.16,23.97,24.39,1551400
2022-11-24 07:00:00,24.8,25.3,24.39,25.16,1305800
2022-11-25 07:00:00,25.25,25.85,25.25,25.85,1244800
2022-11-28 07:00:00,25.62,26.86,25.62,26.86,1208300
2022-11-29 07:00:00,27.08,27.36,26.31,27.08,1819100
2022-11-30 07:00:00,27.08,27.22,26.58,26.99,966100
2022-12-01 07:00:00,27.45,28.37,27.45,28.37,1604800
2022-12-02 07:00:00,28.27,28.78,27.45,28.78,1048800
2022-12-05 07:00:00,28.91,29.51,28.87,29.33,888100
2022-12-06 07:00:00,29.19,29.19,27.45,27.63,1086600
2022-12-07 07:00:00,27.63,27.63,26.63,26.72,727600
2022-12-08 07:00:00,26.81,28.37,26.81,27.27,1028900
2022-12-09 07:00:00,27.86,27.86,27.31,27.82,643100
2022-12-12 07:00:00,27.82,28.82,27.82,28.46,859500
2022-12-13 07:00:00,28.0,28.91,28.0,28.73,897600
2022-12-14 07:00:00,28.82,29.01,28.09,28.69,472600
2022-12-15 07:00:00,28.64,28.73,28.27,28.59,369400
2022-12-16 07:00:00,28.37,28.55,27.91,28.37,1115600
2022-12-19 07:00:00,28.37,28.41,27.82,27.82,490800
2022-12-20 07:00:00,27.82,27.82,26.86,26.86,997800
2022-12-21 07:00:00,26.9,27.4,26.58,26.99,606600
2022-12-22 07:00:00,26.9,28.64,26.9,28.05,608700
2022-12-23 07:00:00,28.09,28.37,27.5,28.27,465800
2022-12-26 07:00:00,28.55,28.55,27.63,27.63,752600
2022-12-27 07:00:00,27.18,28.18,27.18,28.0,422800
2022-12-28 07:00:00,28.27,29.19,28.05,28.82,734700
2022-12-29 07:00:00,29.19,29.23,28.69,28.69,748400
2022-12-30 07:00:00,29.19,29.19,28.78,29.01,512600
2023-01-03 07:00:00,29.14,30.2,29.14,30.15,744300
2023-01-04 07:00:00,30.1,32.25,29.88,32.25,1544600
2023-01-05 07:00:00,32.21,32.76,31.8,32.76,970500
2023-01-06 07:00:00,32.48,32.85,32.12,32.12,901900
2023-01-09 07:00:00,31.75,32.67,31.75,32.48,544200
2023-01-10 07:00:00,32.12,33.99,32.12,33.72,965800
2023-01-11 07:00:00,33.86,35.04,33.49,34.08,1601300
2023-01-12 07:00:00,34.08,34.13,33.49,33.95,605700
2023-01-13 07:00:00,33.95,34.31,33.4,33.9,682200
2023-01-16 07:00:00,33.9,34.04,33.4,33.67,424300
2023-01-17 07:00:00,33.67,34.27,33.54,34.18,605000
2023-01-18 07:00:00,34.13,34.86,34.13,34.77,629800
2023-01-19 07:00:00,34.54,34.86,34.4,34.77,447700
2023-01-27 07:00:00,35.14,35.41,34.77,34.86,477900
2023-01-30 07:00:00,34.77,34.91,33.9,33.9,687000
2023-01-31 07:00:00,34.22,34.22,33.49,33.67,741100
2023-02-01 07:00:00,33.95,34.5,32.94,33.17,1294200
2023-02-02 07:00:00,33.17,33.58,33.03,33.12,525300
2023-02-03 07:00:00,33.4,34.13,33.03,34.13,800900
2023-02-06 07:00:00,34.13,35.5,33.86,35.5,1442200
2023-02-07 07:00:00,35.69,36.6,35.55,35.69,1467200
2023-02-08 07:00:00,35.69,35.69,34.04,34.04,730100
2023-02-09 07:00:00,34.4,35.23,34.18,34.68,454900
2023-02-10 07:00:00,34.77,35.59,34.13,35.04,852700
2023-02-13 07:00:00,34.91,34.95,33.86,34.68,463500
2023-02-14 07:00:00,34.95,35.04,34.04,34.77,210000
2023-02-15 07:00:00,34.72,35.69,34.5,35.46,680500
2023-02-16 07:00:00,35.46,36.01,35.46,35.69,716200
2023-02-17 07:00:00,35.91,35.96,35.32,35.32,416200
2023-02-20 07:00:00,35.04,36.05,35.04,36.05,696000
2023-02-21 07:00:00,36.6,37.7,36.14,37.15,1820900
2023-02-22 07:00:00,36.6,37.15,34.95,34.95,860900
2023-02-23 07:00:00,35.14,35.41,34.31,35.09,1362200
2023-02-24 07:00:00,35.0,35.23,34.36,34.5,386600
2023-02-27 07:00:00,34.13,34.31,33.81,33.9,726700
2023-02-28 07:00:00,33.99,34.59,33.99,34.13,240700
2023-03-01 07:00:00,34.31,35.59,34.13,35.37,495100
2023-03-02 07:00:00,35.55,35.87,32.89,35.37,381900
2023-03-03 07:00:00,35.59,35.64,34.86,35.5,372100
2023-03-06 07:00:00,35.87,35.96,35.41,35.59,600600
2023-03-07 07:00:00,35.69,36.1,35.64,35.69,684200
2023-03-08 07:00:00,35.59,35.96,35.32,35.59,413500
2023-03-09 07:00:00,35.64,36.42,35.18,35.69,663800
2023-03-10 07:00:00,35.69,35.69,34.77,34.91,653500
2023-03-13 07:00:00,34.77,35.04,34.31,34.82,651000
2023-03-14 07:00:00,34.86,35.14,33.81,33.95,781700
2023-03-15 07:00:00,34.59,34.59,33.86,34.45,724600
2023-03-16 07:00:00,34.18,34.18,33.21,33.26,1372800
2023-03-17 07:00:00,33.4,33.76,31.93,32.39,5502500
2023-03-20 07:00:00,32.48,33.26,32.35,32.39,1315900
2023-03-21 07:00:00,32.48,33.03,31.61,31.75,1550500
2023-03-22 07:00:00,32.25,32.25,31.61,31.75,1568000
2023-03-23 07:00:00,31.61,32.8,31.57,32.8,2018400
2023-03-24 07:00:00,32.85,33.54,32.85,33.26,1052000
2023-03-27 07:00:00,33.26,33.31,32.67,32.67,913200
2023-03-28 07:00:00,33.03,33.17,32.67,32.76,577400
2023-03-29 07:00:00,32.85,33.03,32.67,32.94,587900
2023-03-30 07:00:00,33.4,34.04,33.31,33.76,1565200
2023-03-31 07:00:00,34.31,34.77,34.18,34.27,2458700
2023-04-03 07:00:00,34.82,34.82,33.86,34.31,1452000
2023-04-04 07:00:00,34.72,34.77,34.36,34.72,1627200
2023-04-05 07:00:00,34.77,34.91,34.54,34.82,965800
2023-04-06 07:00:00,34.95,34.95,34.18,34.18,1259300
2023-04-07 07:00:00,34.18,34.86,34.13,34.5,1153500
2023-04-10 07:00:00,34.68,34.77,34.04,34.13,1303600
2023-04-11 07:00:00,34.13,34.36,33.67,33.81,793400
2023-04-12 07:00:00,33.86,34.22,33.67,33.86,561800
2023-04-13 07:00:00,34.04,34.36,33.86,34.04,580200
2023-04-14 07:00:00,34.13,34.13,33.4,33.4,587900
2023-04-17 07:00:00,33.21,33.4,32.99,33.03,607300
2023-04-18 07:00:00,33.12,33.76,33.12,33.67,492800
2023-04-19 07:00:00,33.81,33.81,33.31,33.31,324800
2023-04-20 07:00:00,33.31,33.49,33.26,33.35,407800
2023-04-21 07:00:00,33.35,33.81,33.31,33.63,573800
2023-04-24 07:00:00,33.67,33.67,33.44,33.63,361000
2023-04-25 07:00:00,33.63,33.67,33.31,33.31,338000
2023-04-26 07:00:00,33.63,33.76,33.31,33.76,489200
2023-04-27 07:00:00,33.86,34.36,33.86,34.27,853000
2023-04-28 07:00:00,34.36,34.59,34.13,34.27,350100
2023-05-04 07:00:00,34.45,34.5,34.04,34.27,662100
2023-05-05 07:00:00,34.45,34.77,34.31,34.59,1143900
2023-05-08 07:00:00,34.72,34.95,34.59,34.59,676600
2023-05-09 07:00:00,34.68,34.91,34.59,34.77,659700
2023-05-10 07:00:00,34.68,34.77,34.31,34.54,627000
2023-05-11 07:00:00,34.54,34.68,34.4,34.54,589800
2023-05-12 07:00:00,34.54,34.54,34.22,34.36,552000
2023-05-15 07:00:00,34.45,34.72,34.31,34.59,695500
2023-05-16 07:00:00,34.54,34.91,34.54,34.82,987100
2023-05-17 07:00:00,34.77,34.86,34.31,34.31,597800
2023-05-18 07:00:00,34.31,34.4,34.08,34.27,445900
2023-05-19 07:00:00,34.54,34.72,34.27,34.4,625000
2023-05-22 07:00:00,34.4,34.72,34.4,34.54,499200
2023-05-23 07:00:00,34.68,34.77,34.27,34.31,553200
2023-05-24 07:00:00,34.36,34.45,34.13,34.13,606300
2023-05-25 07:00:00,34.04,34.4,33.86,34.18,375100
2023-05-26 07:00:00,34.18,34.95,34.18,34.45,737800
2023-05-29 07:00:00,34.5,34.91,34.5,34.68,868600
2023-05-30 07:00:00,34.95,34.95,34.63,34.68,507800
2023-05-31 07:00:00,34.68,34.72,34.27,34.31,950100
2023-06-01 07:00:00,34.27,34.5,34.27,34.27,416900
2023-06-02 07:00:00,34.36,35.23,34.31,35.0,1189000
2023-06-05 07:00:00,35.5,36.1,35.23,35.78,1441700
2023-06-06 07:00:00,35.78,36.01,35.46,35.59,690200
2023-06-07 07:00:00,35.69,35.69,35.09,35.59,1272900
2023-06-08 07:00:00,35.69,36.05,35.04,35.04,540900
2023-06-09 07:00:00,34.95,35.04,34.68,34.77,591100
2023-06-12 07:00:00,34.77,34.95,34.45,34.72,569700
2023-06-13 07:00:00,34.54,34.82,34.5,34.82,420000
2023-06-14 07:00:00,35.04,35.14,34.82,34.82,436500
2023-06-15 07:00:00,34.77,35.41,34.77,35.04,1436500
2023-06-16 07:00:00,35.37,35.37,34.04,34.04,620800
2023-06-19 07:00:00,34.4,34.59,34.04,34.04,750500
2023-06-20 07:00:00,34.04,34.31,33.86,34.04,556100
2023-06-21 07:00:00,34.18,34.31,34.04,34.31,454900
2023-06-22 07:00:00,34.4,34.59,34.36,34.45,381100
2023-06-23 07:00:00,34.5,34.59,34.13,34.31,686500
2023-06-26 07:00:00,34.31,34.5,33.9,34.36,830200
2023-06-27 07:00:00,34.63,35.14,34.5,34.91,858700
2023-06-28 07:00:00,35.18,35.18,34.68,34.86,409900
2023-06-29 07:00:00,34.95,34.95,34.31,34.31,689000
2023-06-30 07:00:00,34.4,34.68,34.18,34.18,444000
2023-07-03 07:00:00,34.36,34.86,34.22,34.45,379100
2023-07-04 07:00:00,34.63,36.46,34.63,36.46,3702800
2023-07-05 07:00:00,36.88,37.38,36.46,36.88,2214000
2023-07-06 07:00:00,36.74,37.52,36.46,36.88,2371600
2023-07-07 07:00:00,37.06,37.33,36.69,36.88,1478400
2023-07-10 07:00:00,37.24,38.25,37.06,38.25,2415100
2023-07-11 07:00:00,38.43,38.48,37.74,37.74,1676900
2023-07-12 07:00:00,37.79,38.38,37.61,37.97,1187300
2023-07-13 07:00:00,38.06,38.25,37.65,37.88,1142700
2023-07-14 07:00:00,37.84,38.06,37.1,37.42,1705900
2023-07-17 07:00:00,37.56,38.02,36.92,37.47,2239700
2023-07-18 07:00:00,37.74,37.79,37.1,37.1,1122100
2023-07-19 07:00:00,37.33,37.38,36.69,36.69,1401500
2023-07-20 07:00:00,36.65,36.88,36.23,36.33,2116600
2023-07-21 07:00:00,36.33,37.24,36.28,37.06,1741000
2023-07-24 07:00:00,37.15,37.42,36.88,36.88,1713100
2023-07-25 07:00:00,37.06,37.74,36.6,36.88,1969500
2023-07-26 07:00:00,36.88,37.24,36.78,37.06,1219100
2023-07-27 07:00:00,37.06,37.24,36.33,36.51,2127700
2023-07-28 07:00:00,36.69,36.78,36.42,36.65,1595300
2023-07-31 07:00:00,36.88,37.97,36.88,37.97,2751400
2023-08-01 07:00:00,38.61,38.61,37.38,37.52,3004500
2023-08-02 07:00:00,37.84,37.84,37.38,37.47,1347500
2023-08-03 07:00:00,37.52,37.61,36.69,36.69,2016300
2023-08-04 07:00:00,37.15,37.15,36.6,36.88,1482200
2023-08-07 07:00:00,37.15,37.24,36.88,37.06,1474800
2023-08-08 07:00:00,37.2,37.65,37.2,37.42,2949000
2023-08-09 07:00:00,37.7,37.7,37.15,37.24,1235700
2023-08-10 07:00:00,37.42,38.34,37.33,37.33,2426300
2023-08-11 07:00:00,37.47,37.7,36.6,37.2,1139900
2023-08-14 07:00:00,37.29,37.33,36.97,37.1,1196600
2023-08-15 07:00:00,37.2,37.2,36.78,36.92,1207800
2023-08-16 07:00:00,36.97,37.29,36.65,36.83,1006000
2023-08-17 07:00:00,36.78,36.92,36.37,36.37,1615700
2023-08-18 07:00:00,36.37,36.51,34.18,34.18,2701800
2023-08-21 07:00:00,34.04,34.63,33.99,34.31,877800
2023-08-22 07:00:00,34.77,34.82,33.86,34.5,1252900
2023-08-23 07:00:00,34.86,34.86,33.76,34.22,1209200
2023-08-24 07:00:00,34.22,34.59,34.22,34.59,583800
2023-08-25 07:00:00,34.59,34.68,34.36,34.36,933800
2023-08-28 07:00:00,34.31,35.14,34.31,34.91,936300
2023-08-29 07:00:00,35.0,35.04,34.77,34.82,798000
2023-08-30 07:00:00,35.04,35.64,35.04,35.14,803900
2023-08-31 07:00:00,35.14,35.37,35.14,35.27,729500
2023-09-05 07:00:00,35.87,36.1,35.69,35.82,1240400
2023-09-06 07:00:00,36.23,36.23,35.87,35.96,743400
2023-09-07 07:00:00,36.05,36.46,35.91,36.01,832100
2023-09-08 07:00:00,35.96,36.33,35.87,36.05,972300
2023-09-11 07:00:00,36.14,37.15,36.14,36.46,2041800
2023-09-12 07:00:00,36.6,36.83,36.33,36.6,685400
2023-09-13 07:00:00,36.88,37.65,36.6,36.88,2266800
2023-09-14 07:00:00,37.15,37.24,36.6,36.6,1097300
2023-09-15 07:00:00,37.01,37.79,36.69,36.74,1805700
2023-09-18 07:00:00,37.2,37.2,35.73,36.23,1405300
2023-09-19 07:00:00,36.42,36.6,35.96,36.51,652800
2023-09-20 07:00:00,36.6,37.15,36.42,36.97,1059800
2023-09-21 07:00:00,37.25,37.43,36.87,37.06,972500
2023-09-22 07:00:00,36.41,36.78,35.38,36.45,1040100
2023-09-25 07:00:00,36.45,36.5,34.92,34.92,1155700
2023-09-26 07:00:00,34.92,35.34,34.55,34.55,1064900
2023-09-27 07:00:00,34.45,34.73,33.52,34.03,1673300
2023-09-28 07:00:00,34.5,35.15,34.27,35.15,1126200
2023-09-29 07:00:00,35.15,35.15,34.59,34.92,435400
2023-10-02 07:00:00,34.92,35.29,34.69,34.92,567900
2023-10-03 07:00:00,34.55,34.64,33.52,33.52,1026000
2023-10-04 07:00:00,32.73,33.89,32.73,33.75,784600
2023-10-05 07:00:00,33.8,33.8,32.03,32.03,1530500
2023-10-06 07:00:00,32.5,33.06,31.98,32.59,2194100
2023-10-09 07:00:00,33.34,33.43,33.01,33.24,1552600
2023-10-10 07:00:00,33.52,33.75,33.47,33.52,1524500
2023-10-11 07:00:00,33.75,34.45,33.61,34.36,1352900
2023-10-12 07:00:00,34.45,34.92,34.03,34.17,1061800
2023-10-13 07:00:00,34.17,34.31,33.99,34.17,1299600
2023-10-16 07:00:00,34.92,35.2,34.27,34.27,1011900
2023-10-17 07:00:00,34.27,34.31,33.52,33.52,1005800
2023-10-18 07:00:00,33.66,33.66,32.08,32.59,1299500
2023-10-19 07:00:00,32.64,33.2,32.5,32.59,593100
2023-10-20 07:00:00,32.73,33.01,32.03,32.96,610400
2023-10-23 07:00:00,33.34,33.38,32.59,32.92,377000
2023-10-24 07:00:00,32.92,33.2,32.68,33.06,303400
2023-10-25 07:00:00,33.01,33.2,32.82,32.92,373900
2023-10-26 07:00:00,32.4,32.68,30.63,30.63,1802700
2023-10-27 07:00:00,30.73,31.19,29.98,30.73,636400
2023-10-30 07:00:00,30.73,31.01,30.59,30.59,267100
2023-10-31 07:00:00,31.01,31.01,29.33,29.7,980300
2023-11-01 07:00:00,29.38,30.26,29.14,30.08,633200
2023-11-02 07:00:00,30.36,31.24,30.36,31.1,768400
2023-11-03 07:00:00,31.15,31.19,30.73,30.82,571800
2023-11-06 07:00:00,31.01,31.15,30.82,30.96,367100
2023-11-07 07:00:00,30.96,31.61,30.73,30.87,482200
2023-11-08 07:00:00,30.91,31.85,30.68,31.85,968500
2023-11-09 07:00:00,31.94,32.12,31.61,31.61,843300
2023-11-10 07:00:00,31.33,31.66,31.05,31.05,744800
2023-11-13 07:00:00,31.19,31.29,30.91,31.05,603700
2023-11-14 07:00:00,31.38,31.43,31.01,31.19,729200
2023-11-15 07:00:00,31.61,31.98,31.47,31.66,1185900
2023-11-16 07:00:00,31.85,32.26,31.66,32.08,790400
2023-11-17 07:00:00,32.12,32.17,31.19,31.19,897400
2023-11-20 07:00:00,30.91,31.52,30.91,31.19,958300
2023-11-21 07:00:00,31.47,31.61,31.19,31.47,910900
2023-11-22 07:00:00,31.52,31.94,31.47,31.71,838700
2023-11-23 07:00:00,31.75,31.85,31.38,31.38,874000
2023-11-24 07:00:00,31.1,31.29,30.73,31.1,778400
2023-11-27 07:00:00,31.1,31.71,31.1,31.29,630200
2023-11-28 07:00:00,31.1,31.38,30.77,31.38,663700
2023-11-29 07:00:00,31.52,33.34,31.52,33.34,3135500
2023-11-30 07:00:00,33.15,33.52,32.68,32.68,817300
2023-12-01 07:00:00,32.68,33.34,32.4,32.78,923200
2023-12-04 07:00:00,33.24,33.34,32.78,33.06,934700
2023-12-05 07:00:00,32.82,33.75,32.82,33.1,884600
2023-12-06 07:00:00,32.92,33.47,32.92,33.43,720700
2023-12-07 07:00:00,33.34,33.34,32.4,32.73,955700
2023-12-08 07:00:00,32.73,33.2,32.68,33.2,629600
2023-12-11 07:00:00,33.43,33.43,32.78,33.2,371900
2023-12-12 07:00:00,33.2,33.24,32.68,33.01,547300
2023-12-13 07:00:00,32.96,33.06,32.31,32.31,939000
2023-12-14 07:00:00,32.59,32.59,31.75,31.98,441400
2023-12-15 07:00:00,32.12,32.36,31.94,31.94,447800
2023-12-18 07:00:00,31.94,32.12,31.57,31.57,351900
2023-12-19 07:00:00,31.66,31.75,31.24,31.61,304900
2023-12-20 07:00:00,31.66,32.12,31.61,32.03,266900
2023-12-21 07:00:00,31.66,31.8,31.66,31.66,358300
2023-12-22 07:00:00,31.75,31.94,31.43,31.47,635400
2023-12-25 07:00:00,31.52,32.31,31.52,32.26,674200
2023-12-26 07:00:00,32.22,32.4,32.08,32.08,782300
2023-12-27 07:00:00,32.31,32.36,31.98,32.08,457000
2023-12-28 07:00:00,32.03,32.31,31.75,32.12,962700
2023-12-29 07:00:00,32.12,32.26,32.03,32.12,522800
2024-01-02 07:00:00,32.22,32.26,32.12,32.17,634300
2024-01-03 07:00:00,32.17,32.5,32.03,32.5,807400
2024-01-04 07:00:00,32.5,32.87,32.5,32.68,1704200
2024-01-05 07:00:00,32.82,32.96,32.68,32.78,1407800
2024-01-08 07:00:00,32.78,33.1,32.59,32.87,1403800
2024-01-09 07:00:00,32.96,32.96,32.26,32.26,498200
2024-01-10 07:00:00,32.4,32.54,32.22,32.45,604900
2024-01-11 07:00:00,32.45,33.01,32.45,33.01,1122800
2024-01-12 07:00:00,33.06,33.1,32.36,32.54,1008700
2024-01-15 07:00:00,32.59,32.78,32.26,32.26,321600
2024-01-16 07:00:00,32.22,32.4,32.22,32.36,311400
2024-01-17 07:00:00,32.54,32.78,32.17,32.17,545400
2024-01-18 07:00:00,32.4,32.4,32.08,32.12,338800
2024-01-19 07:00:00,32.5,32.54,32.31,32.45,588500
2024-01-22 07:00:00,32.5,32.54,32.31,32.36,314000
2024-01-23 07:00:00,32.36,32.59,32.31,32.45,351200
2024-01-24 07:00:00,32.45,32.54,32.22,32.26,348700
2024-01-25 07:00:00,32.36,32.4,32.12,32.12,275000
2024-01-26 07:00:00,32.22,32.4,32.12,32.12,280500
2024-01-29 07:00:00,32.12,32.4,32.12,32.31,384100
2024-01-30 07:00:00,32.31,32.5,32.26,32.36,323700
2024-01-31 07:00:00,32.36,32.4,32.17,32.22,540500
2024-02-01 07:00:00,32.12,32.36,32.12,32.22,394100
2024-02-02 07:00:00,32.4,32.4,32.17,32.22,506700
2024-02-05 07:00:00,32.22,32.4,32.12,32.17,589100
2024-02-06 07:00:00,32.22,32.31,32.17,32.31,358600
2024-02-07 07:00:00,32.31,32.59,32.22,32.36,523300
2024-02-15 07:00:00,32.5,33.06,32.5,32.87,736600
2024-02-16 07:00:00,32.87,32.92,32.59,32.87,516800
2024-02-19 07:00:00,32.92,34.08,32.92,33.75,1886200
2024-02-20 07:00:00,33.99,33.99,33.52,33.61,952300
2024-02-21 07:00:00,33.52,33.66,33.2,33.29,889800
2024-02-22 07:00:00,33.24,33.8,33.2,33.38,1340300
2024-02-23 07:00:00,33.38,33.43,32.68,32.68,1447400
2024-02-26 07:00:00,32.54,32.82,32.5,32.78,444000
2024-02-27 07:00:00,32.87,33.99,32.87,33.2,1008500
2024-02-28 07:00:00,33.43,34.45,33.43,33.71,2210300
2024-02-29 07:00:00,33.8,33.89,33.24,33.38,838500
2024-03-01 07:00:00,33.52,33.61,33.24,33.43,717600
2024-03-04 07:00:00,33.94,33.94,33.47,33.47,932700
2024-03-05 07:00:00,33.47,33.52,33.2,33.47,708000
2024-03-06 07:00:00,33.71,34.36,33.57,33.75,1720600
2024-03-07 07:00:00,33.99,34.92,33.8,34.92,2773600
2024-03-08 07:00:00,34.92,35.29,34.17,34.27,1454800
2024-03-11 07:00:00,34.17,34.22,33.43,33.47,1223900
2024-03-12 07:00:00,33.47,34.03,33.47,33.85,880100
2024-03-13 07:00:00,34.27,34.55,33.99,34.55,1172600
2024-03-14 07:00:00,34.69,35.34,34.5,34.78,2856400
2024-03-15 07:00:00,34.92,35.2,34.69,35.06,1564900
2024-03-18 07:00:00,35.06,35.2,33.47,33.99,2848400
2024-03-19 07:00:00,34.08,35.1,33.85,34.87,1381800
2024-03-20 07:00:00,35.1,35.2,34.45,34.87,1271600
2024-03-21 07:00:00,34.92,36.04,34.59,35.8,3062200
2024-03-22 07:00:00,35.85,35.9,35.2,35.38,1528100
2024-03-25 07:00:00,35.48,35.76,34.64,34.82,1720600
2024-03-26 07:00:00,34.82,35.38,34.55,35.38,928900
2024-03-27 07:00:00,35.43,35.85,35.01,35.38,1294100
2024-03-28 07:00:00,35.29,35.52,34.87,34.96,1265700
2024-03-29 07:00:00,35.1,35.2,34.64,34.73,1118900
2024-04-01 07:00:00,34.69,35.2,34.59,34.87,682100
2024-04-02 07:00:00,34.87,35.34,34.45,35.29,1467500
2024-04-03 07:00:00,35.38,35.48,34.92,35.01,981900
2024-04-04 07:00:00,35.01,35.01,34.5,34.59,962700
2024-04-05 07:00:00,34.45,35.43,34.45,34.59,1295500
2024-04-08 07:00:00,34.69,34.87,34.5,34.5,540400
2024-04-09 07:00:00,34.5,34.78,34.31,34.59,437400
2024-04-10 07:00:00,34.73,34.73,34.03,34.08,863300
2024-04-11 07:00:00,33.99,33.99,33.61,33.8,826600
2024-04-12 07:00:00,33.99,34.41,33.85,34.31,445900
2024-04-15 07:00:00,34.36,34.64,32.4,33.52,927300
2024-04-16 07:00:00,33.52,33.8,32.73,33.47,786100
2024-04-17 07:00:00,33.52,33.52,32.78,32.87,448800
2024-04-19 07:00:00,32.64,32.87,32.17,32.26,518500
2024-04-22 07:00:00,32.59,32.78,32.17,32.26,411300
2024-04-23 07:00:00,32.4,32.87,32.17,32.59,420900
2024-04-24 07:00:00,32.64,32.87,32.54,32.82,742400
2024-04-25 07:00:00,32.82,32.82,32.5,32.68,219500
2024-04-26 07:00:00,32.68,33.24,32.59,33.24,422300
2024-05-02 07:00:00,33.24,33.57,32.82,33.34,420900
2024-05-03 07:00:00,33.61,33.71,33.38,33.52,518700
2024-05-06 07:00:00,34.27,34.27,33.89,34.17,550800
2024-05-07 07:00:00,34.31,36.18,34.27,36.04,3665900
2024-05-08 07:00:00,36.04,37.62,35.48,37.25,2984800
2024-05-09 07:00:00,37.25,37.8,36.55,37.43,2131200
2024-05-10 07:00:00,37.43,37.9,36.97,37.34,1932400
2024-05-13 07:00:00,37.71,37.71,37.06,37.11,1603700
2024-05-14 07:00:00,37.35,37.44,36.09,36.28,1949200
2024-05-15 07:00:00,36.28,37.35,36.28,36.96,1256100
2024-05-16 07:00:00,37.3,37.59,36.86,36.96,1778200
2024-05-17 07:00:00,37.01,37.01,36.19,36.72,2725400
2024-05-20 07:00:00,36.77,37.3,36.77,36.77,1630300
2024-05-21 07:00:00,36.48,36.72,35.8,36.28,2551900
2024-05-22 07:00:00,36.38,36.96,36.19,36.48,1576100
2024-05-23 07:00:00,36.57,38.99,36.38,38.99,5334400
2024-05-24 07:00:00,39.86,41.02,38.94,39.67,5370300
2024-05-27 07:00:00,39.86,40.49,39.19,39.96,3453400
2024-05-28 07:00:00,40.44,40.54,39.77,40.2,3261100
2024-05-29 07:00:00,40.44,41.41,39.91,40.15,4835600
2024-05-30 07:00:00,39.67,40.11,39.04,40.01,3177800
2024-05-31 07:00:00,39.96,39.96,39.48,39.67,1185700
2024-06-03 07:00:00,39.86,41.02,39.86,40.15,2570600
2024-06-04 07:00:00,40.15,40.78,40.01,40.35,2201000
2024-06-05 07:00:00,40.35,41.12,40.15,40.49,2444700
2024-06-06 07:00:00,40.4,40.98,39.48,40.54,2091400
2024-06-07 07:00:00,40.64,40.73,39.91,40.15,1543700
2024-06-10 07:00:00,40.2,40.83,40.15,40.59,1542900
2024-06-11 07:00:00,40.73,41.99,40.73,41.8,3782500
2024-06-12 07:00:00,41.8,41.9,41.12,41.7,1529800
2024-06-13 07:00:00,41.9,41.9,40.78,40.83,2330400
2024-06-14 07:00:00,40.83,41.17,39.19,39.19,3495700
2024-06-17 07:00:00,39.28,39.48,38.61,38.61,2124600
2024-06-18 07:00:00,39.48,39.96,38.99,39.67,1477100
2024-06-19 07:00:00,39.72,40.15,39.23,40.15,1026500
2024-06-20 07:00:00,40.54,40.73,39.28,39.96,1285200
2024-06-21 07:00:00,40.15,41.27,39.48,40.93,1971100
2024-06-24 07:00:00,41.22,41.41,39.43,39.43,2505400
2024-06-25 07:00:00,39.43,40.06,39.38,39.67,854000
2024-06-26 07:00:00,39.67,41.07,39.43,41.02,2056300
2024-06-27 07:00:00,41.12,41.12,39.96,39.96,1067600
2024-06-28 07:00:00,40.06,40.44,39.28,39.57,1455800
2024-07-01 07:00:00,39.72,40.06,38.94,39.48,682200
2024-07-02 07:00:00,40.01,40.01,39.48,40.01,660500
2024-07-03 07:00:00,40.25,40.83,39.86,40.49,1461400
2024-07-04 07:00:00,40.54,42.86,40.44,42.48,6016400
2024-07-05 07:00:00,42.48,42.96,42.38,42.52,2475000
2024-07-08 07:00:00,42.57,45.09,42.57,44.99,5313900
2024-07-09 07:00:00,45.09,45.09,44.31,44.51,1997900
2024-07-10 07:00:00,44.9,45.52,44.51,45.04,2762700
2024-07-11 07:00:00,45.14,45.38,44.6,45.28,2440800
2024-07-12 07:00:00,45.38,45.67,44.6,44.8,1817400
2024-07-15 07:00:00,45.19,46.44,45.04,46.44,2714500
2024-07-16 07:00:00,46.83,46.83,45.57,45.57,2055700
2024-07-17 07:00:00,45.57,45.57,42.43,43.54,3843300
2024-07-18 07:00:00,43.93,45.96,43.54,45.96,2699500
2024-07-19 07:00:00,45.96,46.25,44.6,45.38,2054700
2024-07-22 07:00:00,45.28,45.28,43.98,44.85,2144800
2024-07-23 07:00:00,44.9,45.67,43.73,44.02,2257300
2024-07-24 07:00:00,43.59,44.99,42.67,44.99,3363700
2024-07-25 07:00:00,44.51,45.19,43.98,44.85,1152000
2024-07-26 07:00:00,44.85,46.59,44.85,46.25,3342100
2024-07-29 07:00:00,47.12,47.12,45.77,46.25,1352000
2024-07-30 07:00:00,45.96,46.73,45.04,45.57,1699000
2024-07-31 07:00:00,45.57,46.25,44.31,44.41,3183900
2024-08-01 07:00:00,44.6,45.09,43.83,43.83,2571700
2024-08-02 07:00:00,43.59,45.96,43.35,45.96,2541300
2024-08-05 07:00:00,44.9,45.33,43.64,44.02,2337800
2024-08-06 07:00:00,44.9,45.77,44.07,45.48,2129500
2024-08-07 07:00:00,45.67,46.39,44.75,46.25,1943600
2024-08-08 07:00:00,46.2,46.64,45.48,46.01,2286700
2024-08-09 07:00:00,46.44,46.44,45.48,46.44,1397300
2024-08-12 07:00:00,47.12,48.18,47.12,47.27,4056100
2024-08-13 07:00:00,47.36,48.18,47.17,47.27,2214600
2024-08-14 07:00:00,47.41,48.86,47.17,47.6,3083900
2024-08-15 07:00:00,47.6,47.89,47.22,47.41,1244300
2024-08-16 07:00:00,47.51,50.02,47.46,48.96,4586000
2024-08-19 07:00:00,48.96,49.73,48.77,48.77,1223100
2024-08-20 07:00:00,48.67,49.64,47.85,47.85,2518500
2024-08-21 07:00:00,47.89,48.38,46.93,47.22,3224800
2024-08-22 07:00:00,47.51,48.04,47.31,47.41,1065800
2024-08-23 07:00:00,47.02,47.8,47.02,47.41,1218900
2024-08-26 07:00:00,47.56,47.8,46.98,46.98,1459100
2024-08-27 07:00:00,46.98,47.75,46.93,47.51,1207800
2024-08-28 07:00:00,47.75,48.14,47.6,47.8,1087500
2024-08-29 07:00:00,47.99,47.99,47.17,47.22,722300
2024-08-30 07:00:00,47.22,47.41,46.98,47.02,892800
2024-09-04 07:00:00,46.73,46.73,45.38,45.48,2544400
2024-09-05 07:00:00,45.48,45.86,44.07,44.56,2977800
2024-09-06 07:00:00,44.17,45.48,44.17,45.43,1277800
2024-09-09 07:00:00,44.7,45.57,44.7,44.94,791500
2024-09-10 07:00:00,45.38,45.43,44.6,44.9,1015000
2024-09-11 07:00:00,44.99,44.99,44.27,44.31,836300
2024-09-12 07:00:00,44.75,44.8,43.93,43.93,1269800
2024-09-13 07:00:00,43.93,44.46,43.54,44.31,726100
2024-09-16 07:00:00,44.94,44.94,43.54,43.54,813500
2024-09-17 07:00:00,43.54,43.93,42.77,43.54,1125600
2024-09-18 07:00:00,43.88,44.12,43.3,43.54,895400
2024-09-19 07:00:00,43.59,43.88,43.11,43.88,1416300
2024-09-20 07:00:00,43.93,44.85,43.88,44.51,1269300
2024-09-23 07:00:00,44.51,44.51,43.64,43.78,964800
2024-09-24 07:00:00,43.83,44.12,43.54,43.73,1181700
2024-09-25 07:00:00,44.02,44.31,43.78,43.93,1308800
2024-09-26 07:00:00,44.12,44.51,43.83,44.12,1671300
2024-09-27 07:00:00,44.22,44.27,43.44,43.49,1565100
2024-09-30 07:00:00,43.59,43.59,43.06,43.06,1095700
2024-10-01 07:00:00,42.96,43.49,42.96,43.06,1075700
2024-10-02 07:00:00,43.35,43.73,43.15,43.49,957100
2024-10-03 07:00:00,43.25,43.44,42.81,42.96,1303600
2024-10-04 07:00:00,43.06,44.02,43.01,43.64,2562100
2024-10-07 07:00:00,43.93,43.93,43.3,43.49,795900
2024-10-08 07:00:00,43.64,43.98,43.2,43.2,1700400
2024-10-09 07:00:00,43.15,43.3,42.91,42.96,1817600
2024-10-10 07:00:00,43.15,43.73,42.91,43.06,748900
2024-10-11 07:00:00,43.44,43.69,43.15,43.25,713300
2024-10-14 07:00:00,43.25,43.25,42.96,43.01,712800
2024-10-15 07:00:00,42.91,43.01,41.12,41.46,3909500
2024-10-16 07:00:00,41.46,41.46,40.25,40.49,2453100
2024-10-17 07:00:00,40.64,40.93,40.4,40.88,1199000
2024-10-18 07:00:00,41.02,41.61,40.93,40.98,797800
2024-10-21 07:00:00,40.83,40.83,40.15,40.25,1344200
2024-10-22 07:00:00,40.25,40.83,40.01,40.44,1350000
2024-10-23 07:00:00,40.59,41.07,40.54,40.93,746200
2024-10-24 07:00:00,40.93,40.98,40.4,40.4,738000
2024-10-25 07:00:00,40.44,40.49,40.11,40.2,475900
2024-10-28 07:00:00,40.2,40.64,39.43,40.64,770900
2024-10-29 07:00:00,40.15,40.59,40.15,40.54,532900
2024-10-30 07:00:00,40.64,40.64,40.01,40.06,581000
2024-10-31 07:00:00,40.06,40.06,39.67,39.77,560300
2024-11-01 07:00:00,39.77,39.77,39.28,39.28,815900
2024-11-04 07:00:00,39.23,39.38,38.61,38.61,1077200
2024-11-05 07:00:00,38.41,39.04,38.41,38.75,477600
2024-11-06 07:00:00,39.19,39.19,38.85,38.85,554900
2024-11-07 07:00:00,38.99,39.33,38.94,38.99,564800
2024-11-08 07:00:00,39.23,39.23,38.7,38.75,608500
2024-11-11 07:00:00,38.7,38.9,37.83,37.98,1218300
2024-11-12 07:00:00,37.93,38.27,37.83,38.12,730700
2024-11-13 07:00:00,38.12,38.17,37.35,37.64,965100
2024-11-14 07:00:00,37.59,38.46,37.44,37.69,867400
2024-11-15 07:00:00,37.98,37.98,37.15,37.15,736000
2024-11-18 07:00:00,37.11,37.59,36.14,36.48,964100
2024-11-19 07:00:00,36.77,37.54,36.77,37.06,636100
2024-11-20 07:00:00,36.82,37.54,36.77,37.35,443300
2024-11-21 07:00:00,37.4,38.03,37.11,37.78,416500
2024-11-22 07:00:00,38.07,38.07,37.64,37.88,309800
2024-11-25 07:00:00,38.03,38.17,37.74,38.12,368000
2024-11-26 07:00:00,37.88,38.17,37.54,37.98,524700
2024-11-27 07:00:00,37.98,38.12,37.78,37.83,259900
2024-11-28 07:00:00,37.98,39.23,37.83,38.7,1179100
2024-11-29 07:00:00,38.99,39.19,38.7,38.7,462600
2024-12-02 07:00:00,38.7,38.85,38.17,38.46,601800
2024-12-03 07:00:00,38.36,39.28,38.17,38.7,762700
2024-12-04 07:00:00,38.75,39.57,38.75,38.99,651300
2024-12-05 07:00:00,38.99,39.38,38.7,39.28,716100
2024-12-06 07:00:00,39.28,39.43,38.8,39.14,787600
2024-12-09 07:00:00,39.14,39.14,38.7,38.85,573300
2024-12-10 07:00:00,38.85,39.14,38.8,38.99,284700
2024-12-11 07:00:00,38.9,38.99,38.56,38.61,546600
2024-12-12 07:00:00,38.56,38.85,38.12,38.12,842600
2024-12-13 07:00:00,38.12,38.12,37.44,37.44,1285500
2024-12-16 07:00:00,37.74,37.74,37.4,37.44,647300
2024-12-17 07:00:00,37.4,37.64,37.4,37.64,438400
2024-12-18 07:00:00,37.44,38.46,37.44,38.03,791700
2024-12-19 07:00:00,37.64,38.7,37.44,38.12,776300
2024-12-20 07:00:00,38.32,38.46,37.4,37.74,592000
2024-12-23 07:00:00,37.83,38.12,37.49,37.49,526800
2024-12-24 07:00:00,37.59,37.59,37.01,37.2,603500
2024-12-25 07:00:00,37.2,37.64,37.2,37.35,740200
2024-12-26 07:00:00,37.54,37.83,37.2,37.2,756200
2024-12-27 07:00:00,37.35,37.44,37.01,37.25,1059900
2024-12-30 07:00:00,37.3,37.44,36.96,36.96,613600
2024-12-31 07:00:00,37.01,37.15,36.28,36.28,710600
2025-01-02 07:00:00,36.72,37.15,36.72,36.91,546600
2025-01-03 07:00:00,37.3,37.35,36.86,37.2,786900
2025-01-06 07:00:00,37.2,37.49,36.91,37.11,671000
2025-01-07 07:00:00,37.4,37.4,36.67,36.67,859500
2025-01-08 07:00:00,36.72,37.06,36.09,37.06,914900
2025-01-09 07:00:00,37.25,38.03,37.06,37.74,1723700
2025-01-10 07:00:00,37.59,37.78,36.77,36.86,715700
2025-01-13 07:00:00,37.3,37.64,37.11,37.64,988600
2025-01-14 07:00:00,37.78,38.8,37.78,38.46,1717100
2025-01-15 07:00:00,38.61,38.94,38.32,38.7,1316400
2025-01-16 07:00:00,39.04,39.04,38.46,38.7,1053800
2025-01-17 07:00:00,38.65,38.7,38.32,38.7,771900
2025-01-20 07:00:00,38.7,38.7,38.46,38.56,402200
2025-01-21 07:00:00,38.65,39.04,38.12,38.56,873000
2025-01-22 07:00:00,38.61,38.61,37.88,37.88,873000
2025-01-23 07:00:00,37.93,38.41,37.69,38.32,505800
2025-01-24 07:00:00,37.83,38.27,37.83,38.22,570100
2025-02-03 07:00:00,37.93,38.12,37.59,38.03,540700
2025-02-04 07:00:00,38.12,38.9,38.12,38.7,946300
2025-02-05 07:00:00,38.85,38.9,38.41,38.61,623200
2025-02-06 07:00:00,38.7,38.7,38.32,38.61,601300
2025-02-07 07:00:00,38.61,38.61,38.41,38.56,734700
2025-02-10 07:00:00,38.51,39.43,38.32,39.09,2002500
2025-02-11 07:00:00,39.19,39.96,39.09,39.86,2096000
2025-02-12 07:00:00,39.86,40.11,39.77,40.01,1136400
2025-02-13 07:00:00,40.01,40.83,39.62,40.64,2400000
2025-02-14 07:00:00,41.02,41.36,40.64,40.98,2154600
2025-02-17 07:00:00,41.02,41.7,40.54,40.69,2503600
2025-02-18 07:00:00,40.64,41.36,40.54,41.22,1697200
2025-02-19 07:00:00,41.61,41.9,41.41,41.8,2234800
2025-02-20 07:00:00,41.94,41.94,41.51,41.7,1277000
2025-02-21 07:00:00,41.41,42.09,41.32,41.8,1857100
2025-02-24 07:00:00,41.7,41.75,41.27,41.61,1506700
2025-02-25 07:00:00,41.61,42.19,41.61,41.9,1837800
2025-02-26 07:00:00,41.9,42.04,41.61,41.85,1081700
2025-02-27 07:00:00,41.8,41.99,41.46,41.56,1384900
2025-02-28 07:00:00,41.56,42.28,41.56,42.14,1736700
2025-03-03 07:00:00,41.99,42.86,41.85,42.77,2398400
2025-03-04 07:00:00,42.77,43.11,42.28,43.06,2099000
2025-03-05 07:00:00,43.06,43.06,42.33,42.33,1231500
2025-03-06 07:00:00,42.28,42.38,41.32,42.23,2031600
2025-03-07 07:00:00,42.19,42.19,41.17,41.46,3052600
2025-03-10 07:00:00,41.61,41.61,40.83,41.61,2077400
2025-03-11 07:00:00,41.22,41.9,41.02,41.9,1582300
2025-03-12 07:00:00,41.85,41.85,41.22,41.51,1183400
2025-03-13 07:00:00,41.46,41.46,40.35,40.35,2540000
2025-03-14 07:00:00,40.25,40.44,39.67,40.06,1679700
2025-03-17 07:00:00,40.06,40.35,39.53,40.11,1372100
2025-03-18 07:00:00,40.25,40.59,40.11,40.35,1315700
2025-03-19 07:00:00,40.44,40.44,39.77,40.15,676100
2025-03-20 07:00:00,40.06,40.25,39.62,39.96,859000
2025-03-21 07:00:00,39.96,40.06,39.62,39.96,1180400
2025-03-24 07:00:00,39.96,40.11,39.57,39.91,617200
2025-03-25 07:00:00,40.15,40.15,39.57,39.62,1756600
2025-03-26 07:00:00,39.77,40.15,39.67,39.82,792100
2025-03-27 07:00:00,39.82,39.96,39.48,39.62,792100
2025-03-28 07:00:00,39.48,39.62,38.51,38.51,1649600
2025-03-31 07:00:00,38.32,38.36,37.78,38.27,1019000
2025-04-01 07:00:00,38.56,38.99,38.41,38.99,565000
2025-04-02 07:00:00,39.09,39.09,38.7,38.9,349700
2025-04-03 07:00:00,36.96,37.93,36.19,36.19,2805800
2025-04-04 07:00:00,33.67,34.54,33.67,34.54,4400600
2025-04-08 07:00:00,32.37,33.77,32.17,32.17,1900200
2025-04-09 07:00:00,29.95,32.03,29.95,29.95,2654100
2025-04-10 07:00:00,32.03,32.03,32.03,32.03,41400
2025-04-11 07:00:00,34.25,34.25,32.37,34.2,3676400
2025-04-14 07:00:00,34.16,34.2,33.28,33.72,1580500
2025-04-15 07:00:00,33.38,33.62,32.51,32.51,1652500
2025-04-16 07:00:00,32.51,32.99,31.93,31.93,1204700
2025-04-17 07:00:00,31.88,32.8,31.69,32.75,801800
2025-04-18 07:00:00,33.14,33.33,32.9,32.9,607000
2025-04-21 07:00:00,32.9,33.14,32.41,32.7,417900
2025-04-22 07:00:00,32.7,32.7,30.43,32.03,1192700
2025-04-23 07:00:00,32.61,32.7,32.07,32.37,794900
2025-04-24 07:00:00,32.51,33.14,32.51,32.56,934400
2025-04-25 07:00:00,32.61,33.33,32.56,33.14,1458100
2025-04-28 07:00:00,33.14,33.14,32.56,32.7,607800
2025-04-29 07:00:00,32.7,32.9,32.7,32.8,356900
2025-05-05 07:00:00,32.66,32.66,32.12,32.56,657900
2025-05-06 07:00:00,32.8,33.48,32.61,32.8,1536800
2025-05-07 07:00:00,31.93,32.7,31.93,32.41,2037600
2025-05-08 07:00:00,32.12,34.64,32.12,34.54,4048300
2025-05-09 07:00:00,34.54,34.64,33.86,34.01,1594600
2025-05-12 07:00:00,34.01,34.54,34.01,34.35,1724800
2025-05-13 07:00:00,34.83,34.83,34.4,34.4,1535800
2025-05-14 07:00:00,34.54,35.07,34.45,34.54,2599300
2025-05-15 07:00:00,34.54,34.78,34.25,34.4,1228900
2025-05-16 07:00:00,34.45,34.93,34.4,34.59,1451300
2025-05-19 07:00:00,34.54,34.59,33.91,33.96,1050100
2025-05-20 07:00:00,33.96,34.01,33.62,33.67,847600
2025-05-21 07:00:00,33.82,34.45,33.72,34.16,907400
2025-05-22 07:00:00,34.16,34.16,33.53,33.67,813800
2025-05-23 07:00:00,33.67,33.82,32.99,33.24,1026400
2025-05-26 07:00:00,33.14,33.67,32.27,33.57,1114500
2025-05-27 07:00:00,33.72,34.01,33.53,33.62,1033800
2025-05-28 07:00:00,33.91,34.93,33.91,34.35,1771500
2025-05-29 07:00:00,34.4,34.4,33.67,33.77,1258000
2025-05-30 07:00:00,33.57,33.91,33.38,33.38,760700
2025-06-02 07:00:00,33.77,34.45,33.57,34.45,1837700
2025-06-03 07:00:00,34.59,34.69,34.45,34.49,1206000
2025-06-04 07:00:00,34.64,35.56,34.59,34.88,2128200
2025-06-05 07:00:00,35.27,35.32,34.78,34.93,1411300
2025-06-06 07:00:00,35.07,36.57,35.07,36.19,3673900
2025-06-09 07:00:00,36.24,36.24,35.36,35.8,1998700
2025-06-10 07:00:00,35.8,35.8,35.3,35.5,651600
2025-06-11 07:00:00,35.5,35.5,34.95,34.95,897800
2025-06-12 07:00:00,35.45,35.7,35.2,35.25,600800
2025-06-13 07:00:00,36.1,37.7,36.1,37.7,5447600
2025-06-16 07:00:00,40.0,40.3,38.65,40.3,5736900
2025-06-17 07:00:00,40.35,40.35,38.95,39.05,2712900
2025-06-18 07:00:00,40.0,40.2,39.0,39.0,2508200
2025-06-19 07:00:00,39.15,39.9,38.25,39.55,2533800
2025-06-20 07:00:00,39.55,39.8,38.65,39.15,1434800
2025-06-23 07:00:00,41.85,41.85,40.0,40.2,3038400
2025-06-24 07:00:00,37.8,38.9,37.8,38.05,2964800
2025-06-25 07:00:00,38.0,38.4,37.1,37.3,1860000
2025-06-26 07:00:00,37.3,37.7,36.85,37.05,1507600
2025-06-27 07:00:00,37.1,37.6,36.95,37.3,573000
2025-06-30 07:00:00,37.3,37.5,37.0,37.25,930200
2025-07-01 07:00:00,37.25,37.25,36.9,36.9,1078100
2025-07-02 07:00:00,36.9,37.1,36.85,36.95,678300
2025-07-03 07:00:00,37.2,37.4,37.0,37.0,781500
2025-07-04 07:00:00,37.0,37.3,37.0,37.25,937200
2025-07-07 07:00:00,37.25,37.3,37.0,37.1,984200
2025-07-08 07:00:00,37.1,37.35,37.1,37.3,1229900
2025-07-09 07:00:00,37.5,37.85,37.35,37.45,1348500
2025-07-10 07:00:00,37.5,38.35,37.45,37.9,1682800
2025-07-11 07:00:00,37.9,37.95,37.6,37.7,1223000
2025-07-14 07:00:00,37.9,37.9,37.3,37.5,1239200
2025-07-15 07:00:00,37.5,37.7,37.3,37.3,1511400
2025-07-16 07:00:00,37.3,37.5,37.05,37.25,1734200
2025-07-17 07:00:00,37.25,37.35,37.05,37.1,1791300
2025-07-18 07:00:00,37.15,37.6,37.15,37.3,2295400
2025-07-21 07:00:00,37.55,37.6,37.1,37.1,1174400
2025-07-22 07:00:00,37.1,37.15,36.9,37.15,1523400
2025-07-23 07:00:00,37.25,37.5,37.0,37.25,2046600
2025-07-24 07:00:00,37.35,38.2,37.3,38.1,4400700
2025-07-25 07:00:00,38.2,38.6,38.0,38.1,2922100
2025-07-28 07:00:00,38.15,38.2,37.7,37.85,3965000
2025-07-29 07:00:00,37.9,38.5,36.5,36.5,7470400
2025-07-30 07:00:00,37.0,37.0,36.2,36.3,3099700
2025-07-31 07:00:00,36.6,37.1,36.15,36.25,2104500
2025-08-01 07:00:00,36.25,36.3,35.65,35.8,3046700
2025-08-04 07:00:00,36.3,36.85,36.0,36.6,2611700
2025-08-05 07:00:00,36.9,37.1,36.2,36.6,3923500
2025-08-06 07:00:00,36.8,37.6,36.7,37.45,2980400
2025-08-07 07:00:00,37.5,37.55,37.0,37.1,2324500
2025-08-08 07:00:00,37.1,38.5,37.1,38.2,6375200
2025-08-11 07:00:00,38.25,38.5,37.65,37.95,2344600
2025-08-12 07:00:00,38.0,38.85,37.65,38.5,4940600
2025-08-13 07:00:00,38.65,38.95,37.5,38.0,3546500
2025-08-14 07:00:00,38.4,38.4,37.55,37.9,2328900
2025-08-15 07:00:00,38.0,39.75,37.7,38.5,7512200
2025-08-18 07:00:00,39.2,39.35,38.45,38.8,3223300
2025-08-19 07:00:00,38.8,39.3,38.35,38.35,4029200
2025-08-20 07:00:00,38.3,38.35,36.65,37.0,4907300
2025-08-21 07:00:00,37.0,37.4,36.7,36.9,2486700
2025-08-22 07:00:00,36.7,36.85,35.85,35.95,3927900
2025-08-25 07:00:00,36.1,36.5,35.75,35.85,2063900
2025-08-26 07:00:00,36.0,36.4,35.9,36.35,1245400
2025-08-27 07:00:00,36.35,36.85,36.15,36.4,1392400
2025-08-28 07:00:00,36.45,36.8,36.1,36.15,1883600
2025-08-29 07:00:00,36.5,36.5,36.05,36.1,1694600
2025-09-03 07:00:00,36.4,36.95,36.3,36.55,1410600
2025-09-04 07:00:00,36.6,37.0,36.5,36.65,1443500
2025-09-05 07:00:00,36.8,37.2,36.6,36.6,2740600
2025-09-08 07:00:00,36.5,36.6,35.5,35.5,3117400
2025-09-09 07:00:00,35.55,35.7,35.15,35.45,1657600
2025-09-10 07:00:00,35.6,35.85,35.25,35.4,951800
2025-09-11 07:00:00,35.6,35.7,34.85,35.35,2030600
2025-09-12 07:00:00,35.4,36.0,35.25,35.6,1759700
2025-09-15 07:00:00,36.0,36.05,35.6,35.75,1254400
2025-09-16 07:00:00,36.0,36.3,35.8,35.95,2344000
2025-09-17 07:00:00,36.15,36.65,36.0,36.1,1910400
2025-09-18 07:00:00,36.1,36.15,35.55,35.6,1609700
2025-09-19 07:00:00,35.55,35.75,35.3,35.35,2152000
2025-09-22 07:00:00,35.4,35.55,34.85,34.85,1866700
2025-09-23 07:00:00,35.0,35.2,34.75,34.75,1169300
2025-09-24 07:00:00,34.8,35.05,34.6,35.0,1194300
2025-09-25 07:00:00,35.15,35.3,35.05,35.05,1032600
2025-09-26 07:00:00,35.3,35.3,34.8,34.8,804600
2025-09-29 07:00:00,35.2,35.3,34.65,34.75,1020300
2025-09-30 07:00:00,34.75,34.8,34.0,34.2,1610600
2025-10-01 07:00:00,34.2,34.45,34.15,34.15,696000
2025-10-02 07:00:00,34.15,34.35,34.0,34.0,1039500
2025-10-03 07:00:00,34.15,34.15,33.3,33.45,2004500
2025-10-06 07:00:00,34.0,34.15,33.7,34.15,921500
2025-10-07 07:00:00,34.3,34.35,33.9,33.9,891600
2025-10-08 07:00:00,34.3,34.4,33.9,33.95,1039400
2025-10-09 07:00:00,34.0,34.4,33.85,34.1,1216800
2025-10-10 07:00:00,34.15,34.25,33.95,34.05,1171100
2025-10-13 07:00:00,33.7,34.05,33.55,34.05,1238600
2025-10-14 07:00:00,34.05,34.3,33.5,33.6,1916500
2025-10-15 07:00:00,33.6,33.9,33.55,33.7,1660100
2025-10-16 07:00:00,33.7,33.9,33.4,33.7,1735700
2025-10-17 07:00:00,33.7,33.75,33.45,33.55,1940900
2025-10-20 07:00:00,33.5,33.5,32.5,32.7,2222300
2025-10-21 07:00:00,32.8,33.5,32.8,33.35,1522900
2025-10-22 07:00:00,33.5,34.5,33.4,34.25,2047700
2025-10-23 07:00:00,34.6,34.95,34.25,34.25,1270200
2025-10-24 07:00:00,34.8,34.85,34.25,34.3,1108600
2025-10-27 07:00:00,34.8,34.8,34.15,34.15,776900
2025-10-28 07:00:00,34.15,34.3,33.85,34.05,641700
2025-10-29 07:00:00,34.1,34.5,34.0,34.5,1345200
2025-10-30 07:00:00,34.6,34.8,34.4,34.55,793900
2025-10-31 07:00:00,34.55,35.5,34.55,34.55,2937600
2025-11-03 07:00:00,35.0,35.0,34.3,34.3,1161500
2025-11-04 07:00:00,34.2,34.5,33.75,34.2,1942900
2025-11-05 07:00:00,34.3,36.1,34.3,35.2,4302700
2025-11-06 07:00:00,35.3,35.4,34.7,34.75,2001900
2025-11-07 07:00:00,34.8,35.0,34.0,34.0,2556500
2025-11-10 07:00:00,34.15,34.4,33.9,33.9,1622400
2025-11-11 07:00:00,33.95,34.1,33.7,33.75,1320500
2025-11-12 07:00:00,34.0,34.05,33.75,34.05,1081700
2025-11-13 07:00:00,34.05,35.05,34.0,34.5,2597000
2025-11-14 07:00:00,34.55,34.85,34.4,34.5,1409500
2025-11-17 07:00:00,34.55,34.7,34.4,34.7,1654200
2025-11-18 07:00:00,34.65,35.1,34.55,34.55,2769100
2025-11-19 07:00:00,34.55,34.85,34.4,34.7,1997700
2025-11-20 07:00:00,34.75,34.85,34.3,34.4,1406200
2025-11-21 07:00:00,34.25,34.35,33.8,33.95,2146100
2025-11-24 07:00:00,33.9,34.1,33.75,33.85,806300
2025-11-25 07:00:00,33.85,33.95,33.45,33.5,1547200
2025-11-26 07:00:00,33.55,34.05,33.55,33.85,592900
2025-11-27 07:00:00,33.85,34.1,33.7,34.0,684000
2025-11-28 07:00:00,34.0,34.05,33.7,33.9,913400
2025-12-01 07:00:00,33.9,34.5,33.9,34.45,1418900
2025-12-02 07:00:00,34.4,34.9,34.2,34.85,1938700
2025-12-03 07:00:00,35.2,35.35,34.55,34.6,1597900
2025-12-04 07:00:00,34.8,35.1,34.55,34.95,1749600
2025-12-05 07:00:00,34.95,34.95,34.3,34.4,1113500
2025-12-08 07:00:00,34.45,36.3,34.4,36.05,3941600
2025-12-09 07:00:00,35.8,35.8,34.9,35.0,1603100
2025-12-10 07:00:00,35.1,35.1,34.5,34.6,1073800
2025-12-11 07:00:00,34.7,34.8,34.35,34.4,898200
2025-12-12 07:00:00,34.4,34.45,33.5,33.7,1618800
2025-12-15 07:00:00,33.85,33.9,33.6,33.9,629200
2025-12-16 07:00:00,34.0,34.55,33.3,34.4,1592700
2025-12-17 07:00:00,34.3,35.6,34.3,34.65,3253800
2025-12-18 07:00:00,34.85,35.15,34.6,34.8,935500
2025-12-19 07:00:00,34.8,35.2,34.65,34.85,1086500
2025-12-22 07:00:00,34.9,35.3,34.9,35.3,1460400
2025-12-23 07:00:00,35.45,36.1,34.9,35.6,3530800
2025-12-24 07:00:00,35.55,35.65,35.15,35.15,1058800
2025-12-25 07:00:00,35.45,35.9,35.05,35.05,1864700
2025-12-26 07:00:00,35.05,35.55,34.7,35.55,1963300
2025-12-29 07:00:00,35.7,37.0,35.6,36.5,5305400
2025-12-30 07:00:00,36.6,36.6,35.7,35.75,1525900
2025-12-31 07:00:00,35.95,36.3,35.3,35.3,1541000
2026-01-05 07:00:00,35.9,37.0,35.35,36.3,6072100
2026-01-06 07:00:00,36.35,38.8,36.3,38.75,13251500
2026-01-07 07:00:00,39.4,41.45,38.85,41.45,15146400
2026-01-08 07:00:00,44.0,44.0,40.0,41.5,12736300
2026-01-09 07:00:00,41.7,44.0,41.5,43.0,8135100
2026-01-12 07:00:00,44.0,45.55,41.55,42.4,9725000
2026-01-13 07:00:00,42.4,45.35,42.3,45.35,9964700
2026-01-14 07:00:00,47.6,48.5,47.0,48.5,15641100
2026-01-15 07:00:00,48.1,51.8,47.0,51.8,15407000
2026-01-16 07:00:00,52.0,55.4,50.0,52.0,14325800
2026-01-19 07:00:00,52.8,55.6,51.5,55.6,11820900
2026-01-20 07:00:00,58.4,59.4,57.5,59.0,11931600
2026-01-21 07:00:00,57.8,60.6,55.4,59.1,12501000
2026-01-22 07:00:00,60.0,61.2,56.3,56.5,9461200
2026-01-23 07:00:00,56.4,57.3,53.0,54.6,12328300
2026-01-26 07:00:00,54.3,58.4,54.2,57.0,14211800
2026-01-27 07:00:00,58.0,60.9,56.5,60.9,13432600
2026-01-28 07:00:00,63.2,64.8,57.2,58.9,15553600
2026-01-29 07:00:00,58.2,58.8,56.4,57.7,10120500
2026-01-30 07:00:00,58.4,59.5,57.7,58.9,6913800
2026-02-02 07:00:00,57.3,60.9,56.8,60.9,10121500
2026-02-03 07:00:00,60.5,62.7,59.5,60.0,8365200
2026-02-04 07:00:00,60.0,61.3,58.7,60.0,5519900
2026-02-05 07:00:00,60.0,60.7,57.4,57.4,7237200
2026-02-06 07:00:00,56.5,59.6,54.3,57.0,10233300
2026-02-09 07:00:00,57.5,58.2,56.5,57.3,2437900
2026-02-10 07:00:00,57.6,58.4,53.3,53.3,11387800
2026-02-11 07:00:00,52.0,53.6,50.5,51.7,7516800
2026-02-12 07:00:00,52.6,53.3,51.6,51.7,2640700
2026-02-13 07:00:00,51.6,52.7,50.7,52.0,3678600
2026-02-23 07:00:00,54.5,55.6,53.3,55.6,2808000
2026-02-24 07:00:00,57.5,58.5,56.7,57.7,9898400
2026-02-25 07:00:00,57.7,59.8,57.0,58.0,9033300
2026-02-26 07:00:00,58.5,58.6,56.0,57.5,4712800
2026-02-27 07:00:00,58.3,61.2,57.5,57.8,6852500
2026-03-02 07:00:00,61.3,61.8,60.0,61.8,10141600
2026-03-03 07:00:00,64.1,66.1,58.9,66.1,17753500
2026-03-04 07:00:00,68.0,70.4,66.0,69.5,11579000
2026-03-05 07:00:00,69.4,69.5,64.7,64.7,10215500
2026-03-06 07:00:00,63.6,67.0,60.8,62.0,11602800
2026-03-09 07:00:00,65.9,65.9,57.7,57.7,13231700
2026-03-10 07:00:00,55.0,58.1,53.7,53.7,8193700
2026-03-11 07:00:00,51.6,55.2,51.4,55.2,8718600
2026-03-12 07:00:00,55.0,55.2,52.0,52.0,7032400
2026-03-13 07:00:00,52.0,54.4,48.4,48.4,11908400
2026-03-16 07:00:00,48.0,48.1,45.05,46.7,10155600
2026-03-17 07:00:00,47.9,48.1,45.35,45.65,3705400
2026-03-18 07:00:00,45.2,48.8,45.2,48.45,6619900
2026-03-19 07:00:00,48.1,48.1,45.6,46.0,3988500
2026-03-20 07:00:00,46.6,46.6,42.8,42.8,7430100
2026-03-23 07:00:00,41.1,42.95,40.05,41.0,6716900
2026-03-24 07:00:00,42.0,42.1,38.5,39.8,8805600
2026-03-25 07:00:00,40.4,42.3,40.4,41.3,4323200
2026-03-26 07:00:00,41.3,41.3,39.7,39.9,4222400
2026-03-27 07:00:00,40.2,42.4,40.0,42.25,6104900
2026-03-30 07:00:00,42.0,43.0,41.4,41.4,5415300
2026-03-31 07:00:00,41.9,41.9,40.35,40.4,4149100
2026-04-01 07:00:00,41.1,41.85,40.5,40.7,4263100
2026-04-02 07:00:00,41.0,41.45,40.05,40.4,2560600
2026-04-03 07:00:00,40.9,41.35,40.2,40.2,2933800
2026-04-06 07:00:00,40.2,40.2,38.9,38.9,3124000
2026-04-07 07:00:00,38.95,39.55,38.55,38.6,1984000
2026-04-08 07:00:00,39.5,40.75,38.95,40.5,3490600
2026-04-09 07:00:00,40.5,40.5,39.5,39.5,2983000
2026-04-10 07:00:00,39.95,42.0,39.55,41.15,5697200
2026-04-13 07:00:00,41.9,41.95,40.5,40.7,3019000
2026-04-14 07:00:00,41.2,41.2,40.1,40.15,2218200
2026-04-15 07:00:00,40.15,40.7,39.65,39.8,2864800
2026-04-16 07:00:00,40.1,40.1,38.9,39.1,3333400
2026-04-17 07:00:00,39.4,40.45,38.95,39.95,2901300
2026-04-20 07:00:00,40.1,40.3,39.3,39.45,1765400
2026-04-21 07:00:00,39.45,40.0,39.3,39.35,1986400
2026-04-22 07:00:00,39.6,39.6,39.0,39.0,1910900
2026-04-23 07:00:00,39.1,39.7,38.0,39.3,3786500
2026-04-24 07:00:00,39.65,41.35,39.55,39.7,6401800
2026-04-28 07:00:00,38.2,39.2,36.95,36.95,6503400
2026-04-29 07:00:00,37.0,37.45,36.25,37.15,3564100
