time,open,high,low,close,volume
2016-12-06 07:00:00,47.47,47.47,47.47,47.47,3010
2016-12-07 07:00:00,50.78,50.78,50.78,50.78,30
2016-12-08 07:00:00,54.3,54.3,54.3,54.3,1000
2016-12-09 07:00:00,54.3,58.08,54.3,58.08,3010
2016-12-12 07:00:00,62.14,62.14,62.14,62.14,35690
2016-12-13 07:00:00,66.46,66.46,66.46,66.46,96830
2016-12-14 07:00:00,71.1,71.1,71.1,71.1,154380
2016-12-15 07:00:00,76.06,76.06,75.52,76.06,380050
2016-12-16 07:00:00,81.38,81.38,71.92,80.91,387520
2016-12-19 07:00:00,76.24,80.91,76.24,76.24,168190
2016-12-20 07:00:00,75.88,76.06,70.92,70.92,399710
2016-12-21 07:00:00,70.92,73.18,66.53,72.21,241750
2016-12-22 07:00:00,75.48,75.48,73.0,73.0,52460
2016-12-23 07:00:00,73.0,73.0,70.88,71.92,54810
2016-12-26 07:00:00,72.29,72.29,69.37,71.92,169870
2016-12-27 07:00:00,71.92,72.94,70.5,72.29,69880
2016-12-28 07:00:00,72.94,72.94,71.96,72.61,28530
2016-12-29 07:00:00,72.29,72.29,70.46,71.92,98560
2016-12-30 07:00:00,72.29,72.29,71.37,72.18,96740
2017-01-03 07:00:00,72.18,72.18,71.52,71.92,63170
2017-01-04 07:00:00,71.92,72.51,71.19,71.92,87490
2017-01-05 07:00:00,71.92,72.29,71.56,71.96,27170
2017-01-06 07:00:00,72.25,76.63,72.0,75.21,212390
2017-01-09 07:00:00,75.21,75.94,74.84,74.84,31390
2017-01-10 07:00:00,75.54,75.54,73.56,74.66,44540
2017-01-11 07:00:00,74.48,76.67,73.75,76.67,228480
2017-01-12 07:00:00,77.76,77.76,76.67,76.89,55290
2017-01-13 07:00:00,76.92,77.47,76.89,77.32,37670
2017-01-16 07:00:00,77.03,77.03,75.94,76.3,33890
2017-01-17 07:00:00,76.12,79.37,75.97,79.04,113760
2017-01-18 07:00:00,78.6,82.14,78.6,81.71,103480
2017-01-19 07:00:00,82.14,82.14,80.32,81.71,40040
2017-01-20 07:00:00,81.41,82.18,81.41,81.71,77940
2017-01-23 07:00:00,81.71,81.71,80.5,81.05,44360
2017-01-24 07:00:00,80.32,81.78,80.32,81.05,137100
2017-01-25 07:00:00,81.05,81.71,80.32,81.71,18800
2017-02-02 07:00:00,81.74,81.74,79.95,79.95,18560
2017-02-03 07:00:00,79.37,81.38,79.0,79.22,51700
2017-02-06 07:00:00,80.14,80.14,77.22,78.49,50070
2017-02-07 07:00:00,78.49,80.32,77.76,78.86,76580
2017-02-08 07:00:00,78.86,79.22,78.49,78.6,36350
2017-02-09 07:00:00,78.6,78.6,75.94,77.03,150070
2017-02-10 07:00:00,77.03,78.13,77.03,77.84,35880
2017-02-13 07:00:00,77.84,78.38,76.67,77.91,25240
2017-02-14 07:00:00,77.91,79.19,77.8,78.86,72220
2017-02-15 07:00:00,78.86,78.86,77.69,78.09,84300
2017-02-16 07:00:00,78.13,78.86,78.13,78.64,44230
2017-02-17 07:00:00,78.49,78.49,78.13,78.38,34430
2017-02-20 07:00:00,77.87,79.59,77.84,79.59,103930
2017-02-21 07:00:00,79.44,80.32,79.44,80.17,34930
2017-02-22 07:00:00,80.14,81.96,80.14,81.89,100360
2017-02-23 07:00:00,82.11,82.87,81.78,82.87,130020
2017-02-24 07:00:00,83.24,83.97,82.51,82.87,107840
2017-02-27 07:00:00,81.96,83.2,81.78,82.18,61270
2017-02-28 07:00:00,82.33,82.58,82.18,82.18,50720
2017-03-01 07:00:00,82.18,82.51,82.14,82.47,69440
2017-03-02 07:00:00,82.87,82.87,80.03,82.11,30250
2017-03-03 07:00:00,81.41,82.29,80.68,82.29,20670
2017-03-06 07:00:00,82.14,82.33,81.05,81.96,32990
2017-03-07 07:00:00,82.11,82.14,81.27,81.27,35720
2017-03-08 07:00:00,81.27,81.27,79.73,79.92,14120
2017-03-09 07:00:00,78.9,80.68,77.4,78.86,56450
2017-03-10 07:00:00,78.86,78.86,77.03,77.03,17550
2017-03-13 07:00:00,77.03,77.03,75.35,75.57,30560
2017-03-14 07:00:00,75.57,79.22,74.18,78.13,54260
2017-03-15 07:00:00,78.13,78.49,77.03,77.25,13250
2017-03-16 07:00:00,77.25,78.13,75.03,77.73,7450
2017-03-17 07:00:00,77.73,77.73,75.94,75.94,14250
2017-03-20 07:00:00,75.94,76.63,75.94,76.3,7670
2017-03-21 07:00:00,76.3,76.3,74.77,74.92,61100
2017-03-22 07:00:00,74.92,75.17,73.2,74.11,42630
2017-03-23 07:00:00,73.86,74.77,73.2,73.75,20840
2017-03-24 07:00:00,73.75,73.78,72.69,73.02,101770
2017-03-27 07:00:00,73.02,73.2,72.65,73.02,25830
2017-03-28 07:00:00,73.38,73.75,72.65,72.65,55080
2017-03-29 07:00:00,72.32,74.84,72.29,73.02,35850
2017-03-30 07:00:00,73.02,73.75,73.02,73.75,11700
2017-03-31 07:00:00,73.75,73.75,73.02,73.02,10830
2017-04-03 07:00:00,73.02,73.71,73.02,73.16,20480
2017-04-04 07:00:00,72.8,73.16,72.8,73.16,11070
2017-04-05 07:00:00,73.93,74.11,73.24,74.11,24480
2017-04-07 07:00:00,74.11,74.84,73.75,74.84,22080
2017-04-10 07:00:00,74.48,76.3,74.44,76.3,41220
2017-04-11 07:00:00,76.3,76.48,75.57,75.76,47920
2017-04-12 07:00:00,75.57,75.76,74.11,74.11,7830
2017-04-13 07:00:00,73.75,75.21,73.75,74.84,17760
2017-04-14 07:00:00,75.54,75.54,73.93,74.48,24610
2017-04-17 07:00:00,74.84,75.57,74.48,75.57,60990
2017-04-18 07:00:00,75.21,75.21,74.3,74.84,49600
2017-04-19 07:00:00,74.84,74.84,73.2,73.56,9950
2017-04-20 07:00:00,73.56,73.56,73.02,73.02,23910
2017-04-21 07:00:00,73.02,73.38,72.29,73.38,28730
2017-04-24 07:00:00,73.38,73.56,73.02,73.02,54940
2017-04-25 07:00:00,72.65,73.02,72.65,72.65,12720
2017-04-26 07:00:00,73.02,73.2,72.65,73.2,15380
2017-04-27 07:00:00,73.2,73.38,72.98,72.98,66200
2017-04-28 07:00:00,72.98,73.02,72.29,72.98,7590
2017-05-03 07:00:00,72.98,72.98,72.65,72.98,5880
2017-05-04 07:00:00,72.98,72.98,72.4,72.65,39290
2017-05-05 07:00:00,72.58,72.8,72.58,72.76,1140
2017-05-08 07:00:00,72.83,72.83,72.65,72.65,38090
2017-05-09 07:00:00,72.65,72.65,71.81,71.81,15040
2017-05-10 07:00:00,71.74,72.65,71.74,71.85,7830
2017-05-11 07:00:00,71.85,72.4,71.52,71.52,18710
2017-05-12 07:00:00,71.56,72.25,71.56,71.74,7380
2017-05-15 07:00:00,71.74,71.74,70.83,70.83,23710
2017-05-16 07:00:00,70.83,70.83,69.77,69.77,8650
2017-05-17 07:00:00,68.64,71.19,68.64,68.89,21820
2017-05-18 07:00:00,68.93,69.37,68.93,69.33,8860
2017-05-19 07:00:00,69.37,69.37,68.96,69.37,18730
2017-05-22 07:00:00,69.37,70.1,69.18,69.51,68360
2017-05-23 07:00:00,71.37,71.45,69.73,70.83,234300
2017-05-24 07:00:00,70.83,70.83,69.47,69.73,38050
2017-05-25 07:00:00,69.37,69.73,69.33,69.73,48990
2017-05-26 07:00:00,70.68,70.68,68.64,69.18,28150
2017-05-29 07:00:00,69.18,69.55,69.18,69.37,79770
2017-05-30 07:00:00,69.73,69.77,69.37,69.73,49970
2017-05-31 07:00:00,69.44,69.77,69.04,69.04,133970
2017-06-01 07:00:00,69.07,69.8,69.07,69.37,19790
2017-06-02 07:00:00,69.37,69.73,69.0,69.73,11640
2017-06-05 07:00:00,69.44,69.73,69.37,69.73,21070
2017-06-06 07:00:00,69.73,69.84,69.11,69.84,40210
2017-06-07 07:00:00,69.84,70.06,69.37,70.06,32930
2017-06-08 07:00:00,69.91,69.91,69.55,69.73,1840
2017-06-09 07:00:00,69.07,70.1,69.07,69.73,7830
2017-06-12 07:00:00,69.73,70.79,69.37,70.79,55930
2017-06-13 07:00:00,71.16,71.16,70.28,71.16,19500
2017-06-14 07:00:00,71.19,73.75,71.16,73.02,140190
2017-06-15 07:00:00,73.75,73.75,73.02,73.02,13680
2017-06-16 07:00:00,73.02,74.11,73.02,73.13,13430
2017-06-19 07:00:00,73.38,73.38,73.02,73.38,47210
2017-06-20 07:00:00,73.38,74.11,68.6,74.11,48670
2017-06-21 07:00:00,74.11,74.81,73.75,74.81,19620
2017-06-22 07:00:00,74.81,75.13,74.15,74.84,5890
2017-06-23 07:00:00,74.66,75.54,74.59,75.54,36240
2017-06-26 07:00:00,75.57,75.76,75.21,75.72,13630
2017-06-27 07:00:00,75.72,75.94,75.39,75.72,16400
2017-06-28 07:00:00,75.72,75.72,73.46,75.5,8280
2017-06-29 07:00:00,75.5,75.76,73.78,75.39,66380
2017-06-30 07:00:00,75.39,76.3,75.39,76.05,81400
2017-07-03 07:00:00,74.48,76.85,74.48,76.67,50930
2017-07-04 07:00:00,74.84,77.0,74.84,77.0,44930
2017-07-05 07:00:00,76.3,76.67,76.3,76.67,8580
2017-07-06 07:00:00,76.67,76.67,75.79,76.67,5360
2017-07-07 07:00:00,76.67,76.7,76.16,76.67,11440
2017-07-10 07:00:00,76.67,76.81,76.3,76.67,65040
2017-07-11 07:00:00,76.67,77.0,76.48,76.85,85430
2017-07-12 07:00:00,77.07,77.22,76.67,76.74,9580
2017-07-13 07:00:00,76.67,76.85,76.12,76.85,44270
2017-07-14 07:00:00,77.22,77.32,77.03,77.22,50680
2017-07-17 07:00:00,77.4,81.05,77.4,80.14,44950
2017-07-18 07:00:00,81.41,83.24,80.68,82.51,87890
2017-07-19 07:00:00,83.2,86.16,82.87,84.74,171600
2017-07-20 07:00:00,84.74,85.8,82.51,85.43,93230
2017-07-21 07:00:00,84.7,86.71,84.7,85.98,117590
2017-07-24 07:00:00,85.98,86.31,81.78,85.98,111440
2017-07-25 07:00:00,85.8,86.16,84.99,85.98,19390
2017-07-26 07:00:00,85.98,86.16,80.1,85.87,28870
2017-07-27 07:00:00,83.97,85.94,83.97,85.87,25440
2017-07-28 07:00:00,85.8,85.98,84.37,85.98,15600
2017-07-31 07:00:00,84.7,86.49,84.7,86.49,95520
2017-08-01 07:00:00,87.62,89.41,86.89,89.41,69450
2017-08-02 07:00:00,89.41,89.63,87.8,89.59,14340
2017-08-03 07:00:00,89.45,89.74,88.75,89.45,5910
2017-08-04 07:00:00,89.74,89.74,87.8,89.74,15550
2017-08-07 07:00:00,89.45,96.02,89.45,90.94,33620
2017-08-08 07:00:00,94.37,94.37,90.94,92.37,41220
2017-08-09 07:00:00,92.0,94.74,88.35,88.35,61800
2017-08-10 07:00:00,90.91,91.45,88.53,90.91,19570
2017-08-11 07:00:00,90.91,91.45,89.48,90.54,25140
2017-08-14 07:00:00,89.85,91.23,89.08,89.08,25970
2017-08-15 07:00:00,89.77,89.77,86.52,88.68,80350
2017-08-16 07:00:00,89.63,90.91,87.66,90.87,39460
2017-08-17 07:00:00,91.2,96.02,91.2,92.37,85640
2017-08-18 07:00:00,89.81,93.1,89.81,92.37,48040
2017-08-21 07:00:00,90.54,93.83,89.45,93.83,59480
2017-08-22 07:00:00,94.52,94.52,88.53,89.88,40100
2017-08-23 07:00:00,91.2,93.06,87.98,92.99,46130
2017-08-24 07:00:00,92.99,93.1,89.81,92.99,67660
2017-08-25 07:00:00,90.54,92.7,89.85,92.37,10060
2017-08-28 07:00:00,92.37,92.37,89.45,92.18,23900
2017-08-29 07:00:00,90.18,91.27,90.1,90.91,16570
2017-08-30 07:00:00,91.23,91.27,90.25,91.27,10860
2017-08-31 07:00:00,90.21,93.21,90.21,91.64,49740
2017-09-01 07:00:00,91.64,92.91,91.64,92.91,18680
2017-09-05 07:00:00,92.91,96.02,92.91,93.1,42560
2017-09-06 07:00:00,93.46,96.02,93.46,96.02,22460
2017-09-07 07:00:00,96.02,99.01,94.63,99.01,107880
2017-09-08 07:00:00,100.03,102.84,99.67,102.84,48020
2017-09-11 07:00:00,102.84,105.51,102.84,104.05,29280
2017-09-12 07:00:00,102.22,105.51,102.22,102.59,28500
2017-09-13 07:00:00,102.59,104.01,101.24,101.24,27310
2017-09-14 07:00:00,101.86,101.86,99.12,99.48,36910
2017-09-15 07:00:00,97.48,99.3,97.48,99.3,24350
2017-09-18 07:00:00,102.19,102.19,97.84,100.95,19100
2017-09-19 07:00:00,100.95,101.49,99.3,100.4,20580
2017-09-20 07:00:00,101.13,101.13,99.27,99.67,12860
2017-09-21 07:00:00,99.3,99.3,96.75,96.75,52660
2017-09-22 07:00:00,98.9,98.9,96.75,97.18,5950
2017-09-25 07:00:00,97.18,97.18,91.27,95.47,14620
2017-09-26 07:00:00,95.47,95.47,93.86,94.19,5600
2017-09-27 07:00:00,94.19,94.19,92.37,93.1,15050
2017-09-28 07:00:00,93.1,98.57,91.86,97.15,16960
2017-09-29 07:00:00,97.11,99.48,94.92,94.92,13640
2017-10-02 07:00:00,94.92,95.98,93.46,94.19,3580
2017-10-03 07:00:00,95.65,95.65,93.5,93.75,7330
2017-10-04 07:00:00,93.17,95.07,93.17,95.07,3250
2017-10-05 07:00:00,93.1,96.67,93.1,94.92,2220
2017-10-06 07:00:00,95.62,95.62,93.17,94.96,1920
2017-10-09 07:00:00,95.94,95.94,93.28,94.96,12300
2017-10-10 07:00:00,95.54,95.58,94.7,94.96,20900
2017-10-11 07:00:00,94.88,95.62,94.85,95.58,15300
2017-10-12 07:00:00,95.32,97.22,95.32,97.11,19470
2017-10-13 07:00:00,97.11,99.3,95.32,99.3,57150
2017-10-16 07:00:00,99.3,99.56,98.21,99.3,47420
2017-10-17 07:00:00,99.3,101.86,97.92,101.86,40630
2017-10-18 07:00:00,101.16,102.95,101.13,102.77,177700
2017-10-19 07:00:00,103.98,104.05,101.49,101.49,38990
2017-10-20 07:00:00,100.62,103.68,98.57,98.57,27530
2017-10-23 07:00:00,100.76,102.22,98.61,102.22,36380
2017-10-24 07:00:00,102.22,102.92,98.61,102.41,54670
2017-10-25 07:00:00,102.41,102.41,100.03,102.0,5720
2017-10-26 07:00:00,102.41,102.95,100.4,102.95,45560
2017-10-27 07:00:00,102.95,102.95,99.34,102.41,26460
2017-10-30 07:00:00,102.22,104.78,101.13,104.78,110150
2017-10-31 07:00:00,104.78,104.78,103.36,104.27,3060
2017-11-01 07:00:00,104.27,104.78,102.48,104.74,18930
2017-11-02 07:00:00,104.74,105.51,103.68,105.51,43940
2017-11-03 07:00:00,104.23,105.87,102.62,105.87,12150
2017-11-06 07:00:00,105.87,106.6,105.14,105.87,7770
2017-11-07 07:00:00,104.41,105.87,104.08,104.08,50470
2017-11-08 07:00:00,105.44,109.12,101.38,102.77,79920
2017-11-09 07:00:00,102.77,103.28,101.38,101.53,4680
2017-11-10 07:00:00,101.53,101.53,100.0,100.95,16650
2017-11-13 07:00:00,100.95,103.25,100.76,100.84,37370
2017-11-14 07:00:00,100.84,102.22,100.11,100.11,18400
2017-11-15 07:00:00,100.07,101.68,98.46,98.9,44210
2017-11-16 07:00:00,97.84,102.22,97.84,102.22,55060
2017-11-17 07:00:00,102.59,103.65,100.51,102.22,81030
2017-11-20 07:00:00,100.76,102.52,100.51,102.44,46050
2017-11-21 07:00:00,102.44,109.16,102.41,106.97,116870
2017-11-22 07:00:00,106.97,112.81,106.97,112.59,113570
2017-11-23 07:00:00,112.59,113.18,109.89,112.81,34940
2017-11-24 07:00:00,113.18,116.68,111.35,116.39,55290
2017-11-27 07:00:00,113.21,116.46,109.6,110.62,27840
2017-11-28 07:00:00,109.89,116.83,109.89,116.83,41090
2017-11-29 07:00:00,121.94,125.0,117.92,123.76,114970
2017-11-30 07:00:00,124.79,126.68,120.11,120.11,59880
2017-12-01 07:00:00,120.11,121.02,118.69,120.48,41490
2017-12-04 07:00:00,120.48,124.49,120.48,121.32,77450
2017-12-05 07:00:00,121.94,123.4,120.48,120.48,64960
2017-12-06 07:00:00,120.48,121.57,115.37,119.75,65890
2017-12-07 07:00:00,120.48,121.57,115.0,116.61,50120
2017-12-08 07:00:00,115.37,116.64,112.26,112.81,85860
2017-12-11 07:00:00,113.54,113.54,106.97,106.97,142910
2017-12-12 07:00:00,114.45,114.45,112.45,114.27,311160
2017-12-13 07:00:00,116.72,117.19,114.27,114.64,133180
2017-12-14 07:00:00,115.73,115.73,112.81,112.81,131480
2017-12-15 07:00:00,112.81,113.18,112.08,112.88,138480
2017-12-18 07:00:00,112.88,116.06,112.88,112.88,255930
2017-12-19 07:00:00,112.88,113.18,105.0,105.0,362340
2017-12-20 07:00:00,97.84,102.22,97.66,97.66,276270
2017-12-21 07:00:00,92.0,96.75,90.87,90.98,583060
2017-12-22 07:00:00,93.83,95.65,91.64,91.64,226780
2017-12-25 07:00:00,93.06,97.08,92.0,96.6,119540
2017-12-26 07:00:00,96.38,96.46,93.46,93.83,174190
2017-12-27 07:00:00,93.46,94.92,92.07,92.07,156790
2017-12-28 07:00:00,92.73,92.73,90.98,90.98,177330
2017-12-29 07:00:00,92.66,92.66,90.98,91.02,170350
2018-01-02 07:00:00,92.73,92.99,91.23,92.11,116190
2018-01-03 07:00:00,92.11,96.75,92.11,96.75,231500
2018-01-04 07:00:00,97.84,98.1,96.02,97.66,238800
2018-01-05 07:00:00,97.84,98.02,96.05,96.49,131870
2018-01-08 07:00:00,96.02,96.38,94.56,95.29,115690
2018-01-09 07:00:00,96.38,96.38,94.92,95.29,127130
2018-01-10 07:00:00,95.29,95.65,94.56,94.74,82190
2018-01-11 07:00:00,95.29,96.38,94.67,95.29,184000
2018-01-12 07:00:00,95.18,96.02,94.56,95.18,94390
2018-01-15 07:00:00,96.28,96.28,90.42,96.1,81970
2018-01-16 07:00:00,95.55,96.1,95.18,95.55,152440
2018-01-17 07:00:00,95.18,96.1,94.99,95.18,171960
2018-01-18 07:00:00,95.1,95.1,93.44,95.1,104920
2018-01-19 07:00:00,95.1,95.18,94.07,94.26,200930
2018-01-22 07:00:00,94.07,96.65,92.82,96.28,184370
2018-01-25 07:00:00,96.65,96.65,94.81,95.18,94990
2018-01-26 07:00:00,95.18,95.21,93.0,93.0,103010
2018-01-29 07:00:00,93.0,93.18,90.38,90.38,164600
2018-01-30 07:00:00,90.01,90.75,89.83,90.75,95220
2018-01-31 07:00:00,90.75,92.96,90.75,91.12,124310
2018-02-01 07:00:00,91.12,91.12,89.86,90.38,138000
2018-02-02 07:00:00,90.38,91.12,88.94,91.12,77900
2018-02-05 07:00:00,90.38,91.05,87.06,88.13,126340
2018-02-06 07:00:00,88.13,88.13,82.01,85.84,134250
2018-02-07 07:00:00,85.88,88.91,85.77,85.88,45750
2018-02-08 07:00:00,85.88,86.32,83.0,83.0,67480
2018-02-09 07:00:00,83.0,83.0,79.68,83.0,96300
2018-02-12 07:00:00,84.85,85.96,83.0,85.96,108810
2018-02-13 07:00:00,86.32,87.43,85.96,86.29,20870
2018-02-21 07:00:00,87.8,90.38,86.32,88.91,52050
2018-02-22 07:00:00,88.54,89.28,87.73,87.73,121670
2018-02-23 07:00:00,89.64,89.64,87.36,88.54,44180
2018-02-26 07:00:00,88.54,90.01,87.43,89.53,220820
2018-02-27 07:00:00,90.38,90.38,88.28,89.09,202240
2018-02-28 07:00:00,89.28,89.28,86.77,86.77,101780
2018-03-01 07:00:00,85.96,86.77,84.81,85.59,104990
2018-03-02 07:00:00,84.59,84.85,84.04,84.11,89080
2018-03-05 07:00:00,84.11,85.14,83.37,83.37,80570
2018-03-06 07:00:00,83.37,83.45,80.97,81.34,259600
2018-03-07 07:00:00,81.34,82.6,81.16,81.53,84500
2018-03-08 07:00:00,81.9,81.9,81.16,81.2,48500
2018-03-09 07:00:00,81.9,81.93,80.94,81.31,49770
2018-03-12 07:00:00,81.9,81.9,81.16,81.23,41840
2018-03-13 07:00:00,81.53,81.53,79.5,80.05,100580
2018-03-14 07:00:00,79.68,80.02,76.73,79.17,215240
2018-03-15 07:00:00,77.84,78.95,75.55,78.95,196320
2018-03-16 07:00:00,80.79,84.4,77.47,84.3,442820
2018-03-19 07:00:00,84.85,86.62,83.0,83.0,103660
2018-03-20 07:00:00,81.56,84.44,80.86,83.37,89610
2018-03-21 07:00:00,83.74,84.11,81.9,83.37,106190
2018-03-22 07:00:00,83.37,86.88,82.27,85.22,199230
2018-03-23 07:00:00,84.88,87.43,83.41,86.84,162010
2018-03-26 07:00:00,86.32,90.38,86.32,90.09,174720
2018-03-27 07:00:00,91.82,91.82,88.57,90.01,83420
2018-03-28 07:00:00,90.01,90.38,87.8,88.2,104670
2018-03-29 07:00:00,89.28,89.28,88.17,88.2,78840
2018-03-30 07:00:00,88.2,89.28,88.2,88.76,76080
2018-04-02 07:00:00,89.83,90.38,87.8,87.8,88560
2018-04-03 07:00:00,87.8,88.17,84.48,84.48,65850
2018-04-04 07:00:00,85.22,85.22,82.27,83.37,55540
2018-04-05 07:00:00,83.41,86.14,82.27,83.82,43680
2018-04-06 07:00:00,83.37,84.85,83.37,83.82,32490
2018-04-09 07:00:00,82.64,84.48,82.64,83.0,43750
2018-04-10 07:00:00,83.34,85.81,82.45,84.85,87150
2018-04-11 07:00:00,83.78,86.66,83.78,84.85,46760
2018-04-12 07:00:00,84.85,85.22,84.11,84.85,55840
2018-04-13 07:00:00,84.52,85.59,83.93,84.04,73370
2018-04-16 07:00:00,84.48,85.0,83.93,84.66,31290
2018-04-17 07:00:00,84.92,85.22,84.11,84.48,24610
2018-04-18 07:00:00,85.22,85.22,83.82,84.11,51070
2018-04-19 07:00:00,84.4,84.4,78.28,78.28,77190
2018-04-20 07:00:00,78.28,82.3,78.28,81.9,54550
2018-04-23 07:00:00,82.64,84.11,79.68,80.24,54110
2018-04-24 07:00:00,80.05,82.27,79.32,80.05,46310
2018-04-26 07:00:00,81.53,81.53,80.05,80.79,33360
2018-04-27 07:00:00,80.61,81.34,78.58,78.58,89760
2018-05-02 07:00:00,79.32,79.68,78.58,78.61,48470
2018-05-03 07:00:00,78.58,80.24,78.32,80.16,30530
2018-05-04 07:00:00,80.79,80.79,79.68,80.79,19780
2018-05-07 07:00:00,81.16,86.43,81.12,86.43,65630
2018-05-08 07:00:00,86.43,89.24,84.85,86.66,60600
2018-05-09 07:00:00,88.17,88.2,85.33,86.32,74870
2018-05-10 07:00:00,85.59,87.62,81.16,86.32,66110
2018-05-11 07:00:00,86.32,87.06,84.18,87.06,53000
2018-05-14 07:00:00,87.8,90.75,84.88,90.75,96830
2018-05-15 07:00:00,91.3,95.18,89.28,92.23,122170
2018-05-16 07:00:00,92.23,92.96,90.01,92.96,48810
2018-05-17 07:00:00,92.04,92.67,89.09,89.09,97390
2018-05-18 07:00:00,90.57,93.11,89.16,93.11,76970
2018-05-21 07:00:00,93.11,94.11,91.3,92.6,122730
2018-05-22 07:00:00,91.38,92.15,90.38,91.45,79840
2018-05-23 07:00:00,91.86,92.26,88.98,89.64,137620
2018-05-24 07:00:00,90.01,90.38,85.96,89.57,103370
2018-05-25 07:00:00,87.36,90.31,86.32,86.32,71290
2018-05-28 07:00:00,84.11,87.69,84.11,85.59,51610
2018-05-29 07:00:00,86.4,86.4,81.9,84.48,99830
2018-05-30 07:00:00,83.26,84.85,81.64,84.48,104040
2018-05-31 07:00:00,84.48,90.38,82.64,88.54,210920
2018-06-01 07:00:00,89.64,90.38,87.14,90.38,77480
2018-06-04 07:00:00,90.01,90.38,88.17,89.13,50940
2018-06-05 07:00:00,88.94,92.23,88.17,91.34,52080
2018-06-06 07:00:00,90.38,92.15,90.01,91.12,31750
2018-06-07 07:00:00,91.12,92.23,89.64,91.49,35980
2018-06-08 07:00:00,90.38,91.86,89.64,90.38,45080
2018-06-11 07:00:00,89.64,91.42,89.35,89.64,56660
2018-06-12 07:00:00,89.64,89.64,87.06,88.17,38540
2018-06-13 07:00:00,88.17,88.17,86.32,86.73,25070
2018-06-14 07:00:00,86.77,87.8,85.99,85.99,45510
2018-06-15 07:00:00,85.96,86.62,84.22,86.54,64480
2018-06-18 07:00:00,86.32,87.43,85.22,85.59,29860
2018-06-19 07:00:00,85.03,86.47,79.65,83.0,112000
2018-06-20 07:00:00,79.68,84.07,79.68,84.07,91770
2018-06-21 07:00:00,84.07,84.07,81.9,83.37,53980
2018-06-22 07:00:00,83.37,83.74,82.08,83.37,32580
2018-06-25 07:00:00,83.37,83.7,82.41,83.11,30380
2018-06-26 07:00:00,83.0,83.0,81.71,82.16,32870
2018-06-27 07:00:00,81.93,82.93,81.71,82.16,54630
2018-06-28 07:00:00,81.6,81.9,80.09,80.94,45520
2018-06-29 07:00:00,80.94,83.19,79.72,83.19,69820
2018-07-02 07:00:00,83.0,84.85,81.42,84.85,57880
2018-07-03 07:00:00,84.85,84.85,83.11,84.15,52210
2018-07-04 07:00:00,82.64,84.11,82.64,83.37,47480
2018-07-05 07:00:00,83.7,83.7,81.16,81.16,25820
2018-07-06 07:00:00,81.16,81.86,79.68,81.16,34770
2018-07-09 07:00:00,82.23,82.27,80.9,81.42,16370
2018-07-10 07:00:00,82.23,82.23,80.31,81.16,81620
2018-07-11 07:00:00,81.42,81.42,80.09,81.16,78980
2018-07-12 07:00:00,80.42,81.53,80.42,80.46,25860
2018-07-13 07:00:00,80.42,80.83,78.95,80.42,114030
2018-07-16 07:00:00,80.42,80.42,78.95,80.38,74340
2018-07-17 07:00:00,79.68,80.42,78.98,80.42,63080
2018-07-18 07:00:00,80.42,80.42,79.32,80.38,57210
2018-07-19 07:00:00,79.72,80.42,79.32,79.32,68430
2018-07-20 07:00:00,79.32,79.87,73.78,73.78,167500
2018-07-23 07:00:00,75.63,77.66,75.07,77.66,121840
2018-07-24 07:00:00,77.84,77.84,75.92,77.47,106300
2018-07-25 07:00:00,75.88,77.1,75.66,76.36,89120
2018-07-26 07:00:00,74.74,76.36,74.59,76.36,113290
2018-07-27 07:00:00,74.92,76.36,74.92,76.36,71130
2018-07-30 07:00:00,76.36,76.36,75.63,76.29,41840
2018-07-31 07:00:00,75.29,76.36,75.26,75.81,112500
2018-08-01 07:00:00,75.63,75.99,75.15,75.63,33350
2018-08-02 07:00:00,75.29,75.96,74.89,75.26,41290
2018-08-03 07:00:00,75.07,75.63,73.6,73.74,83590
2018-08-06 07:00:00,73.74,73.78,72.75,73.41,58550
2018-08-07 07:00:00,72.86,73.41,71.49,73.41,77380
2018-08-08 07:00:00,72.67,73.78,71.94,73.78,72620
2018-08-09 07:00:00,73.78,76.73,73.41,76.73,134190
2018-08-10 07:00:00,76.73,77.29,75.26,77.1,79050
2018-08-13 07:00:00,77.1,77.47,76.03,77.47,84580
2018-08-14 07:00:00,77.47,77.47,76.55,77.47,33560
2018-08-15 07:00:00,77.47,78.17,76.73,77.84,44610
2018-08-16 07:00:00,77.84,78.21,76.47,78.21,56860
2018-08-17 07:00:00,78.21,78.58,77.47,78.58,45730
2018-08-20 07:00:00,77.51,78.58,77.47,78.58,34660
2018-08-21 07:00:00,78.58,78.58,76.95,78.58,71180
2018-08-22 07:00:00,78.58,78.58,77.51,78.58,42550
2018-08-23 07:00:00,78.21,78.58,77.58,78.39,79280
2018-08-24 07:00:00,77.84,78.58,77.47,78.58,95550
2018-08-27 07:00:00,78.95,82.19,78.65,80.79,67490
2018-08-28 07:00:00,80.79,82.27,80.68,81.9,38360
2018-08-29 07:00:00,81.9,83.37,81.16,83.37,25460
2018-08-30 07:00:00,81.97,83.37,81.97,83.37,37240
2018-08-31 07:00:00,83.37,83.37,82.38,83.37,47370
2018-09-04 07:00:00,83.37,83.37,82.49,82.56,60720
2018-09-05 07:00:00,82.56,82.56,81.56,82.23,38610
2018-09-06 07:00:00,81.9,82.23,80.79,82.19,41630
2018-09-07 07:00:00,81.16,82.23,80.86,82.19,32790
2018-09-10 07:00:00,82.16,82.27,81.2,82.27,31480
2018-09-11 07:00:00,82.27,82.27,81.23,82.27,19770
2018-09-12 07:00:00,81.93,82.23,81.27,82.19,11530
2018-09-13 07:00:00,81.53,82.16,81.53,81.9,7230
2018-09-14 07:00:00,81.9,83.0,81.9,82.19,42150
2018-09-17 07:00:00,83.0,83.0,81.71,81.93,5410
2018-09-18 07:00:00,82.64,82.64,81.9,82.27,24680
2018-09-19 07:00:00,82.27,82.27,81.16,81.16,19770
2018-09-20 07:00:00,81.16,81.9,80.61,81.12,9720
2018-09-21 07:00:00,80.61,81.86,80.16,80.79,30810
2018-09-24 07:00:00,80.79,80.79,80.24,80.75,26420
2018-09-25 07:00:00,80.75,80.79,80.35,80.79,18180
2018-09-26 07:00:00,80.79,80.79,80.05,80.75,22560
2018-09-27 07:00:00,80.75,81.9,80.5,81.16,34790
2018-09-28 07:00:00,81.53,82.08,81.16,82.08,66090
2018-10-01 07:00:00,82.01,82.01,81.16,81.97,20780
2018-10-02 07:00:00,81.97,83.0,81.08,83.0,103220
2018-10-03 07:00:00,83.0,83.74,83.0,83.26,17230
2018-10-04 07:00:00,83.37,83.63,83.0,83.37,4940
2018-10-05 07:00:00,82.27,83.34,81.9,82.34,22290
2018-10-08 07:00:00,81.79,82.34,81.12,82.34,24950
2018-10-09 07:00:00,81.79,82.34,81.2,82.34,27710
2018-10-10 07:00:00,81.79,83.37,81.79,83.37,18450
2018-10-11 07:00:00,83.37,83.37,80.57,81.9,21230
2018-10-12 07:00:00,81.9,82.27,80.79,82.08,40990
2018-10-15 07:00:00,81.34,82.97,81.16,82.27,45960
2018-10-16 07:00:00,81.93,83.27,81.89,82.45,22050
2018-10-17 07:00:00,82.45,82.93,82.12,82.82,36550
2018-10-18 07:00:00,83.16,83.16,82.15,82.45,10210
2018-10-19 07:00:00,81.71,82.71,80.97,81.71,24610
2018-10-22 07:00:00,81.71,82.64,80.97,82.45,31600
2018-10-23 07:00:00,82.45,83.19,81.71,82.79,34600
2018-10-24 07:00:00,82.6,83.23,81.89,82.45,54220
2018-10-25 07:00:00,80.63,82.45,80.59,82.45,26680
2018-10-26 07:00:00,82.97,82.97,81.41,82.15,32970
2018-10-29 07:00:00,82.45,82.64,82.15,82.45,67050
2018-10-30 07:00:00,82.45,82.79,78.74,82.53,90870
2018-10-31 07:00:00,82.53,82.64,80.26,82.64,55160
2018-11-01 07:00:00,82.64,82.64,81.04,82.45,11320
2018-11-02 07:00:00,81.71,82.64,81.15,82.45,81350
2018-11-05 07:00:00,81.34,82.82,81.0,82.82,42370
2018-11-06 07:00:00,82.82,83.01,81.41,82.93,26860
2018-11-07 07:00:00,82.93,83.57,81.75,83.57,40070
2018-11-08 07:00:00,83.57,84.23,83.01,83.9,26180
2018-11-09 07:00:00,83.94,83.94,82.86,83.9,32970
2018-11-12 07:00:00,83.9,87.65,83.19,86.54,50480
2018-11-13 07:00:00,86.28,89.88,86.16,88.24,49110
2018-11-14 07:00:00,88.39,91.55,88.24,90.25,77240
2018-11-15 07:00:00,90.06,92.44,89.14,90.99,46990
2018-11-16 07:00:00,90.99,91.7,89.88,90.99,42550
2018-11-19 07:00:00,90.99,92.29,89.88,91.18,23290
2018-11-20 07:00:00,90.18,90.62,89.17,90.44,28270
2018-11-21 07:00:00,89.88,89.88,88.39,89.88,61600
2018-11-22 07:00:00,89.88,90.25,88.76,89.88,12800
2018-11-23 07:00:00,89.51,90.25,88.58,89.69,14130
2018-11-26 07:00:00,89.88,89.88,89.13,89.17,21380
2018-11-27 07:00:00,88.42,91.0,88.42,90.63,31970
2018-11-28 07:00:00,90.63,93.63,89.99,93.63,63680
2018-11-29 07:00:00,94.38,95.87,93.44,93.63,114710
2018-11-30 07:00:00,93.44,94.0,92.32,93.63,55080
2018-12-03 07:00:00,95.5,95.5,92.88,94.0,19310
2018-12-04 07:00:00,93.25,94.38,92.88,92.88,32320
2018-12-05 07:00:00,93.55,93.55,91.94,91.94,24420
2018-12-06 07:00:00,91.83,92.76,90.63,92.5,15460
2018-12-07 07:00:00,92.13,93.96,91.42,92.62,30960
2018-12-10 07:00:00,91.0,93.21,91.0,92.88,44570
2018-12-11 07:00:00,92.28,94.75,92.28,94.75,28960
2018-12-12 07:00:00,93.48,95.5,93.48,94.75,49700
2018-12-13 07:00:00,94.86,95.12,93.7,93.7,30870
2018-12-14 07:00:00,93.74,94.68,93.29,93.78,31370
2018-12-17 07:00:00,92.88,93.78,92.84,93.78,59460
2018-12-18 07:00:00,93.78,93.78,92.13,93.78,45170
2018-12-19 07:00:00,93.63,93.78,91.98,93.63,102270
2018-12-20 07:00:00,93.63,93.63,92.32,92.5,89640
2018-12-21 07:00:00,91.75,92.5,91.12,92.5,67740
2018-12-24 07:00:00,89.88,93.21,89.88,92.46,43500
2018-12-25 07:00:00,90.7,92.46,90.7,92.46,40810
2018-12-26 07:00:00,90.97,93.25,90.97,93.25,23360
2018-12-27 07:00:00,93.59,93.96,92.5,93.93,35850
2018-12-28 07:00:00,93.93,100.18,92.32,100.18,46420
2019-01-02 07:00:00,100.18,100.18,93.18,93.18,46990
2019-01-03 07:00:00,93.18,95.5,87.33,91.94,98800
2019-01-04 07:00:00,92.13,92.13,88.05,91.08,8540
2019-01-07 07:00:00,91.08,92.88,90.26,91.38,12270
2019-01-08 07:00:00,91.08,91.38,89.54,91.38,11600
2019-01-09 07:00:00,91.38,92.88,89.51,91.38,25150
2019-01-10 07:00:00,90.11,91.3,89.62,89.88,28560
2019-01-11 07:00:00,89.88,90.07,88.42,89.88,38820
2019-01-14 07:00:00,90.82,90.82,89.1,89.88,45290
2019-01-15 07:00:00,89.13,89.84,89.13,89.73,23500
2019-01-16 07:00:00,89.24,90.26,89.13,89.51,30300
2019-01-17 07:00:00,89.13,90.18,87.82,87.82,41400
2019-01-18 07:00:00,87.82,88.91,87.78,87.82,14340
2019-01-21 07:00:00,88.83,88.83,87.82,87.82,4770
2019-01-22 07:00:00,88.01,88.01,87.07,87.56,14570
2019-01-23 07:00:00,87.56,87.82,86.92,87.56,16500
2019-01-24 07:00:00,87.93,88.01,86.88,87.26,35920
2019-01-25 07:00:00,86.88,87.6,86.55,87.26,26850
2019-01-28 07:00:00,87.26,87.93,86.51,87.26,24370
2019-01-29 07:00:00,87.82,87.82,86.55,87.26,18620
2019-01-30 07:00:00,87.26,87.93,86.77,87.26,36010
2019-01-31 07:00:00,87.26,87.45,86.92,87.26,21200
2019-02-01 07:00:00,87.26,87.93,86.51,87.26,80480
2019-02-11 07:00:00,87.63,87.71,86.66,87.37,42810
2019-02-12 07:00:00,89.51,89.51,87.45,89.06,11200
2019-02-13 07:00:00,89.06,89.1,88.08,88.42,118000
2019-02-14 07:00:00,89.13,89.13,88.38,89.13,123270
2019-02-15 07:00:00,89.69,89.81,88.8,89.28,48220
2019-02-18 07:00:00,89.47,89.88,89.47,89.88,19000
2019-02-19 07:00:00,89.51,90.7,89.13,90.26,25550
2019-02-20 07:00:00,89.51,91.38,89.51,91.38,39420
2019-02-21 07:00:00,91.38,92.88,91.38,92.88,24550
2019-02-22 07:00:00,92.88,93.14,92.5,92.5,14040
2019-02-25 07:00:00,92.5,92.8,92.13,92.8,31140
2019-02-26 07:00:00,92.13,92.88,92.13,92.5,26360
2019-02-27 07:00:00,92.88,92.88,92.13,92.69,7770
2019-02-28 07:00:00,91.87,92.69,89.88,89.88,31930
2019-03-01 07:00:00,88.5,92.13,88.5,90.63,31250
2019-03-04 07:00:00,89.88,91.94,89.51,90.63,44090
2019-03-05 07:00:00,91.57,91.68,89.92,91.19,10220
2019-03-06 07:00:00,90.03,91.75,89.88,91.34,22910
2019-03-07 07:00:00,90.63,90.97,90.07,90.29,25340
2019-03-08 07:00:00,90.97,91.75,90.26,91.75,29050
2019-03-11 07:00:00,91.75,92.24,90.48,91.75,20340
2019-03-12 07:00:00,91.75,94.6,91.64,94.38,42620
2019-03-13 07:00:00,93.36,96.62,87.97,95.5,54140
2019-03-14 07:00:00,94.75,96.44,94.38,94.75,26120
2019-03-15 07:00:00,95.5,95.5,92.8,95.05,40550
2019-03-18 07:00:00,93.66,95.05,91.79,91.79,75530
2019-03-19 07:00:00,91.79,93.44,91.79,92.88,37320
2019-03-20 07:00:00,91.75,93.63,91.75,93.44,17820
2019-03-21 07:00:00,93.96,94.0,91.98,93.4,17670
2019-03-22 07:00:00,91.75,94.0,91.75,94.0,30810
2019-03-25 07:00:00,93.63,93.63,91.75,93.18,5640
2019-03-26 07:00:00,93.18,93.96,92.58,93.93,41590
2019-03-27 07:00:00,93.93,94.0,92.62,93.93,12020
2019-03-28 07:00:00,93.93,93.93,92.73,93.63,8320
2019-03-29 07:00:00,94.34,94.34,92.5,93.51,122590
2019-04-01 07:00:00,93.78,93.78,92.69,93.51,23050
2019-04-02 07:00:00,94.04,94.04,92.13,92.13,21890
2019-04-03 07:00:00,93.1,93.1,91.9,92.46,1200
2019-04-04 07:00:00,93.55,93.93,92.16,93.55,38740
2019-04-05 07:00:00,92.54,93.89,92.54,92.88,13040
2019-04-08 07:00:00,93.59,93.59,92.88,93.4,2390
2019-04-09 07:00:00,92.35,93.4,91.79,91.79,22770
2019-04-10 07:00:00,93.25,93.25,89.92,92.5,39630
2019-04-11 07:00:00,92.5,93.55,90.33,92.69,32940
2019-04-12 07:00:00,92.69,93.06,91.45,91.45,5890
2019-04-16 07:00:00,91.45,92.5,90.33,92.2,13250
2019-04-17 07:00:00,91.42,92.69,91.42,92.43,12340
2019-04-18 07:00:00,92.39,92.5,86.51,86.51,41150
2019-04-19 07:00:00,91.0,91.0,88.8,90.07,8170
2019-04-22 07:00:00,90.07,91.0,88.57,91.0,18000
2019-04-23 07:00:00,89.88,90.63,89.32,90.07,23410
2019-04-24 07:00:00,90.26,90.63,89.58,89.88,49760
2019-04-25 07:00:00,89.92,89.92,88.57,89.51,43550
2019-04-26 07:00:00,88.76,90.63,88.05,89.58,27270
2019-05-02 07:00:00,89.58,91.38,89.58,91.27,48200
2019-05-03 07:00:00,91.27,91.3,89.77,91.27,80940
2019-05-06 07:00:00,91.19,91.19,89.24,90.07,20240
2019-05-07 07:00:00,89.58,91.0,89.58,90.48,7320
2019-05-08 07:00:00,89.88,91.0,89.88,90.7,28490
2019-05-09 07:00:00,89.69,92.46,89.69,92.13,20630
2019-05-10 07:00:00,92.5,93.4,91.0,92.88,23230
2019-05-13 07:00:00,93.44,94.38,92.88,92.88,15300
2019-05-14 07:00:00,92.88,97.0,91.79,94.75,15220
2019-05-15 07:00:00,94.38,96.47,94.38,94.75,108360
2019-05-16 07:00:00,95.12,95.31,91.75,91.75,20320
2019-05-17 07:00:00,95.46,96.62,92.69,96.25,31530
2019-05-20 07:00:00,96.25,99.24,94.38,98.5,30630
2019-05-21 07:00:00,97.93,98.87,97.48,98.76,17760
2019-05-22 07:00:00,98.76,98.76,97.63,98.76,24670
2019-05-23 07:00:00,98.76,98.76,97.37,97.78,14780
2019-05-24 07:00:00,97.41,98.83,97.41,97.82,37100
2019-05-27 07:00:00,98.79,99.24,97.37,99.24,20920
2019-05-28 07:00:00,99.24,99.24,97.37,97.37,28730
2019-05-29 07:00:00,97.37,98.5,96.96,97.48,13900
2019-05-30 07:00:00,98.12,99.99,95.87,98.68,21680
2019-05-31 07:00:00,98.64,99.99,97.41,99.99,8830
2019-06-03 07:00:00,98.68,102.61,96.25,101.12,98360
2019-06-04 07:00:00,99.28,102.24,99.28,102.24,30160
2019-06-05 07:00:00,101.15,104.86,100.55,102.61,28210
2019-06-06 07:00:00,102.61,102.99,100.37,102.61,35900
2019-06-07 07:00:00,102.65,103.55,100.89,103.51,40580
2019-06-10 07:00:00,103.51,105.57,103.36,105.54,105770
2019-06-11 07:00:00,104.86,104.86,103.36,103.36,45180
2019-06-12 07:00:00,103.36,103.36,99.99,102.61,77400
2019-06-13 07:00:00,102.61,102.8,101.49,102.61,12580
2019-06-14 07:00:00,99.96,102.61,99.96,102.24,13550
2019-06-17 07:00:00,102.24,102.24,99.99,102.24,37450
2019-06-18 07:00:00,102.24,102.24,99.8,102.24,4510
2019-06-19 07:00:00,103.18,103.18,101.56,103.18,19130
2019-06-20 07:00:00,100.74,106.17,100.74,102.99,76630
2019-06-21 07:00:00,104.11,105.2,102.99,104.11,9220
2019-06-24 07:00:00,104.11,105.24,104.11,105.24,16480
2019-06-25 07:00:00,105.24,105.54,104.11,105.54,39550
2019-06-26 07:00:00,103.36,106.73,103.36,105.61,15730
2019-06-27 07:00:00,104.94,105.61,101.86,101.86,39120
2019-06-28 07:00:00,102.24,104.86,101.15,102.99,22590
2019-07-01 07:00:00,104.45,104.49,103.4,104.08,17170
2019-07-02 07:00:00,104.11,104.79,103.03,103.06,9480
2019-07-03 07:00:00,103.06,103.74,102.99,103.36,27280
2019-07-04 07:00:00,103.36,104.49,102.99,104.49,31530
2019-07-05 07:00:00,104.49,104.86,103.36,104.86,21150
2019-07-08 07:00:00,104.86,105.54,103.78,105.24,70050
2019-07-09 07:00:00,104.11,105.24,103.74,105.24,65350
2019-07-10 07:00:00,105.24,107.44,104.86,106.73,28070
2019-07-11 07:00:00,106.73,107.48,105.65,107.11,37210
2019-07-12 07:00:00,107.11,108.98,107.11,108.23,20990
2019-07-15 07:00:00,107.11,108.57,105.61,105.61,37440
2019-07-16 07:00:00,106.73,106.73,105.61,106.73,7260
2019-07-17 07:00:00,106.73,107.48,105.8,107.11,43080
2019-07-18 07:00:00,106.36,107.11,105.24,106.36,45670
2019-07-19 07:00:00,106.73,106.73,103.78,103.78,20120
2019-07-22 07:00:00,103.78,105.24,103.55,103.81,28670
2019-07-23 07:00:00,103.81,104.86,103.81,103.85,6900
2019-07-24 07:00:00,103.85,105.24,103.36,103.92,55700
2019-07-25 07:00:00,103.92,105.98,103.92,105.98,20380
2019-07-26 07:00:00,106.55,106.55,103.81,104.45,15060
2019-07-29 07:00:00,104.45,105.61,104.11,104.11,30020
2019-07-30 07:00:00,105.57,105.57,104.3,105.24,27200
2019-07-31 07:00:00,104.86,105.61,104.49,104.49,46980
2019-08-01 07:00:00,105.38,105.42,103.66,105.42,16600
2019-08-02 07:00:00,104.19,105.24,104.11,104.86,33700
2019-08-05 07:00:00,103.85,105.57,103.85,104.94,13480
2019-08-06 07:00:00,103.62,105.5,103.62,104.56,15520
2019-08-07 07:00:00,103.62,104.86,102.61,104.86,69110
2019-08-08 07:00:00,104.86,104.86,102.65,104.86,61830
2019-08-09 07:00:00,103.62,105.61,103.06,103.25,7790
2019-08-12 07:00:00,104.67,104.67,102.76,102.76,6910
2019-08-13 07:00:00,104.86,105.24,102.84,103.74,35660
2019-08-14 07:00:00,103.81,104.41,103.36,103.74,29000
2019-08-15 07:00:00,103.74,106.73,103.18,106.73,15480
2019-08-16 07:00:00,105.24,105.24,103.36,103.36,78780
2019-08-19 07:00:00,104.56,104.56,103.18,103.55,5550
2019-08-20 07:00:00,104.11,104.3,103.03,103.55,21680
2019-08-21 07:00:00,104.11,104.11,102.8,104.08,8310
2019-08-22 07:00:00,104.11,104.64,103.36,103.36,18250
2019-08-23 07:00:00,103.55,104.3,103.21,103.21,35980
2019-08-26 07:00:00,103.36,103.36,102.28,102.39,50520
2019-08-27 07:00:00,102.39,102.61,101.15,101.15,58130
2019-08-28 07:00:00,101.08,103.25,101.08,101.86,3430
2019-08-29 07:00:00,102.05,102.8,102.05,102.24,36440
2019-08-30 07:00:00,102.05,103.29,101.86,102.24,27590
2019-09-03 07:00:00,102.24,102.24,101.53,102.02,4730
2019-09-04 07:00:00,102.02,102.8,98.68,98.68,65880
2019-09-05 07:00:00,99.25,100.94,99.25,100.19,20760
2019-09-06 07:00:00,99.66,100.56,99.66,100.19,8150
2019-09-09 07:00:00,100.9,100.9,100.08,100.19,16570
2019-09-10 07:00:00,100.56,100.56,98.68,99.06,7410
2019-09-11 07:00:00,99.06,100.15,98.68,98.87,12590
2019-09-12 07:00:00,98.98,98.98,98.3,98.38,8240
2019-09-13 07:00:00,98.38,99.44,98.12,99.44,22160
2019-09-16 07:00:00,98.12,100.49,98.12,99.44,3990
2019-09-17 07:00:00,100.19,100.19,98.38,100.15,2620
2019-09-18 07:00:00,100.15,100.49,99.66,99.92,8270
2019-09-19 07:00:00,99.81,99.92,98.68,99.85,23710
2019-09-20 07:00:00,99.92,100.9,99.81,100.56,24960
2019-09-23 07:00:00,101.21,101.21,98.72,100.04,5610
2019-09-24 07:00:00,99.81,101.32,99.06,99.06,21610
2019-09-25 07:00:00,100.64,102.82,99.06,99.06,28430
2019-09-26 07:00:00,99.06,102.71,99.06,99.25,12700
2019-09-27 07:00:00,100.94,100.94,99.25,100.38,9830
2019-09-30 07:00:00,100.56,100.56,99.25,99.28,8130
2019-10-01 07:00:00,99.28,99.81,98.68,98.68,19770
2019-10-02 07:00:00,99.81,99.81,98.68,99.77,7540
2019-10-03 07:00:00,99.77,100.0,98.68,98.68,7300
2019-10-04 07:00:00,98.72,99.59,91.79,97.18,17620
2019-10-07 07:00:00,97.18,98.68,96.46,97.93,11360
2019-10-08 07:00:00,98.61,98.68,97.36,97.36,4820
2019-10-09 07:00:00,96.84,97.7,96.04,96.16,5760
2019-10-10 07:00:00,96.16,97.06,96.16,96.16,16570
2019-10-11 07:00:00,96.04,97.18,96.04,97.06,13760
2019-10-14 07:00:00,95.71,97.55,95.71,97.36,27180
2019-10-15 07:00:00,97.18,97.29,96.35,96.72,9930
2019-10-16 07:00:00,96.38,97.55,96.38,96.42,11950
2019-10-17 07:00:00,97.18,97.55,95.29,95.29,28490
2019-10-18 07:00:00,96.23,96.8,94.95,94.95,9610
2019-10-21 07:00:00,95.29,96.04,92.28,92.28,13700
2019-10-22 07:00:00,90.77,94.88,90.77,94.88,22480
2019-10-23 07:00:00,94.73,95.63,94.35,94.92,30060
2019-10-24 07:00:00,95.26,95.56,94.58,95.29,10090
2019-10-25 07:00:00,95.67,96.95,95.67,96.42,45010
2019-10-28 07:00:00,97.93,97.93,96.61,96.99,21110
2019-10-29 07:00:00,97.02,98.87,96.99,97.93,55090
2019-10-30 07:00:00,98.68,98.68,97.21,98.3,23080
2019-10-31 07:00:00,98.3,98.8,98.12,98.12,26250
2019-11-01 07:00:00,97.93,98.64,97.93,97.93,20980
2019-11-04 07:00:00,98.64,98.64,97.93,97.93,14250
2019-11-05 07:00:00,98.3,98.38,97.85,97.93,13210
2019-11-06 07:00:00,98.61,98.64,97.59,97.93,18750
2019-11-07 07:00:00,97.93,98.76,97.55,97.93,34130
2019-11-08 07:00:00,98.68,98.68,97.93,97.93,41090
2019-11-11 07:00:00,97.93,98.68,95.74,96.08,21390
2019-11-12 07:00:00,96.42,97.18,96.04,96.04,16160
2019-11-13 07:00:00,96.8,96.8,94.35,94.92,46510
2019-11-14 07:00:00,94.92,96.01,94.35,94.92,29190
2019-11-15 07:00:00,94.92,95.67,88.29,94.92,36340
2019-11-18 07:00:00,95.33,96.04,95.29,95.29,11910
2019-11-19 07:00:00,94.58,96.04,94.54,94.54,9030
2019-11-20 07:00:00,94.54,94.54,92.69,92.77,15580
2019-11-21 07:00:00,93.03,94.35,90.77,90.77,85540
2019-11-22 07:00:00,92.28,92.66,88.14,88.51,54770
2019-11-25 07:00:00,90.36,90.36,87.46,87.76,29020
2019-11-26 07:00:00,90.4,90.4,86.63,86.63,92480
2019-11-27 07:00:00,86.63,88.14,86.63,86.82,53280
2019-11-28 07:00:00,86.82,87.95,86.63,86.63,98060
2019-11-29 07:00:00,86.63,87.76,85.12,85.12,70110
2019-12-02 07:00:00,85.12,86.63,85.12,86.25,22650
2019-12-03 07:00:00,86.63,86.82,85.88,86.29,21660
2019-12-04 07:00:00,85.91,87.34,85.91,86.89,32870
2019-12-05 07:00:00,87.19,87.5,87.01,87.31,18480
2019-12-06 07:00:00,87.31,88.89,87.19,87.76,33170
2019-12-09 07:00:00,88.48,89.45,88.17,88.81,38170
2019-12-10 07:00:00,88.81,88.85,87.8,87.8,26330
2019-12-11 07:00:00,88.51,88.81,87.76,87.8,7160
2019-12-12 07:00:00,88.74,89.04,87.84,87.84,15830
2019-12-13 07:00:00,88.85,88.85,87.84,87.84,10640
2019-12-16 07:00:00,87.84,88.51,87.76,87.76,6630
2019-12-17 07:00:00,87.87,88.59,87.76,87.76,24430
2019-12-18 07:00:00,87.91,88.21,87.57,87.76,35670
2019-12-19 07:00:00,87.98,88.51,87.76,87.76,13440
2019-12-20 07:00:00,88.1,88.4,87.8,88.17,51830
2019-12-23 07:00:00,88.51,88.74,88.29,88.36,21230
2019-12-24 07:00:00,88.4,88.55,87.76,87.76,25400
2019-12-25 07:00:00,87.76,88.4,87.57,87.57,54260
2019-12-26 07:00:00,87.38,87.95,87.01,87.91,24610
2019-12-27 07:00:00,87.91,87.91,86.82,86.82,36340
2019-12-30 07:00:00,87.57,87.57,84.93,86.63,40760
2019-12-31 07:00:00,86.63,86.63,84.37,85.88,42900
2020-01-02 07:00:00,85.88,85.88,84.37,84.37,28600
2020-01-03 07:00:00,84.37,85.5,84.37,84.6,17590
2020-01-06 07:00:00,83.99,84.56,83.8,84.29,35850
2020-01-07 07:00:00,83.84,84.71,83.84,84.37,15580
2020-01-08 07:00:00,84.56,84.56,83.84,84.07,30610
2020-01-09 07:00:00,83.62,85.84,83.24,85.5,54030
2020-01-10 07:00:00,85.5,88.32,85.5,87.95,55770
2020-01-13 07:00:00,87.95,88.63,87.95,88.1,22590
2020-01-14 07:00:00,87.38,88.1,87.38,87.76,9340
2020-01-15 07:00:00,87.76,88.32,87.76,88.14,22540
2020-01-16 07:00:00,87.76,88.48,87.76,87.87,9270
2020-01-17 07:00:00,87.87,88.32,87.76,88.32,12580
2020-01-20 07:00:00,87.76,88.89,87.76,88.89,17170
2020-01-21 07:00:00,88.89,88.89,87.76,87.76,52160
2020-01-22 07:00:00,87.76,88.89,87.04,87.57,11510
2020-01-30 07:00:00,87.16,87.16,82.11,82.11,38140
2020-01-31 07:00:00,79.85,84.97,76.84,79.85,24730
2020-02-03 07:00:00,74.28,79.85,74.28,78.68,16880
2020-02-04 07:00:00,78.68,78.68,75.33,76.46,167140
2020-02-05 07:00:00,76.46,76.46,73.07,73.07,43870
2020-02-06 07:00:00,73.07,74.95,71.3,71.56,165080
2020-02-07 07:00:00,72.32,74.95,71.94,73.45,47950
2020-02-10 07:00:00,74.95,74.95,73.45,73.45,69570
2020-02-11 07:00:00,73.45,73.45,73.07,73.07,26300
2020-02-12 07:00:00,73.79,73.79,71.94,71.94,57410
2020-02-13 07:00:00,73.59,73.59,72.13,73.28,76770
2020-02-14 07:00:00,74.01,74.05,72.55,72.82,38650
2020-02-17 07:00:00,72.82,72.9,71.36,71.36,31460
2020-02-18 07:00:00,70.02,70.21,68.3,68.3,86320
2020-02-19 07:00:00,67.91,69.06,67.14,68.3,105560
2020-02-20 07:00:00,69.06,69.25,68.64,69.06,280190
2020-02-21 07:00:00,69.06,69.68,69.06,69.29,45380
2020-02-24 07:00:00,69.14,69.14,67.95,68.3,43780
2020-02-25 07:00:00,69.06,69.06,67.68,68.3,16230
2020-02-26 07:00:00,68.83,68.83,67.6,67.91,79880
2020-02-27 07:00:00,67.91,67.99,66.45,66.45,46300
2020-02-28 07:00:00,66.11,66.11,62.16,62.16,76910
2020-03-02 07:00:00,62.16,66.38,62.16,65.22,179490
2020-03-03 07:00:00,66.18,66.18,64.84,65.22,129270
2020-03-04 07:00:00,65.22,65.38,64.46,64.84,30310
2020-03-05 07:00:00,64.84,65.22,64.84,64.84,65380
2020-03-06 07:00:00,64.84,64.84,62.16,62.39,38170
2020-03-09 07:00:00,58.7,61.0,58.05,59.58,107570
2020-03-10 07:00:00,59.58,61.35,57.94,59.58,39620
2020-03-11 07:00:00,59.62,61.39,58.32,58.32,73120
2020-03-12 07:00:00,57.28,61.35,54.52,55.48,38400
2020-03-13 07:00:00,52.95,58.7,52.95,55.25,54560
2020-03-16 07:00:00,54.48,57.55,53.33,57.55,46800
2020-03-17 07:00:00,54.1,57.55,54.1,54.14,25320
2020-03-18 07:00:00,54.14,55.98,52.18,52.18,49230
2020-03-19 07:00:00,50.07,52.95,48.73,48.73,40740
2020-03-20 07:00:00,48.73,50.26,46.08,48.34,51940
2020-03-23 07:00:00,46.42,48.15,44.97,44.97,38230
2020-03-24 07:00:00,42.97,45.96,42.78,44.32,24520
2020-03-25 07:00:00,44.51,47.19,44.47,46.04,137910
2020-03-26 07:00:00,46.62,48.57,46.04,47.96,188080
2020-03-27 07:00:00,47.96,50.76,47.96,49.72,145570
2020-03-30 07:00:00,49.72,49.88,46.27,46.46,24210
2020-03-31 07:00:00,46.46,49.46,46.46,47.19,19220
2020-04-01 07:00:00,46.89,49.07,46.27,47.23,33750
2020-04-03 07:00:00,49.69,49.84,47.96,47.96,67800
2020-04-06 07:00:00,49.5,51.22,48.73,50.65,85700
2020-04-07 07:00:00,52.95,53.33,50.65,52.56,67530
2020-04-08 07:00:00,52.95,54.67,52.18,52.95,86700
2020-04-09 07:00:00,53.72,56.63,53.72,53.72,236310
2020-04-10 07:00:00,55.33,56.36,53.72,54.1,33310
2020-04-13 07:00:00,54.87,55.82,54.1,54.1,40030
2020-04-14 07:00:00,55.94,55.94,54.21,55.02,54340
2020-04-15 07:00:00,55.06,58.86,55.06,58.7,210030
2020-04-16 07:00:00,58.7,62.62,58.7,60.47,158280
2020-04-17 07:00:00,64.27,64.46,63.31,63.46,128300
2020-04-20 07:00:00,65.99,67.87,64.5,67.87,108760
2020-04-21 07:00:00,67.87,72.59,65.22,65.22,204650
2020-04-22 07:00:00,63.31,67.14,61.31,67.14,103890
2020-04-23 07:00:00,71.71,71.71,68.56,69.29,119240
2020-04-24 07:00:00,69.29,70.98,67.22,69.06,77880
2020-04-27 07:00:00,69.06,69.06,67.14,69.06,81050
2020-04-28 07:00:00,67.53,69.02,65.22,65.22,73210
2020-04-29 07:00:00,62.54,67.14,62.54,62.54,146240
2020-05-04 07:00:00,62.54,62.73,59.47,59.47,198030
2020-05-05 07:00:00,59.47,59.47,57.9,58.2,117620
2020-05-06 07:00:00,62.08,62.08,58.32,60.62,86530
2020-05-07 07:00:00,62.12,64.84,61.39,64.84,63680
2020-05-08 07:00:00,65.22,69.06,65.22,65.99,245530
2020-05-11 07:00:00,66.42,67.53,64.84,66.42,111670
2020-05-12 07:00:00,66.49,67.18,66.38,66.57,59110
2020-05-13 07:00:00,64.46,66.76,63.69,65.99,115740
2020-05-14 07:00:00,65.99,66.38,65.61,66.07,45790
2020-05-15 07:00:00,66.07,67.14,66.07,66.07,58620
2020-05-18 07:00:00,66.76,66.76,66.11,66.38,111480
2020-05-19 07:00:00,67.14,67.91,65.99,65.99,181100
2020-05-20 07:00:00,67.14,67.14,66.18,66.18,60740
2020-05-21 07:00:00,68.3,68.3,66.38,67.53,128710
2020-05-22 07:00:00,67.53,67.53,66.38,66.76,45220
2020-05-25 07:00:00,66.76,67.57,66.38,67.14,59220
2020-05-26 07:00:00,67.18,68.68,66.95,67.26,97860
2020-05-27 07:00:00,67.37,67.53,67.14,67.22,72140
2020-05-28 07:00:00,67.72,67.99,66.38,67.22,73990
2020-05-29 07:00:00,67.07,67.91,66.76,67.68,61380
2020-06-01 07:00:00,67.68,69.83,67.26,68.18,86810
2020-06-02 07:00:00,68.18,72.52,68.18,70.21,144460
2020-06-03 07:00:00,70.4,70.98,69.06,69.06,54700
2020-06-04 07:00:00,69.75,70.21,68.68,68.68,51660
2020-06-05 07:00:00,68.68,69.79,68.68,68.68,26270
2020-06-08 07:00:00,68.68,70.4,68.68,69.83,98910
2020-06-09 07:00:00,70.1,70.1,68.3,68.56,54360
2020-06-10 07:00:00,68.56,69.06,68.1,68.3,44990
2020-06-11 07:00:00,68.3,69.25,67.91,67.91,61230
2020-06-12 07:00:00,66.76,68.22,65.65,65.99,95400
2020-06-15 07:00:00,65.99,67.14,63.5,63.69,39640
2020-06-16 07:00:00,64.65,66.34,63.69,63.73,62570
2020-06-17 07:00:00,66.68,66.68,63.73,63.73,37500
2020-06-18 07:00:00,63.73,65.0,63.69,63.81,24530
2020-06-19 07:00:00,63.81,64.84,63.81,63.81,26650
2020-06-22 07:00:00,64.84,64.84,63.69,63.69,52660
2020-06-23 07:00:00,63.31,64.11,62.92,62.92,38700
2020-06-24 07:00:00,63.31,63.69,61.39,61.39,82380
2020-06-25 07:00:00,61.39,62.92,61.0,61.39,56510
2020-06-26 07:00:00,61.39,63.42,61.39,63.23,78810
2020-06-29 07:00:00,61.77,62.92,61.58,61.58,59040
2020-06-30 07:00:00,61.58,62.92,60.24,60.24,62530
2020-07-01 07:00:00,59.85,63.31,59.85,62.54,58620
2020-07-02 07:00:00,62.54,64.07,62.35,64.04,46960
2020-07-03 07:00:00,64.46,67.49,63.31,67.14,200340
2020-07-06 07:00:00,68.22,69.83,68.22,69.25,146350
2020-07-07 07:00:00,70.4,72.36,70.21,71.02,244640
2020-07-08 07:00:00,70.98,74.32,69.6,74.05,357430
2020-07-09 07:00:00,74.78,79.23,74.78,78.65,285960
2020-07-10 07:00:00,78.65,82.88,78.27,79.04,190990
2020-07-13 07:00:00,79.04,80.5,76.74,76.74,150810
2020-07-14 07:00:00,75.58,76.54,73.28,74.82,180690
2020-07-15 07:00:00,75.01,77.5,73.47,73.47,258700
2020-07-16 07:00:00,73.28,74.05,72.9,74.05,358550
2020-07-17 07:00:00,75.58,75.58,73.47,73.67,89590
2020-07-20 07:00:00,74.09,74.43,73.09,73.28,129850
2020-07-21 07:00:00,73.13,74.59,72.9,73.01,73700
2020-07-22 07:00:00,73.01,74.01,72.94,72.94,106850
2020-07-23 07:00:00,72.9,72.9,71.82,72.06,137160
2020-07-24 07:00:00,71.36,71.75,68.72,69.48,235580
2020-07-27 07:00:00,66.38,67.53,64.65,66.38,236260
2020-07-28 07:00:00,66.38,70.98,64.46,69.06,237000
2020-07-29 07:00:00,67.14,70.18,65.61,65.61,219800
2020-07-30 07:00:00,65.61,66.95,64.84,65.26,81480
2020-07-31 07:00:00,64.84,65.99,63.69,64.46,201570
2020-08-03 07:00:00,65.15,65.95,64.46,64.84,163920
2020-08-04 07:00:00,64.84,66.34,64.84,65.69,242370
2020-08-05 07:00:00,66.76,69.45,65.84,67.53,298550
2020-08-06 07:00:00,68.64,70.4,67.91,70.02,213840
2020-08-07 07:00:00,69.83,70.79,69.06,70.6,160550
2020-08-10 07:00:00,70.25,71.36,69.02,69.02,151620
2020-08-11 07:00:00,69.02,69.41,67.95,68.49,147070
2020-08-12 07:00:00,68.49,69.25,68.49,68.64,138750
2020-08-13 07:00:00,69.33,70.6,69.33,70.21,72580
2020-08-14 07:00:00,70.21,72.48,69.83,70.98,242070
2020-08-17 07:00:00,70.6,70.79,69.29,70.52,91080
2020-08-18 07:00:00,70.6,70.6,69.06,69.29,67930
2020-08-19 07:00:00,69.29,69.94,69.22,69.29,76720
2020-08-20 07:00:00,69.29,69.83,68.91,68.91,117630
2020-08-21 07:00:00,69.06,69.79,68.91,68.91,110610
2020-08-24 07:00:00,69.1,70.6,69.1,70.21,96690
2020-08-25 07:00:00,70.21,72.17,70.21,71.56,134910
2020-08-26 07:00:00,71.75,72.13,70.67,70.67,88320
2020-08-27 07:00:00,70.67,71.36,70.21,70.21,76590
2020-08-28 07:00:00,71.17,71.36,69.83,69.83,97130
2020-08-31 07:00:00,70.94,74.01,70.25,73.47,271460
2020-09-01 07:00:00,74.43,74.43,72.9,72.9,131710
2020-09-03 07:00:00,73.63,74.7,73.4,74.36,148770
2020-09-04 07:00:00,73.67,75.01,73.51,73.74,140040
2020-09-07 07:00:00,74.43,75.2,73.74,73.74,188280
2020-09-08 07:00:00,73.78,74.05,72.9,73.36,106590
2020-09-09 07:00:00,73.24,73.32,72.13,72.9,123070
2020-09-10 07:00:00,73.67,73.67,72.52,72.52,79060
2020-09-11 07:00:00,72.52,73.24,72.13,72.13,62980
2020-09-14 07:00:00,72.52,72.71,71.75,72.21,49050
2020-09-15 07:00:00,72.52,73.28,72.21,72.21,36360
2020-09-16 07:00:00,73.28,73.28,72.21,72.21,43570
2020-09-17 07:00:00,72.21,72.86,72.21,72.21,101220
2020-09-18 07:00:00,72.21,73.09,72.21,72.44,45640
2020-09-21 07:00:00,72.63,73.59,72.63,72.9,99530
2020-09-22 07:00:00,73.28,73.82,72.52,72.52,149610
2020-09-23 07:00:00,73.55,73.55,72.71,72.9,35640
2020-09-24 07:00:00,72.9,73.05,71.75,71.75,70830
2020-09-25 07:00:00,71.82,72.32,71.75,71.75,143900
2020-09-28 07:00:00,71.75,72.13,71.75,72.13,80960
2020-09-29 07:00:00,72.13,72.21,70.98,70.98,132450
2020-09-30 07:00:00,70.98,71.17,69.87,70.33,149060
2020-10-01 07:00:00,70.33,71.02,70.33,70.79,22330
2020-10-02 07:00:00,70.56,70.94,70.4,70.79,45510
2020-10-05 07:00:00,71.36,71.36,70.79,70.79,74270
2020-10-06 07:00:00,71.06,71.67,70.83,71.48,55370
2020-10-07 07:00:00,71.48,72.9,71.36,72.9,64920
2020-10-08 07:00:00,72.9,72.9,72.13,72.13,46140
2020-10-09 07:00:00,72.52,74.05,71.98,74.05,120760
2020-10-12 07:00:00,74.43,75.12,72.17,72.17,237110
2020-10-13 07:00:00,73.24,73.24,70.21,70.6,234100
2020-10-14 07:00:00,70.6,75.16,70.6,72.9,119830
2020-10-15 07:00:00,73.28,73.86,72.32,72.9,168860
2020-10-16 07:00:00,73.09,73.44,72.32,72.32,129690
2020-10-19 07:00:00,72.13,72.32,71.79,72.02,125140
2020-10-20 07:00:00,72.02,72.02,70.98,71.21,153360
2020-10-21 07:00:00,72.52,72.52,71.02,71.25,86940
2020-10-22 07:00:00,71.25,71.75,70.87,70.98,34260
2020-10-23 07:00:00,71.17,71.56,70.98,71.29,179100
2020-10-26 07:00:00,71.36,72.32,70.98,70.98,88480
2020-10-27 07:00:00,70.98,71.67,70.87,71.02,40620
2020-10-28 07:00:00,70.67,71.36,70.6,70.79,106000
2020-10-29 07:00:00,70.06,71.29,70.06,70.79,98050
2020-10-30 07:00:00,70.9,71.36,70.64,70.71,64260
2020-11-02 07:00:00,70.71,71.33,67.53,71.17,83850
2020-11-03 07:00:00,71.25,71.36,70.6,71.17,79990
2020-11-04 07:00:00,71.36,71.44,70.94,71.17,59300
2020-11-05 07:00:00,70.98,71.48,70.79,70.79,45060
2020-11-06 07:00:00,70.98,70.98,70.64,70.64,71100
2020-11-09 07:00:00,71.13,71.17,70.4,70.48,98730
2020-11-10 07:00:00,71.13,71.17,69.83,69.83,113900
2020-11-11 07:00:00,70.6,70.6,69.71,69.75,93800
2020-11-12 07:00:00,69.75,70.56,69.75,70.37,36230
2020-11-13 07:00:00,70.21,70.98,70.21,70.98,42160
2020-11-16 07:00:00,71.36,71.75,69.75,69.75,203680
2020-11-17 07:00:00,70.64,70.64,69.71,69.91,185660
2020-11-18 07:00:00,69.91,71.17,69.91,70.44,167810
2020-11-19 07:00:00,70.6,74.32,70.6,74.32,224980
2020-11-20 07:00:00,72.9,74.05,72.9,73.67,152640
2020-11-23 07:00:00,73.67,73.82,72.86,73.09,114550
2020-11-24 07:00:00,73.01,73.67,72.36,72.59,110210
2020-11-25 07:00:00,72.59,74.51,72.59,73.74,194220
2020-11-26 07:00:00,74.05,75.2,74.05,74.82,252940
2020-11-27 07:00:00,74.82,75.39,74.17,74.24,62480
2020-11-30 07:00:00,74.82,74.82,73.66,74.24,189880
2020-12-01 07:00:00,74.16,75.02,73.7,75.02,107090
2020-12-02 07:00:00,75.02,76.45,74.63,76.3,179880
2020-12-03 07:00:00,76.26,76.26,75.25,75.6,96410
2020-12-04 07:00:00,75.6,79.09,75.6,78.31,159810
2020-12-07 07:00:00,78.31,80.83,78.31,80.25,76500
2020-12-08 07:00:00,80.29,81.03,79.86,79.86,122260
2020-12-09 07:00:00,78.74,79.48,77.54,77.73,102350
2020-12-10 07:00:00,78.31,78.82,76.8,76.8,61250
2020-12-11 07:00:00,76.8,79.36,76.8,79.36,48840
2020-12-14 07:00:00,79.36,79.36,78.7,79.09,53970
2020-12-15 07:00:00,79.09,79.28,76.99,77.15,116620
2020-12-16 07:00:00,77.15,78.66,77.15,77.19,29800
2020-12-17 07:00:00,77.54,78.31,71.8,76.76,206620
2020-12-18 07:00:00,76.76,78.31,76.18,78.24,105530
2020-12-21 07:00:00,78.24,78.27,77.19,77.54,47370
2020-12-22 07:00:00,77.34,77.42,76.68,77.34,81000
2020-12-23 07:00:00,77.34,77.54,76.37,76.37,94860
2020-12-24 07:00:00,76.76,77.34,75.6,76.76,71760
2020-12-25 07:00:00,76.96,76.96,75.99,76.76,44010
2020-12-28 07:00:00,76.84,77.19,76.18,76.41,111170
2020-12-29 07:00:00,76.41,78.31,76.18,77.5,80630
2020-12-30 07:00:00,77.54,78.24,77.07,77.54,97540
2020-12-31 07:00:00,77.54,77.81,75.6,75.6,146100
2021-01-04 07:00:00,76.96,77.92,75.68,77.31,159700
2021-01-05 07:00:00,77.31,77.38,76.68,77.15,123300
2021-01-06 07:00:00,76.61,76.99,75.6,76.96,164600
2021-01-07 07:00:00,76.88,77.15,76.03,76.68,129900
2021-01-08 07:00:00,76.68,77.5,76.68,76.84,152900
2021-01-11 07:00:00,77.15,79.48,76.92,78.43,170700
2021-01-12 07:00:00,79.36,79.86,78.51,79.67,192900
2021-01-13 07:00:00,80.25,81.8,79.86,80.29,226400
2021-01-14 07:00:00,81.41,81.41,79.48,79.48,155100
2021-01-15 07:00:00,79.48,79.63,77.54,77.73,229500
2021-01-18 07:00:00,77.34,77.69,76.45,77.69,136900
2021-01-19 07:00:00,77.69,77.69,72.5,74.82,134700
2021-01-20 07:00:00,74.82,75.48,73.66,75.48,226800
2021-01-21 07:00:00,75.72,75.72,74.44,75.21,165200
2021-01-22 07:00:00,75.21,75.48,74.78,75.21,131000
2021-01-25 07:00:00,75.21,75.83,74.44,75.21,144200
2021-01-26 07:00:00,75.17,75.17,72.11,73.66,227400
2021-01-27 07:00:00,72.3,73.62,70.68,72.42,227600
2021-01-28 07:00:00,69.78,70.25,67.38,67.38,284400
2021-01-29 07:00:00,65.91,71.26,62.69,62.69,508600
2021-02-01 07:00:00,67.07,67.07,67.07,67.07,109000
2021-02-02 07:00:00,69.24,69.78,68.81,69.4,459900
2021-02-03 07:00:00,69.4,69.78,69.01,69.4,240500
2021-02-04 07:00:00,69.4,71.72,69.4,70.6,296100
2021-02-05 07:00:00,70.56,70.64,70.33,70.52,112500
2021-02-08 07:00:00,71.26,71.26,66.68,67.46,141100
2021-02-09 07:00:00,67.46,70.13,67.46,69.86,129900
2021-02-17 07:00:00,69.86,70.56,69.78,70.33,162000
2021-02-18 07:00:00,70.36,74.63,70.17,74.63,195500
2021-02-19 07:00:00,74.05,74.63,73.27,74.32,150200
2021-02-22 07:00:00,72.92,74.2,72.92,73.66,101100
2021-02-23 07:00:00,73.66,73.66,71.72,72.11,224000
2021-02-24 07:00:00,72.89,72.89,71.72,71.84,58100
2021-02-25 07:00:00,72.11,73.27,71.88,72.69,92700
2021-02-26 07:00:00,72.11,72.89,71.88,72.89,62100
2021-03-01 07:00:00,72.89,72.92,71.72,72.81,111500
2021-03-02 07:00:00,73.08,73.08,70.78,72.46,105500
2021-03-03 07:00:00,72.46,72.46,71.32,71.44,103200
2021-03-04 07:00:00,71.52,71.6,67.61,69.56,219900
2021-03-05 07:00:00,69.56,69.56,68.59,68.98,178600
2021-03-08 07:00:00,68.98,69.17,68.0,68.39,203100
2021-03-09 07:00:00,68.59,68.59,67.41,67.61,167500
2021-03-10 07:00:00,67.61,68.0,67.61,67.73,182100
2021-03-11 07:00:00,68.78,68.98,68.0,68.78,193500
2021-03-12 07:00:00,69.45,69.56,68.98,69.56,65900
2021-03-15 07:00:00,69.56,69.64,68.98,69.17,114100
2021-03-16 07:00:00,69.17,70.66,69.1,70.58,91200
2021-03-17 07:00:00,69.96,70.58,69.88,70.03,93200
2021-03-18 07:00:00,70.34,70.66,70.27,70.58,66800
2021-03-19 07:00:00,70.34,70.34,69.17,70.34,75100
2021-03-22 07:00:00,70.34,70.34,69.25,69.96,40700
2021-03-23 07:00:00,68.51,69.64,68.51,69.56,41900
2021-03-24 07:00:00,68.39,69.56,68.27,68.59,50400
2021-03-25 07:00:00,69.56,69.56,68.0,68.39,146100
2021-03-26 07:00:00,67.88,68.39,67.41,67.61,108500
2021-03-29 07:00:00,67.61,68.0,67.53,67.73,102300
2021-03-30 07:00:00,67.61,68.59,67.41,68.39,100000
2021-03-31 07:00:00,68.39,70.34,66.83,70.34,168700
2021-04-01 07:00:00,70.34,70.34,69.6,69.96,177600
2021-04-02 07:00:00,69.96,70.34,69.84,70.34,85600
2021-04-05 07:00:00,73.86,73.86,69.96,70.15,285000
2021-04-06 07:00:00,70.15,70.34,68.24,69.56,172400
2021-04-07 07:00:00,69.56,69.56,68.78,69.17,127000
2021-04-08 07:00:00,69.17,69.17,67.81,68.0,147300
2021-04-09 07:00:00,68.31,68.51,68.0,68.0,183000
2021-04-12 07:00:00,69.37,69.37,68.24,68.39,168100
2021-04-13 07:00:00,68.98,68.98,67.65,67.77,173200
2021-04-14 07:00:00,67.77,67.96,67.18,67.49,183300
2021-04-15 07:00:00,67.41,68.31,67.02,67.1,159000
2021-04-16 07:00:00,66.83,66.83,65.66,66.09,165300
2021-04-19 07:00:00,66.05,66.44,64.91,66.44,153600
2021-04-20 07:00:00,66.52,66.87,66.05,66.44,186700
2021-04-22 07:00:00,66.44,66.63,65.26,65.5,112600
2021-04-23 07:00:00,65.58,66.44,65.19,66.44,175900
2021-04-26 07:00:00,67.22,67.22,64.29,66.44,184400
2021-04-27 07:00:00,66.44,66.44,64.64,66.36,88700
2021-04-28 07:00:00,66.36,66.36,65.15,66.36,141900
2021-04-29 07:00:00,66.36,66.36,64.56,65.3,170100
2021-05-04 07:00:00,65.3,65.3,62.92,63.0,278200
2021-05-05 07:00:00,63.12,63.12,62.57,62.69,264400
2021-05-06 07:00:00,62.69,62.69,60.42,60.97,362700
2021-05-07 07:00:00,60.93,61.24,59.4,59.79,199900
2021-05-10 07:00:00,58.62,59.52,58.62,58.82,235200
2021-05-11 07:00:00,59.01,62.53,59.01,59.48,238100
2021-05-12 07:00:00,59.48,59.72,59.01,59.29,91400
2021-05-13 07:00:00,59.21,60.65,58.86,60.26,394900
2021-05-14 07:00:00,60.26,61.36,60.18,60.54,242500
2021-05-17 07:00:00,60.97,60.97,60.38,60.38,214200
2021-05-18 07:00:00,60.38,60.58,59.99,60.18,248100
2021-05-19 07:00:00,60.18,60.26,59.6,59.99,180500
2021-05-20 07:00:00,59.99,59.99,59.21,59.44,122100
2021-05-21 07:00:00,59.01,59.4,58.66,58.7,170500
2021-05-24 07:00:00,59.21,60.65,58.74,60.14,182600
2021-05-25 07:00:00,60.97,61.75,60.61,61.71,174200
2021-05-26 07:00:00,61.67,64.21,60.97,64.01,160900
2021-05-27 07:00:00,64.01,64.09,62.53,63.7,229100
2021-05-28 07:00:00,62.53,64.01,62.53,63.12,186100
2021-05-31 07:00:00,62.14,62.72,60.18,60.77,169300
2021-06-01 07:00:00,59.87,61.04,59.4,60.18,127300
2021-06-02 07:00:00,59.52,60.18,59.25,59.4,149300
2021-06-03 07:00:00,59.4,60.18,59.4,60.14,207600
2021-06-04 07:00:00,60.85,60.85,59.6,60.07,197400
2021-06-07 07:00:00,60.07,60.97,59.79,60.61,163500
2021-06-08 07:00:00,60.93,62.61,60.58,61.28,312400
2021-06-09 07:00:00,61.79,62.53,60.97,61.32,94900
2021-06-10 07:00:00,61.47,63.51,61.47,62.53,690600
2021-06-11 07:00:00,62.92,64.44,62.92,64.13,359400
2021-06-14 07:00:00,64.13,64.87,64.13,64.68,138600
2021-06-15 07:00:00,64.29,66.63,63.86,65.85,268600
2021-06-16 07:00:00,65.66,66.05,64.87,66.05,235800
2021-06-17 07:00:00,64.68,65.62,64.68,64.87,82700
2021-06-18 07:00:00,65.26,67.22,65.07,66.91,163800
2021-06-21 07:00:00,67.22,67.22,66.05,66.44,119200
2021-06-22 07:00:00,67.22,67.22,65.3,65.3,207400
2021-06-23 07:00:00,65.3,66.83,65.3,66.52,186000
2021-06-24 07:00:00,66.71,67.34,66.44,67.18,148100
2021-06-25 07:00:00,67.18,67.22,65.85,67.18,110700
2021-06-28 07:00:00,67.18,67.22,66.44,66.87,184300
2021-06-29 07:00:00,66.87,66.87,66.24,66.28,90800
2021-06-30 07:00:00,66.05,66.28,65.66,66.09,86800
2021-07-01 07:00:00,66.24,66.24,64.99,65.54,157000
2021-07-02 07:00:00,66.16,66.16,64.99,66.12,104000
2021-07-05 07:00:00,66.44,66.44,64.68,65.07,64900
2021-07-06 07:00:00,65.07,65.11,64.09,64.09,45100
2021-07-07 07:00:00,64.09,64.17,62.69,63.51,249800
2021-07-08 07:00:00,63.0,63.62,62.96,63.51,265000
2021-07-09 07:00:00,63.7,63.7,62.53,62.53,58300
2021-07-12 07:00:00,62.53,62.53,60.18,62.06,105800
2021-07-13 07:00:00,61.75,61.94,61.0,61.36,83700
2021-07-14 07:00:00,61.36,63.27,61.36,62.53,158200
2021-07-15 07:00:00,61.75,62.49,60.97,62.49,134400
2021-07-16 07:00:00,62.49,62.49,61.75,61.75,83900
2021-07-19 07:00:00,61.36,61.36,59.99,60.38,127000
2021-07-20 07:00:00,60.38,61.16,60.18,60.58,194300
2021-07-21 07:00:00,61.16,61.55,60.97,61.28,110500
2021-07-22 07:00:00,60.77,61.16,60.69,61.08,109500
2021-07-23 07:00:00,60.97,61.71,60.03,60.03,256800
2021-07-26 07:00:00,60.03,60.22,59.79,59.99,91000
2021-07-27 07:00:00,60.97,62.14,60.18,60.38,74000
2021-07-28 07:00:00,60.46,60.97,60.38,60.38,38500
2021-07-29 07:00:00,60.42,61.36,60.42,61.36,104800
2021-07-30 07:00:00,62.3,62.53,60.97,62.14,501300
2021-08-02 07:00:00,61.67,61.67,60.58,60.61,237200
2021-08-03 07:00:00,60.97,60.97,60.69,60.69,121000
2021-08-04 07:00:00,60.97,61.75,60.97,61.47,50200
2021-08-05 07:00:00,60.77,61.36,60.54,60.85,165900
2021-08-06 07:00:00,61.4,61.4,60.61,60.65,100900
2021-08-09 07:00:00,60.65,61.36,60.61,60.61,149100
2021-08-10 07:00:00,60.65,61.28,60.22,60.22,294100
2021-08-11 07:00:00,60.58,60.69,60.26,60.26,185900
2021-08-12 07:00:00,60.22,60.26,59.83,59.83,212000
2021-08-13 07:00:00,59.83,59.83,59.25,59.32,181200
2021-08-16 07:00:00,59.32,59.6,59.17,59.25,198600
2021-08-17 07:00:00,59.25,59.25,56.67,56.86,558200
2021-08-18 07:00:00,56.98,58.23,56.98,57.06,344800
2021-08-19 07:00:00,57.25,57.84,56.74,57.84,473300
2021-08-20 07:00:00,57.72,57.72,55.89,55.89,347100
2021-08-23 07:00:00,55.89,55.89,54.71,54.71,301500
2021-08-24 07:00:00,55.1,55.85,54.64,55.65,194300
2021-08-25 07:00:00,55.65,57.76,55.65,57.53,240000
2021-08-26 07:00:00,57.49,57.8,57.25,57.68,144900
2021-08-27 07:00:00,57.57,58.23,56.94,58.04,137300
2021-08-30 07:00:00,58.04,58.43,57.45,57.53,117800
2021-08-31 07:00:00,57.53,58.62,57.25,58.62,162700
2021-09-01 07:00:00,58.5,58.5,57.84,58.11,68500
2021-09-06 07:00:00,57.64,58.62,57.64,58.31,115800
2021-09-07 07:00:00,58.43,58.93,58.04,58.11,128900
2021-09-08 07:00:00,58.15,58.58,57.96,58.58,99900
2021-09-09 07:00:00,58.66,58.66,57.88,58.15,79700
2021-09-10 07:00:00,58.11,59.36,58.11,59.17,157900
2021-09-13 07:00:00,61.16,63.27,60.77,63.12,950000
2021-09-14 07:00:00,63.27,66.05,62.72,64.87,368000
2021-09-15 07:00:00,64.87,64.87,61.94,64.87,239700
2021-09-16 07:00:00,63.74,63.78,61.94,62.92,200200
2021-09-17 07:00:00,62.53,62.92,61.59,62.92,796700
2021-09-20 07:00:00,63.31,63.31,61.86,61.86,103500
2021-09-21 07:00:00,61.79,62.49,60.97,61.75,112100
2021-09-22 07:00:00,61.94,62.33,61.75,61.75,91500
2021-09-23 07:00:00,62.84,62.84,61.71,61.83,81000
2021-09-24 07:00:00,62.41,62.53,61.83,62.53,82100
2021-09-27 07:00:00,62.53,62.61,61.67,62.14,80500
2021-09-28 07:00:00,61.75,61.9,61.36,61.4,130500
2021-09-29 07:00:00,61.47,61.47,60.22,61.28,124500
2021-09-30 07:00:00,61.16,61.36,61.04,61.12,80000
2021-10-01 07:00:00,61.16,61.16,60.18,60.26,149400
2021-10-04 07:00:00,60.3,62.14,60.26,60.58,47900
2021-10-05 07:00:00,61.9,62.88,60.61,62.72,151600
2021-10-06 07:00:00,62.53,62.53,61.51,61.9,42300
2021-10-07 07:00:00,62.14,62.33,61.47,61.98,44000
2021-10-08 07:00:00,61.98,63.82,61.55,63.58,147700
2021-10-11 07:00:00,63.7,64.48,63.58,63.7,79200
2021-10-12 07:00:00,64.29,64.44,63.31,63.7,55700
2021-10-13 07:00:00,64.05,64.44,62.84,62.92,157900
2021-10-14 07:00:00,62.92,64.44,62.37,62.53,132300
2021-10-15 07:00:00,62.61,63.7,62.61,63.62,52900
2021-10-18 07:00:00,62.92,63.31,62.22,62.53,210800
2021-10-19 07:00:00,62.57,62.57,60.97,61.94,248200
2021-10-20 07:00:00,61.94,62.65,60.61,60.65,403600
2021-10-21 07:00:00,61.04,61.94,59.4,59.4,224700
2021-10-22 07:00:00,60.38,61.16,60.34,61.16,51800
2021-10-25 07:00:00,61.16,61.75,61.16,61.24,40000
2021-10-26 07:00:00,61.32,61.71,60.73,60.73,73200
2021-10-27 07:00:00,61.47,62.49,60.97,62.49,120600
2021-10-28 07:00:00,63.31,64.4,62.61,64.33,205900
2021-10-29 07:00:00,64.33,64.33,62.72,62.72,222200
2021-11-01 07:00:00,62.8,63.7,62.8,63.31,135000
2021-11-02 07:00:00,63.62,64.68,63.31,64.56,126300
2021-11-03 07:00:00,64.56,67.53,64.09,67.45,344200
2021-11-04 07:00:00,66.28,67.45,65.5,67.14,106400
2021-11-05 07:00:00,65.69,67.22,65.69,67.22,103300
2021-11-08 07:00:00,67.22,67.96,66.52,67.88,139900
2021-11-09 07:00:00,67.77,68.0,66.83,68.0,62700
2021-11-10 07:00:00,68.0,68.0,66.83,68.0,37600
2021-11-11 07:00:00,67.92,68.35,67.22,67.22,56300
2021-11-12 07:00:00,67.22,67.96,67.18,67.22,35800
2021-11-15 07:00:00,67.18,67.61,66.44,66.44,29300
2021-11-16 07:00:00,66.83,66.83,65.07,66.67,47000
2021-11-17 07:00:00,66.71,66.71,66.05,66.63,44500
2021-11-18 07:00:00,66.79,66.79,65.73,65.73,103400
2021-11-19 07:00:00,65.73,66.12,65.26,65.3,42100
2021-11-22 07:00:00,65.26,66.36,64.09,65.66,155100
2021-11-23 07:00:00,65.69,66.36,65.38,65.66,30600
2021-11-24 07:00:00,65.66,66.05,64.13,65.66,108200
2021-11-25 07:00:00,65.66,65.66,64.48,64.48,100600
2021-11-26 07:00:00,64.72,64.72,62.53,62.61,211800
2021-11-29 07:00:00,62.53,62.53,61.0,61.0,184300
2021-11-30 07:00:00,61.08,62.53,60.18,60.18,359300
2021-12-01 07:00:00,61.75,61.75,60.42,61.16,52000
2021-12-02 07:00:00,61.16,62.53,61.16,62.14,206600
2021-12-03 07:00:00,62.14,62.14,61.36,61.36,102100
2021-12-06 07:00:00,61.28,61.28,59.25,59.25,121600
2021-12-07 07:00:00,59.32,60.38,59.32,59.79,196400
2021-12-08 07:00:00,59.83,60.03,59.68,59.76,144500
2021-12-09 07:00:00,59.79,60.26,59.56,59.6,207900
2021-12-10 07:00:00,59.6,60.18,59.36,59.52,150200
2021-12-13 07:00:00,59.79,59.91,59.52,59.52,175100
2021-12-14 07:00:00,59.52,60.18,59.4,59.72,126400
2021-12-15 07:00:00,59.79,59.79,59.48,59.6,78900
2021-12-16 07:00:00,59.52,59.68,58.86,59.01,90400
2021-12-17 07:00:00,59.01,59.13,58.62,58.62,189300
2021-12-20 07:00:00,58.66,58.66,58.15,58.23,117100
2021-12-21 07:00:00,58.23,58.5,58.15,58.19,122000
2021-12-22 07:00:00,58.23,58.23,57.64,57.68,129400
2021-12-23 07:00:00,57.57,57.68,57.37,57.41,142700
2021-12-24 07:00:00,57.25,58.15,57.14,57.45,137800
2021-12-27 07:00:00,57.57,59.01,57.53,57.8,78300
2021-12-28 07:00:00,58.43,58.43,57.64,57.96,102000
2021-12-29 07:00:00,57.96,57.96,57.72,57.96,50300
2021-12-30 07:00:00,58.23,58.23,58.04,58.19,82100
2021-12-31 07:00:00,58.19,62.18,58.19,59.01,276600
2022-01-04 07:00:00,59.4,61.55,59.4,61.36,395300
2022-01-05 07:00:00,61.75,62.41,61.75,62.26,322300
2022-01-06 07:00:00,62.14,62.22,60.97,61.2,75300
2022-01-07 07:00:00,61.24,61.24,60.21,60.65,114100
2022-01-10 07:00:00,61.0,61.0,59.82,60.17,195900
2022-01-11 07:00:00,60.17,60.57,59.58,60.53,129700
2022-01-12 07:00:00,60.49,60.53,59.74,60.49,163300
2022-01-13 07:00:00,60.57,60.61,59.78,59.78,120000
2022-01-14 07:00:00,59.38,60.21,59.38,60.13,80400
2022-01-17 07:00:00,60.17,61.32,58.98,59.38,185000
2022-01-18 07:00:00,59.42,60.53,59.42,59.78,269400
2022-01-19 07:00:00,60.17,60.17,58.98,59.38,111500
2022-01-20 07:00:00,58.39,60.8,57.95,59.38,238100
2022-01-21 07:00:00,60.13,60.13,57.4,58.59,108700
2022-01-24 07:00:00,58.71,58.71,57.2,57.4,161600
2022-01-25 07:00:00,57.36,58.79,56.57,57.4,155900
2022-01-26 07:00:00,57.4,57.4,56.61,56.89,130100
2022-01-27 07:00:00,57.4,58.94,57.0,58.9,157500
2022-01-28 07:00:00,58.9,59.3,58.23,58.86,164800
2022-02-07 07:00:00,59.18,61.36,59.18,60.21,75700
2022-02-08 07:00:00,60.76,61.28,60.13,61.28,123100
2022-02-09 07:00:00,61.12,61.28,59.78,60.88,75900
2022-02-10 07:00:00,61.28,62.15,59.89,62.15,208500
2022-02-11 07:00:00,62.19,63.18,61.56,63.18,223800
2022-02-14 07:00:00,61.44,66.47,61.44,66.47,342500
2022-02-15 07:00:00,66.43,67.46,66.07,67.3,430400
2022-02-16 07:00:00,67.42,67.42,65.32,66.66,107500
2022-02-17 07:00:00,66.47,68.17,66.31,67.5,311500
2022-02-18 07:00:00,66.5,67.26,66.03,67.06,189100
2022-02-21 07:00:00,66.9,67.3,66.11,67.14,105500
2022-02-22 07:00:00,66.86,66.86,63.34,66.66,118400
2022-02-23 07:00:00,66.54,67.46,66.54,67.22,150800
2022-02-24 07:00:00,65.75,67.46,65.52,67.18,162700
2022-02-25 07:00:00,66.98,67.3,66.5,67.14,88000
2022-02-28 07:00:00,66.9,67.26,65.95,67.22,70600
2022-03-01 07:00:00,67.22,67.22,66.31,66.5,42900
2022-03-02 07:00:00,66.7,67.5,66.31,67.5,93200
2022-03-03 07:00:00,67.3,67.46,66.74,66.74,23700
2022-03-04 07:00:00,66.31,66.31,63.91,63.91,111700
2022-03-07 07:00:00,62.91,63.87,61.15,61.75,286400
2022-03-08 07:00:00,61.23,62.15,61.19,62.15,96800
2022-03-09 07:00:00,61.79,64.31,61.51,61.91,178800
2022-03-10 07:00:00,61.91,63.51,61.91,62.71,143000
2022-03-11 07:00:00,63.43,63.43,61.39,61.51,133700
2022-03-14 07:00:00,61.11,61.87,60.31,61.51,154500
2022-03-15 07:00:00,61.51,61.51,60.11,60.43,138100
2022-03-16 07:00:00,60.51,61.55,60.19,61.51,143000
2022-03-17 07:00:00,61.51,61.51,60.79,61.51,41700
2022-03-18 07:00:00,61.79,61.87,60.51,60.51,240200
2022-03-21 07:00:00,61.47,61.47,60.75,60.79,66500
2022-03-22 07:00:00,61.43,61.67,61.03,61.51,117300
2022-03-23 07:00:00,61.51,63.91,61.07,62.91,145400
2022-03-24 07:00:00,63.03,63.07,61.91,63.03,95200
2022-03-25 07:00:00,63.11,63.11,62.27,62.91,122600
2022-03-28 07:00:00,63.15,63.15,61.51,62.95,78100
2022-03-29 07:00:00,62.95,63.47,62.03,63.11,170100
2022-03-30 07:00:00,63.11,63.11,62.47,63.07,159900
2022-03-31 07:00:00,63.07,63.51,62.87,63.51,196900
2022-04-01 07:00:00,64.11,66.31,63.55,66.03,350200
2022-04-04 07:00:00,66.62,66.82,66.11,66.5,221400
2022-04-05 07:00:00,66.5,66.7,66.31,66.39,69400
2022-04-06 07:00:00,66.31,67.98,65.15,67.7,296600
2022-04-07 07:00:00,67.42,67.42,66.5,66.5,89600
2022-04-08 07:00:00,64.55,66.34,64.55,65.59,145200
2022-04-12 07:00:00,65.55,66.7,65.23,65.23,111700
2022-04-13 07:00:00,65.27,65.91,64.79,65.31,132800
2022-04-14 07:00:00,65.47,66.7,64.55,66.67,100300
2022-04-15 07:00:00,66.31,68.22,66.31,67.34,220100
2022-04-18 07:00:00,67.26,69.1,67.1,67.9,779800
2022-04-19 07:00:00,67.9,68.3,66.31,67.46,319300
2022-04-20 07:00:00,67.46,69.06,66.7,68.7,322500
2022-04-21 07:00:00,67.94,68.62,66.67,67.78,501700
2022-04-22 07:00:00,67.74,72.46,63.07,68.02,373200
2022-04-25 07:00:00,67.58,67.58,63.27,63.27,258900
2022-04-26 07:00:00,60.31,67.62,60.31,67.5,440300
2022-04-27 07:00:00,64.79,67.5,64.79,67.5,146500
2022-04-28 07:00:00,65.95,66.7,65.19,65.91,43700
2022-04-29 07:00:00,65.67,66.31,63.91,64.75,161500
2022-05-04 07:00:00,63.83,65.51,63.83,65.31,75900
2022-05-05 07:00:00,65.31,67.66,64.39,67.66,112300
2022-05-06 07:00:00,66.31,67.62,65.91,66.9,155000
2022-05-09 07:00:00,65.23,66.7,63.91,63.95,186100
2022-05-10 07:00:00,62.83,65.91,62.71,65.87,147000
2022-05-11 07:00:00,65.83,66.03,64.71,65.31,159400
2022-05-12 07:00:00,65.31,66.54,64.67,65.87,239400
2022-05-13 07:00:00,65.51,65.91,61.47,64.99,331600
2022-05-16 07:00:00,63.51,64.67,61.71,63.03,99700
2022-05-17 07:00:00,61.43,66.11,61.11,66.11,172300
2022-05-18 07:00:00,64.71,65.03,63.51,64.51,155400
2022-05-19 07:00:00,62.31,65.07,62.31,65.07,138600
2022-05-20 07:00:00,63.23,64.19,62.31,62.51,166700
2022-05-23 07:00:00,62.55,63.11,61.51,61.55,96400
2022-05-24 07:00:00,61.55,61.91,61.11,61.51,178100
2022-05-25 07:00:00,61.51,62.15,61.15,61.51,196200
2022-05-26 07:00:00,61.51,62.19,60.91,61.11,227400
2022-05-27 07:00:00,61.15,61.79,60.99,61.51,228700
2022-05-30 07:00:00,61.51,61.87,60.99,61.27,140900
2022-05-31 07:00:00,61.27,61.79,60.67,61.31,170900
2022-06-01 07:00:00,60.95,61.71,60.95,61.15,359100
2022-06-02 07:00:00,61.15,61.51,60.95,61.11,114900
2022-06-03 07:00:00,61.11,62.63,61.11,61.99,258700
2022-06-06 07:00:00,61.91,63.47,61.91,63.31,221300
2022-06-07 07:00:00,63.07,63.87,62.67,63.87,137700
2022-06-08 07:00:00,63.87,64.79,63.07,63.79,198900
2022-06-09 07:00:00,63.79,63.83,62.71,62.71,111000
2022-06-10 07:00:00,62.71,63.23,62.51,62.99,76800
2022-06-13 07:00:00,61.91,61.91,60.59,61.11,151500
2022-06-14 07:00:00,60.71,60.87,59.76,59.92,196400
2022-06-15 07:00:00,60.71,60.99,59.92,60.71,116800
2022-06-16 07:00:00,60.91,63.11,60.91,62.47,156700
2022-06-17 07:00:00,61.07,62.71,60.31,62.31,150800
2022-06-20 07:00:00,61.11,61.79,60.51,60.71,52400
2022-06-21 07:00:00,61.31,63.11,59.52,61.91,182900
2022-06-22 07:00:00,62.99,62.99,61.51,62.31,135500
2022-06-23 07:00:00,60.55,61.87,60.55,61.27,23500
2022-06-24 07:00:00,60.79,62.23,60.79,62.15,84000
2022-06-27 07:00:00,62.31,62.67,61.91,62.63,99100
2022-06-28 07:00:00,62.63,62.83,61.03,62.75,69100
2022-06-29 07:00:00,62.75,62.75,61.31,61.51,39300
2022-06-30 07:00:00,61.51,62.31,61.51,61.75,24300
2022-07-01 07:00:00,62.19,62.19,60.91,61.47,61500
2022-07-04 07:00:00,61.51,61.91,60.91,61.31,20800
2022-07-05 07:00:00,61.83,61.87,60.23,60.23,151300
2022-07-06 07:00:00,60.23,61.11,59.92,60.95,60300
2022-07-07 07:00:00,61.07,62.39,60.47,62.39,52100
2022-07-08 07:00:00,61.07,62.43,61.07,61.95,91500
2022-07-11 07:00:00,61.35,61.95,61.11,61.95,54500
2022-07-12 07:00:00,61.03,61.91,61.03,61.35,25900
2022-07-13 07:00:00,61.19,62.23,61.19,61.35,41700
2022-07-14 07:00:00,61.11,61.91,61.11,61.87,22400
2022-07-15 07:00:00,61.51,61.63,60.95,61.51,38500
2022-07-18 07:00:00,61.23,61.59,61.19,61.59,12000
2022-07-19 07:00:00,61.71,62.67,61.19,62.63,139000
2022-07-20 07:00:00,62.91,63.83,62.63,63.83,107200
2022-07-21 07:00:00,63.91,66.31,63.91,65.91,223300
2022-07-22 07:00:00,65.51,67.06,64.31,66.31,196400
2022-07-25 07:00:00,66.31,66.31,65.11,65.91,130900
2022-07-26 07:00:00,64.71,67.1,64.71,66.98,165100
2022-07-27 07:00:00,67.02,67.02,66.22,66.98,116700
2022-07-28 07:00:00,67.58,69.9,67.58,69.1,233300
2022-07-29 07:00:00,70.06,73.69,70.06,71.9,170300
2022-08-01 07:00:00,72.7,73.5,72.02,73.1,214600
2022-08-02 07:00:00,72.7,75.05,72.7,75.01,230100
2022-08-03 07:00:00,74.29,76.29,73.82,75.85,240200
2022-08-04 07:00:00,75.09,76.01,71.9,73.9,292700
2022-08-05 07:00:00,72.74,75.89,72.54,72.94,219700
2022-08-08 07:00:00,73.26,75.09,71.5,72.3,147600
2022-08-09 07:00:00,73.5,73.5,71.98,71.98,138800
2022-08-10 07:00:00,72.7,72.7,71.42,72.7,135400
2022-08-11 07:00:00,73.02,73.78,71.9,72.7,198700
2022-08-12 07:00:00,72.5,72.9,72.14,72.7,109400
2022-08-15 07:00:00,72.7,74.69,72.34,74.29,242900
2022-08-16 07:00:00,74.85,75.29,74.33,75.09,192800
2022-08-17 07:00:00,75.09,75.37,73.5,75.29,200800
2022-08-18 07:00:00,75.25,79.05,74.33,77.29,330000
2022-08-19 07:00:00,76.33,78.33,76.33,77.89,104300
2022-08-22 07:00:00,78.05,78.05,76.77,77.49,87800
2022-08-23 07:00:00,77.29,77.89,75.89,75.89,89400
2022-08-24 07:00:00,75.89,76.81,74.49,74.69,123100
2022-08-25 07:00:00,74.73,77.01,74.61,74.89,61400
2022-08-26 07:00:00,74.81,75.29,73.61,75.09,91500
2022-08-29 07:00:00,73.3,75.85,73.3,75.09,106300
2022-08-30 07:00:00,75.29,75.49,74.61,75.05,57400
2022-08-31 07:00:00,75.01,75.25,74.09,75.05,126000
2022-09-05 07:00:00,75.05,75.13,74.33,75.09,105900
2022-09-06 07:00:00,75.09,76.17,75.01,75.33,103500
2022-09-07 07:00:00,75.33,75.49,74.01,75.09,128400
2022-09-08 07:00:00,75.49,77.13,75.09,76.57,168200
2022-09-09 07:00:00,76.89,78.09,76.57,77.41,226800
2022-09-12 07:00:00,77.41,79.01,77.41,77.89,227500
2022-09-13 07:00:00,77.89,78.57,76.29,76.29,163100
2022-09-14 07:00:00,75.89,75.89,73.5,73.5,237400
2022-09-15 07:00:00,73.69,75.09,73.1,74.01,199800
2022-09-16 07:00:00,75.45,75.45,73.1,74.01,189100
2022-09-19 07:00:00,74.01,74.89,73.86,74.01,147300
2022-09-20 07:00:00,74.29,75.69,74.21,74.89,81800
2022-09-21 07:00:00,74.09,75.69,73.97,75.09,46700
2022-09-22 07:00:00,75.65,75.65,74.21,74.69,102800
2022-09-23 07:00:00,75.09,75.09,74.17,74.69,140200
2022-09-26 07:00:00,74.29,75.09,73.5,73.9,130700
2022-09-27 07:00:00,74.45,74.45,73.1,74.01,90500
2022-09-28 07:00:00,73.5,73.82,69.9,73.1,78800
2022-09-29 07:00:00,74.13,74.13,72.1,73.02,63300
2022-09-30 07:00:00,71.1,74.49,71.1,73.9,95200
2022-10-03 07:00:00,72.3,74.29,72.3,72.78,77400
2022-10-04 07:00:00,72.78,75.45,72.78,75.09,206200
2022-10-05 07:00:00,75.73,76.29,74.73,75.49,265100
2022-10-06 07:00:00,73.97,74.49,73.9,74.21,54100
2022-10-07 07:00:00,73.1,74.69,73.1,74.69,178100
2022-10-10 07:00:00,74.29,74.33,72.38,73.69,211500
2022-10-11 07:00:00,73.3,74.09,72.74,73.3,158300
2022-10-12 07:00:00,74.89,74.89,73.3,73.3,60200
2022-10-13 07:00:00,73.3,75.89,72.5,75.89,195600
2022-10-14 07:00:00,77.09,77.09,73.5,75.25,99100
2022-10-17 07:00:00,74.09,75.81,73.33,73.93,66700
2022-10-18 07:00:00,75.65,75.81,74.01,75.81,180300
2022-10-19 07:00:00,75.89,76.25,75.29,76.25,113900
2022-10-20 07:00:00,75.89,76.65,75.57,76.41,114400
2022-10-21 07:00:00,76.49,77.89,75.65,77.09,177500
2022-10-24 07:00:00,78.29,81.08,72.3,72.3,279300
2022-10-25 07:00:00,73.33,76.89,73.3,75.01,252100
2022-10-26 07:00:00,77.33,77.33,74.33,74.33,150600
2022-10-27 07:00:00,74.37,75.45,73.3,75.05,222000
2022-10-28 07:00:00,75.89,76.13,74.33,74.33,85800
2022-10-31 07:00:00,75.29,75.29,72.9,74.01,105700
2022-11-01 07:00:00,74.01,74.65,73.18,73.33,170700
2022-11-02 07:00:00,73.33,73.33,71.94,73.3,165000
2022-11-03 07:00:00,73.1,73.1,72.14,72.7,63000
2022-11-04 07:00:00,72.7,73.9,71.5,72.7,117500
2022-11-07 07:00:00,72.74,73.5,72.34,73.5,196800
2022-11-08 07:00:00,73.5,73.58,73.02,73.1,169200
2022-11-09 07:00:00,73.14,74.21,73.14,73.69,145300
2022-11-10 07:00:00,74.09,74.29,73.1,73.69,167600
2022-11-11 07:00:00,75.09,76.65,74.21,75.01,162000
2022-11-14 07:00:00,75.01,78.25,72.7,77.89,240000
2022-11-15 07:00:00,77.85,77.85,74.49,74.49,159000
2022-11-16 07:00:00,72.7,74.29,72.22,72.22,271400
2022-11-17 07:00:00,73.06,77.25,71.7,73.1,282600
2022-11-18 07:00:00,74.05,74.09,71.3,71.58,295400
2022-11-21 07:00:00,72.7,73.5,71.9,72.94,73300
2022-11-22 07:00:00,72.18,73.9,71.94,72.38,103100
2022-11-23 07:00:00,72.22,73.1,72.22,72.7,53900
2022-11-24 07:00:00,73.1,73.1,71.9,72.1,152600
2022-11-25 07:00:00,72.1,72.78,71.86,71.9,144400
2022-11-28 07:00:00,66.86,71.9,66.86,70.74,297700
2022-11-29 07:00:00,70.78,71.86,69.62,70.3,310700
2022-11-30 07:00:00,71.82,72.18,70.34,71.9,288300
2022-12-01 07:00:00,71.5,72.1,69.9,70.06,377600
2022-12-02 07:00:00,70.1,72.22,70.1,70.7,307500
2022-12-05 07:00:00,70.74,72.3,70.74,71.78,167200
2022-12-06 07:00:00,71.74,71.9,71.06,71.3,250500
2022-12-07 07:00:00,70.54,71.86,70.5,71.5,214100
2022-12-08 07:00:00,71.86,71.9,70.7,71.1,188000
2022-12-09 07:00:00,71.62,71.62,70.7,71.1,217600
2022-12-12 07:00:00,71.1,71.86,71.1,71.22,235700
2022-12-13 07:00:00,71.22,71.7,71.1,71.1,361900
2022-12-14 07:00:00,71.66,71.78,70.82,71.5,252200
2022-12-15 07:00:00,71.54,71.82,71.26,71.5,139600
2022-12-16 07:00:00,71.5,71.5,70.74,70.74,425900
2022-12-19 07:00:00,70.78,71.3,69.9,69.9,162100
2022-12-20 07:00:00,70.06,71.72,69.7,70.1,306400
2022-12-21 07:00:00,69.9,71.48,69.9,70.91,173000
2022-12-22 07:00:00,71.04,72.09,71.04,71.04,123200
2022-12-23 07:00:00,71.68,71.72,70.91,70.91,75300
2022-12-26 07:00:00,71.32,71.68,70.1,70.1,220800
2022-12-27 07:00:00,71.04,71.48,69.5,69.5,138400
2022-12-28 07:00:00,69.62,71.52,69.54,71.52,157000
2022-12-29 07:00:00,70.31,71.2,70.06,70.06,103400
2022-12-30 07:00:00,70.51,71.28,67.63,67.63,167300
2023-01-03 07:00:00,69.33,70.31,68.16,68.48,121700
2023-01-04 07:00:00,68.56,70.51,68.48,69.5,116900
2023-01-05 07:00:00,69.7,74.36,69.5,70.59,255300
2023-01-06 07:00:00,71.81,73.99,70.59,73.22,130100
2023-01-09 07:00:00,72.74,73.75,71.24,72.78,46900
2023-01-10 07:00:00,72.82,73.02,71.36,71.36,101200
2023-01-11 07:00:00,72.94,73.71,72.94,73.34,155000
2023-01-12 07:00:00,73.75,73.75,72.53,72.86,30200
2023-01-13 07:00:00,72.86,75.53,72.86,75.33,218100
2023-01-16 07:00:00,76.18,76.95,75.41,76.38,105300
2023-01-17 07:00:00,76.18,76.38,73.87,75.78,88600
2023-01-18 07:00:00,77.8,77.8,75.78,75.78,75200
2023-01-19 07:00:00,76.99,78.21,75.25,75.25,201700
2023-01-27 07:00:00,75.29,79.02,75.29,78.25,133600
2023-01-30 07:00:00,78.25,78.25,76.79,76.99,177800
2023-01-31 07:00:00,75.78,77.32,75.57,76.59,55500
2023-02-01 07:00:00,76.59,77.19,75.61,75.78,170700
2023-02-02 07:00:00,76.99,77.6,75.41,75.98,88700
2023-02-03 07:00:00,75.29,78.13,75.29,78.13,105300
2023-02-06 07:00:00,77.19,79.18,77.03,79.18,78800
2023-02-07 07:00:00,77.8,79.83,77.48,77.48,28900
2023-02-08 07:00:00,76.59,80.44,76.59,79.91,109700
2023-02-09 07:00:00,79.95,80.64,77.8,78.53,49900
2023-02-10 07:00:00,79.42,79.42,76.67,76.75,70900
2023-02-13 07:00:00,76.59,77.76,75.53,77.76,87900
2023-02-14 07:00:00,78.17,78.17,75.82,76.18,51400
2023-02-15 07:00:00,76.22,77.6,76.18,76.59,77000
2023-02-16 07:00:00,76.22,77.19,76.18,76.87,27700
2023-02-17 07:00:00,76.87,76.99,75.61,75.82,45300
2023-02-20 07:00:00,77.4,78.17,76.38,77.07,69800
2023-02-21 07:00:00,76.02,77.32,76.02,77.19,84500
2023-02-22 07:00:00,77.4,77.4,75.78,75.78,82100
2023-02-23 07:00:00,76.59,76.63,74.97,75.82,77700
2023-02-24 07:00:00,75.82,76.83,74.97,76.59,98800
2023-02-27 07:00:00,76.99,76.99,75.01,75.09,57600
2023-02-28 07:00:00,76.99,77.11,75.17,76.18,96900
2023-03-01 07:00:00,75.37,78.0,75.21,78.0,41400
2023-03-02 07:00:00,76.82,77.39,76.21,76.62,38300
2023-03-03 07:00:00,77.11,77.11,75.44,76.17,92400
2023-03-06 07:00:00,78.17,78.17,75.36,75.36,76300
2023-03-07 07:00:00,75.76,76.99,75.44,76.13,122700
2023-03-08 07:00:00,75.11,75.97,75.11,75.97,97300
2023-03-09 07:00:00,75.97,76.21,75.93,75.97,216700
2023-03-10 07:00:00,75.24,76.21,75.24,75.6,266700
2023-03-13 07:00:00,76.09,76.17,75.76,76.17,353500
2023-03-14 07:00:00,76.46,77.39,76.17,77.39,261300
2023-03-15 07:00:00,77.64,78.0,77.03,77.19,233800
2023-03-16 07:00:00,77.35,79.84,76.17,77.8,308100
2023-03-17 07:00:00,77.8,78.21,77.07,78.21,406900
2023-03-20 07:00:00,77.43,78.29,75.81,76.99,42400
2023-03-21 07:00:00,76.99,77.39,75.72,75.76,141600
2023-03-22 07:00:00,75.56,76.95,74.75,76.38,181600
2023-03-23 07:00:00,76.38,76.66,75.03,76.58,86500
2023-03-24 07:00:00,75.36,76.66,75.36,76.5,130600
2023-03-27 07:00:00,75.81,76.58,75.6,75.76,58400
2023-03-28 07:00:00,75.76,75.97,75.44,75.76,59800
2023-03-29 07:00:00,76.09,76.09,74.99,75.52,59900
2023-03-30 07:00:00,75.89,75.89,75.11,75.36,70100
2023-03-31 07:00:00,75.36,75.68,74.75,75.24,66400
2023-04-03 07:00:00,74.95,75.15,73.73,73.73,93900
2023-04-04 07:00:00,73.81,73.97,72.42,72.51,165000
2023-04-05 07:00:00,72.55,72.55,71.49,71.9,167100
2023-04-06 07:00:00,72.71,72.71,71.9,72.06,147300
2023-04-07 07:00:00,72.1,72.46,71.73,72.1,65400
2023-04-10 07:00:00,72.34,72.34,71.69,71.94,193700
2023-04-11 07:00:00,71.61,71.77,71.28,71.28,131400
2023-04-12 07:00:00,70.96,70.96,69.53,69.65,336000
2023-04-13 07:00:00,69.86,70.35,68.64,69.04,186600
2023-04-14 07:00:00,69.04,69.25,68.03,68.03,276600
2023-04-17 07:00:00,67.86,68.03,66.8,66.8,232600
2023-04-18 07:00:00,67.09,68.43,67.05,67.54,179500
2023-04-19 07:00:00,68.31,69.65,67.7,69.41,329100
2023-04-20 07:00:00,69.94,70.63,69.45,69.45,246200
2023-04-21 07:00:00,70.26,70.31,69.45,69.45,169900
2023-04-24 07:00:00,69.45,69.74,69.45,69.69,126500
2023-04-25 07:00:00,69.69,69.74,68.84,69.65,197600
2023-04-26 07:00:00,69.65,69.86,69.57,69.65,177500
2023-04-27 07:00:00,69.65,70.88,69.04,70.88,154600
2023-04-28 07:00:00,71.0,71.2,70.06,70.06,75300
2023-05-04 07:00:00,70.06,70.06,67.66,67.86,108000
2023-05-05 07:00:00,67.94,68.23,67.33,67.41,110200
2023-05-08 07:00:00,67.62,67.94,67.54,67.82,67900
2023-05-09 07:00:00,68.03,68.03,67.21,67.25,79400
2023-05-10 07:00:00,67.25,67.54,67.25,67.29,101300
2023-05-11 07:00:00,67.33,68.84,66.8,67.01,164300
2023-05-12 07:00:00,67.37,67.5,66.36,66.76,149700
2023-05-15 07:00:00,67.09,67.46,66.8,66.84,119000
2023-05-16 07:00:00,67.21,67.21,66.31,66.4,73400
2023-05-17 07:00:00,66.4,66.4,66.03,66.19,103000
2023-05-18 07:00:00,66.19,66.4,65.82,66.11,179900
2023-05-19 07:00:00,66.11,66.11,65.21,65.46,75700
2023-05-22 07:00:00,65.46,65.91,65.26,65.46,66500
2023-05-23 07:00:00,65.78,65.91,64.44,64.77,144600
2023-05-24 07:00:00,65.01,65.13,64.56,64.56,116500
2023-05-25 07:00:00,64.56,64.68,63.54,64.36,97500
2023-05-26 07:00:00,64.36,64.36,63.14,63.34,70600
2023-05-29 07:00:00,63.38,64.11,63.22,63.26,90900
2023-05-30 07:00:00,63.3,63.67,63.26,63.54,145600
2023-05-31 07:00:00,63.54,64.56,63.54,64.36,157900
2023-06-01 07:00:00,63.71,64.77,63.71,64.44,126100
2023-06-02 07:00:00,64.97,64.97,64.2,64.36,138700
2023-06-05 07:00:00,65.17,65.3,64.81,64.93,113300
2023-06-06 07:00:00,65.13,65.21,64.89,65.17,126800
2023-06-07 07:00:00,65.21,65.3,65.01,65.09,205100
2023-06-08 07:00:00,65.26,65.26,64.97,65.09,158200
2023-06-09 07:00:00,65.59,65.59,64.97,64.97,27400
2023-06-12 07:00:00,65.01,66.7,65.01,66.61,109100
2023-06-13 07:00:00,66.66,66.7,66.04,66.53,84600
2023-06-14 07:00:00,66.53,67.23,66.04,66.61,203200
2023-06-15 07:00:00,66.94,66.94,65.38,65.38,108600
2023-06-16 07:00:00,66.2,66.2,63.74,63.74,234900
2023-06-19 07:00:00,64.56,64.56,64.1,64.47,129400
2023-06-20 07:00:00,64.47,64.47,63.82,63.86,97800
2023-06-21 07:00:00,63.86,64.06,63.49,63.74,136800
2023-06-22 07:00:00,64.15,64.15,63.65,63.65,145800
2023-06-23 07:00:00,63.65,64.35,63.49,64.35,198600
2023-06-26 07:00:00,64.93,64.93,64.15,64.15,139900
2023-06-27 07:00:00,63.98,64.56,63.49,63.49,194600
2023-06-28 07:00:00,63.9,63.9,63.57,63.61,84800
2023-06-29 07:00:00,63.82,63.82,63.32,63.32,179800
2023-06-30 07:00:00,63.49,63.49,63.12,63.16,152700
2023-07-03 07:00:00,63.32,63.65,63.12,63.2,78100
2023-07-04 07:00:00,63.2,63.45,63.08,63.16,99000
2023-07-05 07:00:00,63.24,63.65,63.16,63.24,80000
2023-07-06 07:00:00,63.24,63.32,63.08,63.08,91400
2023-07-07 07:00:00,63.16,63.49,62.05,62.09,203600
2023-07-10 07:00:00,62.13,62.21,61.68,61.8,197800
2023-07-11 07:00:00,61.68,62.01,61.68,61.68,203500
2023-07-12 07:00:00,61.68,62.5,61.68,62.09,99000
2023-07-13 07:00:00,62.17,63.32,62.17,63.12,206700
2023-07-14 07:00:00,63.16,63.24,62.95,63.24,119200
2023-07-17 07:00:00,63.45,63.78,62.91,63.12,121100
2023-07-18 07:00:00,63.24,63.41,62.75,62.95,123200
2023-07-19 07:00:00,62.95,63.16,62.83,62.83,151100
2023-07-20 07:00:00,62.83,63.28,62.79,63.0,111000
2023-07-21 07:00:00,62.95,63.0,62.67,62.95,122400
2023-07-24 07:00:00,63.04,63.94,63.04,63.74,232100
2023-07-25 07:00:00,64.06,65.01,63.82,64.97,379300
2023-07-26 07:00:00,64.93,66.53,64.93,66.45,199200
2023-07-27 07:00:00,66.2,66.41,65.59,65.87,151300
2023-07-28 07:00:00,65.79,65.87,64.56,64.56,324400
2023-07-31 07:00:00,64.52,65.67,64.39,64.47,275500
2023-08-01 07:00:00,65.42,65.79,64.97,65.13,132400
2023-08-02 07:00:00,65.5,65.5,64.84,65.34,122100
2023-08-03 07:00:00,65.63,66.41,65.38,66.41,280200
2023-08-04 07:00:00,66.82,66.82,65.59,66.0,245900
2023-08-07 07:00:00,65.87,66.7,65.63,66.2,285100
2023-08-08 07:00:00,66.74,66.74,66.04,66.45,168600
2023-08-09 07:00:00,66.45,66.49,65.92,66.2,127500
2023-08-10 07:00:00,66.33,66.33,65.79,66.04,180900
2023-08-11 07:00:00,65.79,66.04,65.17,65.59,187300
2023-08-14 07:00:00,65.38,65.63,64.97,64.97,163000
2023-08-15 07:00:00,64.97,64.97,64.43,64.68,147600
2023-08-16 07:00:00,65.38,65.59,64.56,64.68,218500
2023-08-17 07:00:00,64.68,64.68,63.94,64.02,325800
2023-08-18 07:00:00,63.94,65.17,62.79,63.16,305400
2023-08-21 07:00:00,63.53,63.53,62.5,62.79,208300
2023-08-22 07:00:00,62.79,63.08,61.68,61.68,390700
2023-08-23 07:00:00,62.71,62.83,61.68,61.72,353200
2023-08-24 07:00:00,63.69,63.74,63.0,63.12,609400
2023-08-25 07:00:00,63.86,65.05,63.61,64.23,430600
2023-08-28 07:00:00,64.97,64.97,64.1,64.27,286700
2023-08-29 07:00:00,64.35,65.5,64.1,65.01,275400
2023-08-30 07:00:00,65.59,66.12,65.26,65.71,279300
2023-08-31 07:00:00,65.79,66.0,64.97,64.97,295100
2023-09-05 07:00:00,65.38,65.96,65.17,65.3,335400
2023-09-06 07:00:00,65.09,65.79,65.09,65.38,239300
2023-09-07 07:00:00,65.54,66.2,65.5,66.0,235200
2023-09-08 07:00:00,66.12,66.53,65.79,66.04,285700
2023-09-11 07:00:00,66.45,69.86,66.45,68.88,844600
2023-09-12 07:00:00,69.86,70.11,69.0,69.45,482800
2023-09-13 07:00:00,69.53,69.82,68.46,68.59,685100
2023-09-14 07:00:00,72.37,72.37,69.16,70.07,1162600
2023-09-15 07:00:00,70.72,70.72,68.34,68.34,511300
2023-09-18 07:00:00,68.34,68.34,66.12,66.45,483600
2023-09-19 07:00:00,66.37,67.27,64.56,64.97,665800
2023-09-20 07:00:00,65.05,66.61,64.97,66.2,523000
2023-09-21 07:00:00,66.28,67.27,65.79,65.79,480400
2023-09-22 07:00:00,64.97,65.3,63.49,64.64,463700
2023-09-25 07:00:00,64.72,65.3,62.5,62.5,226500
2023-09-26 07:00:00,62.5,63.0,61.68,61.93,414000
2023-09-27 07:00:00,61.93,62.17,60.78,60.94,509500
2023-09-28 07:00:00,61.02,61.27,59.54,59.54,452200
2023-09-29 07:00:00,60.03,60.28,59.54,59.62,361200
2023-10-02 07:00:00,60.28,60.28,59.7,60.03,218300
2023-10-03 07:00:00,60.2,60.2,57.81,57.81,608100
2023-10-04 07:00:00,57.57,57.73,56.99,57.57,335600
2023-10-05 07:00:00,57.73,58.39,57.16,57.16,185000
2023-10-06 07:00:00,57.16,57.57,56.17,57.24,320300
2023-10-09 07:00:00,57.32,57.4,56.58,56.58,438200
2023-10-10 07:00:00,56.74,57.4,55.92,56.58,596000
2023-10-11 07:00:00,56.58,56.66,55.76,55.92,532600
2023-10-12 07:00:00,56.25,56.66,56.09,56.66,526200
2023-10-13 07:00:00,56.5,57.9,56.09,57.65,605600
2023-10-16 07:00:00,57.65,59.05,57.65,58.31,664200
2023-10-17 07:00:00,58.8,58.88,57.48,57.48,352500
2023-10-18 07:00:00,57.48,57.48,55.51,56.17,511400
2023-10-19 07:00:00,56.17,56.58,55.76,56.17,289500
2023-10-20 07:00:00,56.25,57.57,55.92,57.57,209500
2023-10-23 07:00:00,57.57,57.57,55.76,55.76,315200
2023-10-24 07:00:00,55.68,57.4,55.68,56.83,175100
2023-10-25 07:00:00,56.74,57.32,56.33,56.91,223500
2023-10-26 07:00:00,55.92,56.33,54.28,54.44,389100
2023-10-27 07:00:00,54.2,54.2,51.07,51.89,997300
2023-10-30 07:00:00,51.89,51.89,50.0,50.0,379900
2023-10-31 07:00:00,50.08,50.17,46.63,46.63,840800
2023-11-01 07:00:00,46.88,47.53,45.15,47.2,735700
2023-11-02 07:00:00,47.62,50.5,47.62,50.5,719700
2023-11-03 07:00:00,50.5,53.21,50.5,52.55,745600
2023-11-06 07:00:00,53.04,54.44,52.55,54.44,571800
2023-11-07 07:00:00,54.52,54.94,53.37,53.54,441800
2023-11-08 07:00:00,53.87,53.87,51.48,53.54,924800
2023-11-09 07:00:00,53.87,54.11,52.3,52.55,1035500
2023-11-10 07:00:00,52.47,52.47,51.24,51.32,740700
2023-11-13 07:00:00,51.32,52.22,50.25,50.41,573500
2023-11-14 07:00:00,50.82,52.06,50.74,50.99,734800
2023-11-15 07:00:00,51.98,53.04,51.89,51.98,1323600
2023-11-16 07:00:00,52.39,53.13,51.98,52.8,740900
2023-11-17 07:00:00,52.88,53.78,52.14,52.39,978300
2023-11-20 07:00:00,51.56,52.3,51.4,51.81,659500
2023-11-21 07:00:00,51.98,52.47,51.73,51.89,563600
2023-11-22 07:00:00,51.89,52.55,51.89,52.22,474900
2023-11-23 07:00:00,52.3,52.55,49.67,49.67,617600
2023-11-24 07:00:00,49.76,51.81,49.76,51.81,764100
2023-11-27 07:00:00,51.4,52.96,51.32,52.88,946000
2023-11-28 07:00:00,53.04,53.37,52.14,53.37,497100
2023-11-29 07:00:00,53.37,54.94,52.8,54.44,770200
2023-11-30 07:00:00,54.11,54.61,53.46,53.46,549900
2023-12-01 07:00:00,53.46,53.62,52.72,53.46,288000
2023-12-04 07:00:00,53.46,54.2,52.8,53.21,552500
2023-12-05 07:00:00,53.87,53.87,52.63,52.63,401700
2023-12-06 07:00:00,52.63,53.7,52.63,53.62,288500
2023-12-07 07:00:00,54.2,54.2,53.46,53.95,626200
2023-12-08 07:00:00,54.28,54.28,53.54,53.95,555900
2023-12-11 07:00:00,54.03,54.36,53.54,53.87,383500
2023-12-12 07:00:00,53.87,54.2,53.37,53.46,360800
2023-12-13 07:00:00,53.62,54.11,52.63,52.63,745900
2023-12-14 07:00:00,52.96,53.37,51.81,51.81,427100
2023-12-15 07:00:00,51.89,52.3,51.65,51.65,844700
2023-12-18 07:00:00,51.73,51.73,50.41,50.58,591300
2023-12-19 07:00:00,50.91,51.4,50.58,51.15,528200
2023-12-20 07:00:00,51.15,51.56,50.91,50.99,565300
2023-12-21 07:00:00,50.58,51.15,50.58,50.99,445100
2023-12-22 07:00:00,50.99,51.07,50.58,50.58,639900
2023-12-25 07:00:00,50.5,51.89,50.5,50.99,546700
2023-12-26 07:00:00,51.24,51.81,51.24,51.56,357500
2023-12-27 07:00:00,51.73,52.06,51.07,51.07,646500
2023-12-28 07:00:00,51.48,51.89,51.15,51.15,868500
2023-12-29 07:00:00,51.81,52.22,51.56,51.81,1568600
2024-01-02 07:00:00,52.55,52.88,52.06,52.22,770100
2024-01-03 07:00:00,52.39,52.39,51.98,52.22,557100
2024-01-04 07:00:00,52.39,52.73,52.39,52.56,773600
2024-01-05 07:00:00,52.56,52.56,51.88,52.14,708500
2024-01-08 07:00:00,52.14,52.47,52.14,52.31,654700
2024-01-09 07:00:00,52.22,52.47,51.8,51.88,558500
2024-01-10 07:00:00,51.88,51.88,51.04,51.21,822000
2024-01-11 07:00:00,51.21,52.05,51.21,51.72,489400
2024-01-12 07:00:00,51.72,51.72,50.96,51.46,497900
2024-01-15 07:00:00,51.38,51.8,50.87,50.87,443100
2024-01-16 07:00:00,50.96,51.04,50.62,50.87,266500
2024-01-17 07:00:00,50.87,51.04,50.71,50.87,469900
2024-01-18 07:00:00,51.13,51.13,50.87,50.96,446200
2024-01-19 07:00:00,52.05,52.05,51.21,51.72,714800
2024-01-22 07:00:00,51.88,51.88,51.21,51.3,360100
2024-01-23 07:00:00,51.3,51.38,50.79,50.79,346300
2024-01-24 07:00:00,50.79,50.96,50.62,50.79,472300
2024-01-25 07:00:00,50.79,50.87,49.53,49.53,1393900
2024-01-26 07:00:00,49.7,49.78,47.93,48.26,2066000
2024-01-29 07:00:00,48.26,49.7,48.26,48.77,701800
2024-01-30 07:00:00,48.85,48.85,48.18,48.18,732100
2024-01-31 07:00:00,48.26,48.77,47.42,47.42,1095600
2024-02-01 07:00:00,47.5,48.6,47.5,48.43,592000
2024-02-02 07:00:00,48.52,48.77,48.01,48.01,544000
2024-02-05 07:00:00,48.18,48.35,47.93,48.01,882600
2024-02-06 07:00:00,48.01,48.35,47.84,48.26,671200
2024-02-07 07:00:00,48.26,48.77,48.1,48.68,568300
2024-02-15 07:00:00,48.77,49.53,48.77,49.19,864400
2024-02-16 07:00:00,49.27,49.44,48.68,48.85,1078900
2024-02-19 07:00:00,48.85,48.94,48.18,48.77,1268000
2024-02-20 07:00:00,49.1,50.2,48.85,49.36,1642700
2024-02-21 07:00:00,49.7,49.7,48.77,48.94,1131900
2024-02-22 07:00:00,48.94,49.27,48.77,48.85,788900
2024-02-23 07:00:00,48.85,49.02,47.93,48.01,1499400
2024-02-26 07:00:00,48.18,48.35,47.5,47.67,809500
2024-02-27 07:00:00,47.67,47.67,47.0,47.42,1759100
2024-02-28 07:00:00,47.59,48.6,47.59,48.6,1090300
2024-02-29 07:00:00,48.85,49.86,48.77,49.27,2670400
2024-03-01 07:00:00,49.53,49.61,48.94,49.36,847400
2024-03-04 07:00:00,49.44,49.7,49.02,49.1,1252100
2024-03-05 07:00:00,49.19,49.61,48.77,49.61,1003900
2024-03-06 07:00:00,49.86,52.05,49.78,51.63,4279400
2024-03-07 07:00:00,51.63,52.47,50.79,51.04,2509100
2024-03-08 07:00:00,51.3,51.46,50.12,50.54,1825500
2024-03-11 07:00:00,50.54,50.96,49.7,49.95,2346300
2024-03-12 07:00:00,49.95,50.54,49.7,49.78,1290300
2024-03-13 07:00:00,49.95,50.2,49.36,50.2,1485900
2024-03-14 07:00:00,50.45,50.54,49.44,49.44,1458700
2024-03-15 07:00:00,49.44,49.53,48.35,48.85,2037000
2024-03-18 07:00:00,48.94,49.36,47.25,47.76,1833100
2024-03-19 07:00:00,48.26,48.35,47.67,47.93,654600
2024-03-20 07:00:00,48.01,48.1,47.5,47.93,739800
2024-03-21 07:00:00,48.35,48.52,48.1,48.18,738100
2024-03-22 07:00:00,48.43,48.52,48.1,48.26,698100
2024-03-25 07:00:00,48.26,48.6,47.84,48.01,1086200
2024-03-26 07:00:00,48.01,48.18,47.67,47.93,910400
2024-03-27 07:00:00,48.01,48.68,47.93,48.43,598300
2024-03-28 07:00:00,48.43,48.43,47.93,48.18,1074300
2024-03-29 07:00:00,48.35,48.35,47.76,47.76,618700
2024-04-01 07:00:00,47.76,48.1,47.67,47.84,600200
2024-04-02 07:00:00,47.93,47.93,47.42,47.5,1026300
2024-04-03 07:00:00,47.5,47.76,47.17,47.17,1435600
2024-04-04 07:00:00,47.34,47.67,47.34,47.59,991100
2024-04-05 07:00:00,47.59,47.59,47.25,47.25,947600
2024-04-08 07:00:00,47.34,47.34,46.58,46.58,1057800
2024-04-09 07:00:00,46.66,46.75,46.24,46.33,1017800
2024-04-10 07:00:00,46.58,46.75,46.41,46.58,522900
2024-04-11 07:00:00,46.41,46.83,46.33,46.66,493900
2024-04-12 07:00:00,46.75,47.42,46.66,47.17,957300
2024-04-15 07:00:00,47.17,47.17,45.9,46.33,926600
2024-04-16 07:00:00,46.33,46.33,44.64,46.16,1104300
2024-04-17 07:00:00,46.16,46.24,45.48,45.48,364800
2024-04-19 07:00:00,45.23,45.4,43.8,44.22,1184600
2024-04-22 07:00:00,44.98,45.23,44.64,44.81,356700
2024-04-23 07:00:00,45.06,45.15,44.05,44.64,373300
2024-04-24 07:00:00,44.89,45.32,44.72,45.15,467200
2024-04-25 07:00:00,45.15,46.75,45.15,45.82,1107400
2024-04-26 07:00:00,45.82,46.58,45.57,45.82,705300
2024-05-02 07:00:00,45.99,47.76,45.9,47.67,1580600
2024-05-03 07:00:00,48.01,48.1,47.67,47.76,784800
2024-05-06 07:00:00,47.76,48.43,47.59,48.01,884900
2024-05-07 07:00:00,48.01,48.77,47.59,48.6,913700
2024-05-08 07:00:00,48.52,50.54,48.01,49.61,2243700
2024-05-09 07:00:00,49.61,49.7,48.43,48.52,1040100
2024-05-10 07:00:00,48.6,48.94,48.26,48.52,784000
2024-05-13 07:00:00,48.52,48.77,47.76,47.93,725700
2024-05-14 07:00:00,48.01,48.43,47.93,48.1,479300
2024-05-15 07:00:00,48.18,48.85,48.18,48.52,896300
2024-05-16 07:00:00,48.6,48.94,48.43,48.43,769400
2024-05-17 07:00:00,48.68,49.61,48.43,48.94,1434500
2024-05-20 07:00:00,48.94,49.53,48.68,48.68,669100
2024-05-21 07:00:00,48.68,49.53,48.43,48.85,1171200
2024-05-22 07:00:00,49.1,49.36,48.43,48.43,927200
2024-05-23 07:00:00,48.68,50.28,48.43,50.12,1912100
2024-05-24 07:00:00,50.12,50.12,48.68,48.85,1322500
2024-05-27 07:00:00,48.85,49.36,48.85,49.27,654000
2024-05-28 07:00:00,49.44,51.38,49.19,51.38,2525000
2024-05-29 07:00:00,51.38,51.63,50.79,50.96,1467500
2024-05-30 07:00:00,50.2,50.54,49.1,49.95,1667200
2024-05-31 07:00:00,49.95,49.95,49.1,49.1,1492400
2024-06-03 07:00:00,49.7,50.62,49.44,50.03,1128600
2024-06-04 07:00:00,50.28,51.97,50.12,51.72,2338200
2024-06-05 07:00:00,52.22,55.25,52.05,55.25,2896100
2024-06-06 07:00:00,56.01,57.7,54.92,55.17,2270100
2024-06-07 07:00:00,55.25,58.46,55.25,57.19,2577800
2024-06-10 07:00:00,57.78,57.78,56.35,57.02,2027900
2024-06-11 07:00:00,57.02,57.44,56.18,56.94,1730800
2024-06-12 07:00:00,56.94,56.94,55.93,56.43,1706900
2024-06-13 07:00:00,56.69,56.69,55.17,55.25,1816900
2024-06-14 07:00:00,54.58,54.83,52.73,53.4,3852700
2024-06-17 07:00:00,53.4,54.24,52.73,53.57,1936900
2024-06-18 07:00:00,53.74,53.91,53.23,53.57,739100
2024-06-19 07:00:00,53.57,53.82,52.05,52.22,1464400
2024-06-20 07:00:00,52.47,52.9,51.04,52.31,947800
2024-06-21 07:00:00,52.73,52.9,51.8,51.8,960200
2024-06-24 07:00:00,52.31,52.98,51.13,51.8,950000
2024-06-25 07:00:00,51.8,52.05,49.95,51.04,1150200
2024-06-26 07:00:00,51.04,51.21,50.37,50.54,848100
2024-06-27 07:00:00,50.87,51.97,50.45,51.04,1076400
2024-06-28 07:00:00,51.38,51.63,50.54,50.54,947400
2024-07-01 07:00:00,51.04,51.3,50.71,51.3,278900
2024-07-02 07:00:00,51.38,51.55,51.13,51.55,424800
2024-07-03 07:00:00,51.63,51.8,51.38,51.8,450400
2024-07-04 07:00:00,52.31,52.31,51.38,51.38,679800
2024-07-05 07:00:00,51.82,51.9,50.51,50.51,1112800
2024-07-08 07:00:00,50.51,50.51,48.51,49.12,1317900
2024-07-09 07:00:00,49.2,50.94,48.51,49.9,1503200
2024-07-10 07:00:00,49.99,50.16,49.12,49.12,584100
2024-07-11 07:00:00,49.55,49.55,48.94,49.03,561000
2024-07-12 07:00:00,49.2,49.2,48.51,48.77,481400
2024-07-15 07:00:00,49.12,49.12,48.51,48.59,402500
2024-07-16 07:00:00,48.59,48.85,48.42,48.59,888900
2024-07-17 07:00:00,48.59,48.85,46.76,47.02,1128200
2024-07-18 07:00:00,47.2,48.33,46.59,47.29,1203600
2024-07-19 07:00:00,47.29,48.16,47.29,48.07,728700
2024-07-22 07:00:00,48.07,49.2,47.64,48.51,990500
2024-07-23 07:00:00,48.51,48.51,47.64,47.64,439700
2024-07-24 07:00:00,47.81,47.81,46.94,47.55,383300
2024-07-25 07:00:00,47.81,47.81,46.76,47.02,416200
2024-07-26 07:00:00,47.64,48.51,47.46,47.9,1302400
2024-07-29 07:00:00,48.33,48.42,47.81,47.81,427300
2024-07-30 07:00:00,47.64,48.33,47.64,47.72,714700
2024-07-31 07:00:00,47.72,48.42,47.64,48.24,926300
2024-08-01 07:00:00,48.59,50.07,47.9,47.9,1285700
2024-08-02 07:00:00,47.9,48.24,47.46,47.98,597000
2024-08-05 07:00:00,47.64,47.81,45.28,45.28,1609500
2024-08-06 07:00:00,45.98,47.02,45.37,46.42,738500
2024-08-07 07:00:00,46.94,46.94,45.89,46.07,704300
2024-08-08 07:00:00,46.15,46.85,45.98,45.98,892100
2024-08-09 07:00:00,46.5,47.2,46.42,46.68,471000
2024-08-12 07:00:00,46.85,47.37,46.5,47.02,542700
2024-08-13 07:00:00,47.46,47.72,46.85,47.29,732900
2024-08-14 07:00:00,47.37,49.38,47.29,48.51,1649400
2024-08-15 07:00:00,48.59,49.2,48.51,48.51,899700
2024-08-16 07:00:00,48.42,49.2,48.33,49.03,946500
2024-08-19 07:00:00,49.03,50.33,48.85,50.33,1178400
2024-08-20 07:00:00,50.33,50.94,49.9,50.51,970200
2024-08-21 07:00:00,50.51,50.51,49.81,49.99,777500
2024-08-22 07:00:00,50.16,50.33,49.29,49.64,785800
2024-08-23 07:00:00,49.29,50.07,49.29,49.55,651200
2024-08-26 07:00:00,49.55,50.25,49.38,49.38,578500
2024-08-27 07:00:00,49.38,49.99,49.38,49.64,692700
2024-08-28 07:00:00,49.72,50.6,49.64,49.99,997600
2024-08-29 07:00:00,49.99,50.68,49.99,49.99,824600
2024-08-30 07:00:00,50.25,50.94,49.99,50.07,1404900
2024-09-04 07:00:00,49.81,50.25,49.64,49.81,698100
2024-09-05 07:00:00,49.9,50.68,49.38,49.64,824400
2024-09-06 07:00:00,49.64,49.9,49.38,49.38,454100
2024-09-09 07:00:00,49.38,49.55,48.42,48.94,1129500
2024-09-10 07:00:00,49.29,49.55,48.16,48.16,1289900
2024-09-11 07:00:00,48.51,48.51,47.9,48.24,649500
2024-09-12 07:00:00,49.12,49.2,48.16,48.24,625800
2024-09-13 07:00:00,48.33,49.03,48.33,48.85,538100
2024-09-16 07:00:00,48.51,49.12,48.51,48.59,567100
2024-09-17 07:00:00,48.51,49.2,48.51,49.2,361500
2024-09-18 07:00:00,49.2,49.29,48.85,48.85,466900
2024-09-19 07:00:00,49.03,49.38,48.94,49.2,358900
2024-09-20 07:00:00,49.46,49.99,49.2,49.99,946400
2024-09-23 07:00:00,50.07,50.33,49.72,49.99,646600
2024-09-24 07:00:00,50.25,50.33,49.81,50.07,598600
2024-09-25 07:00:00,50.07,50.25,49.9,49.99,337400
2024-09-26 07:00:00,50.07,50.94,50.07,50.6,1091100
2024-09-27 07:00:00,50.77,51.2,50.42,50.94,794200
2024-09-30 07:00:00,51.2,51.2,50.25,50.33,551500
2024-10-01 07:00:00,50.51,50.51,50.16,50.33,559300
2024-10-02 07:00:00,50.33,50.33,49.46,49.55,635600
2024-10-03 07:00:00,49.81,50.25,49.46,49.46,606400
2024-10-04 07:00:00,49.46,49.64,49.29,49.29,381200
2024-10-07 07:00:00,49.29,49.72,49.2,49.38,414800
2024-10-08 07:00:00,49.38,49.55,48.85,49.03,514800
2024-10-09 07:00:00,49.12,49.29,48.68,49.12,613900
2024-10-10 07:00:00,49.29,50.42,49.2,50.25,685400
2024-10-11 07:00:00,50.42,50.68,49.99,50.07,379300
2024-10-14 07:00:00,50.16,50.25,49.72,49.81,335400
2024-10-15 07:00:00,49.81,50.68,49.72,49.72,642600
2024-10-16 07:00:00,49.72,50.33,49.72,50.33,531800
2024-10-17 07:00:00,50.51,50.51,49.55,49.9,294700
2024-10-18 07:00:00,50.07,50.6,49.9,49.99,245300
2024-10-21 07:00:00,49.99,50.16,49.2,49.29,645600
2024-10-22 07:00:00,49.12,49.2,48.68,48.77,646300
2024-10-23 07:00:00,48.77,49.2,48.42,48.77,369000
2024-10-24 07:00:00,48.77,48.77,48.51,48.68,228400
2024-10-25 07:00:00,48.68,48.77,48.07,48.33,449500
2024-10-28 07:00:00,48.42,48.42,48.16,48.33,238900
2024-10-29 07:00:00,48.33,48.51,48.07,48.24,258400
2024-10-30 07:00:00,48.33,48.51,47.98,48.07,357300
2024-10-31 07:00:00,48.16,48.94,48.07,48.07,486300
2024-11-01 07:00:00,48.42,48.85,48.16,48.16,436900
2024-11-04 07:00:00,48.68,48.85,48.33,48.33,456700
2024-11-05 07:00:00,48.68,48.85,48.24,48.33,271600
2024-11-06 07:00:00,48.51,48.77,48.33,48.59,391500
2024-11-07 07:00:00,48.77,48.85,48.42,48.42,294500
2024-11-08 07:00:00,48.51,48.68,48.07,48.07,516500
2024-11-11 07:00:00,48.16,48.59,48.07,48.16,446500
2024-11-12 07:00:00,48.24,49.99,48.24,49.29,1042200
2024-11-13 07:00:00,49.38,49.64,49.03,49.46,314300
2024-11-14 07:00:00,49.46,49.46,48.77,48.85,298700
2024-11-15 07:00:00,48.77,48.85,48.33,48.33,386200
2024-11-18 07:00:00,49.03,49.03,48.16,48.33,471600
2024-11-19 07:00:00,48.77,48.77,47.9,47.9,497100
2024-11-20 07:00:00,47.64,48.33,47.64,48.33,414600
2024-11-21 07:00:00,48.42,48.42,47.98,48.16,243200
2024-11-22 07:00:00,48.16,48.77,48.16,48.24,382400
2024-11-25 07:00:00,48.68,48.77,48.33,48.33,388600
2024-11-26 07:00:00,48.42,49.03,48.42,48.85,718100
2024-11-27 07:00:00,48.85,49.29,48.85,48.85,432800
2024-11-28 07:00:00,49.12,49.2,48.33,48.33,342400
2024-11-29 07:00:00,48.33,48.85,48.07,48.85,436000
2024-12-02 07:00:00,48.94,49.55,48.77,48.94,355300
2024-12-03 07:00:00,48.94,49.03,48.59,48.94,374400
2024-12-04 07:00:00,48.94,50.51,48.77,49.99,1381400
2024-12-05 07:00:00,50.16,50.51,49.55,50.07,676400
2024-12-06 07:00:00,50.25,50.94,49.9,50.25,1069700
2024-12-09 07:00:00,50.25,50.42,49.81,50.07,462400
2024-12-10 07:00:00,50.07,50.77,49.99,50.6,735300
2024-12-11 07:00:00,50.68,50.86,50.16,50.16,817200
2024-12-12 07:00:00,50.16,50.6,50.07,50.07,507300
2024-12-13 07:00:00,50.07,50.25,49.81,49.99,461700
2024-12-16 07:00:00,49.99,50.16,49.81,49.9,206600
2024-12-17 07:00:00,50.07,50.16,49.64,49.9,339400
2024-12-18 07:00:00,49.9,50.16,49.9,49.99,270100
2024-12-19 07:00:00,49.64,49.9,49.12,49.55,769800
2024-12-20 07:00:00,49.55,49.72,49.12,49.2,778600
2024-12-23 07:00:00,49.64,50.6,49.38,49.81,588200
2024-12-24 07:00:00,49.9,50.07,49.64,49.81,510800
2024-12-25 07:00:00,50.07,50.33,49.81,49.99,845200
2024-12-26 07:00:00,49.81,50.53,49.81,50.26,866500
2024-12-27 07:00:00,50.35,50.35,49.72,50.35,632700
2024-12-30 07:00:00,50.26,50.62,49.81,50.62,478700
2024-12-31 07:00:00,50.44,50.44,50.08,50.08,366000
2025-01-02 07:00:00,50.35,50.35,49.72,50.17,359100
2025-01-03 07:00:00,50.17,50.26,49.62,49.62,367400
2025-01-06 07:00:00,49.54,50.26,48.36,48.36,941500
2025-01-07 07:00:00,48.45,48.9,48.45,48.45,403600
2025-01-08 07:00:00,48.45,48.63,48.36,48.45,496600
2025-01-09 07:00:00,48.45,48.72,48.27,48.36,411400
2025-01-10 07:00:00,48.36,48.72,48.36,48.36,475600
2025-01-13 07:00:00,48.18,49.08,48.09,48.81,462200
2025-01-14 07:00:00,48.72,49.17,48.72,49.17,329200
2025-01-15 07:00:00,49.62,49.62,49.08,49.62,331800
2025-01-16 07:00:00,49.44,49.99,48.54,48.72,572400
2025-01-17 07:00:00,48.63,49.62,48.0,48.18,637800
2025-01-20 07:00:00,48.36,48.9,48.36,48.81,200400
2025-01-21 07:00:00,49.08,49.08,48.27,48.36,257900
2025-01-22 07:00:00,48.63,48.81,48.36,48.45,201200
2025-01-23 07:00:00,48.72,48.81,48.36,48.72,235100
2025-01-24 07:00:00,48.45,48.81,48.45,48.54,302900
2025-02-03 07:00:00,48.36,48.54,47.46,47.55,598200
2025-02-04 07:00:00,47.64,47.82,47.28,47.55,438000
2025-02-05 07:00:00,47.64,47.91,47.55,47.91,269800
2025-02-06 07:00:00,48.0,48.0,47.55,47.55,352600
2025-02-07 07:00:00,47.55,47.64,47.19,47.28,768400
2025-02-10 07:00:00,47.1,47.28,46.92,47.1,645100
2025-02-11 07:00:00,47.01,47.1,46.47,46.56,747000
2025-02-12 07:00:00,46.65,46.92,46.65,46.83,90500
2025-02-13 07:00:00,46.83,46.92,46.65,46.65,274800
2025-02-14 07:00:00,47.28,47.28,46.47,46.56,668700
2025-02-17 07:00:00,46.47,46.56,46.02,46.11,1115900
2025-02-18 07:00:00,46.11,46.47,46.02,46.2,489700
2025-02-19 07:00:00,46.2,46.38,46.11,46.29,871100
2025-02-20 07:00:00,46.47,46.56,46.29,46.38,580300
2025-02-21 07:00:00,46.56,47.1,46.38,46.74,751900
2025-02-24 07:00:00,46.74,47.28,46.74,47.28,713800
2025-02-25 07:00:00,48.27,48.27,47.01,47.28,484400
2025-02-26 07:00:00,47.37,47.37,46.92,47.1,647800
2025-02-27 07:00:00,47.1,47.19,46.74,47.1,457200
2025-02-28 07:00:00,46.92,47.19,46.47,46.47,928900
2025-03-03 07:00:00,46.92,46.92,46.47,46.65,580400
2025-03-04 07:00:00,46.65,47.01,46.47,46.92,736100
2025-03-05 07:00:00,46.92,47.01,46.56,46.74,480300
2025-03-06 07:00:00,46.74,46.83,46.29,46.38,1209600
2025-03-07 07:00:00,46.83,46.92,46.11,46.2,1424200
2025-03-10 07:00:00,46.47,46.65,46.02,46.38,1214300
2025-03-11 07:00:00,46.29,46.38,45.93,46.2,1571800
2025-03-12 07:00:00,46.02,46.47,46.02,46.11,1576300
2025-03-13 07:00:00,46.11,46.47,46.02,46.11,1125100
2025-03-14 07:00:00,46.29,47.28,46.2,46.56,1387600
2025-03-17 07:00:00,46.92,47.01,46.38,46.56,738900
2025-03-18 07:00:00,46.56,46.83,46.11,46.11,1619800
2025-03-19 07:00:00,46.29,46.29,45.84,45.84,2188100
2025-03-20 07:00:00,45.93,46.11,45.56,45.66,1384600
2025-03-21 07:00:00,45.84,45.84,45.38,45.38,1204900
2025-03-24 07:00:00,45.38,45.48,45.02,45.02,1549500
2025-03-25 07:00:00,45.2,45.29,44.71,44.71,1603600
2025-03-26 07:00:00,44.71,45.2,44.57,44.71,1262300
2025-03-27 07:00:00,44.71,44.84,44.62,44.71,988300
2025-03-28 07:00:00,44.75,44.84,44.39,44.48,1139000
2025-03-31 07:00:00,44.44,44.57,44.12,44.12,1125000
2025-04-01 07:00:00,44.26,44.75,44.08,44.53,955800
2025-04-02 07:00:00,44.57,44.62,44.3,44.48,630100
2025-04-03 07:00:00,43.58,43.58,41.37,41.37,3156200
2025-04-04 07:00:00,38.48,40.47,38.48,39.11,3848700
2025-04-08 07:00:00,39.11,40.2,38.26,38.44,3263800
2025-04-09 07:00:00,37.44,40.24,37.44,39.79,3152100
2025-04-10 07:00:00,42.54,42.54,42.5,42.54,598500
2025-04-11 07:00:00,43.31,44.75,42.54,44.21,4010000
2025-04-14 07:00:00,44.66,44.89,43.8,44.66,2473300
2025-04-15 07:00:00,44.26,44.3,43.13,43.94,2331300
2025-04-16 07:00:00,43.49,43.76,42.72,42.95,1343400
2025-04-17 07:00:00,42.68,42.86,42.36,42.41,1363100
2025-04-18 07:00:00,42.77,43.31,42.59,42.72,845000
2025-04-21 07:00:00,42.68,42.95,42.5,42.5,472500
2025-04-22 07:00:00,42.41,42.86,40.6,42.05,1204500
2025-04-23 07:00:00,43.13,43.85,42.77,43.85,1164100
2025-04-24 07:00:00,44.21,44.53,44.03,44.39,1696900
2025-04-25 07:00:00,44.39,44.66,44.12,44.66,1951100
2025-04-28 07:00:00,44.62,46.29,44.44,46.2,1966300
2025-04-29 07:00:00,45.84,45.84,43.4,43.4,4405000
2025-05-05 07:00:00,43.22,43.44,42.54,43.22,1250000
2025-05-06 07:00:00,43.72,43.72,43.08,43.17,789500
2025-05-07 07:00:00,43.35,43.67,43.31,43.35,767300
2025-05-08 07:00:00,43.4,43.99,43.4,43.8,858200
2025-05-09 07:00:00,44.84,44.84,44.08,44.21,939400
2025-05-12 07:00:00,44.39,44.66,44.21,44.62,1225700
2025-05-13 07:00:00,44.75,44.75,44.39,44.44,1005900
2025-05-14 07:00:00,44.3,44.8,44.3,44.66,1128000
2025-05-15 07:00:00,44.66,45.66,44.66,45.38,1279400
2025-05-16 07:00:00,45.38,45.74,45.29,45.56,699300
2025-05-19 07:00:00,45.29,45.29,44.75,44.84,753400
2025-05-20 07:00:00,44.66,45.02,44.62,44.93,583600
2025-05-21 07:00:00,44.93,45.07,44.66,44.75,576400
2025-05-22 07:00:00,44.75,44.84,44.57,44.8,793900
2025-05-23 07:00:00,44.8,44.84,44.48,44.62,396500
2025-05-26 07:00:00,45.02,45.02,43.94,44.62,715800
2025-05-27 07:00:00,44.89,44.89,44.57,44.62,590800
2025-05-28 07:00:00,44.75,44.84,44.44,44.62,597900
2025-05-29 07:00:00,44.66,44.93,44.44,44.44,773000
2025-05-30 07:00:00,44.44,44.48,43.94,43.99,1703200
2025-06-02 07:00:00,43.99,44.53,43.8,44.35,569400
2025-06-03 07:00:00,44.39,44.71,44.39,44.66,604500
2025-06-04 07:00:00,44.75,45.74,44.71,45.2,1483800
2025-06-05 07:00:00,45.11,45.29,44.66,44.66,994000
2025-06-06 07:00:00,44.66,44.89,44.26,44.26,754000
2025-06-09 07:00:00,44.26,44.57,44.08,44.08,923500
2025-06-10 07:00:00,44.44,44.44,44.03,44.08,844500
2025-06-11 07:00:00,44.12,44.3,44.08,44.21,347400
2025-06-12 07:00:00,44.3,44.75,44.3,44.62,631300
2025-06-13 07:00:00,44.57,44.57,44.12,44.3,961900
2025-06-16 07:00:00,44.21,44.84,44.21,44.71,976600
2025-06-17 07:00:00,44.75,45.84,44.71,45.07,1505900
2025-06-18 07:00:00,45.07,45.2,44.66,44.66,1297100
2025-06-19 07:00:00,44.84,44.98,44.39,44.62,1024900
2025-06-20 07:00:00,44.66,44.75,44.48,44.66,716600
2025-06-23 07:00:00,44.39,44.62,44.3,44.44,1049600
2025-06-24 07:00:00,44.66,44.8,44.53,44.8,710200
2025-06-25 07:00:00,44.53,45.56,44.53,45.38,1762000
2025-06-26 07:00:00,45.74,45.84,45.38,45.56,1283600
2025-06-27 07:00:00,45.66,45.93,45.38,45.66,3001500
2025-06-30 07:00:00,45.66,45.8,44.98,45.08,1923100
2025-07-01 07:00:00,45.08,45.08,44.6,44.65,904400
2025-07-02 07:00:00,44.6,44.6,44.22,44.5,1099500
2025-07-03 07:00:00,44.5,44.7,44.36,44.36,1535400
2025-07-04 07:00:00,44.7,44.7,44.41,44.5,848400
2025-07-07 07:00:00,44.6,44.74,44.41,44.5,1320400
2025-07-08 07:00:00,44.55,44.94,44.55,44.94,1639400
2025-07-09 07:00:00,45.08,45.8,44.98,45.7,2602200
2025-07-10 07:00:00,45.75,46.38,45.75,46.14,2150900
2025-07-11 07:00:00,46.14,46.28,45.56,46.18,2444000
2025-07-14 07:00:00,46.18,46.38,45.7,46.04,1272000
2025-07-15 07:00:00,46.04,46.9,45.99,46.09,2151700
2025-07-16 07:00:00,46.09,46.18,45.7,46.04,1366400
2025-07-17 07:00:00,46.09,46.71,45.9,46.42,2042400
2025-07-18 07:00:00,46.57,46.57,46.04,46.23,1338400
2025-07-21 07:00:00,46.09,46.38,45.75,45.75,1645300
2025-07-22 07:00:00,45.8,45.94,45.56,45.85,797900
2025-07-23 07:00:00,45.9,46.9,45.56,46.61,2660200
2025-07-24 07:00:00,46.95,47.96,46.71,47.0,2245700
2025-07-25 07:00:00,47.0,47.09,46.85,47.09,1335000
2025-07-28 07:00:00,47.33,47.48,46.9,47.29,2668300
2025-07-29 07:00:00,47.29,47.48,45.42,45.42,2638000
2025-07-30 07:00:00,45.46,45.85,45.42,45.66,2020500
2025-07-31 07:00:00,45.75,46.42,45.56,45.7,1914100
2025-08-01 07:00:00,45.75,46.09,45.75,45.99,1031600
2025-08-04 07:00:00,46.04,46.14,45.7,46.14,804800
2025-08-05 07:00:00,46.14,46.23,45.46,45.56,2101200
2025-08-06 07:00:00,45.66,46.18,45.42,45.85,980700
2025-08-07 07:00:00,46.04,46.04,45.61,45.75,860100
2025-08-08 07:00:00,45.75,46.18,45.66,45.9,930800
2025-08-11 07:00:00,46.04,46.57,46.04,46.23,1467500
2025-08-12 07:00:00,46.42,46.57,46.23,46.33,1258100
2025-08-13 07:00:00,46.47,46.47,45.9,45.99,1126700
2025-08-14 07:00:00,46.14,46.14,45.8,45.94,1143800
2025-08-15 07:00:00,45.99,45.99,45.46,45.56,1553000
2025-08-18 07:00:00,45.61,45.8,45.22,45.22,962200
2025-08-19 07:00:00,45.32,45.42,45.13,45.22,1046500
2025-08-20 07:00:00,45.22,45.22,44.65,44.84,1212700
2025-08-21 07:00:00,44.65,44.98,44.41,44.7,1406200
2025-08-22 07:00:00,44.6,44.7,43.83,43.93,1847600
2025-08-25 07:00:00,43.93,44.12,43.64,43.74,990900
2025-08-26 07:00:00,43.74,44.02,43.59,44.02,696900
2025-08-27 07:00:00,44.22,44.41,43.98,44.12,1209900
2025-08-28 07:00:00,44.12,44.74,44.12,44.65,545500
2025-08-29 07:00:00,44.89,44.98,44.65,44.65,788100
2025-09-03 07:00:00,44.7,44.7,44.36,44.46,558900
2025-09-04 07:00:00,44.6,45.27,44.46,45.18,1013000
2025-09-05 07:00:00,45.32,45.56,45.18,45.37,1242400
2025-09-08 07:00:00,45.56,45.61,44.84,44.89,869100
2025-09-09 07:00:00,44.84,44.89,44.31,44.41,858200
2025-09-10 07:00:00,44.6,44.7,44.26,44.36,506700
2025-09-11 07:00:00,44.5,44.6,43.83,44.5,705600
2025-09-12 07:00:00,44.41,45.46,44.41,44.74,1050800
2025-09-15 07:00:00,45.03,45.08,44.74,44.79,507500
2025-09-16 07:00:00,45.03,46.18,44.7,45.85,2744100
2025-09-17 07:00:00,45.85,46.18,45.37,45.37,983000
2025-09-18 07:00:00,45.51,45.61,44.79,44.89,1010400
2025-09-19 07:00:00,45.03,45.03,44.12,44.12,1385500
2025-09-22 07:00:00,44.22,44.55,43.64,43.83,1354200
2025-09-23 07:00:00,43.93,44.22,43.78,43.93,447500
2025-09-24 07:00:00,44.02,44.22,43.64,44.22,503600
2025-09-25 07:00:00,44.26,44.36,43.88,43.98,468600
2025-09-26 07:00:00,44.17,44.17,43.78,43.78,480800
2025-09-29 07:00:00,43.83,43.83,43.5,43.64,571100
2025-09-30 07:00:00,43.64,43.74,43.3,43.35,553000
2025-10-01 07:00:00,43.45,43.69,43.35,43.45,324100
2025-10-02 07:00:00,43.54,43.88,43.54,43.54,696400
2025-10-03 07:00:00,43.59,43.93,43.54,43.69,425600
2025-10-06 07:00:00,44.17,44.31,43.83,44.26,894200
2025-10-07 07:00:00,44.55,44.55,44.02,44.12,690800
2025-10-08 07:00:00,44.41,44.5,44.07,44.07,517900
2025-10-09 07:00:00,44.12,44.17,43.69,43.74,557300
2025-10-10 07:00:00,43.74,44.07,43.69,43.98,481500
2025-10-13 07:00:00,43.64,44.07,43.5,44.07,521600
2025-10-14 07:00:00,43.93,44.07,43.54,43.54,579100
2025-10-15 07:00:00,43.59,43.83,43.4,43.4,544100
2025-10-16 07:00:00,43.45,43.74,43.26,43.35,467500
2025-10-17 07:00:00,43.35,43.64,43.06,43.4,825800
2025-10-20 07:00:00,43.21,43.4,42.2,42.2,961100
2025-10-21 07:00:00,42.35,42.68,42.2,42.63,806800
2025-10-22 07:00:00,42.63,42.97,42.44,42.97,390300
2025-10-23 07:00:00,42.97,43.78,42.73,43.59,730200
2025-10-24 07:00:00,43.64,43.64,43.16,43.3,354200
2025-10-27 07:00:00,43.64,43.88,43.35,43.59,691600
2025-10-28 07:00:00,43.59,43.78,43.5,43.59,405600
2025-10-29 07:00:00,43.93,44.12,43.59,43.88,762700
2025-10-30 07:00:00,44.02,44.02,43.54,43.83,623700
2025-10-31 07:00:00,43.98,44.02,43.74,43.98,575000
2025-11-03 07:00:00,43.93,44.74,43.88,44.41,858900
2025-11-04 07:00:00,44.55,44.55,43.64,44.36,851500
2025-11-05 07:00:00,44.41,44.46,44.07,44.31,566500
2025-11-06 07:00:00,44.12,44.41,44.02,44.26,543600
2025-11-07 07:00:00,44.02,44.5,44.02,44.22,560000
2025-11-10 07:00:00,44.31,44.46,44.12,44.12,515600
2025-11-11 07:00:00,44.07,45.32,44.02,44.89,1271900
2025-11-12 07:00:00,44.89,45.18,44.7,45.03,753600
2025-11-13 07:00:00,45.18,45.61,44.94,45.46,1122200
2025-11-14 07:00:00,45.46,45.61,45.13,45.18,842800
2025-11-17 07:00:00,45.18,45.66,45.18,45.32,1032700
2025-11-18 07:00:00,45.37,45.56,44.89,45.27,623200
2025-11-19 07:00:00,45.27,45.27,44.98,45.08,665000
2025-11-20 07:00:00,45.46,45.56,45.03,45.13,776700
2025-11-21 07:00:00,45.03,45.03,44.6,44.79,542300
2025-11-24 07:00:00,44.79,45.08,44.26,44.26,863800
2025-11-25 07:00:00,44.31,44.89,44.22,44.41,435300
2025-11-26 07:00:00,44.5,44.89,44.5,44.6,374600
2025-11-27 07:00:00,44.84,44.84,44.46,44.5,301100
2025-11-28 07:00:00,44.5,44.74,44.41,44.5,381200
2025-12-01 07:00:00,44.65,47.57,44.65,47.0,4104800
2025-12-02 07:00:00,47.0,50.26,46.85,50.26,5646800
2025-12-03 07:00:00,51.79,52.18,49.78,49.78,3231900
2025-12-04 07:00:00,49.4,50.07,48.44,48.82,2805000
2025-12-05 07:00:00,48.82,49.2,47.76,47.76,2542700
2025-12-08 07:00:00,47.76,51.03,47.67,51.03,5248000
2025-12-09 07:00:00,52.27,53.04,51.12,51.12,4328800
2025-12-10 07:00:00,51.12,51.22,49.3,49.4,2433700
2025-12-11 07:00:00,49.59,50.84,49.4,50.16,1643600
2025-12-12 07:00:00,49.88,50.45,47.91,47.96,2534500
2025-12-15 07:00:00,48.24,49.4,47.96,48.44,1509700
2025-12-16 07:00:00,48.92,49.88,46.14,49.59,2083100
2025-12-17 07:00:00,49.68,49.68,48.05,48.05,1555300
2025-12-18 07:00:00,48.53,48.63,47.76,48.15,1042600
2025-12-19 07:00:00,48.15,48.15,47.57,47.67,1138800
2025-12-22 07:00:00,47.67,48.24,47.43,47.57,995900
2025-12-23 07:00:00,47.67,47.86,46.9,47.48,1429100
2025-12-24 07:00:00,47.48,47.57,46.81,46.81,997100
2025-12-25 07:00:00,46.81,47.48,46.23,46.23,1145900
2025-12-26 07:00:00,46.14,47.19,46.14,46.76,1433800
2025-12-29 07:00:00,46.81,47.24,46.61,46.81,882900
2025-12-30 07:00:00,46.9,47.86,46.42,47.57,1279000
2025-12-31 07:00:00,47.57,47.57,47.0,47.0,579700
2026-01-05 07:00:00,47.14,47.19,46.09,46.14,1623700
2026-01-06 07:00:00,46.23,46.23,45.22,45.61,1942000
2026-01-07 07:00:00,45.66,46.85,45.66,46.52,2000300
2026-01-08 07:00:00,46.52,47.38,46.33,46.33,1599300
2026-01-09 07:00:00,46.9,47.86,46.61,46.95,2041500
2026-01-12 07:00:00,47.2,47.45,46.15,47.0,1678300
2026-01-13 07:00:00,47.05,50.2,47.05,50.2,3322400
2026-01-14 07:00:00,51.3,53.7,51.3,53.7,4550700
2026-01-15 07:00:00,55.0,57.1,52.7,52.7,6078400
2026-01-16 07:00:00,52.7,53.8,51.8,52.5,2852800
2026-01-19 07:00:00,52.5,52.7,50.2,51.1,2768200
2026-01-20 07:00:00,52.0,54.3,51.5,52.3,3633500
2026-01-21 07:00:00,52.0,52.0,50.2,50.6,2222400
2026-01-22 07:00:00,51.0,52.0,50.5,50.6,1396700
2026-01-23 07:00:00,50.7,51.3,48.9,49.3,2328200
2026-01-26 07:00:00,49.3,50.0,48.3,48.5,1694200
2026-01-27 07:00:00,48.95,49.55,48.25,49.55,1290400
2026-01-28 07:00:00,49.9,50.3,48.75,48.95,1151800
2026-01-29 07:00:00,49.1,50.6,49.0,50.3,1623900
2026-01-30 07:00:00,51.0,51.4,49.9,49.9,1724800
2026-02-02 07:00:00,49.9,50.9,49.2,49.9,1193500
2026-02-03 07:00:00,50.9,52.4,50.3,52.1,2564900
2026-02-04 07:00:00,52.4,53.3,51.6,51.7,1558600
2026-02-05 07:00:00,52.2,52.2,50.0,50.1,1682000
2026-02-06 07:00:00,49.5,49.8,48.7,48.75,1886100
2026-02-09 07:00:00,48.9,49.45,48.9,49.45,519800
2026-02-10 07:00:00,49.45,49.65,47.75,48.35,1278300
2026-02-11 07:00:00,48.4,48.8,48.05,48.7,675500
2026-02-12 07:00:00,48.7,49.2,48.5,48.8,508400
2026-02-13 07:00:00,49.0,49.0,48.4,48.5,758900
2026-02-23 07:00:00,48.6,49.15,48.6,48.85,747400
2026-02-24 07:00:00,48.85,49.25,48.65,48.8,812400
2026-02-25 07:00:00,48.8,49.9,48.8,49.2,1341700
2026-02-26 07:00:00,49.5,49.55,48.8,49.1,1107900
2026-02-27 07:00:00,49.1,49.2,48.35,48.4,1197000
2026-03-02 07:00:00,47.05,47.85,47.0,47.2,1618800
2026-03-03 07:00:00,47.0,47.45,45.3,46.0,2424900
2026-03-04 07:00:00,46.05,46.5,45.2,46.0,1327100
2026-03-05 07:00:00,46.15,46.45,45.65,45.65,768200
2026-03-06 07:00:00,45.65,46.2,45.55,45.6,804600
2026-03-09 07:00:00,43.75,44.0,42.45,42.45,3538000
2026-03-10 07:00:00,43.6,44.75,43.1,44.75,1473200
2026-03-11 07:00:00,44.6,45.0,44.05,44.8,966300
2026-03-12 07:00:00,44.65,44.65,43.7,43.75,824200
2026-03-13 07:00:00,43.75,44.65,43.65,44.4,599500
2026-03-16 07:00:00,44.2,44.65,44.1,44.5,465900
2026-03-17 07:00:00,44.5,45.2,44.35,44.35,700800
2026-03-18 07:00:00,44.5,44.85,43.9,44.45,577100
2026-03-19 07:00:00,44.35,44.45,43.6,44.35,840600
2026-03-20 07:00:00,44.35,44.35,42.6,42.6,1019800
2026-03-23 07:00:00,42.5,43.2,42.2,42.9,789200
2026-03-24 07:00:00,43.45,45.1,43.25,45.1,779500
2026-03-25 07:00:00,44.8,45.15,44.4,44.75,817400
2026-03-26 07:00:00,44.65,44.65,43.6,43.75,472100
2026-03-27 07:00:00,44.0,44.35,43.75,44.15,346700
2026-03-30 07:00:00,43.9,44.55,42.05,44.15,668100
2026-03-31 07:00:00,44.25,44.65,44.15,44.3,413500
2026-04-01 07:00:00,44.75,44.8,44.35,44.5,469200
2026-04-02 07:00:00,44.7,44.7,44.1,44.2,401600
2026-04-03 07:00:00,44.6,44.75,44.1,44.1,543600
2026-04-06 07:00:00,44.2,44.75,44.05,44.4,640800
2026-04-07 07:00:00,44.45,44.6,43.9,44.05,408500
2026-04-08 07:00:00,44.95,45.55,44.5,45.4,901300
2026-04-09 07:00:00,45.0,45.45,44.85,45.1,510700
2026-04-10 07:00:00,45.15,45.95,45.15,45.8,627600
2026-04-13 07:00:00,45.5,46.0,45.25,45.45,427500
2026-04-14 07:00:00,45.75,45.95,45.05,45.15,554900
2026-04-15 07:00:00,45.65,46.35,45.15,46.15,805700
2026-04-16 07:00:00,46.2,46.2,45.3,45.75,349400
2026-04-17 07:00:00,46.0,46.45,45.3,45.5,676000
2026-04-20 07:00:00,45.5,45.9,45.35,45.5,249100
2026-04-21 07:00:00,45.7,45.7,45.15,45.15,486700
2026-04-22 07:00:00,45.2,45.3,44.8,45.05,621600
2026-04-23 07:00:00,45.05,48.2,44.85,48.2,3372800
2026-04-24 07:00:00,48.1,48.1,46.65,47.0,825900
2026-04-28 07:00:00,47.25,49.4,47.1,48.5,1524700
2026-04-29 07:00:00,48.0,48.5,47.5,47.5,590700
