time,open,high,low,close,volume
2016-11-10 07:00:00,15.07,15.15,15.05,15.07,792150
2016-11-11 07:00:00,15.11,15.23,14.92,15.0,898610
2016-11-14 07:00:00,15.0,15.0,14.8,14.82,745100
2016-11-15 07:00:00,14.8,15.0,14.8,14.82,278870
2016-11-16 07:00:00,14.82,14.86,14.74,14.82,455210
2016-11-17 07:00:00,14.82,14.82,14.63,14.76,737730
2016-11-18 07:00:00,14.69,14.76,14.67,14.71,628230
2016-11-21 07:00:00,14.71,14.82,14.69,14.78,592840
2016-11-22 07:00:00,14.78,14.9,14.76,14.9,623270
2016-11-23 07:00:00,14.9,15.09,14.9,15.03,938330
2016-11-24 07:00:00,14.94,15.05,14.86,14.9,632950
2016-11-25 07:00:00,14.9,14.94,14.78,14.82,689900
2016-11-28 07:00:00,14.78,14.78,14.63,14.69,1062520
2016-11-29 07:00:00,14.61,14.69,14.4,14.49,1322100
2016-11-30 07:00:00,14.36,14.57,14.24,14.57,2063550
2016-12-01 07:00:00,14.69,14.69,14.57,14.59,866550
2016-12-02 07:00:00,14.57,14.63,14.53,14.61,751530
2016-12-05 07:00:00,14.53,14.55,14.45,14.45,548780
2016-12-06 07:00:00,14.47,14.47,14.07,14.14,1338320
2016-12-07 07:00:00,14.14,14.24,14.14,14.24,779510
2016-12-08 07:00:00,14.28,14.67,14.16,14.49,677500
2016-12-09 07:00:00,14.4,14.55,14.4,14.51,566840
2016-12-12 07:00:00,14.32,14.49,14.32,14.45,557230
2016-12-13 07:00:00,14.45,14.45,14.18,14.24,775830
2016-12-14 07:00:00,14.18,14.42,14.18,14.4,500040
2016-12-15 07:00:00,14.4,14.61,14.28,14.49,540870
2016-12-16 07:00:00,14.49,14.53,14.36,14.53,1269760
2016-12-19 07:00:00,14.53,14.61,14.49,14.55,847210
2016-12-20 07:00:00,14.61,14.61,14.42,14.47,449350
2016-12-21 07:00:00,14.45,14.57,14.36,14.47,314930
2016-12-22 07:00:00,14.53,14.53,14.42,14.45,422940
2016-12-23 07:00:00,14.47,14.74,14.42,14.74,985440
2016-12-26 07:00:00,14.76,14.98,14.74,14.94,1005930
2016-12-27 07:00:00,14.98,15.07,14.9,14.9,821630
2016-12-28 07:00:00,14.94,14.94,14.74,14.74,647070
2016-12-29 07:00:00,14.86,14.86,14.65,14.67,482410
2016-12-30 07:00:00,14.67,14.78,14.65,14.67,565850
2017-01-03 07:00:00,14.74,15.52,14.74,15.42,2018750
2017-01-04 07:00:00,15.52,15.56,15.23,15.31,1339740
2017-01-05 07:00:00,15.27,15.44,15.25,15.38,855250
2017-01-06 07:00:00,15.4,15.89,15.36,15.69,2495910
2017-01-09 07:00:00,15.81,16.12,15.77,16.02,2379510
2017-01-10 07:00:00,15.89,16.0,15.87,15.89,1234210
2017-01-11 07:00:00,15.89,16.04,15.83,15.91,1498220
2017-01-12 07:00:00,15.89,15.94,15.65,15.69,1863070
2017-01-13 07:00:00,15.56,15.85,15.5,15.5,1164660
2017-01-16 07:00:00,15.52,15.65,15.34,15.46,641920
2017-01-17 07:00:00,15.52,16.2,15.52,16.12,2340000
2017-01-18 07:00:00,16.04,16.2,15.85,15.85,1143460
2017-01-19 07:00:00,15.89,15.94,15.73,15.73,521040
2017-01-20 07:00:00,15.81,15.94,15.73,15.73,908930
2017-01-23 07:00:00,15.87,15.87,15.71,15.77,717890
2017-01-24 07:00:00,15.75,15.98,15.73,15.98,899030
2017-01-25 07:00:00,16.1,16.27,15.89,16.27,1352580
2017-02-02 07:00:00,16.39,16.39,16.1,16.33,1368580
2017-02-03 07:00:00,16.35,16.35,16.02,16.02,1546040
2017-02-06 07:00:00,16.02,16.1,15.89,16.02,1288900
2017-02-07 07:00:00,16.06,16.25,16.04,16.25,1527190
2017-02-08 07:00:00,16.31,16.47,16.18,16.45,1792740
2017-02-09 07:00:00,16.49,16.52,16.35,16.43,1203520
2017-02-10 07:00:00,16.41,16.41,16.27,16.27,1754030
2017-02-13 07:00:00,16.27,16.27,16.02,16.08,1490330
2017-02-14 07:00:00,16.08,16.18,15.94,16.02,1325510
2017-02-15 07:00:00,16.08,16.27,15.98,16.14,1419820
2017-02-16 07:00:00,16.23,16.37,15.94,15.98,1359740
2017-02-17 07:00:00,16.02,16.04,15.85,15.85,1220700
2017-02-20 07:00:00,15.94,15.94,15.69,15.71,1322360
2017-02-21 07:00:00,15.73,15.91,15.71,15.89,1076370
2017-02-22 07:00:00,15.94,15.94,15.65,15.69,802090
2017-02-23 07:00:00,15.69,15.81,15.54,15.56,1453770
2017-02-24 07:00:00,15.65,15.67,15.44,15.5,785650
2017-02-27 07:00:00,15.4,15.87,15.4,15.81,902460
2017-02-28 07:00:00,15.81,15.81,15.48,15.48,703780
2017-03-01 07:00:00,15.48,15.56,15.4,15.4,753500
2017-03-02 07:00:00,15.56,15.6,15.27,15.27,1147120
2017-03-03 07:00:00,15.4,15.56,15.27,15.52,516470
2017-03-06 07:00:00,15.73,15.73,15.44,15.44,510190
2017-03-07 07:00:00,15.52,15.52,15.36,15.52,561990
2017-03-08 07:00:00,15.44,15.81,15.44,15.6,892080
2017-03-09 07:00:00,15.71,15.89,15.65,15.65,1001970
2017-03-10 07:00:00,15.69,15.81,15.46,15.52,596520
2017-03-13 07:00:00,15.36,15.48,15.34,15.34,885720
2017-03-14 07:00:00,15.34,15.48,15.34,15.34,502570
2017-03-15 07:00:00,15.42,15.42,15.29,15.29,561660
2017-03-16 07:00:00,15.31,15.42,15.29,15.36,574840
2017-03-17 07:00:00,15.36,15.54,15.29,15.31,3101080
2017-03-20 07:00:00,15.48,15.69,15.48,15.54,1083060
2017-03-21 07:00:00,15.65,15.73,15.56,15.73,975510
2017-03-22 07:00:00,15.73,15.87,15.56,15.6,1941850
2017-03-23 07:00:00,15.6,15.94,15.56,15.83,1640470
2017-03-24 07:00:00,15.94,15.96,15.63,15.73,1411600
2017-03-27 07:00:00,15.73,15.89,15.63,15.65,1677100
2017-03-28 07:00:00,15.65,15.75,15.46,15.48,1950220
2017-03-29 07:00:00,15.44,15.52,15.38,15.44,1380040
2017-03-30 07:00:00,15.44,15.56,15.4,15.4,1000760
2017-03-31 07:00:00,15.4,15.48,15.27,15.27,1648790
2017-04-03 07:00:00,15.27,15.34,15.03,15.07,2231080
2017-04-04 07:00:00,15.11,15.36,15.09,15.23,1012810
2017-04-05 07:00:00,15.23,15.44,15.23,15.25,620740
2017-04-07 07:00:00,15.15,15.27,15.15,15.23,746360
2017-04-10 07:00:00,15.27,15.36,15.19,15.19,701010
2017-04-11 07:00:00,15.19,15.31,15.19,15.27,494890
2017-04-12 07:00:00,15.31,15.31,15.17,15.23,925540
2017-04-13 07:00:00,15.17,15.38,15.17,15.21,771230
2017-04-14 07:00:00,15.19,15.21,14.9,15.05,1028920
2017-04-17 07:00:00,15.05,15.09,14.69,14.69,1031640
2017-04-18 07:00:00,14.69,14.84,14.65,14.84,534340
2017-04-19 07:00:00,14.82,14.94,14.78,14.86,571690
2017-04-20 07:00:00,14.86,14.86,14.65,14.65,1002210
2017-04-21 07:00:00,14.65,14.86,14.65,14.69,517030
2017-04-24 07:00:00,14.69,14.8,14.53,14.53,450210
2017-04-25 07:00:00,14.53,14.61,14.47,14.53,656130
2017-04-26 07:00:00,14.53,14.57,14.49,14.51,709260
2017-04-27 07:00:00,14.57,14.61,14.36,14.42,2240170
2017-04-28 07:00:00,14.4,14.59,14.38,14.53,1522920
2017-05-03 07:00:00,14.53,14.9,14.51,14.69,899880
2017-05-04 07:00:00,14.69,15.15,14.65,15.03,2186490
2017-05-05 07:00:00,15.03,15.03,14.86,14.94,783900
2017-05-08 07:00:00,14.94,15.03,14.78,14.8,863080
2017-05-09 07:00:00,14.8,15.15,14.76,15.09,1633890
2017-05-10 07:00:00,15.09,15.31,15.09,15.21,1447800
2017-05-11 07:00:00,15.23,15.31,15.21,15.23,1216160
2017-05-12 07:00:00,15.21,15.23,15.05,15.09,898130
2017-05-15 07:00:00,15.07,15.11,14.96,15.03,1127830
2017-05-16 07:00:00,14.94,15.07,14.9,14.92,1005430
2017-05-17 07:00:00,14.9,15.05,14.9,14.98,1250660
2017-05-18 07:00:00,14.94,15.13,14.94,15.05,1050880
2017-05-19 07:00:00,15.07,15.21,15.03,15.21,1089810
2017-05-22 07:00:00,15.36,15.81,15.21,15.52,3432310
2017-05-23 07:00:00,15.52,15.6,15.4,15.4,1332510
2017-05-24 07:00:00,15.38,15.75,15.34,15.63,1579160
2017-05-25 07:00:00,15.65,15.67,15.36,15.36,1692550
2017-05-26 07:00:00,15.34,15.42,15.19,15.19,1241870
2017-05-29 07:00:00,15.36,15.48,15.07,15.07,1697170
2017-05-30 07:00:00,15.19,15.19,14.98,15.03,1368210
2017-05-31 07:00:00,15.19,15.19,14.82,14.98,1478930
2017-06-01 07:00:00,15.07,15.17,14.98,15.03,972860
2017-06-02 07:00:00,15.03,15.11,14.94,15.03,1088530
2017-06-05 07:00:00,15.07,15.44,15.05,15.4,1909000
2017-06-06 07:00:00,15.44,16.0,15.4,16.0,4750190
2017-06-07 07:00:00,16.02,16.08,15.81,15.85,2419330
2017-06-08 07:00:00,15.81,15.85,15.65,15.69,1634700
2017-06-09 07:00:00,15.77,15.98,15.69,15.89,1972850
2017-06-12 07:00:00,15.89,15.91,15.71,15.87,971550
2017-06-13 07:00:00,15.75,16.0,15.73,15.96,986280
2017-06-14 07:00:00,15.96,16.31,15.96,16.23,2818810
2017-06-15 07:00:00,16.23,16.39,16.16,16.35,2996650
2017-06-16 07:00:00,16.49,16.49,16.25,16.35,2708280
2017-06-19 07:00:00,16.49,16.56,16.31,16.43,1526720
2017-06-20 07:00:00,16.47,16.47,16.27,16.35,2278990
2017-06-21 07:00:00,16.27,16.29,15.73,16.0,2270290
2017-06-22 07:00:00,16.02,16.04,15.77,15.77,1355410
2017-06-23 07:00:00,15.75,15.81,15.63,15.77,1880570
2017-06-26 07:00:00,15.85,15.98,15.79,15.94,1214450
2017-06-27 07:00:00,16.06,16.08,15.83,15.83,1026510
2017-06-28 07:00:00,15.83,15.85,15.67,15.75,1400580
2017-06-29 07:00:00,15.85,15.87,15.69,15.81,841580
2017-06-30 07:00:00,15.85,15.98,15.77,15.94,854400
2017-07-03 07:00:00,15.91,16.2,15.89,16.1,1812960
2017-07-04 07:00:00,16.1,16.14,15.94,16.02,819980
2017-07-05 07:00:00,16.06,16.14,15.91,16.08,799160
2017-07-06 07:00:00,16.08,16.35,16.06,16.29,2378800
2017-07-07 07:00:00,16.35,16.41,16.02,16.02,1164990
2017-07-10 07:00:00,16.1,16.18,15.73,15.77,1364350
2017-07-11 07:00:00,15.73,15.85,15.56,15.85,1103920
2017-07-12 07:00:00,15.89,15.94,15.67,15.73,1299690
2017-07-13 07:00:00,15.94,15.94,15.73,15.81,467540
2017-07-14 07:00:00,15.81,15.87,15.75,15.83,386280
2017-07-17 07:00:00,15.83,15.87,15.6,15.6,703340
2017-07-18 07:00:00,15.56,15.73,15.54,15.63,1396110
2017-07-19 07:00:00,15.65,15.71,15.52,15.56,1170570
2017-07-20 07:00:00,15.52,15.56,15.36,15.5,1086130
2017-07-21 07:00:00,15.56,15.6,15.31,15.31,1058900
2017-07-24 07:00:00,15.31,15.44,15.17,15.44,914230
2017-07-25 07:00:00,15.4,15.46,15.27,15.44,483370
2017-07-26 07:00:00,15.5,15.56,15.4,15.48,1240450
2017-07-27 07:00:00,15.48,15.54,15.46,15.46,661800
2017-07-28 07:00:00,15.46,15.65,15.44,15.52,1246630
2017-07-31 07:00:00,15.56,15.69,15.52,15.63,1097910
2017-08-01 07:00:00,15.73,16.02,15.73,15.89,1710380
2017-08-02 07:00:00,15.77,15.89,15.65,15.77,943280
2017-08-03 07:00:00,15.85,15.89,15.77,15.85,677010
2017-08-04 07:00:00,15.85,15.89,15.69,15.75,755620
2017-08-07 07:00:00,15.77,15.83,15.73,15.75,748690
2017-08-08 07:00:00,15.75,16.12,15.75,15.89,1643470
2017-08-09 07:00:00,15.89,15.96,15.52,15.65,1227850
2017-08-10 07:00:00,15.54,15.69,15.5,15.6,1133390
2017-08-11 07:00:00,15.5,15.54,15.44,15.5,580140
2017-08-14 07:00:00,15.5,15.65,15.5,15.58,363540
2017-08-15 07:00:00,15.56,15.6,15.44,15.44,466800
2017-08-16 07:00:00,15.44,15.54,15.42,15.52,388380
2017-08-17 07:00:00,15.52,15.54,15.38,15.44,521370
2017-08-18 07:00:00,15.44,15.65,15.38,15.52,720950
2017-08-21 07:00:00,15.52,15.56,15.44,15.48,257280
2017-08-22 07:00:00,15.52,15.52,15.27,15.27,547530
2017-08-23 07:00:00,15.31,15.36,15.19,15.31,551970
2017-08-24 07:00:00,15.38,15.5,15.27,15.34,326460
2017-08-25 07:00:00,15.34,15.48,15.34,15.38,222240
2017-08-28 07:00:00,15.38,15.5,15.36,15.5,664630
2017-08-29 07:00:00,15.5,15.52,15.31,15.31,691290
2017-08-30 07:00:00,15.31,15.44,15.27,15.31,697600
2017-08-31 07:00:00,15.27,15.5,15.25,15.36,697650
2017-09-01 07:00:00,15.48,15.52,15.36,15.5,655740
2017-09-05 07:00:00,15.48,15.85,15.38,15.79,1658120
2017-09-06 07:00:00,15.73,15.79,15.63,15.73,589690
2017-09-07 07:00:00,15.73,15.73,15.6,15.6,558020
2017-09-08 07:00:00,15.73,15.77,15.58,15.6,753240
2017-09-11 07:00:00,15.65,16.1,15.6,15.6,1858420
2017-09-12 07:00:00,15.6,15.77,15.58,15.75,1335940
2017-09-13 07:00:00,15.89,15.89,15.69,15.75,774520
2017-09-14 07:00:00,15.81,15.94,15.69,15.85,2432090
2017-09-15 07:00:00,15.85,15.89,15.69,15.73,2799180
2017-09-18 07:00:00,15.73,15.81,15.56,15.56,2916990
2017-09-19 07:00:00,15.5,15.65,15.44,15.48,2466890
2017-09-20 07:00:00,15.5,15.81,15.5,15.65,2168280
2017-09-21 07:00:00,15.69,15.79,15.63,15.67,1215880
2017-09-22 07:00:00,15.67,15.69,15.56,15.58,1052820
2017-09-25 07:00:00,15.58,15.63,15.5,15.52,1065690
2017-09-26 07:00:00,15.52,15.6,15.44,15.58,871840
2017-09-27 07:00:00,15.69,15.73,15.54,15.6,1377060
2017-09-28 07:00:00,15.73,15.84,15.69,15.75,1573710
2017-09-29 07:00:00,15.75,15.96,15.73,15.9,2122200
2017-10-02 07:00:00,15.99,16.11,15.84,15.92,1205110
2017-10-03 07:00:00,15.99,16.03,15.86,15.9,1417210
2017-10-04 07:00:00,15.86,16.49,15.86,16.41,4836990
2017-10-05 07:00:00,16.58,16.92,16.37,16.37,5672370
2017-10-06 07:00:00,16.37,16.56,16.34,16.51,2322970
2017-10-09 07:00:00,16.64,16.77,16.56,16.66,2500440
2017-10-10 07:00:00,16.66,16.87,16.58,16.77,2583380
2017-10-11 07:00:00,16.83,16.87,16.51,16.64,2835470
2017-10-12 07:00:00,16.64,16.68,16.51,16.51,1767480
2017-10-13 07:00:00,16.49,16.66,16.49,16.64,1784200
2017-10-16 07:00:00,16.68,16.7,16.47,16.51,1542490
2017-10-17 07:00:00,16.51,17.34,16.49,17.34,3062770
2017-10-18 07:00:00,17.3,17.51,17.15,17.21,3053330
2017-10-19 07:00:00,17.21,17.3,17.04,17.13,1482080
2017-10-20 07:00:00,17.15,17.47,17.11,17.25,2072400
2017-10-23 07:00:00,17.27,17.49,16.83,16.87,3568930
2017-10-24 07:00:00,16.85,17.04,16.7,16.92,1212060
2017-10-25 07:00:00,16.92,17.25,16.92,17.23,1385130
2017-10-26 07:00:00,17.23,17.44,17.0,17.17,1922030
2017-10-27 07:00:00,17.17,17.76,17.11,17.76,2347090
2017-10-30 07:00:00,17.89,18.16,17.55,17.72,3808170
2017-10-31 07:00:00,17.72,17.8,17.51,17.51,1322440
2017-11-01 07:00:00,17.59,17.7,17.49,17.59,2149100
2017-11-02 07:00:00,17.59,18.14,17.38,17.38,2341010
2017-11-03 07:00:00,17.38,17.72,17.25,17.72,1399850
2017-11-06 07:00:00,17.76,18.14,17.68,17.97,2460760
2017-11-07 07:00:00,17.97,18.12,17.76,17.95,1712940
2017-11-08 07:00:00,17.95,18.61,17.85,18.44,2695690
2017-11-09 07:00:00,18.52,18.61,18.23,18.23,1899000
2017-11-10 07:00:00,18.18,18.46,18.1,18.23,2187370
2017-11-13 07:00:00,18.4,18.48,18.18,18.35,2104320
2017-11-14 07:00:00,18.4,18.78,18.33,18.52,3008230
2017-11-15 07:00:00,18.52,18.69,18.44,18.44,1304050
2017-11-16 07:00:00,18.5,18.97,18.44,18.9,2077060
2017-11-17 07:00:00,18.95,19.09,18.75,18.78,2063770
2017-11-20 07:00:00,18.78,19.03,18.75,19.03,1783000
2017-11-21 07:00:00,19.16,20.17,19.11,19.75,3799100
2017-11-22 07:00:00,19.75,20.34,19.75,20.3,3116060
2017-11-23 07:00:00,20.59,20.68,19.81,20.26,2666680
2017-11-24 07:00:00,20.09,20.17,19.88,20.04,1363450
2017-11-27 07:00:00,20.09,20.38,19.79,20.26,2242960
2017-11-28 07:00:00,20.36,20.47,20.09,20.38,1712500
2017-11-29 07:00:00,20.3,20.72,20.3,20.72,1440140
2017-11-30 07:00:00,20.64,21.14,20.51,20.51,1997210
2017-12-01 07:00:00,20.55,20.68,20.3,20.43,2085760
2017-12-04 07:00:00,20.51,20.89,20.43,20.89,1939700
2017-12-05 07:00:00,20.89,21.14,20.34,20.34,1975550
2017-12-06 07:00:00,20.3,20.43,19.92,20.3,2102030
2017-12-07 07:00:00,20.3,20.3,19.75,20.13,2737090
2017-12-08 07:00:00,20.13,20.13,19.66,19.9,1517040
2017-12-11 07:00:00,19.66,19.83,18.86,18.86,1447900
2017-12-12 07:00:00,19.03,19.2,17.59,18.9,2440280
2017-12-13 07:00:00,19.03,19.07,18.48,18.61,1177420
2017-12-14 07:00:00,18.61,19.24,18.56,19.16,2166840
2017-12-15 07:00:00,19.16,19.66,19.11,19.45,2574240
2017-12-18 07:00:00,19.88,20.38,19.71,20.21,2349430
2017-12-19 07:00:00,20.26,20.49,20.02,20.19,1958480
2017-12-20 07:00:00,20.19,20.87,20.04,20.72,2587600
2017-12-21 07:00:00,20.72,20.81,20.51,20.51,1547200
2017-12-22 07:00:00,20.38,21.48,20.32,21.48,4459390
2017-12-25 07:00:00,21.69,21.86,21.48,21.74,1491740
2017-12-26 07:00:00,21.78,21.86,21.36,21.74,1701570
2017-12-27 07:00:00,21.74,22.33,21.61,22.2,2214360
2017-12-28 07:00:00,22.2,23.22,22.2,22.88,2321870
2017-12-29 07:00:00,22.84,23.26,22.79,22.96,2753570
2018-01-02 07:00:00,22.84,23.43,22.67,23.26,2801720
2018-01-03 07:00:00,23.47,23.55,23.05,23.22,1843870
2018-01-04 07:00:00,23.13,23.43,22.96,23.43,1990040
2018-01-05 07:00:00,23.3,23.3,22.79,22.84,2045200
2018-01-08 07:00:00,22.84,23.47,22.41,23.43,2071140
2018-01-09 07:00:00,23.68,24.74,23.05,24.74,2853160
2018-01-10 07:00:00,24.65,25.03,24.23,24.53,2842830
2018-01-11 07:00:00,24.32,24.87,24.19,24.87,1766240
2018-01-12 07:00:00,24.53,25.12,24.53,24.53,2525840
2018-01-15 07:00:00,24.53,25.37,24.1,25.37,2061850
2018-01-16 07:00:00,25.37,25.5,24.87,25.37,2218380
2018-01-17 07:00:00,23.77,25.33,23.77,23.77,2077670
2018-01-18 07:00:00,23.68,24.74,23.64,24.74,2845720
2018-01-19 07:00:00,24.78,25.97,24.65,25.8,2998270
2018-01-22 07:00:00,26.22,26.81,26.09,26.77,2300660
2018-01-25 07:00:00,27.7,28.63,26.98,28.63,4788340
2018-01-26 07:00:00,29.35,29.6,28.12,29.22,2617800
2018-01-29 07:00:00,29.6,30.24,28.67,28.76,2281360
2018-01-30 07:00:00,28.12,28.67,28.0,28.33,2818520
2018-01-31 07:00:00,28.33,29.14,28.0,28.16,1936300
2018-02-01 07:00:00,28.08,28.67,27.83,28.16,2166810
2018-02-02 07:00:00,28.54,28.54,28.16,28.5,1652660
2018-02-05 07:00:00,27.91,28.33,26.51,26.51,2687810
2018-02-06 07:00:00,24.7,26.64,24.7,26.22,6724710
2018-02-07 07:00:00,27.49,27.57,26.56,26.85,1635780
2018-02-08 07:00:00,26.47,26.85,26.01,26.6,855160
2018-02-09 07:00:00,24.74,26.35,24.74,25.75,2408810
2018-02-12 07:00:00,26.22,26.85,25.67,26.85,1847850
2018-02-13 07:00:00,27.19,27.45,26.9,27.06,1527780
2018-02-21 07:00:00,27.49,28.71,27.28,28.0,2132410
2018-02-22 07:00:00,27.74,28.5,27.66,28.25,2352100
2018-02-23 07:00:00,28.33,30.19,28.21,30.19,4825770
2018-02-26 07:00:00,31.42,31.42,30.19,30.41,3453290
2018-02-27 07:00:00,30.83,31.08,30.32,30.96,2249770
2018-02-28 07:00:00,30.49,31.72,30.45,31.21,3475320
2018-03-01 07:00:00,30.7,31.55,30.02,30.24,3615670
2018-03-02 07:00:00,29.6,30.45,29.6,30.36,2525210
2018-03-05 07:00:00,30.45,30.66,28.76,28.76,2914810
2018-03-06 07:00:00,29.18,30.24,28.63,30.11,3103920
2018-03-07 07:00:00,30.24,30.41,28.97,29.43,2277620
2018-03-08 07:00:00,29.43,29.77,29.09,29.39,1554260
2018-03-09 07:00:00,29.81,30.24,29.43,30.02,3236520
2018-03-12 07:00:00,30.45,31.04,30.24,30.45,2899140
2018-03-13 07:00:00,30.45,30.7,29.86,30.45,2146470
2018-03-14 07:00:00,30.7,31.42,30.7,31.21,4053460
2018-03-15 07:00:00,30.87,31.51,30.79,31.21,2111990
2018-03-16 07:00:00,31.51,31.84,31.34,31.59,5327050
2018-03-19 07:00:00,31.97,32.35,30.87,31.42,2803610
2018-03-20 07:00:00,31.0,31.67,31.0,31.29,1836040
2018-03-21 07:00:00,31.51,31.8,31.08,31.08,2952180
2018-03-22 07:00:00,31.29,31.29,30.45,30.45,3871380
2018-03-23 07:00:00,28.97,29.9,28.97,29.56,4563730
2018-03-26 07:00:00,29.6,30.41,29.43,30.41,1821910
2018-03-27 07:00:00,30.79,30.83,29.86,30.02,2322350
2018-03-28 07:00:00,29.56,30.15,29.52,29.81,1643300
2018-03-29 07:00:00,29.94,30.28,29.64,30.02,1457380
2018-03-30 07:00:00,30.02,30.19,29.69,29.81,1280140
2018-04-02 07:00:00,30.02,31.29,29.94,31.29,3055600
2018-04-03 07:00:00,31.29,31.84,31.08,31.42,3500060
2018-04-04 07:00:00,31.51,31.63,31.08,31.08,2089100
2018-04-05 07:00:00,31.21,31.29,30.7,31.08,1763710
2018-04-06 07:00:00,31.12,31.63,31.04,31.08,2346040
2018-04-09 07:00:00,31.08,31.42,31.08,31.21,2693260
2018-04-10 07:00:00,31.51,31.84,31.12,31.51,5026810
2018-04-11 07:00:00,31.59,31.63,29.6,30.11,3911130
2018-04-12 07:00:00,29.98,30.24,29.6,29.98,3262970
2018-04-13 07:00:00,30.15,30.19,28.54,28.71,5148440
2018-04-16 07:00:00,28.42,28.59,27.53,27.87,3992890
2018-04-17 07:00:00,27.91,28.33,27.7,28.33,2104840
2018-04-18 07:00:00,28.67,28.67,27.4,27.4,2005410
2018-04-19 07:00:00,27.23,27.28,25.8,25.8,4909820
2018-04-20 07:00:00,25.88,27.06,25.67,27.06,2996320
2018-04-23 07:00:00,27.28,27.4,25.2,25.2,2876760
2018-04-24 07:00:00,24.95,25.67,24.53,25.37,4451970
2018-04-26 07:00:00,25.37,25.92,24.53,24.61,4669710
2018-04-27 07:00:00,24.61,25.46,24.57,25.37,2940100
2018-05-02 07:00:00,25.63,25.8,24.44,24.61,2862030
2018-05-03 07:00:00,24.61,25.25,24.06,25.2,3451890
2018-05-04 07:00:00,25.46,25.67,24.91,24.95,3234250
2018-05-07 07:00:00,25.29,26.26,25.08,26.26,3511210
2018-05-08 07:00:00,25.92,26.3,25.8,25.8,2947160
2018-05-09 07:00:00,25.67,25.8,25.16,25.16,2787480
2018-05-10 07:00:00,25.33,25.46,23.51,23.89,4433980
2018-05-11 07:00:00,23.89,24.53,23.05,24.49,3954360
2018-05-14 07:00:00,24.61,24.74,24.06,24.65,1522180
2018-05-15 07:00:00,24.65,25.29,24.61,24.82,2498910
2018-05-16 07:00:00,24.74,24.91,24.1,24.1,2368960
2018-05-17 07:00:00,24.1,24.27,23.77,24.02,2079780
2018-05-18 07:00:00,24.06,24.15,23.17,23.89,2437850
2018-05-21 07:00:00,23.89,24.27,23.55,23.55,1835620
2018-05-22 07:00:00,23.22,23.47,21.99,22.58,3235250
2018-05-23 07:00:00,22.41,23.05,21.99,23.05,2045320
2018-05-24 07:00:00,23.05,23.17,22.41,22.54,1312180
2018-05-25 07:00:00,22.58,22.71,21.14,21.14,2718610
2018-05-28 07:00:00,20.72,20.98,19.79,19.79,4579370
2018-05-29 07:00:00,20.09,21.14,19.79,21.14,2610350
2018-05-30 07:00:00,21.57,22.33,21.36,21.99,4432950
2018-05-31 07:00:00,21.78,23.05,21.74,22.88,3736400
2018-06-01 07:00:00,22.88,24.32,22.79,24.1,5930650
2018-06-04 07:00:00,23.89,25.2,23.68,25.08,3837380
2018-06-05 07:00:00,24.78,25.2,24.4,24.78,3532580
2018-06-06 07:00:00,24.57,25.25,24.36,24.99,2183260
2018-06-07 07:00:00,24.95,25.08,24.7,24.82,2538580
2018-06-08 07:00:00,24.65,25.54,24.65,25.25,2693680
2018-06-11 07:00:00,25.12,25.5,24.74,24.95,2453150
2018-06-12 07:00:00,24.74,24.95,23.89,24.53,3024500
2018-06-13 07:00:00,24.36,25.33,24.36,25.33,2054850
2018-06-14 07:00:00,25.33,25.33,24.53,24.57,2814340
2018-06-15 07:00:00,24.32,24.95,24.27,24.95,2557670
2018-06-18 07:00:00,24.91,24.95,23.68,23.89,2461860
2018-06-19 07:00:00,23.05,23.89,22.84,23.89,5149160
2018-06-20 07:00:00,24.1,24.82,23.77,24.57,2767440
2018-06-21 07:00:00,24.53,24.61,23.85,24.1,1637920
2018-06-22 07:00:00,23.72,24.82,23.47,24.82,2529630
2018-06-25 07:00:00,25.37,25.46,24.91,25.12,2415610
2018-06-26 07:00:00,24.74,25.12,24.53,25.08,1346430
2018-06-27 07:00:00,24.95,25.58,24.53,24.53,2602270
2018-06-28 07:00:00,24.1,24.82,24.1,24.49,2114670
2018-06-29 07:00:00,24.49,24.82,24.02,24.53,1439520
2018-07-02 07:00:00,24.32,24.7,23.43,24.57,2846420
2018-07-03 07:00:00,24.65,24.65,23.68,23.68,3355250
2018-07-04 07:00:00,23.77,23.89,23.13,23.51,2452480
2018-07-05 07:00:00,23.43,23.51,21.99,21.99,2865870
2018-07-06 07:00:00,21.61,23.43,21.36,23.26,3443450
2018-07-09 07:00:00,23.26,23.85,22.84,22.84,1434270
2018-07-10 07:00:00,23.47,23.47,22.46,22.46,1360490
2018-07-11 07:00:00,21.95,22.2,21.19,21.65,3312190
2018-07-12 07:00:00,21.65,22.67,21.36,22.16,1422890
2018-07-13 07:00:00,22.54,23.22,21.99,23.17,1709410
2018-07-16 07:00:00,23.26,23.47,22.96,23.22,1302130
2018-07-17 07:00:00,22.84,23.6,22.84,23.6,1594780
2018-07-18 07:00:00,23.6,24.32,23.6,24.32,2473610
2018-07-19 07:00:00,24.4,24.44,23.98,24.02,1704000
2018-07-20 07:00:00,23.89,24.19,23.3,24.02,2204900
2018-07-23 07:00:00,24.02,24.7,23.89,23.94,2618240
2018-07-24 07:00:00,24.1,24.27,23.68,24.1,1683260
2018-07-25 07:00:00,24.23,24.27,23.39,23.39,1257900
2018-07-26 07:00:00,23.43,23.98,23.05,23.98,2107890
2018-07-27 07:00:00,23.98,24.23,23.77,23.89,979280
2018-07-30 07:00:00,24.1,24.27,23.89,24.23,1288790
2018-07-31 07:00:00,24.15,25.08,24.02,24.74,3438180
2018-08-01 07:00:00,24.99,25.03,24.7,24.78,1902040
2018-08-02 07:00:00,24.61,24.95,24.4,24.95,1855340
2018-08-03 07:00:00,25.16,25.25,24.57,24.74,1770230
2018-08-06 07:00:00,24.61,25.2,24.61,24.95,1782410
2018-08-07 07:00:00,24.87,26.18,24.78,26.01,5488590
2018-08-08 07:00:00,26.05,26.39,25.8,26.26,2193510
2018-08-09 07:00:00,26.26,26.51,25.92,25.92,2508810
2018-08-10 07:00:00,25.8,26.85,25.8,26.85,3849630
2018-08-13 07:00:00,26.64,26.98,26.3,26.98,2397270
2018-08-14 07:00:00,26.98,26.98,26.51,26.56,1274800
2018-08-15 07:00:00,26.73,26.81,25.58,25.63,3238040
2018-08-16 07:00:00,25.37,25.8,24.91,25.63,3426320
2018-08-17 07:00:00,25.84,26.6,25.71,26.22,2711770
2018-08-20 07:00:00,26.22,26.43,25.97,25.97,1601770
2018-08-21 07:00:00,25.8,26.51,25.8,26.51,1724610
2018-08-22 07:00:00,26.56,26.64,26.18,26.18,1490660
2018-08-23 07:00:00,26.22,26.56,26.05,26.47,1301270
2018-08-24 07:00:00,26.47,26.47,26.13,26.22,1779380
2018-08-27 07:00:00,26.43,26.85,26.39,26.68,1805900
2018-08-28 07:00:00,26.85,27.19,26.6,27.06,2588320
2018-08-29 07:00:00,27.02,27.11,26.68,26.68,1117930
2018-08-30 07:00:00,26.68,27.15,26.39,26.98,1336350
2018-08-31 07:00:00,26.98,27.06,26.22,26.43,1949400
2018-09-04 07:00:00,26.43,26.47,25.75,25.8,2050280
2018-09-05 07:00:00,25.8,26.13,25.5,25.63,1766180
2018-09-06 07:00:00,25.63,25.8,25.46,25.5,796450
2018-09-07 07:00:00,25.42,26.3,25.42,26.22,1595530
2018-09-10 07:00:00,26.22,26.47,25.84,26.22,1505560
2018-09-11 07:00:00,26.01,26.68,26.01,26.64,1543540
2018-09-12 07:00:00,26.73,26.9,26.43,26.47,1590110
2018-09-13 07:00:00,26.56,26.81,26.47,26.6,1069800
2018-09-14 07:00:00,26.73,27.23,26.73,27.06,2405940
2018-09-17 07:00:00,27.06,27.06,26.6,26.6,1007490
2018-09-18 07:00:00,26.43,26.77,26.35,26.77,1077110
2018-09-19 07:00:00,26.94,26.94,26.68,26.77,1075000
2018-09-20 07:00:00,26.77,27.32,26.77,27.23,1709890
2018-09-21 07:00:00,27.49,27.78,27.06,27.32,4889170
2018-09-24 07:00:00,27.7,27.78,27.4,27.57,1094970
2018-09-25 07:00:00,27.4,27.57,27.23,27.23,1031520
2018-09-26 07:00:00,27.23,27.45,26.98,26.98,2099660
2018-09-27 07:00:00,26.98,27.15,26.73,26.81,2121040
2018-09-28 07:00:00,26.94,27.06,26.64,26.64,2104400
2018-10-01 07:00:00,26.85,26.85,26.43,26.43,1932610
2018-10-02 07:00:00,26.43,26.68,26.3,26.64,1601040
2018-10-03 07:00:00,26.81,26.85,26.43,26.64,1034920
2018-10-04 07:00:00,26.64,27.06,26.56,26.64,2298750
2018-10-05 07:00:00,26.77,26.98,26.6,26.6,1633520
2018-10-08 07:00:00,26.56,26.73,26.38,26.38,1347760
2018-10-09 07:00:00,26.47,26.64,26.38,26.43,868060
2018-10-10 07:00:00,26.51,26.56,26.3,26.43,781330
2018-10-11 07:00:00,25.7,25.7,24.63,24.71,3432840
2018-10-12 07:00:00,24.41,25.66,24.41,25.66,2266290
2018-10-15 07:00:00,25.61,25.7,25.14,25.31,1155630
2018-10-16 07:00:00,25.27,25.53,25.23,25.36,1079700
2018-10-17 07:00:00,25.66,25.66,25.31,25.36,1293490
2018-10-18 07:00:00,25.27,25.36,24.8,24.84,1605080
2018-10-19 07:00:00,24.41,25.1,24.41,24.71,1188910
2018-10-22 07:00:00,25.06,25.19,24.46,24.46,1204690
2018-10-23 07:00:00,24.41,24.54,23.13,23.9,2346810
2018-10-24 07:00:00,23.9,24.24,23.77,23.77,1474260
2018-10-25 07:00:00,22.7,23.64,22.7,23.47,1744120
2018-10-26 07:00:00,23.94,23.94,22.92,22.92,1220360
2018-10-29 07:00:00,22.83,23.09,22.49,22.66,1261730
2018-10-30 07:00:00,22.66,23.26,22.57,23.22,1337430
2018-10-31 07:00:00,23.22,24.29,23.22,23.81,1245750
2018-11-01 07:00:00,23.9,23.94,23.47,23.56,1221200
2018-11-02 07:00:00,23.56,24.11,23.56,24.07,1136910
2018-11-05 07:00:00,23.94,24.2,23.81,24.2,873020
2018-11-06 07:00:00,24.41,24.41,23.9,23.9,667710
2018-11-07 07:00:00,23.9,24.07,23.6,23.77,668290
2018-11-08 07:00:00,24.29,24.33,23.86,23.86,575720
2018-11-09 07:00:00,23.64,23.86,23.26,23.26,885690
2018-11-12 07:00:00,23.13,23.39,22.62,23.39,687980
2018-11-13 07:00:00,22.83,23.26,22.83,22.96,601520
2018-11-14 07:00:00,22.96,23.26,22.62,22.79,530120
2018-11-15 07:00:00,22.79,22.96,22.49,22.87,828510
2018-11-16 07:00:00,23.13,23.17,22.74,22.79,1227840
2018-11-19 07:00:00,23.13,23.13,22.79,23.13,1145500
2018-11-20 07:00:00,23.13,23.13,22.83,23.04,1086240
2018-11-21 07:00:00,22.74,23.73,22.7,23.73,1908000
2018-11-22 07:00:00,23.56,23.77,23.43,23.47,961120
2018-11-23 07:00:00,23.43,23.56,23.13,23.13,897050
2018-11-26 07:00:00,23.13,23.26,23.0,23.13,673900
2018-11-27 07:00:00,23.3,23.43,22.79,22.87,1284900
2018-11-28 07:00:00,22.87,23.6,22.87,23.6,1483680
2018-11-29 07:00:00,23.81,24.16,23.56,23.56,2360280
2018-11-30 07:00:00,23.52,23.99,23.47,23.73,1430640
2018-12-03 07:00:00,24.29,24.84,24.07,24.84,2226730
2018-12-04 07:00:00,24.76,24.97,24.46,24.67,1367410
2018-12-05 07:00:00,24.41,24.93,24.2,24.76,2014850
2018-12-06 07:00:00,24.59,24.84,24.29,24.37,2258320
2018-12-07 07:00:00,24.59,24.71,24.46,24.5,835390
2018-12-10 07:00:00,24.5,24.59,24.24,24.37,1050910
2018-12-11 07:00:00,24.37,24.5,24.07,24.33,1119050
2018-12-12 07:00:00,24.54,24.84,24.33,24.84,1466430
2018-12-13 07:00:00,24.97,25.01,24.67,24.67,851900
2018-12-14 07:00:00,24.63,24.67,24.2,24.2,880580
2018-12-17 07:00:00,23.99,24.16,23.47,23.47,1787440
2018-12-18 07:00:00,23.17,23.77,23.17,23.6,1459730
2018-12-19 07:00:00,23.6,23.73,23.17,23.3,1131780
2018-12-20 07:00:00,23.26,23.64,23.26,23.39,877260
2018-12-21 07:00:00,23.34,23.34,23.04,23.34,1690120
2018-12-24 07:00:00,23.34,23.52,22.74,22.74,864160
2018-12-25 07:00:00,22.27,22.7,21.84,22.57,1964060
2018-12-26 07:00:00,22.53,22.92,22.53,22.62,782180
2018-12-27 07:00:00,23.13,23.26,22.92,22.92,571770
2018-12-28 07:00:00,23.04,23.34,22.83,22.92,781690
2019-01-02 07:00:00,23.09,23.26,22.92,22.96,1081640
2019-01-03 07:00:00,23.13,23.17,22.57,22.96,1071350
2019-01-04 07:00:00,22.83,23.3,22.53,23.3,1307310
2019-01-07 07:00:00,23.69,23.77,23.34,23.39,1175810
2019-01-08 07:00:00,23.56,23.64,23.34,23.56,1318810
2019-01-09 07:00:00,23.77,24.03,23.47,23.9,1136370
2019-01-10 07:00:00,23.9,23.9,23.56,23.56,794870
2019-01-11 07:00:00,23.64,23.77,23.52,23.64,1115410
2019-01-14 07:00:00,23.64,23.77,23.52,23.69,759980
2019-01-15 07:00:00,23.69,24.03,23.64,23.94,1071080
2019-01-16 07:00:00,24.11,24.11,23.56,23.73,706160
2019-01-17 07:00:00,23.69,23.86,23.6,23.64,460060
2019-01-18 07:00:00,23.64,23.73,23.47,23.47,542400
2019-01-21 07:00:00,23.39,24.07,23.34,23.9,870530
2019-01-22 07:00:00,23.99,23.99,23.64,23.64,398340
2019-01-23 07:00:00,23.52,23.77,23.52,23.73,514720
2019-01-24 07:00:00,23.73,23.81,23.56,23.73,463870
2019-01-25 07:00:00,23.77,24.03,23.73,23.9,1008850
2019-01-28 07:00:00,23.99,23.99,23.77,23.77,336990
2019-01-29 07:00:00,23.77,24.29,23.64,24.29,973050
2019-01-30 07:00:00,24.29,24.5,24.29,24.29,1152720
2019-01-31 07:00:00,24.33,24.59,24.33,24.33,1147760
2019-02-01 07:00:00,24.41,24.59,24.2,24.2,827040
2019-02-11 07:00:00,24.41,24.93,24.33,24.89,1395030
2019-02-12 07:00:00,24.89,25.27,24.76,25.1,1683680
2019-02-13 07:00:00,25.1,25.66,25.1,25.61,1853680
2019-02-14 07:00:00,25.61,25.83,25.53,25.79,1629070
2019-02-15 07:00:00,25.7,25.7,25.36,25.4,1249180
2019-02-18 07:00:00,25.49,25.7,25.49,25.7,1027840
2019-02-19 07:00:00,25.7,25.79,25.27,25.27,1304520
2019-02-20 07:00:00,25.4,25.53,25.23,25.31,818480
2019-02-21 07:00:00,25.49,25.74,25.31,25.74,2044240
2019-02-22 07:00:00,25.79,26.73,25.7,26.56,2502840
2019-02-25 07:00:00,26.77,27.37,26.68,27.16,2079790
2019-02-26 07:00:00,27.16,27.2,26.51,26.98,1976570
2019-02-27 07:00:00,26.9,26.98,26.38,26.51,1148480
2019-02-28 07:00:00,26.51,26.77,25.91,25.91,2027080
2019-03-01 07:00:00,26.13,26.64,26.04,26.64,713500
2019-03-04 07:00:00,26.64,26.98,26.64,26.9,1347480
2019-03-05 07:00:00,26.9,27.33,26.77,26.98,1576750
2019-03-06 07:00:00,27.03,27.11,26.51,26.86,1081870
2019-03-07 07:00:00,26.86,27.33,26.81,27.03,1897450
2019-03-08 07:00:00,26.73,26.98,26.6,26.9,997370
2019-03-11 07:00:00,26.77,26.86,26.51,26.81,1020600
2019-03-12 07:00:00,26.98,27.76,26.86,27.76,2194380
2019-03-13 07:00:00,27.84,27.93,27.63,27.93,1680350
2019-03-14 07:00:00,27.93,28.7,27.63,28.7,2271650
2019-03-15 07:00:00,28.78,28.78,28.27,28.27,2616060
2019-03-18 07:00:00,28.48,29.04,28.48,28.95,1936700
2019-03-19 07:00:00,28.95,28.95,28.57,28.61,1390640
2019-03-20 07:00:00,28.57,28.78,28.36,28.57,2441040
2019-03-21 07:00:00,28.65,29.08,28.48,28.53,1525770
2019-03-22 07:00:00,28.61,28.7,28.48,28.65,1375420
2019-03-25 07:00:00,27.84,28.27,27.41,28.06,1635900
2019-03-26 07:00:00,28.31,28.48,28.06,28.06,1127550
2019-03-27 07:00:00,28.23,28.23,27.71,28.06,538180
2019-03-28 07:00:00,28.14,28.57,28.01,28.57,742470
2019-03-29 07:00:00,28.7,28.91,28.61,28.83,678050
2019-04-01 07:00:00,29.08,29.08,28.95,29.04,684060
2019-04-02 07:00:00,29.13,29.34,28.91,28.91,556970
2019-04-03 07:00:00,28.91,28.95,28.48,28.78,445650
2019-04-04 07:00:00,29.0,29.08,28.61,29.0,948960
2019-04-05 07:00:00,29.04,29.21,29.04,29.17,477530
2019-04-08 07:00:00,29.17,29.85,29.08,29.85,1121900
2019-04-09 07:00:00,29.85,29.98,29.73,29.9,759180
2019-04-10 07:00:00,29.77,29.77,29.47,29.51,719030
2019-04-11 07:00:00,29.55,29.55,29.0,29.34,405090
2019-04-12 07:00:00,29.38,29.38,28.95,29.13,355400
2019-04-16 07:00:00,29.13,29.13,28.44,28.87,404640
2019-04-17 07:00:00,29.08,29.21,28.7,29.13,516710
2019-04-18 07:00:00,28.91,29.43,28.91,29.08,554820
2019-04-19 07:00:00,29.08,29.34,29.08,29.13,232550
2019-04-22 07:00:00,28.74,29.17,28.7,29.08,313210
2019-04-23 07:00:00,29.13,29.13,28.31,28.91,1260620
2019-04-24 07:00:00,28.91,29.64,28.91,29.34,684540
2019-04-25 07:00:00,29.34,29.34,29.0,29.0,348700
2019-04-26 07:00:00,29.04,29.25,28.91,29.08,277260
2019-05-02 07:00:00,28.95,29.08,28.44,28.65,628430
2019-05-03 07:00:00,28.61,28.78,28.31,28.57,789780
2019-05-06 07:00:00,28.36,28.61,28.23,28.4,364560
2019-05-07 07:00:00,28.4,28.7,27.76,28.1,1103060
2019-05-08 07:00:00,27.67,28.1,27.67,27.88,947120
2019-05-09 07:00:00,28.01,28.27,27.88,28.06,659180
2019-05-10 07:00:00,28.06,28.31,27.93,28.1,554370
2019-05-13 07:00:00,28.18,28.31,28.1,28.23,475420
2019-05-14 07:00:00,28.01,28.53,28.01,28.53,628480
2019-05-15 07:00:00,28.57,28.87,28.48,28.61,734230
2019-05-16 07:00:00,28.61,28.87,28.61,28.61,412210
2019-05-17 07:00:00,28.61,28.7,28.53,28.61,449040
2019-05-20 07:00:00,28.61,29.17,28.57,29.04,607060
2019-05-21 07:00:00,29.08,29.3,29.0,29.0,473170
2019-05-22 07:00:00,28.78,29.38,28.7,28.78,662700
2019-05-23 07:00:00,28.87,29.13,28.74,28.95,378440
2019-05-24 07:00:00,28.83,29.13,28.31,28.48,931250
2019-05-27 07:00:00,28.7,29.04,28.48,28.87,341320
2019-05-28 07:00:00,28.7,29.38,28.61,28.87,664400
2019-05-29 07:00:00,28.95,29.17,28.78,28.91,313510
2019-05-30 07:00:00,28.91,29.17,28.83,29.0,320900
2019-05-31 07:00:00,28.91,29.13,28.61,28.78,712090
2019-06-03 07:00:00,28.48,28.78,27.41,28.48,593660
2019-06-04 07:00:00,28.27,28.91,28.23,28.78,387780
2019-06-05 07:00:00,28.78,28.91,28.57,28.57,269120
2019-06-06 07:00:00,28.57,28.57,27.84,28.23,394550
2019-06-07 07:00:00,28.48,28.7,27.93,28.1,490880
2019-06-10 07:00:00,28.61,28.91,28.27,28.57,585460
2019-06-11 07:00:00,28.48,28.91,28.48,28.87,280100
2019-06-12 07:00:00,28.87,28.91,28.65,28.7,212910
2019-06-13 07:00:00,28.7,28.91,28.44,28.83,546960
2019-06-14 07:00:00,28.91,29.81,28.83,29.64,2478770
2019-06-17 07:00:00,29.64,30.11,29.55,29.64,1018520
2019-06-18 07:00:00,29.55,30.2,29.21,30.11,958120
2019-06-19 07:00:00,29.9,30.28,29.73,29.9,767310
2019-06-20 07:00:00,29.85,30.63,29.81,30.63,934290
2019-06-21 07:00:00,30.41,30.84,30.41,30.41,1785930
2019-06-24 07:00:00,30.63,31.61,30.41,31.27,1407410
2019-06-25 07:00:00,31.18,31.18,30.84,31.01,390840
2019-06-26 07:00:00,31.01,31.05,30.2,30.2,918850
2019-06-27 07:00:00,30.41,30.41,29.73,29.77,1187150
2019-06-28 07:00:00,29.81,30.84,29.3,30.2,830140
2019-07-01 07:00:00,30.41,30.8,30.37,30.54,565640
2019-07-02 07:00:00,30.63,30.63,30.11,30.2,363020
2019-07-03 07:00:00,30.2,30.41,29.81,29.81,796720
2019-07-04 07:00:00,29.98,31.05,29.85,31.05,1125010
2019-07-05 07:00:00,31.05,31.1,30.84,31.1,425620
2019-07-08 07:00:00,30.84,30.97,30.41,30.54,723300
2019-07-09 07:00:00,30.63,30.8,30.24,30.8,668550
2019-07-10 07:00:00,31.05,31.14,30.8,31.05,639160
2019-07-11 07:00:00,31.1,31.95,31.1,31.7,1286980
2019-07-12 07:00:00,31.7,31.91,31.52,31.57,926210
2019-07-15 07:00:00,31.7,32.12,31.57,32.12,1089930
2019-07-16 07:00:00,32.34,33.41,32.3,33.07,1901200
2019-07-17 07:00:00,32.77,33.02,32.47,32.64,802350
2019-07-18 07:00:00,32.51,33.07,32.38,32.72,858680
2019-07-19 07:00:00,32.51,34.18,32.72,33.84,1316760
2019-07-22 07:00:00,33.84,34.05,33.71,33.84,930520
2019-07-23 07:00:00,33.79,33.97,33.62,33.79,626060
2019-07-24 07:00:00,34.05,34.05,32.77,32.94,1380620
2019-07-25 07:00:00,32.94,33.32,32.85,33.28,457360
2019-07-26 07:00:00,33.28,34.14,33.2,33.62,942260
2019-07-29 07:00:00,33.62,34.69,33.54,34.69,986830
2019-07-30 07:00:00,35.12,35.34,34.52,34.52,1133490
2019-07-31 07:00:00,34.27,34.48,34.09,34.35,512820
2019-08-01 07:00:00,34.35,34.48,34.14,34.48,538850
2019-08-02 07:00:00,34.14,34.48,33.88,33.88,680000
2019-08-05 07:00:00,33.92,34.14,33.02,33.15,857570
2019-08-06 07:00:00,32.72,32.94,32.47,32.68,1172520
2019-08-07 07:00:00,32.68,33.58,32.68,33.58,567830
2019-08-08 07:00:00,33.62,34.18,33.45,33.62,612530
2019-08-09 07:00:00,33.71,34.01,33.58,33.62,638630
2019-08-12 07:00:00,33.62,33.75,33.07,33.28,475000
2019-08-13 07:00:00,33.07,33.2,32.51,32.68,809300
2019-08-14 07:00:00,33.41,33.41,32.68,32.68,354750
2019-08-15 07:00:00,31.95,33.84,31.95,33.84,510330
2019-08-16 07:00:00,33.32,33.67,33.32,33.37,551180
2019-08-19 07:00:00,33.37,33.62,32.85,32.9,692740
2019-08-20 07:00:00,33.32,33.32,32.85,32.94,453760
2019-08-21 07:00:00,32.94,34.39,32.85,34.27,1927720
2019-08-22 07:00:00,34.35,34.44,34.09,34.27,762090
2019-08-23 07:00:00,34.27,34.35,33.92,33.92,451500
2019-08-26 07:00:00,33.5,33.67,33.2,33.32,672220
2019-08-27 07:00:00,33.5,33.75,32.55,32.77,1116480
2019-08-28 07:00:00,32.9,33.11,32.9,32.98,588810
2019-08-29 07:00:00,32.94,33.15,32.77,32.9,422240
2019-08-30 07:00:00,32.94,33.28,32.98,33.28,280130
2019-09-03 07:00:00,33.32,33.37,32.85,33.32,580830
2019-09-04 07:00:00,33.2,33.2,32.94,33.11,527770
2019-09-05 07:00:00,33.07,33.75,33.07,33.24,408900
2019-09-06 07:00:00,33.41,33.41,32.98,33.11,287990
2019-09-09 07:00:00,33.11,33.15,32.98,33.07,236440
2019-09-10 07:00:00,33.07,33.92,33.02,33.28,651950
2019-09-11 07:00:00,33.11,33.62,33.11,33.5,141450
2019-09-12 07:00:00,33.62,34.05,33.62,34.05,800240
2019-09-13 07:00:00,34.18,35.12,34.18,35.08,1408780
2019-09-16 07:00:00,35.08,35.42,34.61,34.69,697310
2019-09-17 07:00:00,34.57,34.82,34.48,34.74,896290
2019-09-18 07:00:00,34.74,35.34,34.48,34.52,809820
2019-09-19 07:00:00,34.69,34.99,34.48,34.91,527230
2019-09-20 07:00:00,34.91,35.47,34.69,34.69,2794080
2019-09-23 07:00:00,34.95,35.08,33.84,33.84,1187100
2019-09-24 07:00:00,34.05,34.61,33.79,34.52,791470
2019-09-25 07:00:00,34.27,34.65,34.01,34.57,729340
2019-09-26 07:00:00,34.57,34.82,34.39,34.69,1040190
2019-09-27 07:00:00,34.82,35.59,34.61,35.51,1388490
2019-09-30 07:00:00,35.51,35.68,35.08,35.17,775770
2019-10-01 07:00:00,35.17,35.81,35.04,35.72,795100
2019-10-02 07:00:00,35.72,35.85,34.99,35.12,1224650
2019-10-03 07:00:00,35.04,35.12,34.52,35.12,1003810
2019-10-04 07:00:00,35.12,35.77,35.04,35.55,1121700
2019-10-07 07:00:00,35.98,36.19,35.47,35.47,1134390
2019-10-08 07:00:00,35.47,36.54,35.47,36.45,1461940
2019-10-09 07:00:00,36.45,36.71,36.19,36.19,860160
2019-10-10 07:00:00,36.36,36.49,36.19,36.24,753670
2019-10-11 07:00:00,36.19,36.58,36.15,36.54,730370
2019-10-14 07:00:00,36.62,36.84,36.41,36.41,620800
2019-10-15 07:00:00,36.41,36.58,36.28,36.49,648400
2019-10-16 07:00:00,36.92,36.96,36.71,36.88,668740
2019-10-17 07:00:00,37.01,37.01,36.32,36.49,1023870
2019-10-18 07:00:00,36.62,36.75,36.32,36.41,417240
2019-10-21 07:00:00,36.36,36.36,35.81,36.06,561470
2019-10-22 07:00:00,36.06,36.75,36.06,36.58,473090
2019-10-23 07:00:00,36.62,36.75,36.24,36.54,538120
2019-10-24 07:00:00,36.54,37.26,36.45,37.22,660180
2019-10-25 07:00:00,37.22,37.91,37.09,37.69,838210
2019-10-28 07:00:00,37.69,37.78,37.44,37.44,383850
2019-10-29 07:00:00,37.44,37.48,36.96,37.01,702620
2019-10-30 07:00:00,36.88,37.78,36.88,37.61,607710
2019-10-31 07:00:00,37.74,37.91,37.52,37.56,319340
2019-11-01 07:00:00,37.56,38.29,37.48,38.04,1071470
2019-11-04 07:00:00,38.25,39.62,38.25,39.41,1091260
2019-11-05 07:00:00,39.45,39.62,38.85,38.89,616630
2019-11-06 07:00:00,38.89,39.53,38.85,38.98,673230
2019-11-07 07:00:00,38.98,39.36,38.98,39.11,360850
2019-11-08 07:00:00,39.11,39.36,38.89,39.19,416510
2019-11-11 07:00:00,39.32,39.32,38.98,39.11,423790
2019-11-12 07:00:00,39.15,39.45,39.11,39.28,595820
2019-11-13 07:00:00,39.49,39.49,38.55,38.76,706550
2019-11-14 07:00:00,38.76,39.15,38.63,38.93,375320
2019-11-15 07:00:00,38.55,38.98,38.29,38.42,565270
2019-11-18 07:00:00,38.34,38.51,37.48,37.52,700550
2019-11-19 07:00:00,37.69,38.98,37.69,38.98,526560
2019-11-20 07:00:00,38.98,38.98,38.34,38.34,516280
2019-11-21 07:00:00,38.16,38.42,37.48,37.48,1000670
2019-11-22 07:00:00,36.62,37.91,36.49,36.62,1346230
2019-11-25 07:00:00,36.62,36.84,35.38,36.19,1445550
2019-11-26 07:00:00,36.19,36.75,36.19,36.28,727130
2019-11-27 07:00:00,36.62,37.26,36.54,36.96,484360
2019-11-28 07:00:00,36.84,36.96,36.36,36.54,494650
2019-11-29 07:00:00,36.66,36.75,36.41,36.54,318000
2019-12-02 07:00:00,36.54,36.71,35.55,35.77,438800
2019-12-03 07:00:00,35.55,36.02,35.12,35.12,635370
2019-12-04 07:00:00,35.08,36.32,34.91,36.28,376730
2019-12-05 07:00:00,36.41,36.71,36.24,36.32,378490
2019-12-06 07:00:00,36.32,36.49,36.15,36.36,256400
2019-12-09 07:00:00,36.36,36.71,36.15,36.49,400740
2019-12-10 07:00:00,36.54,36.79,36.41,36.58,512290
2019-12-11 07:00:00,36.84,36.84,36.49,36.79,415080
2019-12-12 07:00:00,36.88,37.69,36.84,37.48,464750
2019-12-13 07:00:00,37.74,37.91,37.48,37.86,746800
2019-12-16 07:00:00,37.86,37.86,36.41,36.84,665550
2019-12-17 07:00:00,37.01,37.26,36.54,36.54,266250
2019-12-18 07:00:00,36.58,37.14,36.54,37.14,845740
2019-12-19 07:00:00,37.14,37.78,36.84,37.69,1014960
2019-12-20 07:00:00,37.69,37.91,37.61,37.82,389360
2019-12-23 07:00:00,38.08,38.98,38.08,38.93,937250
2019-12-24 07:00:00,38.89,38.89,38.08,38.55,507600
2019-12-25 07:00:00,38.55,38.93,38.12,38.51,230880
2019-12-26 07:00:00,38.76,38.76,38.12,38.29,404110
2019-12-27 07:00:00,38.25,38.76,37.82,38.76,498870
2019-12-30 07:00:00,39.11,39.84,38.89,39.33,660140
2019-12-31 07:00:00,39.15,39.37,38.94,38.98,230770
2020-01-02 07:00:00,38.98,39.5,38.76,39.24,386290
2020-01-03 07:00:00,39.54,39.67,38.85,38.85,536130
2020-01-06 07:00:00,38.55,38.68,37.81,37.81,880110
2020-01-07 07:00:00,37.6,37.99,36.91,37.94,1013270
2020-01-08 07:00:00,37.55,37.99,37.25,37.6,722280
2020-01-09 07:00:00,37.9,38.42,37.9,38.33,722670
2020-01-10 07:00:00,38.33,39.07,37.99,38.68,1526920
2020-01-13 07:00:00,38.46,38.81,38.46,38.63,1044640
2020-01-14 07:00:00,38.68,38.89,38.5,38.63,1001130
2020-01-15 07:00:00,38.72,38.72,38.37,38.59,1471860
2020-01-16 07:00:00,38.59,39.02,38.42,38.68,1171580
2020-01-17 07:00:00,38.68,40.84,38.68,40.84,2219790
2020-01-20 07:00:00,40.84,40.97,40.41,40.62,832190
2020-01-21 07:00:00,40.58,40.88,40.45,40.62,749590
2020-01-22 07:00:00,40.62,41.05,40.23,40.36,877710
2020-01-30 07:00:00,39.8,39.93,37.6,38.42,3541560
2020-01-31 07:00:00,38.03,38.81,37.9,38.33,1270160
2020-02-03 07:00:00,36.34,38.98,35.87,38.33,1457070
2020-02-04 07:00:00,38.46,38.81,37.9,38.81,1118410
2020-02-05 07:00:00,38.98,39.07,38.37,38.42,731310
2020-02-06 07:00:00,38.63,39.28,38.37,38.63,889570
2020-02-07 07:00:00,38.81,39.24,38.46,38.89,1170540
2020-02-10 07:00:00,38.55,38.68,38.24,38.42,607060
2020-02-11 07:00:00,38.46,38.68,38.42,38.55,520210
2020-02-12 07:00:00,38.81,38.81,38.5,38.63,609750
2020-02-13 07:00:00,38.55,38.68,38.37,38.59,633270
2020-02-14 07:00:00,38.46,38.81,38.46,38.59,432800
2020-02-17 07:00:00,38.59,38.85,38.5,38.63,343900
2020-02-18 07:00:00,38.72,38.72,38.46,38.63,432880
2020-02-19 07:00:00,38.46,38.68,38.46,38.68,264010
2020-02-20 07:00:00,38.76,39.07,38.55,38.68,541120
2020-02-21 07:00:00,38.68,38.68,38.46,38.46,898350
2020-02-24 07:00:00,37.16,38.03,37.16,37.68,995910
2020-02-25 07:00:00,37.16,37.6,37.08,37.25,1229530
2020-02-26 07:00:00,37.16,37.16,36.3,36.73,1163030
2020-02-27 07:00:00,36.3,36.56,35.82,36.3,1227980
2020-02-28 07:00:00,34.61,36.04,34.61,35.61,1710080
2020-03-02 07:00:00,35.22,35.52,35.13,35.35,668980
2020-03-03 07:00:00,36.08,36.08,35.52,35.52,848270
2020-03-04 07:00:00,35.44,35.44,35.0,35.31,581530
2020-03-05 07:00:00,35.52,36.13,35.52,35.91,833710
2020-03-06 07:00:00,35.87,37.03,35.44,36.52,884750
2020-03-09 07:00:00,34.14,34.96,33.97,33.97,1209500
2020-03-10 07:00:00,33.71,34.53,32.58,34.53,1433230
2020-03-11 07:00:00,34.74,34.74,32.15,33.28,1806190
2020-03-12 07:00:00,31.11,31.55,30.98,30.98,1582400
2020-03-13 07:00:00,28.82,31.55,28.82,30.68,1859750
2020-03-16 07:00:00,30.68,30.68,28.74,29.0,1022550
2020-03-17 07:00:00,27.48,29.17,27.48,29.17,1364590
2020-03-18 07:00:00,29.39,30.55,29.39,29.95,1099800
2020-03-19 07:00:00,29.08,29.69,28.52,28.52,1191150
2020-03-20 07:00:00,28.52,28.65,26.58,26.58,2763360
2020-03-23 07:00:00,24.89,25.28,24.72,24.72,1875070
2020-03-24 07:00:00,24.72,25.24,24.46,25.06,1498070
2020-03-25 07:00:00,25.93,26.79,25.8,26.79,1835730
2020-03-26 07:00:00,26.79,27.96,26.58,27.31,1484590
2020-03-27 07:00:00,27.35,28.48,27.01,27.7,1569620
2020-03-30 07:00:00,25.97,26.53,25.84,26.36,1637330
2020-03-31 07:00:00,26.58,27.7,25.93,26.79,957500
2020-04-01 07:00:00,26.58,28.48,26.58,28.09,1229320
2020-04-03 07:00:00,28.09,28.65,27.66,28.31,1726690
2020-04-06 07:00:00,29.17,29.52,28.52,29.39,2111200
2020-04-07 07:00:00,29.39,29.82,28.87,29.47,1773570
2020-04-08 07:00:00,28.95,29.47,28.87,29.17,1778380
2020-04-09 07:00:00,29.39,31.11,29.39,30.68,1795170
2020-04-10 07:00:00,30.68,31.07,30.08,30.51,1599380
2020-04-13 07:00:00,30.51,31.03,30.25,30.6,1046830
2020-04-14 07:00:00,30.47,30.6,29.3,30.21,1944570
2020-04-15 07:00:00,30.12,30.81,30.12,30.64,1017740
2020-04-16 07:00:00,30.25,30.77,30.16,30.77,1057050
2020-04-17 07:00:00,30.9,31.03,30.64,30.86,1473140
2020-04-20 07:00:00,30.98,31.29,30.6,31.07,1026030
2020-04-21 07:00:00,30.68,30.9,29.3,30.9,2159110
2020-04-22 07:00:00,29.82,30.73,29.82,29.95,1612290
2020-04-23 07:00:00,30.68,30.68,29.73,29.9,1201610
2020-04-24 07:00:00,29.9,30.08,29.17,29.77,972170
2020-04-27 07:00:00,30.21,30.21,28.87,28.87,2547060
2020-04-28 07:00:00,28.87,29.6,28.18,28.95,2052860
2020-04-29 07:00:00,29.39,29.43,28.95,29.39,1523750
2020-05-04 07:00:00,29.39,29.43,28.87,29.13,852260
2020-05-05 07:00:00,29.08,29.26,28.87,28.87,1007640
2020-05-06 07:00:00,29.08,29.26,28.74,29.21,855770
2020-05-07 07:00:00,29.3,30.12,29.26,30.12,1936540
2020-05-08 07:00:00,30.25,32.07,30.16,31.76,3865590
2020-05-11 07:00:00,32.19,32.19,31.33,32.19,1696160
2020-05-12 07:00:00,32.24,32.84,32.15,32.67,2199500
2020-05-13 07:00:00,32.67,33.06,31.11,32.67,1851970
2020-05-14 07:00:00,32.41,33.02,32.37,32.84,2121750
2020-05-15 07:00:00,33.02,33.06,32.67,32.84,1596240
2020-05-18 07:00:00,32.97,34.14,32.76,33.92,1002690
2020-05-19 07:00:00,34.53,34.61,34.05,34.14,1129270
2020-05-20 07:00:00,33.88,34.44,33.88,34.4,710200
2020-05-21 07:00:00,34.57,35.09,34.4,35.09,1425500
2020-05-22 07:00:00,35.09,35.13,34.57,35.0,805710
2020-05-25 07:00:00,34.96,35.13,34.92,35.05,708710
2020-05-26 07:00:00,35.0,35.7,35.0,35.65,740930
2020-05-27 07:00:00,35.87,36.47,35.82,35.82,817770
2020-05-28 07:00:00,35.87,36.78,35.87,36.52,1849310
2020-05-29 07:00:00,36.73,37.16,36.52,36.82,1161180
2020-06-01 07:00:00,36.95,37.47,36.95,37.38,725310
2020-06-02 07:00:00,37.55,37.55,37.29,37.42,1009040
2020-06-03 07:00:00,37.6,37.99,37.55,37.99,462750
2020-06-04 07:00:00,38.03,38.46,38.03,38.46,450240
2020-06-05 07:00:00,38.5,38.59,37.6,38.46,810570
2020-06-08 07:00:00,38.46,38.98,38.2,38.63,802240
2020-06-09 07:00:00,38.85,38.89,38.63,38.68,417690
2020-06-10 07:00:00,38.68,38.81,38.59,38.72,793590
2020-06-11 07:00:00,38.68,38.72,37.6,38.03,1163900
2020-06-12 07:00:00,35.65,37.38,35.65,36.99,1612920
2020-06-15 07:00:00,36.99,37.08,35.35,35.44,1218540
2020-06-16 07:00:00,36.3,36.3,35.61,36.17,802980
2020-06-17 07:00:00,36.73,36.82,36.21,36.39,737830
2020-06-18 07:00:00,36.3,37.38,36.26,36.73,1809780
2020-06-19 07:00:00,36.73,37.16,36.73,36.91,723970
2020-06-22 07:00:00,36.73,36.99,36.73,36.95,1308600
2020-06-23 07:00:00,36.95,37.6,36.86,37.16,917230
2020-06-24 07:00:00,37.16,37.16,36.34,36.6,710160
2020-06-25 07:00:00,35.74,36.47,35.74,36.17,506650
2020-06-26 07:00:00,36.34,36.6,35.87,36.0,355930
2020-06-29 07:00:00,36.0,36.0,35.05,35.22,594140
2020-06-30 07:00:00,35.65,35.65,34.57,34.7,709990
2020-07-01 07:00:00,34.7,35.74,34.57,35.74,404440
2020-07-02 07:00:00,35.95,35.95,35.0,35.7,469040
2020-07-03 07:00:00,35.65,36.0,35.52,35.87,370340
2020-07-06 07:00:00,35.87,36.04,35.61,35.82,1218830
2020-07-07 07:00:00,36.3,36.39,36.0,36.04,1336830
2020-07-08 07:00:00,35.95,36.04,35.78,35.87,485190
2020-07-09 07:00:00,36.26,36.26,36.0,36.13,962170
2020-07-10 07:00:00,36.04,36.13,35.48,35.74,918560
2020-07-13 07:00:00,36.04,36.08,35.61,35.82,371630
2020-07-14 07:00:00,35.82,35.87,35.52,35.87,427110
2020-07-15 07:00:00,35.95,36.21,35.95,36.08,1198530
2020-07-16 07:00:00,36.21,36.26,35.82,36.08,1091190
2020-07-17 07:00:00,36.13,36.13,35.78,35.78,628000
2020-07-20 07:00:00,35.65,35.74,35.31,35.52,696830
2020-07-21 07:00:00,35.65,35.78,35.31,35.65,681740
2020-07-22 07:00:00,35.65,35.65,35.52,35.65,625320
2020-07-23 07:00:00,35.65,35.78,35.48,35.65,1350870
2020-07-24 07:00:00,35.48,35.57,33.92,35.0,1341540
2020-07-27 07:00:00,32.84,34.57,32.84,33.28,1274570
2020-07-28 07:00:00,33.28,34.05,33.06,33.92,910690
2020-07-29 07:00:00,32.84,33.71,32.45,33.49,833570
2020-07-30 07:00:00,33.53,33.92,33.4,33.45,937680
2020-07-31 07:00:00,32.84,33.45,32.84,33.02,672940
2020-08-03 07:00:00,32.84,34.05,32.84,34.05,422820
2020-08-04 07:00:00,34.57,35.39,34.31,35.39,616840
2020-08-05 07:00:00,35.39,35.87,34.74,35.74,778840
2020-08-06 07:00:00,35.7,35.91,35.39,35.78,802350
2020-08-07 07:00:00,35.87,35.87,35.61,35.82,518660
2020-08-10 07:00:00,35.87,35.95,35.39,35.39,576570
2020-08-11 07:00:00,35.65,35.7,35.35,35.48,312920
2020-08-12 07:00:00,35.48,35.57,35.39,35.48,310430
2020-08-13 07:00:00,35.82,35.87,35.44,35.87,385320
2020-08-14 07:00:00,35.87,35.91,35.39,35.44,820270
2020-08-17 07:00:00,35.44,35.82,35.31,35.57,389480
2020-08-18 07:00:00,35.57,35.7,35.31,35.57,331690
2020-08-19 07:00:00,35.57,35.87,35.44,35.87,586790
2020-08-20 07:00:00,35.87,36.52,35.87,35.87,1093620
2020-08-21 07:00:00,35.87,35.95,35.7,35.82,1281740
2020-08-24 07:00:00,35.87,36.56,35.87,36.26,1530010
2020-08-25 07:00:00,36.26,36.69,36.26,36.26,1748400
2020-08-26 07:00:00,36.26,36.26,36.04,36.08,1585740
2020-08-27 07:00:00,36.08,36.26,35.95,36.08,1003280
2020-08-28 07:00:00,36.13,36.26,36.0,36.04,1645430
2020-08-31 07:00:00,36.3,36.52,35.78,35.87,971310
2020-09-01 07:00:00,35.87,36.0,35.82,35.87,1625600
2020-09-03 07:00:00,36.17,37.38,36.17,37.25,2503810
2020-09-04 07:00:00,36.73,37.21,36.65,36.69,2425360
2020-09-07 07:00:00,36.6,36.78,36.13,36.13,1181750
2020-09-08 07:00:00,36.13,36.26,35.57,35.65,1985560
2020-09-09 07:00:00,35.44,35.95,35.22,35.52,1472680
2020-09-10 07:00:00,35.87,36.0,35.48,35.48,689700
2020-09-11 07:00:00,35.48,35.7,35.35,35.57,665690
2020-09-14 07:00:00,35.78,35.91,35.74,35.87,594680
2020-09-15 07:00:00,35.87,36.08,35.65,35.65,998970
2020-09-16 07:00:00,35.7,35.91,35.44,35.82,628030
2020-09-17 07:00:00,35.65,35.87,35.44,35.65,1043250
2020-09-18 07:00:00,35.61,35.87,35.61,35.82,1188400
2020-09-21 07:00:00,35.91,36.13,35.87,35.87,1671360
2020-09-22 07:00:00,35.87,36.47,35.78,36.3,1746960
2020-09-23 07:00:00,36.39,36.95,36.39,36.91,1395190
2020-09-24 07:00:00,36.34,37.25,36.34,37.21,1628730
2020-09-25 07:00:00,37.21,37.25,36.95,37.16,1107270
2020-09-28 07:00:00,37.08,37.25,36.91,37.16,1254760
2020-09-29 07:00:00,37.16,37.21,36.21,36.56,1609090
2020-09-30 07:00:00,36.73,36.73,36.21,36.34,584450
2020-10-01 07:00:00,36.78,36.78,36.39,36.65,367030
2020-10-02 07:00:00,36.65,36.73,34.57,36.3,890840
2020-10-05 07:00:00,36.52,36.73,36.04,36.08,811740
2020-10-06 07:00:00,36.21,36.47,35.95,36.26,1105060
2020-10-07 07:00:00,36.13,36.82,35.91,36.73,988270
2020-10-08 07:00:00,36.95,36.95,36.21,36.65,549140
2020-10-09 07:00:00,36.52,36.73,36.52,36.65,366200
2020-10-12 07:00:00,37.16,37.6,36.65,37.12,1574610
2020-10-13 07:00:00,37.16,37.55,36.95,37.38,814530
2020-10-14 07:00:00,37.51,38.46,37.47,38.12,1206380
2020-10-15 07:00:00,38.12,38.29,37.51,38.29,1424740
2020-10-16 07:00:00,38.24,38.29,37.81,38.12,668850
2020-10-19 07:00:00,38.03,38.16,37.81,37.81,1052250
2020-10-20 07:00:00,37.6,37.94,37.55,37.9,1075780
2020-10-21 07:00:00,37.94,38.29,37.12,37.25,1452050
2020-10-22 07:00:00,37.21,37.42,36.78,37.42,1320610
2020-10-23 07:00:00,37.55,37.81,37.47,37.81,657830
2020-10-26 07:00:00,37.81,37.94,37.16,37.16,911390
2020-10-27 07:00:00,37.16,37.73,36.95,37.16,1169320
2020-10-28 07:00:00,37.16,37.38,36.08,36.39,866330
2020-10-29 07:00:00,36.47,36.65,36.08,36.13,764720
2020-10-30 07:00:00,36.13,36.47,35.78,35.87,1090610
2020-11-02 07:00:00,35.87,37.08,35.87,37.08,366300
2020-11-03 07:00:00,37.08,37.12,36.6,36.73,308550
2020-11-04 07:00:00,36.73,36.95,36.43,36.73,394660
2020-11-05 07:00:00,36.95,36.95,36.65,36.73,507960
2020-11-06 07:00:00,36.78,36.78,36.3,36.73,323160
2020-11-09 07:00:00,36.73,37.08,36.65,36.95,1007000
2020-11-10 07:00:00,37.21,37.73,36.78,36.78,1511520
2020-11-11 07:00:00,36.95,37.42,36.69,36.69,1032520
2020-11-12 07:00:00,37.03,37.38,36.99,37.34,405350
2020-11-13 07:00:00,37.42,37.55,37.25,37.55,417840
2020-11-16 07:00:00,37.68,37.94,36.73,37.08,1250340
2020-11-17 07:00:00,37.08,37.86,36.95,37.86,548250
2020-11-18 07:00:00,37.86,37.9,37.6,37.86,906810
2020-11-19 07:00:00,37.9,38.98,37.77,38.98,2584440
2020-11-20 07:00:00,39.33,39.97,38.94,39.97,1231960
2020-11-23 07:00:00,39.8,39.93,39.33,39.58,648830
2020-11-24 07:00:00,39.76,39.93,39.24,39.93,996580
2020-11-25 07:00:00,39.97,40.71,39.89,40.41,1088020
2020-11-26 07:00:00,40.41,40.62,40.02,40.62,698350
2020-11-27 07:00:00,40.62,40.84,40.28,40.84,1210580
2020-11-30 07:00:00,40.49,40.62,39.54,40.19,1448340
2020-12-01 07:00:00,39.2,40.28,39.2,39.76,1162270
2020-12-02 07:00:00,39.76,40.41,39.54,40.41,746710
2020-12-03 07:00:00,40.41,40.58,39.93,40.41,736760
2020-12-04 07:00:00,40.28,40.41,39.37,39.37,860900
2020-12-07 07:00:00,39.5,40.32,39.5,40.23,945460
2020-12-08 07:00:00,40.19,40.58,39.54,40.23,702820
2020-12-09 07:00:00,40.45,41.7,40.28,41.7,1198160
2020-12-10 07:00:00,41.7,42.22,41.66,42.0,1299820
2020-12-11 07:00:00,42.0,42.05,41.44,42.0,776190
2020-12-14 07:00:00,42.0,43.17,41.44,43.17,931080
2020-12-15 07:00:00,42.78,43.13,41.7,42.26,1433260
2020-12-16 07:00:00,42.57,43.17,42.26,43.17,740700
2020-12-17 07:00:00,42.61,42.61,41.05,41.49,2305960
2020-12-18 07:00:00,41.49,42.74,41.49,42.74,1053200
2020-12-21 07:00:00,43.09,43.13,42.39,43.09,697030
2020-12-22 07:00:00,42.7,42.74,42.48,42.65,748840
2020-12-23 07:00:00,42.48,42.91,42.22,42.48,666390
2020-12-24 07:00:00,42.65,42.65,41.82,42.39,815730
2020-12-25 07:00:00,42.26,42.52,42.13,42.52,314960
2020-12-28 07:00:00,42.7,42.78,42.39,42.7,836090
2020-12-29 07:00:00,42.7,43.48,42.61,43.22,696510
2020-12-30 07:00:00,43.22,43.39,42.48,42.65,509510
2020-12-31 07:00:00,42.65,43.13,42.26,42.65,367140
2021-01-04 07:00:00,42.7,43.48,42.39,43.13,855900
2021-01-05 07:00:00,43.13,43.83,43.13,43.26,739200
2021-01-06 07:00:00,43.35,46.27,43.26,45.75,2080400
2021-01-07 07:00:00,45.31,47.27,45.31,46.62,889000
2021-01-08 07:00:00,47.05,47.05,45.53,45.66,963900
2021-01-11 07:00:00,45.57,46.05,45.35,45.53,847400
2021-01-12 07:00:00,46.01,46.01,45.4,46.01,634900
2021-01-13 07:00:00,46.01,46.22,45.31,45.66,1064200
2021-01-14 07:00:00,45.75,45.83,45.0,45.27,832200
2021-01-15 07:00:00,45.66,45.7,44.66,44.96,1099800
2021-01-18 07:00:00,45.09,45.75,44.87,45.0,1060400
2021-01-19 07:00:00,44.92,45.0,41.87,43.13,1130300
2021-01-20 07:00:00,43.13,46.14,42.7,43.17,2093000
2021-01-21 07:00:00,43.17,44.87,42.7,44.87,1283700
2021-01-22 07:00:00,44.87,45.31,44.44,44.87,1268500
2021-01-25 07:00:00,44.05,44.87,44.05,44.66,725900
2021-01-26 07:00:00,44.66,44.66,43.13,43.96,970500
2021-01-27 07:00:00,43.17,43.57,40.91,42.43,1566800
2021-01-28 07:00:00,40.08,40.65,39.47,39.47,1205500
2021-01-29 07:00:00,37.25,42.22,37.25,40.52,1359000
2021-02-01 07:00:00,41.82,41.82,39.65,39.69,1309600
2021-02-02 07:00:00,40.08,42.13,40.08,42.04,1064500
2021-02-03 07:00:00,42.65,43.13,42.09,43.09,1454600
2021-02-04 07:00:00,43.09,43.13,40.91,43.09,967300
2021-02-05 07:00:00,43.09,43.57,42.65,43.57,897400
2021-02-08 07:00:00,43.13,43.48,40.56,41.0,2902200
2021-02-09 07:00:00,42.26,42.43,40.56,42.35,2978900
2021-02-17 07:00:00,42.48,43.57,42.48,43.57,1054100
2021-02-18 07:00:00,43.13,44.44,42.7,44.44,1688900
2021-02-19 07:00:00,43.22,44.31,43.17,44.13,1851200
2021-02-22 07:00:00,43.78,44.44,43.7,43.83,1388700
2021-02-23 07:00:00,43.57,44.0,43.22,43.57,1441400
2021-02-24 07:00:00,43.78,44.0,42.04,42.74,1265300
2021-02-25 07:00:00,43.13,43.35,42.52,42.78,896100
2021-02-26 07:00:00,42.39,43.13,42.26,42.78,1070700
2021-03-01 07:00:00,42.78,43.26,42.78,43.22,911200
2021-03-02 07:00:00,43.57,44.35,42.7,43.26,1189600
2021-03-03 07:00:00,42.83,43.31,42.78,42.87,915600
2021-03-04 07:00:00,42.96,43.35,40.56,42.39,1118100
2021-03-05 07:00:00,42.3,42.35,41.39,42.0,1661600
2021-03-08 07:00:00,42.26,42.26,41.39,41.48,1501800
2021-03-09 07:00:00,41.39,41.39,40.56,41.39,1344300
2021-03-10 07:00:00,41.39,41.74,40.95,41.61,1063900
2021-03-11 07:00:00,41.74,42.17,41.74,41.95,1009800
2021-03-12 07:00:00,41.95,42.04,41.17,41.74,1259800
2021-03-15 07:00:00,41.82,42.26,41.61,41.95,1438400
2021-03-16 07:00:00,41.82,41.82,41.43,41.69,655800
2021-03-17 07:00:00,41.61,41.74,41.39,41.65,1239400
2021-03-18 07:00:00,41.91,42.48,41.61,42.48,1609100
2021-03-19 07:00:00,42.3,42.3,41.04,41.04,1595700
2021-03-22 07:00:00,41.82,42.48,41.56,42.26,1902000
2021-03-23 07:00:00,42.22,42.22,41.56,41.74,940800
2021-03-24 07:00:00,41.39,41.78,41.0,41.26,1422500
2021-03-25 07:00:00,41.26,41.82,41.17,41.43,1160300
2021-03-26 07:00:00,41.39,41.61,40.82,41.34,1196800
2021-03-29 07:00:00,41.48,41.74,40.74,41.52,1195800
2021-03-30 07:00:00,41.52,41.52,41.0,41.3,1748700
2021-03-31 07:00:00,41.17,41.43,41.0,41.3,944600
2021-04-01 07:00:00,41.48,42.56,41.48,42.22,2697600
2021-04-02 07:00:00,42.48,42.91,42.22,42.61,2277500
2021-04-05 07:00:00,43.57,44.79,42.96,44.44,3592400
2021-04-06 07:00:00,44.44,44.66,43.78,44.39,2243200
2021-04-07 07:00:00,44.0,44.44,43.74,44.39,1182700
2021-04-08 07:00:00,44.39,44.39,43.35,43.57,1575400
2021-04-09 07:00:00,43.35,43.35,42.48,42.48,2101700
2021-04-12 07:00:00,42.91,43.22,42.43,43.09,2670100
2021-04-13 07:00:00,43.57,43.57,42.48,42.48,1670900
2021-04-14 07:00:00,42.39,43.0,42.22,43.0,1336800
2021-04-15 07:00:00,43.48,43.48,42.17,42.48,2152800
2021-04-16 07:00:00,42.39,42.91,41.82,41.95,1515900
2021-04-19 07:00:00,42.26,42.91,41.74,42.91,1387500
2021-04-20 07:00:00,43.17,45.75,42.91,44.87,6274200
2021-04-22 07:00:00,44.87,46.01,44.53,44.87,2981300
2021-04-23 07:00:00,44.87,45.31,43.78,45.31,2285300
2021-04-26 07:00:00,45.31,45.31,42.65,42.96,3595400
2021-04-27 07:00:00,42.96,43.39,42.56,43.13,1191800
2021-04-28 07:00:00,43.13,43.26,42.56,43.13,1426900
2021-04-29 07:00:00,43.13,43.57,42.7,43.57,1615700
2021-05-04 07:00:00,43.13,43.39,42.7,43.17,1496300
2021-05-05 07:00:00,43.17,44.44,43.17,44.09,1826700
2021-05-06 07:00:00,44.09,44.31,43.13,43.26,1161200
2021-05-07 07:00:00,43.09,43.13,42.13,42.26,2284800
2021-05-10 07:00:00,42.13,42.78,41.78,42.74,1674000
2021-05-11 07:00:00,42.78,43.26,42.48,42.65,1171500
2021-05-12 07:00:00,42.65,42.65,42.26,42.39,1218300
2021-05-13 07:00:00,42.35,42.61,42.17,42.17,1698000
2021-05-14 07:00:00,42.43,42.83,42.09,42.22,1403600
2021-05-17 07:00:00,42.3,42.39,41.74,41.82,1715100
2021-05-18 07:00:00,41.52,41.82,41.17,41.21,2103400
2021-05-19 07:00:00,41.21,41.21,40.87,41.0,1678100
2021-05-20 07:00:00,41.0,43.13,41.0,43.13,1904100
2021-05-21 07:00:00,41.95,42.7,41.82,42.17,1459200
2021-05-24 07:00:00,42.48,42.91,42.04,42.43,1814700
2021-05-25 07:00:00,42.43,43.57,42.43,43.48,3816000
2021-05-26 07:00:00,43.52,44.35,43.44,43.74,2356000
2021-05-27 07:00:00,43.74,43.74,42.7,43.0,1455000
2021-05-28 07:00:00,43.13,44.05,42.52,43.39,2196000
2021-05-31 07:00:00,44.0,44.0,42.83,42.96,2621000
2021-06-01 07:00:00,43.31,45.4,43.0,45.18,4533500
2021-06-02 07:00:00,45.31,46.83,45.18,46.18,4274100
2021-06-03 07:00:00,46.22,47.05,46.18,46.49,2802000
2021-06-04 07:00:00,46.4,46.4,45.35,45.7,2405800
2021-06-07 07:00:00,45.44,45.7,44.09,44.87,2969900
2021-06-08 07:00:00,44.87,45.31,43.57,43.57,2351600
2021-06-09 07:00:00,43.57,44.44,43.22,44.44,2393900
2021-06-10 07:00:00,44.44,44.83,43.57,44.35,2262500
2021-06-11 07:00:00,44.05,45.09,43.78,44.79,2048000
2021-06-14 07:00:00,44.48,45.05,44.13,44.44,1459700
2021-06-15 07:00:00,44.48,44.87,44.0,44.79,1420700
2021-06-16 07:00:00,44.66,46.18,44.66,45.31,2898400
2021-06-17 07:00:00,45.31,45.75,44.44,45.4,1557000
2021-06-18 07:00:00,45.53,47.49,45.44,47.27,3234900
2021-06-21 07:00:00,47.05,47.14,46.18,46.44,2107900
2021-06-22 07:00:00,46.66,47.27,46.4,46.88,1481900
2021-06-23 07:00:00,47.05,48.36,46.62,47.79,2248600
2021-06-24 07:00:00,47.92,48.27,46.97,48.23,1143400
2021-06-25 07:00:00,48.23,49.14,47.44,49.06,1688800
2021-06-28 07:00:00,49.06,49.23,48.4,49.06,1524500
2021-06-29 07:00:00,48.79,49.67,48.58,49.67,1853100
2021-06-30 07:00:00,49.67,51.06,49.67,50.71,2768000
2021-07-01 07:00:00,50.84,50.89,50.1,50.71,1836400
2021-07-02 07:00:00,50.71,50.8,49.67,50.06,1727200
2021-07-05 07:00:00,49.62,49.62,48.32,49.49,2049100
2021-07-06 07:00:00,49.01,50.1,48.79,48.79,1249600
2021-07-07 07:00:00,48.79,49.4,46.18,49.4,2679800
2021-07-08 07:00:00,48.45,49.23,47.49,48.36,1384100
2021-07-09 07:00:00,47.92,48.4,46.53,47.84,2936900
2021-07-12 07:00:00,47.71,47.71,44.92,46.66,2480600
2021-07-13 07:00:00,46.57,46.57,44.48,45.05,1865300
2021-07-14 07:00:00,45.05,45.09,43.57,44.35,2251700
2021-07-15 07:00:00,43.65,45.53,43.65,44.66,2319400
2021-07-16 07:00:00,44.66,45.05,44.0,44.66,1467300
2021-07-19 07:00:00,43.57,43.65,41.78,42.26,2542200
2021-07-20 07:00:00,42.61,44.0,40.74,43.65,2386000
2021-07-21 07:00:00,43.35,43.78,42.83,43.13,1463700
2021-07-22 07:00:00,43.09,43.87,42.7,43.7,1455800
2021-07-23 07:00:00,43.26,43.48,42.26,42.26,1700300
2021-07-26 07:00:00,42.04,42.48,41.69,41.82,1264200
2021-07-27 07:00:00,42.48,42.52,41.39,41.39,2654200
2021-07-28 07:00:00,41.43,42.26,41.43,42.26,1490800
2021-07-29 07:00:00,42.43,42.65,42.26,42.65,1191800
2021-07-30 07:00:00,42.39,43.04,42.35,42.7,1354600
2021-08-02 07:00:00,42.26,43.0,42.0,42.26,1285000
2021-08-03 07:00:00,42.3,43.04,42.26,43.04,1265700
2021-08-04 07:00:00,43.22,43.26,42.74,42.91,1160300
2021-08-05 07:00:00,42.7,43.35,42.65,43.31,1127700
2021-08-06 07:00:00,43.48,43.48,42.74,42.74,1114400
2021-08-09 07:00:00,42.74,43.09,42.56,42.83,1228900
2021-08-10 07:00:00,43.13,43.22,42.91,43.13,1556400
2021-08-11 07:00:00,43.26,44.31,43.17,43.78,1711800
2021-08-12 07:00:00,43.78,43.92,43.35,43.52,986600
2021-08-13 07:00:00,43.52,43.52,42.83,43.39,1328900
2021-08-16 07:00:00,43.39,43.83,43.13,43.83,1992400
2021-08-17 07:00:00,44.66,44.87,44.0,44.0,1688700
2021-08-18 07:00:00,44.0,44.66,43.44,44.0,1848000
2021-08-19 07:00:00,43.87,44.87,43.48,44.79,2576600
2021-08-20 07:00:00,44.09,44.39,43.31,43.61,1798500
2021-08-23 07:00:00,43.13,43.57,42.09,42.39,2136200
2021-08-24 07:00:00,43.22,43.22,42.04,42.26,1069100
2021-08-25 07:00:00,42.26,43.13,42.17,42.48,1069200
2021-08-26 07:00:00,42.61,43.13,42.17,42.17,1076900
2021-08-27 07:00:00,41.82,42.91,41.82,42.61,1106600
2021-08-30 07:00:00,42.87,43.31,42.61,43.26,1221700
2021-08-31 07:00:00,43.35,43.52,42.83,43.31,747500
2021-09-01 07:00:00,43.31,43.52,41.82,43.31,907500
2021-09-06 07:00:00,43.31,43.61,43.31,43.57,905000
2021-09-07 07:00:00,43.52,43.92,43.48,43.57,1041800
2021-09-08 07:00:00,43.57,43.61,42.17,43.44,863000
2021-09-09 07:00:00,43.44,43.61,42.96,43.26,817200
2021-09-10 07:00:00,43.48,43.48,42.96,43.22,857800
2021-09-13 07:00:00,43.04,43.13,42.74,42.74,1043100
2021-09-14 07:00:00,42.74,42.91,42.26,42.83,1230500
2021-09-15 07:00:00,42.83,42.83,42.3,42.3,798500
2021-09-16 07:00:00,43.09,43.09,42.48,42.74,570400
2021-09-17 07:00:00,42.48,42.87,42.35,42.35,1002200
2021-09-20 07:00:00,42.39,44.0,42.39,43.39,1277900
2021-09-21 07:00:00,43.35,43.48,42.7,42.7,862000
2021-09-22 07:00:00,42.87,43.35,42.7,43.35,362800
2021-09-23 07:00:00,43.39,43.74,42.91,43.35,676000
2021-09-24 07:00:00,43.35,43.48,43.26,43.35,454700
2021-09-27 07:00:00,43.35,43.44,42.7,42.7,465500
2021-09-28 07:00:00,42.61,43.26,42.48,43.22,484500
2021-09-29 07:00:00,43.35,43.35,42.48,42.91,565000
2021-09-30 07:00:00,42.91,42.96,42.3,42.35,1199900
2021-10-01 07:00:00,42.39,42.78,41.74,41.78,1611900
2021-10-04 07:00:00,41.82,42.04,41.13,41.21,913400
2021-10-05 07:00:00,41.43,41.87,41.43,41.65,973700
2021-10-06 07:00:00,41.65,41.65,41.3,41.65,691200
2021-10-07 07:00:00,41.65,42.17,41.39,42.17,797200
2021-10-08 07:00:00,42.09,42.26,41.65,42.26,697000
2021-10-11 07:00:00,42.26,42.87,42.17,42.48,1096000
2021-10-12 07:00:00,42.83,42.83,42.26,42.26,761100
2021-10-13 07:00:00,42.65,42.7,42.26,42.26,1426300
2021-10-14 07:00:00,42.26,42.35,41.78,42.13,1784700
2021-10-15 07:00:00,42.17,42.39,42.04,42.04,731500
2021-10-18 07:00:00,41.95,42.26,41.39,41.82,1247900
2021-10-19 07:00:00,41.87,42.04,41.48,42.0,836300
2021-10-20 07:00:00,42.0,42.13,40.95,41.39,1561000
2021-10-21 07:00:00,41.56,41.82,40.95,40.95,1226100
2021-10-22 07:00:00,41.39,41.39,40.95,41.08,240000
2021-10-25 07:00:00,41.78,41.78,41.0,41.0,800600
2021-10-26 07:00:00,41.0,41.21,40.78,40.95,632000
2021-10-27 07:00:00,41.21,42.04,41.08,41.87,1428600
2021-10-28 07:00:00,42.09,42.65,41.87,42.65,1772600
2021-10-29 07:00:00,42.39,42.87,42.22,42.7,1263800
2021-11-01 07:00:00,42.74,42.78,42.26,42.26,1057500
2021-11-02 07:00:00,42.43,42.7,42.39,42.65,808300
2021-11-03 07:00:00,42.56,43.04,42.39,43.0,1830000
2021-11-04 07:00:00,43.0,43.04,42.35,42.87,989400
2021-11-05 07:00:00,42.48,43.13,42.26,42.48,1126300
2021-11-08 07:00:00,42.74,42.87,42.48,42.78,1184200
2021-11-09 07:00:00,42.7,42.96,42.26,42.3,1377600
2021-11-10 07:00:00,42.3,42.78,42.17,42.52,857100
2021-11-11 07:00:00,42.61,43.26,42.26,42.83,1115600
2021-11-12 07:00:00,42.83,42.83,42.48,42.78,614800
2021-11-15 07:00:00,42.83,43.13,42.35,42.56,766700
2021-11-16 07:00:00,42.56,42.91,42.26,42.35,706300
2021-11-17 07:00:00,42.35,42.74,42.35,42.7,788300
2021-11-18 07:00:00,42.83,42.83,42.26,42.26,709700
2021-11-19 07:00:00,42.35,42.65,42.3,42.3,413000
2021-11-22 07:00:00,42.39,43.09,42.3,43.04,1017300
2021-11-23 07:00:00,43.13,43.17,42.78,43.17,549200
2021-11-24 07:00:00,43.22,46.01,43.22,45.66,1883300
2021-11-25 07:00:00,45.75,47.05,45.57,46.66,1473200
2021-11-26 07:00:00,46.49,47.14,45.31,45.75,879600
2021-11-29 07:00:00,45.0,45.7,44.0,44.05,851000
2021-11-30 07:00:00,45.31,45.31,43.09,43.09,1336500
2021-12-01 07:00:00,43.31,44.22,42.83,43.13,551500
2021-12-02 07:00:00,43.7,43.92,43.04,43.17,787700
2021-12-03 07:00:00,43.22,43.92,42.48,42.7,795900
2021-12-06 07:00:00,42.7,43.57,41.56,41.56,1008600
2021-12-07 07:00:00,41.87,43.31,41.87,42.78,820000
2021-12-08 07:00:00,42.7,43.31,42.7,43.0,507500
2021-12-09 07:00:00,42.43,43.31,42.39,43.22,805400
2021-12-10 07:00:00,44.0,44.79,43.52,43.57,1881200
2021-12-13 07:00:00,44.44,44.44,43.22,43.39,1038000
2021-12-14 07:00:00,43.39,43.78,43.17,43.26,862300
2021-12-15 07:00:00,43.35,43.87,43.13,43.52,732300
2021-12-16 07:00:00,43.92,43.92,42.74,43.17,1047100
2021-12-17 07:00:00,43.57,43.57,42.04,42.04,3475700
2021-12-20 07:00:00,42.91,43.35,42.74,43.35,736900
2021-12-21 07:00:00,43.13,43.48,42.91,43.09,774100
2021-12-22 07:00:00,43.31,43.76,43.09,43.26,1915300
2021-12-23 07:00:00,43.59,44.38,43.03,43.03,1489000
2021-12-24 07:00:00,43.2,44.16,43.2,44.16,849400
2021-12-27 07:00:00,44.38,45.17,43.82,44.89,934100
2021-12-28 07:00:00,45.0,45.56,43.88,45.0,1168800
2021-12-29 07:00:00,44.72,44.89,44.49,44.72,440000
2021-12-30 07:00:00,44.89,44.94,43.71,44.1,920300
2021-12-31 07:00:00,44.44,44.55,44.1,44.33,422000
2022-01-04 07:00:00,44.44,44.66,43.88,44.44,1133800
2022-01-05 07:00:00,44.44,45.23,43.88,43.88,1603100
2022-01-06 07:00:00,44.21,44.94,43.82,44.49,1215600
2022-01-07 07:00:00,44.78,44.94,43.99,44.89,966200
2022-01-10 07:00:00,44.83,44.94,44.16,44.72,1097000
2022-01-11 07:00:00,45.0,45.0,44.16,44.66,952700
2022-01-12 07:00:00,44.66,45.0,43.88,45.0,1801500
2022-01-13 07:00:00,45.28,47.48,45.11,46.07,2532800
2022-01-14 07:00:00,46.07,46.91,45.56,46.91,1522100
2022-01-17 07:00:00,46.69,49.5,46.29,48.49,2628500
2022-01-18 07:00:00,48.09,49.28,47.25,49.28,1696600
2022-01-19 07:00:00,49.22,49.22,47.81,48.83,914800
2022-01-20 07:00:00,47.93,49.22,46.74,48.99,2794300
2022-01-21 07:00:00,48.88,50.63,48.43,50.18,2502300
2022-01-24 07:00:00,50.29,52.59,49.61,52.31,2728300
2022-01-25 07:00:00,52.03,54.0,50.06,53.89,2396600
2022-01-26 07:00:00,53.89,53.89,52.09,53.16,2523500
2022-01-27 07:00:00,52.31,53.16,50.85,51.19,1732900
2022-01-28 07:00:00,51.19,51.75,50.06,50.06,2055700
2022-02-07 07:00:00,50.96,52.26,50.34,51.98,1620800
2022-02-08 07:00:00,51.98,51.98,50.68,51.75,1146400
2022-02-09 07:00:00,51.3,51.69,50.79,51.08,1582900
2022-02-10 07:00:00,51.24,52.54,51.19,51.36,1827200
2022-02-11 07:00:00,51.36,51.53,50.63,50.63,1158400
2022-02-14 07:00:00,49.56,49.95,48.38,48.38,3629100
2022-02-15 07:00:00,48.38,49.67,47.14,48.94,2453500
2022-02-16 07:00:00,49.22,49.44,48.6,48.94,1286000
2022-02-17 07:00:00,48.94,49.33,48.83,49.22,1431200
2022-02-18 07:00:00,48.6,49.22,48.6,49.05,1066200
2022-02-21 07:00:00,48.71,49.28,48.71,49.16,1017900
2022-02-22 07:00:00,48.94,48.94,47.81,48.83,1540200
2022-02-23 07:00:00,48.94,48.94,48.26,48.88,986300
2022-02-24 07:00:00,48.77,48.83,47.81,47.98,2078700
2022-02-25 07:00:00,47.98,48.32,47.81,47.87,1616500
2022-02-28 07:00:00,47.87,47.87,47.48,47.53,1322100
2022-03-01 07:00:00,47.53,48.04,47.31,47.81,1295400
2022-03-02 07:00:00,48.15,48.15,47.36,47.81,1655600
2022-03-03 07:00:00,47.81,48.09,47.64,48.09,1052200
2022-03-04 07:00:00,47.93,48.09,47.7,47.76,1058100
2022-03-07 07:00:00,47.42,47.76,47.19,47.76,1002800
2022-03-08 07:00:00,47.14,47.53,45.84,45.84,2936300
2022-03-09 07:00:00,46.01,46.74,45.96,46.69,1325300
2022-03-10 07:00:00,46.69,47.08,46.63,46.97,1154100
2022-03-11 07:00:00,47.08,47.19,46.69,47.14,876100
2022-03-14 07:00:00,46.86,47.36,46.8,47.36,1438200
2022-03-15 07:00:00,47.25,47.31,45.56,45.62,2385900
2022-03-16 07:00:00,45.73,46.8,45.73,46.41,1000600
2022-03-17 07:00:00,46.69,46.97,46.52,46.69,1222400
2022-03-18 07:00:00,46.74,47.93,46.63,47.36,1406600
2022-03-21 07:00:00,47.36,48.09,47.25,47.76,933900
2022-03-22 07:00:00,47.76,48.09,47.76,47.76,775100
2022-03-23 07:00:00,47.76,48.15,47.76,47.76,966600
2022-03-24 07:00:00,47.76,47.76,46.97,46.97,570200
2022-03-25 07:00:00,47.25,47.25,46.13,46.41,1137800
2022-03-28 07:00:00,46.69,46.69,46.13,46.35,725400
2022-03-29 07:00:00,46.35,46.69,45.9,46.07,1018600
2022-03-30 07:00:00,46.01,46.97,45.84,46.13,913900
2022-03-31 07:00:00,46.13,46.46,46.13,46.18,492400
2022-04-01 07:00:00,46.18,47.03,45.62,46.58,900300
2022-04-04 07:00:00,46.8,47.31,46.46,46.46,712000
2022-04-05 07:00:00,46.58,46.8,46.46,46.69,526100
2022-04-06 07:00:00,46.63,47.81,45.96,47.59,2009600
2022-04-07 07:00:00,47.76,47.93,46.69,46.69,928000
2022-04-08 07:00:00,47.19,47.19,46.63,46.69,788200
2022-04-12 07:00:00,46.69,46.8,45.9,46.35,841300
2022-04-13 07:00:00,46.69,46.74,46.13,46.35,850700
2022-04-14 07:00:00,46.35,46.63,45.56,45.56,1151400
2022-04-15 07:00:00,45.68,45.84,45.11,45.11,894800
2022-04-18 07:00:00,45.0,45.11,43.65,43.71,1237300
2022-04-19 07:00:00,43.76,44.16,43.65,43.71,1003400
2022-04-20 07:00:00,43.88,44.38,43.71,44.1,904600
2022-04-21 07:00:00,44.1,44.55,43.99,44.1,2178200
2022-04-22 07:00:00,44.49,46.46,44.49,46.24,2776600
2022-04-25 07:00:00,46.24,46.69,43.31,46.01,2479400
2022-04-26 07:00:00,44.44,45.28,44.44,45.28,1912000
2022-04-27 07:00:00,44.94,46.13,43.99,45.84,1429800
2022-04-28 07:00:00,45.84,45.9,44.72,45.84,564100
2022-04-29 07:00:00,45.79,46.29,45.0,45.51,1259200
2022-05-04 07:00:00,45.51,45.56,44.44,44.94,892600
2022-05-05 07:00:00,45.28,45.84,44.78,45.56,1019300
2022-05-06 07:00:00,44.83,45.68,44.66,44.66,775900
2022-05-09 07:00:00,44.33,45.23,43.76,43.82,1674200
2022-05-10 07:00:00,43.37,45.0,43.37,45.0,926000
2022-05-11 07:00:00,45.0,45.17,44.44,45.0,931300
2022-05-12 07:00:00,44.44,44.94,43.31,43.31,972300
2022-05-13 07:00:00,43.31,43.88,41.06,41.06,1963600
2022-05-16 07:00:00,42.47,42.98,41.63,41.74,1558800
2022-05-17 07:00:00,41.74,43.31,41.12,42.75,2262300
2022-05-18 07:00:00,43.31,43.31,42.19,42.41,881000
2022-05-19 07:00:00,42.19,43.14,42.08,42.75,575800
2022-05-20 07:00:00,42.24,43.03,42.19,42.36,661800
2022-05-23 07:00:00,42.53,42.53,41.4,41.85,631600
2022-05-24 07:00:00,42.13,42.58,41.79,42.53,898700
2022-05-25 07:00:00,42.75,43.31,42.08,43.31,817000
2022-05-26 07:00:00,43.31,43.37,42.75,43.14,978900
2022-05-27 07:00:00,43.14,43.54,42.92,43.54,892000
2022-05-30 07:00:00,43.54,45.56,42.98,43.88,1327400
2022-05-31 07:00:00,44.38,44.38,43.88,44.38,483700
2022-06-01 07:00:00,44.44,45.28,44.44,45.28,798800
2022-06-02 07:00:00,45.45,45.45,44.44,44.44,641400
2022-06-03 07:00:00,44.1,44.72,42.98,43.59,527800
2022-06-06 07:00:00,43.59,45.0,42.24,44.83,880500
2022-06-07 07:00:00,44.44,46.13,43.93,45.56,933000
2022-06-08 07:00:00,45.56,45.56,44.33,44.55,1164700
2022-06-09 07:00:00,44.44,44.94,43.71,43.76,1067500
2022-06-10 07:00:00,43.76,44.44,43.54,43.71,390900
2022-06-13 07:00:00,43.31,43.31,41.68,42.98,1105800
2022-06-14 07:00:00,42.47,43.93,41.63,43.31,1066200
2022-06-15 07:00:00,43.54,44.04,42.36,43.03,1243600
2022-06-16 07:00:00,43.14,45.0,43.03,44.49,1209600
2022-06-17 07:00:00,43.31,44.04,42.81,42.81,1050600
2022-06-20 07:00:00,44.72,44.72,42.36,42.75,1089700
2022-06-21 07:00:00,42.75,43.71,42.3,43.71,937100
2022-06-22 07:00:00,43.82,43.88,42.19,42.75,1069200
2022-06-23 07:00:00,42.24,43.14,42.13,42.69,590200
2022-06-24 07:00:00,42.86,42.92,41.96,42.19,648600
2022-06-27 07:00:00,42.47,42.75,42.08,42.13,862500
2022-06-28 07:00:00,42.19,43.31,42.08,42.92,1095800
2022-06-29 07:00:00,42.64,42.69,42.36,42.47,847500
2022-06-30 07:00:00,42.47,42.75,42.08,42.08,678400
2022-07-01 07:00:00,41.91,42.19,41.01,41.63,1383000
2022-07-04 07:00:00,42.13,42.3,41.57,41.68,746200
2022-07-05 07:00:00,42.13,42.13,41.4,41.63,1064500
2022-07-06 07:00:00,41.46,41.57,38.76,40.95,1548200
2022-07-07 07:00:00,40.89,42.47,40.33,42.47,1258400
2022-07-08 07:00:00,42.13,42.19,41.57,41.63,761000
2022-07-11 07:00:00,41.23,41.34,40.5,40.5,660800
2022-07-12 07:00:00,40.56,40.84,40.33,40.44,811500
2022-07-13 07:00:00,40.39,41.29,40.16,40.39,1379900
2022-07-14 07:00:00,40.39,40.95,40.28,40.73,329400
2022-07-15 07:00:00,40.56,41.34,40.56,40.67,597500
2022-07-18 07:00:00,40.78,41.01,40.5,40.5,391400
2022-07-19 07:00:00,40.5,40.56,39.99,40.11,812100
2022-07-20 07:00:00,40.28,40.78,40.28,40.78,544900
2022-07-21 07:00:00,40.78,41.01,40.56,40.78,1164600
2022-07-22 07:00:00,40.56,40.89,40.5,40.78,1009600
2022-07-25 07:00:00,40.73,41.18,40.5,41.01,962700
2022-07-26 07:00:00,41.18,41.85,41.18,41.57,1119800
2022-07-27 07:00:00,41.63,42.19,41.46,42.19,1259900
2022-07-28 07:00:00,42.41,42.53,42.08,42.36,1164800
2022-07-29 07:00:00,42.41,42.47,42.02,42.02,1176000
2022-08-01 07:00:00,42.02,43.31,41.85,43.31,1577300
2022-08-02 07:00:00,43.31,44.55,42.75,44.38,1777800
2022-08-03 07:00:00,44.04,44.72,43.88,44.72,1005700
2022-08-04 07:00:00,44.72,46.41,44.66,46.41,2261100
2022-08-05 07:00:00,46.13,46.35,45.62,46.13,1395800
2022-08-08 07:00:00,46.13,46.41,46.07,46.13,915000
2022-08-09 07:00:00,46.13,46.13,44.94,45.45,1217900
2022-08-10 07:00:00,45.06,45.56,45.06,45.28,507500
2022-08-11 07:00:00,45.73,46.13,45.34,45.84,1171500
2022-08-12 07:00:00,45.84,46.07,45.51,45.9,1251800
2022-08-15 07:00:00,46.13,46.29,45.96,46.01,1259500
2022-08-16 07:00:00,46.13,46.13,45.62,45.84,687100
2022-08-17 07:00:00,45.68,45.96,45.68,45.84,764000
2022-08-18 07:00:00,45.73,46.13,45.68,45.84,1568600
2022-08-19 07:00:00,45.34,46.13,45.34,45.51,1148000
2022-08-22 07:00:00,45.06,45.84,45.0,45.0,525800
2022-08-23 07:00:00,45.0,45.73,44.94,45.11,648000
2022-08-24 07:00:00,45.68,46.63,45.17,46.13,1083700
2022-08-25 07:00:00,46.24,46.24,45.73,46.13,538800
2022-08-26 07:00:00,46.13,47.08,46.13,46.41,1559500
2022-08-29 07:00:00,45.79,46.41,45.51,46.41,951500
2022-08-30 07:00:00,46.41,48.38,46.41,48.38,2502800
2022-08-31 07:00:00,48.38,48.66,47.25,47.25,1055900
2022-09-05 07:00:00,47.25,47.42,46.41,46.46,1547800
2022-09-06 07:00:00,46.46,47.25,46.18,46.52,1027300
2022-09-07 07:00:00,46.13,46.41,44.89,45.0,2293300
2022-09-08 07:00:00,45.51,45.51,43.88,43.88,1074300
2022-09-09 07:00:00,44.16,44.61,43.99,44.33,1029200
2022-09-12 07:00:00,44.78,44.83,44.33,44.49,700800
2022-09-13 07:00:00,44.66,44.66,44.21,44.21,1187900
2022-09-14 07:00:00,43.43,44.72,43.31,44.04,1085800
2022-09-15 07:00:00,44.16,44.61,43.93,44.55,611900
2022-09-16 07:00:00,44.61,45.0,44.16,45.0,1519200
2022-09-19 07:00:00,44.44,45.11,43.88,44.33,938500
2022-09-20 07:00:00,44.33,45.0,44.21,44.55,521200
2022-09-21 07:00:00,44.61,44.78,43.82,44.38,499200
2022-09-22 07:00:00,43.71,44.21,43.59,43.88,1183000
2022-09-23 07:00:00,43.43,43.71,42.64,42.69,1034100
2022-09-26 07:00:00,42.24,43.31,41.68,42.19,1255900
2022-09-27 07:00:00,42.75,42.75,41.74,41.79,653400
2022-09-28 07:00:00,41.63,42.19,41.51,42.19,587700
2022-09-29 07:00:00,42.75,42.75,41.63,41.63,587800
2022-09-30 07:00:00,41.18,41.79,40.73,41.18,1262400
2022-10-03 07:00:00,41.34,41.51,39.54,39.71,894900
2022-10-04 07:00:00,39.38,40.44,39.09,40.11,1280900
2022-10-05 07:00:00,40.16,40.5,39.99,40.22,835000
2022-10-06 07:00:00,40.5,40.5,39.32,39.43,751500
2022-10-07 07:00:00,39.15,39.15,36.73,37.52,2113700
2022-10-10 07:00:00,37.41,38.08,36.06,36.62,1317000
2022-10-11 07:00:00,36.73,37.13,34.88,34.88,1161700
2022-10-12 07:00:00,35.44,36.73,34.99,36.0,1517400
2022-10-13 07:00:00,36.06,37.41,35.27,37.41,1596800
2022-10-14 07:00:00,38.53,38.53,37.86,38.31,1599300
2022-10-17 07:00:00,37.86,38.25,36.84,37.29,1241400
2022-10-18 07:00:00,38.25,38.25,37.86,38.08,885000
2022-10-19 07:00:00,38.19,38.25,37.86,38.19,627400
2022-10-20 07:00:00,38.19,39.38,37.74,38.93,1517200
2022-10-21 07:00:00,38.93,39.77,38.25,38.25,1283700
2022-10-24 07:00:00,39.09,39.09,37.01,38.25,670100
2022-10-25 07:00:00,37.13,39.71,37.13,39.32,1535500
2022-10-26 07:00:00,39.71,39.71,38.53,39.38,591400
2022-10-27 07:00:00,39.66,41.01,38.98,40.33,1297800
2022-10-28 07:00:00,40.78,41.91,40.28,40.28,1561000
2022-10-31 07:00:00,41.34,41.34,40.78,41.34,659400
2022-11-01 07:00:00,41.63,42.19,41.23,42.19,826100
2022-11-02 07:00:00,41.63,41.91,40.5,41.4,1255100
2022-11-03 07:00:00,40.5,41.29,40.5,41.06,726600
2022-11-04 07:00:00,40.22,40.78,38.76,40.39,1538000
2022-11-07 07:00:00,40.39,41.06,39.99,40.39,1232000
2022-11-08 07:00:00,40.5,42.19,40.28,40.84,1659900
2022-11-09 07:00:00,41.34,41.74,40.84,41.63,1214800
2022-11-10 07:00:00,41.57,41.57,40.28,40.95,958500
2022-11-11 07:00:00,41.06,42.47,41.06,42.47,1314200
2022-11-14 07:00:00,42.47,43.03,41.68,42.24,1536500
2022-11-15 07:00:00,41.85,42.98,40.56,42.19,1581800
2022-11-16 07:00:00,39.54,43.88,39.54,42.24,2349800
2022-11-17 07:00:00,42.81,43.09,42.47,43.03,1645700
2022-11-18 07:00:00,42.69,43.26,41.4,43.03,1564800
2022-11-21 07:00:00,43.03,43.03,42.19,42.19,1106900
2022-11-22 07:00:00,41.91,42.75,40.78,41.34,1936000
2022-11-23 07:00:00,41.06,41.34,40.73,41.34,794200
2022-11-24 07:00:00,41.34,41.63,40.78,41.06,1082000
2022-11-25 07:00:00,41.12,41.4,40.95,41.12,1675100
2022-11-28 07:00:00,41.91,43.31,41.51,43.14,1341900
2022-11-29 07:00:00,42.75,44.89,42.75,44.89,1707400
2022-11-30 07:00:00,45.17,45.56,43.31,45.56,1322600
2022-12-01 07:00:00,45.51,45.79,44.55,45.0,1178900
2022-12-02 07:00:00,44.94,47.81,44.61,47.81,1241300
2022-12-05 07:00:00,47.31,48.94,46.41,47.81,1664000
2022-12-06 07:00:00,47.81,47.93,45.0,45.0,1308000
2022-12-07 07:00:00,45.0,46.13,43.88,44.16,1455800
2022-12-08 07:00:00,44.44,45.56,43.31,43.31,2109700
2022-12-09 07:00:00,44.1,44.55,43.37,43.48,1684100
2022-12-12 07:00:00,44.33,45.28,43.54,43.54,2105700
2022-12-13 07:00:00,43.93,44.61,43.82,43.99,2232500
2022-12-14 07:00:00,44.83,44.83,44.16,44.33,1083500
2022-12-15 07:00:00,44.33,45.39,44.21,44.72,1250400
2022-12-16 07:00:00,44.72,46.63,44.38,44.83,3158100
2022-12-19 07:00:00,45.0,45.56,44.44,44.55,757500
2022-12-20 07:00:00,44.83,46.13,44.44,44.44,1424400
2022-12-21 07:00:00,45.79,45.79,44.27,44.27,962000
2022-12-22 07:00:00,44.72,45.62,44.61,44.61,1073500
2022-12-23 07:00:00,45.11,45.68,44.49,44.49,1079200
2022-12-26 07:00:00,44.55,45.45,44.38,44.38,1203600
2022-12-27 07:00:00,45.11,45.28,44.38,44.49,1058000
2022-12-28 07:00:00,45.23,46.13,44.72,45.0,1173500
2022-12-29 07:00:00,46.29,46.41,45.28,45.39,1237400
2022-12-30 07:00:00,46.63,46.74,45.0,45.0,1510900
2023-01-03 07:00:00,45.11,46.46,45.11,46.46,1089800
2023-01-04 07:00:00,46.63,46.63,46.01,46.58,837900
2023-01-05 07:00:00,46.58,47.25,46.41,47.25,1078600
2023-01-06 07:00:00,47.25,47.7,47.19,47.25,1125500
2023-01-09 07:00:00,48.26,48.88,47.7,48.88,1667100
2023-01-10 07:00:00,48.49,50.57,48.49,49.11,2112500
2023-01-11 07:00:00,49.11,49.11,47.87,47.87,983000
2023-01-12 07:00:00,47.93,47.93,47.14,47.7,1879000
2023-01-13 07:00:00,47.93,48.66,47.93,48.26,822000
2023-01-16 07:00:00,48.38,49.78,48.38,49.11,735200
2023-01-17 07:00:00,49.78,50.29,49.11,50.29,644600
2023-01-18 07:00:00,50.63,51.19,50.29,50.63,834000
2023-01-19 07:00:00,50.34,54.0,49.22,52.31,1716800
2023-01-27 07:00:00,52.31,53.21,51.47,52.31,1552000
2023-01-30 07:00:00,51.81,52.03,50.51,50.57,1045000
2023-01-31 07:00:00,50.57,51.69,49.39,51.69,1447700
2023-02-01 07:00:00,51.75,52.03,50.12,50.12,1136400
2023-02-02 07:00:00,49.84,51.75,49.84,50.96,984600
2023-02-03 07:00:00,50.79,52.31,50.12,52.31,893400
2023-02-06 07:00:00,52.09,54.17,51.47,54.0,1151200
2023-02-07 07:00:00,53.61,53.72,51.75,51.75,1195400
2023-02-08 07:00:00,51.81,54.11,51.81,52.99,884800
2023-02-09 07:00:00,52.76,53.44,52.31,52.31,759400
2023-02-10 07:00:00,53.16,53.16,52.2,53.16,647700
2023-02-13 07:00:00,53.33,53.66,51.75,52.59,872700
2023-02-14 07:00:00,52.59,52.59,51.3,52.03,1143100
2023-02-15 07:00:00,52.03,52.99,51.3,52.31,899300
2023-02-16 07:00:00,52.31,52.88,51.86,51.98,776600
2023-02-17 07:00:00,52.31,52.48,51.75,52.31,918900
2023-02-20 07:00:00,52.31,53.16,52.31,52.76,1095000
2023-02-21 07:00:00,52.99,53.38,52.88,52.99,675500
2023-02-22 07:00:00,52.99,53.04,52.03,52.31,1025500
2023-02-23 07:00:00,52.31,52.88,51.3,52.48,1025700
2023-02-24 07:00:00,52.31,52.88,50.63,52.59,631400
2023-02-27 07:00:00,52.31,52.59,51.58,52.2,501000
2023-02-28 07:00:00,52.37,52.71,52.09,52.59,565800
2023-03-01 07:00:00,51.92,52.54,51.86,52.31,729700
2023-03-02 07:00:00,52.31,52.76,51.64,52.43,984700
2023-03-03 07:00:00,51.64,52.2,51.13,51.13,798600
2023-03-06 07:00:00,51.19,51.86,51.19,51.19,711900
2023-03-07 07:00:00,51.47,52.03,51.24,51.69,970300
2023-03-08 07:00:00,51.19,51.86,51.02,51.86,871900
2023-03-09 07:00:00,51.75,52.54,51.58,52.31,1098100
2023-03-10 07:00:00,51.86,52.03,51.47,51.81,707800
2023-03-13 07:00:00,51.75,51.75,51.08,51.47,759200
2023-03-14 07:00:00,51.19,51.3,50.91,51.19,863700
2023-03-15 07:00:00,51.53,51.75,51.24,51.41,807800
2023-03-16 07:00:00,51.19,51.75,50.34,51.19,806000
2023-03-17 07:00:00,51.19,51.24,50.06,50.06,2272200
2023-03-20 07:00:00,50.06,50.34,47.87,47.87,1034000
2023-03-21 07:00:00,48.04,50.57,48.04,48.66,1057400
2023-03-22 07:00:00,48.71,50.57,48.71,50.06,1055800
2023-03-23 07:00:00,49.95,51.02,49.11,51.02,849500
2023-03-24 07:00:00,51.19,51.19,50.01,50.06,630000
2023-03-27 07:00:00,50.06,51.19,49.5,51.19,730100
2023-03-28 07:00:00,51.08,52.26,50.68,51.64,845800
2023-03-29 07:00:00,52.03,52.03,50.91,51.92,422800
2023-03-30 07:00:00,51.92,52.43,51.75,52.14,409700
2023-03-31 07:00:00,52.2,52.43,50.91,51.41,950600
2023-04-03 07:00:00,51.58,52.26,51.3,52.2,736700
2023-04-04 07:00:00,52.2,52.26,51.53,51.75,269900
2023-04-05 07:00:00,51.92,51.92,51.24,51.81,336000
2023-04-06 07:00:00,51.47,51.81,51.3,51.3,376300
2023-04-07 07:00:00,51.19,51.24,50.34,50.63,747200
2023-04-10 07:00:00,50.63,50.63,50.06,50.06,639300
2023-04-11 07:00:00,50.06,50.63,49.61,49.61,751600
2023-04-12 07:00:00,49.67,49.84,49.5,49.67,518400
2023-04-13 07:00:00,49.67,49.78,49.39,49.61,491000
2023-04-14 07:00:00,49.67,50.12,49.61,49.73,414800
2023-04-17 07:00:00,49.73,49.78,49.39,49.73,488900
2023-04-18 07:00:00,49.67,49.84,49.22,49.5,695100
2023-04-19 07:00:00,49.56,49.89,49.5,49.78,416900
2023-04-20 07:00:00,49.95,49.95,49.5,49.67,257800
2023-04-21 07:00:00,49.5,49.56,49.16,49.22,356500
2023-04-24 07:00:00,49.5,49.78,48.94,49.44,505800
2023-04-25 07:00:00,49.61,49.78,49.22,49.67,545800
2023-04-26 07:00:00,49.5,50.34,49.44,50.29,710200
2023-04-27 07:00:00,49.89,50.91,49.73,50.63,580400
2023-04-28 07:00:00,50.63,50.91,49.95,50.91,704700
2023-05-04 07:00:00,50.63,50.63,49.78,49.78,496000
2023-05-05 07:00:00,49.78,50.57,49.61,50.51,225700
2023-05-08 07:00:00,50.63,52.43,50.51,52.31,1500200
2023-05-09 07:00:00,52.31,52.82,51.92,51.92,563400
2023-05-10 07:00:00,51.69,52.31,51.53,51.75,417400
2023-05-11 07:00:00,51.75,51.81,51.19,51.19,505600
2023-05-12 07:00:00,51.19,52.2,51.08,52.2,710500
2023-05-15 07:00:00,51.75,52.31,51.3,51.58,450500
2023-05-16 07:00:00,51.75,52.37,51.36,52.09,666100
2023-05-17 07:00:00,52.03,52.31,51.92,52.2,572700
2023-05-18 07:00:00,52.26,54.0,51.86,53.44,1678500
2023-05-19 07:00:00,53.16,53.38,52.09,52.99,439900
2023-05-22 07:00:00,52.31,52.82,51.86,52.37,622300
2023-05-23 07:00:00,52.31,52.65,51.81,52.2,568800
2023-05-24 07:00:00,52.2,52.2,51.69,52.09,342200
2023-05-25 07:00:00,52.09,52.88,51.41,52.43,606600
2023-05-26 07:00:00,52.43,52.59,51.75,51.75,283700
2023-05-29 07:00:00,51.75,53.44,51.75,52.37,590500
2023-05-30 07:00:00,52.37,53.33,51.98,53.16,564500
2023-05-31 07:00:00,52.82,52.93,52.37,52.88,380100
2023-06-01 07:00:00,53.21,53.21,52.43,52.82,646300
2023-06-02 07:00:00,52.82,53.44,52.48,53.38,737800
2023-06-05 07:00:00,53.55,55.52,53.55,55.13,1297800
2023-06-06 07:00:00,55.13,55.69,54.28,55.69,759500
2023-06-07 07:00:00,55.69,55.69,54.56,54.56,749600
2023-06-08 07:00:00,54.56,57.21,54.56,56.25,1339400
2023-06-09 07:00:00,56.25,57.38,55.69,56.53,820200
2023-06-12 07:00:00,56.19,57.09,55.18,56.81,435100
2023-06-13 07:00:00,56.25,57.94,56.08,57.66,838900
2023-06-14 07:00:00,57.6,58.5,57.09,57.71,840500
2023-06-15 07:00:00,57.66,58.33,57.15,58.22,912200
2023-06-16 07:00:00,58.61,59.85,58.05,59.06,1331800
2023-06-19 07:00:00,58.28,58.56,57.21,57.21,1139900
2023-06-20 07:00:00,56.87,56.87,56.14,56.19,1781600
2023-06-21 07:00:00,56.08,56.53,56.08,56.25,1187900
2023-06-22 07:00:00,57.38,57.38,56.19,56.48,716500
2023-06-23 07:00:00,56.48,56.48,55.97,56.19,705200
2023-06-26 07:00:00,55.74,56.76,55.74,56.25,807200
2023-06-27 07:00:00,56.25,56.81,56.08,56.25,685900
2023-06-28 07:00:00,56.25,57.49,56.14,56.87,821200
2023-06-29 07:00:00,57.26,57.94,56.87,57.32,640600
2023-06-30 07:00:00,56.87,57.26,56.25,56.25,556600
2023-07-03 07:00:00,56.25,56.7,56.14,56.25,490100
2023-07-04 07:00:00,56.64,57.32,56.19,56.25,682700
2023-07-05 07:00:00,56.81,57.66,56.42,57.38,953900
2023-07-06 07:00:00,57.43,57.49,56.53,56.64,1021000
2023-07-07 07:00:00,56.53,59.06,56.48,59.06,1064800
2023-07-10 07:00:00,59.01,59.01,57.54,57.77,915100
2023-07-11 07:00:00,57.26,59.06,57.26,57.94,887600
2023-07-12 07:00:00,57.77,58.78,57.77,58.5,742800
2023-07-13 07:00:00,59.06,59.06,58.33,59.01,928300
2023-07-14 07:00:00,59.01,59.06,58.5,59.06,797700
2023-07-17 07:00:00,59.06,59.06,58.61,58.95,791600
2023-07-18 07:00:00,59.01,59.06,58.67,58.67,590000
2023-07-19 07:00:00,58.84,60.24,58.84,59.91,926200
2023-07-20 07:00:00,59.34,59.85,58.28,59.06,771600
2023-07-21 07:00:00,59.06,59.06,58.5,59.06,663400
2023-07-24 07:00:00,59.12,59.29,58.78,58.84,808500
2023-07-25 07:00:00,60.03,61.43,59.97,60.9,2374800
2023-07-26 07:00:00,61.03,62.03,61.03,62.03,1146400
2023-07-27 07:00:00,62.22,62.22,61.43,61.56,957200
2023-07-28 07:00:00,61.56,61.76,60.96,61.76,1116900
2023-07-31 07:00:00,61.76,61.89,60.83,60.83,1468300
2023-08-01 07:00:00,60.83,61.63,60.56,60.56,1281600
2023-08-02 07:00:00,60.56,60.76,60.43,60.76,1055800
2023-08-03 07:00:00,60.76,60.76,60.1,60.17,837900
2023-08-04 07:00:00,60.23,60.5,59.83,59.83,1231600
2023-08-07 07:00:00,59.83,60.3,59.77,60.3,1111700
2023-08-08 07:00:00,60.3,60.56,59.83,60.23,823400
2023-08-09 07:00:00,60.23,60.37,59.83,59.9,591600
2023-08-10 07:00:00,60.1,60.1,58.77,58.77,1336100
2023-08-11 07:00:00,58.77,60.03,58.77,60.03,920800
2023-08-14 07:00:00,59.97,59.97,59.1,59.1,1471800
2023-08-15 07:00:00,59.77,59.77,58.77,59.04,1148500
2023-08-16 07:00:00,58.97,59.37,58.9,59.24,727300
2023-08-17 07:00:00,59.24,59.63,58.84,59.37,2145100
2023-08-18 07:00:00,59.63,59.97,59.1,59.44,2430400
2023-08-21 07:00:00,59.57,59.9,59.24,59.63,1710900
2023-08-22 07:00:00,59.44,59.57,58.31,58.7,1825000
2023-08-23 07:00:00,59.04,59.04,57.18,57.31,1754800
2023-08-24 07:00:00,57.31,58.57,57.11,57.78,902800
2023-08-25 07:00:00,57.24,57.78,57.11,57.24,1404600
2023-08-28 07:00:00,57.38,58.11,57.24,57.78,1378300
2023-08-29 07:00:00,57.78,58.77,57.71,58.7,1391900
2023-08-30 07:00:00,58.77,59.44,58.77,59.17,1350000
2023-08-31 07:00:00,59.17,59.5,58.64,59.17,1531200
2023-09-05 07:00:00,59.17,60.23,59.17,59.83,1942200
2023-09-06 07:00:00,59.9,59.9,59.57,59.9,2017600
2023-09-07 07:00:00,59.77,60.3,59.44,59.44,1765300
2023-09-08 07:00:00,59.44,59.44,59.17,59.44,1341900
2023-09-11 07:00:00,59.5,59.77,58.44,58.77,1649500
2023-09-12 07:00:00,59.1,59.77,59.04,59.7,1572100
2023-09-13 07:00:00,59.77,59.77,59.04,59.17,1582000
2023-09-14 07:00:00,59.1,59.44,58.51,59.17,1512600
2023-09-15 07:00:00,59.04,59.63,58.84,59.63,2142400
2023-09-18 07:00:00,59.44,59.57,58.64,58.97,718100
2023-09-19 07:00:00,58.97,59.24,57.11,58.51,1117200
2023-09-20 07:00:00,58.51,58.7,57.38,58.44,786000
2023-09-21 07:00:00,58.44,58.44,57.64,57.78,1066900
2023-09-22 07:00:00,57.38,59.44,57.11,59.3,2408600
2023-09-25 07:00:00,59.1,59.44,58.64,59.3,2210400
2023-09-26 07:00:00,59.24,59.37,57.71,57.78,1663200
2023-09-27 07:00:00,58.17,59.1,57.78,58.31,1204900
2023-09-28 07:00:00,57.91,58.64,57.51,58.44,1065100
2023-09-29 07:00:00,58.64,58.64,57.84,58.11,449300
2023-10-02 07:00:00,57.84,57.91,57.44,57.44,765700
2023-10-03 07:00:00,57.44,57.58,56.98,57.31,882600
2023-10-04 07:00:00,57.31,57.31,56.65,57.31,923800
2023-10-05 07:00:00,57.11,57.11,56.12,56.12,890000
2023-10-06 07:00:00,56.12,56.71,55.45,56.71,800900
2023-10-09 07:00:00,56.71,56.71,55.78,56.18,1096100
2023-10-10 07:00:00,56.18,57.24,56.18,57.18,734100
2023-10-11 07:00:00,57.24,57.44,56.91,57.44,719400
2023-10-12 07:00:00,57.71,57.71,56.78,57.11,714100
2023-10-13 07:00:00,57.11,57.51,56.78,57.51,663100
2023-10-16 07:00:00,56.85,57.51,56.85,57.18,332300
2023-10-17 07:00:00,57.18,57.44,56.78,57.04,363400
2023-10-18 07:00:00,56.78,57.11,56.45,57.04,1147400
2023-10-19 07:00:00,56.78,57.11,55.85,56.12,1363600
2023-10-20 07:00:00,55.45,56.65,54.92,56.31,938400
2023-10-23 07:00:00,56.12,56.12,54.79,56.12,966600
2023-10-24 07:00:00,56.12,57.44,55.72,57.11,994000
2023-10-25 07:00:00,56.51,56.98,56.18,56.98,660100
2023-10-26 07:00:00,56.45,57.11,55.45,56.12,1420300
2023-10-27 07:00:00,56.18,56.45,55.65,56.45,773400
2023-10-30 07:00:00,55.45,57.11,55.45,57.04,592900
2023-10-31 07:00:00,57.04,57.71,56.38,57.64,1345300
2023-11-01 07:00:00,57.64,58.31,57.18,58.31,1479100
2023-11-02 07:00:00,58.44,59.1,57.51,59.1,1057500
2023-11-03 07:00:00,59.1,59.37,58.51,59.04,1086600
2023-11-06 07:00:00,59.04,59.63,58.77,59.44,774800
2023-11-07 07:00:00,59.1,59.3,58.64,58.64,413900
2023-11-08 07:00:00,58.44,59.57,58.37,59.44,1270300
2023-11-09 07:00:00,59.44,59.44,58.37,58.37,1166800
2023-11-10 07:00:00,57.84,58.11,57.11,57.11,1352000
2023-11-13 07:00:00,57.11,57.18,56.71,56.78,937700
2023-11-14 07:00:00,57.11,57.44,56.71,57.11,987500
2023-11-15 07:00:00,57.44,58.24,57.44,58.24,4067800
2023-11-16 07:00:00,57.78,58.44,57.58,58.44,1284800
2023-11-17 07:00:00,58.31,58.37,56.78,56.85,1588000
2023-11-20 07:00:00,56.85,57.78,56.45,57.18,1098400
2023-11-21 07:00:00,57.18,57.58,56.98,57.51,1151400
2023-11-22 07:00:00,57.31,57.58,56.78,57.58,1012700
2023-11-23 07:00:00,57.58,57.64,56.78,56.78,647200
2023-11-24 07:00:00,56.78,57.11,56.45,57.11,734500
2023-11-27 07:00:00,57.11,57.11,56.51,56.98,443000
2023-11-28 07:00:00,56.78,57.04,56.31,56.98,779400
2023-11-29 07:00:00,56.71,57.04,56.51,56.51,733100
2023-11-30 07:00:00,56.51,56.71,56.25,56.25,927600
2023-12-01 07:00:00,56.38,56.45,55.85,56.45,714700
2023-12-04 07:00:00,56.71,57.24,56.31,57.11,888100
2023-12-05 07:00:00,57.11,57.18,56.31,56.71,992800
2023-12-06 07:00:00,56.65,57.11,56.45,57.04,638000
2023-12-07 07:00:00,56.91,57.11,56.45,56.58,992300
2023-12-08 07:00:00,56.58,56.78,56.45,56.45,1183000
2023-12-11 07:00:00,56.45,56.65,55.85,55.92,1400000
2023-12-12 07:00:00,56.25,56.25,55.78,55.92,1006400
2023-12-13 07:00:00,55.92,56.12,55.58,55.58,1152900
2023-12-14 07:00:00,55.78,56.12,55.78,56.05,840600
2023-12-15 07:00:00,55.78,56.05,54.59,54.59,2530300
2023-12-18 07:00:00,54.99,55.05,54.12,54.12,1804000
2023-12-19 07:00:00,54.12,54.12,53.19,53.92,1961300
2023-12-20 07:00:00,53.92,53.99,53.46,53.86,1872300
2023-12-21 07:00:00,53.79,53.79,53.33,53.72,2030300
2023-12-22 07:00:00,53.72,53.86,53.39,53.72,1579800
2023-12-25 07:00:00,53.72,54.32,53.59,54.32,1301600
2023-12-26 07:00:00,54.45,54.99,54.45,54.99,971200
2023-12-27 07:00:00,55.05,55.25,54.79,54.92,899600
2023-12-28 07:00:00,54.92,55.19,54.72,54.99,703200
2023-12-29 07:00:00,55.45,55.72,53.33,53.33,1621700
2024-01-02 07:00:00,55.05,55.52,54.59,55.45,1785800
2024-01-03 07:00:00,55.45,56.12,54.99,56.12,1373000
2024-01-04 07:00:00,56.12,57.24,55.78,57.04,2657900
2024-01-05 07:00:00,57.04,57.24,56.91,57.24,1180300
2024-01-08 07:00:00,57.31,57.64,57.31,57.64,1607800
2024-01-09 07:00:00,57.64,58.37,57.64,58.31,1926400
2024-01-10 07:00:00,58.31,59.44,57.91,59.44,1795400
2024-01-11 07:00:00,59.44,59.77,58.84,59.3,1489100
2024-01-12 07:00:00,58.51,59.44,58.04,58.9,1909500
2024-01-15 07:00:00,59.1,59.83,59.04,59.77,1914200
2024-01-16 07:00:00,59.1,59.83,59.04,59.77,1367200
2024-01-17 07:00:00,59.1,60.43,59.1,60.37,1578200
2024-01-18 07:00:00,60.37,60.56,59.77,60.5,1422900
2024-01-19 07:00:00,60.43,61.76,60.03,61.49,1472600
2024-01-22 07:00:00,62.09,62.09,61.1,61.1,1046300
2024-01-23 07:00:00,61.16,61.36,60.03,60.76,1256900
2024-01-24 07:00:00,60.83,61.1,60.37,60.5,744700
2024-01-25 07:00:00,60.5,60.83,60.23,60.43,503300
2024-01-26 07:00:00,60.83,61.1,60.7,61.1,953100
2024-01-29 07:00:00,60.96,61.1,60.37,60.56,730500
2024-01-30 07:00:00,60.56,60.56,59.83,60.43,888600
2024-01-31 07:00:00,60.17,60.17,58.77,58.77,945600
2024-02-01 07:00:00,58.44,59.9,58.44,59.63,598100
2024-02-02 07:00:00,59.17,60.1,59.17,59.97,733000
2024-02-05 07:00:00,59.9,60.17,59.37,59.77,1949000
2024-02-06 07:00:00,59.97,60.17,59.17,59.44,1352300
2024-02-07 07:00:00,59.77,60.3,59.3,59.77,1371400
2024-02-15 07:00:00,59.77,60.23,59.17,59.7,1046700
2024-02-16 07:00:00,59.7,59.9,59.44,59.5,734100
2024-02-19 07:00:00,59.7,60.1,59.3,59.9,1045300
2024-02-20 07:00:00,59.83,60.7,59.37,60.63,1404300
2024-02-21 07:00:00,60.9,60.9,60.1,60.56,1367400
2024-02-22 07:00:00,60.17,60.43,59.44,59.44,1223900
2024-02-23 07:00:00,59.44,60.7,59.04,59.04,1800900
2024-02-26 07:00:00,59.04,59.77,59.04,59.44,722000
2024-02-27 07:00:00,59.5,60.56,59.17,60.5,1604900
2024-02-28 07:00:00,60.43,64.68,60.03,64.68,4219900
2024-02-29 07:00:00,65.41,66.74,64.62,64.62,1897000
2024-03-01 07:00:00,65.21,65.21,63.02,64.62,2379600
2024-03-04 07:00:00,65.08,65.08,63.49,63.75,1640400
2024-03-05 07:00:00,64.15,64.15,63.22,63.42,1364800
2024-03-06 07:00:00,63.42,64.28,63.15,63.49,2070600
2024-03-07 07:00:00,63.69,64.68,63.42,63.62,2362300
2024-03-08 07:00:00,63.69,64.08,63.15,63.15,2229600
2024-03-11 07:00:00,63.15,63.75,62.49,62.49,1840000
2024-03-12 07:00:00,62.49,63.02,62.42,62.69,1107000
2024-03-13 07:00:00,63.02,64.08,62.62,63.75,3124500
2024-03-14 07:00:00,63.75,63.82,62.82,63.09,2319300
2024-03-15 07:00:00,63.09,63.09,62.36,62.42,2302500
2024-03-18 07:00:00,62.62,62.76,61.43,61.76,1839300
2024-03-19 07:00:00,61.43,62.09,61.43,61.43,868500
2024-03-20 07:00:00,61.43,62.49,61.43,61.89,897700
2024-03-21 07:00:00,62.42,63.42,62.42,63.22,1452700
2024-03-22 07:00:00,63.22,64.28,63.22,64.02,1844100
2024-03-25 07:00:00,63.09,64.35,62.49,63.55,1368800
2024-03-26 07:00:00,63.75,64.15,63.62,63.95,735400
2024-03-27 07:00:00,63.88,63.88,63.49,63.62,1046200
2024-03-28 07:00:00,63.88,64.02,63.49,63.55,1232800
2024-03-29 07:00:00,63.69,63.69,63.02,63.02,801200
2024-04-01 07:00:00,63.02,63.75,62.89,63.22,1221000
2024-04-02 07:00:00,63.15,63.22,62.36,62.76,969000
2024-04-03 07:00:00,62.69,62.96,62.29,62.29,1321100
2024-04-04 07:00:00,63.02,63.75,62.69,63.75,2022700
2024-04-05 07:00:00,62.96,63.49,62.56,63.02,779200
2024-04-08 07:00:00,63.02,63.29,62.56,63.02,864100
2024-04-09 07:00:00,63.09,63.35,62.56,62.62,686800
2024-04-10 07:00:00,62.62,62.82,62.49,62.76,737400
2024-04-11 07:00:00,62.42,62.82,62.09,62.42,778000
2024-04-12 07:00:00,62.76,63.42,62.29,62.82,844800
2024-04-15 07:00:00,62.82,64.08,61.1,61.1,1900300
2024-04-16 07:00:00,62.29,62.29,60.1,60.43,1857700
2024-04-17 07:00:00,60.56,61.16,59.44,60.1,1452600
2024-04-19 07:00:00,59.77,60.37,59.57,60.1,1324800
2024-04-22 07:00:00,60.1,60.7,59.9,60.17,999100
2024-04-23 07:00:00,60.17,60.56,59.24,59.83,1562900
2024-04-24 07:00:00,60.43,60.5,59.83,60.17,1925200
2024-04-25 07:00:00,60.17,61.69,60.1,60.43,1235700
2024-04-26 07:00:00,60.9,61.96,60.56,60.56,1698300
2024-05-02 07:00:00,61.16,61.43,60.5,61.03,932400
2024-05-03 07:00:00,61.36,62.03,60.96,61.43,1470700
2024-05-06 07:00:00,61.69,61.96,61.56,61.76,1147200
2024-05-07 07:00:00,62.03,62.49,61.69,61.69,1154200
2024-05-08 07:00:00,61.56,61.89,61.16,61.76,1246000
2024-05-09 07:00:00,61.69,62.03,61.29,61.43,606600
2024-05-10 07:00:00,61.56,61.56,60.9,61.1,823400
2024-05-13 07:00:00,61.16,61.36,60.1,60.43,1232600
2024-05-14 07:00:00,60.5,60.83,60.1,60.17,818400
2024-05-15 07:00:00,60.43,60.63,60.3,60.43,883100
2024-05-16 07:00:00,61.1,61.56,60.76,61.49,1713900
2024-05-17 07:00:00,61.49,61.49,60.9,60.96,1084700
2024-05-20 07:00:00,61.29,61.76,60.96,61.03,1043800
2024-05-21 07:00:00,61.03,61.1,60.23,60.5,1486400
2024-05-22 07:00:00,60.76,60.9,60.23,60.23,1347700
2024-05-23 07:00:00,60.23,60.76,60.1,60.43,1317500
2024-05-24 07:00:00,60.43,60.43,59.77,59.9,2241500
2024-05-27 07:00:00,60.03,60.17,59.57,59.9,1058500
2024-05-28 07:00:00,59.63,60.23,59.63,60.23,1350100
2024-05-29 07:00:00,60.3,60.43,59.63,59.63,1186300
2024-05-30 07:00:00,59.44,59.57,58.77,58.84,2356000
2024-05-31 07:00:00,58.9,59.1,57.91,57.91,3921500
2024-06-03 07:00:00,58.44,59.3,58.44,58.57,2108600
2024-06-04 07:00:00,59.04,59.24,58.64,58.9,1814600
2024-06-05 07:00:00,58.9,59.44,58.84,58.97,1882800
2024-06-06 07:00:00,59.04,59.57,58.97,59.1,1699700
2024-06-07 07:00:00,59.17,59.57,58.77,58.77,1129500
2024-06-10 07:00:00,59.04,59.24,58.37,58.44,2641600
2024-06-11 07:00:00,58.64,58.7,57.84,57.91,2252400
2024-06-12 07:00:00,58.04,59.24,57.78,58.9,2249800
2024-06-13 07:00:00,59.04,59.17,58.7,58.7,1600400
2024-06-14 07:00:00,58.77,59.17,58.11,58.11,2482100
2024-06-17 07:00:00,58.17,58.31,57.84,57.84,2293700
2024-06-18 07:00:00,58.11,58.77,57.84,57.84,1370900
2024-06-19 07:00:00,57.97,58.11,57.44,57.51,2174300
2024-06-20 07:00:00,57.51,57.51,56.85,57.11,2648800
2024-06-21 07:00:00,57.18,57.58,56.78,57.11,1808400
2024-06-24 07:00:00,57.11,58.04,56.78,56.78,2149800
2024-06-25 07:00:00,56.91,57.58,56.78,56.78,1565900
2024-06-26 07:00:00,57.04,57.31,56.58,56.58,1706900
2024-06-27 07:00:00,56.58,57.11,56.58,56.58,1423000
2024-06-28 07:00:00,57.11,57.11,56.45,56.58,1112400
2024-07-01 07:00:00,56.98,57.24,56.58,57.18,1179200
2024-07-02 07:00:00,57.58,58.97,57.24,58.57,2425200
2024-07-03 07:00:00,58.44,58.9,58.31,58.77,2250700
2024-07-04 07:00:00,58.84,59.57,58.44,58.44,3060300
2024-07-05 07:00:00,58.51,59.24,58.44,58.44,1847400
2024-07-08 07:00:00,58.44,58.9,57.91,57.91,1143800
2024-07-09 07:00:00,58.11,58.7,57.58,58.51,1549000
2024-07-10 07:00:00,58.64,59.24,58.44,58.84,1722900
2024-07-11 07:00:00,58.84,59.04,58.51,58.51,1445100
2024-07-12 07:00:00,58.57,58.84,58.17,58.17,1373400
2024-07-15 07:00:00,58.17,58.64,58.11,58.11,1172000
2024-07-16 07:00:00,58.17,58.84,58.17,58.37,1534100
2024-07-17 07:00:00,58.97,59.77,58.11,58.44,3362500
2024-07-18 07:00:00,58.64,58.97,58.37,58.44,1651700
2024-07-19 07:00:00,58.44,58.97,58.11,58.11,1323100
2024-07-22 07:00:00,58.11,58.64,57.97,58.24,1461100
2024-07-23 07:00:00,58.31,58.64,58.11,58.11,1410400
2024-07-24 07:00:00,58.04,58.51,58.04,58.11,1476700
2024-07-25 07:00:00,58.17,58.24,57.91,57.97,881000
2024-07-26 07:00:00,57.97,58.24,57.91,57.97,903300
2024-07-29 07:00:00,58.17,58.31,57.97,57.97,452800
2024-07-30 07:00:00,57.97,58.64,57.97,58.11,977800
2024-07-31 07:00:00,58.11,59.24,58.11,59.24,1863400
2024-08-01 07:00:00,59.3,60.7,59.24,60.23,4800600
2024-08-02 07:00:00,60.03,60.03,58.9,58.9,1511400
2024-08-05 07:00:00,58.77,58.77,57.71,57.71,3059700
2024-08-06 07:00:00,57.71,58.24,57.58,57.97,1653100
2024-08-07 07:00:00,58.04,58.24,57.78,58.24,713000
2024-08-08 07:00:00,58.24,58.24,57.91,57.97,961200
2024-08-09 07:00:00,58.04,58.64,58.04,58.24,1136700
2024-08-12 07:00:00,58.7,58.7,57.97,58.31,1060300
2024-08-13 07:00:00,58.17,59.44,58.17,59.44,1592900
2024-08-14 07:00:00,59.3,59.37,58.31,58.44,1492800
2024-08-15 07:00:00,58.44,58.97,58.17,58.17,921000
2024-08-16 07:00:00,58.44,59.04,58.44,58.51,1370400
2024-08-19 07:00:00,58.97,59.3,58.64,58.97,1655200
2024-08-20 07:00:00,59.04,60.3,59.04,60.3,3384300
2024-08-21 07:00:00,60.3,61.76,60.03,61.63,2745300
2024-08-22 07:00:00,61.69,61.89,61.16,61.36,1413500
2024-08-23 07:00:00,61.43,61.63,60.1,61.36,1075500
2024-08-26 07:00:00,61.16,61.49,60.83,61.1,1565800
2024-08-27 07:00:00,61.1,61.16,60.37,60.76,900600
2024-08-28 07:00:00,60.9,61.03,60.5,60.5,1031600
2024-08-29 07:00:00,60.43,61.36,60.43,60.76,1496300
2024-08-30 07:00:00,60.76,61.29,60.76,60.9,1669800
2024-09-04 07:00:00,60.5,60.5,59.97,60.43,1012700
2024-09-05 07:00:00,60.17,60.5,59.83,59.83,1184100
2024-09-06 07:00:00,59.9,60.3,59.63,59.9,784800
2024-09-09 07:00:00,59.83,59.9,59.24,59.9,702800
2024-09-10 07:00:00,59.83,59.9,59.1,59.1,1192200
2024-09-11 07:00:00,58.84,59.1,58.44,58.7,1027300
2024-09-12 07:00:00,58.77,59.83,58.7,59.44,1609600
2024-09-13 07:00:00,59.63,59.9,59.17,59.7,1624800
2024-09-16 07:00:00,59.5,59.77,58.97,59.04,727700
2024-09-17 07:00:00,59.1,60.1,58.84,60.1,970800
2024-09-18 07:00:00,60.17,61.03,59.57,60.43,1721200
2024-09-19 07:00:00,60.43,60.9,60.37,60.76,1345500
2024-09-20 07:00:00,60.96,61.1,60.17,60.17,2180400
2024-09-23 07:00:00,60.63,60.83,60.37,60.37,696500
2024-09-24 07:00:00,60.37,60.76,60.37,60.56,522400
2024-09-25 07:00:00,60.76,61.76,60.56,61.63,2602400
2024-09-26 07:00:00,61.69,62.29,61.43,61.43,1816800
2024-09-27 07:00:00,61.43,62.16,61.43,61.43,1070900
2024-09-30 07:00:00,61.43,61.43,61.1,61.1,1276900
2024-10-01 07:00:00,61.29,62.03,61.1,61.1,1724400
2024-10-02 07:00:00,61.29,61.56,60.96,61.56,1378900
2024-10-03 07:00:00,61.49,62.36,61.36,61.49,1699200
2024-10-04 07:00:00,61.43,61.63,61.29,61.29,859700
2024-10-07 07:00:00,61.29,61.43,60.96,61.1,610700
2024-10-08 07:00:00,61.1,61.1,60.43,60.76,1123100
2024-10-09 07:00:00,60.63,60.96,60.37,60.43,2175700
2024-10-10 07:00:00,61.29,61.76,60.56,61.03,1325200
2024-10-11 07:00:00,61.03,61.03,60.56,60.76,1083500
2024-10-14 07:00:00,61.23,61.23,60.63,60.7,930700
2024-10-15 07:00:00,60.63,61.16,60.63,60.7,1430600
2024-10-16 07:00:00,60.7,60.96,60.63,60.76,1293000
2024-10-17 07:00:00,61.1,61.29,60.9,61.23,1285400
2024-10-18 07:00:00,61.56,61.83,61.1,61.36,1162700
2024-10-21 07:00:00,61.43,61.96,61.1,61.1,1423100
2024-10-22 07:00:00,61.1,61.23,60.7,60.7,1259500
2024-10-23 07:00:00,60.56,60.96,60.56,60.76,749300
2024-10-24 07:00:00,61.23,61.29,60.7,60.9,755400
2024-10-25 07:00:00,61.16,61.29,60.9,60.96,996300
2024-10-28 07:00:00,60.76,61.29,60.76,61.1,1105800
2024-10-29 07:00:00,61.16,61.49,61.1,61.1,1297600
2024-10-30 07:00:00,61.1,61.36,60.83,60.9,626500
2024-10-31 07:00:00,60.76,63.09,60.76,62.16,2888900
2024-11-01 07:00:00,62.42,63.02,62.09,62.09,1729900
2024-11-04 07:00:00,62.42,63.29,61.36,61.43,1853600
2024-11-05 07:00:00,61.49,61.76,61.1,61.49,1082700
2024-11-06 07:00:00,61.63,62.03,61.63,61.69,1416800
2024-11-07 07:00:00,61.89,62.36,61.89,61.89,1418900
2024-11-08 07:00:00,62.09,62.36,61.23,61.23,1380000
2024-11-11 07:00:00,61.63,61.63,61.03,61.1,1873400
2024-11-12 07:00:00,61.1,61.89,61.03,61.03,1336300
2024-11-13 07:00:00,61.03,61.69,61.03,61.43,1331800
2024-11-14 07:00:00,61.1,61.43,61.03,61.1,1719700
2024-11-15 07:00:00,61.1,61.43,60.83,60.9,1508600
2024-11-18 07:00:00,60.9,61.29,60.37,60.43,1874900
2024-11-19 07:00:00,60.76,60.83,59.77,59.77,1577000
2024-11-20 07:00:00,59.77,60.56,59.7,59.97,1640700
2024-11-21 07:00:00,60.03,60.63,59.9,60.1,1461100
2024-11-22 07:00:00,60.43,60.63,60.17,60.17,1729700
2024-11-25 07:00:00,60.37,61.23,60.37,60.63,1814000
2024-11-26 07:00:00,60.7,61.69,60.7,61.36,1759900
2024-11-27 07:00:00,61.29,61.89,61.29,61.56,1047200
2024-11-28 07:00:00,61.83,62.09,61.43,61.49,1289900
2024-11-29 07:00:00,61.49,61.96,61.43,61.96,1010500
2024-12-02 07:00:00,63.02,63.15,62.36,62.56,1573100
2024-12-03 07:00:00,62.69,62.69,61.49,61.76,2445800
2024-12-04 07:00:00,61.63,62.36,61.43,62.09,1204400
2024-12-05 07:00:00,61.76,62.82,61.76,62.42,2333000
2024-12-06 07:00:00,62.42,63.29,62.36,62.56,1700100
2024-12-09 07:00:00,62.56,63.29,62.36,63.29,1957500
2024-12-10 07:00:00,63.29,63.29,62.76,62.76,912700
2024-12-11 07:00:00,62.76,62.96,61.89,61.96,1609700
2024-12-12 07:00:00,62.09,62.69,62.09,62.09,671500
2024-12-13 07:00:00,61.89,62.16,61.69,61.83,1227700
2024-12-16 07:00:00,61.76,61.89,61.69,61.83,1121800
2024-12-17 07:00:00,61.76,61.83,61.63,61.76,1048100
2024-12-18 07:00:00,61.76,61.96,61.76,61.83,530300
2024-12-19 07:00:00,61.63,61.63,61.23,61.36,1869700
2024-12-20 07:00:00,61.36,61.69,61.29,61.43,1245900
2024-12-23 07:00:00,61.49,61.63,61.36,61.36,707200
2024-12-24 07:00:00,61.56,61.63,61.1,61.16,1024300
2024-12-25 07:00:00,61.23,62.29,61.23,61.36,1827700
2024-12-26 07:00:00,61.43,61.63,61.1,61.16,2202900
2024-12-27 07:00:00,61.43,61.76,61.23,61.23,1639900
2024-12-30 07:00:00,61.23,61.43,61.1,61.1,1706700
2024-12-31 07:00:00,61.23,61.36,60.56,60.56,2374000
2025-01-02 07:00:00,60.83,61.43,60.76,61.03,1630500
2025-01-03 07:00:00,61.03,61.36,61.03,61.1,1402200
2025-01-06 07:00:00,61.1,62.03,61.03,61.69,1936800
2025-01-07 07:00:00,61.89,61.89,61.29,61.29,1252400
2025-01-08 07:00:00,61.29,61.36,60.76,61.36,1052000
2025-01-09 07:00:00,61.1,61.23,60.9,61.03,738300
2025-01-10 07:00:00,61.03,61.36,60.7,60.7,1112500
2025-01-13 07:00:00,60.63,61.03,60.5,61.03,937600
2025-01-14 07:00:00,61.03,61.03,60.56,60.9,677300
2025-01-15 07:00:00,61.03,61.03,60.7,60.7,445300
2025-01-16 07:00:00,61.03,61.89,60.96,61.56,2460200
2025-01-17 07:00:00,61.56,61.76,61.23,61.43,1122600
2025-01-20 07:00:00,61.29,61.43,60.83,60.9,1761500
2025-01-21 07:00:00,61.16,61.16,60.63,60.7,1264900
2025-01-22 07:00:00,61.1,61.1,60.56,60.56,979100
2025-01-23 07:00:00,60.63,61.69,60.63,61.43,1685100
2025-01-24 07:00:00,61.16,61.76,61.16,61.49,944000
2025-02-03 07:00:00,61.29,61.36,60.83,60.83,1435800
2025-02-04 07:00:00,61.16,61.23,60.9,61.1,855200
2025-02-05 07:00:00,61.1,61.63,61.1,61.49,1345800
2025-02-06 07:00:00,61.63,62.03,61.56,61.69,1351600
2025-02-07 07:00:00,61.69,61.89,61.43,61.76,2260900
2025-02-10 07:00:00,61.69,61.69,61.03,61.23,2298100
2025-02-11 07:00:00,61.23,61.29,60.9,61.03,1039400
2025-02-12 07:00:00,61.03,61.43,60.76,60.76,1054100
2025-02-13 07:00:00,61.03,61.03,60.7,60.83,862300
2025-02-14 07:00:00,61.23,61.23,60.76,60.83,947800
2025-02-17 07:00:00,60.76,61.1,60.76,60.83,787100
2025-02-18 07:00:00,60.83,61.1,60.7,60.83,1065500
2025-02-19 07:00:00,60.83,60.9,60.63,60.9,1509500
2025-02-20 07:00:00,61.23,61.29,60.9,60.9,1636600
2025-02-21 07:00:00,61.16,61.83,61.16,61.83,2513400
2025-02-24 07:00:00,61.96,62.09,61.56,62.09,1956000
2025-02-25 07:00:00,62.09,62.16,61.43,61.49,1926600
2025-02-26 07:00:00,61.49,61.69,61.23,61.29,769200
2025-02-27 07:00:00,63.02,63.35,62.42,62.42,5028800
2025-02-28 07:00:00,62.56,62.56,61.96,61.96,2070800
2025-03-03 07:00:00,62.09,62.09,61.76,61.96,1251000
2025-03-04 07:00:00,61.89,62.03,61.56,61.76,2498900
2025-03-05 07:00:00,61.76,62.29,61.76,61.76,1820200
2025-03-06 07:00:00,62.09,62.56,61.89,62.09,2357600
2025-03-07 07:00:00,62.16,63.29,62.09,63.15,3999500
2025-03-10 07:00:00,64.02,64.68,63.82,64.28,4428800
2025-03-11 07:00:00,63.75,64.28,63.49,64.28,3640200
2025-03-12 07:00:00,65.57,68.16,65.18,66.27,7560300
2025-03-13 07:00:00,66.77,66.77,64.78,65.08,4496300
2025-03-14 07:00:00,64.98,66.37,64.98,65.57,4920600
2025-03-17 07:00:00,65.57,66.87,65.57,66.87,4940800
2025-03-18 07:00:00,67.36,67.36,66.37,66.37,3656000
2025-03-19 07:00:00,66.77,66.77,66.07,66.07,3674000
2025-03-20 07:00:00,66.07,66.57,65.77,66.37,1688900
2025-03-21 07:00:00,66.57,66.57,65.57,65.57,1701500
2025-03-24 07:00:00,65.87,66.07,65.08,66.07,1977600
2025-03-25 07:00:00,66.07,66.17,65.77,65.77,2028100
2025-03-26 07:00:00,65.97,66.17,65.38,65.38,1507400
2025-03-27 07:00:00,65.38,65.48,65.08,65.08,901500
2025-03-28 07:00:00,65.08,65.28,64.38,64.38,1650600
2025-03-31 07:00:00,64.28,64.78,63.59,63.59,1771900
2025-04-01 07:00:00,64.28,64.88,63.59,64.08,1715200
2025-04-02 07:00:00,64.58,65.57,64.18,64.38,2330700
2025-04-03 07:00:00,63.59,63.99,59.91,59.91,9806100
2025-04-04 07:00:00,56.33,59.61,55.84,59.61,11887700
2025-04-08 07:00:00,59.41,59.41,55.44,55.44,7181200
2025-04-09 07:00:00,51.67,59.32,51.67,52.16,8995800
2025-04-10 07:00:00,55.74,55.74,55.74,55.74,174400
2025-04-11 07:00:00,59.41,59.51,57.63,59.41,8059500
2025-04-14 07:00:00,59.61,59.61,58.32,58.92,3619500
2025-04-15 07:00:00,58.72,60.51,57.92,59.61,5633100
2025-04-16 07:00:00,59.32,59.91,58.62,58.92,2625800
2025-04-17 07:00:00,58.92,58.92,57.73,57.73,3151800
2025-04-18 07:00:00,58.32,59.22,57.73,57.73,2165400
2025-04-21 07:00:00,58.12,58.52,57.73,57.83,1290500
2025-04-22 07:00:00,57.73,58.42,54.35,58.12,3850700
2025-04-23 07:00:00,59.02,59.02,57.63,57.63,1928700
2025-04-24 07:00:00,57.83,58.22,57.63,57.83,1861200
2025-04-25 07:00:00,57.83,58.62,57.13,57.13,3682000
2025-04-28 07:00:00,57.33,57.92,57.13,57.13,1654600
2025-04-29 07:00:00,57.33,58.12,56.93,56.93,2432200
2025-05-05 07:00:00,57.13,57.63,56.63,56.73,2101500
2025-05-06 07:00:00,56.93,57.63,56.63,56.63,2992900
2025-05-07 07:00:00,56.73,57.13,56.63,56.63,2415400
2025-05-08 07:00:00,57.03,57.33,56.53,56.73,3022300
2025-05-09 07:00:00,56.93,57.23,56.24,56.24,5827400
2025-05-12 07:00:00,56.63,56.93,55.84,56.24,5992500
2025-05-13 07:00:00,56.73,56.93,56.24,56.43,7392600
2025-05-14 07:00:00,56.83,58.42,56.83,58.32,8014200
2025-05-15 07:00:00,58.92,59.41,58.32,58.32,8070600
2025-05-16 07:00:00,58.42,58.62,57.13,57.13,8364800
2025-05-19 07:00:00,57.03,57.23,56.63,56.63,4784400
2025-05-20 07:00:00,56.63,57.03,56.43,56.73,3867000
2025-05-21 07:00:00,57.13,57.53,56.63,56.73,5161800
2025-05-22 07:00:00,56.73,57.03,56.53,56.53,3694300
2025-05-23 07:00:00,56.53,57.13,56.33,56.43,3546500
2025-05-26 07:00:00,56.53,56.63,55.64,56.63,4728300
2025-05-27 07:00:00,56.43,56.83,56.33,56.43,5548900
2025-05-28 07:00:00,56.73,57.23,56.43,56.43,4950200
2025-05-29 07:00:00,56.83,56.83,56.33,56.33,3904500
2025-05-30 07:00:00,56.43,56.53,56.04,56.04,3934000
2025-06-02 07:00:00,56.14,56.14,55.74,55.84,3225700
2025-06-03 07:00:00,56.33,56.53,56.04,56.43,3364000
2025-06-04 07:00:00,56.53,56.63,56.14,56.24,2690500
2025-06-05 07:00:00,56.33,56.43,55.94,55.94,2783100
2025-06-06 07:00:00,55.94,56.24,55.74,55.74,2531900
2025-06-09 07:00:00,55.84,56.04,55.54,55.54,2223900
2025-06-10 07:00:00,55.64,55.84,55.54,55.54,2231400
2025-06-11 07:00:00,55.84,55.84,55.34,55.34,2295800
2025-06-12 07:00:00,55.64,55.74,55.34,55.64,2560800
2025-06-13 07:00:00,55.54,56.73,55.24,55.84,5364900
2025-06-16 07:00:00,55.84,56.33,55.84,56.24,4336600
2025-06-17 07:00:00,56.53,57.13,56.43,56.83,5159800
2025-06-18 07:00:00,56.83,56.93,56.14,56.33,3421100
2025-06-19 07:00:00,56.33,56.63,56.14,56.24,2368700
2025-06-20 07:00:00,56.33,56.83,56.14,56.73,6886500
2025-06-23 07:00:00,56.33,56.53,56.14,56.24,2480600
2025-06-24 07:00:00,56.53,56.73,56.24,56.24,3507600
2025-06-25 07:00:00,56.43,56.53,56.24,56.24,2739800
2025-06-26 07:00:00,56.33,56.43,56.04,56.04,2842900
2025-06-27 07:00:00,56.24,56.93,56.04,56.33,4082600
2025-06-30 07:00:00,56.63,56.83,56.53,56.63,2952200
2025-07-01 07:00:00,56.83,58.42,56.73,57.83,10049500
2025-07-02 07:00:00,57.92,58.22,57.33,57.63,2913600
2025-07-03 07:00:00,57.73,58.42,57.33,57.53,7395300
2025-07-04 07:00:00,57.53,58.42,57.43,58.02,4849800
2025-07-07 07:00:00,58.12,58.52,57.83,58.22,8056200
2025-07-08 07:00:00,58.42,59.12,58.22,58.62,10394500
2025-07-09 07:00:00,59.02,61.4,59.02,61.1,16449700
2025-07-10 07:00:00,61.4,61.4,60.61,61.0,8152900
2025-07-11 07:00:00,61.1,62.69,61.1,62.3,12701900
2025-07-14 07:00:00,62.49,62.49,60.61,62.0,6475000
2025-07-15 07:00:00,62.0,62.2,61.0,61.0,6315400
2025-07-16 07:00:00,61.0,61.7,60.71,61.4,7603200
2025-07-17 07:00:00,61.4,62.3,61.4,61.8,9992700
2025-07-18 07:00:00,61.9,62.2,61.4,61.5,6915300
2025-07-21 07:00:00,61.8,62.3,60.91,60.91,6138200
2025-07-22 07:00:00,60.91,61.8,60.51,61.8,4902600
2025-07-23 07:00:00,62.1,62.2,61.4,61.7,5087300
2025-07-24 07:00:00,61.8,63.09,61.5,61.7,8710200
2025-07-25 07:00:00,61.7,62.1,61.5,61.6,4978400
2025-07-28 07:00:00,61.8,62.59,61.7,62.4,10484700
2025-07-29 07:00:00,62.79,62.79,60.61,60.61,10595600
2025-07-30 07:00:00,60.61,61.5,60.01,60.51,7271000
2025-07-31 07:00:00,61.1,61.3,59.71,59.81,6066900
2025-08-01 07:00:00,59.91,60.21,59.32,59.81,4751600
2025-08-04 07:00:00,59.71,61.0,59.61,60.71,4462400
2025-08-05 07:00:00,61.1,63.29,60.81,61.1,18590000
2025-08-06 07:00:00,61.7,62.4,61.5,61.9,4677500
2025-08-07 07:00:00,62.49,62.49,60.91,61.3,9498700
2025-08-08 07:00:00,61.8,62.89,61.2,61.5,10679800
2025-08-11 07:00:00,61.7,62.79,61.7,62.1,7266300
2025-08-12 07:00:00,62.4,64.38,62.3,62.59,12129000
2025-08-13 07:00:00,63.09,63.19,61.6,62.1,7519800
2025-08-14 07:00:00,63.29,65.87,62.89,64.78,19003100
2025-08-15 07:00:00,66.97,67.07,63.79,63.89,16667800
2025-08-18 07:00:00,64.38,65.18,63.59,64.08,8297300
2025-08-19 07:00:00,64.08,64.98,63.79,63.79,9191400
2025-08-20 07:00:00,64.08,64.18,61.8,62.59,10537600
2025-08-21 07:00:00,62.89,64.58,62.89,63.79,9639300
2025-08-22 07:00:00,63.59,66.77,63.29,64.18,18944300
2025-08-25 07:00:00,65.38,65.38,62.99,63.19,7750800
2025-08-26 07:00:00,63.19,64.58,62.49,64.18,7988400
2025-08-27 07:00:00,64.58,68.65,64.58,68.65,31048100
2025-08-28 07:00:00,69.05,70.15,68.26,68.56,8799400
2025-08-29 07:00:00,68.75,69.65,68.06,68.16,14696100
2025-09-03 07:00:00,68.36,68.36,66.57,66.57,14216900
2025-09-04 07:00:00,67.07,68.56,66.47,68.46,8942100
2025-09-05 07:00:00,69.05,69.15,67.07,67.07,11047800
2025-09-08 07:00:00,66.67,67.07,64.88,64.88,11249800
2025-09-09 07:00:00,65.08,65.77,64.08,64.48,6192300
2025-09-10 07:00:00,65.18,65.57,64.38,65.38,5006400
2025-09-11 07:00:00,65.18,65.57,63.79,65.28,6349100
2025-09-12 07:00:00,65.77,65.77,64.58,65.38,5694200
2025-09-15 07:00:00,65.57,65.57,65.08,65.38,5367400
2025-09-16 07:00:00,65.57,66.17,65.18,65.18,6765400
2025-09-17 07:00:00,65.08,65.38,64.38,64.38,5627200
2025-09-18 07:00:00,64.48,64.48,63.19,63.49,8783400
2025-09-19 07:00:00,63.79,64.08,62.59,62.59,6932700
2025-09-22 07:00:00,62.59,62.79,61.4,61.6,6061300
2025-09-23 07:00:00,62.0,62.69,61.8,61.8,3267800
2025-09-24 07:00:00,62.0,62.3,61.4,62.3,3879200
2025-09-25 07:00:00,62.89,62.99,62.3,62.59,3870300
2025-09-26 07:00:00,62.79,62.99,62.49,62.59,3981900
2025-09-29 07:00:00,62.49,62.49,62.0,62.2,2782900
2025-09-30 07:00:00,62.4,62.49,61.4,61.6,4104100
2025-10-01 07:00:00,62.3,62.3,61.6,62.0,3022000
2025-10-02 07:00:00,62.0,62.69,61.7,61.7,3657500
2025-10-03 07:00:00,62.0,62.0,61.4,61.7,2821100
2025-10-06 07:00:00,62.8,64.0,62.8,64.0,7461700
2025-10-07 07:00:00,64.1,64.1,63.3,63.7,4229300
2025-10-08 07:00:00,64.2,64.9,63.6,64.6,8113800
2025-10-09 07:00:00,64.5,65.2,63.8,63.8,5734200
2025-10-10 07:00:00,63.9,64.4,63.6,64.2,4985600
2025-10-13 07:00:00,63.4,63.8,62.8,63.1,7992500
2025-10-14 07:00:00,63.5,64.0,62.9,63.1,7008900
2025-10-15 07:00:00,63.1,63.4,62.5,62.5,5218800
2025-10-16 07:00:00,62.7,63.0,62.5,62.9,4634400
2025-10-17 07:00:00,62.9,62.9,61.8,61.9,5405900
2025-10-20 07:00:00,61.8,62.2,58.6,59.4,12115600
2025-10-21 07:00:00,59.7,60.7,59.3,59.3,8416700
2025-10-22 07:00:00,60.1,60.2,58.5,59.6,4664800
2025-10-23 07:00:00,58.9,60.3,58.9,59.8,4227100
2025-10-24 07:00:00,59.8,59.9,58.8,59.5,4372700
2025-10-27 07:00:00,60.0,60.0,59.2,59.2,2640000
2025-10-28 07:00:00,59.2,60.2,59.1,60.0,2789700
2025-10-29 07:00:00,60.0,61.0,59.8,60.7,3716000
2025-10-30 07:00:00,61.0,61.2,60.3,60.6,1946600
2025-10-31 07:00:00,60.8,60.8,59.6,59.6,2117800
2025-11-03 07:00:00,60.0,60.3,59.3,59.3,2800100
2025-11-04 07:00:00,59.2,60.4,59.1,60.1,2952400
2025-11-05 07:00:00,60.0,61.1,59.9,60.8,4601700
2025-11-06 07:00:00,60.9,61.3,60.2,60.3,2821200
2025-11-07 07:00:00,60.0,60.0,59.0,59.3,3586300
2025-11-10 07:00:00,59.4,59.7,58.8,58.8,2316500
2025-11-11 07:00:00,59.1,59.6,58.8,58.9,2540900
2025-11-12 07:00:00,59.1,59.7,59.0,59.5,2012700
2025-11-13 07:00:00,59.5,60.0,59.2,59.8,2113500
2025-11-14 07:00:00,59.8,60.4,59.4,60.0,2069600
2025-11-17 07:00:00,60.0,60.4,59.9,60.2,1585600
2025-11-18 07:00:00,60.4,60.4,59.8,59.9,2158800
2025-11-19 07:00:00,59.9,60.1,59.3,59.4,2896200
2025-11-20 07:00:00,59.6,59.7,59.2,59.4,2259400
2025-11-21 07:00:00,59.1,59.2,58.7,59.0,3452400
2025-11-24 07:00:00,59.0,59.3,58.7,58.8,2025600
2025-11-25 07:00:00,58.9,59.0,58.2,58.2,2755000
2025-11-26 07:00:00,58.5,58.6,57.8,58.1,5371200
2025-11-27 07:00:00,58.2,58.5,57.9,57.9,3113500
2025-11-28 07:00:00,58.0,58.1,57.4,57.4,3534300
2025-12-01 07:00:00,57.6,58.0,57.5,57.5,2824900
2025-12-02 07:00:00,57.5,57.8,57.2,57.6,3185600
2025-12-03 07:00:00,57.8,59.1,57.8,58.9,6161200
2025-12-04 07:00:00,59.0,59.4,58.7,58.9,2923100
2025-12-05 07:00:00,59.0,59.2,58.2,58.3,3604700
2025-12-08 07:00:00,58.2,58.3,57.8,57.9,2141500
2025-12-09 07:00:00,57.9,58.7,57.3,58.0,4519400
2025-12-10 07:00:00,58.3,58.6,57.8,58.2,3082500
2025-12-11 07:00:00,58.4,58.4,57.6,57.6,1746700
2025-12-12 07:00:00,57.8,57.8,56.8,56.8,4847700
2025-12-15 07:00:00,56.8,57.3,56.7,56.8,3203100
2025-12-16 07:00:00,56.9,57.4,56.0,56.9,6346800
2025-12-17 07:00:00,57.0,57.5,56.7,56.7,2331200
2025-12-18 07:00:00,57.2,57.5,56.7,56.8,3075800
2025-12-19 07:00:00,57.0,57.5,56.7,57.5,4265500
2025-12-22 07:00:00,57.7,58.0,57.3,57.8,2961200
2025-12-23 07:00:00,57.8,58.1,57.0,57.2,3147900
2025-12-24 07:00:00,57.3,57.3,56.9,57.0,4431500
2025-12-25 07:00:00,57.0,57.9,57.0,57.1,3968100
2025-12-26 07:00:00,57.1,57.4,56.6,57.1,3302500
2025-12-29 07:00:00,57.4,57.5,57.1,57.1,2099700
2025-12-30 07:00:00,57.3,58.1,57.2,57.3,2958000
2025-12-31 07:00:00,57.4,57.9,57.3,57.5,2530800
2026-01-05 07:00:00,57.5,57.6,57.0,57.1,3591800
2026-01-06 07:00:00,57.1,57.5,56.6,57.3,4173200
2026-01-07 07:00:00,57.6,59.9,57.5,59.6,12918300
2026-01-08 07:00:00,59.8,63.7,59.7,63.7,27104600
2026-01-09 07:00:00,65.4,68.0,65.4,68.0,32481400
2026-01-12 07:00:00,69.9,72.7,69.6,72.7,21973100
2026-01-13 07:00:00,74.3,76.0,71.8,74.0,28198200
2026-01-14 07:00:00,73.1,78.8,73.1,76.0,21213600
2026-01-15 07:00:00,74.0,74.9,71.9,71.9,23227200
2026-01-16 07:00:00,73.0,76.0,72.0,73.0,13426500
2026-01-19 07:00:00,73.0,73.5,71.6,72.7,8212000
2026-01-20 07:00:00,74.0,75.0,72.1,73.5,18491600
2026-01-21 07:00:00,72.8,73.6,71.7,72.8,11179000
2026-01-22 07:00:00,73.4,75.9,70.6,71.0,18577500
2026-01-23 07:00:00,71.0,71.0,68.5,68.6,16804700
2026-01-26 07:00:00,68.9,71.1,68.7,69.6,10990600
2026-01-27 07:00:00,69.7,71.5,68.1,70.6,9645200
2026-01-28 07:00:00,71.1,72.9,69.4,69.6,12283200
2026-01-29 07:00:00,69.3,70.8,68.6,69.8,7855400
2026-01-30 07:00:00,70.6,71.9,69.6,70.5,11480700
2026-02-02 07:00:00,70.5,71.5,69.3,71.5,10711000
2026-02-03 07:00:00,72.4,73.3,71.3,71.8,15094700
2026-02-04 07:00:00,72.0,72.0,70.5,70.8,8726700
2026-02-05 07:00:00,70.7,70.8,68.4,68.4,11688700
2026-02-06 07:00:00,67.9,67.9,64.9,65.1,24570400
2026-02-09 07:00:00,65.5,66.0,64.2,65.0,7308900
2026-02-10 07:00:00,64.5,65.5,62.6,63.1,15811100
2026-02-11 07:00:00,64.0,66.6,63.5,64.7,11121200
2026-02-12 07:00:00,65.5,65.5,64.2,64.2,7950400
2026-02-13 07:00:00,64.7,65.1,64.0,64.4,4951400
2026-02-23 07:00:00,65.0,66.7,64.6,66.4,10104200
2026-02-24 07:00:00,66.6,66.6,64.9,65.0,10246500
2026-02-25 07:00:00,65.0,66.5,64.7,65.1,9488800
2026-02-26 07:00:00,65.2,65.9,65.0,65.4,7561900
2026-02-27 07:00:00,65.5,66.4,64.8,64.9,8831200
2026-03-02 07:00:00,62.9,63.9,62.9,62.9,17105000
2026-03-03 07:00:00,62.9,63.7,61.4,61.6,12575400
2026-03-04 07:00:00,61.8,63.2,61.7,63.0,10259500
2026-03-05 07:00:00,63.7,63.7,62.5,62.5,6037000
2026-03-06 07:00:00,62.0,63.2,61.6,61.6,8854200
2026-03-09 07:00:00,57.4,59.7,57.3,57.3,29396000
2026-03-10 07:00:00,59.8,60.9,58.8,60.4,11524700
2026-03-11 07:00:00,60.5,61.2,60.0,60.4,8789200
2026-03-12 07:00:00,60.2,60.3,59.5,59.8,6217000
2026-03-13 07:00:00,59.2,60.1,58.9,59.0,5656900
2026-03-16 07:00:00,59.3,59.8,58.6,58.8,3985900
2026-03-17 07:00:00,59.5,60.5,59.4,60.5,7148800
2026-03-18 07:00:00,60.9,62.0,60.0,60.5,8225000
2026-03-19 07:00:00,59.7,60.0,59.0,59.8,6184000
2026-03-20 07:00:00,59.8,59.8,58.0,58.0,8322900
2026-03-23 07:00:00,57.8,58.3,56.5,57.6,9648600
2026-03-24 07:00:00,59.0,59.0,58.0,58.2,4332300
2026-03-25 07:00:00,58.8,59.1,58.0,58.4,8558200
2026-03-26 07:00:00,58.5,58.6,57.5,57.9,6217800
2026-03-27 07:00:00,58.0,59.0,57.9,58.8,6135900
2026-03-30 07:00:00,57.9,58.5,57.8,58.0,5546000
2026-03-31 07:00:00,58.2,58.9,58.0,58.1,5481100
2026-04-01 07:00:00,58.9,59.2,58.5,59.0,8254700
2026-04-02 07:00:00,58.7,58.8,58.1,58.2,5664500
2026-04-03 07:00:00,58.3,58.5,57.7,57.7,5919600
2026-04-06 07:00:00,57.8,58.2,57.7,58.0,4303300
2026-04-07 07:00:00,58.0,58.3,57.7,58.0,3889100
2026-04-08 07:00:00,59.2,60.3,58.8,60.2,13743100
2026-04-09 07:00:00,60.0,60.1,59.3,59.4,6217700
2026-04-10 07:00:00,59.6,61.0,59.6,59.8,7655400
2026-04-13 07:00:00,59.5,59.5,59.0,59.2,5088700
2026-04-14 07:00:00,59.7,59.8,59.1,59.3,5548100
2026-04-15 07:00:00,59.7,60.5,59.6,59.9,8919600
2026-04-16 07:00:00,60.0,60.1,59.3,59.4,4174500
2026-04-17 07:00:00,59.4,59.9,59.4,59.5,4257800
2026-04-20 07:00:00,59.6,60.5,59.5,60.1,6442900
2026-04-21 07:00:00,60.4,60.6,59.6,59.6,6379000
2026-04-22 07:00:00,59.6,59.8,59.2,59.4,3011000
2026-04-23 07:00:00,59.7,63.5,59.6,62.8,35200000
2026-04-24 07:00:00,63.0,63.0,60.6,60.6,11882500
2026-04-28 07:00:00,60.8,61.5,59.8,59.8,7596400
2026-04-29 07:00:00,59.9,60.5,59.5,59.8,6431000
