time,open,high,low,close,volume
2016-11-10 07:00:00,10.89,11.15,10.89,11.08,96970
2016-11-11 07:00:00,11.08,11.08,10.95,11.02,27700
2016-11-14 07:00:00,10.95,10.95,10.69,10.76,89700
2016-11-15 07:00:00,10.82,10.82,10.69,10.82,50710
2016-11-16 07:00:00,10.89,10.95,10.82,10.95,81000
2016-11-17 07:00:00,11.02,11.02,10.82,10.82,69700
2016-11-18 07:00:00,10.82,10.95,10.82,10.82,79300
2016-11-21 07:00:00,10.82,11.02,10.76,10.76,96800
2016-11-22 07:00:00,10.76,10.82,10.69,10.69,127800
2016-11-23 07:00:00,10.95,10.95,10.36,10.43,334500
2016-11-24 07:00:00,11.08,11.08,10.36,10.36,189500
2016-11-25 07:00:00,10.36,10.5,10.3,10.5,53100
2016-11-28 07:00:00,10.43,10.43,10.3,10.36,62800
2016-11-29 07:00:00,10.3,10.43,10.3,10.36,53960
2016-11-30 07:00:00,10.36,10.36,10.23,10.3,124900
2016-12-01 07:00:00,10.3,10.3,10.17,10.17,59100
2016-12-02 07:00:00,10.23,10.23,10.1,10.1,37300
2016-12-05 07:00:00,10.17,10.17,9.91,9.97,28050
2016-12-06 07:00:00,9.91,10.04,9.91,9.91,34520
2016-12-07 07:00:00,9.97,10.56,9.97,10.04,44900
2016-12-08 07:00:00,10.04,10.23,10.04,10.23,24200
2016-12-09 07:00:00,10.17,10.23,10.1,10.23,20000
2016-12-12 07:00:00,10.23,10.3,10.1,10.23,65010
2016-12-13 07:00:00,10.36,10.43,10.36,10.36,67760
2016-12-14 07:00:00,10.43,10.43,10.3,10.43,54300
2016-12-15 07:00:00,10.43,10.63,10.36,10.43,200000
2016-12-22 07:00:00,13.1,13.1,10.43,10.43,76200
2016-12-23 07:00:00,10.43,10.69,10.43,10.43,50600
2016-12-26 07:00:00,10.43,10.56,10.43,10.56,49360
2016-12-27 07:00:00,10.43,10.43,10.3,10.3,24600
2016-12-28 07:00:00,10.23,10.3,9.97,10.1,76200
2016-12-29 07:00:00,10.1,10.1,10.04,10.04,21220
2016-12-30 07:00:00,10.1,10.1,9.97,9.97,29200
2017-01-03 07:00:00,10.04,10.1,9.91,9.97,47100
2017-01-04 07:00:00,10.23,10.23,9.84,9.97,31200
2017-01-05 07:00:00,10.04,10.04,9.91,9.91,63300
2017-01-06 07:00:00,9.91,9.97,9.91,9.97,33500
2017-01-09 07:00:00,9.97,10.04,9.91,9.97,29220
2017-01-10 07:00:00,9.78,9.84,9.71,9.78,21100
2017-01-11 07:00:00,9.97,9.97,9.78,9.78,11500
2017-01-12 07:00:00,9.78,9.78,9.71,9.71,14900
2017-01-13 07:00:00,9.71,9.71,9.52,9.71,21200
2017-01-16 07:00:00,9.78,9.78,9.52,9.52,19100
2017-01-17 07:00:00,9.45,9.58,9.26,9.58,66700
2017-01-18 07:00:00,9.58,9.71,9.58,9.65,10000
2017-01-19 07:00:00,9.65,9.71,9.65,9.71,22900
2017-01-20 07:00:00,9.78,9.78,9.71,9.78,13734
2017-01-23 07:00:00,9.78,9.84,9.78,9.78,20500
2017-01-24 07:00:00,9.78,9.91,9.78,9.84,60500
2017-01-25 07:00:00,9.97,10.17,9.71,10.04,21500
2017-02-02 07:00:00,10.04,10.3,10.04,10.3,16200
2017-02-03 07:00:00,10.3,10.36,10.04,10.04,63900
2017-02-06 07:00:00,10.3,10.3,10.04,10.04,47600
2017-02-07 07:00:00,10.04,10.3,10.04,10.17,95300
2017-02-08 07:00:00,10.23,10.23,10.04,10.1,149200
2017-02-09 07:00:00,10.23,10.23,10.04,10.17,133300
2017-02-10 07:00:00,10.23,10.23,9.97,10.1,143500
2017-02-13 07:00:00,10.1,10.17,9.97,10.04,81600
2017-02-14 07:00:00,9.97,10.23,9.97,10.17,236410
2017-02-15 07:00:00,10.1,10.23,10.1,10.17,67900
2017-02-16 07:00:00,10.1,10.17,10.04,10.1,86810
2017-02-17 07:00:00,9.97,10.1,9.78,10.1,47800
2017-02-20 07:00:00,9.97,10.1,9.97,10.1,87100
2017-02-21 07:00:00,9.91,10.1,9.91,10.04,94400
2017-02-22 07:00:00,9.91,9.97,9.52,9.78,158100
2017-02-23 07:00:00,9.78,9.84,9.71,9.84,35105
2017-02-24 07:00:00,9.65,9.71,9.58,9.71,48740
2017-02-27 07:00:00,9.78,9.78,9.52,9.52,69100
2017-02-28 07:00:00,9.52,9.52,9.32,9.32,34000
2017-03-01 07:00:00,9.65,9.71,9.45,9.45,16000
2017-03-02 07:00:00,9.26,9.32,9.13,9.26,23860
2017-03-03 07:00:00,9.19,9.19,9.06,9.06,20600
2017-03-06 07:00:00,9.06,9.13,9.0,9.06,39590
2017-03-07 07:00:00,9.06,9.26,9.06,9.26,37700
2017-03-08 07:00:00,9.26,9.26,9.26,9.26,260
2017-03-09 07:00:00,9.26,9.26,9.0,9.0,30460
2017-03-10 07:00:00,9.0,9.06,8.8,9.06,58170
2017-03-13 07:00:00,8.93,8.93,8.6,8.8,232060
2017-03-14 07:00:00,8.8,8.8,8.67,8.74,181160
2017-03-15 07:00:00,8.74,9.32,8.67,9.32,212155
2017-03-16 07:00:00,9.32,9.32,9.13,9.26,101300
2017-03-17 07:00:00,9.26,9.32,9.13,9.26,189400
2017-03-20 07:00:00,9.39,9.91,9.19,9.71,368245
2017-03-21 07:00:00,9.78,9.97,9.58,9.91,446650
2017-03-22 07:00:00,9.84,10.3,9.84,10.04,585500
2017-03-23 07:00:00,10.1,10.1,9.58,9.78,211150
2017-03-24 07:00:00,9.78,9.84,9.65,9.78,176200
2017-03-27 07:00:00,9.91,9.91,9.78,9.78,175605
2017-03-28 07:00:00,9.78,9.91,9.78,9.91,424300
2017-03-29 07:00:00,10.04,10.04,9.84,9.84,301000
2017-03-30 07:00:00,10.04,10.17,9.84,10.1,786300
2017-03-31 07:00:00,10.1,10.23,10.04,10.17,1009100
2017-04-03 07:00:00,10.3,10.5,10.17,10.5,996730
2017-04-04 07:00:00,10.56,10.82,10.5,10.69,888170
2017-04-05 07:00:00,10.76,10.76,10.36,10.43,416600
2017-04-07 07:00:00,10.43,10.56,10.23,10.5,248900
2017-04-10 07:00:00,10.56,10.63,10.3,10.43,556900
2017-04-11 07:00:00,10.5,10.5,10.23,10.36,357700
2017-04-12 07:00:00,10.43,10.69,10.43,10.63,1500738
2017-04-13 07:00:00,10.69,10.76,10.56,10.63,321400
2017-04-14 07:00:00,10.63,10.63,10.3,10.43,297600
2017-04-17 07:00:00,10.43,10.5,10.1,10.36,414200
2017-04-18 07:00:00,10.17,10.5,10.1,10.43,348200
2017-04-19 07:00:00,10.43,10.63,10.36,10.43,332500
2017-04-20 07:00:00,10.5,10.5,10.3,10.36,492100
2017-04-21 07:00:00,10.23,10.5,10.17,10.36,319400
2017-04-24 07:00:00,10.43,10.43,10.1,10.1,87900
2017-04-25 07:00:00,10.1,10.23,10.1,10.23,305900
2017-04-26 07:00:00,10.23,10.23,9.97,10.04,60400
2017-04-27 07:00:00,9.97,10.1,9.78,10.1,279698
2017-04-28 07:00:00,10.1,10.1,9.97,10.1,62310
2017-05-03 07:00:00,10.23,10.23,9.84,9.91,73600
2017-05-04 07:00:00,10.1,10.1,9.84,9.91,200100
2017-05-05 07:00:00,9.97,9.97,9.78,9.91,281200
2017-05-08 07:00:00,9.78,9.91,9.78,9.78,210610
2017-05-09 07:00:00,9.91,10.1,9.84,9.97,315800
2017-05-10 07:00:00,9.97,10.17,9.97,10.17,247500
2017-05-11 07:00:00,10.17,10.23,10.1,10.1,154910
2017-05-12 07:00:00,10.1,10.23,10.1,10.17,215400
2017-05-15 07:00:00,10.17,10.23,10.04,10.17,170084
2017-05-16 07:00:00,10.23,10.63,10.17,10.3,405100
2017-05-17 07:00:00,10.3,10.76,10.3,10.36,134900
2017-05-18 07:00:00,10.36,10.43,10.23,10.36,219450
2017-05-19 07:00:00,10.36,10.43,10.36,10.43,622240
2017-05-22 07:00:00,10.43,10.69,10.43,10.56,899266
2017-05-23 07:00:00,10.56,11.6,10.56,11.34,925934
2017-05-24 07:00:00,11.41,11.41,11.08,11.15,634830
2017-05-25 07:00:00,11.15,11.73,10.95,11.47,579230
2017-05-26 07:00:00,11.47,11.73,11.34,11.6,367033
2017-05-29 07:00:00,11.47,12.19,10.95,11.47,1085220
2017-05-30 07:00:00,11.47,11.73,11.41,11.47,537154
2017-05-31 07:00:00,11.67,11.67,11.08,11.08,198000
2017-06-01 07:00:00,11.08,11.34,11.08,11.28,179820
2017-06-02 07:00:00,11.41,12.39,11.34,12.39,810751
2017-06-05 07:00:00,12.39,13.04,12.26,12.65,687722
2017-06-06 07:00:00,12.65,12.71,12.45,12.71,182970
2017-06-07 07:00:00,12.45,12.65,12.39,12.45,233400
2017-06-08 07:00:00,12.19,12.78,12.19,12.65,189011
2017-06-09 07:00:00,12.52,12.97,12.52,12.78,291100
2017-06-12 07:00:00,12.84,12.91,12.58,12.58,297430
2017-06-13 07:00:00,12.58,12.65,12.39,12.58,283210
2017-06-14 07:00:00,12.71,12.71,12.26,12.45,599865
2017-06-15 07:00:00,12.45,12.71,12.45,12.58,281940
2017-06-16 07:00:00,12.58,12.65,12.58,12.65,75273
2017-06-19 07:00:00,12.65,13.3,12.58,13.04,521393
2017-06-20 07:00:00,13.04,13.1,13.04,13.04,266440
2017-06-21 07:00:00,13.04,13.04,12.65,12.91,103730
2017-06-22 07:00:00,12.91,12.91,12.65,12.78,83100
2017-06-23 07:00:00,12.65,12.91,12.58,12.58,148142
2017-06-26 07:00:00,12.58,12.58,12.39,12.39,183300
2017-06-27 07:00:00,12.39,12.58,12.39,12.58,132000
2017-06-28 07:00:00,12.39,13.17,12.39,13.1,389860
2017-06-29 07:00:00,13.17,13.17,12.71,12.71,266100
2017-06-30 07:00:00,12.97,12.97,12.71,12.71,114800
2017-07-03 07:00:00,12.58,12.84,12.58,12.65,85400
2017-07-04 07:00:00,12.71,12.71,12.52,12.52,91100
2017-07-05 07:00:00,12.71,12.71,12.52,12.71,55910
2017-07-06 07:00:00,12.71,12.91,12.65,12.84,117230
2017-07-07 07:00:00,12.97,13.1,12.84,12.97,433122
2017-07-10 07:00:00,12.97,13.04,12.71,12.78,103000
2017-07-11 07:00:00,12.91,12.91,12.52,12.52,139510
2017-07-12 07:00:00,12.91,12.91,12.32,12.39,255320
2017-07-13 07:00:00,12.32,12.32,11.73,12.06,245960
2017-07-14 07:00:00,11.93,12.39,11.93,12.19,145330
2017-07-17 07:00:00,13.36,13.36,12.06,12.19,91300
2017-07-18 07:00:00,12.12,12.12,11.8,11.8,127500
2017-07-19 07:00:00,11.93,12.32,11.86,11.99,193200
2017-07-20 07:00:00,11.99,12.39,11.99,12.39,129400
2017-07-21 07:00:00,12.39,12.65,12.12,12.52,119568
2017-07-24 07:00:00,12.52,12.52,12.26,12.32,68200
2017-07-25 07:00:00,12.12,12.58,12.12,12.52,101400
2017-07-26 07:00:00,12.58,12.58,12.45,12.52,68800
2017-07-27 07:00:00,12.58,12.65,12.45,12.65,217568
2017-07-28 07:00:00,12.65,12.71,12.58,12.71,144900
2017-07-31 07:00:00,12.78,13.04,12.78,12.84,381500
2017-08-01 07:00:00,12.91,12.91,12.71,12.71,146728
2017-08-02 07:00:00,12.71,12.71,12.52,12.52,94800
2017-08-03 07:00:00,12.39,12.65,12.39,12.45,104650
2017-08-04 07:00:00,12.45,12.65,12.39,12.58,145000
2017-08-07 07:00:00,12.65,12.65,12.52,12.52,144900
2017-08-08 07:00:00,12.52,12.52,12.39,12.39,78450
2017-08-09 07:00:00,12.39,12.39,12.19,12.26,114700
2017-08-10 07:00:00,12.26,12.39,12.26,12.32,104100
2017-08-11 07:00:00,12.32,12.45,12.26,12.32,105111
2017-08-14 07:00:00,12.32,12.32,12.19,12.19,79800
2017-08-15 07:00:00,12.19,12.19,11.99,12.06,150200
2017-08-16 07:00:00,11.99,12.39,11.99,12.39,259100
2017-08-17 07:00:00,12.45,12.58,12.26,12.26,55460
2017-08-18 07:00:00,12.26,12.39,12.19,12.39,64700
2017-08-21 07:00:00,12.39,12.58,12.19,12.26,192100
2017-08-22 07:00:00,12.39,12.39,12.19,12.26,43300
2017-08-23 07:00:00,12.26,12.58,12.12,12.39,242800
2017-08-24 07:00:00,12.39,12.45,12.32,12.45,66640
2017-08-25 07:00:00,12.19,12.45,12.19,12.39,50718
2017-08-28 07:00:00,12.39,12.52,12.06,12.52,162800
2017-08-29 07:00:00,12.71,12.71,12.39,12.58,269500
2017-08-30 07:00:00,13.06,13.06,12.44,12.58,180500
2017-08-31 07:00:00,12.51,12.51,12.44,12.51,29600
2017-09-01 07:00:00,12.51,12.58,12.03,12.58,107000
2017-09-05 07:00:00,12.58,12.58,12.51,12.51,117560
2017-09-06 07:00:00,12.58,12.72,12.51,12.65,758200
2017-09-07 07:00:00,12.65,13.68,12.65,13.4,1905620
2017-09-08 07:00:00,13.68,13.68,12.99,13.33,562910
2017-09-11 07:00:00,12.99,13.4,12.99,12.99,328420
2017-09-12 07:00:00,12.99,14.29,12.99,13.68,2060260
2017-09-13 07:00:00,14.02,14.56,13.74,14.15,1349050
2017-09-14 07:00:00,14.22,14.36,13.68,14.09,355100
2017-09-15 07:00:00,13.95,14.63,13.88,14.43,1019560
2017-09-18 07:00:00,14.43,14.84,14.36,14.36,629850
2017-09-19 07:00:00,14.15,15.04,14.15,14.84,554378
2017-09-20 07:00:00,14.77,14.91,14.63,14.91,315430
2017-09-21 07:00:00,14.43,14.91,14.43,14.77,438050
2017-09-22 07:00:00,14.7,15.66,14.43,15.52,672840
2017-09-25 07:00:00,16.48,16.48,15.32,15.32,895700
2017-09-26 07:00:00,15.32,15.73,15.11,15.52,249600
2017-09-27 07:00:00,15.52,15.59,15.32,15.45,326130
2017-09-28 07:00:00,15.18,15.38,14.84,14.97,424630
2017-09-29 07:00:00,14.91,15.59,14.63,15.59,267010
2017-10-02 07:00:00,15.59,16.27,15.45,15.73,496272
2017-10-03 07:00:00,16.0,16.0,14.97,15.32,253600
2017-10-04 07:00:00,15.32,15.52,15.11,15.32,159890
2017-10-05 07:00:00,15.32,15.52,15.04,15.25,348000
2017-10-06 07:00:00,15.18,15.66,15.18,15.45,334492
2017-10-09 07:00:00,15.59,15.59,15.18,15.38,172200
2017-10-10 07:00:00,15.38,15.86,15.25,15.52,752605
2017-10-11 07:00:00,15.59,16.34,15.59,16.0,1245079
2017-10-12 07:00:00,16.07,16.96,16.07,16.62,975309
2017-10-13 07:00:00,16.75,16.89,16.41,16.68,569980
2017-10-16 07:00:00,16.68,16.75,16.48,16.48,352300
2017-10-17 07:00:00,16.41,16.82,16.34,16.62,340890
2017-10-18 07:00:00,16.75,16.75,15.93,16.0,816400
2017-10-19 07:00:00,15.93,16.14,15.73,15.93,534474
2017-10-20 07:00:00,16.07,16.07,15.32,15.45,489148
2017-10-23 07:00:00,15.45,15.73,15.18,15.45,534100
2017-10-24 07:00:00,15.38,15.66,15.32,15.59,221350
2017-10-25 07:00:00,15.52,16.0,15.52,15.73,395820
2017-10-26 07:00:00,15.86,15.86,15.52,15.66,408150
2017-10-27 07:00:00,15.73,15.73,15.59,15.59,91100
2017-10-30 07:00:00,15.59,15.79,15.59,15.59,533600
2017-10-31 07:00:00,15.52,15.59,15.32,15.52,368410
2017-11-01 07:00:00,15.52,15.52,14.63,14.84,692925
2017-11-02 07:00:00,14.91,14.91,14.22,14.36,444180
2017-11-03 07:00:00,14.36,15.04,14.36,15.04,200487
2017-11-06 07:00:00,15.11,15.52,14.97,15.52,253910
2017-11-07 07:00:00,15.45,15.59,15.25,15.32,196700
2017-11-08 07:00:00,15.32,15.52,15.25,15.32,311747
2017-11-09 07:00:00,15.32,15.38,15.18,15.18,207574
2017-11-10 07:00:00,15.04,15.18,14.91,15.18,228700
2017-11-13 07:00:00,15.45,15.45,15.04,15.25,197540
2017-11-14 07:00:00,15.18,15.86,15.18,15.73,625670
2017-11-15 07:00:00,15.79,15.86,15.45,15.52,395000
2017-11-16 07:00:00,15.79,16.21,15.52,15.79,825690
2017-11-17 07:00:00,15.79,16.07,15.52,15.73,511430
2017-11-20 07:00:00,15.73,16.14,15.66,15.86,902634
2017-11-21 07:00:00,16.0,16.07,15.45,15.59,895669
2017-11-22 07:00:00,15.59,15.73,15.45,15.66,454220
2017-11-23 07:00:00,15.73,17.16,15.73,17.16,2595509
2017-11-24 07:00:00,17.16,17.57,16.89,17.57,1828240
2017-11-27 07:00:00,17.57,18.12,17.37,17.85,1001604
2017-11-28 07:00:00,17.64,17.85,17.37,17.71,1601650
2017-11-29 07:00:00,17.71,18.8,17.71,18.46,2514635
2017-11-30 07:00:00,18.46,19.15,18.46,18.8,3061564
2017-12-01 07:00:00,19.01,19.01,18.39,18.46,994179
2017-12-04 07:00:00,18.46,18.87,18.26,18.32,2345250
2017-12-05 07:00:00,18.32,18.39,17.09,17.09,2804971
2017-12-06 07:00:00,17.09,17.71,16.96,17.16,1075433
2017-12-07 07:00:00,17.16,17.91,17.16,17.78,879005
2017-12-08 07:00:00,17.64,17.64,16.96,17.16,973000
2017-12-11 07:00:00,17.23,17.23,16.27,16.27,644361
2017-12-12 07:00:00,16.27,16.75,15.79,16.21,1551880
2017-12-13 07:00:00,16.27,17.03,16.14,16.75,1191150
2017-12-14 07:00:00,16.82,16.96,16.48,16.89,638300
2017-12-15 07:00:00,16.75,17.3,16.75,17.09,1079600
2017-12-18 07:00:00,17.09,17.85,17.09,17.71,1489260
2017-12-19 07:00:00,17.78,17.85,17.5,17.71,1269561
2017-12-20 07:00:00,17.71,18.32,17.71,17.91,1414410
2017-12-21 07:00:00,18.05,18.19,17.5,17.5,908653
2017-12-22 07:00:00,17.5,17.5,17.16,17.16,440250
2017-12-25 07:00:00,17.09,17.3,16.96,16.96,779670
2017-12-26 07:00:00,16.96,17.64,16.89,17.5,713160
2017-12-27 07:00:00,17.5,18.05,17.5,17.85,1006481
2017-12-28 07:00:00,17.78,17.98,17.71,17.91,649499
2017-12-29 07:00:00,18.05,18.05,17.78,18.05,1028274
2018-01-02 07:00:00,18.05,18.8,17.91,18.73,1551201
2018-01-03 07:00:00,18.87,18.94,18.46,18.73,1499960
2018-01-04 07:00:00,18.73,18.8,18.46,18.6,1288334
2018-01-05 07:00:00,18.6,18.87,18.32,18.6,1170200
2018-01-08 07:00:00,18.46,19.62,18.46,19.35,2012648
2018-01-09 07:00:00,19.42,20.1,19.15,19.35,1154122
2018-01-10 07:00:00,19.42,19.62,19.15,19.28,1164961
2018-01-11 07:00:00,19.28,19.62,19.21,19.42,928991
2018-01-12 07:00:00,19.42,19.62,18.32,18.32,2270230
2018-01-15 07:00:00,18.32,18.39,17.78,17.98,1071293
2018-01-16 07:00:00,17.98,18.26,17.91,17.98,858857
2018-01-17 07:00:00,18.05,18.05,17.16,17.16,1545742
2018-01-18 07:00:00,17.09,17.44,16.75,17.09,1306761
2018-01-19 07:00:00,17.23,18.26,17.23,18.26,1295112
2018-01-22 07:00:00,18.26,18.73,18.12,18.26,1180530
2018-01-23 07:00:00,18.39,18.87,18.39,18.67,1884300
2018-01-24 07:00:00,18.73,19.01,18.6,18.6,1566310
2018-01-25 07:00:00,18.6,18.87,17.85,17.91,1609640
2018-01-26 07:00:00,17.91,18.39,17.85,18.26,1104480
2018-01-29 07:00:00,18.26,18.26,17.64,17.64,985705
2018-01-30 07:00:00,17.64,18.19,17.3,17.98,906265
2018-01-31 07:00:00,17.98,18.39,17.78,17.78,1328382
2018-02-01 07:00:00,17.78,17.78,17.16,17.3,916785
2018-02-02 07:00:00,17.3,17.44,16.75,17.09,962160
2018-02-05 07:00:00,16.96,17.03,15.38,15.38,1586282
2018-02-06 07:00:00,13.88,16.41,13.88,16.0,1886120
2018-02-07 07:00:00,16.14,16.75,16.0,16.21,938700
2018-02-08 07:00:00,16.27,16.27,15.59,15.66,464795
2018-02-09 07:00:00,15.04,16.0,14.29,15.66,852200
2018-02-12 07:00:00,15.73,16.14,15.38,15.52,850750
2018-02-13 07:00:00,15.73,16.07,15.66,16.07,345780
2018-02-21 07:00:00,16.41,16.68,15.79,16.34,321040
2018-02-22 07:00:00,16.41,16.82,16.21,16.55,448255
2018-02-23 07:00:00,16.75,16.89,16.41,16.75,379315
2018-02-26 07:00:00,16.82,16.82,16.21,16.41,857855
2018-02-27 07:00:00,16.41,16.41,15.66,15.79,1012290
2018-02-28 07:00:00,15.73,16.41,15.73,15.93,738776
2018-03-01 07:00:00,15.93,16.14,15.73,15.86,650570
2018-03-02 07:00:00,15.73,16.48,15.66,16.27,758840
2018-03-05 07:00:00,16.41,16.82,15.79,15.79,1184360
2018-03-06 07:00:00,16.14,16.21,15.79,15.93,1292974
2018-03-07 07:00:00,16.07,16.07,15.79,15.79,1021875
2018-03-08 07:00:00,15.93,16.0,15.45,15.73,1103770
2018-03-09 07:00:00,15.79,16.0,15.38,15.73,1682073
2018-03-12 07:00:00,15.73,15.79,15.52,15.52,778012
2018-03-13 07:00:00,15.52,15.86,15.38,15.79,1040018
2018-03-14 07:00:00,15.86,16.48,15.86,16.34,2187410
2018-03-15 07:00:00,16.34,16.55,16.34,16.55,1828167
2018-03-16 07:00:00,16.55,17.44,16.48,17.16,1507512
2018-03-19 07:00:00,17.16,17.5,16.96,17.16,2016544
2018-03-20 07:00:00,17.16,17.3,16.89,17.23,1156660
2018-03-21 07:00:00,17.23,17.44,16.82,16.96,1236970
2018-03-22 07:00:00,17.03,17.16,16.82,16.82,1335524
2018-03-23 07:00:00,16.75,16.75,15.45,16.55,1441170
2018-03-26 07:00:00,16.34,17.09,16.34,17.09,998010
2018-03-27 07:00:00,17.09,17.44,16.68,16.82,1260976
2018-03-28 07:00:00,16.82,16.96,16.55,16.82,1019210
2018-03-29 07:00:00,16.89,16.89,16.41,16.41,816830
2018-03-30 07:00:00,16.55,17.09,16.34,16.89,769771
2018-04-02 07:00:00,16.89,17.98,16.89,17.44,3334707
2018-04-03 07:00:00,17.44,18.05,17.09,17.78,2967084
2018-04-04 07:00:00,17.78,17.85,17.44,17.5,2292890
2018-04-05 07:00:00,17.57,17.78,17.37,17.57,1537683
2018-04-06 07:00:00,17.57,17.57,17.16,17.23,1901715
2018-04-09 07:00:00,17.23,17.78,17.23,17.23,1871230
2018-04-10 07:00:00,17.23,17.44,16.68,16.68,1807870
2018-04-11 07:00:00,16.68,16.89,15.73,15.86,2696198
2018-04-12 07:00:00,15.86,16.55,15.79,16.14,1681428
2018-04-13 07:00:00,16.41,16.41,15.93,16.14,1820360
2018-04-16 07:00:00,16.07,16.34,15.86,16.0,1849765
2018-04-17 07:00:00,16.0,16.0,15.66,16.0,1106400
2018-04-18 07:00:00,16.0,16.27,15.79,15.79,844850
2018-04-19 07:00:00,15.79,15.79,15.04,15.52,1676825
2018-04-20 07:00:00,15.52,16.34,15.38,16.21,1135530
2018-04-23 07:00:00,16.21,16.75,15.73,16.07,3107430
2018-04-24 07:00:00,15.86,16.27,15.66,16.21,1268462
2018-04-26 07:00:00,16.41,16.41,15.66,15.79,1702868
2018-04-27 07:00:00,15.73,16.0,15.38,16.0,1596745
2018-05-02 07:00:00,16.07,16.55,15.86,15.93,1652043
2018-05-03 07:00:00,15.93,16.27,15.73,16.27,1188950
2018-05-04 07:00:00,16.27,16.41,16.21,16.41,1078736
2018-05-07 07:00:00,16.55,16.68,16.34,16.68,1928504
2018-05-08 07:00:00,16.75,16.89,16.62,16.62,3253100
2018-05-09 07:00:00,16.75,16.75,16.34,16.48,2530110
2018-05-10 07:00:00,16.55,16.82,16.41,16.48,2064210
2018-05-11 07:00:00,16.62,16.68,16.34,16.68,1444700
2018-05-14 07:00:00,16.68,16.82,16.62,16.75,750800
2018-05-15 07:00:00,16.82,17.5,16.75,17.3,4704493
2018-05-16 07:00:00,17.44,17.44,17.16,17.3,1981450
2018-05-17 07:00:00,17.3,17.71,17.09,17.57,2618827
2018-05-18 07:00:00,17.71,17.78,16.96,17.44,2992273
2018-05-21 07:00:00,17.64,17.64,16.96,17.09,1608650
2018-05-22 07:00:00,17.03,17.03,16.48,16.68,1707977
2018-05-23 07:00:00,16.62,17.09,16.55,16.89,1771060
2018-05-24 07:00:00,17.03,17.37,16.89,16.96,2201370
2018-05-25 07:00:00,17.09,17.3,16.62,16.62,2152059
2018-05-28 07:00:00,16.75,16.82,14.97,14.97,1675850
2018-05-29 07:00:00,14.43,14.7,13.54,14.63,3018080
2018-05-30 07:00:00,14.7,15.18,14.22,15.11,1896160
2018-05-31 07:00:00,14.7,16.0,14.7,15.79,3165478
2018-06-01 07:00:00,14.84,16.14,14.84,15.79,3067310
2018-06-04 07:00:00,16.14,17.09,15.73,16.75,2483580
2018-06-05 07:00:00,17.09,17.09,16.34,16.62,1462240
2018-06-06 07:00:00,18.26,18.26,16.48,16.96,1060618
2018-06-07 07:00:00,18.6,18.6,16.41,16.75,1329430
2018-06-08 07:00:00,17.09,17.09,16.21,16.68,1395710
2018-06-11 07:00:00,16.89,16.89,16.34,16.55,1005238
2018-06-12 07:00:00,16.55,16.55,16.0,16.07,1314115
2018-06-13 07:00:00,16.14,16.62,16.14,16.55,1209760
2018-06-14 07:00:00,18.19,18.19,16.34,16.41,2198820
2018-06-15 07:00:00,16.82,16.82,16.21,16.41,1482600
2018-06-18 07:00:00,16.96,16.96,15.86,15.86,1345100
2018-06-19 07:00:00,15.86,15.86,14.29,14.97,3547308
2018-06-20 07:00:00,14.7,15.79,14.7,15.18,3592810
2018-06-21 07:00:00,16.07,16.41,15.38,16.41,2864100
2018-06-22 07:00:00,16.75,16.75,16.07,16.21,3689310
2018-06-25 07:00:00,16.75,16.75,15.86,15.86,818422
2018-06-26 07:00:00,15.73,16.0,15.38,15.38,837028
2018-06-27 07:00:00,15.73,16.27,15.04,16.27,4112250
2018-06-28 07:00:00,16.55,16.55,14.7,14.7,5535440
2018-06-29 07:00:00,14.63,14.7,13.47,14.09,3528275
2018-07-02 07:00:00,13.4,14.29,13.4,14.15,4671702
2018-07-03 07:00:00,12.79,14.36,12.79,14.29,2469680
2018-07-04 07:00:00,14.29,14.36,13.54,14.02,2312310
2018-07-05 07:00:00,14.09,14.15,12.65,12.65,4180170
2018-07-06 07:00:00,11.42,12.92,11.42,12.65,2582580
2018-07-09 07:00:00,12.31,12.65,11.42,11.42,3521900
2018-07-10 07:00:00,10.39,11.42,10.32,11.08,2646580
2018-07-11 07:00:00,11.01,11.28,10.6,11.28,3094450
2018-07-12 07:00:00,10.19,11.62,10.19,11.62,1264820
2018-07-13 07:00:00,11.62,12.58,11.42,12.44,1817470
2018-07-16 07:00:00,12.44,12.65,11.97,12.03,2242790
2018-07-17 07:00:00,12.1,12.24,11.76,12.03,1646875
2018-07-18 07:00:00,12.03,12.31,11.97,12.31,2623845
2018-07-19 07:00:00,12.38,12.38,11.97,11.97,2181410
2018-07-20 07:00:00,11.9,12.38,11.83,12.31,2041160
2018-07-23 07:00:00,12.31,12.85,12.17,12.58,2268810
2018-07-24 07:00:00,12.65,12.72,12.38,12.65,1338475
2018-07-25 07:00:00,12.58,12.65,12.03,12.03,1393900
2018-07-26 07:00:00,12.1,12.24,11.9,12.03,872580
2018-07-27 07:00:00,12.17,12.31,12.1,12.17,736140
2018-07-30 07:00:00,12.31,12.38,12.17,12.24,1638455
2018-07-31 07:00:00,12.31,12.31,12.1,12.1,1249461
2018-08-01 07:00:00,12.17,12.24,12.03,12.1,670300
2018-08-02 07:00:00,12.1,12.17,11.9,12.1,870235
2018-08-03 07:00:00,12.1,12.65,12.1,12.24,2072290
2018-08-06 07:00:00,12.51,12.51,12.24,12.31,1002810
2018-08-07 07:00:00,12.31,12.38,12.17,12.17,613455
2018-08-08 07:00:00,12.17,12.31,12.1,12.17,756910
2018-08-09 07:00:00,12.75,12.75,12.03,12.03,1122225
2018-08-10 07:00:00,12.03,12.17,11.88,12.03,807134
2018-08-13 07:00:00,12.03,12.03,11.81,11.95,1317662
2018-08-14 07:00:00,11.95,12.68,11.95,12.6,1887781
2018-08-15 07:00:00,12.6,12.96,12.31,12.31,1219929
2018-08-16 07:00:00,12.17,12.39,12.1,12.17,727220
2018-08-17 07:00:00,12.17,12.31,11.88,11.88,1804176
2018-08-20 07:00:00,12.1,12.1,11.74,11.74,1015462
2018-08-21 07:00:00,11.74,12.03,11.74,11.95,949623
2018-08-22 07:00:00,11.95,12.39,11.95,12.17,1846620
2018-08-23 07:00:00,12.24,12.53,12.24,12.39,1244846
2018-08-24 07:00:00,12.24,12.53,12.24,12.46,1094621
2018-08-27 07:00:00,12.53,13.18,12.46,12.89,4381412
2018-08-28 07:00:00,12.89,13.11,12.82,12.96,2117707
2018-08-29 07:00:00,13.04,13.61,12.82,13.47,2866789
2018-08-30 07:00:00,13.47,13.68,13.25,13.61,1860589
2018-08-31 07:00:00,13.76,13.76,13.4,13.47,2216108
2018-09-04 07:00:00,13.4,13.54,13.18,13.18,2440590
2018-09-05 07:00:00,13.32,13.68,13.04,13.25,3443878
2018-09-06 07:00:00,13.32,13.97,13.25,13.61,3241120
2018-09-07 07:00:00,13.68,13.9,13.47,13.61,1916400
2018-09-10 07:00:00,13.61,13.61,13.25,13.25,1365320
2018-09-11 07:00:00,13.25,13.32,13.11,13.25,1365440
2018-09-12 07:00:00,13.32,13.47,13.18,13.18,1025881
2018-09-13 07:00:00,13.25,13.61,13.11,13.4,2202360
2018-09-14 07:00:00,13.47,13.61,13.4,13.47,1056250
2018-09-17 07:00:00,13.54,13.54,13.18,13.18,1235040
2018-09-18 07:00:00,13.18,13.54,13.11,13.47,1186840
2018-09-19 07:00:00,13.54,13.9,13.54,13.61,3697398
2018-09-20 07:00:00,13.83,13.83,13.61,13.76,1409770
2018-09-21 07:00:00,13.76,13.83,13.47,13.68,1672880
2018-09-24 07:00:00,13.68,13.83,13.54,13.54,1121821
2018-09-25 07:00:00,13.61,13.97,13.4,13.76,2829098
2018-09-26 07:00:00,13.76,14.26,13.68,14.04,3560579
2018-09-27 07:00:00,14.12,14.26,13.97,14.04,1720758
2018-09-28 07:00:00,14.04,14.19,13.76,13.76,1981840
2018-10-01 07:00:00,13.68,13.83,13.4,13.4,2261463
2018-10-02 07:00:00,13.4,13.47,13.25,13.25,1339430
2018-10-03 07:00:00,13.32,13.4,13.18,13.25,1865780
2018-10-04 07:00:00,13.25,13.54,13.25,13.54,1453530
2018-10-05 07:00:00,13.32,13.54,13.25,13.25,867834
2018-10-08 07:00:00,13.25,13.47,13.11,13.4,1045320
2018-10-09 07:00:00,13.4,13.47,13.18,13.25,935275
2018-10-10 07:00:00,13.25,13.4,13.11,13.11,792740
2018-10-11 07:00:00,12.96,13.11,11.88,11.95,4384880
2018-10-12 07:00:00,11.95,12.39,11.81,12.24,1775530
2018-10-15 07:00:00,12.31,12.39,11.95,11.95,997550
2018-10-16 07:00:00,11.88,12.24,11.88,12.1,752265
2018-10-17 07:00:00,12.46,12.46,12.1,12.24,1237050
2018-10-18 07:00:00,12.17,12.31,12.03,12.1,834690
2018-10-19 07:00:00,11.95,12.1,11.81,12.1,1232800
2018-10-22 07:00:00,12.17,12.17,11.88,11.88,743420
2018-10-23 07:00:00,11.95,11.95,11.38,11.45,1767260
2018-10-24 07:00:00,11.45,11.67,11.31,11.31,1082995
2018-10-25 07:00:00,11.16,11.31,10.66,11.16,2213555
2018-10-26 07:00:00,11.31,11.38,10.8,10.8,1084570
2018-10-29 07:00:00,10.8,10.95,10.66,10.87,1005777
2018-10-30 07:00:00,10.73,11.16,10.73,10.95,910563
2018-10-31 07:00:00,10.95,11.31,10.95,11.23,944450
2018-11-01 07:00:00,11.38,11.38,10.87,10.87,1298720
2018-11-02 07:00:00,10.87,11.31,10.87,11.23,1043035
2018-11-05 07:00:00,11.31,11.81,11.23,11.74,1775096
2018-11-06 07:00:00,11.88,11.88,11.45,11.52,852518
2018-11-07 07:00:00,11.67,11.81,11.45,11.59,1337542
2018-11-08 07:00:00,11.81,11.95,11.52,11.52,1103610
2018-11-09 07:00:00,11.45,11.67,11.45,11.45,825947
2018-11-12 07:00:00,11.45,11.52,11.23,11.52,592380
2018-11-13 07:00:00,11.23,11.45,10.37,11.16,1076309
2018-11-14 07:00:00,11.31,11.59,11.23,11.23,1273334
2018-11-15 07:00:00,11.16,11.38,11.02,11.09,833680
2018-11-16 07:00:00,11.09,11.31,11.02,11.31,400551
2018-11-19 07:00:00,10.23,11.45,10.23,11.45,653169
2018-11-20 07:00:00,11.38,11.52,11.23,11.31,914450
2018-11-21 07:00:00,11.16,11.38,11.16,11.38,454903
2018-11-22 07:00:00,11.38,11.52,11.38,11.38,673895
2018-11-23 07:00:00,11.45,12.39,11.45,12.1,3737804
2018-11-26 07:00:00,12.24,12.46,12.03,12.03,2710695
2018-11-27 07:00:00,11.95,12.17,11.59,11.74,1209640
2018-11-28 07:00:00,11.74,11.88,11.59,11.74,1050060
2018-11-29 07:00:00,11.74,11.88,11.67,11.67,1236250
2018-11-30 07:00:00,11.74,11.95,11.74,11.81,621050
2018-12-03 07:00:00,11.95,12.17,11.88,11.95,1575470
2018-12-04 07:00:00,12.1,12.6,12.03,12.53,4057380
2018-12-05 07:00:00,12.31,12.89,12.31,12.75,2838530
2018-12-06 07:00:00,12.75,12.82,12.46,12.68,1507648
2018-12-07 07:00:00,12.68,12.96,12.53,12.75,2510917
2018-12-10 07:00:00,12.68,12.75,12.53,12.53,1178240
2018-12-11 07:00:00,12.6,12.68,12.31,12.39,1155850
2018-12-12 07:00:00,12.53,12.75,12.46,12.75,1252888
2018-12-13 07:00:00,12.89,13.04,12.82,12.89,1885264
2018-12-14 07:00:00,12.89,12.96,12.82,12.82,1270250
2018-12-17 07:00:00,12.82,12.82,12.53,12.53,1446350
2018-12-18 07:00:00,12.24,12.46,12.17,12.31,2388672
2018-12-19 07:00:00,12.31,12.68,12.24,12.6,1831421
2018-12-20 07:00:00,12.6,12.89,12.6,12.89,1470939
2018-12-21 07:00:00,12.89,13.25,12.6,13.25,3622790
2018-12-24 07:00:00,13.11,13.68,13.04,13.32,3073900
2018-12-25 07:00:00,13.25,13.25,12.75,13.18,3094254
2018-12-26 07:00:00,13.18,13.25,12.96,13.18,1528520
2018-12-27 07:00:00,13.25,13.47,13.11,13.18,1623121
2018-12-28 07:00:00,13.18,13.32,13.04,13.11,1309753
2019-01-02 07:00:00,13.18,13.25,12.53,12.53,1379360
2019-01-03 07:00:00,12.46,12.89,12.39,12.68,1992940
2019-01-04 07:00:00,12.6,13.04,12.53,12.89,799790
2019-01-07 07:00:00,13.04,13.18,12.96,13.11,728580
2019-01-08 07:00:00,13.04,13.11,12.82,12.96,974166
2019-01-09 07:00:00,12.96,13.11,12.82,12.89,1218519
2019-01-10 07:00:00,12.96,13.04,12.75,12.82,846300
2019-01-11 07:00:00,12.82,12.89,12.75,12.75,910040
2019-01-14 07:00:00,12.75,12.89,12.75,12.75,643235
2019-01-15 07:00:00,12.89,13.32,12.75,13.25,2989516
2019-01-16 07:00:00,13.32,13.47,13.11,13.32,2010509
2019-01-17 07:00:00,13.32,13.4,13.11,13.11,874390
2019-01-18 07:00:00,13.11,13.9,13.04,13.76,4418731
2019-01-21 07:00:00,13.76,14.12,13.54,13.97,2666200
2019-01-22 07:00:00,14.04,14.04,13.68,13.83,1546589
2019-01-23 07:00:00,13.68,13.9,13.61,13.9,1073821
2019-01-24 07:00:00,13.83,14.12,13.83,13.9,1340263
2019-01-25 07:00:00,13.9,13.97,13.83,13.83,1165050
2019-01-28 07:00:00,13.76,13.97,13.61,13.76,1796359
2019-01-29 07:00:00,13.76,14.26,13.76,14.26,2763637
2019-01-30 07:00:00,14.26,14.33,14.12,14.19,1192120
2019-01-31 07:00:00,14.12,14.4,14.12,14.26,1408584
2019-02-01 07:00:00,14.26,14.33,14.12,14.19,725669
2019-02-11 07:00:00,14.33,14.69,14.26,14.62,2415900
2019-02-12 07:00:00,14.69,14.98,14.48,14.69,3435880
2019-02-13 07:00:00,14.69,14.76,14.4,14.55,2466207
2019-02-14 07:00:00,14.48,14.69,14.33,14.4,1960608
2019-02-15 07:00:00,14.55,14.84,14.4,14.62,1347790
2019-02-18 07:00:00,14.62,14.91,14.62,14.76,1707309
2019-02-19 07:00:00,14.76,14.91,14.55,14.55,1957300
2019-02-20 07:00:00,14.4,14.69,13.11,14.62,1483300
2019-02-21 07:00:00,14.62,15.2,14.55,15.05,4371940
2019-02-22 07:00:00,15.12,15.2,14.84,14.84,1796140
2019-02-25 07:00:00,14.84,15.05,14.84,14.91,2073880
2019-02-26 07:00:00,14.84,15.77,14.84,15.56,6032029
2019-02-27 07:00:00,15.41,15.92,15.41,15.56,2198875
2019-02-28 07:00:00,15.56,15.63,14.91,14.91,3372092
2019-03-01 07:00:00,14.91,15.56,14.91,15.56,2875620
2019-03-04 07:00:00,15.7,16.13,15.63,15.92,3956657
2019-03-05 07:00:00,15.63,16.13,15.56,15.7,5723154
2019-03-06 07:00:00,15.7,15.7,15.34,15.56,2201997
2019-03-07 07:00:00,15.7,15.99,15.48,15.56,3166301
2019-03-08 07:00:00,15.56,15.63,15.34,15.41,1762671
2019-03-11 07:00:00,15.41,15.56,15.12,15.34,1484859
2019-03-12 07:00:00,15.48,15.84,15.27,15.7,3168263
2019-03-13 07:00:00,15.77,15.77,15.56,15.56,1243018
2019-03-14 07:00:00,15.63,15.77,15.48,15.63,1179481
2019-03-15 07:00:00,15.63,15.77,15.41,15.41,2241409
2019-03-18 07:00:00,15.56,15.63,15.41,15.41,2143193
2019-03-19 07:00:00,15.48,15.77,15.41,15.48,3739311
2019-03-20 07:00:00,15.48,15.63,15.34,15.48,1517780
2019-03-21 07:00:00,15.56,15.7,15.27,15.27,2142752
2019-03-22 07:00:00,15.27,15.48,15.12,15.41,1907751
2019-03-25 07:00:00,15.27,15.34,14.55,14.98,3187920
2019-03-26 07:00:00,15.12,15.2,14.69,14.76,2407091
2019-03-27 07:00:00,14.62,14.98,14.4,14.76,1541870
2019-03-28 07:00:00,14.76,14.98,14.69,14.76,1699470
2019-03-29 07:00:00,14.76,15.34,14.69,14.76,2540610
2019-04-01 07:00:00,14.84,15.05,14.76,14.84,1594420
2019-04-02 07:00:00,15.05,15.27,14.98,14.98,2450930
2019-04-03 07:00:00,15.05,15.12,14.84,14.91,1029272
2019-04-04 07:00:00,14.91,14.98,14.55,14.55,1312600
2019-04-05 07:00:00,14.55,14.76,14.48,14.55,1100147
2019-04-08 07:00:00,14.62,14.62,14.12,14.12,1752990
2019-04-09 07:00:00,14.26,14.4,14.04,14.12,1275887
2019-04-10 07:00:00,14.12,14.19,13.97,14.12,1770421
2019-04-11 07:00:00,14.12,14.26,14.12,14.12,636790
2019-04-12 07:00:00,14.19,14.33,14.04,14.33,804592
2019-04-16 07:00:00,14.33,14.33,14.04,14.33,864430
2019-04-17 07:00:00,14.33,14.4,14.04,14.04,836137
2019-04-18 07:00:00,14.04,14.12,13.4,13.68,1224360
2019-04-19 07:00:00,13.61,13.83,13.54,13.54,486360
2019-04-22 07:00:00,13.54,13.54,13.18,13.54,1554360
2019-04-23 07:00:00,13.4,13.61,13.32,13.61,752618
2019-04-24 07:00:00,13.61,13.83,13.54,13.76,632438
2019-04-25 07:00:00,13.83,14.12,13.83,13.97,982920
2019-04-26 07:00:00,13.97,14.19,13.97,14.04,465628
2019-05-02 07:00:00,14.12,14.48,14.12,14.4,1751030
2019-05-03 07:00:00,14.4,14.55,14.4,14.48,1130453
2019-05-06 07:00:00,14.26,14.55,13.04,14.4,2198350
2019-05-07 07:00:00,14.48,14.98,14.4,14.91,1752540
2019-05-08 07:00:00,14.76,14.84,14.4,14.55,1292900
2019-05-09 07:00:00,14.55,14.69,14.26,14.48,986162
2019-05-10 07:00:00,14.62,15.05,14.48,14.84,1884100
2019-05-13 07:00:00,14.91,15.12,14.69,14.84,1205823
2019-05-14 07:00:00,14.84,15.12,14.84,14.98,3003850
2019-05-15 07:00:00,14.98,15.2,14.84,14.84,1038620
2019-05-16 07:00:00,14.98,14.98,14.76,14.76,1332167
2019-05-17 07:00:00,14.84,14.84,14.62,14.62,1307748
2019-05-29 07:00:00,14.98,15.34,14.73,14.76,2018050
2019-05-30 07:00:00,14.76,14.91,14.76,14.76,358940
2019-05-31 07:00:00,14.76,14.87,14.44,14.44,724470
2019-06-03 07:00:00,14.26,14.4,14.04,14.33,1625780
2019-06-04 07:00:00,14.4,14.48,14.3,14.4,791440
2019-06-05 07:00:00,14.48,14.48,14.19,14.19,577390
2019-06-06 07:00:00,14.15,14.4,14.15,14.19,518450
2019-06-07 07:00:00,14.26,14.84,14.22,14.84,1087110
2019-06-10 07:00:00,14.91,15.02,14.69,14.76,598030
2019-06-11 07:00:00,14.76,14.98,14.62,14.76,570190
2019-06-12 07:00:00,14.84,14.84,14.69,14.73,444260
2019-06-13 07:00:00,14.73,14.73,14.4,14.44,293890
2019-06-14 07:00:00,14.48,14.69,14.4,14.48,313190
2019-06-17 07:00:00,14.58,14.58,14.22,14.4,628990
2019-06-18 07:00:00,14.4,14.55,14.4,14.55,585840
2019-06-19 07:00:00,14.55,14.69,14.55,14.55,290130
2019-06-20 07:00:00,14.66,15.05,14.58,15.05,2331420
2019-06-21 07:00:00,15.09,15.34,14.98,15.09,1516310
2019-06-24 07:00:00,15.12,15.23,14.98,15.05,451260
2019-06-25 07:00:00,14.98,15.05,14.87,15.05,677380
2019-06-26 07:00:00,15.05,15.05,14.76,14.76,958650
2019-06-27 07:00:00,14.69,14.76,14.37,14.4,1822990
2019-06-28 07:00:00,14.55,14.69,14.44,14.66,886270
2019-07-01 07:00:00,14.66,14.76,14.62,14.62,448520
2019-07-02 07:00:00,14.62,14.76,14.55,14.66,553760
2019-07-03 07:00:00,14.73,14.73,14.48,14.48,537840
2019-07-04 07:00:00,14.66,14.76,14.48,14.76,552580
2019-07-05 07:00:00,14.84,14.84,14.69,14.69,372800
2019-07-08 07:00:00,14.69,14.84,14.66,14.84,764920
2019-07-09 07:00:00,14.91,15.48,14.87,15.48,3003790
2019-07-10 07:00:00,15.48,15.66,15.38,15.48,1624770
2019-07-11 07:00:00,15.48,15.48,15.34,15.45,850380
2019-07-12 07:00:00,15.56,15.56,15.23,15.3,1098720
2019-07-15 07:00:00,15.56,15.52,15.38,15.45,1033230
2019-07-16 07:00:00,15.41,15.45,15.38,15.41,963950
2019-07-17 07:00:00,15.79,15.79,15.26,15.26,1039600
2019-07-18 07:00:00,15.19,15.45,14.73,15.22,780480
2019-07-19 07:00:00,15.19,15.45,15.22,15.41,442800
2019-07-22 07:00:00,15.41,15.41,15.22,15.26,299030
2019-07-23 07:00:00,15.37,15.37,15.19,15.22,370080
2019-07-24 07:00:00,15.22,15.3,15.15,15.26,374540
2019-07-25 07:00:00,15.26,15.56,15.19,15.49,961510
2019-07-26 07:00:00,15.49,15.49,15.34,15.34,441240
2019-07-29 07:00:00,15.34,15.34,14.88,14.88,827890
2019-07-30 07:00:00,14.73,14.88,14.47,14.47,947690
2019-07-31 07:00:00,14.47,14.62,14.32,14.62,440710
2019-08-01 07:00:00,14.43,14.66,14.39,14.43,400950
2019-08-02 07:00:00,14.35,14.58,14.28,14.43,510830
2019-08-05 07:00:00,14.43,14.54,14.2,14.24,614400
2019-08-06 07:00:00,14.05,14.88,13.98,14.66,965350
2019-08-07 07:00:00,14.81,14.96,14.54,14.73,506030
2019-08-08 07:00:00,14.54,14.69,14.47,14.66,286650
2019-08-09 07:00:00,14.54,14.73,14.51,14.54,311810
2019-08-12 07:00:00,14.58,14.58,14.35,14.35,295800
2019-08-13 07:00:00,14.43,14.43,14.13,14.35,248410
2019-08-14 07:00:00,14.35,14.43,14.13,14.2,370020
2019-08-15 07:00:00,14.09,14.2,14.05,14.13,177490
2019-08-16 07:00:00,14.28,14.28,14.05,14.05,301900
2019-08-19 07:00:00,14.13,14.13,14.01,14.05,279950
2019-08-20 07:00:00,14.13,14.13,13.94,13.98,314590
2019-08-21 07:00:00,13.9,14.05,13.83,13.94,449000
2019-08-22 07:00:00,13.94,13.98,13.86,13.98,338350
2019-08-23 07:00:00,14.05,14.05,13.75,13.9,153900
2019-08-26 07:00:00,13.75,13.98,13.75,13.9,293130
2019-08-27 07:00:00,13.83,14.05,13.75,14.05,580740
2019-08-28 07:00:00,13.86,14.69,13.83,14.54,965930
2019-08-29 07:00:00,14.58,14.58,14.32,14.35,373240
2019-08-30 07:00:00,14.58,14.43,14.13,14.13,160250
2019-09-03 07:00:00,14.13,14.43,14.09,14.13,271770
2019-09-04 07:00:00,14.05,14.43,13.94,14.32,391600
2019-09-05 07:00:00,14.35,14.35,14.28,14.28,180090
2019-09-06 07:00:00,14.2,14.58,14.17,14.58,731770
2019-09-09 07:00:00,14.58,14.88,14.35,14.88,360840
2019-09-10 07:00:00,14.73,14.77,14.51,14.73,448770
2019-09-11 07:00:00,14.66,14.81,14.66,14.66,318600
2019-09-12 07:00:00,14.66,14.85,14.66,14.77,369930
2019-09-13 07:00:00,14.77,14.81,14.69,14.73,397680
2019-09-16 07:00:00,14.85,14.85,14.73,14.77,255290
2019-09-17 07:00:00,14.88,15.22,14.81,15.07,1071750
2019-09-18 07:00:00,15.15,15.15,14.88,14.96,496000
2019-09-19 07:00:00,14.96,15.07,14.96,15.0,403440
2019-09-20 07:00:00,15.0,15.0,14.66,14.77,501330
2019-09-23 07:00:00,14.77,14.81,14.73,14.73,324110
2019-09-24 07:00:00,14.73,14.81,14.51,14.58,599830
2019-09-25 07:00:00,14.58,14.66,14.54,14.54,380140
2019-09-26 07:00:00,14.54,14.66,14.51,14.58,222370
2019-09-27 07:00:00,14.58,14.73,14.58,14.58,216150
2019-09-30 07:00:00,14.58,14.73,14.54,14.58,313970
2019-10-01 07:00:00,14.58,14.73,14.58,14.62,226620
2019-10-02 07:00:00,14.58,14.66,14.54,14.58,210700
2019-10-03 07:00:00,14.58,14.66,14.51,14.62,292920
2019-10-04 07:00:00,14.66,14.66,14.43,14.47,374450
2019-10-07 07:00:00,14.47,14.51,14.35,14.35,278030
2019-10-08 07:00:00,14.35,14.51,14.35,14.35,289580
2019-10-09 07:00:00,14.35,15.11,14.28,15.11,471810
2019-10-10 07:00:00,14.73,15.03,14.43,14.43,199690
2019-10-11 07:00:00,14.73,14.73,14.43,14.51,203980
2019-10-14 07:00:00,14.69,14.69,14.54,14.66,58850
2019-10-15 07:00:00,14.66,14.66,14.51,14.62,24850
2019-10-16 07:00:00,14.51,14.66,14.51,14.58,104150
2019-10-17 07:00:00,14.58,14.58,14.35,14.39,130900
2019-10-18 07:00:00,14.39,14.51,14.35,14.39,70720
2019-10-21 07:00:00,14.43,14.51,14.35,14.43,111860
2019-10-22 07:00:00,14.39,14.39,14.28,14.28,93980
2019-10-23 07:00:00,14.28,14.51,14.28,14.51,97320
2019-10-24 07:00:00,14.51,14.51,14.35,14.43,57670
2019-10-25 07:00:00,14.43,14.69,14.43,14.58,210540
2019-10-28 07:00:00,14.58,14.66,14.43,14.43,102070
2019-10-29 07:00:00,14.43,14.51,14.35,14.39,80000
2019-10-30 07:00:00,14.39,14.54,14.28,14.35,132540
2019-10-31 07:00:00,14.35,14.51,14.32,14.32,111240
2019-11-01 07:00:00,14.2,14.35,14.2,14.28,130380
2019-11-04 07:00:00,14.43,14.54,14.2,14.24,134290
2019-11-05 07:00:00,14.24,14.39,14.2,14.24,171080
2019-11-06 07:00:00,14.24,14.35,14.2,14.28,204080
2019-11-07 07:00:00,14.2,14.28,14.01,14.17,301280
2019-11-08 07:00:00,14.05,14.28,13.98,14.2,237820
2019-11-11 07:00:00,14.2,14.24,14.09,14.17,121820
2019-11-12 07:00:00,13.98,14.17,13.98,14.17,317450
2019-11-13 07:00:00,14.17,14.17,14.01,14.17,218450
2019-11-14 07:00:00,14.13,14.17,14.01,14.17,81200
2019-11-15 07:00:00,14.01,14.17,14.01,14.13,144600
2019-11-18 07:00:00,14.13,14.13,13.98,14.13,99190
2019-11-19 07:00:00,14.01,14.09,13.94,14.05,177500
2019-11-20 07:00:00,13.98,14.01,13.86,14.01,171740
2019-11-21 07:00:00,13.9,14.05,13.67,14.05,308360
2019-11-22 07:00:00,13.98,14.05,13.67,13.98,730740
2019-11-25 07:00:00,13.9,13.98,13.9,13.98,117850
2019-11-26 07:00:00,13.98,14.01,13.9,13.98,210250
2019-11-27 07:00:00,14.01,14.01,13.86,13.98,33020
2019-11-28 07:00:00,13.98,13.98,13.71,13.98,161890
2019-11-29 07:00:00,13.75,13.94,13.75,13.86,180030
2019-12-02 07:00:00,13.94,13.94,13.75,13.9,286370
2019-12-03 07:00:00,13.94,13.94,13.79,13.86,232280
2019-12-04 07:00:00,13.9,13.9,13.79,13.9,87590
2019-12-05 07:00:00,13.79,13.94,13.79,13.9,122470
2019-12-06 07:00:00,13.9,13.9,13.79,13.9,29330
2019-12-09 07:00:00,13.83,13.86,13.79,13.86,99850
2019-12-10 07:00:00,13.79,13.83,13.71,13.83,269040
2019-12-11 07:00:00,13.75,13.83,13.67,13.83,104710
2019-12-12 07:00:00,13.83,13.83,13.75,13.83,68720
2019-12-13 07:00:00,13.75,13.83,13.71,13.79,122580
2019-12-16 07:00:00,13.79,13.83,13.71,13.83,95390
2019-12-17 07:00:00,13.71,13.75,13.6,13.6,125990
2019-12-18 07:00:00,13.6,13.67,13.52,13.67,222750
2019-12-19 07:00:00,13.56,13.64,13.52,13.64,132530
2019-12-20 07:00:00,13.64,13.64,13.52,13.64,110900
2019-12-23 07:00:00,13.67,13.71,13.6,13.6,55900
2019-12-24 07:00:00,13.6,13.64,13.52,13.6,170380
2019-12-25 07:00:00,13.56,13.64,13.56,13.6,110370
2019-12-26 07:00:00,13.6,13.75,13.56,13.67,245380
2019-12-27 07:00:00,13.67,13.75,13.6,13.6,35720
2019-12-30 07:00:00,13.56,13.75,13.52,13.75,132010
2019-12-31 07:00:00,13.75,13.9,13.56,13.9,301810
2020-01-02 07:00:00,13.75,13.75,13.6,13.6,143280
2020-01-03 07:00:00,13.6,13.67,13.6,13.6,55480
2020-01-06 07:00:00,13.6,13.64,13.56,13.6,152580
2020-01-07 07:00:00,13.45,13.6,13.45,13.6,121120
2020-01-08 07:00:00,13.6,13.64,12.81,13.6,310830
2020-01-09 07:00:00,13.6,13.75,13.6,13.75,374150
2020-01-10 07:00:00,13.64,13.75,13.6,13.64,105900
2020-01-13 07:00:00,13.64,13.64,13.6,13.6,131260
2020-01-14 07:00:00,13.45,13.64,13.45,13.6,199490
2020-01-15 07:00:00,13.6,13.6,13.52,13.6,262570
2020-01-16 07:00:00,13.6,13.64,13.6,13.6,115470
2020-01-17 07:00:00,13.6,13.67,13.6,13.6,251850
2020-01-20 07:00:00,13.6,13.75,13.6,13.67,153910
2020-01-21 07:00:00,13.67,13.83,13.6,13.6,92950
2020-01-22 07:00:00,13.6,13.79,13.6,13.79,171450
2020-01-30 07:00:00,13.41,13.75,13.41,13.6,203710
2020-01-31 07:00:00,13.75,13.75,13.6,13.64,306970
2020-02-03 07:00:00,13.45,13.45,12.99,13.07,254350
2020-02-04 07:00:00,13.07,13.6,13.03,13.03,211230
2020-02-05 07:00:00,13.37,13.37,12.99,13.22,151750
2020-02-06 07:00:00,13.26,13.33,13.07,13.26,92070
2020-02-07 07:00:00,13.45,13.45,13.26,13.37,110460
2020-02-10 07:00:00,13.45,13.45,13.15,13.15,209100
2020-02-11 07:00:00,13.11,13.3,13.11,13.22,106560
2020-02-12 07:00:00,13.22,13.41,13.18,13.3,154960
2020-02-13 07:00:00,13.3,13.56,13.26,13.37,213760
2020-02-14 07:00:00,13.56,13.56,13.33,13.33,177320
2020-02-17 07:00:00,13.18,13.49,13.18,13.3,96320
2020-02-18 07:00:00,13.37,13.37,13.18,13.3,228380
2020-02-19 07:00:00,13.3,13.67,13.3,13.67,345140
2020-02-20 07:00:00,13.67,13.75,13.6,13.71,52480
2020-02-21 07:00:00,13.71,13.98,13.71,13.98,301110
2020-02-24 07:00:00,13.37,13.98,13.37,13.6,459500
2020-02-25 07:00:00,13.37,13.98,13.37,13.98,454500
2020-02-26 07:00:00,13.83,13.98,13.75,13.83,62240
2020-02-27 07:00:00,13.75,13.98,13.75,13.9,99090
2020-02-28 07:00:00,13.64,13.83,13.6,13.75,245970
2020-03-02 07:00:00,13.67,14.13,13.67,13.98,470570
2020-03-03 07:00:00,14.05,14.05,13.83,13.98,166640
2020-03-04 07:00:00,13.98,14.05,13.83,13.98,644960
2020-03-05 07:00:00,13.98,14.13,13.83,13.98,505220
2020-03-06 07:00:00,14.05,14.05,13.9,13.98,466980
2020-03-09 07:00:00,13.67,13.67,13.15,13.22,632730
2020-03-10 07:00:00,13.22,13.49,13.07,13.49,220700
2020-03-11 07:00:00,13.75,13.75,13.41,13.41,293330
2020-03-12 07:00:00,12.62,13.49,12.62,12.81,1125890
2020-03-13 07:00:00,12.09,12.39,11.94,12.31,571780
2020-03-16 07:00:00,12.31,12.31,11.94,12.01,170270
2020-03-17 07:00:00,11.41,12.31,11.41,12.31,254490
2020-03-18 07:00:00,12.35,12.35,11.94,12.16,168420
2020-03-19 07:00:00,11.71,12.09,11.48,11.48,408650
2020-03-20 07:00:00,11.63,11.63,11.33,11.45,332740
2020-03-23 07:00:00,11.18,11.33,10.65,10.65,132620
2020-03-24 07:00:00,10.05,10.35,9.93,10.12,572680
2020-03-25 07:00:00,10.12,10.73,10.12,10.65,182820
2020-03-26 07:00:00,10.65,10.65,10.43,10.65,140200
2020-03-27 07:00:00,10.43,10.65,10.43,10.61,320910
2020-03-30 07:00:00,10.58,10.61,10.2,10.43,215450
2020-03-31 07:00:00,10.58,10.65,10.27,10.65,793060
2020-04-01 07:00:00,10.88,11.07,10.65,11.03,136890
2020-04-03 07:00:00,11.6,11.6,11.03,11.26,107090
2020-04-06 07:00:00,11.26,11.79,11.26,11.63,335880
2020-04-07 07:00:00,12.24,12.24,11.63,11.86,430610
2020-04-08 07:00:00,11.33,12.24,11.33,12.16,514920
2020-04-09 07:00:00,12.09,12.24,12.01,12.01,153920
2020-04-10 07:00:00,12.31,12.31,11.18,11.97,411370
2020-04-13 07:00:00,11.97,12.01,11.45,11.9,140150
2020-04-14 07:00:00,11.56,12.09,11.56,12.05,131500
2020-04-15 07:00:00,12.16,12.16,11.86,11.86,82480
2020-04-16 07:00:00,11.94,12.43,11.86,12.43,319380
2020-04-17 07:00:00,12.47,12.58,12.47,12.58,140970
2020-04-20 07:00:00,12.84,12.84,12.58,12.58,136670
2020-04-21 07:00:00,12.43,12.62,11.86,11.86,172870
2020-04-22 07:00:00,12.16,12.16,11.97,12.16,88070
2020-04-23 07:00:00,12.47,12.54,12.39,12.54,235620
2020-04-24 07:00:00,12.62,12.62,12.39,12.47,23740
2020-04-27 07:00:00,12.54,12.84,12.47,12.84,466220
2020-04-28 07:00:00,12.99,13.07,12.77,13.07,481990
2020-04-29 07:00:00,13.07,13.15,12.84,13.07,224620
2020-05-04 07:00:00,13.07,13.07,12.47,12.47,167100
2020-05-05 07:00:00,12.62,13.07,12.43,13.07,362270
2020-05-06 07:00:00,13.07,13.11,12.88,13.07,456160
2020-05-07 07:00:00,13.07,13.11,12.84,13.07,434920
2020-05-08 07:00:00,13.11,13.15,12.99,13.07,273560
2020-05-11 07:00:00,12.92,13.15,12.92,12.92,95630
2020-05-12 07:00:00,12.92,13.03,12.62,12.77,171050
2020-05-13 07:00:00,12.69,12.96,12.62,12.62,171310
2020-05-14 07:00:00,12.77,13.07,12.77,12.88,179710
2020-05-15 07:00:00,12.88,13.07,12.84,12.88,122360
2020-05-18 07:00:00,12.92,13.15,12.88,13.15,556780
2020-05-19 07:00:00,13.22,13.22,13.15,13.15,150110
2020-05-20 07:00:00,13.15,13.15,13.07,13.07,414090
2020-05-21 07:00:00,12.99,13.18,12.84,13.15,235630
2020-05-22 07:00:00,12.92,13.37,12.92,13.33,342150
2020-05-25 07:00:00,13.33,13.9,13.33,13.83,584370
2020-05-26 07:00:00,13.98,14.35,13.75,14.32,386760
2020-05-27 07:00:00,14.35,14.43,14.05,14.39,512780
2020-05-28 07:00:00,14.43,14.47,14.17,14.32,553290
2020-05-29 07:00:00,14.13,14.47,14.13,14.2,621160
2020-06-01 07:00:00,14.17,14.39,14.17,14.2,167840
2020-06-02 07:00:00,14.32,14.32,14.17,14.28,138230
2020-06-03 07:00:00,14.28,14.39,13.98,14.09,186540
2020-06-04 07:00:00,14.05,14.43,14.05,14.39,509800
2020-06-05 07:00:00,14.39,14.43,14.17,14.35,57610
2020-06-08 07:00:00,14.35,14.47,14.35,14.39,203660
2020-06-09 07:00:00,14.43,14.54,14.32,14.47,354680
2020-06-10 07:00:00,14.51,14.51,14.35,14.43,395720
2020-06-11 07:00:00,14.43,14.47,14.24,14.24,564220
2020-06-12 07:00:00,14.13,14.28,13.37,14.28,434060
2020-06-15 07:00:00,14.43,14.43,13.98,14.13,196310
2020-06-16 07:00:00,14.24,14.43,14.05,14.39,489980
2020-06-17 07:00:00,14.39,14.51,14.35,14.39,68440
2020-06-18 07:00:00,14.51,15.19,14.39,15.03,1125010
2020-06-19 07:00:00,15.11,15.56,14.88,15.49,922180
2020-06-22 07:00:00,15.49,15.49,15.03,15.07,794280
2020-06-23 07:00:00,14.85,14.96,14.43,14.66,603340
2020-06-24 07:00:00,14.51,14.73,14.39,14.51,171620
2020-06-25 07:00:00,14.13,14.51,14.09,14.24,238810
2020-06-26 07:00:00,14.35,14.43,14.2,14.28,184160
2020-06-29 07:00:00,14.35,14.77,14.35,14.62,446090
2020-06-30 07:00:00,14.62,14.81,14.28,14.39,456320
2020-07-01 07:00:00,14.51,14.81,14.35,14.77,170090
2020-07-02 07:00:00,15.34,15.79,14.96,15.79,1084590
2020-07-03 07:00:00,16.09,16.39,15.41,15.49,1456560
2020-07-06 07:00:00,15.86,15.86,15.34,15.49,486080
2020-07-07 07:00:00,15.61,15.65,15.33,15.53,437010
2020-07-08 07:00:00,15.53,16.21,15.25,16.05,714770
2020-07-09 07:00:00,16.05,16.45,16.05,16.37,837690
2020-07-10 07:00:00,16.29,16.45,16.05,16.37,428260
2020-07-13 07:00:00,16.45,16.53,15.97,15.97,322960
2020-07-14 07:00:00,15.97,16.37,15.73,16.37,399700
2020-07-15 07:00:00,16.37,16.53,15.97,16.09,340490
2020-07-16 07:00:00,16.29,16.33,15.89,16.09,238820
2020-07-17 07:00:00,16.05,16.13,15.97,15.97,449190
2020-07-20 07:00:00,16.17,16.21,15.89,16.01,494460
2020-07-21 07:00:00,15.97,16.09,15.97,16.01,516770
2020-07-22 07:00:00,15.97,16.13,15.97,15.97,282680
2020-07-23 07:00:00,15.93,16.09,15.85,16.05,383110
2020-07-24 07:00:00,16.05,16.05,14.93,15.45,1148350
2020-07-27 07:00:00,14.69,15.49,14.69,14.93,1210280
2020-07-28 07:00:00,15.01,15.89,14.85,15.49,553350
2020-07-29 07:00:00,15.69,15.69,14.89,15.01,705420
2020-07-30 07:00:00,15.01,15.65,14.93,15.01,177040
2020-07-31 07:00:00,14.85,15.49,14.85,15.25,318360
2020-08-03 07:00:00,15.25,15.81,15.25,15.81,318900
2020-08-04 07:00:00,15.81,16.13,15.65,16.05,231450
2020-08-05 07:00:00,16.05,16.13,15.81,16.05,186340
2020-08-06 07:00:00,16.05,16.13,15.89,16.05,238130
2020-08-07 07:00:00,16.05,17.16,16.01,17.16,7816310
2020-08-10 07:00:00,17.28,17.28,16.88,16.96,655270
2020-08-11 07:00:00,16.92,17.56,16.88,17.32,522950
2020-08-12 07:00:00,17.16,17.56,17.16,17.56,1189560
2020-08-13 07:00:00,17.56,17.56,17.2,17.24,647350
2020-08-14 07:00:00,17.24,17.32,16.84,16.84,577410
2020-08-17 07:00:00,16.76,17.56,16.53,17.44,706300
2020-08-18 07:00:00,17.48,18.12,17.16,17.92,596240
2020-08-19 07:00:00,17.64,17.92,17.64,17.72,484680
2020-08-20 07:00:00,17.72,17.88,17.56,17.56,413030
2020-08-21 07:00:00,17.56,17.64,17.4,17.64,254000
2020-08-24 07:00:00,17.8,17.96,17.52,17.84,525010
2020-08-25 07:00:00,17.84,17.84,17.16,17.4,742450
2020-08-26 07:00:00,17.2,17.52,17.2,17.4,607000
2020-08-27 07:00:00,17.4,17.64,17.4,17.52,1093370
2020-08-28 07:00:00,17.56,17.8,17.48,17.52,753330
2020-08-31 07:00:00,17.68,17.68,17.16,17.16,579560
2020-09-01 07:00:00,17.16,17.72,17.16,17.32,273060
2020-09-03 07:00:00,17.4,18.52,17.4,18.36,1031740
2020-09-04 07:00:00,17.96,18.76,17.88,18.48,640480
2020-09-07 07:00:00,18.4,19.52,18.24,18.76,475670
2020-09-08 07:00:00,18.36,18.76,18.36,18.4,235580
2020-09-09 07:00:00,18.0,18.52,17.12,17.32,1380600
2020-09-10 07:00:00,17.64,17.72,17.32,17.32,474080
2020-09-11 07:00:00,17.32,17.64,17.32,17.32,344620
2020-09-14 07:00:00,18.04,18.12,17.68,17.96,468320
2020-09-15 07:00:00,17.96,18.24,17.88,17.96,366330
2020-09-16 07:00:00,18.04,18.44,17.96,18.28,766670
2020-09-17 07:00:00,18.28,18.52,18.04,18.24,340960
2020-09-18 07:00:00,18.36,18.76,18.12,18.68,692540
2020-09-21 07:00:00,19.0,19.0,18.6,18.72,425800
2020-09-22 07:00:00,18.72,18.84,18.68,18.72,395230
2020-09-23 07:00:00,18.68,18.72,18.52,18.68,397090
2020-09-24 07:00:00,18.56,18.76,18.56,18.68,529020
2020-09-25 07:00:00,18.68,18.84,18.64,18.76,726240
2020-09-28 07:00:00,18.76,18.96,18.72,18.76,341540
2020-09-29 07:00:00,18.76,18.84,18.64,18.68,280950
2020-09-30 07:00:00,18.76,18.76,17.56,18.36,495820
2020-10-01 07:00:00,18.48,18.48,18.28,18.36,275340
2020-10-02 07:00:00,18.44,18.64,18.2,18.36,378360
2020-10-05 07:00:00,18.36,18.64,18.36,18.36,107390
2020-10-06 07:00:00,18.44,18.52,18.36,18.36,249230
2020-10-07 07:00:00,18.28,18.44,18.28,18.36,82270
2020-10-08 07:00:00,18.36,18.52,18.04,18.2,182670
2020-10-09 07:00:00,18.28,18.32,18.12,18.32,150530
2020-10-12 07:00:00,18.52,18.56,18.28,18.28,290900
2020-10-13 07:00:00,18.28,18.44,18.2,18.28,181140
2020-10-14 07:00:00,18.36,18.4,18.28,18.36,217220
2020-10-15 07:00:00,18.4,18.68,18.32,18.68,181900
2020-10-16 07:00:00,18.76,18.84,17.4,18.36,170550
2020-10-19 07:00:00,17.96,18.44,17.96,18.4,88400
2020-10-20 07:00:00,18.28,18.44,18.0,18.4,155090
2020-10-21 07:00:00,18.6,18.68,18.36,18.68,285440
2020-10-22 07:00:00,18.68,18.68,18.32,18.36,46870
2020-10-23 07:00:00,18.44,18.44,18.28,18.36,55100
2020-10-26 07:00:00,18.36,18.44,18.24,18.24,112270
2020-10-27 07:00:00,18.2,18.36,18.08,18.24,149800
2020-10-28 07:00:00,17.88,18.24,17.88,18.24,210550
2020-10-29 07:00:00,18.2,18.28,18.12,18.24,121730
2020-10-30 07:00:00,18.28,18.4,18.24,18.4,97660
2020-11-02 07:00:00,17.96,18.4,17.96,18.36,12760
2020-11-03 07:00:00,18.44,18.48,18.32,18.36,88860
2020-11-04 07:00:00,18.36,18.52,18.36,18.36,107200
2020-11-05 07:00:00,18.36,18.48,18.36,18.44,81490
2020-11-06 07:00:00,18.6,18.6,18.44,18.52,9730
2020-11-09 07:00:00,18.76,18.76,18.4,18.52,30490
2020-11-10 07:00:00,18.68,18.68,18.44,18.44,75950
2020-11-11 07:00:00,18.28,18.44,18.28,18.44,91320
2020-11-12 07:00:00,18.44,18.48,18.36,18.48,28770
2020-11-13 07:00:00,18.44,18.48,18.36,18.44,68540
2020-11-16 07:00:00,18.44,18.44,18.36,18.36,172340
2020-11-17 07:00:00,18.28,18.44,18.28,18.44,124070
2020-11-18 07:00:00,18.52,18.52,18.36,18.4,212280
2020-11-19 07:00:00,18.36,18.52,18.36,18.52,189630
2020-11-20 07:00:00,19.16,19.8,19.08,19.8,1105520
2020-11-23 07:00:00,19.8,21.16,19.76,21.16,327780
2020-11-24 07:00:00,22.63,22.63,21.16,21.55,367200
2020-11-25 07:00:00,21.16,21.16,20.52,20.76,508270
2020-11-26 07:00:00,20.48,21.95,20.04,20.84,259720
2020-11-27 07:00:00,20.8,21.31,20.76,20.76,144630
2020-11-30 07:00:00,20.76,21.24,20.76,21.16,327850
2020-12-01 07:00:00,20.44,21.16,20.44,20.8,170400
2020-12-02 07:00:00,21.0,21.31,20.76,21.04,304610
2020-12-03 07:00:00,21.2,22.47,21.16,22.35,720060
2020-12-04 07:00:00,22.59,22.59,21.79,22.19,207200
2020-12-07 07:00:00,22.19,22.19,21.16,21.16,222590
2020-12-08 07:00:00,20.8,21.12,20.12,20.36,574010
2020-12-09 07:00:00,20.36,21.04,20.12,20.56,299660
2020-12-10 07:00:00,20.52,21.0,20.36,20.36,191440
2020-12-11 07:00:00,20.56,20.56,20.08,20.44,197790
2020-12-14 07:00:00,20.44,20.68,20.04,20.44,224780
2020-12-15 07:00:00,20.44,20.56,20.12,20.48,223580
2020-12-16 07:00:00,20.72,20.76,20.32,20.44,389620
2020-12-17 07:00:00,20.44,20.84,20.28,20.44,360720
2020-12-18 07:00:00,20.36,20.68,20.36,20.44,192300
2020-12-21 07:00:00,20.48,20.52,20.36,20.52,374600
2020-12-22 07:00:00,20.56,21.55,20.16,21.31,347200
2020-12-23 07:00:00,21.51,22.75,21.39,21.79,578550
2020-12-24 07:00:00,21.55,21.71,20.4,20.8,317770
2020-12-25 07:00:00,20.68,21.39,20.68,21.39,119720
2020-12-28 07:00:00,22.35,22.35,20.76,21.35,366700
2020-12-29 07:00:00,21.0,21.51,21.0,21.47,157790
2020-12-30 07:00:00,21.47,21.51,21.2,21.35,229270
2020-12-31 07:00:00,21.24,21.55,21.24,21.39,283180
2021-01-04 07:00:00,21.43,21.79,21.35,21.39,208900
2021-01-05 07:00:00,21.39,21.87,21.35,21.67,199900
2021-01-06 07:00:00,22.19,22.71,21.79,22.15,523300
2021-01-07 07:00:00,21.87,22.39,21.87,22.35,113300
2021-01-08 07:00:00,22.35,22.51,21.08,22.27,240900
2021-01-11 07:00:00,22.27,22.27,21.87,22.19,227700
2021-01-12 07:00:00,22.19,22.19,21.16,21.83,139500
2021-01-13 07:00:00,21.55,22.03,21.47,21.47,202200
2021-01-14 07:00:00,21.79,22.59,21.55,21.55,222300
2021-01-15 07:00:00,22.19,22.19,21.67,21.71,67800
2021-01-18 07:00:00,21.71,22.19,21.67,21.79,237600
2021-01-19 07:00:00,21.95,22.15,20.36,21.47,381000
2021-01-20 07:00:00,21.27,22.19,20.84,21.47,449300
2021-01-21 07:00:00,21.91,22.95,21.55,22.95,727200
2021-01-22 07:00:00,24.19,24.55,23.71,24.55,863000
2021-01-25 07:00:00,25.95,26.26,24.91,26.26,996200
2021-01-26 07:00:00,26.22,27.1,24.43,24.75,1357400
2021-01-27 07:00:00,24.59,26.46,24.35,26.46,1883800
2021-01-28 07:00:00,24.75,28.18,24.75,25.55,983800
2021-01-29 07:00:00,24.87,27.3,24.87,27.3,830000
2021-02-01 07:00:00,27.86,29.18,27.14,28.1,660200
2021-02-02 07:00:00,27.94,29.1,26.42,29.1,850900
2021-02-03 07:00:00,29.58,31.13,29.1,30.54,573000
2021-02-04 07:00:00,30.34,30.5,28.42,28.42,714700
2021-02-05 07:00:00,26.58,28.18,26.54,27.22,901300
2021-02-08 07:00:00,27.22,27.38,26.34,26.34,592600
2021-02-09 07:00:00,25.95,27.38,25.95,27.34,430000
2021-02-17 07:00:00,27.34,27.9,26.34,27.9,421600
2021-02-18 07:00:00,27.94,28.9,27.5,28.1,442200
2021-02-19 07:00:00,28.1,29.7,28.1,29.14,353500
2021-02-22 07:00:00,29.14,29.54,28.34,28.74,719300
2021-02-23 07:00:00,28.54,29.78,28.54,29.38,496000
2021-02-24 07:00:00,29.02,29.62,28.74,28.74,469000
2021-02-25 07:00:00,29.66,30.26,29.22,29.9,701900
2021-02-26 07:00:00,29.54,29.86,29.14,29.78,227100
2021-03-01 07:00:00,29.78,29.94,29.38,29.62,103700
2021-03-02 07:00:00,29.94,30.5,29.54,29.54,345400
2021-03-03 07:00:00,29.18,29.46,28.74,28.74,388800
2021-03-04 07:00:00,30.34,30.42,27.14,28.74,278100
2021-03-05 07:00:00,28.74,28.74,27.14,28.7,473200
2021-03-08 07:00:00,28.34,29.06,27.78,27.86,194600
2021-03-09 07:00:00,27.78,27.78,26.58,27.7,398700
2021-03-10 07:00:00,27.14,27.5,26.66,26.74,343500
2021-03-11 07:00:00,27.14,27.3,26.74,26.9,155200
2021-03-12 07:00:00,26.9,27.18,26.74,27.06,131400
2021-03-15 07:00:00,27.14,27.46,26.98,27.46,283700
2021-03-16 07:00:00,27.46,27.46,26.94,27.22,103700
2021-03-17 07:00:00,27.14,27.46,26.94,27.22,158000
2021-03-18 07:00:00,27.14,27.42,27.14,27.14,154200
2021-03-19 07:00:00,27.14,27.14,26.34,27.06,211800
2021-03-22 07:00:00,27.06,27.14,26.34,27.14,369600
2021-03-23 07:00:00,27.06,27.54,26.42,27.54,219300
2021-03-24 07:00:00,27.54,27.54,26.82,27.34,147300
2021-03-25 07:00:00,27.3,27.3,26.74,27.14,95900
2021-03-26 07:00:00,26.66,27.54,25.55,27.54,246200
2021-03-29 07:00:00,27.54,27.54,26.94,27.5,221000
2021-03-30 07:00:00,27.5,28.66,27.06,28.66,344200
2021-03-31 07:00:00,28.66,29.06,28.3,28.46,187800
2021-04-01 07:00:00,28.5,28.5,28.06,28.5,94700
2021-04-02 07:00:00,28.5,28.5,27.94,28.1,111500
2021-04-05 07:00:00,30.06,30.06,28.66,29.06,403300
2021-04-06 07:00:00,29.06,29.14,27.94,27.94,233700
2021-04-07 07:00:00,27.94,28.74,27.18,28.74,186200
2021-04-08 07:00:00,28.34,28.66,27.94,28.42,179900
2021-04-09 07:00:00,28.42,28.46,27.94,27.94,154800
2021-04-12 07:00:00,28.3,28.3,27.78,28.02,217900
2021-04-13 07:00:00,28.02,28.46,27.3,27.94,186400
2021-04-14 07:00:00,27.94,27.94,26.98,27.58,278400
2021-04-15 07:00:00,27.7,27.7,26.74,26.94,185200
2021-04-16 07:00:00,26.3,26.78,26.18,26.34,293900
2021-04-19 07:00:00,25.87,26.74,25.23,26.34,287100
2021-04-20 07:00:00,26.66,26.66,26.26,26.5,158900
2021-04-22 07:00:00,26.5,27.02,25.63,26.42,99300
2021-04-23 07:00:00,26.42,26.98,26.3,26.74,130300
2021-04-26 07:00:00,27.14,27.14,26.34,26.66,172000
2021-04-27 07:00:00,26.66,26.82,26.34,26.62,72500
2021-04-28 07:00:00,26.62,28.46,26.62,28.46,1477700
2021-04-29 07:00:00,28.74,30.26,28.66,28.9,1839900
2021-05-04 07:00:00,28.74,28.74,27.7,27.86,238900
2021-05-05 07:00:00,27.86,27.86,27.06,27.46,559100
2021-05-06 07:00:00,27.14,27.98,27.14,27.42,220900
2021-05-07 07:00:00,27.86,27.86,26.5,26.98,149300
2021-05-10 07:00:00,26.18,26.5,26.18,26.42,155100
2021-05-11 07:00:00,26.34,26.9,26.34,26.34,137000
2021-05-12 07:00:00,26.1,26.34,26.1,26.34,471200
2021-05-13 07:00:00,26.42,26.74,26.34,26.34,153000
2021-05-14 07:00:00,26.66,26.66,26.3,26.34,57400
2021-05-17 07:00:00,26.34,26.5,26.1,26.34,115600
2021-05-18 07:00:00,26.02,26.38,25.98,26.26,68100
2021-05-19 07:00:00,26.26,26.42,25.95,26.02,168900
2021-05-20 07:00:00,26.1,26.1,24.91,25.23,180100
2021-05-21 07:00:00,24.75,25.03,24.35,24.83,311200
2021-05-24 07:00:00,24.99,25.32,24.99,25.24,139900
2021-05-25 07:00:00,25.32,25.37,24.66,24.74,118400
2021-05-26 07:00:00,24.74,24.74,23.88,24.08,339900
2021-05-27 07:00:00,24.0,24.0,23.17,23.17,449600
2021-05-28 07:00:00,23.5,24.5,23.5,24.17,343900
2021-05-31 07:00:00,24.17,24.7,23.71,24.7,105100
2021-06-01 07:00:00,24.7,24.74,24.0,24.0,157200
2021-06-02 07:00:00,23.67,24.66,23.67,24.66,171300
2021-06-03 07:00:00,24.66,25.66,24.66,25.66,902300
2021-06-04 07:00:00,25.66,26.07,24.66,25.61,121800
2021-06-07 07:00:00,25.61,25.61,24.95,25.24,88000
2021-06-08 07:00:00,25.41,25.41,24.0,24.66,190500
2021-06-09 07:00:00,24.66,24.66,23.34,23.96,110200
2021-06-10 07:00:00,24.0,24.17,23.17,23.17,260500
2021-06-11 07:00:00,23.17,23.63,23.17,23.42,110400
2021-06-14 07:00:00,23.59,24.17,23.5,23.59,186100
2021-06-15 07:00:00,23.59,24.5,23.46,24.25,369700
2021-06-16 07:00:00,24.66,24.66,23.59,24.0,116000
2021-06-17 07:00:00,23.67,24.25,23.67,24.17,164200
2021-06-18 07:00:00,24.17,25.66,23.83,25.24,1775000
2021-06-21 07:00:00,24.91,25.24,24.91,24.99,195000
2021-06-22 07:00:00,25.24,25.24,24.83,24.99,241400
2021-06-23 07:00:00,24.66,24.95,24.17,24.83,203800
2021-06-24 07:00:00,24.83,24.83,24.17,24.79,210700
2021-06-25 07:00:00,24.79,24.83,24.41,24.83,283200
2021-06-28 07:00:00,25.08,25.57,24.83,24.99,252800
2021-06-29 07:00:00,25.08,25.08,24.58,24.83,179600
2021-06-30 07:00:00,25.08,25.08,24.41,24.83,289100
2021-07-01 07:00:00,24.83,24.83,24.29,24.5,120400
2021-07-02 07:00:00,24.5,24.74,24.25,24.74,250300
2021-07-05 07:00:00,24.74,24.83,24.5,24.54,231700
2021-07-06 07:00:00,24.5,24.5,24.0,24.0,126000
2021-07-07 07:00:00,24.0,24.08,23.13,24.08,279000
2021-07-08 07:00:00,24.08,24.08,23.38,24.08,117300
2021-07-09 07:00:00,23.34,24.66,23.34,24.41,361300
2021-07-12 07:00:00,24.37,24.37,23.21,23.42,56800
2021-07-13 07:00:00,22.92,23.67,22.92,23.5,42300
2021-07-14 07:00:00,23.59,24.58,23.17,24.33,138200
2021-07-15 07:00:00,24.33,24.41,23.83,24.41,40300
2021-07-16 07:00:00,24.41,24.83,24.41,24.7,136800
2021-07-19 07:00:00,24.33,24.41,23.59,24.25,207100
2021-07-20 07:00:00,23.63,24.33,23.63,24.29,56200
2021-07-21 07:00:00,24.41,25.32,24.41,24.83,209800
2021-07-22 07:00:00,24.99,25.24,24.87,24.91,73300
2021-07-23 07:00:00,24.83,24.91,24.41,24.7,54400
2021-07-26 07:00:00,24.12,24.7,24.12,24.62,89500
2021-07-27 07:00:00,24.91,25.24,24.58,24.91,228300
2021-07-28 07:00:00,24.91,25.32,24.91,25.12,217400
2021-07-29 07:00:00,25.16,25.57,25.16,25.32,95300
2021-07-30 07:00:00,24.87,25.32,24.87,25.2,162500
2021-08-02 07:00:00,25.57,26.32,25.24,25.32,346700
2021-08-03 07:00:00,25.37,26.07,24.99,25.41,241900
2021-08-04 07:00:00,25.49,25.57,25.08,25.16,138500
2021-08-05 07:00:00,25.08,25.08,24.66,24.83,284300
2021-08-06 07:00:00,25.08,25.08,24.62,24.7,187500
2021-08-09 07:00:00,24.7,26.4,24.7,26.4,1096200
2021-08-10 07:00:00,26.81,28.06,26.81,27.72,1802300
2021-08-11 07:00:00,27.77,28.55,27.31,27.93,2211500
2021-08-12 07:00:00,27.68,28.68,27.56,28.26,2873900
2021-08-13 07:00:00,28.3,28.39,27.31,28.14,2335500
2021-08-16 07:00:00,28.43,29.13,28.34,29.09,2840700
2021-08-17 07:00:00,29.09,29.09,27.64,27.77,2134300
2021-08-18 07:00:00,27.77,28.51,27.39,27.56,3006500
2021-08-19 07:00:00,27.52,28.1,26.9,27.81,2916200
2021-08-20 07:00:00,27.77,29.75,27.77,29.75,7044500
2021-08-23 07:00:00,30.0,31.2,28.92,28.92,5918700
2021-08-24 07:00:00,28.92,28.97,27.6,27.81,2059700
2021-08-25 07:00:00,27.43,28.22,26.9,28.14,1361000
2021-08-26 07:00:00,28.14,28.84,27.14,28.01,2549400
2021-08-27 07:00:00,27.81,28.3,27.27,28.26,1236400
2021-08-30 07:00:00,28.55,30.04,28.55,29.63,4513100
2021-08-31 07:00:00,29.63,30.79,29.13,29.63,4762600
2021-09-01 07:00:00,29.71,30.87,29.67,30.54,2171200
2021-09-06 07:00:00,30.79,32.03,30.62,31.45,2504400
2021-09-07 07:00:00,31.12,31.37,29.26,29.54,2872100
2021-09-08 07:00:00,29.54,30.17,29.26,29.63,1535900
2021-09-09 07:00:00,29.79,30.46,29.71,30.21,1555600
2021-09-10 07:00:00,30.21,30.54,29.79,29.79,1939000
2021-09-13 07:00:00,29.71,30.25,28.14,28.14,2326800
2021-09-14 07:00:00,28.14,28.88,28.14,28.26,1336500
2021-09-15 07:00:00,28.14,28.8,28.01,28.43,1164200
2021-09-16 07:00:00,28.47,28.8,28.06,28.22,1313100
2021-09-17 07:00:00,28.47,29.21,28.39,28.39,1351100
2021-09-20 07:00:00,28.97,28.97,28.18,28.3,1389400
2021-09-21 07:00:00,27.64,28.3,27.64,27.85,1910600
2021-09-22 07:00:00,28.39,28.84,27.89,28.47,853500
2021-09-23 07:00:00,29.13,30.46,28.97,29.01,1806700
2021-09-24 07:00:00,29.09,29.54,28.63,28.63,718900
2021-09-27 07:00:00,28.63,28.63,26.73,26.73,967100
2021-09-28 07:00:00,26.73,27.14,26.48,27.14,1227200
2021-09-29 07:00:00,26.98,27.97,26.65,27.19,828000
2021-09-30 07:00:00,27.43,28.06,27.23,27.85,590400
2021-10-01 07:00:00,27.56,27.89,27.31,27.64,880100
2021-10-04 07:00:00,27.35,27.97,27.31,27.31,535000
2021-10-05 07:00:00,27.43,28.68,27.43,28.68,775400
2021-10-06 07:00:00,29.13,29.17,28.68,28.97,536600
2021-10-07 07:00:00,28.88,29.75,28.68,29.46,799700
2021-10-08 07:00:00,29.79,29.88,28.76,28.88,702500
2021-10-11 07:00:00,29.21,29.21,28.63,28.72,344000
2021-10-12 07:00:00,28.63,28.97,28.34,28.76,544400
2021-10-13 07:00:00,28.8,28.8,28.3,28.34,606500
2021-10-14 07:00:00,28.34,29.09,28.3,28.63,767800
2021-10-15 07:00:00,28.8,29.38,28.14,28.39,571800
2021-10-18 07:00:00,28.8,28.8,28.22,28.3,578500
2021-10-19 07:00:00,28.3,28.47,27.93,28.22,757100
2021-10-20 07:00:00,28.22,28.39,27.81,28.14,812800
2021-10-21 07:00:00,28.39,28.63,28.01,28.47,477400
2021-10-22 07:00:00,28.72,30.46,28.3,30.46,2837200
2021-10-25 07:00:00,30.79,31.49,28.34,29.96,1687600
2021-10-26 07:00:00,29.96,30.46,29.38,30.37,729200
2021-10-27 07:00:00,30.79,31.41,30.37,30.95,2324200
2021-10-28 07:00:00,31.45,32.94,31.37,32.73,2896500
2021-10-29 07:00:00,33.1,34.68,32.94,34.18,1905800
2021-11-01 07:00:00,33.93,34.76,33.35,33.97,1967200
2021-11-02 07:00:00,33.93,35.34,33.48,34.68,1733700
2021-11-03 07:00:00,34.92,34.92,32.28,32.28,2919400
2021-11-04 07:00:00,32.28,33.52,31.45,33.19,1644600
2021-11-05 07:00:00,33.77,35.5,33.77,35.5,2964700
2021-11-08 07:00:00,37.24,37.99,36.5,37.99,2260200
2021-11-09 07:00:00,38.9,38.9,36.91,38.9,1510800
2021-11-10 07:00:00,38.52,40.97,37.82,40.39,1843300
2021-11-11 07:00:00,39.89,40.88,38.9,39.72,1882700
2021-11-12 07:00:00,39.56,40.18,38.07,39.48,1361800
2021-11-15 07:00:00,39.97,42.21,39.81,42.21,2537300
2021-11-16 07:00:00,43.03,44.36,41.05,42.87,2768800
2021-11-17 07:00:00,43.03,43.2,41.63,43.03,1503800
2021-11-18 07:00:00,43.45,44.36,42.29,43.12,1497300
2021-11-19 07:00:00,43.03,45.19,40.22,42.95,2176800
2021-11-22 07:00:00,41.88,42.87,39.97,39.97,2494700
2021-11-23 07:00:00,37.74,39.97,37.2,37.32,1572400
2021-11-24 07:00:00,38.57,39.39,37.82,39.31,1246200
2021-11-25 07:00:00,39.31,41.17,39.31,40.97,1124500
2021-11-26 07:00:00,41.05,41.05,38.73,38.9,871800
2021-11-29 07:00:00,37.99,41.54,37.99,41.54,2480800
2021-11-30 07:00:00,43.12,44.44,43.12,44.44,2571300
2021-12-01 07:00:00,45.52,46.92,43.12,43.12,2738100
2021-12-02 07:00:00,43.86,43.86,42.21,42.21,1649200
2021-12-03 07:00:00,42.7,45.02,41.46,42.21,3577100
2021-12-06 07:00:00,42.29,44.52,40.97,42.12,3553200
2021-12-07 07:00:00,43.03,43.86,42.12,42.95,1300900
2021-12-08 07:00:00,43.2,44.19,41.88,42.21,1837600
2021-12-09 07:00:00,42.21,42.87,41.79,42.12,1036600
2021-12-10 07:00:00,42.62,45.02,42.12,45.02,5070500
2021-12-13 07:00:00,45.77,48.17,45.35,48.17,3468900
2021-12-14 07:00:00,48.66,50.23,47.17,47.83,2860200
2021-12-15 07:00:00,46.43,47.75,46.34,46.34,1398400
2021-12-16 07:00:00,46.76,49.57,46.34,49.57,3903600
2021-12-17 07:00:00,50.48,51.64,48.41,50.9,2719000
2021-12-20 07:00:00,48.91,50.73,48.41,48.58,1377600
2021-12-21 07:00:00,48.0,49.74,46.76,47.83,1822100
2021-12-22 07:00:00,48.0,49.08,44.77,44.77,3168600
2021-12-23 07:00:00,44.36,46.01,44.36,44.61,2076600
2021-12-24 07:00:00,45.43,45.43,43.03,44.28,1513300
2021-12-27 07:00:00,44.36,44.61,41.79,44.11,1080900
2021-12-28 07:00:00,43.78,45.43,43.78,43.86,1105300
2021-12-29 07:00:00,43.86,43.86,41.88,41.88,1754100
2021-12-30 07:00:00,41.88,43.86,41.79,43.86,1144800
2021-12-31 07:00:00,44.61,45.43,43.45,44.03,743800
2022-01-04 07:00:00,44.03,47.09,43.94,47.09,2287900
2022-01-05 07:00:00,47.42,47.92,46.34,46.34,1581700
2022-01-06 07:00:00,45.68,47.75,45.52,47.01,1110900
2022-01-07 07:00:00,47.09,49.24,46.34,48.83,1757700
2022-01-10 07:00:00,49.24,49.24,46.18,46.18,1429200
2022-01-11 07:00:00,45.52,47.67,45.52,45.52,1143100
2022-01-12 07:00:00,43.86,45.52,42.37,44.69,2325000
2022-01-13 07:00:00,44.85,45.77,42.21,42.62,1175400
2022-01-14 07:00:00,41.96,44.36,41.88,43.45,714000
2022-01-17 07:00:00,43.86,43.86,40.43,40.43,1433500
2022-01-18 07:00:00,39.31,40.43,38.23,39.31,920700
2022-01-19 07:00:00,40.8,40.8,38.73,39.81,676100
2022-01-20 07:00:00,40.88,42.54,39.81,42.54,1118700
2022-01-21 07:00:00,42.21,42.95,41.05,41.21,1020200
2022-01-24 07:00:00,40.63,41.34,38.36,38.48,713400
2022-01-25 07:00:00,38.07,41.13,37.82,40.97,584400
2022-01-26 07:00:00,40.97,42.95,40.97,41.13,659400
2022-01-27 07:00:00,41.21,42.29,39.56,39.56,428100
2022-01-28 07:00:00,39.81,41.05,39.31,40.05,374100
2022-02-07 07:00:00,41.63,41.63,40.22,41.3,279900
2022-02-08 07:00:00,41.3,43.03,41.3,42.87,1070100
2022-02-09 07:00:00,42.87,44.11,42.79,43.86,888500
2022-02-10 07:00:00,43.86,45.43,43.28,45.35,1938900
2022-02-11 07:00:00,44.69,45.68,44.69,45.1,1019700
2022-02-14 07:00:00,44.36,45.1,44.03,44.44,1005900
2022-02-15 07:00:00,44.28,44.36,43.45,44.36,734600
2022-02-16 07:00:00,44.94,45.35,44.28,45.19,1412200
2022-02-17 07:00:00,45.19,46.18,43.86,45.1,1235300
2022-02-18 07:00:00,44.52,47.09,44.28,46.76,2568200
2022-02-21 07:00:00,46.76,47.17,46.01,46.51,936000
2022-02-22 07:00:00,45.77,46.18,44.52,45.52,1497000
2022-02-23 07:00:00,45.19,46.18,44.52,45.52,1550100
2022-02-24 07:00:00,45.52,45.52,42.37,43.86,1878300
2022-02-25 07:00:00,44.03,45.19,43.86,44.36,774400
2022-02-28 07:00:00,44.61,44.61,43.45,43.45,860300
2022-03-01 07:00:00,43.2,44.61,42.7,44.61,1612700
2022-03-02 07:00:00,44.61,44.61,43.2,43.2,643000
2022-03-03 07:00:00,43.12,44.11,42.87,44.11,811500
2022-03-04 07:00:00,44.19,44.94,43.45,44.28,910000
2022-03-07 07:00:00,43.86,45.35,43.78,45.27,1225700
2022-03-08 07:00:00,45.02,46.51,44.52,44.52,1767500
2022-03-09 07:00:00,44.44,44.69,43.7,43.78,689800
2022-03-10 07:00:00,44.69,44.77,43.94,44.11,566500
2022-03-11 07:00:00,43.94,44.03,42.21,42.21,1459800
2022-03-14 07:00:00,41.46,42.62,40.88,40.92,844000
2022-03-15 07:00:00,40.55,42.04,40.14,41.88,545200
2022-03-16 07:00:00,42.21,42.54,40.84,41.01,655900
2022-03-17 07:00:00,41.38,42.29,41.05,41.88,669200
2022-03-18 07:00:00,42.37,42.79,41.54,42.12,311100
2022-03-21 07:00:00,41.79,42.79,41.79,42.45,361600
2022-03-22 07:00:00,42.62,43.78,42.54,43.03,799100
2022-03-23 07:00:00,43.03,44.85,42.87,44.85,1530300
2022-03-24 07:00:00,44.85,47.92,44.77,47.92,3583000
2022-03-25 07:00:00,47.67,49.65,47.67,48.83,1725700
2022-03-28 07:00:00,47.83,50.48,46.43,50.32,1804200
2022-03-29 07:00:00,50.32,50.73,49.49,49.65,998400
2022-03-30 07:00:00,49.08,50.48,47.59,50.15,1648000
2022-03-31 07:00:00,49.65,53.63,49.16,53.63,2687500
2022-04-01 07:00:00,53.96,54.45,52.3,52.88,1364900
2022-04-04 07:00:00,52.97,56.44,52.97,54.95,1808000
2022-04-05 07:00:00,54.54,55.12,53.46,53.71,1676300
2022-04-06 07:00:00,49.99,52.8,49.99,49.99,3357200
2022-04-07 07:00:00,49.57,50.73,46.76,47.92,2636800
2022-04-08 07:00:00,46.34,48.08,44.61,44.61,2000100
2022-04-12 07:00:00,45.52,45.93,42.21,43.12,1034600
2022-04-13 07:00:00,43.28,46.1,43.28,46.1,983900
2022-04-14 07:00:00,46.34,47.17,45.19,45.35,1099100
2022-04-15 07:00:00,43.45,44.69,42.29,42.37,1894300
2022-04-18 07:00:00,41.63,43.61,40.97,42.7,1487600
2022-04-19 07:00:00,43.2,44.03,39.72,39.72,1141100
2022-04-20 07:00:00,38.9,40.47,37.24,37.24,1602900
2022-04-21 07:00:00,36.41,39.31,35.42,38.4,1308500
2022-04-22 07:00:00,39.31,39.56,36.58,39.23,874600
2022-04-25 07:00:00,39.19,39.35,36.5,36.5,916300
2022-04-26 07:00:00,34.43,36.5,34.01,36.5,1081600
2022-04-27 07:00:00,36.5,38.07,34.01,37.74,550300
2022-04-28 07:00:00,37.32,39.23,37.32,38.15,920500
2022-04-29 07:00:00,38.19,39.23,37.28,39.06,878500
2022-05-04 07:00:00,39.06,39.06,37.9,38.65,941900
2022-05-05 07:00:00,38.94,40.34,38.94,40.18,1806200
2022-05-06 07:00:00,39.14,39.19,37.41,37.41,1575300
2022-05-09 07:00:00,35.71,36.87,34.8,34.8,1142500
2022-05-10 07:00:00,32.44,34.18,32.4,34.18,1474400
2022-05-11 07:00:00,33.72,34.76,32.28,33.1,449800
2022-05-12 07:00:00,33.93,34.18,30.79,30.79,1015500
2022-05-13 07:00:00,30.21,31.7,28.63,28.63,1246400
2022-05-16 07:00:00,29.38,30.46,26.65,26.65,1124800
2022-05-17 07:00:00,25.35,28.47,25.35,28.47,822200
2022-05-18 07:00:00,29.08,30.42,29.08,30.42,1042800
2022-05-19 07:00:00,29.17,32.55,29.17,32.55,1103000
2022-05-20 07:00:00,33.29,34.46,32.55,33.94,1182400
2022-05-23 07:00:00,34.63,34.63,31.6,31.94,1396300
2022-05-24 07:00:00,31.94,32.98,30.38,32.98,771000
2022-05-25 07:00:00,32.98,35.15,32.25,34.81,1554800
2022-05-26 07:00:00,34.89,36.41,34.68,34.89,1066800
2022-05-27 07:00:00,34.72,35.72,34.72,34.98,918000
2022-05-30 07:00:00,34.85,36.2,34.42,35.59,1150500
2022-05-31 07:00:00,35.59,36.37,34.72,34.81,1372600
2022-06-01 07:00:00,34.98,36.02,34.55,35.5,802700
2022-06-02 07:00:00,35.59,37.8,35.59,36.63,1482800
2022-06-03 07:00:00,36.2,36.63,35.33,35.98,784700
2022-06-06 07:00:00,35.98,36.98,35.42,35.98,1147000
2022-06-07 07:00:00,35.42,36.11,34.37,36.11,1320800
2022-06-08 07:00:00,36.76,38.63,36.72,38.63,1837500
2022-06-09 07:00:00,39.49,41.32,38.97,41.32,2513600
2022-06-10 07:00:00,40.36,42.23,40.36,40.84,1717700
2022-06-13 07:00:00,39.15,42.45,39.06,40.54,2095200
2022-06-14 07:00:00,40.1,43.36,40.02,43.36,2367100
2022-06-15 07:00:00,44.53,45.74,43.83,45.74,2459200
2022-06-16 07:00:00,46.09,47.48,44.1,44.79,2137500
2022-06-17 07:00:00,43.75,47.48,42.53,44.79,3030700
2022-06-20 07:00:00,45.22,46.7,42.79,43.05,2294900
2022-06-21 07:00:00,43.4,45.05,42.53,42.71,1952700
2022-06-22 07:00:00,42.97,45.05,42.1,42.71,1391200
2022-06-23 07:00:00,42.1,45.66,42.1,45.66,1208700
2022-06-24 07:00:00,46.7,48.52,46.0,46.0,1366500
2022-06-27 07:00:00,46.44,48.17,45.74,46.44,998300
2022-06-28 07:00:00,46.61,47.74,45.14,46.44,1203900
2022-06-29 07:00:00,46.0,46.44,45.22,46.09,767300
2022-06-30 07:00:00,46.0,47.31,45.66,45.66,611200
2022-07-01 07:00:00,45.05,45.92,43.05,45.92,1204400
2022-07-04 07:00:00,47.13,47.65,46.09,46.09,856100
2022-07-05 07:00:00,46.44,46.79,42.97,42.97,1321000
2022-07-06 07:00:00,41.66,42.97,39.97,39.97,1470900
2022-07-07 07:00:00,39.93,40.15,37.32,40.1,931400
2022-07-08 07:00:00,39.93,41.58,39.84,40.54,556300
2022-07-11 07:00:00,40.45,41.71,39.06,41.36,942700
2022-07-12 07:00:00,42.01,43.83,41.23,43.83,723600
2022-07-13 07:00:00,43.66,44.88,42.97,43.92,644700
2022-07-14 07:00:00,43.31,44.18,43.23,44.01,819000
2022-07-15 07:00:00,44.01,45.14,43.83,43.83,659600
2022-07-18 07:00:00,44.27,45.57,43.92,43.92,673300
2022-07-19 07:00:00,43.92,46.96,43.92,46.96,2057300
2022-07-20 07:00:00,48.52,50.17,47.74,48.78,1322100
2022-07-21 07:00:00,48.7,51.21,47.74,50.78,1730500
2022-07-22 07:00:00,50.0,52.52,49.3,50.52,1467800
2022-07-25 07:00:00,50.43,51.56,49.3,49.48,716400
2022-07-26 07:00:00,49.91,50.95,48.78,48.78,918400
2022-07-27 07:00:00,48.52,52.17,47.74,52.17,2086100
2022-07-28 07:00:00,53.38,54.25,52.25,52.69,910400
2022-07-29 07:00:00,53.12,54.25,52.34,53.12,629300
2022-08-01 07:00:00,53.38,54.6,52.08,52.78,1534200
2022-08-02 07:00:00,52.95,54.25,52.34,52.52,1147200
2022-08-03 07:00:00,52.34,55.55,52.34,53.04,1046400
2022-08-04 07:00:00,53.3,53.3,50.43,50.43,1915100
2022-08-05 07:00:00,50.43,51.56,50.34,50.95,1025400
2022-08-08 07:00:00,50.87,52.95,50.34,50.61,797900
2022-08-09 07:00:00,50.61,52.52,50.52,51.13,1047300
2022-08-10 07:00:00,51.3,52.34,51.21,51.21,793800
2022-08-11 07:00:00,51.73,53.99,51.39,53.82,2258800
2022-08-12 07:00:00,53.82,57.55,53.73,57.55,2678900
2022-08-15 07:00:00,58.16,58.59,56.86,57.2,1027700
2022-08-16 07:00:00,57.2,58.42,56.42,58.07,705400
2022-08-17 07:00:00,57.98,60.41,55.99,56.68,1680600
2022-08-18 07:00:00,56.68,57.72,55.12,55.81,1647600
2022-08-19 07:00:00,55.99,59.72,55.55,59.72,680100
2022-08-22 07:00:00,58.16,59.72,57.2,57.98,1109000
2022-08-23 07:00:00,57.29,58.94,57.29,58.68,1067600
2022-08-24 07:00:00,59.03,62.76,58.16,60.76,1530400
2022-08-25 07:00:00,60.76,61.54,59.03,59.72,1089600
2022-08-26 07:00:00,59.72,61.63,59.2,60.59,809800
2022-08-29 07:00:00,59.89,59.89,57.29,58.85,1956200
2022-08-30 07:00:00,59.63,60.59,58.59,58.59,702500
2022-08-31 07:00:00,58.16,59.89,57.98,59.29,857800
2022-09-05 07:00:00,59.81,59.89,58.59,58.59,831100
2022-09-06 07:00:00,58.59,59.03,57.38,57.38,1228700
2022-09-07 07:00:00,56.59,56.86,53.38,53.38,3633100
2022-09-08 07:00:00,53.47,54.25,50.95,50.95,1694000
2022-09-09 07:00:00,52.08,54.51,51.21,54.51,1360600
2022-09-12 07:00:00,55.21,55.47,53.9,54.08,1138500
2022-09-13 07:00:00,54.16,54.6,52.6,52.95,970800
2022-09-14 07:00:00,51.21,54.51,50.95,54.51,1418500
2022-09-15 07:00:00,54.69,57.12,54.51,55.38,1542100
2022-09-16 07:00:00,55.38,55.47,52.86,53.38,1232100
2022-09-19 07:00:00,53.47,53.9,49.65,49.65,2450000
2022-09-20 07:00:00,50.34,52.25,48.7,51.99,1021700
2022-09-21 07:00:00,51.91,52.43,50.87,51.47,436200
2022-09-22 07:00:00,50.87,52.86,50.52,52.69,727700
2022-09-23 07:00:00,52.86,52.95,50.52,51.13,943000
2022-09-26 07:00:00,49.3,50.17,47.57,49.48,2216300
2022-09-27 07:00:00,50.27,50.36,46.83,46.83,628800
2022-09-28 07:00:00,46.83,47.44,45.32,45.32,976700
2022-09-29 07:00:00,45.85,47.27,43.73,43.73,924800
2022-09-30 07:00:00,42.94,45.5,42.36,45.41,1096700
2022-10-03 07:00:00,45.68,45.68,42.28,42.28,704000
2022-10-04 07:00:00,42.94,43.91,41.53,42.5,806600
2022-10-05 07:00:00,43.73,45.41,43.34,45.41,813000
2022-10-06 07:00:00,45.85,47.18,44.18,44.18,1230400
2022-10-07 07:00:00,43.29,45.5,42.41,44.18,1975000
2022-10-10 07:00:00,44.09,47.27,44.09,47.27,1377500
2022-10-11 07:00:00,47.27,48.24,44.18,44.18,1753300
2022-10-12 07:00:00,44.44,47.27,44.26,47.27,1239400
2022-10-13 07:00:00,46.83,47.71,45.59,46.3,969400
2022-10-14 07:00:00,47.27,48.42,46.3,46.3,1508300
2022-10-17 07:00:00,45.77,47.18,44.97,47.18,983400
2022-10-18 07:00:00,48.24,49.04,47.36,47.36,1668600
2022-10-19 07:00:00,47.44,47.62,46.12,46.12,941900
2022-10-20 07:00:00,45.94,46.21,44.18,44.18,1463500
2022-10-21 07:00:00,43.38,43.65,41.08,41.08,1708400
2022-10-24 07:00:00,40.73,40.73,38.21,38.21,928800
2022-10-25 07:00:00,35.78,39.76,35.56,35.56,1650600
2022-10-26 07:00:00,36.22,36.49,33.09,33.09,1146800
2022-10-27 07:00:00,31.81,35.38,31.81,35.38,1393400
2022-10-28 07:00:00,35.65,37.42,35.61,35.61,968900
2022-10-31 07:00:00,35.43,36.22,33.66,35.87,759200
2022-11-01 07:00:00,36.93,36.93,35.74,36.05,730400
2022-11-02 07:00:00,36.05,36.67,34.55,34.55,616800
2022-11-03 07:00:00,33.66,35.16,33.66,34.46,554500
2022-11-04 07:00:00,33.93,34.41,32.07,32.07,1439200
2022-11-07 07:00:00,30.26,31.81,29.86,29.86,806700
2022-11-08 07:00:00,27.79,30.75,27.79,30.75,1179600
2022-11-09 07:00:00,31.19,31.67,30.53,31.19,540000
2022-11-10 07:00:00,30.92,30.92,29.02,29.02,905900
2022-11-11 07:00:00,29.95,29.95,27.04,27.04,1187100
2022-11-14 07:00:00,25.36,25.8,25.18,25.18,649500
2022-11-15 07:00:00,23.46,23.59,23.46,23.46,361000
2022-11-16 07:00:00,21.82,25.09,21.82,25.09,1681100
2022-11-17 07:00:00,25.62,26.59,25.62,26.11,661400
2022-11-18 07:00:00,26.77,26.95,24.3,26.59,1368500
2022-11-21 07:00:00,27.39,27.74,26.68,26.77,652300
2022-11-22 07:00:00,26.77,28.45,26.68,26.68,943200
2022-11-23 07:00:00,26.51,26.95,26.15,26.51,495600
2022-11-24 07:00:00,25.62,26.68,25.18,26.42,431700
2022-11-25 07:00:00,26.77,28.23,26.51,28.23,750800
2022-11-28 07:00:00,29.51,30.17,28.49,30.17,835400
2022-11-29 07:00:00,30.88,32.25,29.77,32.25,1315300
2022-11-30 07:00:00,33.49,33.49,31.41,32.38,1322000
2022-12-01 07:00:00,33.75,34.63,31.81,32.25,1046900
2022-12-02 07:00:00,31.72,34.5,31.72,34.5,1616500
2022-12-05 07:00:00,35.69,35.78,34.02,35.08,667100
2022-12-06 07:00:00,34.02,35.16,32.69,33.84,2070200
2022-12-07 07:00:00,32.87,34.63,32.47,34.46,660100
2022-12-08 07:00:00,35.34,36.22,34.02,35.34,946000
2022-12-09 07:00:00,34.81,36.67,34.37,36.67,750800
2022-12-12 07:00:00,36.84,39.23,36.67,38.39,1443500
2022-12-13 07:00:00,37.02,38.79,36.89,38.79,884600
2022-12-14 07:00:00,38.87,39.4,37.99,38.79,546300
2022-12-15 07:00:00,38.17,38.79,37.33,38.04,521500
2022-12-16 07:00:00,37.2,38.17,36.22,37.46,1082300
2022-12-19 07:00:00,36.84,37.59,34.99,34.99,1115800
2022-12-20 07:00:00,34.46,35.03,32.56,34.02,1528100
2022-12-21 07:00:00,34.37,34.37,31.67,31.89,951800
2022-12-22 07:00:00,32.16,32.6,30.22,31.36,845200
2022-12-23 07:00:00,31.36,32.69,30.48,32.25,705800
2022-12-26 07:00:00,32.25,32.25,30.0,30.0,920200
2022-12-27 07:00:00,29.95,30.92,28.58,30.92,926100
2022-12-28 07:00:00,30.83,32.25,29.24,31.81,938200
2022-12-29 07:00:00,30.83,31.63,30.04,30.08,652700
2022-12-30 07:00:00,29.6,30.22,29.2,29.86,754400
2023-01-03 07:00:00,29.95,31.94,29.95,31.94,1403900
2023-01-04 07:00:00,32.07,33.22,31.14,31.81,1032000
2023-01-05 07:00:00,31.98,33.22,31.98,33.22,1304500
2023-01-06 07:00:00,33.35,34.19,32.07,32.69,1195300
2023-01-09 07:00:00,33.13,33.13,31.81,31.81,588100
2023-01-10 07:00:00,32.07,32.25,30.83,31.81,635500
2023-01-11 07:00:00,32.07,33.04,32.07,32.25,611900
2023-01-12 07:00:00,32.6,33.18,32.51,33.13,809000
2023-01-13 07:00:00,33.75,33.75,32.47,32.78,528800
2023-01-16 07:00:00,32.78,32.78,31.94,32.12,692000
2023-01-17 07:00:00,32.51,33.09,32.25,33.09,679600
2023-01-18 07:00:00,33.18,34.02,33.13,33.57,898100
2023-01-19 07:00:00,33.49,34.63,33.13,34.63,949000
2023-01-27 07:00:00,34.68,35.52,34.59,34.81,646800
2023-01-30 07:00:00,34.94,35.16,33.71,33.71,1230200
2023-01-31 07:00:00,33.66,34.68,33.57,34.68,669100
2023-02-01 07:00:00,35.34,35.34,32.69,32.78,1067900
2023-02-02 07:00:00,33.09,33.44,32.25,33.04,900100
2023-02-03 07:00:00,33.49,33.49,32.25,32.65,607800
2023-02-06 07:00:00,32.69,33.0,32.07,33.0,515300
2023-02-07 07:00:00,32.78,33.49,31.36,31.36,559400
2023-02-08 07:00:00,31.63,32.25,31.01,31.81,522300
2023-02-09 07:00:00,31.81,32.25,31.45,31.45,246000
2023-02-10 07:00:00,31.36,31.54,30.44,30.92,559700
2023-02-13 07:00:00,30.57,30.57,28.76,28.76,1004900
2023-02-14 07:00:00,29.16,29.42,28.71,29.07,366200
2023-02-15 07:00:00,29.07,30.75,28.94,30.75,433500
2023-02-16 07:00:00,30.79,32.34,30.79,32.07,726400
2023-02-17 07:00:00,32.16,32.34,31.23,31.36,469200
2023-02-20 07:00:00,32.16,33.22,31.89,33.04,865500
2023-02-21 07:00:00,33.49,33.66,32.43,32.73,665100
2023-02-22 07:00:00,32.51,32.51,31.23,31.23,751300
2023-02-23 07:00:00,31.28,31.54,29.33,31.45,976500
2023-02-24 07:00:00,31.63,31.63,30.22,30.22,348400
2023-02-27 07:00:00,30.04,30.04,28.94,29.16,398000
2023-02-28 07:00:00,29.86,29.86,28.8,29.77,439500
2023-03-01 07:00:00,29.16,30.92,29.16,30.92,432300
2023-03-02 07:00:00,30.97,30.97,30.13,30.17,203600
2023-03-03 07:00:00,30.22,30.48,29.51,29.51,378400
2023-03-06 07:00:00,30.48,30.48,29.47,29.51,281800
2023-03-07 07:00:00,30.3,30.3,29.07,29.69,344000
2023-03-08 07:00:00,29.02,30.3,29.02,30.3,451100
2023-03-09 07:00:00,30.44,31.1,30.44,30.83,757500
2023-03-10 07:00:00,30.3,30.48,29.91,30.48,481100
2023-03-13 07:00:00,30.44,30.44,29.6,29.6,444000
2023-03-14 07:00:00,29.73,29.77,28.71,28.89,555300
2023-03-15 07:00:00,29.64,30.04,29.2,30.04,536400
2023-03-16 07:00:00,29.6,29.77,29.02,29.2,512500
2023-03-17 07:00:00,29.86,29.86,28.98,28.98,331800
2023-03-20 07:00:00,28.89,29.29,27.3,27.3,993500
2023-03-21 07:00:00,27.83,27.83,26.86,27.26,584800
2023-03-22 07:00:00,27.61,28.14,27.39,27.39,360700
2023-03-23 07:00:00,27.04,27.92,27.04,27.87,449700
2023-03-24 07:00:00,28.14,28.71,28.01,28.49,520800
2023-03-27 07:00:00,28.45,28.8,28.36,28.54,365100
2023-03-28 07:00:00,28.98,29.07,28.45,28.49,473200
2023-03-29 07:00:00,28.49,28.98,28.14,28.27,395300
2023-03-30 07:00:00,28.58,28.71,28.27,28.36,494900
2023-03-31 07:00:00,28.23,29.73,28.23,29.42,1075100
2023-04-03 07:00:00,30.39,30.57,30.0,30.26,887100
2023-04-04 07:00:00,30.39,30.39,29.73,30.13,774700
2023-04-05 07:00:00,30.35,31.89,30.04,31.89,1607400
2023-04-06 07:00:00,32.51,32.56,30.92,30.92,1153300
2023-04-07 07:00:00,31.14,31.54,30.53,31.41,1135000
2023-04-10 07:00:00,32.07,32.65,31.41,32.16,1740800
2023-04-11 07:00:00,32.29,32.29,31.41,32.25,702900
2023-04-12 07:00:00,32.47,33.13,31.81,32.25,1158900
2023-04-13 07:00:00,32.34,32.51,31.89,31.89,692400
2023-04-14 07:00:00,32.07,32.25,30.57,30.57,1126700
2023-04-17 07:00:00,30.75,30.88,30.13,30.57,382600
2023-04-18 07:00:00,30.66,31.19,30.53,30.92,552800
2023-04-19 07:00:00,31.63,31.63,30.75,30.75,723700
2023-04-20 07:00:00,30.92,31.36,30.75,30.79,475900
2023-04-21 07:00:00,30.83,31.28,29.42,30.13,1047400
2023-04-24 07:00:00,30.17,30.22,29.07,29.07,644700
2023-04-25 07:00:00,29.07,29.86,28.71,28.71,840100
2023-04-26 07:00:00,28.8,29.11,28.32,28.71,902100
2023-04-27 07:00:00,29.16,30.04,28.89,29.2,607500
2023-04-28 07:00:00,29.73,29.86,29.29,29.47,449200
2023-05-04 07:00:00,29.29,29.82,29.16,29.6,536200
2023-05-05 07:00:00,29.51,30.92,29.33,30.48,1528800
2023-05-08 07:00:00,30.92,31.59,30.92,31.14,993400
2023-05-09 07:00:00,31.36,31.63,30.75,30.97,1274500
2023-05-10 07:00:00,30.97,32.87,30.97,32.78,2658300
2023-05-11 07:00:00,33.13,33.13,32.6,32.69,1653900
2023-05-12 07:00:00,32.69,34.28,32.43,33.53,1844000
2023-05-15 07:00:00,33.79,33.88,32.25,32.29,1805900
2023-05-16 07:00:00,32.65,33.04,32.29,32.6,1208100
2023-05-17 07:00:00,32.87,32.87,31.45,31.63,1386900
2023-05-18 07:00:00,31.89,32.96,31.67,32.56,1364100
2023-05-19 07:00:00,32.65,33.04,32.25,32.87,783800
2023-05-22 07:00:00,33.57,33.93,32.91,33.57,996100
2023-05-23 07:00:00,33.57,33.93,31.23,33.04,1268500
2023-05-24 07:00:00,33.04,33.22,32.25,32.25,818200
2023-05-25 07:00:00,32.2,33.13,32.16,32.69,740300
2023-05-26 07:00:00,32.91,33.53,32.6,33.22,1234000
2023-05-29 07:00:00,33.66,35.52,33.49,35.52,3388500
2023-05-30 07:00:00,36.14,36.58,35.38,36.14,1763600
2023-05-31 07:00:00,36.32,36.5,35.68,35.95,2063100
2023-06-01 07:00:00,35.95,37.58,35.5,37.58,3752000
2023-06-02 07:00:00,38.04,38.45,37.04,37.58,2779200
2023-06-05 07:00:00,37.95,37.95,36.5,36.5,3345600
2023-06-06 07:00:00,36.5,37.86,36.05,37.13,3566700
2023-06-07 07:00:00,37.58,37.95,37.0,37.86,2018000
2023-06-08 07:00:00,37.63,40.48,37.63,38.85,5340800
2023-06-09 07:00:00,39.22,40.3,38.81,39.76,2472600
2023-06-12 07:00:00,40.3,40.39,38.58,39.98,1735100
2023-06-13 07:00:00,40.03,40.26,38.72,38.72,2556500
2023-06-14 07:00:00,38.94,39.31,37.18,37.18,2936200
2023-06-15 07:00:00,37.4,38.85,36.95,37.9,1722800
2023-06-16 07:00:00,38.81,38.81,37.18,37.4,1628100
2023-06-19 07:00:00,37.45,38.45,36.68,38.4,1700500
2023-06-20 07:00:00,38.58,40.35,38.13,40.35,2534000
2023-06-21 07:00:00,40.66,41.98,40.12,40.94,2385900
2023-06-22 07:00:00,41.3,41.39,40.57,40.89,1574200
2023-06-23 07:00:00,40.89,41.57,39.89,40.21,2022200
2023-06-26 07:00:00,39.85,40.94,37.4,38.94,5019100
2023-06-27 07:00:00,39.67,39.67,38.72,38.94,1735300
2023-06-28 07:00:00,38.99,39.76,38.13,39.12,2471000
2023-06-29 07:00:00,39.22,39.31,38.22,38.22,1571800
2023-06-30 07:00:00,38.26,38.99,38.13,38.58,1177300
2023-07-03 07:00:00,38.76,39.62,38.58,39.53,1544000
2023-07-04 07:00:00,40.12,40.66,39.67,39.67,2421100
2023-07-05 07:00:00,40.12,40.75,39.85,40.21,2432200
2023-07-06 07:00:00,40.03,40.3,39.03,39.85,1968600
2023-07-07 07:00:00,39.85,41.21,39.4,41.21,1692000
2023-07-10 07:00:00,41.25,41.84,40.94,41.12,1343200
2023-07-11 07:00:00,41.07,42.11,41.03,41.48,1403000
2023-07-12 07:00:00,41.66,41.75,40.75,41.3,936700
2023-07-13 07:00:00,41.48,43.56,41.48,42.48,1716200
2023-07-14 07:00:00,43.47,43.47,41.66,42.43,943400
2023-07-17 07:00:00,42.43,42.43,41.57,41.84,1439100
2023-07-18 07:00:00,41.84,42.7,41.48,41.75,852700
2023-07-19 07:00:00,41.84,42.66,41.48,41.48,1263100
2023-07-20 07:00:00,41.48,42.11,41.07,42.11,854300
2023-07-21 07:00:00,42.16,43.02,42.16,42.84,1561400
2023-07-24 07:00:00,43.02,43.88,42.57,43.83,1262800
2023-07-25 07:00:00,44.29,44.29,42.57,42.93,1141700
2023-07-26 07:00:00,42.57,43.15,42.11,43.02,1280600
2023-07-27 07:00:00,43.02,43.02,41.75,42.2,1484300
2023-07-28 07:00:00,42.2,43.2,41.8,43.2,1112200
2023-07-31 07:00:00,43.47,43.74,42.79,42.93,750500
2023-08-01 07:00:00,43.2,45.83,42.57,44.02,2428500
2023-08-02 07:00:00,44.38,44.74,43.79,43.83,719400
2023-08-03 07:00:00,43.92,44.02,42.66,42.75,1341300
2023-08-04 07:00:00,43.47,43.47,42.75,43.11,712500
2023-08-07 07:00:00,43.83,44.02,43.11,43.34,919600
2023-08-08 07:00:00,43.34,43.74,42.66,42.75,863000
2023-08-09 07:00:00,42.61,42.66,41.57,41.57,1864200
2023-08-10 07:00:00,41.62,42.34,41.62,41.98,1076000
2023-08-11 07:00:00,42.2,42.38,40.85,42.07,614300
2023-08-14 07:00:00,42.2,42.79,42.2,42.57,833300
2023-08-15 07:00:00,43.25,44.02,42.84,43.7,1876600
2023-08-16 07:00:00,43.92,43.92,42.97,43.25,593800
2023-08-17 07:00:00,43.2,43.7,42.16,42.16,1315200
2023-08-18 07:00:00,42.11,42.16,39.22,39.22,1749900
2023-08-21 07:00:00,38.94,39.85,38.22,38.94,798000
2023-08-22 07:00:00,39.12,39.67,37.04,39.67,946200
2023-08-23 07:00:00,39.85,40.08,39.08,39.17,362600
2023-08-24 07:00:00,39.58,40.62,39.12,40.57,652800
2023-08-25 07:00:00,40.62,40.94,39.85,40.57,612700
2023-08-28 07:00:00,40.57,41.48,40.57,41.39,747800
2023-08-29 07:00:00,41.66,42.11,41.12,41.66,832700
2023-08-30 07:00:00,41.93,42.2,41.03,41.84,682200
2023-08-31 07:00:00,42.02,43.47,41.98,43.47,1656800
2023-09-05 07:00:00,44.38,44.74,43.65,44.02,1420100
2023-09-06 07:00:00,44.02,46.1,43.47,45.65,2047100
2023-09-07 07:00:00,46.19,46.46,45.65,45.65,1147300
2023-09-08 07:00:00,45.28,47.82,45.28,46.19,1033600
2023-09-11 07:00:00,46.82,46.82,45.1,45.1,1782700
2023-09-12 07:00:00,45.19,47.0,44.38,47.0,1197200
2023-09-13 07:00:00,47.28,47.64,45.28,46.37,1040100
2023-09-14 07:00:00,46.01,46.19,45.19,45.28,940400
2023-09-15 07:00:00,45.28,47.09,44.92,46.37,885000
2023-09-18 07:00:00,46.82,47.46,45.28,46.19,1013700
2023-09-19 07:00:00,46.73,46.73,44.97,46.64,1021800
2023-09-20 07:00:00,46.55,48.36,46.46,48.0,1348400
2023-09-21 07:00:00,48.18,48.54,47.28,47.55,1111300
2023-09-22 07:00:00,47.55,47.55,44.56,45.65,1149900
2023-09-25 07:00:00,45.74,46.19,42.48,42.48,1153400
2023-09-26 07:00:00,42.48,43.47,40.94,40.94,1101200
2023-09-27 07:00:00,40.94,43.38,40.66,43.38,938600
2023-09-28 07:00:00,43.38,43.65,42.34,43.47,759700
2023-09-29 07:00:00,44.3,44.3,42.69,42.92,491800
2023-10-02 07:00:00,42.92,44.12,42.92,43.56,376300
2023-10-03 07:00:00,43.47,43.8,41.62,42.41,1154500
2023-10-04 07:00:00,42.41,44.21,42.32,43.84,561000
2023-10-05 07:00:00,44.86,46.89,44.03,46.43,2132800
2023-10-06 07:00:00,46.43,47.17,45.6,47.17,795900
2023-10-09 07:00:00,47.26,48.28,46.06,47.17,1299100
2023-10-10 07:00:00,47.73,48.47,46.99,46.99,1317300
2023-10-11 07:00:00,47.08,49.21,47.08,48.56,1345900
2023-10-12 07:00:00,48.84,49.58,48.28,48.84,981800
2023-10-13 07:00:00,48.37,49.95,48.0,49.95,1265400
2023-10-16 07:00:00,49.95,51.33,49.02,49.02,1488100
2023-10-17 07:00:00,49.95,49.95,45.65,45.65,1384800
2023-10-18 07:00:00,46.25,46.8,43.47,45.65,1920700
2023-10-19 07:00:00,45.65,46.25,44.49,44.49,789800
2023-10-20 07:00:00,44.54,46.52,42.55,46.25,1845000
2023-10-23 07:00:00,46.25,46.25,44.95,45.74,551000
2023-10-24 07:00:00,46.15,46.8,44.63,46.8,941500
2023-10-25 07:00:00,46.8,48.0,46.71,46.8,906300
2023-10-26 07:00:00,45.6,46.15,43.56,43.66,2247700
2023-10-27 07:00:00,44.4,45.23,43.38,45.23,769200
2023-10-30 07:00:00,45.23,45.23,42.08,42.08,855300
2023-10-31 07:00:00,42.55,42.55,39.17,39.17,1742900
2023-11-01 07:00:00,39.31,40.51,38.89,40.51,696500
2023-11-02 07:00:00,41.34,43.29,40.7,43.29,632600
2023-11-03 07:00:00,43.52,43.52,42.59,42.96,606600
2023-11-06 07:00:00,43.33,43.33,42.73,43.01,641600
2023-11-07 07:00:00,42.92,44.21,42.78,43.56,712000
2023-11-08 07:00:00,43.56,46.06,43.43,46.06,956400
2023-11-09 07:00:00,46.52,47.17,45.78,46.25,1024400
2023-11-10 07:00:00,45.41,47.54,45.41,46.43,938000
2023-11-13 07:00:00,46.99,46.99,45.78,46.71,652100
2023-11-14 07:00:00,47.26,47.36,46.15,46.8,596500
2023-11-15 07:00:00,47.82,47.82,46.34,46.52,627500
2023-11-16 07:00:00,46.15,47.63,45.78,47.63,609500
2023-11-17 07:00:00,47.73,48.93,46.8,46.99,1898300
2023-11-20 07:00:00,45.6,48.93,45.6,48.74,1617400
2023-11-21 07:00:00,49.48,49.48,48.19,48.37,897900
2023-11-22 07:00:00,48.47,49.3,47.73,49.3,1042700
2023-11-23 07:00:00,49.58,49.85,46.99,46.99,1370100
2023-11-24 07:00:00,47.08,48.1,45.41,48.1,1222400
2023-11-27 07:00:00,48.1,49.11,47.63,48.19,787400
2023-11-28 07:00:00,47.91,48.56,46.8,48.19,695200
2023-11-29 07:00:00,48.84,49.02,48.19,48.84,608000
2023-11-30 07:00:00,49.11,51.8,49.02,50.41,2524400
2023-12-01 07:00:00,51.7,51.7,50.32,51.06,935900
2023-12-04 07:00:00,51.7,53.65,51.52,53.09,1162500
2023-12-05 07:00:00,53.09,53.18,52.17,52.54,765200
2023-12-06 07:00:00,52.72,52.81,51.8,52.35,952300
2023-12-07 07:00:00,52.63,52.63,49.48,50.59,2117400
2023-12-08 07:00:00,50.59,51.61,50.04,51.61,748200
2023-12-11 07:00:00,51.7,52.26,50.78,51.06,694700
2023-12-12 07:00:00,51.43,51.8,50.69,51.33,656900
2023-12-13 07:00:00,51.33,51.43,49.67,49.85,1008900
2023-12-14 07:00:00,50.22,50.32,49.48,49.48,843200
2023-12-15 07:00:00,49.3,49.95,48.65,48.93,663900
2023-12-18 07:00:00,48.84,49.21,47.82,47.82,1025400
2023-12-19 07:00:00,47.63,48.74,47.63,48.65,477500
2023-12-20 07:00:00,48.74,49.67,48.65,49.48,449100
2023-12-21 07:00:00,49.3,49.58,48.65,49.39,579000
2023-12-22 07:00:00,49.85,50.22,49.02,49.3,498000
2023-12-25 07:00:00,49.21,50.5,49.21,50.32,642900
2023-12-26 07:00:00,50.32,51.24,50.22,50.5,548600
2023-12-27 07:00:00,50.59,50.78,49.58,49.58,591400
2023-12-28 07:00:00,49.67,50.41,49.3,50.41,770000
2023-12-29 07:00:00,50.41,51.06,50.13,50.78,638800
2024-01-02 07:00:00,50.87,50.96,47.63,48.84,1340600
2024-01-03 07:00:00,48.56,49.48,48.56,49.39,656600
2024-01-04 07:00:00,49.48,49.58,48.47,48.56,1474200
2024-01-05 07:00:00,48.65,49.11,47.91,48.1,1081600
2024-01-08 07:00:00,48.56,48.93,48.19,48.47,501900
2024-01-09 07:00:00,48.65,49.48,48.65,49.11,917800
2024-01-10 07:00:00,49.21,49.21,48.19,48.37,537600
2024-01-11 07:00:00,48.56,48.93,48.19,48.74,386000
2024-01-12 07:00:00,47.91,48.47,47.45,47.73,763400
2024-01-15 07:00:00,47.91,48.28,46.25,46.25,1108000
2024-01-16 07:00:00,46.25,47.17,45.97,47.17,550500
2024-01-17 07:00:00,47.17,48.19,46.89,48.1,764800
2024-01-18 07:00:00,48.37,48.37,47.26,47.73,404200
2024-01-19 07:00:00,48.0,48.93,47.63,47.73,389400
2024-01-22 07:00:00,48.1,48.1,46.89,47.73,536200
2024-01-23 07:00:00,47.82,48.19,47.08,47.17,380600
2024-01-24 07:00:00,47.17,47.63,46.71,46.71,314500
2024-01-25 07:00:00,47.17,47.17,46.62,46.62,307300
2024-01-26 07:00:00,47.26,47.63,46.71,47.63,414800
2024-01-29 07:00:00,47.63,48.56,47.54,47.82,762200
2024-01-30 07:00:00,47.82,49.3,47.73,49.3,1091900
2024-01-31 07:00:00,49.3,49.48,48.19,48.37,855300
2024-02-01 07:00:00,48.37,50.41,48.1,50.41,1820100
2024-02-02 07:00:00,50.41,50.41,49.48,49.76,711700
2024-02-05 07:00:00,49.85,49.85,48.65,49.02,869300
2024-02-06 07:00:00,49.02,49.48,48.65,48.74,831700
2024-02-07 07:00:00,48.74,49.39,48.56,48.74,750900
2024-02-15 07:00:00,49.3,49.3,48.19,48.19,1133200
2024-02-16 07:00:00,48.19,49.48,48.19,49.02,719000
2024-02-19 07:00:00,49.02,49.3,48.37,48.93,1069900
2024-02-20 07:00:00,49.21,49.21,48.65,48.93,619300
2024-02-21 07:00:00,48.93,52.35,48.56,52.17,3697600
2024-02-22 07:00:00,52.17,52.17,51.06,51.24,1003100
2024-02-23 07:00:00,51.24,51.52,48.56,49.02,2521200
2024-02-26 07:00:00,48.84,50.04,48.84,49.76,1226900
2024-02-27 07:00:00,49.95,50.87,49.48,50.87,1785200
2024-02-28 07:00:00,50.96,50.96,49.67,49.67,1340800
2024-02-29 07:00:00,49.85,51.98,49.76,51.24,2639700
2024-03-01 07:00:00,51.43,51.8,50.59,51.33,1422900
2024-03-04 07:00:00,51.8,53.18,51.61,52.44,2208300
2024-03-05 07:00:00,52.54,52.54,51.15,51.8,1271800
2024-03-06 07:00:00,51.61,51.8,50.04,50.22,1725900
2024-03-07 07:00:00,50.78,50.87,49.48,50.87,1964700
2024-03-08 07:00:00,51.52,51.61,49.85,50.13,1490200
2024-03-11 07:00:00,50.41,51.52,49.76,50.32,1098900
2024-03-12 07:00:00,50.32,51.52,50.04,51.06,1361600
2024-03-13 07:00:00,51.8,54.57,51.24,54.57,4442200
2024-03-14 07:00:00,55.13,55.5,53.83,54.76,1609400
2024-03-15 07:00:00,54.57,56.33,53.65,55.4,1936500
2024-03-18 07:00:00,55.68,55.68,51.61,53.46,3103800
2024-03-19 07:00:00,53.65,54.2,52.63,52.72,916200
2024-03-20 07:00:00,52.81,54.02,52.54,54.02,1130000
2024-03-21 07:00:00,54.39,54.76,53.65,54.57,1309100
2024-03-22 07:00:00,54.66,56.14,54.02,54.02,2024100
2024-03-25 07:00:00,54.02,54.29,52.54,52.91,1508800
2024-03-26 07:00:00,53.18,55.03,52.72,54.48,1138100
2024-03-27 07:00:00,54.57,55.13,53.74,54.39,753800
2024-03-28 07:00:00,54.85,55.4,54.02,54.94,1150500
2024-03-29 07:00:00,55.13,56.33,54.02,54.02,1402700
2024-04-01 07:00:00,54.02,54.94,53.83,54.29,1114000
2024-04-02 07:00:00,54.02,55.31,53.46,54.29,1349000
2024-04-03 07:00:00,54.57,55.03,53.65,53.65,1055700
2024-04-04 07:00:00,53.65,53.74,52.63,52.63,1251500
2024-04-05 07:00:00,51.8,53.09,51.8,51.8,1174800
2024-04-08 07:00:00,51.8,52.17,51.06,51.15,694400
2024-04-09 07:00:00,51.24,52.07,50.96,52.07,444700
2024-04-10 07:00:00,52.17,52.81,51.8,51.8,636100
2024-04-11 07:00:00,51.06,52.07,51.06,51.8,494000
2024-04-12 07:00:00,52.54,52.54,51.61,52.44,385400
2024-04-15 07:00:00,52.35,52.44,48.84,48.84,1170300
2024-04-16 07:00:00,48.84,48.84,46.34,47.82,1143600
2024-04-17 07:00:00,48.28,49.02,47.26,47.36,756500
2024-04-19 07:00:00,46.99,47.91,45.51,45.51,897000
2024-04-22 07:00:00,46.52,46.52,45.69,46.15,611800
2024-04-23 07:00:00,46.25,46.62,45.14,45.41,552000
2024-04-24 07:00:00,45.78,47.08,45.78,46.99,836800
2024-04-25 07:00:00,46.99,47.45,46.62,46.99,492900
2024-04-26 07:00:00,46.62,47.63,46.62,46.99,378900
2024-05-02 07:00:00,46.99,48.56,46.71,48.0,688000
2024-05-03 07:00:00,48.1,48.56,47.54,47.54,479400
2024-05-06 07:00:00,47.91,48.93,47.82,48.65,762600
2024-05-07 07:00:00,48.74,49.48,48.19,49.39,520700
2024-05-08 07:00:00,49.3,49.67,48.37,49.3,448000
2024-05-09 07:00:00,49.3,50.41,49.3,50.13,953100
2024-05-10 07:00:00,50.13,50.13,49.02,49.21,528000
2024-05-13 07:00:00,50.04,50.04,49.21,49.39,558600
2024-05-14 07:00:00,49.85,50.22,49.48,49.85,578600
2024-05-15 07:00:00,49.85,50.69,49.85,50.5,722500
2024-05-16 07:00:00,50.87,50.87,50.41,50.41,469600
2024-05-17 07:00:00,50.5,51.06,50.22,50.87,409100
2024-05-20 07:00:00,51.33,51.52,50.69,50.87,569300
2024-05-21 07:00:00,50.69,50.87,49.95,50.32,547900
2024-05-22 07:00:00,50.78,50.96,49.95,50.32,609800
2024-05-23 07:00:00,50.13,51.7,50.13,51.7,589300
2024-05-24 07:00:00,51.33,51.8,49.48,50.13,621800
2024-05-27 07:00:00,50.69,50.96,49.95,50.32,362600
2024-05-28 07:00:00,51.33,52.35,50.59,52.35,992300
2024-05-29 07:00:00,53.09,53.09,51.15,51.43,970500
2024-05-30 07:00:00,50.87,51.52,50.13,50.87,721500
2024-05-31 07:00:00,51.52,51.52,50.59,50.78,264000
2024-06-03 07:00:00,50.96,51.98,50.96,51.89,725900
2024-06-04 07:00:00,52.07,52.07,50.87,51.15,587000
2024-06-05 07:00:00,51.33,52.17,51.15,51.15,586300
2024-06-06 07:00:00,51.24,51.33,50.13,50.41,578400
2024-06-07 07:00:00,50.69,51.06,50.32,50.69,290900
2024-06-10 07:00:00,50.69,51.52,50.5,51.33,554200
2024-06-11 07:00:00,51.52,52.26,51.33,52.26,947700
2024-06-12 07:00:00,52.17,52.54,51.52,52.35,714200
2024-06-13 07:00:00,52.35,52.54,51.61,51.61,640800
2024-06-14 07:00:00,51.52,51.89,50.41,50.41,734700
2024-06-17 07:00:00,50.59,50.78,50.32,50.41,475300
2024-06-18 07:00:00,50.41,50.78,50.41,50.69,293700
2024-06-19 07:00:00,50.5,50.87,50.22,50.5,400200
2024-06-20 07:00:00,50.78,50.78,49.85,50.32,298500
2024-06-21 07:00:00,50.32,50.41,49.02,49.58,552600
2024-06-24 07:00:00,49.21,51.15,49.11,49.11,779700
2024-06-25 07:00:00,49.3,49.48,48.1,48.84,529700
2024-06-26 07:00:00,49.3,49.3,48.0,48.28,329500
2024-06-27 07:00:00,48.28,49.02,48.28,48.93,174300
2024-06-28 07:00:00,48.47,48.93,48.19,48.19,287500
2024-07-01 07:00:00,48.19,48.65,47.91,48.56,186500
2024-07-02 07:00:00,48.74,49.21,48.28,48.84,148200
2024-07-03 07:00:00,49.3,49.3,48.56,48.65,167500
2024-07-04 07:00:00,48.65,49.11,48.47,48.56,208000
2024-07-05 07:00:00,48.47,48.84,48.37,48.37,227800
2024-07-08 07:00:00,48.47,49.02,48.37,48.84,234800
2024-07-09 07:00:00,49.02,49.76,49.02,49.39,336100
2024-07-10 07:00:00,49.58,49.85,49.21,49.21,263100
2024-07-11 07:00:00,49.39,49.67,48.93,48.93,248000
2024-07-12 07:00:00,49.11,49.11,48.65,48.65,201100
2024-07-15 07:00:00,48.74,48.93,48.47,48.47,170500
2024-07-16 07:00:00,49.02,49.76,48.37,48.37,432400
2024-07-17 07:00:00,49.02,49.02,46.8,47.26,363000
2024-07-18 07:00:00,47.36,47.63,46.8,47.54,263100
2024-07-19 07:00:00,48.0,48.0,46.99,47.54,259600
2024-07-22 07:00:00,46.99,47.45,45.37,45.88,629800
2024-07-23 07:00:00,44.95,45.92,44.95,45.14,243400
2024-07-24 07:00:00,45.65,45.65,44.86,45.41,214100
2024-07-25 07:00:00,45.69,45.69,45.32,45.69,128200
2024-07-26 07:00:00,45.78,45.97,45.14,45.18,379600
2024-07-29 07:00:00,45.37,45.69,43.33,43.38,910400
2024-07-30 07:00:00,43.93,44.3,43.47,43.61,437900
2024-07-31 07:00:00,43.66,43.75,41.85,41.85,1110100
2024-08-01 07:00:00,43.01,43.01,39.77,39.96,643700
2024-08-02 07:00:00,39.08,40.47,38.94,40.47,431900
2024-08-05 07:00:00,39.31,40.23,37.64,37.64,1119200
2024-08-06 07:00:00,38.34,38.34,36.21,36.9,1471500
2024-08-07 07:00:00,37.0,38.66,37.0,37.46,1367000
2024-08-08 07:00:00,37.92,38.15,36.35,36.35,1617800
2024-08-09 07:00:00,37.14,37.92,36.67,37.83,1084600
2024-08-12 07:00:00,38.11,39.22,38.01,38.85,1600900
2024-08-13 07:00:00,38.94,39.12,38.11,38.38,914700
2024-08-14 07:00:00,38.85,39.22,37.92,37.92,719100
2024-08-15 07:00:00,37.92,37.97,37.09,37.27,715000
2024-08-16 07:00:00,37.74,39.86,37.46,39.86,2046700
2024-08-19 07:00:00,40.7,42.08,40.33,41.16,1434800
2024-08-20 07:00:00,41.62,42.04,40.65,41.62,1703700
2024-08-21 07:00:00,41.71,42.27,41.25,42.04,1047900
2024-08-22 07:00:00,42.04,42.04,40.88,41.16,1679500
2024-08-23 07:00:00,40.93,41.81,40.79,41.07,1053500
2024-08-26 07:00:00,41.53,42.69,41.07,41.21,1074600
2024-08-27 07:00:00,41.21,41.58,40.88,41.34,596700
2024-08-28 07:00:00,41.39,42.08,40.97,41.53,1043800
2024-08-29 07:00:00,41.44,41.95,41.11,41.16,518100
2024-08-30 07:00:00,41.48,41.48,40.88,40.88,515200
2024-09-04 07:00:00,40.23,40.51,39.82,39.91,1265700
2024-09-05 07:00:00,40.0,40.42,39.12,39.31,1122500
2024-09-06 07:00:00,39.31,39.54,38.99,39.45,702300
2024-09-09 07:00:00,39.54,39.68,38.62,38.8,865600
2024-09-10 07:00:00,39.26,39.26,37.83,37.92,1010200
2024-09-11 07:00:00,37.92,38.75,37.55,38.48,756600
2024-09-12 07:00:00,38.85,39.08,38.25,38.25,439100
2024-09-13 07:00:00,38.25,38.89,38.25,38.89,449000
2024-09-16 07:00:00,39.4,39.4,38.34,38.85,766000
2024-09-17 07:00:00,38.8,39.26,38.25,39.26,832000
2024-09-18 07:00:00,39.03,39.49,38.89,39.03,700900
2024-09-19 07:00:00,39.08,40.42,38.99,40.42,1373300
2024-09-20 07:00:00,40.74,40.79,39.96,40.0,895300
2024-09-23 07:00:00,40.42,40.42,39.82,40.0,497000
2024-09-24 07:00:00,40.0,41.34,39.82,40.88,1716000
2024-09-25 07:00:00,41.16,41.34,40.74,40.88,853800
2024-09-26 07:00:00,40.88,41.16,40.33,40.65,1178700
2024-09-27 07:00:00,40.88,40.88,40.28,40.6,955200
2024-09-30 07:00:00,40.65,40.88,39.96,40.33,1238300
2024-10-01 07:00:00,39.96,41.02,39.96,40.84,1416300
2024-10-02 07:00:00,40.7,40.79,40.05,40.23,991200
2024-10-03 07:00:00,40.1,40.6,39.4,40.1,1430000
2024-10-04 07:00:00,40.1,40.1,39.36,40.1,946500
2024-10-07 07:00:00,40.05,40.14,39.49,39.77,562800
2024-10-08 07:00:00,39.77,39.96,39.31,39.54,658000
2024-10-09 07:00:00,39.54,40.42,39.54,40.42,1170400
2024-10-10 07:00:00,40.7,40.79,40.28,40.7,840200
2024-10-11 07:00:00,40.84,41.11,40.37,40.74,889900
2024-10-14 07:00:00,40.84,40.97,39.77,40.14,1484300
2024-10-15 07:00:00,39.82,40.14,39.54,39.54,837900
2024-10-16 07:00:00,39.77,39.77,38.89,39.63,821100
2024-10-17 07:00:00,39.54,39.68,38.94,39.54,666100
2024-10-18 07:00:00,39.68,40.14,39.45,39.54,805700
2024-10-21 07:00:00,39.25,40.02,39.25,39.64,461600
2024-10-22 07:00:00,39.59,39.59,38.68,38.97,916900
2024-10-23 07:00:00,38.64,39.25,38.4,39.21,520300
2024-10-24 07:00:00,38.87,38.92,38.25,38.59,777000
2024-10-25 07:00:00,38.68,38.68,38.11,38.59,527200
2024-10-28 07:00:00,38.21,38.54,38.21,38.54,428300
2024-10-29 07:00:00,38.35,39.16,38.35,39.06,423500
2024-10-30 07:00:00,39.25,39.35,38.59,38.97,341400
2024-10-31 07:00:00,38.97,39.02,38.4,38.87,448100
2024-11-01 07:00:00,38.54,38.87,38.02,38.49,853800
2024-11-04 07:00:00,38.4,38.4,37.68,37.83,660800
2024-11-05 07:00:00,37.83,38.11,37.73,38.11,266900
2024-11-06 07:00:00,38.16,40.78,38.16,40.78,3506400
2024-11-07 07:00:00,40.83,41.16,40.16,40.35,1253700
2024-11-08 07:00:00,40.35,40.92,39.64,40.59,1672100
2024-11-11 07:00:00,40.83,41.59,40.49,41.3,1956000
2024-11-12 07:00:00,41.64,41.88,40.59,40.78,1502800
2024-11-13 07:00:00,40.49,41.26,39.83,41.26,1630800
2024-11-14 07:00:00,41.21,42.68,40.97,41.26,3523800
2024-11-15 07:00:00,41.02,42.4,41.02,41.73,2557600
2024-11-18 07:00:00,41.73,41.78,39.64,40.59,1783300
2024-11-19 07:00:00,40.64,40.64,38.16,38.16,1794900
2024-11-20 07:00:00,38.11,39.25,37.44,38.97,1475600
2024-11-21 07:00:00,39.06,39.49,38.73,39.25,636900
2024-11-22 07:00:00,39.45,39.54,38.87,39.21,813300
2024-11-25 07:00:00,39.21,39.45,39.02,39.21,420300
2024-11-26 07:00:00,39.54,40.11,39.4,39.92,891500
2024-11-27 07:00:00,39.87,39.87,39.21,39.59,689300
2024-11-28 07:00:00,39.83,39.83,39.21,39.49,666600
2024-11-29 07:00:00,39.3,40.68,39.11,40.21,1976600
2024-12-02 07:00:00,40.4,41.35,40.3,40.97,1481700
2024-12-03 07:00:00,40.97,41.92,40.59,40.78,1705900
2024-12-04 07:00:00,41.02,41.11,40.16,40.59,1012700
2024-12-05 07:00:00,40.87,42.3,40.4,41.88,1776400
2024-12-06 07:00:00,42.11,42.59,41.45,41.45,1706000
2024-12-09 07:00:00,41.45,42.11,41.35,41.45,1282700
2024-12-10 07:00:00,41.45,42.49,41.35,41.54,1707800
2024-12-11 07:00:00,41.73,41.92,41.4,41.83,1094100
2024-12-12 07:00:00,41.92,43.69,41.92,42.4,2398100
2024-12-13 07:00:00,42.3,42.73,41.73,41.83,1206200
2024-12-16 07:00:00,42.78,42.78,41.92,42.49,1099100
2024-12-17 07:00:00,42.78,42.78,41.68,41.88,1938000
2024-12-18 07:00:00,41.83,41.92,41.26,41.88,1059900
2024-12-19 07:00:00,41.16,41.78,41.07,41.35,1354900
2024-12-20 07:00:00,41.35,42.26,41.35,41.64,853000
2024-12-23 07:00:00,42.02,42.68,41.73,42.11,1316900
2024-12-24 07:00:00,42.4,42.78,41.92,42.78,1500900
2024-12-25 07:00:00,43.07,43.73,42.78,43.11,1871400
2024-12-26 07:00:00,43.11,43.3,42.4,42.4,913100
2024-12-27 07:00:00,42.88,42.97,42.07,42.59,1050400
2024-12-30 07:00:00,42.54,43.26,41.92,43.02,1200900
2024-12-31 07:00:00,43.02,43.02,42.68,42.83,845300
2025-01-02 07:00:00,42.88,44.78,42.59,44.78,3000200
2025-01-03 07:00:00,44.78,45.54,44.45,44.78,2814400
2025-01-06 07:00:00,44.59,45.35,44.21,44.78,2121500
2025-01-07 07:00:00,44.88,46.02,44.54,45.64,2969400
2025-01-08 07:00:00,45.73,46.02,45.31,45.73,1581800
2025-01-09 07:00:00,46.31,46.4,45.35,45.45,1283200
2025-01-10 07:00:00,45.45,46.02,44.59,45.35,1708700
2025-01-13 07:00:00,44.78,45.54,44.78,45.4,660300
2025-01-14 07:00:00,45.45,47.31,45.45,46.97,1985200
2025-01-15 07:00:00,46.97,47.26,46.31,47.26,1185600
2025-01-16 07:00:00,47.35,47.45,46.35,46.59,1513800
2025-01-17 07:00:00,46.69,47.64,46.69,47.26,1095500
2025-01-20 07:00:00,47.26,47.4,46.21,46.21,880000
2025-01-21 07:00:00,46.26,46.83,46.16,46.5,767000
2025-01-22 07:00:00,46.31,46.88,46.12,46.12,975900
2025-01-23 07:00:00,46.12,47.26,45.21,47.16,1914300
2025-01-24 07:00:00,47.45,48.5,47.07,47.35,1242000
2025-02-03 07:00:00,47.35,48.4,47.26,48.12,1325100
2025-02-04 07:00:00,48.02,48.59,48.02,48.5,1015200
2025-02-05 07:00:00,48.31,48.5,47.83,48.5,591900
2025-02-06 07:00:00,48.59,49.16,47.73,48.59,1028700
2025-02-07 07:00:00,48.59,48.78,47.64,47.64,914800
2025-02-10 07:00:00,47.64,48.12,47.26,47.35,920900
2025-02-11 07:00:00,48.02,48.59,47.35,48.31,741600
2025-02-12 07:00:00,48.5,49.07,48.4,48.59,772300
2025-02-13 07:00:00,48.69,48.69,47.5,48.31,971800
2025-02-14 07:00:00,48.5,48.97,48.12,48.78,900700
2025-02-17 07:00:00,49.07,49.07,48.12,48.21,895000
2025-02-18 07:00:00,48.02,48.59,47.64,48.59,1043100
2025-02-19 07:00:00,49.07,50.88,48.78,50.5,1568200
2025-02-20 07:00:00,50.5,50.88,50.02,50.12,572600
2025-02-21 07:00:00,50.31,50.69,50.02,50.31,717000
2025-02-24 07:00:00,50.59,50.69,49.93,50.4,605800
2025-02-25 07:00:00,50.5,50.69,48.97,49.35,1419200
2025-02-26 07:00:00,49.35,50.5,49.35,50.12,918400
2025-02-27 07:00:00,50.12,50.12,48.78,49.74,801300
2025-02-28 07:00:00,49.55,50.31,49.16,49.64,888400
2025-03-03 07:00:00,49.64,50.12,49.26,49.55,553700
2025-03-04 07:00:00,49.74,50.21,46.59,49.16,2850400
2025-03-05 07:00:00,49.26,49.26,46.97,46.97,1547800
2025-03-06 07:00:00,47.35,48.31,46.97,48.31,1380400
2025-03-07 07:00:00,47.83,48.4,47.35,47.73,1155800
2025-03-10 07:00:00,47.93,48.4,47.26,47.83,849600
2025-03-11 07:00:00,47.64,47.83,46.97,47.83,835000
2025-03-12 07:00:00,48.02,50.12,47.64,49.74,2347700
2025-03-13 07:00:00,49.93,49.93,48.5,48.88,1033300
2025-03-14 07:00:00,48.59,49.45,47.93,48.5,987200
2025-03-17 07:00:00,48.4,48.97,47.93,48.31,748400
2025-03-18 07:00:00,48.5,49.26,48.12,48.97,858400
2025-03-19 07:00:00,48.88,49.26,48.31,49.07,653300
2025-03-20 07:00:00,49.07,50.69,48.88,49.55,1944600
2025-03-21 07:00:00,49.64,49.83,48.78,49.26,574600
2025-03-24 07:00:00,49.55,49.55,48.4,48.5,948900
2025-03-25 07:00:00,48.5,49.16,48.4,48.97,1058000
2025-03-26 07:00:00,49.16,49.26,47.64,48.02,810700
2025-03-27 07:00:00,48.02,48.12,47.59,47.59,1161300
2025-03-28 07:00:00,47.5,47.5,45.73,46.21,1593900
2025-03-31 07:00:00,45.69,46.69,45.69,46.69,730500
2025-04-01 07:00:00,46.69,48.02,46.4,46.92,648200
2025-04-02 07:00:00,47.26,47.54,46.59,46.59,419500
2025-04-03 07:00:00,43.35,44.69,43.35,43.35,1123000
2025-04-04 07:00:00,40.35,40.35,40.35,40.35,456500
2025-04-08 07:00:00,37.54,37.54,37.54,37.54,207200
2025-04-09 07:00:00,34.92,34.92,34.92,34.92,412500
2025-04-10 07:00:00,37.35,37.35,37.35,37.35,596400
2025-04-11 07:00:00,37.4,37.44,34.78,36.49,2908200
2025-04-14 07:00:00,39.02,39.02,38.59,39.02,1389700
2025-04-15 07:00:00,39.06,41.4,38.25,38.92,1939400
2025-04-16 07:00:00,38.92,40.02,38.45,39.02,1211600
2025-04-17 07:00:00,38.25,38.97,37.16,38.83,591800
2025-04-18 07:00:00,39.45,40.97,38.59,40.02,1310200
2025-04-21 07:00:00,39.83,39.97,38.02,38.11,720700
2025-04-22 07:00:00,38.11,38.11,35.44,35.59,1850500
2025-04-23 07:00:00,37.49,37.49,35.63,37.11,948000
2025-04-24 07:00:00,38.11,39.06,37.4,37.78,697600
2025-04-25 07:00:00,37.06,38.68,37.06,37.78,682000
2025-04-28 07:00:00,37.78,38.06,37.25,37.44,461200
2025-04-29 07:00:00,37.44,37.92,37.3,37.44,249600
2025-05-05 07:00:00,37.92,38.87,37.59,38.64,464800
2025-05-06 07:00:00,38.73,39.83,38.11,38.45,543400
2025-05-07 07:00:00,38.45,39.49,38.21,39.3,785500
2025-05-08 07:00:00,39.92,41.92,39.73,41.92,1538100
2025-05-09 07:00:00,42.02,42.35,41.07,42.07,956600
2025-05-12 07:00:00,42.16,42.88,41.88,42.88,896400
2025-05-13 07:00:00,42.88,44.21,42.64,44.21,1030000
2025-05-14 07:00:00,44.35,44.4,43.35,43.64,631300
2025-05-15 07:00:00,43.69,43.83,42.97,43.83,626200
2025-05-16 07:00:00,43.88,44.54,43.69,43.92,717500
2025-05-19 07:00:00,43.92,43.92,42.97,43.3,513600
2025-05-20 07:00:00,43.3,43.83,42.4,42.64,859100
2025-05-21 07:00:00,42.78,42.78,39.68,42.21,809000
2025-05-22 07:00:00,42.16,43.64,41.73,42.35,1171300
2025-05-23 07:00:00,42.54,42.54,40.92,41.02,959900
2025-05-26 07:00:00,41.64,43.73,40.16,42.88,1196800
2025-05-27 07:00:00,43.83,43.83,42.4,43.11,1290000
2025-05-28 07:00:00,43.11,43.78,42.88,42.88,1059200
2025-05-29 07:00:00,43.59,44.64,42.97,43.11,1137600
2025-05-30 07:00:00,42.97,43.35,41.83,41.83,853800
2025-06-02 07:00:00,41.92,42.4,41.16,41.92,571000
2025-06-03 07:00:00,42.49,43.26,41.92,42.88,679700
2025-06-04 07:00:00,43.3,43.73,42.68,43.3,1204900
2025-06-05 07:00:00,43.83,45.21,43.45,45.21,2116100
2025-06-06 07:00:00,45.21,45.26,43.54,43.54,1188100
2025-06-09 07:00:00,43.45,43.54,41.54,41.92,1127000
2025-06-10 07:00:00,41.92,42.59,40.97,41.68,702400
2025-06-11 07:00:00,42.4,42.4,41.54,41.68,375300
2025-06-12 07:00:00,42.3,42.78,42.16,42.68,521400
2025-06-13 07:00:00,41.88,42.3,41.16,41.35,642600
2025-06-16 07:00:00,40.97,41.78,40.87,41.59,541300
2025-06-17 07:00:00,41.92,42.26,41.68,41.78,350300
2025-06-18 07:00:00,41.92,42.21,41.59,41.64,446700
2025-06-19 07:00:00,41.64,42.21,41.45,41.83,523000
2025-06-20 07:00:00,41.92,42.11,41.3,41.35,462100
2025-06-23 07:00:00,41.35,42.78,40.59,42.3,776100
2025-06-24 07:00:00,42.45,43.16,42.3,42.78,1027200
2025-06-25 07:00:00,42.78,43.11,42.49,42.88,769900
2025-06-26 07:00:00,42.92,43.21,42.64,42.97,506700
2025-06-27 07:00:00,43.35,43.73,42.78,43.16,551900
2025-06-30 07:00:00,43.07,43.83,42.68,42.83,530200
2025-07-01 07:00:00,43.07,44.11,42.78,42.97,1227400
2025-07-02 07:00:00,43.26,44.73,42.97,44.3,1664600
2025-07-03 07:00:00,43.64,43.78,42.26,42.49,1793300
2025-07-04 07:00:00,42.64,42.73,42.07,42.21,969600
2025-07-07 07:00:00,42.83,42.88,41.92,42.4,457600
2025-07-08 07:00:00,43.35,43.45,42.73,42.83,688300
2025-07-09 07:00:00,42.88,43.16,42.35,42.49,1473500
2025-07-10 07:00:00,42.59,43.64,42.59,43.64,1731000
2025-07-11 07:00:00,43.83,44.21,43.21,43.4,1011400
2025-07-14 07:00:00,44.21,44.69,43.07,44.45,1845700
2025-07-15 07:00:00,44.69,44.69,43.78,43.78,1310100
2025-07-16 07:00:00,43.73,44.54,43.59,44.07,718400
2025-07-17 07:00:00,44.45,46.45,44.11,45.07,2088300
2025-07-18 07:00:00,45.73,45.92,44.5,44.97,1172800
2025-07-21 07:00:00,45.69,45.69,43.97,43.97,1120800
2025-07-22 07:00:00,44.02,45.73,43.49,45.69,1404700
2025-07-23 07:00:00,46.88,47.02,45.73,46.02,2063300
2025-07-24 07:00:00,46.12,46.78,45.16,46.69,1798200
2025-07-25 07:00:00,47.64,49.93,47.59,49.93,2408600
2025-07-28 07:00:00,53.36,53.36,53.36,53.36,576100
2025-07-29 07:00:00,57.07,57.07,54.31,54.31,7251200
2025-07-30 07:00:00,56.6,58.02,56.5,57.93,3573000
2025-07-31 07:00:00,60.98,60.98,56.21,56.6,2395000
2025-08-01 07:00:00,57.83,57.83,53.55,53.64,3138600
2025-08-04 07:00:00,53.45,56.69,53.45,54.88,1716200
2025-08-05 07:00:00,55.17,56.21,51.07,52.12,3711500
2025-08-06 07:00:00,52.21,53.74,51.16,53.17,3148800
2025-08-07 07:00:00,56.69,56.69,53.26,53.45,1904400
2025-08-08 07:00:00,53.55,55.26,52.4,55.26,3179500
2025-08-11 07:00:00,56.21,59.07,55.26,59.07,3946800
2025-08-12 07:00:00,60.5,63.17,59.36,63.17,4993700
2025-08-13 07:00:00,64.5,64.5,60.5,62.88,3025800
2025-08-14 07:00:00,63.74,63.74,60.98,60.98,2386400
2025-08-15 07:00:00,61.07,63.46,59.74,62.22,3048100
2025-08-18 07:00:00,62.12,64.79,61.93,62.6,3021700
2025-08-19 07:00:00,63.36,65.74,61.45,64.6,3835100
2025-08-20 07:00:00,65.17,65.36,60.12,64.5,3824800
2025-08-21 07:00:00,63.84,63.84,61.17,61.93,2086100
2025-08-22 07:00:00,60.5,61.17,57.64,57.64,3107200
2025-08-25 07:00:00,57.74,58.79,56.41,56.5,1481100
2025-08-26 07:00:00,55.74,58.69,55.74,58.6,1053600
2025-08-27 07:00:00,58.6,59.84,58.12,58.79,1661900
2025-08-28 07:00:00,59.26,59.93,58.69,59.74,838500
2025-08-29 07:00:00,60.22,60.22,58.12,58.12,1687700
2025-09-03 07:00:00,58.12,59.36,57.93,58.88,1202800
2025-09-04 07:00:00,59.07,60.5,58.79,59.55,857200
2025-09-05 07:00:00,59.64,61.74,59.07,59.07,2047700
2025-09-08 07:00:00,59.07,59.07,54.98,54.98,1924100
2025-09-09 07:00:00,54.31,56.41,53.74,55.17,1426300
2025-09-10 07:00:00,55.55,55.64,53.17,53.45,1674900
2025-09-11 07:00:00,53.45,54.59,50.5,54.21,1097600
2025-09-12 07:00:00,54.59,55.74,54.31,55.36,797800
2025-09-15 07:00:00,55.36,56.79,55.07,56.79,1041600
2025-09-16 07:00:00,56.88,56.88,55.26,55.74,996700
2025-09-17 07:00:00,55.74,55.74,54.4,54.4,574400
2025-09-18 07:00:00,55.17,55.26,53.93,55.26,450100
2025-09-19 07:00:00,55.64,56.69,55.55,55.74,713000
2025-09-22 07:00:00,56.02,56.5,54.5,55.74,546700
2025-09-23 07:00:00,56.02,56.02,55.17,55.64,337200
2025-09-24 07:00:00,55.74,56.79,54.79,56.79,794900
2025-09-25 07:00:00,56.98,57.93,56.98,57.64,1348200
2025-09-26 07:00:00,57.74,58.98,57.17,57.17,1111200
2025-09-29 07:00:00,57.17,57.17,54.5,56.12,1091400
2025-09-30 07:00:00,55.83,56.02,53.55,54.4,982200
2025-10-01 07:00:00,53.83,55.26,53.83,54.31,413000
2025-10-02 07:00:00,54.98,54.98,52.88,53.17,555900
2025-10-03 07:00:00,52.78,53.07,50.59,50.59,1065700
2025-10-06 07:00:00,50.97,53.93,50.97,52.4,835100
2025-10-07 07:00:00,52.88,53.17,51.55,51.55,416900
2025-10-08 07:00:00,52.4,52.4,50.12,50.4,1587500
2025-10-09 07:00:00,50.5,51.07,49.74,51.07,1817400
2025-10-10 07:00:00,51.45,52.21,50.97,51.36,1088100
2025-10-13 07:00:00,50.69,52.21,50.69,51.36,1123800
2025-10-14 07:00:00,52.12,52.78,51.07,51.07,2099700
2025-10-15 07:00:00,51.07,52.02,49.55,49.55,2687800
2025-10-16 07:00:00,49.64,50.5,49.35,50.21,1311100
2025-10-17 07:00:00,49.83,50.21,47.54,47.64,3050900
2025-10-20 07:00:00,47.83,48.02,44.3,44.3,2781000
2025-10-21 07:00:00,43.78,44.26,42.4,42.97,1952300
2025-10-22 07:00:00,43.59,44.26,42.4,44.26,1027600
2025-10-23 07:00:00,44.73,44.78,43.78,43.78,473100
2025-10-24 07:00:00,43.83,44.69,43.07,44.3,681400
2025-10-27 07:00:00,45.4,45.97,44.35,44.54,1071200
2025-10-28 07:00:00,44.69,45.07,43.64,45.07,780900
2025-10-29 07:00:00,45.45,46.31,45.02,45.83,1254300
2025-10-30 07:00:00,46.02,46.4,44.83,45.11,1222600
2025-10-31 07:00:00,45.26,45.54,44.83,44.97,493300
2025-11-03 07:00:00,44.97,46.02,44.54,44.54,1178400
2025-11-04 07:00:00,44.54,45.69,42.88,45.69,1158500
2025-11-05 07:00:00,45.31,45.31,44.5,44.69,734700
2025-11-06 07:00:00,45.45,47.07,45.26,45.73,1629700
2025-11-07 07:00:00,45.83,45.83,44.21,44.4,1285000
2025-11-10 07:00:00,44.4,44.5,43.69,44.4,849800
2025-11-11 07:00:00,45.0,45.0,43.1,43.45,887500
2025-11-12 07:00:00,44.0,44.7,43.4,44.7,875600
2025-11-13 07:00:00,44.5,47.35,44.5,46.6,2512800
2025-11-14 07:00:00,46.6,47.1,45.75,46.55,1154000
2025-11-17 07:00:00,46.6,47.2,46.5,47.0,1108600
2025-11-18 07:00:00,47.15,47.2,46.3,46.8,936700
2025-11-19 07:00:00,47.0,47.0,45.6,45.85,1204300
2025-11-20 07:00:00,46.1,46.1,44.9,45.4,626400
2025-11-21 07:00:00,45.4,45.8,44.75,45.05,698800
2025-11-24 07:00:00,45.5,45.55,44.9,45.2,344500
2025-11-25 07:00:00,45.4,46.0,42.05,43.5,1445800
2025-11-26 07:00:00,44.5,45.9,44.0,45.75,885800
2025-11-27 07:00:00,46.1,46.2,44.8,44.8,767200
2025-11-28 07:00:00,44.8,45.2,43.75,44.0,606400
2025-12-01 07:00:00,44.2,44.2,43.75,43.8,453100
2025-12-02 07:00:00,43.9,43.9,42.6,43.3,644700
2025-12-03 07:00:00,44.0,44.25,43.4,44.15,572500
2025-12-04 07:00:00,44.5,44.65,44.15,44.3,499700
2025-12-05 07:00:00,44.6,45.0,44.1,44.1,559900
2025-12-08 07:00:00,44.35,44.5,43.0,43.25,877100
2025-12-09 07:00:00,42.8,43.35,41.95,42.75,1317500
2025-12-10 07:00:00,43.0,43.2,42.35,42.55,343900
2025-12-11 07:00:00,42.5,43.15,42.1,42.2,385700
2025-12-12 07:00:00,42.2,42.45,39.25,40.6,976600
2025-12-15 07:00:00,40.65,41.25,40.0,40.1,498700
2025-12-16 07:00:00,41.0,41.65,40.0,41.6,510000
2025-12-17 07:00:00,41.7,41.95,41.15,41.35,394400
2025-12-18 07:00:00,41.35,41.35,41.0,41.15,131600
2025-12-19 07:00:00,41.6,41.6,40.5,40.5,398200
2025-12-22 07:00:00,41.15,41.8,40.75,41.55,485700
2025-12-23 07:00:00,41.55,42.3,41.1,41.45,794100
2025-12-24 07:00:00,41.45,42.0,41.0,41.2,538700
2025-12-25 07:00:00,41.65,42.1,41.15,41.15,949500
2025-12-26 07:00:00,41.15,41.2,40.15,40.85,720200
2025-12-29 07:00:00,40.95,41.3,40.7,41.3,403300
2025-12-30 07:00:00,41.35,41.7,40.9,41.3,555300
2025-12-31 07:00:00,41.5,42.6,41.5,41.85,991900
2026-01-05 07:00:00,41.9,42.1,40.6,41.5,725800
2026-01-06 07:00:00,41.15,42.65,41.0,42.0,972500
2026-01-07 07:00:00,42.0,44.5,41.9,44.0,1609400
2026-01-08 07:00:00,44.4,44.6,43.0,43.5,1639300
2026-01-09 07:00:00,43.7,46.2,43.35,44.8,2142400
2026-01-12 07:00:00,45.9,46.65,45.35,45.6,1631500
2026-01-13 07:00:00,46.05,47.8,45.1,46.5,2071600
2026-01-14 07:00:00,47.0,49.55,46.5,48.6,2880900
2026-01-15 07:00:00,49.3,49.8,48.0,48.9,1974800
2026-01-16 07:00:00,48.9,49.2,47.6,48.0,1536400
2026-01-19 07:00:00,48.25,50.5,48.25,49.95,2020300
2026-01-20 07:00:00,50.2,50.2,48.75,48.75,1048300
2026-01-21 07:00:00,48.2,48.9,47.2,47.2,1423700
2026-01-22 07:00:00,47.2,48.3,47.2,47.7,1001400
2026-01-23 07:00:00,47.8,49.3,46.8,48.3,1090300
2026-01-26 07:00:00,48.5,48.9,44.95,46.1,1620700
2026-01-27 07:00:00,45.0,45.95,44.95,45.0,1013200
2026-01-28 07:00:00,46.0,46.8,45.5,46.1,605600
2026-01-29 07:00:00,46.1,46.9,46.0,46.9,724800
2026-01-30 07:00:00,47.05,50.1,47.05,50.1,4140800
2026-02-02 07:00:00,52.0,52.5,51.0,52.5,2589000
2026-02-03 07:00:00,52.8,56.1,52.4,56.1,4575100
2026-02-04 07:00:00,56.5,58.6,56.0,57.9,2883800
2026-02-05 07:00:00,56.6,58.1,56.1,56.9,2469200
2026-02-06 07:00:00,55.5,56.5,53.0,53.0,3573500
2026-02-09 07:00:00,53.0,53.0,50.0,50.0,1930600
2026-02-10 07:00:00,51.0,51.2,46.75,48.2,3193600
2026-02-11 07:00:00,48.0,49.25,47.6,48.2,1628300
2026-02-12 07:00:00,49.0,49.3,48.3,48.35,858300
2026-02-13 07:00:00,48.35,50.8,48.3,50.3,1494900
2026-02-23 07:00:00,51.5,52.4,50.8,51.8,1476700
2026-02-24 07:00:00,51.8,51.8,50.8,50.9,1705300
2026-02-25 07:00:00,51.1,53.8,51.1,52.3,2097500
2026-02-26 07:00:00,52.4,52.4,51.0,51.7,984800
2026-02-27 07:00:00,51.7,52.7,50.9,51.2,1288000
2026-03-02 07:00:00,48.1,54.0,48.1,52.0,3049300
2026-03-03 07:00:00,51.6,52.4,49.4,49.85,1437100
2026-03-04 07:00:00,48.3,49.85,46.5,47.05,2323900
2026-03-05 07:00:00,48.0,48.95,47.3,47.3,985400
2026-03-06 07:00:00,47.35,47.5,46.0,46.0,1136300
2026-03-09 07:00:00,42.8,43.0,42.8,42.8,670400
2026-03-10 07:00:00,42.8,44.45,42.8,43.3,1644600
2026-03-11 07:00:00,43.5,45.95,43.4,45.9,706000
2026-03-12 07:00:00,46.0,46.7,45.05,45.8,863000
2026-03-13 07:00:00,44.65,46.4,44.1,45.7,707600
2026-03-16 07:00:00,45.1,46.35,45.1,45.9,465300
2026-03-17 07:00:00,46.0,47.2,46.0,46.65,371000
2026-03-18 07:00:00,46.7,47.35,43.4,46.55,579800
2026-03-19 07:00:00,45.5,46.6,45.05,45.9,767800
2026-03-20 07:00:00,45.8,46.6,44.0,44.0,1204900
2026-03-23 07:00:00,44.0,45.0,42.0,42.05,1194000
2026-03-24 07:00:00,43.4,43.8,42.8,43.05,1101800
2026-03-25 07:00:00,43.9,45.8,43.9,45.5,924800
2026-03-26 07:00:00,45.15,45.8,44.7,44.7,711600
2026-03-27 07:00:00,44.7,46.0,44.65,45.6,919200
2026-03-30 07:00:00,44.55,45.2,43.95,44.8,969200
2026-03-31 07:00:00,45.2,46.9,45.0,46.9,1290300
2026-04-01 07:00:00,47.0,47.35,46.2,46.7,842600
2026-04-02 07:00:00,46.25,46.25,45.2,45.45,610300
2026-04-03 07:00:00,45.6,46.45,44.85,44.85,526400
2026-04-06 07:00:00,44.85,44.95,43.8,43.9,664900
2026-04-07 07:00:00,44.05,44.6,43.35,44.5,407100
2026-04-08 07:00:00,45.55,46.55,44.7,45.9,1568000
2026-04-09 07:00:00,45.9,46.9,45.05,46.0,1258200
2026-04-10 07:00:00,46.6,47.15,46.1,46.5,1119000
2026-04-13 07:00:00,46.4,47.35,45.8,47.2,1256600
2026-04-14 07:00:00,48.0,48.0,46.85,47.15,985200
2026-04-15 07:00:00,47.15,48.0,46.2,46.2,1102200
2026-04-16 07:00:00,46.25,47.2,46.0,46.2,670100
2026-04-17 07:00:00,46.3,47.2,46.0,46.0,662300
2026-04-20 07:00:00,46.0,46.7,45.8,46.25,409900
2026-04-21 07:00:00,46.3,46.65,43.05,44.3,1352000
2026-04-22 07:00:00,44.4,44.9,44.05,44.35,426300
2026-04-23 07:00:00,44.3,44.6,43.15,43.85,1077800
2026-04-24 07:00:00,43.5,44.3,43.4,43.85,316300
2026-04-28 07:00:00,43.8,44.3,43.0,43.0,335900
2026-04-29 07:00:00,42.8,43.0,42.2,42.6,771400
