symbol,organ_name,com_type_code,icb_level,icb_code,icb_name
A32,Công ty Cổ phần 32,CT,1,3000,Hàng Tiêu dùng
A32,Công ty Cổ phần 32,CT,2,3700,Hàng cá nhân & Gia dụng
A32,Công ty Cổ phần 32,CT,3,3760,Hàng cá nhân
A32,Công ty Cổ phần 32,CT,4,3765,Giầy dép
AAA,Công ty Cổ phần Nhựa An Phát Xanh,CT,1,1000,Nguyên vật liệu
AAA,Công ty Cổ phần Nhựa An Phát Xanh,CT,2,1300,Hóa chất
AAA,Công ty Cổ phần Nhựa An Phát Xanh,CT,3,1350,Hóa chất
AAA,Công ty Cổ phần Nhựa An Phát Xanh,CT,4,1353,"Nhựa, cao su & sợi"
AAH,Công ty Cổ phần Hợp Nhất,CT,1,1000,Nguyên vật liệu
AAH,Công ty Cổ phần Hợp Nhất,CT,2,1700,Tài nguyên Cơ bản
AAH,Công ty Cổ phần Hợp Nhất,CT,3,1770,Khai khoáng
AAH,Công ty Cổ phần Hợp Nhất,CT,4,1771,Khai thác Than
AAM,Công ty Cổ Phần Thủy Sản MeKong,CT,1,3000,Hàng Tiêu dùng
AAM,Công ty Cổ Phần Thủy Sản MeKong,CT,2,3500,Thực phẩm và đồ uống
AAM,Công ty Cổ Phần Thủy Sản MeKong,CT,3,3570,Sản xuất thực phẩm
AAM,Công ty Cổ Phần Thủy Sản MeKong,CT,4,3573,Nuôi trồng nông & hải sản
AAN,Công ty Cổ phần Lương thực A An,CT,1,3000,Hàng Tiêu dùng
AAN,Công ty Cổ phần Lương thực A An,CT,2,3500,Thực phẩm và đồ uống
AAN,Công ty Cổ phần Lương thực A An,CT,3,3570,Sản xuất thực phẩm
AAN,Công ty Cổ phần Lương thực A An,CT,4,3573,Nuôi trồng nông & hải sản
AAS,Công ty Cổ phần Chứng khoán SmartInvest,CK,1,8000,Tài chính
AAS,Công ty Cổ phần Chứng khoán SmartInvest,CK,2,8700,Dịch vụ tài chính
AAS,Công ty Cổ phần Chứng khoán SmartInvest,CK,3,8770,Dịch vụ tài chính
AAS,Công ty Cổ phần Chứng khoán SmartInvest,CK,4,8777,Môi giới chứng khoán
AAT,Công ty Cổ phần Tập đoàn Tiên Sơn Thanh Hóa,CT,1,3000,Hàng Tiêu dùng
AAT,Công ty Cổ phần Tập đoàn Tiên Sơn Thanh Hóa,CT,2,3700,Hàng cá nhân & Gia dụng
AAT,Công ty Cổ phần Tập đoàn Tiên Sơn Thanh Hóa,CT,3,3760,Hàng cá nhân
AAT,Công ty Cổ phần Tập đoàn Tiên Sơn Thanh Hóa,CT,4,3763,Hàng May mặc
AAV,Công ty Cổ phần AAV Group,CT,1,8000,Tài chính
AAV,Công ty Cổ phần AAV Group,CT,2,8600,Bất động sản
AAV,Công ty Cổ phần AAV Group,CT,3,8630,Bất động sản
AAV,Công ty Cổ phần AAV Group,CT,4,8633,Bất động sản
ABA,Công ty Cổ phần Giải pháp Thương mại A BA,CT,1,2000,Công nghiệp
ABA,Công ty Cổ phần Giải pháp Thương mại A BA,CT,2,2700,Hàng & Dịch vụ Công nghiệp
ABA,Công ty Cổ phần Giải pháp Thương mại A BA,CT,3,2770,Vận tải
ABA,Công ty Cổ phần Giải pháp Thương mại A BA,CT,4,2779,Dịch vụ vận tải
ABB,Ngân hàng Thương mại Cổ phần An Bình,NH,1,8301,Ngân hàng
ABB,Ngân hàng Thương mại Cổ phần An Bình,NH,2,8300,Ngân hàng
ABB,Ngân hàng Thương mại Cổ phần An Bình,NH,3,8350,Ngân hàng
ABB,Ngân hàng Thương mại Cổ phần An Bình,NH,4,8355,Ngân hàng
ABC,Công ty Cổ phần Truyền thông VMG,CT,1,6000,Viễn thông
ABC,Công ty Cổ phần Truyền thông VMG,CT,2,6500,Viễn thông
ABC,Công ty Cổ phần Truyền thông VMG,CT,3,6570,Viễn thông di động
ABC,Công ty Cổ phần Truyền thông VMG,CT,4,6575,Viễn thông di động
ABEF,Quỹ Đầu tư Cổ phiếu An Bình Thịnh Vượng,QU,1,8000,Tài chính
ABEF,Quỹ Đầu tư Cổ phiếu An Bình Thịnh Vượng,QU,2,8700,Dịch vụ tài chính
ABEF,Quỹ Đầu tư Cổ phiếu An Bình Thịnh Vượng,QU,3,8980,Quỹ đầu tư
ABEF,Quỹ Đầu tư Cổ phiếu An Bình Thịnh Vượng,QU,4,8985,Quỹ đầu tư
ABI,Công ty Cổ phần Bảo hiểm Ngân hàng Nông Nghiệp,BH,1,8000,Tài chính
ABI,Công ty Cổ phần Bảo hiểm Ngân hàng Nông Nghiệp,BH,2,8500,Bảo hiểm
ABI,Công ty Cổ phần Bảo hiểm Ngân hàng Nông Nghiệp,BH,3,8530,Bảo hiểm phi nhân thọ
ABI,Công ty Cổ phần Bảo hiểm Ngân hàng Nông Nghiệp,BH,4,8536,Bảo hiểm phi nhân thọ
ABR,Công ty Cổ phần Đầu tư Nhãn Hiệu Việt,CT,1,2000,Công nghiệp
ABR,Công ty Cổ phần Đầu tư Nhãn Hiệu Việt,CT,2,2700,Hàng & Dịch vụ Công nghiệp
ABR,Công ty Cổ phần Đầu tư Nhãn Hiệu Việt,CT,3,2790,Tư vấn & Hỗ trợ Kinh doanh
ABR,Công ty Cổ phần Đầu tư Nhãn Hiệu Việt,CT,4,2791,Tư vấn & Hỗ trợ KD
ABS,Công ty Cổ phần Dịch vụ Nông nghiệp Bình Thuận,CT,1,1000,Nguyên vật liệu
ABS,Công ty Cổ phần Dịch vụ Nông nghiệp Bình Thuận,CT,2,1300,Hóa chất
ABS,Công ty Cổ phần Dịch vụ Nông nghiệp Bình Thuận,CT,3,1350,Hóa chất
ABS,Công ty Cổ phần Dịch vụ Nông nghiệp Bình Thuận,CT,4,1357,"Sản phẩm hóa dầu, Nông dược & Hóa chất khác"
ABT,Công ty Cổ phần Xuất nhập khẩu Thủy sản Bến Tre,CT,1,3000,Hàng Tiêu dùng
ABT,Công ty Cổ phần Xuất nhập khẩu Thủy sản Bến Tre,CT,2,3500,Thực phẩm và đồ uống
ABT,Công ty Cổ phần Xuất nhập khẩu Thủy sản Bến Tre,CT,3,3570,Sản xuất thực phẩm
ABT,Công ty Cổ phần Xuất nhập khẩu Thủy sản Bến Tre,CT,4,3573,Nuôi trồng nông & hải sản
ABW,Công ty Cổ phần Chứng khoán An Bình,CK,1,8000,Tài chính
ABW,Công ty Cổ phần Chứng khoán An Bình,CK,2,8700,Dịch vụ tài chính
ABW,Công ty Cổ phần Chứng khoán An Bình,CK,3,8770,Dịch vụ tài chính
ABW,Công ty Cổ phần Chứng khoán An Bình,CK,4,8777,Môi giới chứng khoán
ACB,Ngân hàng Thương mại Cổ phần Á Châu,NH,1,8301,Ngân hàng
ACB,Ngân hàng Thương mại Cổ phần Á Châu,NH,2,8300,Ngân hàng
ACB,Ngân hàng Thương mại Cổ phần Á Châu,NH,3,8350,Ngân hàng
ACB,Ngân hàng Thương mại Cổ phần Á Châu,NH,4,8355,Ngân hàng
ACC,Công ty Cổ phần Đầu tư và Xây dựng Bình Dương ACC,CT,1,2000,Công nghiệp
ACC,Công ty Cổ phần Đầu tư và Xây dựng Bình Dương ACC,CT,2,2300,Xây dựng và Vật liệu
ACC,Công ty Cổ phần Đầu tư và Xây dựng Bình Dương ACC,CT,3,2350,Xây dựng và Vật liệu
ACC,Công ty Cổ phần Đầu tư và Xây dựng Bình Dương ACC,CT,4,2353,Vật liệu xây dựng & Nội thất
ACE,Công ty Cổ phần Bê tông ly tâm An Giang,CT,1,2000,Công nghiệp
ACE,Công ty Cổ phần Bê tông ly tâm An Giang,CT,2,2300,Xây dựng và Vật liệu
ACE,Công ty Cổ phần Bê tông ly tâm An Giang,CT,3,2350,Xây dựng và Vật liệu
ACE,Công ty Cổ phần Bê tông ly tâm An Giang,CT,4,2353,Vật liệu xây dựng & Nội thất
ACG,Công ty Cổ phần Gỗ An Cường,CT,1,1000,Nguyên vật liệu
ACG,Công ty Cổ phần Gỗ An Cường,CT,2,1700,Tài nguyên Cơ bản
ACG,Công ty Cổ phần Gỗ An Cường,CT,3,1730,Lâm nghiệp và Giấy
ACG,Công ty Cổ phần Gỗ An Cường,CT,4,1733,Lâm sản và Chế biến gỗ
ACL,Công ty Cổ phần Xuất nhập khẩu Thủy sản Cửu Long An Giang,CT,1,3000,Hàng Tiêu dùng
ACL,Công ty Cổ phần Xuất nhập khẩu Thủy sản Cửu Long An Giang,CT,2,3500,Thực phẩm và đồ uống
ACL,Công ty Cổ phần Xuất nhập khẩu Thủy sản Cửu Long An Giang,CT,3,3570,Sản xuất thực phẩm
ACL,Công ty Cổ phần Xuất nhập khẩu Thủy sản Cửu Long An Giang,CT,4,3573,Nuôi trồng nông & hải sản
ACM,Công ty Cổ phần Tập đoàn Khoáng sản Á Cường,CT,1,1000,Nguyên vật liệu
ACM,Công ty Cổ phần Tập đoàn Khoáng sản Á Cường,CT,2,1700,Tài nguyên Cơ bản
ACM,Công ty Cổ phần Tập đoàn Khoáng sản Á Cường,CT,3,1770,Khai khoáng
ACM,Công ty Cổ phần Tập đoàn Khoáng sản Á Cường,CT,4,1775,Khai khoáng
ACS,Công ty Cổ phần Xây lắp Thương mại 2,CT,1,2000,Công nghiệp
ACS,Công ty Cổ phần Xây lắp Thương mại 2,CT,2,2300,Xây dựng và Vật liệu
ACS,Công ty Cổ phần Xây lắp Thương mại 2,CT,3,2350,Xây dựng và Vật liệu
ACS,Công ty Cổ phần Xây lắp Thương mại 2,CT,4,2357,Xây dựng
ACV,Tổng Công ty Cảng Hàng không Việt Nam - CTCP,CT,1,2000,Công nghiệp
ACV,Tổng Công ty Cảng Hàng không Việt Nam - CTCP,CT,2,2700,Hàng & Dịch vụ Công nghiệp
ACV,Tổng Công ty Cảng Hàng không Việt Nam - CTCP,CT,3,2770,Vận tải
ACV,Tổng Công ty Cảng Hàng không Việt Nam - CTCP,CT,4,2777,"Kho bãi, hậu cần và bảo dưỡng"
ADC,Công ty Cổ phần Mĩ thuật và Truyền thông,CT,1,5000,Dịch vụ Tiêu dùng
ADC,Công ty Cổ phần Mĩ thuật và Truyền thông,CT,2,5500,Truyền thông
ADC,Công ty Cổ phần Mĩ thuật và Truyền thông,CT,3,5550,Truyền thông
ADC,Công ty Cổ phần Mĩ thuật và Truyền thông,CT,4,5557,"Sách, ấn bản & sản phẩm văn hóa"
ADG,Công ty Cổ phần Clever Group,CT,1,5000,Dịch vụ Tiêu dùng
ADG,Công ty Cổ phần Clever Group,CT,2,5500,Truyền thông
ADG,Công ty Cổ phần Clever Group,CT,3,5550,Truyền thông
ADG,Công ty Cổ phần Clever Group,CT,4,5555,Dịch vụ truyền thông
ADP,Công ty Cổ phần Sơn Á Đông,CT,1,2000,Công nghiệp
ADP,Công ty Cổ phần Sơn Á Đông,CT,2,2300,Xây dựng và Vật liệu
ADP,Công ty Cổ phần Sơn Á Đông,CT,3,2350,Xây dựng và Vật liệu
ADP,Công ty Cổ phần Sơn Á Đông,CT,4,2353,Vật liệu xây dựng & Nội thất
ADS,Công ty Cổ phần DAMSAN,CT,1,3000,Hàng Tiêu dùng
ADS,Công ty Cổ phần DAMSAN,CT,2,3700,Hàng cá nhân & Gia dụng
ADS,Công ty Cổ phần DAMSAN,CT,3,3760,Hàng cá nhân
ADS,Công ty Cổ phần DAMSAN,CT,4,3763,Hàng May mặc
AEIF,Quỹ Đầu tư Cổ phiếu Amber,QU,1,8000,Tài chính
AEIF,Quỹ Đầu tư Cổ phiếu Amber,QU,2,8700,Dịch vụ tài chính
AEIF,Quỹ Đầu tư Cổ phiếu Amber,QU,3,8980,Quỹ đầu tư
AEIF,Quỹ Đầu tư Cổ phiếu Amber,QU,4,8985,Quỹ đầu tư
AFX,Công ty Cổ phần Xuất Nhập khẩu Nông sản Thực phẩm An Giang,CT,1,5000,Dịch vụ Tiêu dùng
AFX,Công ty Cổ phần Xuất Nhập khẩu Nông sản Thực phẩm An Giang,CT,2,5300,Bán lẻ
AFX,Công ty Cổ phần Xuất Nhập khẩu Nông sản Thực phẩm An Giang,CT,3,5330,Phân phối thực phẩm & dược phẩm
AFX,Công ty Cổ phần Xuất Nhập khẩu Nông sản Thực phẩm An Giang,CT,4,5337,Phân phối thực phẩm
AG1,Công ty Cổ phần 28.1,CT,1,3000,Hàng Tiêu dùng
AG1,Công ty Cổ phần 28.1,CT,2,3700,Hàng cá nhân & Gia dụng
AG1,Công ty Cổ phần 28.1,CT,3,3760,Hàng cá nhân
AG1,Công ty Cổ phần 28.1,CT,4,3763,Hàng May mặc
AGB,Công ty Cổ phần Bình Phú,CT,1,3000,Hàng Tiêu dùng
AGB,Công ty Cổ phần Bình Phú,CT,2,3700,Hàng cá nhân & Gia dụng
AGB,Công ty Cổ phần Bình Phú,CT,3,3760,Hàng cá nhân
AGB,Công ty Cổ phần Bình Phú,CT,4,3763,Hàng May mặc
AGE,Công ty Cổ phần Môi trường Đô thị An Giang,CT,1,2000,Công nghiệp
AGE,Công ty Cổ phần Môi trường Đô thị An Giang,CT,2,2700,Hàng & Dịch vụ Công nghiệp
AGE,Công ty Cổ phần Môi trường Đô thị An Giang,CT,3,2790,Tư vấn & Hỗ trợ Kinh doanh
AGE,Công ty Cổ phần Môi trường Đô thị An Giang,CT,4,2799,Chất thải & Môi trường
AGF,Công ty Cổ phần Xuất nhập khẩu Thủy sản An Giang,CT,1,3000,Hàng Tiêu dùng
AGF,Công ty Cổ phần Xuất nhập khẩu Thủy sản An Giang,CT,2,3500,Thực phẩm và đồ uống
AGF,Công ty Cổ phần Xuất nhập khẩu Thủy sản An Giang,CT,3,3570,Sản xuất thực phẩm
AGF,Công ty Cổ phần Xuất nhập khẩu Thủy sản An Giang,CT,4,3573,Nuôi trồng nông & hải sản
AGG,Công ty Cổ phần Đầu tư và Phát triển Bất động sản An Gia,CT,1,8000,Tài chính
AGG,Công ty Cổ phần Đầu tư và Phát triển Bất động sản An Gia,CT,2,8600,Bất động sản
AGG,Công ty Cổ phần Đầu tư và Phát triển Bất động sản An Gia,CT,3,8630,Bất động sản
AGG,Công ty Cổ phần Đầu tư và Phát triển Bất động sản An Gia,CT,4,8633,Bất động sản
AGM,Công ty Cổ phần Xuất nhập khẩu An Giang,CT,1,3000,Hàng Tiêu dùng
AGM,Công ty Cổ phần Xuất nhập khẩu An Giang,CT,2,3500,Thực phẩm và đồ uống
AGM,Công ty Cổ phần Xuất nhập khẩu An Giang,CT,3,3570,Sản xuất thực phẩm
AGM,Công ty Cổ phần Xuất nhập khẩu An Giang,CT,4,3577,Thực phẩm
AGP,Công ty Cổ phần Dược phẩm AGIMEXPHARM,CT,1,4000,Dược phẩm và Y tế
AGP,Công ty Cổ phần Dược phẩm AGIMEXPHARM,CT,2,4500,Y tế
AGP,Công ty Cổ phần Dược phẩm AGIMEXPHARM,CT,3,4570,Dược phẩm
AGP,Công ty Cổ phần Dược phẩm AGIMEXPHARM,CT,4,4577,Dược phẩm
AGR,Công ty Cổ phần Chứng khoán AGRIBANK,CK,1,8000,Tài chính
AGR,Công ty Cổ phần Chứng khoán AGRIBANK,CK,2,8700,Dịch vụ tài chính
AGR,Công ty Cổ phần Chứng khoán AGRIBANK,CK,3,8770,Dịch vụ tài chính
AGR,Công ty Cổ phần Chứng khoán AGRIBANK,CK,4,8777,Môi giới chứng khoán
AGX,Công ty Cổ phần Thực phẩm Nông sản Xuất khẩu Sài Gòn,CT,1,5000,Dịch vụ Tiêu dùng
AGX,Công ty Cổ phần Thực phẩm Nông sản Xuất khẩu Sài Gòn,CT,2,5300,Bán lẻ
AGX,Công ty Cổ phần Thực phẩm Nông sản Xuất khẩu Sài Gòn,CT,3,5330,Phân phối thực phẩm & dược phẩm
AGX,Công ty Cổ phần Thực phẩm Nông sản Xuất khẩu Sài Gòn,CT,4,5337,Phân phối thực phẩm
AIC,Công ty Cổ phần Tập đoàn Bảo hiểm DBV,BH,1,8000,Tài chính
AIC,Công ty Cổ phần Tập đoàn Bảo hiểm DBV,BH,2,8500,Bảo hiểm
AIC,Công ty Cổ phần Tập đoàn Bảo hiểm DBV,BH,3,8530,Bảo hiểm phi nhân thọ
AIC,Công ty Cổ phần Tập đoàn Bảo hiểm DBV,BH,4,8536,Bảo hiểm phi nhân thọ
AIG,Công ty Cổ phần Nguyên liệu Á Châu AIG,CT,1,3000,Hàng Tiêu dùng
AIG,Công ty Cổ phần Nguyên liệu Á Châu AIG,CT,2,3500,Thực phẩm và đồ uống
AIG,Công ty Cổ phần Nguyên liệu Á Châu AIG,CT,3,3570,Sản xuất thực phẩm
AIG,Công ty Cổ phần Nguyên liệu Á Châu AIG,CT,4,3577,Thực phẩm
ALC,Công ty Cổ phần Âu Lạc,CT,1,2000,Công nghiệp
ALC,Công ty Cổ phần Âu Lạc,CT,2,2700,Hàng & Dịch vụ Công nghiệp
ALC,Công ty Cổ phần Âu Lạc,CT,3,2770,Vận tải
ALC,Công ty Cổ phần Âu Lạc,CT,4,2773,Vận tải Thủy
ALT,Công ty Cổ phần Văn hóa Tân Bình,CT,1,5000,Dịch vụ Tiêu dùng
ALT,Công ty Cổ phần Văn hóa Tân Bình,CT,2,5500,Truyền thông
ALT,Công ty Cổ phần Văn hóa Tân Bình,CT,3,5550,Truyền thông
ALT,Công ty Cổ phần Văn hóa Tân Bình,CT,4,5557,"Sách, ấn bản & sản phẩm văn hóa"
ALV,Công ty Cổ phần Tập đoàn MCST,CT,1,2000,Công nghiệp
ALV,Công ty Cổ phần Tập đoàn MCST,CT,2,2300,Xây dựng và Vật liệu
ALV,Công ty Cổ phần Tập đoàn MCST,CT,3,2350,Xây dựng và Vật liệu
ALV,Công ty Cổ phần Tập đoàn MCST,CT,4,2357,Xây dựng
AMC,Công ty Cổ phần Khoáng sản Á Châu,CT,1,1000,Nguyên vật liệu
AMC,Công ty Cổ phần Khoáng sản Á Châu,CT,2,1700,Tài nguyên Cơ bản
AMC,Công ty Cổ phần Khoáng sản Á Châu,CT,3,1770,Khai khoáng
AMC,Công ty Cổ phần Khoáng sản Á Châu,CT,4,1775,Khai khoáng
AMD,Công ty Cổ phần Đầu tư và Khoáng sản FLC Stone,CT,1,8000,Tài chính
AMD,Công ty Cổ phần Đầu tư và Khoáng sản FLC Stone,CT,2,8600,Bất động sản
AMD,Công ty Cổ phần Đầu tư và Khoáng sản FLC Stone,CT,3,8630,Bất động sản
AMD,Công ty Cổ phần Đầu tư và Khoáng sản FLC Stone,CT,4,8633,Bất động sản
AME,Công ty cổ phần Alphanam E&C,CT,1,2000,Công nghiệp
AME,Công ty cổ phần Alphanam E&C,CT,2,2700,Hàng & Dịch vụ Công nghiệp
AME,Công ty cổ phần Alphanam E&C,CT,3,2730,Điện tử & Thiết bị điện
AME,Công ty cổ phần Alphanam E&C,CT,4,2737,Thiết bị điện
AMP,Công ty Cổ phần Armephaco,CT,1,4000,Dược phẩm và Y tế
AMP,Công ty Cổ phần Armephaco,CT,2,4500,Y tế
AMP,Công ty Cổ phần Armephaco,CT,3,4570,Dược phẩm
AMP,Công ty Cổ phần Armephaco,CT,4,4577,Dược phẩm
AMS,Công ty Cổ phần Cơ khí Xây dựng AMECC,CT,1,2000,Công nghiệp
AMS,Công ty Cổ phần Cơ khí Xây dựng AMECC,CT,2,2700,Hàng & Dịch vụ Công nghiệp
AMS,Công ty Cổ phần Cơ khí Xây dựng AMECC,CT,3,2790,Tư vấn & Hỗ trợ Kinh doanh
AMS,Công ty Cổ phần Cơ khí Xây dựng AMECC,CT,4,2797,Nhà cung cấp thiết bị
AMV,Công ty Cổ phần Sản xuất Kinh doanh Dược và Trang thiết bị Y tế Việt Mỹ,CT,1,4000,Dược phẩm và Y tế
AMV,Công ty Cổ phần Sản xuất Kinh doanh Dược và Trang thiết bị Y tế Việt Mỹ,CT,2,4500,Y tế
AMV,Công ty Cổ phần Sản xuất Kinh doanh Dược và Trang thiết bị Y tế Việt Mỹ,CT,3,4530,Thiết bị và Dịch vụ Y tế
AMV,Công ty Cổ phần Sản xuất Kinh doanh Dược và Trang thiết bị Y tế Việt Mỹ,CT,4,4535,Thiết bị y tế
ANI,Công ty Cổ phần ANI,CT,1,7000,Tiện ích Cộng đồng
ANI,Công ty Cổ phần ANI,CT,2,7500,"Điện, nước & xăng dầu khí đốt"
ANI,Công ty Cổ phần ANI,CT,3,7530,Sản xuất & Phân phối Điện
ANI,Công ty Cổ phần ANI,CT,4,7535,Sản xuất & Phân phối Điện
ANT,Công ty Cổ phần Rau quả Thực phẩm An Giang,CT,1,3000,Hàng Tiêu dùng
ANT,Công ty Cổ phần Rau quả Thực phẩm An Giang,CT,2,3500,Thực phẩm và đồ uống
ANT,Công ty Cổ phần Rau quả Thực phẩm An Giang,CT,3,3570,Sản xuất thực phẩm
ANT,Công ty Cổ phần Rau quả Thực phẩm An Giang,CT,4,3577,Thực phẩm
ANV,Công ty Cổ phần Nam Việt,CT,1,3000,Hàng Tiêu dùng
ANV,Công ty Cổ phần Nam Việt,CT,2,3500,Thực phẩm và đồ uống
ANV,Công ty Cổ phần Nam Việt,CT,3,3570,Sản xuất thực phẩm
ANV,Công ty Cổ phần Nam Việt,CT,4,3573,Nuôi trồng nông & hải sản
APC,Công ty Cổ phần Chiếu xạ An Phú,CT,1,4000,Dược phẩm và Y tế
APC,Công ty Cổ phần Chiếu xạ An Phú,CT,2,4500,Y tế
APC,Công ty Cổ phần Chiếu xạ An Phú,CT,3,4570,Dược phẩm
APC,Công ty Cổ phần Chiếu xạ An Phú,CT,4,4573,Công nghệ sinh học
APF,Công ty Cổ phần Nông sản Thực phẩm Quảng Ngãi,CT,1,3000,Hàng Tiêu dùng
APF,Công ty Cổ phần Nông sản Thực phẩm Quảng Ngãi,CT,2,3500,Thực phẩm và đồ uống
APF,Công ty Cổ phần Nông sản Thực phẩm Quảng Ngãi,CT,3,3570,Sản xuất thực phẩm
APF,Công ty Cổ phần Nông sản Thực phẩm Quảng Ngãi,CT,4,3577,Thực phẩm
APG,Công ty Cổ phần Chứng khoán APG,CK,1,8000,Tài chính
APG,Công ty Cổ phần Chứng khoán APG,CK,2,8700,Dịch vụ tài chính
APG,Công ty Cổ phần Chứng khoán APG,CK,3,8770,Dịch vụ tài chính
APG,Công ty Cổ phần Chứng khoán APG,CK,4,8777,Môi giới chứng khoán
APH,Công ty Cổ phần Tập đoàn An Phát Holdings,CT,1,2000,Công nghiệp
APH,Công ty Cổ phần Tập đoàn An Phát Holdings,CT,2,2700,Hàng & Dịch vụ Công nghiệp
APH,Công ty Cổ phần Tập đoàn An Phát Holdings,CT,3,2720,Hàng công nghiệp
APH,Công ty Cổ phần Tập đoàn An Phát Holdings,CT,4,2723,Containers & Đóng gói
API,Công ty Cổ phần Đầu tư Châu Á - Thái Bình Dương,CT,1,8000,Tài chính
API,Công ty Cổ phần Đầu tư Châu Á - Thái Bình Dương,CT,2,8600,Bất động sản
API,Công ty Cổ phần Đầu tư Châu Á - Thái Bình Dương,CT,3,8630,Bất động sản
API,Công ty Cổ phần Đầu tư Châu Á - Thái Bình Dương,CT,4,8633,Bất động sản
APL,Công ty Cổ phần Cơ khí và Thiết bị áp lực - VVMI,CT,1,2000,Công nghiệp
APL,Công ty Cổ phần Cơ khí và Thiết bị áp lực - VVMI,CT,2,2700,Hàng & Dịch vụ Công nghiệp
APL,Công ty Cổ phần Cơ khí và Thiết bị áp lực - VVMI,CT,3,2750,Công nghiệp nặng
APL,Công ty Cổ phần Cơ khí và Thiết bị áp lực - VVMI,CT,4,2757,Máy công nghiệp
APP,Công ty Cổ phần Phát triển Phụ gia và Sản phẩm dầu mỏ,CT,1,1000,Nguyên vật liệu
APP,Công ty Cổ phần Phát triển Phụ gia và Sản phẩm dầu mỏ,CT,2,1300,Hóa chất
APP,Công ty Cổ phần Phát triển Phụ gia và Sản phẩm dầu mỏ,CT,3,1350,Hóa chất
APP,Công ty Cổ phần Phát triển Phụ gia và Sản phẩm dầu mỏ,CT,4,1357,"Sản phẩm hóa dầu, Nông dược & Hóa chất khác"
APR,Công ty Cổ phần Đầu Tư Bất Động Sản An Phú,CT,1,8000,Tài chính
APR,Công ty Cổ phần Đầu Tư Bất Động Sản An Phú,CT,2,8600,Bất động sản
APR,Công ty Cổ phần Đầu Tư Bất Động Sản An Phú,CT,3,8630,Bất động sản
APR,Công ty Cổ phần Đầu Tư Bất Động Sản An Phú,CT,4,8633,Bất động sản
APS,Công ty Cổ phần Chứng khoán Châu Á - Thái Bình Dương,CK,1,8000,Tài chính
APS,Công ty Cổ phần Chứng khoán Châu Á - Thái Bình Dương,CK,2,8700,Dịch vụ tài chính
APS,Công ty Cổ phần Chứng khoán Châu Á - Thái Bình Dương,CK,3,8770,Dịch vụ tài chính
APS,Công ty Cổ phần Chứng khoán Châu Á - Thái Bình Dương,CK,4,8777,Môi giới chứng khoán
APT,Công ty Cổ phần Kinh doanh thủy hải sản Sài Gòn,CT,1,3000,Hàng Tiêu dùng
APT,Công ty Cổ phần Kinh doanh thủy hải sản Sài Gòn,CT,2,3500,Thực phẩm và đồ uống
APT,Công ty Cổ phần Kinh doanh thủy hải sản Sài Gòn,CT,3,3570,Sản xuất thực phẩm
APT,Công ty Cổ phần Kinh doanh thủy hải sản Sài Gòn,CT,4,3573,Nuôi trồng nông & hải sản
ARM,Công ty Cổ phần Xuất nhập khẩu Hàng không,CT,1,2000,Công nghiệp
ARM,Công ty Cổ phần Xuất nhập khẩu Hàng không,CT,2,2700,Hàng & Dịch vụ Công nghiệp
ARM,Công ty Cổ phần Xuất nhập khẩu Hàng không,CT,3,2790,Tư vấn & Hỗ trợ Kinh doanh
ARM,Công ty Cổ phần Xuất nhập khẩu Hàng không,CT,4,2797,Nhà cung cấp thiết bị
ART,Công ty Cổ phần Chứng khoán ARTEX,CK,1,8000,Tài chính
ART,Công ty Cổ phần Chứng khoán ARTEX,CK,2,8700,Dịch vụ tài chính
ART,Công ty Cổ phần Chứng khoán ARTEX,CK,3,8770,Dịch vụ tài chính
ART,Công ty Cổ phần Chứng khoán ARTEX,CK,4,8777,Môi giới chứng khoán
ASA,Công ty Cổ phần ASA,CT,1,3000,Hàng Tiêu dùng
ASA,Công ty Cổ phần ASA,CT,2,3700,Hàng cá nhân & Gia dụng
ASA,Công ty Cổ phần ASA,CT,3,3760,Hàng cá nhân
ASA,Công ty Cổ phần ASA,CT,4,3767,Hàng cá nhân
ASG,Công ty Cổ phần Tập đoàn ASG,CT,1,2000,Công nghiệp
ASG,Công ty Cổ phần Tập đoàn ASG,CT,2,2700,Hàng & Dịch vụ Công nghiệp
ASG,Công ty Cổ phần Tập đoàn ASG,CT,3,2770,Vận tải
ASG,Công ty Cổ phần Tập đoàn ASG,CT,4,2777,"Kho bãi, hậu cần và bảo dưỡng"
ASIAGF,Quỹ Đầu tư Tăng trưởng ACB,QU,1,8000,Tài chính
ASIAGF,Quỹ Đầu tư Tăng trưởng ACB,QU,2,8700,Dịch vụ tài chính
ASIAGF,Quỹ Đầu tư Tăng trưởng ACB,QU,3,8980,Quỹ đầu tư
ASIAGF,Quỹ Đầu tư Tăng trưởng ACB,QU,4,8985,Quỹ đầu tư
ASM,Công ty Cổ phần Tập đoàn Sao Mai,CT,1,3000,Hàng Tiêu dùng
ASM,Công ty Cổ phần Tập đoàn Sao Mai,CT,2,3500,Thực phẩm và đồ uống
ASM,Công ty Cổ phần Tập đoàn Sao Mai,CT,3,3570,Sản xuất thực phẩm
ASM,Công ty Cổ phần Tập đoàn Sao Mai,CT,4,3573,Nuôi trồng nông & hải sản
ASP,Công ty Cổ phần Tập đoàn Dầu khí An Pha,CT,1,7000,Tiện ích Cộng đồng
ASP,Công ty Cổ phần Tập đoàn Dầu khí An Pha,CT,2,7500,"Điện, nước & xăng dầu khí đốt"
ASP,Công ty Cổ phần Tập đoàn Dầu khí An Pha,CT,3,7570,Nước & Khí đốt
ASP,Công ty Cổ phần Tập đoàn Dầu khí An Pha,CT,4,7573,Phân phối xăng dầu & khí đốt
AST,Công ty Cổ phần Dịch vụ Hàng không Taseco,CT,1,5000,Dịch vụ Tiêu dùng
AST,Công ty Cổ phần Dịch vụ Hàng không Taseco,CT,2,5300,Bán lẻ
AST,Công ty Cổ phần Dịch vụ Hàng không Taseco,CT,3,5370,Bán lẻ
AST,Công ty Cổ phần Dịch vụ Hàng không Taseco,CT,4,5379,Phân phối hàng chuyên dụng
ATA,Công ty Cổ phần NTACO,CT,1,3000,Hàng Tiêu dùng
ATA,Công ty Cổ phần NTACO,CT,2,3500,Thực phẩm và đồ uống
ATA,Công ty Cổ phần NTACO,CT,3,3570,Sản xuất thực phẩm
ATA,Công ty Cổ phần NTACO,CT,4,3573,Nuôi trồng nông & hải sản
ATB,Công ty Cổ phần An Thịnh,CT,1,2000,Công nghiệp
ATB,Công ty Cổ phần An Thịnh,CT,2,2300,Xây dựng và Vật liệu
ATB,Công ty Cổ phần An Thịnh,CT,3,2350,Xây dựng và Vật liệu
ATB,Công ty Cổ phần An Thịnh,CT,4,2357,Xây dựng
ATC,Công ty Cổ phần Sản xuất Thương mại Xuất nhập khẩu Viễn thông A,CT,1,9000,Công nghệ Thông tin
ATC,Công ty Cổ phần Sản xuất Thương mại Xuất nhập khẩu Viễn thông A,CT,2,9500,Công nghệ Thông tin
ATC,Công ty Cổ phần Sản xuất Thương mại Xuất nhập khẩu Viễn thông A,CT,3,9570,Thiết bị và Phần cứng
ATC,Công ty Cổ phần Sản xuất Thương mại Xuất nhập khẩu Viễn thông A,CT,4,9578,Thiết bị viễn thông
ATG,Công ty Cổ phần ATG Planet,CT,1,1000,Nguyên vật liệu
ATG,Công ty Cổ phần ATG Planet,CT,2,1700,Tài nguyên Cơ bản
ATG,Công ty Cổ phần ATG Planet,CT,3,1770,Khai khoáng
ATG,Công ty Cổ phần ATG Planet,CT,4,1775,Khai khoáng
ATP,Công ty Cổ phần Thương mại và Dịch vụ An Thành,CT,1,3000,Hàng Tiêu dùng
ATP,Công ty Cổ phần Thương mại và Dịch vụ An Thành,CT,2,3500,Thực phẩm và đồ uống
ATP,Công ty Cổ phần Thương mại và Dịch vụ An Thành,CT,3,3570,Sản xuất thực phẩm
ATP,Công ty Cổ phần Thương mại và Dịch vụ An Thành,CT,4,3573,Nuôi trồng nông & hải sản
ATS,Công ty Cổ phần Tập đoàn Đầu tư ATS,CT,1,5000,Dịch vụ Tiêu dùng
ATS,Công ty Cổ phần Tập đoàn Đầu tư ATS,CT,2,5700,Du lịch và Giải trí
ATS,Công ty Cổ phần Tập đoàn Đầu tư ATS,CT,3,5750,Du lịch & Giải trí
ATS,Công ty Cổ phần Tập đoàn Đầu tư ATS,CT,4,5757,Nhà hàng và quán bar
AUM,Công ty Cổ phần Vinacafe Sơn Thành,CT,1,3000,Hàng Tiêu dùng
AUM,Công ty Cổ phần Vinacafe Sơn Thành,CT,2,3500,Thực phẩm và đồ uống
AUM,Công ty Cổ phần Vinacafe Sơn Thành,CT,3,3570,Sản xuất thực phẩm
AUM,Công ty Cổ phần Vinacafe Sơn Thành,CT,4,3573,Nuôi trồng nông & hải sản
AVC,Công ty Cổ phần Thủy điện A Vương,CT,1,7000,Tiện ích Cộng đồng
AVC,Công ty Cổ phần Thủy điện A Vương,CT,2,7500,"Điện, nước & xăng dầu khí đốt"
AVC,Công ty Cổ phần Thủy điện A Vương,CT,3,7530,Sản xuất & Phân phối Điện
AVC,Công ty Cổ phần Thủy điện A Vương,CT,4,7535,Sản xuất & Phân phối Điện
AVF,Công ty Cổ phần Việt An,CT,1,3000,Hàng Tiêu dùng
AVF,Công ty Cổ phần Việt An,CT,2,3500,Thực phẩm và đồ uống
AVF,Công ty Cổ phần Việt An,CT,3,3570,Sản xuất thực phẩm
AVF,Công ty Cổ phần Việt An,CT,4,3573,Nuôi trồng nông & hải sản
AVG,Công ty Cổ phần Phân Bón Quốc Tế Âu Việt,CT,1,1000,Nguyên vật liệu
AVG,Công ty Cổ phần Phân Bón Quốc Tế Âu Việt,CT,2,1300,Hóa chất
AVG,Công ty Cổ phần Phân Bón Quốc Tế Âu Việt,CT,3,1350,Hóa chất
AVG,Công ty Cổ phần Phân Bón Quốc Tế Âu Việt,CT,4,1357,"Sản phẩm hóa dầu, Nông dược & Hóa chất khác"
B82,Công ty Cổ phần 482,CT,1,2000,Công nghiệp
B82,Công ty Cổ phần 482,CT,2,2300,Xây dựng và Vật liệu
B82,Công ty Cổ phần 482,CT,3,2350,Xây dựng và Vật liệu
B82,Công ty Cổ phần 482,CT,4,2357,Xây dựng
BAB,Ngân hàng Thương mại Cổ phần Bắc Á,NH,1,8301,Ngân hàng
BAB,Ngân hàng Thương mại Cổ phần Bắc Á,NH,2,8300,Ngân hàng
BAB,Ngân hàng Thương mại Cổ phần Bắc Á,NH,3,8350,Ngân hàng
BAB,Ngân hàng Thương mại Cổ phần Bắc Á,NH,4,8355,Ngân hàng
BAF,Công ty Cổ phần Nông nghiệp BAF Việt Nam,CT,1,3000,Hàng Tiêu dùng
BAF,Công ty Cổ phần Nông nghiệp BAF Việt Nam,CT,2,3500,Thực phẩm và đồ uống
BAF,Công ty Cổ phần Nông nghiệp BAF Việt Nam,CT,3,3570,Sản xuất thực phẩm
BAF,Công ty Cổ phần Nông nghiệp BAF Việt Nam,CT,4,3573,Nuôi trồng nông & hải sản
BAL,Công ty Cổ phần Bao bì Bia - Rượu - Nước giải khát,CT,1,2000,Công nghiệp
BAL,Công ty Cổ phần Bao bì Bia - Rượu - Nước giải khát,CT,2,2700,Hàng & Dịch vụ Công nghiệp
BAL,Công ty Cổ phần Bao bì Bia - Rượu - Nước giải khát,CT,3,2720,Hàng công nghiệp
BAL,Công ty Cổ phần Bao bì Bia - Rượu - Nước giải khát,CT,4,2723,Containers & Đóng gói
BAM,Công ty Cổ phần Khoáng sản và Luyện kim Bắc Á,CT,1,1000,Nguyên vật liệu
BAM,Công ty Cổ phần Khoáng sản và Luyện kim Bắc Á,CT,2,1700,Tài nguyên Cơ bản
BAM,Công ty Cổ phần Khoáng sản và Luyện kim Bắc Á,CT,3,1770,Khai khoáng
BAM,Công ty Cổ phần Khoáng sản và Luyện kim Bắc Á,CT,4,1775,Khai khoáng
BAX,Công ty Cổ phần Thống Nhất,CT,1,2000,Công nghiệp
BAX,Công ty Cổ phần Thống Nhất,CT,2,2300,Xây dựng và Vật liệu
BAX,Công ty Cổ phần Thống Nhất,CT,3,2350,Xây dựng và Vật liệu
BAX,Công ty Cổ phần Thống Nhất,CT,4,2357,Xây dựng
BBC,Công ty Cổ phần Bibica,CT,1,3000,Hàng Tiêu dùng
BBC,Công ty Cổ phần Bibica,CT,2,3500,Thực phẩm và đồ uống
BBC,Công ty Cổ phần Bibica,CT,3,3570,Sản xuất thực phẩm
BBC,Công ty Cổ phần Bibica,CT,4,3577,Thực phẩm
BBH,Công ty Cổ phần Bao bì Hoàng Thạch,CT,1,2000,Công nghiệp
BBH,Công ty Cổ phần Bao bì Hoàng Thạch,CT,2,2700,Hàng & Dịch vụ Công nghiệp
BBH,Công ty Cổ phần Bao bì Hoàng Thạch,CT,3,2720,Hàng công nghiệp
BBH,Công ty Cổ phần Bao bì Hoàng Thạch,CT,4,2723,Containers & Đóng gói
BBM,Công ty Cổ phần Bia Hà Nội - Nam Định,CT,1,3000,Hàng Tiêu dùng
BBM,Công ty Cổ phần Bia Hà Nội - Nam Định,CT,2,3500,Thực phẩm và đồ uống
BBM,Công ty Cổ phần Bia Hà Nội - Nam Định,CT,3,3530,Bia và đồ uống
BBM,Công ty Cổ phần Bia Hà Nội - Nam Định,CT,4,3533,Sản xuất bia
BBS,Công ty Cổ phần VICEM Bao bì Bút Sơn,CT,1,2000,Công nghiệp
BBS,Công ty Cổ phần VICEM Bao bì Bút Sơn,CT,2,2700,Hàng & Dịch vụ Công nghiệp
BBS,Công ty Cổ phần VICEM Bao bì Bút Sơn,CT,3,2720,Hàng công nghiệp
BBS,Công ty Cổ phần VICEM Bao bì Bút Sơn,CT,4,2723,Containers & Đóng gói
BBT,Công ty Cổ phần Bông Bạch Tuyết,CT,1,3000,Hàng Tiêu dùng
BBT,Công ty Cổ phần Bông Bạch Tuyết,CT,2,3700,Hàng cá nhân & Gia dụng
BBT,Công ty Cổ phần Bông Bạch Tuyết,CT,3,3760,Hàng cá nhân
BBT,Công ty Cổ phần Bông Bạch Tuyết,CT,4,3767,Hàng cá nhân
BCA,Công ty cổ phần B.C.H,CT,1,1000,Nguyên vật liệu
BCA,Công ty cổ phần B.C.H,CT,2,1700,Tài nguyên Cơ bản
BCA,Công ty cổ phần B.C.H,CT,3,1750,Kim loại
BCA,Công ty cổ phần B.C.H,CT,4,1757,Thép và sản phẩm thép
BCB,Công ty Cổ phần 397,CT,1,1000,Nguyên vật liệu
BCB,Công ty Cổ phần 397,CT,2,1700,Tài nguyên Cơ bản
BCB,Công ty Cổ phần 397,CT,3,1770,Khai khoáng
BCB,Công ty Cổ phần 397,CT,4,1771,Khai thác Than
BCC,Công ty Cổ phần Xi măng Bỉm Sơn,CT,1,2000,Công nghiệp
BCC,Công ty Cổ phần Xi măng Bỉm Sơn,CT,2,2300,Xây dựng và Vật liệu
BCC,Công ty Cổ phần Xi măng Bỉm Sơn,CT,3,2350,Xây dựng và Vật liệu
BCC,Công ty Cổ phần Xi măng Bỉm Sơn,CT,4,2353,Vật liệu xây dựng & Nội thất
BCE,Công ty Cổ phần Xây dựng và Giao thông Bình Dương,CT,1,2000,Công nghiệp
BCE,Công ty Cổ phần Xây dựng và Giao thông Bình Dương,CT,2,2300,Xây dựng và Vật liệu
BCE,Công ty Cổ phần Xây dựng và Giao thông Bình Dương,CT,3,2350,Xây dựng và Vật liệu
BCE,Công ty Cổ phần Xây dựng và Giao thông Bình Dương,CT,4,2357,Xây dựng
BCF,Công ty Cổ phần Thực phẩm Bích Chi,CT,1,3000,Hàng Tiêu dùng
BCF,Công ty Cổ phần Thực phẩm Bích Chi,CT,2,3500,Thực phẩm và đồ uống
BCF,Công ty Cổ phần Thực phẩm Bích Chi,CT,3,3570,Sản xuất thực phẩm
BCF,Công ty Cổ phần Thực phẩm Bích Chi,CT,4,3577,Thực phẩm
BCG,Công ty Cổ phần Tập đoàn Bamboo Capital,CT,1,8000,Tài chính
BCG,Công ty Cổ phần Tập đoàn Bamboo Capital,CT,2,8700,Dịch vụ tài chính
BCG,Công ty Cổ phần Tập đoàn Bamboo Capital,CT,3,8770,Dịch vụ tài chính
BCG,Công ty Cổ phần Tập đoàn Bamboo Capital,CT,4,8775,Tài chính đặc biệt
BCH,Công ty Cổ phần Tập đoàn Dược Bảo Châu,CT,1,4000,Dược phẩm và Y tế
BCH,Công ty Cổ phần Tập đoàn Dược Bảo Châu,CT,2,4500,Y tế
BCH,Công ty Cổ phần Tập đoàn Dược Bảo Châu,CT,3,4570,Dược phẩm
BCH,Công ty Cổ phần Tập đoàn Dược Bảo Châu,CT,4,4577,Dược phẩm
BCM,Tập đoàn Đầu tư và Phát triển Công nghiệp Becamex - CTCP,CT,1,8000,Tài chính
BCM,Tập đoàn Đầu tư và Phát triển Công nghiệp Becamex - CTCP,CT,2,8600,Bất động sản
BCM,Tập đoàn Đầu tư và Phát triển Công nghiệp Becamex - CTCP,CT,3,8630,Bất động sản
BCM,Tập đoàn Đầu tư và Phát triển Công nghiệp Becamex - CTCP,CT,4,8633,Bất động sản
BCO,Công ty Cổ phần Xây dựng Bình Phước,CT,1,2000,Công nghiệp
BCO,Công ty Cổ phần Xây dựng Bình Phước,CT,2,2300,Xây dựng và Vật liệu
BCO,Công ty Cổ phần Xây dựng Bình Phước,CT,3,2350,Xây dựng và Vật liệu
BCO,Công ty Cổ phần Xây dựng Bình Phước,CT,4,2357,Xây dựng
BCP,Công ty Cổ phần Dược Enlie,CT,1,4000,Dược phẩm và Y tế
BCP,Công ty Cổ phần Dược Enlie,CT,2,4500,Y tế
BCP,Công ty Cổ phần Dược Enlie,CT,3,4570,Dược phẩm
BCP,Công ty Cổ phần Dược Enlie,CT,4,4577,Dược phẩm
BCR,Công ty Cổ phần BCG Land,CT,1,2000,Công nghiệp
BCR,Công ty Cổ phần BCG Land,CT,2,2300,Xây dựng và Vật liệu
BCR,Công ty Cổ phần BCG Land,CT,3,2350,Xây dựng và Vật liệu
BCR,Công ty Cổ phần BCG Land,CT,4,2357,Xây dựng
BCV,Công ty Cổ phần Du lịch và Thương mại Bằng Giang - Vimico,CT,1,5000,Dịch vụ Tiêu dùng
BCV,Công ty Cổ phần Du lịch và Thương mại Bằng Giang - Vimico,CT,2,5700,Du lịch và Giải trí
BCV,Công ty Cổ phần Du lịch và Thương mại Bằng Giang - Vimico,CT,3,5750,Du lịch & Giải trí
BCV,Công ty Cổ phần Du lịch và Thương mại Bằng Giang - Vimico,CT,4,5753,Khách sạn
BDB,Công ty Cổ phần Sách và Thiết bị Bình Định,CT,1,5000,Dịch vụ Tiêu dùng
BDB,Công ty Cổ phần Sách và Thiết bị Bình Định,CT,2,5500,Truyền thông
BDB,Công ty Cổ phần Sách và Thiết bị Bình Định,CT,3,5550,Truyền thông
BDB,Công ty Cổ phần Sách và Thiết bị Bình Định,CT,4,5557,"Sách, ấn bản & sản phẩm văn hóa"
BDG,Công ty Cổ phần May mặc Bình Dương,CT,1,3000,Hàng Tiêu dùng
BDG,Công ty Cổ phần May mặc Bình Dương,CT,2,3700,Hàng cá nhân & Gia dụng
BDG,Công ty Cổ phần May mặc Bình Dương,CT,3,3760,Hàng cá nhân
BDG,Công ty Cổ phần May mặc Bình Dương,CT,4,3763,Hàng May mặc
BDT,Công ty Cổ phần Xây lắp và Vật liệu xây dựng Đồng Tháp,CT,1,2000,Công nghiệp
BDT,Công ty Cổ phần Xây lắp và Vật liệu xây dựng Đồng Tháp,CT,2,2300,Xây dựng và Vật liệu
BDT,Công ty Cổ phần Xây lắp và Vật liệu xây dựng Đồng Tháp,CT,3,2350,Xây dựng và Vật liệu
BDT,Công ty Cổ phần Xây lắp và Vật liệu xây dựng Đồng Tháp,CT,4,2353,Vật liệu xây dựng & Nội thất
BDW,Công ty Cổ phần Cấp thoát nước Bình Định,CT,1,7000,Tiện ích Cộng đồng
BDW,Công ty Cổ phần Cấp thoát nước Bình Định,CT,2,7500,"Điện, nước & xăng dầu khí đốt"
BDW,Công ty Cổ phần Cấp thoát nước Bình Định,CT,3,7570,Nước & Khí đốt
BDW,Công ty Cổ phần Cấp thoát nước Bình Định,CT,4,7577,Nước
BED,Công ty Cổ phần Sách và Thiết bị trường học Đà Nẵng,CT,1,5000,Dịch vụ Tiêu dùng
BED,Công ty Cổ phần Sách và Thiết bị trường học Đà Nẵng,CT,2,5500,Truyền thông
BED,Công ty Cổ phần Sách và Thiết bị trường học Đà Nẵng,CT,3,5550,Truyền thông
BED,Công ty Cổ phần Sách và Thiết bị trường học Đà Nẵng,CT,4,5557,"Sách, ấn bản & sản phẩm văn hóa"
BEL,Công ty Cổ phần Điện tử Biên Hòa,CT,1,3000,Hàng Tiêu dùng
BEL,Công ty Cổ phần Điện tử Biên Hòa,CT,2,3700,Hàng cá nhân & Gia dụng
BEL,Công ty Cổ phần Điện tử Biên Hòa,CT,3,3740,Hàng hóa giải trí
BEL,Công ty Cổ phần Điện tử Biên Hòa,CT,4,3743,Điện tử tiêu dùng
BFC,Công ty Cổ phần Phân bón Bình Điền,CT,1,1000,Nguyên vật liệu
BFC,Công ty Cổ phần Phân bón Bình Điền,CT,2,1300,Hóa chất
BFC,Công ty Cổ phần Phân bón Bình Điền,CT,3,1350,Hóa chất
BFC,Công ty Cổ phần Phân bón Bình Điền,CT,4,1357,"Sản phẩm hóa dầu, Nông dược & Hóa chất khác"
BGE,Công ty Cổ phần BCG Energy,CT,1,7000,Tiện ích Cộng đồng
BGE,Công ty Cổ phần BCG Energy,CT,2,7500,"Điện, nước & xăng dầu khí đốt"
BGE,Công ty Cổ phần BCG Energy,CT,3,7530,Sản xuất & Phân phối Điện
BGE,Công ty Cổ phần BCG Energy,CT,4,7535,Sản xuất & Phân phối Điện
BGM,Công ty Cổ phần Khai thác và Chế biến Khoáng sản Bắc Giang,CT,1,1000,Nguyên vật liệu
BGM,Công ty Cổ phần Khai thác và Chế biến Khoáng sản Bắc Giang,CT,2,1700,Tài nguyên Cơ bản
BGM,Công ty Cổ phần Khai thác và Chế biến Khoáng sản Bắc Giang,CT,3,1770,Khai khoáng
BGM,Công ty Cổ phần Khai thác và Chế biến Khoáng sản Bắc Giang,CT,4,1775,Khai khoáng
BGT,Công ty Cổ phần Công trình giao thông tỉnh Bà Rịa - Vũng Tàu,CT,1,2000,Công nghiệp
BGT,Công ty Cổ phần Công trình giao thông tỉnh Bà Rịa - Vũng Tàu,CT,2,2300,Xây dựng và Vật liệu
BGT,Công ty Cổ phần Công trình giao thông tỉnh Bà Rịa - Vũng Tàu,CT,3,2350,Xây dựng và Vật liệu
BGT,Công ty Cổ phần Công trình giao thông tỉnh Bà Rịa - Vũng Tàu,CT,4,2357,Xây dựng
BGW,Công ty Cổ phần Nước sạch Bắc Giang,CT,1,7000,Tiện ích Cộng đồng
BGW,Công ty Cổ phần Nước sạch Bắc Giang,CT,2,7500,"Điện, nước & xăng dầu khí đốt"
BGW,Công ty Cổ phần Nước sạch Bắc Giang,CT,3,7570,Nước & Khí đốt
BGW,Công ty Cổ phần Nước sạch Bắc Giang,CT,4,7577,Nước
BHA,Công ty Cổ phần Thủy điện Bắc Hà,CT,1,7000,Tiện ích Cộng đồng
BHA,Công ty Cổ phần Thủy điện Bắc Hà,CT,2,7500,"Điện, nước & xăng dầu khí đốt"
BHA,Công ty Cổ phần Thủy điện Bắc Hà,CT,3,7530,Sản xuất & Phân phối Điện
BHA,Công ty Cổ phần Thủy điện Bắc Hà,CT,4,7535,Sản xuất & Phân phối Điện
BHC,Công ty Cổ phần Bê tông Biên Hòa,CT,1,2000,Công nghiệp
BHC,Công ty Cổ phần Bê tông Biên Hòa,CT,2,2300,Xây dựng và Vật liệu
BHC,Công ty Cổ phần Bê tông Biên Hòa,CT,3,2350,Xây dựng và Vật liệu
BHC,Công ty Cổ phần Bê tông Biên Hòa,CT,4,2353,Vật liệu xây dựng & Nội thất
BHG,Công ty Cổ phần Chè Biển Hồ,CT,1,3000,Hàng Tiêu dùng
BHG,Công ty Cổ phần Chè Biển Hồ,CT,2,3500,Thực phẩm và đồ uống
BHG,Công ty Cổ phần Chè Biển Hồ,CT,3,3530,Bia và đồ uống
BHG,Công ty Cổ phần Chè Biển Hồ,CT,4,3537,Đồ uống & giải khát
BHH,Công ty Cổ Phần Bia Hà Nội - Hưng Yên 89,CT,1,3000,Hàng Tiêu dùng
BHH,Công ty Cổ Phần Bia Hà Nội - Hưng Yên 89,CT,2,3500,Thực phẩm và đồ uống
BHH,Công ty Cổ Phần Bia Hà Nội - Hưng Yên 89,CT,3,3530,Bia và đồ uống
BHH,Công ty Cổ Phần Bia Hà Nội - Hưng Yên 89,CT,4,3533,Sản xuất bia
BHI,Tổng Công ty Cổ phần Bảo hiểm Sài Gòn - Hà Nội,BH,1,8000,Tài chính
BHI,Tổng Công ty Cổ phần Bảo hiểm Sài Gòn - Hà Nội,BH,2,8500,Bảo hiểm
BHI,Tổng Công ty Cổ phần Bảo hiểm Sài Gòn - Hà Nội,BH,3,8530,Bảo hiểm phi nhân thọ
BHI,Tổng Công ty Cổ phần Bảo hiểm Sài Gòn - Hà Nội,BH,4,8536,Bảo hiểm phi nhân thọ
BHK,Công ty Cổ phần Bia Hà Nội - Kim Bài,CT,1,3000,Hàng Tiêu dùng
BHK,Công ty Cổ phần Bia Hà Nội - Kim Bài,CT,2,3500,Thực phẩm và đồ uống
BHK,Công ty Cổ phần Bia Hà Nội - Kim Bài,CT,3,3530,Bia và đồ uống
BHK,Công ty Cổ phần Bia Hà Nội - Kim Bài,CT,4,3533,Sản xuất bia
BHN,Tổng Công ty Cổ phần Bia - Rượu - Nước giải khát Hà Nội,CT,1,3000,Hàng Tiêu dùng
BHN,Tổng Công ty Cổ phần Bia - Rượu - Nước giải khát Hà Nội,CT,2,3500,Thực phẩm và đồ uống
BHN,Tổng Công ty Cổ phần Bia - Rượu - Nước giải khát Hà Nội,CT,3,3530,Bia và đồ uống
BHN,Tổng Công ty Cổ phần Bia - Rượu - Nước giải khát Hà Nội,CT,4,3533,Sản xuất bia
BHP,Công ty Cổ phần Bia Hà Nội - Hải Phòng,CT,1,3000,Hàng Tiêu dùng
BHP,Công ty Cổ phần Bia Hà Nội - Hải Phòng,CT,2,3500,Thực phẩm và đồ uống
BHP,Công ty Cổ phần Bia Hà Nội - Hải Phòng,CT,3,3530,Bia và đồ uống
BHP,Công ty Cổ phần Bia Hà Nội - Hải Phòng,CT,4,3533,Sản xuất bia
BHT,Công ty Cổ phần Đầu tư Xây dựng Bạch Đằng TMC,CT,1,2000,Công nghiệp
BHT,Công ty Cổ phần Đầu tư Xây dựng Bạch Đằng TMC,CT,2,2300,Xây dựng và Vật liệu
BHT,Công ty Cổ phần Đầu tư Xây dựng Bạch Đằng TMC,CT,3,2350,Xây dựng và Vật liệu
BHT,Công ty Cổ phần Đầu tư Xây dựng Bạch Đằng TMC,CT,4,2357,Xây dựng
BIC,Tổng Công ty Cổ phần Bảo hiểm Ngân hàng Đầu tư và Phát triển Việt Nam,BH,1,8000,Tài chính
BIC,Tổng Công ty Cổ phần Bảo hiểm Ngân hàng Đầu tư và Phát triển Việt Nam,BH,2,8500,Bảo hiểm
BIC,Tổng Công ty Cổ phần Bảo hiểm Ngân hàng Đầu tư và Phát triển Việt Nam,BH,3,8530,Bảo hiểm phi nhân thọ
BIC,Tổng Công ty Cổ phần Bảo hiểm Ngân hàng Đầu tư và Phát triển Việt Nam,BH,4,8536,Bảo hiểm phi nhân thọ
BID,Ngân hàng Thương mại Cổ phần Đầu tư và Phát triển Việt Nam,NH,1,8301,Ngân hàng
BID,Ngân hàng Thương mại Cổ phần Đầu tư và Phát triển Việt Nam,NH,2,8300,Ngân hàng
BID,Ngân hàng Thương mại Cổ phần Đầu tư và Phát triển Việt Nam,NH,3,8350,Ngân hàng
BID,Ngân hàng Thương mại Cổ phần Đầu tư và Phát triển Việt Nam,NH,4,8355,Ngân hàng
BIG,Công ty Cổ phần Tập đoàn Đầu tư BIG,CT,1,3000,Hàng Tiêu dùng
BIG,Công ty Cổ phần Tập đoàn Đầu tư BIG,CT,2,3500,Thực phẩm và đồ uống
BIG,Công ty Cổ phần Tập đoàn Đầu tư BIG,CT,3,3570,Sản xuất thực phẩm
BIG,Công ty Cổ phần Tập đoàn Đầu tư BIG,CT,4,3573,Nuôi trồng nông & hải sản
BII,Công ty Cổ phần Đầu tư và Phát triển Công nghiệp Bảo Thư,CT,1,8000,Tài chính
BII,Công ty Cổ phần Đầu tư và Phát triển Công nghiệp Bảo Thư,CT,2,8600,Bất động sản
BII,Công ty Cổ phần Đầu tư và Phát triển Công nghiệp Bảo Thư,CT,3,8630,Bất động sản
BII,Công ty Cổ phần Đầu tư và Phát triển Công nghiệp Bảo Thư,CT,4,8633,Bất động sản
BIO,Công ty Cổ phần Vắc xin và Sinh phẩm Nha Trang,CT,1,4000,Dược phẩm và Y tế
BIO,Công ty Cổ phần Vắc xin và Sinh phẩm Nha Trang,CT,2,4500,Y tế
BIO,Công ty Cổ phần Vắc xin và Sinh phẩm Nha Trang,CT,3,4570,Dược phẩm
BIO,Công ty Cổ phần Vắc xin và Sinh phẩm Nha Trang,CT,4,4577,Dược phẩm
BKC,Công ty Cổ phần Khoáng sản Bắc Kạn,CT,1,1000,Nguyên vật liệu
BKC,Công ty Cổ phần Khoáng sản Bắc Kạn,CT,2,1700,Tài nguyên Cơ bản
BKC,Công ty Cổ phần Khoáng sản Bắc Kạn,CT,3,1770,Khai khoáng
BKC,Công ty Cổ phần Khoáng sản Bắc Kạn,CT,4,1775,Khai khoáng
BKG,Công ty Cổ phần Đầu tư BKG Việt Nam,CT,1,3000,Hàng Tiêu dùng
BKG,Công ty Cổ phần Đầu tư BKG Việt Nam,CT,2,3700,Hàng cá nhân & Gia dụng
BKG,Công ty Cổ phần Đầu tư BKG Việt Nam,CT,3,3720,Hàng gia dụng
BKG,Công ty Cổ phần Đầu tư BKG Việt Nam,CT,4,3726,Thiết bị gia dụng
BKH,Công ty Cổ phần Bánh mứt kẹo Hà Nội,CT,1,3000,Hàng Tiêu dùng
BKH,Công ty Cổ phần Bánh mứt kẹo Hà Nội,CT,2,3500,Thực phẩm và đồ uống
BKH,Công ty Cổ phần Bánh mứt kẹo Hà Nội,CT,3,3570,Sản xuất thực phẩm
BKH,Công ty Cổ phần Bánh mứt kẹo Hà Nội,CT,4,3577,Thực phẩm
BLF,Công ty Cổ phần Thủy sản Bạc Liêu,CT,1,3000,Hàng Tiêu dùng
BLF,Công ty Cổ phần Thủy sản Bạc Liêu,CT,2,3500,Thực phẩm và đồ uống
BLF,Công ty Cổ phần Thủy sản Bạc Liêu,CT,3,3570,Sản xuất thực phẩm
BLF,Công ty Cổ phần Thủy sản Bạc Liêu,CT,4,3573,Nuôi trồng nông & hải sản
BLI,Tổng Công ty Cổ phần Bảo hiểm Bảo Long,BH,1,8000,Tài chính
BLI,Tổng Công ty Cổ phần Bảo hiểm Bảo Long,BH,2,8500,Bảo hiểm
BLI,Tổng Công ty Cổ phần Bảo hiểm Bảo Long,BH,3,8530,Bảo hiểm phi nhân thọ
BLI,Tổng Công ty Cổ phần Bảo hiểm Bảo Long,BH,4,8536,Bảo hiểm phi nhân thọ
BLN,Công ty Cổ phần Vận tải và Dịch vụ Liên Ninh,CT,1,5000,Dịch vụ Tiêu dùng
BLN,Công ty Cổ phần Vận tải và Dịch vụ Liên Ninh,CT,2,5700,Du lịch và Giải trí
BLN,Công ty Cổ phần Vận tải và Dịch vụ Liên Ninh,CT,3,5750,Du lịch & Giải trí
BLN,Công ty Cổ phần Vận tải và Dịch vụ Liên Ninh,CT,4,5759,Vận tải hành khách & Du lịch
BLT,Công ty Cổ phần Lương thực Bình Định,CT,1,3000,Hàng Tiêu dùng
BLT,Công ty Cổ phần Lương thực Bình Định,CT,2,3500,Thực phẩm và đồ uống
BLT,Công ty Cổ phần Lương thực Bình Định,CT,3,3570,Sản xuất thực phẩm
BLT,Công ty Cổ phần Lương thực Bình Định,CT,4,3577,Thực phẩm
BLU,Trung tâm Dịch vụ Đô thị tỉnh Bạc Liêu,CT,1,2000,Công nghiệp
BLU,Trung tâm Dịch vụ Đô thị tỉnh Bạc Liêu,CT,2,2700,Hàng & Dịch vụ Công nghiệp
BLU,Trung tâm Dịch vụ Đô thị tỉnh Bạc Liêu,CT,3,2790,Tư vấn & Hỗ trợ Kinh doanh
BLU,Trung tâm Dịch vụ Đô thị tỉnh Bạc Liêu,CT,4,2799,Chất thải & Môi trường
BLW,Công ty Cổ phần Cấp nước Bạc Liêu,CT,1,7000,Tiện ích Cộng đồng
BLW,Công ty Cổ phần Cấp nước Bạc Liêu,CT,2,7500,"Điện, nước & xăng dầu khí đốt"
BLW,Công ty Cổ phần Cấp nước Bạc Liêu,CT,3,7570,Nước & Khí đốt
BLW,Công ty Cổ phần Cấp nước Bạc Liêu,CT,4,7577,Nước
BMC,Công ty Cổ phần Khoáng sản Bình Định,CT,1,1000,Nguyên vật liệu
BMC,Công ty Cổ phần Khoáng sản Bình Định,CT,2,1700,Tài nguyên Cơ bản
BMC,Công ty Cổ phần Khoáng sản Bình Định,CT,3,1770,Khai khoáng
BMC,Công ty Cổ phần Khoáng sản Bình Định,CT,4,1775,Khai khoáng
BMD,Công ty Cổ phần Môi trường và Dịch vụ Đô thị Bình Thuận,CT,1,2000,Công nghiệp
BMD,Công ty Cổ phần Môi trường và Dịch vụ Đô thị Bình Thuận,CT,2,2700,Hàng & Dịch vụ Công nghiệp
BMD,Công ty Cổ phần Môi trường và Dịch vụ Đô thị Bình Thuận,CT,3,2790,Tư vấn & Hỗ trợ Kinh doanh
BMD,Công ty Cổ phần Môi trường và Dịch vụ Đô thị Bình Thuận,CT,4,2799,Chất thải & Môi trường
BMF,Công ty Cổ phần Vật liệu Xây dựng và Chất đốt Đồng Nai,CT,1,7000,Tiện ích Cộng đồng
BMF,Công ty Cổ phần Vật liệu Xây dựng và Chất đốt Đồng Nai,CT,2,7500,"Điện, nước & xăng dầu khí đốt"
BMF,Công ty Cổ phần Vật liệu Xây dựng và Chất đốt Đồng Nai,CT,3,7570,Nước & Khí đốt
BMF,Công ty Cổ phần Vật liệu Xây dựng và Chất đốt Đồng Nai,CT,4,7573,Phân phối xăng dầu & khí đốt
BMG,Công ty Cổ phần May Bình Minh,CT,1,3000,Hàng Tiêu dùng
BMG,Công ty Cổ phần May Bình Minh,CT,2,3700,Hàng cá nhân & Gia dụng
BMG,Công ty Cổ phần May Bình Minh,CT,3,3760,Hàng cá nhân
BMG,Công ty Cổ phần May Bình Minh,CT,4,3763,Hàng May mặc
BMI,Tổng Công ty Cổ phần Bảo Minh,BH,1,8000,Tài chính
BMI,Tổng Công ty Cổ phần Bảo Minh,BH,2,8500,Bảo hiểm
BMI,Tổng Công ty Cổ phần Bảo Minh,BH,3,8530,Bảo hiểm phi nhân thọ
BMI,Tổng Công ty Cổ phần Bảo Minh,BH,4,8536,Bảo hiểm phi nhân thọ
BMJ,Công ty Cổ phần Khoáng sản Miền Đông AHP,CT,1,1000,Nguyên vật liệu
BMJ,Công ty Cổ phần Khoáng sản Miền Đông AHP,CT,2,1700,Tài nguyên Cơ bản
BMJ,Công ty Cổ phần Khoáng sản Miền Đông AHP,CT,3,1770,Khai khoáng
BMJ,Công ty Cổ phần Khoáng sản Miền Đông AHP,CT,4,1775,Khai khoáng
BMK,Công ty Cổ Phần Kỹ thuật Nhiệt Mèo Đen,CT,1,2000,Công nghiệp
BMK,Công ty Cổ Phần Kỹ thuật Nhiệt Mèo Đen,CT,2,2300,Xây dựng và Vật liệu
BMK,Công ty Cổ Phần Kỹ thuật Nhiệt Mèo Đen,CT,3,2350,Xây dựng và Vật liệu
BMK,Công ty Cổ Phần Kỹ thuật Nhiệt Mèo Đen,CT,4,2353,Vật liệu xây dựng & Nội thất
BMN,Công ty Cổ phần 715,CT,1,2000,Công nghiệp
BMN,Công ty Cổ phần 715,CT,2,2300,Xây dựng và Vật liệu
BMN,Công ty Cổ phần 715,CT,3,2350,Xây dựng và Vật liệu
BMN,Công ty Cổ phần 715,CT,4,2357,Xây dựng
BMP,Công ty Cổ phần Nhựa Bình Minh,CT,1,2000,Công nghiệp
BMP,Công ty Cổ phần Nhựa Bình Minh,CT,2,2300,Xây dựng và Vật liệu
BMP,Công ty Cổ phần Nhựa Bình Minh,CT,3,2350,Xây dựng và Vật liệu
BMP,Công ty Cổ phần Nhựa Bình Minh,CT,4,2353,Vật liệu xây dựng & Nội thất
BMS,Công ty Cổ phần Chứng khoán Bảo Minh,CK,1,8000,Tài chính
BMS,Công ty Cổ phần Chứng khoán Bảo Minh,CK,2,8700,Dịch vụ tài chính
BMS,Công ty Cổ phần Chứng khoán Bảo Minh,CK,3,8770,Dịch vụ tài chính
BMS,Công ty Cổ phần Chứng khoán Bảo Minh,CK,4,8777,Môi giới chứng khoán
BMV,Công ty Cổ phần Bột mỳ Vinafood 1,CT,1,3000,Hàng Tiêu dùng
BMV,Công ty Cổ phần Bột mỳ Vinafood 1,CT,2,3500,Thực phẩm và đồ uống
BMV,Công ty Cổ phần Bột mỳ Vinafood 1,CT,3,3570,Sản xuất thực phẩm
BMV,Công ty Cổ phần Bột mỳ Vinafood 1,CT,4,3577,Thực phẩm
BNA,Công ty Cổ phần Tập đoàn Đầu tư Bảo Ngọc,CT,1,3000,Hàng Tiêu dùng
BNA,Công ty Cổ phần Tập đoàn Đầu tư Bảo Ngọc,CT,2,3500,Thực phẩm và đồ uống
BNA,Công ty Cổ phần Tập đoàn Đầu tư Bảo Ngọc,CT,3,3570,Sản xuất thực phẩm
BNA,Công ty Cổ phần Tập đoàn Đầu tư Bảo Ngọc,CT,4,3577,Thực phẩm
BNW,Công ty Cổ phần Nước sạch Bắc Ninh,CT,1,7000,Tiện ích Cộng đồng
BNW,Công ty Cổ phần Nước sạch Bắc Ninh,CT,2,7500,"Điện, nước & xăng dầu khí đốt"
BNW,Công ty Cổ phần Nước sạch Bắc Ninh,CT,3,7570,Nước & Khí đốt
BNW,Công ty Cổ phần Nước sạch Bắc Ninh,CT,4,7577,Nước
BOT,Công ty Cổ phần BOT Cầu Thái Hà,CT,1,2000,Công nghiệp
BOT,Công ty Cổ phần BOT Cầu Thái Hà,CT,2,2300,Xây dựng và Vật liệu
BOT,Công ty Cổ phần BOT Cầu Thái Hà,CT,3,2350,Xây dựng và Vật liệu
BOT,Công ty Cổ phần BOT Cầu Thái Hà,CT,4,2357,Xây dựng
BPC,Công ty Cổ phần Vicem Bao bì Bỉm Sơn,CT,1,2000,Công nghiệp
BPC,Công ty Cổ phần Vicem Bao bì Bỉm Sơn,CT,2,2700,Hàng & Dịch vụ Công nghiệp
BPC,Công ty Cổ phần Vicem Bao bì Bỉm Sơn,CT,3,2720,Hàng công nghiệp
BPC,Công ty Cổ phần Vicem Bao bì Bỉm Sơn,CT,4,2723,Containers & Đóng gói
BQB,Công ty Cổ phần Bia Hà Nội - Quảng Bình,CT,1,3000,Hàng Tiêu dùng
BQB,Công ty Cổ phần Bia Hà Nội - Quảng Bình,CT,2,3500,Thực phẩm và đồ uống
BQB,Công ty Cổ phần Bia Hà Nội - Quảng Bình,CT,3,3530,Bia và đồ uống
BQB,Công ty Cổ phần Bia Hà Nội - Quảng Bình,CT,4,3533,Sản xuất bia
BQP,Công ty Cổ phần Nhựa chất lượng cao Bình Thuận,CT,1,1000,Nguyên vật liệu
BQP,Công ty Cổ phần Nhựa chất lượng cao Bình Thuận,CT,2,1300,Hóa chất
BQP,Công ty Cổ phần Nhựa chất lượng cao Bình Thuận,CT,3,1350,Hóa chất
BQP,Công ty Cổ phần Nhựa chất lượng cao Bình Thuận,CT,4,1353,"Nhựa, cao su & sợi"
BRC,Công ty Cổ phần Cao su Bến Thành,CT,1,1000,Nguyên vật liệu
BRC,Công ty Cổ phần Cao su Bến Thành,CT,2,1300,Hóa chất
BRC,Công ty Cổ phần Cao su Bến Thành,CT,3,1350,Hóa chất
BRC,Công ty Cổ phần Cao su Bến Thành,CT,4,1353,"Nhựa, cao su & sợi"
BRM,Công ty Quản lý cầu đường Đà Nẵng,CT,1,2000,Công nghiệp
BRM,Công ty Quản lý cầu đường Đà Nẵng,CT,2,2300,Xây dựng và Vật liệu
BRM,Công ty Quản lý cầu đường Đà Nẵng,CT,3,2350,Xây dựng và Vật liệu
BRM,Công ty Quản lý cầu đường Đà Nẵng,CT,4,2357,Xây dựng
BRR,Công ty Cổ phần Cao su Bà Rịa,CT,1,1000,Nguyên vật liệu
BRR,Công ty Cổ phần Cao su Bà Rịa,CT,2,1300,Hóa chất
BRR,Công ty Cổ phần Cao su Bà Rịa,CT,3,1350,Hóa chất
BRR,Công ty Cổ phần Cao su Bà Rịa,CT,4,1353,"Nhựa, cao su & sợi"
BRS,Công ty Cổ phần Dịch vụ Đô thị Bà Rịa,CT,1,2000,Công nghiệp
BRS,Công ty Cổ phần Dịch vụ Đô thị Bà Rịa,CT,2,2700,Hàng & Dịch vụ Công nghiệp
BRS,Công ty Cổ phần Dịch vụ Đô thị Bà Rịa,CT,3,2790,Tư vấn & Hỗ trợ Kinh doanh
BRS,Công ty Cổ phần Dịch vụ Đô thị Bà Rịa,CT,4,2799,Chất thải & Môi trường
BRV,Công ty Cổ phần Bia Rượu Nước giải khát Viger,CT,1,3000,Hàng Tiêu dùng
BRV,Công ty Cổ phần Bia Rượu Nước giải khát Viger,CT,2,3500,Thực phẩm và đồ uống
BRV,Công ty Cổ phần Bia Rượu Nước giải khát Viger,CT,3,3530,Bia và đồ uống
BRV,Công ty Cổ phần Bia Rượu Nước giải khát Viger,CT,4,3533,Sản xuất bia
BSA,Công ty Cổ phần Thủy điện Buôn Đôn,CT,1,7000,Tiện ích Cộng đồng
BSA,Công ty Cổ phần Thủy điện Buôn Đôn,CT,2,7500,"Điện, nước & xăng dầu khí đốt"
BSA,Công ty Cổ phần Thủy điện Buôn Đôn,CT,3,7530,Sản xuất & Phân phối Điện
BSA,Công ty Cổ phần Thủy điện Buôn Đôn,CT,4,7535,Sản xuất & Phân phối Điện
BSC,Công ty Cổ phần Dịch vụ Bến Thành,CT,1,8000,Tài chính
BSC,Công ty Cổ phần Dịch vụ Bến Thành,CT,2,8600,Bất động sản
BSC,Công ty Cổ phần Dịch vụ Bến Thành,CT,3,8630,Bất động sản
BSC,Công ty Cổ phần Dịch vụ Bến Thành,CT,4,8633,Bất động sản
BSD,"Công ty Cổ phần Bia, Rượu Sài Gòn - Đồng Xuân",CT,1,3000,Hàng Tiêu dùng
BSD,"Công ty Cổ phần Bia, Rượu Sài Gòn - Đồng Xuân",CT,2,3500,Thực phẩm và đồ uống
BSD,"Công ty Cổ phần Bia, Rượu Sài Gòn - Đồng Xuân",CT,3,3530,Bia và đồ uống
BSD,"Công ty Cổ phần Bia, Rượu Sài Gòn - Đồng Xuân",CT,4,3533,Sản xuất bia
BSG,Công ty Cổ phần Xe khách Sài Gòn,CT,1,5000,Dịch vụ Tiêu dùng
BSG,Công ty Cổ phần Xe khách Sài Gòn,CT,2,5700,Du lịch và Giải trí
BSG,Công ty Cổ phần Xe khách Sài Gòn,CT,3,5750,Du lịch & Giải trí
BSG,Công ty Cổ phần Xe khách Sài Gòn,CT,4,5759,Vận tải hành khách & Du lịch
BSH,Công ty Cổ phần Bia Sài Gòn - Hà Nội,CT,1,3000,Hàng Tiêu dùng
BSH,Công ty Cổ phần Bia Sài Gòn - Hà Nội,CT,2,3500,Thực phẩm và đồ uống
BSH,Công ty Cổ phần Bia Sài Gòn - Hà Nội,CT,3,3530,Bia và đồ uống
BSH,Công ty Cổ phần Bia Sài Gòn - Hà Nội,CT,4,3533,Sản xuất bia
BSI,Công ty Cổ phần Chứng khoán BIDV,CK,1,8000,Tài chính
BSI,Công ty Cổ phần Chứng khoán BIDV,CK,2,8700,Dịch vụ tài chính
BSI,Công ty Cổ phần Chứng khoán BIDV,CK,3,8770,Dịch vụ tài chính
BSI,Công ty Cổ phần Chứng khoán BIDV,CK,4,8777,Môi giới chứng khoán
BSL,Công ty Cổ phần Bia Sài Gòn - Sông Lam,CT,1,3000,Hàng Tiêu dùng
BSL,Công ty Cổ phần Bia Sài Gòn - Sông Lam,CT,2,3500,Thực phẩm và đồ uống
BSL,Công ty Cổ phần Bia Sài Gòn - Sông Lam,CT,3,3530,Bia và đồ uống
BSL,Công ty Cổ phần Bia Sài Gòn - Sông Lam,CT,4,3533,Sản xuất bia
BSP,Công ty Cổ phần Bia Sài Gòn - Phú Thọ,CT,1,3000,Hàng Tiêu dùng
BSP,Công ty Cổ phần Bia Sài Gòn - Phú Thọ,CT,2,3500,Thực phẩm và đồ uống
BSP,Công ty Cổ phần Bia Sài Gòn - Phú Thọ,CT,3,3530,Bia và đồ uống
BSP,Công ty Cổ phần Bia Sài Gòn - Phú Thọ,CT,4,3533,Sản xuất bia
BSQ,Công ty Cổ phần Bia Sài Gòn - Quảng Ngãi,CT,1,3000,Hàng Tiêu dùng
BSQ,Công ty Cổ phần Bia Sài Gòn - Quảng Ngãi,CT,2,3500,Thực phẩm và đồ uống
BSQ,Công ty Cổ phần Bia Sài Gòn - Quảng Ngãi,CT,3,3530,Bia và đồ uống
BSQ,Công ty Cổ phần Bia Sài Gòn - Quảng Ngãi,CT,4,3533,Sản xuất bia
BSR,Công ty Cổ phần - Tổng Công ty Lọc Hoá dầu Việt Nam,CT,1,0001,Dầu khí
BSR,Công ty Cổ phần - Tổng Công ty Lọc Hoá dầu Việt Nam,CT,2,0500,Dầu khí
BSR,Công ty Cổ phần - Tổng Công ty Lọc Hoá dầu Việt Nam,CT,3,0530,Sản xuất Dầu khí
BSR,Công ty Cổ phần - Tổng Công ty Lọc Hoá dầu Việt Nam,CT,4,0533,Sản xuất và Khai thác dầu khí
BST,Công ty Cổ phần Sách và Thiết bị Bình Thuận,CT,1,5000,Dịch vụ Tiêu dùng
BST,Công ty Cổ phần Sách và Thiết bị Bình Thuận,CT,2,5500,Truyền thông
BST,Công ty Cổ phần Sách và Thiết bị Bình Thuận,CT,3,5550,Truyền thông
BST,Công ty Cổ phần Sách và Thiết bị Bình Thuận,CT,4,5557,"Sách, ấn bản & sản phẩm văn hóa"
BT1,Công ty Cổ phần Bảo vệ thực vật 1 Trung ương,CT,1,1000,Nguyên vật liệu
BT1,Công ty Cổ phần Bảo vệ thực vật 1 Trung ương,CT,2,1300,Hóa chất
BT1,Công ty Cổ phần Bảo vệ thực vật 1 Trung ương,CT,3,1350,Hóa chất
BT1,Công ty Cổ phần Bảo vệ thực vật 1 Trung ương,CT,4,1357,"Sản phẩm hóa dầu, Nông dược & Hóa chất khác"
BT6,Công ty Cổ phần BETON 6,CT,1,2000,Công nghiệp
BT6,Công ty Cổ phần BETON 6,CT,2,2300,Xây dựng và Vật liệu
BT6,Công ty Cổ phần BETON 6,CT,3,2350,Xây dựng và Vật liệu
BT6,Công ty Cổ phần BETON 6,CT,4,2353,Vật liệu xây dựng & Nội thất
BTB,Công ty Cổ phần Bia Hà Nội - Thái Bình,CT,1,3000,Hàng Tiêu dùng
BTB,Công ty Cổ phần Bia Hà Nội - Thái Bình,CT,2,3500,Thực phẩm và đồ uống
BTB,Công ty Cổ phần Bia Hà Nội - Thái Bình,CT,3,3530,Bia và đồ uống
BTB,Công ty Cổ phần Bia Hà Nội - Thái Bình,CT,4,3533,Sản xuất bia
BTD,Công ty Cổ phần Bê tông ly tâm Thủ Đức,CT,1,2000,Công nghiệp
BTD,Công ty Cổ phần Bê tông ly tâm Thủ Đức,CT,2,2300,Xây dựng và Vật liệu
BTD,Công ty Cổ phần Bê tông ly tâm Thủ Đức,CT,3,2350,Xây dựng và Vật liệu
BTD,Công ty Cổ phần Bê tông ly tâm Thủ Đức,CT,4,2353,Vật liệu xây dựng & Nội thất
BTG,Công ty Cổ phần Bao bì Tiền Giang,CT,1,2000,Công nghiệp
BTG,Công ty Cổ phần Bao bì Tiền Giang,CT,2,2700,Hàng & Dịch vụ Công nghiệp
BTG,Công ty Cổ phần Bao bì Tiền Giang,CT,3,2720,Hàng công nghiệp
BTG,Công ty Cổ phần Bao bì Tiền Giang,CT,4,2723,Containers & Đóng gói
BTH,Công ty Cổ phần Chế tạo Biến thế và Vật liệu Điện Hà Nội,CT,1,2000,Công nghiệp
BTH,Công ty Cổ phần Chế tạo Biến thế và Vật liệu Điện Hà Nội,CT,2,2700,Hàng & Dịch vụ Công nghiệp
BTH,Công ty Cổ phần Chế tạo Biến thế và Vật liệu Điện Hà Nội,CT,3,2730,Điện tử & Thiết bị điện
BTH,Công ty Cổ phần Chế tạo Biến thế và Vật liệu Điện Hà Nội,CT,4,2737,Thiết bị điện
BTN,Công ty Cổ phần Đầu tư Bitco Bình Định,CT,1,2000,Công nghiệp
BTN,Công ty Cổ phần Đầu tư Bitco Bình Định,CT,2,2300,Xây dựng và Vật liệu
BTN,Công ty Cổ phần Đầu tư Bitco Bình Định,CT,3,2350,Xây dựng và Vật liệu
BTN,Công ty Cổ phần Đầu tư Bitco Bình Định,CT,4,2353,Vật liệu xây dựng & Nội thất
BTP,Công ty Cổ phần Nhiệt điện Bà Rịa,CT,1,7000,Tiện ích Cộng đồng
BTP,Công ty Cổ phần Nhiệt điện Bà Rịa,CT,2,7500,"Điện, nước & xăng dầu khí đốt"
BTP,Công ty Cổ phần Nhiệt điện Bà Rịa,CT,3,7530,Sản xuất & Phân phối Điện
BTP,Công ty Cổ phần Nhiệt điện Bà Rịa,CT,4,7535,Sản xuất & Phân phối Điện
BTS,Công ty Cổ phần Xi măng VICEM Bút Sơn,CT,1,2000,Công nghiệp
BTS,Công ty Cổ phần Xi măng VICEM Bút Sơn,CT,2,2300,Xây dựng và Vật liệu
BTS,Công ty Cổ phần Xi măng VICEM Bút Sơn,CT,3,2350,Xây dựng và Vật liệu
BTS,Công ty Cổ phần Xi măng VICEM Bút Sơn,CT,4,2353,Vật liệu xây dựng & Nội thất
BTT,Công ty Cổ phần Thương mại - Dịch vụ Bến Thành,CT,1,5000,Dịch vụ Tiêu dùng
BTT,Công ty Cổ phần Thương mại - Dịch vụ Bến Thành,CT,2,5300,Bán lẻ
BTT,Công ty Cổ phần Thương mại - Dịch vụ Bến Thành,CT,3,5370,Bán lẻ
BTT,Công ty Cổ phần Thương mại - Dịch vụ Bến Thành,CT,4,5373,Bán lẻ phức hợp
BTU,Công ty Cổ phần Công trình Đô thị Bến Tre,CT,1,2000,Công nghiệp
BTU,Công ty Cổ phần Công trình Đô thị Bến Tre,CT,2,2700,Hàng & Dịch vụ Công nghiệp
BTU,Công ty Cổ phần Công trình Đô thị Bến Tre,CT,3,2790,Tư vấn & Hỗ trợ Kinh doanh
BTU,Công ty Cổ phần Công trình Đô thị Bến Tre,CT,4,2799,Chất thải & Môi trường
BTV,Công ty Cổ phần Dịch vụ Du lịch Bến Thành,CT,1,5000,Dịch vụ Tiêu dùng
BTV,Công ty Cổ phần Dịch vụ Du lịch Bến Thành,CT,2,5700,Du lịch và Giải trí
BTV,Công ty Cổ phần Dịch vụ Du lịch Bến Thành,CT,3,5750,Du lịch & Giải trí
BTV,Công ty Cổ phần Dịch vụ Du lịch Bến Thành,CT,4,5759,Vận tải hành khách & Du lịch
BTW,Công ty Cổ phần Cấp nước Bến Thành,CT,1,7000,Tiện ích Cộng đồng
BTW,Công ty Cổ phần Cấp nước Bến Thành,CT,2,7500,"Điện, nước & xăng dầu khí đốt"
BTW,Công ty Cổ phần Cấp nước Bến Thành,CT,3,7570,Nước & Khí đốt
BTW,Công ty Cổ phần Cấp nước Bến Thành,CT,4,7577,Nước
BUD,Công ty Cổ phần Khoa học Công nghệ Việt Nam,CT,1,2000,Công nghiệp
BUD,Công ty Cổ phần Khoa học Công nghệ Việt Nam,CT,2,2300,Xây dựng và Vật liệu
BUD,Công ty Cổ phần Khoa học Công nghệ Việt Nam,CT,3,2350,Xây dựng và Vật liệu
BUD,Công ty Cổ phần Khoa học Công nghệ Việt Nam,CT,4,2357,Xây dựng
BVA,Công ty Cổ phần Sản xuất & Thương mại Bắc Việt,CT,1,2000,Công nghiệp
BVA,Công ty Cổ phần Sản xuất & Thương mại Bắc Việt,CT,2,2300,Xây dựng và Vật liệu
BVA,Công ty Cổ phần Sản xuất & Thương mại Bắc Việt,CT,3,2350,Xây dựng và Vật liệu
BVA,Công ty Cổ phần Sản xuất & Thương mại Bắc Việt,CT,4,2353,Vật liệu xây dựng & Nội thất
BVB,Ngân hàng Thương mại Cổ phần Bản Việt,NH,1,8301,Ngân hàng
BVB,Ngân hàng Thương mại Cổ phần Bản Việt,NH,2,8300,Ngân hàng
BVB,Ngân hàng Thương mại Cổ phần Bản Việt,NH,3,8350,Ngân hàng
BVB,Ngân hàng Thương mại Cổ phần Bản Việt,NH,4,8355,Ngân hàng
BVBF,Quỹ Đầu tư Trái phiếu Bảo Việt,QU,1,8000,Tài chính
BVBF,Quỹ Đầu tư Trái phiếu Bảo Việt,QU,2,8700,Dịch vụ tài chính
BVBF,Quỹ Đầu tư Trái phiếu Bảo Việt,QU,3,8980,Quỹ đầu tư
BVBF,Quỹ Đầu tư Trái phiếu Bảo Việt,QU,4,8985,Quỹ đầu tư
BVFED,Quỹ Đầu tư Cổ phiếu Năng động Bảo Việt,QU,1,8000,Tài chính
BVFED,Quỹ Đầu tư Cổ phiếu Năng động Bảo Việt,QU,2,8700,Dịch vụ tài chính
BVFED,Quỹ Đầu tư Cổ phiếu Năng động Bảo Việt,QU,3,8980,Quỹ đầu tư
BVFED,Quỹ Đầu tư Cổ phiếu Năng động Bảo Việt,QU,4,8985,Quỹ đầu tư
BVG,Công ty Cổ phần Group Bắc Việt,CT,1,1000,Nguyên vật liệu
BVG,Công ty Cổ phần Group Bắc Việt,CT,2,1700,Tài nguyên Cơ bản
BVG,Công ty Cổ phần Group Bắc Việt,CT,3,1750,Kim loại
BVG,Công ty Cổ phần Group Bắc Việt,CT,4,1757,Thép và sản phẩm thép
BVH,Tập đoàn Bảo Việt,BH,1,8000,Tài chính
BVH,Tập đoàn Bảo Việt,BH,2,8500,Bảo hiểm
BVH,Tập đoàn Bảo Việt,BH,3,8570,Bảo hiểm nhân thọ
BVH,Tập đoàn Bảo Việt,BH,4,8575,Bảo hiểm nhân thọ
BVL,Công ty Cổ phần BV Land,CT,1,8000,Tài chính
BVL,Công ty Cổ phần BV Land,CT,2,8600,Bất động sản
BVL,Công ty Cổ phần BV Land,CT,3,8630,Bất động sản
BVL,Công ty Cổ phần BV Land,CT,4,8637,"Tư Vấn, Định giá, Môi giới Bất động sản"
BVN,Công ty Cổ phần Bông Việt Nam,CT,1,3000,Hàng Tiêu dùng
BVN,Công ty Cổ phần Bông Việt Nam,CT,2,3700,Hàng cá nhân & Gia dụng
BVN,Công ty Cổ phần Bông Việt Nam,CT,3,3760,Hàng cá nhân
BVN,Công ty Cổ phần Bông Việt Nam,CT,4,3767,Hàng cá nhân
BVPF,Quỹ Đầu tư Cổ phiếu Triển vọng Bảo Việt,QU,1,8000,Tài chính
BVPF,Quỹ Đầu tư Cổ phiếu Triển vọng Bảo Việt,QU,2,8700,Dịch vụ tài chính
BVPF,Quỹ Đầu tư Cổ phiếu Triển vọng Bảo Việt,QU,3,8980,Quỹ đầu tư
BVPF,Quỹ Đầu tư Cổ phiếu Triển vọng Bảo Việt,QU,4,8985,Quỹ đầu tư
BVS,Công ty Cổ phần Chứng khoán Bảo Việt,CK,1,8000,Tài chính
BVS,Công ty Cổ phần Chứng khoán Bảo Việt,CK,2,8700,Dịch vụ tài chính
BVS,Công ty Cổ phần Chứng khoán Bảo Việt,CK,3,8770,Dịch vụ tài chính
BVS,Công ty Cổ phần Chứng khoán Bảo Việt,CK,4,8777,Môi giới chứng khoán
BWA,Công ty Cổ phần Cấp thoát nước và Xây dựng Bảo Lộc,CT,1,7000,Tiện ích Cộng đồng
BWA,Công ty Cổ phần Cấp thoát nước và Xây dựng Bảo Lộc,CT,2,7500,"Điện, nước & xăng dầu khí đốt"
BWA,Công ty Cổ phần Cấp thoát nước và Xây dựng Bảo Lộc,CT,3,7570,Nước & Khí đốt
BWA,Công ty Cổ phần Cấp thoát nước và Xây dựng Bảo Lộc,CT,4,7577,Nước
BWE,Công ty Cổ phần - Tổng công ty Nước - Môi trường Bình Dương,CT,1,7000,Tiện ích Cộng đồng
BWE,Công ty Cổ phần - Tổng công ty Nước - Môi trường Bình Dương,CT,2,7500,"Điện, nước & xăng dầu khí đốt"
BWE,Công ty Cổ phần - Tổng công ty Nước - Môi trường Bình Dương,CT,3,7570,Nước & Khí đốt
BWE,Công ty Cổ phần - Tổng công ty Nước - Môi trường Bình Dương,CT,4,7577,Nước
BWS,Công ty Cổ phần Cấp Nước Bà Rịa - Vũng Tàu,CT,1,7000,Tiện ích Cộng đồng
BWS,Công ty Cổ phần Cấp Nước Bà Rịa - Vũng Tàu,CT,2,7500,"Điện, nước & xăng dầu khí đốt"
BWS,Công ty Cổ phần Cấp Nước Bà Rịa - Vũng Tàu,CT,3,7570,Nước & Khí đốt
BWS,Công ty Cổ phần Cấp Nước Bà Rịa - Vũng Tàu,CT,4,7577,Nước
BXH,Công ty Cổ phần VICEM Bao bì Hải Phòng,CT,1,2000,Công nghiệp
BXH,Công ty Cổ phần VICEM Bao bì Hải Phòng,CT,2,2700,Hàng & Dịch vụ Công nghiệp
BXH,Công ty Cổ phần VICEM Bao bì Hải Phòng,CT,3,2720,Hàng công nghiệp
BXH,Công ty Cổ phần VICEM Bao bì Hải Phòng,CT,4,2723,Containers & Đóng gói
BXT,Công ty Cổ phần Bến xe tàu Hậu Giang,CT,1,2000,Công nghiệp
BXT,Công ty Cổ phần Bến xe tàu Hậu Giang,CT,2,2700,Hàng & Dịch vụ Công nghiệp
BXT,Công ty Cổ phần Bến xe tàu Hậu Giang,CT,3,2770,Vận tải
BXT,Công ty Cổ phần Bến xe tàu Hậu Giang,CT,4,2777,"Kho bãi, hậu cần và bảo dưỡng"
C12,Công ty Cổ phần Cầu 12,CT,1,2000,Công nghiệp
C12,Công ty Cổ phần Cầu 12,CT,2,2300,Xây dựng và Vật liệu
C12,Công ty Cổ phần Cầu 12,CT,3,2350,Xây dựng và Vật liệu
C12,Công ty Cổ phần Cầu 12,CT,4,2357,Xây dựng
C21,Công ty Cổ phần Thế kỷ 21,CT,1,8000,Tài chính
C21,Công ty Cổ phần Thế kỷ 21,CT,2,8600,Bất động sản
C21,Công ty Cổ phần Thế kỷ 21,CT,3,8630,Bất động sản
C21,Công ty Cổ phần Thế kỷ 21,CT,4,8633,Bất động sản
C22,Công ty Cổ phần 22,CT,1,3000,Hàng Tiêu dùng
C22,Công ty Cổ phần 22,CT,2,3500,Thực phẩm và đồ uống
C22,Công ty Cổ phần 22,CT,3,3570,Sản xuất thực phẩm
C22,Công ty Cổ phần 22,CT,4,3577,Thực phẩm
C32,Công ty Cổ phần Đầu tư và Xây dựng 3-2,CT,1,2000,Công nghiệp
C32,Công ty Cổ phần Đầu tư và Xây dựng 3-2,CT,2,2300,Xây dựng và Vật liệu
C32,Công ty Cổ phần Đầu tư và Xây dựng 3-2,CT,3,2350,Xây dựng và Vật liệu
C32,Công ty Cổ phần Đầu tư và Xây dựng 3-2,CT,4,2353,Vật liệu xây dựng & Nội thất
C36,Công ty Cổ phần Quản lý và Xây dựng Công trình Giao thông 236,CT,1,2000,Công nghiệp
C36,Công ty Cổ phần Quản lý và Xây dựng Công trình Giao thông 236,CT,2,2300,Xây dựng và Vật liệu
C36,Công ty Cổ phần Quản lý và Xây dựng Công trình Giao thông 236,CT,3,2350,Xây dựng và Vật liệu
C36,Công ty Cổ phần Quản lý và Xây dựng Công trình Giao thông 236,CT,4,2357,Xây dựng
C47,Công ty Cổ phần Xây dựng 47,CT,1,2000,Công nghiệp
C47,Công ty Cổ phần Xây dựng 47,CT,2,2300,Xây dựng và Vật liệu
C47,Công ty Cổ phần Xây dựng 47,CT,3,2350,Xây dựng và Vật liệu
C47,Công ty Cổ phần Xây dựng 47,CT,4,2357,Xây dựng
C4G,Công ty Cổ phần Tập Đoàn Cienco4,CT,1,2000,Công nghiệp
C4G,Công ty Cổ phần Tập Đoàn Cienco4,CT,2,2300,Xây dựng và Vật liệu
C4G,Công ty Cổ phần Tập Đoàn Cienco4,CT,3,2350,Xây dựng và Vật liệu
C4G,Công ty Cổ phần Tập Đoàn Cienco4,CT,4,2357,Xây dựng
C69,Công ty Cổ phần Xây dựng 1369,CT,1,2000,Công nghiệp
C69,Công ty Cổ phần Xây dựng 1369,CT,2,2300,Xây dựng và Vật liệu
C69,Công ty Cổ phần Xây dựng 1369,CT,3,2350,Xây dựng và Vật liệu
C69,Công ty Cổ phần Xây dựng 1369,CT,4,2357,Xây dựng
C71,Công ty Cổ phần 471,CT,1,2000,Công nghiệp
C71,Công ty Cổ phần 471,CT,2,2300,Xây dựng và Vật liệu
C71,Công ty Cổ phần 471,CT,3,2350,Xây dựng và Vật liệu
C71,Công ty Cổ phần 471,CT,4,2357,Xây dựng
C92,Công ty Cổ phần Xây dựng và Đầu tư 492,CT,1,2000,Công nghiệp
C92,Công ty Cổ phần Xây dựng và Đầu tư 492,CT,2,2300,Xây dựng và Vật liệu
C92,Công ty Cổ phần Xây dựng và Đầu tư 492,CT,3,2350,Xây dựng và Vật liệu
C92,Công ty Cổ phần Xây dựng và Đầu tư 492,CT,4,2357,Xây dựng
CAB,Công ty Cổ phần Tổng Công ty Truyền hình Cáp Việt Nam,CT,1,5000,Dịch vụ Tiêu dùng
CAB,Công ty Cổ phần Tổng Công ty Truyền hình Cáp Việt Nam,CT,2,5500,Truyền thông
CAB,Công ty Cổ phần Tổng Công ty Truyền hình Cáp Việt Nam,CT,3,5550,Truyền thông
CAB,Công ty Cổ phần Tổng Công ty Truyền hình Cáp Việt Nam,CT,4,5553,Giải trí & Truyền thông
CAD,Công ty Cổ phần Chế biến và Xuất khẩu Thủy sản Cadovimex,CT,1,3000,Hàng Tiêu dùng
CAD,Công ty Cổ phần Chế biến và Xuất khẩu Thủy sản Cadovimex,CT,2,3500,Thực phẩm và đồ uống
CAD,Công ty Cổ phần Chế biến và Xuất khẩu Thủy sản Cadovimex,CT,3,3570,Sản xuất thực phẩm
CAD,Công ty Cổ phần Chế biến và Xuất khẩu Thủy sản Cadovimex,CT,4,3573,Nuôi trồng nông & hải sản
CAF,Công ty Cổ phần Xuất nhập khẩu Nông Sản Thực Phẩm Cà Mau,CT,1,3000,Hàng Tiêu dùng
CAF,Công ty Cổ phần Xuất nhập khẩu Nông Sản Thực Phẩm Cà Mau,CT,2,3500,Thực phẩm và đồ uống
CAF,Công ty Cổ phần Xuất nhập khẩu Nông Sản Thực Phẩm Cà Mau,CT,3,3570,Sản xuất thực phẩm
CAF,Công ty Cổ phần Xuất nhập khẩu Nông Sản Thực Phẩm Cà Mau,CT,4,3573,Nuôi trồng nông & hải sản
CAG,Công ty Cổ phần Cảng An Giang,CT,1,2000,Công nghiệp
CAG,Công ty Cổ phần Cảng An Giang,CT,2,2700,Hàng & Dịch vụ Công nghiệp
CAG,Công ty Cổ phần Cảng An Giang,CT,3,2770,Vận tải
CAG,Công ty Cổ phần Cảng An Giang,CT,4,2777,"Kho bãi, hậu cần và bảo dưỡng"
CAN,Công ty Cổ phần Đồ hộp Hạ Long,CT,1,3000,Hàng Tiêu dùng
CAN,Công ty Cổ phần Đồ hộp Hạ Long,CT,2,3500,Thực phẩm và đồ uống
CAN,Công ty Cổ phần Đồ hộp Hạ Long,CT,3,3570,Sản xuất thực phẩm
CAN,Công ty Cổ phần Đồ hộp Hạ Long,CT,4,3577,Thực phẩm
CAP,Công ty Cổ phần Lâm Nông sản Thực phẩm Yên Bái,CT,1,1000,Nguyên vật liệu
CAP,Công ty Cổ phần Lâm Nông sản Thực phẩm Yên Bái,CT,2,1700,Tài nguyên Cơ bản
CAP,Công ty Cổ phần Lâm Nông sản Thực phẩm Yên Bái,CT,3,1730,Lâm nghiệp và Giấy
CAP,Công ty Cổ phần Lâm Nông sản Thực phẩm Yên Bái,CT,4,1737,Sản xuất giấy
CAR,Công ty cổ phần Tập đoàn Giáo dục Trí Việt,CT,1,2000,Công nghiệp
CAR,Công ty cổ phần Tập đoàn Giáo dục Trí Việt,CT,2,2700,Hàng & Dịch vụ Công nghiệp
CAR,Công ty cổ phần Tập đoàn Giáo dục Trí Việt,CT,3,2790,Tư vấn & Hỗ trợ Kinh doanh
CAR,Công ty cổ phần Tập đoàn Giáo dục Trí Việt,CT,4,2793,Đào tạo & Việc làm
CAT,Công ty Cổ phần Thủy sản Cà Mau,CT,1,3000,Hàng Tiêu dùng
CAT,Công ty Cổ phần Thủy sản Cà Mau,CT,2,3500,Thực phẩm và đồ uống
CAT,Công ty Cổ phần Thủy sản Cà Mau,CT,3,3570,Sản xuất thực phẩm
CAT,Công ty Cổ phần Thủy sản Cà Mau,CT,4,3573,Nuôi trồng nông & hải sản
CAV,Công ty Cổ Phần Dây cáp điện Việt Nam,CT,1,2000,Công nghiệp
CAV,Công ty Cổ Phần Dây cáp điện Việt Nam,CT,2,2700,Hàng & Dịch vụ Công nghiệp
CAV,Công ty Cổ Phần Dây cáp điện Việt Nam,CT,3,2730,Điện tử & Thiết bị điện
CAV,Công ty Cổ Phần Dây cáp điện Việt Nam,CT,4,2733,Hàng điện & điện tử
CBC,Công ty Cổ phần Chè Bàu Cạn,CT,1,3000,Hàng Tiêu dùng
CBC,Công ty Cổ phần Chè Bàu Cạn,CT,2,3500,Thực phẩm và đồ uống
CBC,Công ty Cổ phần Chè Bàu Cạn,CT,3,3530,Bia và đồ uống
CBC,Công ty Cổ phần Chè Bàu Cạn,CT,4,3537,Đồ uống & giải khát
CBI,Công ty Cổ phần Gang thép Cao Bằng,CT,1,1000,Nguyên vật liệu
CBI,Công ty Cổ phần Gang thép Cao Bằng,CT,2,1700,Tài nguyên Cơ bản
CBI,Công ty Cổ phần Gang thép Cao Bằng,CT,3,1750,Kim loại
CBI,Công ty Cổ phần Gang thép Cao Bằng,CT,4,1757,Thép và sản phẩm thép
CBPF,Quỹ Đầu tư Trái phiếu Mở Rộng Chubb,QU,1,8000,Tài chính
CBPF,Quỹ Đầu tư Trái phiếu Mở Rộng Chubb,QU,2,8700,Dịch vụ tài chính
CBPF,Quỹ Đầu tư Trái phiếu Mở Rộng Chubb,QU,3,8980,Quỹ đầu tư
CBPF,Quỹ Đầu tư Trái phiếu Mở Rộng Chubb,QU,4,8985,Quỹ đầu tư
CBS,Công ty Cổ phần Mía đường Cao Bằng,CT,1,3000,Hàng Tiêu dùng
CBS,Công ty Cổ phần Mía đường Cao Bằng,CT,2,3500,Thực phẩm và đồ uống
CBS,Công ty Cổ phần Mía đường Cao Bằng,CT,3,3570,Sản xuất thực phẩm
CBS,Công ty Cổ phần Mía đường Cao Bằng,CT,4,3577,Thực phẩm
CBV,Công ty Cổ phần CTCBIO Việt Nam,CT,1,4000,Dược phẩm và Y tế
CBV,Công ty Cổ phần CTCBIO Việt Nam,CT,2,4500,Y tế
CBV,Công ty Cổ phần CTCBIO Việt Nam,CT,3,4530,Thiết bị và Dịch vụ Y tế
CBV,Công ty Cổ phần CTCBIO Việt Nam,CT,4,4533,Chăm sóc y tế
CC1,Tổng Công ty Xây dựng số 1 - CTCP,CT,1,2000,Công nghiệp
CC1,Tổng Công ty Xây dựng số 1 - CTCP,CT,2,2300,Xây dựng và Vật liệu
CC1,Tổng Công ty Xây dựng số 1 - CTCP,CT,3,2350,Xây dựng và Vật liệu
CC1,Tổng Công ty Xây dựng số 1 - CTCP,CT,4,2357,Xây dựng
CC4,Công ty Cổ phần Đầu tư và Xây dựng số 4,CT,1,2000,Công nghiệp
CC4,Công ty Cổ phần Đầu tư và Xây dựng số 4,CT,2,2300,Xây dựng và Vật liệu
CC4,Công ty Cổ phần Đầu tư và Xây dựng số 4,CT,3,2350,Xây dựng và Vật liệu
CC4,Công ty Cổ phần Đầu tư và Xây dựng số 4,CT,4,2357,Xây dựng
CCA,Công ty Cổ phần Xuất nhập khẩu Thủy sản Cần Thơ,CT,1,3000,Hàng Tiêu dùng
CCA,Công ty Cổ phần Xuất nhập khẩu Thủy sản Cần Thơ,CT,2,3500,Thực phẩm và đồ uống
CCA,Công ty Cổ phần Xuất nhập khẩu Thủy sản Cần Thơ,CT,3,3570,Sản xuất thực phẩm
CCA,Công ty Cổ phần Xuất nhập khẩu Thủy sản Cần Thơ,CT,4,3573,Nuôi trồng nông & hải sản
CCC,Công ty Cổ Phần Xây Dựng CDC,CT,1,2000,Công nghiệp
CCC,Công ty Cổ Phần Xây Dựng CDC,CT,2,2300,Xây dựng và Vật liệu
CCC,Công ty Cổ Phần Xây Dựng CDC,CT,3,2350,Xây dựng và Vật liệu
CCC,Công ty Cổ Phần Xây Dựng CDC,CT,4,2357,Xây dựng
CCD,Công ty Cổ phần Xây dựng và Bảo trì cầu đường,CT,1,2000,Công nghiệp
CCD,Công ty Cổ phần Xây dựng và Bảo trì cầu đường,CT,2,2300,Xây dựng và Vật liệu
CCD,Công ty Cổ phần Xây dựng và Bảo trì cầu đường,CT,3,2350,Xây dựng và Vật liệu
CCD,Công ty Cổ phần Xây dựng và Bảo trì cầu đường,CT,4,2357,Xây dựng
CCI,Công ty Cổ phần Đầu tư Phát triển Công nghiệp Thương mại Củ Chi,CT,1,7000,Tiện ích Cộng đồng
CCI,Công ty Cổ phần Đầu tư Phát triển Công nghiệp Thương mại Củ Chi,CT,2,7500,"Điện, nước & xăng dầu khí đốt"
CCI,Công ty Cổ phần Đầu tư Phát triển Công nghiệp Thương mại Củ Chi,CT,3,7570,Nước & Khí đốt
CCI,Công ty Cổ phần Đầu tư Phát triển Công nghiệp Thương mại Củ Chi,CT,4,7573,Phân phối xăng dầu & khí đốt
CCL,Công ty Cổ phần Đầu tư và Phát triển Đô thị Dầu khí Cửu Long,CT,1,8000,Tài chính
CCL,Công ty Cổ phần Đầu tư và Phát triển Đô thị Dầu khí Cửu Long,CT,2,8600,Bất động sản
CCL,Công ty Cổ phần Đầu tư và Phát triển Đô thị Dầu khí Cửu Long,CT,3,8630,Bất động sản
CCL,Công ty Cổ phần Đầu tư và Phát triển Đô thị Dầu khí Cửu Long,CT,4,8633,Bất động sản
CCM,Công ty Cổ phần Khoáng sản và Xi măng Cần Thơ,CT,1,2000,Công nghiệp
CCM,Công ty Cổ phần Khoáng sản và Xi măng Cần Thơ,CT,2,2300,Xây dựng và Vật liệu
CCM,Công ty Cổ phần Khoáng sản và Xi măng Cần Thơ,CT,3,2350,Xây dựng và Vật liệu
CCM,Công ty Cổ phần Khoáng sản và Xi măng Cần Thơ,CT,4,2353,Vật liệu xây dựng & Nội thất
CCP,Công ty Cổ phần Cảng Cửa Cấm Hải Phòng,CT,1,2000,Công nghiệp
CCP,Công ty Cổ phần Cảng Cửa Cấm Hải Phòng,CT,2,2700,Hàng & Dịch vụ Công nghiệp
CCP,Công ty Cổ phần Cảng Cửa Cấm Hải Phòng,CT,3,2770,Vận tải
CCP,Công ty Cổ phần Cảng Cửa Cấm Hải Phòng,CT,4,2777,"Kho bãi, hậu cần và bảo dưỡng"
CCR,Công ty Cổ phần Cảng Cam Ranh,CT,1,2000,Công nghiệp
CCR,Công ty Cổ phần Cảng Cam Ranh,CT,2,2700,Hàng & Dịch vụ Công nghiệp
CCR,Công ty Cổ phần Cảng Cam Ranh,CT,3,2770,Vận tải
CCR,Công ty Cổ phần Cảng Cam Ranh,CT,4,2777,"Kho bãi, hậu cần và bảo dưỡng"
CCS,Công ty Cổ phần Chíp Sáng,CT,1,8000,Tài chính
CCS,Công ty Cổ phần Chíp Sáng,CT,2,8600,Bất động sản
CCS,Công ty Cổ phần Chíp Sáng,CT,3,8630,Bất động sản
CCS,Công ty Cổ phần Chíp Sáng,CT,4,8633,Bất động sản
CCT,Công ty Cổ phần Cảng Cần Thơ,CT,1,2000,Công nghiệp
CCT,Công ty Cổ phần Cảng Cần Thơ,CT,2,2700,Hàng & Dịch vụ Công nghiệp
CCT,Công ty Cổ phần Cảng Cần Thơ,CT,3,2770,Vận tải
CCT,Công ty Cổ phần Cảng Cần Thơ,CT,4,2777,"Kho bãi, hậu cần và bảo dưỡng"
CCV,Công ty Cổ phần Tư vấn Xây dựng Công nghiệp và Đô thị Việt Nam,CT,1,2000,Công nghiệp
CCV,Công ty Cổ phần Tư vấn Xây dựng Công nghiệp và Đô thị Việt Nam,CT,2,2300,Xây dựng và Vật liệu
CCV,Công ty Cổ phần Tư vấn Xây dựng Công nghiệp và Đô thị Việt Nam,CT,3,2350,Xây dựng và Vật liệu
CCV,Công ty Cổ phần Tư vấn Xây dựng Công nghiệp và Đô thị Việt Nam,CT,4,2357,Xây dựng
CDC,Công ty Cổ phần Chương Dương,CT,1,2000,Công nghiệp
CDC,Công ty Cổ phần Chương Dương,CT,2,2300,Xây dựng và Vật liệu
CDC,Công ty Cổ phần Chương Dương,CT,3,2350,Xây dựng và Vật liệu
CDC,Công ty Cổ phần Chương Dương,CT,4,2357,Xây dựng
CDG,Công ty Cổ phần Cầu Đuống,CT,1,2000,Công nghiệp
CDG,Công ty Cổ phần Cầu Đuống,CT,2,2300,Xây dựng và Vật liệu
CDG,Công ty Cổ phần Cầu Đuống,CT,3,2350,Xây dựng và Vật liệu
CDG,Công ty Cổ phần Cầu Đuống,CT,4,2353,Vật liệu xây dựng & Nội thất
CDH,Công ty Cổ phần Công trình Công cộng và Dịch vụ Du lịch Hải Phòng,CT,1,2000,Công nghiệp
CDH,Công ty Cổ phần Công trình Công cộng và Dịch vụ Du lịch Hải Phòng,CT,2,2700,Hàng & Dịch vụ Công nghiệp
CDH,Công ty Cổ phần Công trình Công cộng và Dịch vụ Du lịch Hải Phòng,CT,3,2790,Tư vấn & Hỗ trợ Kinh doanh
CDH,Công ty Cổ phần Công trình Công cộng và Dịch vụ Du lịch Hải Phòng,CT,4,2799,Chất thải & Môi trường
CDN,Công ty Cổ phần Cảng Đà Nẵng,CT,1,2000,Công nghiệp
CDN,Công ty Cổ phần Cảng Đà Nẵng,CT,2,2700,Hàng & Dịch vụ Công nghiệp
CDN,Công ty Cổ phần Cảng Đà Nẵng,CT,3,2770,Vận tải
CDN,Công ty Cổ phần Cảng Đà Nẵng,CT,4,2777,"Kho bãi, hậu cần và bảo dưỡng"
CDO,Công ty Cổ phần Tư vấn Thiết kế và Phát triển Đô thị,CT,1,2000,Công nghiệp
CDO,Công ty Cổ phần Tư vấn Thiết kế và Phát triển Đô thị,CT,2,2300,Xây dựng và Vật liệu
CDO,Công ty Cổ phần Tư vấn Thiết kế và Phát triển Đô thị,CT,3,2350,Xây dựng và Vật liệu
CDO,Công ty Cổ phần Tư vấn Thiết kế và Phát triển Đô thị,CT,4,2357,Xây dựng
CDP,Công ty Cổ phần Dược phẩm Trung ương Codupha,CT,1,4000,Dược phẩm và Y tế
CDP,Công ty Cổ phần Dược phẩm Trung ương Codupha,CT,2,4500,Y tế
CDP,Công ty Cổ phần Dược phẩm Trung ương Codupha,CT,3,4570,Dược phẩm
CDP,Công ty Cổ phần Dược phẩm Trung ương Codupha,CT,4,4577,Dược phẩm
CDR,Công ty Cổ phần Xây dựng Cao su Đồng Nai,CT,1,2000,Công nghiệp
CDR,Công ty Cổ phần Xây dựng Cao su Đồng Nai,CT,2,2300,Xây dựng và Vật liệu
CDR,Công ty Cổ phần Xây dựng Cao su Đồng Nai,CT,3,2350,Xây dựng và Vật liệu
CDR,Công ty Cổ phần Xây dựng Cao su Đồng Nai,CT,4,2357,Xây dựng
CDV,Công ty Cổ phần Tư Vấn Đầu Tư Và Thiết Kế Xây Dựng Việt Nam,CT,1,2000,Công nghiệp
CDV,Công ty Cổ phần Tư Vấn Đầu Tư Và Thiết Kế Xây Dựng Việt Nam,CT,2,2300,Xây dựng và Vật liệu
CDV,Công ty Cổ phần Tư Vấn Đầu Tư Và Thiết Kế Xây Dựng Việt Nam,CT,3,2350,Xây dựng và Vật liệu
CDV,Công ty Cổ phần Tư Vấn Đầu Tư Và Thiết Kế Xây Dựng Việt Nam,CT,4,2357,Xây dựng
CE1,Công ty Cổ phần Xây dựng và Thiết bị Công nghiệp CIE1,CT,1,2000,Công nghiệp
CE1,Công ty Cổ phần Xây dựng và Thiết bị Công nghiệp CIE1,CT,2,2700,Hàng & Dịch vụ Công nghiệp
CE1,Công ty Cổ phần Xây dựng và Thiết bị Công nghiệp CIE1,CT,3,2750,Công nghiệp nặng
CE1,Công ty Cổ phần Xây dựng và Thiết bị Công nghiệp CIE1,CT,4,2757,Máy công nghiệp
CEE,Công ty Cổ phần Xây Dựng Hạ Tầng Cii,CT,1,2000,Công nghiệp
CEE,Công ty Cổ phần Xây Dựng Hạ Tầng Cii,CT,2,2300,Xây dựng và Vật liệu
CEE,Công ty Cổ phần Xây Dựng Hạ Tầng Cii,CT,3,2350,Xây dựng và Vật liệu
CEE,Công ty Cổ phần Xây Dựng Hạ Tầng Cii,CT,4,2357,Xây dựng
CEG,Công ty Cổ phần Tập đoàn Xây dựng và Thiết bị Công nghiệp,CT,1,2000,Công nghiệp
CEG,Công ty Cổ phần Tập đoàn Xây dựng và Thiết bị Công nghiệp,CT,2,2300,Xây dựng và Vật liệu
CEG,Công ty Cổ phần Tập đoàn Xây dựng và Thiết bị Công nghiệp,CT,3,2350,Xây dựng và Vật liệu
CEG,Công ty Cổ phần Tập đoàn Xây dựng và Thiết bị Công nghiệp,CT,4,2357,Xây dựng
CEN,Công ty Cổ phần CENCON Việt Nam,CT,1,5000,Dịch vụ Tiêu dùng
CEN,Công ty Cổ phần CENCON Việt Nam,CT,2,5300,Bán lẻ
CEN,Công ty Cổ phần CENCON Việt Nam,CT,3,5370,Bán lẻ
CEN,Công ty Cổ phần CENCON Việt Nam,CT,4,5373,Bán lẻ phức hợp
CEO,Công ty Cổ phần Tập đoàn C.E.O,CT,1,8000,Tài chính
CEO,Công ty Cổ phần Tập đoàn C.E.O,CT,2,8600,Bất động sản
CEO,Công ty Cổ phần Tập đoàn C.E.O,CT,3,8630,Bất động sản
CEO,Công ty Cổ phần Tập đoàn C.E.O,CT,4,8633,Bất động sản
CET,Công ty Cổ phần HTC Holding,CT,1,3000,Hàng Tiêu dùng
CET,Công ty Cổ phần HTC Holding,CT,2,3700,Hàng cá nhân & Gia dụng
CET,Công ty Cổ phần HTC Holding,CT,3,3760,Hàng cá nhân
CET,Công ty Cổ phần HTC Holding,CT,4,3767,Hàng cá nhân
CFM,Công ty Cổ phần Đầu tư CFM,CT,1,2000,Công nghiệp
CFM,Công ty Cổ phần Đầu tư CFM,CT,2,2700,Hàng & Dịch vụ Công nghiệp
CFM,Công ty Cổ phần Đầu tư CFM,CT,3,2790,Tư vấn & Hỗ trợ Kinh doanh
CFM,Công ty Cổ phần Đầu tư CFM,CT,4,2793,Đào tạo & Việc làm
CFV,Công ty Cổ phần Cà phê Thắng Lợi,CT,1,3000,Hàng Tiêu dùng
CFV,Công ty Cổ phần Cà phê Thắng Lợi,CT,2,3500,Thực phẩm và đồ uống
CFV,Công ty Cổ phần Cà phê Thắng Lợi,CT,3,3530,Bia và đồ uống
CFV,Công ty Cổ phần Cà phê Thắng Lợi,CT,4,3537,Đồ uống & giải khát
CGC,Công ty Cổ phần Thương mại và Dịch vụ Cần Giờ,CT,1,7000,Tiện ích Cộng đồng
CGC,Công ty Cổ phần Thương mại và Dịch vụ Cần Giờ,CT,2,7500,"Điện, nước & xăng dầu khí đốt"
CGC,Công ty Cổ phần Thương mại và Dịch vụ Cần Giờ,CT,3,7570,Nước & Khí đốt
CGC,Công ty Cổ phần Thương mại và Dịch vụ Cần Giờ,CT,4,7573,Phân phối xăng dầu & khí đốt
CGL,Công ty Cổ phần Thương Mại Gia Lai,CT,1,5000,Dịch vụ Tiêu dùng
CGL,Công ty Cổ phần Thương Mại Gia Lai,CT,2,5300,Bán lẻ
CGL,Công ty Cổ phần Thương Mại Gia Lai,CT,3,5370,Bán lẻ
CGL,Công ty Cổ phần Thương Mại Gia Lai,CT,4,5373,Bán lẻ phức hợp
CGV,Công ty Cổ phần Vinaceglass,CT,1,2000,Công nghiệp
CGV,Công ty Cổ phần Vinaceglass,CT,2,2300,Xây dựng và Vật liệu
CGV,Công ty Cổ phần Vinaceglass,CT,3,2350,Xây dựng và Vật liệu
CGV,Công ty Cổ phần Vinaceglass,CT,4,2353,Vật liệu xây dựng & Nội thất
CH5,Công ty Cổ phần Xây dựng số 5 Hà Nội,CT,1,2000,Công nghiệp
CH5,Công ty Cổ phần Xây dựng số 5 Hà Nội,CT,2,2300,Xây dựng và Vật liệu
CH5,Công ty Cổ phần Xây dựng số 5 Hà Nội,CT,3,2350,Xây dựng và Vật liệu
CH5,Công ty Cổ phần Xây dựng số 5 Hà Nội,CT,4,2357,Xây dựng
CHC,Công ty Cổ phần Cẩm Hà,CT,1,2000,Công nghiệp
CHC,Công ty Cổ phần Cẩm Hà,CT,2,2300,Xây dựng và Vật liệu
CHC,Công ty Cổ phần Cẩm Hà,CT,3,2350,Xây dựng và Vật liệu
CHC,Công ty Cổ phần Cẩm Hà,CT,4,2353,Vật liệu xây dựng & Nội thất
CHP,Công ty Cổ phần Thủy điện Miền Trung,CT,1,7000,Tiện ích Cộng đồng
CHP,Công ty Cổ phần Thủy điện Miền Trung,CT,2,7500,"Điện, nước & xăng dầu khí đốt"
CHP,Công ty Cổ phần Thủy điện Miền Trung,CT,3,7530,Sản xuất & Phân phối Điện
CHP,Công ty Cổ phần Thủy điện Miền Trung,CT,4,7535,Sản xuất & Phân phối Điện
CHS,Công ty Cổ phần Chiếu sáng Công cộng Thành phố Hồ Chí Minh,CT,1,7000,Tiện ích Cộng đồng
CHS,Công ty Cổ phần Chiếu sáng Công cộng Thành phố Hồ Chí Minh,CT,2,7500,"Điện, nước & xăng dầu khí đốt"
CHS,Công ty Cổ phần Chiếu sáng Công cộng Thành phố Hồ Chí Minh,CT,3,7570,Nước & Khí đốt
CHS,Công ty Cổ phần Chiếu sáng Công cộng Thành phố Hồ Chí Minh,CT,4,7575,Tiện ích khác
CI5,Công ty Cổ phần Đầu tư Xây dựng số 5,CT,1,2000,Công nghiệp
CI5,Công ty Cổ phần Đầu tư Xây dựng số 5,CT,2,2300,Xây dựng và Vật liệu
CI5,Công ty Cổ phần Đầu tư Xây dựng số 5,CT,3,2350,Xây dựng và Vật liệu
CI5,Công ty Cổ phần Đầu tư Xây dựng số 5,CT,4,2357,Xây dựng
CIA,Công ty Cổ Phần Dịch Vụ Sân Bay Quốc Tế Cam Ranh,CT,1,2000,Công nghiệp
CIA,Công ty Cổ Phần Dịch Vụ Sân Bay Quốc Tế Cam Ranh,CT,2,2700,Hàng & Dịch vụ Công nghiệp
CIA,Công ty Cổ Phần Dịch Vụ Sân Bay Quốc Tế Cam Ranh,CT,3,2770,Vận tải
CIA,Công ty Cổ Phần Dịch Vụ Sân Bay Quốc Tế Cam Ranh,CT,4,2777,"Kho bãi, hậu cần và bảo dưỡng"
CIC,Công ty Cổ phần Đầu tư và Xây dựng COTEC,CT,1,2000,Công nghiệp
CIC,Công ty Cổ phần Đầu tư và Xây dựng COTEC,CT,2,2300,Xây dựng và Vật liệu
CIC,Công ty Cổ phần Đầu tư và Xây dựng COTEC,CT,3,2350,Xây dựng và Vật liệu
CIC,Công ty Cổ phần Đầu tư và Xây dựng COTEC,CT,4,2357,Xây dựng
CID,Công ty Cổ phần Xây dựng và Phát triển Cơ sở Hạ tầng,CT,1,2000,Công nghiệp
CID,Công ty Cổ phần Xây dựng và Phát triển Cơ sở Hạ tầng,CT,2,2300,Xây dựng và Vật liệu
CID,Công ty Cổ phần Xây dựng và Phát triển Cơ sở Hạ tầng,CT,3,2350,Xây dựng và Vật liệu
CID,Công ty Cổ phần Xây dựng và Phát triển Cơ sở Hạ tầng,CT,4,2357,Xây dựng
CIE,Công ty Cổ phần Đầu tư và Xây dựng Công trình 128 - CIENCO 1,CT,1,2000,Công nghiệp
CIE,Công ty Cổ phần Đầu tư và Xây dựng Công trình 128 - CIENCO 1,CT,2,2300,Xây dựng và Vật liệu
CIE,Công ty Cổ phần Đầu tư và Xây dựng Công trình 128 - CIENCO 1,CT,3,2350,Xây dựng và Vật liệu
CIE,Công ty Cổ phần Đầu tư và Xây dựng Công trình 128 - CIENCO 1,CT,4,2357,Xây dựng
CIG,Công ty Cổ phần COMA 18,CT,1,2000,Công nghiệp
CIG,Công ty Cổ phần COMA 18,CT,2,2300,Xây dựng và Vật liệu
CIG,Công ty Cổ phần COMA 18,CT,3,2350,Xây dựng và Vật liệu
CIG,Công ty Cổ phần COMA 18,CT,4,2357,Xây dựng
CII,Công ty Cổ phần Đầu tư Hạ tầng Kỹ thuật Thành phố Hồ Chí Minh,CT,1,2000,Công nghiệp
CII,Công ty Cổ phần Đầu tư Hạ tầng Kỹ thuật Thành phố Hồ Chí Minh,CT,2,2300,Xây dựng và Vật liệu
CII,Công ty Cổ phần Đầu tư Hạ tầng Kỹ thuật Thành phố Hồ Chí Minh,CT,3,2350,Xây dựng và Vật liệu
CII,Công ty Cổ phần Đầu tư Hạ tầng Kỹ thuật Thành phố Hồ Chí Minh,CT,4,2357,Xây dựng
CIP,Công ty Cổ phần Xây lắp và Sản xuất Công nghiệp,CT,1,2000,Công nghiệp
CIP,Công ty Cổ phần Xây lắp và Sản xuất Công nghiệp,CT,2,2300,Xây dựng và Vật liệu
CIP,Công ty Cổ phần Xây lắp và Sản xuất Công nghiệp,CT,3,2350,Xây dựng và Vật liệu
CIP,Công ty Cổ phần Xây lắp và Sản xuất Công nghiệp,CT,4,2357,Xây dựng
CJC,Công ty Cổ phần Cơ điện Miền Trung,CT,1,2000,Công nghiệp
CJC,Công ty Cổ phần Cơ điện Miền Trung,CT,2,2700,Hàng & Dịch vụ Công nghiệp
CJC,Công ty Cổ phần Cơ điện Miền Trung,CT,3,2730,Điện tử & Thiết bị điện
CJC,Công ty Cổ phần Cơ điện Miền Trung,CT,4,2737,Thiết bị điện
CK8,Công ty Cổ phần Cơ khí 120,CT,1,8000,Tài chính
CK8,Công ty Cổ phần Cơ khí 120,CT,2,8600,Bất động sản
CK8,Công ty Cổ phần Cơ khí 120,CT,3,8630,Bất động sản
CK8,Công ty Cổ phần Cơ khí 120,CT,4,8633,Bất động sản
CKA,Công ty Cổ phần Cơ khí An Giang,CT,1,2000,Công nghiệp
CKA,Công ty Cổ phần Cơ khí An Giang,CT,2,2700,Hàng & Dịch vụ Công nghiệp
CKA,Công ty Cổ phần Cơ khí An Giang,CT,3,2750,Công nghiệp nặng
CKA,Công ty Cổ phần Cơ khí An Giang,CT,4,2757,Máy công nghiệp
CKD,Công ty Cổ phần Cơ khí Đông Anh Licogi,CT,1,2000,Công nghiệp
CKD,Công ty Cổ phần Cơ khí Đông Anh Licogi,CT,2,2700,Hàng & Dịch vụ Công nghiệp
CKD,Công ty Cổ phần Cơ khí Đông Anh Licogi,CT,3,2750,Công nghiệp nặng
CKD,Công ty Cổ phần Cơ khí Đông Anh Licogi,CT,4,2757,Máy công nghiệp
CKG,Công ty Cổ phần Tập đoàn CIC,CT,1,8000,Tài chính
CKG,Công ty Cổ phần Tập đoàn CIC,CT,2,8600,Bất động sản
CKG,Công ty Cổ phần Tập đoàn CIC,CT,3,8630,Bất động sản
CKG,Công ty Cổ phần Tập đoàn CIC,CT,4,8633,Bất động sản
CKM,Công ty Cổ phần Cơ khí Mỏ Việt Bắc,CT,1,2000,Công nghiệp
CKM,Công ty Cổ phần Cơ khí Mỏ Việt Bắc,CT,2,2700,Hàng & Dịch vụ Công nghiệp
CKM,Công ty Cổ phần Cơ khí Mỏ Việt Bắc,CT,3,2750,Công nghiệp nặng
CKM,Công ty Cổ phần Cơ khí Mỏ Việt Bắc,CT,4,2757,Máy công nghiệp
CKV,Công ty Cổ phần CokyVina,CT,1,9000,Công nghệ Thông tin
CKV,Công ty Cổ phần CokyVina,CT,2,9500,Công nghệ Thông tin
CKV,Công ty Cổ phần CokyVina,CT,3,9570,Thiết bị và Phần cứng
CKV,Công ty Cổ phần CokyVina,CT,4,9578,Thiết bị viễn thông
CLC,Công ty Cổ phần Cát Lợi,CT,1,3000,Hàng Tiêu dùng
CLC,Công ty Cổ phần Cát Lợi,CT,2,3700,Hàng cá nhân & Gia dụng
CLC,Công ty Cổ phần Cát Lợi,CT,3,3780,Thuốc lá
CLC,Công ty Cổ phần Cát Lợi,CT,4,3785,Thuốc lá
CLG,Công ty Cổ phần Đầu tư và Phát triển Nhà đất Cotec,CT,1,8000,Tài chính
CLG,Công ty Cổ phần Đầu tư và Phát triển Nhà đất Cotec,CT,2,8600,Bất động sản
CLG,Công ty Cổ phần Đầu tư và Phát triển Nhà đất Cotec,CT,3,8630,Bất động sản
CLG,Công ty Cổ phần Đầu tư và Phát triển Nhà đất Cotec,CT,4,8633,Bất động sản
CLH,Công ty Cổ phần Xi măng La Hiên VVMI,CT,1,2000,Công nghiệp
CLH,Công ty Cổ phần Xi măng La Hiên VVMI,CT,2,2300,Xây dựng và Vật liệu
CLH,Công ty Cổ phần Xi măng La Hiên VVMI,CT,3,2350,Xây dựng và Vật liệu
CLH,Công ty Cổ phần Xi măng La Hiên VVMI,CT,4,2353,Vật liệu xây dựng & Nội thất
CLI,Công ty Cổ phần Tập đoàn CNCTech,CT,1,1000,Nguyên vật liệu
CLI,Công ty Cổ phần Tập đoàn CNCTech,CT,2,1700,Tài nguyên Cơ bản
CLI,Công ty Cổ phần Tập đoàn CNCTech,CT,3,1750,Kim loại
CLI,Công ty Cổ phần Tập đoàn CNCTech,CT,4,1755,Kim Loại màu
CLL,Công ty Cổ phần Cảng Cát Lái,CT,1,2000,Công nghiệp
CLL,Công ty Cổ phần Cảng Cát Lái,CT,2,2700,Hàng & Dịch vụ Công nghiệp
CLL,Công ty Cổ phần Cảng Cát Lái,CT,3,2770,Vận tải
CLL,Công ty Cổ phần Cảng Cát Lái,CT,4,2777,"Kho bãi, hậu cần và bảo dưỡng"
CLM,Công ty Cổ phần Xuất nhập khẩu Than - Vinacomin,CT,1,1000,Nguyên vật liệu
CLM,Công ty Cổ phần Xuất nhập khẩu Than - Vinacomin,CT,2,1700,Tài nguyên Cơ bản
CLM,Công ty Cổ phần Xuất nhập khẩu Than - Vinacomin,CT,3,1770,Khai khoáng
CLM,Công ty Cổ phần Xuất nhập khẩu Than - Vinacomin,CT,4,1771,Khai thác Than
CLW,Công ty Cổ phần Cấp nước Chợ Lớn,CT,1,7000,Tiện ích Cộng đồng
CLW,Công ty Cổ phần Cấp nước Chợ Lớn,CT,2,7500,"Điện, nước & xăng dầu khí đốt"
CLW,Công ty Cổ phần Cấp nước Chợ Lớn,CT,3,7570,Nước & Khí đốt
CLW,Công ty Cổ phần Cấp nước Chợ Lớn,CT,4,7577,Nước
CLX,Công ty Cổ phần Xuất nhập khẩu và Đầu tư Chợ Lớn (CHOLIMEX),CT,1,3000,Hàng Tiêu dùng
CLX,Công ty Cổ phần Xuất nhập khẩu và Đầu tư Chợ Lớn (CHOLIMEX),CT,2,3500,Thực phẩm và đồ uống
CLX,Công ty Cổ phần Xuất nhập khẩu và Đầu tư Chợ Lớn (CHOLIMEX),CT,3,3570,Sản xuất thực phẩm
CLX,Công ty Cổ phần Xuất nhập khẩu và Đầu tư Chợ Lớn (CHOLIMEX),CT,4,3577,Thực phẩm
CMC,Công ty Cổ phần Đầu tư CMC,CT,1,2000,Công nghiệp
CMC,Công ty Cổ phần Đầu tư CMC,CT,2,2700,Hàng & Dịch vụ Công nghiệp
CMC,Công ty Cổ phần Đầu tư CMC,CT,3,2750,Công nghiệp nặng
CMC,Công ty Cổ phần Đầu tư CMC,CT,4,2757,Máy công nghiệp
CMD,Công ty Cổ phần Vật liệu xây dựng và Trang trí nội thất TP. Hồ Chí Minh,CT,1,2000,Công nghiệp
CMD,Công ty Cổ phần Vật liệu xây dựng và Trang trí nội thất TP. Hồ Chí Minh,CT,2,2300,Xây dựng và Vật liệu
CMD,Công ty Cổ phần Vật liệu xây dựng và Trang trí nội thất TP. Hồ Chí Minh,CT,3,2350,Xây dựng và Vật liệu
CMD,Công ty Cổ phần Vật liệu xây dựng và Trang trí nội thất TP. Hồ Chí Minh,CT,4,2353,Vật liệu xây dựng & Nội thất
CMF,Công ty Cổ phần Thực phẩm Cholimex,CT,1,3000,Hàng Tiêu dùng
CMF,Công ty Cổ phần Thực phẩm Cholimex,CT,2,3500,Thực phẩm và đồ uống
CMF,Công ty Cổ phần Thực phẩm Cholimex,CT,3,3570,Sản xuất thực phẩm
CMF,Công ty Cổ phần Thực phẩm Cholimex,CT,4,3577,Thực phẩm
CMG,Công ty Cổ phần Tập đoàn Công nghệ CMC,CT,1,9000,Công nghệ Thông tin
CMG,Công ty Cổ phần Tập đoàn Công nghệ CMC,CT,2,9500,Công nghệ Thông tin
CMG,Công ty Cổ phần Tập đoàn Công nghệ CMC,CT,3,9530,Phần mềm & Dịch vụ Máy tính
CMG,Công ty Cổ phần Tập đoàn Công nghệ CMC,CT,4,9533,Dịch vụ Máy tính
CMI,Công ty Cổ phần CMISTONE Việt Nam,CT,1,2000,Công nghiệp
CMI,Công ty Cổ phần CMISTONE Việt Nam,CT,2,2300,Xây dựng và Vật liệu
CMI,Công ty Cổ phần CMISTONE Việt Nam,CT,3,2350,Xây dựng và Vật liệu
CMI,Công ty Cổ phần CMISTONE Việt Nam,CT,4,2353,Vật liệu xây dựng & Nội thất
CMK,Công ty Cổ phần Cơ khí Mạo Khê - Vinacomin,CT,1,2000,Công nghiệp
CMK,Công ty Cổ phần Cơ khí Mạo Khê - Vinacomin,CT,2,2700,Hàng & Dịch vụ Công nghiệp
CMK,Công ty Cổ phần Cơ khí Mạo Khê - Vinacomin,CT,3,2750,Công nghiệp nặng
CMK,Công ty Cổ phần Cơ khí Mạo Khê - Vinacomin,CT,4,2757,Máy công nghiệp
CMM,Công ty Cổ phần Camimex,CT,1,3000,Hàng Tiêu dùng
CMM,Công ty Cổ phần Camimex,CT,2,3500,Thực phẩm và đồ uống
CMM,Công ty Cổ phần Camimex,CT,3,3570,Sản xuất thực phẩm
CMM,Công ty Cổ phần Camimex,CT,4,3577,Thực phẩm
CMN,Công ty Cổ phần Lương thực Thực phẩm Colusa - Miliket,CT,1,3000,Hàng Tiêu dùng
CMN,Công ty Cổ phần Lương thực Thực phẩm Colusa - Miliket,CT,2,3500,Thực phẩm và đồ uống
CMN,Công ty Cổ phần Lương thực Thực phẩm Colusa - Miliket,CT,3,3570,Sản xuất thực phẩm
CMN,Công ty Cổ phần Lương thực Thực phẩm Colusa - Miliket,CT,4,3577,Thực phẩm
CMP,Công ty Cổ phần Cảng Chân Mây,CT,1,2000,Công nghiệp
CMP,Công ty Cổ phần Cảng Chân Mây,CT,2,2700,Hàng & Dịch vụ Công nghiệp
CMP,Công ty Cổ phần Cảng Chân Mây,CT,3,2770,Vận tải
CMP,Công ty Cổ phần Cảng Chân Mây,CT,4,2777,"Kho bãi, hậu cần và bảo dưỡng"
CMS,Công ty Cổ phần Tập đoàn CMH Việt Nam,CT,1,2000,Công nghiệp
CMS,Công ty Cổ phần Tập đoàn CMH Việt Nam,CT,2,2300,Xây dựng và Vật liệu
CMS,Công ty Cổ phần Tập đoàn CMH Việt Nam,CT,3,2350,Xây dựng và Vật liệu
CMS,Công ty Cổ phần Tập đoàn CMH Việt Nam,CT,4,2357,Xây dựng
CMT,Công ty Cổ phần Công nghệ mạng và Truyền thông,CT,1,9000,Công nghệ Thông tin
CMT,Công ty Cổ phần Công nghệ mạng và Truyền thông,CT,2,9500,Công nghệ Thông tin
CMT,Công ty Cổ phần Công nghệ mạng và Truyền thông,CT,3,9530,Phần mềm & Dịch vụ Máy tính
CMT,Công ty Cổ phần Công nghệ mạng và Truyền thông,CT,4,9537,Phần mềm
CMV,Công ty Cổ phần Thương nghiệp Cà Mau,CT,1,5000,Dịch vụ Tiêu dùng
CMV,Công ty Cổ phần Thương nghiệp Cà Mau,CT,2,5300,Bán lẻ
CMV,Công ty Cổ phần Thương nghiệp Cà Mau,CT,3,5370,Bán lẻ
CMV,Công ty Cổ phần Thương nghiệp Cà Mau,CT,4,5373,Bán lẻ phức hợp
CMW,Công ty Cổ phần Cấp nước Cà Mau,CT,1,7000,Tiện ích Cộng đồng
CMW,Công ty Cổ phần Cấp nước Cà Mau,CT,2,7500,"Điện, nước & xăng dầu khí đốt"
CMW,Công ty Cổ phần Cấp nước Cà Mau,CT,3,7570,Nước & Khí đốt
CMW,Công ty Cổ phần Cấp nước Cà Mau,CT,4,7577,Nước
CMX,Công ty Cổ phần CAMIMEX Group,CT,1,3000,Hàng Tiêu dùng
CMX,Công ty Cổ phần CAMIMEX Group,CT,2,3500,Thực phẩm và đồ uống
CMX,Công ty Cổ phần CAMIMEX Group,CT,3,3570,Sản xuất thực phẩm
CMX,Công ty Cổ phần CAMIMEX Group,CT,4,3573,Nuôi trồng nông & hải sản
CNA,Công ty Cổ phần Tổng công ty Chè Nghệ An,CT,1,3000,Hàng Tiêu dùng
CNA,Công ty Cổ phần Tổng công ty Chè Nghệ An,CT,2,3500,Thực phẩm và đồ uống
CNA,Công ty Cổ phần Tổng công ty Chè Nghệ An,CT,3,3570,Sản xuất thực phẩm
CNA,Công ty Cổ phần Tổng công ty Chè Nghệ An,CT,4,3573,Nuôi trồng nông & hải sản
CNC,Công ty Cổ phần Công nghệ cao Traphaco,CT,1,4000,Dược phẩm và Y tế
CNC,Công ty Cổ phần Công nghệ cao Traphaco,CT,2,4500,Y tế
CNC,Công ty Cổ phần Công nghệ cao Traphaco,CT,3,4570,Dược phẩm
CNC,Công ty Cổ phần Công nghệ cao Traphaco,CT,4,4577,Dược phẩm
CNG,Công ty Cổ phần CNG Việt Nam,CT,1,7000,Tiện ích Cộng đồng
CNG,Công ty Cổ phần CNG Việt Nam,CT,2,7500,"Điện, nước & xăng dầu khí đốt"
CNG,Công ty Cổ phần CNG Việt Nam,CT,3,7570,Nước & Khí đốt
CNG,Công ty Cổ phần CNG Việt Nam,CT,4,7573,Phân phối xăng dầu & khí đốt
CNN,"Công ty Cổ phần Tư vấn Công nghệ, Thiết bị và Kiểm định Xây dựng - CONINCO",CT,1,2000,Công nghiệp
CNN,"Công ty Cổ phần Tư vấn Công nghệ, Thiết bị và Kiểm định Xây dựng - CONINCO",CT,2,2300,Xây dựng và Vật liệu
CNN,"Công ty Cổ phần Tư vấn Công nghệ, Thiết bị và Kiểm định Xây dựng - CONINCO",CT,3,2350,Xây dựng và Vật liệu
CNN,"Công ty Cổ phần Tư vấn Công nghệ, Thiết bị và Kiểm định Xây dựng - CONINCO",CT,4,2357,Xây dựng
CNT,Công ty Cổ phần Tập đoàn CNT,CT,1,8000,Tài chính
CNT,Công ty Cổ phần Tập đoàn CNT,CT,2,8600,Bất động sản
CNT,Công ty Cổ phần Tập đoàn CNT,CT,3,8630,Bất động sản
CNT,Công ty Cổ phần Tập đoàn CNT,CT,4,8633,Bất động sản
CNX,Công ty Cổ Phần Công Nghệ Và Tư Vấn Cic,CT,1,9000,Công nghệ Thông tin
CNX,Công ty Cổ Phần Công Nghệ Và Tư Vấn Cic,CT,2,9500,Công nghệ Thông tin
CNX,Công ty Cổ Phần Công Nghệ Và Tư Vấn Cic,CT,3,9530,Phần mềm & Dịch vụ Máy tính
CNX,Công ty Cổ Phần Công Nghệ Và Tư Vấn Cic,CT,4,9537,Phần mềm
COM,Công ty Cổ phần Vật tư - Xăng dầu,CT,1,5000,Dịch vụ Tiêu dùng
COM,Công ty Cổ phần Vật tư - Xăng dầu,CT,2,5300,Bán lẻ
COM,Công ty Cổ phần Vật tư - Xăng dầu,CT,3,5370,Bán lẻ
COM,Công ty Cổ phần Vật tư - Xăng dầu,CT,4,5379,Phân phối hàng chuyên dụng
CPA,Công ty Cổ phần Cà phê Phước An,CT,1,3000,Hàng Tiêu dùng
CPA,Công ty Cổ phần Cà phê Phước An,CT,2,3500,Thực phẩm và đồ uống
CPA,Công ty Cổ phần Cà phê Phước An,CT,3,3530,Bia và đồ uống
CPA,Công ty Cổ phần Cà phê Phước An,CT,4,3537,Đồ uống & giải khát
CPC,Công ty Cổ phần Thuốc sát trùng Cần Thơ,CT,1,1000,Nguyên vật liệu
CPC,Công ty Cổ phần Thuốc sát trùng Cần Thơ,CT,2,1300,Hóa chất
CPC,Công ty Cổ phần Thuốc sát trùng Cần Thơ,CT,3,1350,Hóa chất
CPC,Công ty Cổ phần Thuốc sát trùng Cần Thơ,CT,4,1357,"Sản phẩm hóa dầu, Nông dược & Hóa chất khác"
CPH,Công ty Cổ phần Phục vụ Mai táng Hải Phòng,CT,1,5000,Dịch vụ Tiêu dùng
CPH,Công ty Cổ phần Phục vụ Mai táng Hải Phòng,CT,2,5300,Bán lẻ
CPH,Công ty Cổ phần Phục vụ Mai táng Hải Phòng,CT,3,5370,Bán lẻ
CPH,Công ty Cổ phần Phục vụ Mai táng Hải Phòng,CT,4,5377,Dịch vụ tiêu dùng chuyên ngành
CPI,Công ty Cổ phần Đầu tư Cảng Cái Lân,CT,1,2000,Công nghiệp
CPI,Công ty Cổ phần Đầu tư Cảng Cái Lân,CT,2,2700,Hàng & Dịch vụ Công nghiệp
CPI,Công ty Cổ phần Đầu tư Cảng Cái Lân,CT,3,2770,Vận tải
CPI,Công ty Cổ phần Đầu tư Cảng Cái Lân,CT,4,2777,"Kho bãi, hậu cần và bảo dưỡng"
CQN,Công ty Cổ phần Cảng Quảng Ninh,CT,1,2000,Công nghiệp
CQN,Công ty Cổ phần Cảng Quảng Ninh,CT,2,2700,Hàng & Dịch vụ Công nghiệp
CQN,Công ty Cổ phần Cảng Quảng Ninh,CT,3,2770,Vận tải
CQN,Công ty Cổ phần Cảng Quảng Ninh,CT,4,2777,"Kho bãi, hậu cần và bảo dưỡng"
CQT,Công ty Cổ phần Xi măng Quán Triều VVMI,CT,1,2000,Công nghiệp
CQT,Công ty Cổ phần Xi măng Quán Triều VVMI,CT,2,2300,Xây dựng và Vật liệu
CQT,Công ty Cổ phần Xi măng Quán Triều VVMI,CT,3,2350,Xây dựng và Vật liệu
CQT,Công ty Cổ phần Xi măng Quán Triều VVMI,CT,4,2353,Vật liệu xây dựng & Nội thất
CRC,Công ty Cổ phần Create Capital Việt Nam,CT,1,2000,Công nghiệp
CRC,Công ty Cổ phần Create Capital Việt Nam,CT,2,2300,Xây dựng và Vật liệu
CRC,Công ty Cổ phần Create Capital Việt Nam,CT,3,2350,Xây dựng và Vật liệu
CRC,Công ty Cổ phần Create Capital Việt Nam,CT,4,2353,Vật liệu xây dựng & Nội thất
CRE,Công ty Cổ phần Bất động sản Thế Kỷ,CT,1,8000,Tài chính
CRE,Công ty Cổ phần Bất động sản Thế Kỷ,CT,2,8600,Bất động sản
CRE,Công ty Cổ phần Bất động sản Thế Kỷ,CT,3,8630,Bất động sản
CRE,Công ty Cổ phần Bất động sản Thế Kỷ,CT,4,8633,Bất động sản
CRV,Công ty Cổ phần Tập đoàn Bất động sản CRV,CT,1,8000,Tài chính
CRV,Công ty Cổ phần Tập đoàn Bất động sản CRV,CT,2,8600,Bất động sản
CRV,Công ty Cổ phần Tập đoàn Bất động sản CRV,CT,3,8630,Bất động sản
CRV,Công ty Cổ phần Tập đoàn Bất động sản CRV,CT,4,8633,Bất động sản
CSC,Công ty Cổ phần Tập đoàn COTANA,CT,1,2000,Công nghiệp
CSC,Công ty Cổ phần Tập đoàn COTANA,CT,2,2300,Xây dựng và Vật liệu
CSC,Công ty Cổ phần Tập đoàn COTANA,CT,3,2350,Xây dựng và Vật liệu
CSC,Công ty Cổ phần Tập đoàn COTANA,CT,4,2357,Xây dựng
CSI,Công ty Cổ phần Chứng khoán Kirin,CK,1,8000,Tài chính
CSI,Công ty Cổ phần Chứng khoán Kirin,CK,2,8700,Dịch vụ tài chính
CSI,Công ty Cổ phần Chứng khoán Kirin,CK,3,8770,Dịch vụ tài chính
CSI,Công ty Cổ phần Chứng khoán Kirin,CK,4,8777,Môi giới chứng khoán
CSM,Công ty Cổ phần Công nghiệp Cao su Miền Nam,CT,1,3000,Hàng Tiêu dùng
CSM,Công ty Cổ phần Công nghiệp Cao su Miền Nam,CT,2,3300,Ô tô và phụ tùng
CSM,Công ty Cổ phần Công nghiệp Cao su Miền Nam,CT,3,3350,Ô tô và phụ tùng
CSM,Công ty Cổ phần Công nghiệp Cao su Miền Nam,CT,4,3357,Lốp xe
CST,Công ty Cổ phần Than Cao Sơn - TKV,CT,1,1000,Nguyên vật liệu
CST,Công ty Cổ phần Than Cao Sơn - TKV,CT,2,1700,Tài nguyên Cơ bản
CST,Công ty Cổ phần Than Cao Sơn - TKV,CT,3,1770,Khai khoáng
CST,Công ty Cổ phần Than Cao Sơn - TKV,CT,4,1771,Khai thác Than
CSV,Công ty Cổ phần Hóa chất Cơ bản miền Nam,CT,1,1000,Nguyên vật liệu
CSV,Công ty Cổ phần Hóa chất Cơ bản miền Nam,CT,2,1300,Hóa chất
CSV,Công ty Cổ phần Hóa chất Cơ bản miền Nam,CT,3,1350,Hóa chất
CSV,Công ty Cổ phần Hóa chất Cơ bản miền Nam,CT,4,1357,"Sản phẩm hóa dầu, Nông dược & Hóa chất khác"
CT3,Công ty Cổ phần Đầu tư và Xây dựng công trình 3,CT,1,2000,Công nghiệp
CT3,Công ty Cổ phần Đầu tư và Xây dựng công trình 3,CT,2,2300,Xây dựng và Vật liệu
CT3,Công ty Cổ phần Đầu tư và Xây dựng công trình 3,CT,3,2350,Xây dựng và Vật liệu
CT3,Công ty Cổ phần Đầu tư và Xây dựng công trình 3,CT,4,2357,Xây dựng
CT6,Công ty Cổ phần Công trình 6,CT,1,2000,Công nghiệp
CT6,Công ty Cổ phần Công trình 6,CT,2,2300,Xây dựng và Vật liệu
CT6,Công ty Cổ phần Công trình 6,CT,3,2350,Xây dựng và Vật liệu
CT6,Công ty Cổ phần Công trình 6,CT,4,2357,Xây dựng
CTA,Công ty Cổ phần Vinavico,CT,1,2000,Công nghiệp
CTA,Công ty Cổ phần Vinavico,CT,2,2300,Xây dựng và Vật liệu
CTA,Công ty Cổ phần Vinavico,CT,3,2350,Xây dựng và Vật liệu
CTA,Công ty Cổ phần Vinavico,CT,4,2357,Xây dựng
CTB,Công ty Cổ phần Chế tạo Bơm Hải Dương,CT,1,2000,Công nghiệp
CTB,Công ty Cổ phần Chế tạo Bơm Hải Dương,CT,2,2700,Hàng & Dịch vụ Công nghiệp
CTB,Công ty Cổ phần Chế tạo Bơm Hải Dương,CT,3,2750,Công nghiệp nặng
CTB,Công ty Cổ phần Chế tạo Bơm Hải Dương,CT,4,2757,Máy công nghiệp
CTC,Công ty Cổ phần Tập đoàn Hoàng Kim Tây Nguyên,CT,1,5000,Dịch vụ Tiêu dùng
CTC,Công ty Cổ phần Tập đoàn Hoàng Kim Tây Nguyên,CT,2,5700,Du lịch và Giải trí
CTC,Công ty Cổ phần Tập đoàn Hoàng Kim Tây Nguyên,CT,3,5750,Du lịch & Giải trí
CTC,Công ty Cổ phần Tập đoàn Hoàng Kim Tây Nguyên,CT,4,5759,Vận tải hành khách & Du lịch
CTD,Công ty Cổ phần Xây dựng Coteccons,CT,1,2000,Công nghiệp
CTD,Công ty Cổ phần Xây dựng Coteccons,CT,2,2300,Xây dựng và Vật liệu
CTD,Công ty Cổ phần Xây dựng Coteccons,CT,3,2350,Xây dựng và Vật liệu
CTD,Công ty Cổ phần Xây dựng Coteccons,CT,4,2357,Xây dựng
CTF,Công ty Cổ phần City Auto,CT,1,3000,Hàng Tiêu dùng
CTF,Công ty Cổ phần City Auto,CT,2,3300,Ô tô và phụ tùng
CTF,Công ty Cổ phần City Auto,CT,3,3350,Ô tô và phụ tùng
CTF,Công ty Cổ phần City Auto,CT,4,3353,Sản xuất ô tô
CTG,Ngân hàng Thương mại Cổ phần Công thương Việt Nam,NH,1,8301,Ngân hàng
CTG,Ngân hàng Thương mại Cổ phần Công thương Việt Nam,NH,2,8300,Ngân hàng
CTG,Ngân hàng Thương mại Cổ phần Công thương Việt Nam,NH,3,8350,Ngân hàng
CTG,Ngân hàng Thương mại Cổ phần Công thương Việt Nam,NH,4,8355,Ngân hàng
CTI,Công ty Cổ phần Đầu tư Phát triển Cường Thuận IDICO,CT,1,2000,Công nghiệp
CTI,Công ty Cổ phần Đầu tư Phát triển Cường Thuận IDICO,CT,2,2300,Xây dựng và Vật liệu
CTI,Công ty Cổ phần Đầu tư Phát triển Cường Thuận IDICO,CT,3,2350,Xây dựng và Vật liệu
CTI,Công ty Cổ phần Đầu tư Phát triển Cường Thuận IDICO,CT,4,2357,Xây dựng
CTN,Công ty Cổ phần Xây dựng Công trình ngầm,CT,1,2000,Công nghiệp
CTN,Công ty Cổ phần Xây dựng Công trình ngầm,CT,2,2300,Xây dựng và Vật liệu
CTN,Công ty Cổ phần Xây dựng Công trình ngầm,CT,3,2350,Xây dựng và Vật liệu
CTN,Công ty Cổ phần Xây dựng Công trình ngầm,CT,4,2357,Xây dựng
CTP,Công ty Cổ phần Tập đoàn CTP Group,CT,1,3000,Hàng Tiêu dùng
CTP,Công ty Cổ phần Tập đoàn CTP Group,CT,2,3500,Thực phẩm và đồ uống
CTP,Công ty Cổ phần Tập đoàn CTP Group,CT,3,3530,Bia và đồ uống
CTP,Công ty Cổ phần Tập đoàn CTP Group,CT,4,3537,Đồ uống & giải khát
CTR,Tổng Công ty Cổ phần Công trình Viettel,CT,1,2000,Công nghiệp
CTR,Tổng Công ty Cổ phần Công trình Viettel,CT,2,2300,Xây dựng và Vật liệu
CTR,Tổng Công ty Cổ phần Công trình Viettel,CT,3,2350,Xây dựng và Vật liệu
CTR,Tổng Công ty Cổ phần Công trình Viettel,CT,4,2357,Xây dựng
CTS,Công ty Cổ phần Chứng khoán Vietinbank,CK,1,8000,Tài chính
CTS,Công ty Cổ phần Chứng khoán Vietinbank,CK,2,8700,Dịch vụ tài chính
CTS,Công ty Cổ phần Chứng khoán Vietinbank,CK,3,8770,Dịch vụ tài chính
CTS,Công ty Cổ phần Chứng khoán Vietinbank,CK,4,8777,Môi giới chứng khoán
CTT,Công ty Cổ phần Chế tạo máy - Vinacomin,CT,1,2000,Công nghiệp
CTT,Công ty Cổ phần Chế tạo máy - Vinacomin,CT,2,2700,Hàng & Dịch vụ Công nghiệp
CTT,Công ty Cổ phần Chế tạo máy - Vinacomin,CT,3,2750,Công nghiệp nặng
CTT,Công ty Cổ phần Chế tạo máy - Vinacomin,CT,4,2757,Máy công nghiệp
CTW,Công ty Cổ phần Cấp thoát nước Cần Thơ,CT,1,7000,Tiện ích Cộng đồng
CTW,Công ty Cổ phần Cấp thoát nước Cần Thơ,CT,2,7500,"Điện, nước & xăng dầu khí đốt"
CTW,Công ty Cổ phần Cấp thoát nước Cần Thơ,CT,3,7570,Nước & Khí đốt
CTW,Công ty Cổ phần Cấp thoát nước Cần Thơ,CT,4,7577,Nước
CTX,Tổng Công ty Cổ phần Đầu tư Xây dựng và Thương mại Việt Nam,CT,1,2000,Công nghiệp
CTX,Tổng Công ty Cổ phần Đầu tư Xây dựng và Thương mại Việt Nam,CT,2,2300,Xây dựng và Vật liệu
CTX,Tổng Công ty Cổ phần Đầu tư Xây dựng và Thương mại Việt Nam,CT,3,2350,Xây dựng và Vật liệu
CTX,Tổng Công ty Cổ phần Đầu tư Xây dựng và Thương mại Việt Nam,CT,4,2357,Xây dựng
CVH,"Công ty Cổ phần Công Viên, Cây Xanh Hải Phòng",CT,1,7000,Tiện ích Cộng đồng
CVH,"Công ty Cổ phần Công Viên, Cây Xanh Hải Phòng",CT,2,7500,"Điện, nước & xăng dầu khí đốt"
CVH,"Công ty Cổ phần Công Viên, Cây Xanh Hải Phòng",CT,3,7570,Nước & Khí đốt
CVH,"Công ty Cổ phần Công Viên, Cây Xanh Hải Phòng",CT,4,7575,Tiện ích khác
CVN,Công ty Cổ phần Vinam,CT,1,4000,Dược phẩm và Y tế
CVN,Công ty Cổ phần Vinam,CT,2,4500,Y tế
CVN,Công ty Cổ phần Vinam,CT,3,4530,Thiết bị và Dịch vụ Y tế
CVN,Công ty Cổ phần Vinam,CT,4,4535,Thiết bị y tế
CVP,Công ty cổ phần Cảng Cửa Việt,CT,1,2000,Công nghiệp
CVP,Công ty cổ phần Cảng Cửa Việt,CT,2,2700,Hàng & Dịch vụ Công nghiệp
CVP,Công ty cổ phần Cảng Cửa Việt,CT,3,2770,Vận tải
CVP,Công ty cổ phần Cảng Cửa Việt,CT,4,2777,"Kho bãi, hậu cần và bảo dưỡng"
CVT,Công ty Cổ phần CMC,CT,1,2000,Công nghiệp
CVT,Công ty Cổ phần CMC,CT,2,2300,Xây dựng và Vật liệu
CVT,Công ty Cổ phần CMC,CT,3,2350,Xây dựng và Vật liệu
CVT,Công ty Cổ phần CMC,CT,4,2353,Vật liệu xây dựng & Nội thất
CX8,Công ty Cổ phần Đầu tư và Xây lắp Constrexim số 8,CT,1,2000,Công nghiệp
CX8,Công ty Cổ phần Đầu tư và Xây lắp Constrexim số 8,CT,2,2300,Xây dựng và Vật liệu
CX8,Công ty Cổ phần Đầu tư và Xây lắp Constrexim số 8,CT,3,2350,Xây dựng và Vật liệu
CX8,Công ty Cổ phần Đầu tư và Xây lắp Constrexim số 8,CT,4,2357,Xây dựng
CYC,Công ty Cổ phần Gạch men Chang Yih,CT,1,2000,Công nghiệp
CYC,Công ty Cổ phần Gạch men Chang Yih,CT,2,2300,Xây dựng và Vật liệu
CYC,Công ty Cổ phần Gạch men Chang Yih,CT,3,2350,Xây dựng và Vật liệu
CYC,Công ty Cổ phần Gạch men Chang Yih,CT,4,2353,Vật liệu xây dựng & Nội thất
D11,Công ty Cổ phần Địa ốc 11,CT,1,8000,Tài chính
D11,Công ty Cổ phần Địa ốc 11,CT,2,8600,Bất động sản
D11,Công ty Cổ phần Địa ốc 11,CT,3,8630,Bất động sản
D11,Công ty Cổ phần Địa ốc 11,CT,4,8633,Bất động sản
D17,Công ty Cổ Phần Đồng Tân,CT,1,1000,Nguyên vật liệu
D17,Công ty Cổ Phần Đồng Tân,CT,2,1700,Tài nguyên Cơ bản
D17,Công ty Cổ Phần Đồng Tân,CT,3,1770,Khai khoáng
D17,Công ty Cổ Phần Đồng Tân,CT,4,1775,Khai khoáng
D2D,Công ty Cổ phần Phát triển Đô thị Công nghiệp số 2,CT,1,8000,Tài chính
D2D,Công ty Cổ phần Phát triển Đô thị Công nghiệp số 2,CT,2,8600,Bất động sản
D2D,Công ty Cổ phần Phát triển Đô thị Công nghiệp số 2,CT,3,8630,Bất động sản
D2D,Công ty Cổ phần Phát triển Đô thị Công nghiệp số 2,CT,4,8633,Bất động sản
DAC,Công ty Cổ phần 382 Đông Anh,CT,1,2000,Công nghiệp
DAC,Công ty Cổ phần 382 Đông Anh,CT,2,2300,Xây dựng và Vật liệu
DAC,Công ty Cổ phần 382 Đông Anh,CT,3,2350,Xây dựng và Vật liệu
DAC,Công ty Cổ phần 382 Đông Anh,CT,4,2353,Vật liệu xây dựng & Nội thất
DAD,Công ty Cổ phần Đầu tư và Phát triển Giáo dục Đà Nẵng,CT,1,5000,Dịch vụ Tiêu dùng
DAD,Công ty Cổ phần Đầu tư và Phát triển Giáo dục Đà Nẵng,CT,2,5500,Truyền thông
DAD,Công ty Cổ phần Đầu tư và Phát triển Giáo dục Đà Nẵng,CT,3,5550,Truyền thông
DAD,Công ty Cổ phần Đầu tư và Phát triển Giáo dục Đà Nẵng,CT,4,5557,"Sách, ấn bản & sản phẩm văn hóa"
DAE,Công ty Cổ phần Sách Giáo dục tại Thành phố Đà Nẵng,CT,1,5000,Dịch vụ Tiêu dùng
DAE,Công ty Cổ phần Sách Giáo dục tại Thành phố Đà Nẵng,CT,2,5500,Truyền thông
DAE,Công ty Cổ phần Sách Giáo dục tại Thành phố Đà Nẵng,CT,3,5550,Truyền thông
DAE,Công ty Cổ phần Sách Giáo dục tại Thành phố Đà Nẵng,CT,4,5557,"Sách, ấn bản & sản phẩm văn hóa"
DAG,Công ty Cổ phần Tập đoàn Nhựa Đông Á,CT,1,1000,Nguyên vật liệu
DAG,Công ty Cổ phần Tập đoàn Nhựa Đông Á,CT,2,1300,Hóa chất
DAG,Công ty Cổ phần Tập đoàn Nhựa Đông Á,CT,3,1350,Hóa chất
DAG,Công ty Cổ phần Tập đoàn Nhựa Đông Á,CT,4,1353,"Nhựa, cao su & sợi"
DAH,Công ty Cổ phần Tập đoàn Khách sạn Đông Á,CT,1,5000,Dịch vụ Tiêu dùng
DAH,Công ty Cổ phần Tập đoàn Khách sạn Đông Á,CT,2,5700,Du lịch và Giải trí
DAH,Công ty Cổ phần Tập đoàn Khách sạn Đông Á,CT,3,5750,Du lịch & Giải trí
DAH,Công ty Cổ phần Tập đoàn Khách sạn Đông Á,CT,4,5753,Khách sạn
DAL,Công ty Cổ Phần Thương Mại Dịch Vụ Phát Triển Đông Á,CT,1,2000,Công nghiệp
DAL,Công ty Cổ Phần Thương Mại Dịch Vụ Phát Triển Đông Á,CT,2,2300,Xây dựng và Vật liệu
DAL,Công ty Cổ Phần Thương Mại Dịch Vụ Phát Triển Đông Á,CT,3,2350,Xây dựng và Vật liệu
DAL,Công ty Cổ Phần Thương Mại Dịch Vụ Phát Triển Đông Á,CT,4,2353,Vật liệu xây dựng & Nội thất
DAN,Công ty Cổ phần Dược Danapha,CT,1,4000,Dược phẩm và Y tế
DAN,Công ty Cổ phần Dược Danapha,CT,2,4500,Y tế
DAN,Công ty Cổ phần Dược Danapha,CT,3,4570,Dược phẩm
DAN,Công ty Cổ phần Dược Danapha,CT,4,4577,Dược phẩm
DAP,Công ty Cổ phần Đông Á,CT,1,2000,Công nghiệp
DAP,Công ty Cổ phần Đông Á,CT,2,2700,Hàng & Dịch vụ Công nghiệp
DAP,Công ty Cổ phần Đông Á,CT,3,2720,Hàng công nghiệp
DAP,Công ty Cổ phần Đông Á,CT,4,2723,Containers & Đóng gói
DAR,Công ty Cổ phần Xe lửa Dĩ An,CT,1,5000,Dịch vụ Tiêu dùng
DAR,Công ty Cổ phần Xe lửa Dĩ An,CT,2,5700,Du lịch và Giải trí
DAR,Công ty Cổ phần Xe lửa Dĩ An,CT,3,5750,Du lịch & Giải trí
DAR,Công ty Cổ phần Xe lửa Dĩ An,CT,4,5759,Vận tải hành khách & Du lịch
DAS,Công ty Cổ phần Máy - Thiết bị Dầu khí Đà Nẵng,CT,1,3000,Hàng Tiêu dùng
DAS,Công ty Cổ phần Máy - Thiết bị Dầu khí Đà Nẵng,CT,2,3300,Ô tô và phụ tùng
DAS,Công ty Cổ phần Máy - Thiết bị Dầu khí Đà Nẵng,CT,3,3350,Ô tô và phụ tùng
DAS,Công ty Cổ phần Máy - Thiết bị Dầu khí Đà Nẵng,CT,4,3353,Sản xuất ô tô
DAT,Công ty Cổ phần Đầu tư Du lịch và Phát triển Thủy sản,CT,1,3000,Hàng Tiêu dùng
DAT,Công ty Cổ phần Đầu tư Du lịch và Phát triển Thủy sản,CT,2,3500,Thực phẩm và đồ uống
DAT,Công ty Cổ phần Đầu tư Du lịch và Phát triển Thủy sản,CT,3,3570,Sản xuất thực phẩm
DAT,Công ty Cổ phần Đầu tư Du lịch và Phát triển Thủy sản,CT,4,3573,Nuôi trồng nông & hải sản
DBC,Công ty Cổ phần Tập đoàn Dabaco Việt Nam,CT,1,3000,Hàng Tiêu dùng
DBC,Công ty Cổ phần Tập đoàn Dabaco Việt Nam,CT,2,3500,Thực phẩm và đồ uống
DBC,Công ty Cổ phần Tập đoàn Dabaco Việt Nam,CT,3,3570,Sản xuất thực phẩm
DBC,Công ty Cổ phần Tập đoàn Dabaco Việt Nam,CT,4,3573,Nuôi trồng nông & hải sản
DBD,Công ty Cổ phần Dược - Trang thiết bị y tế Bình Định (BIDIPHAR),CT,1,4000,Dược phẩm và Y tế
DBD,Công ty Cổ phần Dược - Trang thiết bị y tế Bình Định (BIDIPHAR),CT,2,4500,Y tế
DBD,Công ty Cổ phần Dược - Trang thiết bị y tế Bình Định (BIDIPHAR),CT,3,4570,Dược phẩm
DBD,Công ty Cổ phần Dược - Trang thiết bị y tế Bình Định (BIDIPHAR),CT,4,4577,Dược phẩm
DBH,Công ty Cổ phần Đường bộ Hải Phòng,CT,1,5000,Dịch vụ Tiêu dùng
DBH,Công ty Cổ phần Đường bộ Hải Phòng,CT,2,5700,Du lịch và Giải trí
DBH,Công ty Cổ phần Đường bộ Hải Phòng,CT,3,5750,Du lịch & Giải trí
DBH,Công ty Cổ phần Đường bộ Hải Phòng,CT,4,5759,Vận tải hành khách & Du lịch
DBM,Công ty Cổ phần Dược - Vật tư Y tế Đắk Lắk,CT,1,4000,Dược phẩm và Y tế
DBM,Công ty Cổ phần Dược - Vật tư Y tế Đắk Lắk,CT,2,4500,Y tế
DBM,Công ty Cổ phần Dược - Vật tư Y tế Đắk Lắk,CT,3,4570,Dược phẩm
DBM,Công ty Cổ phần Dược - Vật tư Y tế Đắk Lắk,CT,4,4577,Dược phẩm
DBT,Công ty Cổ phần Dược phẩm Bến Tre,CT,1,4000,Dược phẩm và Y tế
DBT,Công ty Cổ phần Dược phẩm Bến Tre,CT,2,4500,Y tế
DBT,Công ty Cổ phần Dược phẩm Bến Tre,CT,3,4570,Dược phẩm
DBT,Công ty Cổ phần Dược phẩm Bến Tre,CT,4,4577,Dược phẩm
DBV,Công ty Cổ phần Quản lý và Sửa chữa đường bộ Vĩnh Phúc,CT,1,2000,Công nghiệp
DBV,Công ty Cổ phần Quản lý và Sửa chữa đường bộ Vĩnh Phúc,CT,2,2300,Xây dựng và Vật liệu
DBV,Công ty Cổ phần Quản lý và Sửa chữa đường bộ Vĩnh Phúc,CT,3,2350,Xây dựng và Vật liệu
DBV,Công ty Cổ phần Quản lý và Sửa chữa đường bộ Vĩnh Phúc,CT,4,2357,Xây dựng
DBW,Công ty Cổ phần Cấp nước Điện Biên,CT,1,7000,Tiện ích Cộng đồng
DBW,Công ty Cổ phần Cấp nước Điện Biên,CT,2,7500,"Điện, nước & xăng dầu khí đốt"
DBW,Công ty Cổ phần Cấp nước Điện Biên,CT,3,7570,Nước & Khí đốt
DBW,Công ty Cổ phần Cấp nước Điện Biên,CT,4,7577,Nước
DC1,Công ty Cổ phần Đầu tư Phát triển Xây dựng số 1,CT,1,2000,Công nghiệp
DC1,Công ty Cổ phần Đầu tư Phát triển Xây dựng số 1,CT,2,2300,Xây dựng và Vật liệu
DC1,Công ty Cổ phần Đầu tư Phát triển Xây dựng số 1,CT,3,2350,Xây dựng và Vật liệu
DC1,Công ty Cổ phần Đầu tư Phát triển Xây dựng số 1,CT,4,2357,Xây dựng
DC2,Công ty Cổ phần Đầu tư Phát triển - Xây dựng (DIC) số 2,CT,1,2000,Công nghiệp
DC2,Công ty Cổ phần Đầu tư Phát triển - Xây dựng (DIC) số 2,CT,2,2300,Xây dựng và Vật liệu
DC2,Công ty Cổ phần Đầu tư Phát triển - Xây dựng (DIC) số 2,CT,3,2350,Xây dựng và Vật liệu
DC2,Công ty Cổ phần Đầu tư Phát triển - Xây dựng (DIC) số 2,CT,4,2357,Xây dựng
DC4,Công ty Cổ phần Dicera Holdings,CT,1,2000,Công nghiệp
DC4,Công ty Cổ phần Dicera Holdings,CT,2,2300,Xây dựng và Vật liệu
DC4,Công ty Cổ phần Dicera Holdings,CT,3,2350,Xây dựng và Vật liệu
DC4,Công ty Cổ phần Dicera Holdings,CT,4,2357,Xây dựng
DCDE,Quỹ Đầu tư Cổ phiếu Tập trung Cổ tức DC,QU,1,8000,Tài chính
DCDE,Quỹ Đầu tư Cổ phiếu Tập trung Cổ tức DC,QU,2,8700,Dịch vụ tài chính
DCDE,Quỹ Đầu tư Cổ phiếu Tập trung Cổ tức DC,QU,3,8980,Quỹ đầu tư
DCDE,Quỹ Đầu tư Cổ phiếu Tập trung Cổ tức DC,QU,4,8985,Quỹ đầu tư
DCDS,Quỹ Đầu tư Chứng Khoán Năng động DC,QU,1,8000,Tài chính
DCDS,Quỹ Đầu tư Chứng Khoán Năng động DC,QU,2,8700,Dịch vụ tài chính
DCDS,Quỹ Đầu tư Chứng Khoán Năng động DC,QU,3,8980,Quỹ đầu tư
DCDS,Quỹ Đầu tư Chứng Khoán Năng động DC,QU,4,8985,Quỹ đầu tư
DCF,Công ty Cổ phần Xây dựng và Thiết kế số 1,CT,1,2000,Công nghiệp
DCF,Công ty Cổ phần Xây dựng và Thiết kế số 1,CT,2,2300,Xây dựng và Vật liệu
DCF,Công ty Cổ phần Xây dựng và Thiết kế số 1,CT,3,2350,Xây dựng và Vật liệu
DCF,Công ty Cổ phần Xây dựng và Thiết kế số 1,CT,4,2357,Xây dựng
DCG,Công ty Cổ phần Tổng Công ty May Đáp Cầu,CT,1,3000,Hàng Tiêu dùng
DCG,Công ty Cổ phần Tổng Công ty May Đáp Cầu,CT,2,3700,Hàng cá nhân & Gia dụng
DCG,Công ty Cổ phần Tổng Công ty May Đáp Cầu,CT,3,3760,Hàng cá nhân
DCG,Công ty Cổ phần Tổng Công ty May Đáp Cầu,CT,4,3763,Hàng May mặc
DCH,Công ty Cổ phần Địa chính Hà Nội,CT,1,8000,Tài chính
DCH,Công ty Cổ phần Địa chính Hà Nội,CT,2,8600,Bất động sản
DCH,Công ty Cổ phần Địa chính Hà Nội,CT,3,8630,Bất động sản
DCH,Công ty Cổ phần Địa chính Hà Nội,CT,4,8637,"Tư Vấn, Định giá, Môi giới Bất động sản"
DCIP,Quỹ Đầu tư Trái phiếu gia tăng thu nhập cố định DC,QU,1,8000,Tài chính
DCIP,Quỹ Đầu tư Trái phiếu gia tăng thu nhập cố định DC,QU,2,8700,Dịch vụ tài chính
DCIP,Quỹ Đầu tư Trái phiếu gia tăng thu nhập cố định DC,QU,3,8980,Quỹ đầu tư
DCIP,Quỹ Đầu tư Trái phiếu gia tăng thu nhập cố định DC,QU,4,8985,Quỹ đầu tư
DCL,Công ty Cổ phần Dược phẩm Cửu Long,CT,1,4000,Dược phẩm và Y tế
DCL,Công ty Cổ phần Dược phẩm Cửu Long,CT,2,4500,Y tế
DCL,Công ty Cổ phần Dược phẩm Cửu Long,CT,3,4570,Dược phẩm
DCL,Công ty Cổ phần Dược phẩm Cửu Long,CT,4,4577,Dược phẩm
DCM,Công ty Cổ phần - Tổng Công ty Phân bón Dầu Khí Cà Mau,CT,1,1000,Nguyên vật liệu
DCM,Công ty Cổ phần - Tổng Công ty Phân bón Dầu Khí Cà Mau,CT,2,1300,Hóa chất
DCM,Công ty Cổ phần - Tổng Công ty Phân bón Dầu Khí Cà Mau,CT,3,1350,Hóa chất
DCM,Công ty Cổ phần - Tổng Công ty Phân bón Dầu Khí Cà Mau,CT,4,1357,"Sản phẩm hóa dầu, Nông dược & Hóa chất khác"
DCR,Công ty Cổ phần Gạch men COSEVCO,CT,1,2000,Công nghiệp
DCR,Công ty Cổ phần Gạch men COSEVCO,CT,2,2300,Xây dựng và Vật liệu
DCR,Công ty Cổ phần Gạch men COSEVCO,CT,3,2350,Xây dựng và Vật liệu
DCR,Công ty Cổ phần Gạch men COSEVCO,CT,4,2353,Vật liệu xây dựng & Nội thất
DCS,Công ty Cổ phần Tập đoàn EDX,CT,1,3000,Hàng Tiêu dùng
DCS,Công ty Cổ phần Tập đoàn EDX,CT,2,3700,Hàng cá nhân & Gia dụng
DCS,Công ty Cổ phần Tập đoàn EDX,CT,3,3720,Hàng gia dụng
DCS,Công ty Cổ phần Tập đoàn EDX,CT,4,3726,Thiết bị gia dụng
DCT,Công ty Cổ phần Tấm lợp Vật liệu Xây dựng Đồng Nai,CT,1,2000,Công nghiệp
DCT,Công ty Cổ phần Tấm lợp Vật liệu Xây dựng Đồng Nai,CT,2,2300,Xây dựng và Vật liệu
DCT,Công ty Cổ phần Tấm lợp Vật liệu Xây dựng Đồng Nai,CT,3,2350,Xây dựng và Vật liệu
DCT,Công ty Cổ phần Tấm lợp Vật liệu Xây dựng Đồng Nai,CT,4,2353,Vật liệu xây dựng & Nội thất
DCV,Công ty Cổ phần Quản Lý Quỹ đầu tư Dragon Capital Việt Nam,CT,1,8000,Tài chính
DCV,Công ty Cổ phần Quản Lý Quỹ đầu tư Dragon Capital Việt Nam,CT,2,8700,Dịch vụ tài chính
DCV,Công ty Cổ phần Quản Lý Quỹ đầu tư Dragon Capital Việt Nam,CT,3,8770,Dịch vụ tài chính
DCV,Công ty Cổ phần Quản Lý Quỹ đầu tư Dragon Capital Việt Nam,CT,4,8771,Quản lý tài sản
DDB,Công ty Cổ Phần Thương Mại Và Xây Dựng Đông Dương,CT,1,2000,Công nghiệp
DDB,Công ty Cổ Phần Thương Mại Và Xây Dựng Đông Dương,CT,2,2300,Xây dựng và Vật liệu
DDB,Công ty Cổ Phần Thương Mại Và Xây Dựng Đông Dương,CT,3,2350,Xây dựng và Vật liệu
DDB,Công ty Cổ Phần Thương Mại Và Xây Dựng Đông Dương,CT,4,2353,Vật liệu xây dựng & Nội thất
DDG,Công ty Cổ phần Đầu tư Công nghiệp Xuất nhập khẩu Đông Dương,CT,1,7000,Tiện ích Cộng đồng
DDG,Công ty Cổ phần Đầu tư Công nghiệp Xuất nhập khẩu Đông Dương,CT,2,7500,"Điện, nước & xăng dầu khí đốt"
DDG,Công ty Cổ phần Đầu tư Công nghiệp Xuất nhập khẩu Đông Dương,CT,3,7570,Nước & Khí đốt
DDG,Công ty Cổ phần Đầu tư Công nghiệp Xuất nhập khẩu Đông Dương,CT,4,7573,Phân phối xăng dầu & khí đốt
DDH,Công ty Cổ phần Đảm bảo giao thông đường thủy Hải Phòng,CT,1,2000,Công nghiệp
DDH,Công ty Cổ phần Đảm bảo giao thông đường thủy Hải Phòng,CT,2,2700,Hàng & Dịch vụ Công nghiệp
DDH,Công ty Cổ phần Đảm bảo giao thông đường thủy Hải Phòng,CT,3,2770,Vận tải
DDH,Công ty Cổ phần Đảm bảo giao thông đường thủy Hải Phòng,CT,4,2777,"Kho bãi, hậu cần và bảo dưỡng"
DDM,Công ty Cổ phần Hàng hải Đông Đô,CT,1,2000,Công nghiệp
DDM,Công ty Cổ phần Hàng hải Đông Đô,CT,2,2700,Hàng & Dịch vụ Công nghiệp
DDM,Công ty Cổ phần Hàng hải Đông Đô,CT,3,2770,Vận tải
DDM,Công ty Cổ phần Hàng hải Đông Đô,CT,4,2773,Vận tải Thủy
DDN,Công ty Cổ phần Dược - Thiết bị y tế Đà Nẵng,CT,1,4000,Dược phẩm và Y tế
DDN,Công ty Cổ phần Dược - Thiết bị y tế Đà Nẵng,CT,2,4500,Y tế
DDN,Công ty Cổ phần Dược - Thiết bị y tế Đà Nẵng,CT,3,4570,Dược phẩm
DDN,Công ty Cổ phần Dược - Thiết bị y tế Đà Nẵng,CT,4,4577,Dược phẩm
DDV,Công ty Cổ phần DAP - Vinachem,CT,1,1000,Nguyên vật liệu
DDV,Công ty Cổ phần DAP - Vinachem,CT,2,1300,Hóa chất
DDV,Công ty Cổ phần DAP - Vinachem,CT,3,1350,Hóa chất
DDV,Công ty Cổ phần DAP - Vinachem,CT,4,1357,"Sản phẩm hóa dầu, Nông dược & Hóa chất khác"
DFC,Công ty Cổ phần Xích líp Đông Anh,CT,1,1000,Nguyên vật liệu
DFC,Công ty Cổ phần Xích líp Đông Anh,CT,2,1700,Tài nguyên Cơ bản
DFC,Công ty Cổ phần Xích líp Đông Anh,CT,3,1750,Kim loại
DFC,Công ty Cổ phần Xích líp Đông Anh,CT,4,1757,Thép và sản phẩm thép
DFF,Công ty Cổ phần Tập đoàn Đua Fat,CT,1,2000,Công nghiệp
DFF,Công ty Cổ phần Tập đoàn Đua Fat,CT,2,2300,Xây dựng và Vật liệu
DFF,Công ty Cổ phần Tập đoàn Đua Fat,CT,3,2350,Xây dựng và Vật liệu
DFF,Công ty Cổ phần Tập đoàn Đua Fat,CT,4,2357,Xây dựng
DFVN-CAF,Quỹ Đầu tư Tăng trưởng DFVN,QU,1,8000,Tài chính
DFVN-CAF,Quỹ Đầu tư Tăng trưởng DFVN,QU,2,8700,Dịch vụ tài chính
DFVN-CAF,Quỹ Đầu tư Tăng trưởng DFVN,QU,3,8980,Quỹ đầu tư
DFVN-CAF,Quỹ Đầu tư Tăng trưởng DFVN,QU,4,8985,Quỹ đầu tư
DFVN-FIX,Quỹ Đầu tư Trái phiếu DFVN,QU,1,8000,Tài chính
DFVN-FIX,Quỹ Đầu tư Trái phiếu DFVN,QU,2,8700,Dịch vụ tài chính
DFVN-FIX,Quỹ Đầu tư Trái phiếu DFVN,QU,3,8980,Quỹ đầu tư
DFVN-FIX,Quỹ Đầu tư Trái phiếu DFVN,QU,4,8985,Quỹ đầu tư
DGC,Công ty Cổ phần Tập đoàn Hóa chất Đức Giang,CT,1,1000,Nguyên vật liệu
DGC,Công ty Cổ phần Tập đoàn Hóa chất Đức Giang,CT,2,1300,Hóa chất
DGC,Công ty Cổ phần Tập đoàn Hóa chất Đức Giang,CT,3,1350,Hóa chất
DGC,Công ty Cổ phần Tập đoàn Hóa chất Đức Giang,CT,4,1357,"Sản phẩm hóa dầu, Nông dược & Hóa chất khác"
DGT,Công ty Cổ phần Công trình Giao thông Đồng Nai,CT,1,2000,Công nghiệp
DGT,Công ty Cổ phần Công trình Giao thông Đồng Nai,CT,2,2300,Xây dựng và Vật liệu
DGT,Công ty Cổ phần Công trình Giao thông Đồng Nai,CT,3,2350,Xây dựng và Vật liệu
DGT,Công ty Cổ phần Công trình Giao thông Đồng Nai,CT,4,2353,Vật liệu xây dựng & Nội thất
DGW,Công ty Cổ phần Thế Giới Số,CT,1,5000,Dịch vụ Tiêu dùng
DGW,Công ty Cổ phần Thế Giới Số,CT,2,5300,Bán lẻ
DGW,Công ty Cổ phần Thế Giới Số,CT,3,5370,Bán lẻ
DGW,Công ty Cổ phần Thế Giới Số,CT,4,5379,Phân phối hàng chuyên dụng
DHA,Công ty Cổ phần Hóa An,CT,1,2000,Công nghiệp
DHA,Công ty Cổ phần Hóa An,CT,2,2300,Xây dựng và Vật liệu
DHA,Công ty Cổ phần Hóa An,CT,3,2350,Xây dựng và Vật liệu
DHA,Công ty Cổ phần Hóa An,CT,4,2353,Vật liệu xây dựng & Nội thất
DHB,Công ty Cổ phần Phân đạm và Hóa chất Hà Bắc,CT,1,1000,Nguyên vật liệu
DHB,Công ty Cổ phần Phân đạm và Hóa chất Hà Bắc,CT,2,1300,Hóa chất
DHB,Công ty Cổ phần Phân đạm và Hóa chất Hà Bắc,CT,3,1350,Hóa chất
DHB,Công ty Cổ phần Phân đạm và Hóa chất Hà Bắc,CT,4,1357,"Sản phẩm hóa dầu, Nông dược & Hóa chất khác"
DHC,Công ty Cổ phần Đông Hải Bến Tre,CT,1,1000,Nguyên vật liệu
DHC,Công ty Cổ phần Đông Hải Bến Tre,CT,2,1700,Tài nguyên Cơ bản
DHC,Công ty Cổ phần Đông Hải Bến Tre,CT,3,1730,Lâm nghiệp và Giấy
DHC,Công ty Cổ phần Đông Hải Bến Tre,CT,4,1737,Sản xuất giấy
DHD,Công ty Cổ phần Dược Vật Tư Y Tế Hải Dương,CT,1,4000,Dược phẩm và Y tế
DHD,Công ty Cổ phần Dược Vật Tư Y Tế Hải Dương,CT,2,4500,Y tế
DHD,Công ty Cổ phần Dược Vật Tư Y Tế Hải Dương,CT,3,4570,Dược phẩm
DHD,Công ty Cổ phần Dược Vật Tư Y Tế Hải Dương,CT,4,4577,Dược phẩm
DHG,Công ty Cổ phần Dược Hậu Giang,CT,1,4000,Dược phẩm và Y tế
DHG,Công ty Cổ phần Dược Hậu Giang,CT,2,4500,Y tế
DHG,Công ty Cổ phần Dược Hậu Giang,CT,3,4570,Dược phẩm
DHG,Công ty Cổ phần Dược Hậu Giang,CT,4,4577,Dược phẩm
DHM,Công ty Cổ phần Đầu tư và Thương mại DHM,CT,1,1000,Nguyên vật liệu
DHM,Công ty Cổ phần Đầu tư và Thương mại DHM,CT,2,1700,Tài nguyên Cơ bản
DHM,Công ty Cổ phần Đầu tư và Thương mại DHM,CT,3,1770,Khai khoáng
DHM,Công ty Cổ phần Đầu tư và Thương mại DHM,CT,4,1775,Khai khoáng
DHN,Công ty Cổ phần Dược phẩm Hà Nội,CT,1,4000,Dược phẩm và Y tế
DHN,Công ty Cổ phần Dược phẩm Hà Nội,CT,2,4500,Y tế
DHN,Công ty Cổ phần Dược phẩm Hà Nội,CT,3,4570,Dược phẩm
DHN,Công ty Cổ phần Dược phẩm Hà Nội,CT,4,4577,Dược phẩm
DHP,Công ty Cổ phần Điện cơ Hải Phòng,CT,1,2000,Công nghiệp
DHP,Công ty Cổ phần Điện cơ Hải Phòng,CT,2,2700,Hàng & Dịch vụ Công nghiệp
DHP,Công ty Cổ phần Điện cơ Hải Phòng,CT,3,2730,Điện tử & Thiết bị điện
DHP,Công ty Cổ phần Điện cơ Hải Phòng,CT,4,2737,Thiết bị điện
DHQ,Công ty Cổ phần Duyên hải Quảng Ninh,CT,1,5000,Dịch vụ Tiêu dùng
DHQ,Công ty Cổ phần Duyên hải Quảng Ninh,CT,2,5700,Du lịch và Giải trí
DHQ,Công ty Cổ phần Duyên hải Quảng Ninh,CT,3,5750,Du lịch & Giải trí
DHQ,Công ty Cổ phần Duyên hải Quảng Ninh,CT,4,5753,Khách sạn
DHT,Công ty Cổ phần Dược phẩm Hà Tây,CT,1,4000,Dược phẩm và Y tế
DHT,Công ty Cổ phần Dược phẩm Hà Tây,CT,2,4500,Y tế
DHT,Công ty Cổ phần Dược phẩm Hà Tây,CT,3,4570,Dược phẩm
DHT,Công ty Cổ phần Dược phẩm Hà Tây,CT,4,4577,Dược phẩm
DIC,Công ty Cổ phần Đầu tư và Thương mại DIC,CT,1,2000,Công nghiệp
DIC,Công ty Cổ phần Đầu tư và Thương mại DIC,CT,2,2300,Xây dựng và Vật liệu
DIC,Công ty Cổ phần Đầu tư và Thương mại DIC,CT,3,2350,Xây dựng và Vật liệu
DIC,Công ty Cổ phần Đầu tư và Thương mại DIC,CT,4,2353,Vật liệu xây dựng & Nội thất
DID,Công ty Cổ phần DIC - Đồng Tiến,CT,1,2000,Công nghiệp
DID,Công ty Cổ phần DIC - Đồng Tiến,CT,2,2300,Xây dựng và Vật liệu
DID,Công ty Cổ phần DIC - Đồng Tiến,CT,3,2350,Xây dựng và Vật liệu
DID,Công ty Cổ phần DIC - Đồng Tiến,CT,4,2353,Vật liệu xây dựng & Nội thất
DIG,Tổng Công ty Cổ phần Đầu tư Phát triển Xây dựng,CT,1,8000,Tài chính
DIG,Tổng Công ty Cổ phần Đầu tư Phát triển Xây dựng,CT,2,8600,Bất động sản
DIG,Tổng Công ty Cổ phần Đầu tư Phát triển Xây dựng,CT,3,8630,Bất động sản
DIG,Tổng Công ty Cổ phần Đầu tư Phát triển Xây dựng,CT,4,8633,Bất động sản
DIH,Công ty Cổ phần Đầu tư Phát triển Xây dựng - Hội An,CT,1,2000,Công nghiệp
DIH,Công ty Cổ phần Đầu tư Phát triển Xây dựng - Hội An,CT,2,2300,Xây dựng và Vật liệu
DIH,Công ty Cổ phần Đầu tư Phát triển Xây dựng - Hội An,CT,3,2350,Xây dựng và Vật liệu
DIH,Công ty Cổ phần Đầu tư Phát triển Xây dựng - Hội An,CT,4,2357,Xây dựng
DKC,Công ty Cổ phần Chợ Lạng Sơn,CT,1,5000,Dịch vụ Tiêu dùng
DKC,Công ty Cổ phần Chợ Lạng Sơn,CT,2,5300,Bán lẻ
DKC,Công ty Cổ phần Chợ Lạng Sơn,CT,3,5370,Bán lẻ
DKC,Công ty Cổ phần Chợ Lạng Sơn,CT,4,5373,Bán lẻ phức hợp
DKG,Công ty Cổ Phần Tập đoàn DamiK,CT,1,2000,Công nghiệp
DKG,Công ty Cổ Phần Tập đoàn DamiK,CT,2,2300,Xây dựng và Vật liệu
DKG,Công ty Cổ Phần Tập đoàn DamiK,CT,3,2350,Xây dựng và Vật liệu
DKG,Công ty Cổ Phần Tập đoàn DamiK,CT,4,2353,Vật liệu xây dựng & Nội thất
DKP,Công ty Cổ phần Dược Khoa,CT,1,4000,Dược phẩm và Y tế
DKP,Công ty Cổ phần Dược Khoa,CT,2,4500,Y tế
DKP,Công ty Cổ phần Dược Khoa,CT,3,4570,Dược phẩm
DKP,Công ty Cổ phần Dược Khoa,CT,4,4577,Dược phẩm
DKW,Công ty Cổ phần Cấp nước sinh hoạt Châu Thành,CT,1,7000,Tiện ích Cộng đồng
DKW,Công ty Cổ phần Cấp nước sinh hoạt Châu Thành,CT,2,7500,"Điện, nước & xăng dầu khí đốt"
DKW,Công ty Cổ phần Cấp nước sinh hoạt Châu Thành,CT,3,7570,Nước & Khí đốt
DKW,Công ty Cổ phần Cấp nước sinh hoạt Châu Thành,CT,4,7577,Nước
DL1,Công ty Cổ phần Tập đoàn Alpha Seven,CT,1,2000,Công nghiệp
DL1,Công ty Cổ phần Tập đoàn Alpha Seven,CT,2,2700,Hàng & Dịch vụ Công nghiệp
DL1,Công ty Cổ phần Tập đoàn Alpha Seven,CT,3,2770,Vận tải
DL1,Công ty Cổ phần Tập đoàn Alpha Seven,CT,4,2777,"Kho bãi, hậu cần và bảo dưỡng"
DLA,Công ty Cổ phần Đồng Tâm,CT,1,2000,Công nghiệp
DLA,Công ty Cổ phần Đồng Tâm,CT,2,2300,Xây dựng và Vật liệu
DLA,Công ty Cổ phần Đồng Tâm,CT,3,2350,Xây dựng và Vật liệu
DLA,Công ty Cổ phần Đồng Tâm,CT,4,2353,Vật liệu xây dựng & Nội thất
DLD,Công ty Cổ phần Du lịch Đắk Lắk,CT,1,5000,Dịch vụ Tiêu dùng
DLD,Công ty Cổ phần Du lịch Đắk Lắk,CT,2,5700,Du lịch và Giải trí
DLD,Công ty Cổ phần Du lịch Đắk Lắk,CT,3,5750,Du lịch & Giải trí
DLD,Công ty Cổ phần Du lịch Đắk Lắk,CT,4,5753,Khách sạn
DLG,Công ty Cổ phần Tập đoàn Đức Long Gia Lai,CT,1,2000,Công nghiệp
DLG,Công ty Cổ phần Tập đoàn Đức Long Gia Lai,CT,2,2300,Xây dựng và Vật liệu
DLG,Công ty Cổ phần Tập đoàn Đức Long Gia Lai,CT,3,2350,Xây dựng và Vật liệu
DLG,Công ty Cổ phần Tập đoàn Đức Long Gia Lai,CT,4,2357,Xây dựng
DLH,Công ty CP Du Lịch Thanh Hóa,CT,1,5000,Dịch vụ Tiêu dùng
DLH,Công ty CP Du Lịch Thanh Hóa,CT,2,5700,Du lịch và Giải trí
DLH,Công ty CP Du Lịch Thanh Hóa,CT,3,5750,Du lịch & Giải trí
DLH,Công ty CP Du Lịch Thanh Hóa,CT,4,5759,Vận tải hành khách & Du lịch
DLM,Công ty Cổ phần Chiếu sáng công cộng Đà Nẵng,CT,1,7000,Tiện ích Cộng đồng
DLM,Công ty Cổ phần Chiếu sáng công cộng Đà Nẵng,CT,2,7500,"Điện, nước & xăng dầu khí đốt"
DLM,Công ty Cổ phần Chiếu sáng công cộng Đà Nẵng,CT,3,7570,Nước & Khí đốt
DLM,Công ty Cổ phần Chiếu sáng công cộng Đà Nẵng,CT,4,7575,Tiện ích khác
DLR,Công ty Cổ phần Địa ốc Đà Lạt,CT,1,2000,Công nghiệp
DLR,Công ty Cổ phần Địa ốc Đà Lạt,CT,2,2300,Xây dựng và Vật liệu
DLR,Công ty Cổ phần Địa ốc Đà Lạt,CT,3,2350,Xây dựng và Vật liệu
DLR,Công ty Cổ phần Địa ốc Đà Lạt,CT,4,2357,Xây dựng
DLT,Công ty Cổ phần Du lịch và Thương mại - Vinacomin,CT,1,5000,Dịch vụ Tiêu dùng
DLT,Công ty Cổ phần Du lịch và Thương mại - Vinacomin,CT,2,5700,Du lịch và Giải trí
DLT,Công ty Cổ phần Du lịch và Thương mại - Vinacomin,CT,3,5750,Du lịch & Giải trí
DLT,Công ty Cổ phần Du lịch và Thương mại - Vinacomin,CT,4,5759,Vận tải hành khách & Du lịch
DM7,Công ty Cổ phần Dệt may 7,CT,1,3000,Hàng Tiêu dùng
DM7,Công ty Cổ phần Dệt may 7,CT,2,3700,Hàng cá nhân & Gia dụng
DM7,Công ty Cổ phần Dệt may 7,CT,3,3760,Hàng cá nhân
DM7,Công ty Cổ phần Dệt may 7,CT,4,3763,Hàng May mặc
DMC,Công ty Cổ phần Xuất nhập khẩu Y tế DOMESCO,CT,1,4000,Dược phẩm và Y tế
DMC,Công ty Cổ phần Xuất nhập khẩu Y tế DOMESCO,CT,2,4500,Y tế
DMC,Công ty Cổ phần Xuất nhập khẩu Y tế DOMESCO,CT,3,4570,Dược phẩm
DMC,Công ty Cổ phần Xuất nhập khẩu Y tế DOMESCO,CT,4,4577,Dược phẩm
DMH,Công ty Cổ phần Dược Minh Hải,CT,1,4000,Dược phẩm và Y tế
DMH,Công ty Cổ phần Dược Minh Hải,CT,2,4500,Y tế
DMH,Công ty Cổ phần Dược Minh Hải,CT,3,4570,Dược phẩm
DMH,Công ty Cổ phần Dược Minh Hải,CT,4,4577,Dược phẩm
DMN,Công ty Cổ phần Domenal,CT,1,3000,Hàng Tiêu dùng
DMN,Công ty Cổ phần Domenal,CT,2,3500,Thực phẩm và đồ uống
DMN,Công ty Cổ phần Domenal,CT,3,3570,Sản xuất thực phẩm
DMN,Công ty Cổ phần Domenal,CT,4,3573,Nuôi trồng nông & hải sản
DMS,Công ty Cổ phần Hóa phẩm dầu khí DMC - Miền Nam,CT,1,7000,Tiện ích Cộng đồng
DMS,Công ty Cổ phần Hóa phẩm dầu khí DMC - Miền Nam,CT,2,7500,"Điện, nước & xăng dầu khí đốt"
DMS,Công ty Cổ phần Hóa phẩm dầu khí DMC - Miền Nam,CT,3,7570,Nước & Khí đốt
DMS,Công ty Cổ phần Hóa phẩm dầu khí DMC - Miền Nam,CT,4,7573,Phân phối xăng dầu & khí đốt
DMX,Công ty Cổ phần Đầu tư Điện máy Xanh,CT,1,5000,Dịch vụ Tiêu dùng
DMX,Công ty Cổ phần Đầu tư Điện máy Xanh,CT,2,5300,Bán lẻ
DMX,Công ty Cổ phần Đầu tư Điện máy Xanh,CT,3,5370,Bán lẻ
DMX,Công ty Cổ phần Đầu tư Điện máy Xanh,CT,4,5373,Bán lẻ phức hợp
DNA,Công ty Cổ phần Điện nước An Giang,CT,1,7000,Tiện ích Cộng đồng
DNA,Công ty Cổ phần Điện nước An Giang,CT,2,7500,"Điện, nước & xăng dầu khí đốt"
DNA,Công ty Cổ phần Điện nước An Giang,CT,3,7570,Nước & Khí đốt
DNA,Công ty Cổ phần Điện nước An Giang,CT,4,7577,Nước
DNB,Công ty Cổ phần Sách và Thiết bị trường học Đắk Nông,CT,1,5000,Dịch vụ Tiêu dùng
DNB,Công ty Cổ phần Sách và Thiết bị trường học Đắk Nông,CT,2,5500,Truyền thông
DNB,Công ty Cổ phần Sách và Thiết bị trường học Đắk Nông,CT,3,5550,Truyền thông
DNB,Công ty Cổ phần Sách và Thiết bị trường học Đắk Nông,CT,4,5557,"Sách, ấn bản & sản phẩm văn hóa"
DNC,Công ty Cổ phần Điện nước Lắp máy Hải Phòng,CT,1,7000,Tiện ích Cộng đồng
DNC,Công ty Cổ phần Điện nước Lắp máy Hải Phòng,CT,2,7500,"Điện, nước & xăng dầu khí đốt"
DNC,Công ty Cổ phần Điện nước Lắp máy Hải Phòng,CT,3,7530,Sản xuất & Phân phối Điện
DNC,Công ty Cổ phần Điện nước Lắp máy Hải Phòng,CT,4,7535,Sản xuất & Phân phối Điện
DND,Công ty Cổ phần Đầu tư Xây dựng và Vật liệu Đồng Nai,CT,1,2000,Công nghiệp
DND,Công ty Cổ phần Đầu tư Xây dựng và Vật liệu Đồng Nai,CT,2,2300,Xây dựng và Vật liệu
DND,Công ty Cổ phần Đầu tư Xây dựng và Vật liệu Đồng Nai,CT,3,2350,Xây dựng và Vật liệu
DND,Công ty Cổ phần Đầu tư Xây dựng và Vật liệu Đồng Nai,CT,4,2353,Vật liệu xây dựng & Nội thất
DNE,Công ty Cổ phần Môi trường Đô thị Đà Nẵng,CT,1,2000,Công nghiệp
DNE,Công ty Cổ phần Môi trường Đô thị Đà Nẵng,CT,2,2700,Hàng & Dịch vụ Công nghiệp
DNE,Công ty Cổ phần Môi trường Đô thị Đà Nẵng,CT,3,2790,Tư vấn & Hỗ trợ Kinh doanh
DNE,Công ty Cổ phần Môi trường Đô thị Đà Nẵng,CT,4,2799,Chất thải & Môi trường
DNH,Công ty Cổ phần Thủy điện Đa Nhim - Hàm Thuận - Đa Mi,CT,1,7000,Tiện ích Cộng đồng
DNH,Công ty Cổ phần Thủy điện Đa Nhim - Hàm Thuận - Đa Mi,CT,2,7500,"Điện, nước & xăng dầu khí đốt"
DNH,Công ty Cổ phần Thủy điện Đa Nhim - Hàm Thuận - Đa Mi,CT,3,7530,Sản xuất & Phân phối Điện
DNH,Công ty Cổ phần Thủy điện Đa Nhim - Hàm Thuận - Đa Mi,CT,4,7535,Sản xuất & Phân phối Điện
DNL,Công ty Cổ phần Logistics Cảng Đà Nẵng,CT,1,2000,Công nghiệp
DNL,Công ty Cổ phần Logistics Cảng Đà Nẵng,CT,2,2700,Hàng & Dịch vụ Công nghiệp
DNL,Công ty Cổ phần Logistics Cảng Đà Nẵng,CT,3,2770,Vận tải
DNL,Công ty Cổ phần Logistics Cảng Đà Nẵng,CT,4,2777,"Kho bãi, hậu cần và bảo dưỡng"
DNM,Tổng Công ty Cổ phần Y tế Danameco,CT,1,4000,Dược phẩm và Y tế
DNM,Tổng Công ty Cổ phần Y tế Danameco,CT,2,4500,Y tế
DNM,Tổng Công ty Cổ phần Y tế Danameco,CT,3,4530,Thiết bị và Dịch vụ Y tế
DNM,Tổng Công ty Cổ phần Y tế Danameco,CT,4,4537,Dụng cụ y tế
DNN,Công ty Cổ phần Cấp nước Đà Nẵng,CT,1,7000,Tiện ích Cộng đồng
DNN,Công ty Cổ phần Cấp nước Đà Nẵng,CT,2,7500,"Điện, nước & xăng dầu khí đốt"
DNN,Công ty Cổ phần Cấp nước Đà Nẵng,CT,3,7570,Nước & Khí đốt
DNN,Công ty Cổ phần Cấp nước Đà Nẵng,CT,4,7577,Nước
DNP,Công ty Cổ phần DNP Holding,CT,1,2000,Công nghiệp
DNP,Công ty Cổ phần DNP Holding,CT,2,2300,Xây dựng và Vật liệu
DNP,Công ty Cổ phần DNP Holding,CT,3,2350,Xây dựng và Vật liệu
DNP,Công ty Cổ phần DNP Holding,CT,4,2353,Vật liệu xây dựng & Nội thất
DNR,Công ty Cổ phần Đường sắt Quảng Nam - Đà Nẵng,CT,1,2000,Công nghiệp
DNR,Công ty Cổ phần Đường sắt Quảng Nam - Đà Nẵng,CT,2,2700,Hàng & Dịch vụ Công nghiệp
DNR,Công ty Cổ phần Đường sắt Quảng Nam - Đà Nẵng,CT,3,2770,Vận tải
DNR,Công ty Cổ phần Đường sắt Quảng Nam - Đà Nẵng,CT,4,2775,Đường sắt
DNS,Công ty Cổ phần Thép Đà Nẵng,CT,1,1000,Nguyên vật liệu
DNS,Công ty Cổ phần Thép Đà Nẵng,CT,2,1700,Tài nguyên Cơ bản
DNS,Công ty Cổ phần Thép Đà Nẵng,CT,3,1750,Kim loại
DNS,Công ty Cổ phần Thép Đà Nẵng,CT,4,1757,Thép và sản phẩm thép
DNT,Công ty Cổ phần Du lịch Đồng Nai,CT,1,5000,Dịch vụ Tiêu dùng
DNT,Công ty Cổ phần Du lịch Đồng Nai,CT,2,5700,Du lịch và Giải trí
DNT,Công ty Cổ phần Du lịch Đồng Nai,CT,3,5750,Du lịch & Giải trí
DNT,Công ty Cổ phần Du lịch Đồng Nai,CT,4,5755,Dịch vụ giải trí
DNW,Công ty Cổ phần Cấp nước Đồng Nai,CT,1,7000,Tiện ích Cộng đồng
DNW,Công ty Cổ phần Cấp nước Đồng Nai,CT,2,7500,"Điện, nước & xăng dầu khí đốt"
DNW,Công ty Cổ phần Cấp nước Đồng Nai,CT,3,7570,Nước & Khí đốt
DNW,Công ty Cổ phần Cấp nước Đồng Nai,CT,4,7577,Nước
DO3,Công ty Cổ phần Xây dựng và Kinh doanh Địa ốc III,CT,1,8000,Tài chính
DO3,Công ty Cổ phần Xây dựng và Kinh doanh Địa ốc III,CT,2,8600,Bất động sản
DO3,Công ty Cổ phần Xây dựng và Kinh doanh Địa ốc III,CT,3,8630,Bất động sản
DO3,Công ty Cổ phần Xây dựng và Kinh doanh Địa ốc III,CT,4,8633,Bất động sản
DOC,Công ty Cổ phần Vật tư nông nghiệp Đồng Nai,CT,1,1000,Nguyên vật liệu
DOC,Công ty Cổ phần Vật tư nông nghiệp Đồng Nai,CT,2,1300,Hóa chất
DOC,Công ty Cổ phần Vật tư nông nghiệp Đồng Nai,CT,3,1350,Hóa chất
DOC,Công ty Cổ phần Vật tư nông nghiệp Đồng Nai,CT,4,1357,"Sản phẩm hóa dầu, Nông dược & Hóa chất khác"
DOP,Công ty Cổ phần Vận tải Xăng dầu Đồng Tháp,CT,1,2000,Công nghiệp
DOP,Công ty Cổ phần Vận tải Xăng dầu Đồng Tháp,CT,2,2700,Hàng & Dịch vụ Công nghiệp
DOP,Công ty Cổ phần Vận tải Xăng dầu Đồng Tháp,CT,3,2770,Vận tải
DOP,Công ty Cổ phần Vận tải Xăng dầu Đồng Tháp,CT,4,2779,Dịch vụ vận tải
DP1,Công ty Cổ phần Dược phẩm Trung ương CPC1,CT,1,4000,Dược phẩm và Y tế
DP1,Công ty Cổ phần Dược phẩm Trung ương CPC1,CT,2,4500,Y tế
DP1,Công ty Cổ phần Dược phẩm Trung ương CPC1,CT,3,4570,Dược phẩm
DP1,Công ty Cổ phần Dược phẩm Trung ương CPC1,CT,4,4577,Dược phẩm
DP2,Công ty Cổ phần Dược phẩm Trung ương 2,CT,1,4000,Dược phẩm và Y tế
DP2,Công ty Cổ phần Dược phẩm Trung ương 2,CT,2,4500,Y tế
DP2,Công ty Cổ phần Dược phẩm Trung ương 2,CT,3,4570,Dược phẩm
DP2,Công ty Cổ phần Dược phẩm Trung ương 2,CT,4,4577,Dược phẩm
DP3,Công ty Cổ Phần Dược Phẩm Trung Ương 3,CT,1,4000,Dược phẩm và Y tế
DP3,Công ty Cổ Phần Dược Phẩm Trung Ương 3,CT,2,4500,Y tế
DP3,Công ty Cổ Phần Dược Phẩm Trung Ương 3,CT,3,4570,Dược phẩm
DP3,Công ty Cổ Phần Dược Phẩm Trung Ương 3,CT,4,4577,Dược phẩm
DPC,Công ty Cổ phần Nhựa Đà Nẵng,CT,1,2000,Công nghiệp
DPC,Công ty Cổ phần Nhựa Đà Nẵng,CT,2,2700,Hàng & Dịch vụ Công nghiệp
DPC,Công ty Cổ phần Nhựa Đà Nẵng,CT,3,2720,Hàng công nghiệp
DPC,Công ty Cổ phần Nhựa Đà Nẵng,CT,4,2723,Containers & Đóng gói
DPG,Công ty Cổ phần Tập đoàn Đạt Phương,CT,1,2000,Công nghiệp
DPG,Công ty Cổ phần Tập đoàn Đạt Phương,CT,2,2300,Xây dựng và Vật liệu
DPG,Công ty Cổ phần Tập đoàn Đạt Phương,CT,3,2350,Xây dựng và Vật liệu
DPG,Công ty Cổ phần Tập đoàn Đạt Phương,CT,4,2357,Xây dựng
DPH,Công ty Cổ phần Dược phẩm Hải Phòng,CT,1,4000,Dược phẩm và Y tế
DPH,Công ty Cổ phần Dược phẩm Hải Phòng,CT,2,4500,Y tế
DPH,Công ty Cổ phần Dược phẩm Hải Phòng,CT,3,4570,Dược phẩm
DPH,Công ty Cổ phần Dược phẩm Hải Phòng,CT,4,4577,Dược phẩm
DPM,Tổng Công ty Phân bón và Hóa chất Dầu khí - Công ty Cổ phần,CT,1,1000,Nguyên vật liệu
DPM,Tổng Công ty Phân bón và Hóa chất Dầu khí - Công ty Cổ phần,CT,2,1300,Hóa chất
DPM,Tổng Công ty Phân bón và Hóa chất Dầu khí - Công ty Cổ phần,CT,3,1350,Hóa chất
DPM,Tổng Công ty Phân bón và Hóa chất Dầu khí - Công ty Cổ phần,CT,4,1357,"Sản phẩm hóa dầu, Nông dược & Hóa chất khác"
DPP,Công ty Cổ phần Dược Đồng Nai,CT,1,4000,Dược phẩm và Y tế
DPP,Công ty Cổ phần Dược Đồng Nai,CT,2,4500,Y tế
DPP,Công ty Cổ phần Dược Đồng Nai,CT,3,4570,Dược phẩm
DPP,Công ty Cổ phần Dược Đồng Nai,CT,4,4577,Dược phẩm
DPR,Công ty Cổ phần Cao su Đồng Phú,CT,1,1000,Nguyên vật liệu
DPR,Công ty Cổ phần Cao su Đồng Phú,CT,2,1300,Hóa chất
DPR,Công ty Cổ phần Cao su Đồng Phú,CT,3,1350,Hóa chất
DPR,Công ty Cổ phần Cao su Đồng Phú,CT,4,1353,"Nhựa, cao su & sợi"
DPS,Công ty Cổ phần Đầu tư Phát triển Sóc Sơn,CT,1,1000,Nguyên vật liệu
DPS,Công ty Cổ phần Đầu tư Phát triển Sóc Sơn,CT,2,1700,Tài nguyên Cơ bản
DPS,Công ty Cổ phần Đầu tư Phát triển Sóc Sơn,CT,3,1750,Kim loại
DPS,Công ty Cổ phần Đầu tư Phát triển Sóc Sơn,CT,4,1757,Thép và sản phẩm thép
DQC,Công ty Cổ phần Tập đoàn Điện Quang,CT,1,3000,Hàng Tiêu dùng
DQC,Công ty Cổ phần Tập đoàn Điện Quang,CT,2,3700,Hàng cá nhân & Gia dụng
DQC,Công ty Cổ phần Tập đoàn Điện Quang,CT,3,3720,Hàng gia dụng
DQC,Công ty Cổ phần Tập đoàn Điện Quang,CT,4,3726,Thiết bị gia dụng
DRC,Công ty Cổ phần Cao su Đà Nẵng,CT,1,3000,Hàng Tiêu dùng
DRC,Công ty Cổ phần Cao su Đà Nẵng,CT,2,3300,Ô tô và phụ tùng
DRC,Công ty Cổ phần Cao su Đà Nẵng,CT,3,3350,Ô tô và phụ tùng
DRC,Công ty Cổ phần Cao su Đà Nẵng,CT,4,3357,Lốp xe
DRG,Công ty Cổ phần Cao su Đắk Lắk,CT,1,1000,Nguyên vật liệu
DRG,Công ty Cổ phần Cao su Đắk Lắk,CT,2,1300,Hóa chất
DRG,Công ty Cổ phần Cao su Đắk Lắk,CT,3,1350,Hóa chất
DRG,Công ty Cổ phần Cao su Đắk Lắk,CT,4,1353,"Nhựa, cao su & sợi"
DRH,Công ty Cổ phần DRH Holdings,CT,1,8000,Tài chính
DRH,Công ty Cổ phần DRH Holdings,CT,2,8600,Bất động sản
DRH,Công ty Cổ phần DRH Holdings,CT,3,8630,Bất động sản
DRH,Công ty Cổ phần DRH Holdings,CT,4,8633,Bất động sản
DRI,Công ty Cổ phần Đầu tư Cao su Đắk Lắk,CT,1,1000,Nguyên vật liệu
DRI,Công ty Cổ phần Đầu tư Cao su Đắk Lắk,CT,2,1300,Hóa chất
DRI,Công ty Cổ phần Đầu tư Cao su Đắk Lắk,CT,3,1350,Hóa chất
DRI,Công ty Cổ phần Đầu tư Cao su Đắk Lắk,CT,4,1353,"Nhựa, cao su & sợi"
DRL,Công ty Cổ phần Thủy điện - Điện lực 3,CT,1,7000,Tiện ích Cộng đồng
DRL,Công ty Cổ phần Thủy điện - Điện lực 3,CT,2,7500,"Điện, nước & xăng dầu khí đốt"
DRL,Công ty Cổ phần Thủy điện - Điện lực 3,CT,3,7530,Sản xuất & Phân phối Điện
DRL,Công ty Cổ phần Thủy điện - Điện lực 3,CT,4,7535,Sản xuất & Phân phối Điện
DS3,Công ty Cổ phần DS3,CT,1,2000,Công nghiệp
DS3,Công ty Cổ phần DS3,CT,2,2700,Hàng & Dịch vụ Công nghiệp
DS3,Công ty Cổ phần DS3,CT,3,2770,Vận tải
DS3,Công ty Cổ phần DS3,CT,4,2777,"Kho bãi, hậu cần và bảo dưỡng"
DSC,Công ty Cổ phần Chứng khoán DSC,CK,1,8000,Tài chính
DSC,Công ty Cổ phần Chứng khoán DSC,CK,2,8700,Dịch vụ tài chính
DSC,Công ty Cổ phần Chứng khoán DSC,CK,3,8770,Dịch vụ tài chính
DSC,Công ty Cổ phần Chứng khoán DSC,CK,4,8777,Môi giới chứng khoán
DSD,Công ty cổ phần DHC Suối Đôi,CT,1,5000,Dịch vụ Tiêu dùng
DSD,Công ty cổ phần DHC Suối Đôi,CT,2,5700,Du lịch và Giải trí
DSD,Công ty cổ phần DHC Suối Đôi,CT,3,5750,Du lịch & Giải trí
DSD,Công ty cổ phần DHC Suối Đôi,CT,4,5755,Dịch vụ giải trí
DSE,Công ty Cổ phần Chứng khoán DNSE,CK,1,8000,Tài chính
DSE,Công ty Cổ phần Chứng khoán DNSE,CK,2,8700,Dịch vụ tài chính
DSE,Công ty Cổ phần Chứng khoán DNSE,CK,3,8770,Dịch vụ tài chính
DSE,Công ty Cổ phần Chứng khoán DNSE,CK,4,8777,Môi giới chứng khoán
DSG,Công ty Cổ phần Kính Đáp Cầu,CT,1,2000,Công nghiệp
DSG,Công ty Cổ phần Kính Đáp Cầu,CT,2,2300,Xây dựng và Vật liệu
DSG,Công ty Cổ phần Kính Đáp Cầu,CT,3,2350,Xây dựng và Vật liệu
DSG,Công ty Cổ phần Kính Đáp Cầu,CT,4,2353,Vật liệu xây dựng & Nội thất
DSH,Công ty Cổ phần Đông Sơn Holdings,CT,1,2000,Công nghiệp
DSH,Công ty Cổ phần Đông Sơn Holdings,CT,2,2300,Xây dựng và Vật liệu
DSH,Công ty Cổ phần Đông Sơn Holdings,CT,3,2350,Xây dựng và Vật liệu
DSH,Công ty Cổ phần Đông Sơn Holdings,CT,4,2357,Xây dựng
DSN,Công ty Cổ phần Công viên nước Đầm Sen,CT,1,5000,Dịch vụ Tiêu dùng
DSN,Công ty Cổ phần Công viên nước Đầm Sen,CT,2,5700,Du lịch và Giải trí
DSN,Công ty Cổ phần Công viên nước Đầm Sen,CT,3,5750,Du lịch & Giải trí
DSN,Công ty Cổ phần Công viên nước Đầm Sen,CT,4,5755,Dịch vụ giải trí
DSP,Công ty Cổ phần Dịch vụ Du lịch Phú Thọ,CT,1,5000,Dịch vụ Tiêu dùng
DSP,Công ty Cổ phần Dịch vụ Du lịch Phú Thọ,CT,2,5700,Du lịch và Giải trí
DSP,Công ty Cổ phần Dịch vụ Du lịch Phú Thọ,CT,3,5750,Du lịch & Giải trí
DSP,Công ty Cổ phần Dịch vụ Du lịch Phú Thọ,CT,4,5759,Vận tải hành khách & Du lịch
DSS,Công ty Cổ phần Đường sắt Sài Gòn,CT,1,2000,Công nghiệp
DSS,Công ty Cổ phần Đường sắt Sài Gòn,CT,2,2300,Xây dựng và Vật liệu
DSS,Công ty Cổ phần Đường sắt Sài Gòn,CT,3,2350,Xây dựng và Vật liệu
DSS,Công ty Cổ phần Đường sắt Sài Gòn,CT,4,2357,Xây dựng
DST,Công ty Cổ phần Đầu tư Sao Thăng Long,CT,1,5000,Dịch vụ Tiêu dùng
DST,Công ty Cổ phần Đầu tư Sao Thăng Long,CT,2,5500,Truyền thông
DST,Công ty Cổ phần Đầu tư Sao Thăng Long,CT,3,5550,Truyền thông
DST,Công ty Cổ phần Đầu tư Sao Thăng Long,CT,4,5557,"Sách, ấn bản & sản phẩm văn hóa"
DSV,Công ty Cổ phần Đường sắt Vĩnh Phú,CT,1,2000,Công nghiệp
DSV,Công ty Cổ phần Đường sắt Vĩnh Phú,CT,2,2700,Hàng & Dịch vụ Công nghiệp
DSV,Công ty Cổ phần Đường sắt Vĩnh Phú,CT,3,2770,Vận tải
DSV,Công ty Cổ phần Đường sắt Vĩnh Phú,CT,4,2775,Đường sắt
DT4,Công ty Cổ phần Quản lý Đường sông số 4,CT,1,2000,Công nghiệp
DT4,Công ty Cổ phần Quản lý Đường sông số 4,CT,2,2700,Hàng & Dịch vụ Công nghiệp
DT4,Công ty Cổ phần Quản lý Đường sông số 4,CT,3,2770,Vận tải
DT4,Công ty Cổ phần Quản lý Đường sông số 4,CT,4,2777,"Kho bãi, hậu cần và bảo dưỡng"
DTA,Công ty Cổ phần Đệ Tam,CT,1,8000,Tài chính
DTA,Công ty Cổ phần Đệ Tam,CT,2,8600,Bất động sản
DTA,Công ty Cổ phần Đệ Tam,CT,3,8630,Bất động sản
DTA,Công ty Cổ phần Đệ Tam,CT,4,8633,Bất động sản
DTB,Công ty Cổ phần Công trình Đô thị Bảo Lộc,CT,1,2000,Công nghiệp
DTB,Công ty Cổ phần Công trình Đô thị Bảo Lộc,CT,2,2700,Hàng & Dịch vụ Công nghiệp
DTB,Công ty Cổ phần Công trình Đô thị Bảo Lộc,CT,3,2790,Tư vấn & Hỗ trợ Kinh doanh
DTB,Công ty Cổ phần Công trình Đô thị Bảo Lộc,CT,4,2799,Chất thải & Môi trường
DTC,Công ty Cổ phần Viglacera Đông Triều,CT,1,2000,Công nghiệp
DTC,Công ty Cổ phần Viglacera Đông Triều,CT,2,2300,Xây dựng và Vật liệu
DTC,Công ty Cổ phần Viglacera Đông Triều,CT,3,2350,Xây dựng và Vật liệu
DTC,Công ty Cổ phần Viglacera Đông Triều,CT,4,2353,Vật liệu xây dựng & Nội thất
DTD,Công ty Cổ phần Đầu tư Phát triển Thành Đạt,CT,1,8000,Tài chính
DTD,Công ty Cổ phần Đầu tư Phát triển Thành Đạt,CT,2,8600,Bất động sản
DTD,Công ty Cổ phần Đầu tư Phát triển Thành Đạt,CT,3,8630,Bất động sản
DTD,Công ty Cổ phần Đầu tư Phát triển Thành Đạt,CT,4,8633,Bất động sản
DTE,Công ty Cổ phần Đầu tư Năng lượng Đại Trường Thành Holdings,CT,1,7000,Tiện ích Cộng đồng
DTE,Công ty Cổ phần Đầu tư Năng lượng Đại Trường Thành Holdings,CT,2,7500,"Điện, nước & xăng dầu khí đốt"
DTE,Công ty Cổ phần Đầu tư Năng lượng Đại Trường Thành Holdings,CT,3,7530,Sản xuất & Phân phối Điện
DTE,Công ty Cổ phần Đầu tư Năng lượng Đại Trường Thành Holdings,CT,4,7535,Sản xuất & Phân phối Điện
DTG,Công ty Cổ phần Dược phẩm Tipharco,CT,1,4000,Dược phẩm và Y tế
DTG,Công ty Cổ phần Dược phẩm Tipharco,CT,2,4500,Y tế
DTG,Công ty Cổ phần Dược phẩm Tipharco,CT,3,4570,Dược phẩm
DTG,Công ty Cổ phần Dược phẩm Tipharco,CT,4,4577,Dược phẩm
DTH,Công ty Cổ phần Dược - Vật tư Y tế Thanh Hóa,CT,1,4000,Dược phẩm và Y tế
DTH,Công ty Cổ phần Dược - Vật tư Y tế Thanh Hóa,CT,2,4500,Y tế
DTH,Công ty Cổ phần Dược - Vật tư Y tế Thanh Hóa,CT,3,4530,Thiết bị và Dịch vụ Y tế
DTH,Công ty Cổ phần Dược - Vật tư Y tế Thanh Hóa,CT,4,4535,Thiết bị y tế
DTI,Công ty Cổ phần Đầu tư Đức Trung,CT,1,5000,Dịch vụ Tiêu dùng
DTI,Công ty Cổ phần Đầu tư Đức Trung,CT,2,5700,Du lịch và Giải trí
DTI,Công ty Cổ phần Đầu tư Đức Trung,CT,3,5750,Du lịch & Giải trí
DTI,Công ty Cổ phần Đầu tư Đức Trung,CT,4,5753,Khách sạn
DTJ,Công ty Cổ phần Đầu tư Xây dựng Viễn thông Đồng Tháp,CT,1,2000,Công nghiệp
DTJ,Công ty Cổ phần Đầu tư Xây dựng Viễn thông Đồng Tháp,CT,2,2300,Xây dựng và Vật liệu
DTJ,Công ty Cổ phần Đầu tư Xây dựng Viễn thông Đồng Tháp,CT,3,2350,Xây dựng và Vật liệu
DTJ,Công ty Cổ phần Đầu tư Xây dựng Viễn thông Đồng Tháp,CT,4,2357,Xây dựng
DTK,Tổng Công ty Điện lực TKV - Công ty Cổ phần,CT,1,7000,Tiện ích Cộng đồng
DTK,Tổng Công ty Điện lực TKV - Công ty Cổ phần,CT,2,7500,"Điện, nước & xăng dầu khí đốt"
DTK,Tổng Công ty Điện lực TKV - Công ty Cổ phần,CT,3,7530,Sản xuất & Phân phối Điện
DTK,Tổng Công ty Điện lực TKV - Công ty Cổ phần,CT,4,7535,Sản xuất & Phân phối Điện
DTL,Công ty Cổ phần Đại Thiên Lộc,CT,1,1000,Nguyên vật liệu
DTL,Công ty Cổ phần Đại Thiên Lộc,CT,2,1700,Tài nguyên Cơ bản
DTL,Công ty Cổ phần Đại Thiên Lộc,CT,3,1750,Kim loại
DTL,Công ty Cổ phần Đại Thiên Lộc,CT,4,1757,Thép và sản phẩm thép
DTN,Công ty Cổ phần Diêm Thống Nhất,CT,1,3000,Hàng Tiêu dùng
DTN,Công ty Cổ phần Diêm Thống Nhất,CT,2,3700,Hàng cá nhân & Gia dụng
DTN,Công ty Cổ phần Diêm Thống Nhất,CT,3,3760,Hàng cá nhân
DTN,Công ty Cổ phần Diêm Thống Nhất,CT,4,3767,Hàng cá nhân
DTP,Công ty Cổ phần Dược phẩm CPC1 Hà Nội,CT,1,4000,Dược phẩm và Y tế
DTP,Công ty Cổ phần Dược phẩm CPC1 Hà Nội,CT,2,4500,Y tế
DTP,Công ty Cổ phần Dược phẩm CPC1 Hà Nội,CT,3,4570,Dược phẩm
DTP,Công ty Cổ phần Dược phẩm CPC1 Hà Nội,CT,4,4577,Dược phẩm
DTR,Công ty Cổ Phần Đông Tây Land,CT,1,8000,Tài chính
DTR,Công ty Cổ Phần Đông Tây Land,CT,2,8600,Bất động sản
DTR,Công ty Cổ Phần Đông Tây Land,CT,3,8630,Bất động sản
DTR,Công ty Cổ Phần Đông Tây Land,CT,4,8633,Bất động sản
DTT,Công ty Cổ phần Kỹ nghệ Đô Thành,CT,1,1000,Nguyên vật liệu
DTT,Công ty Cổ phần Kỹ nghệ Đô Thành,CT,2,1300,Hóa chất
DTT,Công ty Cổ phần Kỹ nghệ Đô Thành,CT,3,1350,Hóa chất
DTT,Công ty Cổ phần Kỹ nghệ Đô Thành,CT,4,1353,"Nhựa, cao su & sợi"
DTV,Công ty Cổ phần Phát triển điện Trà Vinh,CT,1,7000,Tiện ích Cộng đồng
DTV,Công ty Cổ phần Phát triển điện Trà Vinh,CT,2,7500,"Điện, nước & xăng dầu khí đốt"
DTV,Công ty Cổ phần Phát triển điện Trà Vinh,CT,3,7530,Sản xuất & Phân phối Điện
DTV,Công ty Cổ phần Phát triển điện Trà Vinh,CT,4,7535,Sản xuất & Phân phối Điện
DUS,Công ty Cổ phần Dịch vụ Đô thị Đà Lạt,CT,1,2000,Công nghiệp
DUS,Công ty Cổ phần Dịch vụ Đô thị Đà Lạt,CT,2,2700,Hàng & Dịch vụ Công nghiệp
DUS,Công ty Cổ phần Dịch vụ Đô thị Đà Lạt,CT,3,2790,Tư vấn & Hỗ trợ Kinh doanh
DUS,Công ty Cổ phần Dịch vụ Đô thị Đà Lạt,CT,4,2799,Chất thải & Môi trường
DVC,Công ty Cổ phần Thương mại dịch vụ Tổng Hợp Cảng Hải Phòng,CT,1,7000,Tiện ích Cộng đồng
DVC,Công ty Cổ phần Thương mại dịch vụ Tổng Hợp Cảng Hải Phòng,CT,2,7500,"Điện, nước & xăng dầu khí đốt"
DVC,Công ty Cổ phần Thương mại dịch vụ Tổng Hợp Cảng Hải Phòng,CT,3,7570,Nước & Khí đốt
DVC,Công ty Cổ phần Thương mại dịch vụ Tổng Hợp Cảng Hải Phòng,CT,4,7573,Phân phối xăng dầu & khí đốt
DVG,Công ty Cổ phần Đại Việt Group DVG,CT,1,2000,Công nghiệp
DVG,Công ty Cổ phần Đại Việt Group DVG,CT,2,2300,Xây dựng và Vật liệu
DVG,Công ty Cổ phần Đại Việt Group DVG,CT,3,2350,Xây dựng và Vật liệu
DVG,Công ty Cổ phần Đại Việt Group DVG,CT,4,2353,Vật liệu xây dựng & Nội thất
DVM,Công ty Cổ phần Dược liệu Việt Nam,CT,1,4000,Dược phẩm và Y tế
DVM,Công ty Cổ phần Dược liệu Việt Nam,CT,2,4500,Y tế
DVM,Công ty Cổ phần Dược liệu Việt Nam,CT,3,4570,Dược phẩm
DVM,Công ty Cổ phần Dược liệu Việt Nam,CT,4,4577,Dược phẩm
DVN,Tổng Công ty Dược Việt Nam - CTCP,CT,1,4000,Dược phẩm và Y tế
DVN,Tổng Công ty Dược Việt Nam - CTCP,CT,2,4500,Y tế
DVN,Tổng Công ty Dược Việt Nam - CTCP,CT,3,4570,Dược phẩm
DVN,Tổng Công ty Dược Việt Nam - CTCP,CT,4,4577,Dược phẩm
DVP,Công ty Cổ phần Đầu tư và Phát triển Cảng Đình Vũ,CT,1,2000,Công nghiệp
DVP,Công ty Cổ phần Đầu tư và Phát triển Cảng Đình Vũ,CT,2,2700,Hàng & Dịch vụ Công nghiệp
DVP,Công ty Cổ phần Đầu tư và Phát triển Cảng Đình Vũ,CT,3,2770,Vận tải
DVP,Công ty Cổ phần Đầu tư và Phát triển Cảng Đình Vũ,CT,4,2777,"Kho bãi, hậu cần và bảo dưỡng"
DVT,Công ty Cổ phần Đào tạo và Dịch vụ Giao thông vận tải Bình Định,CT,1,2000,Công nghiệp
DVT,Công ty Cổ phần Đào tạo và Dịch vụ Giao thông vận tải Bình Định,CT,2,2700,Hàng & Dịch vụ Công nghiệp
DVT,Công ty Cổ phần Đào tạo và Dịch vụ Giao thông vận tải Bình Định,CT,3,2790,Tư vấn & Hỗ trợ Kinh doanh
DVT,Công ty Cổ phần Đào tạo và Dịch vụ Giao thông vận tải Bình Định,CT,4,2793,Đào tạo & Việc làm
DVW,Công ty Cổ phần Dịch vụ và Xây dựng cấp nước Đồng Nai,CT,1,2000,Công nghiệp
DVW,Công ty Cổ phần Dịch vụ và Xây dựng cấp nước Đồng Nai,CT,2,2300,Xây dựng và Vật liệu
DVW,Công ty Cổ phần Dịch vụ và Xây dựng cấp nước Đồng Nai,CT,3,2350,Xây dựng và Vật liệu
DVW,Công ty Cổ phần Dịch vụ và Xây dựng cấp nước Đồng Nai,CT,4,2357,Xây dựng
DWC,Công ty Cổ phần Cấp nước Đắk Lắk,CT,1,7000,Tiện ích Cộng đồng
DWC,Công ty Cổ phần Cấp nước Đắk Lắk,CT,2,7500,"Điện, nước & xăng dầu khí đốt"
DWC,Công ty Cổ phần Cấp nước Đắk Lắk,CT,3,7570,Nước & Khí đốt
DWC,Công ty Cổ phần Cấp nước Đắk Lắk,CT,4,7577,Nước
DWS,Công ty Cổ phần Cấp nước và Môi trường Đô thị Đồng Tháp,CT,1,7000,Tiện ích Cộng đồng
DWS,Công ty Cổ phần Cấp nước và Môi trường Đô thị Đồng Tháp,CT,2,7500,"Điện, nước & xăng dầu khí đốt"
DWS,Công ty Cổ phần Cấp nước và Môi trường Đô thị Đồng Tháp,CT,3,7570,Nước & Khí đốt
DWS,Công ty Cổ phần Cấp nước và Môi trường Đô thị Đồng Tháp,CT,4,7577,Nước
DX2,Công ty Cổ phần Đầu tư và Xây dựng 319.2,CT,1,2000,Công nghiệp
DX2,Công ty Cổ phần Đầu tư và Xây dựng 319.2,CT,2,2300,Xây dựng và Vật liệu
DX2,Công ty Cổ phần Đầu tư và Xây dựng 319.2,CT,3,2350,Xây dựng và Vật liệu
DX2,Công ty Cổ phần Đầu tư và Xây dựng 319.2,CT,4,2357,Xây dựng
DXG,Công ty Cổ phần Bluemarq Group,CT,1,8000,Tài chính
DXG,Công ty Cổ phần Bluemarq Group,CT,2,8600,Bất động sản
DXG,Công ty Cổ phần Bluemarq Group,CT,3,8630,Bất động sản
DXG,Công ty Cổ phần Bluemarq Group,CT,4,8633,Bất động sản
DXL,Công ty Cổ phần Du lịch và Xuất nhập khẩu Lạng Sơn,CT,1,5000,Dịch vụ Tiêu dùng
DXL,Công ty Cổ phần Du lịch và Xuất nhập khẩu Lạng Sơn,CT,2,5700,Du lịch và Giải trí
DXL,Công ty Cổ phần Du lịch và Xuất nhập khẩu Lạng Sơn,CT,3,5750,Du lịch & Giải trí
DXL,Công ty Cổ phần Du lịch và Xuất nhập khẩu Lạng Sơn,CT,4,5753,Khách sạn
DXP,Công ty Cổ phần Cảng Đoạn Xá,CT,1,2000,Công nghiệp
DXP,Công ty Cổ phần Cảng Đoạn Xá,CT,2,2700,Hàng & Dịch vụ Công nghiệp
DXP,Công ty Cổ phần Cảng Đoạn Xá,CT,3,2770,Vận tải
DXP,Công ty Cổ phần Cảng Đoạn Xá,CT,4,2777,"Kho bãi, hậu cần và bảo dưỡng"
DXS,Công ty Cổ phần Dịch vụ Bất động sản Đất Xanh,CT,1,8000,Tài chính
DXS,Công ty Cổ phần Dịch vụ Bất động sản Đất Xanh,CT,2,8600,Bất động sản
DXS,Công ty Cổ phần Dịch vụ Bất động sản Đất Xanh,CT,3,8630,Bất động sản
DXS,Công ty Cổ phần Dịch vụ Bất động sản Đất Xanh,CT,4,8637,"Tư Vấn, Định giá, Môi giới Bất động sản"
DXV,Công ty Cổ phần VICEM Vật liệu Xây dựng Đà Nẵng,CT,1,2000,Công nghiệp
DXV,Công ty Cổ phần VICEM Vật liệu Xây dựng Đà Nẵng,CT,2,2300,Xây dựng và Vật liệu
DXV,Công ty Cổ phần VICEM Vật liệu Xây dựng Đà Nẵng,CT,3,2350,Xây dựng và Vật liệu
DXV,Công ty Cổ phần VICEM Vật liệu Xây dựng Đà Nẵng,CT,4,2353,Vật liệu xây dựng & Nội thất
DZM,Công ty Cổ phần Cơ điện Dzĩ An,CT,1,2000,Công nghiệp
DZM,Công ty Cổ phần Cơ điện Dzĩ An,CT,2,2700,Hàng & Dịch vụ Công nghiệp
DZM,Công ty Cổ phần Cơ điện Dzĩ An,CT,3,2750,Công nghiệp nặng
DZM,Công ty Cổ phần Cơ điện Dzĩ An,CT,4,2757,Máy công nghiệp
E12,Công ty Cổ phần Xây Dựng Điện VNECO 12,CT,1,2000,Công nghiệp
E12,Công ty Cổ phần Xây Dựng Điện VNECO 12,CT,2,2300,Xây dựng và Vật liệu
E12,Công ty Cổ phần Xây Dựng Điện VNECO 12,CT,3,2350,Xây dựng và Vật liệu
E12,Công ty Cổ phần Xây Dựng Điện VNECO 12,CT,4,2357,Xây dựng
E1VFVN30,Quỹ ETF DCVFMVN30,QU,1,8000,Tài chính
E1VFVN30,Quỹ ETF DCVFMVN30,QU,2,8700,Dịch vụ tài chính
E1VFVN30,Quỹ ETF DCVFMVN30,QU,3,8980,Quỹ đầu tư
E1VFVN30,Quỹ ETF DCVFMVN30,QU,4,8985,Quỹ đầu tư
E29,Công ty cổ phần Đầu tư Xây dựng và Kỹ thuật 29,CT,1,2000,Công nghiệp
E29,Công ty cổ phần Đầu tư Xây dựng và Kỹ thuật 29,CT,2,2300,Xây dựng và Vật liệu
E29,Công ty cổ phần Đầu tư Xây dựng và Kỹ thuật 29,CT,3,2350,Xây dựng và Vật liệu
E29,Công ty cổ phần Đầu tư Xây dựng và Kỹ thuật 29,CT,4,2357,Xây dựng
EAD,Công ty Cổ phần Thủy điện Điện lực Đắk Lắk,CT,1,7000,Tiện ích Cộng đồng
EAD,Công ty Cổ phần Thủy điện Điện lực Đắk Lắk,CT,2,7500,"Điện, nước & xăng dầu khí đốt"
EAD,Công ty Cổ phần Thủy điện Điện lực Đắk Lắk,CT,3,7530,Sản xuất & Phân phối Điện
EAD,Công ty Cổ phần Thủy điện Điện lực Đắk Lắk,CT,4,7535,Sản xuất & Phân phối Điện
EBS,Công ty Cổ phần Sách Giáo dục tại Thành phố Hà Nội,CT,1,5000,Dịch vụ Tiêu dùng
EBS,Công ty Cổ phần Sách Giáo dục tại Thành phố Hà Nội,CT,2,5500,Truyền thông
EBS,Công ty Cổ phần Sách Giáo dục tại Thành phố Hà Nội,CT,3,5550,Truyền thông
EBS,Công ty Cổ phần Sách Giáo dục tại Thành phố Hà Nội,CT,4,5557,"Sách, ấn bản & sản phẩm văn hóa"
ECI,Công ty Cổ phần Tập đoàn ECI,CT,1,5000,Dịch vụ Tiêu dùng
ECI,Công ty Cổ phần Tập đoàn ECI,CT,2,5500,Truyền thông
ECI,Công ty Cổ phần Tập đoàn ECI,CT,3,5550,Truyền thông
ECI,Công ty Cổ phần Tập đoàn ECI,CT,4,5557,"Sách, ấn bản & sản phẩm văn hóa"
ECO,Công ty Cổ Phần Nhựa Sinh Thái Việt Nam,CT,1,1000,Nguyên vật liệu
ECO,Công ty Cổ Phần Nhựa Sinh Thái Việt Nam,CT,2,1300,Hóa chất
ECO,Công ty Cổ Phần Nhựa Sinh Thái Việt Nam,CT,3,1350,Hóa chất
ECO,Công ty Cổ Phần Nhựa Sinh Thái Việt Nam,CT,4,1353,"Nhựa, cao su & sợi"
EDX,Công ty Cổ phần Tập đoàn Đầu tư EDX,CT,1,5000,Dịch vụ Tiêu dùng
EDX,Công ty Cổ phần Tập đoàn Đầu tư EDX,CT,2,5300,Bán lẻ
EDX,Công ty Cổ phần Tập đoàn Đầu tư EDX,CT,3,5370,Bán lẻ
EDX,Công ty Cổ phần Tập đoàn Đầu tư EDX,CT,4,5373,Bán lẻ phức hợp
EFI,Công ty Cổ phần Đầu tư Tài chính Giáo dục,CT,1,8000,Tài chính
EFI,Công ty Cổ phần Đầu tư Tài chính Giáo dục,CT,2,8600,Bất động sản
EFI,Công ty Cổ phần Đầu tư Tài chính Giáo dục,CT,3,8630,Bất động sản
EFI,Công ty Cổ phần Đầu tư Tài chính Giáo dục,CT,4,8633,Bất động sản
EGL,Công ty Cổ phần Môi Trường Đô Thị Gia Lâm,CT,1,2000,Công nghiệp
EGL,Công ty Cổ phần Môi Trường Đô Thị Gia Lâm,CT,2,2700,Hàng & Dịch vụ Công nghiệp
EGL,Công ty Cổ phần Môi Trường Đô Thị Gia Lâm,CT,3,2790,Tư vấn & Hỗ trợ Kinh doanh
EGL,Công ty Cổ phần Môi Trường Đô Thị Gia Lâm,CT,4,2799,Chất thải & Môi trường
EIB,Ngân hàng Thương mại Cổ phần Xuất nhập khẩu Việt Nam,NH,1,8301,Ngân hàng
EIB,Ngân hàng Thương mại Cổ phần Xuất nhập khẩu Việt Nam,NH,2,8300,Ngân hàng
EIB,Ngân hàng Thương mại Cổ phần Xuất nhập khẩu Việt Nam,NH,3,8350,Ngân hàng
EIB,Ngân hàng Thương mại Cổ phần Xuất nhập khẩu Việt Nam,NH,4,8355,Ngân hàng
EIC,Công ty Cổ phần EVN Quốc Tế,CT,1,2000,Công nghiệp
EIC,Công ty Cổ phần EVN Quốc Tế,CT,2,2300,Xây dựng và Vật liệu
EIC,Công ty Cổ phần EVN Quốc Tế,CT,3,2350,Xây dựng và Vật liệu
EIC,Công ty Cổ phần EVN Quốc Tế,CT,4,2357,Xây dựng
EID,Công ty Cổ phần Đầu tư và Phát triển Giáo dục Hà Nội,CT,1,5000,Dịch vụ Tiêu dùng
EID,Công ty Cổ phần Đầu tư và Phát triển Giáo dục Hà Nội,CT,2,5500,Truyền thông
EID,Công ty Cổ phần Đầu tư và Phát triển Giáo dục Hà Nội,CT,3,5550,Truyền thông
EID,Công ty Cổ phần Đầu tư và Phát triển Giáo dục Hà Nội,CT,4,5557,"Sách, ấn bản & sản phẩm văn hóa"
EIN,Công ty Cổ phần Đầu tư - Thương Mại - Dịch vụ Điện lực,CT,1,5000,Dịch vụ Tiêu dùng
EIN,Công ty Cổ phần Đầu tư - Thương Mại - Dịch vụ Điện lực,CT,2,5700,Du lịch và Giải trí
EIN,Công ty Cổ phần Đầu tư - Thương Mại - Dịch vụ Điện lực,CT,3,5750,Du lịch & Giải trí
EIN,Công ty Cổ phần Đầu tư - Thương Mại - Dịch vụ Điện lực,CT,4,5753,Khách sạn
ELC,Công ty Cổ phần Công nghệ - Viễn thông ELCOM,CT,1,9000,Công nghệ Thông tin
ELC,Công ty Cổ phần Công nghệ - Viễn thông ELCOM,CT,2,9500,Công nghệ Thông tin
ELC,Công ty Cổ phần Công nghệ - Viễn thông ELCOM,CT,3,9570,Thiết bị và Phần cứng
ELC,Công ty Cổ phần Công nghệ - Viễn thông ELCOM,CT,4,9578,Thiết bị viễn thông
EMC,Công ty Cổ phần Cơ điện Thủ Đức,CT,1,2000,Công nghiệp
EMC,Công ty Cổ phần Cơ điện Thủ Đức,CT,2,2700,Hàng & Dịch vụ Công nghiệp
EMC,Công ty Cổ phần Cơ điện Thủ Đức,CT,3,2730,Điện tử & Thiết bị điện
EMC,Công ty Cổ phần Cơ điện Thủ Đức,CT,4,2737,Thiết bị điện
EME,Công ty Cổ phần Điện Cơ,CT,1,2000,Công nghiệp
EME,Công ty Cổ phần Điện Cơ,CT,2,2700,Hàng & Dịch vụ Công nghiệp
EME,Công ty Cổ phần Điện Cơ,CT,3,2730,Điện tử & Thiết bị điện
EME,Công ty Cổ phần Điện Cơ,CT,4,2737,Thiết bị điện
EMG,Công ty Cổ phần Thiết bị Phụ tùng Cơ điện,CT,1,2000,Công nghiệp
EMG,Công ty Cổ phần Thiết bị Phụ tùng Cơ điện,CT,2,2700,Hàng & Dịch vụ Công nghiệp
EMG,Công ty Cổ phần Thiết bị Phụ tùng Cơ điện,CT,3,2730,Điện tử & Thiết bị điện
EMG,Công ty Cổ phần Thiết bị Phụ tùng Cơ điện,CT,4,2737,Thiết bị điện
EMS,Tổng Công ty Chuyển phát nhanh Bưu điện - Công ty Cổ phần,CT,1,2000,Công nghiệp
EMS,Tổng Công ty Chuyển phát nhanh Bưu điện - Công ty Cổ phần,CT,2,2700,Hàng & Dịch vụ Công nghiệp
EMS,Tổng Công ty Chuyển phát nhanh Bưu điện - Công ty Cổ phần,CT,3,2770,Vận tải
EMS,Tổng Công ty Chuyển phát nhanh Bưu điện - Công ty Cổ phần,CT,4,2771,Chuyển phát nhanh
EPC,Công ty Cổ phần Cà Phê Ea Pốk,CT,1,3000,Hàng Tiêu dùng
EPC,Công ty Cổ phần Cà Phê Ea Pốk,CT,2,3500,Thực phẩm và đồ uống
EPC,Công ty Cổ phần Cà Phê Ea Pốk,CT,3,3530,Bia và đồ uống
EPC,Công ty Cổ phần Cà Phê Ea Pốk,CT,4,3537,Đồ uống & giải khát
EPH,Công ty Cổ phần Dịch vụ Xuất bản Giáo dục Hà Nội,CT,1,5000,Dịch vụ Tiêu dùng
EPH,Công ty Cổ phần Dịch vụ Xuất bản Giáo dục Hà Nội,CT,2,5500,Truyền thông
EPH,Công ty Cổ phần Dịch vụ Xuất bản Giáo dục Hà Nội,CT,3,5550,Truyền thông
EPH,Công ty Cổ phần Dịch vụ Xuất bản Giáo dục Hà Nội,CT,4,5557,"Sách, ấn bản & sản phẩm văn hóa"
ESL,Công ty Cổ phần Tiếp vận Đông Sài Gòn,CT,1,2000,Công nghiệp
ESL,Công ty Cổ phần Tiếp vận Đông Sài Gòn,CT,2,2700,Hàng & Dịch vụ Công nghiệp
ESL,Công ty Cổ phần Tiếp vận Đông Sài Gòn,CT,3,2770,Vận tải
ESL,Công ty Cổ phần Tiếp vận Đông Sài Gòn,CT,4,2777,"Kho bãi, hậu cần và bảo dưỡng"
ESO,Công ty Cổ phần Vĩnh Cửu,CT,1,2000,Công nghiệp
ESO,Công ty Cổ phần Vĩnh Cửu,CT,2,2300,Xây dựng và Vật liệu
ESO,Công ty Cổ phần Vĩnh Cửu,CT,3,2350,Xây dựng và Vật liệu
ESO,Công ty Cổ phần Vĩnh Cửu,CT,4,2353,Vật liệu xây dựng & Nội thất
EVE,Công ty Cổ phần Everpia,CT,1,3000,Hàng Tiêu dùng
EVE,Công ty Cổ phần Everpia,CT,2,3700,Hàng cá nhân & Gia dụng
EVE,Công ty Cổ phần Everpia,CT,3,3760,Hàng cá nhân
EVE,Công ty Cổ phần Everpia,CT,4,3763,Hàng May mặc
EVF,Công ty Tài chính Tổng hợp Cổ phần Điện Lực,NH,1,8000,Tài chính
EVF,Công ty Tài chính Tổng hợp Cổ phần Điện Lực,NH,2,8700,Dịch vụ tài chính
EVF,Công ty Tài chính Tổng hợp Cổ phần Điện Lực,NH,3,8770,Dịch vụ tài chính
EVF,Công ty Tài chính Tổng hợp Cổ phần Điện Lực,NH,4,8773,Tài chính cá nhân
EVG,Công ty Cổ phần Tập đoàn Everland,CT,1,2000,Công nghiệp
EVG,Công ty Cổ phần Tập đoàn Everland,CT,2,2300,Xây dựng và Vật liệu
EVG,Công ty Cổ phần Tập đoàn Everland,CT,3,2350,Xây dựng và Vật liệu
EVG,Công ty Cổ phần Tập đoàn Everland,CT,4,2357,Xây dựng
EVS,Công ty Cổ phần Chứng khoán EVS,CK,1,8000,Tài chính
EVS,Công ty Cổ phần Chứng khoán EVS,CK,2,8700,Dịch vụ tài chính
EVS,Công ty Cổ phần Chứng khoán EVS,CK,3,8770,Dịch vụ tài chính
EVS,Công ty Cổ phần Chứng khoán EVS,CK,4,8777,Môi giới chứng khoán
F88,Công ty Cổ phần Đầu tư F88,CT,1,8000,Tài chính
F88,Công ty Cổ phần Đầu tư F88,CT,2,8700,Dịch vụ tài chính
F88,Công ty Cổ phần Đầu tư F88,CT,3,8770,Dịch vụ tài chính
F88,Công ty Cổ phần Đầu tư F88,CT,4,8773,Tài chính cá nhân
FBA,Công ty Cổ phần Tập đoàn Quốc tế FBA,CT,1,3000,Hàng Tiêu dùng
FBA,Công ty Cổ phần Tập đoàn Quốc tế FBA,CT,2,3700,Hàng cá nhân & Gia dụng
FBA,Công ty Cổ phần Tập đoàn Quốc tế FBA,CT,3,3720,Hàng gia dụng
FBA,Công ty Cổ phần Tập đoàn Quốc tế FBA,CT,4,3726,Thiết bị gia dụng
FBC,Công ty Cổ phần Cơ khí Phổ Yên,CT,1,2000,Công nghiệp
FBC,Công ty Cổ phần Cơ khí Phổ Yên,CT,2,2700,Hàng & Dịch vụ Công nghiệp
FBC,Công ty Cổ phần Cơ khí Phổ Yên,CT,3,2750,Công nghiệp nặng
FBC,Công ty Cổ phần Cơ khí Phổ Yên,CT,4,2757,Máy công nghiệp
FBT,Công ty Cổ phần Xuất Nhập Khẩu Lâm Thủy Sản Bến Tre,CT,1,3000,Hàng Tiêu dùng
FBT,Công ty Cổ phần Xuất Nhập Khẩu Lâm Thủy Sản Bến Tre,CT,2,3500,Thực phẩm và đồ uống
FBT,Công ty Cổ phần Xuất Nhập Khẩu Lâm Thủy Sản Bến Tre,CT,3,3570,Sản xuất thực phẩm
FBT,Công ty Cổ phần Xuất Nhập Khẩu Lâm Thủy Sản Bến Tre,CT,4,3573,Nuôi trồng nông & hải sản
FCC,Công ty Cổ phần Liên hợp Thực phẩm,CT,1,8000,Tài chính
FCC,Công ty Cổ phần Liên hợp Thực phẩm,CT,2,8600,Bất động sản
FCC,Công ty Cổ phần Liên hợp Thực phẩm,CT,3,8630,Bất động sản
FCC,Công ty Cổ phần Liên hợp Thực phẩm,CT,4,8633,Bất động sản
FCM,Công ty Cổ phần Bê tông Phan Vũ Hà Nam,CT,1,2000,Công nghiệp
FCM,Công ty Cổ phần Bê tông Phan Vũ Hà Nam,CT,2,2300,Xây dựng và Vật liệu
FCM,Công ty Cổ phần Bê tông Phan Vũ Hà Nam,CT,3,2350,Xây dựng và Vật liệu
FCM,Công ty Cổ phần Bê tông Phan Vũ Hà Nam,CT,4,2353,Vật liệu xây dựng & Nội thất
FCN,Công ty Cổ phần FECON,CT,1,2000,Công nghiệp
FCN,Công ty Cổ phần FECON,CT,2,2300,Xây dựng và Vật liệu
FCN,Công ty Cổ phần FECON,CT,3,2350,Xây dựng và Vật liệu
FCN,Công ty Cổ phần FECON,CT,4,2357,Xây dựng
FCS,Công ty Cổ phần Lương thực Thành phố Hồ Chí Minh,CT,1,3000,Hàng Tiêu dùng
FCS,Công ty Cổ phần Lương thực Thành phố Hồ Chí Minh,CT,2,3500,Thực phẩm và đồ uống
FCS,Công ty Cổ phần Lương thực Thành phố Hồ Chí Minh,CT,3,3570,Sản xuất thực phẩm
FCS,Công ty Cổ phần Lương thực Thành phố Hồ Chí Minh,CT,4,3577,Thực phẩm
FDC,Công ty Cổ phần Ngoại thương và Phát triển Đầu tư Thành phố Hồ Chí Minh,CT,1,8000,Tài chính
FDC,Công ty Cổ phần Ngoại thương và Phát triển Đầu tư Thành phố Hồ Chí Minh,CT,2,8600,Bất động sản
FDC,Công ty Cổ phần Ngoại thương và Phát triển Đầu tư Thành phố Hồ Chí Minh,CT,3,8630,Bất động sản
FDC,Công ty Cổ phần Ngoại thương và Phát triển Đầu tư Thành phố Hồ Chí Minh,CT,4,8633,Bất động sản
FDG,Công ty Cổ phần Docimexco,CT,1,3000,Hàng Tiêu dùng
FDG,Công ty Cổ phần Docimexco,CT,2,3500,Thực phẩm và đồ uống
FDG,Công ty Cổ phần Docimexco,CT,3,3570,Sản xuất thực phẩm
FDG,Công ty Cổ phần Docimexco,CT,4,3573,Nuôi trồng nông & hải sản
FGL,Công ty Cổ phần Cà phê Gia Lai,CT,1,3000,Hàng Tiêu dùng
FGL,Công ty Cổ phần Cà phê Gia Lai,CT,2,3500,Thực phẩm và đồ uống
FGL,Công ty Cổ phần Cà phê Gia Lai,CT,3,3530,Bia và đồ uống
FGL,Công ty Cổ phần Cà phê Gia Lai,CT,4,3537,Đồ uống & giải khát
FHH,Công ty Cổ phần Đầu tư Kinh doanh Phát triển Bất động sản FLCHomes,CT,1,8000,Tài chính
FHH,Công ty Cổ phần Đầu tư Kinh doanh Phát triển Bất động sản FLCHomes,CT,2,8600,Bất động sản
FHH,Công ty Cổ phần Đầu tư Kinh doanh Phát triển Bất động sản FLCHomes,CT,3,8630,Bất động sản
FHH,Công ty Cổ phần Đầu tư Kinh doanh Phát triển Bất động sản FLCHomes,CT,4,8633,Bất động sản
FHN,Công ty Cổ phần Xuất nhập khẩu Lương thực - Thực phẩm Hà Nội,CT,1,5000,Dịch vụ Tiêu dùng
FHN,Công ty Cổ phần Xuất nhập khẩu Lương thực - Thực phẩm Hà Nội,CT,2,5300,Bán lẻ
FHN,Công ty Cổ phần Xuất nhập khẩu Lương thực - Thực phẩm Hà Nội,CT,3,5330,Phân phối thực phẩm & dược phẩm
FHN,Công ty Cổ phần Xuất nhập khẩu Lương thực - Thực phẩm Hà Nội,CT,4,5337,Phân phối thực phẩm
FHS,Công ty Cổ phần Phát hành sách Thành phố Hồ Chí Minh - FAHASA,CT,1,5000,Dịch vụ Tiêu dùng
FHS,Công ty Cổ phần Phát hành sách Thành phố Hồ Chí Minh - FAHASA,CT,2,5500,Truyền thông
FHS,Công ty Cổ phần Phát hành sách Thành phố Hồ Chí Minh - FAHASA,CT,3,5550,Truyền thông
FHS,Công ty Cổ phần Phát hành sách Thành phố Hồ Chí Minh - FAHASA,CT,4,5557,"Sách, ấn bản & sản phẩm văn hóa"
FIC,Tổng Công ty Vật liệu Xây dựng số 1 - Công ty Cổ phần,CT,1,2000,Công nghiệp
FIC,Tổng Công ty Vật liệu Xây dựng số 1 - Công ty Cổ phần,CT,2,2300,Xây dựng và Vật liệu
FIC,Tổng Công ty Vật liệu Xây dựng số 1 - Công ty Cổ phần,CT,3,2350,Xây dựng và Vật liệu
FIC,Tổng Công ty Vật liệu Xây dựng số 1 - Công ty Cổ phần,CT,4,2353,Vật liệu xây dựng & Nội thất
FID,Công ty Cổ phần Đầu tư và Phát triển Doanh nghiệp Việt Nam,CT,1,2000,Công nghiệp
FID,Công ty Cổ phần Đầu tư và Phát triển Doanh nghiệp Việt Nam,CT,2,2300,Xây dựng và Vật liệu
FID,Công ty Cổ phần Đầu tư và Phát triển Doanh nghiệp Việt Nam,CT,3,2350,Xây dựng và Vật liệu
FID,Công ty Cổ phần Đầu tư và Phát triển Doanh nghiệp Việt Nam,CT,4,2353,Vật liệu xây dựng & Nội thất
FIR,Công ty Cổ phần Địa ốc First Real,CT,1,8000,Tài chính
FIR,Công ty Cổ phần Địa ốc First Real,CT,2,8600,Bất động sản
FIR,Công ty Cổ phần Địa ốc First Real,CT,3,8630,Bất động sản
FIR,Công ty Cổ phần Địa ốc First Real,CT,4,8633,Bất động sản
FIT,Công ty Cổ phần Tập đoàn F.I.T,CT,1,4000,Dược phẩm và Y tế
FIT,Công ty Cổ phần Tập đoàn F.I.T,CT,2,4500,Y tế
FIT,Công ty Cổ phần Tập đoàn F.I.T,CT,3,4570,Dược phẩm
FIT,Công ty Cổ phần Tập đoàn F.I.T,CT,4,4577,Dược phẩm
FLC,Công ty Cổ phần Tập đoàn FLC,CT,1,8000,Tài chính
FLC,Công ty Cổ phần Tập đoàn FLC,CT,2,8600,Bất động sản
FLC,Công ty Cổ phần Tập đoàn FLC,CT,3,8630,Bất động sản
FLC,Công ty Cổ phần Tập đoàn FLC,CT,4,8633,Bất động sản
FMC,Công ty Cổ phần Thực phẩm Sao Ta,CT,1,3000,Hàng Tiêu dùng
FMC,Công ty Cổ phần Thực phẩm Sao Ta,CT,2,3500,Thực phẩm và đồ uống
FMC,Công ty Cổ phần Thực phẩm Sao Ta,CT,3,3570,Sản xuất thực phẩm
FMC,Công ty Cổ phần Thực phẩm Sao Ta,CT,4,3573,Nuôi trồng nông & hải sản
FOC,Công ty Cổ phần Dịch vụ Trực tuyến FPT,CT,1,5000,Dịch vụ Tiêu dùng
FOC,Công ty Cổ phần Dịch vụ Trực tuyến FPT,CT,2,5500,Truyền thông
FOC,Công ty Cổ phần Dịch vụ Trực tuyến FPT,CT,3,5550,Truyền thông
FOC,Công ty Cổ phần Dịch vụ Trực tuyến FPT,CT,4,5555,Dịch vụ truyền thông
FOX,Công ty Cổ phần Viễn thông FPT,CT,1,6000,Viễn thông
FOX,Công ty Cổ phần Viễn thông FPT,CT,2,6500,Viễn thông
FOX,Công ty Cổ phần Viễn thông FPT,CT,3,6530,Viễn thông cố định
FOX,Công ty Cổ phần Viễn thông FPT,CT,4,6535,Viễn thông cố định
FPC,Công ty Cổ phần Full Power,CT,1,2000,Công nghiệp
FPC,Công ty Cổ phần Full Power,CT,2,2300,Xây dựng và Vật liệu
FPC,Công ty Cổ phần Full Power,CT,3,2350,Xây dựng và Vật liệu
FPC,Công ty Cổ phần Full Power,CT,4,2357,Xây dựng
FPT,Công ty Cổ phần FPT,CT,1,9000,Công nghệ Thông tin
FPT,Công ty Cổ phần FPT,CT,2,9500,Công nghệ Thông tin
FPT,Công ty Cổ phần FPT,CT,3,9530,Phần mềm & Dịch vụ Máy tính
FPT,Công ty Cổ phần FPT,CT,4,9537,Phần mềm
FRC,Công ty Cổ phần Lâm đặc sản xuất khẩu Quảng Nam,CT,1,1000,Nguyên vật liệu
FRC,Công ty Cổ phần Lâm đặc sản xuất khẩu Quảng Nam,CT,2,1700,Tài nguyên Cơ bản
FRC,Công ty Cổ phần Lâm đặc sản xuất khẩu Quảng Nam,CT,3,1730,Lâm nghiệp và Giấy
FRC,Công ty Cổ phần Lâm đặc sản xuất khẩu Quảng Nam,CT,4,1733,Lâm sản và Chế biến gỗ
FRM,Công ty Cổ phần Lâm nghiệp Sài Gòn,CT,1,1000,Nguyên vật liệu
FRM,Công ty Cổ phần Lâm nghiệp Sài Gòn,CT,2,1700,Tài nguyên Cơ bản
FRM,Công ty Cổ phần Lâm nghiệp Sài Gòn,CT,3,1730,Lâm nghiệp và Giấy
FRM,Công ty Cổ phần Lâm nghiệp Sài Gòn,CT,4,1733,Lâm sản và Chế biến gỗ
FRT,Công ty Cổ phần Bán lẻ Kỹ thuật số FPT,CT,1,5000,Dịch vụ Tiêu dùng
FRT,Công ty Cổ phần Bán lẻ Kỹ thuật số FPT,CT,2,5300,Bán lẻ
FRT,Công ty Cổ phần Bán lẻ Kỹ thuật số FPT,CT,3,5370,Bán lẻ
FRT,Công ty Cổ phần Bán lẻ Kỹ thuật số FPT,CT,4,5379,Phân phối hàng chuyên dụng
FSC,Công Ty TNHH Chứng Khoán Yuanta Việt Nam,CK,1,8000,Tài chính
FSC,Công Ty TNHH Chứng Khoán Yuanta Việt Nam,CK,2,8700,Dịch vụ tài chính
FSC,Công Ty TNHH Chứng Khoán Yuanta Việt Nam,CK,3,8770,Dịch vụ tài chính
FSC,Công Ty TNHH Chứng Khoán Yuanta Việt Nam,CK,4,8777,Môi giới chứng khoán
FSO,Công ty Cổ phần Cơ khí Đóng tàu - Thủy sản Việt Nam,CT,1,2000,Công nghiệp
FSO,Công ty Cổ phần Cơ khí Đóng tàu - Thủy sản Việt Nam,CT,2,2700,Hàng & Dịch vụ Công nghiệp
FSO,Công ty Cổ phần Cơ khí Đóng tàu - Thủy sản Việt Nam,CT,3,2750,Công nghiệp nặng
FSO,Công ty Cổ phần Cơ khí Đóng tàu - Thủy sản Việt Nam,CT,4,2753,Xe tải & Đóng tàu
FT1,Công ty Cổ phần Phụ tùng máy số 1,CT,1,2000,Công nghiệp
FT1,Công ty Cổ phần Phụ tùng máy số 1,CT,2,2700,Hàng & Dịch vụ Công nghiệp
FT1,Công ty Cổ phần Phụ tùng máy số 1,CT,3,2750,Công nghiệp nặng
FT1,Công ty Cổ phần Phụ tùng máy số 1,CT,4,2757,Máy công nghiệp
FTI,Công ty Cổ phần Công nghiệp - Thương mại Hữu Nghị,CT,1,3000,Hàng Tiêu dùng
FTI,Công ty Cổ phần Công nghiệp - Thương mại Hữu Nghị,CT,2,3300,Ô tô và phụ tùng
FTI,Công ty Cổ phần Công nghiệp - Thương mại Hữu Nghị,CT,3,3350,Ô tô và phụ tùng
FTI,Công ty Cổ phần Công nghiệp - Thương mại Hữu Nghị,CT,4,3355,Phụ tùng ô tô
FTM,Công ty Cổ phần Đầu tư và Phát triển Đức Quân,CT,1,3000,Hàng Tiêu dùng
FTM,Công ty Cổ phần Đầu tư và Phát triển Đức Quân,CT,2,3700,Hàng cá nhân & Gia dụng
FTM,Công ty Cổ phần Đầu tư và Phát triển Đức Quân,CT,3,3760,Hàng cá nhân
FTM,Công ty Cổ phần Đầu tư và Phát triển Đức Quân,CT,4,3763,Hàng May mặc
FTS,Công ty Cổ phần Chứng khoán FPT,CK,1,8000,Tài chính
FTS,Công ty Cổ phần Chứng khoán FPT,CK,2,8700,Dịch vụ tài chính
FTS,Công ty Cổ phần Chứng khoán FPT,CK,3,8770,Dịch vụ tài chính
FTS,Công ty Cổ phần Chứng khoán FPT,CK,4,8777,Môi giới chứng khoán
FTV,Công ty Cổ phần Công Nghiệp Ngũ Kim Fortress Việt Nam,CT,1,1000,Nguyên vật liệu
FTV,Công ty Cổ phần Công Nghiệp Ngũ Kim Fortress Việt Nam,CT,2,1700,Tài nguyên Cơ bản
FTV,Công ty Cổ phần Công Nghiệp Ngũ Kim Fortress Việt Nam,CT,3,1750,Kim loại
FTV,Công ty Cổ phần Công Nghiệp Ngũ Kim Fortress Việt Nam,CT,4,1757,Thép và sản phẩm thép
FUCTVGF1,Quỹ Đầu tư Tăng trưởng TVAM,QU,1,8000,Tài chính
FUCTVGF1,Quỹ Đầu tư Tăng trưởng TVAM,QU,2,8700,Dịch vụ tài chính
FUCTVGF1,Quỹ Đầu tư Tăng trưởng TVAM,QU,3,8980,Quỹ đầu tư
FUCTVGF1,Quỹ Đầu tư Tăng trưởng TVAM,QU,4,8985,Quỹ đầu tư
FUCTVGF2,Quỹ Đầu tư Tăng trưởng Thiên Việt 2,QU,1,8000,Tài chính
FUCTVGF2,Quỹ Đầu tư Tăng trưởng Thiên Việt 2,QU,2,8700,Dịch vụ tài chính
FUCTVGF2,Quỹ Đầu tư Tăng trưởng Thiên Việt 2,QU,3,8980,Quỹ đầu tư
FUCTVGF2,Quỹ Đầu tư Tăng trưởng Thiên Việt 2,QU,4,8985,Quỹ đầu tư
FUCTVGF3,Quỹ Đầu tư Tăng trưởng Thiên Việt 3,QU,1,8000,Tài chính
FUCTVGF3,Quỹ Đầu tư Tăng trưởng Thiên Việt 3,QU,2,8700,Dịch vụ tài chính
FUCTVGF3,Quỹ Đầu tư Tăng trưởng Thiên Việt 3,QU,3,8980,Quỹ đầu tư
FUCTVGF3,Quỹ Đầu tư Tăng trưởng Thiên Việt 3,QU,4,8985,Quỹ đầu tư
FUCTVGF4,Quỹ Đầu tư Tăng trưởng Thiên Việt 4,QU,1,8000,Tài chính
FUCTVGF4,Quỹ Đầu tư Tăng trưởng Thiên Việt 4,QU,2,8700,Dịch vụ tài chính
FUCTVGF4,Quỹ Đầu tư Tăng trưởng Thiên Việt 4,QU,3,8980,Quỹ đầu tư
FUCTVGF4,Quỹ Đầu tư Tăng trưởng Thiên Việt 4,QU,4,8985,Quỹ đầu tư
FUCTVGF5,Quỹ Đầu tư Tăng trưởng Thiên Việt 5,QU,1,8000,Tài chính
FUCTVGF5,Quỹ Đầu tư Tăng trưởng Thiên Việt 5,QU,2,8700,Dịch vụ tài chính
FUCTVGF5,Quỹ Đầu tư Tăng trưởng Thiên Việt 5,QU,3,8980,Quỹ đầu tư
FUCTVGF5,Quỹ Đầu tư Tăng trưởng Thiên Việt 5,QU,4,8985,Quỹ đầu tư
FUCVREIT,Quỹ Đầu tư Bất động sản Techcom Việt Nam,QU,1,8000,Tài chính
FUCVREIT,Quỹ Đầu tư Bất động sản Techcom Việt Nam,QU,2,8700,Dịch vụ tài chính
FUCVREIT,Quỹ Đầu tư Bất động sản Techcom Việt Nam,QU,3,8980,Quỹ đầu tư
FUCVREIT,Quỹ Đầu tư Bất động sản Techcom Việt Nam,QU,4,8985,Quỹ đầu tư
FUEABVND,Quỹ ETF ABFVN DIAMOND,QU,1,8000,Tài chính
FUEABVND,Quỹ ETF ABFVN DIAMOND,QU,2,8700,Dịch vụ tài chính
FUEABVND,Quỹ ETF ABFVN DIAMOND,QU,3,8980,Quỹ đầu tư
FUEABVND,Quỹ ETF ABFVN DIAMOND,QU,4,8985,Quỹ đầu tư
FUEBFVND,Quỹ ETF BVFVN DIAMOND,QU,1,8000,Tài chính
FUEBFVND,Quỹ ETF BVFVN DIAMOND,QU,2,8700,Dịch vụ tài chính
FUEBFVND,Quỹ ETF BVFVN DIAMOND,QU,3,8980,Quỹ đầu tư
FUEBFVND,Quỹ ETF BVFVN DIAMOND,QU,4,8985,Quỹ đầu tư
FUEDCMID,Quỹ ETF DCVFMVNMIDCAP,QU,1,8000,Tài chính
FUEDCMID,Quỹ ETF DCVFMVNMIDCAP,QU,2,8700,Dịch vụ tài chính
FUEDCMID,Quỹ ETF DCVFMVNMIDCAP,QU,3,8980,Quỹ đầu tư
FUEDCMID,Quỹ ETF DCVFMVNMIDCAP,QU,4,8985,Quỹ đầu tư
FUEFCV50,Quỹ ETF FPT CAPITAL VNX50,QU,1,8000,Tài chính
FUEFCV50,Quỹ ETF FPT CAPITAL VNX50,QU,2,8700,Dịch vụ tài chính
FUEFCV50,Quỹ ETF FPT CAPITAL VNX50,QU,3,8980,Quỹ đầu tư
FUEFCV50,Quỹ ETF FPT CAPITAL VNX50,QU,4,8985,Quỹ đầu tư
FUEIP100,Quỹ ETF IPA PARTNER VN100,QU,1,8000,Tài chính
FUEIP100,Quỹ ETF IPA PARTNER VN100,QU,2,8700,Dịch vụ tài chính
FUEIP100,Quỹ ETF IPA PARTNER VN100,QU,3,8980,Quỹ đầu tư
FUEIP100,Quỹ ETF IPA PARTNER VN100,QU,4,8985,Quỹ đầu tư
FUEKIV30,Quỹ ETF KIM GROWTH VN30,QU,1,8000,Tài chính
FUEKIV30,Quỹ ETF KIM GROWTH VN30,QU,2,8700,Dịch vụ tài chính
FUEKIV30,Quỹ ETF KIM GROWTH VN30,QU,3,8980,Quỹ đầu tư
FUEKIV30,Quỹ ETF KIM GROWTH VN30,QU,4,8985,Quỹ đầu tư
FUEKIVFS,Quỹ ETF KIM GROWTH VNFINSELECT,QU,1,8000,Tài chính
FUEKIVFS,Quỹ ETF KIM GROWTH VNFINSELECT,QU,2,8700,Dịch vụ tài chính
FUEKIVFS,Quỹ ETF KIM GROWTH VNFINSELECT,QU,3,8980,Quỹ đầu tư
FUEKIVFS,Quỹ ETF KIM GROWTH VNFINSELECT,QU,4,8985,Quỹ đầu tư
FUEKIVND,Quỹ ETF KIM GROWTH VN DIAMOND,QU,1,8000,Tài chính
FUEKIVND,Quỹ ETF KIM GROWTH VN DIAMOND,QU,2,8700,Dịch vụ tài chính
FUEKIVND,Quỹ ETF KIM GROWTH VN DIAMOND,QU,3,8980,Quỹ đầu tư
FUEKIVND,Quỹ ETF KIM GROWTH VN DIAMOND,QU,4,8985,Quỹ đầu tư
FUEMAV30,Quỹ ETF MAFM VN30,QU,1,8000,Tài chính
FUEMAV30,Quỹ ETF MAFM VN30,QU,2,8700,Dịch vụ tài chính
FUEMAV30,Quỹ ETF MAFM VN30,QU,3,8980,Quỹ đầu tư
FUEMAV30,Quỹ ETF MAFM VN30,QU,4,8985,Quỹ đầu tư
FUEMAVND,Quỹ ETF MAFM VNDIAMOND,QU,1,8000,Tài chính
FUEMAVND,Quỹ ETF MAFM VNDIAMOND,QU,2,8700,Dịch vụ tài chính
FUEMAVND,Quỹ ETF MAFM VNDIAMOND,QU,3,8980,Quỹ đầu tư
FUEMAVND,Quỹ ETF MAFM VNDIAMOND,QU,4,8985,Quỹ đầu tư
FUEMITEC,Quỹ ETF VINACAPITAL VNMITECH,QU,1,8000,Tài chính
FUEMITEC,Quỹ ETF VINACAPITAL VNMITECH,QU,2,8700,Dịch vụ tài chính
FUEMITEC,Quỹ ETF VINACAPITAL VNMITECH,QU,3,8980,Quỹ đầu tư
FUEMITEC,Quỹ ETF VINACAPITAL VNMITECH,QU,4,8985,Quỹ đầu tư
FUESSV30,Quỹ ETF SSIAM VN30,QU,1,8000,Tài chính
FUESSV30,Quỹ ETF SSIAM VN30,QU,2,8700,Dịch vụ tài chính
FUESSV30,Quỹ ETF SSIAM VN30,QU,3,8980,Quỹ đầu tư
FUESSV30,Quỹ ETF SSIAM VN30,QU,4,8985,Quỹ đầu tư
FUESSV50,Quỹ ETF SSIAM VNX50,QU,1,8000,Tài chính
FUESSV50,Quỹ ETF SSIAM VNX50,QU,2,8700,Dịch vụ tài chính
FUESSV50,Quỹ ETF SSIAM VNX50,QU,3,8980,Quỹ đầu tư
FUESSV50,Quỹ ETF SSIAM VNX50,QU,4,8985,Quỹ đầu tư
FUESSVFL,Quỹ ETF SSIAM VNFIN LEAD,QU,1,8000,Tài chính
FUESSVFL,Quỹ ETF SSIAM VNFIN LEAD,QU,2,8700,Dịch vụ tài chính
FUESSVFL,Quỹ ETF SSIAM VNFIN LEAD,QU,3,8980,Quỹ đầu tư
FUESSVFL,Quỹ ETF SSIAM VNFIN LEAD,QU,4,8985,Quỹ đầu tư
FUETCC50,Quỹ ETF TECHCOM CAPITAL VNX50,QU,1,8000,Tài chính
FUETCC50,Quỹ ETF TECHCOM CAPITAL VNX50,QU,2,8700,Dịch vụ tài chính
FUETCC50,Quỹ ETF TECHCOM CAPITAL VNX50,QU,3,8980,Quỹ đầu tư
FUETCC50,Quỹ ETF TECHCOM CAPITAL VNX50,QU,4,8985,Quỹ đầu tư
FUETPVND,Quỹ ETF VFCVN DIAMOND,QU,1,8000,Tài chính
FUETPVND,Quỹ ETF VFCVN DIAMOND,QU,2,8700,Dịch vụ tài chính
FUETPVND,Quỹ ETF VFCVN DIAMOND,QU,3,8980,Quỹ đầu tư
FUETPVND,Quỹ ETF VFCVN DIAMOND,QU,4,8985,Quỹ đầu tư
FUEVFVND,Quỹ ETF DCVFMVN DIAMOND,QU,1,8000,Tài chính
FUEVFVND,Quỹ ETF DCVFMVN DIAMOND,QU,2,8700,Dịch vụ tài chính
FUEVFVND,Quỹ ETF DCVFMVN DIAMOND,QU,3,8980,Quỹ đầu tư
FUEVFVND,Quỹ ETF DCVFMVN DIAMOND,QU,4,8985,Quỹ đầu tư
FUEVN100,Quỹ ETF VINACAPITAL VN100,QU,1,8000,Tài chính
FUEVN100,Quỹ ETF VINACAPITAL VN100,QU,2,8700,Dịch vụ tài chính
FUEVN100,Quỹ ETF VINACAPITAL VN100,QU,3,8980,Quỹ đầu tư
FUEVN100,Quỹ ETF VINACAPITAL VN100,QU,4,8985,Quỹ đầu tư
FUEVN50G,Quỹ ETF VinaCapital VN50 Growth,QU,1,8000,Tài chính
FUEVN50G,Quỹ ETF VinaCapital VN50 Growth,QU,2,8700,Dịch vụ tài chính
FUEVN50G,Quỹ ETF VinaCapital VN50 Growth,QU,3,8980,Quỹ đầu tư
FUEVN50G,Quỹ ETF VinaCapital VN50 Growth,QU,4,8985,Quỹ đầu tư
FVEF,Quỹ Đầu tư Cổ phiếu Giá trị Fides VN,QU,1,8000,Tài chính
FVEF,Quỹ Đầu tư Cổ phiếu Giá trị Fides VN,QU,2,8700,Dịch vụ tài chính
FVEF,Quỹ Đầu tư Cổ phiếu Giá trị Fides VN,QU,3,8980,Quỹ đầu tư
FVEF,Quỹ Đầu tư Cổ phiếu Giá trị Fides VN,QU,4,8985,Quỹ đầu tư
FVN,Công ty Cổ phần Thiết kế và Công nghệ Việt Nam,CT,1,2000,Công nghiệp
FVN,Công ty Cổ phần Thiết kế và Công nghệ Việt Nam,CT,2,2300,Xây dựng và Vật liệu
FVN,Công ty Cổ phần Thiết kế và Công nghệ Việt Nam,CT,3,2350,Xây dựng và Vật liệu
FVN,Công ty Cổ phần Thiết kế và Công nghệ Việt Nam,CT,4,2357,Xây dựng
G20,Công ty Cổ phần Đầu tư Dệt may Vĩnh Phúc,CT,1,3000,Hàng Tiêu dùng
G20,Công ty Cổ phần Đầu tư Dệt may Vĩnh Phúc,CT,2,3700,Hàng cá nhân & Gia dụng
G20,Công ty Cổ phần Đầu tư Dệt may Vĩnh Phúc,CT,3,3760,Hàng cá nhân
G20,Công ty Cổ phần Đầu tư Dệt may Vĩnh Phúc,CT,4,3763,Hàng May mặc
G30,Công ty Cổ phần Gạch ngói 30-4,CT,1,2000,Công nghiệp
G30,Công ty Cổ phần Gạch ngói 30-4,CT,2,2300,Xây dựng và Vật liệu
G30,Công ty Cổ phần Gạch ngói 30-4,CT,3,2350,Xây dựng và Vật liệu
G30,Công ty Cổ phần Gạch ngói 30-4,CT,4,2353,Vật liệu xây dựng & Nội thất
G36,Tổng Công ty 36 - Công ty Cổ phần,CT,1,2000,Công nghiệp
G36,Tổng Công ty 36 - Công ty Cổ phần,CT,2,2300,Xây dựng và Vật liệu
G36,Tổng Công ty 36 - Công ty Cổ phần,CT,3,2350,Xây dựng và Vật liệu
G36,Tổng Công ty 36 - Công ty Cổ phần,CT,4,2357,Xây dựng
GAB,Công ty Cổ phần Đầu tư Khai khoáng & Quản lý Tài sản FLC,CT,1,2000,Công nghiệp
GAB,Công ty Cổ phần Đầu tư Khai khoáng & Quản lý Tài sản FLC,CT,2,2300,Xây dựng và Vật liệu
GAB,Công ty Cổ phần Đầu tư Khai khoáng & Quản lý Tài sản FLC,CT,3,2350,Xây dựng và Vật liệu
GAB,Công ty Cổ phần Đầu tư Khai khoáng & Quản lý Tài sản FLC,CT,4,2353,Vật liệu xây dựng & Nội thất
GAS,Tổng Công ty Khí Việt Nam - Công ty Cổ phần,CT,1,7000,Tiện ích Cộng đồng
GAS,Tổng Công ty Khí Việt Nam - Công ty Cổ phần,CT,2,7500,"Điện, nước & xăng dầu khí đốt"
GAS,Tổng Công ty Khí Việt Nam - Công ty Cổ phần,CT,3,7570,Nước & Khí đốt
GAS,Tổng Công ty Khí Việt Nam - Công ty Cổ phần,CT,4,7573,Phân phối xăng dầu & khí đốt
GCB,Công ty Cổ phần PETEC Bình Định,CT,1,7000,Tiện ích Cộng đồng
GCB,Công ty Cổ phần PETEC Bình Định,CT,2,7500,"Điện, nước & xăng dầu khí đốt"
GCB,Công ty Cổ phần PETEC Bình Định,CT,3,7570,Nước & Khí đốt
GCB,Công ty Cổ phần PETEC Bình Định,CT,4,7573,Phân phối xăng dầu & khí đốt
GCF,Công ty Cổ phần Thực phẩm G.C,CT,1,3000,Hàng Tiêu dùng
GCF,Công ty Cổ phần Thực phẩm G.C,CT,2,3500,Thực phẩm và đồ uống
GCF,Công ty Cổ phần Thực phẩm G.C,CT,3,3570,Sản xuất thực phẩm
GCF,Công ty Cổ phần Thực phẩm G.C,CT,4,3577,Thực phẩm
GDA,Công ty Cổ phần Tôn Đông Á,CT,1,1000,Nguyên vật liệu
GDA,Công ty Cổ phần Tôn Đông Á,CT,2,1700,Tài nguyên Cơ bản
GDA,Công ty Cổ phần Tôn Đông Á,CT,3,1750,Kim loại
GDA,Công ty Cổ phần Tôn Đông Á,CT,4,1757,Thép và sản phẩm thép
GDH,Công ty Cổ phần Tập đoàn GDC,CT,1,2000,Công nghiệp
GDH,Công ty Cổ phần Tập đoàn GDC,CT,2,2300,Xây dựng và Vật liệu
GDH,Công ty Cổ phần Tập đoàn GDC,CT,3,2350,Xây dựng và Vật liệu
GDH,Công ty Cổ phần Tập đoàn GDC,CT,4,2357,Xây dựng
GDT,Công ty Cổ phần Chế biến Gỗ Đức Thành,CT,1,3000,Hàng Tiêu dùng
GDT,Công ty Cổ phần Chế biến Gỗ Đức Thành,CT,2,3700,Hàng cá nhân & Gia dụng
GDT,Công ty Cổ phần Chế biến Gỗ Đức Thành,CT,3,3720,Hàng gia dụng
GDT,Công ty Cổ phần Chế biến Gỗ Đức Thành,CT,4,3726,Thiết bị gia dụng
GDW,Công ty Cổ phần Cấp nước Gia Định,CT,1,7000,Tiện ích Cộng đồng
GDW,Công ty Cổ phần Cấp nước Gia Định,CT,2,7500,"Điện, nước & xăng dầu khí đốt"
GDW,Công ty Cổ phần Cấp nước Gia Định,CT,3,7570,Nước & Khí đốt
GDW,Công ty Cổ phần Cấp nước Gia Định,CT,4,7577,Nước
GE2,Tổng Công ty Phát điện 2 - Công ty Cổ phần,CT,1,7000,Tiện ích Cộng đồng
GE2,Tổng Công ty Phát điện 2 - Công ty Cổ phần,CT,2,7500,"Điện, nước & xăng dầu khí đốt"
GE2,Tổng Công ty Phát điện 2 - Công ty Cổ phần,CT,3,7530,Sản xuất & Phân phối Điện
GE2,Tổng Công ty Phát điện 2 - Công ty Cổ phần,CT,4,7535,Sản xuất & Phân phối Điện
GEC,Công ty Cổ phần Cơ khí Gang Thép,CT,1,1000,Nguyên vật liệu
GEC,Công ty Cổ phần Cơ khí Gang Thép,CT,2,1700,Tài nguyên Cơ bản
GEC,Công ty Cổ phần Cơ khí Gang Thép,CT,3,1750,Kim loại
GEC,Công ty Cổ phần Cơ khí Gang Thép,CT,4,1757,Thép và sản phẩm thép
GEE,Công ty Cổ phần Điện lực Gelex,CT,1,2000,Công nghiệp
GEE,Công ty Cổ phần Điện lực Gelex,CT,2,2700,Hàng & Dịch vụ Công nghiệp
GEE,Công ty Cổ phần Điện lực Gelex,CT,3,2730,Điện tử & Thiết bị điện
GEE,Công ty Cổ phần Điện lực Gelex,CT,4,2737,Thiết bị điện
GEG,Công ty Cổ phần Điện Gia Lai,CT,1,7000,Tiện ích Cộng đồng
GEG,Công ty Cổ phần Điện Gia Lai,CT,2,7500,"Điện, nước & xăng dầu khí đốt"
GEG,Công ty Cổ phần Điện Gia Lai,CT,3,7530,Sản xuất & Phân phối Điện
GEG,Công ty Cổ phần Điện Gia Lai,CT,4,7535,Sản xuất & Phân phối Điện
GEL,Công ty Cổ phần Hạ tầng GELEX,CT,1,2000,Công nghiệp
GEL,Công ty Cổ phần Hạ tầng GELEX,CT,2,2300,Xây dựng và Vật liệu
GEL,Công ty Cổ phần Hạ tầng GELEX,CT,3,2350,Xây dựng và Vật liệu
GEL,Công ty Cổ phần Hạ tầng GELEX,CT,4,2353,Vật liệu xây dựng & Nội thất
GEM,Công ty Cổ phần Vật tư Tổng hợp Thành phố Hồ Chí Minh,CT,1,5000,Dịch vụ Tiêu dùng
GEM,Công ty Cổ phần Vật tư Tổng hợp Thành phố Hồ Chí Minh,CT,2,5300,Bán lẻ
GEM,Công ty Cổ phần Vật tư Tổng hợp Thành phố Hồ Chí Minh,CT,3,5370,Bán lẻ
GEM,Công ty Cổ phần Vật tư Tổng hợp Thành phố Hồ Chí Minh,CT,4,5379,Phân phối hàng chuyên dụng
GER,Công ty Cổ phần Thể thao Ngôi sao Geru,CT,1,1000,Nguyên vật liệu
GER,Công ty Cổ phần Thể thao Ngôi sao Geru,CT,2,1300,Hóa chất
GER,Công ty Cổ phần Thể thao Ngôi sao Geru,CT,3,1350,Hóa chất
GER,Công ty Cổ phần Thể thao Ngôi sao Geru,CT,4,1353,"Nhựa, cao su & sợi"
GEX,Công ty Cổ phần Tập đoàn Gelex,CT,1,2000,Công nghiệp
GEX,Công ty Cổ phần Tập đoàn Gelex,CT,2,2700,Hàng & Dịch vụ Công nghiệp
GEX,Công ty Cổ phần Tập đoàn Gelex,CT,3,2730,Điện tử & Thiết bị điện
GEX,Công ty Cổ phần Tập đoàn Gelex,CT,4,2737,Thiết bị điện
GGG,Công ty Cổ phần Ô tô Giải Phóng,CT,1,3000,Hàng Tiêu dùng
GGG,Công ty Cổ phần Ô tô Giải Phóng,CT,2,3300,Ô tô và phụ tùng
GGG,Công ty Cổ phần Ô tô Giải Phóng,CT,3,3350,Ô tô và phụ tùng
GGG,Công ty Cổ phần Ô tô Giải Phóng,CT,4,3353,Sản xuất ô tô
GH3,Công ty Cổ phần Công trình giao thông Hà Nội,CT,1,2000,Công nghiệp
GH3,Công ty Cổ phần Công trình giao thông Hà Nội,CT,2,2300,Xây dựng và Vật liệu
GH3,Công ty Cổ phần Công trình giao thông Hà Nội,CT,3,2350,Xây dựng và Vật liệu
GH3,Công ty Cổ phần Công trình giao thông Hà Nội,CT,4,2357,Xây dựng
GHC,Công ty Cổ phần Thủy điện Gia Lai,CT,1,7000,Tiện ích Cộng đồng
GHC,Công ty Cổ phần Thủy điện Gia Lai,CT,2,7500,"Điện, nước & xăng dầu khí đốt"
GHC,Công ty Cổ phần Thủy điện Gia Lai,CT,3,7530,Sản xuất & Phân phối Điện
GHC,Công ty Cổ phần Thủy điện Gia Lai,CT,4,7535,Sản xuất & Phân phối Điện
GIC,Công ty Cổ phần VSC Green Logistics,CT,1,2000,Công nghiệp
GIC,Công ty Cổ phần VSC Green Logistics,CT,2,2700,Hàng & Dịch vụ Công nghiệp
GIC,Công ty Cổ phần VSC Green Logistics,CT,3,2770,Vận tải
GIC,Công ty Cổ phần VSC Green Logistics,CT,4,2777,"Kho bãi, hậu cần và bảo dưỡng"
GIL,Công ty Cổ phần Sản xuất Kinh doanh Xuất nhập khẩu Bình Thạnh,CT,1,3000,Hàng Tiêu dùng
GIL,Công ty Cổ phần Sản xuất Kinh doanh Xuất nhập khẩu Bình Thạnh,CT,2,3700,Hàng cá nhân & Gia dụng
GIL,Công ty Cổ phần Sản xuất Kinh doanh Xuất nhập khẩu Bình Thạnh,CT,3,3760,Hàng cá nhân
GIL,Công ty Cổ phần Sản xuất Kinh doanh Xuất nhập khẩu Bình Thạnh,CT,4,3763,Hàng May mặc
GKM,Công ty Cổ phần GKM Holdings,CT,1,2000,Công nghiệp
GKM,Công ty Cổ phần GKM Holdings,CT,2,2300,Xây dựng và Vật liệu
GKM,Công ty Cổ phần GKM Holdings,CT,3,2350,Xây dựng và Vật liệu
GKM,Công ty Cổ phần GKM Holdings,CT,4,2353,Vật liệu xây dựng & Nội thất
GLC,Công ty Cổ phần Vàng Lào Cai,CT,1,1000,Nguyên vật liệu
GLC,Công ty Cổ phần Vàng Lào Cai,CT,2,1700,Tài nguyên Cơ bản
GLC,Công ty Cổ phần Vàng Lào Cai,CT,3,1770,Khai khoáng
GLC,Công ty Cổ phần Vàng Lào Cai,CT,4,1777,Khai thác vàng
GLT,Công ty Cổ phần Kỹ thuật điện Toàn Cầu,CT,1,3000,Hàng Tiêu dùng
GLT,Công ty Cổ phần Kỹ thuật điện Toàn Cầu,CT,2,3700,Hàng cá nhân & Gia dụng
GLT,Công ty Cổ phần Kỹ thuật điện Toàn Cầu,CT,3,3740,Hàng hóa giải trí
GLT,Công ty Cổ phần Kỹ thuật điện Toàn Cầu,CT,4,3743,Điện tử tiêu dùng
GLW,Công ty Cổ phần Cấp thoát nước Gia Lai,CT,1,7000,Tiện ích Cộng đồng
GLW,Công ty Cổ phần Cấp thoát nước Gia Lai,CT,2,7500,"Điện, nước & xăng dầu khí đốt"
GLW,Công ty Cổ phần Cấp thoát nước Gia Lai,CT,3,7570,Nước & Khí đốt
GLW,Công ty Cổ phần Cấp thoát nước Gia Lai,CT,4,7577,Nước
GMA,Công ty Cổ phần G-Automobile,CT,1,3000,Hàng Tiêu dùng
GMA,Công ty Cổ phần G-Automobile,CT,2,3300,Ô tô và phụ tùng
GMA,Công ty Cổ phần G-Automobile,CT,3,3350,Ô tô và phụ tùng
GMA,Công ty Cổ phần G-Automobile,CT,4,3353,Sản xuất ô tô
GMC,Công ty Cổ phần Garmex Sài Gòn,CT,1,3000,Hàng Tiêu dùng
GMC,Công ty Cổ phần Garmex Sài Gòn,CT,2,3700,Hàng cá nhân & Gia dụng
GMC,Công ty Cổ phần Garmex Sài Gòn,CT,3,3760,Hàng cá nhân
GMC,Công ty Cổ phần Garmex Sài Gòn,CT,4,3763,Hàng May mặc
GMD,Công ty Cổ phần Tập đoàn Gemadept,CT,1,2000,Công nghiệp
GMD,Công ty Cổ phần Tập đoàn Gemadept,CT,2,2700,Hàng & Dịch vụ Công nghiệp
GMD,Công ty Cổ phần Tập đoàn Gemadept,CT,3,2770,Vận tải
GMD,Công ty Cổ phần Tập đoàn Gemadept,CT,4,2777,"Kho bãi, hậu cần và bảo dưỡng"
GMH,Công ty Cổ phần Minh Hưng Quảng Trị,CT,1,2000,Công nghiệp
GMH,Công ty Cổ phần Minh Hưng Quảng Trị,CT,2,2300,Xây dựng và Vật liệu
GMH,Công ty Cổ phần Minh Hưng Quảng Trị,CT,3,2350,Xây dựng và Vật liệu
GMH,Công ty Cổ phần Minh Hưng Quảng Trị,CT,4,2353,Vật liệu xây dựng & Nội thất
GMX,Công ty Cổ phần Gạch ngói Gốm xây dựng Mỹ Xuân,CT,1,2000,Công nghiệp
GMX,Công ty Cổ phần Gạch ngói Gốm xây dựng Mỹ Xuân,CT,2,2300,Xây dựng và Vật liệu
GMX,Công ty Cổ phần Gạch ngói Gốm xây dựng Mỹ Xuân,CT,3,2350,Xây dựng và Vật liệu
GMX,Công ty Cổ phần Gạch ngói Gốm xây dựng Mỹ Xuân,CT,4,2353,Vật liệu xây dựng & Nội thất
GND,Công ty Cổ phần Gạch ngói Đồng Nai,CT,1,2000,Công nghiệp
GND,Công ty Cổ phần Gạch ngói Đồng Nai,CT,2,2300,Xây dựng và Vật liệu
GND,Công ty Cổ phần Gạch ngói Đồng Nai,CT,3,2350,Xây dựng và Vật liệu
GND,Công ty Cổ phần Gạch ngói Đồng Nai,CT,4,2353,Vật liệu xây dựng & Nội thất
GPC,Công ty Cổ phần Tập đoàn Green+,CT,1,4000,Dược phẩm và Y tế
GPC,Công ty Cổ phần Tập đoàn Green+,CT,2,4500,Y tế
GPC,Công ty Cổ phần Tập đoàn Green+,CT,3,4570,Dược phẩm
GPC,Công ty Cổ phần Tập đoàn Green+,CT,4,4577,Dược phẩm
GQN,Công ty Cổ phần Giống Thủy Sản Quảng Nam,CT,1,3000,Hàng Tiêu dùng
GQN,Công ty Cổ phần Giống Thủy Sản Quảng Nam,CT,2,3500,Thực phẩm và đồ uống
GQN,Công ty Cổ phần Giống Thủy Sản Quảng Nam,CT,3,3570,Sản xuất thực phẩm
GQN,Công ty Cổ phần Giống Thủy Sản Quảng Nam,CT,4,3573,Nuôi trồng nông & hải sản
GSM,Công ty Cổ phần Thủy điện Hương Sơn,CT,1,7000,Tiện ích Cộng đồng
GSM,Công ty Cổ phần Thủy điện Hương Sơn,CT,2,7500,"Điện, nước & xăng dầu khí đốt"
GSM,Công ty Cổ phần Thủy điện Hương Sơn,CT,3,7530,Sản xuất & Phân phối Điện
GSM,Công ty Cổ phần Thủy điện Hương Sơn,CT,4,7535,Sản xuất & Phân phối Điện
GSP,Công ty Cổ phần Vận tải Sản phẩm Khí Quốc tế,CT,1,2000,Công nghiệp
GSP,Công ty Cổ phần Vận tải Sản phẩm Khí Quốc tế,CT,2,2700,Hàng & Dịch vụ Công nghiệp
GSP,Công ty Cổ phần Vận tải Sản phẩm Khí Quốc tế,CT,3,2770,Vận tải
GSP,Công ty Cổ phần Vận tải Sản phẩm Khí Quốc tế,CT,4,2773,Vận tải Thủy
GTA,Công ty Cổ phần Chế biến Gỗ Thuận An,CT,1,1000,Nguyên vật liệu
GTA,Công ty Cổ phần Chế biến Gỗ Thuận An,CT,2,1700,Tài nguyên Cơ bản
GTA,Công ty Cổ phần Chế biến Gỗ Thuận An,CT,3,1730,Lâm nghiệp và Giấy
GTA,Công ty Cổ phần Chế biến Gỗ Thuận An,CT,4,1733,Lâm sản và Chế biến gỗ
GTD,Công ty Cổ phần Giầy Thượng Đình,CT,1,3000,Hàng Tiêu dùng
GTD,Công ty Cổ phần Giầy Thượng Đình,CT,2,3700,Hàng cá nhân & Gia dụng
GTD,Công ty Cổ phần Giầy Thượng Đình,CT,3,3760,Hàng cá nhân
GTD,Công ty Cổ phần Giầy Thượng Đình,CT,4,3765,Giầy dép
GTH,Công ty Cổ phần Xây dựng Giao thông Thừa Thiên Huế,CT,1,2000,Công nghiệp
GTH,Công ty Cổ phần Xây dựng Giao thông Thừa Thiên Huế,CT,2,2300,Xây dựng và Vật liệu
GTH,Công ty Cổ phần Xây dựng Giao thông Thừa Thiên Huế,CT,3,2350,Xây dựng và Vật liệu
GTH,Công ty Cổ phần Xây dựng Giao thông Thừa Thiên Huế,CT,4,2357,Xây dựng
GTK,Công ty Cổ phần Giầy Thụy Khuê,CT,1,3000,Hàng Tiêu dùng
GTK,Công ty Cổ phần Giầy Thụy Khuê,CT,2,3700,Hàng cá nhân & Gia dụng
GTK,Công ty Cổ phần Giầy Thụy Khuê,CT,3,3760,Hàng cá nhân
GTK,Công ty Cổ phần Giầy Thụy Khuê,CT,4,3765,Giầy dép
GTM,Công ty Cổ phần Tập đoàn Tân Mai,CT,1,1000,Nguyên vật liệu
GTM,Công ty Cổ phần Tập đoàn Tân Mai,CT,2,1700,Tài nguyên Cơ bản
GTM,Công ty Cổ phần Tập đoàn Tân Mai,CT,3,1730,Lâm nghiệp và Giấy
GTM,Công ty Cổ phần Tập đoàn Tân Mai,CT,4,1737,Sản xuất giấy
GTS,Công ty Cổ phần Công trình Giao thông Sài Gòn,CT,1,2000,Công nghiệp
GTS,Công ty Cổ phần Công trình Giao thông Sài Gòn,CT,2,2300,Xây dựng và Vật liệu
GTS,Công ty Cổ phần Công trình Giao thông Sài Gòn,CT,3,2350,Xây dựng và Vật liệu
GTS,Công ty Cổ phần Công trình Giao thông Sài Gòn,CT,4,2357,Xây dựng
GTT,Công ty Cổ phần Thuận Thảo,CT,1,5000,Dịch vụ Tiêu dùng
GTT,Công ty Cổ phần Thuận Thảo,CT,2,5700,Du lịch và Giải trí
GTT,Công ty Cổ phần Thuận Thảo,CT,3,5750,Du lịch & Giải trí
GTT,Công ty Cổ phần Thuận Thảo,CT,4,5755,Dịch vụ giải trí
GTX,Công ty Cổ phần Global Tanker,CT,1,2000,Công nghiệp
GTX,Công ty Cổ phần Global Tanker,CT,2,2700,Hàng & Dịch vụ Công nghiệp
GTX,Công ty Cổ phần Global Tanker,CT,3,2770,Vận tải
GTX,Công ty Cổ phần Global Tanker,CT,4,2773,Vận tải Thủy
GVR,Tập đoàn Công nghiệp Cao su Việt Nam - Công ty Cổ phần,CT,1,1000,Nguyên vật liệu
GVR,Tập đoàn Công nghiệp Cao su Việt Nam - Công ty Cổ phần,CT,2,1300,Hóa chất
GVR,Tập đoàn Công nghiệp Cao su Việt Nam - Công ty Cổ phần,CT,3,1350,Hóa chất
GVR,Tập đoàn Công nghiệp Cao su Việt Nam - Công ty Cổ phần,CT,4,1353,"Nhựa, cao su & sợi"
GVT,Công ty Cổ phần Giấy Việt Trì,CT,1,1000,Nguyên vật liệu
GVT,Công ty Cổ phần Giấy Việt Trì,CT,2,1700,Tài nguyên Cơ bản
GVT,Công ty Cổ phần Giấy Việt Trì,CT,3,1730,Lâm nghiệp và Giấy
GVT,Công ty Cổ phần Giấy Việt Trì,CT,4,1737,Sản xuất giấy
H11,Công ty Cổ phần Xây dựng HUD101,CT,1,2000,Công nghiệp
H11,Công ty Cổ phần Xây dựng HUD101,CT,2,2300,Xây dựng và Vật liệu
H11,Công ty Cổ phần Xây dựng HUD101,CT,3,2350,Xây dựng và Vật liệu
H11,Công ty Cổ phần Xây dựng HUD101,CT,4,2357,Xây dựng
HAB,Công ty Cổ phần Sách Và Thiết Bị Trường Học Hà Nội,CT,1,5000,Dịch vụ Tiêu dùng
HAB,Công ty Cổ phần Sách Và Thiết Bị Trường Học Hà Nội,CT,2,5500,Truyền thông
HAB,Công ty Cổ phần Sách Và Thiết Bị Trường Học Hà Nội,CT,3,5550,Truyền thông
HAB,Công ty Cổ phần Sách Và Thiết Bị Trường Học Hà Nội,CT,4,5557,"Sách, ấn bản & sản phẩm văn hóa"
HAC,Công ty Cổ phần Chứng khoán Hải Phòng,CK,1,8000,Tài chính
HAC,Công ty Cổ phần Chứng khoán Hải Phòng,CK,2,8700,Dịch vụ tài chính
HAC,Công ty Cổ phần Chứng khoán Hải Phòng,CK,3,8770,Dịch vụ tài chính
HAC,Công ty Cổ phần Chứng khoán Hải Phòng,CK,4,8777,Môi giới chứng khoán
HAD,Công ty Cổ phần Bia Hà Nội - Hải Dương,CT,1,3000,Hàng Tiêu dùng
HAD,Công ty Cổ phần Bia Hà Nội - Hải Dương,CT,2,3500,Thực phẩm và đồ uống
HAD,Công ty Cổ phần Bia Hà Nội - Hải Dương,CT,3,3530,Bia và đồ uống
HAD,Công ty Cổ phần Bia Hà Nội - Hải Dương,CT,4,3533,Sản xuất bia
HAF,Công ty Cổ phần Thực phẩm Hà Nội,CT,1,3000,Hàng Tiêu dùng
HAF,Công ty Cổ phần Thực phẩm Hà Nội,CT,2,3500,Thực phẩm và đồ uống
HAF,Công ty Cổ phần Thực phẩm Hà Nội,CT,3,3570,Sản xuất thực phẩm
HAF,Công ty Cổ phần Thực phẩm Hà Nội,CT,4,3577,Thực phẩm
HAG,Công ty Cổ phần Hoàng Anh Gia Lai,CT,1,3000,Hàng Tiêu dùng
HAG,Công ty Cổ phần Hoàng Anh Gia Lai,CT,2,3500,Thực phẩm và đồ uống
HAG,Công ty Cổ phần Hoàng Anh Gia Lai,CT,3,3570,Sản xuất thực phẩm
HAG,Công ty Cổ phần Hoàng Anh Gia Lai,CT,4,3573,Nuôi trồng nông & hải sản
HAH,Công ty Cổ phần Vận tải và Xếp dỡ Hải An,CT,1,2000,Công nghiệp
HAH,Công ty Cổ phần Vận tải và Xếp dỡ Hải An,CT,2,2700,Hàng & Dịch vụ Công nghiệp
HAH,Công ty Cổ phần Vận tải và Xếp dỡ Hải An,CT,3,2770,Vận tải
HAH,Công ty Cổ phần Vận tải và Xếp dỡ Hải An,CT,4,2777,"Kho bãi, hậu cần và bảo dưỡng"
HAI,Công ty Cổ phần Nông dược HAI,CT,1,1000,Nguyên vật liệu
HAI,Công ty Cổ phần Nông dược HAI,CT,2,1300,Hóa chất
HAI,Công ty Cổ phần Nông dược HAI,CT,3,1350,Hóa chất
HAI,Công ty Cổ phần Nông dược HAI,CT,4,1357,"Sản phẩm hóa dầu, Nông dược & Hóa chất khác"
HAM,Công ty Cổ phần Vật tư Hậu Giang,CT,1,2000,Công nghiệp
HAM,Công ty Cổ phần Vật tư Hậu Giang,CT,2,2300,Xây dựng và Vật liệu
HAM,Công ty Cổ phần Vật tư Hậu Giang,CT,3,2350,Xây dựng và Vật liệu
HAM,Công ty Cổ phần Vật tư Hậu Giang,CT,4,2353,Vật liệu xây dựng & Nội thất
HAN,Tổng Công ty Xây dựng Hà Nội - CTCP,CT,1,2000,Công nghiệp
HAN,Tổng Công ty Xây dựng Hà Nội - CTCP,CT,2,2300,Xây dựng và Vật liệu
HAN,Tổng Công ty Xây dựng Hà Nội - CTCP,CT,3,2350,Xây dựng và Vật liệu
HAN,Tổng Công ty Xây dựng Hà Nội - CTCP,CT,4,2357,Xây dựng
HAP,Công ty Cổ phần Tập Đoàn Hapaco,CT,1,1000,Nguyên vật liệu
HAP,Công ty Cổ phần Tập Đoàn Hapaco,CT,2,1700,Tài nguyên Cơ bản
HAP,Công ty Cổ phần Tập Đoàn Hapaco,CT,3,1730,Lâm nghiệp và Giấy
HAP,Công ty Cổ phần Tập Đoàn Hapaco,CT,4,1737,Sản xuất giấy
HAR,Công ty Cổ phần Đầu tư Thương mại Bất động sản An Dương Thảo Điền,CT,1,8000,Tài chính
HAR,Công ty Cổ phần Đầu tư Thương mại Bất động sản An Dương Thảo Điền,CT,2,8600,Bất động sản
HAR,Công ty Cổ phần Đầu tư Thương mại Bất động sản An Dương Thảo Điền,CT,3,8630,Bất động sản
HAR,Công ty Cổ phần Đầu tư Thương mại Bất động sản An Dương Thảo Điền,CT,4,8633,Bất động sản
HAS,Công ty Cổ phần Hacisco,CT,1,2000,Công nghiệp
HAS,Công ty Cổ phần Hacisco,CT,2,2300,Xây dựng và Vật liệu
HAS,Công ty Cổ phần Hacisco,CT,3,2350,Xây dựng và Vật liệu
HAS,Công ty Cổ phần Hacisco,CT,4,2357,Xây dựng
HAT,Công ty Cổ phần Thương mại Bia Hà Nội,CT,1,3000,Hàng Tiêu dùng
HAT,Công ty Cổ phần Thương mại Bia Hà Nội,CT,2,3500,Thực phẩm và đồ uống
HAT,Công ty Cổ phần Thương mại Bia Hà Nội,CT,3,3530,Bia và đồ uống
HAT,Công ty Cổ phần Thương mại Bia Hà Nội,CT,4,3533,Sản xuất bia
HAV,Công ty Cổ phần Rượu Hapro,CT,1,3000,Hàng Tiêu dùng
HAV,Công ty Cổ phần Rượu Hapro,CT,2,3500,Thực phẩm và đồ uống
HAV,Công ty Cổ phần Rượu Hapro,CT,3,3530,Bia và đồ uống
HAV,Công ty Cổ phần Rượu Hapro,CT,4,3535,Vang & Rượu mạnh
HAW,Công ty Cổ phần Cấp nước và Vệ sinh Môi trường Nông thôn Hậu Giang,CT,1,2000,Công nghiệp
HAW,Công ty Cổ phần Cấp nước và Vệ sinh Môi trường Nông thôn Hậu Giang,CT,2,2700,Hàng & Dịch vụ Công nghiệp
HAW,Công ty Cổ phần Cấp nước và Vệ sinh Môi trường Nông thôn Hậu Giang,CT,3,2790,Tư vấn & Hỗ trợ Kinh doanh
HAW,Công ty Cổ phần Cấp nước và Vệ sinh Môi trường Nông thôn Hậu Giang,CT,4,2799,Chất thải & Môi trường
HAX,Công ty Cổ phần Dịch vụ Ô tô Hàng Xanh,CT,1,3000,Hàng Tiêu dùng
HAX,Công ty Cổ phần Dịch vụ Ô tô Hàng Xanh,CT,2,3300,Ô tô và phụ tùng
HAX,Công ty Cổ phần Dịch vụ Ô tô Hàng Xanh,CT,3,3350,Ô tô và phụ tùng
HAX,Công ty Cổ phần Dịch vụ Ô tô Hàng Xanh,CT,4,3353,Sản xuất ô tô
HBC,Công ty Cổ phần Tập đoàn Xây dựng Hòa Bình,CT,1,2000,Công nghiệp
HBC,Công ty Cổ phần Tập đoàn Xây dựng Hòa Bình,CT,2,2300,Xây dựng và Vật liệu
HBC,Công ty Cổ phần Tập đoàn Xây dựng Hòa Bình,CT,3,2350,Xây dựng và Vật liệu
HBC,Công ty Cổ phần Tập đoàn Xây dựng Hòa Bình,CT,4,2357,Xây dựng
HBD,Công ty Cổ phần Bao bì PP Bình Dương,CT,1,2000,Công nghiệp
HBD,Công ty Cổ phần Bao bì PP Bình Dương,CT,2,2700,Hàng & Dịch vụ Công nghiệp
HBD,Công ty Cổ phần Bao bì PP Bình Dương,CT,3,2720,Hàng công nghiệp
HBD,Công ty Cổ phần Bao bì PP Bình Dương,CT,4,2723,Containers & Đóng gói
HBH,Công ty Cổ phần HABECO - Hải Phòng,CT,1,3000,Hàng Tiêu dùng
HBH,Công ty Cổ phần HABECO - Hải Phòng,CT,2,3500,Thực phẩm và đồ uống
HBH,Công ty Cổ phần HABECO - Hải Phòng,CT,3,3530,Bia và đồ uống
HBH,Công ty Cổ phần HABECO - Hải Phòng,CT,4,3533,Sản xuất bia
HBS,Công ty Cổ phần Chứng khoán Hòa Bình,CK,1,8000,Tài chính
HBS,Công ty Cổ phần Chứng khoán Hòa Bình,CK,2,8700,Dịch vụ tài chính
HBS,Công ty Cổ phần Chứng khoán Hòa Bình,CK,3,8770,Dịch vụ tài chính
HBS,Công ty Cổ phần Chứng khoán Hòa Bình,CK,4,8777,Môi giới chứng khoán
HC1,Công ty Cổ phần Xây dựng số 1 Hà Nội,CT,1,2000,Công nghiệp
HC1,Công ty Cổ phần Xây dựng số 1 Hà Nội,CT,2,2300,Xây dựng và Vật liệu
HC1,Công ty Cổ phần Xây dựng số 1 Hà Nội,CT,3,2350,Xây dựng và Vật liệu
HC1,Công ty Cổ phần Xây dựng số 1 Hà Nội,CT,4,2357,Xây dựng
HC3,Công ty Cổ phần Xây dựng số 3 Hải Phòng,CT,1,2000,Công nghiệp
HC3,Công ty Cổ phần Xây dựng số 3 Hải Phòng,CT,2,2300,Xây dựng và Vật liệu
HC3,Công ty Cổ phần Xây dựng số 3 Hải Phòng,CT,3,2350,Xây dựng và Vật liệu
HC3,Công ty Cổ phần Xây dựng số 3 Hải Phòng,CT,4,2357,Xây dựng
HCB,Công ty Cổ phần Dệt may 29/3,CT,1,3000,Hàng Tiêu dùng
HCB,Công ty Cổ phần Dệt may 29/3,CT,2,3700,Hàng cá nhân & Gia dụng
HCB,Công ty Cổ phần Dệt may 29/3,CT,3,3760,Hàng cá nhân
HCB,Công ty Cổ phần Dệt may 29/3,CT,4,3763,Hàng May mặc
HCC,Công ty Cổ phần Bê tông Hòa Cầm - Intimex,CT,1,2000,Công nghiệp
HCC,Công ty Cổ phần Bê tông Hòa Cầm - Intimex,CT,2,2300,Xây dựng và Vật liệu
HCC,Công ty Cổ phần Bê tông Hòa Cầm - Intimex,CT,3,2350,Xây dựng và Vật liệu
HCC,Công ty Cổ phần Bê tông Hòa Cầm - Intimex,CT,4,2353,Vật liệu xây dựng & Nội thất
HCD,Công ty Cổ phần Đầu tư Sản xuất và Thương mại HCD,CT,1,1000,Nguyên vật liệu
HCD,Công ty Cổ phần Đầu tư Sản xuất và Thương mại HCD,CT,2,1300,Hóa chất
HCD,Công ty Cổ phần Đầu tư Sản xuất và Thương mại HCD,CT,3,1350,Hóa chất
HCD,Công ty Cổ phần Đầu tư Sản xuất và Thương mại HCD,CT,4,1353,"Nhựa, cao su & sợi"
HCI,Công ty Cổ phần Đầu tư - Xây dựng Hà Nội,CT,1,2000,Công nghiệp
HCI,Công ty Cổ phần Đầu tư - Xây dựng Hà Nội,CT,2,2300,Xây dựng và Vật liệu
HCI,Công ty Cổ phần Đầu tư - Xây dựng Hà Nội,CT,3,2350,Xây dựng và Vật liệu
HCI,Công ty Cổ phần Đầu tư - Xây dựng Hà Nội,CT,4,2357,Xây dựng
HCM,Công ty Cổ phần Chứng khoán Thành phố Hồ Chí Minh,CK,1,8000,Tài chính
HCM,Công ty Cổ phần Chứng khoán Thành phố Hồ Chí Minh,CK,2,8700,Dịch vụ tài chính
HCM,Công ty Cổ phần Chứng khoán Thành phố Hồ Chí Minh,CK,3,8770,Dịch vụ tài chính
HCM,Công ty Cổ phần Chứng khoán Thành phố Hồ Chí Minh,CK,4,8777,Môi giới chứng khoán
HCO,Công ty Cổ phần Bánh kẹo Hải Châu,CT,1,3000,Hàng Tiêu dùng
HCO,Công ty Cổ phần Bánh kẹo Hải Châu,CT,2,3500,Thực phẩm và đồ uống
HCO,Công ty Cổ phần Bánh kẹo Hải Châu,CT,3,3570,Sản xuất thực phẩm
HCO,Công ty Cổ phần Bánh kẹo Hải Châu,CT,4,3577,Thực phẩm
HCT,Công ty Cổ phần Thương mại - Dịch vụ - Vận tải Xi măng Hải Phòng,CT,1,2000,Công nghiệp
HCT,Công ty Cổ phần Thương mại - Dịch vụ - Vận tải Xi măng Hải Phòng,CT,2,2700,Hàng & Dịch vụ Công nghiệp
HCT,Công ty Cổ phần Thương mại - Dịch vụ - Vận tải Xi măng Hải Phòng,CT,3,2770,Vận tải
HCT,Công ty Cổ phần Thương mại - Dịch vụ - Vận tải Xi măng Hải Phòng,CT,4,2779,Dịch vụ vận tải
HD2,Công ty Cổ phần Đầu tư phát triển nhà HUD2,CT,1,8000,Tài chính
HD2,Công ty Cổ phần Đầu tư phát triển nhà HUD2,CT,2,8600,Bất động sản
HD2,Công ty Cổ phần Đầu tư phát triển nhà HUD2,CT,3,8630,Bất động sản
HD2,Công ty Cổ phần Đầu tư phát triển nhà HUD2,CT,4,8633,Bất động sản
HD3,Công ty Cổ phần Đầu tư phát triển Nhà và Đô thị MHDI 3,CT,1,8000,Tài chính
HD3,Công ty Cổ phần Đầu tư phát triển Nhà và Đô thị MHDI 3,CT,2,8600,Bất động sản
HD3,Công ty Cổ phần Đầu tư phát triển Nhà và Đô thị MHDI 3,CT,3,8630,Bất động sản
HD3,Công ty Cổ phần Đầu tư phát triển Nhà và Đô thị MHDI 3,CT,4,8633,Bất động sản
HD6,Công ty Cổ phần Đầu tư và Phát triển nhà số 6 Hà Nội,CT,1,8000,Tài chính
HD6,Công ty Cổ phần Đầu tư và Phát triển nhà số 6 Hà Nội,CT,2,8600,Bất động sản
HD6,Công ty Cổ phần Đầu tư và Phát triển nhà số 6 Hà Nội,CT,3,8630,Bất động sản
HD6,Công ty Cổ phần Đầu tư và Phát triển nhà số 6 Hà Nội,CT,4,8633,Bất động sản
HD8,Công ty Cổ phần Đầu tư Phát triển Nhà và Đô thị HUD8,CT,1,8000,Tài chính
HD8,Công ty Cổ phần Đầu tư Phát triển Nhà và Đô thị HUD8,CT,2,8600,Bất động sản
HD8,Công ty Cổ phần Đầu tư Phát triển Nhà và Đô thị HUD8,CT,3,8630,Bất động sản
HD8,Công ty Cổ phần Đầu tư Phát triển Nhà và Đô thị HUD8,CT,4,8633,Bất động sản
HDA,Công ty Cổ phần Hãng sơn Đông Á,CT,1,2000,Công nghiệp
HDA,Công ty Cổ phần Hãng sơn Đông Á,CT,2,2300,Xây dựng và Vật liệu
HDA,Công ty Cổ phần Hãng sơn Đông Á,CT,3,2350,Xây dựng và Vật liệu
HDA,Công ty Cổ phần Hãng sơn Đông Á,CT,4,2353,Vật liệu xây dựng & Nội thất
HDB,Ngân hàng Thương mại Cổ phần Phát Triển Thành phố Hồ Chí Minh,NH,1,8301,Ngân hàng
HDB,Ngân hàng Thương mại Cổ phần Phát Triển Thành phố Hồ Chí Minh,NH,2,8300,Ngân hàng
HDB,Ngân hàng Thương mại Cổ phần Phát Triển Thành phố Hồ Chí Minh,NH,3,8350,Ngân hàng
HDB,Ngân hàng Thương mại Cổ phần Phát Triển Thành phố Hồ Chí Minh,NH,4,8355,Ngân hàng
HDBOND,Quỹ Đầu tư Trái phiếu Lợi tức cao HD,QU,1,8000,Tài chính
HDBOND,Quỹ Đầu tư Trái phiếu Lợi tức cao HD,QU,2,8700,Dịch vụ tài chính
HDBOND,Quỹ Đầu tư Trái phiếu Lợi tức cao HD,QU,3,8980,Quỹ đầu tư
HDBOND,Quỹ Đầu tư Trái phiếu Lợi tức cao HD,QU,4,8985,Quỹ đầu tư
HDC,Công ty Cổ phần Phát triển Nhà Bà Rịa Vũng Tàu,CT,1,8000,Tài chính
HDC,Công ty Cổ phần Phát triển Nhà Bà Rịa Vũng Tàu,CT,2,8600,Bất động sản
HDC,Công ty Cổ phần Phát triển Nhà Bà Rịa Vũng Tàu,CT,3,8630,Bất động sản
HDC,Công ty Cổ phần Phát triển Nhà Bà Rịa Vũng Tàu,CT,4,8633,Bất động sản
HDG,Công ty Cổ phần Tập đoàn Hà Đô,CT,1,8000,Tài chính
HDG,Công ty Cổ phần Tập đoàn Hà Đô,CT,2,8600,Bất động sản
HDG,Công ty Cổ phần Tập đoàn Hà Đô,CT,3,8630,Bất động sản
HDG,Công ty Cổ phần Tập đoàn Hà Đô,CT,4,8633,Bất động sản
HDM,Công ty Cổ phần Dệt May Huế,CT,1,3000,Hàng Tiêu dùng
HDM,Công ty Cổ phần Dệt May Huế,CT,2,3700,Hàng cá nhân & Gia dụng
HDM,Công ty Cổ phần Dệt May Huế,CT,3,3760,Hàng cá nhân
HDM,Công ty Cổ phần Dệt May Huế,CT,4,3763,Hàng May mặc
HDO,Công ty Cổ phần Hưng Đạo Container,CT,1,2000,Công nghiệp
HDO,Công ty Cổ phần Hưng Đạo Container,CT,2,2700,Hàng & Dịch vụ Công nghiệp
HDO,Công ty Cổ phần Hưng Đạo Container,CT,3,2720,Hàng công nghiệp
HDO,Công ty Cổ phần Hưng Đạo Container,CT,4,2723,Containers & Đóng gói
HDP,Công ty Cổ phần Dược Hà Tĩnh,CT,1,4000,Dược phẩm và Y tế
HDP,Công ty Cổ phần Dược Hà Tĩnh,CT,2,4500,Y tế
HDP,Công ty Cổ phần Dược Hà Tĩnh,CT,3,4570,Dược phẩm
HDP,Công ty Cổ phần Dược Hà Tĩnh,CT,4,4577,Dược phẩm
HDS,Công ty Cổ phần Giống cây trồng Hải Dương,CT,1,3000,Hàng Tiêu dùng
HDS,Công ty Cổ phần Giống cây trồng Hải Dương,CT,2,3500,Thực phẩm và đồ uống
HDS,Công ty Cổ phần Giống cây trồng Hải Dương,CT,3,3570,Sản xuất thực phẩm
HDS,Công ty Cổ phần Giống cây trồng Hải Dương,CT,4,3573,Nuôi trồng nông & hải sản
HDV,Công ty Cổ phần Hóa Dược Việt Nam,CT,1,4000,Dược phẩm và Y tế
HDV,Công ty Cổ phần Hóa Dược Việt Nam,CT,2,4500,Y tế
HDV,Công ty Cổ phần Hóa Dược Việt Nam,CT,3,4570,Dược phẩm
HDV,Công ty Cổ phần Hóa Dược Việt Nam,CT,4,4577,Dược phẩm
HDW,Công ty Cổ phần Kinh doanh Nước sạch Hải Dương,CT,1,7000,Tiện ích Cộng đồng
HDW,Công ty Cổ phần Kinh doanh Nước sạch Hải Dương,CT,2,7500,"Điện, nước & xăng dầu khí đốt"
HDW,Công ty Cổ phần Kinh doanh Nước sạch Hải Dương,CT,3,7570,Nước & Khí đốt
HDW,Công ty Cổ phần Kinh doanh Nước sạch Hải Dương,CT,4,7577,Nước
HEC,Công ty Cổ phần Tư vấn xây dựng Thủy Lợi II,CT,1,2000,Công nghiệp
HEC,Công ty Cổ phần Tư vấn xây dựng Thủy Lợi II,CT,2,2700,Hàng & Dịch vụ Công nghiệp
HEC,Công ty Cổ phần Tư vấn xây dựng Thủy Lợi II,CT,3,2790,Tư vấn & Hỗ trợ Kinh doanh
HEC,Công ty Cổ phần Tư vấn xây dựng Thủy Lợi II,CT,4,2791,Tư vấn & Hỗ trợ KD
HEJ,Tổng Công ty Tư vấn Xây dựng Thủy Lợi Việt Nam - CTCP,CT,1,2000,Công nghiệp
HEJ,Tổng Công ty Tư vấn Xây dựng Thủy Lợi Việt Nam - CTCP,CT,2,2300,Xây dựng và Vật liệu
HEJ,Tổng Công ty Tư vấn Xây dựng Thủy Lợi Việt Nam - CTCP,CT,3,2350,Xây dựng và Vật liệu
HEJ,Tổng Công ty Tư vấn Xây dựng Thủy Lợi Việt Nam - CTCP,CT,4,2357,Xây dựng
HEM,Công ty Cổ phần Chế tạo Điện cơ Hà Nội,CT,1,2000,Công nghiệp
HEM,Công ty Cổ phần Chế tạo Điện cơ Hà Nội,CT,2,2700,Hàng & Dịch vụ Công nghiệp
HEM,Công ty Cổ phần Chế tạo Điện cơ Hà Nội,CT,3,2730,Điện tử & Thiết bị điện
HEM,Công ty Cổ phần Chế tạo Điện cơ Hà Nội,CT,4,2737,Thiết bị điện
HEP,Công ty Cổ phần Môi trường và Công trình đô thị Huế,CT,1,2000,Công nghiệp
HEP,Công ty Cổ phần Môi trường và Công trình đô thị Huế,CT,2,2700,Hàng & Dịch vụ Công nghiệp
HEP,Công ty Cổ phần Môi trường và Công trình đô thị Huế,CT,3,2790,Tư vấn & Hỗ trợ Kinh doanh
HEP,Công ty Cổ phần Môi trường và Công trình đô thị Huế,CT,4,2799,Chất thải & Môi trường
HES,Công ty Cổ phần Dịch vụ Giải trí Hà Nội,CT,1,5000,Dịch vụ Tiêu dùng
HES,Công ty Cổ phần Dịch vụ Giải trí Hà Nội,CT,2,5700,Du lịch và Giải trí
HES,Công ty Cổ phần Dịch vụ Giải trí Hà Nội,CT,3,5750,Du lịch & Giải trí
HES,Công ty Cổ phần Dịch vụ Giải trí Hà Nội,CT,4,5755,Dịch vụ giải trí
HEV,Công ty Cổ phần Sách Đại học - Dạy nghề,CT,1,5000,Dịch vụ Tiêu dùng
HEV,Công ty Cổ phần Sách Đại học - Dạy nghề,CT,2,5500,Truyền thông
HEV,Công ty Cổ phần Sách Đại học - Dạy nghề,CT,3,5550,Truyền thông
HEV,Công ty Cổ phần Sách Đại học - Dạy nghề,CT,4,5557,"Sách, ấn bản & sản phẩm văn hóa"
HFB,Công ty Cổ phần Công trình Cầu phà Thành phố Hồ Chí Minh,CT,1,2000,Công nghiệp
HFB,Công ty Cổ phần Công trình Cầu phà Thành phố Hồ Chí Minh,CT,2,2300,Xây dựng và Vật liệu
HFB,Công ty Cổ phần Công trình Cầu phà Thành phố Hồ Chí Minh,CT,3,2350,Xây dựng và Vật liệu
HFB,Công ty Cổ phần Công trình Cầu phà Thành phố Hồ Chí Minh,CT,4,2357,Xây dựng
HFC,Công ty Cổ phần Xăng dầu HFC,CT,1,7000,Tiện ích Cộng đồng
HFC,Công ty Cổ phần Xăng dầu HFC,CT,2,7500,"Điện, nước & xăng dầu khí đốt"
HFC,Công ty Cổ phần Xăng dầu HFC,CT,3,7570,Nước & Khí đốt
HFC,Công ty Cổ phần Xăng dầu HFC,CT,4,7573,Phân phối xăng dầu & khí đốt
HFT,Công ty Cổ phần Chứng khoán Pinetree,CK,1,8000,Tài chính
HFT,Công ty Cổ phần Chứng khoán Pinetree,CK,2,8700,Dịch vụ tài chính
HFT,Công ty Cổ phần Chứng khoán Pinetree,CK,3,8770,Dịch vụ tài chính
HFT,Công ty Cổ phần Chứng khoán Pinetree,CK,4,8777,Môi giới chứng khoán
HFX,Công ty Cổ phần Sản xuất - Xuất nhập khẩu Thanh Hà,CT,1,5000,Dịch vụ Tiêu dùng
HFX,Công ty Cổ phần Sản xuất - Xuất nhập khẩu Thanh Hà,CT,2,5300,Bán lẻ
HFX,Công ty Cổ phần Sản xuất - Xuất nhập khẩu Thanh Hà,CT,3,5370,Bán lẻ
HFX,Công ty Cổ phần Sản xuất - Xuất nhập khẩu Thanh Hà,CT,4,5373,Bán lẻ phức hợp
HGM,Công ty Cổ phần Cơ khí và Khoáng sản Hà Giang,CT,1,1000,Nguyên vật liệu
HGM,Công ty Cổ phần Cơ khí và Khoáng sản Hà Giang,CT,2,1700,Tài nguyên Cơ bản
HGM,Công ty Cổ phần Cơ khí và Khoáng sản Hà Giang,CT,3,1770,Khai khoáng
HGM,Công ty Cổ phần Cơ khí và Khoáng sản Hà Giang,CT,4,1775,Khai khoáng
HGR,Công ty Cổ phần Tài nguyên và Môi trường Hậu Giang,CT,1,2000,Công nghiệp
HGR,Công ty Cổ phần Tài nguyên và Môi trường Hậu Giang,CT,2,2700,Hàng & Dịch vụ Công nghiệp
HGR,Công ty Cổ phần Tài nguyên và Môi trường Hậu Giang,CT,3,2790,Tư vấn & Hỗ trợ Kinh doanh
HGR,Công ty Cổ phần Tài nguyên và Môi trường Hậu Giang,CT,4,2791,Tư vấn & Hỗ trợ KD
HGT,Công ty Cổ phần Du lịch Hương Giang,CT,1,5000,Dịch vụ Tiêu dùng
HGT,Công ty Cổ phần Du lịch Hương Giang,CT,2,5700,Du lịch và Giải trí
HGT,Công ty Cổ phần Du lịch Hương Giang,CT,3,5750,Du lịch & Giải trí
HGT,Công ty Cổ phần Du lịch Hương Giang,CT,4,5759,Vận tải hành khách & Du lịch
HGW,Công ty Cổ phần Cấp thoát nước - Công trình Đô thị Hậu Giang,CT,1,7000,Tiện ích Cộng đồng
HGW,Công ty Cổ phần Cấp thoát nước - Công trình Đô thị Hậu Giang,CT,2,7500,"Điện, nước & xăng dầu khí đốt"
HGW,Công ty Cổ phần Cấp thoát nước - Công trình Đô thị Hậu Giang,CT,3,7570,Nước & Khí đốt
HGW,Công ty Cổ phần Cấp thoát nước - Công trình Đô thị Hậu Giang,CT,4,7577,Nước
HHB,Công ty Cổ Phần Bia Hà Nội - Hồng Hà,CT,1,3000,Hàng Tiêu dùng
HHB,Công ty Cổ Phần Bia Hà Nội - Hồng Hà,CT,2,3500,Thực phẩm và đồ uống
HHB,Công ty Cổ Phần Bia Hà Nội - Hồng Hà,CT,3,3530,Bia và đồ uống
HHB,Công ty Cổ Phần Bia Hà Nội - Hồng Hà,CT,4,3533,Sản xuất bia
HHC,Công ty Cổ phần Bánh kẹo Hải Hà,CT,1,3000,Hàng Tiêu dùng
HHC,Công ty Cổ phần Bánh kẹo Hải Hà,CT,2,3500,Thực phẩm và đồ uống
HHC,Công ty Cổ phần Bánh kẹo Hải Hà,CT,3,3570,Sản xuất thực phẩm
HHC,Công ty Cổ phần Bánh kẹo Hải Hà,CT,4,3577,Thực phẩm
HHG,Công ty Cổ phần Hoàng Hà,CT,1,5000,Dịch vụ Tiêu dùng
HHG,Công ty Cổ phần Hoàng Hà,CT,2,5700,Du lịch và Giải trí
HHG,Công ty Cổ phần Hoàng Hà,CT,3,5750,Du lịch & Giải trí
HHG,Công ty Cổ phần Hoàng Hà,CT,4,5759,Vận tải hành khách & Du lịch
HHI,Công ty Cổ phần Hoàng Hạc,CT,1,5000,Dịch vụ Tiêu dùng
HHI,Công ty Cổ phần Hoàng Hạc,CT,2,5500,Truyền thông
HHI,Công ty Cổ phần Hoàng Hạc,CT,3,5550,Truyền thông
HHI,Công ty Cổ phần Hoàng Hạc,CT,4,5557,"Sách, ấn bản & sản phẩm văn hóa"
HHN,Công ty Cổ phần Vận tải và Dịch vụ Hàng hóa Hà Nội,CT,1,2000,Công nghiệp
HHN,Công ty Cổ phần Vận tải và Dịch vụ Hàng hóa Hà Nội,CT,2,2700,Hàng & Dịch vụ Công nghiệp
HHN,Công ty Cổ phần Vận tải và Dịch vụ Hàng hóa Hà Nội,CT,3,2770,Vận tải
HHN,Công ty Cổ phần Vận tải và Dịch vụ Hàng hóa Hà Nội,CT,4,2777,"Kho bãi, hậu cần và bảo dưỡng"
HHP,Công ty Cổ phần HHP Global,CT,1,1000,Nguyên vật liệu
HHP,Công ty Cổ phần HHP Global,CT,2,1700,Tài nguyên Cơ bản
HHP,Công ty Cổ phần HHP Global,CT,3,1730,Lâm nghiệp và Giấy
HHP,Công ty Cổ phần HHP Global,CT,4,1737,Sản xuất giấy
HHR,Công ty Cổ phần Đường sắt Hà Hải,CT,1,2000,Công nghiệp
HHR,Công ty Cổ phần Đường sắt Hà Hải,CT,2,2700,Hàng & Dịch vụ Công nghiệp
HHR,Công ty Cổ phần Đường sắt Hà Hải,CT,3,2770,Vận tải
HHR,Công ty Cổ phần Đường sắt Hà Hải,CT,4,2775,Đường sắt
HHS,Công ty Cổ phần Đầu tư Dịch vụ Hoàng Huy,CT,1,3000,Hàng Tiêu dùng
HHS,Công ty Cổ phần Đầu tư Dịch vụ Hoàng Huy,CT,2,3300,Ô tô và phụ tùng
HHS,Công ty Cổ phần Đầu tư Dịch vụ Hoàng Huy,CT,3,3350,Ô tô và phụ tùng
HHS,Công ty Cổ phần Đầu tư Dịch vụ Hoàng Huy,CT,4,3353,Sản xuất ô tô
HHV,Công ty Cổ phần Đầu tư Hạ tầng Giao thông Đèo Cả,CT,1,2000,Công nghiệp
HHV,Công ty Cổ phần Đầu tư Hạ tầng Giao thông Đèo Cả,CT,2,2300,Xây dựng và Vật liệu
HHV,Công ty Cổ phần Đầu tư Hạ tầng Giao thông Đèo Cả,CT,3,2350,Xây dựng và Vật liệu
HHV,Công ty Cổ phần Đầu tư Hạ tầng Giao thông Đèo Cả,CT,4,2357,Xây dựng
HID,Công ty Cổ phần Halcom Vietnam,CT,1,2000,Công nghiệp
HID,Công ty Cổ phần Halcom Vietnam,CT,2,2300,Xây dựng và Vật liệu
HID,Công ty Cổ phần Halcom Vietnam,CT,3,2350,Xây dựng và Vật liệu
HID,Công ty Cổ phần Halcom Vietnam,CT,4,2357,Xây dựng
HIG,Công ty Cổ phần Tập đoàn HIPT,CT,1,9000,Công nghệ Thông tin
HIG,Công ty Cổ phần Tập đoàn HIPT,CT,2,9500,Công nghệ Thông tin
HIG,Công ty Cổ phần Tập đoàn HIPT,CT,3,9530,Phần mềm & Dịch vụ Máy tính
HIG,Công ty Cổ phần Tập đoàn HIPT,CT,4,9537,Phần mềm
HII,Công ty Cổ phần An Tiến Industries,CT,1,1000,Nguyên vật liệu
HII,Công ty Cổ phần An Tiến Industries,CT,2,1300,Hóa chất
HII,Công ty Cổ phần An Tiến Industries,CT,3,1350,Hóa chất
HII,Công ty Cổ phần An Tiến Industries,CT,4,1353,"Nhựa, cao su & sợi"
HIO,Công ty Cổ Phần Helio Energy,CT,1,7000,Tiện ích Cộng đồng
HIO,Công ty Cổ Phần Helio Energy,CT,2,7500,"Điện, nước & xăng dầu khí đốt"
HIO,Công ty Cổ Phần Helio Energy,CT,3,7530,Sản xuất & Phân phối Điện
HIO,Công ty Cổ Phần Helio Energy,CT,4,7535,Sản xuất & Phân phối Điện
HIZ,Công ty Cổ phần Khu công nghiệp Hố Nai,CT,1,8000,Tài chính
HIZ,Công ty Cổ phần Khu công nghiệp Hố Nai,CT,2,8600,Bất động sản
HIZ,Công ty Cổ phần Khu công nghiệp Hố Nai,CT,3,8630,Bất động sản
HIZ,Công ty Cổ phần Khu công nghiệp Hố Nai,CT,4,8633,Bất động sản
HJC,Công ty Cổ phần Hoà Việt,CT,1,3000,Hàng Tiêu dùng
HJC,Công ty Cổ phần Hoà Việt,CT,2,3700,Hàng cá nhân & Gia dụng
HJC,Công ty Cổ phần Hoà Việt,CT,3,3780,Thuốc lá
HJC,Công ty Cổ phần Hoà Việt,CT,4,3785,Thuốc lá
HJS,Công ty Cổ phần Thủy điện Nậm Mu,CT,1,7000,Tiện ích Cộng đồng
HJS,Công ty Cổ phần Thủy điện Nậm Mu,CT,2,7500,"Điện, nước & xăng dầu khí đốt"
HJS,Công ty Cổ phần Thủy điện Nậm Mu,CT,3,7530,Sản xuất & Phân phối Điện
HJS,Công ty Cổ phần Thủy điện Nậm Mu,CT,4,7535,Sản xuất & Phân phối Điện
HKB,Công ty Cổ phần Nông nghiệp và Thực phẩm Hà Nội - Kinh Bắc,CT,1,3000,Hàng Tiêu dùng
HKB,Công ty Cổ phần Nông nghiệp và Thực phẩm Hà Nội - Kinh Bắc,CT,2,3500,Thực phẩm và đồ uống
HKB,Công ty Cổ phần Nông nghiệp và Thực phẩm Hà Nội - Kinh Bắc,CT,3,3570,Sản xuất thực phẩm
HKB,Công ty Cổ phần Nông nghiệp và Thực phẩm Hà Nội - Kinh Bắc,CT,4,3577,Thực phẩm
HKP,Công ty Cổ phần Bao bì Hà Tiên,CT,1,2000,Công nghiệp
HKP,Công ty Cổ phần Bao bì Hà Tiên,CT,2,2700,Hàng & Dịch vụ Công nghiệp
HKP,Công ty Cổ phần Bao bì Hà Tiên,CT,3,2720,Hàng công nghiệp
HKP,Công ty Cổ phần Bao bì Hà Tiên,CT,4,2723,Containers & Đóng gói
HKT,Công ty Cổ phần QP Holdings,CT,1,3000,Hàng Tiêu dùng
HKT,Công ty Cổ phần QP Holdings,CT,2,3500,Thực phẩm và đồ uống
HKT,Công ty Cổ phần QP Holdings,CT,3,3530,Bia và đồ uống
HKT,Công ty Cổ phần QP Holdings,CT,4,3537,Đồ uống & giải khát
HLA,Công ty Cổ phần Hữu Liên Á Châu,CT,1,1000,Nguyên vật liệu
HLA,Công ty Cổ phần Hữu Liên Á Châu,CT,2,1700,Tài nguyên Cơ bản
HLA,Công ty Cổ phần Hữu Liên Á Châu,CT,3,1750,Kim loại
HLA,Công ty Cổ phần Hữu Liên Á Châu,CT,4,1757,Thép và sản phẩm thép
HLB,Công ty Cổ phần Bia và Nước giải khát Hạ Long,CT,1,3000,Hàng Tiêu dùng
HLB,Công ty Cổ phần Bia và Nước giải khát Hạ Long,CT,2,3500,Thực phẩm và đồ uống
HLB,Công ty Cổ phần Bia và Nước giải khát Hạ Long,CT,3,3530,Bia và đồ uống
HLB,Công ty Cổ phần Bia và Nước giải khát Hạ Long,CT,4,3533,Sản xuất bia
HLC,Công ty Cổ phần Than Hà Lầm - Vinacomin,CT,1,1000,Nguyên vật liệu
HLC,Công ty Cổ phần Than Hà Lầm - Vinacomin,CT,2,1700,Tài nguyên Cơ bản
HLC,Công ty Cổ phần Than Hà Lầm - Vinacomin,CT,3,1770,Khai khoáng
HLC,Công ty Cổ phần Than Hà Lầm - Vinacomin,CT,4,1771,Khai thác Than
HLD,Công ty Cổ phần Đầu tư và Phát triển Bất động sản HUDLAND,CT,1,8000,Tài chính
HLD,Công ty Cổ phần Đầu tư và Phát triển Bất động sản HUDLAND,CT,2,8600,Bất động sản
HLD,Công ty Cổ phần Đầu tư và Phát triển Bất động sản HUDLAND,CT,3,8630,Bất động sản
HLD,Công ty Cổ phần Đầu tư và Phát triển Bất động sản HUDLAND,CT,4,8633,Bất động sản
HLE,Công ty Cổ phần Điện Chiếu Sáng Hải Phòng,CT,1,2000,Công nghiệp
HLE,Công ty Cổ phần Điện Chiếu Sáng Hải Phòng,CT,2,2300,Xây dựng và Vật liệu
HLE,Công ty Cổ phần Điện Chiếu Sáng Hải Phòng,CT,3,2350,Xây dựng và Vật liệu
HLE,Công ty Cổ phần Điện Chiếu Sáng Hải Phòng,CT,4,2357,Xây dựng
HLG,Công ty Cổ phần Tập đoàn Hoàng Long,CT,1,3000,Hàng Tiêu dùng
HLG,Công ty Cổ phần Tập đoàn Hoàng Long,CT,2,3500,Thực phẩm và đồ uống
HLG,Công ty Cổ phần Tập đoàn Hoàng Long,CT,3,3570,Sản xuất thực phẩm
HLG,Công ty Cổ phần Tập đoàn Hoàng Long,CT,4,3573,Nuôi trồng nông & hải sản
HLO,Công Ty Cổ Phần Công Nghệ Ha Lô,CT,1,2000,Công nghiệp
HLO,Công Ty Cổ Phần Công Nghệ Ha Lô,CT,2,2700,Hàng & Dịch vụ Công nghiệp
HLO,Công Ty Cổ Phần Công Nghệ Ha Lô,CT,3,2730,Điện tử & Thiết bị điện
HLO,Công Ty Cổ Phần Công Nghệ Ha Lô,CT,4,2733,Hàng điện & điện tử
HLR,Công ty Cổ phần Đường sắt Hà Lạng,CT,1,2000,Công nghiệp
HLR,Công ty Cổ phần Đường sắt Hà Lạng,CT,2,2700,Hàng & Dịch vụ Công nghiệp
HLR,Công ty Cổ phần Đường sắt Hà Lạng,CT,3,2770,Vận tải
HLR,Công ty Cổ phần Đường sắt Hà Lạng,CT,4,2775,Đường sắt
HLS,Công ty Cổ phần Sứ kỹ thuật Hoàng Liên Sơn,CT,1,2000,Công nghiệp
HLS,Công ty Cổ phần Sứ kỹ thuật Hoàng Liên Sơn,CT,2,2700,Hàng & Dịch vụ Công nghiệp
HLS,Công ty Cổ phần Sứ kỹ thuật Hoàng Liên Sơn,CT,3,2730,Điện tử & Thiết bị điện
HLS,Công ty Cổ phần Sứ kỹ thuật Hoàng Liên Sơn,CT,4,2733,Hàng điện & điện tử
HLT,Công ty Cổ phần Dệt may Hoàng Thị Loan,CT,1,3000,Hàng Tiêu dùng
HLT,Công ty Cổ phần Dệt may Hoàng Thị Loan,CT,2,3700,Hàng cá nhân & Gia dụng
HLT,Công ty Cổ phần Dệt may Hoàng Thị Loan,CT,3,3760,Hàng cá nhân
HLT,Công ty Cổ phần Dệt may Hoàng Thị Loan,CT,4,3763,Hàng May mặc
HLY,Công ty Cổ phần Gốm xây dựng Yên Hưng,CT,1,2000,Công nghiệp
HLY,Công ty Cổ phần Gốm xây dựng Yên Hưng,CT,2,2300,Xây dựng và Vật liệu
HLY,Công ty Cổ phần Gốm xây dựng Yên Hưng,CT,3,2350,Xây dựng và Vật liệu
HLY,Công ty Cổ phần Gốm xây dựng Yên Hưng,CT,4,2353,Vật liệu xây dựng & Nội thất
HMC,Công ty Cổ phần Kim khí Thành phố Hồ Chí Minh - VNSTEEL,CT,1,1000,Nguyên vật liệu
HMC,Công ty Cổ phần Kim khí Thành phố Hồ Chí Minh - VNSTEEL,CT,2,1700,Tài nguyên Cơ bản
HMC,Công ty Cổ phần Kim khí Thành phố Hồ Chí Minh - VNSTEEL,CT,3,1750,Kim loại
HMC,Công ty Cổ phần Kim khí Thành phố Hồ Chí Minh - VNSTEEL,CT,4,1757,Thép và sản phẩm thép
HMD,Công ty Cổ phần Hóa chất Minh Đức,CT,1,1000,Nguyên vật liệu
HMD,Công ty Cổ phần Hóa chất Minh Đức,CT,2,1300,Hóa chất
HMD,Công ty Cổ phần Hóa chất Minh Đức,CT,3,1350,Hóa chất
HMD,Công ty Cổ phần Hóa chất Minh Đức,CT,4,1357,"Sản phẩm hóa dầu, Nông dược & Hóa chất khác"
HMG,Công ty Cổ phần Kim Khí Hà Nội - VNSTEEL,CT,1,1000,Nguyên vật liệu
HMG,Công ty Cổ phần Kim Khí Hà Nội - VNSTEEL,CT,2,1700,Tài nguyên Cơ bản
HMG,Công ty Cổ phần Kim Khí Hà Nội - VNSTEEL,CT,3,1750,Kim loại
HMG,Công ty Cổ phần Kim Khí Hà Nội - VNSTEEL,CT,4,1757,Thép và sản phẩm thép
HMH,Công ty Cổ phần Hải Minh,CT,1,2000,Công nghiệp
HMH,Công ty Cổ phần Hải Minh,CT,2,2700,Hàng & Dịch vụ Công nghiệp
HMH,Công ty Cổ phần Hải Minh,CT,3,2770,Vận tải
HMH,Công ty Cổ phần Hải Minh,CT,4,2779,Dịch vụ vận tải
HMR,Công ty Cổ phần Đá Hoàng Mai,CT,1,2000,Công nghiệp
HMR,Công ty Cổ phần Đá Hoàng Mai,CT,2,2300,Xây dựng và Vật liệu
HMR,Công ty Cổ phần Đá Hoàng Mai,CT,3,2350,Xây dựng và Vật liệu
HMR,Công ty Cổ phần Đá Hoàng Mai,CT,4,2353,Vật liệu xây dựng & Nội thất
HMS,Công ty Cổ phần Xây dựng Bảo tàng Hồ Chí Minh,CT,1,2000,Công nghiệp
HMS,Công ty Cổ phần Xây dựng Bảo tàng Hồ Chí Minh,CT,2,2300,Xây dựng và Vật liệu
HMS,Công ty Cổ phần Xây dựng Bảo tàng Hồ Chí Minh,CT,3,2350,Xây dựng và Vật liệu
HMS,Công ty Cổ phần Xây dựng Bảo tàng Hồ Chí Minh,CT,4,2357,Xây dựng
HNA,Công ty Cổ phần Thủy điện Hủa Na,CT,1,7000,Tiện ích Cộng đồng
HNA,Công ty Cổ phần Thủy điện Hủa Na,CT,2,7500,"Điện, nước & xăng dầu khí đốt"
HNA,Công ty Cổ phần Thủy điện Hủa Na,CT,3,7530,Sản xuất & Phân phối Điện
HNA,Công ty Cổ phần Thủy điện Hủa Na,CT,4,7535,Sản xuất & Phân phối Điện
HNB,Công ty Cổ phần Bến xe Hà Nội,CT,1,2000,Công nghiệp
HNB,Công ty Cổ phần Bến xe Hà Nội,CT,2,2700,Hàng & Dịch vụ Công nghiệp
HNB,Công ty Cổ phần Bến xe Hà Nội,CT,3,2770,Vận tải
HNB,Công ty Cổ phần Bến xe Hà Nội,CT,4,2777,"Kho bãi, hậu cần và bảo dưỡng"
HNC,Công ty Cổ phần Xi măng Hữu Nghị,CT,1,2000,Công nghiệp
HNC,Công ty Cổ phần Xi măng Hữu Nghị,CT,2,2300,Xây dựng và Vật liệu
HNC,Công ty Cổ phần Xi măng Hữu Nghị,CT,3,2350,Xây dựng và Vật liệu
HNC,Công ty Cổ phần Xi măng Hữu Nghị,CT,4,2353,Vật liệu xây dựng & Nội thất
HND,Công ty Cổ phần Nhiệt điện Hải Phòng,CT,1,7000,Tiện ích Cộng đồng
HND,Công ty Cổ phần Nhiệt điện Hải Phòng,CT,2,7500,"Điện, nước & xăng dầu khí đốt"
HND,Công ty Cổ phần Nhiệt điện Hải Phòng,CT,3,7530,Sản xuất & Phân phối Điện
HND,Công ty Cổ phần Nhiệt điện Hải Phòng,CT,4,7535,Sản xuất & Phân phối Điện
HNE,Công ty Cổ phần Hanel,CT,1,3000,Hàng Tiêu dùng
HNE,Công ty Cổ phần Hanel,CT,2,3700,Hàng cá nhân & Gia dụng
HNE,Công ty Cổ phần Hanel,CT,3,3740,Hàng hóa giải trí
HNE,Công ty Cổ phần Hanel,CT,4,3743,Điện tử tiêu dùng
HNF,Công ty Cổ phần Thực phẩm Hữu Nghị,CT,1,3000,Hàng Tiêu dùng
HNF,Công ty Cổ phần Thực phẩm Hữu Nghị,CT,2,3500,Thực phẩm và đồ uống
HNF,Công ty Cổ phần Thực phẩm Hữu Nghị,CT,3,3570,Sản xuất thực phẩm
HNF,Công ty Cổ phần Thực phẩm Hữu Nghị,CT,4,3577,Thực phẩm
HNG,Công ty Cổ phần Nông nghiệp Quốc tế Hoàng Anh Gia Lai,CT,1,3000,Hàng Tiêu dùng
HNG,Công ty Cổ phần Nông nghiệp Quốc tế Hoàng Anh Gia Lai,CT,2,3500,Thực phẩm và đồ uống
HNG,Công ty Cổ phần Nông nghiệp Quốc tế Hoàng Anh Gia Lai,CT,3,3570,Sản xuất thực phẩm
HNG,Công ty Cổ phần Nông nghiệp Quốc tế Hoàng Anh Gia Lai,CT,4,3573,Nuôi trồng nông & hải sản
HNI,Công ty Cổ phần May Hữu Nghị,CT,1,3000,Hàng Tiêu dùng
HNI,Công ty Cổ phần May Hữu Nghị,CT,2,3700,Hàng cá nhân & Gia dụng
HNI,Công ty Cổ phần May Hữu Nghị,CT,3,3760,Hàng cá nhân
HNI,Công ty Cổ phần May Hữu Nghị,CT,4,3763,Hàng May mặc
HNM,Công ty Cổ phần Sữa Hà Nội,CT,1,3000,Hàng Tiêu dùng
HNM,Công ty Cổ phần Sữa Hà Nội,CT,2,3500,Thực phẩm và đồ uống
HNM,Công ty Cổ phần Sữa Hà Nội,CT,3,3570,Sản xuất thực phẩm
HNM,Công ty Cổ phần Sữa Hà Nội,CT,4,3577,Thực phẩm
HNP,Công ty Cổ phần Hanel Xốp Nhựa,CT,1,1000,Nguyên vật liệu
HNP,Công ty Cổ phần Hanel Xốp Nhựa,CT,2,1300,Hóa chất
HNP,Công ty Cổ phần Hanel Xốp Nhựa,CT,3,1350,Hóa chất
HNP,Công ty Cổ phần Hanel Xốp Nhựa,CT,4,1353,"Nhựa, cao su & sợi"
HNR,Công ty Cổ phần Rượu và Nước Giải Khát Hà Nội,CT,1,3000,Hàng Tiêu dùng
HNR,Công ty Cổ phần Rượu và Nước Giải Khát Hà Nội,CT,2,3500,Thực phẩm và đồ uống
HNR,Công ty Cổ phần Rượu và Nước Giải Khát Hà Nội,CT,3,3530,Bia và đồ uống
HNR,Công ty Cổ phần Rượu và Nước Giải Khát Hà Nội,CT,4,3535,Vang & Rượu mạnh
HNT,Công ty Cổ phần Xe điện Hà Nội,CT,1,5000,Dịch vụ Tiêu dùng
HNT,Công ty Cổ phần Xe điện Hà Nội,CT,2,5700,Du lịch và Giải trí
HNT,Công ty Cổ phần Xe điện Hà Nội,CT,3,5750,Du lịch & Giải trí
HNT,Công ty Cổ phần Xe điện Hà Nội,CT,4,5759,Vận tải hành khách & Du lịch
HOM,Công ty Cổ phần Xi măng VICEM Hoàng Mai,CT,1,2000,Công nghiệp
HOM,Công ty Cổ phần Xi măng VICEM Hoàng Mai,CT,2,2300,Xây dựng và Vật liệu
HOM,Công ty Cổ phần Xi măng VICEM Hoàng Mai,CT,3,2350,Xây dựng và Vật liệu
HOM,Công ty Cổ phần Xi măng VICEM Hoàng Mai,CT,4,2353,Vật liệu xây dựng & Nội thất
HOT,Công ty Cổ phần Du lịch - Dịch vụ Hội An,CT,1,5000,Dịch vụ Tiêu dùng
HOT,Công ty Cổ phần Du lịch - Dịch vụ Hội An,CT,2,5700,Du lịch và Giải trí
HOT,Công ty Cổ phần Du lịch - Dịch vụ Hội An,CT,3,5750,Du lịch & Giải trí
HOT,Công ty Cổ phần Du lịch - Dịch vụ Hội An,CT,4,5759,Vận tải hành khách & Du lịch
HPA,Công ty Cổ phần Phát triển Nông nghiệp Hoà Phát,CT,1,3000,Hàng Tiêu dùng
HPA,Công ty Cổ phần Phát triển Nông nghiệp Hoà Phát,CT,2,3500,Thực phẩm và đồ uống
HPA,Công ty Cổ phần Phát triển Nông nghiệp Hoà Phát,CT,3,3570,Sản xuất thực phẩm
HPA,Công ty Cổ phần Phát triển Nông nghiệp Hoà Phát,CT,4,3573,Nuôi trồng nông & hải sản
HPB,Công ty Cổ phần Bao bì PP,CT,1,2000,Công nghiệp
HPB,Công ty Cổ phần Bao bì PP,CT,2,2700,Hàng & Dịch vụ Công nghiệp
HPB,Công ty Cổ phần Bao bì PP,CT,3,2720,Hàng công nghiệp
HPB,Công ty Cổ phần Bao bì PP,CT,4,2723,Containers & Đóng gói
HPD,Công ty Cổ phần Thủy điện Đăk Đoa,CT,1,7000,Tiện ích Cộng đồng
HPD,Công ty Cổ phần Thủy điện Đăk Đoa,CT,2,7500,"Điện, nước & xăng dầu khí đốt"
HPD,Công ty Cổ phần Thủy điện Đăk Đoa,CT,3,7530,Sản xuất & Phân phối Điện
HPD,Công ty Cổ phần Thủy điện Đăk Đoa,CT,4,7535,Sản xuất & Phân phối Điện
HPG,Công ty Cổ phần Tập đoàn Hòa Phát,CT,1,1000,Nguyên vật liệu
HPG,Công ty Cổ phần Tập đoàn Hòa Phát,CT,2,1700,Tài nguyên Cơ bản
HPG,Công ty Cổ phần Tập đoàn Hòa Phát,CT,3,1750,Kim loại
HPG,Công ty Cổ phần Tập đoàn Hòa Phát,CT,4,1757,Thép và sản phẩm thép
HPH,Công ty Cổ phần Hóa Chất Hưng Phát Hà Bắc,CT,1,1000,Nguyên vật liệu
HPH,Công ty Cổ phần Hóa Chất Hưng Phát Hà Bắc,CT,2,1300,Hóa chất
HPH,Công ty Cổ phần Hóa Chất Hưng Phát Hà Bắc,CT,3,1350,Hóa chất
HPH,Công ty Cổ phần Hóa Chất Hưng Phát Hà Bắc,CT,4,1357,"Sản phẩm hóa dầu, Nông dược & Hóa chất khác"
HPI,Công ty Cổ phần Khu công nghiệp Hiệp Phước,CT,1,8000,Tài chính
HPI,Công ty Cổ phần Khu công nghiệp Hiệp Phước,CT,2,8600,Bất động sản
HPI,Công ty Cổ phần Khu công nghiệp Hiệp Phước,CT,3,8630,Bất động sản
HPI,Công ty Cổ phần Khu công nghiệp Hiệp Phước,CT,4,8633,Bất động sản
HPM,Công ty Cổ phần Xây dựng Thương mại và Khoáng sản Hoàng Phúc,CT,1,1000,Nguyên vật liệu
HPM,Công ty Cổ phần Xây dựng Thương mại và Khoáng sản Hoàng Phúc,CT,2,1700,Tài nguyên Cơ bản
HPM,Công ty Cổ phần Xây dựng Thương mại và Khoáng sản Hoàng Phúc,CT,3,1770,Khai khoáng
HPM,Công ty Cổ phần Xây dựng Thương mại và Khoáng sản Hoàng Phúc,CT,4,1775,Khai khoáng
HPO,Công ty Cổ phần Công nghiệp Hapulico,CT,1,2000,Công nghiệp
HPO,Công ty Cổ phần Công nghiệp Hapulico,CT,2,2700,Hàng & Dịch vụ Công nghiệp
HPO,Công ty Cổ phần Công nghiệp Hapulico,CT,3,2730,Điện tử & Thiết bị điện
HPO,Công ty Cổ phần Công nghiệp Hapulico,CT,4,2737,Thiết bị điện
HPP,Công ty Cổ phần Sơn Hải Phòng,CT,1,2000,Công nghiệp
HPP,Công ty Cổ phần Sơn Hải Phòng,CT,2,2300,Xây dựng và Vật liệu
HPP,Công ty Cổ phần Sơn Hải Phòng,CT,3,2350,Xây dựng và Vật liệu
HPP,Công ty Cổ phần Sơn Hải Phòng,CT,4,2353,Vật liệu xây dựng & Nội thất
HPPF,Quỹ Đầu tư HPP,QU,1,8000,Tài chính
HPPF,Quỹ Đầu tư HPP,QU,2,8700,Dịch vụ tài chính
HPPF,Quỹ Đầu tư HPP,QU,3,8980,Quỹ đầu tư
HPPF,Quỹ Đầu tư HPP,QU,4,8985,Quỹ đầu tư
HPT,Công ty Cổ phần Dịch vụ Công nghệ Tin học HPT,CT,1,9000,Công nghệ Thông tin
HPT,Công ty Cổ phần Dịch vụ Công nghệ Tin học HPT,CT,2,9500,Công nghệ Thông tin
HPT,Công ty Cổ phần Dịch vụ Công nghệ Tin học HPT,CT,3,9530,Phần mềm & Dịch vụ Máy tính
HPT,Công ty Cổ phần Dịch vụ Công nghệ Tin học HPT,CT,4,9537,Phần mềm
HPW,Công ty Cổ phần Cấp nước Hải Phòng,CT,1,7000,Tiện ích Cộng đồng
HPW,Công ty Cổ phần Cấp nước Hải Phòng,CT,2,7500,"Điện, nước & xăng dầu khí đốt"
HPW,Công ty Cổ phần Cấp nước Hải Phòng,CT,3,7570,Nước & Khí đốt
HPW,Công ty Cổ phần Cấp nước Hải Phòng,CT,4,7577,Nước
HPX,Công ty Cổ phần Đầu tư Hải Phát,CT,1,8000,Tài chính
HPX,Công ty Cổ phần Đầu tư Hải Phát,CT,2,8600,Bất động sản
HPX,Công ty Cổ phần Đầu tư Hải Phát,CT,3,8630,Bất động sản
HPX,Công ty Cổ phần Đầu tư Hải Phát,CT,4,8633,Bất động sản
HQC,Công ty Cổ phần Tư vấn - Thương mại - Dịch vụ Địa ốc Hoàng Quân,CT,1,8000,Tài chính
HQC,Công ty Cổ phần Tư vấn - Thương mại - Dịch vụ Địa ốc Hoàng Quân,CT,2,8600,Bất động sản
HQC,Công ty Cổ phần Tư vấn - Thương mại - Dịch vụ Địa ốc Hoàng Quân,CT,3,8630,Bất động sản
HQC,Công ty Cổ phần Tư vấn - Thương mại - Dịch vụ Địa ốc Hoàng Quân,CT,4,8633,Bất động sản
HRB,Công ty Cổ phần Harec Đầu tư và Thương Mại,CT,1,8000,Tài chính
HRB,Công ty Cổ phần Harec Đầu tư và Thương Mại,CT,2,8600,Bất động sản
HRB,Công ty Cổ phần Harec Đầu tư và Thương Mại,CT,3,8630,Bất động sản
HRB,Công ty Cổ phần Harec Đầu tư và Thương Mại,CT,4,8633,Bất động sản
HRC,Công ty Cổ phần Cao su Hòa Bình,CT,1,1000,Nguyên vật liệu
HRC,Công ty Cổ phần Cao su Hòa Bình,CT,2,1300,Hóa chất
HRC,Công ty Cổ phần Cao su Hòa Bình,CT,3,1350,Hóa chất
HRC,Công ty Cổ phần Cao su Hòa Bình,CT,4,1353,"Nhựa, cao su & sợi"
HSA,Công ty Cổ phần HESTIA,CT,1,2000,Công nghiệp
HSA,Công ty Cổ phần HESTIA,CT,2,2700,Hàng & Dịch vụ Công nghiệp
HSA,Công ty Cổ phần HESTIA,CT,3,2790,Tư vấn & Hỗ trợ Kinh doanh
HSA,Công ty Cổ phần HESTIA,CT,4,2791,Tư vấn & Hỗ trợ KD
HSG,Công ty Cổ phần Tập đoàn Hoa Sen,CT,1,1000,Nguyên vật liệu
HSG,Công ty Cổ phần Tập đoàn Hoa Sen,CT,2,1700,Tài nguyên Cơ bản
HSG,Công ty Cổ phần Tập đoàn Hoa Sen,CT,3,1750,Kim loại
HSG,Công ty Cổ phần Tập đoàn Hoa Sen,CT,4,1757,Thép và sản phẩm thép
HSI,Công ty Cổ phần Vật tư Tổng hợp và Phân bón Hóa sinh,CT,1,1000,Nguyên vật liệu
HSI,Công ty Cổ phần Vật tư Tổng hợp và Phân bón Hóa sinh,CT,2,1300,Hóa chất
HSI,Công ty Cổ phần Vật tư Tổng hợp và Phân bón Hóa sinh,CT,3,1350,Hóa chất
HSI,Công ty Cổ phần Vật tư Tổng hợp và Phân bón Hóa sinh,CT,4,1357,"Sản phẩm hóa dầu, Nông dược & Hóa chất khác"
HSL,Công ty Cổ phần Đầu tư Phát triển Thực phẩm Hồng Hà,CT,1,3000,Hàng Tiêu dùng
HSL,Công ty Cổ phần Đầu tư Phát triển Thực phẩm Hồng Hà,CT,2,3500,Thực phẩm và đồ uống
HSL,Công ty Cổ phần Đầu tư Phát triển Thực phẩm Hồng Hà,CT,3,3570,Sản xuất thực phẩm
HSL,Công ty Cổ phần Đầu tư Phát triển Thực phẩm Hồng Hà,CT,4,3577,Thực phẩm
HSM,Tổng Công ty Cổ phần Dệt May Hà Nội,CT,1,3000,Hàng Tiêu dùng
HSM,Tổng Công ty Cổ phần Dệt May Hà Nội,CT,2,3700,Hàng cá nhân & Gia dụng
HSM,Tổng Công ty Cổ phần Dệt May Hà Nội,CT,3,3760,Hàng cá nhân
HSM,Tổng Công ty Cổ phần Dệt May Hà Nội,CT,4,3763,Hàng May mặc
HSP,Công ty Cổ phần Sơn Tổng hợp Hà Nội,CT,1,2000,Công nghiệp
HSP,Công ty Cổ phần Sơn Tổng hợp Hà Nội,CT,2,2300,Xây dựng và Vật liệu
HSP,Công ty Cổ phần Sơn Tổng hợp Hà Nội,CT,3,2350,Xây dựng và Vật liệu
HSP,Công ty Cổ phần Sơn Tổng hợp Hà Nội,CT,4,2353,Vật liệu xây dựng & Nội thất
HSV,Công ty Cổ phần Tập đoàn HSV Việt Nam,CT,1,1000,Nguyên vật liệu
HSV,Công ty Cổ phần Tập đoàn HSV Việt Nam,CT,2,1700,Tài nguyên Cơ bản
HSV,Công ty Cổ phần Tập đoàn HSV Việt Nam,CT,3,1750,Kim loại
HSV,Công ty Cổ phần Tập đoàn HSV Việt Nam,CT,4,1757,Thép và sản phẩm thép
HT1,Công ty Cổ phần Xi măng VICEM Hà Tiên,CT,1,2000,Công nghiệp
HT1,Công ty Cổ phần Xi măng VICEM Hà Tiên,CT,2,2300,Xây dựng và Vật liệu
HT1,Công ty Cổ phần Xi măng VICEM Hà Tiên,CT,3,2350,Xây dựng và Vật liệu
HT1,Công ty Cổ phần Xi măng VICEM Hà Tiên,CT,4,2353,Vật liệu xây dựng & Nội thất
HT9,Công ty Cổ phần Phát triển hạ tầng 319,CT,1,2000,Công nghiệp
HT9,Công ty Cổ phần Phát triển hạ tầng 319,CT,2,2300,Xây dựng và Vật liệu
HT9,Công ty Cổ phần Phát triển hạ tầng 319,CT,3,2350,Xây dựng và Vật liệu
HT9,Công ty Cổ phần Phát triển hạ tầng 319,CT,4,2357,Xây dựng
HTC,Công ty Cổ phần Thương mại Hóc Môn,CT,1,7000,Tiện ích Cộng đồng
HTC,Công ty Cổ phần Thương mại Hóc Môn,CT,2,7500,"Điện, nước & xăng dầu khí đốt"
HTC,Công ty Cổ phần Thương mại Hóc Môn,CT,3,7570,Nước & Khí đốt
HTC,Công ty Cổ phần Thương mại Hóc Môn,CT,4,7573,Phân phối xăng dầu & khí đốt
HTE,Công ty Cổ phần Đầu tư Kinh doanh Điện lực Thành phố Hồ Chí Minh,CT,1,2000,Công nghiệp
HTE,Công ty Cổ phần Đầu tư Kinh doanh Điện lực Thành phố Hồ Chí Minh,CT,2,2700,Hàng & Dịch vụ Công nghiệp
HTE,Công ty Cổ phần Đầu tư Kinh doanh Điện lực Thành phố Hồ Chí Minh,CT,3,2730,Điện tử & Thiết bị điện
HTE,Công ty Cổ phần Đầu tư Kinh doanh Điện lực Thành phố Hồ Chí Minh,CT,4,2737,Thiết bị điện
HTG,Tổng Công ty Cổ phần Dệt may Hòa Thọ,CT,1,3000,Hàng Tiêu dùng
HTG,Tổng Công ty Cổ phần Dệt may Hòa Thọ,CT,2,3700,Hàng cá nhân & Gia dụng
HTG,Tổng Công ty Cổ phần Dệt may Hòa Thọ,CT,3,3760,Hàng cá nhân
HTG,Tổng Công ty Cổ phần Dệt may Hòa Thọ,CT,4,3763,Hàng May mặc
HTH,Công ty Cổ phần Hoa tiêu Hàng hải - TKV,CT,1,2000,Công nghiệp
HTH,Công ty Cổ phần Hoa tiêu Hàng hải - TKV,CT,2,2700,Hàng & Dịch vụ Công nghiệp
HTH,Công ty Cổ phần Hoa tiêu Hàng hải - TKV,CT,3,2770,Vận tải
HTH,Công ty Cổ phần Hoa tiêu Hàng hải - TKV,CT,4,2777,"Kho bãi, hậu cần và bảo dưỡng"
HTI,Công ty Cổ phần Đầu tư Phát triển Hạ tầng IDICO,CT,1,2000,Công nghiệp
HTI,Công ty Cổ phần Đầu tư Phát triển Hạ tầng IDICO,CT,2,2300,Xây dựng và Vật liệu
HTI,Công ty Cổ phần Đầu tư Phát triển Hạ tầng IDICO,CT,3,2350,Xây dựng và Vật liệu
HTI,Công ty Cổ phần Đầu tư Phát triển Hạ tầng IDICO,CT,4,2357,Xây dựng
HTK,Công ty cổ phần Đăng kiểm xe cơ giới Hải Dương,CT,1,2000,Công nghiệp
HTK,Công ty cổ phần Đăng kiểm xe cơ giới Hải Dương,CT,2,2700,Hàng & Dịch vụ Công nghiệp
HTK,Công ty cổ phần Đăng kiểm xe cơ giới Hải Dương,CT,3,2790,Tư vấn & Hỗ trợ Kinh doanh
HTK,Công ty cổ phần Đăng kiểm xe cơ giới Hải Dương,CT,4,2791,Tư vấn & Hỗ trợ KD
HTL,Công ty Cổ phần Kỹ thuật và Ô tô Trường Long,CT,1,3000,Hàng Tiêu dùng
HTL,Công ty Cổ phần Kỹ thuật và Ô tô Trường Long,CT,2,3300,Ô tô và phụ tùng
HTL,Công ty Cổ phần Kỹ thuật và Ô tô Trường Long,CT,3,3350,Ô tô và phụ tùng
HTL,Công ty Cổ phần Kỹ thuật và Ô tô Trường Long,CT,4,3353,Sản xuất ô tô
HTM,Tổng Công ty Thương mại Hà Nội – Công ty cổ phần,CT,1,5000,Dịch vụ Tiêu dùng
HTM,Tổng Công ty Thương mại Hà Nội – Công ty cổ phần,CT,2,5300,Bán lẻ
HTM,Tổng Công ty Thương mại Hà Nội – Công ty cổ phần,CT,3,5370,Bán lẻ
HTM,Tổng Công ty Thương mại Hà Nội – Công ty cổ phần,CT,4,5373,Bán lẻ phức hợp
HTN,Công ty Cổ phần Hưng Thịnh Incons,CT,1,8000,Tài chính
HTN,Công ty Cổ phần Hưng Thịnh Incons,CT,2,8600,Bất động sản
HTN,Công ty Cổ phần Hưng Thịnh Incons,CT,3,8630,Bất động sản
HTN,Công ty Cổ phần Hưng Thịnh Incons,CT,4,8633,Bất động sản
HTP,Công ty Cổ phần In Sách Giáo Khoa Hòa Phát,CT,1,5000,Dịch vụ Tiêu dùng
HTP,Công ty Cổ phần In Sách Giáo Khoa Hòa Phát,CT,2,5500,Truyền thông
HTP,Công ty Cổ phần In Sách Giáo Khoa Hòa Phát,CT,3,5550,Truyền thông
HTP,Công ty Cổ phần In Sách Giáo Khoa Hòa Phát,CT,4,5557,"Sách, ấn bản & sản phẩm văn hóa"
HTR,Công ty Cổ phần Đường sắt Hà Thái,CT,1,2000,Công nghiệp
HTR,Công ty Cổ phần Đường sắt Hà Thái,CT,2,2700,Hàng & Dịch vụ Công nghiệp
HTR,Công ty Cổ phần Đường sắt Hà Thái,CT,3,2770,Vận tải
HTR,Công ty Cổ phần Đường sắt Hà Thái,CT,4,2775,Đường sắt
HTS,Công ty Cổ phần Thép Hương Thịnh,CT,1,1000,Nguyên vật liệu
HTS,Công ty Cổ phần Thép Hương Thịnh,CT,2,1700,Tài nguyên Cơ bản
HTS,Công ty Cổ phần Thép Hương Thịnh,CT,3,1750,Kim loại
HTS,Công ty Cổ phần Thép Hương Thịnh,CT,4,1757,Thép và sản phẩm thép
HTT,Công ty Cổ phần Thương mại Hà Tây,CT,1,5000,Dịch vụ Tiêu dùng
HTT,Công ty Cổ phần Thương mại Hà Tây,CT,2,5300,Bán lẻ
HTT,Công ty Cổ phần Thương mại Hà Tây,CT,3,5370,Bán lẻ
HTT,Công ty Cổ phần Thương mại Hà Tây,CT,4,5373,Bán lẻ phức hợp
HTV,Công ty Cổ phần Logistics Vicem,CT,1,2000,Công nghiệp
HTV,Công ty Cổ phần Logistics Vicem,CT,2,2700,Hàng & Dịch vụ Công nghiệp
HTV,Công ty Cổ phần Logistics Vicem,CT,3,2770,Vận tải
HTV,Công ty Cổ phần Logistics Vicem,CT,4,2773,Vận tải Thủy
HTW,Công ty Cổ phần Cấp nước Hà Tĩnh,CT,1,7000,Tiện ích Cộng đồng
HTW,Công ty Cổ phần Cấp nước Hà Tĩnh,CT,2,7500,"Điện, nước & xăng dầu khí đốt"
HTW,Công ty Cổ phần Cấp nước Hà Tĩnh,CT,3,7570,Nước & Khí đốt
HTW,Công ty Cổ phần Cấp nước Hà Tĩnh,CT,4,7577,Nước
HU1,Công ty Cổ phần Đầu tư và Xây dựng HUD1,CT,1,2000,Công nghiệp
HU1,Công ty Cổ phần Đầu tư và Xây dựng HUD1,CT,2,2300,Xây dựng và Vật liệu
HU1,Công ty Cổ phần Đầu tư và Xây dựng HUD1,CT,3,2350,Xây dựng và Vật liệu
HU1,Công ty Cổ phần Đầu tư và Xây dựng HUD1,CT,4,2357,Xây dựng
HU3,Công ty Cổ phần Đầu tư và Xây dựng HUD3,CT,1,2000,Công nghiệp
HU3,Công ty Cổ phần Đầu tư và Xây dựng HUD3,CT,2,2300,Xây dựng và Vật liệu
HU3,Công ty Cổ phần Đầu tư và Xây dựng HUD3,CT,3,2350,Xây dựng và Vật liệu
HU3,Công ty Cổ phần Đầu tư và Xây dựng HUD3,CT,4,2357,Xây dựng
HU4,Công ty Cổ phần Đầu tư và Xây dựng HUD4,CT,1,2000,Công nghiệp
HU4,Công ty Cổ phần Đầu tư và Xây dựng HUD4,CT,2,2300,Xây dựng và Vật liệu
HU4,Công ty Cổ phần Đầu tư và Xây dựng HUD4,CT,3,2350,Xây dựng và Vật liệu
HU4,Công ty Cổ phần Đầu tư và Xây dựng HUD4,CT,4,2357,Xây dựng
HU6,Công ty Cổ phần Đầu tư Phát triển Nhà và Đô thị HUD6,CT,1,8000,Tài chính
HU6,Công ty Cổ phần Đầu tư Phát triển Nhà và Đô thị HUD6,CT,2,8600,Bất động sản
HU6,Công ty Cổ phần Đầu tư Phát triển Nhà và Đô thị HUD6,CT,3,8630,Bất động sản
HU6,Công ty Cổ phần Đầu tư Phát triển Nhà và Đô thị HUD6,CT,4,8633,Bất động sản
HUB,Công ty Cổ phần Xây lắp Thừa Thiên Huế,CT,1,2000,Công nghiệp
HUB,Công ty Cổ phần Xây lắp Thừa Thiên Huế,CT,2,2300,Xây dựng và Vật liệu
HUB,Công ty Cổ phần Xây lắp Thừa Thiên Huế,CT,3,2350,Xây dựng và Vật liệu
HUB,Công ty Cổ phần Xây lắp Thừa Thiên Huế,CT,4,2357,Xây dựng
HUG,Tổng công ty May Hưng Yên - Công ty Cổ phần,CT,1,3000,Hàng Tiêu dùng
HUG,Tổng công ty May Hưng Yên - Công ty Cổ phần,CT,2,3700,Hàng cá nhân & Gia dụng
HUG,Tổng công ty May Hưng Yên - Công ty Cổ phần,CT,3,3760,Hàng cá nhân
HUG,Tổng công ty May Hưng Yên - Công ty Cổ phần,CT,4,3763,Hàng May mặc
HUT,Công ty Cổ phần Tasco,CT,1,3000,Hàng Tiêu dùng
HUT,Công ty Cổ phần Tasco,CT,2,3300,Ô tô và phụ tùng
HUT,Công ty Cổ phần Tasco,CT,3,3350,Ô tô và phụ tùng
HUT,Công ty Cổ phần Tasco,CT,4,3353,Sản xuất ô tô
HUX,Công ty Cổ phần Khoáng sản Thừa Thiên Huế,CT,1,1000,Nguyên vật liệu
HUX,Công ty Cổ phần Khoáng sản Thừa Thiên Huế,CT,2,1700,Tài nguyên Cơ bản
HUX,Công ty Cổ phần Khoáng sản Thừa Thiên Huế,CT,3,1770,Khai khoáng
HUX,Công ty Cổ phần Khoáng sản Thừa Thiên Huế,CT,4,1775,Khai khoáng
HVA,Công ty Cổ phần Đầu tư HVA,CT,1,8000,Tài chính
HVA,Công ty Cổ phần Đầu tư HVA,CT,2,8700,Dịch vụ tài chính
HVA,Công ty Cổ phần Đầu tư HVA,CT,3,8770,Dịch vụ tài chính
HVA,Công ty Cổ phần Đầu tư HVA,CT,4,8775,Tài chính đặc biệt
HVG,Công ty Cổ phần Hùng Vương,CT,1,3000,Hàng Tiêu dùng
HVG,Công ty Cổ phần Hùng Vương,CT,2,3500,Thực phẩm và đồ uống
HVG,Công ty Cổ phần Hùng Vương,CT,3,3570,Sản xuất thực phẩm
HVG,Công ty Cổ phần Hùng Vương,CT,4,3573,Nuôi trồng nông & hải sản
HVH,Công ty Cổ phần Đầu tư và Công nghệ HVC,CT,1,2000,Công nghiệp
HVH,Công ty Cổ phần Đầu tư và Công nghệ HVC,CT,2,2300,Xây dựng và Vật liệu
HVH,Công ty Cổ phần Đầu tư và Công nghệ HVC,CT,3,2350,Xây dựng và Vật liệu
HVH,Công ty Cổ phần Đầu tư và Công nghệ HVC,CT,4,2357,Xây dựng
HVN,Tổng Công ty Hàng không Việt Nam - CTCP,CT,1,5000,Dịch vụ Tiêu dùng
HVN,Tổng Công ty Hàng không Việt Nam - CTCP,CT,2,5700,Du lịch và Giải trí
HVN,Tổng Công ty Hàng không Việt Nam - CTCP,CT,3,5750,Du lịch & Giải trí
HVN,Tổng Công ty Hàng không Việt Nam - CTCP,CT,4,5751,Hàng không
HVT,Công ty Cổ phần Hóa chất Việt Trì,CT,1,1000,Nguyên vật liệu
HVT,Công ty Cổ phần Hóa chất Việt Trì,CT,2,1300,Hóa chất
HVT,Công ty Cổ phần Hóa chất Việt Trì,CT,3,1350,Hóa chất
HVT,Công ty Cổ phần Hóa chất Việt Trì,CT,4,1357,"Sản phẩm hóa dầu, Nông dược & Hóa chất khác"
HVX,Công ty Cổ phần Xi măng Vicem Hải Vân,CT,1,2000,Công nghiệp
HVX,Công ty Cổ phần Xi măng Vicem Hải Vân,CT,2,2300,Xây dựng và Vật liệu
HVX,Công ty Cổ phần Xi măng Vicem Hải Vân,CT,3,2350,Xây dựng và Vật liệu
HVX,Công ty Cổ phần Xi măng Vicem Hải Vân,CT,4,2353,Vật liệu xây dựng & Nội thất
HWI,Công ty Cổ phần Đầu tư Xây dựng hạ tầng nước sạch Hà Nội,CT,1,2000,Công nghiệp
HWI,Công ty Cổ phần Đầu tư Xây dựng hạ tầng nước sạch Hà Nội,CT,2,2300,Xây dựng và Vật liệu
HWI,Công ty Cổ phần Đầu tư Xây dựng hạ tầng nước sạch Hà Nội,CT,3,2350,Xây dựng và Vật liệu
HWI,Công ty Cổ phần Đầu tư Xây dựng hạ tầng nước sạch Hà Nội,CT,4,2357,Xây dựng
HWS,Công ty Cổ phần Cấp nước Huế,CT,1,7000,Tiện ích Cộng đồng
HWS,Công ty Cổ phần Cấp nước Huế,CT,2,7500,"Điện, nước & xăng dầu khí đốt"
HWS,Công ty Cổ phần Cấp nước Huế,CT,3,7570,Nước & Khí đốt
HWS,Công ty Cổ phần Cấp nước Huế,CT,4,7577,Nước
I10,Công ty Cp Đầu Tư Xây Dựng Số 10 Idico,CT,1,2000,Công nghiệp
I10,Công ty Cp Đầu Tư Xây Dựng Số 10 Idico,CT,2,2300,Xây dựng và Vật liệu
I10,Công ty Cp Đầu Tư Xây Dựng Số 10 Idico,CT,3,2350,Xây dựng và Vật liệu
I10,Công ty Cp Đầu Tư Xây Dựng Số 10 Idico,CT,4,2357,Xây dựng
IBC,Công ty Cổ phần Đầu tư APAX Holdings,CT,1,8000,Tài chính
IBC,Công ty Cổ phần Đầu tư APAX Holdings,CT,2,8700,Dịch vụ tài chính
IBC,Công ty Cổ phần Đầu tư APAX Holdings,CT,3,8770,Dịch vụ tài chính
IBC,Công ty Cổ phần Đầu tư APAX Holdings,CT,4,8775,Tài chính đặc biệt
IBD,Công ty Cổ phần In Tổng hợp Bình Dương,CT,1,5000,Dịch vụ Tiêu dùng
IBD,Công ty Cổ phần In Tổng hợp Bình Dương,CT,2,5500,Truyền thông
IBD,Công ty Cổ phần In Tổng hợp Bình Dương,CT,3,5550,Truyền thông
IBD,Công ty Cổ phần In Tổng hợp Bình Dương,CT,4,5557,"Sách, ấn bản & sản phẩm văn hóa"
IBN,Công ty Cổ phần In báo Nghệ An,CT,1,5000,Dịch vụ Tiêu dùng
IBN,Công ty Cổ phần In báo Nghệ An,CT,2,5500,Truyền thông
IBN,Công ty Cổ phần In báo Nghệ An,CT,3,5550,Truyền thông
IBN,Công ty Cổ phần In báo Nghệ An,CT,4,5557,"Sách, ấn bản & sản phẩm văn hóa"
ICC,Công ty Cổ phần Xây dựng Công nghiệp,CT,1,2000,Công nghiệp
ICC,Công ty Cổ phần Xây dựng Công nghiệp,CT,2,2300,Xây dựng và Vật liệu
ICC,Công ty Cổ phần Xây dựng Công nghiệp,CT,3,2350,Xây dựng và Vật liệu
ICC,Công ty Cổ phần Xây dựng Công nghiệp,CT,4,2357,Xây dựng
ICF,Công ty Cổ phần Đầu tư - Thương mại - Thuỷ sản,CT,1,3000,Hàng Tiêu dùng
ICF,Công ty Cổ phần Đầu tư - Thương mại - Thuỷ sản,CT,2,3500,Thực phẩm và đồ uống
ICF,Công ty Cổ phần Đầu tư - Thương mại - Thuỷ sản,CT,3,3570,Sản xuất thực phẩm
ICF,Công ty Cổ phần Đầu tư - Thương mại - Thuỷ sản,CT,4,3573,Nuôi trồng nông & hải sản
ICG,Công ty Cổ phần Xây dựng Sông Hồng,CT,1,2000,Công nghiệp
ICG,Công ty Cổ phần Xây dựng Sông Hồng,CT,2,2300,Xây dựng và Vật liệu
ICG,Công ty Cổ phần Xây dựng Sông Hồng,CT,3,2350,Xây dựng và Vật liệu
ICG,Công ty Cổ phần Xây dựng Sông Hồng,CT,4,2357,Xây dựng
ICI,Công ty Cổ phần Đầu tư và Xây dựng Công nghiệp,CT,1,2000,Công nghiệp
ICI,Công ty Cổ phần Đầu tư và Xây dựng Công nghiệp,CT,2,2300,Xây dựng và Vật liệu
ICI,Công ty Cổ phần Đầu tư và Xây dựng Công nghiệp,CT,3,2350,Xây dựng và Vật liệu
ICI,Công ty Cổ phần Đầu tư và Xây dựng Công nghiệp,CT,4,2357,Xây dựng
ICL,Công ty Cổ phần Xuất Nhập Khẩu Vĩnh Long,CT,1,5000,Dịch vụ Tiêu dùng
ICL,Công ty Cổ phần Xuất Nhập Khẩu Vĩnh Long,CT,2,5300,Bán lẻ
ICL,Công ty Cổ phần Xuất Nhập Khẩu Vĩnh Long,CT,3,5330,Phân phối thực phẩm & dược phẩm
ICL,Công ty Cổ phần Xuất Nhập Khẩu Vĩnh Long,CT,4,5337,Phân phối thực phẩm
ICN,Công ty Cổ phần Đầu tư Xây dựng Dầu khí IDICO,CT,1,2000,Công nghiệp
ICN,Công ty Cổ phần Đầu tư Xây dựng Dầu khí IDICO,CT,2,2300,Xây dựng và Vật liệu
ICN,Công ty Cổ phần Đầu tư Xây dựng Dầu khí IDICO,CT,3,2350,Xây dựng và Vật liệu
ICN,Công ty Cổ phần Đầu tư Xây dựng Dầu khí IDICO,CT,4,2357,Xây dựng
ICS,"Công ty CP Kiểm Định Kỹ Thuật, An Toàn Và Tư Vấn Xây Dựng - Incosaf",CT,1,2000,Công nghiệp
ICS,"Công ty CP Kiểm Định Kỹ Thuật, An Toàn Và Tư Vấn Xây Dựng - Incosaf",CT,2,2300,Xây dựng và Vật liệu
ICS,"Công ty CP Kiểm Định Kỹ Thuật, An Toàn Và Tư Vấn Xây Dựng - Incosaf",CT,3,2350,Xây dựng và Vật liệu
ICS,"Công ty CP Kiểm Định Kỹ Thuật, An Toàn Và Tư Vấn Xây Dựng - Incosaf",CT,4,2357,Xây dựng
ICT,Công ty Cổ phần Viễn thông - Tin học Bưu điện,CT,1,9000,Công nghệ Thông tin
ICT,Công ty Cổ phần Viễn thông - Tin học Bưu điện,CT,2,9500,Công nghệ Thông tin
ICT,Công ty Cổ phần Viễn thông - Tin học Bưu điện,CT,3,9530,Phần mềm & Dịch vụ Máy tính
ICT,Công ty Cổ phần Viễn thông - Tin học Bưu điện,CT,4,9537,Phần mềm
IDC,Tổng Công ty IDICO - CTCP,CT,1,8000,Tài chính
IDC,Tổng Công ty IDICO - CTCP,CT,2,8600,Bất động sản
IDC,Tổng Công ty IDICO - CTCP,CT,3,8630,Bất động sản
IDC,Tổng Công ty IDICO - CTCP,CT,4,8633,Bất động sản
IDI,Công ty Cổ phần Đầu tư và Phát triển Đa Quốc Gia I.D.I,CT,1,3000,Hàng Tiêu dùng
IDI,Công ty Cổ phần Đầu tư và Phát triển Đa Quốc Gia I.D.I,CT,2,3500,Thực phẩm và đồ uống
IDI,Công ty Cổ phần Đầu tư và Phát triển Đa Quốc Gia I.D.I,CT,3,3570,Sản xuất thực phẩm
IDI,Công ty Cổ phần Đầu tư và Phát triển Đa Quốc Gia I.D.I,CT,4,3573,Nuôi trồng nông & hải sản
IDJ,Công ty Cổ phần Đầu tư IDJ Việt Nam,CT,1,8000,Tài chính
IDJ,Công ty Cổ phần Đầu tư IDJ Việt Nam,CT,2,8600,Bất động sản
IDJ,Công ty Cổ phần Đầu tư IDJ Việt Nam,CT,3,8630,Bất động sản
IDJ,Công ty Cổ phần Đầu tư IDJ Việt Nam,CT,4,8633,Bất động sản
IDP,Công ty Cổ phần Sữa Quốc tế LOF,CT,1,3000,Hàng Tiêu dùng
IDP,Công ty Cổ phần Sữa Quốc tế LOF,CT,2,3500,Thực phẩm và đồ uống
IDP,Công ty Cổ phần Sữa Quốc tế LOF,CT,3,3570,Sản xuất thực phẩm
IDP,Công ty Cổ phần Sữa Quốc tế LOF,CT,4,3577,Thực phẩm
IDV,Công ty Cổ phần Phát triển Hạ tầng Vĩnh Phúc,CT,1,8000,Tài chính
IDV,Công ty Cổ phần Phát triển Hạ tầng Vĩnh Phúc,CT,2,8600,Bất động sản
IDV,Công ty Cổ phần Phát triển Hạ tầng Vĩnh Phúc,CT,3,8630,Bất động sản
IDV,Công ty Cổ phần Phát triển Hạ tầng Vĩnh Phúc,CT,4,8633,Bất động sản
IED,Công ty Cổ phần Xuất nhập khẩu Đồng Nai,CT,1,5000,Dịch vụ Tiêu dùng
IED,Công ty Cổ phần Xuất nhập khẩu Đồng Nai,CT,2,5300,Bán lẻ
IED,Công ty Cổ phần Xuất nhập khẩu Đồng Nai,CT,3,5330,Phân phối thực phẩm & dược phẩm
IED,Công ty Cổ phần Xuất nhập khẩu Đồng Nai,CT,4,5337,Phân phối thực phẩm
IFA,Công ty Cổ phần Bảo hiểm Viễn Đông,BH,1,8000,Tài chính
IFA,Công ty Cổ phần Bảo hiểm Viễn Đông,BH,2,8500,Bảo hiểm
IFA,Công ty Cổ phần Bảo hiểm Viễn Đông,BH,3,8530,Bảo hiểm phi nhân thọ
IFA,Công ty Cổ phần Bảo hiểm Viễn Đông,BH,4,8536,Bảo hiểm phi nhân thọ
IFNPVI,Quỹ Đầu tư Trái phiếu thanh khoản IFNPVI,QU,1,8000,Tài chính
IFNPVI,Quỹ Đầu tư Trái phiếu thanh khoản IFNPVI,QU,2,8700,Dịch vụ tài chính
IFNPVI,Quỹ Đầu tư Trái phiếu thanh khoản IFNPVI,QU,3,8980,Quỹ đầu tư
IFNPVI,Quỹ Đầu tư Trái phiếu thanh khoản IFNPVI,QU,4,8985,Quỹ đầu tư
IFS,Công ty Cổ phần Thực phẩm Quốc tế,CT,1,3000,Hàng Tiêu dùng
IFS,Công ty Cổ phần Thực phẩm Quốc tế,CT,2,3500,Thực phẩm và đồ uống
IFS,Công ty Cổ phần Thực phẩm Quốc tế,CT,3,3530,Bia và đồ uống
IFS,Công ty Cổ phần Thực phẩm Quốc tế,CT,4,3537,Đồ uống & giải khát
IHK,Công ty Cổ phần In Hàng Không,CT,1,5000,Dịch vụ Tiêu dùng
IHK,Công ty Cổ phần In Hàng Không,CT,2,5500,Truyền thông
IHK,Công ty Cổ phần In Hàng Không,CT,3,5550,Truyền thông
IHK,Công ty Cổ phần In Hàng Không,CT,4,5557,"Sách, ấn bản & sản phẩm văn hóa"
IJC,Công ty Cổ phần Phát triển Hạ tầng Kỹ thuật,CT,1,8000,Tài chính
IJC,Công ty Cổ phần Phát triển Hạ tầng Kỹ thuật,CT,2,8600,Bất động sản
IJC,Công ty Cổ phần Phát triển Hạ tầng Kỹ thuật,CT,3,8630,Bất động sản
IJC,Công ty Cổ phần Phát triển Hạ tầng Kỹ thuật,CT,4,8633,Bất động sản
IKH,Công ty Cổ phần In Khoa Học Kỹ Thuật,CT,1,5000,Dịch vụ Tiêu dùng
IKH,Công ty Cổ phần In Khoa Học Kỹ Thuật,CT,2,5500,Truyền thông
IKH,Công ty Cổ phần In Khoa Học Kỹ Thuật,CT,3,5550,Truyền thông
IKH,Công ty Cổ phần In Khoa Học Kỹ Thuật,CT,4,5557,"Sách, ấn bản & sản phẩm văn hóa"
ILA,Công ty Cổ phần ILA,CT,1,2000,Công nghiệp
ILA,Công ty Cổ phần ILA,CT,2,2300,Xây dựng và Vật liệu
ILA,Công ty Cổ phần ILA,CT,3,2350,Xây dựng và Vật liệu
ILA,Công ty Cổ phần ILA,CT,4,2353,Vật liệu xây dựng & Nội thất
ILB,Công ty Cổ phần ICD Tân Cảng - Long Bình,CT,1,2000,Công nghiệp
ILB,Công ty Cổ phần ICD Tân Cảng - Long Bình,CT,2,2700,Hàng & Dịch vụ Công nghiệp
ILB,Công ty Cổ phần ICD Tân Cảng - Long Bình,CT,3,2770,Vận tải
ILB,Công ty Cổ phần ICD Tân Cảng - Long Bình,CT,4,2777,"Kho bãi, hậu cần và bảo dưỡng"
ILC,Công ty Cổ phần Hợp tác lao động với nước ngoài,CT,1,2000,Công nghiệp
ILC,Công ty Cổ phần Hợp tác lao động với nước ngoài,CT,2,2700,Hàng & Dịch vụ Công nghiệp
ILC,Công ty Cổ phần Hợp tác lao động với nước ngoài,CT,3,2790,Tư vấn & Hỗ trợ Kinh doanh
ILC,Công ty Cổ phần Hợp tác lao động với nước ngoài,CT,4,2793,Đào tạo & Việc làm
ILS,Công ty Cổ phần Đầu tư Thương mại và Dịch vụ Quốc tế,CT,1,2000,Công nghiệp
ILS,Công ty Cổ phần Đầu tư Thương mại và Dịch vụ Quốc tế,CT,2,2700,Hàng & Dịch vụ Công nghiệp
ILS,Công ty Cổ phần Đầu tư Thương mại và Dịch vụ Quốc tế,CT,3,2720,Hàng công nghiệp
ILS,Công ty Cổ phần Đầu tư Thương mại và Dịch vụ Quốc tế,CT,4,2723,Containers & Đóng gói
IME,Công ty Cổ phần Cơ khí và Xây lắp Công nghiệp,CT,1,2000,Công nghiệp
IME,Công ty Cổ phần Cơ khí và Xây lắp Công nghiệp,CT,2,2700,Hàng & Dịch vụ Công nghiệp
IME,Công ty Cổ phần Cơ khí và Xây lắp Công nghiệp,CT,3,2750,Công nghiệp nặng
IME,Công ty Cổ phần Cơ khí và Xây lắp Công nghiệp,CT,4,2757,Máy công nghiệp
IMI,Công ty Cổ phần Viện Máy và Dụng cụ Công nghiệp,CT,1,2000,Công nghiệp
IMI,Công ty Cổ phần Viện Máy và Dụng cụ Công nghiệp,CT,2,2700,Hàng & Dịch vụ Công nghiệp
IMI,Công ty Cổ phần Viện Máy và Dụng cụ Công nghiệp,CT,3,2750,Công nghiệp nặng
IMI,Công ty Cổ phần Viện Máy và Dụng cụ Công nghiệp,CT,4,2757,Máy công nghiệp
IMP,Công ty Cổ phần Dược phẩm Imexpharm,CT,1,4000,Dược phẩm và Y tế
IMP,Công ty Cổ phần Dược phẩm Imexpharm,CT,2,4500,Y tế
IMP,Công ty Cổ phần Dược phẩm Imexpharm,CT,3,4570,Dược phẩm
IMP,Công ty Cổ phần Dược phẩm Imexpharm,CT,4,4577,Dược phẩm
IN4,Công ty Cổ phần In số 4,CT,1,5000,Dịch vụ Tiêu dùng
IN4,Công ty Cổ phần In số 4,CT,2,5500,Truyền thông
IN4,Công ty Cổ phần In số 4,CT,3,5550,Truyền thông
IN4,Công ty Cổ phần In số 4,CT,4,5557,"Sách, ấn bản & sản phẩm văn hóa"
INC,Công ty Cổ phần Tư vấn Đầu tư IDICO,CT,1,2000,Công nghiệp
INC,Công ty Cổ phần Tư vấn Đầu tư IDICO,CT,2,2300,Xây dựng và Vật liệu
INC,Công ty Cổ phần Tư vấn Đầu tư IDICO,CT,3,2350,Xây dựng và Vật liệu
INC,Công ty Cổ phần Tư vấn Đầu tư IDICO,CT,4,2357,Xây dựng
ING,Công ty Cổ phần Đầu Tư Và Phát Triển Xây Dựng,CT,1,2000,Công nghiệp
ING,Công ty Cổ phần Đầu Tư Và Phát Triển Xây Dựng,CT,2,2300,Xây dựng và Vật liệu
ING,Công ty Cổ phần Đầu Tư Và Phát Triển Xây Dựng,CT,3,2350,Xây dựng và Vật liệu
ING,Công ty Cổ phần Đầu Tư Và Phát Triển Xây Dựng,CT,4,2357,Xây dựng
INN,Công ty Cổ phần Bao bì và In Nông nghiệp,CT,1,2000,Công nghiệp
INN,Công ty Cổ phần Bao bì và In Nông nghiệp,CT,2,2700,Hàng & Dịch vụ Công nghiệp
INN,Công ty Cổ phần Bao bì và In Nông nghiệp,CT,3,2720,Hàng công nghiệp
INN,Công ty Cổ phần Bao bì và In Nông nghiệp,CT,4,2723,Containers & Đóng gói
IPA,Công ty Cổ phần Tập đoàn Đầu tư I.P.A,CT,1,2000,Công nghiệp
IPA,Công ty Cổ phần Tập đoàn Đầu tư I.P.A,CT,2,2700,Hàng & Dịch vụ Công nghiệp
IPA,Công ty Cổ phần Tập đoàn Đầu tư I.P.A,CT,3,2790,Tư vấn & Hỗ trợ Kinh doanh
IPA,Công ty Cổ phần Tập đoàn Đầu tư I.P.A,CT,4,2791,Tư vấn & Hỗ trợ KD
IRC,Công ty Cổ phần Cao su Công nghiệp,CT,1,1000,Nguyên vật liệu
IRC,Công ty Cổ phần Cao su Công nghiệp,CT,2,1300,Hóa chất
IRC,Công ty Cổ phần Cao su Công nghiệp,CT,3,1350,Hóa chất
IRC,Công ty Cổ phần Cao su Công nghiệp,CT,4,1353,"Nhựa, cao su & sợi"
ISG,Công ty Cổ phần Vận tải biển và Hợp tác lao động Quốc Tế,CT,1,2000,Công nghiệp
ISG,Công ty Cổ phần Vận tải biển và Hợp tác lao động Quốc Tế,CT,2,2700,Hàng & Dịch vụ Công nghiệp
ISG,Công ty Cổ phần Vận tải biển và Hợp tác lao động Quốc Tế,CT,3,2770,Vận tải
ISG,Công ty Cổ phần Vận tải biển và Hợp tác lao động Quốc Tế,CT,4,2773,Vận tải Thủy
ISH,Công ty Cổ phần Thủy điện Srok Phu Miêng IDICO,CT,1,7000,Tiện ích Cộng đồng
ISH,Công ty Cổ phần Thủy điện Srok Phu Miêng IDICO,CT,2,7500,"Điện, nước & xăng dầu khí đốt"
ISH,Công ty Cổ phần Thủy điện Srok Phu Miêng IDICO,CT,3,7530,Sản xuất & Phân phối Điện
ISH,Công ty Cổ phần Thủy điện Srok Phu Miêng IDICO,CT,4,7535,Sản xuất & Phân phối Điện
IST,Công ty Cổ phần ICD Tân Cảng Sóng Thần,CT,1,2000,Công nghiệp
IST,Công ty Cổ phần ICD Tân Cảng Sóng Thần,CT,2,2700,Hàng & Dịch vụ Công nghiệp
IST,Công ty Cổ phần ICD Tân Cảng Sóng Thần,CT,3,2770,Vận tải
IST,Công ty Cổ phần ICD Tân Cảng Sóng Thần,CT,4,2777,"Kho bãi, hậu cần và bảo dưỡng"
ITA,Công ty Cổ phần Đầu tư và Công nghiệp Tân Tạo,CT,1,8000,Tài chính
ITA,Công ty Cổ phần Đầu tư và Công nghiệp Tân Tạo,CT,2,8600,Bất động sản
ITA,Công ty Cổ phần Đầu tư và Công nghiệp Tân Tạo,CT,3,8630,Bất động sản
ITA,Công ty Cổ phần Đầu tư và Công nghiệp Tân Tạo,CT,4,8633,Bất động sản
ITC,Công ty Cổ phần Đầu tư - Kinh doanh nhà,CT,1,8000,Tài chính
ITC,Công ty Cổ phần Đầu tư - Kinh doanh nhà,CT,2,8600,Bất động sản
ITC,Công ty Cổ phần Đầu tư - Kinh doanh nhà,CT,3,8630,Bất động sản
ITC,Công ty Cổ phần Đầu tư - Kinh doanh nhà,CT,4,8633,Bất động sản
ITD,Công ty Cổ phần Công nghệ ITD,CT,1,9000,Công nghệ Thông tin
ITD,Công ty Cổ phần Công nghệ ITD,CT,2,9500,Công nghệ Thông tin
ITD,Công ty Cổ phần Công nghệ ITD,CT,3,9530,Phần mềm & Dịch vụ Máy tính
ITD,Công ty Cổ phần Công nghệ ITD,CT,4,9537,Phần mềm
ITQ,Công ty Cổ phần Tập đoàn Thiên Quang,CT,1,1000,Nguyên vật liệu
ITQ,Công ty Cổ phần Tập đoàn Thiên Quang,CT,2,1700,Tài nguyên Cơ bản
ITQ,Công ty Cổ phần Tập đoàn Thiên Quang,CT,3,1750,Kim loại
ITQ,Công ty Cổ phần Tập đoàn Thiên Quang,CT,4,1757,Thép và sản phẩm thép
ITS,"Công ty Cổ phần Đầu tư, Thương mại và Dịch vụ - Vinacomin",CT,1,2000,Công nghiệp
ITS,"Công ty Cổ phần Đầu tư, Thương mại và Dịch vụ - Vinacomin",CT,2,2700,Hàng & Dịch vụ Công nghiệp
ITS,"Công ty Cổ phần Đầu tư, Thương mại và Dịch vụ - Vinacomin",CT,3,2750,Công nghiệp nặng
ITS,"Công ty Cổ phần Đầu tư, Thương mại và Dịch vụ - Vinacomin",CT,4,2757,Máy công nghiệp
IVS,Công ty Cổ phần Chứng khoán Guotai Haitong (Việt Nam),CK,1,8000,Tài chính
IVS,Công ty Cổ phần Chứng khoán Guotai Haitong (Việt Nam),CK,2,8700,Dịch vụ tài chính
IVS,Công ty Cổ phần Chứng khoán Guotai Haitong (Việt Nam),CK,3,8770,Dịch vụ tài chính
IVS,Công ty Cổ phần Chứng khoán Guotai Haitong (Việt Nam),CK,4,8777,Môi giới chứng khoán
JOS,Công ty Cổ phần Chế biến Thủy sản Xuất khẩu Minh Hải,CT,1,3000,Hàng Tiêu dùng
JOS,Công ty Cổ phần Chế biến Thủy sản Xuất khẩu Minh Hải,CT,2,3500,Thực phẩm và đồ uống
JOS,Công ty Cổ phần Chế biến Thủy sản Xuất khẩu Minh Hải,CT,3,3570,Sản xuất thực phẩm
JOS,Công ty Cổ phần Chế biến Thủy sản Xuất khẩu Minh Hải,CT,4,3573,Nuôi trồng nông & hải sản
JVC,Công ty Cổ phần Đầu tư Y tế - Dược phẩm Việt Nam,CT,1,4000,Dược phẩm và Y tế
JVC,Công ty Cổ phần Đầu tư Y tế - Dược phẩm Việt Nam,CT,2,4500,Y tế
JVC,Công ty Cổ phần Đầu tư Y tế - Dược phẩm Việt Nam,CT,3,4530,Thiết bị và Dịch vụ Y tế
JVC,Công ty Cổ phần Đầu tư Y tế - Dược phẩm Việt Nam,CT,4,4535,Thiết bị y tế
KAC,Công ty Cổ phần Đầu tư Địa ốc Khang An,CT,1,8000,Tài chính
KAC,Công ty Cổ phần Đầu tư Địa ốc Khang An,CT,2,8600,Bất động sản
KAC,Công ty Cổ phần Đầu tư Địa ốc Khang An,CT,3,8630,Bất động sản
KAC,Công ty Cổ phần Đầu tư Địa ốc Khang An,CT,4,8633,Bất động sản
KAT,Công ty Cổ phần Chè Kim Anh,CT,1,3000,Hàng Tiêu dùng
KAT,Công ty Cổ phần Chè Kim Anh,CT,2,3500,Thực phẩm và đồ uống
KAT,Công ty Cổ phần Chè Kim Anh,CT,3,3530,Bia và đồ uống
KAT,Công ty Cổ phần Chè Kim Anh,CT,4,3537,Đồ uống & giải khát
KBC,Tổng Công ty Phát triển Đô thị Kinh Bắc - CTCP,CT,1,8000,Tài chính
KBC,Tổng Công ty Phát triển Đô thị Kinh Bắc - CTCP,CT,2,8600,Bất động sản
KBC,Tổng Công ty Phát triển Đô thị Kinh Bắc - CTCP,CT,3,8630,Bất động sản
KBC,Tổng Công ty Phát triển Đô thị Kinh Bắc - CTCP,CT,4,8633,Bất động sản
KBE,Công ty Cổ phần Sách và Thiết bị Trường học Kiên Giang,CT,1,5000,Dịch vụ Tiêu dùng
KBE,Công ty Cổ phần Sách và Thiết bị Trường học Kiên Giang,CT,2,5500,Truyền thông
KBE,Công ty Cổ phần Sách và Thiết bị Trường học Kiên Giang,CT,3,5550,Truyền thông
KBE,Công ty Cổ phần Sách và Thiết bị Trường học Kiên Giang,CT,4,5557,"Sách, ấn bản & sản phẩm văn hóa"
KCB,Công ty Cổ phần Khoáng Sản và Luyện Kim Cao Bằng,CT,1,1000,Nguyên vật liệu
KCB,Công ty Cổ phần Khoáng Sản và Luyện Kim Cao Bằng,CT,2,1700,Tài nguyên Cơ bản
KCB,Công ty Cổ phần Khoáng Sản và Luyện Kim Cao Bằng,CT,3,1770,Khai khoáng
KCB,Công ty Cổ phần Khoáng Sản và Luyện Kim Cao Bằng,CT,4,1775,Khai khoáng
KCE,Công ty Cổ phần Bê tông Ly tâm Điện lực Khánh Hòa,CT,1,2000,Công nghiệp
KCE,Công ty Cổ phần Bê tông Ly tâm Điện lực Khánh Hòa,CT,2,2300,Xây dựng và Vật liệu
KCE,Công ty Cổ phần Bê tông Ly tâm Điện lực Khánh Hòa,CT,3,2350,Xây dựng và Vật liệu
KCE,Công ty Cổ phần Bê tông Ly tâm Điện lực Khánh Hòa,CT,4,2353,Vật liệu xây dựng & Nội thất
KDC,Công ty Cổ phần Tập đoàn KIDO,CT,1,3000,Hàng Tiêu dùng
KDC,Công ty Cổ phần Tập đoàn KIDO,CT,2,3500,Thực phẩm và đồ uống
KDC,Công ty Cổ phần Tập đoàn KIDO,CT,3,3570,Sản xuất thực phẩm
KDC,Công ty Cổ phần Tập đoàn KIDO,CT,4,3577,Thực phẩm
KDH,Công ty Cổ phần Đầu tư và Kinh doanh nhà Khang Điền,CT,1,8000,Tài chính
KDH,Công ty Cổ phần Đầu tư và Kinh doanh nhà Khang Điền,CT,2,8600,Bất động sản
KDH,Công ty Cổ phần Đầu tư và Kinh doanh nhà Khang Điền,CT,3,8630,Bất động sản
KDH,Công ty Cổ phần Đầu tư và Kinh doanh nhà Khang Điền,CT,4,8633,Bất động sản
KDM,Công ty Cổ phần Tập đoàn GCL,CT,1,2000,Công nghiệp
KDM,Công ty Cổ phần Tập đoàn GCL,CT,2,2300,Xây dựng và Vật liệu
KDM,Công ty Cổ phần Tập đoàn GCL,CT,3,2350,Xây dựng và Vật liệu
KDM,Công ty Cổ phần Tập đoàn GCL,CT,4,2357,Xây dựng
KGM,Công ty Cổ phần Xuất nhập khẩu Kiên Giang,CT,1,5000,Dịch vụ Tiêu dùng
KGM,Công ty Cổ phần Xuất nhập khẩu Kiên Giang,CT,2,5300,Bán lẻ
KGM,Công ty Cổ phần Xuất nhập khẩu Kiên Giang,CT,3,5370,Bán lẻ
KGM,Công ty Cổ phần Xuất nhập khẩu Kiên Giang,CT,4,5373,Bán lẻ phức hợp
KHA,Công ty Cổ phần Đầu tư và Dịch vụ Khánh Hội,CT,1,8000,Tài chính
KHA,Công ty Cổ phần Đầu tư và Dịch vụ Khánh Hội,CT,2,8600,Bất động sản
KHA,Công ty Cổ phần Đầu tư và Dịch vụ Khánh Hội,CT,3,8630,Bất động sản
KHA,Công ty Cổ phần Đầu tư và Dịch vụ Khánh Hội,CT,4,8633,Bất động sản
KHB,Công ty Cổ phần Khoáng sản Hòa Bình,CT,1,1000,Nguyên vật liệu
KHB,Công ty Cổ phần Khoáng sản Hòa Bình,CT,2,1700,Tài nguyên Cơ bản
KHB,Công ty Cổ phần Khoáng sản Hòa Bình,CT,3,1770,Khai khoáng
KHB,Công ty Cổ phần Khoáng sản Hòa Bình,CT,4,1775,Khai khoáng
KHD,"Công ty Cổ phần Khai thác, Chế biến Khoáng sản Hải Dương",CT,1,1000,Nguyên vật liệu
KHD,"Công ty Cổ phần Khai thác, Chế biến Khoáng sản Hải Dương",CT,2,1700,Tài nguyên Cơ bản
KHD,"Công ty Cổ phần Khai thác, Chế biến Khoáng sản Hải Dương",CT,3,1770,Khai khoáng
KHD,"Công ty Cổ phần Khai thác, Chế biến Khoáng sản Hải Dương",CT,4,1775,Khai khoáng
KHG,Công ty Cổ phần Tập đoàn Khải Hoàn Land,CT,1,8000,Tài chính
KHG,Công ty Cổ phần Tập đoàn Khải Hoàn Land,CT,2,8600,Bất động sản
KHG,Công ty Cổ phần Tập đoàn Khải Hoàn Land,CT,3,8630,Bất động sản
KHG,Công ty Cổ phần Tập đoàn Khải Hoàn Land,CT,4,8633,Bất động sản
KHL,Công ty Cổ phần Khoáng sản và Vật liệu Xây dựng Hưng Long,CT,1,2000,Công nghiệp
KHL,Công ty Cổ phần Khoáng sản và Vật liệu Xây dựng Hưng Long,CT,2,2300,Xây dựng và Vật liệu
KHL,Công ty Cổ phần Khoáng sản và Vật liệu Xây dựng Hưng Long,CT,3,2350,Xây dựng và Vật liệu
KHL,Công ty Cổ phần Khoáng sản và Vật liệu Xây dựng Hưng Long,CT,4,2353,Vật liệu xây dựng & Nội thất
KHP,Công ty Cổ phần Điện lực Khánh Hòa,CT,1,7000,Tiện ích Cộng đồng
KHP,Công ty Cổ phần Điện lực Khánh Hòa,CT,2,7500,"Điện, nước & xăng dầu khí đốt"
KHP,Công ty Cổ phần Điện lực Khánh Hòa,CT,3,7530,Sản xuất & Phân phối Điện
KHP,Công ty Cổ phần Điện lực Khánh Hòa,CT,4,7535,Sản xuất & Phân phối Điện
KHS,Công ty Cổ phần Kiên Hùng,CT,1,3000,Hàng Tiêu dùng
KHS,Công ty Cổ phần Kiên Hùng,CT,2,3500,Thực phẩm và đồ uống
KHS,Công ty Cổ phần Kiên Hùng,CT,3,3570,Sản xuất thực phẩm
KHS,Công ty Cổ phần Kiên Hùng,CT,4,3573,Nuôi trồng nông & hải sản
KHW,Công ty Cổ phần Cấp thoát nước Khánh Hòa,CT,1,7000,Tiện ích Cộng đồng
KHW,Công ty Cổ phần Cấp thoát nước Khánh Hòa,CT,2,7500,"Điện, nước & xăng dầu khí đốt"
KHW,Công ty Cổ phần Cấp thoát nước Khánh Hòa,CT,3,7570,Nước & Khí đốt
KHW,Công ty Cổ phần Cấp thoát nước Khánh Hòa,CT,4,7577,Nước
KHX,Công ty Cổ phần Phát hành sách Khánh Hoà,CT,1,5000,Dịch vụ Tiêu dùng
KHX,Công ty Cổ phần Phát hành sách Khánh Hoà,CT,2,5500,Truyền thông
KHX,Công ty Cổ phần Phát hành sách Khánh Hoà,CT,3,5550,Truyền thông
KHX,Công ty Cổ phần Phát hành sách Khánh Hoà,CT,4,5557,"Sách, ấn bản & sản phẩm văn hóa"
KIMVGF,Kim Investment Funds - Kim Vietnam Growth Fund,QU,4,OTHER,OTHER
KIP,Công ty Cổ phần K.I.P Việt Nam,CT,1,2000,Công nghiệp
KIP,Công ty Cổ phần K.I.P Việt Nam,CT,2,2700,Hàng & Dịch vụ Công nghiệp
KIP,Công ty Cổ phần K.I.P Việt Nam,CT,3,2730,Điện tử & Thiết bị điện
KIP,Công ty Cổ phần K.I.P Việt Nam,CT,4,2737,Thiết bị điện
KKC,Công ty Cổ phần Tập đoàn Thành Thái,CT,1,1000,Nguyên vật liệu
KKC,Công ty Cổ phần Tập đoàn Thành Thái,CT,2,1700,Tài nguyên Cơ bản
KKC,Công ty Cổ phần Tập đoàn Thành Thái,CT,3,1750,Kim loại
KKC,Công ty Cổ phần Tập đoàn Thành Thái,CT,4,1757,Thép và sản phẩm thép
KLB,Ngân hàng Thương mại Cổ phần Kiên Long,NH,1,8301,Ngân hàng
KLB,Ngân hàng Thương mại Cổ phần Kiên Long,NH,2,8300,Ngân hàng
KLB,Ngân hàng Thương mại Cổ phần Kiên Long,NH,3,8350,Ngân hàng
KLB,Ngân hàng Thương mại Cổ phần Kiên Long,NH,4,8355,Ngân hàng
KLC,Công ty Cổ phần Du lịch Kim Liên,CT,1,5000,Dịch vụ Tiêu dùng
KLC,Công ty Cổ phần Du lịch Kim Liên,CT,2,5700,Du lịch và Giải trí
KLC,Công ty Cổ phần Du lịch Kim Liên,CT,3,5750,Du lịch & Giải trí
KLC,Công ty Cổ phần Du lịch Kim Liên,CT,4,5759,Vận tải hành khách & Du lịch
KLF,Công ty Cổ phần Đầu tư Thương mại và Xuất nhập khẩu CFS,CT,1,5000,Dịch vụ Tiêu dùng
KLF,Công ty Cổ phần Đầu tư Thương mại và Xuất nhập khẩu CFS,CT,2,5700,Du lịch và Giải trí
KLF,Công ty Cổ phần Đầu tư Thương mại và Xuất nhập khẩu CFS,CT,3,5750,Du lịch & Giải trí
KLF,Công ty Cổ phần Đầu tư Thương mại và Xuất nhập khẩu CFS,CT,4,5755,Dịch vụ giải trí
KLM,Công ty Cổ phần Kim loại màu Nghệ Tĩnh,CT,1,1000,Nguyên vật liệu
KLM,Công ty Cổ phần Kim loại màu Nghệ Tĩnh,CT,2,1700,Tài nguyên Cơ bản
KLM,Công ty Cổ phần Kim loại màu Nghệ Tĩnh,CT,3,1750,Kim loại
KLM,Công ty Cổ phần Kim loại màu Nghệ Tĩnh,CT,4,1755,Kim Loại màu
KMR,Công ty Cổ phần Mirae,CT,1,3000,Hàng Tiêu dùng
KMR,Công ty Cổ phần Mirae,CT,2,3700,Hàng cá nhân & Gia dụng
KMR,Công ty Cổ phần Mirae,CT,3,3760,Hàng cá nhân
KMR,Công ty Cổ phần Mirae,CT,4,3763,Hàng May mặc
KMT,Công ty Cổ phần Kim khí Miền Trung,CT,1,1000,Nguyên vật liệu
KMT,Công ty Cổ phần Kim khí Miền Trung,CT,2,1700,Tài nguyên Cơ bản
KMT,Công ty Cổ phần Kim khí Miền Trung,CT,3,1750,Kim loại
KMT,Công ty Cổ phần Kim khí Miền Trung,CT,4,1757,Thép và sản phẩm thép
KNA,Công ty Cổ phần Khoáng sản Nghệ An,CT,1,1000,Nguyên vật liệu
KNA,Công ty Cổ phần Khoáng sản Nghệ An,CT,2,1700,Tài nguyên Cơ bản
KNA,Công ty Cổ phần Khoáng sản Nghệ An,CT,3,1770,Khai khoáng
KNA,Công ty Cổ phần Khoáng sản Nghệ An,CT,4,1775,Khai khoáng
KOS,Công ty Cổ phần KOSY,CT,1,8000,Tài chính
KOS,Công ty Cổ phần KOSY,CT,2,8600,Bất động sản
KOS,Công ty Cổ phần KOSY,CT,3,8630,Bất động sản
KOS,Công ty Cổ phần KOSY,CT,4,8633,Bất động sản
KPF,Công ty Cổ phần Đầu tư Tài sản KOJI,CT,1,2000,Công nghiệp
KPF,Công ty Cổ phần Đầu tư Tài sản KOJI,CT,2,2300,Xây dựng và Vật liệu
KPF,Công ty Cổ phần Đầu tư Tài sản KOJI,CT,3,2350,Xây dựng và Vật liệu
KPF,Công ty Cổ phần Đầu tư Tài sản KOJI,CT,4,2353,Vật liệu xây dựng & Nội thất
KSA,Công ty Cổ phần Công nghiệp Khoáng sản Bình Thuận,CT,1,1000,Nguyên vật liệu
KSA,Công ty Cổ phần Công nghiệp Khoáng sản Bình Thuận,CT,2,1700,Tài nguyên Cơ bản
KSA,Công ty Cổ phần Công nghiệp Khoáng sản Bình Thuận,CT,3,1770,Khai khoáng
KSA,Công ty Cổ phần Công nghiệp Khoáng sản Bình Thuận,CT,4,1775,Khai khoáng
KSB,Công ty Cổ phần Khoáng sản và Xây dựng Bình Dương,CT,1,2000,Công nghiệp
KSB,Công ty Cổ phần Khoáng sản và Xây dựng Bình Dương,CT,2,2300,Xây dựng và Vật liệu
KSB,Công ty Cổ phần Khoáng sản và Xây dựng Bình Dương,CT,3,2350,Xây dựng và Vật liệu
KSB,Công ty Cổ phần Khoáng sản và Xây dựng Bình Dương,CT,4,2353,Vật liệu xây dựng & Nội thất
KSD,Công ty Cổ phần Đầu tư DNA,CT,1,3000,Hàng Tiêu dùng
KSD,Công ty Cổ phần Đầu tư DNA,CT,2,3700,Hàng cá nhân & Gia dụng
KSD,Công ty Cổ phần Đầu tư DNA,CT,3,3720,Hàng gia dụng
KSD,Công ty Cổ phần Đầu tư DNA,CT,4,3722,Đồ gia dụng lâu bền
KSF,Công ty Cổ phần Tập đoàn Sunshine,CT,1,8000,Tài chính
KSF,Công ty Cổ phần Tập đoàn Sunshine,CT,2,8600,Bất động sản
KSF,Công ty Cổ phần Tập đoàn Sunshine,CT,3,8630,Bất động sản
KSF,Công ty Cổ phần Tập đoàn Sunshine,CT,4,8633,Bất động sản
KSH,Công ty Cổ phần Damac GLS,CT,1,3000,Hàng Tiêu dùng
KSH,Công ty Cổ phần Damac GLS,CT,2,3500,Thực phẩm và đồ uống
KSH,Công ty Cổ phần Damac GLS,CT,3,3570,Sản xuất thực phẩm
KSH,Công ty Cổ phần Damac GLS,CT,4,3573,Nuôi trồng nông & hải sản
KSIF,Quỹ đầu tư Trái phiếu Chiến lược KIM,QU,1,8000,Tài chính
KSIF,Quỹ đầu tư Trái phiếu Chiến lược KIM,QU,2,8700,Dịch vụ tài chính
KSIF,Quỹ đầu tư Trái phiếu Chiến lược KIM,QU,3,8980,Quỹ đầu tư
KSIF,Quỹ đầu tư Trái phiếu Chiến lược KIM,QU,4,8985,Quỹ đầu tư
KSK,Công ty Cổ phần Khoáng sản luyện kim màu,CT,1,2000,Công nghiệp
KSK,Công ty Cổ phần Khoáng sản luyện kim màu,CT,2,2300,Xây dựng và Vật liệu
KSK,Công ty Cổ phần Khoáng sản luyện kim màu,CT,3,2350,Xây dựng và Vật liệu
KSK,Công ty Cổ phần Khoáng sản luyện kim màu,CT,4,2353,Vật liệu xây dựng & Nội thất
KSQ,Công ty Cổ phần CNC Capital Việt Nam,CT,1,2000,Công nghiệp
KSQ,Công ty Cổ phần CNC Capital Việt Nam,CT,2,2300,Xây dựng và Vật liệu
KSQ,Công ty Cổ phần CNC Capital Việt Nam,CT,3,2350,Xây dựng và Vật liệu
KSQ,Công ty Cổ phần CNC Capital Việt Nam,CT,4,2353,Vật liệu xây dựng & Nội thất
KSS,Tổng Công ty Cổ phần Khoáng sản Na Rì Hamico,CT,1,1000,Nguyên vật liệu
KSS,Tổng Công ty Cổ phần Khoáng sản Na Rì Hamico,CT,2,1700,Tài nguyên Cơ bản
KSS,Tổng Công ty Cổ phần Khoáng sản Na Rì Hamico,CT,3,1770,Khai khoáng
KSS,Tổng Công ty Cổ phần Khoáng sản Na Rì Hamico,CT,4,1775,Khai khoáng
KST,Công ty Cổ phần KASATI,CT,1,9000,Công nghệ Thông tin
KST,Công ty Cổ phần KASATI,CT,2,9500,Công nghệ Thông tin
KST,Công ty Cổ phần KASATI,CT,3,9570,Thiết bị và Phần cứng
KST,Công ty Cổ phần KASATI,CT,4,9578,Thiết bị viễn thông
KSV,Tổng Công ty Khoáng sản TKV - Công ty Cổ phần,CT,1,1000,Nguyên vật liệu
KSV,Tổng Công ty Khoáng sản TKV - Công ty Cổ phần,CT,2,1700,Tài nguyên Cơ bản
KSV,Tổng Công ty Khoáng sản TKV - Công ty Cổ phần,CT,3,1770,Khai khoáng
KSV,Tổng Công ty Khoáng sản TKV - Công ty Cổ phần,CT,4,1775,Khai khoáng
KTC,Công ty Cổ phần Thương mại Kiên Giang,CT,1,3000,Hàng Tiêu dùng
KTC,Công ty Cổ phần Thương mại Kiên Giang,CT,2,3500,Thực phẩm và đồ uống
KTC,Công ty Cổ phần Thương mại Kiên Giang,CT,3,3570,Sản xuất thực phẩm
KTC,Công ty Cổ phần Thương mại Kiên Giang,CT,4,3577,Thực phẩm
KTL,Công ty Cổ phần Kim khí Thăng Long,CT,1,1000,Nguyên vật liệu
KTL,Công ty Cổ phần Kim khí Thăng Long,CT,2,1700,Tài nguyên Cơ bản
KTL,Công ty Cổ phần Kim khí Thăng Long,CT,3,1750,Kim loại
KTL,Công ty Cổ phần Kim khí Thăng Long,CT,4,1757,Thép và sản phẩm thép
KTS,Công ty Cổ phần Đường Kon Tum,CT,1,3000,Hàng Tiêu dùng
KTS,Công ty Cổ phần Đường Kon Tum,CT,2,3500,Thực phẩm và đồ uống
KTS,Công ty Cổ phần Đường Kon Tum,CT,3,3570,Sản xuất thực phẩm
KTS,Công ty Cổ phần Đường Kon Tum,CT,4,3577,Thực phẩm
KTT,Công ty Cổ phần Tập đoàn Đầu tư KTT,CT,1,2000,Công nghiệp
KTT,Công ty Cổ phần Tập đoàn Đầu tư KTT,CT,2,2300,Xây dựng và Vật liệu
KTT,Công ty Cổ phần Tập đoàn Đầu tư KTT,CT,3,2350,Xây dựng và Vật liệu
KTT,Công ty Cổ phần Tập đoàn Đầu tư KTT,CT,4,2357,Xây dựng
KTU,Công ty Cổ phần Môi trường Đô thị Kon Tum,CT,1,2000,Công nghiệp
KTU,Công ty Cổ phần Môi trường Đô thị Kon Tum,CT,2,2700,Hàng & Dịch vụ Công nghiệp
KTU,Công ty Cổ phần Môi trường Đô thị Kon Tum,CT,3,2790,Tư vấn & Hỗ trợ Kinh doanh
KTU,Công ty Cổ phần Môi trường Đô thị Kon Tum,CT,4,2799,Chất thải & Môi trường
KTW,Công ty Cổ phần Cấp nước Kon Tum,CT,1,7000,Tiện ích Cộng đồng
KTW,Công ty Cổ phần Cấp nước Kon Tum,CT,2,7500,"Điện, nước & xăng dầu khí đốt"
KTW,Công ty Cổ phần Cấp nước Kon Tum,CT,3,7570,Nước & Khí đốt
KTW,Công ty Cổ phần Cấp nước Kon Tum,CT,4,7577,Nước
KVC,Công ty Cổ phần Sản xuất Xuất nhập khẩu Inox Kim Vĩ,CT,1,1000,Nguyên vật liệu
KVC,Công ty Cổ phần Sản xuất Xuất nhập khẩu Inox Kim Vĩ,CT,2,1700,Tài nguyên Cơ bản
KVC,Công ty Cổ phần Sản xuất Xuất nhập khẩu Inox Kim Vĩ,CT,3,1750,Kim loại
KVC,Công ty Cổ phần Sản xuất Xuất nhập khẩu Inox Kim Vĩ,CT,4,1757,Thép và sản phẩm thép
KWA,Công ty Cổ phần Cấp thoát nước và Môi trường Kiến Tường,CT,1,7000,Tiện ích Cộng đồng
KWA,Công ty Cổ phần Cấp thoát nước và Môi trường Kiến Tường,CT,2,7500,"Điện, nước & xăng dầu khí đốt"
KWA,Công ty Cổ phần Cấp thoát nước và Môi trường Kiến Tường,CT,3,7570,Nước & Khí đốt
KWA,Công ty Cổ phần Cấp thoát nước và Môi trường Kiến Tường,CT,4,7577,Nước
L10,Công ty Cổ phần Lilama 10,CT,1,2000,Công nghiệp
L10,Công ty Cổ phần Lilama 10,CT,2,2700,Hàng & Dịch vụ Công nghiệp
L10,Công ty Cổ phần Lilama 10,CT,3,2750,Công nghiệp nặng
L10,Công ty Cổ phần Lilama 10,CT,4,2757,Máy công nghiệp
L12,Công ty Cổ phần Licogi 12,CT,1,2000,Công nghiệp
L12,Công ty Cổ phần Licogi 12,CT,2,2300,Xây dựng và Vật liệu
L12,Công ty Cổ phần Licogi 12,CT,3,2350,Xây dựng và Vật liệu
L12,Công ty Cổ phần Licogi 12,CT,4,2357,Xây dựng
L14,Công ty Cổ phần Licogi 14,CT,1,2000,Công nghiệp
L14,Công ty Cổ phần Licogi 14,CT,2,2300,Xây dựng và Vật liệu
L14,Công ty Cổ phần Licogi 14,CT,3,2350,Xây dựng và Vật liệu
L14,Công ty Cổ phần Licogi 14,CT,4,2357,Xây dựng
L18,Công ty Cổ phần Đầu tư và Xây dựng số 18,CT,1,2000,Công nghiệp
L18,Công ty Cổ phần Đầu tư và Xây dựng số 18,CT,2,2300,Xây dựng và Vật liệu
L18,Công ty Cổ phần Đầu tư và Xây dựng số 18,CT,3,2350,Xây dựng và Vật liệu
L18,Công ty Cổ phần Đầu tư và Xây dựng số 18,CT,4,2357,Xây dựng
L35,Công ty Cổ phần Cơ khí Lắp máy Lilama,CT,1,2000,Công nghiệp
L35,Công ty Cổ phần Cơ khí Lắp máy Lilama,CT,2,2700,Hàng & Dịch vụ Công nghiệp
L35,Công ty Cổ phần Cơ khí Lắp máy Lilama,CT,3,2750,Công nghiệp nặng
L35,Công ty Cổ phần Cơ khí Lắp máy Lilama,CT,4,2757,Máy công nghiệp
L40,Công ty Cổ phần Đầu tư và Xây dựng 40,CT,1,2000,Công nghiệp
L40,Công ty Cổ phần Đầu tư và Xây dựng 40,CT,2,2300,Xây dựng và Vật liệu
L40,Công ty Cổ phần Đầu tư và Xây dựng 40,CT,3,2350,Xây dựng và Vật liệu
L40,Công ty Cổ phần Đầu tư và Xây dựng 40,CT,4,2357,Xây dựng
L43,Công ty Cổ phần Lilama 45.3,CT,1,2000,Công nghiệp
L43,Công ty Cổ phần Lilama 45.3,CT,2,2300,Xây dựng và Vật liệu
L43,Công ty Cổ phần Lilama 45.3,CT,3,2350,Xây dựng và Vật liệu
L43,Công ty Cổ phần Lilama 45.3,CT,4,2357,Xây dựng
L44,Công ty Cổ phần Lilama 45.4,CT,1,2000,Công nghiệp
L44,Công ty Cổ phần Lilama 45.4,CT,2,2700,Hàng & Dịch vụ Công nghiệp
L44,Công ty Cổ phần Lilama 45.4,CT,3,2750,Công nghiệp nặng
L44,Công ty Cổ phần Lilama 45.4,CT,4,2757,Máy công nghiệp
L45,Công ty Cổ phần Lilama 45.1,CT,1,2000,Công nghiệp
L45,Công ty Cổ phần Lilama 45.1,CT,2,2300,Xây dựng và Vật liệu
L45,Công ty Cổ phần Lilama 45.1,CT,3,2350,Xây dựng và Vật liệu
L45,Công ty Cổ phần Lilama 45.1,CT,4,2357,Xây dựng
L61,Công ty Cổ phần Lilama 69-1,CT,1,2000,Công nghiệp
L61,Công ty Cổ phần Lilama 69-1,CT,2,2700,Hàng & Dịch vụ Công nghiệp
L61,Công ty Cổ phần Lilama 69-1,CT,3,2750,Công nghiệp nặng
L61,Công ty Cổ phần Lilama 69-1,CT,4,2757,Máy công nghiệp
L62,Công ty Cổ phần Lilama 69 - 2,CT,1,2000,Công nghiệp
L62,Công ty Cổ phần Lilama 69 - 2,CT,2,2700,Hàng & Dịch vụ Công nghiệp
L62,Công ty Cổ phần Lilama 69 - 2,CT,3,2750,Công nghiệp nặng
L62,Công ty Cổ phần Lilama 69 - 2,CT,4,2757,Máy công nghiệp
L63,Công ty Cổ phần Lilama 69-3,CT,1,2000,Công nghiệp
L63,Công ty Cổ phần Lilama 69-3,CT,2,2700,Hàng & Dịch vụ Công nghiệp
L63,Công ty Cổ phần Lilama 69-3,CT,3,2750,Công nghiệp nặng
L63,Công ty Cổ phần Lilama 69-3,CT,4,2757,Máy công nghiệp
LAF,Công ty Cổ phần Chế biến Hàng Xuất khẩu Long An,CT,1,3000,Hàng Tiêu dùng
LAF,Công ty Cổ phần Chế biến Hàng Xuất khẩu Long An,CT,2,3500,Thực phẩm và đồ uống
LAF,Công ty Cổ phần Chế biến Hàng Xuất khẩu Long An,CT,3,3570,Sản xuất thực phẩm
LAF,Công ty Cổ phần Chế biến Hàng Xuất khẩu Long An,CT,4,3577,Thực phẩm
LAI,Công ty Cổ phần Đầu tư Xây dựng Long An IDICO,CT,1,2000,Công nghiệp
LAI,Công ty Cổ phần Đầu tư Xây dựng Long An IDICO,CT,2,2300,Xây dựng và Vật liệu
LAI,Công ty Cổ phần Đầu tư Xây dựng Long An IDICO,CT,3,2350,Xây dựng và Vật liệu
LAI,Công ty Cổ phần Đầu tư Xây dựng Long An IDICO,CT,4,2357,Xây dựng
LAS,Công ty Cổ phần Supe Phốt phát và Hóa chất Lâm Thao,CT,1,1000,Nguyên vật liệu
LAS,Công ty Cổ phần Supe Phốt phát và Hóa chất Lâm Thao,CT,2,1300,Hóa chất
LAS,Công ty Cổ phần Supe Phốt phát và Hóa chất Lâm Thao,CT,3,1350,Hóa chất
LAS,Công ty Cổ phần Supe Phốt phát và Hóa chất Lâm Thao,CT,4,1357,"Sản phẩm hóa dầu, Nông dược & Hóa chất khác"
LAW,Công ty Cổ phần Cấp thoát nước Long An,CT,1,7000,Tiện ích Cộng đồng
LAW,Công ty Cổ phần Cấp thoát nước Long An,CT,2,7500,"Điện, nước & xăng dầu khí đốt"
LAW,Công ty Cổ phần Cấp thoát nước Long An,CT,3,7570,Nước & Khí đốt
LAW,Công ty Cổ phần Cấp thoát nước Long An,CT,4,7577,Nước
LBC,Công ty Cổ phần Thương mại - Đầu tư Long Biên,CT,1,5000,Dịch vụ Tiêu dùng
LBC,Công ty Cổ phần Thương mại - Đầu tư Long Biên,CT,2,5300,Bán lẻ
LBC,Công ty Cổ phần Thương mại - Đầu tư Long Biên,CT,3,5370,Bán lẻ
LBC,Công ty Cổ phần Thương mại - Đầu tư Long Biên,CT,4,5373,Bán lẻ phức hợp
LBE,Công ty Cổ phần Thương mại và Dịch vụ LVA,CT,1,3000,Hàng Tiêu dùng
LBE,Công ty Cổ phần Thương mại và Dịch vụ LVA,CT,2,3700,Hàng cá nhân & Gia dụng
LBE,Công ty Cổ phần Thương mại và Dịch vụ LVA,CT,3,3760,Hàng cá nhân
LBE,Công ty Cổ phần Thương mại và Dịch vụ LVA,CT,4,3767,Hàng cá nhân
LBM,Công ty Cổ phần Khoáng sản và Vật liệu xây dựng Lâm Đồng,CT,1,2000,Công nghiệp
LBM,Công ty Cổ phần Khoáng sản và Vật liệu xây dựng Lâm Đồng,CT,2,2300,Xây dựng và Vật liệu
LBM,Công ty Cổ phần Khoáng sản và Vật liệu xây dựng Lâm Đồng,CT,3,2350,Xây dựng và Vật liệu
LBM,Công ty Cổ phần Khoáng sản và Vật liệu xây dựng Lâm Đồng,CT,4,2353,Vật liệu xây dựng & Nội thất
LCC,Công ty Cổ phần Xi măng Hồng Phong,CT,1,2000,Công nghiệp
LCC,Công ty Cổ phần Xi măng Hồng Phong,CT,2,2300,Xây dựng và Vật liệu
LCC,Công ty Cổ phần Xi măng Hồng Phong,CT,3,2350,Xây dựng và Vật liệu
LCC,Công ty Cổ phần Xi măng Hồng Phong,CT,4,2353,Vật liệu xây dựng & Nội thất
LCD,Công ty Cổ phần Lắp máy - Thí nghiệm cơ điện,CT,1,2000,Công nghiệp
LCD,Công ty Cổ phần Lắp máy - Thí nghiệm cơ điện,CT,2,2300,Xây dựng và Vật liệu
LCD,Công ty Cổ phần Lắp máy - Thí nghiệm cơ điện,CT,3,2350,Xây dựng và Vật liệu
LCD,Công ty Cổ phần Lắp máy - Thí nghiệm cơ điện,CT,4,2357,Xây dựng
LCG,Công ty Cổ phần Lizen,CT,1,2000,Công nghiệp
LCG,Công ty Cổ phần Lizen,CT,2,2300,Xây dựng và Vật liệu
LCG,Công ty Cổ phần Lizen,CT,3,2350,Xây dựng và Vật liệu
LCG,Công ty Cổ phần Lizen,CT,4,2357,Xây dựng
LCM,Công ty Cổ phần Khai thác và Chế biến Khoáng sản Lào Cai,CT,1,1000,Nguyên vật liệu
LCM,Công ty Cổ phần Khai thác và Chế biến Khoáng sản Lào Cai,CT,2,1700,Tài nguyên Cơ bản
LCM,Công ty Cổ phần Khai thác và Chế biến Khoáng sản Lào Cai,CT,3,1770,Khai khoáng
LCM,Công ty Cổ phần Khai thác và Chế biến Khoáng sản Lào Cai,CT,4,1775,Khai khoáng
LCS,Công ty Cổ phần Licogi 16.6,CT,1,2000,Công nghiệp
LCS,Công ty Cổ phần Licogi 16.6,CT,2,2300,Xây dựng và Vật liệu
LCS,Công ty Cổ phần Licogi 16.6,CT,3,2350,Xây dựng và Vật liệu
LCS,Công ty Cổ phần Licogi 16.6,CT,4,2357,Xây dựng
LCW,Công ty Cổ phần Nước sạch Lai Châu,CT,1,7000,Tiện ích Cộng đồng
LCW,Công ty Cổ phần Nước sạch Lai Châu,CT,2,7500,"Điện, nước & xăng dầu khí đốt"
LCW,Công ty Cổ phần Nước sạch Lai Châu,CT,3,7570,Nước & Khí đốt
LCW,Công ty Cổ phần Nước sạch Lai Châu,CT,4,7577,Nước
LDG,Công ty Cổ phần Đầu tư LDG,CT,1,8000,Tài chính
LDG,Công ty Cổ phần Đầu tư LDG,CT,2,8600,Bất động sản
LDG,Công ty Cổ phần Đầu tư LDG,CT,3,8630,Bất động sản
LDG,Công ty Cổ phần Đầu tư LDG,CT,4,8633,Bất động sản
LDP,Công ty Cổ phần Dược Lâm Đồng - Ladophar,CT,1,4000,Dược phẩm và Y tế
LDP,Công ty Cổ phần Dược Lâm Đồng - Ladophar,CT,2,4500,Y tế
LDP,Công ty Cổ phần Dược Lâm Đồng - Ladophar,CT,3,4570,Dược phẩm
LDP,Công ty Cổ phần Dược Lâm Đồng - Ladophar,CT,4,4577,Dược phẩm
LDU,Công ty Cổ phần Dịch vụ và Đầu tư Phát triển Đô thị huyện Long Điền,CT,1,2000,Công nghiệp
LDU,Công ty Cổ phần Dịch vụ và Đầu tư Phát triển Đô thị huyện Long Điền,CT,2,2300,Xây dựng và Vật liệu
LDU,Công ty Cổ phần Dịch vụ và Đầu tư Phát triển Đô thị huyện Long Điền,CT,3,2350,Xây dựng và Vật liệu
LDU,Công ty Cổ phần Dịch vụ và Đầu tư Phát triển Đô thị huyện Long Điền,CT,4,2357,Xây dựng
LDW,Công ty Cổ phần Cấp thoát nước Lâm Đồng,CT,1,7000,Tiện ích Cộng đồng
LDW,Công ty Cổ phần Cấp thoát nước Lâm Đồng,CT,2,7500,"Điện, nước & xăng dầu khí đốt"
LDW,Công ty Cổ phần Cấp thoát nước Lâm Đồng,CT,3,7570,Nước & Khí đốt
LDW,Công ty Cổ phần Cấp thoát nước Lâm Đồng,CT,4,7577,Nước
LEC,Công ty Cổ phần Bất động sản Điện lực Miền Trung,CT,1,8000,Tài chính
LEC,Công ty Cổ phần Bất động sản Điện lực Miền Trung,CT,2,8600,Bất động sản
LEC,Công ty Cổ phần Bất động sản Điện lực Miền Trung,CT,3,8630,Bất động sản
LEC,Công ty Cổ phần Bất động sản Điện lực Miền Trung,CT,4,8633,Bất động sản
LG9,Công ty Cổ phần Cơ giới và Xây lắp số 9,CT,1,2000,Công nghiệp
LG9,Công ty Cổ phần Cơ giới và Xây lắp số 9,CT,2,2300,Xây dựng và Vật liệu
LG9,Công ty Cổ phần Cơ giới và Xây lắp số 9,CT,3,2350,Xây dựng và Vật liệu
LG9,Công ty Cổ phần Cơ giới và Xây lắp số 9,CT,4,2357,Xây dựng
LGC,Công ty Cổ phần Đầu tư Cầu đường CII,CT,1,2000,Công nghiệp
LGC,Công ty Cổ phần Đầu tư Cầu đường CII,CT,2,2300,Xây dựng và Vật liệu
LGC,Công ty Cổ phần Đầu tư Cầu đường CII,CT,3,2350,Xây dựng và Vật liệu
LGC,Công ty Cổ phần Đầu tư Cầu đường CII,CT,4,2357,Xây dựng
LGL,Công ty Cổ phần Đầu tư và Phát triển Đô thị Long Giang,CT,1,8000,Tài chính
LGL,Công ty Cổ phần Đầu tư và Phát triển Đô thị Long Giang,CT,2,8600,Bất động sản
LGL,Công ty Cổ phần Đầu tư và Phát triển Đô thị Long Giang,CT,3,8630,Bất động sản
LGL,Công ty Cổ phần Đầu tư và Phát triển Đô thị Long Giang,CT,4,8633,Bất động sản
LGM,Công ty Cổ phần Giày da và May mặc Xuất khẩu (Legamex),CT,1,3000,Hàng Tiêu dùng
LGM,Công ty Cổ phần Giày da và May mặc Xuất khẩu (Legamex),CT,2,3700,Hàng cá nhân & Gia dụng
LGM,Công ty Cổ phần Giày da và May mặc Xuất khẩu (Legamex),CT,3,3760,Hàng cá nhân
LGM,Công ty Cổ phần Giày da và May mặc Xuất khẩu (Legamex),CT,4,3763,Hàng May mặc
LHC,Công ty Cổ phần Đầu tư và Xây dựng Thủy lợi Lâm Đồng,CT,1,2000,Công nghiệp
LHC,Công ty Cổ phần Đầu tư và Xây dựng Thủy lợi Lâm Đồng,CT,2,2300,Xây dựng và Vật liệu
LHC,Công ty Cổ phần Đầu tư và Xây dựng Thủy lợi Lâm Đồng,CT,3,2350,Xây dựng và Vật liệu
LHC,Công ty Cổ phần Đầu tư và Xây dựng Thủy lợi Lâm Đồng,CT,4,2357,Xây dựng
LHCDF,Quỹ Đầu tư Năng động Lighthouse,QU,1,8000,Tài chính
LHCDF,Quỹ Đầu tư Năng động Lighthouse,QU,2,8700,Dịch vụ tài chính
LHCDF,Quỹ Đầu tư Năng động Lighthouse,QU,3,8980,Quỹ đầu tư
LHCDF,Quỹ Đầu tư Năng động Lighthouse,QU,4,8985,Quỹ đầu tư
LHFCF,Quỹ Đầu tư Trái phiếu Dòng tiền Linh hoạt Lighthouse,QU,1,8000,Tài chính
LHFCF,Quỹ Đầu tư Trái phiếu Dòng tiền Linh hoạt Lighthouse,QU,2,8700,Dịch vụ tài chính
LHFCF,Quỹ Đầu tư Trái phiếu Dòng tiền Linh hoạt Lighthouse,QU,3,8980,Quỹ đầu tư
LHFCF,Quỹ Đầu tư Trái phiếu Dòng tiền Linh hoạt Lighthouse,QU,4,8985,Quỹ đầu tư
LHG,Công ty Cổ phần Long Hậu,CT,1,8000,Tài chính
LHG,Công ty Cổ phần Long Hậu,CT,2,8600,Bất động sản
LHG,Công ty Cổ phần Long Hậu,CT,3,8630,Bất động sản
LHG,Công ty Cổ phần Long Hậu,CT,4,8633,Bất động sản
LIC,Tổng Công ty LICOGI - Công ty Cổ phần,CT,1,2000,Công nghiệp
LIC,Tổng Công ty LICOGI - Công ty Cổ phần,CT,2,2300,Xây dựng và Vật liệu
LIC,Tổng Công ty LICOGI - Công ty Cổ phần,CT,3,2350,Xây dựng và Vật liệu
LIC,Tổng Công ty LICOGI - Công ty Cổ phần,CT,4,2353,Vật liệu xây dựng & Nội thất
LIG,Công ty Cổ phần Licogi 13,CT,1,2000,Công nghiệp
LIG,Công ty Cổ phần Licogi 13,CT,2,2300,Xây dựng và Vật liệu
LIG,Công ty Cổ phần Licogi 13,CT,3,2350,Xây dựng và Vật liệu
LIG,Công ty Cổ phần Licogi 13,CT,4,2357,Xây dựng
LIX,Công ty Cổ phần Bột Giặt LIX,CT,1,3000,Hàng Tiêu dùng
LIX,Công ty Cổ phần Bột Giặt LIX,CT,2,3700,Hàng cá nhân & Gia dụng
LIX,Công ty Cổ phần Bột Giặt LIX,CT,3,3760,Hàng cá nhân
LIX,Công ty Cổ phần Bột Giặt LIX,CT,4,3767,Hàng cá nhân
LKW,Công ty Cổ phần Cấp nước Long Khánh,CT,1,7000,Tiện ích Cộng đồng
LKW,Công ty Cổ phần Cấp nước Long Khánh,CT,2,7500,"Điện, nước & xăng dầu khí đốt"
LKW,Công ty Cổ phần Cấp nước Long Khánh,CT,3,7570,Nước & Khí đốt
LKW,Công ty Cổ phần Cấp nước Long Khánh,CT,4,7577,Nước
LLM,Tổng Công ty lắp máy Việt Nam - Công ty Cổ phần,CT,1,2000,Công nghiệp
LLM,Tổng Công ty lắp máy Việt Nam - Công ty Cổ phần,CT,2,2700,Hàng & Dịch vụ Công nghiệp
LLM,Tổng Công ty lắp máy Việt Nam - Công ty Cổ phần,CT,3,2750,Công nghiệp nặng
LLM,Tổng Công ty lắp máy Việt Nam - Công ty Cổ phần,CT,4,2757,Máy công nghiệp
LM3,Công ty Cổ phần Lilama 3,CT,1,2000,Công nghiệp
LM3,Công ty Cổ phần Lilama 3,CT,2,2300,Xây dựng và Vật liệu
LM3,Công ty Cổ phần Lilama 3,CT,3,2350,Xây dựng và Vật liệu
LM3,Công ty Cổ phần Lilama 3,CT,4,2357,Xây dựng
LM7,Công ty Cổ phần Lilama 7,CT,1,2000,Công nghiệp
LM7,Công ty Cổ phần Lilama 7,CT,2,2700,Hàng & Dịch vụ Công nghiệp
LM7,Công ty Cổ phần Lilama 7,CT,3,2750,Công nghiệp nặng
LM7,Công ty Cổ phần Lilama 7,CT,4,2757,Máy công nghiệp
LM8,Công ty Cổ phần Lilama 18,CT,1,2000,Công nghiệp
LM8,Công ty Cổ phần Lilama 18,CT,2,2300,Xây dựng và Vật liệu
LM8,Công ty Cổ phần Lilama 18,CT,3,2350,Xây dựng và Vật liệu
LM8,Công ty Cổ phần Lilama 18,CT,4,2357,Xây dựng
LMC,Công ty Cổ phần LUMI Holdings,CT,1,1000,Nguyên vật liệu
LMC,Công ty Cổ phần LUMI Holdings,CT,2,1700,Tài nguyên Cơ bản
LMC,Công ty Cổ phần LUMI Holdings,CT,3,1770,Khai khoáng
LMC,Công ty Cổ phần LUMI Holdings,CT,4,1775,Khai khoáng
LMH,Công ty Cổ phần Quốc Tế Holding,CT,1,8000,Tài chính
LMH,Công ty Cổ phần Quốc Tế Holding,CT,2,8600,Bất động sản
LMH,Công ty Cổ phần Quốc Tế Holding,CT,3,8630,Bất động sản
LMH,Công ty Cổ phần Quốc Tế Holding,CT,4,8633,Bất động sản
LMI,Công ty Cổ phần Đầu tư Xây dựng Lắp máy IDICO,CT,1,2000,Công nghiệp
LMI,Công ty Cổ phần Đầu tư Xây dựng Lắp máy IDICO,CT,2,2700,Hàng & Dịch vụ Công nghiệp
LMI,Công ty Cổ phần Đầu tư Xây dựng Lắp máy IDICO,CT,3,2750,Công nghiệp nặng
LMI,Công ty Cổ phần Đầu tư Xây dựng Lắp máy IDICO,CT,4,2757,Máy công nghiệp
LNC,Công ty Cổ phần Lệ Ninh,CT,1,1000,Nguyên vật liệu
LNC,Công ty Cổ phần Lệ Ninh,CT,2,1300,Hóa chất
LNC,Công ty Cổ phần Lệ Ninh,CT,3,1350,Hóa chất
LNC,Công ty Cổ phần Lệ Ninh,CT,4,1353,"Nhựa, cao su & sợi"
LO5,Công ty Cổ phần Lilama 5,CT,1,2000,Công nghiệp
LO5,Công ty Cổ phần Lilama 5,CT,2,2700,Hàng & Dịch vụ Công nghiệp
LO5,Công ty Cổ phần Lilama 5,CT,3,2750,Công nghiệp nặng
LO5,Công ty Cổ phần Lilama 5,CT,4,2757,Máy công nghiệp
LPB,Ngân hàng Thương mại Cổ phần Lộc Phát Việt Nam,NH,1,8301,Ngân hàng
LPB,Ngân hàng Thương mại Cổ phần Lộc Phát Việt Nam,NH,2,8300,Ngân hàng
LPB,Ngân hàng Thương mại Cổ phần Lộc Phát Việt Nam,NH,3,8350,Ngân hàng
LPB,Ngân hàng Thương mại Cổ phần Lộc Phát Việt Nam,NH,4,8355,Ngân hàng
LPLF,Quỹ Đầu tư Doanh nghiệp dẫn đầu LP,QU,1,8000,Tài chính
LPLF,Quỹ Đầu tư Doanh nghiệp dẫn đầu LP,QU,2,8700,Dịch vụ tài chính
LPLF,Quỹ Đầu tư Doanh nghiệp dẫn đầu LP,QU,3,8980,Quỹ đầu tư
LPLF,Quỹ Đầu tư Doanh nghiệp dẫn đầu LP,QU,4,8985,Quỹ đầu tư
LPS,Công ty Cổ phần Chứng khoán LPBank,CK,1,8000,Tài chính
LPS,Công ty Cổ phần Chứng khoán LPBank,CK,2,8700,Dịch vụ tài chính
LPS,Công ty Cổ phần Chứng khoán LPBank,CK,3,8770,Dịch vụ tài chính
LPS,Công ty Cổ phần Chứng khoán LPBank,CK,4,8777,Môi giới chứng khoán
LPT,Công ty Cổ phần Thương mại và Sản xuất Lập Phương Thành,CT,1,2000,Công nghiệp
LPT,Công ty Cổ phần Thương mại và Sản xuất Lập Phương Thành,CT,2,2700,Hàng & Dịch vụ Công nghiệp
LPT,Công ty Cổ phần Thương mại và Sản xuất Lập Phương Thành,CT,3,2790,Tư vấn & Hỗ trợ Kinh doanh
LPT,Công ty Cổ phần Thương mại và Sản xuất Lập Phương Thành,CT,4,2793,Đào tạo & Việc làm
LQN,Công ty Cổ phần Licogi Quảng Ngãi,CT,1,2000,Công nghiệp
LQN,Công ty Cổ phần Licogi Quảng Ngãi,CT,2,2300,Xây dựng và Vật liệu
LQN,Công ty Cổ phần Licogi Quảng Ngãi,CT,3,2350,Xây dựng và Vật liệu
LQN,Công ty Cổ phần Licogi Quảng Ngãi,CT,4,2357,Xây dựng
LSG,Công ty Cổ phần Bất động sản Sài Gòn Vi na,CT,1,8000,Tài chính
LSG,Công ty Cổ phần Bất động sản Sài Gòn Vi na,CT,2,8600,Bất động sản
LSG,Công ty Cổ phần Bất động sản Sài Gòn Vi na,CT,3,8630,Bất động sản
LSG,Công ty Cổ phần Bất động sản Sài Gòn Vi na,CT,4,8633,Bất động sản
LSS,Công ty Cổ phần Mía đường Lam Sơn,CT,1,3000,Hàng Tiêu dùng
LSS,Công ty Cổ phần Mía đường Lam Sơn,CT,2,3500,Thực phẩm và đồ uống
LSS,Công ty Cổ phần Mía đường Lam Sơn,CT,3,3570,Sản xuất thực phẩm
LSS,Công ty Cổ phần Mía đường Lam Sơn,CT,4,3577,Thực phẩm
LTC,Công ty Cổ phần Điện nhẹ Viễn Thông,CT,1,9000,Công nghệ Thông tin
LTC,Công ty Cổ phần Điện nhẹ Viễn Thông,CT,2,9500,Công nghệ Thông tin
LTC,Công ty Cổ phần Điện nhẹ Viễn Thông,CT,3,9570,Thiết bị và Phần cứng
LTC,Công ty Cổ phần Điện nhẹ Viễn Thông,CT,4,9572,Phần cứng
LTG,Công ty Cổ phần Tập đoàn Lộc Trời,CT,1,3000,Hàng Tiêu dùng
LTG,Công ty Cổ phần Tập đoàn Lộc Trời,CT,2,3500,Thực phẩm và đồ uống
LTG,Công ty Cổ phần Tập đoàn Lộc Trời,CT,3,3570,Sản xuất thực phẩm
LTG,Công ty Cổ phần Tập đoàn Lộc Trời,CT,4,3573,Nuôi trồng nông & hải sản
LTQ,Công ty TNHH MTV Lâm nghiệp Nguyễn Văn Trỗi,CT,1,1000,Nguyên vật liệu
LTQ,Công ty TNHH MTV Lâm nghiệp Nguyễn Văn Trỗi,CT,2,1700,Tài nguyên Cơ bản
LTQ,Công ty TNHH MTV Lâm nghiệp Nguyễn Văn Trỗi,CT,3,1730,Lâm nghiệp và Giấy
LTQ,Công ty TNHH MTV Lâm nghiệp Nguyễn Văn Trỗi,CT,4,1733,Lâm sản và Chế biến gỗ
LUT,Công ty Cổ phần Đầu tư Xây dựng Lương Tài,CT,1,2000,Công nghiệp
LUT,Công ty Cổ phần Đầu tư Xây dựng Lương Tài,CT,2,2300,Xây dựng và Vật liệu
LUT,Công ty Cổ phần Đầu tư Xây dựng Lương Tài,CT,3,2350,Xây dựng và Vật liệu
LUT,Công ty Cổ phần Đầu tư Xây dựng Lương Tài,CT,4,2357,Xây dựng
LVF,Lumen Vietnam Fund,QU,1,8000,Tài chính
LVF,Lumen Vietnam Fund,QU,2,8700,Dịch vụ tài chính
LVF,Lumen Vietnam Fund,QU,3,8980,Quỹ đầu tư
LVF,Lumen Vietnam Fund,QU,4,8985,Quỹ đầu tư
LWS,Công ty Cổ phần Cấp nước Tỉnh Lào Cai,CT,1,7000,Tiện ích Cộng đồng
LWS,Công ty Cổ phần Cấp nước Tỉnh Lào Cai,CT,2,7500,"Điện, nước & xăng dầu khí đốt"
LWS,Công ty Cổ phần Cấp nước Tỉnh Lào Cai,CT,3,7570,Nước & Khí đốt
LWS,Công ty Cổ phần Cấp nước Tỉnh Lào Cai,CT,4,7577,Nước
LYF,Công ty Cổ phần Lương Thực Lương Yên,CT,1,3000,Hàng Tiêu dùng
LYF,Công ty Cổ phần Lương Thực Lương Yên,CT,2,3500,Thực phẩm và đồ uống
LYF,Công ty Cổ phần Lương Thực Lương Yên,CT,3,3570,Sản xuất thực phẩm
LYF,Công ty Cổ phần Lương Thực Lương Yên,CT,4,3577,Thực phẩm
M10,Tổng công ty May 10 - Công ty Cổ phần,CT,1,3000,Hàng Tiêu dùng
M10,Tổng công ty May 10 - Công ty Cổ phần,CT,2,3700,Hàng cá nhân & Gia dụng
M10,Tổng công ty May 10 - Công ty Cổ phần,CT,3,3760,Hàng cá nhân
M10,Tổng công ty May 10 - Công ty Cổ phần,CT,4,3763,Hàng May mặc
MA1,Công ty Cổ phần Thiết bị,CT,1,8000,Tài chính
MA1,Công ty Cổ phần Thiết bị,CT,2,8600,Bất động sản
MA1,Công ty Cổ phần Thiết bị,CT,3,8630,Bất động sản
MA1,Công ty Cổ phần Thiết bị,CT,4,8633,Bất động sản
MAC,Công ty Cổ phần Tập đoàn Macstar,CT,1,2000,Công nghiệp
MAC,Công ty Cổ phần Tập đoàn Macstar,CT,2,2700,Hàng & Dịch vụ Công nghiệp
MAC,Công ty Cổ phần Tập đoàn Macstar,CT,3,2750,Công nghiệp nặng
MAC,Công ty Cổ phần Tập đoàn Macstar,CT,4,2753,Xe tải & Đóng tàu
MAFBAL,Quỹ Đầu tư Cân bằng Manulife,QU,1,8000,Tài chính
MAFBAL,Quỹ Đầu tư Cân bằng Manulife,QU,2,8700,Dịch vụ tài chính
MAFBAL,Quỹ Đầu tư Cân bằng Manulife,QU,3,8980,Quỹ đầu tư
MAFBAL,Quỹ Đầu tư Cân bằng Manulife,QU,4,8985,Quỹ đầu tư
MAFPF1,Quỹ Đầu tư Tăng trưởng Manulife,QU,1,8000,Tài chính
MAFPF1,Quỹ Đầu tư Tăng trưởng Manulife,QU,2,8700,Dịch vụ tài chính
MAFPF1,Quỹ Đầu tư Tăng trưởng Manulife,QU,3,8980,Quỹ đầu tư
MAFPF1,Quỹ Đầu tư Tăng trưởng Manulife,QU,4,8985,Quỹ đầu tư
MAGEF,Quỹ Đầu tư Cổ phiếu Tăng trưởng Mirae Asset Việt Nam,QU,1,8000,Tài chính
MAGEF,Quỹ Đầu tư Cổ phiếu Tăng trưởng Mirae Asset Việt Nam,QU,2,8700,Dịch vụ tài chính
MAGEF,Quỹ Đầu tư Cổ phiếu Tăng trưởng Mirae Asset Việt Nam,QU,3,8980,Quỹ đầu tư
MAGEF,Quỹ Đầu tư Cổ phiếu Tăng trưởng Mirae Asset Việt Nam,QU,4,8985,Quỹ đầu tư
MAS,Công ty cổ phần Dịch vụ Hàng Không Sân Bay Đà Nẵng,CT,1,5000,Dịch vụ Tiêu dùng
MAS,Công ty cổ phần Dịch vụ Hàng Không Sân Bay Đà Nẵng,CT,2,5700,Du lịch và Giải trí
MAS,Công ty cổ phần Dịch vụ Hàng Không Sân Bay Đà Nẵng,CT,3,5750,Du lịch & Giải trí
MAS,Công ty cổ phần Dịch vụ Hàng Không Sân Bay Đà Nẵng,CT,4,5759,Vận tải hành khách & Du lịch
MBB,Ngân hàng Thương mại Cổ phần Quân đội,NH,1,8301,Ngân hàng
MBB,Ngân hàng Thương mại Cổ phần Quân đội,NH,2,8300,Ngân hàng
MBB,Ngân hàng Thương mại Cổ phần Quân đội,NH,3,8350,Ngân hàng
MBB,Ngân hàng Thương mại Cổ phần Quân đội,NH,4,8355,Ngân hàng
MBG,Công ty Cổ phần Tập đoàn MBG,CT,1,2000,Công nghiệp
MBG,Công ty Cổ phần Tập đoàn MBG,CT,2,2300,Xây dựng và Vật liệu
MBG,Công ty Cổ phần Tập đoàn MBG,CT,3,2350,Xây dựng và Vật liệu
MBG,Công ty Cổ phần Tập đoàn MBG,CT,4,2353,Vật liệu xây dựng & Nội thất
MBN,Công ty Cổ phần Môi trường và Công trình đô thị Bắc Ninh,CT,1,2000,Công nghiệp
MBN,Công ty Cổ phần Môi trường và Công trình đô thị Bắc Ninh,CT,2,2700,Hàng & Dịch vụ Công nghiệp
MBN,Công ty Cổ phần Môi trường và Công trình đô thị Bắc Ninh,CT,3,2790,Tư vấn & Hỗ trợ Kinh doanh
MBN,Công ty Cổ phần Môi trường và Công trình đô thị Bắc Ninh,CT,4,2799,Chất thải & Môi trường
MBS,Công ty Cổ phần Chứng khoán MB,CK,1,8000,Tài chính
MBS,Công ty Cổ phần Chứng khoán MB,CK,2,8700,Dịch vụ tài chính
MBS,Công ty Cổ phần Chứng khoán MB,CK,3,8770,Dịch vụ tài chính
MBS,Công ty Cổ phần Chứng khoán MB,CK,4,8777,Môi giới chứng khoán
MBT,Công ty Cổ phần Bất động sản cho thuê Minh Bảo Tín,CT,1,8000,Tài chính
MBT,Công ty Cổ phần Bất động sản cho thuê Minh Bảo Tín,CT,2,8600,Bất động sản
MBT,Công ty Cổ phần Bất động sản cho thuê Minh Bảo Tín,CT,3,8630,Bất động sản
MBT,Công ty Cổ phần Bất động sản cho thuê Minh Bảo Tín,CT,4,8633,Bất động sản
MC3,Công ty Cổ phần Khoáng Sản 3 - Vimico,CT,1,1000,Nguyên vật liệu
MC3,Công ty Cổ phần Khoáng Sản 3 - Vimico,CT,2,1700,Tài nguyên Cơ bản
MC3,Công ty Cổ phần Khoáng Sản 3 - Vimico,CT,3,1770,Khai khoáng
MC3,Công ty Cổ phần Khoáng Sản 3 - Vimico,CT,4,1775,Khai khoáng
MCC,Công ty Cổ phần Gạch ngói cao cấp,CT,1,2000,Công nghiệp
MCC,Công ty Cổ phần Gạch ngói cao cấp,CT,2,2300,Xây dựng và Vật liệu
MCC,Công ty Cổ phần Gạch ngói cao cấp,CT,3,2350,Xây dựng và Vật liệu
MCC,Công ty Cổ phần Gạch ngói cao cấp,CT,4,2353,Vật liệu xây dựng & Nội thất
MCD,Công ty Cổ phần Môi trường và Công trình Đô thị Đông Hà,CT,1,2000,Công nghiệp
MCD,Công ty Cổ phần Môi trường và Công trình Đô thị Đông Hà,CT,2,2700,Hàng & Dịch vụ Công nghiệp
MCD,Công ty Cổ phần Môi trường và Công trình Đô thị Đông Hà,CT,3,2790,Tư vấn & Hỗ trợ Kinh doanh
MCD,Công ty Cổ phần Môi trường và Công trình Đô thị Đông Hà,CT,4,2799,Chất thải & Môi trường
MCF,Công ty Cổ phần Xây lắp Cơ khí và Lương thực Thực phẩm,CT,1,3000,Hàng Tiêu dùng
MCF,Công ty Cổ phần Xây lắp Cơ khí và Lương thực Thực phẩm,CT,2,3500,Thực phẩm và đồ uống
MCF,Công ty Cổ phần Xây lắp Cơ khí và Lương thực Thực phẩm,CT,3,3570,Sản xuất thực phẩm
MCF,Công ty Cổ phần Xây lắp Cơ khí và Lương thực Thực phẩm,CT,4,3577,Thực phẩm
MCG,Công ty Cổ phần Năng lượng và Bất động sản MCG,CT,1,2000,Công nghiệp
MCG,Công ty Cổ phần Năng lượng và Bất động sản MCG,CT,2,2300,Xây dựng và Vật liệu
MCG,Công ty Cổ phần Năng lượng và Bất động sản MCG,CT,3,2350,Xây dựng và Vật liệu
MCG,Công ty Cổ phần Năng lượng và Bất động sản MCG,CT,4,2357,Xây dựng
MCH,Công ty Cổ phần Hàng Tiêu Dùng MaSan,CT,1,3000,Hàng Tiêu dùng
MCH,Công ty Cổ phần Hàng Tiêu Dùng MaSan,CT,2,3500,Thực phẩm và đồ uống
MCH,Công ty Cổ phần Hàng Tiêu Dùng MaSan,CT,3,3570,Sản xuất thực phẩm
MCH,Công ty Cổ phần Hàng Tiêu Dùng MaSan,CT,4,3577,Thực phẩm
MCI,Công ty Cổ phần Đầu tư Xây dựng và Phát triển Vật liệu IDICO,CT,1,2000,Công nghiệp
MCI,Công ty Cổ phần Đầu tư Xây dựng và Phát triển Vật liệu IDICO,CT,2,2300,Xây dựng và Vật liệu
MCI,Công ty Cổ phần Đầu tư Xây dựng và Phát triển Vật liệu IDICO,CT,3,2350,Xây dựng và Vật liệu
MCI,Công ty Cổ phần Đầu tư Xây dựng và Phát triển Vật liệu IDICO,CT,4,2353,Vật liệu xây dựng & Nội thất
MCM,Công ty Cổ phần Giống bò sữa Mộc Châu,CT,1,3000,Hàng Tiêu dùng
MCM,Công ty Cổ phần Giống bò sữa Mộc Châu,CT,2,3500,Thực phẩm và đồ uống
MCM,Công ty Cổ phần Giống bò sữa Mộc Châu,CT,3,3570,Sản xuất thực phẩm
MCM,Công ty Cổ phần Giống bò sữa Mộc Châu,CT,4,3577,Thực phẩm
MCO,Công ty Cổ phần Đầu tư và Xây dựng BDC Việt Nam,CT,1,2000,Công nghiệp
MCO,Công ty Cổ phần Đầu tư và Xây dựng BDC Việt Nam,CT,2,2300,Xây dựng và Vật liệu
MCO,Công ty Cổ phần Đầu tư và Xây dựng BDC Việt Nam,CT,3,2350,Xây dựng và Vật liệu
MCO,Công ty Cổ phần Đầu tư và Xây dựng BDC Việt Nam,CT,4,2357,Xây dựng
MCP,Công ty Cổ phần In và Bao bì Mỹ Châu,CT,1,2000,Công nghiệp
MCP,Công ty Cổ phần In và Bao bì Mỹ Châu,CT,2,2700,Hàng & Dịch vụ Công nghiệp
MCP,Công ty Cổ phần In và Bao bì Mỹ Châu,CT,3,2720,Hàng công nghiệp
MCP,Công ty Cổ phần In và Bao bì Mỹ Châu,CT,4,2723,Containers & Đóng gói
MCT,Công ty Cổ phần Kinh doanh Vật tư và Xây dựng,CT,1,2000,Công nghiệp
MCT,Công ty Cổ phần Kinh doanh Vật tư và Xây dựng,CT,2,2300,Xây dựng và Vật liệu
MCT,Công ty Cổ phần Kinh doanh Vật tư và Xây dựng,CT,3,2350,Xây dựng và Vật liệu
MCT,Công ty Cổ phần Kinh doanh Vật tư và Xây dựng,CT,4,2353,Vật liệu xây dựng & Nội thất
MDA,Công ty Cổ phần Môi trường Đô thị Đông Anh,CT,1,2000,Công nghiệp
MDA,Công ty Cổ phần Môi trường Đô thị Đông Anh,CT,2,2700,Hàng & Dịch vụ Công nghiệp
MDA,Công ty Cổ phần Môi trường Đô thị Đông Anh,CT,3,2790,Tư vấn & Hỗ trợ Kinh doanh
MDA,Công ty Cổ phần Môi trường Đô thị Đông Anh,CT,4,2799,Chất thải & Môi trường
MDC,Công ty Cổ phần Than Mông Dương - Vinacomin,CT,1,1000,Nguyên vật liệu
MDC,Công ty Cổ phần Than Mông Dương - Vinacomin,CT,2,1700,Tài nguyên Cơ bản
MDC,Công ty Cổ phần Than Mông Dương - Vinacomin,CT,3,1770,Khai khoáng
MDC,Công ty Cổ phần Than Mông Dương - Vinacomin,CT,4,1771,Khai thác Than
MDD,Công ty Cổ phần Mai Động,CT,1,2000,Công nghiệp
MDD,Công ty Cổ phần Mai Động,CT,2,2700,Hàng & Dịch vụ Công nghiệp
MDD,Công ty Cổ phần Mai Động,CT,3,2750,Công nghiệp nặng
MDD,Công ty Cổ phần Mai Động,CT,4,2757,Máy công nghiệp
MDF,Công ty Cổ phần Gỗ MDF VRG - Quảng Trị,CT,1,1000,Nguyên vật liệu
MDF,Công ty Cổ phần Gỗ MDF VRG - Quảng Trị,CT,2,1700,Tài nguyên Cơ bản
MDF,Công ty Cổ phần Gỗ MDF VRG - Quảng Trị,CT,3,1730,Lâm nghiệp và Giấy
MDF,Công ty Cổ phần Gỗ MDF VRG - Quảng Trị,CT,4,1733,Lâm sản và Chế biến gỗ
MDG,Công ty Cổ phần Miền Đông,CT,1,2000,Công nghiệp
MDG,Công ty Cổ phần Miền Đông,CT,2,2300,Xây dựng và Vật liệu
MDG,Công ty Cổ phần Miền Đông,CT,3,2350,Xây dựng và Vật liệu
MDG,Công ty Cổ phần Miền Đông,CT,4,2353,Vật liệu xây dựng & Nội thất
MDN,Công ty Cổ phần Tổng Công ty May Đồng Nai,CT,1,3000,Hàng Tiêu dùng
MDN,Công ty Cổ phần Tổng Công ty May Đồng Nai,CT,2,3700,Hàng cá nhân & Gia dụng
MDN,Công ty Cổ phần Tổng Công ty May Đồng Nai,CT,3,3760,Hàng cá nhân
MDN,Công ty Cổ phần Tổng Công ty May Đồng Nai,CT,4,3763,Hàng May mặc
MDT,Công ty Cổ Phần Cơ Khí Mỏ Và Đóng Tàu - Tkv,CT,1,2000,Công nghiệp
MDT,Công ty Cổ Phần Cơ Khí Mỏ Và Đóng Tàu - Tkv,CT,2,2700,Hàng & Dịch vụ Công nghiệp
MDT,Công ty Cổ Phần Cơ Khí Mỏ Và Đóng Tàu - Tkv,CT,3,2750,Công nghiệp nặng
MDT,Công ty Cổ Phần Cơ Khí Mỏ Và Đóng Tàu - Tkv,CT,4,2753,Xe tải & Đóng tàu
MEC,Công ty Cổ phần Cơ khí - Lắp máy Sông Đà,CT,1,2000,Công nghiệp
MEC,Công ty Cổ phần Cơ khí - Lắp máy Sông Đà,CT,2,2300,Xây dựng và Vật liệu
MEC,Công ty Cổ phần Cơ khí - Lắp máy Sông Đà,CT,3,2350,Xây dựng và Vật liệu
MEC,Công ty Cổ phần Cơ khí - Lắp máy Sông Đà,CT,4,2357,Xây dựng
MED,Công ty Cổ phần Dược Trung ương Mediplantex,CT,1,4000,Dược phẩm và Y tế
MED,Công ty Cổ phần Dược Trung ương Mediplantex,CT,2,4500,Y tế
MED,Công ty Cổ phần Dược Trung ương Mediplantex,CT,3,4570,Dược phẩm
MED,Công ty Cổ phần Dược Trung ương Mediplantex,CT,4,4577,Dược phẩm
MEF,Công ty Cổ phần MEINFA,CT,1,4000,Dược phẩm và Y tế
MEF,Công ty Cổ phần MEINFA,CT,2,4500,Y tế
MEF,Công ty Cổ phần MEINFA,CT,3,4530,Thiết bị và Dịch vụ Y tế
MEF,Công ty Cổ phần MEINFA,CT,4,4537,Dụng cụ y tế
MEG,Công ty Cổ phần Megram,CT,1,3000,Hàng Tiêu dùng
MEG,Công ty Cổ phần Megram,CT,2,3700,Hàng cá nhân & Gia dụng
MEG,Công ty Cổ phần Megram,CT,3,3720,Hàng gia dụng
MEG,Công ty Cổ phần Megram,CT,4,3726,Thiết bị gia dụng
MEL,Công ty Cổ phần Thép Mê Lin,CT,1,1000,Nguyên vật liệu
MEL,Công ty Cổ phần Thép Mê Lin,CT,2,1700,Tài nguyên Cơ bản
MEL,Công ty Cổ phần Thép Mê Lin,CT,3,1750,Kim loại
MEL,Công ty Cổ phần Thép Mê Lin,CT,4,1757,Thép và sản phẩm thép
MES,Công ty Cổ phần Cơ điện Công trình,CT,1,2000,Công nghiệp
MES,Công ty Cổ phần Cơ điện Công trình,CT,2,2300,Xây dựng và Vật liệu
MES,Công ty Cổ phần Cơ điện Công trình,CT,3,2350,Xây dựng và Vật liệu
MES,Công ty Cổ phần Cơ điện Công trình,CT,4,2357,Xây dựng
MEY,Công ty cổ phần Tập đoàn Meey Land,CT,1,8000,Tài chính
MEY,Công ty cổ phần Tập đoàn Meey Land,CT,2,8600,Bất động sản
MEY,Công ty cổ phần Tập đoàn Meey Land,CT,3,8630,Bất động sản
MEY,Công ty cổ phần Tập đoàn Meey Land,CT,4,8637,"Tư Vấn, Định giá, Môi giới Bất động sản"
MFS,Công ty Cổ phần Dịch vụ kỹ thuật Mobifone,CT,1,6000,Viễn thông
MFS,Công ty Cổ phần Dịch vụ kỹ thuật Mobifone,CT,2,6500,Viễn thông
MFS,Công ty Cổ phần Dịch vụ kỹ thuật Mobifone,CT,3,6570,Viễn thông di động
MFS,Công ty Cổ phần Dịch vụ kỹ thuật Mobifone,CT,4,6575,Viễn thông di động
MGC,Công ty Cổ phần Địa chất mỏ - TKV,CT,1,1000,Nguyên vật liệu
MGC,Công ty Cổ phần Địa chất mỏ - TKV,CT,2,1700,Tài nguyên Cơ bản
MGC,Công ty Cổ phần Địa chất mỏ - TKV,CT,3,1770,Khai khoáng
MGC,Công ty Cổ phần Địa chất mỏ - TKV,CT,4,1775,Khai khoáng
MGG,Tổng Công ty Đức Giang - Công ty Cổ phần,CT,1,3000,Hàng Tiêu dùng
MGG,Tổng Công ty Đức Giang - Công ty Cổ phần,CT,2,3700,Hàng cá nhân & Gia dụng
MGG,Tổng Công ty Đức Giang - Công ty Cổ phần,CT,3,3760,Hàng cá nhân
MGG,Tổng Công ty Đức Giang - Công ty Cổ phần,CT,4,3763,Hàng May mặc
MGR,Công ty cổ phần Tập đoàn MGROUP,CT,1,8000,Tài chính
MGR,Công ty cổ phần Tập đoàn MGROUP,CT,2,8600,Bất động sản
MGR,Công ty cổ phần Tập đoàn MGROUP,CT,3,8630,Bất động sản
MGR,Công ty cổ phần Tập đoàn MGROUP,CT,4,8633,Bất động sản
MH3,Công ty Cổ phần Khu công nghiệp Cao su Bình Long,CT,1,8000,Tài chính
MH3,Công ty Cổ phần Khu công nghiệp Cao su Bình Long,CT,2,8600,Bất động sản
MH3,Công ty Cổ phần Khu công nghiệp Cao su Bình Long,CT,3,8630,Bất động sản
MH3,Công ty Cổ phần Khu công nghiệp Cao su Bình Long,CT,4,8633,Bất động sản
MHC,Công ty Cổ phần MHC,CT,1,2000,Công nghiệp
MHC,Công ty Cổ phần MHC,CT,2,2700,Hàng & Dịch vụ Công nghiệp
MHC,Công ty Cổ phần MHC,CT,3,2770,Vận tải
MHC,Công ty Cổ phần MHC,CT,4,2779,Dịch vụ vận tải
MHL,Công ty Cổ phần Minh Hữu Liên,CT,1,1000,Nguyên vật liệu
MHL,Công ty Cổ phần Minh Hữu Liên,CT,2,1700,Tài nguyên Cơ bản
MHL,Công ty Cổ phần Minh Hữu Liên,CT,3,1750,Kim loại
MHL,Công ty Cổ phần Minh Hữu Liên,CT,4,1757,Thép và sản phẩm thép
MHP,Công ty Cổ Phần Môi Trường Và Dịch Vụ Đô Thị Việt Trì,CT,1,2000,Công nghiệp
MHP,Công ty Cổ Phần Môi Trường Và Dịch Vụ Đô Thị Việt Trì,CT,2,2700,Hàng & Dịch vụ Công nghiệp
MHP,Công ty Cổ Phần Môi Trường Và Dịch Vụ Đô Thị Việt Trì,CT,3,2790,Tư vấn & Hỗ trợ Kinh doanh
MHP,Công ty Cổ Phần Môi Trường Và Dịch Vụ Đô Thị Việt Trì,CT,4,2799,Chất thải & Môi trường
MIC,Công ty Cổ phần Kỹ nghệ Khoáng sản Quảng Nam,CT,1,1000,Nguyên vật liệu
MIC,Công ty Cổ phần Kỹ nghệ Khoáng sản Quảng Nam,CT,2,1700,Tài nguyên Cơ bản
MIC,Công ty Cổ phần Kỹ nghệ Khoáng sản Quảng Nam,CT,3,1770,Khai khoáng
MIC,Công ty Cổ phần Kỹ nghệ Khoáng sản Quảng Nam,CT,4,1775,Khai khoáng
MIE,Tổng Công ty Máy và Thiết bị Công nghiệp - CTCP,CT,1,2000,Công nghiệp
MIE,Tổng Công ty Máy và Thiết bị Công nghiệp - CTCP,CT,2,2700,Hàng & Dịch vụ Công nghiệp
MIE,Tổng Công ty Máy và Thiết bị Công nghiệp - CTCP,CT,3,2750,Công nghiệp nặng
MIE,Tổng Công ty Máy và Thiết bị Công nghiệp - CTCP,CT,4,2757,Máy công nghiệp
MIG,Tổng Công ty Cổ phần Bảo hiểm Quân đội,BH,1,8000,Tài chính
MIG,Tổng Công ty Cổ phần Bảo hiểm Quân đội,BH,2,8500,Bảo hiểm
MIG,Tổng Công ty Cổ phần Bảo hiểm Quân đội,BH,3,8530,Bảo hiểm phi nhân thọ
MIG,Tổng Công ty Cổ phần Bảo hiểm Quân đội,BH,4,8536,Bảo hiểm phi nhân thọ
MIM,Công ty Cổ phần Khoáng sản và Cơ khí,CT,1,1000,Nguyên vật liệu
MIM,Công ty Cổ phần Khoáng sản và Cơ khí,CT,2,1700,Tài nguyên Cơ bản
MIM,Công ty Cổ phần Khoáng sản và Cơ khí,CT,3,1770,Khai khoáng
MIM,Công ty Cổ phần Khoáng sản và Cơ khí,CT,4,1775,Khai khoáng
MKP,Công ty Cổ phần Hóa - Dược phẩm Mekophar,CT,1,4000,Dược phẩm và Y tế
MKP,Công ty Cổ phần Hóa - Dược phẩm Mekophar,CT,2,4500,Y tế
MKP,Công ty Cổ phần Hóa - Dược phẩm Mekophar,CT,3,4570,Dược phẩm
MKP,Công ty Cổ phần Hóa - Dược phẩm Mekophar,CT,4,4577,Dược phẩm
MKV,Công ty Cổ phần Dược Thú Y Cai Lậy,CT,1,4000,Dược phẩm và Y tế
MKV,Công ty Cổ phần Dược Thú Y Cai Lậy,CT,2,4500,Y tế
MKV,Công ty Cổ phần Dược Thú Y Cai Lậy,CT,3,4570,Dược phẩm
MKV,Công ty Cổ phần Dược Thú Y Cai Lậy,CT,4,4577,Dược phẩm
MLC,Công ty Cổ phần Môi trường Đô thị Tỉnh Lào Cai,CT,1,2000,Công nghiệp
MLC,Công ty Cổ phần Môi trường Đô thị Tỉnh Lào Cai,CT,2,2700,Hàng & Dịch vụ Công nghiệp
MLC,Công ty Cổ phần Môi trường Đô thị Tỉnh Lào Cai,CT,3,2790,Tư vấn & Hỗ trợ Kinh doanh
MLC,Công ty Cổ phần Môi trường Đô thị Tỉnh Lào Cai,CT,4,2799,Chất thải & Môi trường
MLS,Công ty Cổ phần Chăn nuôi - Mitraco,CT,1,3000,Hàng Tiêu dùng
MLS,Công ty Cổ phần Chăn nuôi - Mitraco,CT,2,3500,Thực phẩm và đồ uống
MLS,Công ty Cổ phần Chăn nuôi - Mitraco,CT,3,3570,Sản xuất thực phẩm
MLS,Công ty Cổ phần Chăn nuôi - Mitraco,CT,4,3573,Nuôi trồng nông & hải sản
MML,Công ty Cổ phần Masan MEATLife,CT,1,3000,Hàng Tiêu dùng
MML,Công ty Cổ phần Masan MEATLife,CT,2,3500,Thực phẩm và đồ uống
MML,Công ty Cổ phần Masan MEATLife,CT,3,3570,Sản xuất thực phẩm
MML,Công ty Cổ phần Masan MEATLife,CT,4,3577,Thực phẩm
MNB,Tổng Công ty May Nhà Bè - Công ty Cổ phần,CT,1,3000,Hàng Tiêu dùng
MNB,Tổng Công ty May Nhà Bè - Công ty Cổ phần,CT,2,3700,Hàng cá nhân & Gia dụng
MNB,Tổng Công ty May Nhà Bè - Công ty Cổ phần,CT,3,3760,Hàng cá nhân
MNB,Tổng Công ty May Nhà Bè - Công ty Cổ phần,CT,4,3763,Hàng May mặc
MND,Công ty Cổ phần Môi trường Nam Định,CT,1,2000,Công nghiệp
MND,Công ty Cổ phần Môi trường Nam Định,CT,2,2700,Hàng & Dịch vụ Công nghiệp
MND,Công ty Cổ phần Môi trường Nam Định,CT,3,2790,Tư vấn & Hỗ trợ Kinh doanh
MND,Công ty Cổ phần Môi trường Nam Định,CT,4,2799,Chất thải & Môi trường
MPC,Công ty Cổ phần Tập đoàn Thủy sản Minh Phú,CT,1,3000,Hàng Tiêu dùng
MPC,Công ty Cổ phần Tập đoàn Thủy sản Minh Phú,CT,2,3500,Thực phẩm và đồ uống
MPC,Công ty Cổ phần Tập đoàn Thủy sản Minh Phú,CT,3,3570,Sản xuất thực phẩm
MPC,Công ty Cổ phần Tập đoàn Thủy sản Minh Phú,CT,4,3573,Nuôi trồng nông & hải sản
MPT,Công ty Cổ phần Tập đoàn MPT,CT,1,3000,Hàng Tiêu dùng
MPT,Công ty Cổ phần Tập đoàn MPT,CT,2,3700,Hàng cá nhân & Gia dụng
MPT,Công ty Cổ phần Tập đoàn MPT,CT,3,3760,Hàng cá nhân
MPT,Công ty Cổ phần Tập đoàn MPT,CT,4,3763,Hàng May mặc
MPY,Công ty Cổ phần Môi trường đô thị Phú Yên,CT,1,2000,Công nghiệp
MPY,Công ty Cổ phần Môi trường đô thị Phú Yên,CT,2,2700,Hàng & Dịch vụ Công nghiệp
MPY,Công ty Cổ phần Môi trường đô thị Phú Yên,CT,3,2790,Tư vấn & Hỗ trợ Kinh doanh
MPY,Công ty Cổ phần Môi trường đô thị Phú Yên,CT,4,2799,Chất thải & Môi trường
MQB,Công ty Cổ phần Môi trường và Phát triển đô thị Quảng Bình,CT,1,2000,Công nghiệp
MQB,Công ty Cổ phần Môi trường và Phát triển đô thị Quảng Bình,CT,2,2700,Hàng & Dịch vụ Công nghiệp
MQB,Công ty Cổ phần Môi trường và Phát triển đô thị Quảng Bình,CT,3,2790,Tư vấn & Hỗ trợ Kinh doanh
MQB,Công ty Cổ phần Môi trường và Phát triển đô thị Quảng Bình,CT,4,2799,Chất thải & Môi trường
MQN,Công ty Cổ phần Môi trường đô thị Quảng Ngãi,CT,1,2000,Công nghiệp
MQN,Công ty Cổ phần Môi trường đô thị Quảng Ngãi,CT,2,2700,Hàng & Dịch vụ Công nghiệp
MQN,Công ty Cổ phần Môi trường đô thị Quảng Ngãi,CT,3,2790,Tư vấn & Hỗ trợ Kinh doanh
MQN,Công ty Cổ phần Môi trường đô thị Quảng Ngãi,CT,4,2799,Chất thải & Môi trường
MRF,Công ty Cổ phần MERUFA,CT,1,4000,Dược phẩm và Y tế
MRF,Công ty Cổ phần MERUFA,CT,2,4500,Y tế
MRF,Công ty Cổ phần MERUFA,CT,3,4530,Thiết bị và Dịch vụ Y tế
MRF,Công ty Cổ phần MERUFA,CT,4,4535,Thiết bị y tế
MSB,Ngân hàng Thương mại Cổ phần Hàng Hải Việt Nam,NH,1,8301,Ngân hàng
MSB,Ngân hàng Thương mại Cổ phần Hàng Hải Việt Nam,NH,2,8300,Ngân hàng
MSB,Ngân hàng Thương mại Cổ phần Hàng Hải Việt Nam,NH,3,8350,Ngân hàng
MSB,Ngân hàng Thương mại Cổ phần Hàng Hải Việt Nam,NH,4,8355,Ngân hàng
MSH,Công ty Cổ phần May Sông Hồng,CT,1,3000,Hàng Tiêu dùng
MSH,Công ty Cổ phần May Sông Hồng,CT,2,3700,Hàng cá nhân & Gia dụng
MSH,Công ty Cổ phần May Sông Hồng,CT,3,3760,Hàng cá nhân
MSH,Công ty Cổ phần May Sông Hồng,CT,4,3763,Hàng May mặc
MSN,Công ty Cổ phần Tập đoàn Masan,CT,1,3000,Hàng Tiêu dùng
MSN,Công ty Cổ phần Tập đoàn Masan,CT,2,3500,Thực phẩm và đồ uống
MSN,Công ty Cổ phần Tập đoàn Masan,CT,3,3570,Sản xuất thực phẩm
MSN,Công ty Cổ phần Tập đoàn Masan,CT,4,3577,Thực phẩm
MSR,Công ty Cổ phần Masan High-Tech Materials,CT,1,1000,Nguyên vật liệu
MSR,Công ty Cổ phần Masan High-Tech Materials,CT,2,1700,Tài nguyên Cơ bản
MSR,Công ty Cổ phần Masan High-Tech Materials,CT,3,1770,Khai khoáng
MSR,Công ty Cổ phần Masan High-Tech Materials,CT,4,1775,Khai khoáng
MST,Công ty Cổ phần Đầu tư MST,CT,1,2000,Công nghiệp
MST,Công ty Cổ phần Đầu tư MST,CT,2,2300,Xây dựng và Vật liệu
MST,Công ty Cổ phần Đầu tư MST,CT,3,2350,Xây dựng và Vật liệu
MST,Công ty Cổ phần Đầu tư MST,CT,4,2357,Xây dựng
MT7,Công ty Cổ phần Sản Xuất Thương Mại Dịch Vụ Xây Dựng Minh Thành,CT,1,5000,Dịch vụ Tiêu dùng
MT7,Công ty Cổ phần Sản Xuất Thương Mại Dịch Vụ Xây Dựng Minh Thành,CT,2,5700,Du lịch và Giải trí
MT7,Công ty Cổ phần Sản Xuất Thương Mại Dịch Vụ Xây Dựng Minh Thành,CT,3,5750,Du lịch & Giải trí
MT7,Công ty Cổ phần Sản Xuất Thương Mại Dịch Vụ Xây Dựng Minh Thành,CT,4,5757,Nhà hàng và quán bar
MT9,Công ty Cổ phần 319 Miền Trung,CT,1,2000,Công nghiệp
MT9,Công ty Cổ phần 319 Miền Trung,CT,2,2300,Xây dựng và Vật liệu
MT9,Công ty Cổ phần 319 Miền Trung,CT,3,2350,Xây dựng và Vật liệu
MT9,Công ty Cổ phần 319 Miền Trung,CT,4,2357,Xây dựng
MTA,Tổng Công ty Khoáng sản và Thương mại Hà Tĩnh - Công ty Cổ phần,CT,1,1000,Nguyên vật liệu
MTA,Tổng Công ty Khoáng sản và Thương mại Hà Tĩnh - Công ty Cổ phần,CT,2,1700,Tài nguyên Cơ bản
MTA,Tổng Công ty Khoáng sản và Thương mại Hà Tĩnh - Công ty Cổ phần,CT,3,1770,Khai khoáng
MTA,Tổng Công ty Khoáng sản và Thương mại Hà Tĩnh - Công ty Cổ phần,CT,4,1775,Khai khoáng
MTB,Công ty Cổ phần Môi trường và Công trình đô thị tỉnh Thái Bình,CT,1,2000,Công nghiệp
MTB,Công ty Cổ phần Môi trường và Công trình đô thị tỉnh Thái Bình,CT,2,2700,Hàng & Dịch vụ Công nghiệp
MTB,Công ty Cổ phần Môi trường và Công trình đô thị tỉnh Thái Bình,CT,3,2790,Tư vấn & Hỗ trợ Kinh doanh
MTB,Công ty Cổ phần Môi trường và Công trình đô thị tỉnh Thái Bình,CT,4,2799,Chất thải & Môi trường
MTC,Công ty Cổ phần Dịch vụ Du lịch Mỹ Trà,CT,1,5000,Dịch vụ Tiêu dùng
MTC,Công ty Cổ phần Dịch vụ Du lịch Mỹ Trà,CT,2,5700,Du lịch và Giải trí
MTC,Công ty Cổ phần Dịch vụ Du lịch Mỹ Trà,CT,3,5750,Du lịch & Giải trí
MTC,Công ty Cổ phần Dịch vụ Du lịch Mỹ Trà,CT,4,5757,Nhà hàng và quán bar
MTG,Công ty Cổ phần MT Gas,CT,1,7000,Tiện ích Cộng đồng
MTG,Công ty Cổ phần MT Gas,CT,2,7500,"Điện, nước & xăng dầu khí đốt"
MTG,Công ty Cổ phần MT Gas,CT,3,7570,Nước & Khí đốt
MTG,Công ty Cổ phần MT Gas,CT,4,7573,Phân phối xăng dầu & khí đốt
MTH,Công ty Cổ phần Môi trường Đô thị Hà Đông,CT,1,2000,Công nghiệp
MTH,Công ty Cổ phần Môi trường Đô thị Hà Đông,CT,2,2700,Hàng & Dịch vụ Công nghiệp
MTH,Công ty Cổ phần Môi trường Đô thị Hà Đông,CT,3,2790,Tư vấn & Hỗ trợ Kinh doanh
MTH,Công ty Cổ phần Môi trường Đô thị Hà Đông,CT,4,2799,Chất thải & Môi trường
MTL,Công ty Cổ phần Dịch vụ Môi trường Đô thị Từ Liêm,CT,1,2000,Công nghiệp
MTL,Công ty Cổ phần Dịch vụ Môi trường Đô thị Từ Liêm,CT,2,2700,Hàng & Dịch vụ Công nghiệp
MTL,Công ty Cổ phần Dịch vụ Môi trường Đô thị Từ Liêm,CT,3,2790,Tư vấn & Hỗ trợ Kinh doanh
MTL,Công ty Cổ phần Dịch vụ Môi trường Đô thị Từ Liêm,CT,4,2799,Chất thải & Môi trường
MTN,Công ty Cổ phần Tập Đoàn Truyền Thông Thanh Niên,CT,1,5000,Dịch vụ Tiêu dùng
MTN,Công ty Cổ phần Tập Đoàn Truyền Thông Thanh Niên,CT,2,5500,Truyền thông
MTN,Công ty Cổ phần Tập Đoàn Truyền Thông Thanh Niên,CT,3,5550,Truyền thông
MTN,Công ty Cổ phần Tập Đoàn Truyền Thông Thanh Niên,CT,4,5555,Dịch vụ truyền thông
MTP,Công ty Cổ phần Dược Medipharco,CT,1,4000,Dược phẩm và Y tế
MTP,Công ty Cổ phần Dược Medipharco,CT,2,4500,Y tế
MTP,Công ty Cổ phần Dược Medipharco,CT,3,4570,Dược phẩm
MTP,Công ty Cổ phần Dược Medipharco,CT,4,4577,Dược phẩm
MTS,Công ty Cổ phần Vật tư - TKV,CT,1,2000,Công nghiệp
MTS,Công ty Cổ phần Vật tư - TKV,CT,2,2700,Hàng & Dịch vụ Công nghiệp
MTS,Công ty Cổ phần Vật tư - TKV,CT,3,2790,Tư vấn & Hỗ trợ Kinh doanh
MTS,Công ty Cổ phần Vật tư - TKV,CT,4,2797,Nhà cung cấp thiết bị
MTV,Công ty Cổ phần Dịch vụ Môi trường và Công trình Đô thị Vũng Tàu,CT,1,2000,Công nghiệp
MTV,Công ty Cổ phần Dịch vụ Môi trường và Công trình Đô thị Vũng Tàu,CT,2,2700,Hàng & Dịch vụ Công nghiệp
MTV,Công ty Cổ phần Dịch vụ Môi trường và Công trình Đô thị Vũng Tàu,CT,3,2790,Tư vấn & Hỗ trợ Kinh doanh
MTV,Công ty Cổ phần Dịch vụ Môi trường và Công trình Đô thị Vũng Tàu,CT,4,2799,Chất thải & Môi trường
MTX,Công ty Cổ phần Công trình Đô thị Gò Công,CT,1,2000,Công nghiệp
MTX,Công ty Cổ phần Công trình Đô thị Gò Công,CT,2,2700,Hàng & Dịch vụ Công nghiệp
MTX,Công ty Cổ phần Công trình Đô thị Gò Công,CT,3,2790,Tư vấn & Hỗ trợ Kinh doanh
MTX,Công ty Cổ phần Công trình Đô thị Gò Công,CT,4,2799,Chất thải & Môi trường
MVB,Tổng Công ty Công nghiệp mỏ Việt Bắc TKV - Công ty Cổ phần,CT,1,1000,Nguyên vật liệu
MVB,Tổng Công ty Công nghiệp mỏ Việt Bắc TKV - Công ty Cổ phần,CT,2,1700,Tài nguyên Cơ bản
MVB,Tổng Công ty Công nghiệp mỏ Việt Bắc TKV - Công ty Cổ phần,CT,3,1770,Khai khoáng
MVB,Tổng Công ty Công nghiệp mỏ Việt Bắc TKV - Công ty Cổ phần,CT,4,1775,Khai khoáng
MVC,Công ty Cổ phần Vật liệu và Xây dựng Bình Dương,CT,1,2000,Công nghiệp
MVC,Công ty Cổ phần Vật liệu và Xây dựng Bình Dương,CT,2,2300,Xây dựng và Vật liệu
MVC,Công ty Cổ phần Vật liệu và Xây dựng Bình Dương,CT,3,2350,Xây dựng và Vật liệu
MVC,Công ty Cổ phần Vật liệu và Xây dựng Bình Dương,CT,4,2353,Vật liệu xây dựng & Nội thất
MVN,Tổng Công ty Hàng hải Việt Nam - CTCP,CT,1,2000,Công nghiệp
MVN,Tổng Công ty Hàng hải Việt Nam - CTCP,CT,2,2700,Hàng & Dịch vụ Công nghiệp
MVN,Tổng Công ty Hàng hải Việt Nam - CTCP,CT,3,2770,Vận tải
MVN,Tổng Công ty Hàng hải Việt Nam - CTCP,CT,4,2773,Vận tải Thủy
MVT,Công ty Cp May Việt Thịnh,CT,1,3000,Hàng Tiêu dùng
MVT,Công ty Cp May Việt Thịnh,CT,2,3700,Hàng cá nhân & Gia dụng
MVT,Công ty Cp May Việt Thịnh,CT,3,3760,Hàng cá nhân
MVT,Công ty Cp May Việt Thịnh,CT,4,3763,Hàng May mặc
MVY,Công ty Cổ phần Môi Trường Và Dịch Vụ Đô Thị Vĩnh Yên,CT,1,2000,Công nghiệp
MVY,Công ty Cổ phần Môi Trường Và Dịch Vụ Đô Thị Vĩnh Yên,CT,2,2700,Hàng & Dịch vụ Công nghiệp
MVY,Công ty Cổ phần Môi Trường Và Dịch Vụ Đô Thị Vĩnh Yên,CT,3,2790,Tư vấn & Hỗ trợ Kinh doanh
MVY,Công ty Cổ phần Môi Trường Và Dịch Vụ Đô Thị Vĩnh Yên,CT,4,2799,Chất thải & Môi trường
MWG,Công ty Cổ phần Đầu tư Thế Giới Di Động,CT,1,5000,Dịch vụ Tiêu dùng
MWG,Công ty Cổ phần Đầu tư Thế Giới Di Động,CT,2,5300,Bán lẻ
MWG,Công ty Cổ phần Đầu tư Thế Giới Di Động,CT,3,5370,Bán lẻ
MWG,Công ty Cổ phần Đầu tư Thế Giới Di Động,CT,4,5379,Phân phối hàng chuyên dụng
MZG,Công ty Cổ Phần Miza,CT,1,1000,Nguyên vật liệu
MZG,Công ty Cổ Phần Miza,CT,2,1700,Tài nguyên Cơ bản
MZG,Công ty Cổ Phần Miza,CT,3,1730,Lâm nghiệp và Giấy
MZG,Công ty Cổ Phần Miza,CT,4,1737,Sản xuất giấy
NAB,Ngân hàng Thương mại Cổ phần Nam Á,NH,1,8301,Ngân hàng
NAB,Ngân hàng Thương mại Cổ phần Nam Á,NH,2,8300,Ngân hàng
NAB,Ngân hàng Thương mại Cổ phần Nam Á,NH,3,8350,Ngân hàng
NAB,Ngân hàng Thương mại Cổ phần Nam Á,NH,4,8355,Ngân hàng
NAC,Công ty Cổ phần Tư vấn Xây dựng Tổng hợp,CT,1,2000,Công nghiệp
NAC,Công ty Cổ phần Tư vấn Xây dựng Tổng hợp,CT,2,2300,Xây dựng và Vật liệu
NAC,Công ty Cổ phần Tư vấn Xây dựng Tổng hợp,CT,3,2350,Xây dựng và Vật liệu
NAC,Công ty Cổ phần Tư vấn Xây dựng Tổng hợp,CT,4,2357,Xây dựng
NAF,Công ty Cổ phần Nafoods Group,CT,1,3000,Hàng Tiêu dùng
NAF,Công ty Cổ phần Nafoods Group,CT,2,3500,Thực phẩm và đồ uống
NAF,Công ty Cổ phần Nafoods Group,CT,3,3530,Bia và đồ uống
NAF,Công ty Cổ phần Nafoods Group,CT,4,3537,Đồ uống & giải khát
NAG,Công ty Cổ phần Tập đoàn Nagakawa,CT,1,2000,Công nghiệp
NAG,Công ty Cổ phần Tập đoàn Nagakawa,CT,2,2700,Hàng & Dịch vụ Công nghiệp
NAG,Công ty Cổ phần Tập đoàn Nagakawa,CT,3,2730,Điện tử & Thiết bị điện
NAG,Công ty Cổ phần Tập đoàn Nagakawa,CT,4,2733,Hàng điện & điện tử
NAP,Công ty Cổ phần Cảng Nghệ Tĩnh,CT,1,2000,Công nghiệp
NAP,Công ty Cổ phần Cảng Nghệ Tĩnh,CT,2,2700,Hàng & Dịch vụ Công nghiệp
NAP,Công ty Cổ phần Cảng Nghệ Tĩnh,CT,3,2770,Vận tải
NAP,Công ty Cổ phần Cảng Nghệ Tĩnh,CT,4,2777,"Kho bãi, hậu cần và bảo dưỡng"
NAS,Công ty Cổ phần Dịch vụ Hàng không Sân bay Việt Nam,CT,1,2000,Công nghiệp
NAS,Công ty Cổ phần Dịch vụ Hàng không Sân bay Việt Nam,CT,2,2700,Hàng & Dịch vụ Công nghiệp
NAS,Công ty Cổ phần Dịch vụ Hàng không Sân bay Việt Nam,CT,3,2770,Vận tải
NAS,Công ty Cổ phần Dịch vụ Hàng không Sân bay Việt Nam,CT,4,2777,"Kho bãi, hậu cần và bảo dưỡng"
NAU,Công ty Cổ phần Môi trường và Công trình Đô thị Nghệ An,CT,1,2000,Công nghiệp
NAU,Công ty Cổ phần Môi trường và Công trình Đô thị Nghệ An,CT,2,2700,Hàng & Dịch vụ Công nghiệp
NAU,Công ty Cổ phần Môi trường và Công trình Đô thị Nghệ An,CT,3,2790,Tư vấn & Hỗ trợ Kinh doanh
NAU,Công ty Cổ phần Môi trường và Công trình Đô thị Nghệ An,CT,4,2799,Chất thải & Môi trường
NAV,Công ty Cổ phần Nam Việt,CT,1,2000,Công nghiệp
NAV,Công ty Cổ phần Nam Việt,CT,2,2300,Xây dựng và Vật liệu
NAV,Công ty Cổ phần Nam Việt,CT,3,2350,Xây dựng và Vật liệu
NAV,Công ty Cổ phần Nam Việt,CT,4,2353,Vật liệu xây dựng & Nội thất
NAW,Công ty Cổ phần Cấp nước Nghệ An,CT,1,7000,Tiện ích Cộng đồng
NAW,Công ty Cổ phần Cấp nước Nghệ An,CT,2,7500,"Điện, nước & xăng dầu khí đốt"
NAW,Công ty Cổ phần Cấp nước Nghệ An,CT,3,7570,Nước & Khí đốt
NAW,Công ty Cổ phần Cấp nước Nghệ An,CT,4,7577,Nước
NBB,Công ty Cổ phần Đầu tư Năm Bảy Bảy,CT,1,8000,Tài chính
NBB,Công ty Cổ phần Đầu tư Năm Bảy Bảy,CT,2,8600,Bất động sản
NBB,Công ty Cổ phần Đầu tư Năm Bảy Bảy,CT,3,8630,Bất động sản
NBB,Công ty Cổ phần Đầu tư Năm Bảy Bảy,CT,4,8633,Bất động sản
NBC,Công ty Cổ phần Than Núi Béo - Vinacomin,CT,1,1000,Nguyên vật liệu
NBC,Công ty Cổ phần Than Núi Béo - Vinacomin,CT,2,1700,Tài nguyên Cơ bản
NBC,Công ty Cổ phần Than Núi Béo - Vinacomin,CT,3,1770,Khai khoáng
NBC,Công ty Cổ phần Than Núi Béo - Vinacomin,CT,4,1771,Khai thác Than
NBE,Công ty Cổ phần Sách và Thiết bị Giáo dục Miền Bắc,CT,1,5000,Dịch vụ Tiêu dùng
NBE,Công ty Cổ phần Sách và Thiết bị Giáo dục Miền Bắc,CT,2,5500,Truyền thông
NBE,Công ty Cổ phần Sách và Thiết bị Giáo dục Miền Bắc,CT,3,5550,Truyền thông
NBE,Công ty Cổ phần Sách và Thiết bị Giáo dục Miền Bắc,CT,4,5557,"Sách, ấn bản & sản phẩm văn hóa"
NBP,Công ty Cổ phần Nhiệt Điện Ninh Bình,CT,1,7000,Tiện ích Cộng đồng
NBP,Công ty Cổ phần Nhiệt Điện Ninh Bình,CT,2,7500,"Điện, nước & xăng dầu khí đốt"
NBP,Công ty Cổ phần Nhiệt Điện Ninh Bình,CT,3,7530,Sản xuất & Phân phối Điện
NBP,Công ty Cổ phần Nhiệt Điện Ninh Bình,CT,4,7535,Sản xuất & Phân phối Điện
NBT,Công ty Cổ phần Cấp thoát nước Bến Tre,CT,1,7000,Tiện ích Cộng đồng
NBT,Công ty Cổ phần Cấp thoát nước Bến Tre,CT,2,7500,"Điện, nước & xăng dầu khí đốt"
NBT,Công ty Cổ phần Cấp thoát nước Bến Tre,CT,3,7570,Nước & Khí đốt
NBT,Công ty Cổ phần Cấp thoát nước Bến Tre,CT,4,7577,Nước
NBW,Công ty Cổ phần Cấp nước Nhà Bè,CT,1,7000,Tiện ích Cộng đồng
NBW,Công ty Cổ phần Cấp nước Nhà Bè,CT,2,7500,"Điện, nước & xăng dầu khí đốt"
NBW,Công ty Cổ phần Cấp nước Nhà Bè,CT,3,7570,Nước & Khí đốt
NBW,Công ty Cổ phần Cấp nước Nhà Bè,CT,4,7577,Nước
NCG,Công ty Cổ phần Đầu tư Anova Agri,CT,1,3000,Hàng Tiêu dùng
NCG,Công ty Cổ phần Đầu tư Anova Agri,CT,2,3500,Thực phẩm và đồ uống
NCG,Công ty Cổ phần Đầu tư Anova Agri,CT,3,3570,Sản xuất thực phẩm
NCG,Công ty Cổ phần Đầu tư Anova Agri,CT,4,3573,Nuôi trồng nông & hải sản
NCS,Công ty Cổ phần Suất ăn Hàng không Nội Bài,CT,1,3000,Hàng Tiêu dùng
NCS,Công ty Cổ phần Suất ăn Hàng không Nội Bài,CT,2,3500,Thực phẩm và đồ uống
NCS,Công ty Cổ phần Suất ăn Hàng không Nội Bài,CT,3,3570,Sản xuất thực phẩm
NCS,Công ty Cổ phần Suất ăn Hàng không Nội Bài,CT,4,3577,Thực phẩm
NCT,Công ty Cổ phần Dịch vụ Hàng hóa Nội Bài,CT,1,2000,Công nghiệp
NCT,Công ty Cổ phần Dịch vụ Hàng hóa Nội Bài,CT,2,2700,Hàng & Dịch vụ Công nghiệp
NCT,Công ty Cổ phần Dịch vụ Hàng hóa Nội Bài,CT,3,2770,Vận tải
NCT,Công ty Cổ phần Dịch vụ Hàng hóa Nội Bài,CT,4,2777,"Kho bãi, hậu cần và bảo dưỡng"
ND2,Công ty Cổ phần Đầu tư và Phát triển điện Miền Bắc 2,CT,1,7000,Tiện ích Cộng đồng
ND2,Công ty Cổ phần Đầu tư và Phát triển điện Miền Bắc 2,CT,2,7500,"Điện, nước & xăng dầu khí đốt"
ND2,Công ty Cổ phần Đầu tư và Phát triển điện Miền Bắc 2,CT,3,7530,Sản xuất & Phân phối Điện
ND2,Công ty Cổ phần Đầu tư và Phát triển điện Miền Bắc 2,CT,4,7535,Sản xuất & Phân phối Điện
NDC,Công ty Cổ phần Nam Dược,CT,1,4000,Dược phẩm và Y tế
NDC,Công ty Cổ phần Nam Dược,CT,2,4500,Y tế
NDC,Công ty Cổ phần Nam Dược,CT,3,4570,Dược phẩm
NDC,Công ty Cổ phần Nam Dược,CT,4,4577,Dược phẩm
NDF,Công ty Cổ phần Chế biến thực phẩm nông sản xuất khẩu Nam Định,CT,1,3000,Hàng Tiêu dùng
NDF,Công ty Cổ phần Chế biến thực phẩm nông sản xuất khẩu Nam Định,CT,2,3500,Thực phẩm và đồ uống
NDF,Công ty Cổ phần Chế biến thực phẩm nông sản xuất khẩu Nam Định,CT,3,3570,Sản xuất thực phẩm
NDF,Công ty Cổ phần Chế biến thực phẩm nông sản xuất khẩu Nam Định,CT,4,3577,Thực phẩm
NDN,Công ty Cổ phần Đầu tư Phát triển Nhà Đà Nẵng,CT,1,8000,Tài chính
NDN,Công ty Cổ phần Đầu tư Phát triển Nhà Đà Nẵng,CT,2,8600,Bất động sản
NDN,Công ty Cổ phần Đầu tư Phát triển Nhà Đà Nẵng,CT,3,8630,Bất động sản
NDN,Công ty Cổ phần Đầu tư Phát triển Nhà Đà Nẵng,CT,4,8633,Bất động sản
NDP,Công ty Cổ phần Dược phẩm 2/9,CT,1,4000,Dược phẩm và Y tế
NDP,Công ty Cổ phần Dược phẩm 2/9,CT,2,4500,Y tế
NDP,Công ty Cổ phần Dược phẩm 2/9,CT,3,4570,Dược phẩm
NDP,Công ty Cổ phần Dược phẩm 2/9,CT,4,4577,Dược phẩm
NDT,Tổng Công ty Cổ phần Dệt may Nam Định,CT,1,3000,Hàng Tiêu dùng
NDT,Tổng Công ty Cổ phần Dệt may Nam Định,CT,2,3700,Hàng cá nhân & Gia dụng
NDT,Tổng Công ty Cổ phần Dệt may Nam Định,CT,3,3760,Hàng cá nhân
NDT,Tổng Công ty Cổ phần Dệt may Nam Định,CT,4,3763,Hàng May mặc
NDW,Công ty Cổ phần Cấp nước Nam Định,CT,1,7000,Tiện ích Cộng đồng
NDW,Công ty Cổ phần Cấp nước Nam Định,CT,2,7500,"Điện, nước & xăng dầu khí đốt"
NDW,Công ty Cổ phần Cấp nước Nam Định,CT,3,7570,Nước & Khí đốt
NDW,Công ty Cổ phần Cấp nước Nam Định,CT,4,7577,Nước
NDX,Công ty Cổ phần Xây lắp Phát triển Nhà Đà Nẵng,CT,1,2000,Công nghiệp
NDX,Công ty Cổ phần Xây lắp Phát triển Nhà Đà Nẵng,CT,2,2300,Xây dựng và Vật liệu
NDX,Công ty Cổ phần Xây lắp Phát triển Nhà Đà Nẵng,CT,3,2350,Xây dựng và Vật liệu
NDX,Công ty Cổ phần Xây lắp Phát triển Nhà Đà Nẵng,CT,4,2357,Xây dựng
NED,Công ty Cổ phần Đầu tư và Phát triển Điện Tây Bắc,CT,1,2000,Công nghiệp
NED,Công ty Cổ phần Đầu tư và Phát triển Điện Tây Bắc,CT,2,2300,Xây dựng và Vật liệu
NED,Công ty Cổ phần Đầu tư và Phát triển Điện Tây Bắc,CT,3,2350,Xây dựng và Vật liệu
NED,Công ty Cổ phần Đầu tư và Phát triển Điện Tây Bắc,CT,4,2357,Xây dựng
NEM,Công ty Cổ phần Thiết bị Điện Miền Bắc,CT,1,2000,Công nghiệp
NEM,Công ty Cổ phần Thiết bị Điện Miền Bắc,CT,2,2700,Hàng & Dịch vụ Công nghiệp
NEM,Công ty Cổ phần Thiết bị Điện Miền Bắc,CT,3,2730,Điện tử & Thiết bị điện
NEM,Công ty Cổ phần Thiết bị Điện Miền Bắc,CT,4,2737,Thiết bị điện
NET,Công ty Cổ phần Bột giặt Net,CT,1,3000,Hàng Tiêu dùng
NET,Công ty Cổ phần Bột giặt Net,CT,2,3700,Hàng cá nhân & Gia dụng
NET,Công ty Cổ phần Bột giặt Net,CT,3,3760,Hàng cá nhân
NET,Công ty Cổ phần Bột giặt Net,CT,4,3767,Hàng cá nhân
NFC,Công ty Cổ phần Phân lân Ninh Bình,CT,1,1000,Nguyên vật liệu
NFC,Công ty Cổ phần Phân lân Ninh Bình,CT,2,1300,Hóa chất
NFC,Công ty Cổ phần Phân lân Ninh Bình,CT,3,1350,Hóa chất
NFC,Công ty Cổ phần Phân lân Ninh Bình,CT,4,1357,"Sản phẩm hóa dầu, Nông dược & Hóa chất khác"
NGC,Công ty Cổ phần Chế biến Thủy sản Xuất khẩu Ngô Quyền,CT,1,3000,Hàng Tiêu dùng
NGC,Công ty Cổ phần Chế biến Thủy sản Xuất khẩu Ngô Quyền,CT,2,3500,Thực phẩm và đồ uống
NGC,Công ty Cổ phần Chế biến Thủy sản Xuất khẩu Ngô Quyền,CT,3,3570,Sản xuất thực phẩm
NGC,Công ty Cổ phần Chế biến Thủy sản Xuất khẩu Ngô Quyền,CT,4,3573,Nuôi trồng nông & hải sản
NHA,Tổng Công ty Đầu tư Phát triển Nhà và Đô thị Nam Hà Nội,CT,1,2000,Công nghiệp
NHA,Tổng Công ty Đầu tư Phát triển Nhà và Đô thị Nam Hà Nội,CT,2,2300,Xây dựng và Vật liệu
NHA,Tổng Công ty Đầu tư Phát triển Nhà và Đô thị Nam Hà Nội,CT,3,2350,Xây dựng và Vật liệu
NHA,Tổng Công ty Đầu tư Phát triển Nhà và Đô thị Nam Hà Nội,CT,4,2357,Xây dựng
NHC,Công ty Cổ phần Gạch ngói Nhị Hiệp,CT,1,2000,Công nghiệp
NHC,Công ty Cổ phần Gạch ngói Nhị Hiệp,CT,2,2300,Xây dựng và Vật liệu
NHC,Công ty Cổ phần Gạch ngói Nhị Hiệp,CT,3,2350,Xây dựng và Vật liệu
NHC,Công ty Cổ phần Gạch ngói Nhị Hiệp,CT,4,2353,Vật liệu xây dựng & Nội thất
NHD,Công ty Cổ phần Dược phẩm Nam Hà,CT,1,4000,Dược phẩm và Y tế
NHD,Công ty Cổ phần Dược phẩm Nam Hà,CT,2,4500,Y tế
NHD,Công ty Cổ phần Dược phẩm Nam Hà,CT,3,4570,Dược phẩm
NHD,Công ty Cổ phần Dược phẩm Nam Hà,CT,4,4577,Dược phẩm
NHH,Công ty Cổ phần Nhựa Hà Nội,CT,1,1000,Nguyên vật liệu
NHH,Công ty Cổ phần Nhựa Hà Nội,CT,2,1300,Hóa chất
NHH,Công ty Cổ phần Nhựa Hà Nội,CT,3,1350,Hóa chất
NHH,Công ty Cổ phần Nhựa Hà Nội,CT,4,1353,"Nhựa, cao su & sợi"
NHP,Công ty Cổ phần Sản xuất Xuất nhập khẩu NHP,CT,1,2000,Công nghiệp
NHP,Công ty Cổ phần Sản xuất Xuất nhập khẩu NHP,CT,2,2700,Hàng & Dịch vụ Công nghiệp
NHP,Công ty Cổ phần Sản xuất Xuất nhập khẩu NHP,CT,3,2720,Hàng công nghiệp
NHP,Công ty Cổ phần Sản xuất Xuất nhập khẩu NHP,CT,4,2723,Containers & Đóng gói
NHT,Công ty Cổ phần Sản xuất và Thương mại Nam Hoa,CT,1,3000,Hàng Tiêu dùng
NHT,Công ty Cổ phần Sản xuất và Thương mại Nam Hoa,CT,2,3700,Hàng cá nhân & Gia dụng
NHT,Công ty Cổ phần Sản xuất và Thương mại Nam Hoa,CT,3,3740,Hàng hóa giải trí
NHT,Công ty Cổ phần Sản xuất và Thương mại Nam Hoa,CT,4,3747,Đồ chơi
NHV,Công ty Cổ phần Sức khỏe Hồi sinh Việt Nam,CT,1,1000,Nguyên vật liệu
NHV,Công ty Cổ phần Sức khỏe Hồi sinh Việt Nam,CT,2,1700,Tài nguyên Cơ bản
NHV,Công ty Cổ phần Sức khỏe Hồi sinh Việt Nam,CT,3,1750,Kim loại
NHV,Công ty Cổ phần Sức khỏe Hồi sinh Việt Nam,CT,4,1755,Kim Loại màu
NJC,Công ty Cổ phần May Nam Định,CT,1,3000,Hàng Tiêu dùng
NJC,Công ty Cổ phần May Nam Định,CT,2,3700,Hàng cá nhân & Gia dụng
NJC,Công ty Cổ phần May Nam Định,CT,3,3760,Hàng cá nhân
NJC,Công ty Cổ phần May Nam Định,CT,4,3763,Hàng May mặc
NKG,Công ty Cổ phần Thép Nam Kim,CT,1,1000,Nguyên vật liệu
NKG,Công ty Cổ phần Thép Nam Kim,CT,2,1700,Tài nguyên Cơ bản
NKG,Công ty Cổ phần Thép Nam Kim,CT,3,1750,Kim loại
NKG,Công ty Cổ phần Thép Nam Kim,CT,4,1757,Thép và sản phẩm thép
NLG,Công ty Cổ phần Đầu tư Nam Long,CT,1,8000,Tài chính
NLG,Công ty Cổ phần Đầu tư Nam Long,CT,2,8600,Bất động sản
NLG,Công ty Cổ phần Đầu tư Nam Long,CT,3,8630,Bất động sản
NLG,Công ty Cổ phần Đầu tư Nam Long,CT,4,8633,Bất động sản
NLS,Công ty Cổ phần Cấp thoát nước Lạng Sơn,CT,1,7000,Tiện ích Cộng đồng
NLS,Công ty Cổ phần Cấp thoát nước Lạng Sơn,CT,2,7500,"Điện, nước & xăng dầu khí đốt"
NLS,Công ty Cổ phần Cấp thoát nước Lạng Sơn,CT,3,7570,Nước & Khí đốt
NLS,Công ty Cổ phần Cấp thoát nước Lạng Sơn,CT,4,7577,Nước
NNC,Công ty Cổ phần Đá Núi Nhỏ,CT,1,2000,Công nghiệp
NNC,Công ty Cổ phần Đá Núi Nhỏ,CT,2,2300,Xây dựng và Vật liệu
NNC,Công ty Cổ phần Đá Núi Nhỏ,CT,3,2350,Xây dựng và Vật liệu
NNC,Công ty Cổ phần Đá Núi Nhỏ,CT,4,2353,Vật liệu xây dựng & Nội thất
NNG,Công ty Cổ phần Công nghiệp - Dịch vụ - Thương mại Ngọc Nghĩa,CT,1,1000,Nguyên vật liệu
NNG,Công ty Cổ phần Công nghiệp - Dịch vụ - Thương mại Ngọc Nghĩa,CT,2,1300,Hóa chất
NNG,Công ty Cổ phần Công nghiệp - Dịch vụ - Thương mại Ngọc Nghĩa,CT,3,1350,Hóa chất
NNG,Công ty Cổ phần Công nghiệp - Dịch vụ - Thương mại Ngọc Nghĩa,CT,4,1353,"Nhựa, cao su & sợi"
NNQ,Công ty Cổ phần Giống Nông Nghiệp Quảng Nam,CT,1,3000,Hàng Tiêu dùng
NNQ,Công ty Cổ phần Giống Nông Nghiệp Quảng Nam,CT,2,3500,Thực phẩm và đồ uống
NNQ,Công ty Cổ phần Giống Nông Nghiệp Quảng Nam,CT,3,3570,Sản xuất thực phẩm
NNQ,Công ty Cổ phần Giống Nông Nghiệp Quảng Nam,CT,4,3573,Nuôi trồng nông & hải sản
NNT,Công ty Cổ phần Cấp nước Ninh Thuận,CT,1,7000,Tiện ích Cộng đồng
NNT,Công ty Cổ phần Cấp nước Ninh Thuận,CT,2,7500,"Điện, nước & xăng dầu khí đốt"
NNT,Công ty Cổ phần Cấp nước Ninh Thuận,CT,3,7570,Nước & Khí đốt
NNT,Công ty Cổ phần Cấp nước Ninh Thuận,CT,4,7577,Nước
NO1,Công ty Cổ phần Tâp đoàn 911,CT,1,2000,Công nghiệp
NO1,Công ty Cổ phần Tâp đoàn 911,CT,2,2700,Hàng & Dịch vụ Công nghiệp
NO1,Công ty Cổ phần Tâp đoàn 911,CT,3,2750,Công nghiệp nặng
NO1,Công ty Cổ phần Tâp đoàn 911,CT,4,2757,Máy công nghiệp
NOS,Công ty Cổ phần Vận tải Biển và Thương mại Phương Đông,CT,1,2000,Công nghiệp
NOS,Công ty Cổ phần Vận tải Biển và Thương mại Phương Đông,CT,2,2700,Hàng & Dịch vụ Công nghiệp
NOS,Công ty Cổ phần Vận tải Biển và Thương mại Phương Đông,CT,3,2770,Vận tải
NOS,Công ty Cổ phần Vận tải Biển và Thương mại Phương Đông,CT,4,2773,Vận tải Thủy
NQB,Công ty Cổ phần Cấp nước Quảng Bình,CT,1,7000,Tiện ích Cộng đồng
NQB,Công ty Cổ phần Cấp nước Quảng Bình,CT,2,7500,"Điện, nước & xăng dầu khí đốt"
NQB,Công ty Cổ phần Cấp nước Quảng Bình,CT,3,7570,Nước & Khí đốt
NQB,Công ty Cổ phần Cấp nước Quảng Bình,CT,4,7577,Nước
NQN,Công ty Cổ phần Nước sạch Quảng Ninh,CT,1,7000,Tiện ích Cộng đồng
NQN,Công ty Cổ phần Nước sạch Quảng Ninh,CT,2,7500,"Điện, nước & xăng dầu khí đốt"
NQN,Công ty Cổ phần Nước sạch Quảng Ninh,CT,3,7570,Nước & Khí đốt
NQN,Công ty Cổ phần Nước sạch Quảng Ninh,CT,4,7577,Nước
NQT,Công ty Cổ phần Nước sạch Quảng Trị,CT,1,7000,Tiện ích Cộng đồng
NQT,Công ty Cổ phần Nước sạch Quảng Trị,CT,2,7500,"Điện, nước & xăng dầu khí đốt"
NQT,Công ty Cổ phần Nước sạch Quảng Trị,CT,3,7570,Nước & Khí đốt
NQT,Công ty Cổ phần Nước sạch Quảng Trị,CT,4,7577,Nước
NRC,Công ty Cổ phần Tập đoàn Bất động sản Quốc gia,CT,1,8000,Tài chính
NRC,Công ty Cổ phần Tập đoàn Bất động sản Quốc gia,CT,2,8600,Bất động sản
NRC,Công ty Cổ phần Tập đoàn Bất động sản Quốc gia,CT,3,8630,Bất động sản
NRC,Công ty Cổ phần Tập đoàn Bất động sản Quốc gia,CT,4,8633,Bất động sản
NS2,Công ty Cổ phần Nước sạch số 2 Hà Nội,CT,1,7000,Tiện ích Cộng đồng
NS2,Công ty Cổ phần Nước sạch số 2 Hà Nội,CT,2,7500,"Điện, nước & xăng dầu khí đốt"
NS2,Công ty Cổ phần Nước sạch số 2 Hà Nội,CT,3,7570,Nước & Khí đốt
NS2,Công ty Cổ phần Nước sạch số 2 Hà Nội,CT,4,7577,Nước
NS3,Công ty Cổ phần Sản xuất Kinh doanh Nước sạch số 3 Hà Nội,CT,1,7000,Tiện ích Cộng đồng
NS3,Công ty Cổ phần Sản xuất Kinh doanh Nước sạch số 3 Hà Nội,CT,2,7500,"Điện, nước & xăng dầu khí đốt"
NS3,Công ty Cổ phần Sản xuất Kinh doanh Nước sạch số 3 Hà Nội,CT,3,7570,Nước & Khí đốt
NS3,Công ty Cổ phần Sản xuất Kinh doanh Nước sạch số 3 Hà Nội,CT,4,7577,Nước
NSC,Công ty Cổ phần Tập đoàn Giống cây trồng Việt Nam,CT,1,3000,Hàng Tiêu dùng
NSC,Công ty Cổ phần Tập đoàn Giống cây trồng Việt Nam,CT,2,3500,Thực phẩm và đồ uống
NSC,Công ty Cổ phần Tập đoàn Giống cây trồng Việt Nam,CT,3,3570,Sản xuất thực phẩm
NSC,Công ty Cổ phần Tập đoàn Giống cây trồng Việt Nam,CT,4,3573,Nuôi trồng nông & hải sản
NSG,Công ty Cổ phần Nhựa Sài Gòn,CT,1,1000,Nguyên vật liệu
NSG,Công ty Cổ phần Nhựa Sài Gòn,CT,2,1300,Hóa chất
NSG,Công ty Cổ phần Nhựa Sài Gòn,CT,3,1350,Hóa chất
NSG,Công ty Cổ phần Nhựa Sài Gòn,CT,4,1353,"Nhựa, cao su & sợi"
NSH,Công ty Cổ phần Tập đoàn Nhôm Sông Hồng Shalumi,CT,1,1000,Nguyên vật liệu
NSH,Công ty Cổ phần Tập đoàn Nhôm Sông Hồng Shalumi,CT,2,1700,Tài nguyên Cơ bản
NSH,Công ty Cổ phần Tập đoàn Nhôm Sông Hồng Shalumi,CT,3,1750,Kim loại
NSH,Công ty Cổ phần Tập đoàn Nhôm Sông Hồng Shalumi,CT,4,1753,Nhôm
NSL,Công ty Cổ phần Cấp nước Sơn La,CT,1,7000,Tiện ích Cộng đồng
NSL,Công ty Cổ phần Cấp nước Sơn La,CT,2,7500,"Điện, nước & xăng dầu khí đốt"
NSL,Công ty Cổ phần Cấp nước Sơn La,CT,3,7570,Nước & Khí đốt
NSL,Công ty Cổ phần Cấp nước Sơn La,CT,4,7577,Nước
NSS,Công ty Cổ phần Nông súc sản Đồng Nai,CT,1,3000,Hàng Tiêu dùng
NSS,Công ty Cổ phần Nông súc sản Đồng Nai,CT,2,3500,Thực phẩm và đồ uống
NSS,Công ty Cổ phần Nông súc sản Đồng Nai,CT,3,3570,Sản xuất thực phẩm
NSS,Công ty Cổ phần Nông súc sản Đồng Nai,CT,4,3573,Nuôi trồng nông & hải sản
NST,Công ty Cổ phần Ngân Sơn,CT,1,3000,Hàng Tiêu dùng
NST,Công ty Cổ phần Ngân Sơn,CT,2,3700,Hàng cá nhân & Gia dụng
NST,Công ty Cổ phần Ngân Sơn,CT,3,3780,Thuốc lá
NST,Công ty Cổ phần Ngân Sơn,CT,4,3785,Thuốc lá
NT2,Công ty Cổ phần Điện lực Dầu khí Nhơn Trạch 2,CT,1,7000,Tiện ích Cộng đồng
NT2,Công ty Cổ phần Điện lực Dầu khí Nhơn Trạch 2,CT,2,7500,"Điện, nước & xăng dầu khí đốt"
NT2,Công ty Cổ phần Điện lực Dầu khí Nhơn Trạch 2,CT,3,7530,Sản xuất & Phân phối Điện
NT2,Công ty Cổ phần Điện lực Dầu khí Nhơn Trạch 2,CT,4,7535,Sản xuất & Phân phối Điện
NTB,Công ty Cổ phần Đầu tư Xây dựng và Khai thác Công trình giao thông 584,CT,1,8000,Tài chính
NTB,Công ty Cổ phần Đầu tư Xây dựng và Khai thác Công trình giao thông 584,CT,2,8600,Bất động sản
NTB,Công ty Cổ phần Đầu tư Xây dựng và Khai thác Công trình giao thông 584,CT,3,8630,Bất động sản
NTB,Công ty Cổ phần Đầu tư Xây dựng và Khai thác Công trình giao thông 584,CT,4,8633,Bất động sản
NTC,Công ty Cổ phần Khu Công nghiệp Nam Tân Uyên,CT,1,8000,Tài chính
NTC,Công ty Cổ phần Khu Công nghiệp Nam Tân Uyên,CT,2,8600,Bất động sản
NTC,Công ty Cổ phần Khu Công nghiệp Nam Tân Uyên,CT,3,8630,Bất động sản
NTC,Công ty Cổ phần Khu Công nghiệp Nam Tân Uyên,CT,4,8633,Bất động sản
NTF,Công ty Cổ phần Dược - Vật tư y tế Nghệ An,CT,1,4000,Dược phẩm và Y tế
NTF,Công ty Cổ phần Dược - Vật tư y tế Nghệ An,CT,2,4500,Y tế
NTF,Công ty Cổ phần Dược - Vật tư y tế Nghệ An,CT,3,4570,Dược phẩm
NTF,Công ty Cổ phần Dược - Vật tư y tế Nghệ An,CT,4,4577,Dược phẩm
NTG,Công ty Cổ phần Vận tải thủy bộ Kiên Giang,CT,1,5000,Dịch vụ Tiêu dùng
NTG,Công ty Cổ phần Vận tải thủy bộ Kiên Giang,CT,2,5700,Du lịch và Giải trí
NTG,Công ty Cổ phần Vận tải thủy bộ Kiên Giang,CT,3,5750,Du lịch & Giải trí
NTG,Công ty Cổ phần Vận tải thủy bộ Kiên Giang,CT,4,5759,Vận tải hành khách & Du lịch
NTH,Công ty Cổ phần Thủy điện Nước Trong,CT,1,7000,Tiện ích Cộng đồng
NTH,Công ty Cổ phần Thủy điện Nước Trong,CT,2,7500,"Điện, nước & xăng dầu khí đốt"
NTH,Công ty Cổ phần Thủy điện Nước Trong,CT,3,7530,Sản xuất & Phân phối Điện
NTH,Công ty Cổ phần Thủy điện Nước Trong,CT,4,7535,Sản xuất & Phân phối Điện
NTL,Công ty Cổ phần Phát triển Đô thị Từ Liêm,CT,1,8000,Tài chính
NTL,Công ty Cổ phần Phát triển Đô thị Từ Liêm,CT,2,8600,Bất động sản
NTL,Công ty Cổ phần Phát triển Đô thị Từ Liêm,CT,3,8630,Bất động sản
NTL,Công ty Cổ phần Phát triển Đô thị Từ Liêm,CT,4,8633,Bất động sản
NTP,Công ty Cổ phần Nhựa Thiếu niên Tiền Phong,CT,1,2000,Công nghiệp
NTP,Công ty Cổ phần Nhựa Thiếu niên Tiền Phong,CT,2,2300,Xây dựng và Vật liệu
NTP,Công ty Cổ phần Nhựa Thiếu niên Tiền Phong,CT,3,2350,Xây dựng và Vật liệu
NTP,Công ty Cổ phần Nhựa Thiếu niên Tiền Phong,CT,4,2353,Vật liệu xây dựng & Nội thất
NTS,Công ty Cổ phần Nội thất Shinec,CT,1,2000,Công nghiệp
NTS,Công ty Cổ phần Nội thất Shinec,CT,2,2300,Xây dựng và Vật liệu
NTS,Công ty Cổ phần Nội thất Shinec,CT,3,2350,Xây dựng và Vật liệu
NTS,Công ty Cổ phần Nội thất Shinec,CT,4,2353,Vật liệu xây dựng & Nội thất
NTT,Công ty Cổ phần Dệt - May Nha Trang,CT,1,3000,Hàng Tiêu dùng
NTT,Công ty Cổ phần Dệt - May Nha Trang,CT,2,3700,Hàng cá nhân & Gia dụng
NTT,Công ty Cổ phần Dệt - May Nha Trang,CT,3,3760,Hàng cá nhân
NTT,Công ty Cổ phần Dệt - May Nha Trang,CT,4,3763,Hàng May mặc
NTW,Công ty Cổ phần Cấp nước Nhơn Trạch,CT,1,7000,Tiện ích Cộng đồng
NTW,Công ty Cổ phần Cấp nước Nhơn Trạch,CT,2,7500,"Điện, nước & xăng dầu khí đốt"
NTW,Công ty Cổ phần Cấp nước Nhơn Trạch,CT,3,7570,Nước & Khí đốt
NTW,Công ty Cổ phần Cấp nước Nhơn Trạch,CT,4,7577,Nước
NUE,Công ty Cổ phần Môi trường Đô thị Nha Trang,CT,1,2000,Công nghiệp
NUE,Công ty Cổ phần Môi trường Đô thị Nha Trang,CT,2,2700,Hàng & Dịch vụ Công nghiệp
NUE,Công ty Cổ phần Môi trường Đô thị Nha Trang,CT,3,2790,Tư vấn & Hỗ trợ Kinh doanh
NUE,Công ty Cổ phần Môi trường Đô thị Nha Trang,CT,4,2799,Chất thải & Môi trường
NVB,Ngân hàng Thương mại Cổ phần Quốc Dân,NH,1,8301,Ngân hàng
NVB,Ngân hàng Thương mại Cổ phần Quốc Dân,NH,2,8300,Ngân hàng
NVB,Ngân hàng Thương mại Cổ phần Quốc Dân,NH,3,8350,Ngân hàng
NVB,Ngân hàng Thương mại Cổ phần Quốc Dân,NH,4,8355,Ngân hàng
NVL,Công ty Cổ phần Tập đoàn Đầu tư Địa ốc No Va,CT,1,8000,Tài chính
NVL,Công ty Cổ phần Tập đoàn Đầu tư Địa ốc No Va,CT,2,8600,Bất động sản
NVL,Công ty Cổ phần Tập đoàn Đầu tư Địa ốc No Va,CT,3,8630,Bất động sản
NVL,Công ty Cổ phần Tập đoàn Đầu tư Địa ốc No Va,CT,4,8633,Bất động sản
NVN,Công ty Cổ phần Nhà Việt Nam,CT,1,8000,Tài chính
NVN,Công ty Cổ phần Nhà Việt Nam,CT,2,8600,Bất động sản
NVN,Công ty Cổ phần Nhà Việt Nam,CT,3,8630,Bất động sản
NVN,Công ty Cổ phần Nhà Việt Nam,CT,4,8633,Bất động sản
NVP,Công ty Cổ phần Nước sạch Vĩnh Phúc,CT,1,7000,Tiện ích Cộng đồng
NVP,Công ty Cổ phần Nước sạch Vĩnh Phúc,CT,2,7500,"Điện, nước & xăng dầu khí đốt"
NVP,Công ty Cổ phần Nước sạch Vĩnh Phúc,CT,3,7570,Nước & Khí đốt
NVP,Công ty Cổ phần Nước sạch Vĩnh Phúc,CT,4,7577,Nước
NVT,Công ty Cổ phần Bất động sản Du lịch Ninh Vân Bay,CT,1,8000,Tài chính
NVT,Công ty Cổ phần Bất động sản Du lịch Ninh Vân Bay,CT,2,8600,Bất động sản
NVT,Công ty Cổ phần Bất động sản Du lịch Ninh Vân Bay,CT,3,8630,Bất động sản
NVT,Công ty Cổ phần Bất động sản Du lịch Ninh Vân Bay,CT,4,8633,Bất động sản
NWT,Công ty Cổ phần Vận tải Newway,CT,1,5000,Dịch vụ Tiêu dùng
NWT,Công ty Cổ phần Vận tải Newway,CT,2,5700,Du lịch và Giải trí
NWT,Công ty Cổ phần Vận tải Newway,CT,3,5750,Du lịch & Giải trí
NWT,Công ty Cổ phần Vận tải Newway,CT,4,5759,Vận tải hành khách & Du lịch
NXT,Công ty Cổ phần Sản xuất và Cung ứng vật liệu xây dựng Kon Tum,CT,1,2000,Công nghiệp
NXT,Công ty Cổ phần Sản xuất và Cung ứng vật liệu xây dựng Kon Tum,CT,2,2300,Xây dựng và Vật liệu
NXT,Công ty Cổ phần Sản xuất và Cung ứng vật liệu xây dựng Kon Tum,CT,3,2350,Xây dựng và Vật liệu
NXT,Công ty Cổ phần Sản xuất và Cung ứng vật liệu xây dựng Kon Tum,CT,4,2353,Vật liệu xây dựng & Nội thất
OCB,Ngân hàng Thương mại Cổ phần Phương Đông,NH,1,8301,Ngân hàng
OCB,Ngân hàng Thương mại Cổ phần Phương Đông,NH,2,8300,Ngân hàng
OCB,Ngân hàng Thương mại Cổ phần Phương Đông,NH,3,8350,Ngân hàng
OCB,Ngân hàng Thương mại Cổ phần Phương Đông,NH,4,8355,Ngân hàng
OCH,Công ty Cổ phần One Capital Hospitality,CT,1,3000,Hàng Tiêu dùng
OCH,Công ty Cổ phần One Capital Hospitality,CT,2,3500,Thực phẩm và đồ uống
OCH,Công ty Cổ phần One Capital Hospitality,CT,3,3570,Sản xuất thực phẩm
OCH,Công ty Cổ phần One Capital Hospitality,CT,4,3577,Thực phẩm
ODE,Công ty cổ phần Tập đoàn Truyền thông và Giải trí ODE,CT,1,5000,Dịch vụ Tiêu dùng
ODE,Công ty cổ phần Tập đoàn Truyền thông và Giải trí ODE,CT,2,5500,Truyền thông
ODE,Công ty cổ phần Tập đoàn Truyền thông và Giải trí ODE,CT,3,5550,Truyền thông
ODE,Công ty cổ phần Tập đoàn Truyền thông và Giải trí ODE,CT,4,5553,Giải trí & Truyền thông
OGC,Công ty Cổ phần Tập đoàn Đại Dương,CT,1,8000,Tài chính
OGC,Công ty Cổ phần Tập đoàn Đại Dương,CT,2,8700,Dịch vụ tài chính
OGC,Công ty Cổ phần Tập đoàn Đại Dương,CT,3,8770,Dịch vụ tài chính
OGC,Công ty Cổ phần Tập đoàn Đại Dương,CT,4,8775,Tài chính đặc biệt
OIL,Tổng Công ty Dầu Việt Nam - Công ty Cổ phần,CT,1,0001,Dầu khí
OIL,Tổng Công ty Dầu Việt Nam - Công ty Cổ phần,CT,2,0500,Dầu khí
OIL,Tổng Công ty Dầu Việt Nam - Công ty Cổ phần,CT,3,0530,Sản xuất Dầu khí
OIL,Tổng Công ty Dầu Việt Nam - Công ty Cổ phần,CT,4,0533,Sản xuất và Khai thác dầu khí
ONE,Công ty Cổ phần Công nghệ ONE,CT,1,9000,Công nghệ Thông tin
ONE,Công ty Cổ phần Công nghệ ONE,CT,2,9500,Công nghệ Thông tin
ONE,Công ty Cổ phần Công nghệ ONE,CT,3,9570,Thiết bị và Phần cứng
ONE,Công ty Cổ phần Công nghệ ONE,CT,4,9572,Phần cứng
ONW,Công ty Cổ phần Tập đoàn ONW,CT,1,5000,Dịch vụ Tiêu dùng
ONW,Công ty Cổ phần Tập đoàn ONW,CT,2,5700,Du lịch và Giải trí
ONW,Công ty Cổ phần Tập đoàn ONW,CT,3,5750,Du lịch & Giải trí
ONW,Công ty Cổ phần Tập đoàn ONW,CT,4,5755,Dịch vụ giải trí
OPC,Công ty Cổ phần Dược Phẩm OPC,CT,1,4000,Dược phẩm và Y tế
OPC,Công ty Cổ phần Dược Phẩm OPC,CT,2,4500,Y tế
OPC,Công ty Cổ phần Dược Phẩm OPC,CT,3,4570,Dược phẩm
OPC,Công ty Cổ phần Dược Phẩm OPC,CT,4,4577,Dược phẩm
ORS,Công ty Cổ phần Chứng khoán Tiên Phong,CK,1,8000,Tài chính
ORS,Công ty Cổ phần Chứng khoán Tiên Phong,CK,2,8700,Dịch vụ tài chính
ORS,Công ty Cổ phần Chứng khoán Tiên Phong,CK,3,8770,Dịch vụ tài chính
ORS,Công ty Cổ phần Chứng khoán Tiên Phong,CK,4,8777,Môi giới chứng khoán
PAC,Công ty Cổ phần Pin Ắc quy Miền Nam,CT,1,2000,Công nghiệp
PAC,Công ty Cổ phần Pin Ắc quy Miền Nam,CT,2,2700,Hàng & Dịch vụ Công nghiệp
PAC,Công ty Cổ phần Pin Ắc quy Miền Nam,CT,3,2730,Điện tử & Thiết bị điện
PAC,Công ty Cổ phần Pin Ắc quy Miền Nam,CT,4,2733,Hàng điện & điện tử
PAI,"Công ty Cổ phần Công nghê thông tin, Viễn thông và Tự động hóa Dầu khí",CT,1,6000,Viễn thông
PAI,"Công ty Cổ phần Công nghê thông tin, Viễn thông và Tự động hóa Dầu khí",CT,2,6500,Viễn thông
PAI,"Công ty Cổ phần Công nghê thông tin, Viễn thông và Tự động hóa Dầu khí",CT,3,6530,Viễn thông cố định
PAI,"Công ty Cổ phần Công nghê thông tin, Viễn thông và Tự động hóa Dầu khí",CT,4,6535,Viễn thông cố định
PAN,Công ty Cổ phần Tập đoàn PAN,CT,1,3000,Hàng Tiêu dùng
PAN,Công ty Cổ phần Tập đoàn PAN,CT,2,3500,Thực phẩm và đồ uống
PAN,Công ty Cổ phần Tập đoàn PAN,CT,3,3570,Sản xuất thực phẩm
PAN,Công ty Cổ phần Tập đoàn PAN,CT,4,3577,Thực phẩm
PAP,Công ty Cổ phần Dầu khí đầu tư khai thác Cảng Phước An,CT,1,2000,Công nghiệp
PAP,Công ty Cổ phần Dầu khí đầu tư khai thác Cảng Phước An,CT,2,2700,Hàng & Dịch vụ Công nghiệp
PAP,Công ty Cổ phần Dầu khí đầu tư khai thác Cảng Phước An,CT,3,2770,Vận tải
PAP,Công ty Cổ phần Dầu khí đầu tư khai thác Cảng Phước An,CT,4,2777,"Kho bãi, hậu cần và bảo dưỡng"
PAS,Công ty Cổ phần Quốc tế Phương Anh,CT,1,1000,Nguyên vật liệu
PAS,Công ty Cổ phần Quốc tế Phương Anh,CT,2,1700,Tài nguyên Cơ bản
PAS,Công ty Cổ phần Quốc tế Phương Anh,CT,3,1750,Kim loại
PAS,Công ty Cổ phần Quốc tế Phương Anh,CT,4,1757,Thép và sản phẩm thép
PAT,Công ty Cổ phần Phốt pho Apatit Việt Nam,CT,1,1000,Nguyên vật liệu
PAT,Công ty Cổ phần Phốt pho Apatit Việt Nam,CT,2,1300,Hóa chất
PAT,Công ty Cổ phần Phốt pho Apatit Việt Nam,CT,3,1350,Hóa chất
PAT,Công ty Cổ phần Phốt pho Apatit Việt Nam,CT,4,1357,"Sản phẩm hóa dầu, Nông dược & Hóa chất khác"
PBC,Công ty Cổ phần Dược Phẩm Trung ương 1 - Pharbaco,CT,1,4000,Dược phẩm và Y tế
PBC,Công ty Cổ phần Dược Phẩm Trung ương 1 - Pharbaco,CT,2,4500,Y tế
PBC,Công ty Cổ phần Dược Phẩm Trung ương 1 - Pharbaco,CT,3,4570,Dược phẩm
PBC,Công ty Cổ phần Dược Phẩm Trung ương 1 - Pharbaco,CT,4,4577,Dược phẩm
PBK,Công ty Cổ phần Điện lực Dầu khí Bắc Kạn,CT,1,7000,Tiện ích Cộng đồng
PBK,Công ty Cổ phần Điện lực Dầu khí Bắc Kạn,CT,2,7500,"Điện, nước & xăng dầu khí đốt"
PBK,Công ty Cổ phần Điện lực Dầu khí Bắc Kạn,CT,3,7530,Sản xuất & Phân phối Điện
PBK,Công ty Cổ phần Điện lực Dầu khí Bắc Kạn,CT,4,7535,Sản xuất & Phân phối Điện
PBP,Công ty Cổ phần Bao bì Dầu khí Việt Nam,CT,1,2000,Công nghiệp
PBP,Công ty Cổ phần Bao bì Dầu khí Việt Nam,CT,2,2700,Hàng & Dịch vụ Công nghiệp
PBP,Công ty Cổ phần Bao bì Dầu khí Việt Nam,CT,3,2720,Hàng công nghiệp
PBP,Công ty Cổ phần Bao bì Dầu khí Việt Nam,CT,4,2723,Containers & Đóng gói
PBT,Công ty Cổ Phần Bao bì và Thương mại Dầu khí Bình Sơn,CT,1,2000,Công nghiệp
PBT,Công ty Cổ Phần Bao bì và Thương mại Dầu khí Bình Sơn,CT,2,2700,Hàng & Dịch vụ Công nghiệp
PBT,Công ty Cổ Phần Bao bì và Thương mại Dầu khí Bình Sơn,CT,3,2720,Hàng công nghiệp
PBT,Công ty Cổ Phần Bao bì và Thương mại Dầu khí Bình Sơn,CT,4,2723,Containers & Đóng gói
PC1,Công ty Cổ phần Tập đoàn PC1,CT,1,2000,Công nghiệp
PC1,Công ty Cổ phần Tập đoàn PC1,CT,2,2300,Xây dựng và Vật liệu
PC1,Công ty Cổ phần Tập đoàn PC1,CT,3,2350,Xây dựng và Vật liệu
PC1,Công ty Cổ phần Tập đoàn PC1,CT,4,2357,Xây dựng
PCB,Ngân hàng Thương mại Cổ phần Đại chúng Việt Nam,NH,1,8301,Ngân hàng
PCB,Ngân hàng Thương mại Cổ phần Đại chúng Việt Nam,NH,2,8300,Ngân hàng
PCB,Ngân hàng Thương mại Cổ phần Đại chúng Việt Nam,NH,3,8350,Ngân hàng
PCB,Ngân hàng Thương mại Cổ phần Đại chúng Việt Nam,NH,4,8355,Ngân hàng
PCC,Công ty Cổ phần Tập đoàn Xây lắp 1 - Petrolimex,CT,1,2000,Công nghiệp
PCC,Công ty Cổ phần Tập đoàn Xây lắp 1 - Petrolimex,CT,2,2300,Xây dựng và Vật liệu
PCC,Công ty Cổ phần Tập đoàn Xây lắp 1 - Petrolimex,CT,3,2350,Xây dựng và Vật liệu
PCC,Công ty Cổ phần Tập đoàn Xây lắp 1 - Petrolimex,CT,4,2357,Xây dựng
PCE,Công ty Cổ phần Phân bón và hóa chất dầu khí Miền Trung,CT,1,1000,Nguyên vật liệu
PCE,Công ty Cổ phần Phân bón và hóa chất dầu khí Miền Trung,CT,2,1300,Hóa chất
PCE,Công ty Cổ phần Phân bón và hóa chất dầu khí Miền Trung,CT,3,1350,Hóa chất
PCE,Công ty Cổ phần Phân bón và hóa chất dầu khí Miền Trung,CT,4,1357,"Sản phẩm hóa dầu, Nông dược & Hóa chất khác"
PCF,Công ty Cổ phần Cà phê PETEC,CT,1,3000,Hàng Tiêu dùng
PCF,Công ty Cổ phần Cà phê PETEC,CT,2,3500,Thực phẩm và đồ uống
PCF,Công ty Cổ phần Cà phê PETEC,CT,3,3530,Bia và đồ uống
PCF,Công ty Cổ phần Cà phê PETEC,CT,4,3537,Đồ uống & giải khát
PCG,Công ty Cổ phần Đầu tư Phát triển Gas Đô thị,CT,1,7000,Tiện ích Cộng đồng
PCG,Công ty Cổ phần Đầu tư Phát triển Gas Đô thị,CT,2,7500,"Điện, nước & xăng dầu khí đốt"
PCG,Công ty Cổ phần Đầu tư Phát triển Gas Đô thị,CT,3,7570,Nước & Khí đốt
PCG,Công ty Cổ phần Đầu tư Phát triển Gas Đô thị,CT,4,7573,Phân phối xăng dầu & khí đốt
PCH,Công ty Cổ phần Picomat Holding,CT,1,1000,Nguyên vật liệu
PCH,Công ty Cổ phần Picomat Holding,CT,2,1300,Hóa chất
PCH,Công ty Cổ phần Picomat Holding,CT,3,1350,Hóa chất
PCH,Công ty Cổ phần Picomat Holding,CT,4,1353,"Nhựa, cao su & sợi"
PCM,Công ty Cổ phần Vật liệu Xây dựng Bưu điện,CT,1,2000,Công nghiệp
PCM,Công ty Cổ phần Vật liệu Xây dựng Bưu điện,CT,2,2300,Xây dựng và Vật liệu
PCM,Công ty Cổ phần Vật liệu Xây dựng Bưu điện,CT,3,2350,Xây dựng và Vật liệu
PCM,Công ty Cổ phần Vật liệu Xây dựng Bưu điện,CT,4,2353,Vật liệu xây dựng & Nội thất
PCN,Công ty Cổ phần Hóa phẩm dầu khí DMC - Miền Bắc,CT,1,1000,Nguyên vật liệu
PCN,Công ty Cổ phần Hóa phẩm dầu khí DMC - Miền Bắc,CT,2,1300,Hóa chất
PCN,Công ty Cổ phần Hóa phẩm dầu khí DMC - Miền Bắc,CT,3,1350,Hóa chất
PCN,Công ty Cổ phần Hóa phẩm dầu khí DMC - Miền Bắc,CT,4,1357,"Sản phẩm hóa dầu, Nông dược & Hóa chất khác"
PCT,Công ty Cổ phần Vận tải Biển Global Pacific,CT,1,2000,Công nghiệp
PCT,Công ty Cổ phần Vận tải Biển Global Pacific,CT,2,2700,Hàng & Dịch vụ Công nghiệp
PCT,Công ty Cổ phần Vận tải Biển Global Pacific,CT,3,2770,Vận tải
PCT,Công ty Cổ phần Vận tải Biển Global Pacific,CT,4,2779,Dịch vụ vận tải
PDB,Công ty Cổ phần Tập đoàn Đầu tư DIN Capital,CT,1,2000,Công nghiệp
PDB,Công ty Cổ phần Tập đoàn Đầu tư DIN Capital,CT,2,2300,Xây dựng và Vật liệu
PDB,Công ty Cổ phần Tập đoàn Đầu tư DIN Capital,CT,3,2350,Xây dựng và Vật liệu
PDB,Công ty Cổ phần Tập đoàn Đầu tư DIN Capital,CT,4,2353,Vật liệu xây dựng & Nội thất
PDC,Công ty Cổ phần Du lịch Dầu khí Phương Đông,CT,1,5000,Dịch vụ Tiêu dùng
PDC,Công ty Cổ phần Du lịch Dầu khí Phương Đông,CT,2,5700,Du lịch và Giải trí
PDC,Công ty Cổ phần Du lịch Dầu khí Phương Đông,CT,3,5750,Du lịch & Giải trí
PDC,Công ty Cổ phần Du lịch Dầu khí Phương Đông,CT,4,5759,Vận tải hành khách & Du lịch
PDN,Công ty Cổ phần Cảng Đồng Nai,CT,1,2000,Công nghiệp
PDN,Công ty Cổ phần Cảng Đồng Nai,CT,2,2700,Hàng & Dịch vụ Công nghiệp
PDN,Công ty Cổ phần Cảng Đồng Nai,CT,3,2770,Vận tải
PDN,Công ty Cổ phần Cảng Đồng Nai,CT,4,2777,"Kho bãi, hậu cần và bảo dưỡng"
PDR,Công ty Cổ phần Phát triển Bất động sản Phát Đạt,CT,1,8000,Tài chính
PDR,Công ty Cổ phần Phát triển Bất động sản Phát Đạt,CT,2,8600,Bất động sản
PDR,Công ty Cổ phần Phát triển Bất động sản Phát Đạt,CT,3,8630,Bất động sản
PDR,Công ty Cổ phần Phát triển Bất động sản Phát Đạt,CT,4,8633,Bất động sản
PDT,Công ty Cổ phần Thương mại Dầu khí Đồng Tháp,CT,1,7000,Tiện ích Cộng đồng
PDT,Công ty Cổ phần Thương mại Dầu khí Đồng Tháp,CT,2,7500,"Điện, nước & xăng dầu khí đốt"
PDT,Công ty Cổ phần Thương mại Dầu khí Đồng Tháp,CT,3,7570,Nước & Khí đốt
PDT,Công ty Cổ phần Thương mại Dầu khí Đồng Tháp,CT,4,7573,Phân phối xăng dầu & khí đốt
PDV,Công ty Cổ phần Vận tải và Tiếp vận Phương Đông Việt,CT,1,2000,Công nghiệp
PDV,Công ty Cổ phần Vận tải và Tiếp vận Phương Đông Việt,CT,2,2700,Hàng & Dịch vụ Công nghiệp
PDV,Công ty Cổ phần Vận tải và Tiếp vận Phương Đông Việt,CT,3,2770,Vận tải
PDV,Công ty Cổ phần Vận tải và Tiếp vận Phương Đông Việt,CT,4,2773,Vận tải Thủy
PEC,Công ty Cổ phần Cơ khí Điện lực,CT,1,2000,Công nghiệp
PEC,Công ty Cổ phần Cơ khí Điện lực,CT,2,2700,Hàng & Dịch vụ Công nghiệp
PEC,Công ty Cổ phần Cơ khí Điện lực,CT,3,2750,Công nghiệp nặng
PEC,Công ty Cổ phần Cơ khí Điện lực,CT,4,2757,Máy công nghiệp
PEG,Tổng Công ty Thương mại Kỹ thuật và Đầu tư - Công ty Cổ phần,CT,1,7000,Tiện ích Cộng đồng
PEG,Tổng Công ty Thương mại Kỹ thuật và Đầu tư - Công ty Cổ phần,CT,2,7500,"Điện, nước & xăng dầu khí đốt"
PEG,Tổng Công ty Thương mại Kỹ thuật và Đầu tư - Công ty Cổ phần,CT,3,7570,Nước & Khí đốt
PEG,Tổng Công ty Thương mại Kỹ thuật và Đầu tư - Công ty Cổ phần,CT,4,7573,Phân phối xăng dầu & khí đốt
PEN,Công ty Cổ phần Xây lắp III Petrolimex,CT,1,2000,Công nghiệp
PEN,Công ty Cổ phần Xây lắp III Petrolimex,CT,2,2300,Xây dựng và Vật liệu
PEN,Công ty Cổ phần Xây lắp III Petrolimex,CT,3,2350,Xây dựng và Vật liệu
PEN,Công ty Cổ phần Xây lắp III Petrolimex,CT,4,2357,Xây dựng
PEQ,Công ty Cổ phần Thiết bị xăng dầu Petrolimex,CT,1,0001,Dầu khí
PEQ,Công ty Cổ phần Thiết bị xăng dầu Petrolimex,CT,2,0500,Dầu khí
PEQ,Công ty Cổ phần Thiết bị xăng dầu Petrolimex,CT,3,0570,"Thiết bị, Dịch vụ và Phân phối Dầu khí"
PEQ,Công ty Cổ phần Thiết bị xăng dầu Petrolimex,CT,4,0573,Thiết bị và Dịch vụ Dầu khí
PET,Tổng Công ty Cổ phần Dịch vụ Tổng hợp Dầu khí,CT,1,5000,Dịch vụ Tiêu dùng
PET,Tổng Công ty Cổ phần Dịch vụ Tổng hợp Dầu khí,CT,2,5300,Bán lẻ
PET,Tổng Công ty Cổ phần Dịch vụ Tổng hợp Dầu khí,CT,3,5370,Bán lẻ
PET,Tổng Công ty Cổ phần Dịch vụ Tổng hợp Dầu khí,CT,4,5379,Phân phối hàng chuyên dụng
PFL,Công ty Cổ phần Dầu khí Đông Đô,CT,1,2000,Công nghiệp
PFL,Công ty Cổ phần Dầu khí Đông Đô,CT,2,2300,Xây dựng và Vật liệu
PFL,Công ty Cổ phần Dầu khí Đông Đô,CT,3,2350,Xây dựng và Vật liệu
PFL,Công ty Cổ phần Dầu khí Đông Đô,CT,4,2357,Xây dựng
PGB,Ngân hàng Thương mại Cổ phần Thịnh vượng và Phát triển,NH,1,8301,Ngân hàng
PGB,Ngân hàng Thương mại Cổ phần Thịnh vượng và Phát triển,NH,2,8300,Ngân hàng
PGB,Ngân hàng Thương mại Cổ phần Thịnh vượng và Phát triển,NH,3,8350,Ngân hàng
PGB,Ngân hàng Thương mại Cổ phần Thịnh vượng và Phát triển,NH,4,8355,Ngân hàng
PGC,Tổng Công ty Gas Petrolimex - Công ty Cổ phần,CT,1,7000,Tiện ích Cộng đồng
PGC,Tổng Công ty Gas Petrolimex - Công ty Cổ phần,CT,2,7500,"Điện, nước & xăng dầu khí đốt"
PGC,Tổng Công ty Gas Petrolimex - Công ty Cổ phần,CT,3,7570,Nước & Khí đốt
PGC,Tổng Công ty Gas Petrolimex - Công ty Cổ phần,CT,4,7573,Phân phối xăng dầu & khí đốt
PGD,Công ty Cổ phần Phân phối khí thấp áp dầu khí Việt Nam,CT,1,7000,Tiện ích Cộng đồng
PGD,Công ty Cổ phần Phân phối khí thấp áp dầu khí Việt Nam,CT,2,7500,"Điện, nước & xăng dầu khí đốt"
PGD,Công ty Cổ phần Phân phối khí thấp áp dầu khí Việt Nam,CT,3,7570,Nước & Khí đốt
PGD,Công ty Cổ phần Phân phối khí thấp áp dầu khí Việt Nam,CT,4,7573,Phân phối xăng dầu & khí đốt
PGI,Tổng Công ty Cổ phần Bảo hiểm Petrolimex,BH,1,8000,Tài chính
PGI,Tổng Công ty Cổ phần Bảo hiểm Petrolimex,BH,2,8500,Bảo hiểm
PGI,Tổng Công ty Cổ phần Bảo hiểm Petrolimex,BH,3,8530,Bảo hiểm phi nhân thọ
PGI,Tổng Công ty Cổ phần Bảo hiểm Petrolimex,BH,4,8536,Bảo hiểm phi nhân thọ
PGN,Công ty Cổ phần Phụ Gia Nhựa,CT,1,1000,Nguyên vật liệu
PGN,Công ty Cổ phần Phụ Gia Nhựa,CT,2,1300,Hóa chất
PGN,Công ty Cổ phần Phụ Gia Nhựa,CT,3,1350,Hóa chất
PGN,Công ty Cổ phần Phụ Gia Nhựa,CT,4,1353,"Nhựa, cao su & sợi"
PGS,Công ty Cổ phần Kinh doanh Khí Miền Nam,CT,1,7000,Tiện ích Cộng đồng
PGS,Công ty Cổ phần Kinh doanh Khí Miền Nam,CT,2,7500,"Điện, nước & xăng dầu khí đốt"
PGS,Công ty Cổ phần Kinh doanh Khí Miền Nam,CT,3,7570,Nước & Khí đốt
PGS,Công ty Cổ phần Kinh doanh Khí Miền Nam,CT,4,7573,Phân phối xăng dầu & khí đốt
PGT,Công ty Cổ phần PGT Holdings,CT,1,5000,Dịch vụ Tiêu dùng
PGT,Công ty Cổ phần PGT Holdings,CT,2,5700,Du lịch và Giải trí
PGT,Công ty Cổ phần PGT Holdings,CT,3,5750,Du lịch & Giải trí
PGT,Công ty Cổ phần PGT Holdings,CT,4,5759,Vận tải hành khách & Du lịch
PGV,Tổng Công ty Phát điện 3 - Công ty Cổ phần,CT,1,7000,Tiện ích Cộng đồng
PGV,Tổng Công ty Phát điện 3 - Công ty Cổ phần,CT,2,7500,"Điện, nước & xăng dầu khí đốt"
PGV,Tổng Công ty Phát điện 3 - Công ty Cổ phần,CT,3,7530,Sản xuất & Phân phối Điện
PGV,Tổng Công ty Phát điện 3 - Công ty Cổ phần,CT,4,7535,Sản xuất & Phân phối Điện
PHC,Công ty Cổ phần Xây dựng Phục Hưng Holdings,CT,1,2000,Công nghiệp
PHC,Công ty Cổ phần Xây dựng Phục Hưng Holdings,CT,2,2300,Xây dựng và Vật liệu
PHC,Công ty Cổ phần Xây dựng Phục Hưng Holdings,CT,3,2350,Xây dựng và Vật liệu
PHC,Công ty Cổ phần Xây dựng Phục Hưng Holdings,CT,4,2357,Xây dựng
PHH,Công ty Cổ phần Hồng Hà Việt Nam,CT,1,2000,Công nghiệp
PHH,Công ty Cổ phần Hồng Hà Việt Nam,CT,2,2300,Xây dựng và Vật liệu
PHH,Công ty Cổ phần Hồng Hà Việt Nam,CT,3,2350,Xây dựng và Vật liệu
PHH,Công ty Cổ phần Hồng Hà Việt Nam,CT,4,2357,Xây dựng
PHN,Công ty Cổ phần Pin Hà Nội,CT,1,2000,Công nghiệp
PHN,Công ty Cổ phần Pin Hà Nội,CT,2,2700,Hàng & Dịch vụ Công nghiệp
PHN,Công ty Cổ phần Pin Hà Nội,CT,3,2730,Điện tử & Thiết bị điện
PHN,Công ty Cổ phần Pin Hà Nội,CT,4,2733,Hàng điện & điện tử
PHP,Công ty Cổ phần Cảng Hải Phòng,CT,1,2000,Công nghiệp
PHP,Công ty Cổ phần Cảng Hải Phòng,CT,2,2700,Hàng & Dịch vụ Công nghiệp
PHP,Công ty Cổ phần Cảng Hải Phòng,CT,3,2770,Vận tải
PHP,Công ty Cổ phần Cảng Hải Phòng,CT,4,2777,"Kho bãi, hậu cần và bảo dưỡng"
PHR,Công ty Cổ phần Cao su Phước Hòa,CT,1,1000,Nguyên vật liệu
PHR,Công ty Cổ phần Cao su Phước Hòa,CT,2,1300,Hóa chất
PHR,Công ty Cổ phần Cao su Phước Hòa,CT,3,1350,Hóa chất
PHR,Công ty Cổ phần Cao su Phước Hòa,CT,4,1353,"Nhựa, cao su & sợi"
PHS,Công ty Cổ phần Chứng khoán Phú Hưng,CK,1,8000,Tài chính
PHS,Công ty Cổ phần Chứng khoán Phú Hưng,CK,2,8700,Dịch vụ tài chính
PHS,Công ty Cổ phần Chứng khoán Phú Hưng,CK,3,8770,Dịch vụ tài chính
PHS,Công ty Cổ phần Chứng khoán Phú Hưng,CK,4,8777,Môi giới chứng khoán
PIA,Công ty Cổ phần Tin học Viễn thông Petrolimex,CT,1,6000,Viễn thông
PIA,Công ty Cổ phần Tin học Viễn thông Petrolimex,CT,2,6500,Viễn thông
PIA,Công ty Cổ phần Tin học Viễn thông Petrolimex,CT,3,6530,Viễn thông cố định
PIA,Công ty Cổ phần Tin học Viễn thông Petrolimex,CT,4,6535,Viễn thông cố định
PIC,Công ty Cổ phần Đầu tư Điện lực 3,CT,1,7000,Tiện ích Cộng đồng
PIC,Công ty Cổ phần Đầu tư Điện lực 3,CT,2,7500,"Điện, nước & xăng dầu khí đốt"
PIC,Công ty Cổ phần Đầu tư Điện lực 3,CT,3,7530,Sản xuất & Phân phối Điện
PIC,Công ty Cổ phần Đầu tư Điện lực 3,CT,4,7535,Sản xuất & Phân phối Điện
PID,Công ty Cổ phần Trang trí nội thất Dầu khí,CT,1,2000,Công nghiệp
PID,Công ty Cổ phần Trang trí nội thất Dầu khí,CT,2,2300,Xây dựng và Vật liệu
PID,Công ty Cổ phần Trang trí nội thất Dầu khí,CT,3,2350,Xây dựng và Vật liệu
PID,Công ty Cổ phần Trang trí nội thất Dầu khí,CT,4,2353,Vật liệu xây dựng & Nội thất
PIS,Tổng Công ty Pisico Bình Định - Công ty Cổ phần,CT,1,1000,Nguyên vật liệu
PIS,Tổng Công ty Pisico Bình Định - Công ty Cổ phần,CT,2,1700,Tài nguyên Cơ bản
PIS,Tổng Công ty Pisico Bình Định - Công ty Cổ phần,CT,3,1730,Lâm nghiệp và Giấy
PIS,Tổng Công ty Pisico Bình Định - Công ty Cổ phần,CT,4,1733,Lâm sản và Chế biến gỗ
PIT,Công ty Cổ phần Xuất nhập khẩu Petrolimex,CT,1,5000,Dịch vụ Tiêu dùng
PIT,Công ty Cổ phần Xuất nhập khẩu Petrolimex,CT,2,5300,Bán lẻ
PIT,Công ty Cổ phần Xuất nhập khẩu Petrolimex,CT,3,5370,Bán lẻ
PIT,Công ty Cổ phần Xuất nhập khẩu Petrolimex,CT,4,5373,Bán lẻ phức hợp
PIV,Công ty Cổ phần PIV,CT,1,8000,Tài chính
PIV,Công ty Cổ phần PIV,CT,2,8600,Bất động sản
PIV,Công ty Cổ phần PIV,CT,3,8630,Bất động sản
PIV,Công ty Cổ phần PIV,CT,4,8637,"Tư Vấn, Định giá, Môi giới Bất động sản"
PJC,Công ty Cổ phần Thương mại và Vận tải Petrolimex Hà Nội,CT,1,7000,Tiện ích Cộng đồng
PJC,Công ty Cổ phần Thương mại và Vận tải Petrolimex Hà Nội,CT,2,7500,"Điện, nước & xăng dầu khí đốt"
PJC,Công ty Cổ phần Thương mại và Vận tải Petrolimex Hà Nội,CT,3,7570,Nước & Khí đốt
PJC,Công ty Cổ phần Thương mại và Vận tải Petrolimex Hà Nội,CT,4,7573,Phân phối xăng dầu & khí đốt
PJS,Công ty Cổ phần Cấp nước Phú Hòa Tân,CT,1,7000,Tiện ích Cộng đồng
PJS,Công ty Cổ phần Cấp nước Phú Hòa Tân,CT,2,7500,"Điện, nước & xăng dầu khí đốt"
PJS,Công ty Cổ phần Cấp nước Phú Hòa Tân,CT,3,7570,Nước & Khí đốt
PJS,Công ty Cổ phần Cấp nước Phú Hòa Tân,CT,4,7577,Nước
PJT,Công ty Cổ phần Vận tải Xăng dầu đường thủy Petrolimex,CT,1,2000,Công nghiệp
PJT,Công ty Cổ phần Vận tải Xăng dầu đường thủy Petrolimex,CT,2,2700,Hàng & Dịch vụ Công nghiệp
PJT,Công ty Cổ phần Vận tải Xăng dầu đường thủy Petrolimex,CT,3,2770,Vận tải
PJT,Công ty Cổ phần Vận tải Xăng dầu đường thủy Petrolimex,CT,4,2773,Vận tải Thủy
PLA,Công ty Cổ phần Đầu tư và Dịch vụ hạ tầng Xăng dầu,CT,1,2000,Công nghiệp
PLA,Công ty Cổ phần Đầu tư và Dịch vụ hạ tầng Xăng dầu,CT,2,2300,Xây dựng và Vật liệu
PLA,Công ty Cổ phần Đầu tư và Dịch vụ hạ tầng Xăng dầu,CT,3,2350,Xây dựng và Vật liệu
PLA,Công ty Cổ phần Đầu tư và Dịch vụ hạ tầng Xăng dầu,CT,4,2357,Xây dựng
PLC,Tổng Công ty Hóa dầu Petrolimex - Công ty Cổ phần,CT,1,1000,Nguyên vật liệu
PLC,Tổng Công ty Hóa dầu Petrolimex - Công ty Cổ phần,CT,2,1300,Hóa chất
PLC,Tổng Công ty Hóa dầu Petrolimex - Công ty Cổ phần,CT,3,1350,Hóa chất
PLC,Tổng Công ty Hóa dầu Petrolimex - Công ty Cổ phần,CT,4,1357,"Sản phẩm hóa dầu, Nông dược & Hóa chất khác"
PLE,Công ty Cổ phần Tư vấn Xây dựng Petrolimex,CT,1,2000,Công nghiệp
PLE,Công ty Cổ phần Tư vấn Xây dựng Petrolimex,CT,2,2300,Xây dựng và Vật liệu
PLE,Công ty Cổ phần Tư vấn Xây dựng Petrolimex,CT,3,2350,Xây dựng và Vật liệu
PLE,Công ty Cổ phần Tư vấn Xây dựng Petrolimex,CT,4,2357,Xây dựng
PLO,Công ty Cổ phần Kho vận Petec,CT,1,2000,Công nghiệp
PLO,Công ty Cổ phần Kho vận Petec,CT,2,2700,Hàng & Dịch vụ Công nghiệp
PLO,Công ty Cổ phần Kho vận Petec,CT,3,2770,Vận tải
PLO,Công ty Cổ phần Kho vận Petec,CT,4,2777,"Kho bãi, hậu cần và bảo dưỡng"
PLP,Công ty Cổ phần Sản xuất và Công nghệ Nhựa Pha Lê,CT,1,1000,Nguyên vật liệu
PLP,Công ty Cổ phần Sản xuất và Công nghệ Nhựa Pha Lê,CT,2,1300,Hóa chất
PLP,Công ty Cổ phần Sản xuất và Công nghệ Nhựa Pha Lê,CT,3,1350,Hóa chất
PLP,Công ty Cổ phần Sản xuất và Công nghệ Nhựa Pha Lê,CT,4,1353,"Nhựa, cao su & sợi"
PLX,Tập đoàn Xăng dầu Việt Nam,CT,1,0001,Dầu khí
PLX,Tập đoàn Xăng dầu Việt Nam,CT,2,0500,Dầu khí
PLX,Tập đoàn Xăng dầu Việt Nam,CT,3,0530,Sản xuất Dầu khí
PLX,Tập đoàn Xăng dầu Việt Nam,CT,4,0533,Sản xuất và Khai thác dầu khí
PMB,Công ty Cổ phần Phân bón và Hóa chất Dầu khí Miền Bắc,CT,1,1000,Nguyên vật liệu
PMB,Công ty Cổ phần Phân bón và Hóa chất Dầu khí Miền Bắc,CT,2,1300,Hóa chất
PMB,Công ty Cổ phần Phân bón và Hóa chất Dầu khí Miền Bắc,CT,3,1350,Hóa chất
PMB,Công ty Cổ phần Phân bón và Hóa chất Dầu khí Miền Bắc,CT,4,1357,"Sản phẩm hóa dầu, Nông dược & Hóa chất khác"
PMC,Công ty Cổ phần Dược phẩm Dược liệu Pharmedic,CT,1,4000,Dược phẩm và Y tế
PMC,Công ty Cổ phần Dược phẩm Dược liệu Pharmedic,CT,2,4500,Y tế
PMC,Công ty Cổ phần Dược phẩm Dược liệu Pharmedic,CT,3,4570,Dược phẩm
PMC,Công ty Cổ phần Dược phẩm Dược liệu Pharmedic,CT,4,4577,Dược phẩm
PMG,Công ty Cổ phần Đầu tư và Sản xuất Petro Miền Trung,CT,1,7000,Tiện ích Cộng đồng
PMG,Công ty Cổ phần Đầu tư và Sản xuất Petro Miền Trung,CT,2,7500,"Điện, nước & xăng dầu khí đốt"
PMG,Công ty Cổ phần Đầu tư và Sản xuất Petro Miền Trung,CT,3,7570,Nước & Khí đốt
PMG,Công ty Cổ phần Đầu tư và Sản xuất Petro Miền Trung,CT,4,7573,Phân phối xăng dầu & khí đốt
PMJ,Công ty Cổ phần Vật tư Bưu điện,CT,1,9000,Công nghệ Thông tin
PMJ,Công ty Cổ phần Vật tư Bưu điện,CT,2,9500,Công nghệ Thông tin
PMJ,Công ty Cổ phần Vật tư Bưu điện,CT,3,9570,Thiết bị và Phần cứng
PMJ,Công ty Cổ phần Vật tư Bưu điện,CT,4,9578,Thiết bị viễn thông
PMP,Công ty Cổ phần Bao bì Đạm Phú Mỹ,CT,1,2000,Công nghiệp
PMP,Công ty Cổ phần Bao bì Đạm Phú Mỹ,CT,2,2700,Hàng & Dịch vụ Công nghiệp
PMP,Công ty Cổ phần Bao bì Đạm Phú Mỹ,CT,3,2720,Hàng công nghiệp
PMP,Công ty Cổ phần Bao bì Đạm Phú Mỹ,CT,4,2723,Containers & Đóng gói
PMS,Công ty Cổ phần Cơ khí Xăng dầu,CT,1,2000,Công nghiệp
PMS,Công ty Cổ phần Cơ khí Xăng dầu,CT,2,2700,Hàng & Dịch vụ Công nghiệp
PMS,Công ty Cổ phần Cơ khí Xăng dầu,CT,3,2750,Công nghiệp nặng
PMS,Công ty Cổ phần Cơ khí Xăng dầu,CT,4,2757,Máy công nghiệp
PMT,Công ty Cổ phần Viễn thông Telvina Việt Nam,CT,1,9000,Công nghệ Thông tin
PMT,Công ty Cổ phần Viễn thông Telvina Việt Nam,CT,2,9500,Công nghệ Thông tin
PMT,Công ty Cổ phần Viễn thông Telvina Việt Nam,CT,3,9570,Thiết bị và Phần cứng
PMT,Công ty Cổ phần Viễn thông Telvina Việt Nam,CT,4,9578,Thiết bị viễn thông
PMW,Công ty Cổ phần Cấp Nước Phú Mỹ,CT,1,7000,Tiện ích Cộng đồng
PMW,Công ty Cổ phần Cấp Nước Phú Mỹ,CT,2,7500,"Điện, nước & xăng dầu khí đốt"
PMW,Công ty Cổ phần Cấp Nước Phú Mỹ,CT,3,7570,Nước & Khí đốt
PMW,Công ty Cổ phần Cấp Nước Phú Mỹ,CT,4,7577,Nước
PNC,Công ty Cổ phần Văn hóa Phương Nam,CT,1,5000,Dịch vụ Tiêu dùng
PNC,Công ty Cổ phần Văn hóa Phương Nam,CT,2,5500,Truyền thông
PNC,Công ty Cổ phần Văn hóa Phương Nam,CT,3,5550,Truyền thông
PNC,Công ty Cổ phần Văn hóa Phương Nam,CT,4,5557,"Sách, ấn bản & sản phẩm văn hóa"
PND,Công ty Cổ phần Xăng dầu Dầu khí Nam Định,CT,1,7000,Tiện ích Cộng đồng
PND,Công ty Cổ phần Xăng dầu Dầu khí Nam Định,CT,2,7500,"Điện, nước & xăng dầu khí đốt"
PND,Công ty Cổ phần Xăng dầu Dầu khí Nam Định,CT,3,7570,Nước & Khí đốt
PND,Công ty Cổ phần Xăng dầu Dầu khí Nam Định,CT,4,7573,Phân phối xăng dầu & khí đốt
PNG,Công ty Cổ phần Thương Mại Phú Nhuận,CT,1,5000,Dịch vụ Tiêu dùng
PNG,Công ty Cổ phần Thương Mại Phú Nhuận,CT,2,5700,Du lịch và Giải trí
PNG,Công ty Cổ phần Thương Mại Phú Nhuận,CT,3,5750,Du lịch & Giải trí
PNG,Công ty Cổ phần Thương Mại Phú Nhuận,CT,4,5757,Nhà hàng và quán bar
PNJ,Công ty Cổ phần Vàng bạc Đá quý Phú Nhuận,CT,1,3000,Hàng Tiêu dùng
PNJ,Công ty Cổ phần Vàng bạc Đá quý Phú Nhuận,CT,2,3700,Hàng cá nhân & Gia dụng
PNJ,Công ty Cổ phần Vàng bạc Đá quý Phú Nhuận,CT,3,3760,Hàng cá nhân
PNJ,Công ty Cổ phần Vàng bạc Đá quý Phú Nhuận,CT,4,3767,Hàng cá nhân
PNP,Công ty Cổ phần Tân Cảng – Phú Hữu,CT,1,2000,Công nghiệp
PNP,Công ty Cổ phần Tân Cảng – Phú Hữu,CT,2,2700,Hàng & Dịch vụ Công nghiệp
PNP,Công ty Cổ phần Tân Cảng – Phú Hữu,CT,3,2770,Vận tải
PNP,Công ty Cổ phần Tân Cảng – Phú Hữu,CT,4,2773,Vận tải Thủy
PNT,Công ty Cổ phần Kỹ thuật Xây dựng Phú Nhuận,CT,1,2000,Công nghiệp
PNT,Công ty Cổ phần Kỹ thuật Xây dựng Phú Nhuận,CT,2,2300,Xây dựng và Vật liệu
PNT,Công ty Cổ phần Kỹ thuật Xây dựng Phú Nhuận,CT,3,2350,Xây dựng và Vật liệu
PNT,Công ty Cổ phần Kỹ thuật Xây dựng Phú Nhuận,CT,4,2357,Xây dựng
POB,Công ty Cổ phần Xăng dầu Dầu khí Hưng Yên,CT,1,7000,Tiện ích Cộng đồng
POB,Công ty Cổ phần Xăng dầu Dầu khí Hưng Yên,CT,2,7500,"Điện, nước & xăng dầu khí đốt"
POB,Công ty Cổ phần Xăng dầu Dầu khí Hưng Yên,CT,3,7570,Nước & Khí đốt
POB,Công ty Cổ phần Xăng dầu Dầu khí Hưng Yên,CT,4,7573,Phân phối xăng dầu & khí đốt
POF,Quỹ Đầu tư Cơ Hội PVI,QU,1,8000,Tài chính
POF,Quỹ Đầu tư Cơ Hội PVI,QU,2,8700,Dịch vụ tài chính
POF,Quỹ Đầu tư Cơ Hội PVI,QU,3,8980,Quỹ đầu tư
POF,Quỹ Đầu tư Cơ Hội PVI,QU,4,8985,Quỹ đầu tư
POM,Công ty Cổ phần Thép Pomina,CT,1,1000,Nguyên vật liệu
POM,Công ty Cổ phần Thép Pomina,CT,2,1700,Tài nguyên Cơ bản
POM,Công ty Cổ phần Thép Pomina,CT,3,1750,Kim loại
POM,Công ty Cổ phần Thép Pomina,CT,4,1757,Thép và sản phẩm thép
POS,Công ty Cổ phần Vận hành và Xây lắp PTSC,CT,1,0001,Dầu khí
POS,Công ty Cổ phần Vận hành và Xây lắp PTSC,CT,2,0500,Dầu khí
POS,Công ty Cổ phần Vận hành và Xây lắp PTSC,CT,3,0570,"Thiết bị, Dịch vụ và Phân phối Dầu khí"
POS,Công ty Cổ phần Vận hành và Xây lắp PTSC,CT,4,0573,Thiết bị và Dịch vụ Dầu khí
POT,Công ty Cổ phần Thiết bị Bưu điện,CT,1,9000,Công nghệ Thông tin
POT,Công ty Cổ phần Thiết bị Bưu điện,CT,2,9500,Công nghệ Thông tin
POT,Công ty Cổ phần Thiết bị Bưu điện,CT,3,9570,Thiết bị và Phần cứng
POT,Công ty Cổ phần Thiết bị Bưu điện,CT,4,9572,Phần cứng
POV,Công ty Cổ phần Xăng dầu Dầu khí Vũng Áng,CT,1,7000,Tiện ích Cộng đồng
POV,Công ty Cổ phần Xăng dầu Dầu khí Vũng Áng,CT,2,7500,"Điện, nước & xăng dầu khí đốt"
POV,Công ty Cổ phần Xăng dầu Dầu khí Vũng Áng,CT,3,7570,Nước & Khí đốt
POV,Công ty Cổ phần Xăng dầu Dầu khí Vũng Áng,CT,4,7573,Phân phối xăng dầu & khí đốt
POW,Tổng Công ty Điện lực Dầu khí Việt Nam - CTCP,CT,1,7000,Tiện ích Cộng đồng
POW,Tổng Công ty Điện lực Dầu khí Việt Nam - CTCP,CT,2,7500,"Điện, nước & xăng dầu khí đốt"
POW,Tổng Công ty Điện lực Dầu khí Việt Nam - CTCP,CT,3,7530,Sản xuất & Phân phối Điện
POW,Tổng Công ty Điện lực Dầu khí Việt Nam - CTCP,CT,4,7535,Sản xuất & Phân phối Điện
PPC,Công ty Cổ phần Nhiệt điện Phả Lại,CT,1,7000,Tiện ích Cộng đồng
PPC,Công ty Cổ phần Nhiệt điện Phả Lại,CT,2,7500,"Điện, nước & xăng dầu khí đốt"
PPC,Công ty Cổ phần Nhiệt điện Phả Lại,CT,3,7530,Sản xuất & Phân phối Điện
PPC,Công ty Cổ phần Nhiệt điện Phả Lại,CT,4,7535,Sản xuất & Phân phối Điện
PPE,Công ty Cổ phần Tư vấn Đầu tư PP Enterprise,CT,1,2000,Công nghiệp
PPE,Công ty Cổ phần Tư vấn Đầu tư PP Enterprise,CT,2,2700,Hàng & Dịch vụ Công nghiệp
PPE,Công ty Cổ phần Tư vấn Đầu tư PP Enterprise,CT,3,2790,Tư vấn & Hỗ trợ Kinh doanh
PPE,Công ty Cổ phần Tư vấn Đầu tư PP Enterprise,CT,4,2791,Tư vấn & Hỗ trợ KD
PPH,Tổng Công ty Cổ phần Phong Phú,CT,1,3000,Hàng Tiêu dùng
PPH,Tổng Công ty Cổ phần Phong Phú,CT,2,3700,Hàng cá nhân & Gia dụng
PPH,Tổng Công ty Cổ phần Phong Phú,CT,3,3760,Hàng cá nhân
PPH,Tổng Công ty Cổ phần Phong Phú,CT,4,3763,Hàng May mặc
PPI,Công ty Cổ phần Đầu tư và Phát triển dự án hạ tầng Thái Bình Dương,CT,1,8000,Tài chính
PPI,Công ty Cổ phần Đầu tư và Phát triển dự án hạ tầng Thái Bình Dương,CT,2,8600,Bất động sản
PPI,Công ty Cổ phần Đầu tư và Phát triển dự án hạ tầng Thái Bình Dương,CT,3,8630,Bất động sản
PPI,Công ty Cổ phần Đầu tư và Phát triển dự án hạ tầng Thái Bình Dương,CT,4,8633,Bất động sản
PPP,Công ty Cổ phần Dược phẩm Phong Phú,CT,1,4000,Dược phẩm và Y tế
PPP,Công ty Cổ phần Dược phẩm Phong Phú,CT,2,4500,Y tế
PPP,Công ty Cổ phần Dược phẩm Phong Phú,CT,3,4570,Dược phẩm
PPP,Công ty Cổ phần Dược phẩm Phong Phú,CT,4,4577,Dược phẩm
PPS,Công ty Cổ phần Dịch vụ Kỹ thuật Điện lực Dầu khí Việt Nam,CT,1,2000,Công nghiệp
PPS,Công ty Cổ phần Dịch vụ Kỹ thuật Điện lực Dầu khí Việt Nam,CT,2,2700,Hàng & Dịch vụ Công nghiệp
PPS,Công ty Cổ phần Dịch vụ Kỹ thuật Điện lực Dầu khí Việt Nam,CT,3,2790,Tư vấn & Hỗ trợ Kinh doanh
PPS,Công ty Cổ phần Dịch vụ Kỹ thuật Điện lực Dầu khí Việt Nam,CT,4,2791,Tư vấn & Hỗ trợ KD
PPT,Công ty cổ phần Petro Times,CT,1,7000,Tiện ích Cộng đồng
PPT,Công ty cổ phần Petro Times,CT,2,7500,"Điện, nước & xăng dầu khí đốt"
PPT,Công ty cổ phần Petro Times,CT,3,7570,Nước & Khí đốt
PPT,Công ty cổ phần Petro Times,CT,4,7573,Phân phối xăng dầu & khí đốt
PPY,Công ty Cổ phần Xăng dầu dầu khí Phú Yên,CT,1,7000,Tiện ích Cộng đồng
PPY,Công ty Cổ phần Xăng dầu dầu khí Phú Yên,CT,2,7500,"Điện, nước & xăng dầu khí đốt"
PPY,Công ty Cổ phần Xăng dầu dầu khí Phú Yên,CT,3,7570,Nước & Khí đốt
PPY,Công ty Cổ phần Xăng dầu dầu khí Phú Yên,CT,4,7573,Phân phối xăng dầu & khí đốt
PQN,Công ty Cổ phần Dịch vụ Dầu khí Quảng Ngãi PTSC,CT,1,2000,Công nghiệp
PQN,Công ty Cổ phần Dịch vụ Dầu khí Quảng Ngãi PTSC,CT,2,2700,Hàng & Dịch vụ Công nghiệp
PQN,Công ty Cổ phần Dịch vụ Dầu khí Quảng Ngãi PTSC,CT,3,2770,Vận tải
PQN,Công ty Cổ phần Dịch vụ Dầu khí Quảng Ngãi PTSC,CT,4,2777,"Kho bãi, hậu cần và bảo dưỡng"
PRC,Công ty Cổ phần Logistics Portserco,CT,1,2000,Công nghiệp
PRC,Công ty Cổ phần Logistics Portserco,CT,2,2700,Hàng & Dịch vụ Công nghiệp
PRC,Công ty Cổ phần Logistics Portserco,CT,3,2770,Vận tải
PRC,Công ty Cổ phần Logistics Portserco,CT,4,2779,Dịch vụ vận tải
PRE,Tổng Công ty Cổ phần Tái bảo hiểm Hà Nội,BH,1,8000,Tài chính
PRE,Tổng Công ty Cổ phần Tái bảo hiểm Hà Nội,BH,2,8500,Bảo hiểm
PRE,Tổng Công ty Cổ phần Tái bảo hiểm Hà Nội,BH,3,8530,Bảo hiểm phi nhân thọ
PRE,Tổng Công ty Cổ phần Tái bảo hiểm Hà Nội,BH,4,8538,Tái bảo hiểm
PRO,Công ty Cổ phần Procimex Việt Nam,CT,1,3000,Hàng Tiêu dùng
PRO,Công ty Cổ phần Procimex Việt Nam,CT,2,3500,Thực phẩm và đồ uống
PRO,Công ty Cổ phần Procimex Việt Nam,CT,3,3570,Sản xuất thực phẩm
PRO,Công ty Cổ phần Procimex Việt Nam,CT,4,3577,Thực phẩm
PRT,Tổng Công ty Sản xuất - Xuất nhập khẩu Bình Dương - Công ty cổ phần,CT,1,8000,Tài chính
PRT,Tổng Công ty Sản xuất - Xuất nhập khẩu Bình Dương - Công ty cổ phần,CT,2,8600,Bất động sản
PRT,Tổng Công ty Sản xuất - Xuất nhập khẩu Bình Dương - Công ty cổ phần,CT,3,8630,Bất động sản
PRT,Tổng Công ty Sản xuất - Xuất nhập khẩu Bình Dương - Công ty cổ phần,CT,4,8633,Bất động sản
PSB,Công ty Cổ phần Đầu tư Dầu khí Sao Mai Bến Đình,CT,1,2000,Công nghiệp
PSB,Công ty Cổ phần Đầu tư Dầu khí Sao Mai Bến Đình,CT,2,2300,Xây dựng và Vật liệu
PSB,Công ty Cổ phần Đầu tư Dầu khí Sao Mai Bến Đình,CT,3,2350,Xây dựng và Vật liệu
PSB,Công ty Cổ phần Đầu tư Dầu khí Sao Mai Bến Đình,CT,4,2357,Xây dựng
PSC,Công ty Cổ phần Vận tải và Dịch vụ Petrolimex Sài Gòn,CT,1,2000,Công nghiệp
PSC,Công ty Cổ phần Vận tải và Dịch vụ Petrolimex Sài Gòn,CT,2,2700,Hàng & Dịch vụ Công nghiệp
PSC,Công ty Cổ phần Vận tải và Dịch vụ Petrolimex Sài Gòn,CT,3,2770,Vận tải
PSC,Công ty Cổ phần Vận tải và Dịch vụ Petrolimex Sài Gòn,CT,4,2779,Dịch vụ vận tải
PSD,Công ty Cổ phần Dịch vụ Phân phối Tổng hợp Dầu khí,CT,1,5000,Dịch vụ Tiêu dùng
PSD,Công ty Cổ phần Dịch vụ Phân phối Tổng hợp Dầu khí,CT,2,5300,Bán lẻ
PSD,Công ty Cổ phần Dịch vụ Phân phối Tổng hợp Dầu khí,CT,3,5370,Bán lẻ
PSD,Công ty Cổ phần Dịch vụ Phân phối Tổng hợp Dầu khí,CT,4,5379,Phân phối hàng chuyên dụng
PSE,Công ty Cổ phần Phân bón và hóa chất dầu khí Đông Nam Bộ,CT,1,1000,Nguyên vật liệu
PSE,Công ty Cổ phần Phân bón và hóa chất dầu khí Đông Nam Bộ,CT,2,1300,Hóa chất
PSE,Công ty Cổ phần Phân bón và hóa chất dầu khí Đông Nam Bộ,CT,3,1350,Hóa chất
PSE,Công ty Cổ phần Phân bón và hóa chất dầu khí Đông Nam Bộ,CT,4,1357,"Sản phẩm hóa dầu, Nông dược & Hóa chất khác"
PSG,Công ty Cổ phần Đầu tư và Xây lắp Dầu khí Sài Gòn,CT,1,2000,Công nghiệp
PSG,Công ty Cổ phần Đầu tư và Xây lắp Dầu khí Sài Gòn,CT,2,2300,Xây dựng và Vật liệu
PSG,Công ty Cổ phần Đầu tư và Xây lắp Dầu khí Sài Gòn,CT,3,2350,Xây dựng và Vật liệu
PSG,Công ty Cổ phần Đầu tư và Xây lắp Dầu khí Sài Gòn,CT,4,2357,Xây dựng
PSH,Công ty Cổ phần Thương mại Đầu tư Dầu khí Nam Sông Hậu,CT,1,7000,Tiện ích Cộng đồng
PSH,Công ty Cổ phần Thương mại Đầu tư Dầu khí Nam Sông Hậu,CT,2,7500,"Điện, nước & xăng dầu khí đốt"
PSH,Công ty Cổ phần Thương mại Đầu tư Dầu khí Nam Sông Hậu,CT,3,7570,Nước & Khí đốt
PSH,Công ty Cổ phần Thương mại Đầu tư Dầu khí Nam Sông Hậu,CT,4,7573,Phân phối xăng dầu & khí đốt
PSI,Công ty Cổ phần Chứng khoán Dầu khí,CK,1,8000,Tài chính
PSI,Công ty Cổ phần Chứng khoán Dầu khí,CK,2,8700,Dịch vụ tài chính
PSI,Công ty Cổ phần Chứng khoán Dầu khí,CK,3,8770,Dịch vụ tài chính
PSI,Công ty Cổ phần Chứng khoán Dầu khí,CK,4,8777,Môi giới chứng khoán
PSL,Công ty Cổ phần Chăn nuôi Phú Sơn,CT,1,3000,Hàng Tiêu dùng
PSL,Công ty Cổ phần Chăn nuôi Phú Sơn,CT,2,3500,Thực phẩm và đồ uống
PSL,Công ty Cổ phần Chăn nuôi Phú Sơn,CT,3,3570,Sản xuất thực phẩm
PSL,Công ty Cổ phần Chăn nuôi Phú Sơn,CT,4,3573,Nuôi trồng nông & hải sản
PSN,Công ty Cổ phần Dịch vụ Kỹ thuật PTSC Thanh Hóa,CT,1,2000,Công nghiệp
PSN,Công ty Cổ phần Dịch vụ Kỹ thuật PTSC Thanh Hóa,CT,2,2700,Hàng & Dịch vụ Công nghiệp
PSN,Công ty Cổ phần Dịch vụ Kỹ thuật PTSC Thanh Hóa,CT,3,2770,Vận tải
PSN,Công ty Cổ phần Dịch vụ Kỹ thuật PTSC Thanh Hóa,CT,4,2777,"Kho bãi, hậu cần và bảo dưỡng"
PSP,Công ty Cổ phần Cảng Dịch vụ Dầu khí Đình Vũ,CT,1,2000,Công nghiệp
PSP,Công ty Cổ phần Cảng Dịch vụ Dầu khí Đình Vũ,CT,2,2700,Hàng & Dịch vụ Công nghiệp
PSP,Công ty Cổ phần Cảng Dịch vụ Dầu khí Đình Vũ,CT,3,2770,Vận tải
PSP,Công ty Cổ phần Cảng Dịch vụ Dầu khí Đình Vũ,CT,4,2779,Dịch vụ vận tải
PSW,Công ty Cổ phần Phân bón và hóa chất dầu khí Tây Nam Bộ,CT,1,1000,Nguyên vật liệu
PSW,Công ty Cổ phần Phân bón và hóa chất dầu khí Tây Nam Bộ,CT,2,1300,Hóa chất
PSW,Công ty Cổ phần Phân bón và hóa chất dầu khí Tây Nam Bộ,CT,3,1350,Hóa chất
PSW,Công ty Cổ phần Phân bón và hóa chất dầu khí Tây Nam Bộ,CT,4,1357,"Sản phẩm hóa dầu, Nông dược & Hóa chất khác"
PTB,Công ty Cổ phần Phú Tài,CT,1,1000,Nguyên vật liệu
PTB,Công ty Cổ phần Phú Tài,CT,2,1700,Tài nguyên Cơ bản
PTB,Công ty Cổ phần Phú Tài,CT,3,1730,Lâm nghiệp và Giấy
PTB,Công ty Cổ phần Phú Tài,CT,4,1733,Lâm sản và Chế biến gỗ
PTC,Công ty Cổ phần Đầu tư ICAPITAL,CT,1,2000,Công nghiệp
PTC,Công ty Cổ phần Đầu tư ICAPITAL,CT,2,2300,Xây dựng và Vật liệu
PTC,Công ty Cổ phần Đầu tư ICAPITAL,CT,3,2350,Xây dựng và Vật liệu
PTC,Công ty Cổ phần Đầu tư ICAPITAL,CT,4,2357,Xây dựng
PTD,Công ty Cổ phần Thiết kế - Xây dựng - Thương mại Phúc Thịnh,CT,1,2000,Công nghiệp
PTD,Công ty Cổ phần Thiết kế - Xây dựng - Thương mại Phúc Thịnh,CT,2,2300,Xây dựng và Vật liệu
PTD,Công ty Cổ phần Thiết kế - Xây dựng - Thương mại Phúc Thịnh,CT,3,2350,Xây dựng và Vật liệu
PTD,Công ty Cổ phần Thiết kế - Xây dựng - Thương mại Phúc Thịnh,CT,4,2357,Xây dựng
PTE,Công ty Cổ phần Xi măng Phú Thọ,CT,1,2000,Công nghiệp
PTE,Công ty Cổ phần Xi măng Phú Thọ,CT,2,2300,Xây dựng và Vật liệu
PTE,Công ty Cổ phần Xi măng Phú Thọ,CT,3,2350,Xây dựng và Vật liệu
PTE,Công ty Cổ phần Xi măng Phú Thọ,CT,4,2353,Vật liệu xây dựng & Nội thất
PTG,Công ty Cổ phần May Xuất Khẩu Phan Thiết,CT,1,3000,Hàng Tiêu dùng
PTG,Công ty Cổ phần May Xuất Khẩu Phan Thiết,CT,2,3700,Hàng cá nhân & Gia dụng
PTG,Công ty Cổ phần May Xuất Khẩu Phan Thiết,CT,3,3760,Hàng cá nhân
PTG,Công ty Cổ phần May Xuất Khẩu Phan Thiết,CT,4,3763,Hàng May mặc
PTH,Công ty Cổ phần Vận tải và Dịch vụ Petrolimex Hà Tây,CT,1,7000,Tiện ích Cộng đồng
PTH,Công ty Cổ phần Vận tải và Dịch vụ Petrolimex Hà Tây,CT,2,7500,"Điện, nước & xăng dầu khí đốt"
PTH,Công ty Cổ phần Vận tải và Dịch vụ Petrolimex Hà Tây,CT,3,7570,Nước & Khí đốt
PTH,Công ty Cổ phần Vận tải và Dịch vụ Petrolimex Hà Tây,CT,4,7573,Phân phối xăng dầu & khí đốt
PTI,Tổng Công ty Cổ phần Bảo hiểm Bưu điện,BH,1,8000,Tài chính
PTI,Tổng Công ty Cổ phần Bảo hiểm Bưu điện,BH,2,8500,Bảo hiểm
PTI,Tổng Công ty Cổ phần Bảo hiểm Bưu điện,BH,3,8530,Bảo hiểm phi nhân thọ
PTI,Tổng Công ty Cổ phần Bảo hiểm Bưu điện,BH,4,8536,Bảo hiểm phi nhân thọ
PTL,Công ty Cổ phần Victory Group,CT,1,8000,Tài chính
PTL,Công ty Cổ phần Victory Group,CT,2,8600,Bất động sản
PTL,Công ty Cổ phần Victory Group,CT,3,8630,Bất động sản
PTL,Công ty Cổ phần Victory Group,CT,4,8633,Bất động sản
PTM,"Công ty Cổ phần Sản xuất, Thương mại Và Dịch vụ Ô tô PTM",CT,1,3000,Hàng Tiêu dùng
PTM,"Công ty Cổ phần Sản xuất, Thương mại Và Dịch vụ Ô tô PTM",CT,2,3300,Ô tô và phụ tùng
PTM,"Công ty Cổ phần Sản xuất, Thương mại Và Dịch vụ Ô tô PTM",CT,3,3350,Ô tô và phụ tùng
PTM,"Công ty Cổ phần Sản xuất, Thương mại Và Dịch vụ Ô tô PTM",CT,4,3353,Sản xuất ô tô
PTN,Công ty Cổ phần Phát triển Nhà Khánh Hòa,CT,1,8000,Tài chính
PTN,Công ty Cổ phần Phát triển Nhà Khánh Hòa,CT,2,8600,Bất động sản
PTN,Công ty Cổ phần Phát triển Nhà Khánh Hòa,CT,3,8630,Bất động sản
PTN,Công ty Cổ phần Phát triển Nhà Khánh Hòa,CT,4,8633,Bất động sản
PTO,Công ty Cổ phần Dịch vụ - Xây dựng Công trình Bưu điện,CT,1,2000,Công nghiệp
PTO,Công ty Cổ phần Dịch vụ - Xây dựng Công trình Bưu điện,CT,2,2300,Xây dựng và Vật liệu
PTO,Công ty Cổ phần Dịch vụ - Xây dựng Công trình Bưu điện,CT,3,2350,Xây dựng và Vật liệu
PTO,Công ty Cổ phần Dịch vụ - Xây dựng Công trình Bưu điện,CT,4,2357,Xây dựng
PTP,Công ty Cổ phần PTP,CT,1,6000,Viễn thông
PTP,Công ty Cổ phần PTP,CT,2,6500,Viễn thông
PTP,Công ty Cổ phần PTP,CT,3,6530,Viễn thông cố định
PTP,Công ty Cổ phần PTP,CT,4,6535,Viễn thông cố định
PTS,Công ty Cổ phần Vận tải và Dịch vụ Petrolimex Hải Phòng,CT,1,2000,Công nghiệp
PTS,Công ty Cổ phần Vận tải và Dịch vụ Petrolimex Hải Phòng,CT,2,2700,Hàng & Dịch vụ Công nghiệp
PTS,Công ty Cổ phần Vận tải và Dịch vụ Petrolimex Hải Phòng,CT,3,2770,Vận tải
PTS,Công ty Cổ phần Vận tải và Dịch vụ Petrolimex Hải Phòng,CT,4,2779,Dịch vụ vận tải
PTT,Công ty Cổ phần Vận tải Dầu khí Đông Dương,CT,1,2000,Công nghiệp
PTT,Công ty Cổ phần Vận tải Dầu khí Đông Dương,CT,2,2700,Hàng & Dịch vụ Công nghiệp
PTT,Công ty Cổ phần Vận tải Dầu khí Đông Dương,CT,3,2770,Vận tải
PTT,Công ty Cổ phần Vận tải Dầu khí Đông Dương,CT,4,2779,Dịch vụ vận tải
PTV,Công ty Cổ phần Thương mại Dầu khí,CT,1,0001,Dầu khí
PTV,Công ty Cổ phần Thương mại Dầu khí,CT,2,0500,Dầu khí
PTV,Công ty Cổ phần Thương mại Dầu khí,CT,3,0570,"Thiết bị, Dịch vụ và Phân phối Dầu khí"
PTV,Công ty Cổ phần Thương mại Dầu khí,CT,4,0573,Thiết bị và Dịch vụ Dầu khí
PTX,Công ty Cổ phần Vận tải và Dịch vụ Petrolimex Nghệ Tĩnh,CT,1,7000,Tiện ích Cộng đồng
PTX,Công ty Cổ phần Vận tải và Dịch vụ Petrolimex Nghệ Tĩnh,CT,2,7500,"Điện, nước & xăng dầu khí đốt"
PTX,Công ty Cổ phần Vận tải và Dịch vụ Petrolimex Nghệ Tĩnh,CT,3,7570,Nước & Khí đốt
PTX,Công ty Cổ phần Vận tải và Dịch vụ Petrolimex Nghệ Tĩnh,CT,4,7573,Phân phối xăng dầu & khí đốt
PV2,Công ty Cổ phần Genea Capital,CT,1,8000,Tài chính
PV2,Công ty Cổ phần Genea Capital,CT,2,8600,Bất động sản
PV2,Công ty Cổ phần Genea Capital,CT,3,8630,Bất động sản
PV2,Công ty Cổ phần Genea Capital,CT,4,8633,Bất động sản
PVA,Công ty Cổ phần Tổng Công ty Xây lắp Dầu khí Nghệ An,CT,1,2000,Công nghiệp
PVA,Công ty Cổ phần Tổng Công ty Xây lắp Dầu khí Nghệ An,CT,2,2300,Xây dựng và Vật liệu
PVA,Công ty Cổ phần Tổng Công ty Xây lắp Dầu khí Nghệ An,CT,3,2350,Xây dựng và Vật liệu
PVA,Công ty Cổ phần Tổng Công ty Xây lắp Dầu khí Nghệ An,CT,4,2357,Xây dựng
PVB,Công ty Cổ phần Bọc ống Dầu khí Việt Nam,CT,1,0001,Dầu khí
PVB,Công ty Cổ phần Bọc ống Dầu khí Việt Nam,CT,2,0500,Dầu khí
PVB,Công ty Cổ phần Bọc ống Dầu khí Việt Nam,CT,3,0570,"Thiết bị, Dịch vụ và Phân phối Dầu khí"
PVB,Công ty Cổ phần Bọc ống Dầu khí Việt Nam,CT,4,0573,Thiết bị và Dịch vụ Dầu khí
PVC,Tổng Công ty Hóa chất và Dịch vụ Dầu khí - Công ty Cổ phần,CT,1,0001,Dầu khí
PVC,Tổng Công ty Hóa chất và Dịch vụ Dầu khí - Công ty Cổ phần,CT,2,0500,Dầu khí
PVC,Tổng Công ty Hóa chất và Dịch vụ Dầu khí - Công ty Cổ phần,CT,3,0570,"Thiết bị, Dịch vụ và Phân phối Dầu khí"
PVC,Tổng Công ty Hóa chất và Dịch vụ Dầu khí - Công ty Cổ phần,CT,4,0573,Thiết bị và Dịch vụ Dầu khí
PVD,Tổng Công ty Cổ phần Khoan và Dịch vụ khoan Dầu khí,CT,1,0001,Dầu khí
PVD,Tổng Công ty Cổ phần Khoan và Dịch vụ khoan Dầu khí,CT,2,0500,Dầu khí
PVD,Tổng Công ty Cổ phần Khoan và Dịch vụ khoan Dầu khí,CT,3,0570,"Thiết bị, Dịch vụ và Phân phối Dầu khí"
PVD,Tổng Công ty Cổ phần Khoan và Dịch vụ khoan Dầu khí,CT,4,0573,Thiết bị và Dịch vụ Dầu khí
PVE,Tổng Công ty Tư vấn Thiết kế Dầu khí - Công ty Cổ phần,CT,1,0001,Dầu khí
PVE,Tổng Công ty Tư vấn Thiết kế Dầu khí - Công ty Cổ phần,CT,2,0500,Dầu khí
PVE,Tổng Công ty Tư vấn Thiết kế Dầu khí - Công ty Cổ phần,CT,3,0570,"Thiết bị, Dịch vụ và Phân phối Dầu khí"
PVE,Tổng Công ty Tư vấn Thiết kế Dầu khí - Công ty Cổ phần,CT,4,0573,Thiết bị và Dịch vụ Dầu khí
PVG,Công ty Cổ phần Kinh doanh LPG Việt Nam,CT,1,7000,Tiện ích Cộng đồng
PVG,Công ty Cổ phần Kinh doanh LPG Việt Nam,CT,2,7500,"Điện, nước & xăng dầu khí đốt"
PVG,Công ty Cổ phần Kinh doanh LPG Việt Nam,CT,3,7570,Nước & Khí đốt
PVG,Công ty Cổ phần Kinh doanh LPG Việt Nam,CT,4,7573,Phân phối xăng dầu & khí đốt
PVH,Công ty Cổ phần Xây lắp Dầu khí Thanh Hóa,CT,1,2000,Công nghiệp
PVH,Công ty Cổ phần Xây lắp Dầu khí Thanh Hóa,CT,2,2300,Xây dựng và Vật liệu
PVH,Công ty Cổ phần Xây lắp Dầu khí Thanh Hóa,CT,3,2350,Xây dựng và Vật liệu
PVH,Công ty Cổ phần Xây lắp Dầu khí Thanh Hóa,CT,4,2357,Xây dựng
PVI,Công ty Cổ phần PVI,BH,1,8000,Tài chính
PVI,Công ty Cổ phần PVI,BH,2,8500,Bảo hiểm
PVI,Công ty Cổ phần PVI,BH,3,8530,Bảo hiểm phi nhân thọ
PVI,Công ty Cổ phần PVI,BH,4,8536,Bảo hiểm phi nhân thọ
PVL,Công ty Cổ phần Địa ốc Dầu khí,CT,1,8000,Tài chính
PVL,Công ty Cổ phần Địa ốc Dầu khí,CT,2,8600,Bất động sản
PVL,Công ty Cổ phần Địa ốc Dầu khí,CT,3,8630,Bất động sản
PVL,Công ty Cổ phần Địa ốc Dầu khí,CT,4,8633,Bất động sản
PVM,Công ty Cổ phần Máy - Thiết bị Dầu khí,CT,1,2000,Công nghiệp
PVM,Công ty Cổ phần Máy - Thiết bị Dầu khí,CT,2,2700,Hàng & Dịch vụ Công nghiệp
PVM,Công ty Cổ phần Máy - Thiết bị Dầu khí,CT,3,2790,Tư vấn & Hỗ trợ Kinh doanh
PVM,Công ty Cổ phần Máy - Thiết bị Dầu khí,CT,4,2797,Nhà cung cấp thiết bị
PVO,Công ty Cổ phần Dầu nhờn PV Oil,CT,1,1000,Nguyên vật liệu
PVO,Công ty Cổ phần Dầu nhờn PV Oil,CT,2,1300,Hóa chất
PVO,Công ty Cổ phần Dầu nhờn PV Oil,CT,3,1350,Hóa chất
PVO,Công ty Cổ phần Dầu nhờn PV Oil,CT,4,1357,"Sản phẩm hóa dầu, Nông dược & Hóa chất khác"
PVP,Công ty Cổ phần Vận tải Dầu khí Thái Bình Dương,CT,1,2000,Công nghiệp
PVP,Công ty Cổ phần Vận tải Dầu khí Thái Bình Dương,CT,2,2700,Hàng & Dịch vụ Công nghiệp
PVP,Công ty Cổ phần Vận tải Dầu khí Thái Bình Dương,CT,3,2770,Vận tải
PVP,Công ty Cổ phần Vận tải Dầu khí Thái Bình Dương,CT,4,2779,Dịch vụ vận tải
PVR,Công ty Cổ phần Đầu tư PVR Hà Nội,CT,1,8000,Tài chính
PVR,Công ty Cổ phần Đầu tư PVR Hà Nội,CT,2,8600,Bất động sản
PVR,Công ty Cổ phần Đầu tư PVR Hà Nội,CT,3,8630,Bất động sản
PVR,Công ty Cổ phần Đầu tư PVR Hà Nội,CT,4,8633,Bất động sản
PVS,Tổng Công ty Cổ phần Dịch vụ Kỹ thuật Dầu khí Việt Nam,CT,1,0001,Dầu khí
PVS,Tổng Công ty Cổ phần Dịch vụ Kỹ thuật Dầu khí Việt Nam,CT,2,0500,Dầu khí
PVS,Tổng Công ty Cổ phần Dịch vụ Kỹ thuật Dầu khí Việt Nam,CT,3,0570,"Thiết bị, Dịch vụ và Phân phối Dầu khí"
PVS,Tổng Công ty Cổ phần Dịch vụ Kỹ thuật Dầu khí Việt Nam,CT,4,0573,Thiết bị và Dịch vụ Dầu khí
PVT,Tổng Công ty Cổ phần Vận tải Dầu khí,CT,1,2000,Công nghiệp
PVT,Tổng Công ty Cổ phần Vận tải Dầu khí,CT,2,2700,Hàng & Dịch vụ Công nghiệp
PVT,Tổng Công ty Cổ phần Vận tải Dầu khí,CT,3,2770,Vận tải
PVT,Tổng Công ty Cổ phần Vận tải Dầu khí,CT,4,2773,Vận tải Thủy
PVV,Công ty Cổ phần Vinaconex 39,CT,1,2000,Công nghiệp
PVV,Công ty Cổ phần Vinaconex 39,CT,2,2300,Xây dựng và Vật liệu
PVV,Công ty Cổ phần Vinaconex 39,CT,3,2350,Xây dựng và Vật liệu
PVV,Công ty Cổ phần Vinaconex 39,CT,4,2357,Xây dựng
PVX,Tổng Công ty Cổ phần Xây lắp Dầu khí Việt Nam,CT,1,2000,Công nghiệp
PVX,Tổng Công ty Cổ phần Xây lắp Dầu khí Việt Nam,CT,2,2300,Xây dựng và Vật liệu
PVX,Tổng Công ty Cổ phần Xây lắp Dầu khí Việt Nam,CT,3,2350,Xây dựng và Vật liệu
PVX,Tổng Công ty Cổ phần Xây lắp Dầu khí Việt Nam,CT,4,2357,Xây dựng
PVY,Công ty Cổ phần Chế tạo Giàn khoan Dầu khí,CT,1,2000,Công nghiệp
PVY,Công ty Cổ phần Chế tạo Giàn khoan Dầu khí,CT,2,2300,Xây dựng và Vật liệu
PVY,Công ty Cổ phần Chế tạo Giàn khoan Dầu khí,CT,3,2350,Xây dựng và Vật liệu
PVY,Công ty Cổ phần Chế tạo Giàn khoan Dầu khí,CT,4,2357,Xây dựng
PWA,Công ty Cổ phần Bất động sản dầu khí,CT,1,8000,Tài chính
PWA,Công ty Cổ phần Bất động sản dầu khí,CT,2,8600,Bất động sản
PWA,Công ty Cổ phần Bất động sản dầu khí,CT,3,8630,Bất động sản
PWA,Công ty Cổ phần Bất động sản dầu khí,CT,4,8633,Bất động sản
PWS,Công ty Cổ phần Cấp thoát nước Phú Yên,CT,1,7000,Tiện ích Cộng đồng
PWS,Công ty Cổ phần Cấp thoát nước Phú Yên,CT,2,7500,"Điện, nước & xăng dầu khí đốt"
PWS,Công ty Cổ phần Cấp thoát nước Phú Yên,CT,3,7570,Nước & Khí đốt
PWS,Công ty Cổ phần Cấp thoát nước Phú Yên,CT,4,7577,Nước
PX1,Công ty Cổ phần Xi măng Sông Lam 2,CT,1,2000,Công nghiệp
PX1,Công ty Cổ phần Xi măng Sông Lam 2,CT,2,2300,Xây dựng và Vật liệu
PX1,Công ty Cổ phần Xi măng Sông Lam 2,CT,3,2350,Xây dựng và Vật liệu
PX1,Công ty Cổ phần Xi măng Sông Lam 2,CT,4,2353,Vật liệu xây dựng & Nội thất
PXA,Công ty Cổ phần Đầu tư và Thương mại Dầu khí Nghệ An,CT,1,8000,Tài chính
PXA,Công ty Cổ phần Đầu tư và Thương mại Dầu khí Nghệ An,CT,2,8600,Bất động sản
PXA,Công ty Cổ phần Đầu tư và Thương mại Dầu khí Nghệ An,CT,3,8630,Bất động sản
PXA,Công ty Cổ phần Đầu tư và Thương mại Dầu khí Nghệ An,CT,4,8633,Bất động sản
PXC,Công ty Cổ phần Phát triển Đô thị Dầu khí,CT,1,8000,Tài chính
PXC,Công ty Cổ phần Phát triển Đô thị Dầu khí,CT,2,8600,Bất động sản
PXC,Công ty Cổ phần Phát triển Đô thị Dầu khí,CT,3,8630,Bất động sản
PXC,Công ty Cổ phần Phát triển Đô thị Dầu khí,CT,4,8633,Bất động sản
PXH,Công ty Cổ phần Xây lắp Dầu khí Hà Nội,CT,1,2000,Công nghiệp
PXH,Công ty Cổ phần Xây lắp Dầu khí Hà Nội,CT,2,2300,Xây dựng và Vật liệu
PXH,Công ty Cổ phần Xây lắp Dầu khí Hà Nội,CT,3,2350,Xây dựng và Vật liệu
PXH,Công ty Cổ phần Xây lắp Dầu khí Hà Nội,CT,4,2357,Xây dựng
PXI,Công ty Cổ phần Xây dựng Công nghiệp và Dân dụng Dầu khí,CT,1,2000,Công nghiệp
PXI,Công ty Cổ phần Xây dựng Công nghiệp và Dân dụng Dầu khí,CT,2,2300,Xây dựng và Vật liệu
PXI,Công ty Cổ phần Xây dựng Công nghiệp và Dân dụng Dầu khí,CT,3,2350,Xây dựng và Vật liệu
PXI,Công ty Cổ phần Xây dựng Công nghiệp và Dân dụng Dầu khí,CT,4,2357,Xây dựng
PXK,Công ty Cổ phần Đầu tư và Xây lắp dầu khí Kinh Bắc,CT,1,2000,Công nghiệp
PXK,Công ty Cổ phần Đầu tư và Xây lắp dầu khí Kinh Bắc,CT,2,2300,Xây dựng và Vật liệu
PXK,Công ty Cổ phần Đầu tư và Xây lắp dầu khí Kinh Bắc,CT,3,2350,Xây dựng và Vật liệu
PXK,Công ty Cổ phần Đầu tư và Xây lắp dầu khí Kinh Bắc,CT,4,2357,Xây dựng
PXL,Công ty Cổ phần Đầu tư Khu Công Nghiệp Dầu khí Long Sơn,CT,1,8000,Tài chính
PXL,Công ty Cổ phần Đầu tư Khu Công Nghiệp Dầu khí Long Sơn,CT,2,8600,Bất động sản
PXL,Công ty Cổ phần Đầu tư Khu Công Nghiệp Dầu khí Long Sơn,CT,3,8630,Bất động sản
PXL,Công ty Cổ phần Đầu tư Khu Công Nghiệp Dầu khí Long Sơn,CT,4,8633,Bất động sản
PXM,Công ty Cổ phần Xây lắp Dầu khí Miền Trung,CT,1,2000,Công nghiệp
PXM,Công ty Cổ phần Xây lắp Dầu khí Miền Trung,CT,2,2300,Xây dựng và Vật liệu
PXM,Công ty Cổ phần Xây lắp Dầu khí Miền Trung,CT,3,2350,Xây dựng và Vật liệu
PXM,Công ty Cổ phần Xây lắp Dầu khí Miền Trung,CT,4,2357,Xây dựng
PXP VEEF,PXP Vietnam Emerging Equity Fund,QU,1,8000,Tài chính
PXP VEEF,PXP Vietnam Emerging Equity Fund,QU,2,8700,Dịch vụ tài chính
PXP VEEF,PXP Vietnam Emerging Equity Fund,QU,3,8980,Quỹ đầu tư
PXP VEEF,PXP Vietnam Emerging Equity Fund,QU,4,8985,Quỹ đầu tư
PXS,Công ty Cổ phần Kết cấu Kim loại và Lắp máy Dầu khí,CT,1,2000,Công nghiệp
PXS,Công ty Cổ phần Kết cấu Kim loại và Lắp máy Dầu khí,CT,2,2300,Xây dựng và Vật liệu
PXS,Công ty Cổ phần Kết cấu Kim loại và Lắp máy Dầu khí,CT,3,2350,Xây dựng và Vật liệu
PXS,Công ty Cổ phần Kết cấu Kim loại và Lắp máy Dầu khí,CT,4,2357,Xây dựng
PXT,Công ty Cổ phần Xây lắp Đường ống Bể chứa Dầu khí,CT,1,2000,Công nghiệp
PXT,Công ty Cổ phần Xây lắp Đường ống Bể chứa Dầu khí,CT,2,2300,Xây dựng và Vật liệu
PXT,Công ty Cổ phần Xây lắp Đường ống Bể chứa Dầu khí,CT,3,2350,Xây dựng và Vật liệu
PXT,Công ty Cổ phần Xây lắp Đường ống Bể chứa Dầu khí,CT,4,2357,Xây dựng
PYNELITE,PYN Elite Fund,QU,1,8000,Tài chính
PYNELITE,PYN Elite Fund,QU,2,8700,Dịch vụ tài chính
PYNELITE,PYN Elite Fund,QU,3,8980,Quỹ đầu tư
PYNELITE,PYN Elite Fund,QU,4,8985,Quỹ đầu tư
QBR,Công ty Cổ phần Đường sắt Quảng Bình,CT,1,2000,Công nghiệp
QBR,Công ty Cổ phần Đường sắt Quảng Bình,CT,2,2700,Hàng & Dịch vụ Công nghiệp
QBR,Công ty Cổ phần Đường sắt Quảng Bình,CT,3,2770,Vận tải
QBR,Công ty Cổ phần Đường sắt Quảng Bình,CT,4,2775,Đường sắt
QBS,Công ty Cổ phần Xuất nhập khẩu Quảng Bình,CT,1,1000,Nguyên vật liệu
QBS,Công ty Cổ phần Xuất nhập khẩu Quảng Bình,CT,2,1300,Hóa chất
QBS,Công ty Cổ phần Xuất nhập khẩu Quảng Bình,CT,3,1350,Hóa chất
QBS,Công ty Cổ phần Xuất nhập khẩu Quảng Bình,CT,4,1357,"Sản phẩm hóa dầu, Nông dược & Hóa chất khác"
QCC,Công ty Cổ phần Đầu tư Xây dựng và Phát triển Hạ tầng Viễn Thông,CT,1,2000,Công nghiệp
QCC,Công ty Cổ phần Đầu tư Xây dựng và Phát triển Hạ tầng Viễn Thông,CT,2,2300,Xây dựng và Vật liệu
QCC,Công ty Cổ phần Đầu tư Xây dựng và Phát triển Hạ tầng Viễn Thông,CT,3,2350,Xây dựng và Vật liệu
QCC,Công ty Cổ phần Đầu tư Xây dựng và Phát triển Hạ tầng Viễn Thông,CT,4,2357,Xây dựng
QCG,Công ty Cổ phần Quốc Cường Gia Lai,CT,1,8000,Tài chính
QCG,Công ty Cổ phần Quốc Cường Gia Lai,CT,2,8600,Bất động sản
QCG,Công ty Cổ phần Quốc Cường Gia Lai,CT,3,8630,Bất động sản
QCG,Công ty Cổ phần Quốc Cường Gia Lai,CT,4,8633,Bất động sản
QHD,Công ty Cổ phần Que hàn điện Việt Đức,CT,1,2000,Công nghiệp
QHD,Công ty Cổ phần Que hàn điện Việt Đức,CT,2,2700,Hàng & Dịch vụ Công nghiệp
QHD,Công ty Cổ phần Que hàn điện Việt Đức,CT,3,2720,Hàng công nghiệp
QHD,Công ty Cổ phần Que hàn điện Việt Đức,CT,4,2727,Công nghiệp phức hợp
QHW,Công ty Cổ phần Nước khoáng Quảng Ninh,CT,1,3000,Hàng Tiêu dùng
QHW,Công ty Cổ phần Nước khoáng Quảng Ninh,CT,2,3500,Thực phẩm và đồ uống
QHW,Công ty Cổ phần Nước khoáng Quảng Ninh,CT,3,3530,Bia và đồ uống
QHW,Công ty Cổ phần Nước khoáng Quảng Ninh,CT,4,3537,Đồ uống & giải khát
QLD,Công ty Cổ phần Quản lý và Xây dựng Giao thông Lạng Sơn,CT,1,2000,Công nghiệp
QLD,Công ty Cổ phần Quản lý và Xây dựng Giao thông Lạng Sơn,CT,2,2300,Xây dựng và Vật liệu
QLD,Công ty Cổ phần Quản lý và Xây dựng Giao thông Lạng Sơn,CT,3,2350,Xây dựng và Vật liệu
QLD,Công ty Cổ phần Quản lý và Xây dựng Giao thông Lạng Sơn,CT,4,2357,Xây dựng
QLT,Công ty Cổ phần Quản Lý Bảo Trì Đường Thủy Nội Địa Số 10,CT,1,2000,Công nghiệp
QLT,Công ty Cổ phần Quản Lý Bảo Trì Đường Thủy Nội Địa Số 10,CT,2,2700,Hàng & Dịch vụ Công nghiệp
QLT,Công ty Cổ phần Quản Lý Bảo Trì Đường Thủy Nội Địa Số 10,CT,3,2770,Vận tải
QLT,Công ty Cổ phần Quản Lý Bảo Trì Đường Thủy Nội Địa Số 10,CT,4,2777,"Kho bãi, hậu cần và bảo dưỡng"
QNC,Công ty Cổ phần Xi măng và Xây dựng Quảng Ninh,CT,1,2000,Công nghiệp
QNC,Công ty Cổ phần Xi măng và Xây dựng Quảng Ninh,CT,2,2300,Xây dựng và Vật liệu
QNC,Công ty Cổ phần Xi măng và Xây dựng Quảng Ninh,CT,3,2350,Xây dựng và Vật liệu
QNC,Công ty Cổ phần Xi măng và Xây dựng Quảng Ninh,CT,4,2353,Vật liệu xây dựng & Nội thất
QNP,Công ty Cổ phần Cảng Quy Nhơn,CT,1,2000,Công nghiệp
QNP,Công ty Cổ phần Cảng Quy Nhơn,CT,2,2700,Hàng & Dịch vụ Công nghiệp
QNP,Công ty Cổ phần Cảng Quy Nhơn,CT,3,2770,Vận tải
QNP,Công ty Cổ phần Cảng Quy Nhơn,CT,4,2777,"Kho bãi, hậu cần và bảo dưỡng"
QNS,Công ty Cổ phần Đường Quảng Ngãi,CT,1,3000,Hàng Tiêu dùng
QNS,Công ty Cổ phần Đường Quảng Ngãi,CT,2,3500,Thực phẩm và đồ uống
QNS,Công ty Cổ phần Đường Quảng Ngãi,CT,3,3570,Sản xuất thực phẩm
QNS,Công ty Cổ phần Đường Quảng Ngãi,CT,4,3577,Thực phẩm
QNT,Công ty Cổ phần Tư vấn và Đầu tư Phát triển Quảng Nam,CT,1,2000,Công nghiệp
QNT,Công ty Cổ phần Tư vấn và Đầu tư Phát triển Quảng Nam,CT,2,2300,Xây dựng và Vật liệu
QNT,Công ty Cổ phần Tư vấn và Đầu tư Phát triển Quảng Nam,CT,3,2350,Xây dựng và Vật liệu
QNT,Công ty Cổ phần Tư vấn và Đầu tư Phát triển Quảng Nam,CT,4,2357,Xây dựng
QNU,Công ty Cổ phần Môi trường Đô thị Quảng Nam,CT,1,2000,Công nghiệp
QNU,Công ty Cổ phần Môi trường Đô thị Quảng Nam,CT,2,2700,Hàng & Dịch vụ Công nghiệp
QNU,Công ty Cổ phần Môi trường Đô thị Quảng Nam,CT,3,2790,Tư vấn & Hỗ trợ Kinh doanh
QNU,Công ty Cổ phần Môi trường Đô thị Quảng Nam,CT,4,2799,Chất thải & Môi trường
QNW,Công ty Cổ phần Cấp thoát nước và xây dựng Quảng Ngãi,CT,1,7000,Tiện ích Cộng đồng
QNW,Công ty Cổ phần Cấp thoát nước và xây dựng Quảng Ngãi,CT,2,7500,"Điện, nước & xăng dầu khí đốt"
QNW,Công ty Cổ phần Cấp thoát nước và xây dựng Quảng Ngãi,CT,3,7570,Nước & Khí đốt
QNW,Công ty Cổ phần Cấp thoát nước và xây dựng Quảng Ngãi,CT,4,7577,Nước
QPH,Công ty Cổ phần Thủy điện Quế Phong,CT,1,7000,Tiện ích Cộng đồng
QPH,Công ty Cổ phần Thủy điện Quế Phong,CT,2,7500,"Điện, nước & xăng dầu khí đốt"
QPH,Công ty Cổ phần Thủy điện Quế Phong,CT,3,7530,Sản xuất & Phân phối Điện
QPH,Công ty Cổ phần Thủy điện Quế Phong,CT,4,7535,Sản xuất & Phân phối Điện
QSP,Công ty Cổ phần Tân cảng Quy Nhơn,CT,1,2000,Công nghiệp
QSP,Công ty Cổ phần Tân cảng Quy Nhơn,CT,2,2700,Hàng & Dịch vụ Công nghiệp
QSP,Công ty Cổ phần Tân cảng Quy Nhơn,CT,3,2770,Vận tải
QSP,Công ty Cổ phần Tân cảng Quy Nhơn,CT,4,2777,"Kho bãi, hậu cần và bảo dưỡng"
QST,Công ty Cổ phần Sách và Thiết bị trường học Quảng Ninh,CT,1,5000,Dịch vụ Tiêu dùng
QST,Công ty Cổ phần Sách và Thiết bị trường học Quảng Ninh,CT,2,5500,Truyền thông
QST,Công ty Cổ phần Sách và Thiết bị trường học Quảng Ninh,CT,3,5550,Truyền thông
QST,Công ty Cổ phần Sách và Thiết bị trường học Quảng Ninh,CT,4,5557,"Sách, ấn bản & sản phẩm văn hóa"
QTC,Công ty Cổ phần Công trình Giao thông Vận tải Quảng Nam,CT,1,2000,Công nghiệp
QTC,Công ty Cổ phần Công trình Giao thông Vận tải Quảng Nam,CT,2,2300,Xây dựng và Vật liệu
QTC,Công ty Cổ phần Công trình Giao thông Vận tải Quảng Nam,CT,3,2350,Xây dựng và Vật liệu
QTC,Công ty Cổ phần Công trình Giao thông Vận tải Quảng Nam,CT,4,2357,Xây dựng
QTP,Công ty Cổ phần Nhiệt điện Quảng Ninh,CT,1,7000,Tiện ích Cộng đồng
QTP,Công ty Cổ phần Nhiệt điện Quảng Ninh,CT,2,7500,"Điện, nước & xăng dầu khí đốt"
QTP,Công ty Cổ phần Nhiệt điện Quảng Ninh,CT,3,7530,Sản xuất & Phân phối Điện
QTP,Công ty Cổ phần Nhiệt điện Quảng Ninh,CT,4,7535,Sản xuất & Phân phối Điện
RAL,Công ty Cổ phần Bóng đèn Phích nước Rạng Đông,CT,1,3000,Hàng Tiêu dùng
RAL,Công ty Cổ phần Bóng đèn Phích nước Rạng Đông,CT,2,3700,Hàng cá nhân & Gia dụng
RAL,Công ty Cổ phần Bóng đèn Phích nước Rạng Đông,CT,3,3720,Hàng gia dụng
RAL,Công ty Cổ phần Bóng đèn Phích nước Rạng Đông,CT,4,3726,Thiết bị gia dụng
RAT,Công ty Cổ phần Vận tải và Thương mại Đường sắt,CT,1,2000,Công nghiệp
RAT,Công ty Cổ phần Vận tải và Thương mại Đường sắt,CT,2,2700,Hàng & Dịch vụ Công nghiệp
RAT,Công ty Cổ phần Vận tải và Thương mại Đường sắt,CT,3,2770,Vận tải
RAT,Công ty Cổ phần Vận tải và Thương mại Đường sắt,CT,4,2779,Dịch vụ vận tải
RBC,Công ty Cổ phần Công Nghiệp và Xuất nhập khẩu Cao Su,CT,1,1000,Nguyên vật liệu
RBC,Công ty Cổ phần Công Nghiệp và Xuất nhập khẩu Cao Su,CT,2,1300,Hóa chất
RBC,Công ty Cổ phần Công Nghiệp và Xuất nhập khẩu Cao Su,CT,3,1350,Hóa chất
RBC,Công ty Cổ phần Công Nghiệp và Xuất nhập khẩu Cao Su,CT,4,1353,"Nhựa, cao su & sợi"
RCC,Công ty Cổ phần Tổng Công ty Công trình Đường sắt Việt Nam,CT,1,2000,Công nghiệp
RCC,Công ty Cổ phần Tổng Công ty Công trình Đường sắt Việt Nam,CT,2,2300,Xây dựng và Vật liệu
RCC,Công ty Cổ phần Tổng Công ty Công trình Đường sắt Việt Nam,CT,3,2350,Xây dựng và Vật liệu
RCC,Công ty Cổ phần Tổng Công ty Công trình Đường sắt Việt Nam,CT,4,2357,Xây dựng
RCD,Công ty Cổ phần Xây dựng - Địa ốc Cao su,CT,1,2000,Công nghiệp
RCD,Công ty Cổ phần Xây dựng - Địa ốc Cao su,CT,2,2300,Xây dựng và Vật liệu
RCD,Công ty Cổ phần Xây dựng - Địa ốc Cao su,CT,3,2350,Xây dựng và Vật liệu
RCD,Công ty Cổ phần Xây dựng - Địa ốc Cao su,CT,4,2357,Xây dựng
RCL,Công ty Cổ phần Địa ốc Chợ Lớn,CT,1,8000,Tài chính
RCL,Công ty Cổ phần Địa ốc Chợ Lớn,CT,2,8600,Bất động sản
RCL,Công ty Cổ phần Địa ốc Chợ Lớn,CT,3,8630,Bất động sản
RCL,Công ty Cổ phần Địa ốc Chợ Lớn,CT,4,8633,Bất động sản
RDP,Công ty Cổ phần Rạng Đông Holding,CT,1,1000,Nguyên vật liệu
RDP,Công ty Cổ phần Rạng Đông Holding,CT,2,1300,Hóa chất
RDP,Công ty Cổ phần Rạng Đông Holding,CT,3,1350,Hóa chất
RDP,Công ty Cổ phần Rạng Đông Holding,CT,4,1353,"Nhựa, cao su & sợi"
REC,Công ty Cổ phần Cơ Khí Cao Su,CT,1,2000,Công nghiệp
REC,Công ty Cổ phần Cơ Khí Cao Su,CT,2,2700,Hàng & Dịch vụ Công nghiệp
REC,Công ty Cổ phần Cơ Khí Cao Su,CT,3,2750,Công nghiệp nặng
REC,Công ty Cổ phần Cơ Khí Cao Su,CT,4,2757,Máy công nghiệp
REE,Công ty Cổ phần Cơ điện Lạnh,CT,1,7000,Tiện ích Cộng đồng
REE,Công ty Cổ phần Cơ điện Lạnh,CT,2,7500,"Điện, nước & xăng dầu khí đốt"
REE,Công ty Cổ phần Cơ điện Lạnh,CT,3,7530,Sản xuất & Phân phối Điện
REE,Công ty Cổ phần Cơ điện Lạnh,CT,4,7535,Sản xuất & Phân phối Điện
REN,Công ty Cổ phần Xây dựng và Đầu tư Khu du lịch Sinh Thái,CT,1,2000,Công nghiệp
REN,Công ty Cổ phần Xây dựng và Đầu tư Khu du lịch Sinh Thái,CT,2,2300,Xây dựng và Vật liệu
REN,Công ty Cổ phần Xây dựng và Đầu tư Khu du lịch Sinh Thái,CT,3,2350,Xây dựng và Vật liệu
REN,Công ty Cổ phần Xây dựng và Đầu tư Khu du lịch Sinh Thái,CT,4,2357,Xây dựng
RGC,Công ty Cổ phần Đầu tư PV-Inconess,CT,1,5000,Dịch vụ Tiêu dùng
RGC,Công ty Cổ phần Đầu tư PV-Inconess,CT,2,5500,Truyền thông
RGC,Công ty Cổ phần Đầu tư PV-Inconess,CT,3,5550,Truyền thông
RGC,Công ty Cổ phần Đầu tư PV-Inconess,CT,4,5553,Giải trí & Truyền thông
RGG,Công ty Cổ phần Regal Group,CT,1,8000,Tài chính
RGG,Công ty Cổ phần Regal Group,CT,2,8600,Bất động sản
RGG,Công ty Cổ phần Regal Group,CT,3,8630,Bất động sản
RGG,Công ty Cổ phần Regal Group,CT,4,8633,Bất động sản
RHN,Công ty Cổ phần Đường sắt Hà Ninh,CT,1,2000,Công nghiệp
RHN,Công ty Cổ phần Đường sắt Hà Ninh,CT,2,2700,Hàng & Dịch vụ Công nghiệp
RHN,Công ty Cổ phần Đường sắt Hà Ninh,CT,3,2770,Vận tải
RHN,Công ty Cổ phần Đường sắt Hà Ninh,CT,4,2775,Đường sắt
RIC,Công ty Cổ phần Quốc Tế Hoàng Gia,CT,1,5000,Dịch vụ Tiêu dùng
RIC,Công ty Cổ phần Quốc Tế Hoàng Gia,CT,2,5700,Du lịch và Giải trí
RIC,Công ty Cổ phần Quốc Tế Hoàng Gia,CT,3,5750,Du lịch & Giải trí
RIC,Công ty Cổ phần Quốc Tế Hoàng Gia,CT,4,5755,Dịch vụ giải trí
ROS,Công ty Cổ phần Xây dựng FLC FAROS,CT,1,2000,Công nghiệp
ROS,Công ty Cổ phần Xây dựng FLC FAROS,CT,2,2300,Xây dựng và Vật liệu
ROS,Công ty Cổ phần Xây dựng FLC FAROS,CT,3,2350,Xây dựng và Vật liệu
ROS,Công ty Cổ phần Xây dựng FLC FAROS,CT,4,2357,Xây dựng
RRC,Công ty Cổ phần Than Sông Hồng,CT,1,1000,Nguyên vật liệu
RRC,Công ty Cổ phần Than Sông Hồng,CT,2,1700,Tài nguyên Cơ bản
RRC,Công ty Cổ phần Than Sông Hồng,CT,3,1770,Khai khoáng
RRC,Công ty Cổ phần Than Sông Hồng,CT,4,1771,Khai thác Than
RTB,Công ty Cổ phần Cao su Tân Biên,CT,1,1000,Nguyên vật liệu
RTB,Công ty Cổ phần Cao su Tân Biên,CT,2,1300,Hóa chất
RTB,Công ty Cổ phần Cao su Tân Biên,CT,3,1350,Hóa chất
RTB,Công ty Cổ phần Cao su Tân Biên,CT,4,1353,"Nhựa, cao su & sợi"
RYG,Công ty Cổ phần Sản xuất và Đầu tư Hoàng Gia,CT,1,2000,Công nghiệp
RYG,Công ty Cổ phần Sản xuất và Đầu tư Hoàng Gia,CT,2,2300,Xây dựng và Vật liệu
RYG,Công ty Cổ phần Sản xuất và Đầu tư Hoàng Gia,CT,3,2350,Xây dựng và Vật liệu
RYG,Công ty Cổ phần Sản xuất và Đầu tư Hoàng Gia,CT,4,2353,Vật liệu xây dựng & Nội thất
S12,Công ty Cổ phần Sông Đà 12,CT,1,2000,Công nghiệp
S12,Công ty Cổ phần Sông Đà 12,CT,2,2300,Xây dựng và Vật liệu
S12,Công ty Cổ phần Sông Đà 12,CT,3,2350,Xây dựng và Vật liệu
S12,Công ty Cổ phần Sông Đà 12,CT,4,2357,Xây dựng
S27,Công ty Cổ phần Sông Đà 27,CT,1,2000,Công nghiệp
S27,Công ty Cổ phần Sông Đà 27,CT,2,2300,Xây dựng và Vật liệu
S27,Công ty Cổ phần Sông Đà 27,CT,3,2350,Xây dựng và Vật liệu
S27,Công ty Cổ phần Sông Đà 27,CT,4,2357,Xây dựng
S4A,Công ty Cổ phần Thủy điện Sê San 4A,CT,1,7000,Tiện ích Cộng đồng
S4A,Công ty Cổ phần Thủy điện Sê San 4A,CT,2,7500,"Điện, nước & xăng dầu khí đốt"
S4A,Công ty Cổ phần Thủy điện Sê San 4A,CT,3,7530,Sản xuất & Phân phối Điện
S4A,Công ty Cổ phần Thủy điện Sê San 4A,CT,4,7535,Sản xuất & Phân phối Điện
S55,Công ty Cổ phần Sông Đà 505,CT,1,2000,Công nghiệp
S55,Công ty Cổ phần Sông Đà 505,CT,2,2300,Xây dựng và Vật liệu
S55,Công ty Cổ phần Sông Đà 505,CT,3,2350,Xây dựng và Vật liệu
S55,Công ty Cổ phần Sông Đà 505,CT,4,2357,Xây dựng
S72,Công ty Cổ phần Sông Đà 7.02,CT,1,2000,Công nghiệp
S72,Công ty Cổ phần Sông Đà 7.02,CT,2,2300,Xây dựng và Vật liệu
S72,Công ty Cổ phần Sông Đà 7.02,CT,3,2350,Xây dựng và Vật liệu
S72,Công ty Cổ phần Sông Đà 7.02,CT,4,2357,Xây dựng
S74,Công ty Cổ phần Sông Đà 7.04,CT,1,2000,Công nghiệp
S74,Công ty Cổ phần Sông Đà 7.04,CT,2,2300,Xây dựng và Vật liệu
S74,Công ty Cổ phần Sông Đà 7.04,CT,3,2350,Xây dựng và Vật liệu
S74,Công ty Cổ phần Sông Đà 7.04,CT,4,2357,Xây dựng
S96,Công ty Cổ phần Sông Đà 9.06,CT,1,2000,Công nghiệp
S96,Công ty Cổ phần Sông Đà 9.06,CT,2,2300,Xây dựng và Vật liệu
S96,Công ty Cổ phần Sông Đà 9.06,CT,3,2350,Xây dựng và Vật liệu
S96,Công ty Cổ phần Sông Đà 9.06,CT,4,2357,Xây dựng
S99,Công ty Cổ phần SCI,CT,1,2000,Công nghiệp
S99,Công ty Cổ phần SCI,CT,2,2300,Xây dựng và Vật liệu
S99,Công ty Cổ phần SCI,CT,3,2350,Xây dựng và Vật liệu
S99,Công ty Cổ phần SCI,CT,4,2357,Xây dựng
SAB,Tổng Công ty Cổ phần Bia - Rượu - Nước Giải khát Sài Gòn,CT,1,3000,Hàng Tiêu dùng
SAB,Tổng Công ty Cổ phần Bia - Rượu - Nước Giải khát Sài Gòn,CT,2,3500,Thực phẩm và đồ uống
SAB,Tổng Công ty Cổ phần Bia - Rượu - Nước Giải khát Sài Gòn,CT,3,3530,Bia và đồ uống
SAB,Tổng Công ty Cổ phần Bia - Rượu - Nước Giải khát Sài Gòn,CT,4,3533,Sản xuất bia
SAC,Công ty Cổ phần Xếp dỡ và Dịch vụ cảng Sài Gòn,CT,1,2000,Công nghiệp
SAC,Công ty Cổ phần Xếp dỡ và Dịch vụ cảng Sài Gòn,CT,2,2700,Hàng & Dịch vụ Công nghiệp
SAC,Công ty Cổ phần Xếp dỡ và Dịch vụ cảng Sài Gòn,CT,3,2770,Vận tải
SAC,Công ty Cổ phần Xếp dỡ và Dịch vụ cảng Sài Gòn,CT,4,2777,"Kho bãi, hậu cần và bảo dưỡng"
SAD,Công ty Cổ phần Phát triển Sản xuất Thương mại Sài Gòn,CT,1,5000,Dịch vụ Tiêu dùng
SAD,Công ty Cổ phần Phát triển Sản xuất Thương mại Sài Gòn,CT,2,5300,Bán lẻ
SAD,Công ty Cổ phần Phát triển Sản xuất Thương mại Sài Gòn,CT,3,5370,Bán lẻ
SAD,Công ty Cổ phần Phát triển Sản xuất Thương mại Sài Gòn,CT,4,5373,Bán lẻ phức hợp
SAF,Công ty Cổ phần Lương thực Thực phẩm SAFOCO,CT,1,3000,Hàng Tiêu dùng
SAF,Công ty Cổ phần Lương thực Thực phẩm SAFOCO,CT,2,3500,Thực phẩm và đồ uống
SAF,Công ty Cổ phần Lương thực Thực phẩm SAFOCO,CT,3,3570,Sản xuất thực phẩm
SAF,Công ty Cổ phần Lương thực Thực phẩm SAFOCO,CT,4,3577,Thực phẩm
SAL,Công ty Cổ phần Trục vớt Cứu hộ Việt Nam,CT,1,2000,Công nghiệp
SAL,Công ty Cổ phần Trục vớt Cứu hộ Việt Nam,CT,2,2700,Hàng & Dịch vụ Công nghiệp
SAL,Công ty Cổ phần Trục vớt Cứu hộ Việt Nam,CT,3,2750,Công nghiệp nặng
SAL,Công ty Cổ phần Trục vớt Cứu hộ Việt Nam,CT,4,2753,Xe tải & Đóng tàu
SAM,Công ty Cổ phần SAM Holdings,CT,1,9000,Công nghệ Thông tin
SAM,Công ty Cổ phần SAM Holdings,CT,2,9500,Công nghệ Thông tin
SAM,Công ty Cổ phần SAM Holdings,CT,3,9570,Thiết bị và Phần cứng
SAM,Công ty Cổ phần SAM Holdings,CT,4,9578,Thiết bị viễn thông
SAP,Công ty Cổ phần In Sách Giáo khoa TP.Hồ Chí Minh,CT,1,5000,Dịch vụ Tiêu dùng
SAP,Công ty Cổ phần In Sách Giáo khoa TP.Hồ Chí Minh,CT,2,5500,Truyền thông
SAP,Công ty Cổ phần In Sách Giáo khoa TP.Hồ Chí Minh,CT,3,5550,Truyền thông
SAP,Công ty Cổ phần In Sách Giáo khoa TP.Hồ Chí Minh,CT,4,5557,"Sách, ấn bản & sản phẩm văn hóa"
SAS,Công ty Cổ phần Dịch vụ Hàng không Sân bay Tân Sơn Nhất,CT,1,5000,Dịch vụ Tiêu dùng
SAS,Công ty Cổ phần Dịch vụ Hàng không Sân bay Tân Sơn Nhất,CT,2,5300,Bán lẻ
SAS,Công ty Cổ phần Dịch vụ Hàng không Sân bay Tân Sơn Nhất,CT,3,5370,Bán lẻ
SAS,Công ty Cổ phần Dịch vụ Hàng không Sân bay Tân Sơn Nhất,CT,4,5379,Phân phối hàng chuyên dụng
SAV,Công ty Cổ phần Hợp tác Kinh tế và Xuất nhập khẩu Savimex,CT,1,1000,Nguyên vật liệu
SAV,Công ty Cổ phần Hợp tác Kinh tế và Xuất nhập khẩu Savimex,CT,2,1700,Tài nguyên Cơ bản
SAV,Công ty Cổ phần Hợp tác Kinh tế và Xuất nhập khẩu Savimex,CT,3,1730,Lâm nghiệp và Giấy
SAV,Công ty Cổ phần Hợp tác Kinh tế và Xuất nhập khẩu Savimex,CT,4,1733,Lâm sản và Chế biến gỗ
SB1,Công ty Cổ phần Bia Sài Gòn - Nghệ Tĩnh,CT,1,3000,Hàng Tiêu dùng
SB1,Công ty Cổ phần Bia Sài Gòn - Nghệ Tĩnh,CT,2,3500,Thực phẩm và đồ uống
SB1,Công ty Cổ phần Bia Sài Gòn - Nghệ Tĩnh,CT,3,3530,Bia và đồ uống
SB1,Công ty Cổ phần Bia Sài Gòn - Nghệ Tĩnh,CT,4,3533,Sản xuất bia
SBA,Công ty Cổ phần Sông Ba,CT,1,7000,Tiện ích Cộng đồng
SBA,Công ty Cổ phần Sông Ba,CT,2,7500,"Điện, nước & xăng dầu khí đốt"
SBA,Công ty Cổ phần Sông Ba,CT,3,7530,Sản xuất & Phân phối Điện
SBA,Công ty Cổ phần Sông Ba,CT,4,7535,Sản xuất & Phân phối Điện
SBB,Công ty Cổ phần Tập đoàn Bia Sài Gòn Bình Tây,CT,1,3000,Hàng Tiêu dùng
SBB,Công ty Cổ phần Tập đoàn Bia Sài Gòn Bình Tây,CT,2,3500,Thực phẩm và đồ uống
SBB,Công ty Cổ phần Tập đoàn Bia Sài Gòn Bình Tây,CT,3,3530,Bia và đồ uống
SBB,Công ty Cổ phần Tập đoàn Bia Sài Gòn Bình Tây,CT,4,3533,Sản xuất bia
SBC,Công ty Cổ phần Vận Tải Và Giao Nhận Bia Sài Gòn,CT,1,2000,Công nghiệp
SBC,Công ty Cổ phần Vận Tải Và Giao Nhận Bia Sài Gòn,CT,2,2700,Hàng & Dịch vụ Công nghiệp
SBC,Công ty Cổ phần Vận Tải Và Giao Nhận Bia Sài Gòn,CT,3,2770,Vận tải
SBC,Công ty Cổ phần Vận Tải Và Giao Nhận Bia Sài Gòn,CT,4,2779,Dịch vụ vận tải
SBD,Công ty Cổ phần Công nghệ Sao Bắc Đẩu,CT,1,9000,Công nghệ Thông tin
SBD,Công ty Cổ phần Công nghệ Sao Bắc Đẩu,CT,2,9500,Công nghệ Thông tin
SBD,Công ty Cổ phần Công nghệ Sao Bắc Đẩu,CT,3,9530,Phần mềm & Dịch vụ Máy tính
SBD,Công ty Cổ phần Công nghệ Sao Bắc Đẩu,CT,4,9537,Phần mềm
SBG,Công ty Cổ Phần Tập Đoàn Cơ Khí Công Nghệ Cao Siba,CT,1,2000,Công nghiệp
SBG,Công ty Cổ Phần Tập Đoàn Cơ Khí Công Nghệ Cao Siba,CT,2,2700,Hàng & Dịch vụ Công nghiệp
SBG,Công ty Cổ Phần Tập Đoàn Cơ Khí Công Nghệ Cao Siba,CT,3,2720,Hàng công nghiệp
SBG,Công ty Cổ Phần Tập Đoàn Cơ Khí Công Nghệ Cao Siba,CT,4,2727,Công nghiệp phức hợp
SBH,Công ty Cổ phần Thủy điện Sông Ba Hạ,CT,1,7000,Tiện ích Cộng đồng
SBH,Công ty Cổ phần Thủy điện Sông Ba Hạ,CT,2,7500,"Điện, nước & xăng dầu khí đốt"
SBH,Công ty Cổ phần Thủy điện Sông Ba Hạ,CT,3,7530,Sản xuất & Phân phối Điện
SBH,Công ty Cổ phần Thủy điện Sông Ba Hạ,CT,4,7535,Sản xuất & Phân phối Điện
SBL,Công ty Cổ phần Bia Sài Gòn - Bạc Liêu,CT,1,3000,Hàng Tiêu dùng
SBL,Công ty Cổ phần Bia Sài Gòn - Bạc Liêu,CT,2,3500,Thực phẩm và đồ uống
SBL,Công ty Cổ phần Bia Sài Gòn - Bạc Liêu,CT,3,3530,Bia và đồ uống
SBL,Công ty Cổ phần Bia Sài Gòn - Bạc Liêu,CT,4,3533,Sản xuất bia
SBM,Công ty Cổ phần Đầu tư phát triển Bắc Minh,CT,1,7000,Tiện ích Cộng đồng
SBM,Công ty Cổ phần Đầu tư phát triển Bắc Minh,CT,2,7500,"Điện, nước & xăng dầu khí đốt"
SBM,Công ty Cổ phần Đầu tư phát triển Bắc Minh,CT,3,7530,Sản xuất & Phân phối Điện
SBM,Công ty Cổ phần Đầu tư phát triển Bắc Minh,CT,4,7535,Sản xuất & Phân phối Điện
SBR,Công ty Cổ phần Cao su Sông Bé,CT,1,1000,Nguyên vật liệu
SBR,Công ty Cổ phần Cao su Sông Bé,CT,2,1300,Hóa chất
SBR,Công ty Cổ phần Cao su Sông Bé,CT,3,1350,Hóa chất
SBR,Công ty Cổ phần Cao su Sông Bé,CT,4,1353,"Nhựa, cao su & sợi"
SBS,Công ty Cổ phần Chứng khoán SBS,CK,1,8000,Tài chính
SBS,Công ty Cổ phần Chứng khoán SBS,CK,2,8700,Dịch vụ tài chính
SBS,Công ty Cổ phần Chứng khoán SBS,CK,3,8770,Dịch vụ tài chính
SBS,Công ty Cổ phần Chứng khoán SBS,CK,4,8777,Môi giới chứng khoán
SBT,Công ty Cổ phần Thành Thành Công - Biên Hòa,CT,1,3000,Hàng Tiêu dùng
SBT,Công ty Cổ phần Thành Thành Công - Biên Hòa,CT,2,3500,Thực phẩm và đồ uống
SBT,Công ty Cổ phần Thành Thành Công - Biên Hòa,CT,3,3570,Sản xuất thực phẩm
SBT,Công ty Cổ phần Thành Thành Công - Biên Hòa,CT,4,3577,Thực phẩm
SBV,Công ty Cổ phần Siam Brothers Việt Nam,CT,1,5000,Dịch vụ Tiêu dùng
SBV,Công ty Cổ phần Siam Brothers Việt Nam,CT,2,5300,Bán lẻ
SBV,Công ty Cổ phần Siam Brothers Việt Nam,CT,3,5370,Bán lẻ
SBV,Công ty Cổ phần Siam Brothers Việt Nam,CT,4,5379,Phân phối hàng chuyên dụng
SC5,Công ty Cổ phần Xây dựng số 5,CT,1,2000,Công nghiệp
SC5,Công ty Cổ phần Xây dựng số 5,CT,2,2300,Xây dựng và Vật liệu
SC5,Công ty Cổ phần Xây dựng số 5,CT,3,2350,Xây dựng và Vật liệu
SC5,Công ty Cổ phần Xây dựng số 5,CT,4,2357,Xây dựng
SCA,Công ty Cổ phần Nông nghiệp Sông Con,CT,1,1000,Nguyên vật liệu
SCA,Công ty Cổ phần Nông nghiệp Sông Con,CT,2,1700,Tài nguyên Cơ bản
SCA,Công ty Cổ phần Nông nghiệp Sông Con,CT,3,1730,Lâm nghiệp và Giấy
SCA,Công ty Cổ phần Nông nghiệp Sông Con,CT,4,1733,Lâm sản và Chế biến gỗ
SCB,Ngân Hàng Thương Mại Cổ phần Sài Gòn,NH,1,8301,Ngân hàng
SCB,Ngân Hàng Thương Mại Cổ phần Sài Gòn,NH,2,8300,Ngân hàng
SCB,Ngân Hàng Thương Mại Cổ phần Sài Gòn,NH,3,8350,Ngân hàng
SCB,Ngân Hàng Thương Mại Cổ phần Sài Gòn,NH,4,8355,Ngân hàng
SCC,Công ty Cổ phần Thương mại Đầu tư SHB,CT,1,2000,Công nghiệp
SCC,Công ty Cổ phần Thương mại Đầu tư SHB,CT,2,2300,Xây dựng và Vật liệu
SCC,Công ty Cổ phần Thương mại Đầu tư SHB,CT,3,2350,Xây dựng và Vật liệu
SCC,Công ty Cổ phần Thương mại Đầu tư SHB,CT,4,2353,Vật liệu xây dựng & Nội thất
SCD,Công ty Cổ phần Nước giải khát Chương Dương,CT,1,3000,Hàng Tiêu dùng
SCD,Công ty Cổ phần Nước giải khát Chương Dương,CT,2,3500,Thực phẩm và đồ uống
SCD,Công ty Cổ phần Nước giải khát Chương Dương,CT,3,3530,Bia và đồ uống
SCD,Công ty Cổ phần Nước giải khát Chương Dương,CT,4,3537,Đồ uống & giải khát
SCG,Công ty Cổ phần Tập đoàn Xây dựng SCG,CT,1,2000,Công nghiệp
SCG,Công ty Cổ phần Tập đoàn Xây dựng SCG,CT,2,2300,Xây dựng và Vật liệu
SCG,Công ty Cổ phần Tập đoàn Xây dựng SCG,CT,3,2350,Xây dựng và Vật liệu
SCG,Công ty Cổ phần Tập đoàn Xây dựng SCG,CT,4,2357,Xây dựng
SCI,Công ty Cổ phần SCI E&C,CT,1,2000,Công nghiệp
SCI,Công ty Cổ phần SCI E&C,CT,2,2300,Xây dựng và Vật liệu
SCI,Công ty Cổ phần SCI E&C,CT,3,2350,Xây dựng và Vật liệu
SCI,Công ty Cổ phần SCI E&C,CT,4,2357,Xây dựng
SCJ,Công ty Cổ phần Xi măng Sài Sơn,CT,1,2000,Công nghiệp
SCJ,Công ty Cổ phần Xi măng Sài Sơn,CT,2,2300,Xây dựng và Vật liệu
SCJ,Công ty Cổ phần Xi măng Sài Sơn,CT,3,2350,Xây dựng và Vật liệu
SCJ,Công ty Cổ phần Xi măng Sài Sơn,CT,4,2353,Vật liệu xây dựng & Nội thất
SCL,Công ty Cổ phần Sông Đà Cao Cường,CT,1,2000,Công nghiệp
SCL,Công ty Cổ phần Sông Đà Cao Cường,CT,2,2300,Xây dựng và Vật liệu
SCL,Công ty Cổ phần Sông Đà Cao Cường,CT,3,2350,Xây dựng và Vật liệu
SCL,Công ty Cổ phần Sông Đà Cao Cường,CT,4,2353,Vật liệu xây dựng & Nội thất
SCO,Công ty Cổ phần Công nghiệp Thủy sản,CT,1,2000,Công nghiệp
SCO,Công ty Cổ phần Công nghiệp Thủy sản,CT,2,2700,Hàng & Dịch vụ Công nghiệp
SCO,Công ty Cổ phần Công nghiệp Thủy sản,CT,3,2750,Công nghiệp nặng
SCO,Công ty Cổ phần Công nghiệp Thủy sản,CT,4,2757,Máy công nghiệp
SCR,Công ty Cổ phần Địa Ốc Sài Gòn Thương Tín,CT,1,8000,Tài chính
SCR,Công ty Cổ phần Địa Ốc Sài Gòn Thương Tín,CT,2,8600,Bất động sản
SCR,Công ty Cổ phần Địa Ốc Sài Gòn Thương Tín,CT,3,8630,Bất động sản
SCR,Công ty Cổ phần Địa Ốc Sài Gòn Thương Tín,CT,4,8633,Bất động sản
SCS,Công ty Cổ phần Dịch vụ Hàng hóa Sài Gòn,CT,1,5000,Dịch vụ Tiêu dùng
SCS,Công ty Cổ phần Dịch vụ Hàng hóa Sài Gòn,CT,2,5700,Du lịch và Giải trí
SCS,Công ty Cổ phần Dịch vụ Hàng hóa Sài Gòn,CT,3,5750,Du lịch & Giải trí
SCS,Công ty Cổ phần Dịch vụ Hàng hóa Sài Gòn,CT,4,5751,Hàng không
SCV,Công ty Cổ phần Muối Việt Nam,CT,1,3000,Hàng Tiêu dùng
SCV,Công ty Cổ phần Muối Việt Nam,CT,2,3500,Thực phẩm và đồ uống
SCV,Công ty Cổ phần Muối Việt Nam,CT,3,3570,Sản xuất thực phẩm
SCV,Công ty Cổ phần Muối Việt Nam,CT,4,3577,Thực phẩm
SCY,Công ty Cổ phần Đóng tàu Sông Cấm,CT,1,2000,Công nghiệp
SCY,Công ty Cổ phần Đóng tàu Sông Cấm,CT,2,2700,Hàng & Dịch vụ Công nghiệp
SCY,Công ty Cổ phần Đóng tàu Sông Cấm,CT,3,2750,Công nghiệp nặng
SCY,Công ty Cổ phần Đóng tàu Sông Cấm,CT,4,2753,Xe tải & Đóng tàu
SD1,Công ty Cổ phần Sông Đà 1,CT,1,2000,Công nghiệp
SD1,Công ty Cổ phần Sông Đà 1,CT,2,2300,Xây dựng và Vật liệu
SD1,Công ty Cổ phần Sông Đà 1,CT,3,2350,Xây dựng và Vật liệu
SD1,Công ty Cổ phần Sông Đà 1,CT,4,2357,Xây dựng
SD2,Công ty Cổ phần Sông Đà 2,CT,1,2000,Công nghiệp
SD2,Công ty Cổ phần Sông Đà 2,CT,2,2300,Xây dựng và Vật liệu
SD2,Công ty Cổ phần Sông Đà 2,CT,3,2350,Xây dựng và Vật liệu
SD2,Công ty Cổ phần Sông Đà 2,CT,4,2357,Xây dựng
SD3,Công ty Cổ phần Sông Đà 3,CT,1,2000,Công nghiệp
SD3,Công ty Cổ phần Sông Đà 3,CT,2,2300,Xây dựng và Vật liệu
SD3,Công ty Cổ phần Sông Đà 3,CT,3,2350,Xây dựng và Vật liệu
SD3,Công ty Cổ phần Sông Đà 3,CT,4,2357,Xây dựng
SD4,Công ty Cổ phần Sông Đà 4,CT,1,2000,Công nghiệp
SD4,Công ty Cổ phần Sông Đà 4,CT,2,2300,Xây dựng và Vật liệu
SD4,Công ty Cổ phần Sông Đà 4,CT,3,2350,Xây dựng và Vật liệu
SD4,Công ty Cổ phần Sông Đà 4,CT,4,2357,Xây dựng
SD5,Công ty Cổ phần Sông Đà 5,CT,1,2000,Công nghiệp
SD5,Công ty Cổ phần Sông Đà 5,CT,2,2300,Xây dựng và Vật liệu
SD5,Công ty Cổ phần Sông Đà 5,CT,3,2350,Xây dựng và Vật liệu
SD5,Công ty Cổ phần Sông Đà 5,CT,4,2357,Xây dựng
SD6,Công ty Cổ phần Sông Đà 6,CT,1,2000,Công nghiệp
SD6,Công ty Cổ phần Sông Đà 6,CT,2,2300,Xây dựng và Vật liệu
SD6,Công ty Cổ phần Sông Đà 6,CT,3,2350,Xây dựng và Vật liệu
SD6,Công ty Cổ phần Sông Đà 6,CT,4,2357,Xây dựng
SD7,Công ty Cổ phần Sông Đà 7,CT,1,2000,Công nghiệp
SD7,Công ty Cổ phần Sông Đà 7,CT,2,2300,Xây dựng và Vật liệu
SD7,Công ty Cổ phần Sông Đà 7,CT,3,2350,Xây dựng và Vật liệu
SD7,Công ty Cổ phần Sông Đà 7,CT,4,2357,Xây dựng
SD8,Công ty Cổ phần Sông Đà 8,CT,1,2000,Công nghiệp
SD8,Công ty Cổ phần Sông Đà 8,CT,2,2300,Xây dựng và Vật liệu
SD8,Công ty Cổ phần Sông Đà 8,CT,3,2350,Xây dựng và Vật liệu
SD8,Công ty Cổ phần Sông Đà 8,CT,4,2357,Xây dựng
SD9,Công ty Cổ phần Sông Đà 9,CT,1,2000,Công nghiệp
SD9,Công ty Cổ phần Sông Đà 9,CT,2,2300,Xây dựng và Vật liệu
SD9,Công ty Cổ phần Sông Đà 9,CT,3,2350,Xây dựng và Vật liệu
SD9,Công ty Cổ phần Sông Đà 9,CT,4,2357,Xây dựng
SDA,Công ty Cổ phần SIMCO Sông Đà,CT,1,2000,Công nghiệp
SDA,Công ty Cổ phần SIMCO Sông Đà,CT,2,2700,Hàng & Dịch vụ Công nghiệp
SDA,Công ty Cổ phần SIMCO Sông Đà,CT,3,2790,Tư vấn & Hỗ trợ Kinh doanh
SDA,Công ty Cổ phần SIMCO Sông Đà,CT,4,2793,Đào tạo & Việc làm
SDB,Công ty Cổ phần Sông Đà 207,CT,1,2000,Công nghiệp
SDB,Công ty Cổ phần Sông Đà 207,CT,2,2300,Xây dựng và Vật liệu
SDB,Công ty Cổ phần Sông Đà 207,CT,3,2350,Xây dựng và Vật liệu
SDB,Công ty Cổ phần Sông Đà 207,CT,4,2357,Xây dựng
SDC,Công ty Cổ phần Tư vấn Sông Đà,CT,1,2000,Công nghiệp
SDC,Công ty Cổ phần Tư vấn Sông Đà,CT,2,2700,Hàng & Dịch vụ Công nghiệp
SDC,Công ty Cổ phần Tư vấn Sông Đà,CT,3,2790,Tư vấn & Hỗ trợ Kinh doanh
SDC,Công ty Cổ phần Tư vấn Sông Đà,CT,4,2791,Tư vấn & Hỗ trợ KD
SDD,Công ty Cổ phần Đầu tư và Xây lắp Sông Đà,CT,1,2000,Công nghiệp
SDD,Công ty Cổ phần Đầu tư và Xây lắp Sông Đà,CT,2,2300,Xây dựng và Vật liệu
SDD,Công ty Cổ phần Đầu tư và Xây lắp Sông Đà,CT,3,2350,Xây dựng và Vật liệu
SDD,Công ty Cổ phần Đầu tư và Xây lắp Sông Đà,CT,4,2357,Xây dựng
SDE,Công ty Cổ phần Kỹ thuật điện Sông Đà,CT,1,2000,Công nghiệp
SDE,Công ty Cổ phần Kỹ thuật điện Sông Đà,CT,2,2300,Xây dựng và Vật liệu
SDE,Công ty Cổ phần Kỹ thuật điện Sông Đà,CT,3,2350,Xây dựng và Vật liệu
SDE,Công ty Cổ phần Kỹ thuật điện Sông Đà,CT,4,2357,Xây dựng
SDG,Công ty Cổ phần Sadico Cần Thơ,CT,1,2000,Công nghiệp
SDG,Công ty Cổ phần Sadico Cần Thơ,CT,2,2700,Hàng & Dịch vụ Công nghiệp
SDG,Công ty Cổ phần Sadico Cần Thơ,CT,3,2720,Hàng công nghiệp
SDG,Công ty Cổ phần Sadico Cần Thơ,CT,4,2723,Containers & Đóng gói
SDH,Công ty Cổ phần Xây dựng hạ tầng Sông Đà,CT,1,2000,Công nghiệp
SDH,Công ty Cổ phần Xây dựng hạ tầng Sông Đà,CT,2,2300,Xây dựng và Vật liệu
SDH,Công ty Cổ phần Xây dựng hạ tầng Sông Đà,CT,3,2350,Xây dựng và Vật liệu
SDH,Công ty Cổ phần Xây dựng hạ tầng Sông Đà,CT,4,2357,Xây dựng
SDJ,Công ty Cổ phần Sông Đà 25,CT,1,2000,Công nghiệp
SDJ,Công ty Cổ phần Sông Đà 25,CT,2,2300,Xây dựng và Vật liệu
SDJ,Công ty Cổ phần Sông Đà 25,CT,3,2350,Xây dựng và Vật liệu
SDJ,Công ty Cổ phần Sông Đà 25,CT,4,2353,Vật liệu xây dựng & Nội thất
SDK,Công ty Cổ phần Cơ khí Luyện Kim,CT,1,2000,Công nghiệp
SDK,Công ty Cổ phần Cơ khí Luyện Kim,CT,2,2700,Hàng & Dịch vụ Công nghiệp
SDK,Công ty Cổ phần Cơ khí Luyện Kim,CT,3,2750,Công nghiệp nặng
SDK,Công ty Cổ phần Cơ khí Luyện Kim,CT,4,2757,Máy công nghiệp
SDN,Công ty Cổ phần Sơn Đồng Nai,CT,1,2000,Công nghiệp
SDN,Công ty Cổ phần Sơn Đồng Nai,CT,2,2300,Xây dựng và Vật liệu
SDN,Công ty Cổ phần Sơn Đồng Nai,CT,3,2350,Xây dựng và Vật liệu
SDN,Công ty Cổ phần Sơn Đồng Nai,CT,4,2353,Vật liệu xây dựng & Nội thất
SDP,Công ty Cổ phần SDP,CT,1,2000,Công nghiệp
SDP,Công ty Cổ phần SDP,CT,2,2300,Xây dựng và Vật liệu
SDP,Công ty Cổ phần SDP,CT,3,2350,Xây dựng và Vật liệu
SDP,Công ty Cổ phần SDP,CT,4,2357,Xây dựng
SDT,Công ty Cổ phần Sông Đà 10,CT,1,2000,Công nghiệp
SDT,Công ty Cổ phần Sông Đà 10,CT,2,2300,Xây dựng và Vật liệu
SDT,Công ty Cổ phần Sông Đà 10,CT,3,2350,Xây dựng và Vật liệu
SDT,Công ty Cổ phần Sông Đà 10,CT,4,2357,Xây dựng
SDU,Công ty Cổ phần Đầu tư Xây dựng và Phát triển Đô thị Sông Đà,CT,1,2000,Công nghiệp
SDU,Công ty Cổ phần Đầu tư Xây dựng và Phát triển Đô thị Sông Đà,CT,2,2300,Xây dựng và Vật liệu
SDU,Công ty Cổ phần Đầu tư Xây dựng và Phát triển Đô thị Sông Đà,CT,3,2350,Xây dựng và Vật liệu
SDU,Công ty Cổ phần Đầu tư Xây dựng và Phát triển Đô thị Sông Đà,CT,4,2357,Xây dựng
SDV,Công ty Cổ phần Dịch vụ Sonadezi,CT,1,2000,Công nghiệp
SDV,Công ty Cổ phần Dịch vụ Sonadezi,CT,2,2700,Hàng & Dịch vụ Công nghiệp
SDV,Công ty Cổ phần Dịch vụ Sonadezi,CT,3,2790,Tư vấn & Hỗ trợ Kinh doanh
SDV,Công ty Cổ phần Dịch vụ Sonadezi,CT,4,2799,Chất thải & Môi trường
SDX,Công ty Cổ phần Phòng cháy chữa cháy và Đầu tư Xây dựng Sông Đà,CT,1,2000,Công nghiệp
SDX,Công ty Cổ phần Phòng cháy chữa cháy và Đầu tư Xây dựng Sông Đà,CT,2,2300,Xây dựng và Vật liệu
SDX,Công ty Cổ phần Phòng cháy chữa cháy và Đầu tư Xây dựng Sông Đà,CT,3,2350,Xây dựng và Vật liệu
SDX,Công ty Cổ phần Phòng cháy chữa cháy và Đầu tư Xây dựng Sông Đà,CT,4,2357,Xây dựng
SDY,Công ty Cổ phần Xi măng Sông Đà Yaly,CT,1,2000,Công nghiệp
SDY,Công ty Cổ phần Xi măng Sông Đà Yaly,CT,2,2300,Xây dựng và Vật liệu
SDY,Công ty Cổ phần Xi măng Sông Đà Yaly,CT,3,2350,Xây dựng và Vật liệu
SDY,Công ty Cổ phần Xi măng Sông Đà Yaly,CT,4,2353,Vật liệu xây dựng & Nội thất
SEA,Tổng Công ty Thủy sản Việt Nam - Công ty Cổ phần,CT,1,3000,Hàng Tiêu dùng
SEA,Tổng Công ty Thủy sản Việt Nam - Công ty Cổ phần,CT,2,3500,Thực phẩm và đồ uống
SEA,Tổng Công ty Thủy sản Việt Nam - Công ty Cổ phần,CT,3,3570,Sản xuất thực phẩm
SEA,Tổng Công ty Thủy sản Việt Nam - Công ty Cổ phần,CT,4,3573,Nuôi trồng nông & hải sản
SEB,Công ty Cổ phần Đầu tư và Phát triển Điện Miền Trung,CT,1,7000,Tiện ích Cộng đồng
SEB,Công ty Cổ phần Đầu tư và Phát triển Điện Miền Trung,CT,2,7500,"Điện, nước & xăng dầu khí đốt"
SEB,Công ty Cổ phần Đầu tư và Phát triển Điện Miền Trung,CT,3,7530,Sản xuất & Phân phối Điện
SEB,Công ty Cổ phần Đầu tư và Phát triển Điện Miền Trung,CT,4,7535,Sản xuất & Phân phối Điện
SED,Công ty Cổ phần Đầu tư và Phát triển Giáo dục Phương Nam,CT,1,5000,Dịch vụ Tiêu dùng
SED,Công ty Cổ phần Đầu tư và Phát triển Giáo dục Phương Nam,CT,2,5500,Truyền thông
SED,Công ty Cổ phần Đầu tư và Phát triển Giáo dục Phương Nam,CT,3,5550,Truyền thông
SED,Công ty Cổ phần Đầu tư và Phát triển Giáo dục Phương Nam,CT,4,5557,"Sách, ấn bản & sản phẩm văn hóa"
SEP,Công ty Cổ phần Tổng Công ty Thương mại Quảng Trị,CT,1,1000,Nguyên vật liệu
SEP,Công ty Cổ phần Tổng Công ty Thương mại Quảng Trị,CT,2,1300,Hóa chất
SEP,Công ty Cổ phần Tổng Công ty Thương mại Quảng Trị,CT,3,1350,Hóa chất
SEP,Công ty Cổ phần Tổng Công ty Thương mại Quảng Trị,CT,4,1353,"Nhựa, cao su & sợi"
SFC,Công ty Cổ phần Nhiên liệu Sài Gòn,CT,1,7000,Tiện ích Cộng đồng
SFC,Công ty Cổ phần Nhiên liệu Sài Gòn,CT,2,7500,"Điện, nước & xăng dầu khí đốt"
SFC,Công ty Cổ phần Nhiên liệu Sài Gòn,CT,3,7570,Nước & Khí đốt
SFC,Công ty Cổ phần Nhiên liệu Sài Gòn,CT,4,7573,Phân phối xăng dầu & khí đốt
SFG,Công ty Cổ phần Phân bón Miền Nam,CT,1,1000,Nguyên vật liệu
SFG,Công ty Cổ phần Phân bón Miền Nam,CT,2,1300,Hóa chất
SFG,Công ty Cổ phần Phân bón Miền Nam,CT,3,1350,Hóa chất
SFG,Công ty Cổ phần Phân bón Miền Nam,CT,4,1357,"Sản phẩm hóa dầu, Nông dược & Hóa chất khác"
SFI,Công ty Cổ phần Đại lý Vận tải SAFI,CT,1,2000,Công nghiệp
SFI,Công ty Cổ phần Đại lý Vận tải SAFI,CT,2,2700,Hàng & Dịch vụ Công nghiệp
SFI,Công ty Cổ phần Đại lý Vận tải SAFI,CT,3,2770,Vận tải
SFI,Công ty Cổ phần Đại lý Vận tải SAFI,CT,4,2773,Vận tải Thủy
SFN,Công ty Cổ phần Dệt lưới Sài Gòn,CT,1,2000,Công nghiệp
SFN,Công ty Cổ phần Dệt lưới Sài Gòn,CT,2,2700,Hàng & Dịch vụ Công nghiệp
SFN,Công ty Cổ phần Dệt lưới Sài Gòn,CT,3,2790,Tư vấn & Hỗ trợ Kinh doanh
SFN,Công ty Cổ phần Dệt lưới Sài Gòn,CT,4,2797,Nhà cung cấp thiết bị
SGB,Ngân hàng Thương mại Cổ phần Sài Gòn Công thương,NH,1,8301,Ngân hàng
SGB,Ngân hàng Thương mại Cổ phần Sài Gòn Công thương,NH,2,8300,Ngân hàng
SGB,Ngân hàng Thương mại Cổ phần Sài Gòn Công thương,NH,3,8350,Ngân hàng
SGB,Ngân hàng Thương mại Cổ phần Sài Gòn Công thương,NH,4,8355,Ngân hàng
SGC,Công ty Cổ phần Xuất nhập khẩu Sa Giang,CT,1,3000,Hàng Tiêu dùng
SGC,Công ty Cổ phần Xuất nhập khẩu Sa Giang,CT,2,3500,Thực phẩm và đồ uống
SGC,Công ty Cổ phần Xuất nhập khẩu Sa Giang,CT,3,3570,Sản xuất thực phẩm
SGC,Công ty Cổ phần Xuất nhập khẩu Sa Giang,CT,4,3577,Thực phẩm
SGD,Công ty Cổ phần Sách Giáo dục tại Thành phố Hồ Chí Minh,CT,1,5000,Dịch vụ Tiêu dùng
SGD,Công ty Cổ phần Sách Giáo dục tại Thành phố Hồ Chí Minh,CT,2,5500,Truyền thông
SGD,Công ty Cổ phần Sách Giáo dục tại Thành phố Hồ Chí Minh,CT,3,5550,Truyền thông
SGD,Công ty Cổ phần Sách Giáo dục tại Thành phố Hồ Chí Minh,CT,4,5557,"Sách, ấn bản & sản phẩm văn hóa"
SGH,Công ty Cổ phần Khách sạn Sài Gòn,CT,1,5000,Dịch vụ Tiêu dùng
SGH,Công ty Cổ phần Khách sạn Sài Gòn,CT,2,5700,Du lịch và Giải trí
SGH,Công ty Cổ phần Khách sạn Sài Gòn,CT,3,5750,Du lịch & Giải trí
SGH,Công ty Cổ phần Khách sạn Sài Gòn,CT,4,5753,Khách sạn
SGI,Công ty Cổ phần Đầu tư SGI Holdings,CT,1,3000,Hàng Tiêu dùng
SGI,Công ty Cổ phần Đầu tư SGI Holdings,CT,2,3700,Hàng cá nhân & Gia dụng
SGI,Công ty Cổ phần Đầu tư SGI Holdings,CT,3,3760,Hàng cá nhân
SGI,Công ty Cổ phần Đầu tư SGI Holdings,CT,4,3763,Hàng May mặc
SGN,Công ty Cổ phần Phục vụ mặt đất Sài Gòn,CT,1,2000,Công nghiệp
SGN,Công ty Cổ phần Phục vụ mặt đất Sài Gòn,CT,2,2700,Hàng & Dịch vụ Công nghiệp
SGN,Công ty Cổ phần Phục vụ mặt đất Sài Gòn,CT,3,2770,Vận tải
SGN,Công ty Cổ phần Phục vụ mặt đất Sài Gòn,CT,4,2777,"Kho bãi, hậu cần và bảo dưỡng"
SGO,Công ty Cổ phần Dầu thực vật Sài Gòn,CT,1,3000,Hàng Tiêu dùng
SGO,Công ty Cổ phần Dầu thực vật Sài Gòn,CT,2,3500,Thực phẩm và đồ uống
SGO,Công ty Cổ phần Dầu thực vật Sài Gòn,CT,3,3570,Sản xuất thực phẩm
SGO,Công ty Cổ phần Dầu thực vật Sài Gòn,CT,4,3577,Thực phẩm
SGP,Công ty Cổ phần Cảng Sài Gòn,CT,1,2000,Công nghiệp
SGP,Công ty Cổ phần Cảng Sài Gòn,CT,2,2700,Hàng & Dịch vụ Công nghiệp
SGP,Công ty Cổ phần Cảng Sài Gòn,CT,3,2770,Vận tải
SGP,Công ty Cổ phần Cảng Sài Gòn,CT,4,2777,"Kho bãi, hậu cần và bảo dưỡng"
SGR,Công ty Cổ phần Tổng Công ty Cổ phần Địa ốc Sài Gòn,CT,1,8000,Tài chính
SGR,Công ty Cổ phần Tổng Công ty Cổ phần Địa ốc Sài Gòn,CT,2,8600,Bất động sản
SGR,Công ty Cổ phần Tổng Công ty Cổ phần Địa ốc Sài Gòn,CT,3,8630,Bất động sản
SGR,Công ty Cổ phần Tổng Công ty Cổ phần Địa ốc Sài Gòn,CT,4,8633,Bất động sản
SGS,Công ty Cổ phần Vận tải biển Sài Gòn,CT,1,2000,Công nghiệp
SGS,Công ty Cổ phần Vận tải biển Sài Gòn,CT,2,2700,Hàng & Dịch vụ Công nghiệp
SGS,Công ty Cổ phần Vận tải biển Sài Gòn,CT,3,2770,Vận tải
SGS,Công ty Cổ phần Vận tải biển Sài Gòn,CT,4,2773,Vận tải Thủy
SGT,Công ty Cổ phần Công nghệ Viễn thông Sài Gòn,CT,1,9000,Công nghệ Thông tin
SGT,Công ty Cổ phần Công nghệ Viễn thông Sài Gòn,CT,2,9500,Công nghệ Thông tin
SGT,Công ty Cổ phần Công nghệ Viễn thông Sài Gòn,CT,3,9530,Phần mềm & Dịch vụ Máy tính
SGT,Công ty Cổ phần Công nghệ Viễn thông Sài Gòn,CT,4,9535,Internet
SGV,Công ty Cổ phần Vinaconex Sài Gòn,CT,1,2000,Công nghiệp
SGV,Công ty Cổ phần Vinaconex Sài Gòn,CT,2,2300,Xây dựng và Vật liệu
SGV,Công ty Cổ phần Vinaconex Sài Gòn,CT,3,2350,Xây dựng và Vật liệu
SGV,Công ty Cổ phần Vinaconex Sài Gòn,CT,4,2357,Xây dựng
SHA,Công ty Cổ phần Sơn Hà Sài Gòn,CT,1,1000,Nguyên vật liệu
SHA,Công ty Cổ phần Sơn Hà Sài Gòn,CT,2,1700,Tài nguyên Cơ bản
SHA,Công ty Cổ phần Sơn Hà Sài Gòn,CT,3,1750,Kim loại
SHA,Công ty Cổ phần Sơn Hà Sài Gòn,CT,4,1757,Thép và sản phẩm thép
SHB,Ngân hàng Thương mại Cổ phần Sài Gòn – Hà Nội,NH,1,8301,Ngân hàng
SHB,Ngân hàng Thương mại Cổ phần Sài Gòn – Hà Nội,NH,2,8300,Ngân hàng
SHB,Ngân hàng Thương mại Cổ phần Sài Gòn – Hà Nội,NH,3,8350,Ngân hàng
SHB,Ngân hàng Thương mại Cổ phần Sài Gòn – Hà Nội,NH,4,8355,Ngân hàng
SHC,Công ty Cổ phần Hàng hải Sài Gòn,CT,1,2000,Công nghiệp
SHC,Công ty Cổ phần Hàng hải Sài Gòn,CT,2,2700,Hàng & Dịch vụ Công nghiệp
SHC,Công ty Cổ phần Hàng hải Sài Gòn,CT,3,2770,Vận tải
SHC,Công ty Cổ phần Hàng hải Sài Gòn,CT,4,2773,Vận tải Thủy
SHE,Công ty Cổ phần Phát triển Năng Lượng Sơn Hà,CT,1,3000,Hàng Tiêu dùng
SHE,Công ty Cổ phần Phát triển Năng Lượng Sơn Hà,CT,2,3700,Hàng cá nhân & Gia dụng
SHE,Công ty Cổ phần Phát triển Năng Lượng Sơn Hà,CT,3,3720,Hàng gia dụng
SHE,Công ty Cổ phần Phát triển Năng Lượng Sơn Hà,CT,4,3722,Đồ gia dụng lâu bền
SHG,Tổng Công ty Cổ phần Sông Hồng,CT,1,2000,Công nghiệp
SHG,Tổng Công ty Cổ phần Sông Hồng,CT,2,2300,Xây dựng và Vật liệu
SHG,Tổng Công ty Cổ phần Sông Hồng,CT,3,2350,Xây dựng và Vật liệu
SHG,Tổng Công ty Cổ phần Sông Hồng,CT,4,2357,Xây dựng
SHI,Công ty Cổ phần Quốc tế Sơn Hà,CT,1,1000,Nguyên vật liệu
SHI,Công ty Cổ phần Quốc tế Sơn Hà,CT,2,1700,Tài nguyên Cơ bản
SHI,Công ty Cổ phần Quốc tế Sơn Hà,CT,3,1750,Kim loại
SHI,Công ty Cổ phần Quốc tế Sơn Hà,CT,4,1757,Thép và sản phẩm thép
SHN,Công ty Cổ phần Đầu tư Tổng hợp Hà Nội,CT,1,1000,Nguyên vật liệu
SHN,Công ty Cổ phần Đầu tư Tổng hợp Hà Nội,CT,2,1700,Tài nguyên Cơ bản
SHN,Công ty Cổ phần Đầu tư Tổng hợp Hà Nội,CT,3,1770,Khai khoáng
SHN,Công ty Cổ phần Đầu tư Tổng hợp Hà Nội,CT,4,1771,Khai thác Than
SHP,Công ty Cổ phần Thủy điện Miền Nam,CT,1,7000,Tiện ích Cộng đồng
SHP,Công ty Cổ phần Thủy điện Miền Nam,CT,2,7500,"Điện, nước & xăng dầu khí đốt"
SHP,Công ty Cổ phần Thủy điện Miền Nam,CT,3,7530,Sản xuất & Phân phối Điện
SHP,Công ty Cổ phần Thủy điện Miền Nam,CT,4,7535,Sản xuất & Phân phối Điện
SHS,Công ty Cổ phần Chứng khoán Sài Gòn - Hà Nội,CK,1,8000,Tài chính
SHS,Công ty Cổ phần Chứng khoán Sài Gòn - Hà Nội,CK,2,8700,Dịch vụ tài chính
SHS,Công ty Cổ phần Chứng khoán Sài Gòn - Hà Nội,CK,3,8770,Dịch vụ tài chính
SHS,Công ty Cổ phần Chứng khoán Sài Gòn - Hà Nội,CK,4,8777,Môi giới chứng khoán
SHX,Công ty Cổ phần Sài Gòn Hỏa xa,CT,1,5000,Dịch vụ Tiêu dùng
SHX,Công ty Cổ phần Sài Gòn Hỏa xa,CT,2,5700,Du lịch và Giải trí
SHX,Công ty Cổ phần Sài Gòn Hỏa xa,CT,3,5750,Du lịch & Giải trí
SHX,Công ty Cổ phần Sài Gòn Hỏa xa,CT,4,5759,Vận tải hành khách & Du lịch
SIC,Công ty Cổ phần ANI,CT,1,2000,Công nghiệp
SIC,Công ty Cổ phần ANI,CT,2,2300,Xây dựng và Vật liệu
SIC,Công ty Cổ phần ANI,CT,3,2350,Xây dựng và Vật liệu
SIC,Công ty Cổ phần ANI,CT,4,2357,Xây dựng
SID,Công ty Cổ phần Đầu tư Phát triển Sài Gòn Co.op,CT,1,8000,Tài chính
SID,Công ty Cổ phần Đầu tư Phát triển Sài Gòn Co.op,CT,2,8600,Bất động sản
SID,Công ty Cổ phần Đầu tư Phát triển Sài Gòn Co.op,CT,3,8630,Bất động sản
SID,Công ty Cổ phần Đầu tư Phát triển Sài Gòn Co.op,CT,4,8633,Bất động sản
SIG,Công ty Cổ phần Đầu tư và Thương mại Sông Đà,CT,1,2000,Công nghiệp
SIG,Công ty Cổ phần Đầu tư và Thương mại Sông Đà,CT,2,2300,Xây dựng và Vật liệu
SIG,Công ty Cổ phần Đầu tư và Thương mại Sông Đà,CT,3,2350,Xây dựng và Vật liệu
SIG,Công ty Cổ phần Đầu tư và Thương mại Sông Đà,CT,4,2357,Xây dựng
SII,Công ty Cổ phần Hạ tầng Nước Sài Gòn,CT,1,7000,Tiện ích Cộng đồng
SII,Công ty Cổ phần Hạ tầng Nước Sài Gòn,CT,2,7500,"Điện, nước & xăng dầu khí đốt"
SII,Công ty Cổ phần Hạ tầng Nước Sài Gòn,CT,3,7570,Nước & Khí đốt
SII,Công ty Cổ phần Hạ tầng Nước Sài Gòn,CT,4,7577,Nước
SIP,Công ty Cổ phần Đầu tư Sài Gòn VRG,CT,1,8000,Tài chính
SIP,Công ty Cổ phần Đầu tư Sài Gòn VRG,CT,2,8600,Bất động sản
SIP,Công ty Cổ phần Đầu tư Sài Gòn VRG,CT,3,8630,Bất động sản
SIP,Công ty Cổ phần Đầu tư Sài Gòn VRG,CT,4,8633,Bất động sản
SIV,Công ty Cổ phần SIVICO,CT,1,2000,Công nghiệp
SIV,Công ty Cổ phần SIVICO,CT,2,2300,Xây dựng và Vật liệu
SIV,Công ty Cổ phần SIVICO,CT,3,2350,Xây dựng và Vật liệu
SIV,Công ty Cổ phần SIVICO,CT,4,2353,Vật liệu xây dựng & Nội thất
SJ1,Công ty Cổ phần Nông nghiệp Hùng Hậu,CT,1,3000,Hàng Tiêu dùng
SJ1,Công ty Cổ phần Nông nghiệp Hùng Hậu,CT,2,3500,Thực phẩm và đồ uống
SJ1,Công ty Cổ phần Nông nghiệp Hùng Hậu,CT,3,3570,Sản xuất thực phẩm
SJ1,Công ty Cổ phần Nông nghiệp Hùng Hậu,CT,4,3573,Nuôi trồng nông & hải sản
SJC,Công ty Cổ phần Sông Đà 1.01,CT,1,2000,Công nghiệp
SJC,Công ty Cổ phần Sông Đà 1.01,CT,2,2300,Xây dựng và Vật liệu
SJC,Công ty Cổ phần Sông Đà 1.01,CT,3,2350,Xây dựng và Vật liệu
SJC,Công ty Cổ phần Sông Đà 1.01,CT,4,2357,Xây dựng
SJD,Công ty Cổ phần Thủy điện Cần Đơn,CT,1,7000,Tiện ích Cộng đồng
SJD,Công ty Cổ phần Thủy điện Cần Đơn,CT,2,7500,"Điện, nước & xăng dầu khí đốt"
SJD,Công ty Cổ phần Thủy điện Cần Đơn,CT,3,7530,Sản xuất & Phân phối Điện
SJD,Công ty Cổ phần Thủy điện Cần Đơn,CT,4,7535,Sản xuất & Phân phối Điện
SJE,Công ty Cổ phần Sông Đà 11,CT,1,2000,Công nghiệp
SJE,Công ty Cổ phần Sông Đà 11,CT,2,2300,Xây dựng và Vật liệu
SJE,Công ty Cổ phần Sông Đà 11,CT,3,2350,Xây dựng và Vật liệu
SJE,Công ty Cổ phần Sông Đà 11,CT,4,2357,Xây dựng
SJF,Công ty Cổ phần Đầu tư Sao Thái Dương,CT,1,1000,Nguyên vật liệu
SJF,Công ty Cổ phần Đầu tư Sao Thái Dương,CT,2,1700,Tài nguyên Cơ bản
SJF,Công ty Cổ phần Đầu tư Sao Thái Dương,CT,3,1730,Lâm nghiệp và Giấy
SJF,Công ty Cổ phần Đầu tư Sao Thái Dương,CT,4,1733,Lâm sản và Chế biến gỗ
SJG,Tổng Công ty Sông Đà,CT,1,2000,Công nghiệp
SJG,Tổng Công ty Sông Đà,CT,2,2300,Xây dựng và Vật liệu
SJG,Tổng Công ty Sông Đà,CT,3,2350,Xây dựng và Vật liệu
SJG,Tổng Công ty Sông Đà,CT,4,2357,Xây dựng
SJM,Công ty Cổ phần Sunspace Holdings,CT,1,2000,Công nghiệp
SJM,Công ty Cổ phần Sunspace Holdings,CT,2,2300,Xây dựng và Vật liệu
SJM,Công ty Cổ phần Sunspace Holdings,CT,3,2350,Xây dựng và Vật liệu
SJM,Công ty Cổ phần Sunspace Holdings,CT,4,2357,Xây dựng
SJS,Công ty Cổ phần SJ Group,CT,1,8000,Tài chính
SJS,Công ty Cổ phần SJ Group,CT,2,8600,Bất động sản
SJS,Công ty Cổ phần SJ Group,CT,3,8630,Bất động sản
SJS,Công ty Cổ phần SJ Group,CT,4,8633,Bất động sản
SKG,Công ty Cổ phần Tàu Cao tốc Superdong - Kiên Giang,CT,1,5000,Dịch vụ Tiêu dùng
SKG,Công ty Cổ phần Tàu Cao tốc Superdong - Kiên Giang,CT,2,5700,Du lịch và Giải trí
SKG,Công ty Cổ phần Tàu Cao tốc Superdong - Kiên Giang,CT,3,5750,Du lịch & Giải trí
SKG,Công ty Cổ phần Tàu Cao tốc Superdong - Kiên Giang,CT,4,5759,Vận tải hành khách & Du lịch
SKH,Công ty Cổ phần Nước giải khát Sanest Khánh Hòa,CT,1,3000,Hàng Tiêu dùng
SKH,Công ty Cổ phần Nước giải khát Sanest Khánh Hòa,CT,2,3500,Thực phẩm và đồ uống
SKH,Công ty Cổ phần Nước giải khát Sanest Khánh Hòa,CT,3,3530,Bia và đồ uống
SKH,Công ty Cổ phần Nước giải khát Sanest Khánh Hòa,CT,4,3537,Đồ uống & giải khát
SKN,Công ty Cổ phần Nước giải khát Sanna Khánh Hòa,CT,1,3000,Hàng Tiêu dùng
SKN,Công ty Cổ phần Nước giải khát Sanna Khánh Hòa,CT,2,3500,Thực phẩm và đồ uống
SKN,Công ty Cổ phần Nước giải khát Sanna Khánh Hòa,CT,3,3530,Bia và đồ uống
SKN,Công ty Cổ phần Nước giải khát Sanna Khánh Hòa,CT,4,3537,Đồ uống & giải khát
SKV,Công ty Cổ phần Nước Giải khát Yến sào Khánh Hòa,CT,1,3000,Hàng Tiêu dùng
SKV,Công ty Cổ phần Nước Giải khát Yến sào Khánh Hòa,CT,2,3500,Thực phẩm và đồ uống
SKV,Công ty Cổ phần Nước Giải khát Yến sào Khánh Hòa,CT,3,3530,Bia và đồ uống
SKV,Công ty Cổ phần Nước Giải khát Yến sào Khánh Hòa,CT,4,3537,Đồ uống & giải khát
SLD,Công ty Cổ phần Địa Ốc Sacom,CT,1,8000,Tài chính
SLD,Công ty Cổ phần Địa Ốc Sacom,CT,2,8600,Bất động sản
SLD,Công ty Cổ phần Địa Ốc Sacom,CT,3,8630,Bất động sản
SLD,Công ty Cổ phần Địa Ốc Sacom,CT,4,8633,Bất động sản
SLS,Công ty Cổ phần Mía đường Sơn La,CT,1,3000,Hàng Tiêu dùng
SLS,Công ty Cổ phần Mía đường Sơn La,CT,2,3500,Thực phẩm và đồ uống
SLS,Công ty Cổ phần Mía đường Sơn La,CT,3,3570,Sản xuất thực phẩm
SLS,Công ty Cổ phần Mía đường Sơn La,CT,4,3577,Thực phẩm
SMA,Công ty Cổ phần Thiết bị Phụ tùng Sài Gòn,CT,1,7000,Tiện ích Cộng đồng
SMA,Công ty Cổ phần Thiết bị Phụ tùng Sài Gòn,CT,2,7500,"Điện, nước & xăng dầu khí đốt"
SMA,Công ty Cổ phần Thiết bị Phụ tùng Sài Gòn,CT,3,7530,Sản xuất & Phân phối Điện
SMA,Công ty Cổ phần Thiết bị Phụ tùng Sài Gòn,CT,4,7535,Sản xuất & Phân phối Điện
SMB,Công ty Cổ phần Bia Sài Gòn - Miền Trung,CT,1,3000,Hàng Tiêu dùng
SMB,Công ty Cổ phần Bia Sài Gòn - Miền Trung,CT,2,3500,Thực phẩm và đồ uống
SMB,Công ty Cổ phần Bia Sài Gòn - Miền Trung,CT,3,3530,Bia và đồ uống
SMB,Công ty Cổ phần Bia Sài Gòn - Miền Trung,CT,4,3533,Sản xuất bia
SMC,Công ty Cổ phần Đầu tư Thương mại SMC,CT,1,1000,Nguyên vật liệu
SMC,Công ty Cổ phần Đầu tư Thương mại SMC,CT,2,1700,Tài nguyên Cơ bản
SMC,Công ty Cổ phần Đầu tư Thương mại SMC,CT,3,1750,Kim loại
SMC,Công ty Cổ phần Đầu tư Thương mại SMC,CT,4,1757,Thép và sản phẩm thép
SMN,Công ty Cổ phần Sách và thiết bị giáo dục Miền Nam,CT,1,5000,Dịch vụ Tiêu dùng
SMN,Công ty Cổ phần Sách và thiết bị giáo dục Miền Nam,CT,2,5500,Truyền thông
SMN,Công ty Cổ phần Sách và thiết bị giáo dục Miền Nam,CT,3,5550,Truyền thông
SMN,Công ty Cổ phần Sách và thiết bị giáo dục Miền Nam,CT,4,5557,"Sách, ấn bản & sản phẩm văn hóa"
SMT,Công ty Cổ phần SAMETEL,CT,1,9000,Công nghệ Thông tin
SMT,Công ty Cổ phần SAMETEL,CT,2,9500,Công nghệ Thông tin
SMT,Công ty Cổ phần SAMETEL,CT,3,9570,Thiết bị và Phần cứng
SMT,Công ty Cổ phần SAMETEL,CT,4,9578,Thiết bị viễn thông
SNC,Công ty Cổ phần Xuất nhập khẩu Thủy sản Năm Căn,CT,1,3000,Hàng Tiêu dùng
SNC,Công ty Cổ phần Xuất nhập khẩu Thủy sản Năm Căn,CT,2,3500,Thực phẩm và đồ uống
SNC,Công ty Cổ phần Xuất nhập khẩu Thủy sản Năm Căn,CT,3,3570,Sản xuất thực phẩm
SNC,Công ty Cổ phần Xuất nhập khẩu Thủy sản Năm Căn,CT,4,3573,Nuôi trồng nông & hải sản
SNZ,Tổng Công ty Cổ phần Phát triển Khu Công nghiệp,CT,1,2000,Công nghiệp
SNZ,Tổng Công ty Cổ phần Phát triển Khu Công nghiệp,CT,2,2300,Xây dựng và Vật liệu
SNZ,Tổng Công ty Cổ phần Phát triển Khu Công nghiệp,CT,3,2350,Xây dựng và Vật liệu
SNZ,Tổng Công ty Cổ phần Phát triển Khu Công nghiệp,CT,4,2357,Xây dựng
SON,Công ty Cổ phần Cung ứng Nhân lực Quốc tế và Thương mại,CT,1,2000,Công nghiệp
SON,Công ty Cổ phần Cung ứng Nhân lực Quốc tế và Thương mại,CT,2,2700,Hàng & Dịch vụ Công nghiệp
SON,Công ty Cổ phần Cung ứng Nhân lực Quốc tế và Thương mại,CT,3,2790,Tư vấn & Hỗ trợ Kinh doanh
SON,Công ty Cổ phần Cung ứng Nhân lực Quốc tế và Thương mại,CT,4,2793,Đào tạo & Việc làm
SP2,Công ty Cổ phần Thủy điện Sử Pán 2,CT,1,7000,Tiện ích Cộng đồng
SP2,Công ty Cổ phần Thủy điện Sử Pán 2,CT,2,7500,"Điện, nước & xăng dầu khí đốt"
SP2,Công ty Cổ phần Thủy điện Sử Pán 2,CT,3,7530,Sản xuất & Phân phối Điện
SP2,Công ty Cổ phần Thủy điện Sử Pán 2,CT,4,7535,Sản xuất & Phân phối Điện
SPA,Công ty Cổ phần Bao bì Sài Gòn,CT,1,2000,Công nghiệp
SPA,Công ty Cổ phần Bao bì Sài Gòn,CT,2,2700,Hàng & Dịch vụ Công nghiệp
SPA,Công ty Cổ phần Bao bì Sài Gòn,CT,3,2720,Hàng công nghiệp
SPA,Công ty Cổ phần Bao bì Sài Gòn,CT,4,2723,Containers & Đóng gói
SPB,Công ty Cổ phần Sợi Phú Bài,CT,1,3000,Hàng Tiêu dùng
SPB,Công ty Cổ phần Sợi Phú Bài,CT,2,3700,Hàng cá nhân & Gia dụng
SPB,Công ty Cổ phần Sợi Phú Bài,CT,3,3760,Hàng cá nhân
SPB,Công ty Cổ phần Sợi Phú Bài,CT,4,3763,Hàng May mặc
SPC,Công ty Cổ phần Bảo vệ Thực vật Sài Gòn,CT,1,1000,Nguyên vật liệu
SPC,Công ty Cổ phần Bảo vệ Thực vật Sài Gòn,CT,2,1300,Hóa chất
SPC,Công ty Cổ phần Bảo vệ Thực vật Sài Gòn,CT,3,1350,Hóa chất
SPC,Công ty Cổ phần Bảo vệ Thực vật Sài Gòn,CT,4,1357,"Sản phẩm hóa dầu, Nông dược & Hóa chất khác"
SPD,Công ty Cổ phần Xuất nhập khẩu Thủy sản Miền Trung,CT,1,3000,Hàng Tiêu dùng
SPD,Công ty Cổ phần Xuất nhập khẩu Thủy sản Miền Trung,CT,2,3500,Thực phẩm và đồ uống
SPD,Công ty Cổ phần Xuất nhập khẩu Thủy sản Miền Trung,CT,3,3570,Sản xuất thực phẩm
SPD,Công ty Cổ phần Xuất nhập khẩu Thủy sản Miền Trung,CT,4,3573,Nuôi trồng nông & hải sản
SPH,Công ty Cổ phần Xuất Nhập khẩu Thủy sản Hà Nội,CT,1,3000,Hàng Tiêu dùng
SPH,Công ty Cổ phần Xuất Nhập khẩu Thủy sản Hà Nội,CT,2,3500,Thực phẩm và đồ uống
SPH,Công ty Cổ phần Xuất Nhập khẩu Thủy sản Hà Nội,CT,3,3570,Sản xuất thực phẩm
SPH,Công ty Cổ phần Xuất Nhập khẩu Thủy sản Hà Nội,CT,4,3573,Nuôi trồng nông & hải sản
SPI,Công ty Cổ phần Spiral Galaxy,CT,1,1000,Nguyên vật liệu
SPI,Công ty Cổ phần Spiral Galaxy,CT,2,1700,Tài nguyên Cơ bản
SPI,Công ty Cổ phần Spiral Galaxy,CT,3,1770,Khai khoáng
SPI,Công ty Cổ phần Spiral Galaxy,CT,4,1775,Khai khoáng
SPM,Công ty Cổ phần S.P.M,CT,1,4000,Dược phẩm và Y tế
SPM,Công ty Cổ phần S.P.M,CT,2,4500,Y tế
SPM,Công ty Cổ phần S.P.M,CT,3,4570,Dược phẩm
SPM,Công ty Cổ phần S.P.M,CT,4,4577,Dược phẩm
SPP,Công ty Cổ phần Bao bì Nhựa Sài Gòn,CT,1,2000,Công nghiệp
SPP,Công ty Cổ phần Bao bì Nhựa Sài Gòn,CT,2,2700,Hàng & Dịch vụ Công nghiệp
SPP,Công ty Cổ phần Bao bì Nhựa Sài Gòn,CT,3,2720,Hàng công nghiệp
SPP,Công ty Cổ phần Bao bì Nhựa Sài Gòn,CT,4,2723,Containers & Đóng gói
SPV,Công ty Cổ phần Thủy Đặc Sản,CT,1,3000,Hàng Tiêu dùng
SPV,Công ty Cổ phần Thủy Đặc Sản,CT,2,3500,Thực phẩm và đồ uống
SPV,Công ty Cổ phần Thủy Đặc Sản,CT,3,3570,Sản xuất thực phẩm
SPV,Công ty Cổ phần Thủy Đặc Sản,CT,4,3573,Nuôi trồng nông & hải sản
SQC,Công ty Cổ phần Khoáng sản Sài Gòn - Quy Nhơn,CT,1,1000,Nguyên vật liệu
SQC,Công ty Cổ phần Khoáng sản Sài Gòn - Quy Nhơn,CT,2,1700,Tài nguyên Cơ bản
SQC,Công ty Cổ phần Khoáng sản Sài Gòn - Quy Nhơn,CT,3,1770,Khai khoáng
SQC,Công ty Cổ phần Khoáng sản Sài Gòn - Quy Nhơn,CT,4,1775,Khai khoáng
SRA,Công ty Cổ phần SARA Việt Nam,CT,1,4000,Dược phẩm và Y tế
SRA,Công ty Cổ phần SARA Việt Nam,CT,2,4500,Y tế
SRA,Công ty Cổ phần SARA Việt Nam,CT,3,4530,Thiết bị và Dịch vụ Y tế
SRA,Công ty Cổ phần SARA Việt Nam,CT,4,4535,Thiết bị y tế
SRB,Công ty Cổ phần Tập đoàn Sara,CT,1,9000,Công nghệ Thông tin
SRB,Công ty Cổ phần Tập đoàn Sara,CT,2,9500,Công nghệ Thông tin
SRB,Công ty Cổ phần Tập đoàn Sara,CT,3,9530,Phần mềm & Dịch vụ Máy tính
SRB,Công ty Cổ phần Tập đoàn Sara,CT,4,9537,Phần mềm
SRC,Công ty Cổ phần Cao su Sao Vàng,CT,1,3000,Hàng Tiêu dùng
SRC,Công ty Cổ phần Cao su Sao Vàng,CT,2,3300,Ô tô và phụ tùng
SRC,Công ty Cổ phần Cao su Sao Vàng,CT,3,3350,Ô tô và phụ tùng
SRC,Công ty Cổ phần Cao su Sao Vàng,CT,4,3357,Lốp xe
SRF,Công ty Cổ phần Searefico,CT,1,2000,Công nghiệp
SRF,Công ty Cổ phần Searefico,CT,2,2700,Hàng & Dịch vụ Công nghiệp
SRF,Công ty Cổ phần Searefico,CT,3,2750,Công nghiệp nặng
SRF,Công ty Cổ phần Searefico,CT,4,2757,Máy công nghiệp
SSB,Ngân hàng Thương mại Cổ phần Đông Nam Á,NH,1,8301,Ngân hàng
SSB,Ngân hàng Thương mại Cổ phần Đông Nam Á,NH,2,8300,Ngân hàng
SSB,Ngân hàng Thương mại Cổ phần Đông Nam Á,NH,3,8350,Ngân hàng
SSB,Ngân hàng Thương mại Cổ phần Đông Nam Á,NH,4,8355,Ngân hàng
SSC,Công ty Cổ phần Giống cây trồng Miền Nam,CT,1,3000,Hàng Tiêu dùng
SSC,Công ty Cổ phần Giống cây trồng Miền Nam,CT,2,3500,Thực phẩm và đồ uống
SSC,Công ty Cổ phần Giống cây trồng Miền Nam,CT,3,3570,Sản xuất thực phẩm
SSC,Công ty Cổ phần Giống cây trồng Miền Nam,CT,4,3573,Nuôi trồng nông & hải sản
SSE,Công ty Cổ phần Thương mại - Dịch vụ Sài Gòn,CT,1,8000,Tài chính
SSE,Công ty Cổ phần Thương mại - Dịch vụ Sài Gòn,CT,2,8600,Bất động sản
SSE,Công ty Cổ phần Thương mại - Dịch vụ Sài Gòn,CT,3,8630,Bất động sản
SSE,Công ty Cổ phần Thương mại - Dịch vụ Sài Gòn,CT,4,8633,Bất động sản
SSF,Công ty Cổ phần Giáo dục G Sài Gòn,CT,1,3000,Hàng Tiêu dùng
SSF,Công ty Cổ phần Giáo dục G Sài Gòn,CT,2,3700,Hàng cá nhân & Gia dụng
SSF,Công ty Cổ phần Giáo dục G Sài Gòn,CT,3,3760,Hàng cá nhân
SSF,Công ty Cổ phần Giáo dục G Sài Gòn,CT,4,3765,Giầy dép
SSG,Công ty Cổ phần Vận tải Biển Hải Âu,CT,1,2000,Công nghiệp
SSG,Công ty Cổ phần Vận tải Biển Hải Âu,CT,2,2700,Hàng & Dịch vụ Công nghiệp
SSG,Công ty Cổ phần Vận tải Biển Hải Âu,CT,3,2770,Vận tải
SSG,Công ty Cổ phần Vận tải Biển Hải Âu,CT,4,2773,Vận tải Thủy
SSH,Công ty Cổ phần Phát triển Sunshine Homes,CT,1,8000,Tài chính
SSH,Công ty Cổ phần Phát triển Sunshine Homes,CT,2,8600,Bất động sản
SSH,Công ty Cổ phần Phát triển Sunshine Homes,CT,3,8630,Bất động sản
SSH,Công ty Cổ phần Phát triển Sunshine Homes,CT,4,8633,Bất động sản
SSI,Công ty Cổ phần Chứng khoán SSI,CK,1,8000,Tài chính
SSI,Công ty Cổ phần Chứng khoán SSI,CK,2,8700,Dịch vụ tài chính
SSI,Công ty Cổ phần Chứng khoán SSI,CK,3,8770,Dịch vụ tài chính
SSI,Công ty Cổ phần Chứng khoán SSI,CK,4,8777,Môi giới chứng khoán
SSIBF,Quỹ Đầu tư Trái phiếu SSI,QU,1,8000,Tài chính
SSIBF,Quỹ Đầu tư Trái phiếu SSI,QU,2,8700,Dịch vụ tài chính
SSIBF,Quỹ Đầu tư Trái phiếu SSI,QU,3,8980,Quỹ đầu tư
SSIBF,Quỹ Đầu tư Trái phiếu SSI,QU,4,8985,Quỹ đầu tư
SSM,Công ty Cổ phần Chế tạo kết cấu thép VNECO.SSM,CT,1,1000,Nguyên vật liệu
SSM,Công ty Cổ phần Chế tạo kết cấu thép VNECO.SSM,CT,2,1700,Tài nguyên Cơ bản
SSM,Công ty Cổ phần Chế tạo kết cấu thép VNECO.SSM,CT,3,1750,Kim loại
SSM,Công ty Cổ phần Chế tạo kết cấu thép VNECO.SSM,CT,4,1757,Thép và sản phẩm thép
SSN,Công ty Cổ phần Xuất nhập khẩu Thủy sản Sài Gòn,CT,1,3000,Hàng Tiêu dùng
SSN,Công ty Cổ phần Xuất nhập khẩu Thủy sản Sài Gòn,CT,2,3500,Thực phẩm và đồ uống
SSN,Công ty Cổ phần Xuất nhập khẩu Thủy sản Sài Gòn,CT,3,3570,Sản xuất thực phẩm
SSN,Công ty Cổ phần Xuất nhập khẩu Thủy sản Sài Gòn,CT,4,3573,Nuôi trồng nông & hải sản
SST,Công ty Cổ phần Thương mại Bia Sài Gòn Sông Tiền,CT,1,3000,Hàng Tiêu dùng
SST,Công ty Cổ phần Thương mại Bia Sài Gòn Sông Tiền,CT,2,3500,Thực phẩm và đồ uống
SST,Công ty Cổ phần Thương mại Bia Sài Gòn Sông Tiền,CT,3,3530,Bia và đồ uống
SST,Công ty Cổ phần Thương mại Bia Sài Gòn Sông Tiền,CT,4,3533,Sản xuất bia
SSU,Công ty Cổ phần Môi trường Đô thị Sóc Sơn,CT,1,2000,Công nghiệp
SSU,Công ty Cổ phần Môi trường Đô thị Sóc Sơn,CT,2,2700,Hàng & Dịch vụ Công nghiệp
SSU,Công ty Cổ phần Môi trường Đô thị Sóc Sơn,CT,3,2790,Tư vấn & Hỗ trợ Kinh doanh
SSU,Công ty Cổ phần Môi trường Đô thị Sóc Sơn,CT,4,2799,Chất thải & Môi trường
ST8,Công ty Cổ phần Tập đoàn ST8,CT,1,9000,Công nghệ Thông tin
ST8,Công ty Cổ phần Tập đoàn ST8,CT,2,9500,Công nghệ Thông tin
ST8,Công ty Cổ phần Tập đoàn ST8,CT,3,9570,Thiết bị và Phần cứng
ST8,Công ty Cổ phần Tập đoàn ST8,CT,4,9574,Thiết bị văn phòng
STB,Ngân hàng Thương mại Cổ phần Sài Gòn Tài Lộc,NH,1,8301,Ngân hàng
STB,Ngân hàng Thương mại Cổ phần Sài Gòn Tài Lộc,NH,2,8300,Ngân hàng
STB,Ngân hàng Thương mại Cổ phần Sài Gòn Tài Lộc,NH,3,8350,Ngân hàng
STB,Ngân hàng Thương mại Cổ phần Sài Gòn Tài Lộc,NH,4,8355,Ngân hàng
STC,Công ty Cổ phần Sách và Thiết bị trường học Thành phố Hồ Chí Minh,CT,1,5000,Dịch vụ Tiêu dùng
STC,Công ty Cổ phần Sách và Thiết bị trường học Thành phố Hồ Chí Minh,CT,2,5500,Truyền thông
STC,Công ty Cổ phần Sách và Thiết bị trường học Thành phố Hồ Chí Minh,CT,3,5550,Truyền thông
STC,Công ty Cổ phần Sách và Thiết bị trường học Thành phố Hồ Chí Minh,CT,4,5557,"Sách, ấn bản & sản phẩm văn hóa"
STD,Công ty Cổ phần Bia - Nước giải khát Sài Gòn - Tây Đô,CT,1,3000,Hàng Tiêu dùng
STD,Công ty Cổ phần Bia - Nước giải khát Sài Gòn - Tây Đô,CT,2,3500,Thực phẩm và đồ uống
STD,Công ty Cổ phần Bia - Nước giải khát Sài Gòn - Tây Đô,CT,3,3530,Bia và đồ uống
STD,Công ty Cổ phần Bia - Nước giải khát Sài Gòn - Tây Đô,CT,4,3533,Sản xuất bia
STG,Công ty Cổ phần Kho Vận Miền Nam,CT,1,2000,Công nghiệp
STG,Công ty Cổ phần Kho Vận Miền Nam,CT,2,2700,Hàng & Dịch vụ Công nghiệp
STG,Công ty Cổ phần Kho Vận Miền Nam,CT,3,2770,Vận tải
STG,Công ty Cổ phần Kho Vận Miền Nam,CT,4,2777,"Kho bãi, hậu cần và bảo dưỡng"
STH,Công ty Cổ phần STH Holdings,CT,1,5000,Dịch vụ Tiêu dùng
STH,Công ty Cổ phần STH Holdings,CT,2,5500,Truyền thông
STH,Công ty Cổ phần STH Holdings,CT,3,5550,Truyền thông
STH,Công ty Cổ phần STH Holdings,CT,4,5557,"Sách, ấn bản & sản phẩm văn hóa"
STK,Công ty Cổ phần Sợi Thế Kỷ,CT,1,3000,Hàng Tiêu dùng
STK,Công ty Cổ phần Sợi Thế Kỷ,CT,2,3700,Hàng cá nhân & Gia dụng
STK,Công ty Cổ phần Sợi Thế Kỷ,CT,3,3760,Hàng cá nhân
STK,Công ty Cổ phần Sợi Thế Kỷ,CT,4,3763,Hàng May mặc
STL,Công ty Cổ phần Sông Đà - Thăng Long,CT,1,8000,Tài chính
STL,Công ty Cổ phần Sông Đà - Thăng Long,CT,2,8600,Bất động sản
STL,Công ty Cổ phần Sông Đà - Thăng Long,CT,3,8630,Bất động sản
STL,Công ty Cổ phần Sông Đà - Thăng Long,CT,4,8633,Bất động sản
STN,Công ty Cổ phần Thương mại Sài Gòn Tây Nam,CT,1,3000,Hàng Tiêu dùng
STN,Công ty Cổ phần Thương mại Sài Gòn Tây Nam,CT,2,3500,Thực phẩm và đồ uống
STN,Công ty Cổ phần Thương mại Sài Gòn Tây Nam,CT,3,3570,Sản xuất thực phẩm
STN,Công ty Cổ phần Thương mại Sài Gòn Tây Nam,CT,4,3577,Thực phẩm
STP,Công ty Cổ phần Công nghiệp Thương mại Sông Đà,CT,1,2000,Công nghiệp
STP,Công ty Cổ phần Công nghiệp Thương mại Sông Đà,CT,2,2700,Hàng & Dịch vụ Công nghiệp
STP,Công ty Cổ phần Công nghiệp Thương mại Sông Đà,CT,3,2720,Hàng công nghiệp
STP,Công ty Cổ phần Công nghiệp Thương mại Sông Đà,CT,4,2723,Containers & Đóng gói
STS,Công ty Cổ phần Dịch vụ vận tải Sài Gòn,CT,1,2000,Công nghiệp
STS,Công ty Cổ phần Dịch vụ vận tải Sài Gòn,CT,2,2700,Hàng & Dịch vụ Công nghiệp
STS,Công ty Cổ phần Dịch vụ vận tải Sài Gòn,CT,3,2770,Vận tải
STS,Công ty Cổ phần Dịch vụ vận tải Sài Gòn,CT,4,2779,Dịch vụ vận tải
STT,Công ty Cổ phần Vận chuyển Sài Gòn Tourist,CT,1,5000,Dịch vụ Tiêu dùng
STT,Công ty Cổ phần Vận chuyển Sài Gòn Tourist,CT,2,5700,Du lịch và Giải trí
STT,Công ty Cổ phần Vận chuyển Sài Gòn Tourist,CT,3,5750,Du lịch & Giải trí
STT,Công ty Cổ phần Vận chuyển Sài Gòn Tourist,CT,4,5759,Vận tải hành khách & Du lịch
STW,Công ty Cổ phần Cấp nước Sóc Trăng,CT,1,7000,Tiện ích Cộng đồng
STW,Công ty Cổ phần Cấp nước Sóc Trăng,CT,2,7500,"Điện, nước & xăng dầu khí đốt"
STW,Công ty Cổ phần Cấp nước Sóc Trăng,CT,3,7570,Nước & Khí đốt
STW,Công ty Cổ phần Cấp nước Sóc Trăng,CT,4,7577,Nước
SUM,Công ty Cổ phần Đo đạc và Khoáng sản,CT,1,5000,Dịch vụ Tiêu dùng
SUM,Công ty Cổ phần Đo đạc và Khoáng sản,CT,2,5500,Truyền thông
SUM,Công ty Cổ phần Đo đạc và Khoáng sản,CT,3,5550,Truyền thông
SUM,Công ty Cổ phần Đo đạc và Khoáng sản,CT,4,5557,"Sách, ấn bản & sản phẩm văn hóa"
SVC,Công ty Cổ phần Dịch vụ tổng hợp Sài Gòn,CT,1,3000,Hàng Tiêu dùng
SVC,Công ty Cổ phần Dịch vụ tổng hợp Sài Gòn,CT,2,3300,Ô tô và phụ tùng
SVC,Công ty Cổ phần Dịch vụ tổng hợp Sài Gòn,CT,3,3350,Ô tô và phụ tùng
SVC,Công ty Cổ phần Dịch vụ tổng hợp Sài Gòn,CT,4,3353,Sản xuất ô tô
SVD,Công ty Cổ phần Đầu tư & Thương mại Vũ Đăng,CT,1,3000,Hàng Tiêu dùng
SVD,Công ty Cổ phần Đầu tư & Thương mại Vũ Đăng,CT,2,3700,Hàng cá nhân & Gia dụng
SVD,Công ty Cổ phần Đầu tư & Thương mại Vũ Đăng,CT,3,3760,Hàng cá nhân
SVD,Công ty Cổ phần Đầu tư & Thương mại Vũ Đăng,CT,4,3763,Hàng May mặc
SVG,Công ty Cổ phần Hơi kỹ nghệ Que hàn,CT,1,2000,Công nghiệp
SVG,Công ty Cổ phần Hơi kỹ nghệ Que hàn,CT,2,2700,Hàng & Dịch vụ Công nghiệp
SVG,Công ty Cổ phần Hơi kỹ nghệ Que hàn,CT,3,2720,Hàng công nghiệp
SVG,Công ty Cổ phần Hơi kỹ nghệ Que hàn,CT,4,2727,Công nghiệp phức hợp
SVH,Công ty Cổ phần Thủy điện Sông Vàng,CT,1,7000,Tiện ích Cộng đồng
SVH,Công ty Cổ phần Thủy điện Sông Vàng,CT,2,7500,"Điện, nước & xăng dầu khí đốt"
SVH,Công ty Cổ phần Thủy điện Sông Vàng,CT,3,7530,Sản xuất & Phân phối Điện
SVH,Công ty Cổ phần Thủy điện Sông Vàng,CT,4,7535,Sản xuất & Phân phối Điện
SVI,Công ty Cổ phần Bao bì Biên Hòa,CT,1,2000,Công nghiệp
SVI,Công ty Cổ phần Bao bì Biên Hòa,CT,2,2700,Hàng & Dịch vụ Công nghiệp
SVI,Công ty Cổ phần Bao bì Biên Hòa,CT,3,2720,Hàng công nghiệp
SVI,Công ty Cổ phần Bao bì Biên Hòa,CT,4,2723,Containers & Đóng gói
SVL,Công ty Cổ phần Nhân lực Quốc tế Sovilaco,CT,1,2000,Công nghiệp
SVL,Công ty Cổ phần Nhân lực Quốc tế Sovilaco,CT,2,2700,Hàng & Dịch vụ Công nghiệp
SVL,Công ty Cổ phần Nhân lực Quốc tế Sovilaco,CT,3,2790,Tư vấn & Hỗ trợ Kinh doanh
SVL,Công ty Cổ phần Nhân lực Quốc tế Sovilaco,CT,4,2793,Đào tạo & Việc làm
SVN,Công ty Cổ phần Tập đoàn Vexilla Việt Nam,CT,1,2000,Công nghiệp
SVN,Công ty Cổ phần Tập đoàn Vexilla Việt Nam,CT,2,2300,Xây dựng và Vật liệu
SVN,Công ty Cổ phần Tập đoàn Vexilla Việt Nam,CT,3,2350,Xây dựng và Vật liệu
SVN,Công ty Cổ phần Tập đoàn Vexilla Việt Nam,CT,4,2357,Xây dựng
SVT,Công ty Cổ phần Công nghệ Sài Gòn Viễn Đông,CT,1,5000,Dịch vụ Tiêu dùng
SVT,Công ty Cổ phần Công nghệ Sài Gòn Viễn Đông,CT,2,5300,Bán lẻ
SVT,Công ty Cổ phần Công nghệ Sài Gòn Viễn Đông,CT,3,5370,Bán lẻ
SVT,Công ty Cổ phần Công nghệ Sài Gòn Viễn Đông,CT,4,5377,Dịch vụ tiêu dùng chuyên ngành
SWC,Tổng Công ty Cổ phần Đường Sông Miền Nam,CT,1,2000,Công nghiệp
SWC,Tổng Công ty Cổ phần Đường Sông Miền Nam,CT,2,2700,Hàng & Dịch vụ Công nghiệp
SWC,Tổng Công ty Cổ phần Đường Sông Miền Nam,CT,3,2770,Vận tải
SWC,Tổng Công ty Cổ phần Đường Sông Miền Nam,CT,4,2773,Vận tải Thủy
SZB,Công ty Cổ phần Sonadezi Long Bình,CT,1,8000,Tài chính
SZB,Công ty Cổ phần Sonadezi Long Bình,CT,2,8600,Bất động sản
SZB,Công ty Cổ phần Sonadezi Long Bình,CT,3,8630,Bất động sản
SZB,Công ty Cổ phần Sonadezi Long Bình,CT,4,8633,Bất động sản
SZC,Công ty Cổ phần Sonadezi Châu Đức,CT,1,8000,Tài chính
SZC,Công ty Cổ phần Sonadezi Châu Đức,CT,2,8600,Bất động sản
SZC,Công ty Cổ phần Sonadezi Châu Đức,CT,3,8630,Bất động sản
SZC,Công ty Cổ phần Sonadezi Châu Đức,CT,4,8633,Bất động sản
SZE,Công ty Cổ phần Môi trường Sonadezi,CT,1,2000,Công nghiệp
SZE,Công ty Cổ phần Môi trường Sonadezi,CT,2,2700,Hàng & Dịch vụ Công nghiệp
SZE,Công ty Cổ phần Môi trường Sonadezi,CT,3,2790,Tư vấn & Hỗ trợ Kinh doanh
SZE,Công ty Cổ phần Môi trường Sonadezi,CT,4,2799,Chất thải & Môi trường
SZG,Công ty Cổ phần Sonadezi Giang Điền,CT,1,8000,Tài chính
SZG,Công ty Cổ phần Sonadezi Giang Điền,CT,2,8600,Bất động sản
SZG,Công ty Cổ phần Sonadezi Giang Điền,CT,3,8630,Bất động sản
SZG,Công ty Cổ phần Sonadezi Giang Điền,CT,4,8633,Bất động sản
SZL,Công ty Cổ phần Sonadezi Long Thành,CT,1,8000,Tài chính
SZL,Công ty Cổ phần Sonadezi Long Thành,CT,2,8600,Bất động sản
SZL,Công ty Cổ phần Sonadezi Long Thành,CT,3,8630,Bất động sản
SZL,Công ty Cổ phần Sonadezi Long Thành,CT,4,8633,Bất động sản
TA3,Công ty cổ phần Đầu tư và Xây lắp Thành An 386,CT,1,2000,Công nghiệp
TA3,Công ty cổ phần Đầu tư và Xây lắp Thành An 386,CT,2,2300,Xây dựng và Vật liệu
TA3,Công ty cổ phần Đầu tư và Xây lắp Thành An 386,CT,3,2350,Xây dựng và Vật liệu
TA3,Công ty cổ phần Đầu tư và Xây lắp Thành An 386,CT,4,2357,Xây dựng
TA6,Công ty Cổ phần Đầu tư và Xây lắp Thành An 665,CT,1,2000,Công nghiệp
TA6,Công ty Cổ phần Đầu tư và Xây lắp Thành An 665,CT,2,2300,Xây dựng và Vật liệu
TA6,Công ty Cổ phần Đầu tư và Xây lắp Thành An 665,CT,3,2350,Xây dựng và Vật liệu
TA6,Công ty Cổ phần Đầu tư và Xây lắp Thành An 665,CT,4,2357,Xây dựng
TA9,Công ty Cổ phần Xây lắp Thành An 96,CT,1,2000,Công nghiệp
TA9,Công ty Cổ phần Xây lắp Thành An 96,CT,2,2300,Xây dựng và Vật liệu
TA9,Công ty Cổ phần Xây lắp Thành An 96,CT,3,2350,Xây dựng và Vật liệu
TA9,Công ty Cổ phần Xây lắp Thành An 96,CT,4,2357,Xây dựng
TAB,Công ty Cổ phần Freco Việt Nam,CT,1,2000,Công nghiệp
TAB,Công ty Cổ phần Freco Việt Nam,CT,2,2700,Hàng & Dịch vụ Công nghiệp
TAB,Công ty Cổ phần Freco Việt Nam,CT,3,2770,Vận tải
TAB,Công ty Cổ phần Freco Việt Nam,CT,4,2779,Dịch vụ vận tải
TAG,Công ty Cổ phần Thế giới số Trần Anh,CT,1,8000,Tài chính
TAG,Công ty Cổ phần Thế giới số Trần Anh,CT,2,8600,Bất động sản
TAG,Công ty Cổ phần Thế giới số Trần Anh,CT,3,8630,Bất động sản
TAG,Công ty Cổ phần Thế giới số Trần Anh,CT,4,8633,Bất động sản
TAH,Công ty Cổ phần Thương mại Dịch vụ Giấy Thuận An,CT,1,1000,Nguyên vật liệu
TAH,Công ty Cổ phần Thương mại Dịch vụ Giấy Thuận An,CT,2,1700,Tài nguyên Cơ bản
TAH,Công ty Cổ phần Thương mại Dịch vụ Giấy Thuận An,CT,3,1730,Lâm nghiệp và Giấy
TAH,Công ty Cổ phần Thương mại Dịch vụ Giấy Thuận An,CT,4,1737,Sản xuất giấy
TAL,Công Ty Cổ Phần Đầu Tư Bất Động Sản Taseco,CT,1,8000,Tài chính
TAL,Công Ty Cổ Phần Đầu Tư Bất Động Sản Taseco,CT,2,8600,Bất động sản
TAL,Công Ty Cổ Phần Đầu Tư Bất Động Sản Taseco,CT,3,8630,Bất động sản
TAL,Công Ty Cổ Phần Đầu Tư Bất Động Sản Taseco,CT,4,8633,Bất động sản
TAN,Công ty Cổ phần Cà phê Thuận An,CT,1,3000,Hàng Tiêu dùng
TAN,Công ty Cổ phần Cà phê Thuận An,CT,2,3500,Thực phẩm và đồ uống
TAN,Công ty Cổ phần Cà phê Thuận An,CT,3,3530,Bia và đồ uống
TAN,Công ty Cổ phần Cà phê Thuận An,CT,4,3537,Đồ uống & giải khát
TAP,Công ty Cổ phần Đô thị Tân An,CT,1,2000,Công nghiệp
TAP,Công ty Cổ phần Đô thị Tân An,CT,2,2700,Hàng & Dịch vụ Công nghiệp
TAP,Công ty Cổ phần Đô thị Tân An,CT,3,2790,Tư vấn & Hỗ trợ Kinh doanh
TAP,Công ty Cổ phần Đô thị Tân An,CT,4,2799,Chất thải & Môi trường
TAR,Công ty Cổ phần Nông nghiệp Công nghệ cao Trung An,CT,1,3000,Hàng Tiêu dùng
TAR,Công ty Cổ phần Nông nghiệp Công nghệ cao Trung An,CT,2,3500,Thực phẩm và đồ uống
TAR,Công ty Cổ phần Nông nghiệp Công nghệ cao Trung An,CT,3,3570,Sản xuất thực phẩm
TAR,Công ty Cổ phần Nông nghiệp Công nghệ cao Trung An,CT,4,3573,Nuôi trồng nông & hải sản
TAW,Công ty Cổ phần Cấp nước Trung An,CT,1,7000,Tiện ích Cộng đồng
TAW,Công ty Cổ phần Cấp nước Trung An,CT,2,7500,"Điện, nước & xăng dầu khí đốt"
TAW,Công ty Cổ phần Cấp nước Trung An,CT,3,7570,Nước & Khí đốt
TAW,Công ty Cổ phần Cấp nước Trung An,CT,4,7577,Nước
TB8,Công ty Cổ phần Sản xuất và Kinh doanh Vật tư Thiết bị - VVMI,CT,1,2000,Công nghiệp
TB8,Công ty Cổ phần Sản xuất và Kinh doanh Vật tư Thiết bị - VVMI,CT,2,2700,Hàng & Dịch vụ Công nghiệp
TB8,Công ty Cổ phần Sản xuất và Kinh doanh Vật tư Thiết bị - VVMI,CT,3,2720,Hàng công nghiệp
TB8,Công ty Cổ phần Sản xuất và Kinh doanh Vật tư Thiết bị - VVMI,CT,4,2723,Containers & Đóng gói
TBC,Công ty Cổ phần Thủy điện Thác Bà,CT,1,7000,Tiện ích Cộng đồng
TBC,Công ty Cổ phần Thủy điện Thác Bà,CT,2,7500,"Điện, nước & xăng dầu khí đốt"
TBC,Công ty Cổ phần Thủy điện Thác Bà,CT,3,7530,Sản xuất & Phân phối Điện
TBC,Công ty Cổ phần Thủy điện Thác Bà,CT,4,7535,Sản xuất & Phân phối Điện
TBD,Tổng công ty Thiết bị điện Đông Anh - Công ty Cổ phần,CT,1,2000,Công nghiệp
TBD,Tổng công ty Thiết bị điện Đông Anh - Công ty Cổ phần,CT,2,2700,Hàng & Dịch vụ Công nghiệp
TBD,Tổng công ty Thiết bị điện Đông Anh - Công ty Cổ phần,CT,3,2730,Điện tử & Thiết bị điện
TBD,Tổng công ty Thiết bị điện Đông Anh - Công ty Cổ phần,CT,4,2737,Thiết bị điện
TBH,Công ty Cổ phần Tổng Bách Hóa,CT,1,2000,Công nghiệp
TBH,Công ty Cổ phần Tổng Bách Hóa,CT,2,2700,Hàng & Dịch vụ Công nghiệp
TBH,Công ty Cổ phần Tổng Bách Hóa,CT,3,2770,Vận tải
TBH,Công ty Cổ phần Tổng Bách Hóa,CT,4,2777,"Kho bãi, hậu cần và bảo dưỡng"
TBR,Công ty Cổ phần Địa ốc Tân Bình,CT,1,8000,Tài chính
TBR,Công ty Cổ phần Địa ốc Tân Bình,CT,2,8600,Bất động sản
TBR,Công ty Cổ phần Địa ốc Tân Bình,CT,3,8630,Bất động sản
TBR,Công ty Cổ phần Địa ốc Tân Bình,CT,4,8633,Bất động sản
TBT,Công ty Cổ phần Xây dựng Công trình Giao thông Bến Tre,CT,1,2000,Công nghiệp
TBT,Công ty Cổ phần Xây dựng Công trình Giao thông Bến Tre,CT,2,2300,Xây dựng và Vật liệu
TBT,Công ty Cổ phần Xây dựng Công trình Giao thông Bến Tre,CT,3,2350,Xây dựng và Vật liệu
TBT,Công ty Cổ phần Xây dựng Công trình Giao thông Bến Tre,CT,4,2357,Xây dựng
TBW,Công ty cổ phần Nước sạch Thái Bình,CT,1,7000,Tiện ích Cộng đồng
TBW,Công ty cổ phần Nước sạch Thái Bình,CT,2,7500,"Điện, nước & xăng dầu khí đốt"
TBW,Công ty cổ phần Nước sạch Thái Bình,CT,3,7570,Nước & Khí đốt
TBW,Công ty cổ phần Nước sạch Thái Bình,CT,4,7577,Nước
TBX,Công ty Cổ phần Xi măng Thái Bình,CT,1,2000,Công nghiệp
TBX,Công ty Cổ phần Xi măng Thái Bình,CT,2,2300,Xây dựng và Vật liệu
TBX,Công ty Cổ phần Xi măng Thái Bình,CT,3,2350,Xây dựng và Vật liệu
TBX,Công ty Cổ phần Xi măng Thái Bình,CT,4,2353,Vật liệu xây dựng & Nội thất
TCB,Ngân hàng Thương mại Cổ phần Kỹ thương Việt Nam,NH,1,8301,Ngân hàng
TCB,Ngân hàng Thương mại Cổ phần Kỹ thương Việt Nam,NH,2,8300,Ngân hàng
TCB,Ngân hàng Thương mại Cổ phần Kỹ thương Việt Nam,NH,3,8350,Ngân hàng
TCB,Ngân hàng Thương mại Cổ phần Kỹ thương Việt Nam,NH,4,8355,Ngân hàng
TCD,Công ty cổ phần Tập đoàn Xây dựng Tracodi,CT,1,2000,Công nghiệp
TCD,Công ty cổ phần Tập đoàn Xây dựng Tracodi,CT,2,2300,Xây dựng và Vật liệu
TCD,Công ty cổ phần Tập đoàn Xây dựng Tracodi,CT,3,2350,Xây dựng và Vật liệu
TCD,Công ty cổ phần Tập đoàn Xây dựng Tracodi,CT,4,2357,Xây dựng
TCH,Công ty Cổ phần Đầu tư Dịch vụ Tài chính Hoàng Huy,CT,1,8000,Tài chính
TCH,Công ty Cổ phần Đầu tư Dịch vụ Tài chính Hoàng Huy,CT,2,8600,Bất động sản
TCH,Công ty Cổ phần Đầu tư Dịch vụ Tài chính Hoàng Huy,CT,3,8630,Bất động sản
TCH,Công ty Cổ phần Đầu tư Dịch vụ Tài chính Hoàng Huy,CT,4,8633,Bất động sản
TCI,Công ty Cổ phần Chứng khoán Thành Công,CK,1,8000,Tài chính
TCI,Công ty Cổ phần Chứng khoán Thành Công,CK,2,8700,Dịch vụ tài chính
TCI,Công ty Cổ phần Chứng khoán Thành Công,CK,3,8770,Dịch vụ tài chính
TCI,Công ty Cổ phần Chứng khoán Thành Công,CK,4,8777,Môi giới chứng khoán
TCJ,Công ty Cổ phần Tô Châu,CT,1,3000,Hàng Tiêu dùng
TCJ,Công ty Cổ phần Tô Châu,CT,2,3500,Thực phẩm và đồ uống
TCJ,Công ty Cổ phần Tô Châu,CT,3,3570,Sản xuất thực phẩm
TCJ,Công ty Cổ phần Tô Châu,CT,4,3573,Nuôi trồng nông & hải sản
TCK,Tổng Công ty Cơ khí Xây dựng - CTCP,CT,1,2000,Công nghiệp
TCK,Tổng Công ty Cơ khí Xây dựng - CTCP,CT,2,2300,Xây dựng và Vật liệu
TCK,Tổng Công ty Cơ khí Xây dựng - CTCP,CT,3,2350,Xây dựng và Vật liệu
TCK,Tổng Công ty Cơ khí Xây dựng - CTCP,CT,4,2357,Xây dựng
TCL,Công ty Cổ phần Đại lý Giao nhận Vận tải Xếp dỡ Tân Cảng,CT,1,2000,Công nghiệp
TCL,Công ty Cổ phần Đại lý Giao nhận Vận tải Xếp dỡ Tân Cảng,CT,2,2700,Hàng & Dịch vụ Công nghiệp
TCL,Công ty Cổ phần Đại lý Giao nhận Vận tải Xếp dỡ Tân Cảng,CT,3,2770,Vận tải
TCL,Công ty Cổ phần Đại lý Giao nhận Vận tải Xếp dỡ Tân Cảng,CT,4,2779,Dịch vụ vận tải
TCM,Công ty Cổ phần Dệt may - Đầu tư - Thương mại Thành Công,CT,1,3000,Hàng Tiêu dùng
TCM,Công ty Cổ phần Dệt may - Đầu tư - Thương mại Thành Công,CT,2,3700,Hàng cá nhân & Gia dụng
TCM,Công ty Cổ phần Dệt may - Đầu tư - Thương mại Thành Công,CT,3,3760,Hàng cá nhân
TCM,Công ty Cổ phần Dệt may - Đầu tư - Thương mại Thành Công,CT,4,3763,Hàng May mặc
TCO,Công ty Cổ phần Janus Group,CT,1,3000,Hàng Tiêu dùng
TCO,Công ty Cổ phần Janus Group,CT,2,3500,Thực phẩm và đồ uống
TCO,Công ty Cổ phần Janus Group,CT,3,3570,Sản xuất thực phẩm
TCO,Công ty Cổ phần Janus Group,CT,4,3573,Nuôi trồng nông & hải sản
TCP,Công ty Cổ phần Kinh doanh Than Cẩm Phả - Vinacomin,CT,1,1000,Nguyên vật liệu
TCP,Công ty Cổ phần Kinh doanh Than Cẩm Phả - Vinacomin,CT,2,1700,Tài nguyên Cơ bản
TCP,Công ty Cổ phần Kinh doanh Than Cẩm Phả - Vinacomin,CT,3,1770,Khai khoáng
TCP,Công ty Cổ phần Kinh doanh Than Cẩm Phả - Vinacomin,CT,4,1771,Khai thác Than
TCR,Công ty Cổ phần Công nghiệp Gốm sứ TAICERA,CT,1,2000,Công nghiệp
TCR,Công ty Cổ phần Công nghiệp Gốm sứ TAICERA,CT,2,2300,Xây dựng và Vật liệu
TCR,Công ty Cổ phần Công nghiệp Gốm sứ TAICERA,CT,3,2350,Xây dựng và Vật liệu
TCR,Công ty Cổ phần Công nghiệp Gốm sứ TAICERA,CT,4,2353,Vật liệu xây dựng & Nội thất
TCSME,Quỹ Đầu tư Cổ phiếu Doanh Nghiệp Vừa Và Nhỏ Techcom,QU,1,8000,Tài chính
TCSME,Quỹ Đầu tư Cổ phiếu Doanh Nghiệp Vừa Và Nhỏ Techcom,QU,2,8700,Dịch vụ tài chính
TCSME,Quỹ Đầu tư Cổ phiếu Doanh Nghiệp Vừa Và Nhỏ Techcom,QU,3,8980,Quỹ đầu tư
TCSME,Quỹ Đầu tư Cổ phiếu Doanh Nghiệp Vừa Và Nhỏ Techcom,QU,4,8985,Quỹ đầu tư
TCT,Công ty Cổ phần Cáp treo Núi Bà Tây Ninh,CT,1,5000,Dịch vụ Tiêu dùng
TCT,Công ty Cổ phần Cáp treo Núi Bà Tây Ninh,CT,2,5700,Du lịch và Giải trí
TCT,Công ty Cổ phần Cáp treo Núi Bà Tây Ninh,CT,3,5750,Du lịch & Giải trí
TCT,Công ty Cổ phần Cáp treo Núi Bà Tây Ninh,CT,4,5759,Vận tải hành khách & Du lịch
TCW,Công ty Cổ phần Kho Vận Tân Cảng,CT,1,2000,Công nghiệp
TCW,Công ty Cổ phần Kho Vận Tân Cảng,CT,2,2700,Hàng & Dịch vụ Công nghiệp
TCW,Công ty Cổ phần Kho Vận Tân Cảng,CT,3,2770,Vận tải
TCW,Công ty Cổ phần Kho Vận Tân Cảng,CT,4,2777,"Kho bãi, hậu cần và bảo dưỡng"
TCX,Công ty Cổ phần Chứng khoán Kỹ Thương,CK,1,8000,Tài chính
TCX,Công ty Cổ phần Chứng khoán Kỹ Thương,CK,2,8700,Dịch vụ tài chính
TCX,Công ty Cổ phần Chứng khoán Kỹ Thương,CK,3,8770,Dịch vụ tài chính
TCX,Công ty Cổ phần Chứng khoán Kỹ Thương,CK,4,8777,Môi giới chứng khoán
TD6,Công ty Cổ Phần Than Đèo Nai - Cọc Sáu - TKV,CT,1,1000,Nguyên vật liệu
TD6,Công ty Cổ Phần Than Đèo Nai - Cọc Sáu - TKV,CT,2,1700,Tài nguyên Cơ bản
TD6,Công ty Cổ Phần Than Đèo Nai - Cọc Sáu - TKV,CT,3,1770,Khai khoáng
TD6,Công ty Cổ Phần Than Đèo Nai - Cọc Sáu - TKV,CT,4,1771,Khai thác Than
TDB,Công ty Cổ phần Thủy điện Định Bình,CT,1,7000,Tiện ích Cộng đồng
TDB,Công ty Cổ phần Thủy điện Định Bình,CT,2,7500,"Điện, nước & xăng dầu khí đốt"
TDB,Công ty Cổ phần Thủy điện Định Bình,CT,3,7530,Sản xuất & Phân phối Điện
TDB,Công ty Cổ phần Thủy điện Định Bình,CT,4,7535,Sản xuất & Phân phối Điện
TDC,Công ty Cổ phần Kinh doanh và Phát triển Bình Dương,CT,1,8000,Tài chính
TDC,Công ty Cổ phần Kinh doanh và Phát triển Bình Dương,CT,2,8600,Bất động sản
TDC,Công ty Cổ phần Kinh doanh và Phát triển Bình Dương,CT,3,8630,Bất động sản
TDC,Công ty Cổ phần Kinh doanh và Phát triển Bình Dương,CT,4,8637,"Tư Vấn, Định giá, Môi giới Bất động sản"
TDF,Công ty Cổ phần Trung Đô,CT,1,2000,Công nghiệp
TDF,Công ty Cổ phần Trung Đô,CT,2,2300,Xây dựng và Vật liệu
TDF,Công ty Cổ phần Trung Đô,CT,3,2350,Xây dựng và Vật liệu
TDF,Công ty Cổ phần Trung Đô,CT,4,2353,Vật liệu xây dựng & Nội thất
TDG,Công ty Cổ phần Đầu tư TDG Global,CT,1,7000,Tiện ích Cộng đồng
TDG,Công ty Cổ phần Đầu tư TDG Global,CT,2,7500,"Điện, nước & xăng dầu khí đốt"
TDG,Công ty Cổ phần Đầu tư TDG Global,CT,3,7570,Nước & Khí đốt
TDG,Công ty Cổ phần Đầu tư TDG Global,CT,4,7573,Phân phối xăng dầu & khí đốt
TDH,Công ty Cổ phần Phát triển Nhà Thủ Đức,CT,1,8000,Tài chính
TDH,Công ty Cổ phần Phát triển Nhà Thủ Đức,CT,2,8600,Bất động sản
TDH,Công ty Cổ phần Phát triển Nhà Thủ Đức,CT,3,8630,Bất động sản
TDH,Công ty Cổ phần Phát triển Nhà Thủ Đức,CT,4,8633,Bất động sản
TDI,Công ty Cổ phần Tập đoàn TDI,CT,1,2000,Công nghiệp
TDI,Công ty Cổ phần Tập đoàn TDI,CT,2,2300,Xây dựng và Vật liệu
TDI,Công ty Cổ phần Tập đoàn TDI,CT,3,2350,Xây dựng và Vật liệu
TDI,Công ty Cổ phần Tập đoàn TDI,CT,4,2357,Xây dựng
TDL,Công ty Cổ phần Da Tây Đô,CT,1,3000,Hàng Tiêu dùng
TDL,Công ty Cổ phần Da Tây Đô,CT,2,3700,Hàng cá nhân & Gia dụng
TDL,Công ty Cổ phần Da Tây Đô,CT,3,3760,Hàng cá nhân
TDL,Công ty Cổ phần Da Tây Đô,CT,4,3767,Hàng cá nhân
TDM,Công ty Cổ phần Nước Thủ Dầu Một,CT,1,7000,Tiện ích Cộng đồng
TDM,Công ty Cổ phần Nước Thủ Dầu Một,CT,2,7500,"Điện, nước & xăng dầu khí đốt"
TDM,Công ty Cổ phần Nước Thủ Dầu Một,CT,3,7570,Nước & Khí đốt
TDM,Công ty Cổ phần Nước Thủ Dầu Một,CT,4,7577,Nước
TDP,Công ty Cổ phần Thuận Đức,CT,1,2000,Công nghiệp
TDP,Công ty Cổ phần Thuận Đức,CT,2,2700,Hàng & Dịch vụ Công nghiệp
TDP,Công ty Cổ phần Thuận Đức,CT,3,2720,Hàng công nghiệp
TDP,Công ty Cổ phần Thuận Đức,CT,4,2723,Containers & Đóng gói
TDS,Công ty Cổ phần Thép Thủ Đức - VNSTEEL,CT,1,1000,Nguyên vật liệu
TDS,Công ty Cổ phần Thép Thủ Đức - VNSTEEL,CT,2,1700,Tài nguyên Cơ bản
TDS,Công ty Cổ phần Thép Thủ Đức - VNSTEEL,CT,3,1750,Kim loại
TDS,Công ty Cổ phần Thép Thủ Đức - VNSTEEL,CT,4,1757,Thép và sản phẩm thép
TDT,Công ty Cổ phần Đầu tư và Phát triển TDT,CT,1,3000,Hàng Tiêu dùng
TDT,Công ty Cổ phần Đầu tư và Phát triển TDT,CT,2,3700,Hàng cá nhân & Gia dụng
TDT,Công ty Cổ phần Đầu tư và Phát triển TDT,CT,3,3760,Hàng cá nhân
TDT,Công ty Cổ phần Đầu tư và Phát triển TDT,CT,4,3763,Hàng May mặc
TDW,Công ty Cổ phần Cấp nước Thủ Đức,CT,1,7000,Tiện ích Cộng đồng
TDW,Công ty Cổ phần Cấp nước Thủ Đức,CT,2,7500,"Điện, nước & xăng dầu khí đốt"
TDW,Công ty Cổ phần Cấp nước Thủ Đức,CT,3,7570,Nước & Khí đốt
TDW,Công ty Cổ phần Cấp nước Thủ Đức,CT,4,7577,Nước
TEC,Công ty Cổ phần Traenco,CT,1,2000,Công nghiệp
TEC,Công ty Cổ phần Traenco,CT,2,2300,Xây dựng và Vật liệu
TEC,Công ty Cổ phần Traenco,CT,3,2350,Xây dựng và Vật liệu
TEC,Công ty Cổ phần Traenco,CT,4,2357,Xây dựng
TED,Tổng Công ty Tư vấn Thiết kế Giao thông Vận tải - CTCP,CT,1,2000,Công nghiệp
TED,Tổng Công ty Tư vấn Thiết kế Giao thông Vận tải - CTCP,CT,2,2300,Xây dựng và Vật liệu
TED,Tổng Công ty Tư vấn Thiết kế Giao thông Vận tải - CTCP,CT,3,2350,Xây dựng và Vật liệu
TED,Tổng Công ty Tư vấn Thiết kế Giao thông Vận tải - CTCP,CT,4,2357,Xây dựng
TEG,Công ty Cổ phần Trường Thành Energy Group,CT,1,8000,Tài chính
TEG,Công ty Cổ phần Trường Thành Energy Group,CT,2,8600,Bất động sản
TEG,Công ty Cổ phần Trường Thành Energy Group,CT,3,8630,Bất động sản
TEG,Công ty Cổ phần Trường Thành Energy Group,CT,4,8633,Bất động sản
TEL,Công ty Cổ phần Phát triển Công trình Viễn thông,CT,1,2000,Công nghiệp
TEL,Công ty Cổ phần Phát triển Công trình Viễn thông,CT,2,2300,Xây dựng và Vật liệu
TEL,Công ty Cổ phần Phát triển Công trình Viễn thông,CT,3,2350,Xây dựng và Vật liệu
TEL,Công ty Cổ phần Phát triển Công trình Viễn thông,CT,4,2357,Xây dựng
TET,Công ty Cổ phần Vải sợi May mặc Miền Bắc,CT,1,3000,Hàng Tiêu dùng
TET,Công ty Cổ phần Vải sợi May mặc Miền Bắc,CT,2,3700,Hàng cá nhân & Gia dụng
TET,Công ty Cổ phần Vải sợi May mặc Miền Bắc,CT,3,3760,Hàng cá nhân
TET,Công ty Cổ phần Vải sợi May mặc Miền Bắc,CT,4,3763,Hàng May mặc
TFC,Công ty Cổ phần Trang,CT,1,3000,Hàng Tiêu dùng
TFC,Công ty Cổ phần Trang,CT,2,3500,Thực phẩm và đồ uống
TFC,Công ty Cổ phần Trang,CT,3,3570,Sản xuất thực phẩm
TFC,Công ty Cổ phần Trang,CT,4,3577,Thực phẩm
TGG,Công ty Cổ phần The Golden Group,CT,1,2000,Công nghiệp
TGG,Công ty Cổ phần The Golden Group,CT,2,2300,Xây dựng và Vật liệu
TGG,Công ty Cổ phần The Golden Group,CT,3,2350,Xây dựng và Vật liệu
TGG,Công ty Cổ phần The Golden Group,CT,4,2357,Xây dựng
TGP,Công ty Cổ phần Trường Phú,CT,1,2000,Công nghiệp
TGP,Công ty Cổ phần Trường Phú,CT,2,2700,Hàng & Dịch vụ Công nghiệp
TGP,Công ty Cổ phần Trường Phú,CT,3,2730,Điện tử & Thiết bị điện
TGP,Công ty Cổ phần Trường Phú,CT,4,2733,Hàng điện & điện tử
TH1,Công ty Cổ phần Xuất nhập khẩu Tổng hợp I Việt Nam,CT,1,5000,Dịch vụ Tiêu dùng
TH1,Công ty Cổ phần Xuất nhập khẩu Tổng hợp I Việt Nam,CT,2,5300,Bán lẻ
TH1,Công ty Cổ phần Xuất nhập khẩu Tổng hợp I Việt Nam,CT,3,5330,Phân phối thực phẩm & dược phẩm
TH1,Công ty Cổ phần Xuất nhập khẩu Tổng hợp I Việt Nam,CT,4,5337,Phân phối thực phẩm
THA,Công ty Cổ phần Tập Đoàn Trường Hải,CT,1,3000,Hàng Tiêu dùng
THA,Công ty Cổ phần Tập Đoàn Trường Hải,CT,2,3300,Ô tô và phụ tùng
THA,Công ty Cổ phần Tập Đoàn Trường Hải,CT,3,3350,Ô tô và phụ tùng
THA,Công ty Cổ phần Tập Đoàn Trường Hải,CT,4,3353,Sản xuất ô tô
THB,Công ty Cổ phần Bia Hà Nội - Thanh Hóa,CT,1,3000,Hàng Tiêu dùng
THB,Công ty Cổ phần Bia Hà Nội - Thanh Hóa,CT,2,3500,Thực phẩm và đồ uống
THB,Công ty Cổ phần Bia Hà Nội - Thanh Hóa,CT,3,3530,Bia và đồ uống
THB,Công ty Cổ phần Bia Hà Nội - Thanh Hóa,CT,4,3533,Sản xuất bia
THD,Công ty Cổ phần Thaiholdings,CT,1,8000,Tài chính
THD,Công ty Cổ phần Thaiholdings,CT,2,8600,Bất động sản
THD,Công ty Cổ phần Thaiholdings,CT,3,8630,Bất động sản
THD,Công ty Cổ phần Thaiholdings,CT,4,8637,"Tư Vấn, Định giá, Môi giới Bất động sản"
THG,Công ty Cổ phần Đầu tư và Xây dựng Tiền Giang,CT,1,2000,Công nghiệp
THG,Công ty Cổ phần Đầu tư và Xây dựng Tiền Giang,CT,2,2300,Xây dựng và Vật liệu
THG,Công ty Cổ phần Đầu tư và Xây dựng Tiền Giang,CT,3,2350,Xây dựng và Vật liệu
THG,Công ty Cổ phần Đầu tư và Xây dựng Tiền Giang,CT,4,2353,Vật liệu xây dựng & Nội thất
THI,Công ty Cổ phần Thiết bị điện,CT,1,2000,Công nghiệp
THI,Công ty Cổ phần Thiết bị điện,CT,2,2700,Hàng & Dịch vụ Công nghiệp
THI,Công ty Cổ phần Thiết bị điện,CT,3,2730,Điện tử & Thiết bị điện
THI,Công ty Cổ phần Thiết bị điện,CT,4,2737,Thiết bị điện
THM,Công ty Cổ phần Tứ Hải Hà Nam,CT,1,3000,Hàng Tiêu dùng
THM,Công ty Cổ phần Tứ Hải Hà Nam,CT,2,3700,Hàng cá nhân & Gia dụng
THM,Công ty Cổ phần Tứ Hải Hà Nam,CT,3,3760,Hàng cá nhân
THM,Công ty Cổ phần Tứ Hải Hà Nam,CT,4,3763,Hàng May mặc
THN,Công ty Cổ phần Cấp nước Thanh Hóa,CT,1,7000,Tiện ích Cộng đồng
THN,Công ty Cổ phần Cấp nước Thanh Hóa,CT,2,7500,"Điện, nước & xăng dầu khí đốt"
THN,Công ty Cổ phần Cấp nước Thanh Hóa,CT,3,7570,Nước & Khí đốt
THN,Công ty Cổ phần Cấp nước Thanh Hóa,CT,4,7577,Nước
THO,Công ty Cổ phần Đầu Tư và Xây Lắp Tây Hồ,CT,1,2000,Công nghiệp
THO,Công ty Cổ phần Đầu Tư và Xây Lắp Tây Hồ,CT,2,2300,Xây dựng và Vật liệu
THO,Công ty Cổ phần Đầu Tư và Xây Lắp Tây Hồ,CT,3,2350,Xây dựng và Vật liệu
THO,Công ty Cổ phần Đầu Tư và Xây Lắp Tây Hồ,CT,4,2357,Xây dựng
THP,Công ty Cổ phần Thủy sản và Thương mại Thuận Phước,CT,1,3000,Hàng Tiêu dùng
THP,Công ty Cổ phần Thủy sản và Thương mại Thuận Phước,CT,2,3500,Thực phẩm và đồ uống
THP,Công ty Cổ phần Thủy sản và Thương mại Thuận Phước,CT,3,3570,Sản xuất thực phẩm
THP,Công ty Cổ phần Thủy sản và Thương mại Thuận Phước,CT,4,3573,Nuôi trồng nông & hải sản
THS,Công ty Cổ phần Thanh Hoa Sông Đà,CT,1,5000,Dịch vụ Tiêu dùng
THS,Công ty Cổ phần Thanh Hoa Sông Đà,CT,2,5300,Bán lẻ
THS,Công ty Cổ phần Thanh Hoa Sông Đà,CT,3,5370,Bán lẻ
THS,Công ty Cổ phần Thanh Hoa Sông Đà,CT,4,5373,Bán lẻ phức hợp
THT,Công ty Cổ phần Than Hà Tu - Vinacomin,CT,1,1000,Nguyên vật liệu
THT,Công ty Cổ phần Than Hà Tu - Vinacomin,CT,2,1700,Tài nguyên Cơ bản
THT,Công ty Cổ phần Than Hà Tu - Vinacomin,CT,3,1770,Khai khoáng
THT,Công ty Cổ phần Than Hà Tu - Vinacomin,CT,4,1771,Khai thác Than
THU,Công ty Cổ phần Môi trường và Công trình đô thị Thanh Hóa,CT,1,2000,Công nghiệp
THU,Công ty Cổ phần Môi trường và Công trình đô thị Thanh Hóa,CT,2,2700,Hàng & Dịch vụ Công nghiệp
THU,Công ty Cổ phần Môi trường và Công trình đô thị Thanh Hóa,CT,3,2790,Tư vấn & Hỗ trợ Kinh doanh
THU,Công ty Cổ phần Môi trường và Công trình đô thị Thanh Hóa,CT,4,2799,Chất thải & Môi trường
THW,Công ty Cổ phần Cấp nước Tân Hòa,CT,1,7000,Tiện ích Cộng đồng
THW,Công ty Cổ phần Cấp nước Tân Hòa,CT,2,7500,"Điện, nước & xăng dầu khí đốt"
THW,Công ty Cổ phần Cấp nước Tân Hòa,CT,3,7570,Nước & Khí đốt
THW,Công ty Cổ phần Cấp nước Tân Hòa,CT,4,7577,Nước
TID,Công ty Cổ phần Tổng Công ty Tín Nghĩa,CT,1,8000,Tài chính
TID,Công ty Cổ phần Tổng Công ty Tín Nghĩa,CT,2,8600,Bất động sản
TID,Công ty Cổ phần Tổng Công ty Tín Nghĩa,CT,3,8630,Bất động sản
TID,Công ty Cổ phần Tổng Công ty Tín Nghĩa,CT,4,8633,Bất động sản
TIE,Công ty Cổ phần TIE,CT,1,2000,Công nghiệp
TIE,Công ty Cổ phần TIE,CT,2,2700,Hàng & Dịch vụ Công nghiệp
TIE,Công ty Cổ phần TIE,CT,3,2730,Điện tử & Thiết bị điện
TIE,Công ty Cổ phần TIE,CT,4,2733,Hàng điện & điện tử
TIG,Công ty Cổ phần Tập đoàn Đầu tư Thăng Long,CT,1,8000,Tài chính
TIG,Công ty Cổ phần Tập đoàn Đầu tư Thăng Long,CT,2,8600,Bất động sản
TIG,Công ty Cổ phần Tập đoàn Đầu tư Thăng Long,CT,3,8630,Bất động sản
TIG,Công ty Cổ phần Tập đoàn Đầu tư Thăng Long,CT,4,8633,Bất động sản
TIN,Công ty Tài chính Tổng hợp cổ phần Tín Việt,NH,1,8000,Tài chính
TIN,Công ty Tài chính Tổng hợp cổ phần Tín Việt,NH,2,8700,Dịch vụ tài chính
TIN,Công ty Tài chính Tổng hợp cổ phần Tín Việt,NH,3,8770,Dịch vụ tài chính
TIN,Công ty Tài chính Tổng hợp cổ phần Tín Việt,NH,4,8771,Quản lý tài sản
TIP,Công ty Cổ phần Phát triển Khu công nghiệp Tín Nghĩa,CT,1,8000,Tài chính
TIP,Công ty Cổ phần Phát triển Khu công nghiệp Tín Nghĩa,CT,2,8600,Bất động sản
TIP,Công ty Cổ phần Phát triển Khu công nghiệp Tín Nghĩa,CT,3,8630,Bất động sản
TIP,Công ty Cổ phần Phát triển Khu công nghiệp Tín Nghĩa,CT,4,8633,Bất động sản
TIS,Công ty Cổ phần Gang thép Thái Nguyên,CT,1,1000,Nguyên vật liệu
TIS,Công ty Cổ phần Gang thép Thái Nguyên,CT,2,1700,Tài nguyên Cơ bản
TIS,Công ty Cổ phần Gang thép Thái Nguyên,CT,3,1750,Kim loại
TIS,Công ty Cổ phần Gang thép Thái Nguyên,CT,4,1757,Thép và sản phẩm thép
TIX,Công ty Cổ phần Sản xuất Kinh doanh Xuất nhập khẩu Dịch vụ và Đầu tư Tân Bình,CT,1,8000,Tài chính
TIX,Công ty Cổ phần Sản xuất Kinh doanh Xuất nhập khẩu Dịch vụ và Đầu tư Tân Bình,CT,2,8600,Bất động sản
TIX,Công ty Cổ phần Sản xuất Kinh doanh Xuất nhập khẩu Dịch vụ và Đầu tư Tân Bình,CT,3,8630,Bất động sản
TIX,Công ty Cổ phần Sản xuất Kinh doanh Xuất nhập khẩu Dịch vụ và Đầu tư Tân Bình,CT,4,8633,Bất động sản
TJC,Công ty Cổ phần Dịch vụ Vận tải và Thương mại,CT,1,2000,Công nghiệp
TJC,Công ty Cổ phần Dịch vụ Vận tải và Thương mại,CT,2,2700,Hàng & Dịch vụ Công nghiệp
TJC,Công ty Cổ phần Dịch vụ Vận tải và Thương mại,CT,3,2770,Vận tải
TJC,Công ty Cổ phần Dịch vụ Vận tải và Thương mại,CT,4,2779,Dịch vụ vận tải
TKA,Công ty Cổ phần Bao bì Tân Khánh An,CT,1,2000,Công nghiệp
TKA,Công ty Cổ phần Bao bì Tân Khánh An,CT,2,2700,Hàng & Dịch vụ Công nghiệp
TKA,Công ty Cổ phần Bao bì Tân Khánh An,CT,3,2720,Hàng công nghiệp
TKA,Công ty Cổ phần Bao bì Tân Khánh An,CT,4,2723,Containers & Đóng gói
TKC,Công ty Cổ phần Xây dựng và Kinh doanh Địa ốc Tân Kỷ,CT,1,2000,Công nghiệp
TKC,Công ty Cổ phần Xây dựng và Kinh doanh Địa ốc Tân Kỷ,CT,2,2300,Xây dựng và Vật liệu
TKC,Công ty Cổ phần Xây dựng và Kinh doanh Địa ốc Tân Kỷ,CT,3,2350,Xây dựng và Vật liệu
TKC,Công ty Cổ phần Xây dựng và Kinh doanh Địa ốc Tân Kỷ,CT,4,2357,Xây dựng
TKD,Công ty Cổ phần Tư vấn Thiết kế Đường bộ,CT,1,2000,Công nghiệp
TKD,Công ty Cổ phần Tư vấn Thiết kế Đường bộ,CT,2,2700,Hàng & Dịch vụ Công nghiệp
TKD,Công ty Cổ phần Tư vấn Thiết kế Đường bộ,CT,3,2790,Tư vấn & Hỗ trợ Kinh doanh
TKD,Công ty Cổ phần Tư vấn Thiết kế Đường bộ,CT,4,2791,Tư vấn & Hỗ trợ KD
TKG,Công ty Cổ phần Sản xuất và Thương mại Tùng Khánh,CT,1,1000,Nguyên vật liệu
TKG,Công ty Cổ phần Sản xuất và Thương mại Tùng Khánh,CT,2,1700,Tài nguyên Cơ bản
TKG,Công ty Cổ phần Sản xuất và Thương mại Tùng Khánh,CT,3,1750,Kim loại
TKG,Công ty Cổ phần Sản xuất và Thương mại Tùng Khánh,CT,4,1757,Thép và sản phẩm thép
TKU,Công ty Cổ phần Công nghiệp Tung Kuang,CT,1,1000,Nguyên vật liệu
TKU,Công ty Cổ phần Công nghiệp Tung Kuang,CT,2,1700,Tài nguyên Cơ bản
TKU,Công ty Cổ phần Công nghiệp Tung Kuang,CT,3,1750,Kim loại
TKU,Công ty Cổ phần Công nghiệp Tung Kuang,CT,4,1753,Nhôm
TL4,Tổng Công ty Xây dựng Thủy lợi 4 - Công ty Cổ phần,CT,1,2000,Công nghiệp
TL4,Tổng Công ty Xây dựng Thủy lợi 4 - Công ty Cổ phần,CT,2,2300,Xây dựng và Vật liệu
TL4,Tổng Công ty Xây dựng Thủy lợi 4 - Công ty Cổ phần,CT,3,2350,Xây dựng và Vật liệu
TL4,Tổng Công ty Xây dựng Thủy lợi 4 - Công ty Cổ phần,CT,4,2357,Xây dựng
TLC,Công ty Cổ phần Viễn Thông Thăng Long,CT,1,9000,Công nghệ Thông tin
TLC,Công ty Cổ phần Viễn Thông Thăng Long,CT,2,9500,Công nghệ Thông tin
TLC,Công ty Cổ phần Viễn Thông Thăng Long,CT,3,9570,Thiết bị và Phần cứng
TLC,Công ty Cổ phần Viễn Thông Thăng Long,CT,4,9578,Thiết bị viễn thông
TLD,Công ty Cổ phần Đầu tư Xây dựng và Phát triển Đô thị Thăng Long,CT,1,2000,Công nghiệp
TLD,Công ty Cổ phần Đầu tư Xây dựng và Phát triển Đô thị Thăng Long,CT,2,2300,Xây dựng và Vật liệu
TLD,Công ty Cổ phần Đầu tư Xây dựng và Phát triển Đô thị Thăng Long,CT,3,2350,Xây dựng và Vật liệu
TLD,Công ty Cổ phần Đầu tư Xây dựng và Phát triển Đô thị Thăng Long,CT,4,2353,Vật liệu xây dựng & Nội thất
TLG,Công ty Cổ phần Tập đoàn Thiên Long,CT,1,3000,Hàng Tiêu dùng
TLG,Công ty Cổ phần Tập đoàn Thiên Long,CT,2,3700,Hàng cá nhân & Gia dụng
TLG,Công ty Cổ phần Tập đoàn Thiên Long,CT,3,3720,Hàng gia dụng
TLG,Công ty Cổ phần Tập đoàn Thiên Long,CT,4,3724,Đồ gia dụng một lần
TLH,Công ty Cổ phần Tập đoàn Thép Tiến Lên,CT,1,1000,Nguyên vật liệu
TLH,Công ty Cổ phần Tập đoàn Thép Tiến Lên,CT,2,1700,Tài nguyên Cơ bản
TLH,Công ty Cổ phần Tập đoàn Thép Tiến Lên,CT,3,1750,Kim loại
TLH,Công ty Cổ phần Tập đoàn Thép Tiến Lên,CT,4,1757,Thép và sản phẩm thép
TLI,Công ty Cổ phần May Quốc tế Thắng Lợi,CT,1,3000,Hàng Tiêu dùng
TLI,Công ty Cổ phần May Quốc tế Thắng Lợi,CT,2,3700,Hàng cá nhân & Gia dụng
TLI,Công ty Cổ phần May Quốc tế Thắng Lợi,CT,3,3760,Hàng cá nhân
TLI,Công ty Cổ phần May Quốc tế Thắng Lợi,CT,4,3763,Hàng May mặc
TLL,Công ty Cổ phần Dệt may Thắng Lợi,CT,1,3000,Hàng Tiêu dùng
TLL,Công ty Cổ phần Dệt may Thắng Lợi,CT,2,3700,Hàng cá nhân & Gia dụng
TLL,Công ty Cổ phần Dệt may Thắng Lợi,CT,3,3760,Hàng cá nhân
TLL,Công ty Cổ phần Dệt may Thắng Lợi,CT,4,3763,Hàng May mặc
TLP,Tổng Công ty Thương mại Xuất nhập khẩu Thanh Lễ - CTCP,CT,1,7000,Tiện ích Cộng đồng
TLP,Tổng Công ty Thương mại Xuất nhập khẩu Thanh Lễ - CTCP,CT,2,7500,"Điện, nước & xăng dầu khí đốt"
TLP,Tổng Công ty Thương mại Xuất nhập khẩu Thanh Lễ - CTCP,CT,3,7570,Nước & Khí đốt
TLP,Tổng Công ty Thương mại Xuất nhập khẩu Thanh Lễ - CTCP,CT,4,7573,Phân phối xăng dầu & khí đốt
TLS,Công ty Cổ phần Thương mại Lạng Sơn,CT,1,5000,Dịch vụ Tiêu dùng
TLS,Công ty Cổ phần Thương mại Lạng Sơn,CT,2,5300,Bán lẻ
TLS,Công ty Cổ phần Thương mại Lạng Sơn,CT,3,5370,Bán lẻ
TLS,Công ty Cổ phần Thương mại Lạng Sơn,CT,4,5373,Bán lẻ phức hợp
TLT,Công ty Cổ phần Viglacera Thăng Long,CT,1,2000,Công nghiệp
TLT,Công ty Cổ phần Viglacera Thăng Long,CT,2,2300,Xây dựng và Vật liệu
TLT,Công ty Cổ phần Viglacera Thăng Long,CT,3,2350,Xây dựng và Vật liệu
TLT,Công ty Cổ phần Viglacera Thăng Long,CT,4,2353,Vật liệu xây dựng & Nội thất
TMB,Công ty Cổ phần Kinh doanh Than Miền Bắc - Vinacomin,CT,1,1000,Nguyên vật liệu
TMB,Công ty Cổ phần Kinh doanh Than Miền Bắc - Vinacomin,CT,2,1700,Tài nguyên Cơ bản
TMB,Công ty Cổ phần Kinh doanh Than Miền Bắc - Vinacomin,CT,3,1770,Khai khoáng
TMB,Công ty Cổ phần Kinh doanh Than Miền Bắc - Vinacomin,CT,4,1771,Khai thác Than
TMC,Công ty Cổ phần Thương mại Xuất nhập khẩu Thủ Đức,CT,1,7000,Tiện ích Cộng đồng
TMC,Công ty Cổ phần Thương mại Xuất nhập khẩu Thủ Đức,CT,2,7500,"Điện, nước & xăng dầu khí đốt"
TMC,Công ty Cổ phần Thương mại Xuất nhập khẩu Thủ Đức,CT,3,7570,Nước & Khí đốt
TMC,Công ty Cổ phần Thương mại Xuất nhập khẩu Thủ Đức,CT,4,7573,Phân phối xăng dầu & khí đốt
TMG,Công ty Cổ phần Kim loại màu Thái Nguyên - Vimico,CT,1,1000,Nguyên vật liệu
TMG,Công ty Cổ phần Kim loại màu Thái Nguyên - Vimico,CT,2,1700,Tài nguyên Cơ bản
TMG,Công ty Cổ phần Kim loại màu Thái Nguyên - Vimico,CT,3,1750,Kim loại
TMG,Công ty Cổ phần Kim loại màu Thái Nguyên - Vimico,CT,4,1757,Thép và sản phẩm thép
TMP,Công ty Cổ phần Thủy điện Thác Mơ,CT,1,7000,Tiện ích Cộng đồng
TMP,Công ty Cổ phần Thủy điện Thác Mơ,CT,2,7500,"Điện, nước & xăng dầu khí đốt"
TMP,Công ty Cổ phần Thủy điện Thác Mơ,CT,3,7530,Sản xuất & Phân phối Điện
TMP,Công ty Cổ phần Thủy điện Thác Mơ,CT,4,7535,Sản xuất & Phân phối Điện
TMS,Công ty Cổ phần Transimex,CT,1,2000,Công nghiệp
TMS,Công ty Cổ phần Transimex,CT,2,2700,Hàng & Dịch vụ Công nghiệp
TMS,Công ty Cổ phần Transimex,CT,3,2770,Vận tải
TMS,Công ty Cổ phần Transimex,CT,4,2777,"Kho bãi, hậu cần và bảo dưỡng"
TMT,Công ty Cổ phần Ô tô TMT,CT,1,3000,Hàng Tiêu dùng
TMT,Công ty Cổ phần Ô tô TMT,CT,2,3300,Ô tô và phụ tùng
TMT,Công ty Cổ phần Ô tô TMT,CT,3,3350,Ô tô và phụ tùng
TMT,Công ty Cổ phần Ô tô TMT,CT,4,3353,Sản xuất ô tô
TMW,Công ty Cổ phần Tổng hợp Gỗ Tân Mai,CT,1,1000,Nguyên vật liệu
TMW,Công ty Cổ phần Tổng hợp Gỗ Tân Mai,CT,2,1700,Tài nguyên Cơ bản
TMW,Công ty Cổ phần Tổng hợp Gỗ Tân Mai,CT,3,1730,Lâm nghiệp và Giấy
TMW,Công ty Cổ phần Tổng hợp Gỗ Tân Mai,CT,4,1733,Lâm sản và Chế biến gỗ
TMX,Công ty Cổ phần VICEM Thương mại Xi măng,CT,1,2000,Công nghiệp
TMX,Công ty Cổ phần VICEM Thương mại Xi măng,CT,2,2300,Xây dựng và Vật liệu
TMX,Công ty Cổ phần VICEM Thương mại Xi măng,CT,3,2350,Xây dựng và Vật liệu
TMX,Công ty Cổ phần VICEM Thương mại Xi măng,CT,4,2353,Vật liệu xây dựng & Nội thất
TN1,Công ty Cổ phần Rox Key Holdings,CT,1,8000,Tài chính
TN1,Công ty Cổ phần Rox Key Holdings,CT,2,8600,Bất động sản
TN1,Công ty Cổ phần Rox Key Holdings,CT,3,8630,Bất động sản
TN1,Công ty Cổ phần Rox Key Holdings,CT,4,8633,Bất động sản
TNA,Công ty Cổ phần Thương mại Xuất nhập khẩu Thiên Nam,CT,1,1000,Nguyên vật liệu
TNA,Công ty Cổ phần Thương mại Xuất nhập khẩu Thiên Nam,CT,2,1700,Tài nguyên Cơ bản
TNA,Công ty Cổ phần Thương mại Xuất nhập khẩu Thiên Nam,CT,3,1750,Kim loại
TNA,Công ty Cổ phần Thương mại Xuất nhập khẩu Thiên Nam,CT,4,1757,Thép và sản phẩm thép
TNB,Công ty Cổ phần Thép Nhà Bè - VNSTEEL,CT,1,1000,Nguyên vật liệu
TNB,Công ty Cổ phần Thép Nhà Bè - VNSTEEL,CT,2,1700,Tài nguyên Cơ bản
TNB,Công ty Cổ phần Thép Nhà Bè - VNSTEEL,CT,3,1750,Kim loại
TNB,Công ty Cổ phần Thép Nhà Bè - VNSTEEL,CT,4,1757,Thép và sản phẩm thép
TNC,Công ty Cổ phần Cao su Thống Nhất,CT,1,1000,Nguyên vật liệu
TNC,Công ty Cổ phần Cao su Thống Nhất,CT,2,1300,Hóa chất
TNC,Công ty Cổ phần Cao su Thống Nhất,CT,3,1350,Hóa chất
TNC,Công ty Cổ phần Cao su Thống Nhất,CT,4,1353,"Nhựa, cao su & sợi"
TNG,Công ty Cổ phần Đầu tư và Thương mại TNG,CT,1,3000,Hàng Tiêu dùng
TNG,Công ty Cổ phần Đầu tư và Thương mại TNG,CT,2,3700,Hàng cá nhân & Gia dụng
TNG,Công ty Cổ phần Đầu tư và Thương mại TNG,CT,3,3760,Hàng cá nhân
TNG,Công ty Cổ phần Đầu tư và Thương mại TNG,CT,4,3763,Hàng May mặc
TNH,Công ty Cổ phần Tập đoàn Bệnh viện TNH,CT,1,4000,Dược phẩm và Y tế
TNH,Công ty Cổ phần Tập đoàn Bệnh viện TNH,CT,2,4500,Y tế
TNH,Công ty Cổ phần Tập đoàn Bệnh viện TNH,CT,3,4530,Thiết bị và Dịch vụ Y tế
TNH,Công ty Cổ phần Tập đoàn Bệnh viện TNH,CT,4,4533,Chăm sóc y tế
TNI,Công ty Cổ phần Tập đoàn Thành Nam,CT,1,1000,Nguyên vật liệu
TNI,Công ty Cổ phần Tập đoàn Thành Nam,CT,2,1700,Tài nguyên Cơ bản
TNI,Công ty Cổ phần Tập đoàn Thành Nam,CT,3,1750,Kim loại
TNI,Công ty Cổ phần Tập đoàn Thành Nam,CT,4,1757,Thép và sản phẩm thép
TNM,Công ty Cổ phần Xuất nhập khẩu và Xây dựng Công trình,CT,1,2000,Công nghiệp
TNM,Công ty Cổ phần Xuất nhập khẩu và Xây dựng Công trình,CT,2,2300,Xây dựng và Vật liệu
TNM,Công ty Cổ phần Xuất nhập khẩu và Xây dựng Công trình,CT,3,2350,Xây dựng và Vật liệu
TNM,Công ty Cổ phần Xuất nhập khẩu và Xây dựng Công trình,CT,4,2357,Xây dựng
TNP,Công ty Cổ phần Cảng Thị Nại,CT,1,2000,Công nghiệp
TNP,Công ty Cổ phần Cảng Thị Nại,CT,2,2700,Hàng & Dịch vụ Công nghiệp
TNP,Công ty Cổ phần Cảng Thị Nại,CT,3,2770,Vận tải
TNP,Công ty Cổ phần Cảng Thị Nại,CT,4,2777,"Kho bãi, hậu cần và bảo dưỡng"
TNS,Công ty Cổ phần Thép tấm lá Thống Nhất,CT,1,1000,Nguyên vật liệu
TNS,Công ty Cổ phần Thép tấm lá Thống Nhất,CT,2,1700,Tài nguyên Cơ bản
TNS,Công ty Cổ phần Thép tấm lá Thống Nhất,CT,3,1750,Kim loại
TNS,Công ty Cổ phần Thép tấm lá Thống Nhất,CT,4,1757,Thép và sản phẩm thép
TNT,Công ty Cổ phần Tập đoàn TNT,CT,1,2000,Công nghiệp
TNT,Công ty Cổ phần Tập đoàn TNT,CT,2,2300,Xây dựng và Vật liệu
TNT,Công ty Cổ phần Tập đoàn TNT,CT,3,2350,Xây dựng và Vật liệu
TNT,Công ty Cổ phần Tập đoàn TNT,CT,4,2353,Vật liệu xây dựng & Nội thất
TNV,Công ty Cổ phần Thống Nhất Hà Nội,CT,1,3000,Hàng Tiêu dùng
TNV,Công ty Cổ phần Thống Nhất Hà Nội,CT,2,3700,Hàng cá nhân & Gia dụng
TNV,Công ty Cổ phần Thống Nhất Hà Nội,CT,3,3760,Hàng cá nhân
TNV,Công ty Cổ phần Thống Nhất Hà Nội,CT,4,3767,Hàng cá nhân
TNW,Công ty Cổ phần Nước sạch Thái Nguyên,CT,1,7000,Tiện ích Cộng đồng
TNW,Công ty Cổ phần Nước sạch Thái Nguyên,CT,2,7500,"Điện, nước & xăng dầu khí đốt"
TNW,Công ty Cổ phần Nước sạch Thái Nguyên,CT,3,7570,Nước & Khí đốt
TNW,Công ty Cổ phần Nước sạch Thái Nguyên,CT,4,7577,Nước
TOP,Công ty Cổ phần Phân phối Top One,CT,1,5000,Dịch vụ Tiêu dùng
TOP,Công ty Cổ phần Phân phối Top One,CT,2,5300,Bán lẻ
TOP,Công ty Cổ phần Phân phối Top One,CT,3,5370,Bán lẻ
TOP,Công ty Cổ phần Phân phối Top One,CT,4,5373,Bán lẻ phức hợp
TOS,Công ty Cổ phần Dịch vụ biển Tân Cảng,CT,1,0001,Dầu khí
TOS,Công ty Cổ phần Dịch vụ biển Tân Cảng,CT,2,0500,Dầu khí
TOS,Công ty Cổ phần Dịch vụ biển Tân Cảng,CT,3,0570,"Thiết bị, Dịch vụ và Phân phối Dầu khí"
TOS,Công ty Cổ phần Dịch vụ biển Tân Cảng,CT,4,0573,Thiết bị và Dịch vụ Dầu khí
TOT,Công ty Cổ phần Transimex Logistics,CT,1,2000,Công nghiệp
TOT,Công ty Cổ phần Transimex Logistics,CT,2,2700,Hàng & Dịch vụ Công nghiệp
TOT,Công ty Cổ phần Transimex Logistics,CT,3,2770,Vận tải
TOT,Công ty Cổ phần Transimex Logistics,CT,4,2779,Dịch vụ vận tải
TOW,Công ty Cổ phần Cấp nước Trà Nóc - Ô Môn,CT,1,7000,Tiện ích Cộng đồng
TOW,Công ty Cổ phần Cấp nước Trà Nóc - Ô Môn,CT,2,7500,"Điện, nước & xăng dầu khí đốt"
TOW,Công ty Cổ phần Cấp nước Trà Nóc - Ô Môn,CT,3,7570,Nước & Khí đốt
TOW,Công ty Cổ phần Cấp nước Trà Nóc - Ô Môn,CT,4,7577,Nước
TPB,Ngân hàng Thương mại Cổ phần Tiên Phong,NH,1,8301,Ngân hàng
TPB,Ngân hàng Thương mại Cổ phần Tiên Phong,NH,2,8300,Ngân hàng
TPB,Ngân hàng Thương mại Cổ phần Tiên Phong,NH,3,8350,Ngân hàng
TPB,Ngân hàng Thương mại Cổ phần Tiên Phong,NH,4,8355,Ngân hàng
TPC,Công ty Cổ phần Nhựa Tân Đại Hưng,CT,1,1000,Nguyên vật liệu
TPC,Công ty Cổ phần Nhựa Tân Đại Hưng,CT,2,1300,Hóa chất
TPC,Công ty Cổ phần Nhựa Tân Đại Hưng,CT,3,1350,Hóa chất
TPC,Công ty Cổ phần Nhựa Tân Đại Hưng,CT,4,1353,"Nhựa, cao su & sợi"
TPE,Công ty Cổ phần Cơ điện Trần Phú,CT,1,9000,Công nghệ Thông tin
TPE,Công ty Cổ phần Cơ điện Trần Phú,CT,2,9500,Công nghệ Thông tin
TPE,Công ty Cổ phần Cơ điện Trần Phú,CT,3,9570,Thiết bị và Phần cứng
TPE,Công ty Cổ phần Cơ điện Trần Phú,CT,4,9578,Thiết bị viễn thông
TPH,Công ty Cổ phần In Sách giáo khoa tại Thành phố Hà Nội,CT,1,5000,Dịch vụ Tiêu dùng
TPH,Công ty Cổ phần In Sách giáo khoa tại Thành phố Hà Nội,CT,2,5500,Truyền thông
TPH,Công ty Cổ phần In Sách giáo khoa tại Thành phố Hà Nội,CT,3,5550,Truyền thông
TPH,Công ty Cổ phần In Sách giáo khoa tại Thành phố Hà Nội,CT,4,5557,"Sách, ấn bản & sản phẩm văn hóa"
TPP,Công ty Cổ phần Tân Phú Việt Nam,CT,1,2000,Công nghiệp
TPP,Công ty Cổ phần Tân Phú Việt Nam,CT,2,2700,Hàng & Dịch vụ Công nghiệp
TPP,Công ty Cổ phần Tân Phú Việt Nam,CT,3,2720,Hàng công nghiệp
TPP,Công ty Cổ phần Tân Phú Việt Nam,CT,4,2723,Containers & Đóng gói
TPS,Công ty Cổ phần Bến bãi vận tải Sài Gòn,CT,1,5000,Dịch vụ Tiêu dùng
TPS,Công ty Cổ phần Bến bãi vận tải Sài Gòn,CT,2,5700,Du lịch và Giải trí
TPS,Công ty Cổ phần Bến bãi vận tải Sài Gòn,CT,3,5750,Du lịch & Giải trí
TPS,Công ty Cổ phần Bến bãi vận tải Sài Gòn,CT,4,5759,Vận tải hành khách & Du lịch
TQN,Công ty Cổ phần Thông Quảng Ninh,CT,1,1000,Nguyên vật liệu
TQN,Công ty Cổ phần Thông Quảng Ninh,CT,2,1700,Tài nguyên Cơ bản
TQN,Công ty Cổ phần Thông Quảng Ninh,CT,3,1730,Lâm nghiệp và Giấy
TQN,Công ty Cổ phần Thông Quảng Ninh,CT,4,1733,Lâm sản và Chế biến gỗ
TQW,Công ty Cổ phần Cấp thoát nước Tuyên Quang,CT,1,7000,Tiện ích Cộng đồng
TQW,Công ty Cổ phần Cấp thoát nước Tuyên Quang,CT,2,7500,"Điện, nước & xăng dầu khí đốt"
TQW,Công ty Cổ phần Cấp thoát nước Tuyên Quang,CT,3,7570,Nước & Khí đốt
TQW,Công ty Cổ phần Cấp thoát nước Tuyên Quang,CT,4,7577,Nước
TR1,Công ty Cổ phần Vận Tải 1 Traco,CT,1,2000,Công nghiệp
TR1,Công ty Cổ phần Vận Tải 1 Traco,CT,2,2700,Hàng & Dịch vụ Công nghiệp
TR1,Công ty Cổ phần Vận Tải 1 Traco,CT,3,2770,Vận tải
TR1,Công ty Cổ phần Vận Tải 1 Traco,CT,4,2777,"Kho bãi, hậu cần và bảo dưỡng"
TRA,Công ty Cổ phần Traphaco,CT,1,4000,Dược phẩm và Y tế
TRA,Công ty Cổ phần Traphaco,CT,2,4500,Y tế
TRA,Công ty Cổ phần Traphaco,CT,3,4570,Dược phẩm
TRA,Công ty Cổ phần Traphaco,CT,4,4577,Dược phẩm
TRC,Công ty Cổ phần Cao su Tây Ninh,CT,1,1000,Nguyên vật liệu
TRC,Công ty Cổ phần Cao su Tây Ninh,CT,2,1300,Hóa chất
TRC,Công ty Cổ phần Cao su Tây Ninh,CT,3,1350,Hóa chất
TRC,Công ty Cổ phần Cao su Tây Ninh,CT,4,1353,"Nhựa, cao su & sợi"
TRH,Công ty Cổ phần Bệnh viện Giao thông Vận tải,CT,1,4000,Dược phẩm và Y tế
TRH,Công ty Cổ phần Bệnh viện Giao thông Vận tải,CT,2,4500,Y tế
TRH,Công ty Cổ phần Bệnh viện Giao thông Vận tải,CT,3,4530,Thiết bị và Dịch vụ Y tế
TRH,Công ty Cổ phần Bệnh viện Giao thông Vận tải,CT,4,4533,Chăm sóc y tế
TRS,Công ty Cổ phần Vận tải và Dịch vụ Hàng Hải,CT,1,2000,Công nghiệp
TRS,Công ty Cổ phần Vận tải và Dịch vụ Hàng Hải,CT,2,2700,Hàng & Dịch vụ Công nghiệp
TRS,Công ty Cổ phần Vận tải và Dịch vụ Hàng Hải,CT,3,2770,Vận tải
TRS,Công ty Cổ phần Vận tải và Dịch vụ Hàng Hải,CT,4,2773,Vận tải Thủy
TRT,Công ty Cổ phần RedstarCera,CT,1,2000,Công nghiệp
TRT,Công ty Cổ phần RedstarCera,CT,2,2300,Xây dựng và Vật liệu
TRT,Công ty Cổ phần RedstarCera,CT,3,2350,Xây dựng và Vật liệu
TRT,Công ty Cổ phần RedstarCera,CT,4,2353,Vật liệu xây dựng & Nội thất
TRV,Công ty Cổ Phần Vận tải Đường sắt,CT,1,2000,Công nghiệp
TRV,Công ty Cổ Phần Vận tải Đường sắt,CT,2,2700,Hàng & Dịch vụ Công nghiệp
TRV,Công ty Cổ Phần Vận tải Đường sắt,CT,3,2770,Vận tải
TRV,Công ty Cổ Phần Vận tải Đường sắt,CT,4,2775,Đường sắt
TS3,Công ty Cổ phần Trường Sơn 532,CT,1,2000,Công nghiệp
TS3,Công ty Cổ phần Trường Sơn 532,CT,2,2300,Xây dựng và Vật liệu
TS3,Công ty Cổ phần Trường Sơn 532,CT,3,2350,Xây dựng và Vật liệu
TS3,Công ty Cổ phần Trường Sơn 532,CT,4,2357,Xây dựng
TS4,Công ty Cổ phần Thủy sản số 4,CT,1,3000,Hàng Tiêu dùng
TS4,Công ty Cổ phần Thủy sản số 4,CT,2,3500,Thực phẩm và đồ uống
TS4,Công ty Cổ phần Thủy sản số 4,CT,3,3570,Sản xuất thực phẩm
TS4,Công ty Cổ phần Thủy sản số 4,CT,4,3573,Nuôi trồng nông & hải sản
TSA,Công ty Cổ Phần Đầu Tư Và Xây Lắp Trường Sơn,CT,1,2000,Công nghiệp
TSA,Công ty Cổ Phần Đầu Tư Và Xây Lắp Trường Sơn,CT,2,2300,Xây dựng và Vật liệu
TSA,Công ty Cổ Phần Đầu Tư Và Xây Lắp Trường Sơn,CT,3,2350,Xây dựng và Vật liệu
TSA,Công ty Cổ Phần Đầu Tư Và Xây Lắp Trường Sơn,CT,4,2357,Xây dựng
TSB,Công ty Cổ phần Ắc quy Tia Sáng,CT,1,2000,Công nghiệp
TSB,Công ty Cổ phần Ắc quy Tia Sáng,CT,2,2700,Hàng & Dịch vụ Công nghiệp
TSB,Công ty Cổ phần Ắc quy Tia Sáng,CT,3,2730,Điện tử & Thiết bị điện
TSB,Công ty Cổ phần Ắc quy Tia Sáng,CT,4,2733,Hàng điện & điện tử
TSC,Công ty Cổ phần Vật tư Kỹ thuật Nông nghiệp Cần Thơ,CT,1,1000,Nguyên vật liệu
TSC,Công ty Cổ phần Vật tư Kỹ thuật Nông nghiệp Cần Thơ,CT,2,1300,Hóa chất
TSC,Công ty Cổ phần Vật tư Kỹ thuật Nông nghiệp Cần Thơ,CT,3,1350,Hóa chất
TSC,Công ty Cổ phần Vật tư Kỹ thuật Nông nghiệp Cần Thơ,CT,4,1357,"Sản phẩm hóa dầu, Nông dược & Hóa chất khác"
TSD,Công ty Cổ phần Du lịch Trường Sơn Coecco,CT,1,5000,Dịch vụ Tiêu dùng
TSD,Công ty Cổ phần Du lịch Trường Sơn Coecco,CT,2,5700,Du lịch và Giải trí
TSD,Công ty Cổ phần Du lịch Trường Sơn Coecco,CT,3,5750,Du lịch & Giải trí
TSD,Công ty Cổ phần Du lịch Trường Sơn Coecco,CT,4,5759,Vận tải hành khách & Du lịch
TSG,Công ty Cổ phần Thông tin Tín hiệu Đường sắt Sài Gòn,CT,1,2000,Công nghiệp
TSG,Công ty Cổ phần Thông tin Tín hiệu Đường sắt Sài Gòn,CT,2,2700,Hàng & Dịch vụ Công nghiệp
TSG,Công ty Cổ phần Thông tin Tín hiệu Đường sắt Sài Gòn,CT,3,2770,Vận tải
TSG,Công ty Cổ phần Thông tin Tín hiệu Đường sắt Sài Gòn,CT,4,2775,Đường sắt
TSJ,Công ty Cổ phần Du lịch Dịch vụ Hà Nội,CT,1,5000,Dịch vụ Tiêu dùng
TSJ,Công ty Cổ phần Du lịch Dịch vụ Hà Nội,CT,2,5700,Du lịch và Giải trí
TSJ,Công ty Cổ phần Du lịch Dịch vụ Hà Nội,CT,3,5750,Du lịch & Giải trí
TSJ,Công ty Cổ phần Du lịch Dịch vụ Hà Nội,CT,4,5759,Vận tải hành khách & Du lịch
TST,Công ty Cổ phần Dịch vụ Kỹ thuật Viễn thông,CT,1,9000,Công nghệ Thông tin
TST,Công ty Cổ phần Dịch vụ Kỹ thuật Viễn thông,CT,2,9500,Công nghệ Thông tin
TST,Công ty Cổ phần Dịch vụ Kỹ thuật Viễn thông,CT,3,9530,Phần mềm & Dịch vụ Máy tính
TST,Công ty Cổ phần Dịch vụ Kỹ thuật Viễn thông,CT,4,9533,Dịch vụ Máy tính
TT6,Công ty Cổ Phần Tập Đoàn Tiến Thịnh,CT,1,3000,Hàng Tiêu dùng
TT6,Công ty Cổ Phần Tập Đoàn Tiến Thịnh,CT,2,3500,Thực phẩm và đồ uống
TT6,Công ty Cổ Phần Tập Đoàn Tiến Thịnh,CT,3,3570,Sản xuất thực phẩm
TT6,Công ty Cổ Phần Tập Đoàn Tiến Thịnh,CT,4,3577,Thực phẩm
TTA,Công ty Cổ phần Đầu tư Xây dựng và Phát triển Trường Thành,CT,1,7000,Tiện ích Cộng đồng
TTA,Công ty Cổ phần Đầu tư Xây dựng và Phát triển Trường Thành,CT,2,7500,"Điện, nước & xăng dầu khí đốt"
TTA,Công ty Cổ phần Đầu tư Xây dựng và Phát triển Trường Thành,CT,3,7530,Sản xuất & Phân phối Điện
TTA,Công ty Cổ phần Đầu tư Xây dựng và Phát triển Trường Thành,CT,4,7535,Sản xuất & Phân phối Điện
TTB,Công ty Cổ phần TTBGROUP,CT,1,2000,Công nghiệp
TTB,Công ty Cổ phần TTBGROUP,CT,2,2300,Xây dựng và Vật liệu
TTB,Công ty Cổ phần TTBGROUP,CT,3,2350,Xây dựng và Vật liệu
TTB,Công ty Cổ phần TTBGROUP,CT,4,2353,Vật liệu xây dựng & Nội thất
TTC,Công ty Cổ phần Gạch men Thanh Thanh,CT,1,2000,Công nghiệp
TTC,Công ty Cổ phần Gạch men Thanh Thanh,CT,2,2300,Xây dựng và Vật liệu
TTC,Công ty Cổ phần Gạch men Thanh Thanh,CT,3,2350,Xây dựng và Vật liệu
TTC,Công ty Cổ phần Gạch men Thanh Thanh,CT,4,2353,Vật liệu xây dựng & Nội thất
TTD,Công ty Cổ phần Bệnh viện Tim Tâm Đức,CT,1,4000,Dược phẩm và Y tế
TTD,Công ty Cổ phần Bệnh viện Tim Tâm Đức,CT,2,4500,Y tế
TTD,Công ty Cổ phần Bệnh viện Tim Tâm Đức,CT,3,4530,Thiết bị và Dịch vụ Y tế
TTD,Công ty Cổ phần Bệnh viện Tim Tâm Đức,CT,4,4533,Chăm sóc y tế
TTE,Công ty Cổ phần Đầu tư Năng lượng Trường Thịnh,CT,1,7000,Tiện ích Cộng đồng
TTE,Công ty Cổ phần Đầu tư Năng lượng Trường Thịnh,CT,2,7500,"Điện, nước & xăng dầu khí đốt"
TTE,Công ty Cổ phần Đầu tư Năng lượng Trường Thịnh,CT,3,7530,Sản xuất & Phân phối Điện
TTE,Công ty Cổ phần Đầu tư Năng lượng Trường Thịnh,CT,4,7535,Sản xuất & Phân phối Điện
TTF,Công ty Cổ phần Tập đoàn Kỹ nghệ Gỗ Trường Thành,CT,1,1000,Nguyên vật liệu
TTF,Công ty Cổ phần Tập đoàn Kỹ nghệ Gỗ Trường Thành,CT,2,1700,Tài nguyên Cơ bản
TTF,Công ty Cổ phần Tập đoàn Kỹ nghệ Gỗ Trường Thành,CT,3,1730,Lâm nghiệp và Giấy
TTF,Công ty Cổ phần Tập đoàn Kỹ nghệ Gỗ Trường Thành,CT,4,1733,Lâm sản và Chế biến gỗ
TTG,Công ty Cổ phần Royal Healthtech TTG,CT,1,3000,Hàng Tiêu dùng
TTG,Công ty Cổ phần Royal Healthtech TTG,CT,2,3700,Hàng cá nhân & Gia dụng
TTG,Công ty Cổ phần Royal Healthtech TTG,CT,3,3760,Hàng cá nhân
TTG,Công ty Cổ phần Royal Healthtech TTG,CT,4,3763,Hàng May mặc
TTH,Công ty Cổ phần Thương mại và Dịch vụ Tiến Thành,CT,1,1000,Nguyên vật liệu
TTH,Công ty Cổ phần Thương mại và Dịch vụ Tiến Thành,CT,2,1700,Tài nguyên Cơ bản
TTH,Công ty Cổ phần Thương mại và Dịch vụ Tiến Thành,CT,3,1750,Kim loại
TTH,Công ty Cổ phần Thương mại và Dịch vụ Tiến Thành,CT,4,1757,Thép và sản phẩm thép
TTL,Tổng Công ty Thăng Long - Công ty Cổ phần,CT,1,2000,Công nghiệp
TTL,Tổng Công ty Thăng Long - Công ty Cổ phần,CT,2,2300,Xây dựng và Vật liệu
TTL,Tổng Công ty Thăng Long - Công ty Cổ phần,CT,3,2350,Xây dựng và Vật liệu
TTL,Tổng Công ty Thăng Long - Công ty Cổ phần,CT,4,2357,Xây dựng
TTN,Công ty Cổ phần Công nghệ & Truyền thông Việt Nam,CT,1,6000,Viễn thông
TTN,Công ty Cổ phần Công nghệ & Truyền thông Việt Nam,CT,2,6500,Viễn thông
TTN,Công ty Cổ phần Công nghệ & Truyền thông Việt Nam,CT,3,6530,Viễn thông cố định
TTN,Công ty Cổ phần Công nghệ & Truyền thông Việt Nam,CT,4,6535,Viễn thông cố định
TTP,Công ty Cổ phần Bao bì Tân Tiến,CT,1,2000,Công nghiệp
TTP,Công ty Cổ phần Bao bì Tân Tiến,CT,2,2700,Hàng & Dịch vụ Công nghiệp
TTP,Công ty Cổ phần Bao bì Tân Tiến,CT,3,2720,Hàng công nghiệp
TTP,Công ty Cổ phần Bao bì Tân Tiến,CT,4,2723,Containers & Đóng gói
TTS,Công ty Cổ phần Cán thép Thái Trung,CT,1,1000,Nguyên vật liệu
TTS,Công ty Cổ phần Cán thép Thái Trung,CT,2,1700,Tài nguyên Cơ bản
TTS,Công ty Cổ phần Cán thép Thái Trung,CT,3,1750,Kim loại
TTS,Công ty Cổ phần Cán thép Thái Trung,CT,4,1757,Thép và sản phẩm thép
TTT,Công ty Cổ phần Du Lịch - Thương Mại Tây Ninh,CT,1,5000,Dịch vụ Tiêu dùng
TTT,Công ty Cổ phần Du Lịch - Thương Mại Tây Ninh,CT,2,5700,Du lịch và Giải trí
TTT,Công ty Cổ phần Du Lịch - Thương Mại Tây Ninh,CT,3,5750,Du lịch & Giải trí
TTT,Công ty Cổ phần Du Lịch - Thương Mại Tây Ninh,CT,4,5759,Vận tải hành khách & Du lịch
TTZ,Công ty Cổ phần Đầu tư Xây dựng và Công nghệ Tiến Trung,CT,1,2000,Công nghiệp
TTZ,Công ty Cổ phần Đầu tư Xây dựng và Công nghệ Tiến Trung,CT,2,2300,Xây dựng và Vật liệu
TTZ,Công ty Cổ phần Đầu tư Xây dựng và Công nghệ Tiến Trung,CT,3,2350,Xây dựng và Vật liệu
TTZ,Công ty Cổ phần Đầu tư Xây dựng và Công nghệ Tiến Trung,CT,4,2353,Vật liệu xây dựng & Nội thất
TUG,Công ty Cổ phần Lai dắt và Vận tải Cảng Hải Phòng,CT,1,2000,Công nghiệp
TUG,Công ty Cổ phần Lai dắt và Vận tải Cảng Hải Phòng,CT,2,2700,Hàng & Dịch vụ Công nghiệp
TUG,Công ty Cổ phần Lai dắt và Vận tải Cảng Hải Phòng,CT,3,2770,Vận tải
TUG,Công ty Cổ phần Lai dắt và Vận tải Cảng Hải Phòng,CT,4,2777,"Kho bãi, hậu cần và bảo dưỡng"
TV1,Công ty Cổ phần Tư vấn Xây dựng Điện 1,CT,1,2000,Công nghiệp
TV1,Công ty Cổ phần Tư vấn Xây dựng Điện 1,CT,2,2700,Hàng & Dịch vụ Công nghiệp
TV1,Công ty Cổ phần Tư vấn Xây dựng Điện 1,CT,3,2790,Tư vấn & Hỗ trợ Kinh doanh
TV1,Công ty Cổ phần Tư vấn Xây dựng Điện 1,CT,4,2791,Tư vấn & Hỗ trợ KD
TV2,Công ty Cổ phần Tư vấn Xây dựng Điện 2,CT,1,2000,Công nghiệp
TV2,Công ty Cổ phần Tư vấn Xây dựng Điện 2,CT,2,2700,Hàng & Dịch vụ Công nghiệp
TV2,Công ty Cổ phần Tư vấn Xây dựng Điện 2,CT,3,2790,Tư vấn & Hỗ trợ Kinh doanh
TV2,Công ty Cổ phần Tư vấn Xây dựng Điện 2,CT,4,2791,Tư vấn & Hỗ trợ KD
TV3,Công ty Cổ phần Tư vấn Xây dựng Điện 3,CT,1,2000,Công nghiệp
TV3,Công ty Cổ phần Tư vấn Xây dựng Điện 3,CT,2,2700,Hàng & Dịch vụ Công nghiệp
TV3,Công ty Cổ phần Tư vấn Xây dựng Điện 3,CT,3,2790,Tư vấn & Hỗ trợ Kinh doanh
TV3,Công ty Cổ phần Tư vấn Xây dựng Điện 3,CT,4,2791,Tư vấn & Hỗ trợ KD
TV4,Công ty Cổ phần Tư vấn Xây dựng Điện 4,CT,1,2000,Công nghiệp
TV4,Công ty Cổ phần Tư vấn Xây dựng Điện 4,CT,2,2700,Hàng & Dịch vụ Công nghiệp
TV4,Công ty Cổ phần Tư vấn Xây dựng Điện 4,CT,3,2790,Tư vấn & Hỗ trợ Kinh doanh
TV4,Công ty Cổ phần Tư vấn Xây dựng Điện 4,CT,4,2791,Tư vấn & Hỗ trợ KD
TV6,Công ty Cổ phần Tập đoàn EMA LAND,CT,1,8000,Tài chính
TV6,Công ty Cổ phần Tập đoàn EMA LAND,CT,2,8600,Bất động sản
TV6,Công ty Cổ phần Tập đoàn EMA LAND,CT,3,8630,Bất động sản
TV6,Công ty Cổ phần Tập đoàn EMA LAND,CT,4,8637,"Tư Vấn, Định giá, Môi giới Bất động sản"
TVA,Công ty cổ phần Sứ Viglacera Thanh Trì,CT,1,2000,Công nghiệp
TVA,Công ty cổ phần Sứ Viglacera Thanh Trì,CT,2,2300,Xây dựng và Vật liệu
TVA,Công ty cổ phần Sứ Viglacera Thanh Trì,CT,3,2350,Xây dựng và Vật liệu
TVA,Công ty cổ phần Sứ Viglacera Thanh Trì,CT,4,2353,Vật liệu xây dựng & Nội thất
TVB,Công ty Cổ phần Chứng khoán T-Cap,CK,1,8000,Tài chính
TVB,Công ty Cổ phần Chứng khoán T-Cap,CK,2,8700,Dịch vụ tài chính
TVB,Công ty Cổ phần Chứng khoán T-Cap,CK,3,8770,Dịch vụ tài chính
TVB,Công ty Cổ phần Chứng khoán T-Cap,CK,4,8777,Môi giới chứng khoán
TVC,Công ty Cổ phần Tập đoàn Quản lý tài sản T-Corp,CT,1,8000,Tài chính
TVC,Công ty Cổ phần Tập đoàn Quản lý tài sản T-Corp,CT,2,8700,Dịch vụ tài chính
TVC,Công ty Cổ phần Tập đoàn Quản lý tài sản T-Corp,CT,3,8770,Dịch vụ tài chính
TVC,Công ty Cổ phần Tập đoàn Quản lý tài sản T-Corp,CT,4,8775,Tài chính đặc biệt
TVD,Công ty Cổ phần Than Vàng Danh - Vinacomin,CT,1,1000,Nguyên vật liệu
TVD,Công ty Cổ phần Than Vàng Danh - Vinacomin,CT,2,1700,Tài nguyên Cơ bản
TVD,Công ty Cổ phần Than Vàng Danh - Vinacomin,CT,3,1770,Khai khoáng
TVD,Công ty Cổ phần Than Vàng Danh - Vinacomin,CT,4,1771,Khai thác Than
TVG,Công ty Cổ phần Tư vấn Đầu tư và Xây dựng Giao thông Vận tải,CT,1,2000,Công nghiệp
TVG,Công ty Cổ phần Tư vấn Đầu tư và Xây dựng Giao thông Vận tải,CT,2,2300,Xây dựng và Vật liệu
TVG,Công ty Cổ phần Tư vấn Đầu tư và Xây dựng Giao thông Vận tải,CT,3,2350,Xây dựng và Vật liệu
TVG,Công ty Cổ phần Tư vấn Đầu tư và Xây dựng Giao thông Vận tải,CT,4,2357,Xây dựng
TVH,Công ty Cổ phần Tư vấn Xây dựng công trình Hàng hải,CT,1,2000,Công nghiệp
TVH,Công ty Cổ phần Tư vấn Xây dựng công trình Hàng hải,CT,2,2300,Xây dựng và Vật liệu
TVH,Công ty Cổ phần Tư vấn Xây dựng công trình Hàng hải,CT,3,2350,Xây dựng và Vật liệu
TVH,Công ty Cổ phần Tư vấn Xây dựng công trình Hàng hải,CT,4,2357,Xây dựng
TVM,Công ty Cổ phần Tư vấn đầu tư Mỏ và công nghiệp - Vinacomin,CT,1,2000,Công nghiệp
TVM,Công ty Cổ phần Tư vấn đầu tư Mỏ và công nghiệp - Vinacomin,CT,2,2700,Hàng & Dịch vụ Công nghiệp
TVM,Công ty Cổ phần Tư vấn đầu tư Mỏ và công nghiệp - Vinacomin,CT,3,2790,Tư vấn & Hỗ trợ Kinh doanh
TVM,Công ty Cổ phần Tư vấn đầu tư Mỏ và công nghiệp - Vinacomin,CT,4,2791,Tư vấn & Hỗ trợ KD
TVN,Tổng Công ty Thép Việt Nam - Công ty Cổ phần,CT,1,1000,Nguyên vật liệu
TVN,Tổng Công ty Thép Việt Nam - Công ty Cổ phần,CT,2,1700,Tài nguyên Cơ bản
TVN,Tổng Công ty Thép Việt Nam - Công ty Cổ phần,CT,3,1750,Kim loại
TVN,Tổng Công ty Thép Việt Nam - Công ty Cổ phần,CT,4,1757,Thép và sản phẩm thép
TVO,Công ty Cổ phần Dầu thực vật Tân Bình,CT,1,3000,Hàng Tiêu dùng
TVO,Công ty Cổ phần Dầu thực vật Tân Bình,CT,2,3500,Thực phẩm và đồ uống
TVO,Công ty Cổ phần Dầu thực vật Tân Bình,CT,3,3570,Sản xuất thực phẩm
TVO,Công ty Cổ phần Dầu thực vật Tân Bình,CT,4,3577,Thực phẩm
TVP,Công ty Cổ phần Dược phẩm TV.Pharm,CT,1,4000,Dược phẩm và Y tế
TVP,Công ty Cổ phần Dược phẩm TV.Pharm,CT,2,4500,Y tế
TVP,Công ty Cổ phần Dược phẩm TV.Pharm,CT,3,4570,Dược phẩm
TVP,Công ty Cổ phần Dược phẩm TV.Pharm,CT,4,4577,Dược phẩm
TVS,Công ty Cổ phần Chứng khoán Thiên Việt,CK,1,8000,Tài chính
TVS,Công ty Cổ phần Chứng khoán Thiên Việt,CK,2,8700,Dịch vụ tài chính
TVS,Công ty Cổ phần Chứng khoán Thiên Việt,CK,3,8770,Dịch vụ tài chính
TVS,Công ty Cổ phần Chứng khoán Thiên Việt,CK,4,8777,Môi giới chứng khoán
TVT,Tổng Công ty Việt Thắng - CTCP,CT,1,3000,Hàng Tiêu dùng
TVT,Tổng Công ty Việt Thắng - CTCP,CT,2,3700,Hàng cá nhân & Gia dụng
TVT,Tổng Công ty Việt Thắng - CTCP,CT,3,3760,Hàng cá nhân
TVT,Tổng Công ty Việt Thắng - CTCP,CT,4,3763,Hàng May mặc
TVW,Công ty Cổ phần Cấp thoát nước Trà Vinh,CT,1,7000,Tiện ích Cộng đồng
TVW,Công ty Cổ phần Cấp thoát nước Trà Vinh,CT,2,7500,"Điện, nước & xăng dầu khí đốt"
TVW,Công ty Cổ phần Cấp thoát nước Trà Vinh,CT,3,7570,Nước & Khí đốt
TVW,Công ty Cổ phần Cấp thoát nước Trà Vinh,CT,4,7577,Nước
TW3,Công ty Cổ phần Dược Trung Ương 3,CT,1,4000,Dược phẩm và Y tế
TW3,Công ty Cổ phần Dược Trung Ương 3,CT,2,4500,Y tế
TW3,Công ty Cổ phần Dược Trung Ương 3,CT,3,4570,Dược phẩm
TW3,Công ty Cổ phần Dược Trung Ương 3,CT,4,4577,Dược phẩm
TXM,Công ty Cổ phần VICEM Thạch cao Xi Măng,CT,1,2000,Công nghiệp
TXM,Công ty Cổ phần VICEM Thạch cao Xi Măng,CT,2,2300,Xây dựng và Vật liệu
TXM,Công ty Cổ phần VICEM Thạch cao Xi Măng,CT,3,2350,Xây dựng và Vật liệu
TXM,Công ty Cổ phần VICEM Thạch cao Xi Măng,CT,4,2353,Vật liệu xây dựng & Nội thất
TYA,Công ty Cổ phần Dây và Cáp điện Taya Việt Nam,CT,1,2000,Công nghiệp
TYA,Công ty Cổ phần Dây và Cáp điện Taya Việt Nam,CT,2,2700,Hàng & Dịch vụ Công nghiệp
TYA,Công ty Cổ phần Dây và Cáp điện Taya Việt Nam,CT,3,2730,Điện tử & Thiết bị điện
TYA,Công ty Cổ phần Dây và Cáp điện Taya Việt Nam,CT,4,2733,Hàng điện & điện tử
UCT,Công ty Cổ phần Đô thị Cần Thơ,CT,1,2000,Công nghiệp
UCT,Công ty Cổ phần Đô thị Cần Thơ,CT,2,2700,Hàng & Dịch vụ Công nghiệp
UCT,Công ty Cổ phần Đô thị Cần Thơ,CT,3,2790,Tư vấn & Hỗ trợ Kinh doanh
UCT,Công ty Cổ phần Đô thị Cần Thơ,CT,4,2799,Chất thải & Môi trường
UDC,Công ty Cổ phần Đầu tư Xây dựng UDCons,CT,1,2000,Công nghiệp
UDC,Công ty Cổ phần Đầu tư Xây dựng UDCons,CT,2,2300,Xây dựng và Vật liệu
UDC,Công ty Cổ phần Đầu tư Xây dựng UDCons,CT,3,2350,Xây dựng và Vật liệu
UDC,Công ty Cổ phần Đầu tư Xây dựng UDCons,CT,4,2357,Xây dựng
UDJ,Công ty Cổ phần Phát triển Đô thị,CT,1,2000,Công nghiệp
UDJ,Công ty Cổ phần Phát triển Đô thị,CT,2,2300,Xây dựng và Vật liệu
UDJ,Công ty Cổ phần Phát triển Đô thị,CT,3,2350,Xây dựng và Vật liệu
UDJ,Công ty Cổ phần Phát triển Đô thị,CT,4,2357,Xây dựng
UDL,Công ty Cổ phần Đô thị và Môi trường Đắk Lắk,CT,1,2000,Công nghiệp
UDL,Công ty Cổ phần Đô thị và Môi trường Đắk Lắk,CT,2,2700,Hàng & Dịch vụ Công nghiệp
UDL,Công ty Cổ phần Đô thị và Môi trường Đắk Lắk,CT,3,2790,Tư vấn & Hỗ trợ Kinh doanh
UDL,Công ty Cổ phần Đô thị và Môi trường Đắk Lắk,CT,4,2799,Chất thải & Môi trường
UEM,Công ty Cổ phần Cơ điện Uông Bí - Vinacomin,CT,1,2000,Công nghiệp
UEM,Công ty Cổ phần Cơ điện Uông Bí - Vinacomin,CT,2,2700,Hàng & Dịch vụ Công nghiệp
UEM,Công ty Cổ phần Cơ điện Uông Bí - Vinacomin,CT,3,2750,Công nghiệp nặng
UEM,Công ty Cổ phần Cơ điện Uông Bí - Vinacomin,CT,4,2757,Máy công nghiệp
UIC,Công ty Cổ phần Đầu tư Phát triển Nhà và Đô thị IDICO,CT,1,7000,Tiện ích Cộng đồng
UIC,Công ty Cổ phần Đầu tư Phát triển Nhà và Đô thị IDICO,CT,2,7500,"Điện, nước & xăng dầu khí đốt"
UIC,Công ty Cổ phần Đầu tư Phát triển Nhà và Đô thị IDICO,CT,3,7530,Sản xuất & Phân phối Điện
UIC,Công ty Cổ phần Đầu tư Phát triển Nhà và Đô thị IDICO,CT,4,7535,Sản xuất & Phân phối Điện
ULG,Công ty Cổ Phần Logistics U&I,CT,1,2000,Công nghiệp
ULG,Công ty Cổ Phần Logistics U&I,CT,2,2700,Hàng & Dịch vụ Công nghiệp
ULG,Công ty Cổ Phần Logistics U&I,CT,3,2770,Vận tải
ULG,Công ty Cổ Phần Logistics U&I,CT,4,2777,"Kho bãi, hậu cần và bảo dưỡng"
UMC,Công ty Cổ phần Công trình đô thị Nam Định,CT,1,2000,Công nghiệp
UMC,Công ty Cổ phần Công trình đô thị Nam Định,CT,2,2300,Xây dựng và Vật liệu
UMC,Công ty Cổ phần Công trình đô thị Nam Định,CT,3,2350,Xây dựng và Vật liệu
UMC,Công ty Cổ phần Công trình đô thị Nam Định,CT,4,2357,Xây dựng
UNI,Công ty Cổ phần Đầu tư và Phát triển Sao Mai Việt,CT,1,9000,Công nghệ Thông tin
UNI,Công ty Cổ phần Đầu tư và Phát triển Sao Mai Việt,CT,2,9500,Công nghệ Thông tin
UNI,Công ty Cổ phần Đầu tư và Phát triển Sao Mai Việt,CT,3,9530,Phần mềm & Dịch vụ Máy tính
UNI,Công ty Cổ phần Đầu tư và Phát triển Sao Mai Việt,CT,4,9533,Dịch vụ Máy tính
UNM,Công ty Cổ phần Liên hiệp Xuất nhập khẩu và Đầu tư Hà Nội,CT,1,5000,Dịch vụ Tiêu dùng
UNM,Công ty Cổ phần Liên hiệp Xuất nhập khẩu và Đầu tư Hà Nội,CT,2,5300,Bán lẻ
UNM,Công ty Cổ phần Liên hiệp Xuất nhập khẩu và Đầu tư Hà Nội,CT,3,5370,Bán lẻ
UNM,Công ty Cổ phần Liên hiệp Xuất nhập khẩu và Đầu tư Hà Nội,CT,4,5373,Bán lẻ phức hợp
UPC,Công ty Cổ phần Phát triển Công viên Cây xanh và Đô thị Vũng Tàu,CT,1,7000,Tiện ích Cộng đồng
UPC,Công ty Cổ phần Phát triển Công viên Cây xanh và Đô thị Vũng Tàu,CT,2,7500,"Điện, nước & xăng dầu khí đốt"
UPC,Công ty Cổ phần Phát triển Công viên Cây xanh và Đô thị Vũng Tàu,CT,3,7570,Nước & Khí đốt
UPC,Công ty Cổ phần Phát triển Công viên Cây xanh và Đô thị Vũng Tàu,CT,4,7575,Tiện ích khác
UPH,Công ty Cổ phần Dược phẩm TW25,CT,1,4000,Dược phẩm và Y tế
UPH,Công ty Cổ phần Dược phẩm TW25,CT,2,4500,Y tế
UPH,Công ty Cổ phần Dược phẩm TW25,CT,3,4570,Dược phẩm
UPH,Công ty Cổ phần Dược phẩm TW25,CT,4,4577,Dược phẩm
UPS,Công ty Cổ phần Chứng khoán UP,CK,1,8000,Tài chính
UPS,Công ty Cổ phần Chứng khoán UP,CK,2,8700,Dịch vụ tài chính
UPS,Công ty Cổ phần Chứng khoán UP,CK,3,8770,Dịch vụ tài chính
UPS,Công ty Cổ phần Chứng khoán UP,CK,4,8777,Môi giới chứng khoán
USC,Công ty Cổ phần Khảo sát và Xây dựng - USCO,CT,1,2000,Công nghiệp
USC,Công ty Cổ phần Khảo sát và Xây dựng - USCO,CT,2,2300,Xây dựng và Vật liệu
USC,Công ty Cổ phần Khảo sát và Xây dựng - USCO,CT,3,2350,Xây dựng và Vật liệu
USC,Công ty Cổ phần Khảo sát và Xây dựng - USCO,CT,4,2357,Xây dựng
USD,Công ty Cổ phần Công trình Đô thị Sóc Trăng,CT,1,2000,Công nghiệp
USD,Công ty Cổ phần Công trình Đô thị Sóc Trăng,CT,2,2700,Hàng & Dịch vụ Công nghiệp
USD,Công ty Cổ phần Công trình Đô thị Sóc Trăng,CT,3,2790,Tư vấn & Hỗ trợ Kinh doanh
USD,Công ty Cổ phần Công trình Đô thị Sóc Trăng,CT,4,2799,Chất thải & Môi trường
USIF,Quỹ Đầu tư Trái phiếu United Thu nhập ổn định,QU,1,8000,Tài chính
USIF,Quỹ Đầu tư Trái phiếu United Thu nhập ổn định,QU,2,8700,Dịch vụ tài chính
USIF,Quỹ Đầu tư Trái phiếu United Thu nhập ổn định,QU,3,8980,Quỹ đầu tư
USIF,Quỹ Đầu tư Trái phiếu United Thu nhập ổn định,QU,4,8985,Quỹ đầu tư
UTT,Công ty Cổ phần Môi trường Nam Thành,CT,1,2000,Công nghiệp
UTT,Công ty Cổ phần Môi trường Nam Thành,CT,2,2700,Hàng & Dịch vụ Công nghiệp
UTT,Công ty Cổ phần Môi trường Nam Thành,CT,3,2790,Tư vấn & Hỗ trợ Kinh doanh
UTT,Công ty Cổ phần Môi trường Nam Thành,CT,4,2799,Chất thải & Môi trường
UVEF,Quỹ Đầu tư Cổ phiếu United Việt Nam,QU,1,8000,Tài chính
UVEF,Quỹ Đầu tư Cổ phiếu United Việt Nam,QU,2,8700,Dịch vụ tài chính
UVEF,Quỹ Đầu tư Cổ phiếu United Việt Nam,QU,3,8980,Quỹ đầu tư
UVEF,Quỹ Đầu tư Cổ phiếu United Việt Nam,QU,4,8985,Quỹ đầu tư
UXC,Công ty Cổ phần Chế biến Thủy sản Út Xi,CT,1,3000,Hàng Tiêu dùng
UXC,Công ty Cổ phần Chế biến Thủy sản Út Xi,CT,2,3500,Thực phẩm và đồ uống
UXC,Công ty Cổ phần Chế biến Thủy sản Út Xi,CT,3,3570,Sản xuất thực phẩm
UXC,Công ty Cổ phần Chế biến Thủy sản Út Xi,CT,4,3573,Nuôi trồng nông & hải sản
V11,Công ty Cổ phần Xây dựng số 11,CT,1,8000,Tài chính
V11,Công ty Cổ phần Xây dựng số 11,CT,2,8600,Bất động sản
V11,Công ty Cổ phần Xây dựng số 11,CT,3,8630,Bất động sản
V11,Công ty Cổ phần Xây dựng số 11,CT,4,8633,Bất động sản
V12,Công ty Cổ phần Xây dựng số 12,CT,1,2000,Công nghiệp
V12,Công ty Cổ phần Xây dựng số 12,CT,2,2300,Xây dựng và Vật liệu
V12,Công ty Cổ phần Xây dựng số 12,CT,3,2350,Xây dựng và Vật liệu
V12,Công ty Cổ phần Xây dựng số 12,CT,4,2357,Xây dựng
V15,Công ty Cổ phần Xây dựng số 15,CT,1,2000,Công nghiệp
V15,Công ty Cổ phần Xây dựng số 15,CT,2,2300,Xây dựng và Vật liệu
V15,Công ty Cổ phần Xây dựng số 15,CT,3,2350,Xây dựng và Vật liệu
V15,Công ty Cổ phần Xây dựng số 15,CT,4,2357,Xây dựng
V21,Công ty Cổ phần Vinaconex 21,CT,1,8000,Tài chính
V21,Công ty Cổ phần Vinaconex 21,CT,2,8600,Bất động sản
V21,Công ty Cổ phần Vinaconex 21,CT,3,8630,Bất động sản
V21,Công ty Cổ phần Vinaconex 21,CT,4,8633,Bất động sản
V45,Công ty Cổ phần Đầu tư và Xây dựng số 45,CT,1,2000,Công nghiệp
V45,Công ty Cổ phần Đầu tư và Xây dựng số 45,CT,2,2300,Xây dựng và Vật liệu
V45,Công ty Cổ phần Đầu tư và Xây dựng số 45,CT,3,2350,Xây dựng và Vật liệu
V45,Công ty Cổ phần Đầu tư và Xây dựng số 45,CT,4,2353,Vật liệu xây dựng & Nội thất
V68,Công ty Cổ phần Đầu tư Sản xuất và Thương mại Tuấn Anh,CT,1,1000,Nguyên vật liệu
V68,Công ty Cổ phần Đầu tư Sản xuất và Thương mại Tuấn Anh,CT,2,1300,Hóa chất
V68,Công ty Cổ phần Đầu tư Sản xuất và Thương mại Tuấn Anh,CT,3,1350,Hóa chất
V68,Công ty Cổ phần Đầu tư Sản xuất và Thương mại Tuấn Anh,CT,4,1353,"Nhựa, cao su & sợi"
VAB,Ngân hàng Thương mại Cổ phần Việt Á,NH,1,8301,Ngân hàng
VAB,Ngân hàng Thương mại Cổ phần Việt Á,NH,2,8300,Ngân hàng
VAB,Ngân hàng Thương mại Cổ phần Việt Á,NH,3,8350,Ngân hàng
VAB,Ngân hàng Thương mại Cổ phần Việt Á,NH,4,8355,Ngân hàng
VAF,Công ty Cổ phần Phân lân nung chảy Văn Điển,CT,1,1000,Nguyên vật liệu
VAF,Công ty Cổ phần Phân lân nung chảy Văn Điển,CT,2,1300,Hóa chất
VAF,Công ty Cổ phần Phân lân nung chảy Văn Điển,CT,3,1350,Hóa chất
VAF,Công ty Cổ phần Phân lân nung chảy Văn Điển,CT,4,1357,"Sản phẩm hóa dầu, Nông dược & Hóa chất khác"
VAT,Công ty Cổ phần VT Vạn Xuân,CT,1,9000,Công nghệ Thông tin
VAT,Công ty Cổ phần VT Vạn Xuân,CT,2,9500,Công nghệ Thông tin
VAT,Công ty Cổ phần VT Vạn Xuân,CT,3,9570,Thiết bị và Phần cứng
VAT,Công ty Cổ phần VT Vạn Xuân,CT,4,9578,Thiết bị viễn thông
VAV,Công ty Cổ phần VIWACO,CT,1,7000,Tiện ích Cộng đồng
VAV,Công ty Cổ phần VIWACO,CT,2,7500,"Điện, nước & xăng dầu khí đốt"
VAV,Công ty Cổ phần VIWACO,CT,3,7570,Nước & Khí đốt
VAV,Công ty Cổ phần VIWACO,CT,4,7577,Nước
VBB,Ngân hàng Thương mại Cổ phần Việt Nam Thương Tín,NH,1,8301,Ngân hàng
VBB,Ngân hàng Thương mại Cổ phần Việt Nam Thương Tín,NH,2,8300,Ngân hàng
VBB,Ngân hàng Thương mại Cổ phần Việt Nam Thương Tín,NH,3,8350,Ngân hàng
VBB,Ngân hàng Thương mại Cổ phần Việt Nam Thương Tín,NH,4,8355,Ngân hàng
VBC,"Công ty Cổ phần Nhựa, Bao bì Vinh",CT,1,2000,Công nghiệp
VBC,"Công ty Cổ phần Nhựa, Bao bì Vinh",CT,2,2700,Hàng & Dịch vụ Công nghiệp
VBC,"Công ty Cổ phần Nhựa, Bao bì Vinh",CT,3,2720,Hàng công nghiệp
VBC,"Công ty Cổ phần Nhựa, Bao bì Vinh",CT,4,2723,Containers & Đóng gói
VBG,Công ty Cổ phần Địa chất Việt Bắc - TKV,CT,1,1000,Nguyên vật liệu
VBG,Công ty Cổ phần Địa chất Việt Bắc - TKV,CT,2,1700,Tài nguyên Cơ bản
VBG,Công ty Cổ phần Địa chất Việt Bắc - TKV,CT,3,1770,Khai khoáng
VBG,Công ty Cổ phần Địa chất Việt Bắc - TKV,CT,4,1775,Khai khoáng
VBH,Công ty Cổ phần Điện tử Bình Hòa,CT,1,2000,Công nghiệp
VBH,Công ty Cổ phần Điện tử Bình Hòa,CT,2,2700,Hàng & Dịch vụ Công nghiệp
VBH,Công ty Cổ phần Điện tử Bình Hòa,CT,3,2730,Điện tử & Thiết bị điện
VBH,Công ty Cổ phần Điện tử Bình Hòa,CT,4,2733,Hàng điện & điện tử
VBIF,Quỹ Đầu tư Cân bằng VietinBank,QU,1,8000,Tài chính
VBIF,Quỹ Đầu tư Cân bằng VietinBank,QU,2,8700,Dịch vụ tài chính
VBIF,Quỹ Đầu tư Cân bằng VietinBank,QU,3,8980,Quỹ đầu tư
VBIF,Quỹ Đầu tư Cân bằng VietinBank,QU,4,8985,Quỹ đầu tư
VBT,Công ty Cổ phần Vận tải Bảo Thắng,CT,1,2000,Công nghiệp
VBT,Công ty Cổ phần Vận tải Bảo Thắng,CT,2,2700,Hàng & Dịch vụ Công nghiệp
VBT,Công ty Cổ phần Vận tải Bảo Thắng,CT,3,2770,Vận tải
VBT,Công ty Cổ phần Vận tải Bảo Thắng,CT,4,2779,Dịch vụ vận tải
VC1,Công ty Cổ phần Xây dựng số 1,CT,1,2000,Công nghiệp
VC1,Công ty Cổ phần Xây dựng số 1,CT,2,2300,Xây dựng và Vật liệu
VC1,Công ty Cổ phần Xây dựng số 1,CT,3,2350,Xây dựng và Vật liệu
VC1,Công ty Cổ phần Xây dựng số 1,CT,4,2357,Xây dựng
VC2,Công ty Cổ phần Đầu tư và Xây dựng VINA2,CT,1,2000,Công nghiệp
VC2,Công ty Cổ phần Đầu tư và Xây dựng VINA2,CT,2,2300,Xây dựng và Vật liệu
VC2,Công ty Cổ phần Đầu tư và Xây dựng VINA2,CT,3,2350,Xây dựng và Vật liệu
VC2,Công ty Cổ phần Đầu tư và Xây dựng VINA2,CT,4,2357,Xây dựng
VC3,Công ty Cổ phần Tập đoàn Nam Mê Kông,CT,1,8000,Tài chính
VC3,Công ty Cổ phần Tập đoàn Nam Mê Kông,CT,2,8600,Bất động sản
VC3,Công ty Cổ phần Tập đoàn Nam Mê Kông,CT,3,8630,Bất động sản
VC3,Công ty Cổ phần Tập đoàn Nam Mê Kông,CT,4,8637,"Tư Vấn, Định giá, Môi giới Bất động sản"
VC5,Công ty Cổ phần Xây dựng Số 5,CT,1,2000,Công nghiệp
VC5,Công ty Cổ phần Xây dựng Số 5,CT,2,2300,Xây dựng và Vật liệu
VC5,Công ty Cổ phần Xây dựng Số 5,CT,3,2350,Xây dựng và Vật liệu
VC5,Công ty Cổ phần Xây dựng Số 5,CT,4,2357,Xây dựng
VC6,Công ty cổ phần Xây dựng và Đầu tư Visicons,CT,1,2000,Công nghiệp
VC6,Công ty cổ phần Xây dựng và Đầu tư Visicons,CT,2,2300,Xây dựng và Vật liệu
VC6,Công ty cổ phần Xây dựng và Đầu tư Visicons,CT,3,2350,Xây dựng và Vật liệu
VC6,Công ty cổ phần Xây dựng và Đầu tư Visicons,CT,4,2357,Xây dựng
VC7,Công ty Cổ phần Tập đoàn BGI,CT,1,2000,Công nghiệp
VC7,Công ty Cổ phần Tập đoàn BGI,CT,2,2300,Xây dựng và Vật liệu
VC7,Công ty Cổ phần Tập đoàn BGI,CT,3,2350,Xây dựng và Vật liệu
VC7,Công ty Cổ phần Tập đoàn BGI,CT,4,2357,Xây dựng
VC9,Công ty Cổ phần Xây dựng số 9 - VC9,CT,1,2000,Công nghiệp
VC9,Công ty Cổ phần Xây dựng số 9 - VC9,CT,2,2300,Xây dựng và Vật liệu
VC9,Công ty Cổ phần Xây dựng số 9 - VC9,CT,3,2350,Xây dựng và Vật liệu
VC9,Công ty Cổ phần Xây dựng số 9 - VC9,CT,4,2357,Xây dựng
VCA,Công ty Cổ phần Thép VICASA,CT,1,1000,Nguyên vật liệu
VCA,Công ty Cổ phần Thép VICASA,CT,2,1700,Tài nguyên Cơ bản
VCA,Công ty Cổ phần Thép VICASA,CT,3,1750,Kim loại
VCA,Công ty Cổ phần Thép VICASA,CT,4,1757,Thép và sản phẩm thép
VCB,Ngân hàng Thương mại Cổ phần Ngoại thương Việt Nam,NH,1,8301,Ngân hàng
VCB,Ngân hàng Thương mại Cổ phần Ngoại thương Việt Nam,NH,2,8300,Ngân hàng
VCB,Ngân hàng Thương mại Cổ phần Ngoại thương Việt Nam,NH,3,8350,Ngân hàng
VCB,Ngân hàng Thương mại Cổ phần Ngoại thương Việt Nam,NH,4,8355,Ngân hàng
VCBF-FIF,Quỹ Đầu tư Trái phiếu VCBF,QU,1,8000,Tài chính
VCBF-FIF,Quỹ Đầu tư Trái phiếu VCBF,QU,2,8700,Dịch vụ tài chính
VCBF-FIF,Quỹ Đầu tư Trái phiếu VCBF,QU,3,8980,Quỹ đầu tư
VCBF-FIF,Quỹ Đầu tư Trái phiếu VCBF,QU,4,8985,Quỹ đầu tư
VCC,Công ty Cổ phần Vinaconex 25,CT,1,2000,Công nghiệp
VCC,Công ty Cổ phần Vinaconex 25,CT,2,2300,Xây dựng và Vật liệu
VCC,Công ty Cổ phần Vinaconex 25,CT,3,2350,Xây dựng và Vật liệu
VCC,Công ty Cổ phần Vinaconex 25,CT,4,2357,Xây dựng
VCE,Công ty Cổ phần Xây lắp Môi trường,CT,1,2000,Công nghiệp
VCE,Công ty Cổ phần Xây lắp Môi trường,CT,2,2300,Xây dựng và Vật liệu
VCE,Công ty Cổ phần Xây lắp Môi trường,CT,3,2350,Xây dựng và Vật liệu
VCE,Công ty Cổ phần Xây lắp Môi trường,CT,4,2357,Xây dựng
VCF,Công ty Cổ phần VinaCafé Biên Hòa,CT,1,3000,Hàng Tiêu dùng
VCF,Công ty Cổ phần VinaCafé Biên Hòa,CT,2,3500,Thực phẩm và đồ uống
VCF,Công ty Cổ phần VinaCafé Biên Hòa,CT,3,3530,Bia và đồ uống
VCF,Công ty Cổ phần VinaCafé Biên Hòa,CT,4,3537,Đồ uống & giải khát
VCG,Tổng Công ty Cổ phần Xuất nhập khẩu và Xây dựng Việt Nam,CT,1,2000,Công nghiệp
VCG,Tổng Công ty Cổ phần Xuất nhập khẩu và Xây dựng Việt Nam,CT,2,2300,Xây dựng và Vật liệu
VCG,Tổng Công ty Cổ phần Xuất nhập khẩu và Xây dựng Việt Nam,CT,3,2350,Xây dựng và Vật liệu
VCG,Tổng Công ty Cổ phần Xuất nhập khẩu và Xây dựng Việt Nam,CT,4,2357,Xây dựng
VCH,Công ty Cổ phần Đầu tư Xây dựng và Phát triển Hạ tầng Vinaconex,CT,1,2000,Công nghiệp
VCH,Công ty Cổ phần Đầu tư Xây dựng và Phát triển Hạ tầng Vinaconex,CT,2,2300,Xây dựng và Vật liệu
VCH,Công ty Cổ phần Đầu tư Xây dựng và Phát triển Hạ tầng Vinaconex,CT,3,2350,Xây dựng và Vật liệu
VCH,Công ty Cổ phần Đầu tư Xây dựng và Phát triển Hạ tầng Vinaconex,CT,4,2357,Xây dựng
VCI,Công ty Cổ phần Chứng khoán Vietcap,CK,1,8000,Tài chính
VCI,Công ty Cổ phần Chứng khoán Vietcap,CK,2,8700,Dịch vụ tài chính
VCI,Công ty Cổ phần Chứng khoán Vietcap,CK,3,8770,Dịch vụ tài chính
VCI,Công ty Cổ phần Chứng khoán Vietcap,CK,4,8777,Môi giới chứng khoán
VCK,Công ty Cổ phần Chứng Khoán VPS,CK,1,8000,Tài chính
VCK,Công ty Cổ phần Chứng Khoán VPS,CK,2,8700,Dịch vụ tài chính
VCK,Công ty Cổ phần Chứng Khoán VPS,CK,3,8770,Dịch vụ tài chính
VCK,Công ty Cổ phần Chứng Khoán VPS,CK,4,8777,Môi giới chứng khoán
VCM,Công ty Cổ phần BV Life,CT,1,2000,Công nghiệp
VCM,Công ty Cổ phần BV Life,CT,2,2700,Hàng & Dịch vụ Công nghiệp
VCM,Công ty Cổ phần BV Life,CT,3,2750,Công nghiệp nặng
VCM,Công ty Cổ phần BV Life,CT,4,2757,Máy công nghiệp
VCP,Công ty Cổ phần Xây dựng và Năng lượng VCP,CT,1,7000,Tiện ích Cộng đồng
VCP,Công ty Cổ phần Xây dựng và Năng lượng VCP,CT,2,7500,"Điện, nước & xăng dầu khí đốt"
VCP,Công ty Cổ phần Xây dựng và Năng lượng VCP,CT,3,7530,Sản xuất & Phân phối Điện
VCP,Công ty Cổ phần Xây dựng và Năng lượng VCP,CT,4,7535,Sản xuất & Phân phối Điện
VCR,Công ty Cổ phần Đầu tư và Phát triển Du lịch ITC,CT,1,8000,Tài chính
VCR,Công ty Cổ phần Đầu tư và Phát triển Du lịch ITC,CT,2,8600,Bất động sản
VCR,Công ty Cổ phần Đầu tư và Phát triển Du lịch ITC,CT,3,8630,Bất động sản
VCR,Công ty Cổ phần Đầu tư và Phát triển Du lịch ITC,CT,4,8633,Bất động sản
VCS,Công ty Cổ phần VICOSTONE,CT,1,2000,Công nghiệp
VCS,Công ty Cổ phần VICOSTONE,CT,2,2300,Xây dựng và Vật liệu
VCS,Công ty Cổ phần VICOSTONE,CT,3,2350,Xây dựng và Vật liệu
VCS,Công ty Cổ phần VICOSTONE,CT,4,2353,Vật liệu xây dựng & Nội thất
VCT,Công ty Cổ phần Tư vấn Xây dựng Vinaconex,CT,1,2000,Công nghiệp
VCT,Công ty Cổ phần Tư vấn Xây dựng Vinaconex,CT,2,2700,Hàng & Dịch vụ Công nghiệp
VCT,Công ty Cổ phần Tư vấn Xây dựng Vinaconex,CT,3,2790,Tư vấn & Hỗ trợ Kinh doanh
VCT,Công ty Cổ phần Tư vấn Xây dựng Vinaconex,CT,4,2791,Tư vấn & Hỗ trợ KD
VCW,Công ty Cổ phần Đầu tư Nước sạch Sông Đà,CT,1,7000,Tiện ích Cộng đồng
VCW,Công ty Cổ phần Đầu tư Nước sạch Sông Đà,CT,2,7500,"Điện, nước & xăng dầu khí đốt"
VCW,Công ty Cổ phần Đầu tư Nước sạch Sông Đà,CT,3,7570,Nước & Khí đốt
VCW,Công ty Cổ phần Đầu tư Nước sạch Sông Đà,CT,4,7577,Nước
VCX,Công ty Cổ phần Xi măng Yên Bình,CT,1,2000,Công nghiệp
VCX,Công ty Cổ phần Xi măng Yên Bình,CT,2,2300,Xây dựng và Vật liệu
VCX,Công ty Cổ phần Xi măng Yên Bình,CT,3,2350,Xây dựng và Vật liệu
VCX,Công ty Cổ phần Xi măng Yên Bình,CT,4,2353,Vật liệu xây dựng & Nội thất
VDB,Công ty Cổ phần Vận tải và Chế biến Than Đông Bắc,CT,1,1000,Nguyên vật liệu
VDB,Công ty Cổ phần Vận tải và Chế biến Than Đông Bắc,CT,2,1700,Tài nguyên Cơ bản
VDB,Công ty Cổ phần Vận tải và Chế biến Than Đông Bắc,CT,3,1770,Khai khoáng
VDB,Công ty Cổ phần Vận tải và Chế biến Than Đông Bắc,CT,4,1771,Khai thác Than
VDG,Công ty Cổ phần Vạn Đạt Group,CT,1,3000,Hàng Tiêu dùng
VDG,Công ty Cổ phần Vạn Đạt Group,CT,2,3700,Hàng cá nhân & Gia dụng
VDG,Công ty Cổ phần Vạn Đạt Group,CT,3,3760,Hàng cá nhân
VDG,Công ty Cổ phần Vạn Đạt Group,CT,4,3763,Hàng May mặc
VDL,Công ty Cổ phần Thực phẩm Lâm Đồng,CT,1,3000,Hàng Tiêu dùng
VDL,Công ty Cổ phần Thực phẩm Lâm Đồng,CT,2,3500,Thực phẩm và đồ uống
VDL,Công ty Cổ phần Thực phẩm Lâm Đồng,CT,3,3530,Bia và đồ uống
VDL,Công ty Cổ phần Thực phẩm Lâm Đồng,CT,4,3535,Vang & Rượu mạnh
VDM,Công ty Cổ phần - Viện Nghiên cứu Dệt may,CT,1,3000,Hàng Tiêu dùng
VDM,Công ty Cổ phần - Viện Nghiên cứu Dệt may,CT,2,3700,Hàng cá nhân & Gia dụng
VDM,Công ty Cổ phần - Viện Nghiên cứu Dệt may,CT,3,3760,Hàng cá nhân
VDM,Công ty Cổ phần - Viện Nghiên cứu Dệt may,CT,4,3763,Hàng May mặc
VDN,Công ty Cổ phần Vinatex Đà Nẵng,CT,1,3000,Hàng Tiêu dùng
VDN,Công ty Cổ phần Vinatex Đà Nẵng,CT,2,3700,Hàng cá nhân & Gia dụng
VDN,Công ty Cổ phần Vinatex Đà Nẵng,CT,3,3760,Hàng cá nhân
VDN,Công ty Cổ phần Vinatex Đà Nẵng,CT,4,3763,Hàng May mặc
VDP,Công ty Cổ phần Dược phẩm Trung ương VIDIPHA,CT,1,4000,Dược phẩm và Y tế
VDP,Công ty Cổ phần Dược phẩm Trung ương VIDIPHA,CT,2,4500,Y tế
VDP,Công ty Cổ phần Dược phẩm Trung ương VIDIPHA,CT,3,4570,Dược phẩm
VDP,Công ty Cổ phần Dược phẩm Trung ương VIDIPHA,CT,4,4577,Dược phẩm
VDS,Công ty Cổ phần Chứng khoán Rồng Việt,CK,1,8000,Tài chính
VDS,Công ty Cổ phần Chứng khoán Rồng Việt,CK,2,8700,Dịch vụ tài chính
VDS,Công ty Cổ phần Chứng khoán Rồng Việt,CK,3,8770,Dịch vụ tài chính
VDS,Công ty Cổ phần Chứng khoán Rồng Việt,CK,4,8777,Môi giới chứng khoán
VDT,Công ty Cổ phần Lưới thép Bình Tây,CT,1,1000,Nguyên vật liệu
VDT,Công ty Cổ phần Lưới thép Bình Tây,CT,2,1700,Tài nguyên Cơ bản
VDT,Công ty Cổ phần Lưới thép Bình Tây,CT,3,1750,Kim loại
VDT,Công ty Cổ phần Lưới thép Bình Tây,CT,4,1757,Thép và sản phẩm thép
VE1,Công ty Cổ phần Xây dựng điện VNECO 1,CT,1,2000,Công nghiệp
VE1,Công ty Cổ phần Xây dựng điện VNECO 1,CT,2,2300,Xây dựng và Vật liệu
VE1,Công ty Cổ phần Xây dựng điện VNECO 1,CT,3,2350,Xây dựng và Vật liệu
VE1,Công ty Cổ phần Xây dựng điện VNECO 1,CT,4,2357,Xây dựng
VE2,Công ty Cổ phần Xây dựng Điện VNECO 2,CT,1,2000,Công nghiệp
VE2,Công ty Cổ phần Xây dựng Điện VNECO 2,CT,2,2300,Xây dựng và Vật liệu
VE2,Công ty Cổ phần Xây dựng Điện VNECO 2,CT,3,2350,Xây dựng và Vật liệu
VE2,Công ty Cổ phần Xây dựng Điện VNECO 2,CT,4,2357,Xây dựng
VE3,Công ty Cổ phần Xây dựng điện VNECO 3,CT,1,2000,Công nghiệp
VE3,Công ty Cổ phần Xây dựng điện VNECO 3,CT,2,2300,Xây dựng và Vật liệu
VE3,Công ty Cổ phần Xây dựng điện VNECO 3,CT,3,2350,Xây dựng và Vật liệu
VE3,Công ty Cổ phần Xây dựng điện VNECO 3,CT,4,2357,Xây dựng
VE4,Công ty Cổ phần Xây dựng điện VNECO4,CT,1,2000,Công nghiệp
VE4,Công ty Cổ phần Xây dựng điện VNECO4,CT,2,2300,Xây dựng và Vật liệu
VE4,Công ty Cổ phần Xây dựng điện VNECO4,CT,3,2350,Xây dựng và Vật liệu
VE4,Công ty Cổ phần Xây dựng điện VNECO4,CT,4,2357,Xây dựng
VE8,Công ty Cổ phần Xây dựng Điện Vneco 8,CT,1,2000,Công nghiệp
VE8,Công ty Cổ phần Xây dựng Điện Vneco 8,CT,2,2300,Xây dựng và Vật liệu
VE8,Công ty Cổ phần Xây dựng Điện Vneco 8,CT,3,2350,Xây dựng và Vật liệu
VE8,Công ty Cổ phần Xây dựng Điện Vneco 8,CT,4,2357,Xây dựng
VE9,Công ty Cổ phần Đầu tư và Xây dựng VNECO 9,CT,1,2000,Công nghiệp
VE9,Công ty Cổ phần Đầu tư và Xây dựng VNECO 9,CT,2,2300,Xây dựng và Vật liệu
VE9,Công ty Cổ phần Đầu tư và Xây dựng VNECO 9,CT,3,2350,Xây dựng và Vật liệu
VE9,Công ty Cổ phần Đầu tư và Xây dựng VNECO 9,CT,4,2357,Xây dựng
VEA,Tổng Công ty Máy động lực và Máy nông nghiệp Việt Nam - CTCP,CT,1,2000,Công nghiệp
VEA,Tổng Công ty Máy động lực và Máy nông nghiệp Việt Nam - CTCP,CT,2,2700,Hàng & Dịch vụ Công nghiệp
VEA,Tổng Công ty Máy động lực và Máy nông nghiệp Việt Nam - CTCP,CT,3,2750,Công nghiệp nặng
VEA,Tổng Công ty Máy động lực và Máy nông nghiệp Việt Nam - CTCP,CT,4,2757,Máy công nghiệp
VEC,Tổng Công ty Cổ phần Điện tử và Tin học Việt Nam,CT,1,9000,Công nghệ Thông tin
VEC,Tổng Công ty Cổ phần Điện tử và Tin học Việt Nam,CT,2,9500,Công nghệ Thông tin
VEC,Tổng Công ty Cổ phần Điện tử và Tin học Việt Nam,CT,3,9570,Thiết bị và Phần cứng
VEC,Tổng Công ty Cổ phần Điện tử và Tin học Việt Nam,CT,4,9572,Phần cứng
VEF,Công ty Cổ phần Trung tâm Hội chợ Triển lãm Việt Nam,CT,1,8000,Tài chính
VEF,Công ty Cổ phần Trung tâm Hội chợ Triển lãm Việt Nam,CT,2,8600,Bất động sản
VEF,Công ty Cổ phần Trung tâm Hội chợ Triển lãm Việt Nam,CT,3,8630,Bất động sản
VEF,Công ty Cổ phần Trung tâm Hội chợ Triển lãm Việt Nam,CT,4,8633,Bất động sản
VEG,"Tổng Công ty Rau quả, Nông sản - Công ty Cổ phần",CT,1,3000,Hàng Tiêu dùng
VEG,"Tổng Công ty Rau quả, Nông sản - Công ty Cổ phần",CT,2,3500,Thực phẩm và đồ uống
VEG,"Tổng Công ty Rau quả, Nông sản - Công ty Cổ phần",CT,3,3570,Sản xuất thực phẩm
VEG,"Tổng Công ty Rau quả, Nông sản - Công ty Cổ phần",CT,4,3577,Thực phẩm
VEIL,Vietnam Enterprise Investments Limited,QU,1,8000,Tài chính
VEIL,Vietnam Enterprise Investments Limited,QU,2,8700,Dịch vụ tài chính
VEIL,Vietnam Enterprise Investments Limited,QU,3,8980,Quỹ đầu tư
VEIL,Vietnam Enterprise Investments Limited,QU,4,8985,Quỹ đầu tư
VES,Công ty Cổ phần Tập đoàn VinaLiving,CT,1,8000,Tài chính
VES,Công ty Cổ phần Tập đoàn VinaLiving,CT,2,8600,Bất động sản
VES,Công ty Cổ phần Tập đoàn VinaLiving,CT,3,8630,Bất động sản
VES,Công ty Cổ phần Tập đoàn VinaLiving,CT,4,8633,Bất động sản
VET,Công ty Cổ phần Thuốc Thú y Trung ương NAVETCO,CT,1,1000,Nguyên vật liệu
VET,Công ty Cổ phần Thuốc Thú y Trung ương NAVETCO,CT,2,1300,Hóa chất
VET,Công ty Cổ phần Thuốc Thú y Trung ương NAVETCO,CT,3,1350,Hóa chất
VET,Công ty Cổ phần Thuốc Thú y Trung ương NAVETCO,CT,4,1357,"Sản phẩm hóa dầu, Nông dược & Hóa chất khác"
VFC,Công ty Cổ phần VINAFCO,CT,1,2000,Công nghiệp
VFC,Công ty Cổ phần VINAFCO,CT,2,2700,Hàng & Dịch vụ Công nghiệp
VFC,Công ty Cổ phần VINAFCO,CT,3,2770,Vận tải
VFC,Công ty Cổ phần VINAFCO,CT,4,2773,Vận tải Thủy
VFG,Công ty Cổ phần Khử trùng Việt Nam,CT,1,1000,Nguyên vật liệu
VFG,Công ty Cổ phần Khử trùng Việt Nam,CT,2,1300,Hóa chất
VFG,Công ty Cổ phần Khử trùng Việt Nam,CT,3,1350,Hóa chất
VFG,Công ty Cổ phần Khử trùng Việt Nam,CT,4,1357,"Sản phẩm hóa dầu, Nông dược & Hóa chất khác"
VFMVFA,Quỹ Đầu tư Năng động Việt Nam,QU,1,8000,Tài chính
VFMVFA,Quỹ Đầu tư Năng động Việt Nam,QU,2,8700,Dịch vụ tài chính
VFMVFA,Quỹ Đầu tư Năng động Việt Nam,QU,3,8980,Quỹ đầu tư
VFMVFA,Quỹ Đầu tư Năng động Việt Nam,QU,4,8985,Quỹ đầu tư
VFR,Công ty Cổ phần Vận tải và Thuê tàu,CT,1,2000,Công nghiệp
VFR,Công ty Cổ phần Vận tải và Thuê tàu,CT,2,2700,Hàng & Dịch vụ Công nghiệp
VFR,Công ty Cổ phần Vận tải và Thuê tàu,CT,3,2770,Vận tải
VFR,Công ty Cổ phần Vận tải và Thuê tàu,CT,4,2773,Vận tải Thủy
VFS,Công ty Cổ phần Chứng khoán Nhất Việt,CK,1,8000,Tài chính
VFS,Công ty Cổ phần Chứng khoán Nhất Việt,CK,2,8700,Dịch vụ tài chính
VFS,Công ty Cổ phần Chứng khoán Nhất Việt,CK,3,8770,Dịch vụ tài chính
VFS,Công ty Cổ phần Chứng khoán Nhất Việt,CK,4,8777,Môi giới chứng khoán
VGC,Tổng Công ty Viglacera - Công ty Cổ phần,CT,1,2000,Công nghiệp
VGC,Tổng Công ty Viglacera - Công ty Cổ phần,CT,2,2300,Xây dựng và Vật liệu
VGC,Tổng Công ty Viglacera - Công ty Cổ phần,CT,3,2350,Xây dựng và Vật liệu
VGC,Tổng Công ty Viglacera - Công ty Cổ phần,CT,4,2353,Vật liệu xây dựng & Nội thất
VGG,Tổng Công Ty Cổ phần May Việt Tiến,CT,1,3000,Hàng Tiêu dùng
VGG,Tổng Công Ty Cổ phần May Việt Tiến,CT,2,3700,Hàng cá nhân & Gia dụng
VGG,Tổng Công Ty Cổ phần May Việt Tiến,CT,3,3760,Hàng cá nhân
VGG,Tổng Công Ty Cổ phần May Việt Tiến,CT,4,3763,Hàng May mặc
VGI,Tổng Công ty Cổ phần Đầu tư Quốc tế Viettel,CT,1,6000,Viễn thông
VGI,Tổng Công ty Cổ phần Đầu tư Quốc tế Viettel,CT,2,6500,Viễn thông
VGI,Tổng Công ty Cổ phần Đầu tư Quốc tế Viettel,CT,3,6570,Viễn thông di động
VGI,Tổng Công ty Cổ phần Đầu tư Quốc tế Viettel,CT,4,6575,Viễn thông di động
VGL,Công ty Cổ phần Mạ kẽm công nghiệp Vingal-Vnsteel,CT,1,1000,Nguyên vật liệu
VGL,Công ty Cổ phần Mạ kẽm công nghiệp Vingal-Vnsteel,CT,2,1700,Tài nguyên Cơ bản
VGL,Công ty Cổ phần Mạ kẽm công nghiệp Vingal-Vnsteel,CT,3,1750,Kim loại
VGL,Công ty Cổ phần Mạ kẽm công nghiệp Vingal-Vnsteel,CT,4,1757,Thép và sản phẩm thép
VGP,Công ty Cổ phần Cảng Rau Quả,CT,1,2000,Công nghiệp
VGP,Công ty Cổ phần Cảng Rau Quả,CT,2,2700,Hàng & Dịch vụ Công nghiệp
VGP,Công ty Cổ phần Cảng Rau Quả,CT,3,2770,Vận tải
VGP,Công ty Cổ phần Cảng Rau Quả,CT,4,2777,"Kho bãi, hậu cần và bảo dưỡng"
VGR,Công ty Cổ phần Cảng xanh VIP,CT,1,2000,Công nghiệp
VGR,Công ty Cổ phần Cảng xanh VIP,CT,2,2700,Hàng & Dịch vụ Công nghiệp
VGR,Công ty Cổ phần Cảng xanh VIP,CT,3,2770,Vận tải
VGR,Công ty Cổ phần Cảng xanh VIP,CT,4,2777,"Kho bãi, hậu cần và bảo dưỡng"
VGS,Công ty Cổ phần Ống thép Việt - Đức VG PIPE,CT,1,1000,Nguyên vật liệu
VGS,Công ty Cổ phần Ống thép Việt - Đức VG PIPE,CT,2,1700,Tài nguyên Cơ bản
VGS,Công ty Cổ phần Ống thép Việt - Đức VG PIPE,CT,3,1750,Kim loại
VGS,Công ty Cổ phần Ống thép Việt - Đức VG PIPE,CT,4,1757,Thép và sản phẩm thép
VGT,Tập đoàn Dệt May Việt Nam,CT,1,3000,Hàng Tiêu dùng
VGT,Tập đoàn Dệt May Việt Nam,CT,2,3700,Hàng cá nhân & Gia dụng
VGT,Tập đoàn Dệt May Việt Nam,CT,3,3760,Hàng cá nhân
VGT,Tập đoàn Dệt May Việt Nam,CT,4,3763,Hàng May mặc
VGV,Tổng Công ty Tư vấn Xây dựng Việt Nam - CTCP,CT,1,8000,Tài chính
VGV,Tổng Công ty Tư vấn Xây dựng Việt Nam - CTCP,CT,2,8600,Bất động sản
VGV,Tổng Công ty Tư vấn Xây dựng Việt Nam - CTCP,CT,3,8630,Bất động sản
VGV,Tổng Công ty Tư vấn Xây dựng Việt Nam - CTCP,CT,4,8633,Bất động sản
VHC,Công ty Cổ phần Vĩnh Hoàn,CT,1,3000,Hàng Tiêu dùng
VHC,Công ty Cổ phần Vĩnh Hoàn,CT,2,3500,Thực phẩm và đồ uống
VHC,Công ty Cổ phần Vĩnh Hoàn,CT,3,3570,Sản xuất thực phẩm
VHC,Công ty Cổ phần Vĩnh Hoàn,CT,4,3573,Nuôi trồng nông & hải sản
VHD,Công ty Cổ phần Đầu tư phát triển nhà và đô thị VINAHUD,CT,1,8000,Tài chính
VHD,Công ty Cổ phần Đầu tư phát triển nhà và đô thị VINAHUD,CT,2,8600,Bất động sản
VHD,Công ty Cổ phần Đầu tư phát triển nhà và đô thị VINAHUD,CT,3,8630,Bất động sản
VHD,Công ty Cổ phần Đầu tư phát triển nhà và đô thị VINAHUD,CT,4,8633,Bất động sản
VHE,Công ty Cổ phần Dược liệu và Thực phẩm Việt Nam,CT,1,4000,Dược phẩm và Y tế
VHE,Công ty Cổ phần Dược liệu và Thực phẩm Việt Nam,CT,2,4500,Y tế
VHE,Công ty Cổ phần Dược liệu và Thực phẩm Việt Nam,CT,3,4570,Dược phẩm
VHE,Công ty Cổ phần Dược liệu và Thực phẩm Việt Nam,CT,4,4577,Dược phẩm
VHF,Công ty Cổ phần Xây dựng và Chế biến lương thực Vĩnh Hà,CT,1,3000,Hàng Tiêu dùng
VHF,Công ty Cổ phần Xây dựng và Chế biến lương thực Vĩnh Hà,CT,2,3500,Thực phẩm và đồ uống
VHF,Công ty Cổ phần Xây dựng và Chế biến lương thực Vĩnh Hà,CT,3,3570,Sản xuất thực phẩm
VHF,Công ty Cổ phần Xây dựng và Chế biến lương thực Vĩnh Hà,CT,4,3577,Thực phẩm
VHG,Công ty Cổ phần Đầu tư và Phát triển Việt Trung Nam,CT,1,2000,Công nghiệp
VHG,Công ty Cổ phần Đầu tư và Phát triển Việt Trung Nam,CT,2,2700,Hàng & Dịch vụ Công nghiệp
VHG,Công ty Cổ phần Đầu tư và Phát triển Việt Trung Nam,CT,3,2720,Hàng công nghiệp
VHG,Công ty Cổ phần Đầu tư và Phát triển Việt Trung Nam,CT,4,2727,Công nghiệp phức hợp
VHH,Công ty Cổ phần Đầu tư Kinh doanh nhà Thành Đạt,CT,1,2000,Công nghiệp
VHH,Công ty Cổ phần Đầu tư Kinh doanh nhà Thành Đạt,CT,2,2300,Xây dựng và Vật liệu
VHH,Công ty Cổ phần Đầu tư Kinh doanh nhà Thành Đạt,CT,3,2350,Xây dựng và Vật liệu
VHH,Công ty Cổ phần Đầu tư Kinh doanh nhà Thành Đạt,CT,4,2353,Vật liệu xây dựng & Nội thất
VHI,Công ty Cổ phần Kinh Doanh Và Đầu Tư Việt Hà,CT,1,3000,Hàng Tiêu dùng
VHI,Công ty Cổ phần Kinh Doanh Và Đầu Tư Việt Hà,CT,2,3500,Thực phẩm và đồ uống
VHI,Công ty Cổ phần Kinh Doanh Và Đầu Tư Việt Hà,CT,3,3530,Bia và đồ uống
VHI,Công ty Cổ phần Kinh Doanh Và Đầu Tư Việt Hà,CT,4,3533,Sản xuất bia
VHL,Công ty Cổ phần Viglacera Hạ Long,CT,1,2000,Công nghiệp
VHL,Công ty Cổ phần Viglacera Hạ Long,CT,2,2300,Xây dựng và Vật liệu
VHL,Công ty Cổ phần Viglacera Hạ Long,CT,3,2350,Xây dựng và Vật liệu
VHL,Công ty Cổ phần Viglacera Hạ Long,CT,4,2353,Vật liệu xây dựng & Nội thất
VHM,Công ty Cổ phần Vinhomes,CT,1,8000,Tài chính
VHM,Công ty Cổ phần Vinhomes,CT,2,8600,Bất động sản
VHM,Công ty Cổ phần Vinhomes,CT,3,8630,Bất động sản
VHM,Công ty Cổ phần Vinhomes,CT,4,8633,Bất động sản
VIB,Ngân hàng Thương mại Cổ phần Quốc tế Việt Nam,NH,1,8301,Ngân hàng
VIB,Ngân hàng Thương mại Cổ phần Quốc tế Việt Nam,NH,2,8300,Ngân hàng
VIB,Ngân hàng Thương mại Cổ phần Quốc tế Việt Nam,NH,3,8350,Ngân hàng
VIB,Ngân hàng Thương mại Cổ phần Quốc tế Việt Nam,NH,4,8355,Ngân hàng
VIC,Tập đoàn Vingroup - Công ty CP,CT,1,8000,Tài chính
VIC,Tập đoàn Vingroup - Công ty CP,CT,2,8600,Bất động sản
VIC,Tập đoàn Vingroup - Công ty CP,CT,3,8630,Bất động sản
VIC,Tập đoàn Vingroup - Công ty CP,CT,4,8633,Bất động sản
VID,Công ty Cổ phần Đầu tư Phát triển Thương mại Viễn Đông,CT,1,1000,Nguyên vật liệu
VID,Công ty Cổ phần Đầu tư Phát triển Thương mại Viễn Đông,CT,2,1700,Tài nguyên Cơ bản
VID,Công ty Cổ phần Đầu tư Phát triển Thương mại Viễn Đông,CT,3,1730,Lâm nghiệp và Giấy
VID,Công ty Cổ phần Đầu tư Phát triển Thương mại Viễn Đông,CT,4,1737,Sản xuất giấy
VIE,Công ty Cổ phần Công nghệ Viễn thông VI TE CO,CT,1,9000,Công nghệ Thông tin
VIE,Công ty Cổ phần Công nghệ Viễn thông VI TE CO,CT,2,9500,Công nghệ Thông tin
VIE,Công ty Cổ phần Công nghệ Viễn thông VI TE CO,CT,3,9570,Thiết bị và Phần cứng
VIE,Công ty Cổ phần Công nghệ Viễn thông VI TE CO,CT,4,9578,Thiết bị viễn thông
VIF,Tổng Công ty Lâm nghiệp Việt Nam - Công ty Cổ phần,CT,1,1000,Nguyên vật liệu
VIF,Tổng Công ty Lâm nghiệp Việt Nam - Công ty Cổ phần,CT,2,1700,Tài nguyên Cơ bản
VIF,Tổng Công ty Lâm nghiệp Việt Nam - Công ty Cổ phần,CT,3,1730,Lâm nghiệp và Giấy
VIF,Tổng Công ty Lâm nghiệp Việt Nam - Công ty Cổ phần,CT,4,1733,Lâm sản và Chế biến gỗ
VIG,Công ty Cổ phần Chứng khoán Đầu tư Tài chính Việt Nam,CK,1,8000,Tài chính
VIG,Công ty Cổ phần Chứng khoán Đầu tư Tài chính Việt Nam,CK,2,8700,Dịch vụ tài chính
VIG,Công ty Cổ phần Chứng khoán Đầu tư Tài chính Việt Nam,CK,3,8770,Dịch vụ tài chính
VIG,Công ty Cổ phần Chứng khoán Đầu tư Tài chính Việt Nam,CK,4,8777,Môi giới chứng khoán
VIH,Công ty Cổ phần Viglacera Hà Nội,CT,1,2000,Công nghiệp
VIH,Công ty Cổ phần Viglacera Hà Nội,CT,2,2300,Xây dựng và Vật liệu
VIH,Công ty Cổ phần Viglacera Hà Nội,CT,3,2350,Xây dựng và Vật liệu
VIH,Công ty Cổ phần Viglacera Hà Nội,CT,4,2353,Vật liệu xây dựng & Nội thất
VIM,Công ty Cổ phần Khoáng sản Viglacera,CT,1,1000,Nguyên vật liệu
VIM,Công ty Cổ phần Khoáng sản Viglacera,CT,2,1700,Tài nguyên Cơ bản
VIM,Công ty Cổ phần Khoáng sản Viglacera,CT,3,1770,Khai khoáng
VIM,Công ty Cổ phần Khoáng sản Viglacera,CT,4,1775,Khai khoáng
VIN,Công ty Cổ phần Giao nhận Kho vận Ngoại thương Việt Nam,CT,1,2000,Công nghiệp
VIN,Công ty Cổ phần Giao nhận Kho vận Ngoại thương Việt Nam,CT,2,2700,Hàng & Dịch vụ Công nghiệp
VIN,Công ty Cổ phần Giao nhận Kho vận Ngoại thương Việt Nam,CT,3,2770,Vận tải
VIN,Công ty Cổ phần Giao nhận Kho vận Ngoại thương Việt Nam,CT,4,2777,"Kho bãi, hậu cần và bảo dưỡng"
VINACAPITAL-VDEF,Quỹ Đầu tư Cổ phiếu Cơ hội Tiên phong VinaCapital,QU,1,8000,Tài chính
VINACAPITAL-VDEF,Quỹ Đầu tư Cổ phiếu Cơ hội Tiên phong VinaCapital,QU,2,8700,Dịch vụ tài chính
VINACAPITAL-VDEF,Quỹ Đầu tư Cổ phiếu Cơ hội Tiên phong VinaCapital,QU,3,8980,Quỹ đầu tư
VINACAPITAL-VDEF,Quỹ Đầu tư Cổ phiếu Cơ hội Tiên phong VinaCapital,QU,4,8985,Quỹ đầu tư
VINACAPITAL-VEOF,Quỹ Đầu tư Cổ phiếu Doanh nghiệp hàng đầu Vinacapital,QU,1,8000,Tài chính
VINACAPITAL-VEOF,Quỹ Đầu tư Cổ phiếu Doanh nghiệp hàng đầu Vinacapital,QU,2,8700,Dịch vụ tài chính
VINACAPITAL-VEOF,Quỹ Đầu tư Cổ phiếu Doanh nghiệp hàng đầu Vinacapital,QU,3,8980,Quỹ đầu tư
VINACAPITAL-VEOF,Quỹ Đầu tư Cổ phiếu Doanh nghiệp hàng đầu Vinacapital,QU,4,8985,Quỹ đầu tư
VINACAPITAL-VESAF,Quỹ Đầu tư Cổ phiếu Tăng trưởng Chiến lược VinaCapital,QU,1,8000,Tài chính
VINACAPITAL-VESAF,Quỹ Đầu tư Cổ phiếu Tăng trưởng Chiến lược VinaCapital,QU,2,8700,Dịch vụ tài chính
VINACAPITAL-VESAF,Quỹ Đầu tư Cổ phiếu Tăng trưởng Chiến lược VinaCapital,QU,3,8980,Quỹ đầu tư
VINACAPITAL-VESAF,Quỹ Đầu tư Cổ phiếu Tăng trưởng Chiến lược VinaCapital,QU,4,8985,Quỹ đầu tư
VINACAPITAL-VFF,Quỹ Đầu tư Trái phiếu Nâng cao VinaCapital,QU,1,8000,Tài chính
VINACAPITAL-VFF,Quỹ Đầu tư Trái phiếu Nâng cao VinaCapital,QU,2,8700,Dịch vụ tài chính
VINACAPITAL-VFF,Quỹ Đầu tư Trái phiếu Nâng cao VinaCapital,QU,3,8980,Quỹ đầu tư
VINACAPITAL-VFF,Quỹ Đầu tư Trái phiếu Nâng cao VinaCapital,QU,4,8985,Quỹ đầu tư
VINACAPITAL-VIBF,Quỹ Đầu tư Cân bằng Gắn kết Vinacapital,QU,1,8000,Tài chính
VINACAPITAL-VIBF,Quỹ Đầu tư Cân bằng Gắn kết Vinacapital,QU,2,8700,Dịch vụ tài chính
VINACAPITAL-VIBF,Quỹ Đầu tư Cân bằng Gắn kết Vinacapital,QU,3,8980,Quỹ đầu tư
VINACAPITAL-VIBF,Quỹ Đầu tư Cân bằng Gắn kết Vinacapital,QU,4,8985,Quỹ đầu tư
VINACAPITAL-VOF,Vinacapital Vietnam Opportunity Fund Ltd.,QU,1,8000,Tài chính
VINACAPITAL-VOF,Vinacapital Vietnam Opportunity Fund Ltd.,QU,2,8700,Dịch vụ tài chính
VINACAPITAL-VOF,Vinacapital Vietnam Opportunity Fund Ltd.,QU,3,8980,Quỹ đầu tư
VINACAPITAL-VOF,Vinacapital Vietnam Opportunity Fund Ltd.,QU,4,8985,Quỹ đầu tư
VIP,Công ty Cổ phần Vận tải Xăng dầu VIPCO,CT,1,2000,Công nghiệp
VIP,Công ty Cổ phần Vận tải Xăng dầu VIPCO,CT,2,2700,Hàng & Dịch vụ Công nghiệp
VIP,Công ty Cổ phần Vận tải Xăng dầu VIPCO,CT,3,2770,Vận tải
VIP,Công ty Cổ phần Vận tải Xăng dầu VIPCO,CT,4,2773,Vận tải Thủy
VIR,Công ty Cổ phần Du lịch Quốc tế Vũng Tàu,CT,1,5000,Dịch vụ Tiêu dùng
VIR,Công ty Cổ phần Du lịch Quốc tế Vũng Tàu,CT,2,5700,Du lịch và Giải trí
VIR,Công ty Cổ phần Du lịch Quốc tế Vũng Tàu,CT,3,5750,Du lịch & Giải trí
VIR,Công ty Cổ phần Du lịch Quốc tế Vũng Tàu,CT,4,5753,Khách sạn
VIS,Công ty Cổ phần Thép Việt - Ý,CT,1,1000,Nguyên vật liệu
VIS,Công ty Cổ phần Thép Việt - Ý,CT,2,1700,Tài nguyên Cơ bản
VIS,Công ty Cổ phần Thép Việt - Ý,CT,3,1750,Kim loại
VIS,Công ty Cổ phần Thép Việt - Ý,CT,4,1757,Thép và sản phẩm thép
VIT,Công ty Cổ phần Viglacera Tiên Sơn,CT,1,2000,Công nghiệp
VIT,Công ty Cổ phần Viglacera Tiên Sơn,CT,2,2300,Xây dựng và Vật liệu
VIT,Công ty Cổ phần Viglacera Tiên Sơn,CT,3,2350,Xây dựng và Vật liệu
VIT,Công ty Cổ phần Viglacera Tiên Sơn,CT,4,2353,Vật liệu xây dựng & Nội thất
VIW,Tổng công ty Đầu tư Nước và Môi trường Việt Nam - Công ty Cổ phần,CT,1,2000,Công nghiệp
VIW,Tổng công ty Đầu tư Nước và Môi trường Việt Nam - Công ty Cổ phần,CT,2,2300,Xây dựng và Vật liệu
VIW,Tổng công ty Đầu tư Nước và Môi trường Việt Nam - Công ty Cổ phần,CT,3,2350,Xây dựng và Vật liệu
VIW,Tổng công ty Đầu tư Nước và Môi trường Việt Nam - Công ty Cổ phần,CT,4,2357,Xây dựng
VIX,Công ty Cổ phần Chứng khoán VIX,CK,1,8000,Tài chính
VIX,Công ty Cổ phần Chứng khoán VIX,CK,2,8700,Dịch vụ tài chính
VIX,Công ty Cổ phần Chứng khoán VIX,CK,3,8770,Dịch vụ tài chính
VIX,Công ty Cổ phần Chứng khoán VIX,CK,4,8777,Môi giới chứng khoán
VJC,Công ty Cổ phần Hàng không Vietjet,CT,1,5000,Dịch vụ Tiêu dùng
VJC,Công ty Cổ phần Hàng không Vietjet,CT,2,5700,Du lịch và Giải trí
VJC,Công ty Cổ phần Hàng không Vietjet,CT,3,5750,Du lịch & Giải trí
VJC,Công ty Cổ phần Hàng không Vietjet,CT,4,5751,Hàng không
VKC,Công ty Cổ phần VKC Holdings,CT,1,3000,Hàng Tiêu dùng
VKC,Công ty Cổ phần VKC Holdings,CT,2,3300,Ô tô và phụ tùng
VKC,Công ty Cổ phần VKC Holdings,CT,3,3350,Ô tô và phụ tùng
VKC,Công ty Cổ phần VKC Holdings,CT,4,3357,Lốp xe
VKD,Công ty Cổ phần Nước Khoáng Khánh Hòa,CT,1,3000,Hàng Tiêu dùng
VKD,Công ty Cổ phần Nước Khoáng Khánh Hòa,CT,2,3500,Thực phẩm và đồ uống
VKD,Công ty Cổ phần Nước Khoáng Khánh Hòa,CT,3,3530,Bia và đồ uống
VKD,Công ty Cổ phần Nước Khoáng Khánh Hòa,CT,4,3537,Đồ uống & giải khát
VKP,Công ty Cổ phần Nhựa Tân Hóa,CT,1,1000,Nguyên vật liệu
VKP,Công ty Cổ phần Nhựa Tân Hóa,CT,2,1300,Hóa chất
VKP,Công ty Cổ phần Nhựa Tân Hóa,CT,3,1350,Hóa chất
VKP,Công ty Cổ phần Nhựa Tân Hóa,CT,4,1353,"Nhựa, cao su & sợi"
VLA,Công ty Cổ phần Đầu tư và Phát triển Công nghệ Văn Lang,CT,1,9000,Công nghệ Thông tin
VLA,Công ty Cổ phần Đầu tư và Phát triển Công nghệ Văn Lang,CT,2,9500,Công nghệ Thông tin
VLA,Công ty Cổ phần Đầu tư và Phát triển Công nghệ Văn Lang,CT,3,9530,Phần mềm & Dịch vụ Máy tính
VLA,Công ty Cổ phần Đầu tư và Phát triển Công nghệ Văn Lang,CT,4,9537,Phần mềm
VLB,Công ty Cổ phần Xây dựng và Sản xuất Vật liệu Xây dựng Biên Hòa,CT,1,2000,Công nghiệp
VLB,Công ty Cổ phần Xây dựng và Sản xuất Vật liệu Xây dựng Biên Hòa,CT,2,2300,Xây dựng và Vật liệu
VLB,Công ty Cổ phần Xây dựng và Sản xuất Vật liệu Xây dựng Biên Hòa,CT,3,2350,Xây dựng và Vật liệu
VLB,Công ty Cổ phần Xây dựng và Sản xuất Vật liệu Xây dựng Biên Hòa,CT,4,2353,Vật liệu xây dựng & Nội thất
VLC,Tổng Công ty Chăn nuôi Việt Nam - Công ty Cổ phần,CT,1,3000,Hàng Tiêu dùng
VLC,Tổng Công ty Chăn nuôi Việt Nam - Công ty Cổ phần,CT,2,3500,Thực phẩm và đồ uống
VLC,Tổng Công ty Chăn nuôi Việt Nam - Công ty Cổ phần,CT,3,3570,Sản xuất thực phẩm
VLC,Tổng Công ty Chăn nuôi Việt Nam - Công ty Cổ phần,CT,4,3573,Nuôi trồng nông & hải sản
VLF,Công ty Cổ phần Lương thực Thực phẩm Vĩnh Long,CT,1,3000,Hàng Tiêu dùng
VLF,Công ty Cổ phần Lương thực Thực phẩm Vĩnh Long,CT,2,3500,Thực phẩm và đồ uống
VLF,Công ty Cổ phần Lương thực Thực phẩm Vĩnh Long,CT,3,3570,Sản xuất thực phẩm
VLF,Công ty Cổ phần Lương thực Thực phẩm Vĩnh Long,CT,4,3577,Thực phẩm
VLG,Công ty Cổ phần VIMC Logistics,CT,1,2000,Công nghiệp
VLG,Công ty Cổ phần VIMC Logistics,CT,2,2700,Hàng & Dịch vụ Công nghiệp
VLG,Công ty Cổ phần VIMC Logistics,CT,3,2770,Vận tải
VLG,Công ty Cổ phần VIMC Logistics,CT,4,2779,Dịch vụ vận tải
VLP,Công ty Cổ phần Công trình Công cộng Vĩnh Long,CT,1,2000,Công nghiệp
VLP,Công ty Cổ phần Công trình Công cộng Vĩnh Long,CT,2,2700,Hàng & Dịch vụ Công nghiệp
VLP,Công ty Cổ phần Công trình Công cộng Vĩnh Long,CT,3,2790,Tư vấn & Hỗ trợ Kinh doanh
VLP,Công ty Cổ phần Công trình Công cộng Vĩnh Long,CT,4,2799,Chất thải & Môi trường
VLS,Công ty Cổ phần Sản xuất Thép Việt Long,CT,1,1000,Nguyên vật liệu
VLS,Công ty Cổ phần Sản xuất Thép Việt Long,CT,2,1700,Tài nguyên Cơ bản
VLS,Công ty Cổ phần Sản xuất Thép Việt Long,CT,3,1750,Kim loại
VLS,Công ty Cổ phần Sản xuất Thép Việt Long,CT,4,1757,Thép và sản phẩm thép
VLW,Công ty Cổ phần Cấp nước Vĩnh Long,CT,1,7000,Tiện ích Cộng đồng
VLW,Công ty Cổ phần Cấp nước Vĩnh Long,CT,2,7500,"Điện, nước & xăng dầu khí đốt"
VLW,Công ty Cổ phần Cấp nước Vĩnh Long,CT,3,7570,Nước & Khí đốt
VLW,Công ty Cổ phần Cấp nước Vĩnh Long,CT,4,7577,Nước
VMA,Công ty Cổ phần Công nghiệp Ô tô - Vinacomin,CT,1,3000,Hàng Tiêu dùng
VMA,Công ty Cổ phần Công nghiệp Ô tô - Vinacomin,CT,2,3300,Ô tô và phụ tùng
VMA,Công ty Cổ phần Công nghiệp Ô tô - Vinacomin,CT,3,3350,Ô tô và phụ tùng
VMA,Công ty Cổ phần Công nghiệp Ô tô - Vinacomin,CT,4,3353,Sản xuất ô tô
VMC,Công ty Cổ phần VIMECO,CT,1,2000,Công nghiệp
VMC,Công ty Cổ phần VIMECO,CT,2,2300,Xây dựng và Vật liệu
VMC,Công ty Cổ phần VIMECO,CT,3,2350,Xây dựng và Vật liệu
VMC,Công ty Cổ phần VIMECO,CT,4,2357,Xây dựng
VMD,Công ty Cổ phần Y Dược phẩm Vimedimex,CT,1,4000,Dược phẩm và Y tế
VMD,Công ty Cổ phần Y Dược phẩm Vimedimex,CT,2,4500,Y tế
VMD,Công ty Cổ phần Y Dược phẩm Vimedimex,CT,3,4570,Dược phẩm
VMD,Công ty Cổ phần Y Dược phẩm Vimedimex,CT,4,4577,Dược phẩm
VMG,Công ty Cổ phần Thương mại và Dịch vụ Dầu khí Vũng Tàu,CT,1,7000,Tiện ích Cộng đồng
VMG,Công ty Cổ phần Thương mại và Dịch vụ Dầu khí Vũng Tàu,CT,2,7500,"Điện, nước & xăng dầu khí đốt"
VMG,Công ty Cổ phần Thương mại và Dịch vụ Dầu khí Vũng Tàu,CT,3,7570,Nước & Khí đốt
VMG,Công ty Cổ phần Thương mại và Dịch vụ Dầu khí Vũng Tàu,CT,4,7573,Phân phối xăng dầu & khí đốt
VMI,Công ty Cổ phần Khoáng sản và Đầu tư VISACO,CT,1,2000,Công nghiệp
VMI,Công ty Cổ phần Khoáng sản và Đầu tư VISACO,CT,2,2300,Xây dựng và Vật liệu
VMI,Công ty Cổ phần Khoáng sản và Đầu tư VISACO,CT,3,2350,Xây dựng và Vật liệu
VMI,Công ty Cổ phần Khoáng sản và Đầu tư VISACO,CT,4,2357,Xây dựng
VMK,Công ty Cổ phần Vimarko,CT,1,2000,Công nghiệp
VMK,Công ty Cổ phần Vimarko,CT,2,2300,Xây dựng và Vật liệu
VMK,Công ty Cổ phần Vimarko,CT,3,2350,Xây dựng và Vật liệu
VMK,Công ty Cổ phần Vimarko,CT,4,2353,Vật liệu xây dựng & Nội thất
VMS,Công ty Cổ phần Phát triển Hàng Hải,CT,1,2000,Công nghiệp
VMS,Công ty Cổ phần Phát triển Hàng Hải,CT,2,2700,Hàng & Dịch vụ Công nghiệp
VMS,Công ty Cổ phần Phát triển Hàng Hải,CT,3,2770,Vận tải
VMS,Công ty Cổ phần Phát triển Hàng Hải,CT,4,2777,"Kho bãi, hậu cần và bảo dưỡng"
VMT,Công ty Cổ phần Giao nhận Vận tải Miền Trung,CT,1,2000,Công nghiệp
VMT,Công ty Cổ phần Giao nhận Vận tải Miền Trung,CT,2,2700,Hàng & Dịch vụ Công nghiệp
VMT,Công ty Cổ phần Giao nhận Vận tải Miền Trung,CT,3,2770,Vận tải
VMT,Công ty Cổ phần Giao nhận Vận tải Miền Trung,CT,4,2779,Dịch vụ vận tải
VNA,Công ty Cổ phần Vận tải biển Vinaship,CT,1,2000,Công nghiệp
VNA,Công ty Cổ phần Vận tải biển Vinaship,CT,2,2700,Hàng & Dịch vụ Công nghiệp
VNA,Công ty Cổ phần Vận tải biển Vinaship,CT,3,2770,Vận tải
VNA,Công ty Cổ phần Vận tải biển Vinaship,CT,4,2773,Vận tải Thủy
VNB,Công ty Cổ phần Sách Việt Nam,CT,1,5000,Dịch vụ Tiêu dùng
VNB,Công ty Cổ phần Sách Việt Nam,CT,2,5500,Truyền thông
VNB,Công ty Cổ phần Sách Việt Nam,CT,3,5550,Truyền thông
VNB,Công ty Cổ phần Sách Việt Nam,CT,4,5557,"Sách, ấn bản & sản phẩm văn hóa"
VNC,Công ty Cổ phần Tập đoàn Vinacontrol,CT,1,2000,Công nghiệp
VNC,Công ty Cổ phần Tập đoàn Vinacontrol,CT,2,2700,Hàng & Dịch vụ Công nghiệp
VNC,Công ty Cổ phần Tập đoàn Vinacontrol,CT,3,2790,Tư vấn & Hỗ trợ Kinh doanh
VNC,Công ty Cổ phần Tập đoàn Vinacontrol,CT,4,2791,Tư vấn & Hỗ trợ KD
VND,Công ty Cổ phần Chứng khoán VNDIRECT,CK,1,8000,Tài chính
VND,Công ty Cổ phần Chứng khoán VNDIRECT,CK,2,8700,Dịch vụ tài chính
VND,Công ty Cổ phần Chứng khoán VNDIRECT,CK,3,8770,Dịch vụ tài chính
VND,Công ty Cổ phần Chứng khoán VNDIRECT,CK,4,8777,Môi giới chứng khoán
VNDAF,Quỹ Đầu tư Chủ động VND,QU,1,8000,Tài chính
VNDAF,Quỹ Đầu tư Chủ động VND,QU,2,8700,Dịch vụ tài chính
VNDAF,Quỹ Đầu tư Chủ động VND,QU,3,8980,Quỹ đầu tư
VNDAF,Quỹ Đầu tư Chủ động VND,QU,4,8985,Quỹ đầu tư
VNDBF,Quỹ Đầu tư Trái phiếu VND,QU,1,8000,Tài chính
VNDBF,Quỹ Đầu tư Trái phiếu VND,QU,2,8700,Dịch vụ tài chính
VNDBF,Quỹ Đầu tư Trái phiếu VND,QU,3,8980,Quỹ đầu tư
VNDBF,Quỹ Đầu tư Trái phiếu VND,QU,4,8985,Quỹ đầu tư
VNE,Tổng Công ty Cổ phần Xây dựng điện Việt Nam,CT,1,2000,Công nghiệp
VNE,Tổng Công ty Cổ phần Xây dựng điện Việt Nam,CT,2,2300,Xây dựng và Vật liệu
VNE,Tổng Công ty Cổ phần Xây dựng điện Việt Nam,CT,3,2350,Xây dựng và Vật liệu
VNE,Tổng Công ty Cổ phần Xây dựng điện Việt Nam,CT,4,2357,Xây dựng
VNF,Công ty Cổ phần Vinafreight,CT,1,2000,Công nghiệp
VNF,Công ty Cổ phần Vinafreight,CT,2,2700,Hàng & Dịch vụ Công nghiệp
VNF,Công ty Cổ phần Vinafreight,CT,3,2770,Vận tải
VNF,Công ty Cổ phần Vinafreight,CT,4,2779,Dịch vụ vận tải
VNG,Công ty Cổ phần Du Lịch Thành Thành Công,CT,1,5000,Dịch vụ Tiêu dùng
VNG,Công ty Cổ phần Du Lịch Thành Thành Công,CT,2,5700,Du lịch và Giải trí
VNG,Công ty Cổ phần Du Lịch Thành Thành Công,CT,3,5750,Du lịch & Giải trí
VNG,Công ty Cổ phần Du Lịch Thành Thành Công,CT,4,5753,Khách sạn
VNH,Công ty Cổ phần Đầu tư Việt Việt Nhật,CT,1,3000,Hàng Tiêu dùng
VNH,Vietnam Holding Ltd,QU,1,8000,Tài chính
VNH,Công ty Cổ phần Đầu tư Việt Việt Nhật,CT,2,3500,Thực phẩm và đồ uống
VNH,Vietnam Holding Ltd,QU,2,8700,Dịch vụ tài chính
VNH,Công ty Cổ phần Đầu tư Việt Việt Nhật,CT,3,3570,Sản xuất thực phẩm
VNH,Vietnam Holding Ltd,QU,3,8980,Quỹ đầu tư
VNH,Công ty Cổ phần Đầu tư Việt Việt Nhật,CT,4,3573,Nuôi trồng nông & hải sản
VNH,Vietnam Holding Ltd,QU,4,8985,Quỹ đầu tư
VNI,Công ty Cổ phần Đầu tư Bất động sản Việt Nam,CT,1,8000,Tài chính
VNI,Công ty Cổ phần Đầu tư Bất động sản Việt Nam,CT,2,8600,Bất động sản
VNI,Công ty Cổ phần Đầu tư Bất động sản Việt Nam,CT,3,8630,Bất động sản
VNI,Công ty Cổ phần Đầu tư Bất động sản Việt Nam,CT,4,8633,Bất động sản
VNL,Công ty Cổ phần Logistics Vinalink,CT,1,2000,Công nghiệp
VNL,Công ty Cổ phần Logistics Vinalink,CT,2,2700,Hàng & Dịch vụ Công nghiệp
VNL,Công ty Cổ phần Logistics Vinalink,CT,3,2770,Vận tải
VNL,Công ty Cổ phần Logistics Vinalink,CT,4,2779,Dịch vụ vận tải
VNM,Công ty Cổ phần Sữa Việt Nam,CT,1,3000,Hàng Tiêu dùng
VNM,Công ty Cổ phần Sữa Việt Nam,CT,2,3500,Thực phẩm và đồ uống
VNM,Công ty Cổ phần Sữa Việt Nam,CT,3,3570,Sản xuất thực phẩm
VNM,Công ty Cổ phần Sữa Việt Nam,CT,4,3577,Thực phẩm
VNP,Công ty Cổ phần Nhựa Việt Nam,CT,1,1000,Nguyên vật liệu
VNP,Công ty Cổ phần Nhựa Việt Nam,CT,2,1300,Hóa chất
VNP,Công ty Cổ phần Nhựa Việt Nam,CT,3,1350,Hóa chất
VNP,Công ty Cổ phần Nhựa Việt Nam,CT,4,1353,"Nhựa, cao su & sợi"
VNR,Tổng Công ty Cổ phần Tái bảo hiểm Quốc gia Việt Nam,BH,1,8000,Tài chính
VNR,Tổng Công ty Cổ phần Tái bảo hiểm Quốc gia Việt Nam,BH,2,8500,Bảo hiểm
VNR,Tổng Công ty Cổ phần Tái bảo hiểm Quốc gia Việt Nam,BH,3,8530,Bảo hiểm phi nhân thọ
VNR,Tổng Công ty Cổ phần Tái bảo hiểm Quốc gia Việt Nam,BH,4,8538,Tái bảo hiểm
VNS,Công ty Cổ phần Ánh Dương Việt Nam,CT,1,5000,Dịch vụ Tiêu dùng
VNS,Công ty Cổ phần Ánh Dương Việt Nam,CT,2,5700,Du lịch và Giải trí
VNS,Công ty Cổ phần Ánh Dương Việt Nam,CT,3,5750,Du lịch & Giải trí
VNS,Công ty Cổ phần Ánh Dương Việt Nam,CT,4,5759,Vận tải hành khách & Du lịch
VNT,Công ty Cổ phần Giao nhận Vận tải Ngoại Thương,CT,1,2000,Công nghiệp
VNT,Công ty Cổ phần Giao nhận Vận tải Ngoại Thương,CT,2,2700,Hàng & Dịch vụ Công nghiệp
VNT,Công ty Cổ phần Giao nhận Vận tải Ngoại Thương,CT,3,2770,Vận tải
VNT,Công ty Cổ phần Giao nhận Vận tải Ngoại Thương,CT,4,2779,Dịch vụ vận tải
VNW,Công ty Cổ phần Điện Cơ Thống Nhất,CT,1,3000,Hàng Tiêu dùng
VNW,Công ty Cổ phần Điện Cơ Thống Nhất,CT,2,3700,Hàng cá nhân & Gia dụng
VNW,Công ty Cổ phần Điện Cơ Thống Nhất,CT,3,3720,Hàng gia dụng
VNW,Công ty Cổ phần Điện Cơ Thống Nhất,CT,4,3726,Thiết bị gia dụng
VNX,Công ty Cổ phần Quảng cáo và Hội chợ Thương mại Vinexad,CT,1,5000,Dịch vụ Tiêu dùng
VNX,Công ty Cổ phần Quảng cáo và Hội chợ Thương mại Vinexad,CT,2,5500,Truyền thông
VNX,Công ty Cổ phần Quảng cáo và Hội chợ Thương mại Vinexad,CT,3,5550,Truyền thông
VNX,Công ty Cổ phần Quảng cáo và Hội chợ Thương mại Vinexad,CT,4,5555,Dịch vụ truyền thông
VNY,Công ty Cổ phần Thuốc thú y Trung ương I,CT,1,1000,Nguyên vật liệu
VNY,Công ty Cổ phần Thuốc thú y Trung ương I,CT,2,1300,Hóa chất
VNY,Công ty Cổ phần Thuốc thú y Trung ương I,CT,3,1350,Hóa chất
VNY,Công ty Cổ phần Thuốc thú y Trung ương I,CT,4,1357,"Sản phẩm hóa dầu, Nông dược & Hóa chất khác"
VNZ,Công ty Cổ phần Tập đoàn VNG,CT,1,5000,Dịch vụ Tiêu dùng
VNZ,Công ty Cổ phần Tập đoàn VNG,CT,2,5500,Truyền thông
VNZ,Công ty Cổ phần Tập đoàn VNG,CT,3,5550,Truyền thông
VNZ,Công ty Cổ phần Tập đoàn VNG,CT,4,5553,Giải trí & Truyền thông
VOC,Tổng Công ty Công nghiệp Dầu thực vật Việt Nam - Công ty Cổ phần,CT,1,3000,Hàng Tiêu dùng
VOC,Tổng Công ty Công nghiệp Dầu thực vật Việt Nam - Công ty Cổ phần,CT,2,3500,Thực phẩm và đồ uống
VOC,Tổng Công ty Công nghiệp Dầu thực vật Việt Nam - Công ty Cổ phần,CT,3,3570,Sản xuất thực phẩm
VOC,Tổng Công ty Công nghiệp Dầu thực vật Việt Nam - Công ty Cổ phần,CT,4,3577,Thực phẩm
VOS,Công ty Cổ phần Vận tải Biển Việt Nam,CT,1,2000,Công nghiệp
VOS,Công ty Cổ phần Vận tải Biển Việt Nam,CT,2,2700,Hàng & Dịch vụ Công nghiệp
VOS,Công ty Cổ phần Vận tải Biển Việt Nam,CT,3,2770,Vận tải
VOS,Công ty Cổ phần Vận tải Biển Việt Nam,CT,4,2773,Vận tải Thủy
VPA,Công ty Cổ phần Vận tải Hóa dầu VP,CT,1,2000,Công nghiệp
VPA,Công ty Cổ phần Vận tải Hóa dầu VP,CT,2,2700,Hàng & Dịch vụ Công nghiệp
VPA,Công ty Cổ phần Vận tải Hóa dầu VP,CT,3,2770,Vận tải
VPA,Công ty Cổ phần Vận tải Hóa dầu VP,CT,4,2773,Vận tải Thủy
VPB,Ngân hàng Thương mại Cổ phần Việt Nam Thịnh Vượng,NH,1,8301,Ngân hàng
VPB,Ngân hàng Thương mại Cổ phần Việt Nam Thịnh Vượng,NH,2,8300,Ngân hàng
VPB,Ngân hàng Thương mại Cổ phần Việt Nam Thịnh Vượng,NH,3,8350,Ngân hàng
VPB,Ngân hàng Thương mại Cổ phần Việt Nam Thịnh Vượng,NH,4,8355,Ngân hàng
VPC,Công ty Cổ phần Đầu tư và Phát triển Năng lượng Việt Nam,CT,1,2000,Công nghiệp
VPC,Công ty Cổ phần Đầu tư và Phát triển Năng lượng Việt Nam,CT,2,2300,Xây dựng và Vật liệu
VPC,Công ty Cổ phần Đầu tư và Phát triển Năng lượng Việt Nam,CT,3,2350,Xây dựng và Vật liệu
VPC,Công ty Cổ phần Đầu tư và Phát triển Năng lượng Việt Nam,CT,4,2357,Xây dựng
VPD,Công ty Cổ phần Phát triển Điện lực Việt Nam,CT,1,7000,Tiện ích Cộng đồng
VPD,Công ty Cổ phần Phát triển Điện lực Việt Nam,CT,2,7500,"Điện, nước & xăng dầu khí đốt"
VPD,Công ty Cổ phần Phát triển Điện lực Việt Nam,CT,3,7530,Sản xuất & Phân phối Điện
VPD,Công ty Cổ phần Phát triển Điện lực Việt Nam,CT,4,7535,Sản xuất & Phân phối Điện
VPG,Công ty Cổ phần Đầu tư Thương mại Xuất nhập khẩu Việt Phát,CT,1,1000,Nguyên vật liệu
VPG,Công ty Cổ phần Đầu tư Thương mại Xuất nhập khẩu Việt Phát,CT,2,1700,Tài nguyên Cơ bản
VPG,Công ty Cổ phần Đầu tư Thương mại Xuất nhập khẩu Việt Phát,CT,3,1770,Khai khoáng
VPG,Công ty Cổ phần Đầu tư Thương mại Xuất nhập khẩu Việt Phát,CT,4,1775,Khai khoáng
VPH,Công ty Cổ phần Vạn Phát Hưng,CT,1,8000,Tài chính
VPH,Công ty Cổ phần Vạn Phát Hưng,CT,2,8600,Bất động sản
VPH,Công ty Cổ phần Vạn Phát Hưng,CT,3,8630,Bất động sản
VPH,Công ty Cổ phần Vạn Phát Hưng,CT,4,8633,Bất động sản
VPI,Công ty Cổ phần Phát triển Bất động sản Văn Phú,CT,1,8000,Tài chính
VPI,Công ty Cổ phần Phát triển Bất động sản Văn Phú,CT,2,8600,Bất động sản
VPI,Công ty Cổ phần Phát triển Bất động sản Văn Phú,CT,3,8630,Bất động sản
VPI,Công ty Cổ phần Phát triển Bất động sản Văn Phú,CT,4,8633,Bất động sản
VPL,Công ty Cổ phần Vinpearl,CT,1,5000,Dịch vụ Tiêu dùng
VPL,Công ty Cổ phần Vinpearl,CT,2,5700,Du lịch và Giải trí
VPL,Công ty Cổ phần Vinpearl,CT,3,5750,Du lịch & Giải trí
VPL,Công ty Cổ phần Vinpearl,CT,4,5755,Dịch vụ giải trí
VPR,Công ty Cổ phần VINAPRINT,CT,1,5000,Dịch vụ Tiêu dùng
VPR,Công ty Cổ phần VINAPRINT,CT,2,5500,Truyền thông
VPR,Công ty Cổ phần VINAPRINT,CT,3,5550,Truyền thông
VPR,Công ty Cổ phần VINAPRINT,CT,4,5557,"Sách, ấn bản & sản phẩm văn hóa"
VPS,Công ty Cổ phần Thuốc sát trùng Việt Nam,CT,1,1000,Nguyên vật liệu
VPS,Công ty Cổ phần Thuốc sát trùng Việt Nam,CT,2,1300,Hóa chất
VPS,Công ty Cổ phần Thuốc sát trùng Việt Nam,CT,3,1350,Hóa chất
VPS,Công ty Cổ phần Thuốc sát trùng Việt Nam,CT,4,1357,"Sản phẩm hóa dầu, Nông dược & Hóa chất khác"
VPW,Công ty Cổ phần Cấp thoát nước số 1 Vĩnh Phúc,CT,1,7000,Tiện ích Cộng đồng
VPW,Công ty Cổ phần Cấp thoát nước số 1 Vĩnh Phúc,CT,2,7500,"Điện, nước & xăng dầu khí đốt"
VPW,Công ty Cổ phần Cấp thoát nước số 1 Vĩnh Phúc,CT,3,7570,Nước & Khí đốt
VPW,Công ty Cổ phần Cấp thoát nước số 1 Vĩnh Phúc,CT,4,7577,Nước
VPX,Công ty Cổ phần Chứng khoán VPBank,CK,1,8000,Tài chính
VPX,Công ty Cổ phần Chứng khoán VPBank,CK,2,8700,Dịch vụ tài chính
VPX,Công ty Cổ phần Chứng khoán VPBank,CK,3,8770,Dịch vụ tài chính
VPX,Công ty Cổ phần Chứng khoán VPBank,CK,4,8777,Môi giới chứng khoán
VQC,Công ty Cổ phần Giám định Vinaconmin,CT,1,2000,Công nghiệp
VQC,Công ty Cổ phần Giám định Vinaconmin,CT,2,2700,Hàng & Dịch vụ Công nghiệp
VQC,Công ty Cổ phần Giám định Vinaconmin,CT,3,2790,Tư vấn & Hỗ trợ Kinh doanh
VQC,Công ty Cổ phần Giám định Vinaconmin,CT,4,2791,Tư vấn & Hỗ trợ KD
VRC,Công ty Cổ phần Bất động sản và Đầu tư VRC,CT,1,8000,Tài chính
VRC,Công ty Cổ phần Bất động sản và Đầu tư VRC,CT,2,8600,Bất động sản
VRC,Công ty Cổ phần Bất động sản và Đầu tư VRC,CT,3,8630,Bất động sản
VRC,Công ty Cổ phần Bất động sản và Đầu tư VRC,CT,4,8633,Bất động sản
VRE,Công ty Cổ phần Vincom Retail,CT,1,8000,Tài chính
VRE,Công ty Cổ phần Vincom Retail,CT,2,8600,Bất động sản
VRE,Công ty Cổ phần Vincom Retail,CT,3,8630,Bất động sản
VRE,Công ty Cổ phần Vincom Retail,CT,4,8633,Bất động sản
VRG,Công ty Cổ phần Phát triển Đô thị và Khu Công nghiệp Cao Su Việt Nam,CT,1,8000,Tài chính
VRG,Công ty Cổ phần Phát triển Đô thị và Khu Công nghiệp Cao Su Việt Nam,CT,2,8600,Bất động sản
VRG,Công ty Cổ phần Phát triển Đô thị và Khu Công nghiệp Cao Su Việt Nam,CT,3,8630,Bất động sản
VRG,Công ty Cổ phần Phát triển Đô thị và Khu Công nghiệp Cao Su Việt Nam,CT,4,8633,Bất động sản
VSA,Công ty Cổ phần Đại lý Hàng hải Việt Nam,CT,1,2000,Công nghiệp
VSA,Công ty Cổ phần Đại lý Hàng hải Việt Nam,CT,2,2700,Hàng & Dịch vụ Công nghiệp
VSA,Công ty Cổ phần Đại lý Hàng hải Việt Nam,CT,3,2770,Vận tải
VSA,Công ty Cổ phần Đại lý Hàng hải Việt Nam,CT,4,2779,Dịch vụ vận tải
VSC,Công ty Cổ phần Container Việt Nam,CT,1,2000,Công nghiệp
VSC,Công ty Cổ phần Container Việt Nam,CT,2,2700,Hàng & Dịch vụ Công nghiệp
VSC,Công ty Cổ phần Container Việt Nam,CT,3,2770,Vận tải
VSC,Công ty Cổ phần Container Việt Nam,CT,4,2777,"Kho bãi, hậu cần và bảo dưỡng"
VSE,Công ty Cổ phần Dịch vụ Đường cao tốc Việt Nam,CT,1,2000,Công nghiệp
VSE,Công ty Cổ phần Dịch vụ Đường cao tốc Việt Nam,CT,2,2700,Hàng & Dịch vụ Công nghiệp
VSE,Công ty Cổ phần Dịch vụ Đường cao tốc Việt Nam,CT,3,2770,Vận tải
VSE,Công ty Cổ phần Dịch vụ Đường cao tốc Việt Nam,CT,4,2777,"Kho bãi, hậu cần và bảo dưỡng"
VSF,Tổng Công ty Lương thực Miền Nam - Công ty Cổ phần,CT,1,3000,Hàng Tiêu dùng
VSF,Tổng Công ty Lương thực Miền Nam - Công ty Cổ phần,CT,2,3500,Thực phẩm và đồ uống
VSF,Tổng Công ty Lương thực Miền Nam - Công ty Cổ phần,CT,3,3570,Sản xuất thực phẩm
VSF,Tổng Công ty Lương thực Miền Nam - Công ty Cổ phần,CT,4,3577,Thực phẩm
VSG,Công ty Cổ phần Container Phía Nam,CT,1,2000,Công nghiệp
VSG,Công ty Cổ phần Container Phía Nam,CT,2,2700,Hàng & Dịch vụ Công nghiệp
VSG,Công ty Cổ phần Container Phía Nam,CT,3,2770,Vận tải
VSG,Công ty Cổ phần Container Phía Nam,CT,4,2777,"Kho bãi, hậu cần và bảo dưỡng"
VSH,Công ty Cổ phần Thủy điện Vĩnh Sơn - Sông Hinh,CT,1,7000,Tiện ích Cộng đồng
VSH,Công ty Cổ phần Thủy điện Vĩnh Sơn - Sông Hinh,CT,2,7500,"Điện, nước & xăng dầu khí đốt"
VSH,Công ty Cổ phần Thủy điện Vĩnh Sơn - Sông Hinh,CT,3,7530,Sản xuất & Phân phối Điện
VSH,Công ty Cổ phần Thủy điện Vĩnh Sơn - Sông Hinh,CT,4,7535,Sản xuất & Phân phối Điện
VSI,Công ty Cổ phần Đầu tư và Xây dựng Cấp thoát nước,CT,1,2000,Công nghiệp
VSI,Công ty Cổ phần Đầu tư và Xây dựng Cấp thoát nước,CT,2,2300,Xây dựng và Vật liệu
VSI,Công ty Cổ phần Đầu tư và Xây dựng Cấp thoát nước,CT,3,2350,Xây dựng và Vật liệu
VSI,Công ty Cổ phần Đầu tư và Xây dựng Cấp thoát nước,CT,4,2357,Xây dựng
VSM,Công ty Cổ phần Container Miền Trung,CT,1,2000,Công nghiệp
VSM,Công ty Cổ phần Container Miền Trung,CT,2,2700,Hàng & Dịch vụ Công nghiệp
VSM,Công ty Cổ phần Container Miền Trung,CT,3,2770,Vận tải
VSM,Công ty Cổ phần Container Miền Trung,CT,4,2777,"Kho bãi, hậu cần và bảo dưỡng"
VSN,Công ty Cổ phần Việt Nam Kỹ Nghệ Súc Sản,CT,1,3000,Hàng Tiêu dùng
VSN,Công ty Cổ phần Việt Nam Kỹ Nghệ Súc Sản,CT,2,3500,Thực phẩm và đồ uống
VSN,Công ty Cổ phần Việt Nam Kỹ Nghệ Súc Sản,CT,3,3570,Sản xuất thực phẩm
VSN,Công ty Cổ phần Việt Nam Kỹ Nghệ Súc Sản,CT,4,3577,Thực phẩm
VSP,Công ty Cổ phần Vận tải biển và Bất động sản Việt Hải,CT,1,2000,Công nghiệp
VSP,Công ty Cổ phần Vận tải biển và Bất động sản Việt Hải,CT,2,2700,Hàng & Dịch vụ Công nghiệp
VSP,Công ty Cổ phần Vận tải biển và Bất động sản Việt Hải,CT,3,2770,Vận tải
VSP,Công ty Cổ phần Vận tải biển và Bất động sản Việt Hải,CT,4,2773,Vận tải Thủy
VST,Công ty Cổ phần Vận tải và Thuê Tàu biển Việt Nam,CT,1,2000,Công nghiệp
VST,Công ty Cổ phần Vận tải và Thuê Tàu biển Việt Nam,CT,2,2700,Hàng & Dịch vụ Công nghiệp
VST,Công ty Cổ phần Vận tải và Thuê Tàu biển Việt Nam,CT,3,2770,Vận tải
VST,Công ty Cổ phần Vận tải và Thuê Tàu biển Việt Nam,CT,4,2773,Vận tải Thủy
VTA,Công ty Cổ phần VITALY,CT,1,2000,Công nghiệp
VTA,Công ty Cổ phần VITALY,CT,2,2300,Xây dựng và Vật liệu
VTA,Công ty Cổ phần VITALY,CT,3,2350,Xây dựng và Vật liệu
VTA,Công ty Cổ phần VITALY,CT,4,2353,Vật liệu xây dựng & Nội thất
VTB,Công ty Cổ phần Viettronics Tân Bình,CT,1,2000,Công nghiệp
VTB,Công ty Cổ phần Viettronics Tân Bình,CT,2,2700,Hàng & Dịch vụ Công nghiệp
VTB,Công ty Cổ phần Viettronics Tân Bình,CT,3,2730,Điện tử & Thiết bị điện
VTB,Công ty Cổ phần Viettronics Tân Bình,CT,4,2733,Hàng điện & điện tử
VTBF,Quỹ Đầu tư Trái phiếu Ngân Hàng Công Thương Việt Nam,QU,1,8000,Tài chính
VTBF,Quỹ Đầu tư Trái phiếu Ngân Hàng Công Thương Việt Nam,QU,2,8700,Dịch vụ tài chính
VTBF,Quỹ Đầu tư Trái phiếu Ngân Hàng Công Thương Việt Nam,QU,3,8980,Quỹ đầu tư
VTBF,Quỹ Đầu tư Trái phiếu Ngân Hàng Công Thương Việt Nam,QU,4,8985,Quỹ đầu tư
VTC,Công ty Cổ phần Viễn Thông VTC,CT,1,9000,Công nghệ Thông tin
VTC,Công ty Cổ phần Viễn Thông VTC,CT,2,9500,Công nghệ Thông tin
VTC,Công ty Cổ phần Viễn Thông VTC,CT,3,9570,Thiết bị và Phần cứng
VTC,Công ty Cổ phần Viễn Thông VTC,CT,4,9578,Thiết bị viễn thông
VTD,Công ty Cổ phần Vietourist Holdings,CT,1,5000,Dịch vụ Tiêu dùng
VTD,Công ty Cổ phần Vietourist Holdings,CT,2,5700,Du lịch và Giải trí
VTD,Công ty Cổ phần Vietourist Holdings,CT,3,5750,Du lịch & Giải trí
VTD,Công ty Cổ phần Vietourist Holdings,CT,4,5759,Vận tải hành khách & Du lịch
VTE,Công ty Cổ phần VINACAP Kim Long,CT,1,9000,Công nghệ Thông tin
VTE,Công ty Cổ phần VINACAP Kim Long,CT,2,9500,Công nghệ Thông tin
VTE,Công ty Cổ phần VINACAP Kim Long,CT,3,9570,Thiết bị và Phần cứng
VTE,Công ty Cổ phần VINACAP Kim Long,CT,4,9578,Thiết bị viễn thông
VTG,Công ty Cổ phần Du lịch tỉnh Bà Rịa - Vũng Tàu,CT,1,5000,Dịch vụ Tiêu dùng
VTG,Công ty Cổ phần Du lịch tỉnh Bà Rịa - Vũng Tàu,CT,2,5700,Du lịch và Giải trí
VTG,Công ty Cổ phần Du lịch tỉnh Bà Rịa - Vũng Tàu,CT,3,5750,Du lịch & Giải trí
VTG,Công ty Cổ phần Du lịch tỉnh Bà Rịa - Vũng Tàu,CT,4,5759,Vận tải hành khách & Du lịch
VTH,Công ty Cổ phần Dây cáp điện Việt Thái,CT,1,2000,Công nghiệp
VTH,Công ty Cổ phần Dây cáp điện Việt Thái,CT,2,2700,Hàng & Dịch vụ Công nghiệp
VTH,Công ty Cổ phần Dây cáp điện Việt Thái,CT,3,2730,Điện tử & Thiết bị điện
VTH,Công ty Cổ phần Dây cáp điện Việt Thái,CT,4,2733,Hàng điện & điện tử
VTI,Công ty Cổ phần Sản xuất - Xuất nhập khẩu Dệt may,CT,1,3000,Hàng Tiêu dùng
VTI,Công ty Cổ phần Sản xuất - Xuất nhập khẩu Dệt may,CT,2,3700,Hàng cá nhân & Gia dụng
VTI,Công ty Cổ phần Sản xuất - Xuất nhập khẩu Dệt may,CT,3,3760,Hàng cá nhân
VTI,Công ty Cổ phần Sản xuất - Xuất nhập khẩu Dệt may,CT,4,3763,Hàng May mặc
VTJ,Công ty Cổ phần Thương mại và Đầu tư VI NA TA BA,CT,1,3000,Hàng Tiêu dùng
VTJ,Công ty Cổ phần Thương mại và Đầu tư VI NA TA BA,CT,2,3700,Hàng cá nhân & Gia dụng
VTJ,Công ty Cổ phần Thương mại và Đầu tư VI NA TA BA,CT,3,3780,Thuốc lá
VTJ,Công ty Cổ phần Thương mại và Đầu tư VI NA TA BA,CT,4,3785,Thuốc lá
VTK,Công ty Cổ phần Tư vấn và Dịch vụ Viettel,CT,1,2000,Công nghiệp
VTK,Công ty Cổ phần Tư vấn và Dịch vụ Viettel,CT,2,2700,Hàng & Dịch vụ Công nghiệp
VTK,Công ty Cổ phần Tư vấn và Dịch vụ Viettel,CT,3,2790,Tư vấn & Hỗ trợ Kinh doanh
VTK,Công ty Cổ phần Tư vấn và Dịch vụ Viettel,CT,4,2791,Tư vấn & Hỗ trợ KD
VTL,Công ty Cổ phần Vang Thăng Long,CT,1,3000,Hàng Tiêu dùng
VTL,Công ty Cổ phần Vang Thăng Long,CT,2,3500,Thực phẩm và đồ uống
VTL,Công ty Cổ phần Vang Thăng Long,CT,3,3530,Bia và đồ uống
VTL,Công ty Cổ phần Vang Thăng Long,CT,4,3535,Vang & Rượu mạnh
VTM,Công ty Cổ phần Vận tải và Đưa đón thợ mỏ - Vinacomin,CT,1,5000,Dịch vụ Tiêu dùng
VTM,Công ty Cổ phần Vận tải và Đưa đón thợ mỏ - Vinacomin,CT,2,5700,Du lịch và Giải trí
VTM,Công ty Cổ phần Vận tải và Đưa đón thợ mỏ - Vinacomin,CT,3,5750,Du lịch & Giải trí
VTM,Công ty Cổ phần Vận tải và Đưa đón thợ mỏ - Vinacomin,CT,4,5759,Vận tải hành khách & Du lịch
VTO,Công ty Cổ phần Vận tải Xăng dầu VITACO,CT,1,2000,Công nghiệp
VTO,Công ty Cổ phần Vận tải Xăng dầu VITACO,CT,2,2700,Hàng & Dịch vụ Công nghiệp
VTO,Công ty Cổ phần Vận tải Xăng dầu VITACO,CT,3,2770,Vận tải
VTO,Công ty Cổ phần Vận tải Xăng dầu VITACO,CT,4,2773,Vận tải Thủy
VTP,Tổng Công ty Cổ phần Bưu chính Viettel,CT,1,2000,Công nghiệp
VTP,Tổng Công ty Cổ phần Bưu chính Viettel,CT,2,2700,Hàng & Dịch vụ Công nghiệp
VTP,Tổng Công ty Cổ phần Bưu chính Viettel,CT,3,2770,Vận tải
VTP,Tổng Công ty Cổ phần Bưu chính Viettel,CT,4,2771,Chuyển phát nhanh
VTQ,Công ty Cổ phần Việt Trung Quảng Bình,CT,1,1000,Nguyên vật liệu
VTQ,Công ty Cổ phần Việt Trung Quảng Bình,CT,2,1300,Hóa chất
VTQ,Công ty Cổ phần Việt Trung Quảng Bình,CT,3,1350,Hóa chất
VTQ,Công ty Cổ phần Việt Trung Quảng Bình,CT,4,1353,"Nhựa, cao su & sợi"
VTR,Công ty Cổ phần Du lịch Vietravel,CT,1,5000,Dịch vụ Tiêu dùng
VTR,Công ty Cổ phần Du lịch Vietravel,CT,2,5700,Du lịch và Giải trí
VTR,Công ty Cổ phần Du lịch Vietravel,CT,3,5750,Du lịch & Giải trí
VTR,Công ty Cổ phần Du lịch Vietravel,CT,4,5759,Vận tải hành khách & Du lịch
VTS,Công ty Cổ phần Gạch Ngói Từ Sơn,CT,1,2000,Công nghiệp
VTS,Công ty Cổ phần Gạch Ngói Từ Sơn,CT,2,2300,Xây dựng và Vật liệu
VTS,Công ty Cổ phần Gạch Ngói Từ Sơn,CT,3,2350,Xây dựng và Vật liệu
VTS,Công ty Cổ phần Gạch Ngói Từ Sơn,CT,4,2353,Vật liệu xây dựng & Nội thất
VTT,Công ty Cổ phần Công Nghệ Việt Thành,CT,1,6000,Viễn thông
VTT,Công ty Cổ phần Công Nghệ Việt Thành,CT,2,6500,Viễn thông
VTT,Công ty Cổ phần Công Nghệ Việt Thành,CT,3,6530,Viễn thông cố định
VTT,Công ty Cổ phần Công Nghệ Việt Thành,CT,4,6535,Viễn thông cố định
VTV,Công ty Cổ phần Năng lượng và Môi trường VICEM,CT,1,2000,Công nghiệp
VTV,Công ty Cổ phần Năng lượng và Môi trường VICEM,CT,2,2300,Xây dựng và Vật liệu
VTV,Công ty Cổ phần Năng lượng và Môi trường VICEM,CT,3,2350,Xây dựng và Vật liệu
VTV,Công ty Cổ phần Năng lượng và Môi trường VICEM,CT,4,2353,Vật liệu xây dựng & Nội thất
VTX,Công ty Cổ phần Vận tải Đa phương thức VIETRANSTIMEX,CT,1,2000,Công nghiệp
VTX,Công ty Cổ phần Vận tải Đa phương thức VIETRANSTIMEX,CT,2,2700,Hàng & Dịch vụ Công nghiệp
VTX,Công ty Cổ phần Vận tải Đa phương thức VIETRANSTIMEX,CT,3,2770,Vận tải
VTX,Công ty Cổ phần Vận tải Đa phương thức VIETRANSTIMEX,CT,4,2779,Dịch vụ vận tải
VTZ,Công ty Cổ phần Sản xuất và Thương mại Nhựa Việt Thành,CT,1,1000,Nguyên vật liệu
VTZ,Công ty Cổ phần Sản xuất và Thương mại Nhựa Việt Thành,CT,2,1300,Hóa chất
VTZ,Công ty Cổ phần Sản xuất và Thương mại Nhựa Việt Thành,CT,3,1350,Hóa chất
VTZ,Công ty Cổ phần Sản xuất và Thương mại Nhựa Việt Thành,CT,4,1353,"Nhựa, cao su & sợi"
VUA,Công ty Cổ phần Chứng khoán Stanley Brothers,CK,1,8000,Tài chính
VUA,Công ty Cổ phần Chứng khoán Stanley Brothers,CK,2,8700,Dịch vụ tài chính
VUA,Công ty Cổ phần Chứng khoán Stanley Brothers,CK,3,8770,Dịch vụ tài chính
VUA,Công ty Cổ phần Chứng khoán Stanley Brothers,CK,4,8777,Môi giới chứng khoán
VUG,Công Ty Cổ Phần Thủy Sản Việt Úc,CT,1,3000,Hàng Tiêu dùng
VUG,Công Ty Cổ Phần Thủy Sản Việt Úc,CT,2,3500,Thực phẩm và đồ uống
VUG,Công Ty Cổ Phần Thủy Sản Việt Úc,CT,3,3570,Sản xuất thực phẩm
VUG,Công Ty Cổ Phần Thủy Sản Việt Úc,CT,4,3573,Nuôi trồng nông & hải sản
VVN,Tổng Công ty Cổ phần Xây dựng Công nghiệp Việt Nam,CT,1,2000,Công nghiệp
VVN,Tổng Công ty Cổ phần Xây dựng Công nghiệp Việt Nam,CT,2,2300,Xây dựng và Vật liệu
VVN,Tổng Công ty Cổ phần Xây dựng Công nghiệp Việt Nam,CT,3,2350,Xây dựng và Vật liệu
VVN,Tổng Công ty Cổ phần Xây dựng Công nghiệp Việt Nam,CT,4,2357,Xây dựng
VVS,Công ty Cổ phần Đầu tư Phát triển Máy Việt Nam,CT,1,3000,Hàng Tiêu dùng
VVS,Công ty Cổ phần Đầu tư Phát triển Máy Việt Nam,CT,2,3300,Ô tô và phụ tùng
VVS,Công ty Cổ phần Đầu tư Phát triển Máy Việt Nam,CT,3,3350,Ô tô và phụ tùng
VVS,Công ty Cổ phần Đầu tư Phát triển Máy Việt Nam,CT,4,3353,Sản xuất ô tô
VW1,Công ty cổ phần Xây dựng Cấp thoát nước số 1 - Viwaseen.1,CT,1,2000,Công nghiệp
VW1,Công ty cổ phần Xây dựng Cấp thoát nước số 1 - Viwaseen.1,CT,2,2300,Xây dựng và Vật liệu
VW1,Công ty cổ phần Xây dựng Cấp thoát nước số 1 - Viwaseen.1,CT,3,2350,Xây dựng và Vật liệu
VW1,Công ty cổ phần Xây dựng Cấp thoát nước số 1 - Viwaseen.1,CT,4,2357,Xây dựng
VW3,Công ty Cổ phần VIWASEEN3,CT,1,2000,Công nghiệp
VW3,Công ty Cổ phần VIWASEEN3,CT,2,2300,Xây dựng và Vật liệu
VW3,Công ty Cổ phần VIWASEEN3,CT,3,2350,Xây dựng và Vật liệu
VW3,Công ty Cổ phần VIWASEEN3,CT,4,2357,Xây dựng
VWS,Công ty Cổ phần Nước và Môi trường Việt Nam,CT,1,7000,Tiện ích Cộng đồng
VWS,Công ty Cổ phần Nước và Môi trường Việt Nam,CT,2,7500,"Điện, nước & xăng dầu khí đốt"
VWS,Công ty Cổ phần Nước và Môi trường Việt Nam,CT,3,7570,Nước & Khí đốt
VWS,Công ty Cổ phần Nước và Môi trường Việt Nam,CT,4,7577,Nước
VXB,Công ty Cổ phần Vật liệu xây dựng Bến Tre,CT,1,2000,Công nghiệp
VXB,Công ty Cổ phần Vật liệu xây dựng Bến Tre,CT,2,2300,Xây dựng và Vật liệu
VXB,Công ty Cổ phần Vật liệu xây dựng Bến Tre,CT,3,2350,Xây dựng và Vật liệu
VXB,Công ty Cổ phần Vật liệu xây dựng Bến Tre,CT,4,2353,Vật liệu xây dựng & Nội thất
VXP,Công ty Cổ phần Thuốc Thú y Trung ương VETVACO,CT,1,1000,Nguyên vật liệu
VXP,Công ty Cổ phần Thuốc Thú y Trung ương VETVACO,CT,2,1300,Hóa chất
VXP,Công ty Cổ phần Thuốc Thú y Trung ương VETVACO,CT,3,1350,Hóa chất
VXP,Công ty Cổ phần Thuốc Thú y Trung ương VETVACO,CT,4,1357,"Sản phẩm hóa dầu, Nông dược & Hóa chất khác"
VXT,Công ty Cổ phần Kho vận và dịch vụ thương mại,CT,1,2000,Công nghiệp
VXT,Công ty Cổ phần Kho vận và dịch vụ thương mại,CT,2,2700,Hàng & Dịch vụ Công nghiệp
VXT,Công ty Cổ phần Kho vận và dịch vụ thương mại,CT,3,2790,Tư vấn & Hỗ trợ Kinh doanh
VXT,Công ty Cổ phần Kho vận và dịch vụ thương mại,CT,4,2797,Nhà cung cấp thiết bị
WCS,Công ty Cổ phần Bến xe Miền Tây,CT,1,2000,Công nghiệp
WCS,Công ty Cổ phần Bến xe Miền Tây,CT,2,2700,Hàng & Dịch vụ Công nghiệp
WCS,Công ty Cổ phần Bến xe Miền Tây,CT,3,2770,Vận tải
WCS,Công ty Cổ phần Bến xe Miền Tây,CT,4,2777,"Kho bãi, hậu cần và bảo dưỡng"
WSB,Công ty Cổ phần Bia Sài Gòn - Miền Tây,CT,1,3000,Hàng Tiêu dùng
WSB,Công ty Cổ phần Bia Sài Gòn - Miền Tây,CT,2,3500,Thực phẩm và đồ uống
WSB,Công ty Cổ phần Bia Sài Gòn - Miền Tây,CT,3,3530,Bia và đồ uống
WSB,Công ty Cổ phần Bia Sài Gòn - Miền Tây,CT,4,3533,Sản xuất bia
WSS,Công ty Cổ phần Chứng khoán Phố Wall,CK,1,8000,Tài chính
WSS,Công ty Cổ phần Chứng khoán Phố Wall,CK,2,8700,Dịch vụ tài chính
WSS,Công ty Cổ phần Chứng khoán Phố Wall,CK,3,8770,Dịch vụ tài chính
WSS,Công ty Cổ phần Chứng khoán Phố Wall,CK,4,8777,Môi giới chứng khoán
WTB,Công ty Cổ Phần Thuỷ Điện To Buông,CT,1,7000,Tiện ích Cộng đồng
WTB,Công ty Cổ Phần Thuỷ Điện To Buông,CT,2,7500,"Điện, nước & xăng dầu khí đốt"
WTB,Công ty Cổ Phần Thuỷ Điện To Buông,CT,3,7530,Sản xuất & Phân phối Điện
WTB,Công ty Cổ Phần Thuỷ Điện To Buông,CT,4,7535,Sản xuất & Phân phối Điện
WTC,Công ty Cổ phần Vận tải thủy - Vinacomin,CT,1,2000,Công nghiệp
WTC,Công ty Cổ phần Vận tải thủy - Vinacomin,CT,2,2700,Hàng & Dịch vụ Công nghiệp
WTC,Công ty Cổ phần Vận tải thủy - Vinacomin,CT,3,2770,Vận tải
WTC,Công ty Cổ phần Vận tải thủy - Vinacomin,CT,4,2773,Vận tải Thủy
X20,Công ty Cổ phần X20,CT,1,3000,Hàng Tiêu dùng
X20,Công ty Cổ phần X20,CT,2,3700,Hàng cá nhân & Gia dụng
X20,Công ty Cổ phần X20,CT,3,3760,Hàng cá nhân
X20,Công ty Cổ phần X20,CT,4,3763,Hàng May mặc
X26,Công ty Cổ phần 26,CT,1,3000,Hàng Tiêu dùng
X26,Công ty Cổ phần 26,CT,2,3700,Hàng cá nhân & Gia dụng
X26,Công ty Cổ phần 26,CT,3,3760,Hàng cá nhân
X26,Công ty Cổ phần 26,CT,4,3763,Hàng May mặc
X77,Công ty Cổ phần Thành An 77,CT,1,2000,Công nghiệp
X77,Công ty Cổ phần Thành An 77,CT,2,2300,Xây dựng và Vật liệu
X77,Công ty Cổ phần Thành An 77,CT,3,2350,Xây dựng và Vật liệu
X77,Công ty Cổ phần Thành An 77,CT,4,2353,Vật liệu xây dựng & Nội thất
XD4,Công ty Cổ phần Đầu tư và Xây dựng công trình 134,CT,1,2000,Công nghiệp
XD4,Công ty Cổ phần Đầu tư và Xây dựng công trình 134,CT,2,2300,Xây dựng và Vật liệu
XD4,Công ty Cổ phần Đầu tư và Xây dựng công trình 134,CT,3,2350,Xây dựng và Vật liệu
XD4,Công ty Cổ phần Đầu tư và Xây dựng công trình 134,CT,4,2357,Xây dựng
XDC,Công ty Cổ phần Xây dựng Công trình Tân Cảng,CT,1,2000,Công nghiệp
XDC,Công ty Cổ phần Xây dựng Công trình Tân Cảng,CT,2,2300,Xây dựng và Vật liệu
XDC,Công ty Cổ phần Xây dựng Công trình Tân Cảng,CT,3,2350,Xây dựng và Vật liệu
XDC,Công ty Cổ phần Xây dựng Công trình Tân Cảng,CT,4,2357,Xây dựng
XDH,Công ty Cổ phần Đầu tư Xây dựng Dân dụng Hà Nội,CT,1,8000,Tài chính
XDH,Công ty Cổ phần Đầu tư Xây dựng Dân dụng Hà Nội,CT,2,8600,Bất động sản
XDH,Công ty Cổ phần Đầu tư Xây dựng Dân dụng Hà Nội,CT,3,8630,Bất động sản
XDH,Công ty Cổ phần Đầu tư Xây dựng Dân dụng Hà Nội,CT,4,8633,Bất động sản
XDT,Công ty Cổ phần Đầu tư và Xây dựng TSG,CT,1,2000,Công nghiệp
XDT,Công ty Cổ phần Đầu tư và Xây dựng TSG,CT,2,2300,Xây dựng và Vật liệu
XDT,Công ty Cổ phần Đầu tư và Xây dựng TSG,CT,3,2350,Xây dựng và Vật liệu
XDT,Công ty Cổ phần Đầu tư và Xây dựng TSG,CT,4,2353,Vật liệu xây dựng & Nội thất
XHC,Công ty Cổ phần Xuân Hòa Việt Nam,CT,1,3000,Hàng Tiêu dùng
XHC,Công ty Cổ phần Xuân Hòa Việt Nam,CT,2,3700,Hàng cá nhân & Gia dụng
XHC,Công ty Cổ phần Xuân Hòa Việt Nam,CT,3,3720,Hàng gia dụng
XHC,Công ty Cổ phần Xuân Hòa Việt Nam,CT,4,3726,Thiết bị gia dụng
XLV,Công ty Cổ phần Xây lắp và Dịch vụ Sông Đà,CT,1,2000,Công nghiệp
XLV,Công ty Cổ phần Xây lắp và Dịch vụ Sông Đà,CT,2,2300,Xây dựng và Vật liệu
XLV,Công ty Cổ phần Xây lắp và Dịch vụ Sông Đà,CT,3,2350,Xây dựng và Vật liệu
XLV,Công ty Cổ phần Xây lắp và Dịch vụ Sông Đà,CT,4,2357,Xây dựng
XMC,Công ty cổ phần Đầu tư và Xây dựng Xuân Mai,CT,1,2000,Công nghiệp
XMC,Công ty cổ phần Đầu tư và Xây dựng Xuân Mai,CT,2,2300,Xây dựng và Vật liệu
XMC,Công ty cổ phần Đầu tư và Xây dựng Xuân Mai,CT,3,2350,Xây dựng và Vật liệu
XMC,Công ty cổ phần Đầu tư và Xây dựng Xuân Mai,CT,4,2353,Vật liệu xây dựng & Nội thất
XMD,Công ty Cổ phần Xuân Mai - Đạo Tú,CT,1,2000,Công nghiệp
XMD,Công ty Cổ phần Xuân Mai - Đạo Tú,CT,2,2300,Xây dựng và Vật liệu
XMD,Công ty Cổ phần Xuân Mai - Đạo Tú,CT,3,2350,Xây dựng và Vật liệu
XMD,Công ty Cổ phần Xuân Mai - Đạo Tú,CT,4,2353,Vật liệu xây dựng & Nội thất
XMP,Công ty Cổ phần Thủy điện Xuân Minh,CT,1,7000,Tiện ích Cộng đồng
XMP,Công ty Cổ phần Thủy điện Xuân Minh,CT,2,7500,"Điện, nước & xăng dầu khí đốt"
XMP,Công ty Cổ phần Thủy điện Xuân Minh,CT,3,7530,Sản xuất & Phân phối Điện
XMP,Công ty Cổ phần Thủy điện Xuân Minh,CT,4,7535,Sản xuất & Phân phối Điện
XPH,Công ty Cổ phần Xà phòng Hà Nội,CT,1,3000,Hàng Tiêu dùng
XPH,Công ty Cổ phần Xà phòng Hà Nội,CT,2,3700,Hàng cá nhân & Gia dụng
XPH,Công ty Cổ phần Xà phòng Hà Nội,CT,3,3760,Hàng cá nhân
XPH,Công ty Cổ phần Xà phòng Hà Nội,CT,4,3767,Hàng cá nhân
XVC,Công ty Cổ phần Đầu tư Xây dựng Viễn thông Cần Thơ,CT,1,2000,Công nghiệp
XVC,Công ty Cổ phần Đầu tư Xây dựng Viễn thông Cần Thơ,CT,2,2300,Xây dựng và Vật liệu
XVC,Công ty Cổ phần Đầu tư Xây dựng Viễn thông Cần Thơ,CT,3,2350,Xây dựng và Vật liệu
XVC,Công ty Cổ phần Đầu tư Xây dựng Viễn thông Cần Thơ,CT,4,2357,Xây dựng
Xtrackers FTSE VN,Xtrackers Vietnam Swap UCITS ETF 1C,QU,1,8000,Tài chính
Xtrackers FTSE VN,Xtrackers Vietnam Swap UCITS ETF 1C,QU,2,8700,Dịch vụ tài chính
Xtrackers FTSE VN,Xtrackers Vietnam Swap UCITS ETF 1C,QU,3,8980,Quỹ đầu tư
Xtrackers FTSE VN,Xtrackers Vietnam Swap UCITS ETF 1C,QU,4,8985,Quỹ đầu tư
YBC,Công ty Cổ phần Xi măng và Khoáng sản Yên Bái,CT,1,2000,Công nghiệp
YBC,Công ty Cổ phần Xi măng và Khoáng sản Yên Bái,CT,2,2300,Xây dựng và Vật liệu
YBC,Công ty Cổ phần Xi măng và Khoáng sản Yên Bái,CT,3,2350,Xây dựng và Vật liệu
YBC,Công ty Cổ phần Xi măng và Khoáng sản Yên Bái,CT,4,2353,Vật liệu xây dựng & Nội thất
YBM,Công ty Cổ phần Khoáng sản Công nghiệp Yên Bái,CT,1,1000,Nguyên vật liệu
YBM,Công ty Cổ phần Khoáng sản Công nghiệp Yên Bái,CT,2,1700,Tài nguyên Cơ bản
YBM,Công ty Cổ phần Khoáng sản Công nghiệp Yên Bái,CT,3,1770,Khai khoáng
YBM,Công ty Cổ phần Khoáng sản Công nghiệp Yên Bái,CT,4,1775,Khai khoáng
YEG,Công ty Cổ phần Tập đoàn Yeah1,CT,1,5000,Dịch vụ Tiêu dùng
YEG,Công ty Cổ phần Tập đoàn Yeah1,CT,2,5500,Truyền thông
YEG,Công ty Cổ phần Tập đoàn Yeah1,CT,3,5550,Truyền thông
YEG,Công ty Cổ phần Tập đoàn Yeah1,CT,4,5553,Giải trí & Truyền thông
YTC,Công ty Cổ phần Xuất nhập khẩu Y tế Thành phố Hồ Chí Minh,CT,1,4000,Dược phẩm và Y tế
YTC,Công ty Cổ phần Xuất nhập khẩu Y tế Thành phố Hồ Chí Minh,CT,2,4500,Y tế
YTC,Công ty Cổ phần Xuất nhập khẩu Y tế Thành phố Hồ Chí Minh,CT,3,4530,Thiết bị và Dịch vụ Y tế
YTC,Công ty Cổ phần Xuất nhập khẩu Y tế Thành phố Hồ Chí Minh,CT,4,4537,Dụng cụ y tế
